g blue_war_f_pve_3_boots
v -0.0943945497 0.0240807384 0.581020772
v -0.07948789 0.0418075323 0.589810252
v -0.0622986779 0.0583788082 0.588310242
v -0.0759648085 0.0475040264 0.581758738
v -0.0860646516 0.0420250967 0.573130667
v -0.0977988318 0.025139289 0.587097943
v -0.0980415866 0.0401417837 0.550135076
v -0.113492534 0.0104665505 0.57093358
v -0.118859202 0.00995610002 0.575616658
v -0.130516052 0.00285573001 0.549762547
v -0.131263927 0.00713904947 0.562332511
v -0.131263927 0.00713904947 0.562332511
v -0.130516052 0.00285573001 0.549762547
v -0.150737017 0.000887250004 0.519637585
v -0.0980415866 0.0401417837 0.550135076
v -0.103844643 0.04452971 0.493628979
v -0.130516052 0.00285573001 0.549762547
v -0.151601166 0.00920629036 0.491622031
v -0.144490674 -0.0074085095 0.49120298
v -0.153717607 -0.00117344991 0.45644477
v -0.147917405 -0.0112472791 0.519883394
v -0.193031922 -0.0295696482 0.521499634
v -0.167287856 -0.0110368896 0.550419748
v -0.167287856 -0.0110368896 0.550419748
v -0.131263927 0.00713904947 0.562332511
v -0.13139993 -0.00879132934 0.615231276
v -0.160313681 -0.0385171995 0.651087582
v -0.191414118 -0.0332180187 0.656404257
v -0.158297718 -0.0321066976 0.668687105
v -0.187306717 -0.0274749082 0.672964096
v -0.215726599 0.0194786396 0.635902405
v -0.226324528 0.0126316203 0.627496004
v -0.238001421 0.0255880579 0.582010508
v -0.201608583 -0.00679979008 0.553874493
v -0.224971101 0.0106433099 0.522553384
v -0.236137092 0.0400625989 0.622201204
v -0.254244447 0.0744434074 0.575483382
v -0.23670207 0.0790685713 0.623616934
v -0.222488135 0.041161526 0.627694011
v -0.139086813 0.00280178012 0.629494727
v -0.119469732 0.0143843601 0.605149627
v -0.131263927 0.00713904947 0.562332511
v -0.116931722 0.0255315807 0.56276077
v -0.109749533 0.0563846305 0.601921737
v -0.10850057 0.0485530384 0.54860884
v -0.130363092 0.0245334096 0.61617744
v -0.139086813 0.00280178012 0.629494727
v -0.160313681 -0.0385171995 0.651087582
v -0.104453951 0.108729124 0.553051114
v -0.114563555 0.0965762213 0.60780561
v -0.250239491 0.107766807 0.573024213
v -0.218301922 0.120064482 0.625176311
v -0.22910063 0.145917699 0.569330096
v -0.182469234 0.137774318 0.622978985
v -0.184939012 0.171641514 0.565273821
v -0.144661143 0.130494848 0.616337359
v -0.133891076 0.158906013 0.559199274
v -0.104453951 0.108729124 0.553051114
v -0.114563555 0.0965762213 0.60780561
v -0.188218817 0.180373147 0.516302109
v -0.135913387 0.167283475 0.507449567
v -0.150351852 0.164875999 0.444386393
v -0.196641654 0.1748541 0.449493825
v -0.175393671 0.161493376 0.361583382
v -0.152876198 0.128335848 0.366715759
v -0.123588748 0.124023654 0.439200044
v -0.204674348 0.167280167 0.364277959
v -0.18258436 0.172874272 0.304256082
v -0.208816454 0.179445624 0.306574196
v -0.175981686 0.205125332 0.250567973
v -0.167459175 0.146953478 0.295257032
v -0.149611697 0.140786543 0.239450768
v -0.213407099 0.213666067 0.255575985
v -0.167992219 0.223845348 0.250696629
v -0.215769246 0.233046532 0.257568091
v -0.277390003 0.158598751 0.251172245
v -0.266269624 0.153789759 0.251289338
v -0.280364096 0.131917775 0.265158176
v -0.269072771 0.132066071 0.264380127
v -0.274202764 0.0841111764 0.293544054
v -0.288425088 0.0975861624 0.264968246
v -0.240592018 0.146723032 0.308458984
v -0.259133428 0.122476041 0.292289943
v -0.270222157 0.117036171 0.297722608
v -0.256072581 0.0863625407 0.360310495
v -0.137263507 0.139763236 0.23615317
v -0.213289708 0.257770747 0.240378469
v -0.164096907 0.247480616 0.232764691
v -0.128317386 0.142809883 0.21493049
v -0.291096807 0.16094847 0.231977418
v -0.291096807 0.16094847 0.231977418
v -0.231709614 0.147543401 0.372768044
v -0.23413679 0.155046716 0.452238828
v -0.232802898 0.15763098 0.5190593
v -0.256828934 0.12232089 0.515506744
v -0.265704423 0.0662880912 0.549567521
v -0.274128973 0.0660366341 0.507076263
v -0.246238589 0.0303054396 0.578442991
v -0.227992505 0.0156856198 0.499476701
v -0.236806959 0.00363456993 0.499033421
v -0.230638191 -0.000302200002 0.522347987
v -0.201608583 -0.00679979008 0.553874493
v -0.23484382 0.00813907012 0.467451423
v -0.227177754 0.0193987992 0.468555778
v -0.197159767 -0.0298990067 0.481393158
v -0.153717607 -0.00117344991 0.45644477
v -0.198711738 -0.0145626971 0.448274285
v -0.175290197 0.00442721974 0.433019668
v -0.1602166 0.0161818806 0.454224735
v -0.177513406 0.0158395302 0.431976765
v -0.166356891 0.0245039798 0.415989637
v -0.13771753 0.0461445078 0.40732801
v -0.178429097 0.0308965892 0.357075125
v -0.152657673 0.074386932 0.340368658
v -0.165983737 0.031470187 0.283736557
v -0.206633374 0.0158607792 0.369250029
v -0.216546088 0.00447021006 0.312618524
v -0.267963111 0.0444499403 0.294706702
v -0.237003475 0.0375329368 0.369304031
v -0.200862646 0.0108252596 0.425907701
v -0.24042125 0.0364238992 0.422094941
v -0.261408329 0.073555693 0.419250637
v -0.217891991 0.0170773603 0.437890381
v -0.219246045 0.00957664009 0.438946992
v -0.27753216 0.0802225396 0.451845109
v -0.259556681 0.119169734 0.39401862
v -0.257070333 0.117636457 0.447918296
v -0.288425088 0.0975861624 0.264968246
v -0.131263927 0.00713904947 0.562332511
v -0.130516052 0.00285573001 0.549762547
v -0.256846696 0.0850416273 0.616028011
v -0.26105994 0.0851883739 0.612608075
v -0.271014571 0.123937033 0.625632703
v -0.254146099 0.0572945476 0.600033939
v -0.249084577 0.0552722812 0.603009403
v -0.258926868 0.0895976648 0.595245361
v -0.258824378 0.0774931908 0.577543318
v -0.246238589 0.0303054396 0.578442991
v -0.238001421 0.0255880579 0.582010508
v -0.265704423 0.0662880912 0.549567521
v -0.114563555 0.0965762213 0.60780561
v -0.127997875 0.0672120675 0.601122081
v -0.137629405 0.107812628 0.608121157
v -0.109749533 0.0563846305 0.601921737
v -0.144661143 0.130494848 0.616337359
v -0.163347065 0.123657726 0.614104927
v -0.182469234 0.137774318 0.622978985
v -0.192630872 0.119363748 0.616833806
v -0.218301922 0.120064482 0.625176311
v -0.217095986 0.0980889574 0.615971804
v -0.23670207 0.0790685713 0.623616934
v -0.229739115 0.0651013628 0.611626506
v -0.222488135 0.041161526 0.627694011
v -0.23670207 0.0790685713 0.623616934
v -0.214629307 0.0336165167 0.605765939
v -0.222488135 0.041161526 0.627694011
v -0.215726599 0.0194786396 0.635902405
v -0.191384658 0.00819806941 0.629275799
v -0.187306717 -0.0274749082 0.672964096
v -0.163718045 0.00339505984 0.626116753
v -0.158297718 -0.0321066976 0.668687105
v -0.139086813 0.00280178012 0.629494727
v -0.190522984 0.0119090732 0.600847661
v -0.162375003 0.0121707795 0.597832501
v -0.144356251 0.0286520291 0.598594725
v -0.139086813 0.00280178012 0.629494727
v -0.130363092 0.0245334096 0.61617744
v -0.109749533 0.0563846305 0.601921737
v -0.149611697 0.140786543 0.239450768
v -0.142416403 0.0910585672 0.262055427
v -0.149517417 0.0666554645 0.27939555
v -0.137263507 0.139763236 0.23615317
v -0.157389849 0.116806887 0.280575156
v -0.167459175 0.146953478 0.295257032
v -0.147110775 0.106212214 0.28338185
v -0.152876198 0.128335848 0.366715759
v -0.138712257 0.0841473192 0.246451482
v -0.138712257 0.0841473192 0.246451482
v -0.128317386 0.142809883 0.21493049
v -0.13521789 0.094786793 0.376591116
v -0.113644518 0.0619970784 0.427547395
v -0.123588748 0.124023654 0.439200044
v -0.106606618 0.118267678 0.498993456
v -0.0980415866 0.0401417837 0.550135076
v -0.106606618 0.118267678 0.498993456
v -0.164096907 0.247480616 0.232764691
v -0.291096807 0.16094847 0.231977418
v -0.261553288 0.100435905 0.250447661
v -0.287535906 0.1595404 0.225146517
v -0.258158743 0.155047804 0.218605727
v -0.234611303 0.174922392 0.219654575
v -0.213052198 0.256248593 0.232162833
v -0.291096807 0.16094847 0.231977418
v -0.209575534 0.168179438 0.217057303
v -0.226231366 0.158582449 0.21475561
v -0.16724962 0.246960133 0.225648344
v -0.213289708 0.257770747 0.240378469
v -0.291096807 0.16094847 0.231977418
v -0.164096907 0.247480616 0.232764691
v -0.19691053 0.166316867 0.215426475
v -0.167658329 0.159805164 0.211360946
v -0.133495316 0.14283143 0.208660215
v -0.164096907 0.247480616 0.232764691
v -0.128317386 0.142809883 0.21493049
v -0.138712257 0.0841473192 0.246451482
v -0.160455421 0.142190143 0.207417548
v -0.171016917 0.0910204798 0.238232553
v -0.187825978 0.15790844 0.209842861
v -0.138712257 0.0841473192 0.246451482
v -0.171016917 0.0910204798 0.238232553
v -0.191117018 0.0527275503 0.270046622
v -0.165983737 0.031470187 0.283736557
v -0.215838969 0.04663831 0.283216327
v -0.216546088 0.00447021006 0.312618524
v -0.267963111 0.0444499403 0.294706702
v -0.245666876 0.0586080216 0.277351975
v -0.288425088 0.0975861624 0.264968246
v -0.261553288 0.100435905 0.250447661
v -0.291096807 0.16094847 0.231977418
v -0.288425088 0.0975861624 0.264968246
v -0.191117018 0.0527275503 0.270046622
v -0.214293092 0.0281046201 0.219178021
v -0.215838969 0.04663831 0.283216327
v -0.245666876 0.0586080216 0.277351975
v -0.258904576 0.0419113189 0.221506864
v -0.180853322 0.0436389931 0.202324212
v -0.171016917 0.0910204798 0.238232553
v -0.160327971 0.086725615 0.163759738
v -0.1571109 0.115335755 0.177494466
v -0.160455421 0.142190143 0.207417548
v -0.261553288 0.100435905 0.250447661
v -0.281434745 0.0706474036 0.209287003
v -0.258158743 0.155047804 0.218605727
v -0.165981725 0.150641054 0.180812106
v -0.167658329 0.159805164 0.211360946
v -0.163811684 0.123880215 0.154347479
v -0.162213802 0.0877198502 0.1386922
v -0.194587678 0.0370837376 0.184324414
v -0.220229164 0.031316068 0.195931032
v -0.262210399 0.0456415787 0.196349233
v -0.282092303 0.0712262914 0.182116956
v -0.283434719 0.11995241 0.170988843
v -0.258158743 0.155047804 0.218605727
v -0.263665468 0.150159836 0.161364481
v -0.28704825 0.122237995 0.146158457
v -0.245811909 0.168937713 0.187250808
v -0.234611303 0.174922392 0.219654575
v -0.254248053 0.0489358902 0.186920241
v -0.222444132 0.036722701 0.187623456
v -0.268552065 0.0735642761 0.173064083
v -0.267670959 0.0158714782 0.115746722
v -0.293618619 0.0447428487 0.100276046
v -0.28704825 0.122237995 0.146158457
v -0.278679818 0.115145326 0.143631577
v -0.278679818 0.115145326 0.143631577
v -0.297820359 0.0812997296 0.0696008354
v -0.224803612 0.00529397 0.112936199
v -0.198777869 0.0455190279 0.175429702
v -0.194965914 0.0149374995 0.0962003022
v -0.172049969 0.0853671283 0.13730298
v -0.176292688 0.0481834672 0.0627284274
v -0.225880921 0.0122382296 0.102926403
v -0.199970335 0.0172921102 0.0904633105
v -0.206018537 -0.0202989411 0.0484408289
v -0.247329518 -0.0193996988 0.0616569705
v -0.2605955 0.0254049096 0.102689423
v -0.266332418 -0.0133098597 0.0597970374
v -0.287811667 0.0458338484 0.0924615711
v -0.305643082 0.0174378194 0.0472580008
v -0.287563503 0.0810504332 0.0622874014
v -0.185061127 0.05135528 0.0565063804
v -0.185277537 0.0319383666 -5.96046434E-10
v -0.204618528 -0.0350985788 -5.96046434E-10
v -0.205598921 -0.0367730074 0.0253504105
v -0.172049969 0.0853671283 0.13730298
v -0.176292688 0.0481834672 0.0627284274
v -0.187376797 0.0964494869 -5.96046434E-10
v -0.19253917 0.0974538773 0.054435458
v -0.297820359 0.0812997296 0.0696008354
v -0.294011593 0.0742505714 -5.96046434E-10
v -0.31589216 0.0207463596 -5.96046434E-10
v -0.242673963 0.136958733 0.049360279
v -0.261685699 0.122483157 -5.96046434E-10
v -0.245888382 0.138492242 0.111054607
v -0.21324487 0.164602697 0.0535107777
v -0.233977586 0.163825706 -5.96046434E-10
v -0.212754056 0.181114286 -5.96046434E-10
v -0.189607695 0.173749194 -5.96046434E-10
v -0.193738803 0.158212423 0.0534899607
v -0.196358368 0.164005503 0.113184124
v -0.19253917 0.0974538773 0.054435458
v -0.189073637 0.0946222171 0.134157047
v -0.18592912 0.1232384 0.147285879
v -0.192878857 0.167683676 0.157583952
v -0.184372246 0.14938885 0.174747363
v -0.187825978 0.15790844 0.209842861
v -0.19691053 0.166316867 0.215426475
v -0.181528717 0.152349189 -5.96046434E-10
v -0.189607695 0.173749194 -5.96046434E-10
v -0.187376797 0.0964494869 -5.96046434E-10
v -0.211046323 0.167595446 0.113332346
v -0.212141246 0.172863349 0.158084691
v -0.209575534 0.168179438 0.217057303
v -0.247060463 0.139668748 0.156320333
v -0.235740408 0.15983972 0.180965796
v -0.226231366 0.158582449 0.21475561
v -0.259776771 0.11327897 0.140004158
v -0.28704825 0.122237995 0.146158457
v -0.245811909 0.168937713 0.187250808
v -0.272798032 -0.061547 0.0577432252
v -0.256670326 -0.0714060366 -2.98023217E-10
v -0.281949103 -0.0802645758 -5.96046434E-10
v -0.261305869 -0.0630089566 0.0516507551
v -0.255319029 -0.0646100044 -5.96046434E-10
v -0.246242061 -0.0320698284 0.0831087679
v -0.237711608 -0.058457952 0.0355075076
v -0.230659634 -0.0594727136 -5.96046434E-10
v -0.206018537 -0.0202989411 0.0484408289
v -0.205598921 -0.0367730074 0.0253504105
v -0.204618528 -0.0350985788 -5.96046434E-10
v -0.281949103 -0.0802645758 -5.96046434E-10
v -0.298356533 -0.0513491817 0.0182325598
v -0.302314222 -0.0526426956 -8.94069652E-10
v -0.294312418 -0.0435687341 -5.96046434E-10
v -0.31276992 -0.0178360678 -5.96046434E-10
v -0.31365931 -0.0154065201 0.0239842292
v -0.31589216 0.0207463596 -5.96046434E-10
v -0.305643082 0.0174378194 0.0472580008
v -0.273057193 -0.0223701801 0.0830492005
v -0.26522705 -0.0441629104 0.0971877202
v -0.255892485 -0.020961551 0.105678812
v -0.255892485 -0.020961551 0.105678812
v -0.273057193 -0.0223701801 0.0830492005
v -0.246242061 -0.0320698284 0.0831087679
v -0.247329518 -0.0193996988 0.0616569705
v -0.206018537 -0.0202989411 0.0484408289
v -0.273057193 -0.0223701801 0.0830492005
v -0.266332418 -0.0133098597 0.0597970374
v -0.305643082 0.0174378194 0.0472580008
v -0.255892485 -0.020961551 0.105678812
v -0.26522705 -0.0441629104 0.0971877202
v -0.272798032 -0.061547 0.0577432252
v -0.189073637 0.0946222171 0.134157047
v -0.18592912 0.1232384 0.147285879
v -0.184372246 0.14938885 0.174747363
v -0.187825978 0.15790844 0.209842861
v -0.162213802 0.0877198502 0.1386922
v -0.172049969 0.0853671283 0.13730298
v -0.294011593 0.0742505714 -5.96046434E-10
v -0.187376797 0.0964494869 -5.96046434E-10
v -0.261685699 0.122483157 -5.96046434E-10
v -0.185277537 0.0319383666 -5.96046434E-10
v -0.31589216 0.0207463596 -5.96046434E-10
v -0.204618528 -0.0350985788 -5.96046434E-10
v -0.31276992 -0.0178360678 -5.96046434E-10
v -0.230659634 -0.0594727136 -5.96046434E-10
v -0.294312418 -0.0435687341 -5.96046434E-10
v -0.255319029 -0.0646100044 -5.96046434E-10
v -0.256670326 -0.0714060366 -2.98023217E-10
v -0.302314222 -0.0526426956 -8.94069652E-10
v -0.281949103 -0.0802645758 -5.96046434E-10
v -0.233977586 0.163825706 -5.96046434E-10
v -0.181528717 0.152349189 -5.96046434E-10
v -0.189607695 0.173749194 -5.96046434E-10
v -0.212754056 0.181114286 -5.96046434E-10
v -0.10850057 0.0485530384 0.54860884
v -0.0980415866 0.0401417837 0.550135076
v -0.116931722 0.0255315807 0.56276077
v -0.0977988318 0.025139289 0.587097943
v -0.118859202 0.00995610002 0.575616658
v -0.0860646516 0.0420250967 0.573130667
v -0.07948789 0.0418075323 0.589810252
v -0.0759648085 0.0475040264 0.581758738
v -0.131263927 0.00713904947 0.562332511
v -0.0622986779 0.0583788082 0.588310242
v -0.0980415866 0.0401417837 0.550135076
v -0.131263927 0.00713904947 0.562332511
v -0.256846696 0.0850416273 0.616028011
v -0.258926868 0.0895976648 0.595245361
v -0.249084577 0.0552722812 0.603009403
v -0.271014571 0.123937033 0.625632703
v -0.258824378 0.0774931908 0.577543318
v -0.254244447 0.0744434074 0.575483382
v -0.238001421 0.0255880579 0.582010508
v -0.265704423 0.0662880912 0.549567521
v -0.254244447 0.0744434074 0.575483382
v 0.0943945497 0.0240807384 0.581020772
v 0.0622986779 0.0583788082 0.588310242
v 0.07948789 0.0418075323 0.589810252
v 0.0759648085 0.0475040264 0.581758738
v 0.0860646516 0.0420250967 0.573130667
v 0.0977988318 0.025139289 0.587097943
v 0.0980415866 0.0401417837 0.550135076
v 0.113492534 0.0104665505 0.57093358
v 0.118859202 0.00995610002 0.575616658
v 0.130516052 0.00285573001 0.549762547
v 0.131263927 0.00713904947 0.562332511
v 0.131263927 0.00713904947 0.562332511
v 0.130516052 0.00285573001 0.549762547
v 0.150737017 0.000887250004 0.519637585
v 0.0980415866 0.0401417837 0.550135076
v 0.130516052 0.00285573001 0.549762547
v 0.103844643 0.04452971 0.493628979
v 0.151601166 0.00920629036 0.491622031
v 0.144490674 -0.0074085095 0.49120298
v 0.153717607 -0.00117344991 0.45644477
v 0.147917405 -0.0112472791 0.519883394
v 0.193031922 -0.0295696482 0.521499634
v 0.167287856 -0.0110368896 0.550419748
v 0.167287856 -0.0110368896 0.550419748
v 0.131263927 0.00713904947 0.562332511
v 0.13139993 -0.00879132934 0.615231276
v 0.160313681 -0.0385171995 0.651087582
v 0.191414118 -0.0332180187 0.656404257
v 0.158297718 -0.0321066976 0.668687105
v 0.187306717 -0.0274749082 0.672964096
v 0.215726599 0.0194786396 0.635902405
v 0.226324528 0.0126316203 0.627496004
v 0.238001421 0.0255880579 0.582010508
v 0.201608583 -0.00679979008 0.553874493
v 0.224971101 0.0106433099 0.522553384
v 0.236137092 0.0400625989 0.622201204
v 0.254244447 0.0744434074 0.575483382
v 0.23670207 0.0790685713 0.623616934
v 0.222488135 0.041161526 0.627694011
v 0.139086813 0.00280178012 0.629494727
v 0.119469732 0.0143843601 0.605149627
v 0.131263927 0.00713904947 0.562332511
v 0.116931722 0.0255315807 0.56276077
v 0.109749533 0.0563846305 0.601921737
v 0.10850057 0.0485530384 0.54860884
v 0.130363092 0.0245334096 0.61617744
v 0.139086813 0.00280178012 0.629494727
v 0.160313681 -0.0385171995 0.651087582
v 0.104453951 0.108729124 0.553051114
v 0.114563555 0.0965762213 0.60780561
v 0.250239491 0.107766807 0.573024213
v 0.218301922 0.120064482 0.625176311
v 0.22910063 0.145917699 0.569330096
v 0.182469234 0.137774318 0.622978985
v 0.184939012 0.171641514 0.565273821
v 0.144661143 0.130494848 0.616337359
v 0.133891076 0.158906013 0.559199274
v 0.104453951 0.108729124 0.553051114
v 0.114563555 0.0965762213 0.60780561
v 0.188218817 0.180373147 0.516302109
v 0.135913387 0.167283475 0.507449567
v 0.150351852 0.164875999 0.444386393
v 0.196641654 0.1748541 0.449493825
v 0.175393671 0.161493376 0.361583382
v 0.152876198 0.128335848 0.366715759
v 0.123588748 0.124023654 0.439200044
v 0.204674348 0.167280167 0.364277959
v 0.18258436 0.172874272 0.304256082
v 0.208816454 0.179445624 0.306574196
v 0.175981686 0.205125332 0.250567973
v 0.167459175 0.146953478 0.295257032
v 0.149611697 0.140786543 0.239450768
v 0.213407099 0.213666067 0.255575985
v 0.167992219 0.223845348 0.250696629
v 0.215769246 0.233046532 0.257568091
v 0.277390003 0.158598751 0.251172245
v 0.266269624 0.153789759 0.251289338
v 0.280364096 0.131917775 0.265158176
v 0.269072771 0.132066071 0.264380127
v 0.274202764 0.0841111764 0.293544054
v 0.288425088 0.0975861624 0.264968246
v 0.240592018 0.146723032 0.308458984
v 0.259133428 0.122476041 0.292289943
v 0.270222157 0.117036171 0.297722608
v 0.256072581 0.0863625407 0.360310495
v 0.137263507 0.139763236 0.23615317
v 0.213289708 0.257770747 0.240378469
v 0.164096907 0.247480616 0.232764691
v 0.128317386 0.142809883 0.21493049
v 0.164096907 0.247480616 0.232764691
v 0.291096807 0.16094847 0.231977418
v 0.231709614 0.147543401 0.372768044
v 0.23413679 0.155046716 0.452238828
v 0.232802898 0.15763098 0.5190593
v 0.256828934 0.12232089 0.515506744
v 0.265704423 0.0662880912 0.549567521
v 0.274128973 0.0660366341 0.507076263
v 0.246238589 0.0303054396 0.578442991
v 0.227992505 0.0156856198 0.499476701
v 0.236806959 0.00363456993 0.499033421
v 0.230638191 -0.000302200002 0.522347987
v 0.201608583 -0.00679979008 0.553874493
v 0.23484382 0.00813907012 0.467451423
v 0.227177754 0.0193987992 0.468555778
v 0.197159767 -0.0298990067 0.481393158
v 0.153717607 -0.00117344991 0.45644477
v 0.198711738 -0.0145626971 0.448274285
v 0.175290197 0.00442721974 0.433019668
v 0.1602166 0.0161818806 0.454224735
v 0.177513406 0.0158395302 0.431976765
v 0.166356891 0.0245039798 0.415989637
v 0.13771753 0.0461445078 0.40732801
v 0.178429097 0.0308965892 0.357075125
v 0.152657673 0.074386932 0.340368658
v 0.165983737 0.031470187 0.283736557
v 0.206633374 0.0158607792 0.369250029
v 0.216546088 0.00447021006 0.312618524
v 0.267963111 0.0444499403 0.294706702
v 0.237003475 0.0375329368 0.369304031
v 0.200862646 0.0108252596 0.425907701
v 0.24042125 0.0364238992 0.422094941
v 0.261408329 0.073555693 0.419250637
v 0.217891991 0.0170773603 0.437890381
v 0.219246045 0.00957664009 0.438946992
v 0.27753216 0.0802225396 0.451845109
v 0.259556681 0.119169734 0.39401862
v 0.257070333 0.117636457 0.447918296
v 0.288425088 0.0975861624 0.264968246
v 0.130516052 0.00285573001 0.549762547
v 0.131263927 0.00713904947 0.562332511
v 0.256846696 0.0850416273 0.616028011
v 0.271014571 0.123937033 0.625632703
v 0.26105994 0.0851883739 0.612608075
v 0.254146099 0.0572945476 0.600033939
v 0.249084577 0.0552722812 0.603009403
v 0.258926868 0.0895976648 0.595245361
v 0.258824378 0.0774931908 0.577543318
v 0.246238589 0.0303054396 0.578442991
v 0.238001421 0.0255880579 0.582010508
v 0.265704423 0.0662880912 0.549567521
v 0.114563555 0.0965762213 0.60780561
v 0.127997875 0.0672120675 0.601122081
v 0.109749533 0.0563846305 0.601921737
v 0.137629405 0.107812628 0.608121157
v 0.144661143 0.130494848 0.616337359
v 0.163347065 0.123657726 0.614104927
v 0.182469234 0.137774318 0.622978985
v 0.192630872 0.119363748 0.616833806
v 0.218301922 0.120064482 0.625176311
v 0.217095986 0.0980889574 0.615971804
v 0.23670207 0.0790685713 0.623616934
v 0.229739115 0.0651013628 0.611626506
v 0.23670207 0.0790685713 0.623616934
v 0.222488135 0.041161526 0.627694011
v 0.222488135 0.041161526 0.627694011
v 0.214629307 0.0336165167 0.605765939
v 0.215726599 0.0194786396 0.635902405
v 0.191384658 0.00819806941 0.629275799
v 0.187306717 -0.0274749082 0.672964096
v 0.163718045 0.00339505984 0.626116753
v 0.158297718 -0.0321066976 0.668687105
v 0.139086813 0.00280178012 0.629494727
v 0.190522984 0.0119090732 0.600847661
v 0.162375003 0.0121707795 0.597832501
v 0.139086813 0.00280178012 0.629494727
v 0.144356251 0.0286520291 0.598594725
v 0.130363092 0.0245334096 0.61617744
v 0.109749533 0.0563846305 0.601921737
v 0.149611697 0.140786543 0.239450768
v 0.142416403 0.0910585672 0.262055427
v 0.137263507 0.139763236 0.23615317
v 0.149517417 0.0666554645 0.27939555
v 0.157389849 0.116806887 0.280575156
v 0.167459175 0.146953478 0.295257032
v 0.147110775 0.106212214 0.28338185
v 0.152876198 0.128335848 0.366715759
v 0.138712257 0.0841473192 0.246451482
v 0.138712257 0.0841473192 0.246451482
v 0.128317386 0.142809883 0.21493049
v 0.13521789 0.094786793 0.376591116
v 0.113644518 0.0619970784 0.427547395
v 0.123588748 0.124023654 0.439200044
v 0.106606618 0.118267678 0.498993456
v 0.0980415866 0.0401417837 0.550135076
v 0.106606618 0.118267678 0.498993456
v 0.291096807 0.16094847 0.231977418
v 0.261553288 0.100435905 0.250447661
v 0.288425088 0.0975861624 0.264968246
v 0.245666876 0.0586080216 0.277351975
v 0.288425088 0.0975861624 0.264968246
v 0.267963111 0.0444499403 0.294706702
v 0.215838969 0.04663831 0.283216327
v 0.216546088 0.00447021006 0.312618524
v 0.165983737 0.031470187 0.283736557
v 0.191117018 0.0527275503 0.270046622
v 0.138712257 0.0841473192 0.246451482
v 0.171016917 0.0910204798 0.238232553
v 0.133495316 0.14283143 0.208660215
v 0.164096907 0.247480616 0.232764691
v 0.128317386 0.142809883 0.21493049
v 0.16724962 0.246960133 0.225648344
v 0.138712257 0.0841473192 0.246451482
v 0.167658329 0.159805164 0.211360946
v 0.160455421 0.142190143 0.207417548
v 0.171016917 0.0910204798 0.238232553
v 0.19691053 0.166316867 0.215426475
v 0.209575534 0.168179438 0.217057303
v 0.213052198 0.256248593 0.232162833
v 0.213289708 0.257770747 0.240378469
v 0.291096807 0.16094847 0.231977418
v 0.164096907 0.247480616 0.232764691
v 0.234611303 0.174922392 0.219654575
v 0.287535906 0.1595404 0.225146517
v 0.291096807 0.16094847 0.231977418
v 0.258158743 0.155047804 0.218605727
v 0.261553288 0.100435905 0.250447661
v 0.291096807 0.16094847 0.231977418
v 0.226231366 0.158582449 0.21475561
v 0.187825978 0.15790844 0.209842861
v 0.191117018 0.0527275503 0.270046622
v 0.215838969 0.04663831 0.283216327
v 0.214293092 0.0281046201 0.219178021
v 0.245666876 0.0586080216 0.277351975
v 0.258904576 0.0419113189 0.221506864
v 0.180853322 0.0436389931 0.202324212
v 0.171016917 0.0910204798 0.238232553
v 0.160327971 0.086725615 0.163759738
v 0.1571109 0.115335755 0.177494466
v 0.160455421 0.142190143 0.207417548
v 0.261553288 0.100435905 0.250447661
v 0.281434745 0.0706474036 0.209287003
v 0.258158743 0.155047804 0.218605727
v 0.165981725 0.150641054 0.180812106
v 0.167658329 0.159805164 0.211360946
v 0.163811684 0.123880215 0.154347479
v 0.162213802 0.0877198502 0.1386922
v 0.194587678 0.0370837376 0.184324414
v 0.220229164 0.031316068 0.195931032
v 0.262210399 0.0456415787 0.196349233
v 0.282092303 0.0712262914 0.182116956
v 0.283434719 0.11995241 0.170988843
v 0.258158743 0.155047804 0.218605727
v 0.263665468 0.150159836 0.161364481
v 0.28704825 0.122237995 0.146158457
v 0.245811909 0.168937713 0.187250808
v 0.234611303 0.174922392 0.219654575
v 0.254248053 0.0489358902 0.186920241
v 0.222444132 0.036722701 0.187623456
v 0.268552065 0.0735642761 0.173064083
v 0.267670959 0.0158714782 0.115746722
v 0.293618619 0.0447428487 0.100276046
v 0.28704825 0.122237995 0.146158457
v 0.278679818 0.115145326 0.143631577
v 0.278679818 0.115145326 0.143631577
v 0.297820359 0.0812997296 0.0696008354
v 0.224803612 0.00529397 0.112936199
v 0.198777869 0.0455190279 0.175429702
v 0.194965914 0.0149374995 0.0962003022
v 0.172049969 0.0853671283 0.13730298
v 0.176292688 0.0481834672 0.0627284274
v 0.225880921 0.0122382296 0.102926403
v 0.199970335 0.0172921102 0.0904633105
v 0.206018537 -0.0202989411 0.0484408289
v 0.247329518 -0.0193996988 0.0616569705
v 0.2605955 0.0254049096 0.102689423
v 0.266332418 -0.0133098597 0.0597970374
v 0.287811667 0.0458338484 0.0924615711
v 0.305643082 0.0174378194 0.0472580008
v 0.287563503 0.0810504332 0.0622874014
v 0.185061127 0.05135528 0.0565063804
v 0.185277537 0.0319383666 -5.96046434E-10
v 0.204618528 -0.0350985788 -5.96046434E-10
v 0.205598921 -0.0367730074 0.0253504105
v 0.172049969 0.0853671283 0.13730298
v 0.176292688 0.0481834672 0.0627284274
v 0.187376797 0.0964494869 -5.96046434E-10
v 0.19253917 0.0974538773 0.054435458
v 0.297820359 0.0812997296 0.0696008354
v 0.162213802 0.0877198502 0.1386922
v 0.189073637 0.0946222171 0.134157047
v 0.18592912 0.1232384 0.147285879
v 0.184372246 0.14938885 0.174747363
v 0.187825978 0.15790844 0.209842861
v 0.172049969 0.0853671283 0.13730298
v 0.272798032 -0.061547 0.0577432252
v 0.256670326 -0.0714060366 -2.98023217E-10
v 0.261305869 -0.0630089566 0.0516507551
v 0.281949103 -0.0802645758 -5.96046434E-10
v 0.255319029 -0.0646100044 -5.96046434E-10
v 0.246242061 -0.0320698284 0.0831087679
v 0.237711608 -0.058457952 0.0355075076
v 0.230659634 -0.0594727136 -5.96046434E-10
v 0.206018537 -0.0202989411 0.0484408289
v 0.205598921 -0.0367730074 0.0253504105
v 0.204618528 -0.0350985788 -5.96046434E-10
v 0.298356533 -0.0513491817 0.0182325598
v 0.281949103 -0.0802645758 -5.96046434E-10
v 0.302314222 -0.0526426956 -8.94069652E-10
v 0.294312418 -0.0435687341 -5.96046434E-10
v 0.31276992 -0.0178360678 -5.96046434E-10
v 0.31365931 -0.0154065201 0.0239842292
v 0.31589216 0.0207463596 -5.96046434E-10
v 0.305643082 0.0174378194 0.0472580008
v 0.273057193 -0.0223701801 0.0830492005
v 0.26522705 -0.0441629104 0.0971877202
v 0.255892485 -0.020961551 0.105678812
v 0.255892485 -0.020961551 0.105678812
v 0.246242061 -0.0320698284 0.0831087679
v 0.273057193 -0.0223701801 0.0830492005
v 0.247329518 -0.0193996988 0.0616569705
v 0.206018537 -0.0202989411 0.0484408289
v 0.273057193 -0.0223701801 0.0830492005
v 0.266332418 -0.0133098597 0.0597970374
v 0.305643082 0.0174378194 0.0472580008
v 0.255892485 -0.020961551 0.105678812
v 0.26522705 -0.0441629104 0.0971877202
v 0.272798032 -0.061547 0.0577432252
v 0.181528717 0.152349189 -5.96046434E-10
v 0.189607695 0.173749194 -5.96046434E-10
v 0.193738803 0.158212423 0.0534899607
v 0.19253917 0.0974538773 0.054435458
v 0.196358368 0.164005503 0.113184124
v 0.189073637 0.0946222171 0.134157047
v 0.18592912 0.1232384 0.147285879
v 0.192878857 0.167683676 0.157583952
v 0.184372246 0.14938885 0.174747363
v 0.187825978 0.15790844 0.209842861
v 0.19691053 0.166316867 0.215426475
v 0.187376797 0.0964494869 -5.96046434E-10
v 0.21324487 0.164602697 0.0535107777
v 0.189607695 0.173749194 -5.96046434E-10
v 0.212754056 0.181114286 -5.96046434E-10
v 0.211046323 0.167595446 0.113332346
v 0.233977586 0.163825706 -5.96046434E-10
v 0.242673963 0.136958733 0.049360279
v 0.245888382 0.138492242 0.111054607
v 0.294011593 0.0742505714 -5.96046434E-10
v 0.31589216 0.0207463596 -5.96046434E-10
v 0.261685699 0.122483157 -5.96046434E-10
v 0.259776771 0.11327897 0.140004158
v 0.247060463 0.139668748 0.156320333
v 0.235740408 0.15983972 0.180965796
v 0.226231366 0.158582449 0.21475561
v 0.212141246 0.172863349 0.158084691
v 0.28704825 0.122237995 0.146158457
v 0.209575534 0.168179438 0.217057303
v 0.245811909 0.168937713 0.187250808
v 0.294011593 0.0742505714 -5.96046434E-10
v 0.187376797 0.0964494869 -5.96046434E-10
v 0.185277537 0.0319383666 -5.96046434E-10
v 0.261685699 0.122483157 -5.96046434E-10
v 0.31589216 0.0207463596 -5.96046434E-10
v 0.204618528 -0.0350985788 -5.96046434E-10
v 0.31276992 -0.0178360678 -5.96046434E-10
v 0.230659634 -0.0594727136 -5.96046434E-10
v 0.294312418 -0.0435687341 -5.96046434E-10
v 0.255319029 -0.0646100044 -5.96046434E-10
v 0.256670326 -0.0714060366 -2.98023217E-10
v 0.302314222 -0.0526426956 -8.94069652E-10
v 0.281949103 -0.0802645758 -5.96046434E-10
v 0.233977586 0.163825706 -5.96046434E-10
v 0.181528717 0.152349189 -5.96046434E-10
v 0.189607695 0.173749194 -5.96046434E-10
v 0.212754056 0.181114286 -5.96046434E-10
v 0.10850057 0.0485530384 0.54860884
v 0.116931722 0.0255315807 0.56276077
v 0.0980415866 0.0401417837 0.550135076
v 0.0977988318 0.025139289 0.587097943
v 0.0860646516 0.0420250967 0.573130667
v 0.07948789 0.0418075323 0.589810252
v 0.0759648085 0.0475040264 0.581758738
v 0.118859202 0.00995610002 0.575616658
v 0.131263927 0.00713904947 0.562332511
v 0.0622986779 0.0583788082 0.588310242
v 0.0980415866 0.0401417837 0.550135076
v 0.131263927 0.00713904947 0.562332511
v 0.256846696 0.0850416273 0.616028011
v 0.258926868 0.0895976648 0.595245361
v 0.271014571 0.123937033 0.625632703
v 0.249084577 0.0552722812 0.603009403
v 0.258824378 0.0774931908 0.577543318
v 0.254244447 0.0744434074 0.575483382
v 0.238001421 0.0255880579 0.582010508
v 0.265704423 0.0662880912 0.549567521
v 0.254244447 0.0744434074 0.575483382
vt 0.79306519 0.738613725
vt 0.792192042 0.793139219
vt 0.801768005 0.842193842
vt 0.804519832 0.800211549
vt 0.810413122 0.768922091
vt 0.785756469 0.739715695
vt 0.830074668 0.725424886
vt 0.793012738 0.682836413
vt 0.785880685 0.677105784
vt 0.806086779 0.626756072
vt 0.792466342 0.638544083
vt 0.792466342 0.638544083
vt 0.806086779 0.626756072
vt 0.421959639 0.689514756
vt 0.483380795 0.735093117
vt 0.479633272 0.624732971
vt 0.439704359 0.747101188
vt 0.428399503 0.630086303
vt 0.419652283 0.636169553
vt 0.41206342 0.570786238
vt 0.414497852 0.688462496
vt 0.373639345 0.693302751
vt 0.397532642 0.751799107
vt 0.397532642 0.751799107
vt 0.438944101 0.771696925
vt 0.43657583 0.877005577
vt 0.400034428 0.954017758
vt 0.369709432 0.961114407
vt 0.402714908 0.987344265
vt 0.369664609 0.993623495
vt 0.311458528 0.925183535
vt 0.315507889 0.897346258
vt 0.304918289 0.804766297
vt 0.357662737 0.757470608
vt 0.328221917 0.693266511
vt 0.286453307 0.880393863
vt 0.255127072 0.778791785
vt 0.245553285 0.87887156
vt 0.286170542 0.908979774
vt 0.445482016 0.910166144
vt 0.460752785 0.847925901
vt 0.438944101 0.771696925
vt 0.464596093 0.762618184
vt 0.502564907 0.828059435
vt 0.490746856 0.726688981
vt 0.469599307 0.879071832
vt 0.445482016 0.910166144
vt 0.400034428 0.954017758
vt 0.548353732 0.714293838
vt 0.542984366 0.827858448
vt 0.223427922 0.769748688
vt 0.192326501 0.877666593
vt 0.184338093 0.758103013
vt 0.144345999 0.875058413
vt 0.13825649 0.748420596
vt 0.0989097953 0.870620847
vt 0.0904029012 0.747990966
vt 0.0366717353 0.765066504
vt 0.0519330278 0.878610015
vt 0.136081055 0.655700207
vt 0.0881052092 0.649180055
vt 0.096922487 0.526576996
vt 0.14163585 0.526749492
vt 0.119327843 0.363430262
vt 0.0811164677 0.381184459
vt 0.0507681668 0.51484549
vt 0.150461078 0.357616901
vt 0.118057504 0.246235013
vt 0.146066323 0.235374808
vt 0.0906058326 0.134012341
vt 0.0897928998 0.259919167
vt 0.0399934351 0.227581024
vt 0.129644409 0.111456633
vt 0.0824813172 0.0978478193
vt 0.124229349 0.0704730749
vt 0.213664114 0.0971498489
vt 0.207180619 0.121085525
vt 0.231819764 0.14020431
vt 0.224005193 0.154540181
vt 0.265836954 0.222226143
vt 0.261705339 0.158443213
vt 0.194637179 0.245327353
vt 0.225755483 0.215208292
vt 0.235242933 0.226835728
vt 0.259212077 0.354572892
vt 0.0265890863 0.228975534
vt 0.112159885 0.0149593353
vt 0.0718821585 0.0432636738
vt 0.00654766522 0.209498525
vt 0.22459279 0.0546135902
vt 0.22459279 0.0546135902
vt 0.186314598 0.372064233
vt 0.180511564 0.52826643
vt 0.178443834 0.658325672
vt 0.213347688 0.653725028
vt 0.263421595 0.724977493
vt 0.263240159 0.64298141
vt 0.295912325 0.794070244
vt 0.321778297 0.643903136
vt 0.327804208 0.643387437
vt 0.334144592 0.68673265
vt 0.357662737 0.757470608
vt 0.330269217 0.583892822
vt 0.32484746 0.578583002
vt 0.371892929 0.627178311
vt 0.41206342 0.570786238
vt 0.370105505 0.564772725
vt 0.391766429 0.524615765
vt 0.417937756 0.551359653
vt 0.395209491 0.507446289
vt 0.405917823 0.473251224
vt 0.442702174 0.451317191
vt 0.396232367 0.357440948
vt 0.447851777 0.3067981
vt 0.398533285 0.215160012
vt 0.359861374 0.385092497
vt 0.353271663 0.272520661
vt 0.30122894 0.232346058
vt 0.317259192 0.381420612
vt 0.365661621 0.500162482
vt 0.31437856 0.482274055
vt 0.269663155 0.471045256
vt 0.341931105 0.520735621
vt 0.346378922 0.529845476
vt 0.256964445 0.534223318
vt 0.224852413 0.416252971
vt 0.220011592 0.521589637
vt 0.261705339 0.158443213
vt 0.438944101 0.771696925
vt 0.439704359 0.747101188
vt 0.881556153 0.894746065
vt 0.875607967 0.892989635
vt 0.868043542 0.984222651
vt 0.878599226 0.82459271
vt 0.885087848 0.821662545
vt 0.856615722 0.88199079
vt 0.846192598 0.838864326
vt 0.875359654 0.747472763
vt 0.885073543 0.738223195
vt 0.824476957 0.785577416
vt 0.616841316 0.831576347
vt 0.624222875 0.858435988
vt 0.62788105 0.818338037
vt 0.616845131 0.87294066
vt 0.631404161 0.79472363
vt 0.640881896 0.800954342
vt 0.650908351 0.784822822
vt 0.656378865 0.803374887
vt 0.670089245 0.800792217
vt 0.669834852 0.823651791
vt 0.680534959 0.842895985
vt 0.675029159 0.857098341
vt 0.679059625 0.885455847
vt 0.680534959 0.842895985
vt 0.668077707 0.883913875
vt 0.679059625 0.885455847
vt 0.675208807 0.911117554
vt 0.662057996 0.91942203
vt 0.66551435 0.975202322
vt 0.648542285 0.921734333
vt 0.649347782 0.977900267
vt 0.636943102 0.926300406
vt 0.658011913 0.893722892
vt 0.647387981 0.891593933
vt 0.63827312 0.885007739
vt 0.636943102 0.926300406
vt 0.630878687 0.901394725
vt 0.616845131 0.87294066
vt 0.49073267 0.0793507099
vt 0.448357582 0.138925672
vt 0.431204796 0.18975842
vt 0.483867466 0.0593880415
vt 0.478320599 0.170651674
vt 0.51012826 0.184489012
vt 0.46777457 0.185517788
vt 0.506859183 0.322574496
vt 0.438145638 0.113150716
vt 0.438145638 0.113150716
vt 0.479677975 0.0150256157
vt 0.480146229 0.370314598
vt 0.474061668 0.490766883
vt 0.533100009 0.467794776
vt 0.547313988 0.597390175
vt 0.483380795 0.735093117
vt 0.0347941071 0.643500805
vt 0.0718821585 0.0432636738
vt 0.774842739 0.875222325
vt 0.755589366 0.815942883
vt 0.771785259 0.875376344
vt 0.757152557 0.876984477
vt 0.748197675 0.900130749
vt 0.746559024 0.98385787
vt 0.774842739 0.875222325
vt 0.735654235 0.898374677
vt 0.742527366 0.885361791
vt 0.724263072 0.984022141
vt 0.748538256 0.989825487
vt 0.774842739 0.875222325
vt 0.72228086 0.989459038
vt 0.729691029 0.899260998
vt 0.715173125 0.899569988
vt 0.697535336 0.889784575
vt 0.72228086 0.989459038
vt 0.694305241 0.890427232
vt 0.694304407 0.821294069
vt 0.71044004 0.884801149
vt 0.710602999 0.826243401
vt 0.724238634 0.891995788
vt 0.694304407 0.821294069
vt 0.710602999 0.826243401
vt 0.717402816 0.775692701
vt 0.703776717 0.753856897
vt 0.729239345 0.760354757
vt 0.726506829 0.709798455
vt 0.75449264 0.745602846
vt 0.744689226 0.769700527
vt 0.768931031 0.802977562
vt 0.755589366 0.815942883
vt 0.774842739 0.875222325
vt 0.768931031 0.802977562
vt 0.840628088 0.598902702
vt 0.826459885 0.478660822
vt 0.809103191 0.60311377
vt 0.777268767 0.576606035
vt 0.783998072 0.463049889
vt 0.860098958 0.466415286
vt 0.893963814 0.567450047
vt 0.910099864 0.424531937
vt 0.930234134 0.464863658
vt 0.951120257 0.526875973
vt 0.729826987 0.527487397
vt 0.751322091 0.434136152
vt 0.669950902 0.479284286
vt 0.960922301 0.481212616
vt 0.972361147 0.534367323
vt 0.942287147 0.428460956
vt 0.918491781 0.38493979
vt 0.852192461 0.416300416
vt 0.825480759 0.424808025
vt 0.782296538 0.412908554
vt 0.750196517 0.384965181
vt 0.701197207 0.373156428
vt 0.669950902 0.479284286
vt 0.667719066 0.364416361
vt 0.69739747 0.332227588
vt 0.647832334 0.419366598
vt 0.637727022 0.483561039
vt 0.78780371 0.389293551
vt 0.825955212 0.400256515
vt 0.754296005 0.359396696
vt 0.801366866 0.240491271
vt 0.767988026 0.208459735
vt 0.69739747 0.332227588
vt 0.701091886 0.313533545
vt 0.701091886 0.313533545
vt 0.733994901 0.166148424
vt 0.840892732 0.244728446
vt 0.857436895 0.390480161
vt 0.872804701 0.230739713
vt 0.920956969 0.368203402
vt 0.916655421 0.208762884
vt 0.843079567 0.223564982
vt 0.874101758 0.213180065
vt 0.870612919 0.104595423
vt 0.836176217 0.123724461
vt 0.804162681 0.213428378
vt 0.826347589 0.123310208
vt 0.769829929 0.189358592
vt 0.791090012 0.0898256302
vt 0.731476665 0.147464752
vt 0.922289133 0.19624126
vt 0.938930035 0.0794420242
vt 0.881647766 0.0103398561
vt 0.86859858 0.0502599478
vt 0.920956969 0.368203402
vt 0.916655421 0.208762884
vt 0.993033409 0.137542009
vt 0.969308138 0.228274107
vt 0.733994901 0.166148424
vt 0.73716116 0.0214453936
vt 0.789529026 0.00431931019
vt 0.658659816 0.115735888
vt 0.684114695 0.0218975544
vt 0.656072259 0.236748815
vt 0.615917563 0.122451305
vt 0.639504015 0.0154618025
vt 0.617972195 0.0123438835
vt 0.599844217 0.0126556158
vt 0.592278361 0.121926546
vt 0.595549881 0.243824005
vt 0.533439517 0.122618794
vt 0.525646925 0.275315642
vt 0.551961005 0.304847836
vt 0.593576729 0.332195282
vt 0.573389471 0.363729
vt 0.579968452 0.432688117
vt 0.591444433 0.444254637
vt 0.581570506 0.0140763521
vt 0.599844217 0.0126556158
vt 0.530278563 0.0177937746
vt 0.612212002 0.244329929
vt 0.612743676 0.336610317
vt 0.60291487 0.449779272
vt 0.658156216 0.330940604
vt 0.638157129 0.39114964
vt 0.621436715 0.456146121
vt 0.6833359 0.286182165
vt 0.69739747 0.332227588
vt 0.647832334 0.419366598
vt 0.659198582 0.624658585
vt 0.684221506 0.518689394
vt 0.655827284 0.509469509
vt 0.672297001 0.617085218
vt 0.692287445 0.525227547
vt 0.68443501 0.701883078
vt 0.698879123 0.604429007
vt 0.716995835 0.543912292
vt 0.734536588 0.674463272
vt 0.736865819 0.619762421
vt 0.748845398 0.575855851
vt 0.655827284 0.509469509
vt 0.626840949 0.562965631
vt 0.622847438 0.524596334
vt 0.611502707 0.534946799
vt 0.585388601 0.574223399
vt 0.596480906 0.614187956
vt 0.554818332 0.62505734
vt 0.587195873 0.698058367
vt 0.644605994 0.709898114
vt 0.663422644 0.698680401
vt 0.670498908 0.741108894
vt 0.341317266 0.187257886
vt 0.356601804 0.141572595
vt 0.329304785 0.140969276
vt 0.334685594 0.0937870741
vt 0.297104269 0.0579891205
vt 0.356601804 0.141572595
vt 0.353835136 0.091693759
vt 0.400197476 0.0580025911
vt 0.670498908 0.741108894
vt 0.663422644 0.698680401
vt 0.659198582 0.624658585
vt 0.938013554 0.359041452
vt 0.951895297 0.401865244
vt 0.971643507 0.458003521
vt 0.990929902 0.513420939
vt 0.918491781 0.38493979
vt 0.920956969 0.368203402
vt 0.537820995 0.974023223
vt 0.508934259 0.885970831
vt 0.510629535 0.962353706
vt 0.53721422 0.860728145
vt 0.565488756 0.974374294
vt 0.570442557 0.853893042
vt 0.582068324 0.957598805
vt 0.585916042 0.868539691
vt 0.590205789 0.931655765
vt 0.592598021 0.888903379
vt 0.595858872 0.887663364
vt 0.595662355 0.935584664
vt 0.604301274 0.907241106
vt 0.487321943 0.952350855
vt 0.483061403 0.900935173
vt 0.474997491 0.915960908
vt 0.475856096 0.939484
vt 0.915246069 0.644132972
vt 0.92759937 0.660449862
vt 0.939751804 0.605959654
vt 0.970448554 0.676143765
vt 0.970427334 0.613274097
vt 0.946745813 0.70292294
vt 0.961766779 0.728418946
vt 0.950636446 0.733737946
vt 0.960948527 0.577368617
vt 0.949282706 0.774944544
vt 0.92759937 0.660449862
vt 0.960948527 0.577368617
vt 0.911998451 0.893680096
vt 0.934555471 0.880175233
vt 0.907907665 0.820209026
vt 0.925932705 0.983323336
vt 0.945196927 0.838074684
vt 0.944797575 0.825137019
vt 0.909104049 0.736247778
vt 0.976195395 0.811439037
vt 0.944797575 0.825137019
vt 0.79306519 0.738613725
vt 0.801768005 0.842193842
vt 0.792192042 0.793139219
vt 0.804519832 0.800211549
vt 0.810413122 0.768922091
vt 0.785756469 0.739715695
vt 0.830074668 0.725424886
vt 0.793012738 0.682836413
vt 0.785880685 0.677105784
vt 0.806086779 0.626756072
vt 0.792466342 0.638544083
vt 0.792466342 0.638544083
vt 0.806086779 0.626756072
vt 0.421959639 0.689514756
vt 0.483380795 0.735093117
vt 0.439704359 0.747101188
vt 0.479633272 0.624732971
vt 0.428399503 0.630086303
vt 0.419652283 0.636169553
vt 0.41206342 0.570786238
vt 0.414497852 0.688462496
vt 0.373639345 0.693302751
vt 0.397532642 0.751799107
vt 0.397532642 0.751799107
vt 0.438944101 0.771696925
vt 0.43657583 0.877005577
vt 0.400034428 0.954017758
vt 0.369709432 0.961114407
vt 0.402714908 0.987344265
vt 0.369664609 0.993623495
vt 0.311458528 0.925183535
vt 0.315507889 0.897346258
vt 0.304918289 0.804766297
vt 0.357662737 0.757470608
vt 0.328221917 0.693266511
vt 0.286453307 0.880393863
vt 0.255127072 0.778791785
vt 0.245553285 0.87887156
vt 0.286170542 0.908979774
vt 0.445482016 0.910166144
vt 0.460752785 0.847925901
vt 0.438944101 0.771696925
vt 0.464596093 0.762618184
vt 0.502564907 0.828059435
vt 0.490746856 0.726688981
vt 0.469599307 0.879071832
vt 0.445482016 0.910166144
vt 0.400034428 0.954017758
vt 0.548353732 0.714293838
vt 0.542984366 0.827858448
vt 0.223427922 0.769748688
vt 0.192326501 0.877666593
vt 0.184338093 0.758103013
vt 0.144345999 0.875058413
vt 0.13825649 0.748420596
vt 0.0989097953 0.870620847
vt 0.0904029012 0.747990966
vt 0.0366717353 0.765066504
vt 0.0519330278 0.878610015
vt 0.136081055 0.655700207
vt 0.0881052092 0.649180055
vt 0.096922487 0.526576996
vt 0.14163585 0.526749492
vt 0.119327843 0.363430262
vt 0.0811164677 0.381184459
vt 0.0507681668 0.51484549
vt 0.150461078 0.357616901
vt 0.118057504 0.246235013
vt 0.146066323 0.235374808
vt 0.0906058326 0.134012341
vt 0.0897928998 0.259919167
vt 0.0399934351 0.227581024
vt 0.129644409 0.111456633
vt 0.0824813172 0.0978478193
vt 0.124229349 0.0704730749
vt 0.213664114 0.0971498489
vt 0.207180619 0.121085525
vt 0.231819764 0.14020431
vt 0.224005193 0.154540181
vt 0.265836954 0.222226143
vt 0.261705339 0.158443213
vt 0.194637179 0.245327353
vt 0.225755483 0.215208292
vt 0.235242933 0.226835728
vt 0.259212077 0.354572892
vt 0.0265890863 0.228975534
vt 0.112159885 0.0149593353
vt 0.0718821585 0.0432636738
vt 0.00654766522 0.209498525
vt 0.0718821585 0.0432636738
vt 0.22459279 0.0546135902
vt 0.186314598 0.372064233
vt 0.180511564 0.52826643
vt 0.178443834 0.658325672
vt 0.213347688 0.653725028
vt 0.263421595 0.724977493
vt 0.263240159 0.64298141
vt 0.295912325 0.794070244
vt 0.321778297 0.643903136
vt 0.327804208 0.643387437
vt 0.334144592 0.68673265
vt 0.357662737 0.757470608
vt 0.330269217 0.583892822
vt 0.32484746 0.578583002
vt 0.371892929 0.627178311
vt 0.41206342 0.570786238
vt 0.370105505 0.564772725
vt 0.391766429 0.524615765
vt 0.417937756 0.551359653
vt 0.395209491 0.507446289
vt 0.405917823 0.473251224
vt 0.442702174 0.451317191
vt 0.396232367 0.357440948
vt 0.447851777 0.3067981
vt 0.398533285 0.215160012
vt 0.359861374 0.385092497
vt 0.353271663 0.272520661
vt 0.30122894 0.232346058
vt 0.317259192 0.381420612
vt 0.365661621 0.500162482
vt 0.31437856 0.482274055
vt 0.269663155 0.471045256
vt 0.341931105 0.520735621
vt 0.346378922 0.529845476
vt 0.256964445 0.534223318
vt 0.224852413 0.416252971
vt 0.220011592 0.521589637
vt 0.261705339 0.158443213
vt 0.439704359 0.747101188
vt 0.438944101 0.771696925
vt 0.881556153 0.894746065
vt 0.868043542 0.984222651
vt 0.875607967 0.892989635
vt 0.878599226 0.82459271
vt 0.885087848 0.821662545
vt 0.856615722 0.88199079
vt 0.846192598 0.838864326
vt 0.875359654 0.747472763
vt 0.885073543 0.738223195
vt 0.824476957 0.785577416
vt 0.616841316 0.831576347
vt 0.624222875 0.858435988
vt 0.616845131 0.87294066
vt 0.62788105 0.818338037
vt 0.631404161 0.79472363
vt 0.640881896 0.800954342
vt 0.650908351 0.784822822
vt 0.656378865 0.803374887
vt 0.670089245 0.800792217
vt 0.669834852 0.823651791
vt 0.680534959 0.842895985
vt 0.675029159 0.857098341
vt 0.680534959 0.842895985
vt 0.679059625 0.885455847
vt 0.679059625 0.885455847
vt 0.668077707 0.883913875
vt 0.675208807 0.911117554
vt 0.662057996 0.91942203
vt 0.66551435 0.975202322
vt 0.648542285 0.921734333
vt 0.649347782 0.977900267
vt 0.636943102 0.926300406
vt 0.658011913 0.893722892
vt 0.647387981 0.891593933
vt 0.636943102 0.926300406
vt 0.63827312 0.885007739
vt 0.630878687 0.901394725
vt 0.616845131 0.87294066
vt 0.49073267 0.0793507099
vt 0.448357582 0.138925672
vt 0.483867466 0.0593880415
vt 0.431204796 0.18975842
vt 0.478320599 0.170651674
vt 0.51012826 0.184489012
vt 0.46777457 0.185517788
vt 0.506859183 0.322574496
vt 0.438145638 0.113150716
vt 0.438145638 0.113150716
vt 0.479677975 0.0150256157
vt 0.480146229 0.370314598
vt 0.474061668 0.490766883
vt 0.533100009 0.467794776
vt 0.547313988 0.597390175
vt 0.483380795 0.735093117
vt 0.0347941071 0.643500805
vt 0.774842739 0.875222325
vt 0.755589366 0.815942883
vt 0.768931031 0.802977562
vt 0.744689226 0.769700527
vt 0.768931031 0.802977562
vt 0.75449264 0.745602846
vt 0.729239345 0.760354757
vt 0.726506829 0.709798455
vt 0.703776717 0.753856897
vt 0.717402816 0.775692701
vt 0.694304407 0.821294069
vt 0.710602999 0.826243401
vt 0.697535336 0.889784575
vt 0.72228086 0.989459038
vt 0.694305241 0.890427232
vt 0.724263072 0.984022141
vt 0.694304407 0.821294069
vt 0.715173125 0.899569988
vt 0.71044004 0.884801149
vt 0.710602999 0.826243401
vt 0.729691029 0.899260998
vt 0.735654235 0.898374677
vt 0.746559024 0.98385787
vt 0.748538256 0.989825487
vt 0.774842739 0.875222325
vt 0.72228086 0.989459038
vt 0.748197675 0.900130749
vt 0.771785259 0.875376344
vt 0.774842739 0.875222325
vt 0.757152557 0.876984477
vt 0.755589366 0.815942883
vt 0.774842739 0.875222325
vt 0.742527366 0.885361791
vt 0.724238634 0.891995788
vt 0.840628088 0.598902702
vt 0.809103191 0.60311377
vt 0.826459885 0.478660822
vt 0.777268767 0.576606035
vt 0.783998072 0.463049889
vt 0.860098958 0.466415286
vt 0.893963814 0.567450047
vt 0.910099864 0.424531937
vt 0.930234134 0.464863658
vt 0.951120257 0.526875973
vt 0.729826987 0.527487397
vt 0.751322091 0.434136152
vt 0.669950902 0.479284286
vt 0.960922301 0.481212616
vt 0.972361147 0.534367323
vt 0.942287147 0.428460956
vt 0.918491781 0.38493979
vt 0.852192461 0.416300416
vt 0.825480759 0.424808025
vt 0.782296538 0.412908554
vt 0.750196517 0.384965181
vt 0.701197207 0.373156428
vt 0.669950902 0.479284286
vt 0.667719066 0.364416361
vt 0.69739747 0.332227588
vt 0.647832334 0.419366598
vt 0.637727022 0.483561039
vt 0.78780371 0.389293551
vt 0.825955212 0.400256515
vt 0.754296005 0.359396696
vt 0.801366866 0.240491271
vt 0.767988026 0.208459735
vt 0.69739747 0.332227588
vt 0.701091886 0.313533545
vt 0.701091886 0.313533545
vt 0.733994901 0.166148424
vt 0.840892732 0.244728446
vt 0.857436895 0.390480161
vt 0.872804701 0.230739713
vt 0.920956969 0.368203402
vt 0.916655421 0.208762884
vt 0.843079567 0.223564982
vt 0.874101758 0.213180065
vt 0.870612919 0.104595423
vt 0.836176217 0.123724461
vt 0.804162681 0.213428378
vt 0.826347589 0.123310208
vt 0.769829929 0.189358592
vt 0.791090012 0.0898256302
vt 0.731476665 0.147464752
vt 0.922289133 0.19624126
vt 0.938930035 0.0794420242
vt 0.881647766 0.0103398561
vt 0.86859858 0.0502599478
vt 0.920956969 0.368203402
vt 0.916655421 0.208762884
vt 0.993033409 0.137542009
vt 0.969308138 0.228274107
vt 0.733994901 0.166148424
vt 0.918491781 0.38493979
vt 0.938013554 0.359041452
vt 0.951895297 0.401865244
vt 0.971643507 0.458003521
vt 0.990929902 0.513420939
vt 0.920956969 0.368203402
vt 0.659198582 0.624658585
vt 0.684221506 0.518689394
vt 0.672297001 0.617085218
vt 0.655827284 0.509469509
vt 0.692287445 0.525227547
vt 0.68443501 0.701883078
vt 0.698879123 0.604429007
vt 0.716995835 0.543912292
vt 0.734536588 0.674463272
vt 0.736865819 0.619762421
vt 0.748845398 0.575855851
vt 0.626840949 0.562965631
vt 0.655827284 0.509469509
vt 0.622847438 0.524596334
vt 0.611502707 0.534946799
vt 0.585388601 0.574223399
vt 0.596480906 0.614187956
vt 0.554818332 0.62505734
vt 0.587195873 0.698058367
vt 0.644605994 0.709898114
vt 0.663422644 0.698680401
vt 0.670498908 0.741108894
vt 0.341317266 0.187257886
vt 0.329304785 0.140969276
vt 0.356601804 0.141572595
vt 0.334685594 0.0937870741
vt 0.297104269 0.0579891205
vt 0.356601804 0.141572595
vt 0.353835136 0.091693759
vt 0.400197476 0.0580025911
vt 0.670498908 0.741108894
vt 0.663422644 0.698680401
vt 0.659198582 0.624658585
vt 0.581570506 0.0140763521
vt 0.599844217 0.0126556158
vt 0.592278361 0.121926546
vt 0.533439517 0.122618794
vt 0.595549881 0.243824005
vt 0.525646925 0.275315642
vt 0.551961005 0.304847836
vt 0.593576729 0.332195282
vt 0.573389471 0.363729
vt 0.579968452 0.432688117
vt 0.591444433 0.444254637
vt 0.530278563 0.0177937746
vt 0.615917563 0.122451305
vt 0.599844217 0.0126556158
vt 0.617972195 0.0123438835
vt 0.612212002 0.244329929
vt 0.639504015 0.0154618025
vt 0.658659816 0.115735888
vt 0.656072259 0.236748815
vt 0.73716116 0.0214453936
vt 0.789529026 0.00431931019
vt 0.684114695 0.0218975544
vt 0.6833359 0.286182165
vt 0.658156216 0.330940604
vt 0.638157129 0.39114964
vt 0.621436715 0.456146121
vt 0.612743676 0.336610317
vt 0.69739747 0.332227588
vt 0.60291487 0.449779272
vt 0.647832334 0.419366598
vt 0.537820995 0.974023223
vt 0.508934259 0.885970831
vt 0.53721422 0.860728145
vt 0.510629535 0.962353706
vt 0.565488756 0.974374294
vt 0.570442557 0.853893042
vt 0.582068324 0.957598805
vt 0.585916042 0.868539691
vt 0.590205789 0.931655765
vt 0.592598021 0.888903379
vt 0.595858872 0.887663364
vt 0.595662355 0.935584664
vt 0.604301274 0.907241106
vt 0.487321943 0.952350855
vt 0.483061403 0.900935173
vt 0.474997491 0.915960908
vt 0.475856096 0.939484
vt 0.915246069 0.644132972
vt 0.939751804 0.605959654
vt 0.92759937 0.660449862
vt 0.970448554 0.676143765
vt 0.946745813 0.70292294
vt 0.961766779 0.728418946
vt 0.950636446 0.733737946
vt 0.970427334 0.613274097
vt 0.960948527 0.577368617
vt 0.949282706 0.774944544
vt 0.92759937 0.660449862
vt 0.960948527 0.577368617
vt 0.911998451 0.893680096
vt 0.934555471 0.880175233
vt 0.925932705 0.983323336
vt 0.907907665 0.820209026
vt 0.945196927 0.838074684
vt 0.944797575 0.825137019
vt 0.909104049 0.736247778
vt 0.976195395 0.811439037
vt 0.944797575 0.825137019
vn 0.656571925 -0.75394839 0.0217956584
vn 0.0500932708 0.0355860144 0.998110414
vn 0.720860839 0.676689982 0.149833977
vn 0.0731222332 0.574556231 -0.815192163
vn 0.303224921 0.738047361 -0.602777421
vn -0.224678576 -0.137596026 0.964669287
vn 0.945762515 0.163450018 0.280744255
vn 0.502031744 -0.86477536 -0.0113017615
vn -0.466528684 -0.396144986 0.790835023
vn 0.253065318 -0.966185808 -0.0494246036
vn 0.379006118 -0.917853296 0.117897019
vn 0.379006118 -0.917853296 0.117897019
vn 0.253065318 -0.966185808 -0.0494246036
vn 0.919818103 -0.389210492 0.049494952
vn 0.945762515 0.163450018 0.280744255
vn 0.898259163 -0.410967857 -0.155678436
vn 0.253065318 -0.966185808 -0.0494246036
vn 0.93912226 -0.273576468 -0.207858756
vn 0.929827988 -0.348830074 -0.117206722
vn 0.826719522 -0.327109307 -0.457749337
vn 0.855427802 -0.451102316 0.254460305
vn -0.123169228 -0.969213665 0.213200107
vn 0.294634849 -0.954421282 0.0476470664
vn 0.294634849 -0.954421282 0.0476470664
vn 0.379006118 -0.917853296 0.117897019
vn 0.818288863 -0.556533813 0.143782839
vn 0.368855983 -0.928258896 0.0477548316
vn -0.561871707 -0.808708429 0.174042985
vn 0.516001642 -0.251123577 0.818950176
vn -0.295236975 -0.13020657 0.946510136
vn -0.0850420222 0.505155265 0.858828306
vn -0.840006053 -0.297941744 0.453453928
vn -0.726414979 -0.66651392 0.167572051
vn -0.48412627 -0.862458766 0.147603139
vn -0.936171234 -0.219338343 0.274725467
vn -0.785110533 -0.140573233 0.603191972
vn -0.507513642 0.780242264 0.365584195
vn -0.329893291 0.0219316185 0.943763435
vn 0.420746475 0.323102266 0.84768939
vn 0.446291953 0.436345339 0.781297743
vn 0.915923595 -0.28453508 0.283061296
vn 0.379006118 -0.917853296 0.117897019
vn 0.864833295 -0.443913668 0.234529182
vn 0.784108639 -0.0138110043 0.620470047
vn 0.949777186 0.208507746 0.233340591
vn 0.0754297078 0.3344374 0.939394534
vn 0.446291953 0.436345339 0.781297743
vn 0.368855983 -0.928258896 0.0477548316
vn 0.956628799 0.259474277 0.132417411
vn 0.614924848 0.14626579 0.774902463
vn -0.892259002 0.335267574 0.302439153
vn -0.308338135 0.271811932 0.91161716
vn -0.647582829 0.686797917 0.330068231
vn 0.0201554429 0.409537673 0.912070513
vn -0.0890993029 0.934955001 0.343395501
vn 0.397819161 0.324811637 0.858042777
vn 0.601961315 0.751178324 0.270875782
vn 0.956628799 0.259474277 0.132417411
vn 0.614924848 0.14626579 0.774902463
vn -0.101665482 0.992899656 0.0617598854
vn 0.593370557 0.804547131 -0.0248044636
vn 0.547585428 0.815895081 -0.185648575
vn -0.155383497 0.984607995 -0.0800182
vn 0.561554253 0.825647056 -0.0544405282
vn 0.884739518 0.386196941 -0.260936618
vn 0.883001149 0.39251855 -0.25736782
vn -0.237266526 0.970076799 0.0515321195
vn 0.615772247 0.734685481 0.284713358
vn -0.262200356 0.879859626 0.396355987
vn 0.38371408 0.230654076 0.894182444
vn 0.932321429 0.335066855 0.136039704
vn 0.610054016 0.219388157 0.761382163
vn -0.0349601358 0.268966198 0.962514877
vn 0.493477225 0.232290566 0.838165462
vn -0.192603335 0.34544754 0.918460667
vn -0.443977565 0.392007232 0.80573833
vn -0.300872356 0.378251731 0.875443578
vn -0.481179118 0.416512281 0.771352232
vn -0.449238569 0.502343774 0.738806725
vn -0.942953229 0.0165540539 0.332513332
vn -0.9334535 -0.287207365 -0.214886978
vn -0.779113948 0.560113847 0.281520516
vn -0.818078518 0.496294975 0.29058373
vn -0.768457472 0.623554349 -0.14371115
vn -0.998097837 0.0102072265 0.0608000755
vn 0.726754129 0.185146555 0.661475062
vn -0.267799348 0.897624612 0.350076407
vn 0.667602181 0.715548635 0.205663487
vn 0.976050675 0.0258554015 -0.216001168
vn -0.975057542 0.212756783 -0.0632246956
vn -0.975057542 0.212756783 -0.0632246956
vn -0.732308328 0.679521918 -0.0444349609
vn -0.669452786 0.741851926 -0.0385830663
vn -0.656637847 0.747593641 0.0996519104
vn -0.902231872 0.42180264 0.0897790864
vn -0.971893847 -0.1506387 0.180915147
vn -0.972156346 -0.226613954 0.0596495941
vn -0.758099139 -0.617168963 0.210685059
vn -0.996373355 -0.0789484158 0.0317374729
vn -0.989834547 -0.121392153 0.0741054714
vn -0.884378433 -0.229021251 0.406723648
vn -0.48412627 -0.862458766 0.147603139
vn -0.961770356 -0.0703140125 -0.26467675
vn -0.97703141 -0.140361965 -0.160337195
vn -0.149689049 -0.97112751 -0.185753778
vn 0.826719522 -0.327109307 -0.457749337
vn -0.168486163 -0.832760334 -0.527373314
vn 0.477245033 -0.371845961 -0.796220839
vn 0.820227623 -0.388996035 -0.419414729
vn 0.484579176 -0.61471355 -0.622342587
vn 0.445006549 -0.868210554 -0.219498709
vn 0.697568476 -0.634718955 -0.33246088
vn 0.62452203 -0.775712311 -0.0907893702
vn 0.971243441 -0.191333085 -0.141696006
vn 0.499199629 -0.765560567 -0.405853122
vn -0.0822602659 -0.996526778 0.0129450578
vn -0.143077224 -0.967377245 -0.209069744
vn -0.7435233 -0.615746558 -0.260824353
vn -0.760857046 -0.645305514 0.0683918819
vn -0.17344451 -0.850948691 -0.495785624
vn -0.723815739 -0.684100151 -0.0899872929
vn -0.906981468 -0.331946254 -0.259222656
vn -0.752099097 -0.502702057 -0.426189572
vn -0.758687556 -0.278758228 -0.588801324
vn -0.995844662 -0.0694763809 -0.0588761419
vn -0.905644655 0.372894198 -0.201885343
vn -0.876050174 0.480531901 0.040314544
vn -0.9334535 -0.287207365 -0.214886978
vn 0.379006118 -0.917853296 0.117897019
vn 0.253065318 -0.966185808 -0.0494246036
vn 0.480796367 -0.143806264 0.864959419
vn -0.88190645 -0.34832868 0.317660391
vn -0.280973345 0.871445835 0.402040184
vn -0.840298951 -0.413241327 0.350897789
vn 0.456973046 -0.321008414 0.829535604
vn -0.0625672191 0.61255455 -0.787948132
vn -0.442871332 0.885853648 0.138305396
vn -0.758099139 -0.617168963 0.210685059
vn -0.726414979 -0.66651392 0.167572051
vn -0.971893847 -0.1506387 0.180915147
vn 0.614924848 0.14626579 0.774902463
vn -0.134386793 0.0290433653 0.990503311
vn -0.118936278 -0.331488669 0.935932338
vn 0.784108639 -0.0138110043 0.620470047
vn 0.397819161 0.324811637 0.858042777
vn 0.0679182261 -0.417853475 0.905972242
vn 0.0201554429 0.409537673 0.912070513
vn 0.237178817 -0.405101687 0.882971585
vn -0.308338135 0.271811932 0.91161716
vn 0.508201897 -0.316443056 0.800996006
vn -0.329893291 0.0219316185 0.943763435
vn 0.923698306 0.211087734 0.319723666
vn 0.420746475 0.323102266 0.84768939
vn -0.329893291 0.0219316185 0.943763435
vn 0.786929965 0.57368499 0.227214992
vn 0.420746475 0.323102266 0.84768939
vn -0.0850420222 0.505155265 0.858828306
vn 0.390714973 0.83015728 0.397719294
vn -0.295236975 -0.13020657 0.946510136
vn 0.0644356683 0.893726408 0.443960816
vn 0.516001642 -0.251123577 0.818950176
vn 0.446291953 0.436345339 0.781297743
vn 0.389345884 0.903331101 0.180007711
vn -0.221221492 0.872670889 0.435323596
vn -0.64114964 0.455285519 0.617772102
vn 0.446291953 0.436345339 0.781297743
vn 0.0754297078 0.3344374 0.939394534
vn 0.784108639 -0.0138110043 0.620470047
vn 0.610054016 0.219388157 0.761382163
vn 0.802596152 0.198833793 0.562409639
vn 0.964104652 -0.242775857 0.107526898
vn 0.726754129 0.185146555 0.661475062
vn 0.947660029 0.277925104 0.157155812
vn 0.932321429 0.335066855 0.136039704
vn 0.854115367 0.408296645 -0.322150141
vn 0.884739518 0.386196941 -0.260936618
vn 0.776143074 -0.481589615 -0.407029927
vn 0.776143074 -0.481589615 -0.407029927
vn 0.976050675 0.0258554015 -0.216001168
vn 0.908468664 0.0927666426 -0.407527983
vn 0.89693749 -0.30156222 -0.323362499
vn 0.883001149 0.39251855 -0.25736782
vn 0.946593642 0.309013456 -0.0920386389
vn 0.945762515 0.163450018 0.280744255
vn 0.946593642 0.309013456 -0.0920386389
vn 0.667602181 0.715548635 0.205663487
vn -0.975057542 0.212756783 -0.0632246956
vn -0.87553668 -0.369630963 -0.311140716
vn -0.656820178 -0.0360909477 -0.753183007
vn -0.749030113 0.347812414 -0.563897431
vn -0.0410377532 0.442967087 -0.895598114
vn -0.296079248 0.743743181 -0.599318922
vn -0.975057542 0.212756783 -0.0632246956
vn -0.156792015 0.690701127 -0.705937803
vn 0.090222612 0.86366421 -0.495927393
vn 0.358120322 0.621769667 -0.696528852
vn -0.267799348 0.897624612 0.350076407
vn -0.975057542 0.212756783 -0.0632246956
vn 0.667602181 0.715548635 0.205663487
vn 0.156765342 0.690391123 -0.706246912
vn 0.139305085 0.495170474 -0.857554793
vn 0.453930318 -0.103493579 -0.885006368
vn 0.667602181 0.715548635 0.205663487
vn 0.976050675 0.0258554015 -0.216001168
vn 0.776143074 -0.481589615 -0.407029927
vn 0.759385705 0.0465826578 -0.64897114
vn 0.687197626 -0.584749103 -0.43107757
vn 0.328006804 0.843375444 -0.42559284
vn 0.776143074 -0.481589615 -0.407029927
vn 0.687197626 -0.584749103 -0.43107757
vn 0.259129137 -0.875566125 -0.407720596
vn 0.499199629 -0.765560567 -0.405853122
vn -0.155274585 -0.879757643 -0.449351013
vn -0.143077224 -0.967377245 -0.209069744
vn -0.7435233 -0.615746558 -0.260824353
vn -0.481461018 -0.787222087 -0.385326624
vn -0.9334535 -0.287207365 -0.214886978
vn -0.87553668 -0.369630963 -0.311140716
vn -0.975057542 0.212756783 -0.0632246956
vn -0.9334535 -0.287207365 -0.214886978
vn 0.259129137 -0.875566125 -0.407720596
vn 0.0705235973 -0.991033733 0.113483809
vn -0.155274585 -0.879757643 -0.449351013
vn -0.481461018 -0.787222087 -0.385326624
vn -0.61335808 -0.758089423 0.221567884
vn 0.747200608 -0.664356112 0.0179516189
vn 0.687197626 -0.584749103 -0.43107757
vn 0.956073165 -0.289663553 -0.0449345261
vn 0.998720586 0.0256852005 -0.0435599834
vn 0.759385705 0.0465826578 -0.64897114
vn -0.87553668 -0.369630963 -0.311140716
vn -0.931453288 -0.248001337 0.266251653
vn -0.749030113 0.347812414 -0.563897431
vn 0.575550675 0.732760727 -0.363047123
vn 0.139305085 0.495170474 -0.857554793
vn 0.677918971 0.428636611 -0.597240686
vn 0.708482325 -0.200081602 -0.67677182
vn 0.328527212 -0.853220522 -0.405073643
vn -0.126167804 -0.94880724 -0.289562613
vn -0.548423111 -0.791864634 -0.268667698
vn -0.819875181 -0.455267698 -0.34718287
vn -0.943339705 0.282750905 0.173671976
vn -0.749030113 0.347812414 -0.563897431
vn -0.392372608 0.772416294 -0.499416351
vn -0.783400238 0.238128215 -0.574089825
vn -0.0860531852 0.959817231 -0.267106295
vn -0.0410377532 0.442967087 -0.895598114
vn -0.548170984 -0.816909075 -0.179354891
vn -0.10037563 -0.983943105 -0.147582933
vn -0.809509933 -0.522199869 -0.268329918
vn -0.534660935 -0.843339264 -0.054005567
vn -0.877731502 -0.475515276 -0.0589288585
vn -0.783400238 0.238128215 -0.574089825
vn -0.669191957 0.133712173 -0.730960429
vn -0.669191957 0.133712173 -0.730960429
vn -0.820537031 0.266172707 -0.505836964
vn 0.0275797118 -0.998695552 -0.0429715775
vn 0.390554875 -0.866610885 -0.310567856
vn 0.558503091 -0.82140398 -0.115627229
vn 0.706606925 -0.24226895 -0.664840102
vn 0.821252227 -0.115748242 -0.558701158
vn -0.0909693316 -0.995594323 -0.0227294136
vn 0.492834985 -0.860072851 -0.131865203
vn 0.778451562 -0.487463474 0.395465016
vn 0.139697179 0.168940067 0.975676179
vn -0.486929089 -0.870851874 -0.0672094226
vn -0.0304585807 0.268756866 0.962726295
vn -0.812078297 -0.571898639 -0.116020784
vn -0.904542804 -0.0210643336 0.425862283
vn -0.871145785 0.468041271 -0.148466617
vn 0.976949513 -0.0623131916 -0.204173192
vn 0.747706413 -0.122079246 -0.652711093
vn 0.673547208 -0.374979675 -0.636965096
vn 0.857638896 -0.480907261 0.182164147
vn 0.706606925 -0.24226895 -0.664840102
vn 0.821252227 -0.115748242 -0.558701158
vn 0.71326828 -0.00405753497 -0.700879395
vn 0.993708849 0.110914506 0.0155143803
vn -0.820537031 0.266172707 -0.505836964
vn -0.681582749 0.340726912 -0.647572577
vn -0.790836513 0.165691406 -0.589172184
vn -0.756928325 0.650431395 0.0632347986
vn -0.63121289 0.423044145 -0.650079906
vn -0.751153231 0.659990489 -0.0134707903
vn -0.231584549 0.964815676 0.124496654
vn -0.582897663 0.553977191 -0.594423771
vn -0.146891803 0.852389574 -0.501851261
vn 0.566123247 0.63884747 -0.520939827
vn 0.813294649 0.562996924 0.146922603
vn 0.74582696 0.660044074 -0.0899111927
vn 0.993708849 0.110914506 0.0155143803
vn 0.734991074 0.522619963 -0.432037711
vn 0.73707521 0.341932386 -0.582925737
vn 0.697686672 0.711341977 -0.0850046799
vn 0.651613116 0.668664157 -0.358173698
vn 0.328006804 0.843375444 -0.42559284
vn 0.156765342 0.690391123 -0.706246912
vn 0.797151089 0.115967564 -0.592538297
vn 0.566123247 0.63884747 -0.520939827
vn 0.71326828 -0.00405753497 -0.700879395
vn -0.226547956 0.971482635 -0.0699812621
vn -0.206557304 0.976339459 -0.0639946833
vn -0.156792015 0.690701127 -0.705937803
vn -0.39132905 0.757090271 -0.52314049
vn -0.0821420848 0.9515118 -0.296442091
vn 0.090222612 0.86366421 -0.495927393
vn -0.491691858 0.740341902 -0.458402723
vn -0.783400238 0.238128215 -0.574089825
vn -0.0860531852 0.959817231 -0.267106295
vn -0.375183612 -0.776011765 0.506994069
vn 0.618255377 -0.579350829 -0.53114301
vn -0.259729445 -0.843140423 -0.470802367
vn 0.229229689 -0.904434204 0.359795123
vn 0.390486479 -0.400759518 -0.828801632
vn 0.798780322 0.0587530136 0.598747134
vn 0.450190693 -0.852177501 0.266686797
vn 0.351800323 -0.700620532 -0.620779693
vn 0.778451562 -0.487463474 0.395465016
vn 0.857638896 -0.480907261 0.182164147
vn 0.673547208 -0.374979675 -0.636965096
vn -0.259729445 -0.843140423 -0.470802367
vn -0.875487506 -0.417565793 0.243229076
vn -0.860367596 0.0135616027 -0.509493649
vn -0.393928319 -0.0364036672 -0.918419957
vn -0.706273019 -0.207019314 -0.676994443
vn -0.897791207 -0.253054023 0.360464543
vn -0.790836513 0.165691406 -0.589172184
vn -0.904542804 -0.0210643336 0.425862283
vn -0.568283081 0.550434172 0.611617923
vn -0.218511939 -0.648805559 0.728905916
vn 0.243956491 0.546672702 0.801020741
vn 0.243956491 0.546672702 0.801020741
vn -0.568283081 0.550434172 0.611617923
vn 0.798780322 0.0587530136 0.598747134
vn 0.139697179 0.168940067 0.975676179
vn 0.778451562 -0.487463474 0.395465016
vn -0.568283081 0.550434172 0.611617923
vn -0.0304585807 0.268756866 0.962726295
vn -0.904542804 -0.0210643336 0.425862283
vn 0.243956491 0.546672702 0.801020741
vn -0.218511939 -0.648805559 0.728905916
vn -0.375183612 -0.776011765 0.506994069
vn 0.734991074 0.522619963 -0.432037711
vn 0.73707521 0.341932386 -0.582925737
vn 0.651613116 0.668664157 -0.358173698
vn 0.328006804 0.843375444 -0.42559284
vn 0.708482325 -0.200081602 -0.67677182
vn 0.706606925 -0.24226895 -0.664840102
vn -0.681582749 0.340726912 -0.647572577
vn 0.71326828 -0.00405753497 -0.700879395
vn -0.63121289 0.423044145 -0.650079906
vn 0.747706413 -0.122079246 -0.652711093
vn -0.790836513 0.165691406 -0.589172184
vn 0.673547208 -0.374979675 -0.636965096
vn -0.706273019 -0.207019314 -0.676994443
vn 0.351800323 -0.700620532 -0.620779693
vn -0.393928319 -0.0364036672 -0.918419957
vn 0.390486479 -0.400759518 -0.828801632
vn 0.618255377 -0.579350829 -0.53114301
vn -0.860367596 0.0135616027 -0.509493649
vn -0.259729445 -0.843140423 -0.470802367
vn -0.582897663 0.553977191 -0.594423771
vn 0.797151089 0.115967564 -0.592538297
vn 0.566123247 0.63884747 -0.520939827
vn -0.146891803 0.852389574 -0.501851261
vn 0.949777186 0.208507746 0.233340591
vn 0.945762515 0.163450018 0.280744255
vn 0.864833295 -0.443913668 0.234529182
vn -0.224678576 -0.137596026 0.964669287
vn -0.466528684 -0.396144986 0.790835023
vn 0.303224921 0.738047361 -0.602777421
vn 0.0500932708 0.0355860144 0.998110414
vn 0.0731222332 0.574556231 -0.815192163
vn 0.379006118 -0.917853296 0.117897019
vn 0.720860839 0.676689982 0.149833977
vn 0.945762515 0.163450018 0.280744255
vn 0.379006118 -0.917853296 0.117897019
vn 0.480796367 -0.143806264 0.864959419
vn -0.0625672191 0.61255455 -0.787948132
vn 0.456973046 -0.321008414 0.829535604
vn -0.280973345 0.871445835 0.402040184
vn -0.442871332 0.885853648 0.138305396
vn -0.507513642 0.780242264 0.365584195
vn -0.726414979 -0.66651392 0.167572051
vn -0.971893847 -0.1506387 0.180915147
vn -0.507513642 0.780242264 0.365584195
vn -0.656571925 -0.75394839 0.0217956472
vn -0.720861018 0.676690102 0.149832919
vn -0.050093364 0.0355860628 0.998110414
vn -0.0731220096 0.574556172 -0.815192163
vn -0.303224951 0.738047361 -0.602777541
vn 0.224678576 -0.137595996 0.964669287
vn -0.945762515 0.163450077 0.280744195
vn -0.502031624 -0.86477536 -0.0113017615
vn 0.466528684 -0.396144986 0.790835023
vn -0.253065377 -0.966185808 -0.0494246036
vn -0.379006118 -0.917853296 0.117897019
vn -0.379006118 -0.917853296 0.117897019
vn -0.253065377 -0.966185808 -0.0494246036
vn -0.919818103 -0.389210433 0.049494952
vn -0.945762515 0.163450077 0.280744195
vn -0.253065377 -0.966185808 -0.0494246036
vn -0.898259163 -0.410967857 -0.155678436
vn -0.93912226 -0.273576468 -0.207858756
vn -0.929827988 -0.348830074 -0.117206715
vn -0.826719403 -0.327109247 -0.457749337
vn -0.855427802 -0.451102257 0.254460365
vn 0.123169214 -0.969213665 0.213200107
vn -0.294634849 -0.954421282 0.0476470925
vn -0.294634849 -0.954421282 0.0476470925
vn -0.379006118 -0.917853296 0.117897019
vn -0.818288863 -0.556533813 0.143782839
vn -0.368856043 -0.928258896 0.0477548353
vn 0.561871767 -0.80870837 0.174042985
vn -0.516001582 -0.251123577 0.818950057
vn 0.295236945 -0.130206555 0.946510136
vn 0.0850420743 0.505155265 0.858828306
vn 0.840006053 -0.297941744 0.453453928
vn 0.726414979 -0.66651392 0.167572051
vn 0.48412627 -0.862458766 0.147603139
vn 0.936171293 -0.219338357 0.274725467
vn 0.785110533 -0.140573233 0.603191972
vn 0.507513702 0.780242264 0.365584314
vn 0.32989338 0.0219316278 0.943763435
vn -0.420746475 0.323102236 0.84768939
vn -0.446292013 0.436345398 0.781297684
vn -0.915923595 -0.28453508 0.283061236
vn -0.379006118 -0.917853296 0.117897019
vn -0.864833295 -0.443913668 0.234529138
vn -0.784108639 -0.013811023 0.620470047
vn -0.949777186 0.208507761 0.233340591
vn -0.0754297078 0.3344374 0.939394534
vn -0.446292013 0.436345398 0.781297684
vn -0.368856043 -0.928258896 0.0477548353
vn -0.956628799 0.259474277 0.132417411
vn -0.614924848 0.14626579 0.774902463
vn 0.892259002 0.335267574 0.302439153
vn 0.308338135 0.271811962 0.91161716
vn 0.647582829 0.686797917 0.330068231
vn -0.0201554429 0.409537673 0.912070513
vn 0.0890993029 0.934955001 0.343395501
vn -0.397819161 0.324811637 0.858042777
vn -0.601961374 0.751178324 0.270875782
vn -0.956628799 0.259474277 0.132417411
vn -0.614924848 0.14626579 0.774902463
vn 0.101665482 0.992899656 0.0617598854
vn -0.593370557 0.804547131 -0.0248044636
vn -0.547585428 0.815895081 -0.185648561
vn 0.155383483 0.984607995 -0.0800181925
vn -0.561554253 0.825647056 -0.0544405282
vn -0.884739518 0.386196941 -0.260936618
vn -0.883001149 0.39251855 -0.257367849
vn 0.237266511 0.970076799 0.0515321158
vn -0.615772247 0.734685481 0.284713358
vn 0.262200356 0.879859626 0.396355987
vn -0.38371411 0.230654076 0.894182444
vn -0.932321429 0.335066944 0.136039704
vn -0.610054016 0.219388157 0.761382163
vn 0.0349601358 0.268966168 0.962514997
vn -0.493477225 0.232290521 0.838165462
vn 0.192603335 0.34544754 0.918460667
vn 0.443977565 0.392007232 0.80573833
vn 0.300872356 0.378251731 0.875443578
vn 0.481179029 0.416512191 0.771352291
vn 0.449238569 0.502343774 0.738806725
vn 0.942953348 0.016554052 0.332513362
vn 0.9334535 -0.287207365 -0.214887023
vn 0.779113948 0.560113907 0.281520545
vn 0.818078518 0.496294975 0.29058373
vn 0.768457472 0.623554349 -0.143711179
vn 0.998097837 0.0102072358 0.0608000755
vn -0.726754129 0.185146511 0.661475062
vn 0.267799348 0.897624612 0.350076407
vn -0.667602181 0.715548635 0.205663487
vn -0.976050675 0.0258554015 -0.216001168
vn -0.667602181 0.715548635 0.205663487
vn 0.975057542 0.212756768 -0.0632247254
vn 0.732308269 0.679521978 -0.0444349572
vn 0.669452786 0.741851926 -0.03858307
vn 0.656637847 0.747593641 0.0996519104
vn 0.902231872 0.42180261 0.0897790864
vn 0.971893907 -0.15063867 0.180915147
vn 0.972156346 -0.226613924 0.0596495979
vn 0.758099139 -0.617168903 0.210685059
vn 0.996373355 -0.0789484456 0.031737484
vn 0.989834547 -0.121392146 0.0741054788
vn 0.884378433 -0.229021251 0.406723648
vn 0.48412627 -0.862458766 0.147603139
vn 0.961770356 -0.0703139976 -0.26467675
vn 0.97703141 -0.140361965 -0.160337165
vn 0.149689049 -0.97112751 -0.185753793
vn -0.826719403 -0.327109247 -0.457749337
vn 0.168486148 -0.832760334 -0.527373254
vn -0.477245063 -0.371845931 -0.796220839
vn -0.820227623 -0.388996035 -0.419414729
vn -0.484579176 -0.61471355 -0.622342587
vn -0.445006549 -0.868210554 -0.219498679
vn -0.697568417 -0.634718895 -0.33246088
vn -0.62452209 -0.775712252 -0.0907893777
vn -0.971243441 -0.191333085 -0.141696006
vn -0.499199659 -0.765560508 -0.405853182
vn 0.0822602734 -0.996526778 0.0129450588
vn 0.143077224 -0.967377245 -0.209069744
vn 0.7435233 -0.615746558 -0.260824353
vn 0.760857046 -0.645305514 0.0683918819
vn 0.17344451 -0.850948691 -0.495785624
vn 0.723815739 -0.684100151 -0.0899872929
vn 0.906981468 -0.331946254 -0.259222656
vn 0.752099097 -0.502702057 -0.426189631
vn 0.758687556 -0.278758228 -0.588801324
vn 0.995844662 -0.0694763809 -0.0588761382
vn 0.905644596 0.372894228 -0.201885372
vn 0.876050174 0.480531901 0.0403145589
vn 0.9334535 -0.287207365 -0.214887023
vn -0.253065377 -0.966185808 -0.0494246036
vn -0.379006118 -0.917853296 0.117897019
vn -0.480796367 -0.143806234 0.864959419
vn 0.280973285 0.871445894 0.402039915
vn 0.88190645 -0.34832868 0.317660391
vn 0.840298951 -0.413241327 0.350897789
vn -0.456973046 -0.321008444 0.829535604
vn 0.0625673905 0.61255455 -0.787948072
vn 0.442871302 0.885853589 0.138305455
vn 0.758099139 -0.617168903 0.210685059
vn 0.726414979 -0.66651392 0.167572051
vn 0.971893907 -0.15063867 0.180915147
vn -0.614924848 0.14626579 0.774902463
vn 0.134386793 0.0290433336 0.990503311
vn -0.784108639 -0.013811023 0.620470047
vn 0.118936278 -0.331488669 0.935932338
vn -0.397819161 0.324811637 0.858042777
vn -0.0679182261 -0.417853475 0.905972242
vn -0.0201554429 0.409537673 0.912070513
vn -0.237178817 -0.405101687 0.882971585
vn 0.308338135 0.271811962 0.91161716
vn -0.508201957 -0.316443086 0.800995946
vn 0.32989338 0.0219316278 0.943763435
vn -0.923698306 0.211087763 0.319723666
vn 0.32989338 0.0219316278 0.943763435
vn -0.420746475 0.323102236 0.84768939
vn -0.420746475 0.323102236 0.84768939
vn -0.786929965 0.57368499 0.227214992
vn 0.0850420743 0.505155265 0.858828306
vn -0.390714973 0.83015728 0.397719324
vn 0.295236945 -0.130206555 0.946510136
vn -0.0644356608 0.893726408 0.443960816
vn -0.516001582 -0.251123577 0.818950057
vn -0.446292013 0.436345398 0.781297684
vn -0.389345884 0.903331101 0.180007711
vn 0.221221507 0.872670889 0.435323566
vn -0.446292013 0.436345398 0.781297684
vn 0.64114958 0.4552854 0.617772102
vn -0.0754297078 0.3344374 0.939394534
vn -0.784108639 -0.013811023 0.620470047
vn -0.610054016 0.219388157 0.761382163
vn -0.802596152 0.198833793 0.562409639
vn -0.726754129 0.185146511 0.661475062
vn -0.964104772 -0.242775857 0.107526906
vn -0.947660029 0.277925104 0.157155812
vn -0.932321429 0.335066944 0.136039704
vn -0.854115367 0.408296674 -0.322150052
vn -0.884739518 0.386196941 -0.260936618
vn -0.776143074 -0.481589615 -0.407029927
vn -0.776143074 -0.481589615 -0.407029927
vn -0.976050675 0.0258554015 -0.216001168
vn -0.908468664 0.0927666426 -0.407527983
vn -0.89693749 -0.30156219 -0.32336247
vn -0.883001149 0.39251855 -0.257367849
vn -0.946593642 0.309013456 -0.0920386389
vn -0.945762515 0.163450077 0.280744195
vn -0.946593642 0.309013456 -0.0920386389
vn 0.975057542 0.212756768 -0.0632247254
vn 0.875536561 -0.369630992 -0.311140686
vn 0.9334535 -0.287207365 -0.214887023
vn 0.481461018 -0.787222087 -0.385326624
vn 0.9334535 -0.287207365 -0.214887023
vn 0.7435233 -0.615746558 -0.260824353
vn 0.155274585 -0.879757643 -0.449351013
vn 0.143077224 -0.967377245 -0.209069744
vn -0.499199659 -0.765560508 -0.405853182
vn -0.259129137 -0.875566125 -0.407720596
vn -0.776143074 -0.481589615 -0.407029927
vn -0.687197626 -0.584749103 -0.4310776
vn -0.453930348 -0.103493579 -0.885006428
vn -0.667602181 0.715548635 0.205663487
vn -0.976050675 0.0258554015 -0.216001168
vn -0.358120322 0.621769667 -0.696528852
vn -0.776143074 -0.481589615 -0.407029927
vn -0.139305085 0.495170474 -0.857554793
vn -0.759385705 0.0465826765 -0.64897114
vn -0.687197626 -0.584749103 -0.4310776
vn -0.156765342 0.690391123 -0.706246912
vn 0.156792015 0.690701127 -0.705937803
vn 0.296079248 0.743743181 -0.599318922
vn 0.267799348 0.897624612 0.350076407
vn 0.975057542 0.212756768 -0.0632247254
vn -0.667602181 0.715548635 0.205663487
vn 0.0410377719 0.442967087 -0.895598114
vn 0.656820297 -0.0360909477 -0.753182948
vn 0.975057542 0.212756768 -0.0632247254
vn 0.749030232 0.347812474 -0.563897431
vn 0.875536561 -0.369630992 -0.311140686
vn 0.975057542 0.212756768 -0.0632247254
vn -0.090222612 0.86366421 -0.495927393
vn -0.328006804 0.843375444 -0.42559284
vn -0.259129137 -0.875566125 -0.407720596
vn 0.155274585 -0.879757643 -0.449351013
vn -0.0705235973 -0.991033733 0.113483809
vn 0.481461018 -0.787222087 -0.385326624
vn 0.61335814 -0.758089423 0.221567959
vn -0.747200608 -0.664356112 0.0179516189
vn -0.687197626 -0.584749103 -0.4310776
vn -0.956073165 -0.289663613 -0.0449345261
vn -0.998720586 0.0256852005 -0.0435599722
vn -0.759385705 0.0465826765 -0.64897114
vn 0.875536561 -0.369630992 -0.311140686
vn 0.931453288 -0.248001367 0.266251713
vn 0.749030232 0.347812474 -0.563897431
vn -0.575550616 0.732760787 -0.363047123
vn -0.139305085 0.495170474 -0.857554793
vn -0.677918971 0.428636611 -0.597240686
vn -0.708482325 -0.200081602 -0.67677182
vn -0.328527212 -0.853220522 -0.405073643
vn 0.126167819 -0.94880724 -0.289562553
vn 0.548423111 -0.791864634 -0.268667698
vn 0.819875181 -0.455267698 -0.34718287
vn 0.943339705 0.282750905 0.173671976
vn 0.749030232 0.347812474 -0.563897431
vn 0.392372608 0.772416294 -0.499416292
vn 0.783400238 0.238128215 -0.574089825
vn 0.0860531628 0.959817231 -0.267106295
vn 0.0410377719 0.442967087 -0.895598114
vn 0.548170984 -0.816909075 -0.179354891
vn 0.10037563 -0.983943105 -0.147582933
vn 0.809509933 -0.522199869 -0.268329948
vn 0.534660935 -0.843339264 -0.054005567
vn 0.877731502 -0.475515276 -0.058928851
vn 0.783400238 0.238128215 -0.574089825
vn 0.669191957 0.133712158 -0.730960429
vn 0.669191957 0.133712158 -0.730960429
vn 0.820537031 0.266172707 -0.505836964
vn -0.0275797062 -0.998695552 -0.0429715775
vn -0.390554875 -0.866610885 -0.310567856
vn -0.558503151 -0.821404099 -0.115627237
vn -0.706606984 -0.24226895 -0.664840102
vn -0.821252227 -0.115748242 -0.558701158
vn 0.0909693316 -0.995594323 -0.0227294136
vn -0.492834985 -0.860072792 -0.131865203
vn -0.778451562 -0.487463474 0.395465016
vn -0.139697179 0.168940023 0.975676179
vn 0.486929029 -0.870851874 -0.0672094151
vn 0.0304585807 0.268756866 0.962726295
vn 0.812078238 -0.571898699 -0.116020776
vn 0.904542804 -0.0210643299 0.425862283
vn 0.871145785 0.468041271 -0.148466617
vn -0.976949513 -0.0623131916 -0.204173192
vn -0.747706413 -0.122079246 -0.652711093
vn -0.673547208 -0.374979615 -0.636964977
vn -0.857638896 -0.480907261 0.182164133
vn -0.706606984 -0.24226895 -0.664840102
vn -0.821252227 -0.115748242 -0.558701158
vn -0.71326828 -0.0040575359 -0.700879395
vn -0.993708849 0.110914484 0.0155143794
vn 0.820537031 0.266172707 -0.505836964
vn -0.708482325 -0.200081602 -0.67677182
vn -0.734991074 0.522619963 -0.432037711
vn -0.73707521 0.341932386 -0.582925737
vn -0.651613116 0.668664157 -0.358173698
vn -0.328006804 0.843375444 -0.42559284
vn -0.706606984 -0.24226895 -0.664840102
vn 0.375183612 -0.776011765 0.506994069
vn -0.618255377 -0.579350829 -0.53114301
vn -0.229229689 -0.904434204 0.359795123
vn 0.259729385 -0.843140483 -0.470802277
vn -0.390486479 -0.400759518 -0.828801632
vn -0.798780322 0.0587530434 0.598747134
vn -0.450190693 -0.852177501 0.266686797
vn -0.351800293 -0.700620592 -0.620779693
vn -0.778451562 -0.487463474 0.395465016
vn -0.857638896 -0.480907261 0.182164133
vn -0.673547208 -0.374979615 -0.636964977
vn 0.875487506 -0.417565793 0.243229076
vn 0.259729385 -0.843140483 -0.470802277
vn 0.860367596 0.0135616008 -0.509493649
vn 0.393928379 -0.0364036746 -0.918419957
vn 0.706273019 -0.207019314 -0.676994443
vn 0.897791207 -0.253054023 0.360464543
vn 0.790836513 0.165691406 -0.589172184
vn 0.904542804 -0.0210643299 0.425862283
vn 0.5682832 0.550434232 0.611617923
vn 0.218511969 -0.648805559 0.728905976
vn -0.243956476 0.546672702 0.801020741
vn -0.243956476 0.546672702 0.801020741
vn -0.798780322 0.0587530434 0.598747134
vn 0.5682832 0.550434232 0.611617923
vn -0.139697179 0.168940023 0.975676179
vn -0.778451562 -0.487463474 0.395465016
vn 0.5682832 0.550434232 0.611617923
vn 0.0304585807 0.268756866 0.962726295
vn 0.904542804 -0.0210643299 0.425862283
vn -0.243956476 0.546672702 0.801020741
vn 0.218511969 -0.648805559 0.728905976
vn 0.375183612 -0.776011765 0.506994069
vn -0.797151089 0.115967527 -0.592538297
vn -0.566123247 0.63884747 -0.520939827
vn -0.813294649 0.562996924 0.146922603
vn -0.993708849 0.110914484 0.0155143794
vn -0.74582696 0.660044074 -0.0899111927
vn -0.734991074 0.522619963 -0.432037711
vn -0.73707521 0.341932386 -0.582925737
vn -0.697686613 0.711342037 -0.0850046873
vn -0.651613116 0.668664157 -0.358173698
vn -0.328006804 0.843375444 -0.42559284
vn -0.156765342 0.690391123 -0.706246912
vn -0.71326828 -0.0040575359 -0.700879395
vn 0.231584519 0.964815676 0.124496683
vn -0.566123247 0.63884747 -0.520939827
vn 0.146891803 0.852389574 -0.501851261
vn 0.226547956 0.971482635 -0.0699812621
vn 0.582897663 0.553977191 -0.594423771
vn 0.756928265 0.650431454 0.0632348061
vn 0.751153171 0.659990549 -0.0134707903
vn 0.681582689 0.340726912 -0.647572637
vn 0.790836513 0.165691406 -0.589172184
vn 0.63121289 0.423044145 -0.650079906
vn 0.491691858 0.740341902 -0.458402723
vn 0.39132908 0.757090271 -0.52314049
vn 0.0821420848 0.9515118 -0.296442091
vn -0.090222612 0.86366421 -0.495927393
vn 0.206557304 0.976339459 -0.0639946759
vn 0.783400238 0.238128215 -0.574089825
vn 0.156792015 0.690701127 -0.705937803
vn 0.0860531628 0.959817231 -0.267106295
vn 0.681582689 0.340726912 -0.647572637
vn -0.71326828 -0.0040575359 -0.700879395
vn -0.747706413 -0.122079246 -0.652711093
vn 0.63121289 0.423044145 -0.650079906
vn 0.790836513 0.165691406 -0.589172184
vn -0.673547208 -0.374979615 -0.636964977
vn 0.706273019 -0.207019314 -0.676994443
vn -0.351800293 -0.700620592 -0.620779693
vn 0.393928379 -0.0364036746 -0.918419957
vn -0.390486479 -0.400759518 -0.828801632
vn -0.618255377 -0.579350829 -0.53114301
vn 0.860367596 0.0135616008 -0.509493649
vn 0.259729385 -0.843140483 -0.470802277
vn 0.582897663 0.553977191 -0.594423771
vn -0.797151089 0.115967527 -0.592538297
vn -0.566123247 0.63884747 -0.520939827
vn 0.146891803 0.852389574 -0.501851261
vn -0.949777186 0.208507761 0.233340591
vn -0.864833295 -0.443913668 0.234529138
vn -0.945762515 0.163450077 0.280744195
vn 0.224678576 -0.137595996 0.964669287
vn -0.303224951 0.738047361 -0.602777541
vn -0.050093364 0.0355860628 0.998110414
vn -0.0731220096 0.574556172 -0.815192163
vn 0.466528684 -0.396144986 0.790835023
vn -0.379006118 -0.917853296 0.117897019
vn -0.720861018 0.676690102 0.149832919
vn -0.945762515 0.163450077 0.280744195
vn -0.379006118 -0.917853296 0.117897019
vn -0.480796367 -0.143806234 0.864959419
vn 0.0625673905 0.61255455 -0.787948072
vn 0.280973285 0.871445894 0.402039915
vn -0.456973046 -0.321008444 0.829535604
vn 0.442871302 0.885853589 0.138305455
vn 0.507513702 0.780242264 0.365584314
vn 0.726414979 -0.66651392 0.167572051
vn 0.971893907 -0.15063867 0.180915147
vn 0.507513702 0.780242264 0.365584314
g blue_war_f_pve_3_boots_0
f 3/3/3 2/2/2 1/1/1
f 3/3/3 1/1/1 4/4/4
f 4/4/4 1/1/1 5/5/5
f 2/2/2 6/6/6 1/1/1
f 5/5/5 1/1/1 7/7/7
f 8/8/8 7/7/7 1/1/1
f 1/1/1 6/6/6 8/8/8
f 9/9/9 8/8/8 6/6/6
f 8/8/8 10/10/10 7/7/7
f 9/9/9 11/11/11 8/8/8
f 13/13/13 8/8/8 12/12/12
f 16/16/16 15/15/15 14/14/14
f 17/17/17 14/14/14 15/15/15
f 14/14/14 18/18/18 16/16/16
f 18/18/18 14/14/14 19/19/19
f 19/19/19 20/20/20 18/18/18
f 21/21/21 19/19/19 14/14/14
f 19/19/19 21/21/21 22/22/22
f 23/23/23 21/21/21 14/14/14
f 24/24/24 22/22/22 21/21/21
f 14/14/14 25/25/25 24/24/24
f 25/25/25 26/26/26 24/24/24
f 27/27/27 24/24/24 26/26/26
f 27/27/27 28/28/28 24/24/24
f 27/27/27 29/29/29 28/28/28
f 30/30/30 28/28/28 29/29/29
f 30/30/30 31/31/31 28/28/28
f 32/32/32 28/28/28 31/31/31
f 28/28/28 32/32/32 33/33/33
f 34/34/34 28/28/28 33/33/33
f 34/34/34 24/24/24 28/28/28
f 34/34/34 22/22/22 24/24/24
f 35/35/35 34/34/34 33/33/33
f 36/36/36 33/33/33 32/32/32
f 33/33/33 36/36/36 37/37/37
f 38/38/38 37/37/37 36/36/36
f 31/31/31 39/39/39 32/32/32
f 36/36/36 32/32/32 39/39/39
f 36/36/36 39/39/39 38/38/38
f 29/29/29 27/27/27 40/40/40
f 26/26/26 41/41/41 40/40/40
f 26/26/26 42/42/42 41/41/41
f 43/43/43 41/41/41 42/42/42
f 41/41/41 43/43/43 44/44/44
f 45/45/45 44/44/44 43/43/43
f 44/44/44 46/46/46 41/41/41
f 46/46/46 47/47/47 41/41/41
f 26/26/26 40/40/40 48/48/48
f 45/45/45 49/49/49 44/44/44
f 50/50/50 44/44/44 49/49/49
f 37/37/37 38/38/38 51/51/51
f 38/38/38 52/52/52 51/51/51
f 53/53/53 51/51/51 52/52/52
f 52/52/52 54/54/54 53/53/53
f 55/55/55 53/53/53 54/54/54
f 54/54/54 56/56/56 55/55/55
f 57/57/57 55/55/55 56/56/56
f 57/57/57 56/56/56 58/58/58
f 59/59/59 58/58/58 56/56/56
f 55/55/55 57/57/57 60/60/60
f 61/61/61 60/60/60 57/57/57
f 61/61/61 62/62/62 60/60/60
f 63/63/63 60/60/60 62/62/62
f 62/62/62 64/64/64 63/63/63
f 64/64/64 62/62/62 65/65/65
f 66/66/66 65/65/65 62/62/62
f 62/62/62 61/61/61 66/66/66
f 67/67/67 63/63/63 64/64/64
f 64/64/64 68/68/68 67/67/67
f 69/69/69 67/67/67 68/68/68
f 68/68/68 70/70/70 69/69/69
f 68/68/68 71/71/71 70/70/70
f 65/65/65 71/71/71 64/64/64
f 68/68/68 64/64/64 71/71/71
f 72/72/72 70/70/70 71/71/71
f 73/73/73 69/69/69 70/70/70
f 70/70/70 74/74/74 73/73/73
f 75/75/75 73/73/73 74/74/74
f 75/75/75 76/76/76 73/73/73
f 77/77/77 73/73/73 76/76/76
f 73/73/73 77/77/77 69/69/69
f 76/76/76 78/78/78 77/77/77
f 79/79/79 77/77/77 78/78/78
f 80/80/80 79/79/79 78/78/78
f 80/80/80 78/78/78 81/81/81
f 82/82/82 69/69/69 77/77/77
f 69/69/69 82/82/82 67/67/67
f 82/82/82 77/77/77 83/83/83
f 79/79/79 83/83/83 77/77/77
f 79/79/79 80/80/80 83/83/83
f 84/84/84 83/83/83 80/80/80
f 80/80/80 85/85/85 84/84/84
f 83/83/83 84/84/84 85/85/85
f 83/83/83 85/85/85 82/82/82
f 72/72/72 86/86/86 70/70/70
f 74/74/74 70/70/70 86/86/86
f 75/75/75 74/74/74 87/87/87
f 88/88/88 87/87/87 74/74/74
f 86/86/86 89/89/89 74/74/74
f 76/76/76 75/75/75 90/90/90
f 87/87/87 90/90/90 75/75/75
f 76/76/76 90/90/90 78/78/78
f 81/81/81 78/78/78 91/91/91
f 82/82/82 85/85/85 92/92/92
f 92/92/92 67/67/67 82/82/82
f 67/67/67 92/92/92 63/63/63
f 93/93/93 63/63/63 92/92/92
f 93/93/93 94/94/94 63/63/63
f 60/60/60 63/63/63 94/94/94
f 60/60/60 94/94/94 55/55/55
f 53/53/53 55/55/55 94/94/94
f 94/94/94 95/95/95 53/53/53
f 94/94/94 93/93/93 95/95/95
f 51/51/51 53/53/53 95/95/95
f 51/51/51 95/95/95 96/96/96
f 37/37/37 51/51/51 96/96/96
f 97/97/97 96/96/96 95/95/95
f 97/97/97 35/35/35 96/96/96
f 98/98/98 96/96/96 35/35/35
f 98/98/98 35/35/35 33/33/33
f 35/35/35 97/97/97 99/99/99
f 99/99/99 100/100/100 35/35/35
f 101/101/101 35/35/35 100/100/100
f 35/35/35 101/101/101 102/102/102
f 101/101/101 100/100/100 22/22/22
f 34/34/34 101/101/101 22/22/22
f 100/100/100 99/99/99 103/103/103
f 104/104/104 103/103/103 99/99/99
f 99/99/99 97/97/97 104/104/104
f 22/22/22 100/100/100 105/105/105
f 100/100/100 103/103/103 105/105/105
f 105/105/105 19/19/19 22/22/22
f 106/106/106 19/19/19 105/105/105
f 105/105/105 107/107/107 106/106/106
f 105/105/105 103/103/103 107/107/107
f 108/108/108 106/106/106 107/107/107
f 106/106/106 108/108/108 109/109/109
f 110/110/110 109/109/109 108/108/108
f 110/110/110 111/111/111 109/109/109
f 112/112/112 109/109/109 111/111/111
f 111/111/111 113/113/113 112/112/112
f 114/114/114 112/112/112 113/113/113
f 115/115/115 114/114/114 113/113/113
f 113/113/113 116/116/116 115/115/115
f 113/113/113 111/111/111 116/116/116
f 117/117/117 115/115/115 116/116/116
f 117/117/117 116/116/116 118/118/118
f 119/119/119 118/118/118 116/116/116
f 109/109/109 18/18/18 106/106/106
f 108/108/108 120/120/120 110/110/110
f 120/120/120 116/116/116 111/111/111
f 111/111/111 110/110/110 120/120/120
f 108/108/108 107/107/107 120/120/120
f 120/120/120 121/121/121 116/116/116
f 119/119/119 116/116/116 121/121/121
f 121/121/121 122/122/122 119/119/119
f 85/85/85 119/119/119 122/122/122
f 119/119/119 85/85/85 118/118/118
f 121/121/121 120/120/120 123/123/123
f 124/124/124 123/123/123 120/120/120
f 123/123/123 124/124/124 104/104/104
f 123/123/123 104/104/104 121/121/121
f 103/103/103 104/104/104 124/124/124
f 124/124/124 107/107/107 103/103/103
f 124/124/124 120/120/120 107/107/107
f 125/125/125 121/121/121 104/104/104
f 122/122/122 121/121/121 125/125/125
f 126/126/126 122/122/122 125/125/125
f 122/122/122 126/126/126 85/85/85
f 125/125/125 104/104/104 97/97/97
f 125/125/125 97/97/97 127/127/127
f 125/125/125 127/127/127 126/126/126
f 95/95/95 127/127/127 97/97/97
f 127/127/127 95/95/95 93/93/93
f 127/127/127 93/93/93 126/126/126
f 92/92/92 126/126/126 93/93/93
f 126/126/126 92/92/92 85/85/85
f 118/118/118 85/85/85 80/80/80
f 128/128/128 118/118/118 80/80/80
f 130/130/130 129/129/129 14/14/14
f 133/133/133 132/132/132 131/131/131
f 132/132/132 134/134/134 131/131/131
f 135/135/135 131/131/131 134/134/134
f 132/132/132 136/136/136 134/134/134
f 132/132/132 133/133/133 136/136/136
f 137/137/137 134/134/134 136/136/136
f 134/134/134 138/138/138 135/135/135
f 134/134/134 137/137/137 138/138/138
f 139/139/139 135/135/135 138/138/138
f 140/140/140 138/138/138 137/137/137
f 143/143/143 142/142/142 141/141/141
f 144/144/144 141/141/141 142/142/142
f 141/141/141 145/145/145 143/143/143
f 146/146/146 143/143/143 145/145/145
f 145/145/145 147/147/147 146/146/146
f 148/148/148 146/146/146 147/147/147
f 147/147/147 149/149/149 148/148/148
f 150/150/150 148/148/148 149/149/149
f 149/149/149 151/151/151 150/150/150
f 152/152/152 150/150/150 151/151/151
f 154/154/154 153/153/153 152/152/152
f 156/156/156 155/155/155 152/152/152
f 157/157/157 155/155/155 156/156/156
f 157/157/157 158/158/158 155/155/155
f 157/157/157 159/159/159 158/158/158
f 158/158/158 159/159/159 160/160/160
f 161/161/161 160/160/160 159/159/159
f 162/162/162 160/160/160 161/161/161
f 158/158/158 160/160/160 163/163/163
f 163/163/163 155/155/155 158/158/158
f 164/164/164 163/163/163 160/160/160
f 165/165/165 164/164/164 162/162/162
f 160/160/160 166/166/166 164/164/164
f 167/167/167 165/165/165 162/162/162
f 142/142/142 165/165/165 167/167/167
f 142/142/142 167/167/167 168/168/168
f 171/171/171 170/170/170 169/169/169
f 172/172/172 169/169/169 170/170/170
f 171/171/171 169/169/169 173/173/173
f 174/174/174 173/173/173 169/169/169
f 175/175/175 171/171/171 173/173/173
f 173/173/173 114/114/114 175/175/175
f 173/173/173 174/174/174 114/114/114
f 175/175/175 114/114/114 171/171/171
f 176/176/176 114/114/114 174/174/174
f 114/114/114 115/115/115 171/171/171
f 115/115/115 177/177/177 171/171/171
f 170/170/170 171/171/171 178/178/178
f 170/170/170 178/178/178 172/172/172
f 179/179/179 172/172/172 178/178/178
f 114/114/114 176/176/176 180/180/180
f 112/112/112 114/114/114 180/180/180
f 180/180/180 181/181/181 112/112/112
f 112/112/112 181/181/181 109/109/109
f 181/181/181 16/16/16 109/109/109
f 18/18/18 109/109/109 16/16/16
f 181/181/181 180/180/180 182/182/182
f 176/176/176 182/182/182 180/180/180
f 182/182/182 183/183/183 181/181/181
f 16/16/16 181/181/181 183/183/183
f 183/183/183 49/49/49 16/16/16
f 45/45/45 16/16/16 49/49/49
f 45/45/45 184/184/184 16/16/16
f 61/61/61 57/57/57 185/185/185
f 58/58/58 185/185/185 57/57/57
f 185/185/185 66/66/66 61/61/61
f 186/186/186 74/74/74 89/89/89
f 189/189/189 188/188/188 187/187/187
f 188/188/188 189/189/189 190/190/190
f 190/190/190 189/189/189 191/191/191
f 192/192/192 191/191/191 189/189/189
f 189/189/189 193/193/193 192/192/192
f 192/192/192 194/194/194 191/191/191
f 191/191/191 194/194/194 195/195/195
f 192/192/192 196/196/196 194/194/194
f 192/192/192 197/197/197 196/196/196
f 197/197/197 192/192/192 198/198/198
f 199/199/199 196/196/196 197/197/197
f 200/200/200 194/194/194 196/196/196
f 196/196/196 201/201/201 200/200/200
f 202/202/202 201/201/201 196/196/196
f 196/196/196 203/203/203 202/202/202
f 204/204/204 202/202/202 203/203/203
f 204/204/204 205/205/205 202/202/202
f 206/206/206 201/201/201 202/202/202
f 206/206/206 202/202/202 207/207/207
f 201/201/201 208/208/208 200/200/200
f 210/210/210 202/202/202 209/209/209
f 210/210/210 209/209/209 211/211/211
f 212/212/212 211/211/211 209/209/209
f 211/211/211 212/212/212 213/213/213
f 214/214/214 213/213/213 212/212/212
f 214/214/214 215/215/215 213/213/213
f 216/216/216 213/213/213 215/215/215
f 215/215/215 217/217/217 216/216/216
f 218/218/218 216/216/216 217/217/217
f 220/220/220 219/219/219 218/218/218
f 223/223/223 222/222/222 221/221/221
f 223/223/223 224/224/224 222/222/222
f 225/225/225 222/222/222 224/224/224
f 222/222/222 226/226/226 221/221/221
f 227/227/227 221/221/221 226/226/226
f 226/226/226 228/228/228 227/227/227
f 229/229/229 227/227/227 228/228/228
f 230/230/230 227/227/227 229/229/229
f 224/224/224 231/231/231 225/225/225
f 232/232/232 225/225/225 231/231/231
f 233/233/233 232/232/232 231/231/231
f 230/230/230 229/229/229 234/234/234
f 230/230/230 234/234/234 235/235/235
f 236/236/236 234/234/234 229/229/229
f 229/229/229 228/228/228 236/236/236
f 237/237/237 236/236/236 228/228/228
f 226/226/226 238/238/238 228/228/228
f 237/237/237 228/228/228 238/238/238
f 226/226/226 222/222/222 238/238/238
f 239/239/239 238/238/238 222/222/222
f 222/222/222 225/225/225 239/239/239
f 240/240/240 239/239/239 225/225/225
f 241/241/241 240/240/240 232/232/232
f 232/232/232 242/242/242 241/241/241
f 242/242/242 232/232/232 243/243/243
f 233/233/233 244/244/244 242/242/242
f 245/245/245 242/242/242 244/244/244
f 245/245/245 241/241/241 242/242/242
f 246/246/246 244/244/244 233/233/233
f 233/233/233 247/247/247 246/246/246
f 240/240/240 248/248/248 239/239/239
f 240/240/240 241/241/241 248/248/248
f 249/249/249 239/239/239 248/248/248
f 239/239/239 249/249/249 238/238/238
f 250/250/250 248/248/248 241/241/241
f 248/248/248 250/250/250 251/251/251
f 248/248/248 251/251/251 249/249/249
f 252/252/252 251/251/251 250/250/250
f 241/241/241 253/253/253 250/250/250
f 254/254/254 250/250/250 253/253/253
f 250/250/250 255/255/255 252/252/252
f 256/256/256 252/252/252 255/255/255
f 257/257/257 249/249/249 251/251/251
f 249/249/249 257/257/257 258/258/258
f 258/258/258 238/238/238 249/249/249
f 257/257/257 259/259/259 258/258/258
f 258/258/258 259/259/259 260/260/260
f 261/261/261 260/260/260 259/259/259
f 257/257/257 262/262/262 259/259/259
f 263/263/263 259/259/259 262/262/262
f 263/263/263 262/262/262 264/264/264
f 265/265/265 264/264/264 262/262/262
f 251/251/251 266/266/266 257/257/257
f 262/262/262 257/257/257 266/266/266
f 262/262/262 266/266/266 265/265/265
f 267/267/267 265/265/265 266/266/266
f 251/251/251 252/252/252 266/266/266
f 268/268/268 266/266/266 252/252/252
f 266/266/266 268/268/268 267/267/267
f 269/269/269 267/267/267 268/268/268
f 270/270/270 269/269/269 268/268/268
f 263/263/263 264/264/264 271/271/271
f 272/272/272 271/271/271 264/264/264
f 272/272/272 264/264/264 273/273/273
f 274/274/274 273/273/273 264/264/264
f 261/261/261 271/271/271 275/275/275
f 271/271/271 276/276/276 263/263/263
f 272/272/272 277/277/277 271/271/271
f 278/278/278 271/271/271 277/277/277
f 271/271/271 278/278/278 260/260/260
f 270/270/270 268/268/268 279/279/279
f 252/252/252 279/279/279 268/268/268
f 270/270/270 280/280/280 269/269/269
f 281/281/281 269/269/269 280/280/280
f 270/270/270 282/282/282 280/280/280
f 283/283/283 280/280/280 282/282/282
f 282/282/282 270/270/270 284/284/284
f 282/282/282 284/284/284 285/285/285
f 282/282/282 285/285/285 286/286/286
f 286/286/286 283/283/283 282/282/282
f 287/287/287 286/286/286 285/285/285
f 287/287/287 285/285/285 288/288/288
f 289/289/289 288/288/288 285/285/285
f 289/289/289 285/285/285 290/290/290
f 289/289/289 290/290/290 291/291/291
f 291/291/291 290/290/290 292/292/292
f 293/293/293 292/292/292 290/290/290
f 290/290/290 294/294/294 293/293/293
f 295/295/295 293/293/293 294/294/294
f 295/295/295 294/294/294 296/296/296
f 297/297/297 296/296/296 294/294/294
f 289/289/289 291/291/291 298/298/298
f 299/299/299 289/289/289 298/298/298
f 300/300/300 298/298/298 291/291/291
f 301/301/301 290/290/290 285/285/285
f 290/290/290 301/301/301 294/294/294
f 302/302/302 294/294/294 301/301/301
f 294/294/294 302/302/302 297/297/297
f 303/303/303 297/297/297 302/302/302
f 302/302/302 301/301/301 304/304/304
f 305/305/305 302/302/302 304/304/304
f 304/304/304 244/244/244 305/305/305
f 246/246/246 305/305/305 244/244/244
f 305/305/305 246/246/246 306/306/306
f 303/303/303 302/302/302 306/306/306
f 305/305/305 306/306/306 302/302/302
f 304/304/304 307/307/307 244/244/244
f 304/304/304 284/284/284 307/307/307
f 284/284/284 304/304/304 301/301/301
f 301/301/301 285/285/285 284/284/284
f 307/307/307 284/284/284 270/270/270
f 270/270/270 256/256/256 307/307/307
f 255/255/255 307/307/307 256/256/256
f 245/245/245 307/307/307 255/255/255
f 308/308/308 244/244/244 307/307/307
f 247/247/247 306/306/306 309/309/309
f 225/225/225 232/232/232 240/240/240
f 312/312/312 311/311/311 310/310/310
f 313/313/313 310/310/310 311/311/311
f 311/311/311 314/314/314 313/313/313
f 310/310/310 313/313/313 315/315/315
f 313/313/313 314/314/314 316/316/316
f 313/313/313 316/316/316 315/315/315
f 317/317/317 316/316/316 314/314/314
f 318/318/318 315/315/315 316/316/316
f 316/316/316 317/317/317 319/319/319
f 316/316/316 319/319/319 318/318/318
f 320/320/320 319/319/319 317/317/317
f 322/322/322 321/321/321 310/310/310
f 323/323/323 321/321/321 322/322/322
f 323/323/323 322/322/322 324/324/324
f 324/324/324 322/322/322 325/325/325
f 326/326/326 325/325/325 322/322/322
f 325/325/325 326/326/326 327/327/327
f 328/328/328 327/327/327 326/326/326
f 322/322/322 328/328/328 326/326/326
f 322/322/322 310/310/310 328/328/328
f 329/329/329 328/328/328 310/310/310
f 329/329/329 310/310/310 330/330/330
f 331/331/331 329/329/329 330/330/330
f 334/334/334 333/333/333 332/332/332
f 334/334/334 336/336/336 335/335/335
f 334/334/334 335/335/335 337/337/337
f 338/338/338 337/337/337 335/335/335
f 338/338/338 339/339/339 337/337/337
f 341/341/341 315/315/315 340/340/340
f 341/341/341 342/342/342 315/315/315
f 344/344/344 236/236/236 343/343/343
f 237/237/237 343/343/343 236/236/236
f 344/344/344 345/345/345 236/236/236
f 234/234/234 236/236/236 345/345/345
f 345/345/345 346/346/346 234/234/234
f 235/235/235 234/234/234 346/346/346
f 343/343/343 237/237/237 260/260/260
f 260/260/260 347/347/347 258/258/258
f 238/238/238 258/258/258 347/347/347
f 343/343/343 348/348/348 278/278/278
f 259/259/259 263/263/263 276/276/276
f 351/351/351 350/350/350 349/349/349
f 352/352/352 349/349/349 350/350/350
f 349/349/349 352/352/352 353/353/353
f 354/354/354 353/353/353 352/352/352
f 353/353/353 354/354/354 355/355/355
f 356/356/356 355/355/355 354/354/354
f 355/355/355 356/356/356 357/357/357
f 358/358/358 357/357/357 356/356/356
f 358/358/358 359/359/359 357/357/357
f 360/360/360 357/357/357 359/359/359
f 361/361/361 360/360/360 359/359/359
f 351/351/351 362/362/362 350/350/350
f 363/363/363 350/350/350 362/362/362
f 363/363/363 362/362/362 364/364/364
f 365/365/365 364/364/364 362/362/362
f 368/368/368 367/367/367 366/366/366
f 370/370/370 369/369/369 367/367/367
f 371/371/371 367/367/367 369/369/369
f 369/369/369 372/372/372 371/371/371
f 373/373/373 371/371/371 372/372/372
f 370/370/370 367/367/367 374/374/374
f 373/373/373 372/372/372 375/375/375
f 368/368/368 377/377/377 376/376/376
f 380/380/380 379/379/379 378/378/378
f 381/381/381 378/378/378 379/379/379
f 380/380/380 382/382/382 379/379/379
f 383/383/383 382/382/382 380/380/380
f 380/380/380 384/384/384 383/383/383
f 382/382/382 386/386/386 385/385/385
f 389/389/389 388/388/388 387/387/387
f 387/387/387 388/388/388 390/390/390
f 387/387/387 390/390/390 391/391/391
f 392/392/392 389/389/389 387/387/387
f 391/391/391 393/393/393 387/387/387
f 394/394/394 387/387/387 393/393/393
f 387/387/387 394/394/394 392/392/392
f 395/395/395 392/392/392 394/394/394
f 396/396/396 394/394/394 393/393/393
f 395/395/395 394/394/394 397/397/397
f 399/399/399 398/398/398 394/394/394
f 402/402/402 401/401/401 400/400/400
f 403/403/403 400/400/400 401/401/401
f 404/404/404 400/400/400 403/403/403
f 404/404/404 405/405/405 400/400/400
f 405/405/405 404/404/404 406/406/406
f 407/407/407 400/400/400 405/405/405
f 407/407/407 405/405/405 408/408/408
f 407/407/407 409/409/409 400/400/400
f 408/408/408 410/410/410 407/407/407
f 411/411/411 400/400/400 410/410/410
f 411/411/411 410/410/410 412/412/412
f 413/413/413 412/412/412 410/410/410
f 413/413/413 410/410/410 414/414/414
f 413/413/413 414/414/414 415/415/415
f 416/416/416 415/415/415 414/414/414
f 416/416/416 414/414/414 417/417/417
f 418/418/418 417/417/417 414/414/414
f 418/418/418 414/414/414 419/419/419
f 414/414/414 420/420/420 419/419/419
f 420/420/420 414/414/414 410/410/410
f 408/408/408 420/420/420 410/410/410
f 420/420/420 421/421/421 419/419/419
f 419/419/419 422/422/422 418/418/418
f 419/419/419 423/423/423 422/422/422
f 424/424/424 422/422/422 423/423/423
f 422/422/422 425/425/425 418/418/418
f 417/417/417 418/418/418 425/425/425
f 425/425/425 422/422/422 424/424/424
f 415/415/415 426/426/426 413/413/413
f 412/412/412 426/426/426 427/427/427
f 412/412/412 427/427/427 428/428/428
f 429/429/429 428/428/428 427/427/427
f 427/427/427 430/430/430 429/429/429
f 431/431/431 429/429/429 430/430/430
f 432/432/432 430/430/430 427/427/427
f 432/432/432 427/427/427 433/433/433
f 412/412/412 434/434/434 426/426/426
f 431/431/431 430/430/430 435/435/435
f 436/436/436 435/435/435 430/430/430
f 424/424/424 423/423/423 437/437/437
f 424/424/424 437/437/437 438/438/438
f 439/439/439 438/438/438 437/437/437
f 438/438/438 439/439/439 440/440/440
f 441/441/441 440/440/440 439/439/439
f 440/440/440 441/441/441 442/442/442
f 443/443/443 442/442/442 441/441/441
f 443/443/443 444/444/444 442/442/442
f 445/445/445 442/442/442 444/444/444
f 441/441/441 446/446/446 443/443/443
f 447/447/447 443/443/443 446/446/446
f 447/447/447 446/446/446 448/448/448
f 449/449/449 448/448/448 446/446/446
f 448/448/448 449/449/449 450/450/450
f 450/450/450 451/451/451 448/448/448
f 452/452/452 448/448/448 451/451/451
f 448/448/448 452/452/452 447/447/447
f 453/453/453 450/450/450 449/449/449
f 450/450/450 453/453/453 454/454/454
f 455/455/455 454/454/454 453/453/453
f 454/454/454 455/455/455 456/456/456
f 454/454/454 456/456/456 457/457/457
f 454/454/454 457/457/457 450/450/450
f 451/451/451 450/450/450 457/457/457
f 458/458/458 457/457/457 456/456/456
f 459/459/459 456/456/456 455/455/455
f 456/456/456 459/459/459 460/460/460
f 461/461/461 460/460/460 459/459/459
f 461/461/461 459/459/459 462/462/462
f 463/463/463 462/462/462 459/459/459
f 459/459/459 455/455/455 463/463/463
f 462/462/462 463/463/463 464/464/464
f 465/465/465 464/464/464 463/463/463
f 465/465/465 466/466/466 464/464/464
f 464/464/464 466/466/466 467/467/467
f 468/468/468 463/463/463 455/455/455
f 455/455/455 453/453/453 468/468/468
f 465/465/465 463/463/463 469/469/469
f 468/468/468 469/469/469 463/463/463
f 466/466/466 465/465/465 469/469/469
f 469/469/469 470/470/470 466/466/466
f 471/471/471 466/466/466 470/470/470
f 470/470/470 469/469/469 471/471/471
f 471/471/471 469/469/469 468/468/468
f 460/460/460 472/472/472 456/456/456
f 458/458/458 456/456/456 472/472/472
f 461/461/461 473/473/473 460/460/460
f 474/474/474 460/460/460 473/473/473
f 472/472/472 460/460/460 475/475/475
f 476/476/476 475/475/475 460/460/460
f 467/467/467 477/477/477 464/464/464
f 473/473/473 461/461/461 477/477/477
f 462/462/462 477/477/477 461/461/461
f 462/462/462 464/464/464 477/477/477
f 468/468/468 478/478/478 471/471/471
f 478/478/478 468/468/468 453/453/453
f 453/453/453 449/449/449 478/478/478
f 479/479/479 478/478/478 449/449/449
f 479/479/479 449/449/449 480/480/480
f 446/446/446 480/480/480 449/449/449
f 446/446/446 441/441/441 480/480/480
f 439/439/439 480/480/480 441/441/441
f 480/480/480 439/439/439 481/481/481
f 480/480/480 481/481/481 479/479/479
f 437/437/437 481/481/481 439/439/439
f 437/437/437 482/482/482 481/481/481
f 437/437/437 423/423/423 482/482/482
f 483/483/483 481/481/481 482/482/482
f 483/483/483 482/482/482 421/421/421
f 484/484/484 421/421/421 482/482/482
f 421/421/421 484/484/484 419/419/419
f 483/483/483 421/421/421 485/485/485
f 485/485/485 421/421/421 486/486/486
f 487/487/487 486/486/486 421/421/421
f 487/487/487 421/421/421 488/488/488
f 486/486/486 487/487/487 408/408/408
f 487/487/487 420/420/420 408/408/408
f 486/486/486 489/489/489 485/485/485
f 490/490/490 485/485/485 489/489/489
f 485/485/485 490/490/490 483/483/483
f 486/486/486 408/408/408 491/491/491
f 489/489/489 486/486/486 491/491/491
f 405/405/405 491/491/491 408/408/408
f 405/405/405 492/492/492 491/491/491
f 493/493/493 491/491/491 492/492/492
f 489/489/489 491/491/491 493/493/493
f 492/492/492 494/494/494 493/493/493
f 492/492/492 495/495/495 494/494/494
f 496/496/496 494/494/494 495/495/495
f 496/496/496 495/495/495 497/497/497
f 498/498/498 497/497/497 495/495/495
f 497/497/497 498/498/498 499/499/499
f 500/500/500 499/499/499 498/498/498
f 500/500/500 501/501/501 499/499/499
f 499/499/499 501/501/501 502/502/502
f 499/499/499 502/502/502 497/497/497
f 503/503/503 502/502/502 501/501/501
f 503/503/503 504/504/504 502/502/502
f 505/505/505 502/502/502 504/504/504
f 495/495/495 492/492/492 404/404/404
f 506/506/506 494/494/494 496/496/496
f 506/506/506 497/497/497 502/502/502
f 496/496/496 497/497/497 506/506/506
f 493/493/493 494/494/494 506/506/506
f 505/505/505 507/507/507 502/502/502
f 506/506/506 502/502/502 507/507/507
f 507/507/507 505/505/505 508/508/508
f 471/471/471 508/508/508 505/505/505
f 471/471/471 505/505/505 504/504/504
f 506/506/506 507/507/507 509/509/509
f 509/509/509 510/510/510 506/506/506
f 509/509/509 490/490/490 510/510/510
f 509/509/509 507/507/507 490/490/490
f 489/489/489 510/510/510 490/490/490
f 493/493/493 510/510/510 489/489/489
f 506/506/506 510/510/510 493/493/493
f 511/511/511 490/490/490 507/507/507
f 507/507/507 508/508/508 511/511/511
f 508/508/508 512/512/512 511/511/511
f 512/512/512 508/508/508 471/471/471
f 511/511/511 483/483/483 490/490/490
f 511/511/511 513/513/513 483/483/483
f 513/513/513 511/511/511 512/512/512
f 481/481/481 483/483/483 513/513/513
f 513/513/513 479/479/479 481/481/481
f 513/513/513 512/512/512 479/479/479
f 478/478/478 479/479/479 512/512/512
f 512/512/512 471/471/471 478/478/478
f 471/471/471 504/504/504 466/466/466
f 504/504/504 514/514/514 466/466/466
f 516/516/516 515/515/515 400/400/400
f 519/519/519 518/518/518 517/517/517
f 519/519/519 517/517/517 520/520/520
f 521/521/521 520/520/520 517/517/517
f 519/519/519 520/520/520 522/522/522
f 518/518/518 519/519/519 522/522/522
f 523/523/523 522/522/522 520/520/520
f 520/520/520 521/521/521 524/524/524
f 520/520/520 524/524/524 523/523/523
f 525/525/525 524/524/524 521/521/521
f 526/526/526 523/523/523 524/524/524
f 529/529/529 528/528/528 527/527/527
f 530/530/530 527/527/527 528/528/528
f 527/527/527 530/530/530 531/531/531
f 532/532/532 531/531/531 530/530/530
f 531/531/531 532/532/532 533/533/533
f 534/534/534 533/533/533 532/532/532
f 533/533/533 534/534/534 535/535/535
f 536/536/536 535/535/535 534/534/534
f 535/535/535 536/536/536 537/537/537
f 538/538/538 537/537/537 536/536/536
f 540/540/540 539/539/539 538/538/538
f 542/542/542 541/541/541 538/538/538
f 542/542/542 543/543/543 541/541/541
f 543/543/543 542/542/542 544/544/544
f 545/545/545 543/543/543 544/544/544
f 544/544/544 546/546/546 545/545/545
f 547/547/547 545/545/545 546/546/546
f 546/546/546 548/548/548 547/547/547
f 544/544/544 549/549/549 546/546/546
f 549/549/549 544/544/544 542/542/542
f 550/550/550 546/546/546 549/549/549
f 546/546/546 550/550/550 551/551/551
f 552/552/552 548/548/548 550/550/550
f 552/552/552 553/553/553 548/548/548
f 552/552/552 528/528/528 553/553/553
f 553/553/553 528/528/528 554/554/554
f 557/557/557 556/556/556 555/555/555
f 558/558/558 555/555/555 556/556/556
f 555/555/555 558/558/558 559/559/559
f 559/559/559 560/560/560 555/555/555
f 558/558/558 561/561/561 559/559/559
f 500/500/500 559/559/559 561/561/561
f 559/559/559 500/500/500 560/560/560
f 500/500/500 561/561/561 558/558/558
f 562/562/562 560/560/560 500/500/500
f 501/501/501 500/500/500 558/558/558
f 556/556/556 563/563/563 558/558/558
f 556/556/556 557/557/557 563/563/563
f 501/501/501 558/558/558 564/564/564
f 565/565/565 563/563/563 557/557/557
f 562/562/562 500/500/500 566/566/566
f 500/500/500 498/498/498 566/566/566
f 567/567/567 566/566/566 498/498/498
f 567/567/567 498/498/498 495/495/495
f 567/567/567 495/495/495 403/403/403
f 404/404/404 403/403/403 495/495/495
f 562/562/562 566/566/566 568/568/568
f 567/567/567 568/568/568 566/566/566
f 403/403/403 569/569/569 567/567/567
f 568/568/568 567/567/567 569/569/569
f 569/569/569 403/403/403 435/435/435
f 431/431/431 435/435/435 403/403/403
f 570/570/570 431/431/431 403/403/403
f 444/444/444 443/443/443 571/571/571
f 447/447/447 571/571/571 443/443/443
f 571/571/571 447/447/447 452/452/452
f 574/574/574 573/573/573 572/572/572
f 573/573/573 576/576/576 575/575/575
f 577/577/577 575/575/575 576/576/576
f 575/575/575 577/577/577 578/578/578
f 579/579/579 578/578/578 577/577/577
f 579/579/579 580/580/580 578/578/578
f 581/581/581 578/578/578 580/580/580
f 580/580/580 582/582/582 581/581/581
f 583/583/583 581/581/581 582/582/582
f 583/583/583 582/582/582 584/584/584
f 586/586/586 585/585/585 584/584/584
f 587/587/587 584/584/584 585/585/585
f 586/586/586 584/584/584 588/588/588
f 589/589/589 584/584/584 587/587/587
f 589/589/589 590/590/590 584/584/584
f 584/584/584 590/590/590 591/591/591
f 589/589/589 587/587/587 592/592/592
f 592/592/592 587/587/587 593/593/593
f 594/594/594 593/593/593 587/587/587
f 594/594/594 587/587/587 595/595/595
f 595/595/595 596/596/596 594/594/594
f 597/597/597 595/595/595 587/587/587
f 593/593/593 594/594/594 598/598/598
f 594/594/594 599/599/599 598/598/598
f 599/599/599 594/594/594 600/600/600
f 601/601/601 598/598/598 599/599/599
f 599/599/599 602/602/602 601/601/601
f 599/599/599 603/603/603 602/602/602
f 593/593/593 598/598/598 604/604/604
f 605/605/605 589/589/589 592/592/592
f 608/608/608 607/607/607 606/606/606
f 607/607/607 608/608/608 609/609/609
f 610/610/610 609/609/609 608/608/608
f 608/608/608 606/606/606 611/611/611
f 612/612/612 611/611/611 606/606/606
f 611/611/611 612/612/612 613/613/613
f 614/614/614 613/613/613 612/612/612
f 612/612/612 615/615/615 614/614/614
f 609/609/609 610/610/610 616/616/616
f 617/617/617 616/616/616 610/610/610
f 617/617/617 618/618/618 616/616/616
f 615/615/615 619/619/619 614/614/614
f 619/619/619 615/615/615 620/620/620
f 621/621/621 614/614/614 619/619/619
f 614/614/614 621/621/621 613/613/613
f 622/622/622 613/613/613 621/621/621
f 622/622/622 623/623/623 613/613/613
f 611/611/611 613/613/613 623/623/623
f 611/611/611 623/623/623 608/608/608
f 624/624/624 608/608/608 623/623/623
f 608/608/608 624/624/624 610/610/610
f 625/625/625 610/610/610 624/624/624
f 610/610/610 625/625/625 617/617/617
f 626/626/626 617/617/617 625/625/625
f 617/617/617 626/626/626 627/627/627
f 617/617/617 627/627/627 628/628/628
f 618/618/618 627/627/627 629/629/629
f 630/630/630 629/629/629 627/627/627
f 630/630/630 627/627/627 626/626/626
f 629/629/629 631/631/631 618/618/618
f 632/632/632 618/618/618 631/631/631
f 625/625/625 624/624/624 633/633/633
f 625/625/625 633/633/633 626/626/626
f 634/634/634 633/633/633 624/624/624
f 624/624/624 623/623/623 634/634/634
f 635/635/635 626/626/626 633/633/633
f 633/633/633 636/636/636 635/635/635
f 633/633/633 634/634/634 636/636/636
f 637/637/637 635/635/635 636/636/636
f 626/626/626 635/635/635 638/638/638
f 639/639/639 638/638/638 635/635/635
f 635/635/635 637/637/637 640/640/640
f 641/641/641 640/640/640 637/637/637
f 642/642/642 636/636/636 634/634/634
f 642/642/642 634/634/634 643/643/643
f 643/643/643 634/634/634 623/623/623
f 644/644/644 642/642/642 643/643/643
f 643/643/643 645/645/645 644/644/644
f 646/646/646 644/644/644 645/645/645
f 642/642/642 644/644/644 647/647/647
f 648/648/648 647/647/647 644/644/644
f 648/648/648 649/649/649 647/647/647
f 650/650/650 647/647/647 649/649/649
f 647/647/647 651/651/651 642/642/642
f 647/647/647 650/650/650 651/651/651
f 636/636/636 642/642/642 651/651/651
f 652/652/652 651/651/651 650/650/650
f 636/636/636 651/651/651 637/637/637
f 653/653/653 637/637/637 651/651/651
f 651/651/651 652/652/652 653/653/653
f 654/654/654 653/653/653 652/652/652
f 654/654/654 655/655/655 653/653/653
f 648/648/648 656/656/656 649/649/649
f 657/657/657 649/649/649 656/656/656
f 657/657/657 658/658/658 649/649/649
f 659/659/659 649/649/649 658/658/658
f 656/656/656 646/646/646 660/660/660
f 656/656/656 648/648/648 661/661/661
f 644/644/644 661/661/661 648/648/648
f 657/657/657 656/656/656 662/662/662
f 663/663/663 662/662/662 656/656/656
f 656/656/656 645/645/645 663/663/663
f 637/637/637 653/653/653 664/664/664
f 655/655/655 664/664/664 653/653/653
f 645/645/645 643/643/643 665/665/665
f 623/623/623 665/665/665 643/643/643
f 622/622/622 666/666/666 645/645/645
f 622/622/622 621/621/621 666/666/666
f 667/667/667 666/666/666 621/621/621
f 667/667/667 621/621/621 668/668/668
f 619/619/619 668/668/668 621/621/621
f 668/668/668 619/619/619 669/669/669
f 620/620/620 669/669/669 619/619/619
f 666/666/666 663/663/663 670/670/670
f 673/673/673 672/672/672 671/671/671
f 674/674/674 671/671/671 672/672/672
f 675/675/675 672/672/672 673/673/673
f 673/673/673 671/671/671 676/676/676
f 673/673/673 677/677/677 675/675/675
f 673/673/673 676/676/676 677/677/677
f 678/678/678 675/675/675 677/677/677
f 679/679/679 677/677/677 676/676/676
f 677/677/677 680/680/680 678/678/678
f 680/680/680 677/677/677 679/679/679
f 681/681/681 678/678/678 680/680/680
f 683/683/683 682/682/682 671/671/671
f 683/683/683 684/684/684 682/682/682
f 682/682/682 684/684/684 685/685/685
f 685/685/685 686/686/686 682/682/682
f 687/687/687 682/682/682 686/686/686
f 686/686/686 688/688/688 687/687/687
f 689/689/689 687/687/687 688/688/688
f 689/689/689 682/682/682 687/687/687
f 682/682/682 689/689/689 671/671/671
f 690/690/690 671/671/671 689/689/689
f 671/671/671 690/690/690 691/691/691
f 690/690/690 692/692/692 691/691/691
f 695/695/695 694/694/694 693/693/693
f 697/697/697 694/694/694 696/696/696
f 694/694/694 698/698/698 696/696/696
f 699/699/699 696/696/696 698/698/698
f 700/700/700 699/699/699 698/698/698
f 676/676/676 702/702/702 701/701/701
f 703/703/703 702/702/702 676/676/676
f 706/706/706 705/705/705 704/704/704
f 706/706/706 704/704/704 707/707/707
f 708/708/708 706/706/706 707/707/707
f 707/707/707 709/709/709 708/708/708
f 710/710/710 708/708/708 709/709/709
f 708/708/708 710/710/710 711/711/711
f 712/712/712 711/711/711 710/710/710
f 712/712/712 713/713/713 711/711/711
f 714/714/714 711/711/711 713/713/713
f 715/715/715 707/707/707 704/704/704
f 706/706/706 708/708/708 716/716/716
f 706/706/706 716/716/716 717/717/717
f 718/718/718 717/717/717 716/716/716
f 719/719/719 716/716/716 708/708/708
f 708/708/708 711/711/711 719/719/719
f 718/718/718 716/716/716 720/720/720
f 721/721/721 720/720/720 716/716/716
f 719/719/719 722/722/722 716/716/716
f 721/721/721 716/716/716 722/722/722
f 721/721/721 722/722/722 655/655/655
f 655/655/655 723/723/723 721/721/721
f 655/655/655 654/654/654 723/723/723
f 724/724/724 723/723/723 654/654/654
f 725/725/725 721/721/721 723/723/723
f 725/725/725 720/720/720 721/721/721
f 726/726/726 655/655/655 722/722/722
f 722/722/722 727/727/727 726/726/726
f 722/722/722 719/719/719 727/727/727
f 655/655/655 726/726/726 641/641/641
f 640/640/640 641/641/641 726/726/726
f 726/726/726 630/630/630 640/640/640
f 727/727/727 629/629/629 726/726/726
f 727/727/727 728/728/728 629/629/629
f 631/631/631 629/629/629 728/728/728
f 728/728/728 729/729/729 631/631/631
f 730/730/730 728/728/728 727/727/727
f 728/728/728 730/730/730 729/729/729
f 731/731/731 726/726/726 629/629/629
f 730/730/730 727/727/727 719/719/719
f 730/730/730 719/719/719 711/711/711
f 711/711/711 714/714/714 730/730/730
f 732/732/732 730/730/730 714/714/714
f 732/732/732 729/729/729 730/730/730
f 632/632/632 733/733/733 729/729/729
f 736/736/736 735/735/735 734/734/734
f 737/737/737 734/734/734 735/735/735
f 734/734/734 738/738/738 736/736/736
f 739/739/739 736/736/736 738/738/738
f 738/738/738 740/740/740 739/739/739
f 741/741/741 739/739/739 740/740/740
f 740/740/740 742/742/742 741/741/741
f 743/743/743 741/741/741 742/742/742
f 743/743/743 742/742/742 744/744/744
f 745/745/745 744/744/744 742/742/742
f 745/745/745 746/746/746 744/744/744
f 737/737/737 735/735/735 747/747/747
f 748/748/748 747/747/747 735/735/735
f 748/748/748 749/749/749 747/747/747
f 750/750/750 747/747/747 749/749/749
f 753/753/753 752/752/752 751/751/751
f 755/755/755 754/754/754 753/753/753
f 754/754/754 755/755/755 756/756/756
f 757/757/757 756/756/756 755/755/755
f 758/758/758 753/753/753 754/754/754
f 753/753/753 758/758/758 759/759/759
f 756/756/756 757/757/757 760/760/760
f 762/762/762 752/752/752 761/761/761
f 765/765/765 764/764/764 763/763/763
f 766/766/766 763/763/763 764/764/764
f 767/767/767 766/766/766 764/764/764
f 767/767/767 768/768/768 766/766/766
f 769/769/769 766/766/766 768/768/768
f 771/771/771 767/767/767 770/770/770
