g Blue_asn_pve_2_glaive
v 0.0782476217 -5.6261415E-05 -0.541522563
v 0.0879409164 -0.0879975557 -0.526697397
v 0.124367438 -5.62771311E-05 -0.526697397
v 0.055329293 -0.0553859137 -0.541522563
v -4.00257221E-07 -0.124424003 -0.526697397
v -3.86105341E-07 -0.0783042014 -0.541522563
v -0.0879416838 -0.0879975036 -0.526697397
v -0.0553300381 -0.055385869 -0.541522563
v -0.124368139 -5.61742672E-05 -0.526697397
v -0.0782482997 -5.61817687E-05 -0.541522563
v -0.0879416093 0.0878850892 -0.526697278
v -0.055329971 0.0552734695 -0.541522563
v -3.0547875E-07 0.124311551 -0.526697278
v -3.16755433E-07 0.0781917349 -0.541522563
v 0.0879410058 0.0878850073 -0.526697278
v 0.0553293675 0.055273395 -0.541522563
v 0.124367438 -5.62771311E-05 -0.526697397
v 0.0782476217 -5.6261415E-05 -0.541522563
v -3.52361383E-07 -0.123019055 -0.127186999
v 0.0869474187 -0.0870040879 -0.127186984
v 0.122962378 -5.63579815E-05 -0.127186969
v -0.122962996 -5.63356625E-05 -0.127186969
v -0.0869480893 -0.0870040804 -0.127186984
v -3.43837883E-07 0.122906342 -0.12718688
v -0.0869480669 0.0868914425 -0.127186939
v 0.0869474486 0.0868913829 -0.127186939
v 0.122962378 -5.63579815E-05 -0.127186969
v 0.122252993 -5.6373312E-05 -0.0684198141
v 0.0864458382 -0.0865025297 -0.00769636314
v 0.122253008 -5.63963877E-05 -0.00769634219
v 0.0864458233 -0.0865025297 -0.0684198365
v -2.950338E-07 -0.122309692 -0.00769637153
v -3.23644002E-07 -0.122309692 -0.0684198439
v -0.0864464194 -0.0865025371 -0.00769636314
v -0.0864464566 -0.0865025297 -0.0684198365
v -0.122253619 -5.64052752E-05 -0.00769634219
v -0.122253656 -5.63822068E-05 -0.0684198141
v -0.0864464343 0.0863897279 -0.00769632123
v -0.0864464715 0.0863897577 -0.0684197992
v -3.05798039E-07 0.122196861 -0.00769638922
v -3.3440827E-07 0.12219692 -0.0684197098
v 0.0864458531 0.0863897055 -0.00769632123
v 0.0864458382 0.0863897279 -0.0684197992
v 0.122253008 -5.63963877E-05 -0.00769634219
v 0.122252993 -5.6373312E-05 -0.0684198141
v 0.0718803033 -0.0733644292 -0.110338092
v 0.102245502 -5.6360037E-05 -0.110338077
v 0.122962378 -5.63579815E-05 -0.127186969
v 0.0869474187 -0.0870040879 -0.127186984
v -0.00142779003 -0.103729628 -0.110338107
v -3.52361383E-07 -0.123019055 -0.127186999
v -0.0747358501 -0.0733644292 -0.110338092
v -3.52361383E-07 -0.123019055 -0.127186999
v -0.0869480893 -0.0870040804 -0.127186984
v -0.105101041 -5.63444846E-05 -0.110338077
v -0.122962996 -5.63356625E-05 -0.127186969
v -0.0747358277 0.0732517242 -0.110338055
v -0.0869480669 0.0868914425 -0.127186939
v -0.00142776826 0.103616901 -0.11033801
v -3.43837883E-07 0.122906342 -0.12718688
v 0.0718803182 0.0732516795 -0.110338055
v 0.0869474486 0.0868913829 -0.127186939
v 0.102245502 -5.6360037E-05 -0.110338077
v 0.0869474486 0.0868913829 -0.127186939
v 0.122962378 -5.63579815E-05 -0.127186969
v 0.0782476217 -5.6261415E-05 -0.541522563
v 0.055329293 -0.0553856902 -1.68102002
v 0.055329293 -0.0553859137 -0.541522563
v 0.0782476142 -5.60395529E-05 -1.68102002
v -3.86105313E-07 -0.0783039778 -1.68102002
v -3.86105341E-07 -0.0783042014 -0.541522563
v -0.0553300381 -0.0553856455 -1.68102002
v -0.0553300381 -0.055385869 -0.541522563
v -0.0782482997 -5.59598993E-05 -1.68102002
v -0.0782482997 -5.61817687E-05 -0.541522563
v -0.055329971 0.0552736931 -1.68102002
v -0.055329971 0.0552734695 -0.541522563
v -3.16755376E-07 0.0781919584 -1.68102002
v -3.16755433E-07 0.0781917349 -0.541522563
v 0.0553293675 0.0552736185 -1.68102002
v 0.0553293675 0.055273395 -0.541522563
v 0.0782476142 -5.60395529E-05 -1.68102002
v 0.0782476217 -5.6261415E-05 -0.541522563
v 0.126444131 4.37866021E-07 -1.9483999
v 0.135286316 -0.135286078 -1.86246669
v 0.191323817 4.26813187E-07 -1.86246669
v 0.0894094482 -0.0894091949 -1.9483999
v 0.0961757377 -0.096175544 -1.72533596
v 0.136013091 4.04714825E-07 -1.72533596
v -2.00550431E-07 -0.191323623 -1.86246669
v -2.19364097E-07 -0.126443923 -1.9483999
v -1.63588538E-07 -0.136012942 -1.72533596
v -0.135286719 -0.135286123 -1.86246669
v -0.0894098282 -0.0894091874 -1.9483999
v -0.0961761177 -0.0961755738 -1.72533596
v -0.191324249 4.25042657E-07 -1.86246669
v -0.126444533 4.82803273E-07 -1.9483999
v -0.136013493 3.38687641E-07 -1.72533596
v -0.0961761177 0.0961762667 -1.72533596
v -0.135286704 0.135286912 -1.86246669
v -0.126444533 4.82803273E-07 -1.9483999
v -0.0894098058 0.0894101411 -1.9483999
v -1.99992655E-07 0.191324383 -1.86246669
v -1.81178962E-07 0.126444787 -1.9483999
v -2.36954577E-07 0.136013642 -1.72533596
v 0.135286316 0.135286897 -1.86246669
v 0.0894094929 0.0894100815 -1.9483999
v 0.0961757377 0.0961762592 -1.72533596
v 0.191323817 4.26813187E-07 -1.86246669
v 0.126444131 4.37866021E-07 -1.9483999
v 0.136013091 4.04714825E-07 -1.72533596
v 0.0777193457 0.0777199045 -1.71377957
v 0.109911829 3.98515368E-07 -1.71377957
v 0.111014843 3.93025999E-07 -1.68510652
v 0.0784992874 0.0784998387 -1.68510652
v -2.12285514E-07 0.109912395 -1.71377957
v -2.40729207E-07 0.111015394 -1.68510652
v -0.0777197629 0.0777199194 -1.71377957
v -0.0784996599 0.0784998462 -1.68510652
v -0.109912232 3.53439532E-07 -1.71377957
v -0.11101523 3.39137699E-07 -1.68510652
v -0.0777197033 -0.0777191967 -1.71377957
v -0.0784996748 -0.0784991458 -1.68510652
v -1.88257573E-07 -0.109911665 -1.71377957
v -1.78887376E-07 -0.111014687 -1.68510652
v 0.0777193531 -0.0777191669 -1.71377957
v 0.0784993023 -0.0784991235 -1.68510652
v 0.109911829 3.98515368E-07 -1.71377957
v 0.111014843 3.93025999E-07 -1.68510652
v 0.109911829 3.98515368E-07 -1.71377957
v 0.055329293 -0.0553856902 -1.68102002
v 0.0782476142 -5.60395529E-05 -1.68102002
v 0.111014843 3.93025999E-07 -1.68510652
v 0.0894094482 -0.0894091949 -1.9483999
v 0.126444131 4.37866021E-07 -1.9483999
v 0.0894094929 0.0894100815 -1.9483999
v -1.81178962E-07 0.126444787 -1.9483999
v -2.19364097E-07 -0.126443923 -1.9483999
v -0.0894098058 0.0894101411 -1.9483999
v -0.0894098282 -0.0894091874 -1.9483999
v -0.126444533 4.82803273E-07 -1.9483999
v -3.86105313E-07 -0.0783039778 -1.68102002
v -0.0553300381 -0.0553856455 -1.68102002
v -0.0782482997 -5.59598993E-05 -1.68102002
v -0.055329971 0.0552736931 -1.68102002
v -3.86105313E-07 -0.0783039778 -1.68102002
v 0.055329293 -0.0553856902 -1.68102002
v -0.055329971 0.0552736931 -1.68102002
v -3.16755376E-07 0.0781919584 -1.68102002
v 0.0553293675 0.0552736185 -1.68102002
v 0.111014843 3.93025999E-07 -1.68510652
v 0.0782476142 -5.60395529E-05 -1.68102002
v 0.359443456 -0.0175060071 -2.0384624
v 0.401351243 2.46264932E-07 -1.99941826
v 0.401695997 2.72347734E-07 -2.10895777
v 0.327845842 2.77130965E-07 -2.08224916
v 0.285075873 -0.0175069645 -2.04090548
v 0.252374083 -0.0175064784 -1.97307217
v 0.328431517 -0.0175068807 -1.93901575
v 0.260844022 -0.0175067764 -1.88537681
v 0.234620988 -0.0175061561 -2.07981849
v 0.195461631 -0.0175065529 -2.02481222
v 0.163333133 2.78996396E-07 -1.98586416
v 0.212014064 2.6213894E-07 -1.94600916
v 0.259472549 2.95344449E-07 -2.11531997
v 0.214629531 2.46120266E-07 -1.88045895
v 0.183659211 2.35959519E-07 -1.81822753
v 0.282016486 2.26717447E-07 -1.8430053
v 0.105232932 -0.017507093 -2.06546903
v 0.11098358 2.87420903E-07 -1.98804498
v 0.0553768352 -0.0202600025 -2.00174975
v 0.0896741375 2.79534277E-07 -1.94147027
v 0.0553647354 -0.0175022781 -1.94147027
v 0.21331045 -0.01750632 -2.11145258
v 0.222659275 -0.0158534627 -2.14797449
v 0.321007431 2.9625491E-07 -2.15812993
v 0.27453959 -0.017506687 -2.18491173
v 0.318568081 -0.0175054986 -2.22831202
v 0.294595301 -0.0175066628 -2.28449249
v 0.240656823 -0.0133741209 -2.24822998
v 0.345140606 3.26897208E-07 -2.30193686
v 0.386632025 3.0114802E-07 -2.22021461
v 0.297251791 3.49237524E-07 -2.3652904
v 0.264217556 -0.0195685849 -2.32231021
v 0.212080479 3.52237294E-07 -2.32393146
v 0.197174922 3.48575981E-07 -2.29915428
v 0.160714105 3.53413412E-07 -2.29633307
v 0.136786044 -0.0175064895 -2.25214291
v 0.126525059 3.64860114E-07 -2.32271075
v 0.0880443901 -0.0175059456 -2.30831075
v 0.150092751 -0.0175065678 -2.49719238
v 0.195892408 3.89740251E-07 -2.47099757
v 0.270104855 3.85872283E-07 -2.501755
v 0.211406305 -0.0165882949 -2.53826308
v 0.193433359 -0.0175068751 -2.58005548
v 0.253667831 4.07447857E-07 -2.58183956
v 0.186339065 3.73898871E-07 -2.39848423
v -2.66474065E-09 -0.0176477823 -2.292032
v -2.66474443E-09 -0.0176478066 -2.159796
v 0.103607692 -0.0257779546 -2.15183139
v -2.66473266E-09 -0.0176477302 -2.5582552
v -2.66473466E-09 -0.0176477414 -2.69562697
v 0.117558926 -0.0175059307 -2.72554398
v 0.132103473 -0.017506415 -2.79051995
v 0.158671409 4.58095258E-07 -2.73412633
v 0.167284518 4.6148881E-07 -2.75379515
v 0.265355796 4.47328659E-07 -2.75653338
v 0.196965173 -0.0165886134 -2.80349851
v 0.144698799 -0.0175067931 -3.0472734
v 0.174599946 5.17762544E-07 -2.99445724
v -2.664718E-09 -0.0176476315 -3.07090497
v -2.664724E-09 -0.0176476706 -2.86916232
v -2.66472622E-09 -0.0176476855 -2.79564476
v -7.33138661E-09 -0.0485535786 -2.03761053
v -7.33248484E-09 -0.0485608578 -1.94147027
v -0.196965188 -0.0165885538 -2.80349851
v -0.144698784 -0.0175067484 -3.0472734
v -0.17459996 5.70490272E-07 -2.99445724
v -0.132103473 -0.017506374 -2.79051995
v -0.265355796 5.27463897E-07 -2.75653338
v -0.17459996 5.70490272E-07 -2.99445724
v -0.167284518 5.12007318E-07 -2.75379515
v -0.158671424 5.06012668E-07 -2.73412633
v -0.117558926 -0.0175058953 -2.72554398
v -0.193433389 -0.0175068174 -2.58005548
v -0.211406335 -0.0165882315 -2.53826308
v -0.270104885 4.67441708E-07 -2.501755
v -0.253667831 4.8405343E-07 -2.58183956
v -0.150092736 -0.0175065231 -2.49719238
v -0.195892394 4.48898135E-07 -2.47099757
v -0.126525089 4.03069635E-07 -2.32271075
v -0.0880443826 -0.0175059196 -2.30831075
v -0.136786044 -0.0175064486 -2.25214291
v -0.16071409 4.01947716E-07 -2.29633307
v -0.240656868 -0.0133740483 -2.24822998
v -0.197174966 4.08121139E-07 -2.29915428
v -0.212080479 4.16283825E-07 -2.32393146
v -0.264217556 -0.0195685048 -2.32231021
v -0.186339051 4.30171696E-07 -2.39848423
v -0.294595361 -0.0175065733 -2.28449249
v -0.27453959 -0.0175066032 -2.18491173
v -0.318568081 -0.0175054017 -2.22831202
v -0.345140576 4.3112675E-07 -2.30193686
v -0.386632025 4.17907643E-07 -2.22021461
v -0.321007341 3.93196444E-07 -2.15812993
v -0.222659275 -0.0158533957 -2.14797449
v -0.279409885 3.76581937E-07 -2.11465144
v -0.21331048 -0.0175062548 -2.11145258
v -0.297251821 4.39005078E-07 -2.3652904
v -0.234620988 -0.0175060853 -2.07981849
v -0.285075873 -0.0175068788 -2.04090548
v -0.252374083 -0.017506402 -1.97307217
v -0.359443516 -0.0175058972 -2.0384624
v -0.328431576 -0.017506782 -1.93901575
v -0.260844052 -0.0175066981 -1.88537681
v -0.195461631 -0.0175064933 -2.02481222
v -0.163333148 3.28321619E-07 -1.98586416
v -0.207623839 3.24765381E-07 -1.94221437
v -0.325003207 3.76234112E-07 -2.08494234
v -0.214629576 3.10936599E-07 -1.88045895
v -0.183659181 2.91423049E-07 -1.81822753
v -0.282520771 3.12164957E-07 -1.84405935
v -0.105232932 -0.0175070614 -2.06546903
v -0.110983573 3.20936977E-07 -1.98804498
v -0.0553768463 -0.0202599857 -2.00174975
v -0.0896741375 3.06615107E-07 -1.94147027
v -0.0553647541 -0.0175022613 -1.94147027
v -0.360730886 3.38180826E-07 -1.90333307
v -0.103607699 -0.0257779229 -2.15183139
v -0.401301384 3.67993067E-07 -2.00213385
v -0.401696056 3.93656592E-07 -2.10895777
v 0.169032902 -0.0175062809 -3.7171452
v 0.325733244 5.98725023E-07 -3.42977405
v 0.209857494 6.90828301E-07 -3.74269652
v 0.286154538 -0.0175061878 -3.4230814
v 0.0637789443 7.63005346E-07 -3.95289445
v 0.0290891621 -0.0175062548 -3.92026591
v -2.87761504E-09 -0.0190575831 -3.93459582
v 1.18825766E-13 7.86687337E-07 -4.01183128
v -2.66629563E-09 -0.017658079 -3.59435511
v -2.6647089E-09 -0.01764757 -3.38867211
v 0.280947477 -0.0186848678 -3.01905727
v -2.66471401E-09 -0.0176476054 -3.21645474
v 0.207081586 -0.0175068844 -3.05736661
v -4.30710489E-09 -0.0285246652 -3.88672423
v 0.328874707 4.75333252E-07 -2.9142015
v 0.227757201 5.1054883E-07 -2.99788594
v 0.174599946 5.17762544E-07 -2.99445724
v -0.0653379485 7.82501445E-07 -3.95289445
v -0.0290891659 -0.0175062455 -3.92026591
v -0.169032872 -0.0175062288 -3.7171452
v -0.21227251 7.54568134E-07 -3.74269652
v -0.276602596 -0.0175061021 -3.4230814
v -0.322017193 6.96532652E-07 -3.42977405
v -0.280947477 -0.0186847821 -3.01905727
v -0.207081586 -0.0175068211 -3.05736661
v -0.328874648 5.74650642E-07 -2.9142015
v -0.227757201 5.79329594E-07 -2.99788594
v 0.359672606 2.29628768E-07 -1.90449524
v 0.359443516 0.0175065305 -2.0384624
v 0.401695997 2.72347734E-07 -2.10895777
v 0.401351243 2.46264932E-07 -1.99941826
v 0.327845842 2.77130965E-07 -2.08224916
v 0.285075873 0.0175075121 -2.04090548
v 0.252374083 0.0175070018 -1.97307217
v 0.328431547 0.0175073668 -1.93901575
v 0.260844022 0.0175072588 -1.88537681
v 0.234620988 0.0175067373 -2.07981849
v 0.195461631 0.017507121 -2.02481222
v 0.163333133 2.78996396E-07 -1.98586416
v 0.212014064 2.6213894E-07 -1.94600916
v 0.259472549 2.95344449E-07 -2.11531997
v 0.214629531 2.46120266E-07 -1.88045895
v 0.183659211 2.35959519E-07 -1.81822753
v 0.282016486 2.26717447E-07 -1.8430053
v 0.105232924 0.0175077096 -2.06546903
v 0.11098358 2.87420903E-07 -1.98804498
v 0.0553768575 0.0202606022 -2.00174975
v 0.0896741375 2.79534277E-07 -1.94147027
v 0.0553647466 0.0175028518 -1.94147027
v 0.21331045 0.0175069235 -2.11145258
v 0.222659275 0.0158540811 -2.14797449
v 0.321007431 2.9625491E-07 -2.15812993
v 0.27453959 0.0175073072 -2.18491173
v 0.318568081 0.0175061263 -2.22831202
v 0.294595301 0.017507324 -2.28449249
v 0.240656823 0.0133747803 -2.24822998
v 0.345140606 3.26897208E-07 -2.30193686
v 0.386632025 3.0114802E-07 -2.22021461
v 0.297251791 3.49237524E-07 -2.3652904
v 0.264217556 0.019569274 -2.32231021
v 0.212080479 3.52237294E-07 -2.32393146
v 0.197174922 3.48575981E-07 -2.29915428
v 0.160714105 3.53413412E-07 -2.29633307
v 0.136786044 0.0175071824 -2.25214291
v 0.126525059 3.64860114E-07 -2.32271075
v 0.0880443901 0.0175066814 -2.30831075
v 0.150092751 0.0175073724 -2.49719238
v 0.195892408 3.89740251E-07 -2.47099757
v 0.270104855 3.85872283E-07 -2.501755
v 0.211406305 0.0165891033 -2.53826308
v 0.193433359 0.0175077077 -2.58005548
v 0.253667831 4.07447857E-07 -2.58183956
v 0.186339065 3.73898871E-07 -2.39848423
v 2.664855E-09 0.0176485348 -2.292032
v 2.66484923E-09 0.0176484995 -2.159796
v 0.103607692 0.0257786121 -2.15183139
v 2.66486633E-09 0.0176486112 -2.5582552
v 0.117558934 0.0175068565 -2.72554398
v 2.66487787E-09 0.0176486876 -2.69562697
v 0.132103473 0.0175073631 -2.79051995
v 0.158671409 4.58095258E-07 -2.73412633
v 0.167284518 4.6148881E-07 -2.75379515
v 0.265355796 4.47328659E-07 -2.75653338
v 0.196965173 0.0165895503 -2.80349851
v 0.174599946 5.17762544E-07 -2.99445724
v 2.66487654E-09 0.0176486783 -2.79564476
v 2.66487987E-09 0.0176487006 -2.86916232
v 2.66488787E-09 0.0176487546 -3.07090497
v 0.144698799 0.0175078623 -3.0472734
v 0.174599946 5.17762544E-07 -2.99445724
v 0.207081586 0.0175079443 -3.05736661
v 0.227757201 5.1054883E-07 -2.99788594
v 0.280947477 0.018685881 -3.01905727
v 2.66489453E-09 0.0176487975 -3.21645474
v 2.66490185E-09 0.0176488459 -3.38867211
v 0.286154538 0.0175073929 -3.4230814
v 0.169032902 0.0175076593 -3.7171452
v 0.209857494 6.90828301E-07 -3.74269652
v 0.325733244 5.98725023E-07 -3.42977405
v 0.0637789443 7.63005346E-07 -3.95289445
v 0.0290891659 0.0175077748 -3.92026591
v 2.87784729E-09 0.0190591216 -3.93459582
v 1.18825766E-13 7.86687337E-07 -4.01183128
v 2.66650302E-09 0.0176594518 -3.59435511
v 4.43716397E-09 0.02938601 -3.88672423
v 0.328874707 4.75333252E-07 -2.9142015
v -0.0653379485 7.82501445E-07 -3.95289445
v -0.0290891621 0.0175077859 -3.92026591
v -0.169032872 0.0175077114 -3.7171452
v -0.21227251 7.54568134E-07 -3.74269652
v -0.322017193 6.96532652E-07 -3.42977405
v -0.276602596 0.0175074786 -3.4230814
v -0.280947506 0.0186859667 -3.01905727
v -0.207081616 0.0175080076 -3.05736661
v -0.328874648 5.74650642E-07 -2.9142015
v -0.227757201 5.79329594E-07 -2.99788594
v -0.17459996 5.70490272E-07 -2.99445724
v -0.144698784 0.017507907 -3.0472734
v -0.196965188 0.0165896099 -2.80349851
v -0.265355796 5.27463897E-07 -2.75653338
v -0.17459996 5.70490272E-07 -2.99445724
v -0.132103503 0.0175074041 -2.79051995
v -0.167284518 5.12007318E-07 -2.75379515
v -0.158671424 5.06012668E-07 -2.73412633
v -0.117558926 0.0175068919 -2.72554398
v -0.193433389 0.0175077654 -2.58005548
v -0.211406335 0.0165891666 -2.53826308
v -0.270104885 4.67441708E-07 -2.501755
v -0.253667831 4.8405343E-07 -2.58183956
v -0.150092766 0.0175074171 -2.49719238
v -0.195892394 4.48898135E-07 -2.47099757
v -0.126525089 4.03069635E-07 -2.32271075
v -0.0880443826 0.0175067075 -2.30831075
v -0.136786044 0.0175072234 -2.25214291
v -0.16071409 4.01947716E-07 -2.29633307
v -0.240656868 0.0133748529 -2.24822998
v -0.197174966 4.08121139E-07 -2.29915428
v -0.212080479 4.16283825E-07 -2.32393146
v -0.264217496 0.0195693541 -2.32231021
v -0.186339051 4.30171696E-07 -2.39848423
v -0.294595361 0.0175074115 -2.28449249
v -0.27453959 0.0175073911 -2.18491173
v -0.318568081 0.0175062232 -2.22831202
v -0.345140576 4.3112675E-07 -2.30193686
v -0.386632025 4.17907643E-07 -2.22021461
v -0.321007341 3.93196444E-07 -2.15812993
v -0.22265932 0.0158541501 -2.14797449
v -0.279409885 3.76581937E-07 -2.11465144
v -0.21331048 0.0175069869 -2.11145258
v -0.297251821 4.39005078E-07 -2.3652904
v -0.234620988 0.017506808 -2.07981849
v -0.285075873 0.0175075978 -2.04090548
v -0.252374083 0.0175070781 -1.97307217
v -0.359443456 0.0175066404 -2.0384624
v -0.328431547 0.0175074656 -1.93901575
v -0.260844052 0.017507337 -1.88537681
v -0.195461631 0.0175071806 -2.02481222
v -0.163333148 3.28321619E-07 -1.98586416
v -0.207623839 3.24765381E-07 -1.94221437
v -0.325003207 3.76234112E-07 -2.08494234
v -0.214629576 3.10936599E-07 -1.88045895
v -0.183659181 2.91423049E-07 -1.81822753
v -0.282520771 3.12164957E-07 -1.84405935
v -0.105232917 0.0175077394 -2.06546903
v -0.110983573 3.20936977E-07 -1.98804498
v -0.0553768575 0.020260619 -2.00174975
v -0.0896741375 3.06615107E-07 -1.94147027
v -0.0553647466 0.0175028685 -1.94147027
v 7.33148475E-09 0.0485542305 -2.03761053
v 7.3325741E-09 0.0485614426 -1.94147027
v -0.103607699 0.0257786438 -2.15183139
v 0.359672606 2.29628768E-07 -1.90449524
v -0.401301384 3.67993067E-07 -2.00213385
v -0.401696056 3.93656592E-07 -2.10895777
v -0.360730886 3.38180826E-07 -1.90333307
v 0.0848032907 -5.64699985E-05 0.457487851
v 0.0879409313 -0.0879977494 0.450581074
v 0.0599648654 -0.0600216761 0.457487851
v 0.124367438 -5.64786642E-05 0.450581133
v -3.71647019E-07 -0.124424182 0.450581074
v -3.62357156E-07 -0.0848600641 0.457487822
v -0.0879416466 -0.0879976898 0.450581074
v -0.0599655844 -0.0600216314 0.457487851
v -0.124368101 -5.63758003E-05 0.450581133
v -0.084803924 -5.63836838E-05 0.457487851
v -0.0879415646 0.0878848732 0.450581074
v -0.0599655174 0.0599088185 0.457487851
v -2.76868548E-07 0.124311328 0.450581074
v -2.87197054E-07 0.0847472101 0.457487911
v 0.0879410058 0.0878847837 0.450581074
v 0.05996494 0.0599087365 0.457487851
v 0.124367438 -5.64786642E-05 0.450581133
v 0.0848032907 -5.64699985E-05 0.457487851
v -3.23751152E-07 -0.123019055 0.0587089993
v 0.0869474262 -0.0870041177 0.0587090105
v 0.122962378 -5.64054244E-05 0.0587090291
v -0.122962937 -5.6383109E-05 0.0587090291
v -0.0869480297 -0.0870041028 0.0587090105
v -3.15227652E-07 0.122906283 0.0587090589
v -0.0869480148 0.0868913606 0.0587090477
v 0.086947456 0.0868913084 0.0587090477
v 0.122962378 -5.64054244E-05 0.0587090291
v 0.122962378 -5.64054244E-05 0.0587090291
v 0.0718803182 -0.073364459 0.0342218988
v 0.0869474262 -0.0870041177 0.0587090105
v 0.10224551 -5.63994363E-05 0.0342219137
v -0.00142777094 -0.103729658 0.0342218913
v -3.23751152E-07 -0.123019055 0.0587089993
v -0.0747358128 -0.073364459 0.0342218988
v -0.0869480297 -0.0870041028 0.0587090105
v -0.105101004 -5.6383873E-05 0.0342219137
v -0.122962937 -5.6383109E-05 0.0587090291
v -0.0747357905 0.0732516646 0.0342219323
v -0.0869480148 0.0868913606 0.0587090477
v -0.00142773963 0.103616834 0.0342218615
v -3.15227652E-07 0.122906283 0.0587090589
v 0.0718803331 0.0732516274 0.0342219323
v -3.15227652E-07 0.122906283 0.0587090589
v 0.086947456 0.0868913084 0.0587090477
v 0.10224551 -5.63994363E-05 0.0342219137
v 0.122962378 -5.64054244E-05 0.0587090291
v 0.0848032907 -5.64699985E-05 0.457487851
v 0.0599648505 -0.0600219034 1.68893826
v 0.0848032907 -5.67097813E-05 1.68893826
v 0.0599648654 -0.0600216761 0.457487851
v -3.70615567E-07 -0.08486031 1.68893826
v -3.62357156E-07 -0.0848600641 0.457487822
v -0.0599655844 -0.0600218661 1.68893826
v -0.0599655844 -0.0600216314 0.457487851
v -0.0848039389 -5.66234557E-05 1.68893826
v -0.084803924 -5.63836838E-05 0.457487851
v -0.0599655174 0.0599085875 1.68893826
v -0.0599655174 0.0599088185 0.457487851
v -2.95455465E-07 0.0847469568 1.68893826
v -2.87197054E-07 0.0847472101 0.457487911
v 0.0599649362 0.0599085093 1.68893826
v 0.05996494 0.0599087365 0.457487851
v 0.0848032907 -5.67097813E-05 1.68893826
v 0.0848032907 -5.64699985E-05 0.457487851
v 0.126444131 -3.32119782E-07 1.94839966
v 0.135286316 -0.135286808 1.86246634
v 0.0894094482 -0.0894099474 1.94839966
v 0.191323787 -3.0971222E-07 1.86246634
v 0.0961757377 -0.0961762294 1.7253356
v 0.136013091 -2.7840764E-07 1.7253356
v -1.91013797E-07 -0.191324338 1.86246634
v -2.09827476E-07 -0.126444682 1.94839966
v -1.54051889E-07 -0.136013612 1.7253356
v -0.135286674 -0.135286838 1.86246634
v -0.0894098058 -0.0894099474 1.94839966
v -0.0961760953 -0.0961762667 1.7253356
v -0.191324204 -3.11482722E-07 1.86246634
v -0.126444504 -2.87182559E-07 1.94839966
v -0.136013478 -3.44434881E-07 1.7253356
v -0.0961760953 0.0961755663 1.7253356
v -0.135286674 0.135286167 1.86246634
v -0.126444504 -2.87182559E-07 1.94839966
v -0.0894097909 0.0894093588 1.94839966
v -1.90456021E-07 0.191323638 1.86246634
v -1.71642341E-07 0.126443997 1.94839966
v -2.27417928E-07 0.136012942 1.7253356
v 0.135286316 0.135286137 1.86246634
v 0.0894094929 0.0894092992 1.94839966
v 0.0961757377 0.096175544 1.7253356
v 0.191323787 -3.0971222E-07 1.86246634
v 0.126444131 -3.32119782E-07 1.94839966
v 0.136013091 -2.7840764E-07 1.7253356
v 0.0777193457 0.077719219 1.71377921
v 0.109911829 -2.80107088E-07 1.71377921
v 0.111014843 -2.74429283E-07 1.68510616
v 0.0784992948 0.0784991533 1.68510616
v -2.02748879E-07 0.109911695 1.71377921
v -2.31192573E-07 0.111014716 1.68510616
v -0.0777197406 0.0777192414 1.71377921
v -0.0784996599 0.0784991756 1.68510616
v -0.109912209 -3.25182924E-07 1.71377921
v -0.111015216 -3.28322272E-07 1.68510616
v -0.0777197033 -0.0777198672 1.71377921
v -0.0784996599 -0.0784998089 1.68510616
v -1.78720924E-07 -0.109912343 1.71377921
v -1.59814007E-07 -0.111015357 1.68510616
v 0.0777193606 -0.0777198374 1.71377921
v 0.0784993023 -0.0784997791 1.68510616
v 0.109911829 -2.80107088E-07 1.71377921
v 0.111014843 -2.74429283E-07 1.68510616
v 0.109911829 -2.80107088E-07 1.71377921
v 0.0599648505 -0.0600219034 1.68893826
v 0.0848032907 -5.67097813E-05 1.68893826
v 0.111014843 -2.74429283E-07 1.68510616
v -3.70615567E-07 -0.08486031 1.68893826
v -3.70615567E-07 -0.08486031 1.68893826
v -0.0599655844 -0.0600218661 1.68893826
v -0.0848039389 -5.66234557E-05 1.68893826
v -0.0848039389 -5.66234557E-05 1.68893826
v -0.0599655174 0.0599085875 1.68893826
v -0.0599655174 0.0599085875 1.68893826
v -2.95455465E-07 0.0847469568 1.68893826
v 0.0599649362 0.0599085093 1.68893826
v 0.111014843 -2.74429283E-07 1.68510616
v 0.0848032907 -5.67097813E-05 1.68893826
v 0.111014843 -2.74429283E-07 1.68510616
v 0.0894094929 0.0894092992 1.94839966
v 0.126444131 -3.32119782E-07 1.94839966
v 0.0894094482 -0.0894099474 1.94839966
v -1.71642341E-07 0.126443997 1.94839966
v -2.09827476E-07 -0.126444682 1.94839966
v -0.0894097909 0.0894093588 1.94839966
v -0.0894098058 -0.0894099474 1.94839966
v -0.126444504 -2.87182559E-07 1.94839966
v 0.359443456 -0.0175068099 2.0384624
v 0.401695967 -5.60163016E-07 2.10895753
v 0.401351184 -5.43591966E-07 1.99941802
v 0.327845782 -5.44977013E-07 2.08224869
v 0.285075873 -0.0175077654 2.040905
v 0.252374053 -0.0175072551 1.97307217
v 0.328431517 -0.0175076444 1.93901551
v 0.260844022 -0.0175075214 1.88537657
v 0.234620988 -0.0175069757 2.07981849
v 0.195461616 -0.0175073519 2.02481198
v 0.163333103 -5.05580147E-07 1.98586392
v 0.212014064 -5.06911704E-07 1.94600856
v 0.259472519 -5.39645953E-07 2.11531973
v 0.214629531 -4.97410554E-07 1.88045859
v 0.183659181 -4.83340614E-07 1.81822717
v 0.282016486 -5.02227635E-07 1.8430047
v 0.105232932 -0.017507907 2.06546879
v 0.11098358 -4.98004681E-07 1.98804474
v 0.0553768426 -0.0202607941 2.00174928
v 0.089674145 -4.87757291E-07 1.94147003
v 0.0553647466 -0.0175030436 1.94147003
v 0.103607692 -0.0257788002 2.15183091
v 0.21331045 -0.0175071508 2.11145234
v 0.22265926 -0.0158543102 2.14797425
v 0.321007371 -5.55400163E-07 2.15812945
v 0.27453959 -0.0175075475 2.18491149
v 0.318568081 -0.0175063759 2.22831202
v 0.294595301 -0.0175075624 2.28449249
v 0.240656823 -0.0133750057 2.24822974
v 0.345140576 -5.80757558E-07 2.30193639
v 0.386631966 -5.74686453E-07 2.22021461
v 0.297251791 -5.83099165E-07 2.36528993
v 0.264217526 -0.0195694976 2.32230973
v 0.212080479 -5.63991534E-07 2.32393122
v 0.197174922 -5.57998817E-07 2.29915404
v 0.16071409 -5.52067604E-07 2.29633307
v 0.136786044 -0.0175073761 2.25214291
v 0.126525059 -5.50884408E-07 2.32271051
v 0.0880443901 -0.0175068546 2.30831051
v 0.150092751 -0.0175075494 2.49719191
v 0.195892408 -5.83748829E-07 2.47099686
v 0.270104855 -5.99600867E-07 2.50175428
v 0.211406305 -0.0165892914 2.53826261
v 0.193433359 -0.0175078902 2.58005524
v 0.253667802 -6.09213771E-07 2.58183932
v 0.186339051 -5.71360147E-07 2.39848375
v 1.64086096E-08 -0.017648682 2.29203176
v 1.64086149E-08 -0.0176486578 2.15979552
v 1.64086025E-08 -0.0176487342 2.55825496
v 0.117558926 -0.0175069999 2.7255435
v 1.64085918E-08 -0.0176487993 2.6956265
v 0.132103473 -0.0175075084 2.79051971
v 0.158671409 -6.17859826E-07 2.73412585
v 0.167284518 -6.22136099E-07 2.75379491
v 0.265355796 -6.37355242E-07 2.75653315
v 0.196965158 -0.0165897142 2.80349827
v 0.174599931 -6.59580508E-07 2.99445701
v 1.64085954E-08 -0.0176487844 2.79564452
v 1.64085918E-08 -0.0176487975 2.86916184
v 1.64085865E-08 -0.0176488347 3.07090473
v 0.144698784 -0.0175079908 3.0472734
v 0.174599931 -6.59580508E-07 2.99445701
v 0.207081556 -0.017508084 3.05736637
v 0.227757186 -6.68126518E-07 2.9978857
v 0.280947417 -0.0186860505 3.01905704
v 0.286154538 -0.0175075307 3.42308092
v 1.64085829E-08 -0.0176488664 3.21645451
v 1.64085776E-08 -0.0176488999 3.38867188
v 0.169032872 -0.0175077356 3.71714497
v 0.209857494 -7.77882406E-07 3.74269652
v 0.325733215 -7.48125501E-07 3.42977381
v 0.0637789592 -7.87565227E-07 3.95289421
v 0.0290891621 -0.0175077915 3.92026567
v 1.61956386E-08 -0.0190591253 3.93459582
v 1.90733669E-08 -7.86831663E-07 4.01183081
v 1.64069789E-08 -0.0176594872 3.59435487
v 1.47661519E-08 -0.0285261888 3.88672352
v 0.328874648 -6.70753764E-07 2.91420126
v -0.0653379336 -7.68069128E-07 3.95289421
v -0.0290891472 -0.0175077822 3.92026567
v -0.169032842 -0.0175076853 3.71714497
v -0.212272465 -7.14142573E-07 3.74269652
v -0.322017193 -6.50317872E-07 3.42977381
v -0.276602596 -0.0175074451 3.42308092
v -0.207081541 -0.0175080206 3.05736637
v -0.280947417 -0.0186859667 3.01905704
v -0.328874648 -5.71436374E-07 2.91420126
v -0.227757156 -5.99345697E-07 2.9978857
v -0.174599931 -6.0685278E-07 2.99445701
v -0.144698754 -0.0175079461 3.0472734
v -0.196965158 -0.0165896546 2.80349827
v -0.265355796 -5.57220005E-07 2.75653315
v -0.174599931 -6.0685278E-07 2.99445701
v -0.132103443 -0.0175074674 2.79051971
v -0.167284518 -5.71617647E-07 2.75379491
v -0.158671379 -5.69942358E-07 2.73412585
v -0.117558926 -0.0175069645 2.7255435
v -0.193433359 -0.0175078325 2.58005524
v -0.211406305 -0.0165892281 2.53826261
v -0.270104855 -5.1803147E-07 2.50175428
v -0.253667802 -5.32608226E-07 2.58183932
v -0.150092706 -0.0175075047 2.49719191
v -0.195892349 -5.24590973E-07 2.47099686
v -0.126525044 -5.12674887E-07 2.32271051
v -0.0880443677 -0.0175068285 2.30831051
v -0.136786014 -0.0175073352 2.25214291
v -0.160714045 -5.03533272E-07 2.29633307
v -0.240656823 -0.013374933 2.24822974
v -0.197174922 -4.9845363E-07 2.29915404
v -0.212080434 -4.99945031E-07 2.32393122
v -0.264217496 -0.0195694175 2.32230973
v -0.186339051 -5.15087322E-07 2.39848375
v -0.294595301 -0.0175074749 2.28449249
v -0.27453959 -0.0175074637 2.18491149
v -0.318568081 -0.0175062791 2.22831202
v -0.345140576 -4.76527987E-07 2.30193639
v -0.386631995 -4.57926859E-07 2.22021461
v -0.321007341 -4.58458658E-07 2.15812945
v -0.222659245 -0.0158542413 2.14797425
v -0.279409856 -4.58145507E-07 2.1146512
v -0.21331045 -0.0175070874 2.11145234
v -0.297251791 -4.9333164E-07 2.36528993
v -0.234620944 -0.0175069049 2.07981849
v -0.285075843 -0.0175076798 2.040905
v -0.252374053 -0.0175071787 1.97307217
v -0.359443516 -0.0175067019 2.0384624
v -0.328431547 -0.0175075457 1.93901551
v -0.260844022 -0.0175074413 1.88537657
v -0.195461586 -0.0175072923 2.02481198
v -0.163333103 -4.56254952E-07 1.98586392
v -0.207623795 -4.42811086E-07 1.94221401
v -0.325003207 -4.46920637E-07 2.08494186
v -0.214629531 -4.32594277E-07 1.88045859
v -0.183659151 -4.27877126E-07 1.81822717
v -0.282520741 -4.1718971E-07 1.84405911
v -0.105232917 -0.0175078753 2.06546879
v -0.110983551 -4.64488551E-07 1.98804474
v -0.0553768277 -0.0202607773 2.00174928
v -0.0896741152 -4.60676432E-07 1.94147003
v -0.0553647354 -0.0175030269 1.94147003
v 1.17419789E-08 -0.0485543869 2.03761005
v 1.17408865E-08 -0.0485616215 1.94147003
v -0.103607684 -0.0257787704 2.15183091
v 0.359672576 -5.23258677E-07 1.90449488
v -0.401301384 -4.22925723E-07 2.00213313
v -0.401695997 -4.38854187E-07 2.10895753
v -0.360730886 -4.14254941E-07 1.90333283
v 0.359443516 0.017505724 2.0384624
v 0.401351184 -5.43591966E-07 1.99941802
v 0.401695967 -5.60163016E-07 2.10895753
v 0.327845782 -5.44977013E-07 2.08224869
v 0.285075873 0.0175067056 2.040905
v 0.252374053 0.0175062194 1.97307217
v 0.328431547 0.0175065994 1.93901551
v 0.260844022 0.01750651 1.88537657
v 0.234620988 0.017505914 2.07981849
v 0.195461616 0.01750632 2.02481198
v 0.163333103 -5.05580147E-07 1.98586392
v 0.212014064 -5.06911704E-07 1.94600856
v 0.259472519 -5.39645953E-07 2.11531973
v 0.214629531 -4.97410554E-07 1.88045859
v 0.183659181 -4.83340614E-07 1.81822717
v 0.282016486 -5.02227635E-07 1.8430047
v 0.105232924 0.0175068919 2.06546879
v 0.11098358 -4.98004681E-07 1.98804474
v 0.0553768687 0.0202598087 2.00174928
v 0.089674145 -4.87757291E-07 1.94147003
v 0.0553647541 0.0175020825 1.94147003
v 0.103607692 0.025777759 2.15183091
v 0.21331045 0.0175060891 2.11145234
v 0.22265926 0.0158532318 2.14797425
v 0.321007371 -5.55400163E-07 2.15812945
v 0.27453959 0.017506443 2.18491149
v 0.318568081 0.0175052453 2.22831202
v 0.294595301 0.0175064206 2.28449249
v 0.240656823 0.0133738928 2.24822974
v 0.345140576 -5.80757558E-07 2.30193639
v 0.386631966 -5.74686453E-07 2.22021461
v 0.297251791 -5.83099165E-07 2.36528993
v 0.264217526 0.0195683576 2.32230973
v 0.212080479 -5.63991534E-07 2.32393122
v 0.197174922 -5.57998817E-07 2.29915404
v 0.16071409 -5.52067604E-07 2.29633307
v 0.136786044 0.0175062921 2.25214291
v 0.126525059 -5.50884408E-07 2.32271051
v 0.0880443901 0.0175057687 2.30831051
v 0.150092751 0.0175063889 2.49719191
v 0.195892408 -5.83748829E-07 2.47099686
v 0.270104855 -5.99600867E-07 2.50175428
v 0.211406305 0.016588103 2.53826261
v 0.193433359 0.0175066888 2.58005524
v 0.253667802 -6.09213771E-07 2.58183932
v 0.186339051 -5.71360147E-07 2.39848375
v 2.17382059E-08 0.0176476315 2.29203176
v 2.17382077E-08 0.0176476445 2.15979552
v 2.17382006E-08 0.0176476017 2.55825496
v 2.17382023E-08 0.0176476259 2.6956265
v 0.117558934 0.0175057817 2.7255435
v 0.132103473 0.017506266 2.79051971
v 0.158671409 -6.17859826E-07 2.73412585
v 0.167284518 -6.22136099E-07 2.75379491
v 0.265355796 -6.37355242E-07 2.75653315
v 0.196965158 0.0165884439 2.80349827
v 0.144698784 0.0175066628 3.0472734
v 0.174599931 -6.59580508E-07 2.99445701
v 2.17381917E-08 0.0176475458 3.07090473
v 2.1738197E-08 0.01764757 2.86916184
v 2.1738197E-08 0.0176475774 2.79564452
v 2.64048499E-08 0.0485534184 2.03761005
v 2.64059441E-08 0.0485606752 1.94147003
v -0.196965158 0.0165885035 2.80349827
v -0.144698754 0.0175067075 3.0472734
v -0.174599931 -6.0685278E-07 2.99445701
v -0.132103473 0.0175063051 2.79051971
v -0.265355796 -5.57220005E-07 2.75653315
v -0.174599931 -6.0685278E-07 2.99445701
v -0.167284518 -5.71617647E-07 2.75379491
v -0.158671379 -5.69942358E-07 2.73412585
v -0.117558926 0.017505819 2.7255435
v -0.193433359 0.0175067466 2.58005524
v -0.211406305 0.0165881645 2.53826261
v -0.270104855 -5.1803147E-07 2.50175428
v -0.253667802 -5.32608226E-07 2.58183932
v -0.150092736 0.0175064337 2.49719191
v -0.195892349 -5.24590973E-07 2.47099686
v -0.126525044 -5.12674887E-07 2.32271051
v -0.0880443677 0.0175057948 2.30831051
v -0.136786014 0.0175063349 2.25214291
v -0.160714045 -5.03533272E-07 2.29633307
v -0.240656823 0.0133739663 2.24822974
v -0.197174922 -4.9845363E-07 2.29915404
v -0.212080434 -4.99945031E-07 2.32393122
v -0.264217496 0.0195684377 2.32230973
v -0.186339051 -5.15087322E-07 2.39848375
v -0.294595301 0.0175065082 2.28449249
v -0.27453959 0.0175065268 2.18491149
v -0.318568081 0.0175053421 2.22831202
v -0.345140576 -4.76527987E-07 2.30193639
v -0.386631995 -4.57926859E-07 2.22021461
v -0.321007341 -4.58458658E-07 2.15812945
v -0.222659275 0.0158532988 2.14797425
v -0.279409856 -4.58145507E-07 2.1146512
v -0.21331045 0.0175061524 2.11145234
v -0.297251791 -4.9333164E-07 2.36528993
v -0.234620944 0.0175059866 2.07981849
v -0.285075843 0.0175067913 2.040905
v -0.252374083 0.0175062958 1.97307217
v -0.359443456 0.017505832 2.0384624
v -0.328431517 0.0175067 1.93901551
v -0.260844022 0.0175065901 1.88537657
v -0.195461586 0.0175063796 2.02481198
v -0.163333103 -4.56254952E-07 1.98586392
v -0.207623795 -4.42811086E-07 1.94221401
v -0.325003207 -4.46920637E-07 2.08494186
v -0.214629531 -4.32594277E-07 1.88045859
v -0.183659151 -4.27877126E-07 1.81822717
v -0.282520741 -4.1718971E-07 1.84405911
v -0.105232894 0.0175069235 2.06546879
v -0.110983551 -4.64488551E-07 1.98804474
v -0.0553768389 0.0202598255 2.00174928
v -0.0896741152 -4.60676432E-07 1.94147003
v -0.0553647466 0.0175020993 1.94147003
v -0.360730886 -4.14254941E-07 1.90333283
v -0.103607699 0.0257777907 2.15183091
v -0.401301384 -4.22925723E-07 2.00213313
v -0.401695997 -4.38854187E-07 2.10895753
v 0.169032872 0.0175062008 3.71714497
v 0.325733215 -7.48125501E-07 3.42977381
v 0.209857494 -7.77882406E-07 3.74269652
v 0.286154538 0.0175060462 3.42308092
v 0.0637789592 -7.87565227E-07 3.95289421
v 0.0290891659 0.0175062362 3.92026567
v 2.19511005E-08 0.0190575756 3.93459582
v 1.90733669E-08 -7.86831663E-07 4.01183081
v 2.17397762E-08 0.0176580381 3.59435487
v 2.17381864E-08 0.0176475141 3.38867188
v 2.17381899E-08 0.0176475327 3.21645451
v 0.207081556 0.0175067391 3.05736637
v 0.280947417 0.0186846927 3.01905704
v 2.35104185E-08 0.0293844808 3.88672352
v 0.328874648 -6.70753764E-07 2.91420126
v 0.227757186 -6.68126518E-07 2.9978857
v 0.174599931 -6.59580508E-07 2.99445701
v -0.0653379336 -7.68069128E-07 3.95289421
v -0.0290891435 0.0175062455 3.92026567
v -0.169032842 0.017506253 3.71714497
v -0.212272465 -7.14142573E-07 3.74269652
v -0.276602596 0.0175061319 3.42308092
v -0.322017193 -6.50317872E-07 3.42977381
v -0.207081586 0.0175068025 3.05736637
v -0.280947477 0.0186847784 3.01905704
v -0.328874648 -5.71436374E-07 2.91420126
v -0.227757156 -5.99345697E-07 2.9978857
v 0.359672576 -5.23258677E-07 1.90449488
vt 0.853812158 0.754673362
vt 0.864154041 0.780967832
vt 0.86304003 0.749992609
vt 0.855459332 0.781675041
vt 0.864297152 0.81105119
vt 0.855467677 0.811132431
vt 0.864365339 0.840927064
vt 0.855496943 0.840973616
vt 0.864335775 0.870884836
vt 0.855482757 0.870884717
vt 0.864365101 0.900842905
vt 0.855496526 0.900796235
vt 0.864296734 0.930718839
vt 0.855467498 0.930637717
vt 0.864153326 0.960802436
vt 0.855458975 0.960095227
vt 0.863039553 0.991777658
vt 0.853811741 0.987096727
vt 0.996105552 0.810470164
vt 0.995736539 0.780164182
vt 0.9955163 0.749319017
vt 0.996177077 0.870884836
vt 0.996215343 0.840799212
vt 0.996105134 0.931299925
vt 0.996215045 0.900970697
vt 0.995736063 0.961606085
vt 0.995515883 0.99245131
vt 0.87505132 0.0619576797
vt 0.850582063 0.0784333572
vt 0.87503624 0.0786534771
vt 0.850577176 0.0623698458
vt 0.827123761 0.0786131248
vt 0.827096522 0.0624242052
vt 0.803863585 0.0786800012
vt 0.803848684 0.0624732599
vt 0.78064096 0.0787079558
vt 0.780641019 0.0624490604
vt 0.757418215 0.0786798224
vt 0.757433176 0.0624730811
vt 0.734158039 0.0786125883
vt 0.734185338 0.0624236688
vt 0.710699677 0.0784324035
vt 0.710704684 0.0623688921
vt 0.686245501 0.078652285
vt 0.686230481 0.0619565472
vt 0.849427819 0.0492471084
vt 0.871549606 0.0496607646
vt 0.874192297 0.0432649478
vt 0.849884748 0.0423065051
vt 0.826520324 0.0495270714
vt 0.826787949 0.0429488644
vt 0.803555906 0.0496450886
vt 0.826787949 0.0429488644
vt 0.803767323 0.0432799086
vt 0.780641079 0.0495569929
vt 0.780641198 0.0432630405
vt 0.757726192 0.0496446118
vt 0.757514894 0.0432791337
vt 0.734761655 0.0495262966
vt 0.73449403 0.0429480895
vt 0.7118541 0.0492461547
vt 0.711397231 0.0423056707
vt 0.689732254 0.0496594533
vt 0.711397231 0.0423056707
vt 0.687089682 0.0432636961
vt 0.980874598 0.134410977
vt 0.490534544 0.158238783
vt 0.980875671 0.158238456
vt 0.490533531 0.134410977
vt 0.490536094 0.182067141
vt 0.98087734 0.182066694
vt 0.490537405 0.205896348
vt 0.980879366 0.205896348
vt 0.49053812 0.229726627
vt 0.980880439 0.229726627
vt 0.490537405 0.253557652
vt 0.980879366 0.253557891
vt 0.490535855 0.27738905
vt 0.98087734 0.277389795
vt 0.490534127 0.301219344
vt 0.980875313 0.301219523
vt 0.490533531 0.325047374
vt 0.980874598 0.325047374
vt 0.315288335 0.0258188974
vt 0.280294687 0.0620528981
vt 0.32396397 0.0709758475
vt 0.281651825 0.0227907989
vt 0.263139993 0.112941794
vt 0.294153482 0.12687476
vt 0.242010638 0.0536157116
vt 0.246029764 0.0157528948
vt 0.23133269 0.105325192
vt 0.205033869 0.0478671491
vt 0.208166033 0.0100410469
vt 0.199172497 0.100815155
vt 0.168260738 0.0452607907
vt 0.169265673 0.00726666441
vt 0.166925654 0.0987840295
vt 0.134621695 0.0991405547
vt 0.131411791 0.0458969101
vt 0.169265673 0.00726666441
vt 0.13022314 0.0078543406
vt 0.0942045748 0.0497715995
vt 0.0920741707 0.0117283985
vt 0.102284074 0.101991557
vt 0.0555500872 0.0562723577
vt 0.0561413877 0.0169837829
vt 0.0701435134 0.107985482
vt 0.0114917886 0.0629718527
vt 0.0223954748 0.0183130968
vt 0.0384784676 0.120327264
vt 0.0745517164 0.116790146
vt 0.0473670438 0.12833944
vt 0.052542977 0.137406334
vt 0.0787831694 0.126004085
vt 0.104775608 0.111027859
vt 0.10716188 0.120704524
vt 0.135637879 0.108393423
vt 0.136596113 0.118285917
vt 0.166694328 0.108101211
vt 0.166445255 0.118040867
vt 0.197698593 0.109996818
vt 0.196246624 0.119824737
vt 0.228394732 0.114215493
vt 0.225529417 0.123756073
vt 0.258298695 0.121504843
vt 0.253616571 0.130489707
vt 0.284879118 0.134416267
vt 0.279263228 0.143203318
vt 0.284879118 0.134416267
vt 0.251692206 0.134415507
vt 0.275448084 0.146084905
vt 0.279263228 0.143203318
vt 0.900442898 0.0298425928
vt 0.885756433 0.0656848997
vt 0.900436759 0.101529792
vt 0.935884237 0.116379708
vt 0.93589294 0.014998815
vt 0.971334279 0.101535968
vt 0.971340179 0.0298488326
vt 0.986020148 0.0656937584
vt 0.224375635 0.127886429
vt 0.195673913 0.124046229
vt 0.166356176 0.122306399
vt 0.136982664 0.122555271
vt 0.224375635 0.127886429
vt 0.251692206 0.134415507
vt 0.136982664 0.122555271
vt 0.108113118 0.124925561
vt 0.0804947615 0.130056262
vt 0.052542977 0.137406334
vt 0.0561864637 0.140507087
vt 0.422829181 0.40725404
vt 0.410588622 0.395722806
vt 0.41048786 0.428073883
vt 0.432058275 0.420185983
vt 0.444550604 0.407975405
vt 0.454102218 0.387941808
vt 0.431887239 0.377883792
vt 0.451628268 0.362042069
vt 0.459287614 0.419468075
vt 0.470725298 0.403222531
vt 0.480109543 0.391719818
vt 0.465890735 0.379949152
vt 0.45202893 0.429952919
vt 0.465126783 0.360589653
vt 0.474172562 0.342210472
vt 0.445444167 0.349528134
vt 0.497079551 0.415229976
vt 0.495399952 0.392363876
vt 0.511641562 0.396411508
vt 0.501624048 0.378608584
vt 0.511645198 0.378608584
vt 0.465512007 0.428810745
vt 0.46278134 0.439597011
vt 0.434055626 0.442596287
vt 0.447628081 0.450506061
vt 0.434768081 0.463323832
vt 0.441770166 0.479915828
vt 0.457524657 0.469206214
vt 0.427006871 0.485067844
vt 0.414887846 0.460932106
vt 0.440994203 0.503778577
vt 0.450642973 0.491084754
vt 0.465871274 0.491563648
vt 0.470224947 0.484246284
vt 0.480874538 0.483412802
vt 0.487863451 0.470361948
vt 0.490860581 0.491203189
vt 0.50210017 0.486950338
vt 0.483976841 0.542734146
vt 0.470599532 0.53499788
vt 0.448923409 0.544081688
vt 0.466068238 0.554863811
vt 0.471317798 0.5672068
vt 0.453724384 0.567733586
vt 0.473389924 0.513581693
vt 0.527816296 0.482142746
vt 0.527816296 0.443088353
vt 0.497554362 0.440736175
vt 0.527816296 0.560768306
vt 0.527816296 0.60133934
vt 0.493479431 0.610174954
vt 0.489231229 0.629364789
vt 0.481471181 0.612709522
vt 0.478955418 0.618518531
vt 0.450310588 0.619327366
vt 0.47028625 0.633197844
vt 0.485552371 0.705193877
vt 0.47681877 0.689595222
vt 0.527816296 0.712173045
vt 0.527816296 0.652590871
vt 0.527816296 0.630878389
vt 0.527816296 0.407002419
vt 0.527816296 0.378608584
vt 0.585346401 0.633197844
vt 0.57008028 0.705193877
vt 0.57881397 0.689595222
vt 0.566401422 0.629364789
vt 0.605322063 0.619327366
vt 0.57881397 0.689595222
vt 0.576677144 0.618518531
vt 0.57416141 0.612709522
vt 0.56215328 0.610174954
vt 0.584314644 0.5672068
vt 0.589564323 0.554863811
vt 0.606709182 0.54408145
vt 0.601908207 0.567733586
vt 0.571655631 0.542734146
vt 0.585033059 0.53499788
vt 0.56477201 0.491203189
vt 0.553532422 0.486950338
vt 0.567769051 0.470361948
vt 0.574758053 0.483412802
vt 0.598107934 0.469206214
vt 0.585407555 0.484246284
vt 0.589761198 0.491563648
vt 0.604989588 0.491084754
vt 0.582242608 0.513581693
vt 0.613862455 0.479915828
vt 0.608004451 0.450505823
vt 0.620864332 0.463323832
vt 0.62862581 0.485067666
vt 0.640744686 0.460932106
vt 0.621576965 0.442596287
vt 0.592851102 0.439597011
vt 0.609426916 0.42975536
vt 0.590120554 0.428810745
vt 0.614638329 0.503778398
vt 0.596344948 0.419468075
vt 0.611081958 0.407975405
vt 0.601530194 0.387941808
vt 0.63280338 0.40725404
vt 0.623745382 0.377883583
vt 0.604004204 0.362042069
vt 0.584907115 0.403222531
vt 0.5755229 0.391719818
vt 0.588459492 0.378828436
vt 0.622744024 0.420981228
vt 0.590505838 0.360589653
vt 0.58145982 0.342210472
vt 0.610335648 0.349839419
vt 0.55855304 0.415229976
vt 0.56023258 0.392363876
vt 0.54399085 0.396411508
vt 0.554008543 0.378608584
vt 0.543987334 0.378608584
vt 0.633179426 0.367345273
vt 0.558078289 0.440736175
vt 0.645029306 0.396524698
vt 0.645144582 0.428073883
vt 0.478444874 0.903031826
vt 0.432675391 0.818160474
vt 0.466520667 0.91057837
vt 0.444235593 0.816183805
vt 0.509187758 0.972657442
vt 0.519319952 0.9630211
vt 0.527816355 0.967253089
vt 0.527816355 0.990063667
vt 0.527816355 0.866767228
vt 0.527816355 0.806021452
vt 0.445756525 0.696860433
vt 0.527816296 0.755159378
vt 0.467331439 0.708174527
vt 0.527816355 0.953115106
vt 0.431757808 0.665892601
vt 0.461292416 0.690607667
vt 0.47681877 0.689595222
vt 0.546900511 0.972657442
vt 0.536312819 0.9630211
vt 0.577187955 0.903031826
vt 0.589817405 0.91057837
vt 0.608607113 0.816183805
vt 0.621871889 0.818160474
vt 0.609876096 0.696860433
vt 0.588301182 0.708174527
vt 0.623874784 0.665892601
vt 0.594340146 0.690607667
vt 0.422762185 0.367688328
vt 0.838812053 0.925601184
vt 0.851153314 0.904781342
vt 0.851052582 0.937132418
vt 0.829582989 0.912669539
vt 0.817090571 0.924879849
vt 0.807539046 0.944913447
vt 0.829754114 0.954971731
vt 0.810012937 0.970813096
vt 0.802353799 0.913387418
vt 0.790915906 0.929632545
vt 0.781531751 0.941135526
vt 0.795750558 0.95290637
vt 0.809612393 0.902902126
vt 0.796514452 0.972265661
vt 0.787468612 0.990644932
vt 0.816197097 0.983327091
vt 0.764561772 0.91762507
vt 0.766241252 0.940491378
vt 0.749999642 0.936443925
vt 0.760017276 0.95424664
vt 0.749996126 0.95424664
vt 0.796129167 0.904044569
vt 0.798859894 0.893258274
vt 0.827585578 0.890259087
vt 0.814013124 0.882349372
vt 0.826873124 0.869531631
vt 0.819871068 0.852939367
vt 0.804116666 0.863649011
vt 0.834634483 0.84778738
vt 0.846753418 0.87192297
vt 0.820647061 0.829076707
vt 0.810998261 0.841770291
vt 0.79576993 0.841291606
vt 0.791416228 0.848609209
vt 0.780766666 0.849442482
vt 0.773777783 0.862493575
vt 0.770780683 0.841652215
vt 0.759541214 0.845904946
vt 0.777664363 0.790121138
vt 0.791041732 0.797857463
vt 0.812717974 0.788773775
vt 0.795572996 0.777991295
vt 0.790323436 0.765648544
vt 0.807916939 0.765121639
vt 0.788251281 0.819273353
vt 0.733825028 0.850712776
vt 0.733825028 0.88976711
vt 0.764087021 0.892119348
vt 0.733825028 0.772086978
vt 0.768161774 0.722680449
vt 0.733824909 0.731516004
vt 0.772410035 0.703490555
vt 0.780170023 0.720145762
vt 0.782685816 0.714336693
vt 0.811330795 0.713527977
vt 0.791354954 0.699657619
vt 0.784822464 0.643260121
vt 0.733824909 0.701977015
vt 0.733824909 0.680264533
vt 0.733824909 0.62068224
vt 0.776088893 0.627661586
vt 0.784822464 0.643260121
vt 0.794309855 0.624680758
vt 0.800348818 0.642247617
vt 0.815884829 0.635994852
vt 0.733824909 0.577696085
vt 0.733824909 0.526833773
vt 0.817405641 0.516671419
vt 0.78319633 0.42982325
vt 0.795120537 0.422277153
vt 0.828965783 0.514694691
vt 0.752453685 0.360197663
vt 0.742321253 0.369833976
vt 0.73382479 0.365601897
vt 0.73382479 0.342791438
vt 0.733824909 0.466087759
vt 0.73382479 0.379740447
vt 0.829883456 0.666962624
vt 0.714740872 0.360197663
vt 0.725328505 0.369833976
vt 0.684453368 0.42982325
vt 0.6718238 0.422277153
vt 0.639769375 0.514694691
vt 0.65303421 0.516671419
vt 0.651765049 0.635994971
vt 0.673340023 0.624680758
vt 0.637766421 0.666962743
vt 0.667301118 0.642247617
vt 0.682827413 0.643260121
vt 0.691560984 0.627661586
vt 0.676294863 0.699657619
vt 0.656319141 0.713528097
vt 0.682827413 0.643260121
vt 0.695239842 0.703490555
vt 0.68496424 0.714336693
vt 0.687479854 0.720145762
vt 0.699488103 0.722680449
vt 0.677326441 0.765648544
vt 0.672076821 0.777991295
vt 0.654932201 0.788773775
vt 0.659733057 0.765121639
vt 0.689985514 0.790121138
vt 0.676608324 0.797857463
vt 0.696869254 0.841652215
vt 0.708108783 0.845904946
vt 0.693872213 0.862493575
vt 0.686883211 0.849442482
vt 0.663533449 0.863649011
vt 0.676233649 0.848609209
vt 0.671880066 0.841291606
vt 0.656651676 0.84177053
vt 0.679398596 0.819273353
vt 0.647778988 0.852939367
vt 0.653636932 0.882349372
vt 0.640776932 0.869531631
vt 0.633015454 0.84778738
vt 0.620896637 0.871923149
vt 0.640064418 0.890259087
vt 0.668790162 0.893258274
vt 0.652214408 0.903099895
vt 0.671520829 0.904044569
vt 0.647002935 0.829076707
vt 0.665296376 0.913387418
vt 0.650559425 0.924879849
vt 0.66011101 0.944913447
vt 0.628837883 0.925601423
vt 0.637896001 0.954971731
vt 0.65763706 0.970813096
vt 0.676734149 0.929632545
vt 0.686118305 0.941135526
vt 0.673181713 0.954027057
vt 0.638897359 0.911874056
vt 0.671135485 0.972265661
vt 0.680181503 0.990644932
vt 0.651305735 0.983015776
vt 0.703088403 0.91762507
vt 0.701408684 0.940491378
vt 0.717650473 0.936443925
vt 0.70763278 0.95424664
vt 0.71765393 0.95424664
vt 0.733825028 0.925853014
vt 0.733825028 0.95424664
vt 0.703562975 0.892119348
vt 0.838879049 0.965166748
vt 0.616611958 0.936330557
vt 0.616496682 0.90478158
vt 0.628461957 0.96551019
vt 0.845117986 0.726908445
vt 0.85674727 0.700617731
vt 0.847883344 0.699710011
vt 0.854278088 0.731823087
vt 0.857769191 0.670482695
vt 0.848745644 0.670197368
vt 0.858318031 0.640530825
vt 0.849256754 0.640316904
vt 0.858311892 0.610262692
vt 0.84930855 0.610262394
vt 0.858318508 0.579993248
vt 0.84925741 0.580206811
vt 0.857770681 0.55003947
vt 0.848747373 0.55032444
vt 0.856750429 0.519902349
vt 0.847886324 0.520809829
vt 0.854281962 0.488696218
vt 0.845121861 0.493610591
vt 0.989360154 0.674058259
vt 0.98804301 0.70630306
vt 0.986380935 0.738373876
vt 0.989953697 0.610262811
vt 0.989982486 0.641766191
vt 0.989361882 0.546465635
vt 0.989982724 0.578758597
vt 0.988045812 0.514219284
vt 0.986384809 0.482148051
vt 0.874536395 0.0984122977
vt 0.849534869 0.0916702971
vt 0.850171208 0.100126527
vt 0.871629238 0.0906445608
vt 0.826610208 0.0915590748
vt 0.826921523 0.0996964797
vt 0.803601444 0.0915113315
vt 0.803824008 0.0994571671
vt 0.7806409 0.0915926918
vt 0.780641019 0.0994731411
vt 0.757680297 0.0915111527
vt 0.757457852 0.0994570479
vt 0.734671533 0.0915587172
vt 0.734360218 0.0996961221
vt 0.711746693 0.0916695818
vt 0.734360218 0.0996961221
vt 0.711110294 0.100125633
vt 0.689652324 0.0906437263
vt 0.686745048 0.0984115824
vt 0.478871882 0.32896626
vt 0.0107316785 0.306477368
vt 0.0107316785 0.32896626
vt 0.47887212 0.306477249
vt 0.0107319541 0.283990771
vt 0.478872538 0.283990651
vt 0.0107322261 0.261506647
vt 0.478872836 0.261506468
vt 0.0107322261 0.239024699
vt 0.478873134 0.239024699
vt 0.0107322261 0.216543138
vt 0.478872836 0.216543138
vt 0.0107316785 0.194059297
vt 0.478872538 0.194059208
vt 0.0107312649 0.171572775
vt 0.478871882 0.171572775
vt 0.0107312649 0.149083897
vt 0.478871882 0.149083897
vt 0.644444764 0.0124580003
vt 0.613594472 0.0504005104
vt 0.611225665 0.0126625514
vt 0.657191873 0.0549168848
vt 0.601590335 0.100735463
vt 0.633268297 0.111219682
vt 0.575315356 0.0458523817
vt 0.575684845 0.0092092324
vt 0.569730043 0.0963754877
vt 0.538569391 0.0437592566
vt 0.538073897 0.00723310374
vt 0.537816882 0.0950240344
vt 0.502318919 0.044657588
vt 0.499724835 0.00816684216
vt 0.506052196 0.0960554779
vt 0.474456608 0.0993795618
vt 0.466299415 0.0486690328
vt 0.499724835 0.00816684216
vt 0.461553037 0.0123343803
vt 0.430234224 0.0558161885
vt 0.424565643 0.01956781
vt 0.443062782 0.105096467
vt 0.392999262 0.0656126738
vt 0.389878243 0.0279200189
vt 0.412157923 0.113805868
vt 0.35049203 0.0760983974
vt 0.356962293 0.0323091038
vt 0.38231656 0.128552839
vt 0.417303294 0.121833667
vt 0.391774029 0.135407701
vt 0.39769575 0.143615767
vt 0.422314048 0.1302699
vt 0.446353316 0.113523066
vt 0.449600995 0.122572906
vt 0.47632286 0.108149946
vt 0.478192657 0.117538378
vt 0.506703138 0.105002701
vt 0.507395327 0.114547759
vt 0.537238419 0.103956111
vt 0.536742389 0.113505282
vt 0.56769073 0.105163492
vt 0.565783739 0.114567861
vt 0.597656608 0.109385714
vt 0.593918383 0.118425369
vt 0.624897718 0.119300701
vt 0.620226681 0.128237024
vt 0.624897718 0.119300701
vt 0.592403889 0.122363992
vt 0.616762519 0.131349847
vt 0.620226681 0.128237024
vt 0.565043092 0.118631192
vt 0.565043092 0.118631192
vt 0.536579132 0.117602304
vt 0.507709801 0.1186423
vt 0.507709801 0.1186423
vt 0.47897324 0.121592641
vt 0.47897324 0.121592641
vt 0.45092991 0.12652874
vt 0.424371511 0.133993819
vt 0.39769575 0.143615767
vt 0.401555121 0.146249816
vt 0.39769575 0.143615767
vt 0.900436759 0.101529792
vt 0.885756433 0.0656848997
vt 0.900442898 0.0298425928
vt 0.935884237 0.116379708
vt 0.93589294 0.014998815
vt 0.971334279 0.101535968
vt 0.971340179 0.0298488326
vt 0.986020148 0.0656937584
vt 0.221405402 0.926394999
vt 0.209064126 0.905575156
vt 0.209164873 0.937926292
vt 0.230634481 0.913463295
vt 0.243126839 0.925673664
vt 0.252678454 0.945707202
vt 0.23046346 0.955765486
vt 0.250204474 0.971607268
vt 0.257863849 0.914181232
vt 0.269301564 0.930426598
vt 0.278685719 0.941929579
vt 0.264466941 0.953700125
vt 0.250605166 0.903696239
vt 0.263702989 0.973059416
vt 0.272748828 0.991438866
vt 0.244020447 0.984120905
vt 0.295655817 0.918419123
vt 0.293976158 0.941285431
vt 0.310217828 0.93723774
vt 0.300200254 0.955040514
vt 0.310221434 0.955040514
vt 0.296130568 0.892913163
vt 0.264088243 0.904838383
vt 0.261357576 0.894052088
vt 0.232631877 0.891052842
vt 0.246204346 0.883143246
vt 0.233344316 0.870325267
vt 0.240346402 0.853733242
vt 0.256100863 0.864443123
vt 0.225583062 0.848581433
vt 0.213464096 0.872717023
vt 0.239570439 0.82987076
vt 0.249219194 0.842564344
vt 0.26444748 0.8420856
vt 0.268801212 0.849403024
vt 0.279450744 0.850236297
vt 0.286439687 0.863287151
vt 0.289436787 0.84244585
vt 0.300676286 0.84669894
vt 0.282553077 0.790915132
vt 0.269175738 0.798651576
vt 0.24749966 0.78956759
vt 0.264644474 0.778785348
vt 0.269894063 0.766442537
vt 0.25230062 0.765915692
vt 0.271966159 0.820067406
vt 0.326392472 0.851506352
vt 0.326392472 0.890560746
vt 0.326392472 0.772881031
vt 0.292055637 0.723474324
vt 0.326392472 0.732310057
vt 0.287807465 0.704284489
vt 0.280047417 0.720939755
vt 0.277531594 0.715130746
vt 0.248886809 0.714321971
vt 0.268862486 0.700451553
vt 0.275394946 0.644054234
vt 0.326392472 0.702771068
vt 0.326392472 0.681058526
vt 0.326392472 0.621476293
vt 0.284128577 0.62845552
vt 0.275394946 0.644054234
vt 0.265907705 0.625474811
vt 0.259868652 0.64304167
vt 0.24433279 0.636788845
vt 0.242811844 0.517465472
vt 0.326392472 0.578489959
vt 0.326392561 0.527627885
vt 0.27702108 0.430617452
vt 0.265096933 0.423070878
vt 0.231251627 0.515488803
vt 0.307763934 0.360991836
vt 0.317896187 0.370628208
vt 0.326392561 0.366396159
vt 0.326392561 0.3435857
vt 0.326392561 0.46688199
vt 0.326392561 0.380534261
vt 0.230334029 0.667756736
vt 0.345476687 0.360991836
vt 0.334888995 0.370628208
vt 0.375764072 0.430617452
vt 0.388393581 0.423070878
vt 0.420448035 0.515488803
vt 0.407183319 0.517465472
vt 0.386877358 0.625474811
vt 0.408452302 0.636788845
vt 0.4224509 0.667756736
vt 0.392916292 0.64304167
vt 0.377390087 0.644054234
vt 0.368656516 0.62845552
vt 0.383922487 0.700451553
vt 0.403898329 0.714321971
vt 0.377390087 0.644054234
vt 0.364977568 0.704284489
vt 0.37525335 0.715130746
vt 0.372737557 0.720939755
vt 0.360729396 0.723474324
vt 0.38289091 0.766442537
vt 0.388140529 0.778785348
vt 0.405285329 0.789567769
vt 0.400484353 0.765915692
vt 0.370231867 0.790915132
vt 0.383609205 0.798651576
vt 0.363348126 0.84244585
vt 0.352108657 0.84669894
vt 0.366345167 0.863287151
vt 0.373334229 0.850236297
vt 0.396684051 0.864443123
vt 0.383983761 0.849403024
vt 0.388337433 0.8420856
vt 0.403565764 0.842564344
vt 0.380818784 0.820067406
vt 0.412438542 0.853733242
vt 0.406580627 0.883143485
vt 0.419440538 0.870325446
vt 0.427202016 0.848581433
vt 0.439320862 0.872717023
vt 0.420153111 0.891053021
vt 0.391427219 0.894052088
vt 0.408003122 0.903893709
vt 0.3886967 0.904838383
vt 0.413214505 0.82987076
vt 0.394921124 0.914181232
vt 0.409658134 0.925673664
vt 0.4001064 0.945707202
vt 0.431379586 0.926394999
vt 0.422321528 0.955765724
vt 0.40258038 0.971607268
vt 0.383483291 0.930426598
vt 0.374099135 0.941929579
vt 0.387035668 0.954820752
vt 0.42132017 0.91266793
vt 0.389082015 0.973059416
vt 0.380036056 0.991438866
vt 0.408911765 0.98380971
vt 0.357129157 0.918419123
vt 0.358808786 0.941285431
vt 0.342566967 0.93723774
vt 0.35258472 0.955040514
vt 0.34256351 0.955040514
vt 0.326392472 0.926646888
vt 0.326392472 0.955040514
vt 0.356654376 0.892913163
vt 0.221338406 0.965960741
vt 0.443605453 0.93712461
vt 0.443720728 0.905575156
vt 0.431755632 0.966304064
vt 0.225058243 0.413804561
vt 0.237298787 0.402273297
vt 0.237399429 0.434624404
vt 0.215829089 0.426736504
vt 0.203336805 0.414525926
vt 0.193785191 0.394492328
vt 0.216000214 0.384434253
vt 0.196259052 0.368592799
vt 0.18859981 0.426018566
vt 0.177161977 0.409773231
vt 0.167777911 0.398270309
vt 0.181996718 0.386499643
vt 0.195858479 0.436503589
vt 0.182760671 0.367140204
vt 0.173714727 0.348761022
vt 0.202443227 0.356078684
vt 0.150807843 0.421780676
vt 0.152487472 0.398914397
vt 0.136245757 0.402962029
vt 0.146263361 0.385159105
vt 0.136242196 0.385159105
vt 0.150333077 0.447286665
vt 0.182375282 0.435361236
vt 0.185105935 0.446147531
vt 0.213831678 0.449146777
vt 0.200259313 0.457056642
vt 0.213119224 0.469874322
vt 0.206117257 0.486466408
vt 0.190362781 0.475756794
vt 0.220880583 0.491618365
vt 0.232999563 0.467482895
vt 0.206893086 0.510329008
vt 0.197244346 0.497635365
vt 0.182016015 0.498114407
vt 0.177662432 0.490796745
vt 0.167012885 0.489963263
vt 0.160023868 0.476912409
vt 0.157026842 0.49775368
vt 0.145787328 0.493501067
vt 0.163910553 0.549284637
vt 0.177287802 0.54154855
vt 0.198964 0.550632179
vt 0.181819081 0.56141448
vt 0.176569581 0.573757291
vt 0.194163024 0.574284196
vt 0.174497455 0.520132482
vt 0.120071135 0.488693208
vt 0.120071135 0.449638844
vt 0.120071135 0.567318797
vt 0.120071083 0.60788995
vt 0.154407978 0.616725445
vt 0.158656165 0.635915399
vt 0.166416228 0.619260192
vt 0.168931916 0.625069141
vt 0.197576866 0.625877917
vt 0.177601084 0.639748335
vt 0.162335053 0.711744368
vt 0.171068579 0.696145773
vt 0.120071083 0.718723655
vt 0.120071083 0.659141362
vt 0.120071083 0.63742882
vt 0.120071135 0.41355297
vt 0.120071135 0.385159105
vt 0.0625410229 0.639748335
vt 0.0778071061 0.711744368
vt 0.0690734908 0.696145773
vt 0.0814859569 0.635915399
vt 0.0425652973 0.625877917
vt 0.0690734908 0.696145773
vt 0.0712102652 0.625069141
vt 0.0737259239 0.619260192
vt 0.0857341886 0.616725445
vt 0.0635726228 0.573757291
vt 0.0583230555 0.56141448
vt 0.0411782525 0.550632179
vt 0.0459791645 0.574284196
vt 0.0762316212 0.549284637
vt 0.062854372 0.54154855
vt 0.0831153765 0.49775368
vt 0.0943548903 0.493501067
vt 0.080118306 0.476912409
vt 0.0731293932 0.489963263
vt 0.0497794785 0.475756794
vt 0.0624797568 0.490796745
vt 0.0581261218 0.498114407
vt 0.0428977981 0.497635245
vt 0.0656447485 0.520132482
vt 0.034025006 0.486466408
vt 0.0398829393 0.457056642
vt 0.0270229951 0.469874322
vt 0.019261634 0.491618365
vt 0.00714270491 0.467482597
vt 0.026310524 0.449146777
vt 0.0550362617 0.446147531
vt 0.0384604409 0.43630591
vt 0.0577668659 0.435361236
vt 0.0332490467 0.510329008
vt 0.0515424423 0.426018566
vt 0.0368054509 0.414525926
vt 0.0463571101 0.394492328
vt 0.0150840152 0.413804561
vt 0.024142066 0.384434253
vt 0.0438832194 0.36859259
vt 0.0629802272 0.409773231
vt 0.0723644346 0.398270309
vt 0.0594278537 0.385378927
vt 0.0251434073 0.427531719
vt 0.057381589 0.367140204
vt 0.0664275512 0.348761022
vt 0.0375517905 0.35638997
vt 0.0893344283 0.421780676
vt 0.0876547992 0.398914397
vt 0.103896558 0.402962029
vt 0.093878895 0.385159105
vt 0.10390006 0.385159105
vt 0.0147079797 0.373895794
vt 0.0898091495 0.447286665
vt 0.00285807136 0.403075397
vt 0.00274277641 0.434624404
vt 0.169442564 0.909582555
vt 0.215211928 0.824711025
vt 0.181366712 0.917128623
vt 0.203651696 0.822734356
vt 0.138699666 0.979208171
vt 0.128567427 0.969571888
vt 0.120071039 0.973803818
vt 0.120071039 0.996614337
vt 0.120071039 0.873317957
vt 0.120071039 0.812571943
vt 0.120071039 0.761709869
vt 0.180555955 0.714725196
vt 0.202130884 0.703411102
vt 0.120071039 0.959665239
vt 0.216129631 0.672443211
vt 0.186594903 0.697158158
vt 0.171068579 0.696145773
vt 0.10098692 0.979208171
vt 0.11157459 0.969571888
vt 0.0706995055 0.909582555
vt 0.058069963 0.917128623
vt 0.0392802469 0.822734356
vt 0.026015494 0.824711025
vt 0.0595862009 0.714725196
vt 0.0380112641 0.703410983
vt 0.0240125991 0.672443092
vt 0.0535471998 0.697158158
vt 0.225125134 0.374239057
vn 0.306027979 4.20330622E-07 -0.952022612
vn 0.600704491 -0.60070473 -0.527548909
vn 0.849524736 0 -0.527548909
vn 0.216394112 -0.216394097 -0.952022672
vn -2.12032049E-07 -0.849524558 -0.527549148
vn -1.04166801E-07 -0.306027412 -0.952022672
vn -0.600704908 -0.600704253 -0.527548969
vn -0.216394261 -0.216393813 -0.952022672
vn -0.849524736 5.89081765E-07 -0.52754879
vn -0.3060278 7.90946729E-07 -0.952022612
vn -0.600704551 0.600705266 -0.527548313
vn -0.216394588 0.216395631 -0.952022254
vn 2.53910741E-07 0.849525034 -0.527548134
vn 1.46669592E-07 0.30602923 -0.952022016
vn 0.600704968 0.600704849 -0.527548254
vn 0.216394916 0.216395408 -0.952022135
vn 0.849524736 0 -0.527548909
vn 0.306027979 4.20330622E-07 -0.952022612
vn 0.00354631385 -0.92433852 0.381556839
vn 0.652402759 -0.649059474 0.391270459
vn 0.918649852 -3.55821669E-07 0.395072877
vn -0.930467129 1.25389619E-07 0.366375387
vn -0.654751718 -0.658521414 0.371011823
vn 0.00354660605 0.924338162 0.381557912
vn -0.65475136 0.658521473 0.37101227
vn 0.652403057 0.649058938 0.391270816
vn 0.918649852 -3.55821669E-07 0.395072877
vn 0.977692425 0 -0.210041821
vn 0.693312109 -0.690427303 0.206466526
vn 0.977692425 -1.03859307E-07 0.210041702
vn 0.693312109 -0.690427184 -0.206466928
vn 0.00295340759 -0.980271757 0.197632059
vn 0.0029532765 -0.980271757 -0.197632387
vn -0.692916691 -0.695940673 0.188502252
vn -0.69291693 -0.695940435 -0.188502088
vn -0.982807755 -1.24873893E-07 0.184631944
vn -0.982807875 0 -0.184631258
vn -0.692916751 0.695940554 0.18850264
vn -0.69291693 0.695940614 -0.188501567
vn 0.00295338454 0.980271757 0.197632343
vn 0.00295328116 0.980271995 -0.197631329
vn 0.693312168 0.690427184 0.206466839
vn 0.693312109 0.690427363 -0.206466392
vn 0.977692425 -1.03859307E-07 0.210041702
vn 0.977692425 0 -0.210041821
vn 0.676711321 -0.689263284 0.258800864
vn 0.965448141 -1.74847131E-07 0.260595471
vn 0.918649852 -3.55821669E-07 0.395072877
vn 0.652402759 -0.649059474 0.391270459
vn -0.0127827041 -0.967075706 0.254167557
vn 0.00354631385 -0.92433852 0.381556839
vn -0.691294074 -0.678265572 0.249135211
vn 0.00354631385 -0.92433852 0.381556839
vn -0.654751718 -0.658521414 0.371011823
vn -0.969029665 0 0.246944308
vn -0.930467129 1.25389619E-07 0.366375387
vn -0.691293836 0.678265452 0.249136195
vn -0.65475136 0.658521473 0.37101227
vn -0.0127823381 0.967075348 0.254168898
vn 0.00354660605 0.924338162 0.381557912
vn 0.67671144 0.689262807 0.258801937
vn 0.652403057 0.649058938 0.391270816
vn 0.965448141 -1.74847131E-07 0.260595471
vn 0.652403057 0.649058938 0.391270816
vn 0.918649852 -3.55821669E-07 0.395072877
vn 1 -6.02786713E-07 0
vn 0.707106471 -0.707107008 -1.40982237E-07
vn 0.707106471 -0.707107008 -1.40982237E-07
vn 1 -6.43858641E-07 0
vn -4.38499143E-07 -1 -1.96727171E-07
vn -4.38499143E-07 -1 -1.96727171E-07
vn -0.707107186 -0.707106352 -1.38996811E-07
vn -0.707107186 -0.707106352 -1.38996811E-07
vn -1 6.02786827E-07 0
vn -1 6.43858755E-07 0
vn -0.707106352 0.707107127 1.38524243E-07
vn -0.707106352 0.707107186 1.38524243E-07
vn 4.79571042E-07 1 1.9625449E-07
vn 4.79571042E-07 1 1.9625449E-07
vn 0.707107186 0.707106352 1.36633346E-07
vn 0.707107186 0.707106352 1.36633361E-07
vn 1 -6.43858641E-07 0
vn 1 -6.02786713E-07 0
vn 0.525956631 1.1189055E-07 -0.850511432
vn 0.70217073 -0.702170432 -0.11795333
vn 0.993019164 0 -0.11795307
vn 0.371907502 -0.371907234 -0.850511551
vn 0.536151409 -0.53615129 0.651984274
vn 0.758232355 0 0.651984453
vn 1.0002308E-07 -0.993019164 -0.117953397
vn -0 -0.525956452 -0.850511551
vn 2.15512543E-07 -0.758232534 0.651984274
vn -0.702170491 -0.70217067 -0.11795333
vn -0.371907324 -0.371907085 -0.850511611
vn -0.536151111 -0.53615129 0.651984453
vn -0.993019164 1.25439755E-07 -0.117953129
vn -0.525956452 3.51015018E-07 -0.850511551
vn -0.758232296 -1.90173836E-07 0.651984513
vn -0.53615123 0.536151111 0.651984453
vn -0.702170551 0.70217073 -0.117952839
vn -0.525956452 3.51015018E-07 -0.850511551
vn -0.371907294 0.37190792 -0.850511372
vn -0 0.993019164 -0.117952704
vn -0 0.525956929 -0.850511193
vn -0 0.758232296 0.651984572
vn 0.70217061 0.70217067 -0.117952809
vn 0.371907592 0.371907771 -0.850511193
vn 0.53615123 0.536151111 0.651984572
vn 0.993019164 0 -0.11795307
vn 0.525956631 1.1189055E-07 -0.850511432
vn 0.758232355 0 0.651984453
vn 0.564804494 0.564804673 0.601657331
vn 0.798754394 0 0.601657152
vn 0.817411304 2.32528873E-05 0.576054513
vn 0.577961028 0.577984273 0.576103389
vn 1.47250063E-07 0.798754334 0.601657391
vn -1.91179282E-07 0.817362666 0.576123476
vn -0.564804673 0.564804316 0.601657569
vn -0.577961147 0.577984452 0.57610327
vn -0.798754215 -1.34732147E-07 0.601657391
vn -0.817411423 2.29369653E-05 0.576054156
vn -0.564804435 -0.564804971 0.601657152
vn -0.578033268 -0.578010142 0.576005042
vn -0 -0.798754454 0.601657152
vn 2.60359229E-07 -0.817460358 0.575984836
vn 0.564804792 -0.564804614 0.601657152
vn 0.578033328 -0.578009784 0.57600528
vn 0.798754394 0 0.601657152
vn 0.817411304 2.32528873E-05 0.576054513
vn 0.798754394 0 0.601657152
vn 0.087571241 -0.0876523927 0.992294431
vn 0.12375319 -8.07667384E-05 0.992313087
vn 0.817411304 2.32528873E-05 0.576054513
vn 0.371907502 -0.371907234 -0.850511551
vn 0.525956631 1.1189055E-07 -0.850511432
vn 0.371907592 0.371907771 -0.850511193
vn -0 0.525956929 -0.850511193
vn -0 -0.525956452 -0.850511551
vn -0.371907294 0.37190792 -0.850511372
vn -0.371907324 -0.371907085 -0.850511611
vn -0.525956452 3.51015018E-07 -0.850511551
vn -2.8321665E-07 -0.123963766 0.992286682
vn -0.0875720903 -0.0876526311 0.992294312
vn -0.123754278 -8.05638192E-05 0.992312849
vn -0.0874428675 0.0873622373 0.992331386
vn -2.8321665E-07 -0.123963766 0.992286682
vn 0.087571241 -0.0876523927 0.992294431
vn -0.0874428675 0.0873622373 0.992331386
vn -1.20251983E-07 0.123544119 0.992339015
vn 0.0874421895 0.0873617977 0.992331505
vn 0.817411304 2.32528873E-05 0.576054513
vn 0.12375319 -8.07667384E-05 0.992313087
vn 0.152850777 -0.983923733 -0.0923621878
vn 0.971450925 -2.03247524E-07 0.23724027
vn 0.605329573 1.98002368E-07 -0.795974851
vn 0.0524130873 2.30176795E-07 -0.998625517
vn 0.0393103585 -0.991684675 -0.122540407
vn -0.113077424 -0.991780102 0.0598812737
vn 0.168111801 -0.979082644 0.114610739
vn -0.0516015179 -0.98822695 0.144030228
vn 0.115692087 -0.98786062 -0.103666037
vn -0.0662629306 -0.988981009 0.132384762
vn -0.468350887 -1.39934002E-07 0.883542538
vn -0.912135184 0 0.40988943
vn 0.99389255 0 -0.110352308
vn -0.96810931 2.05911036E-07 -0.250528157
vn -0.77134043 0 0.636422813
vn 0.443022251 -1.5497659E-07 0.896510541
vn 0.0929119438 -0.992590189 0.0783077255
vn 0.668328941 -3.3230566E-07 0.743865848
vn 0.381112278 -0.916737676 0.119772471
vn 0.967003107 -3.65377673E-07 0.254764616
vn 0.420769423 -0.905340016 0.0575544871
vn 0.157137722 -0.987321675 -0.022439966
vn 0.137245774 -0.98941046 0.0472275428
vn 0.638323605 -2.79911262E-07 0.769768119
vn 0.0972313657 -0.986896098 0.128771722
vn 0.156224519 -0.987057507 0.036214117
vn 0.134253874 -0.988039076 -0.0758599937
vn -0.0579425842 -0.997256935 -0.0460578054
vn 0.867293894 0 -0.497796506
vn 0.986842692 -1.87557475E-07 0.161683604
vn 0.585328579 1.04926769E-07 -0.810796201
vn -0.0165206306 -0.993400753 -0.113498434
vn -0.999597728 1.44173214E-07 0.0283612181
vn -0.287804484 3.36100186E-07 -0.957689166
vn 0.422389537 2.48353274E-07 -0.90641439
vn 0.0664560944 -0.98908782 -0.131487876
vn 0.986015081 -1.51577382E-07 -0.166656479
vn 0.102221198 -0.993840933 -0.0427894369
vn 0.109702513 -0.990632772 0.0813154429
vn 0.747190535 -3.67610454E-07 0.664609849
vn 0.893555045 -2.41961999E-07 0.448953688
vn 0.170270637 -0.983759284 0.0567943044
vn 0.158074275 -0.984877467 -0.0709144399
vn 0.934582949 0 -0.355745465
vn -0.615544677 3.5650487E-07 -0.788101971
vn -1.5178604E-07 -0.999832988 -0.018271653
vn -1.53031294E-07 -0.997640014 -0.068662256
vn 0.0452481881 -0.998108983 -0.0416070931
vn -1.50754943E-07 -1 0.000347149267
vn -1.50958741E-07 -1 -9.35245189E-05
vn 0.137911826 -0.990293145 -0.0173107646
vn 0.0714994892 -0.99499619 0.0697882697
vn 0.996993661 -2.17215103E-07 -0.077482529
vn 0.651994109 -2.79223144E-07 0.75822407
vn 0.90811336 -1.47438342E-07 0.418724418
vn 0.189380676 -0.978650451 0.079863742
vn 0.0360906981 -0.99821341 0.0476186313
vn 0.987899363 -1.4107269E-07 0.155096442
vn -1.50995731E-07 -0.999999642 0.000909476774
vn -1.51069713E-07 -0.999998689 -0.00167146313
vn -1.50994921E-07 -0.999994159 -0.00342406263
vn -1.32990266E-07 -0.999837041 0.0180514231
vn -0 -0.99984467 0.0176220387
vn -0.189381003 -0.978650451 0.0798637718
vn -0.0360910073 -0.99821341 0.0476186238
vn -0.987899363 1.57264552E-07 0.155096665
vn -0.0714997649 -0.99499619 0.0697882324
vn -0.908113122 2.16318853E-07 0.418724805
vn -0.987899363 1.57264552E-07 0.155096665
vn -0.651994228 -1.76133412E-07 0.75822401
vn -0.996993661 1.2644189E-07 -0.0774826929
vn -0.137912154 -0.990293145 -0.0173107814
vn -0.158074632 -0.984877467 -0.0709144846
vn -0.170270965 -0.983759165 0.0567942932
vn -0.893555045 0 0.448953688
vn -0.934582829 3.25612035E-07 -0.355745643
vn -0.109702751 -0.990632653 0.081315428
vn -0.747190475 -1.41965174E-07 0.664610028
vn -0.986015081 1.88618159E-07 -0.166656524
vn -0.102221467 -0.993840933 -0.0427894108
vn -0.0664563775 -0.989087701 -0.131487831
vn -0.422389627 3.75911355E-07 -0.90641439
vn 0.0579422973 -0.997256935 -0.0460577719
vn 0.28780511 1.20561623E-07 -0.957688928
vn 0.999597728 -2.56232823E-07 0.0283618402
vn 0.0165203977 -0.993400753 -0.11349839
vn 0.615544856 7.75911644E-07 -0.788101912
vn -0.134254232 -0.988038957 -0.0758600235
vn -0.0960622951 -0.989002109 0.112458281
vn -0.156224772 -0.987057388 0.0362141877
vn -0.867293894 2.49641715E-07 -0.497796565
vn -0.986842692 1.72927315E-07 0.161683738
vn -0.664061189 0 0.747678161
vn -0.119494341 -0.992526174 0.0247548744
vn -0.990197062 4.36173053E-07 -0.139677048
vn -0.120680362 -0.99255681 -0.016345866
vn -0.585328579 3.52633066E-07 -0.810796142
vn -0.10175059 -0.991775036 -0.0776466876
vn -0.0386533476 -0.993182838 -0.109971628
vn 0.108396262 -0.992477 0.056917049
vn -0.155722484 -0.983936548 -0.0872893631
vn -0.16727443 -0.979381025 0.11327944
vn 0.0473215096 -0.987966835 0.147248596
vn 0.0657225624 -0.989751935 0.126773849
vn 0.48503074 -3.88741938E-07 0.874497056
vn 0.914881825 -2.34398129E-07 0.403721809
vn -0.108112276 2.53345718E-07 -0.994138718
vn 0.97075516 0 -0.240071937
vn 0.769408762 -2.68469023E-07 0.638756812
vn -0.442726403 -2.70748927E-07 0.896656811
vn -0.0929122418 -0.992590189 0.0783077329
vn -0.66832912 -1.3047584E-07 0.743865728
vn -0.381112546 -0.916737556 0.119772471
vn -0.967003107 -1.52662651E-07 0.254764557
vn -0.420769751 -0.905339897 0.057554476
vn -0.786088645 0 0.618113875
vn -0.0452484824 -0.998108983 -0.0416070931
vn -0.974006891 0 0.226518363
vn -0.609639585 1.83136123E-07 -0.792678773
vn 0.18835178 -0.978162169 -0.0878779888
vn 0.983798385 -1.62521431E-07 -0.179278627
vn 0.883708 0 -0.468038529
vn 0.208727315 -0.977200449 -0.0388881899
vn 0.742154717 0 -0.670228601
vn 0.187084898 -0.967511058 -0.170063794
vn 0.00141641742 -0.97281599 -0.231574953
vn 0.00317777321 3.78510492E-07 -0.999994993
vn -5.68007363E-06 -0.999999046 0.00139132817
vn 1.02655667E-05 -1 -0.000304305286
vn 0.0845880732 -0.989001989 0.121325746
vn 1.5981057E-05 -1 -0.000252377882
vn -0.01873748 -0.993001103 0.116609238
vn -1.55751295E-07 -0.999198496 -0.0400291383
vn 0.457194805 -2.81076041E-07 0.889366508
vn -0.402915657 -2.55053777E-07 0.915237069
vn 0.987899363 -1.4107269E-07 0.155096442
vn -0.739858449 3.34626094E-07 -0.672762632
vn -0.183081836 -0.968574643 -0.168357402
vn -0.18079336 -0.980067134 -0.0823537707
vn -0.887935221 3.0482866E-07 -0.459968537
vn -0.194574475 -0.980253756 -0.0352603383
vn -0.985224009 0 -0.171270728
vn -0.0786925182 -0.989803553 0.118728377
vn 0.0187587645 -0.992998004 0.116632573
vn -0.412721872 4.38191023E-07 0.910857141
vn 0.402915537 -1.81365408E-07 0.915237129
vn 0.786679685 -2.65975814E-07 0.617361426
vn 0.152851075 0.983923733 -0.0923617259
vn 0.605329573 1.98002368E-07 -0.795974851
vn 0.971450925 -2.03247524E-07 0.23724027
vn 0.0524130873 2.30176795E-07 -0.998625517
vn 0.0393106528 0.991684794 -0.12253996
vn -0.113077126 0.991780102 0.059881743
vn 0.168112129 0.979082584 0.114611208
vn -0.0516012125 0.98822695 0.14403069
vn 0.115692399 0.987860739 -0.103665575
vn -0.0662626177 0.988981009 0.132385269
vn -0.468350887 -1.39934002E-07 0.883542538
vn -0.912135184 0 0.40988943
vn 0.99389255 0 -0.110352308
vn -0.96810931 2.05911036E-07 -0.250528157
vn -0.77134043 0 0.636422813
vn 0.443022251 -1.5497659E-07 0.896510541
vn 0.092912294 0.99259007 0.07830818
vn 0.668328941 -3.3230566E-07 0.743865848
vn 0.381112605 0.916737437 0.119772948
vn 0.967003107 -3.65377673E-07 0.254764616
vn 0.420769721 0.905339837 0.0575549901
vn 0.15713802 0.987321675 -0.0224394966
vn 0.137246072 0.9894104 0.0472280271
vn 0.638323605 -2.79911262E-07 0.769768119
vn 0.0972316936 0.986895978 0.128772214
vn 0.156224847 0.987057388 0.0362145938
vn 0.134254202 0.988039076 -0.0758595169
vn -0.057942301 0.997256935 -0.046057336
vn 0.867293894 0 -0.497796506
vn 0.986842692 -1.87557475E-07 0.161683604
vn 0.585328579 1.04926769E-07 -0.810796201
vn -0.0165203288 0.993400872 -0.113497965
vn -0.999597728 1.44173214E-07 0.0283612181
vn -0.287804484 3.36100186E-07 -0.957689166
vn 0.422389537 2.48353274E-07 -0.90641439
vn 0.0664563924 0.98908782 -0.131487399
vn 0.986015081 -1.51577382E-07 -0.166656479
vn 0.102221504 0.993840933 -0.0427889563
vn 0.109702826 0.990632653 0.0813159347
vn 0.747190535 -3.67610454E-07 0.664609849
vn 0.893555045 -2.41961999E-07 0.448953688
vn 0.170270935 0.983759165 0.0567947626
vn 0.158074573 0.984877467 -0.070913963
vn 0.934582949 0 -0.355745465
vn -0.615544677 3.5650487E-07 -0.788101971
vn 1.50729676E-07 0.999833107 -0.0182711817
vn 1.53031294E-07 0.997640014 -0.0686618239
vn 0.0452485047 0.998108983 -0.0416066349
vn 1.51218146E-07 1 0.000347629684
vn 0.137912154 0.990293145 -0.0173103008
vn 1.5110696E-07 1 -9.30505266E-05
vn 0.0714997798 0.99499619 0.0697887316
vn 0.996993661 -2.17215103E-07 -0.077482529
vn 0.651994109 -2.79223144E-07 0.75822407
vn 0.90811336 -1.47438342E-07 0.418724418
vn 0.189380988 0.978650331 0.0798642188
vn 0.987899363 -1.4107269E-07 0.155096442
vn 1.50994921E-07 0.999994159 -0.00342358835
vn 1.50921494E-07 0.999998689 -0.00167097978
vn 1.51051324E-07 0.999999642 0.000909955124
vn 0.0360909775 0.998213291 0.0476191118
vn 0.987899363 -1.4107269E-07 0.155096442
vn -0.0187371932 0.993001103 0.11660973
vn -0.402915657 -2.55053777E-07 0.915237069
vn 0.0845883787 0.98900187 0.12132623
vn 1.62830675E-05 1 -0.000251901365
vn 1.05676245E-05 1 -0.000303834095
vn 0.208727553 0.977200449 -0.0388877168
vn 0.189524114 0.977946401 -0.0877578482
vn 0.883708 0 -0.468038529
vn 0.983798385 -1.62521431E-07 -0.179278627
vn 0.742154717 0 -0.670228601
vn 0.189687535 0.966413021 -0.173391208
vn 0.0014158542 0.971347094 -0.237661198
vn 0.00317777321 3.78510492E-07 -0.999994993
vn -5.37782626E-06 0.999998927 0.00151648035
vn 1.4717962E-07 0.999054968 -0.0434653349
vn 0.457194805 -2.81076041E-07 0.889366508
vn -0.739858449 3.34626094E-07 -0.672762632
vn -0.18568702 0.967493713 -0.17168662
vn -0.181965858 0.979860008 -0.0822353438
vn -0.887935221 3.0482866E-07 -0.459968537
vn -0.985224009 0 -0.171270728
vn -0.194574162 0.980253756 -0.0352598764
vn -0.0786923543 0.989803553 0.118728787
vn 0.0187590774 0.992997885 0.116633043
vn -0.412721872 4.38191023E-07 0.910857141
vn 0.402915537 -1.81365408E-07 0.915237129
vn -0.987899363 1.57264552E-07 0.155096665
vn -0.0360906869 0.998213291 0.0476191081
vn -0.18938069 0.978650451 0.0798642263
vn -0.908113122 2.16318853E-07 0.418724805
vn -0.987899363 1.57264552E-07 0.155096665
vn -0.0714994892 0.99499619 0.0697887838
vn -0.651994228 -1.76133412E-07 0.75822401
vn -0.996993661 1.2644189E-07 -0.0774826929
vn -0.137911811 0.990293145 -0.0173102897
vn -0.158074304 0.984877467 -0.0709140003
vn -0.170270696 0.983759284 0.0567947663
vn -0.893555045 0 0.448953688
vn -0.934582829 3.25612035E-07 -0.355745643
vn -0.109702498 0.990632653 0.0813159496
vn -0.747190475 -1.41965174E-07 0.664610028
vn -0.986015081 1.88618159E-07 -0.166656524
vn -0.102221206 0.993841052 -0.0427889377
vn -0.066456072 0.98908782 -0.131487384
vn -0.422389627 3.75911355E-07 -0.90641439
vn 0.0579426065 0.997256935 -0.0460573025
vn 0.28780511 1.20561623E-07 -0.957688928
vn 0.999597728 -2.56232823E-07 0.0283618402
vn 0.0165209286 0.993400872 -0.113497831
vn 0.615544856 7.75911644E-07 -0.788101912
vn -0.134253964 0.988039076 -0.0758595914
vn -0.0960619971 0.989002109 0.112458713
vn -0.156224504 0.987057507 0.036214646
vn -0.867293894 2.49641715E-07 -0.497796565
vn -0.986842692 1.72927315E-07 0.161683738
vn -0.664061189 0 0.747678161
vn -0.119494066 0.992526174 0.0247554425
vn -0.990197062 4.36173053E-07 -0.139677048
vn -0.120680049 0.99255681 -0.0163453389
vn -0.585328579 3.52633066E-07 -0.810796142
vn -0.101750299 0.991775155 -0.0776462108
vn -0.0386530384 0.993182957 -0.109971143
vn 0.108396575 0.992477 0.0569175296
vn -0.155722201 0.983936548 -0.0872889087
vn -0.167274117 0.979381025 0.113279909
vn 0.0473218001 0.987966835 0.147249073
vn 0.0657228604 0.989751816 0.126774341
vn 0.48503074 -3.88741938E-07 0.874497056
vn 0.914881825 -2.34398129E-07 0.403721809
vn -0.108112276 2.53345718E-07 -0.994138718
vn 0.97075516 0 -0.240071937
vn 0.769408762 -2.68469023E-07 0.638756812
vn -0.442726403 -2.70748927E-07 0.896656811
vn -0.0929120108 0.992590189 0.0783081725
vn -0.66832912 -1.3047584E-07 0.743865728
vn -0.381112367 0.916737556 0.119772933
vn -0.967003107 -1.52662651E-07 0.254764557
vn -0.420769483 0.905340016 0.0575549938
vn 1.6253037E-07 0.999837041 0.0180518907
vn 2.15396454E-07 0.99984467 0.0176226441
vn -0.0452481881 0.998108983 -0.0416066274
vn 0.786679685 -2.65975814E-07 0.617361426
vn -0.974006891 0 0.226518363
vn -0.609639585 1.83136123E-07 -0.792678773
vn -0.786088645 0 0.618113875
vn 0.171970367 0 0.985102177
vn 0.579069495 -0.579069912 0.573895931
vn 0.12160109 -0.121601425 0.985102177
vn 0.818928182 -2.16190827E-07 0.57389605
vn -2.1223758E-07 -0.818928182 0.573895991
vn -0 -0.171970293 0.985102177
vn -0.579069793 -0.579069614 0.573895931
vn -0.121601164 -0.121601269 0.985102177
vn -0.818928242 3.7068645E-07 0.573895991
vn -0.171970293 2.91014885E-07 0.985102177
vn -0.579069734 0.579070151 0.573895574
vn -0.121601842 0.121602319 0.985101938
vn 2.41765207E-07 0.818928599 0.573895454
vn -0 0.171971634 0.985101938
vn 0.579070032 0.579069793 0.573895574
vn 0.121601991 0.121602178 0.985101938
vn 0.818928182 -2.16190827E-07 0.57389605
vn 0.171970367 0 0.985102177
vn 0.00353579759 -0.951727927 -0.306922615
vn 0.672298372 -0.668911815 -0.317130536
vn 0.947016716 -1.48257229E-07 -0.321184218
vn -0.956604898 2.94331045E-07 -0.291388154
vn -0.673552692 -0.677247524 -0.296078622
vn 0.00353604974 0.951727927 -0.306922466
vn -0.673552275 0.677247941 -0.296078652
vn 0.67229867 0.668911695 -0.317130417
vn 0.947016716 -1.48257229E-07 -0.321184218
vn 0.947016716 -1.48257229E-07 -0.321184218
vn 0.693725169 -0.705001831 -0.147369578
vn 0.672298372 -0.668911815 -0.317130536
vn 0.988852978 0 -0.148894802
vn -0.0113731055 -0.989578664 -0.143543199
vn 0.00353579759 -0.951727927 -0.306922615
vn -0.70590204 -0.694430411 -0.139530391
vn -0.673552692 -0.677247524 -0.296078622
vn -0.990457296 2.03049169E-07 -0.137819484
vn -0.956604898 2.94331045E-07 -0.291388154
vn -0.705901861 0.69443053 -0.139530629
vn -0.673552275 0.677247941 -0.296078652
vn -0.0113726621 0.989578784 -0.14354296
vn 0.00353604974 0.951727927 -0.306922466
vn 0.693725228 0.705001771 -0.147369742
vn 0.00353604974 0.951727927 -0.306922466
vn 0.67229867 0.668911695 -0.317130417
vn 0.988852978 0 -0.148894802
vn 0.947016716 -1.48257229E-07 -0.321184218
vn 1 -6.43858755E-07 0
vn 0.707106531 -0.707107008 -1.31942059E-07
vn 1 -6.0278677E-07 0
vn 0.707106471 -0.707107067 -1.31942059E-07
vn -3.15283444E-07 -1 -1.9257152E-07
vn -3.15283444E-07 -1 -1.9257152E-07
vn -0.707107306 -0.707106173 -1.40820759E-07
vn -0.707107246 -0.707106233 -1.40820774E-07
vn -1 5.61714785E-07 0
vn -1 5.41178906E-07 0
vn -0.707106471 0.707107008 1.30812026E-07
vn -0.70710659 0.707106948 1.30812012E-07
vn 5.82250834E-07 1 1.93217261E-07
vn 6.02786827E-07 1 1.93217261E-07
vn 0.707107246 0.707106292 1.38722157E-07
vn 0.707107246 0.707106292 1.38722157E-07
vn 1 -6.0278677E-07 0
vn 1 -6.43858755E-07 0
vn 0.52595669 -2.4778501E-07 0.850511372
vn 0.702170789 -0.702170491 0.117953084
vn 0.371907413 -0.371907532 0.850511372
vn 0.993019164 0 0.117953055
vn 0.536151409 -0.536150992 -0.651984453
vn 0.758232415 2.93478905E-07 -0.651984394
vn 1.1317919E-07 -0.993019164 0.117953107
vn -0 -0.52595675 0.850511372
vn 2.38469283E-07 -0.758232236 -0.651984572
vn -0.70217061 -0.70217067 0.117953129
vn -0.371907383 -0.371907443 0.850511432
vn -0.536151171 -0.53615123 -0.651984513
vn -0.993019164 0 0.117953204
vn -0.525956452 0 0.850511432
vn -0.758232355 0 -0.651984453
vn -0.53615129 0.536151409 -0.651984274
vn -0.70217061 0.70217061 0.117953151
vn -0.525956452 0 0.850511432
vn -0.371907294 0.371907473 0.850511432
vn -0 0.993019164 0.117953084
vn 1.02357248E-07 0.525956631 0.850511372
vn -0 0.758232534 -0.651984215
vn 0.70217061 0.70217061 0.11795304
vn 0.371907622 0.371907383 0.850511372
vn 0.53615123 0.536151409 -0.651984274
vn 0.993019164 0 0.117953055
vn 0.52595669 -2.4778501E-07 0.850511372
vn 0.758232415 2.93478905E-07 -0.651984394
vn 0.564804375 0.564805031 -0.601657093
vn 0.798754394 3.37207666E-07 -0.601657212
vn 0.751129329 -3.86757565E-05 -0.660154998
vn 0.53118813 0.531149685 -0.660090387
vn 1.73891621E-07 0.798754692 -0.601656914
vn -2.51202607E-07 0.751209676 -0.660063744
vn -0.564804614 0.564804733 -0.601657212
vn -0.531187952 0.531149328 -0.660090685
vn -0.798754334 1.89458632E-07 -0.601657391
vn -0.751128852 -3.88534281E-05 -0.660155594
vn -0.564804554 -0.564804614 -0.60165745
vn -0.531068683 -0.531107366 -0.660220385
vn -0 -0.798754215 -0.601657391
vn 1.25348109E-07 -0.751048386 -0.660247147
vn 0.564804852 -0.564804316 -0.601657271
vn 0.531068921 -0.531107664 -0.660220087
vn 0.798754394 3.37207666E-07 -0.601657212
vn 0.751129329 -3.86757565E-05 -0.660154998
vn 0.798754394 3.37207666E-07 -0.601657212
vn -0.102384493 0.102502458 -0.98944968
vn -0.144661039 0.000117380587 -0.989481211
vn 0.751129329 -3.86757565E-05 -0.660154998
vn 4.02876054E-07 0.144966975 -0.989436507
vn 4.02876054E-07 0.144966975 -0.989436507
vn 0.102385692 0.102502823 -0.989449441
vn 0.144662634 0.000117114061 -0.989481091
vn 0.144662634 0.000117114061 -0.989481091
vn 0.102198079 -0.102080956 -0.989512503
vn 0.102198079 -0.102080956 -0.989512503
vn 1.49640812E-07 -0.144357458 -0.989525557
vn -0.10219714 -0.102080405 -0.989512742
vn 0.751129329 -3.86757565E-05 -0.660154998
vn -0.144661039 0.000117380587 -0.989481211
vn 0.751129329 -3.86757565E-05 -0.660154998
vn 0.371907622 0.371907383 0.850511372
vn 0.52595669 -2.4778501E-07 0.850511372
vn 0.371907413 -0.371907532 0.850511372
vn 1.02357248E-07 0.525956631 0.850511372
vn -0 -0.52595675 0.850511372
vn -0.371907294 0.371907473 0.850511432
vn -0.371907383 -0.371907443 0.850511432
vn -0.525956452 0 0.850511432
vn 0.152850226 -0.983923733 0.0923627913
vn 0.605329216 -1.81548259E-07 0.795975149
vn 0.971450925 0 -0.237240389
vn 0.0524117127 0 0.998625517
vn 0.0393103994 -0.991684794 0.122539923
vn -0.113076814 -0.991780102 -0.0598816648
vn 0.168111697 -0.979082644 -0.114610784
vn -0.0516018197 -0.98822695 -0.14402993
vn 0.115692712 -0.987860501 0.103666455
vn -0.066262804 -0.988981009 -0.132385015
vn -0.468350708 2.81372053E-07 -0.883542717
vn -0.912136555 0 -0.40988645
vn 0.993892312 -2.53134374E-07 0.110354058
vn -0.96810931 0 0.250528336
vn -0.771341383 3.7016369E-07 -0.63642174
vn 0.443021476 0 -0.896511018
vn 0.0929120108 -0.992590189 -0.0783079118
vn 0.668329239 1.8451496E-07 -0.743865609
vn 0.381112605 -0.916737556 -0.119772345
vn 0.967002928 -2.43896125E-07 -0.254765183
vn 0.420769513 -0.905339897 -0.0575550273
vn 0.0452480689 -0.998108983 0.0416066796
vn 0.157137528 -0.987321794 0.0224397592
vn 0.137245789 -0.98941046 -0.0472279564
vn 0.638324857 0 -0.769767106
vn 0.0972315744 -0.986895978 -0.128772035
vn 0.156224713 -0.987057507 -0.0362137668
vn 0.134254619 -0.988038957 0.0758604184
vn -0.0579423606 -0.997256935 0.0460573249
vn 0.867293358 -1.86104529E-07 0.49779734
vn 0.98684293 -1.72927642E-07 -0.161681935
vn 0.585329413 -3.5263264E-07 0.810795546
vn -0.016520381 -0.993400753 0.113498554
vn -0.999597728 2.56232738E-07 -0.0283614192
vn -0.287800431 -1.20562802E-07 0.957690477
vn 0.422389925 -1.83858816E-07 0.906414211
vn 0.0664562136 -0.989087701 0.131487891
vn 0.986014605 -1.0376413E-07 0.166658968
vn 0.102220796 -0.993841052 0.0427891538
vn 0.109702028 -0.990632772 -0.0813157409
vn 0.747190475 1.4196533E-07 -0.664610028
vn 0.893554747 0 -0.448954314
vn 0.170270383 -0.983759284 -0.0567949265
vn 0.15807426 -0.984877467 0.0709140077
vn 0.934583008 -3.58837923E-07 0.355745107
vn -0.615543842 0 0.788102567
vn -1.51137399E-07 -0.999833107 0.0182712413
vn -1.45855751E-07 -0.997640014 0.0686620101
vn -1.50736412E-07 -1 -0.000347537745
vn 0.137911737 -0.990293145 0.0173106566
vn -1.50921679E-07 -1 9.31324612E-05
vn 0.0714994892 -0.99499619 -0.0697885901
vn 0.99699378 -3.81881165E-07 0.0774814636
vn 0.651994705 -1.05287945E-07 -0.758223474
vn 0.908113539 0 -0.41872409
vn 0.189380765 -0.978650451 -0.0798641294
vn 0.987899482 -2.02338768E-07 -0.155095235
vn -1.50846702E-07 -0.999994159 0.00342366798
vn -1.50773275E-07 -0.999998689 0.0016710693
vn -1.50995746E-07 -0.999999642 -0.000909861003
vn 0.0360903852 -0.99821341 -0.0476189069
vn 0.987899482 -2.02338768E-07 -0.155095235
vn -0.0187376738 -0.993001103 -0.116609767
vn -0.402916491 -1.11682716E-07 -0.915236771
vn 0.0845879465 -0.989001989 -0.121326178
vn 0.208727047 -0.977200449 0.0388877206
vn 1.59808351E-05 -1 0.000251990044
vn 1.02653894E-05 -1 0.000303916808
vn 0.188351482 -0.978162229 0.0878774002
vn 0.883707821 -1.29942563E-07 0.468038976
vn 0.983798385 -1.9129277E-07 0.179278478
vn 0.742155015 -2.10820119E-07 0.670228243
vn 0.187085167 -0.967511117 0.170062944
vn 0.00141645689 -0.972816229 0.231574059
vn 0.00317789265 -1.68610939E-07 0.999994993
vn -5.67651568E-06 -0.999999046 -0.00139171619
vn -1.47217406E-07 -0.999198616 0.0400279127
vn 0.457195073 1.09174482E-06 -0.889366388
vn -0.739858687 0 0.672762275
vn -0.183082148 -0.968574762 0.168356583
vn -0.180793151 -0.980067194 0.0823532045
vn -0.887935042 0 0.459968984
vn -0.985224009 0 0.171270609
vn -0.194574416 -0.980253756 0.0352599137
vn 0.018758947 -0.992997885 -0.11663302
vn -0.078692548 -0.989803553 -0.118728787
vn -0.412722111 7.73682075E-07 -0.910856962
vn 0.402916372 1.57370835E-07 -0.915236771
vn -0.987899482 1.41072434E-07 -0.155095249
vn -0.0360906869 -0.99821341 -0.047618892
vn -0.189381063 -0.978650331 -0.0798641294
vn -0.908113539 2.36952957E-07 -0.41872412
vn -0.987899482 1.41072434E-07 -0.155095249
vn -0.0714997947 -0.99499619 -0.0697885603
vn -0.651994526 0 -0.758223712
vn -0.99699378 0 0.0774814188
vn -0.137912095 -0.990293145 0.0173106752
vn -0.158074617 -0.984877467 0.0709140301
vn -0.170270696 -0.983759284 -0.0567949712
vn -0.893554747 1.73991879E-07 -0.448954374
vn -0.934583008 0 0.355745107
vn -0.109702311 -0.990632772 -0.0813157335
vn -0.747190475 1.74945498E-07 -0.664610028
vn -0.986014605 1.94003988E-07 0.166658998
vn -0.102221102 -0.993841052 0.04278915
vn -0.0664564893 -0.989087701 0.131487891
vn -0.422389984 -1.52326919E-07 0.906414211
vn 0.0579420589 -0.997256935 0.0460573025
vn 0.287800968 -3.3609976E-07 0.957690239
vn 0.999597728 0 -0.0283615235
vn 0.016520068 -0.993400753 0.113498554
vn 0.615543902 -8.86140299E-07 0.788102567
vn -0.134254977 -0.988038838 0.0758604258
vn -0.0960625783 -0.989002109 -0.112458661
vn -0.156225055 -0.987057388 -0.0362138078
vn -0.867293358 0 0.49779734
vn -0.98684293 3.12490158E-07 -0.16168198
vn -0.6640625 2.78530791E-07 -0.747677088
vn -0.119494364 -0.992526174 -0.0247552972
vn -0.990196943 0 0.139677972
vn -0.120680191 -0.99255681 0.016345555
vn -0.585329533 -1.04926464E-07 0.810795546
vn -0.101751044 -0.991774917 0.0776468888
vn -0.0386533402 -0.993182957 0.109971076
vn 0.108395867 -0.992477119 -0.0569174364
vn -0.155722156 -0.983936548 0.0872899666
vn -0.167274252 -0.979381025 -0.113279767
vn 0.047321517 -0.987966835 -0.147248954
vn 0.0657224804 -0.989751935 -0.126774326
vn 0.485029876 -1.85764961E-07 -0.874497652
vn 0.914882004 1.08131189E-07 -0.403721303
vn -0.108111076 -3.22852429E-07 0.994138837
vn 0.970755041 -1.59751337E-07 0.240072086
vn 0.769408822 0 -0.638756692
vn -0.442726403 0 -0.896656811
vn -0.0929122865 -0.992590189 -0.0783079118
vn -0.668329477 3.32305547E-07 -0.74386549
vn -0.381112784 -0.916737437 -0.11977233
vn -0.967002988 0 -0.254765064
vn -0.420769781 -0.905339837 -0.057555005
vn -1.36843326E-07 -0.999837041 -0.0180516709
vn -1.29497636E-07 -0.99984467 -0.0176224858
vn -0.0452483669 -0.998108983 0.0416066758
vn 0.786680222 0 -0.617360711
vn -0.974006772 2.01077327E-07 -0.226519167
vn -0.609638989 0 0.79267925
vn -0.786088467 1.98798674E-07 -0.618113995
vn 0.152850538 0.983923614 0.0923630744
vn 0.971450925 0 -0.237240389
vn 0.605329216 -1.81548259E-07 0.795975149
vn 0.0524117127 0 0.998625517
vn 0.0393107086 0.991684675 0.122540228
vn -0.113076515 0.991780221 -0.0598813817
vn 0.16811201 0.979082584 -0.114610493
vn -0.0516015179 0.988227069 -0.144029632
vn 0.115693048 0.987860501 0.103666767
vn -0.0662625059 0.988981128 -0.132384732
vn -0.468350708 2.81372053E-07 -0.883542717
vn -0.912136555 0 -0.40988645
vn 0.993892312 -2.53134374E-07 0.110354058
vn -0.96810931 0 0.250528336
vn -0.771341383 3.7016369E-07 -0.63642174
vn 0.443021476 0 -0.896511018
vn 0.0929123685 0.992590189 -0.0783076137
vn 0.668329239 1.8451496E-07 -0.743865609
vn 0.381112903 0.916737437 -0.119772099
vn 0.967002928 -2.43896125E-07 -0.254765183
vn 0.4207699 0.905339837 -0.0575548075
vn 0.0452483818 0.998108983 0.0416069999
vn 0.157137841 0.987321675 0.0224400591
vn 0.137246087 0.98941046 -0.0472276583
vn 0.638324857 0 -0.769767106
vn 0.0972319022 0.986895978 -0.128771752
vn 0.156224981 0.987057388 -0.036213439
vn 0.134254962 0.988038838 0.0758607015
vn -0.0579420589 0.997256935 0.0460576229
vn 0.867293358 -1.86104529E-07 0.49779734
vn 0.98684293 -1.72927642E-07 -0.161681935
vn 0.585329413 -3.5263264E-07 0.810795546
vn -0.0165200476 0.993400753 0.113498852
vn -0.999597728 2.56232738E-07 -0.0283614192
vn -0.287800431 -1.20562802E-07 0.957690477
vn 0.422389925 -1.83858816E-07 0.906414211
vn 0.0664565191 0.989087701 0.131488204
vn 0.986014605 -1.0376413E-07 0.166658968
vn 0.102221094 0.993840933 0.0427894443
vn 0.109702349 0.990632772 -0.0813154504
vn 0.747190475 1.4196533E-07 -0.664610028
vn 0.893554747 0 -0.448954314
vn 0.170270666 0.983759284 -0.0567946211
vn 0.158074588 0.984877467 0.0709143206
vn 0.934583008 -3.58837923E-07 0.355745107
vn -0.615543842 0 0.788102567
vn 1.51192978E-07 0.999833107 0.0182715468
vn 1.57814995E-07 0.997639894 0.0686623231
vn 1.51292241E-07 1 -0.000347237394
vn 1.51069912E-07 1 9.34406271E-05
vn 0.137912095 0.990293145 0.0173109677
vn 0.0714998022 0.99499619 -0.0697882697
vn 0.99699378 -3.81881165E-07 0.0774814636
vn 0.651994705 -1.05287945E-07 -0.758223474
vn 0.908113539 0 -0.41872409
vn 0.189381063 0.978650451 -0.0798638538
vn 0.0360906608 0.99821341 -0.0476186275
vn 0.987899482 -2.02338768E-07 -0.155095235
vn 1.51032793E-07 0.999999642 -0.000909565366
vn 1.51366166E-07 0.999998689 0.00167137745
vn 1.51439593E-07 0.999994159 0.00342398626
vn 1.85648716E-07 0.999837041 -0.0180513468
vn 2.36871159E-07 0.99984467 -0.0176222399
vn -0.189380765 0.978650451 -0.0798638389
vn -0.0360903591 0.99821341 -0.0476186089
vn -0.987899482 1.41072434E-07 -0.155095249
vn -0.0714995041 0.99499619 -0.0697882846
vn -0.908113539 2.36952957E-07 -0.41872412
vn -0.987899482 1.41072434E-07 -0.155095249
vn -0.651994526 0 -0.758223712
vn -0.99699378 0 0.0774814188
vn -0.137911797 0.990293145 0.0173109621
vn -0.158074304 0.984877467 0.0709143355
vn -0.170270354 0.983759284 -0.0567946509
vn -0.893554747 1.73991879E-07 -0.448954374
vn -0.934583008 0 0.355745107
vn -0.109702051 0.990632772 -0.0813154727
vn -0.747190475 1.74945498E-07 -0.664610028
vn -0.986014605 1.94003988E-07 0.166658998
vn -0.102220848 0.993841052 0.0427894518
vn -0.0664562136 0.989087701 0.131488219
vn -0.422389984 -1.52326919E-07 0.906414211
vn 0.0579423495 0.997256935 0.0460576192
vn 0.287800968 -3.3609976E-07 0.957690239
vn 0.999597728 0 -0.0283615235
vn 0.0165203158 0.993400753 0.113498844
vn 0.615543902 -8.86140299E-07 0.788102567
vn -0.134254724 0.988038838 0.0758607239
vn -0.0960622728 0.989002109 -0.112458326
vn -0.156224772 0.987057507 -0.0362135023
vn -0.867293358 0 0.49779734
vn -0.98684293 3.12490158E-07 -0.16168198
vn -0.6640625 2.78530791E-07 -0.747677088
vn -0.119494081 0.992526174 -0.024755083
vn -0.990196943 0 0.139677972
vn -0.12067987 0.99255681 0.0163458083
vn -0.585329533 -1.04926464E-07 0.810795546
vn -0.101750761 0.991774917 0.0776471943
vn -0.0386530459 0.993182838 0.109971397
vn 0.108396083 0.992477119 -0.0569170862
vn -0.155721843 0.983936548 0.087290287
vn -0.167273939 0.979381025 -0.113279447
vn 0.0473217927 0.987966835 -0.147248611
vn 0.0657227561 0.989751935 -0.126774013
vn 0.485029876 -1.85764961E-07 -0.874497652
vn 0.914882004 1.08131189E-07 -0.403721303
vn -0.108111076 -3.22852429E-07 0.994138837
vn 0.970755041 -1.59751337E-07 0.240072086
vn 0.769408822 0 -0.638756692
vn -0.442726403 0 -0.896656811
vn -0.0929120705 0.992590189 -0.0783075914
vn -0.668329477 3.32305547E-07 -0.74386549
vn -0.381112605 0.916737556 -0.119772047
vn -0.967002988 0 -0.254765064
vn -0.420769542 0.905339897 -0.0575547628
vn -0.786088467 1.98798674E-07 -0.618113995
vn -0.0452480763 0.998108983 0.0416069813
vn -0.974006772 2.01077327E-07 -0.226519167
vn -0.609638989 0 0.79267925
vn 0.189523906 0.977946401 0.0877580419
vn 0.983798385 -1.9129277E-07 0.179278478
vn 0.883707821 -1.29942563E-07 0.468038976
vn 0.20872739 0.977200449 0.0388880372
vn 0.742155015 -2.10820119E-07 0.670228243
vn 0.189687893 0.966413021 0.173391074
vn 0.0014159081 0.971347094 0.23766093
vn 0.00317789265 -1.68610939E-07 0.999994993
vn -5.37485948E-06 0.999998927 -0.00151609199
vn 1.05675308E-05 1 0.000304221379
vn 1.62828383E-05 1 0.000252290745
vn -0.0187373813 0.993001103 -0.116609469
vn 0.0845882669 0.989001989 -0.121325865
vn 1.64322529E-07 0.999054968 0.0434648283
vn 0.457195073 1.09174482E-06 -0.889366388
vn -0.402916491 -1.11682716E-07 -0.915236771
vn 0.987899482 -2.02338768E-07 -0.155095235
vn -0.739858687 0 0.672762275
vn -0.185687348 0.967493653 0.17168653
vn -0.181965724 0.979860127 0.0822355524
vn -0.887935042 0 0.459968984
vn -0.194574162 0.980253756 0.0352602154
vn -0.985224009 0 0.171270609
vn 0.0187592637 0.992997885 -0.116632737
vn -0.0786923915 0.989803553 -0.118728392
vn -0.412722111 7.73682075E-07 -0.910856962
vn 0.402916372 1.57370835E-07 -0.915236771
vn 0.786680222 0 -0.617360711
g Blue_asn_pve_2_glaive_0
f 3/3/3 2/2/2 1/1/1
f 2/2/2 4/4/4 1/1/1
f 2/2/2 5/5/5 4/4/4
f 5/5/5 6/6/6 4/4/4
f 5/5/5 7/7/7 6/6/6
f 7/7/7 8/8/8 6/6/6
f 7/7/7 9/9/9 8/8/8
f 9/9/9 10/10/10 8/8/8
f 9/9/9 11/11/11 10/10/10
f 11/11/11 12/12/12 10/10/10
f 11/11/11 13/13/13 12/12/12
f 13/13/13 14/14/14 12/12/12
f 13/13/13 15/15/15 14/14/14
f 15/15/15 16/16/16 14/14/14
f 15/15/15 17/17/17 16/16/16
f 17/17/17 18/18/18 16/16/16
f 7/7/7 5/5/5 19/19/19
f 19/19/19 5/5/5 20/20/20
f 5/5/5 2/2/2 20/20/20
f 20/20/20 2/2/2 21/21/21
f 2/2/2 3/3/3 21/21/21
f 11/11/11 9/9/9 22/22/22
f 22/22/22 9/9/9 23/23/23
f 23/23/23 7/7/7 19/19/19
f 9/9/9 7/7/7 23/23/23
f 15/15/15 13/13/13 24/24/24
f 24/24/24 13/13/13 25/25/25
f 25/25/25 11/11/11 22/22/22
f 13/13/13 11/11/11 25/25/25
f 26/26/26 15/15/15 24/24/24
f 17/17/17 15/15/15 26/26/26
f 27/27/27 17/17/17 26/26/26
f 30/30/30 29/29/29 28/28/28
f 29/29/29 31/31/31 28/28/28
f 29/29/29 32/32/32 31/31/31
f 32/32/32 33/33/33 31/31/31
f 32/32/32 34/34/34 33/33/33
f 34/34/34 35/35/35 33/33/33
f 34/34/34 36/36/36 35/35/35
f 36/36/36 37/37/37 35/35/35
f 36/36/36 38/38/38 37/37/37
f 38/38/38 39/39/39 37/37/37
f 38/38/38 40/40/40 39/39/39
f 40/40/40 41/41/41 39/39/39
f 40/40/40 42/42/42 41/41/41
f 42/42/42 43/43/43 41/41/41
f 42/42/42 44/44/44 43/43/43
f 44/44/44 45/45/45 43/43/43
f 31/31/31 33/33/33 46/46/46
f 31/31/31 46/46/46 47/47/47
f 47/47/47 46/46/46 48/48/48
f 46/46/46 49/49/49 48/48/48
f 46/46/46 50/50/50 49/49/49
f 50/50/50 51/51/51 49/49/49
f 28/28/28 31/31/31 47/47/47
f 33/33/33 50/50/50 46/46/46
f 33/33/33 35/35/35 50/50/50
f 35/35/35 52/52/52 50/50/50
f 50/50/50 52/52/52 53/53/53
f 52/52/52 54/54/54 53/53/53
f 52/52/52 55/55/55 54/54/54
f 55/55/55 56/56/56 54/54/54
f 55/55/55 57/57/57 56/56/56
f 57/57/57 58/58/58 56/56/56
f 57/57/57 59/59/59 58/58/58
f 59/59/59 60/60/60 58/58/58
f 59/59/59 61/61/61 60/60/60
f 61/61/61 62/62/62 60/60/60
f 35/35/35 37/37/37 52/52/52
f 37/37/37 55/55/55 52/52/52
f 37/37/37 39/39/39 55/55/55
f 39/39/39 57/57/57 55/55/55
f 39/39/39 41/41/41 57/57/57
f 41/41/41 59/59/59 57/57/57
f 41/41/41 43/43/43 59/59/59
f 43/43/43 61/61/61 59/59/59
f 43/43/43 45/45/45 61/61/61
f 45/45/45 63/63/63 61/61/61
f 61/61/61 63/63/63 64/64/64
f 63/63/63 65/65/65 64/64/64
f 68/68/68 67/67/67 66/66/66
f 67/67/67 69/69/69 66/66/66
f 70/70/70 67/67/67 68/68/68
f 71/71/71 70/70/70 68/68/68
f 72/72/72 70/70/70 71/71/71
f 73/73/73 72/72/72 71/71/71
f 74/74/74 72/72/72 73/73/73
f 75/75/75 74/74/74 73/73/73
f 76/76/76 74/74/74 75/75/75
f 77/77/77 76/76/76 75/75/75
f 78/78/78 76/76/76 77/77/77
f 79/79/79 78/78/78 77/77/77
f 80/80/80 78/78/78 79/79/79
f 81/81/81 80/80/80 79/79/79
f 82/82/82 80/80/80 81/81/81
f 83/83/83 82/82/82 81/81/81
f 86/86/86 85/85/85 84/84/84
f 85/85/85 87/87/87 84/84/84
f 88/88/88 85/85/85 86/86/86
f 89/89/89 88/88/88 86/86/86
f 85/85/85 90/90/90 87/87/87
f 90/90/90 91/91/91 87/87/87
f 88/88/88 92/92/92 85/85/85
f 92/92/92 90/90/90 85/85/85
f 90/90/90 93/93/93 91/91/91
f 93/93/93 94/94/94 91/91/91
f 92/92/92 95/95/95 90/90/90
f 95/95/95 93/93/93 90/90/90
f 93/93/93 96/96/96 94/94/94
f 96/96/96 97/97/97 94/94/94
f 95/95/95 98/98/98 93/93/93
f 98/98/98 96/96/96 93/93/93
f 98/98/98 99/99/99 96/96/96
f 99/99/99 100/100/100 96/96/96
f 96/96/96 100/100/100 101/101/101
f 100/100/100 102/102/102 101/101/101
f 100/100/100 103/103/103 102/102/102
f 103/103/103 104/104/104 102/102/102
f 99/99/99 105/105/105 100/100/100
f 105/105/105 103/103/103 100/100/100
f 103/103/103 106/106/106 104/104/104
f 106/106/106 107/107/107 104/104/104
f 105/105/105 108/108/108 103/103/103
f 108/108/108 106/106/106 103/103/103
f 106/106/106 109/109/109 107/107/107
f 109/109/109 110/110/110 107/107/107
f 108/108/108 111/111/111 106/106/106
f 111/111/111 109/109/109 106/106/106
f 108/108/108 112/112/112 111/111/111
f 112/112/112 113/113/113 111/111/111
f 114/114/114 113/113/113 112/112/112
f 115/115/115 114/114/114 112/112/112
f 115/115/115 112/112/112 116/116/116
f 105/105/105 116/116/116 108/108/108
f 116/116/116 112/112/112 108/108/108
f 117/117/117 115/115/115 116/116/116
f 117/117/117 116/116/116 118/118/118
f 118/118/118 116/116/116 105/105/105
f 119/119/119 117/117/117 118/118/118
f 119/119/119 118/118/118 120/120/120
f 121/121/121 119/119/119 120/120/120
f 121/121/121 120/120/120 122/122/122
f 123/123/123 121/121/121 122/122/122
f 123/123/123 122/122/122 124/124/124
f 125/125/125 123/123/123 124/124/124
f 125/125/125 124/124/124 126/126/126
f 127/127/127 125/125/125 126/126/126
f 127/127/127 126/126/126 128/128/128
f 129/129/129 127/127/127 128/128/128
f 122/122/122 120/120/120 98/98/98
f 95/95/95 122/122/122 98/98/98
f 124/124/124 122/122/122 95/95/95
f 92/92/92 124/124/124 95/95/95
f 126/126/126 124/124/124 92/92/92
f 88/88/88 126/126/126 92/92/92
f 89/89/89 128/128/128 88/88/88
f 130/130/130 126/126/126 88/88/88
f 98/98/98 120/120/120 99/99/99
f 120/120/120 118/118/118 99/99/99
f 99/99/99 118/118/118 105/105/105
f 125/125/125 127/127/127 131/131/131
f 131/131/131 127/127/127 132/132/132
f 127/127/127 133/133/133 132/132/132
f 136/136/136 135/135/135 134/134/134
f 134/134/134 137/137/137 136/136/136
f 134/134/134 138/138/138 137/137/137
f 138/138/138 139/139/139 137/137/137
f 138/138/138 140/140/140 139/139/139
f 140/140/140 141/141/141 139/139/139
f 143/143/143 123/123/123 142/142/142
f 121/121/121 123/123/123 143/143/143
f 144/144/144 121/121/121 143/143/143
f 119/119/119 121/121/121 144/144/144
f 145/145/145 119/119/119 144/144/144
f 123/123/123 125/125/125 146/146/146
f 146/146/146 125/125/125 147/147/147
f 117/117/117 119/119/119 148/148/148
f 149/149/149 117/117/117 148/148/148
f 115/115/115 117/117/117 149/149/149
f 150/150/150 115/115/115 149/149/149
f 151/151/151 115/115/115 150/150/150
f 152/152/152 151/151/151 150/150/150
f 155/155/155 154/154/154 153/153/153
f 156/156/156 155/155/155 153/153/153
f 157/157/157 156/156/156 153/153/153
f 158/158/158 157/157/157 153/153/153
f 153/153/153 159/159/159 158/158/158
f 159/159/159 160/160/160 158/158/158
f 161/161/161 157/157/157 158/158/158
f 162/162/162 161/161/161 158/158/158
f 163/163/163 162/162/162 158/158/158
f 164/164/164 163/163/163 158/158/158
f 161/161/161 165/165/165 157/157/157
f 165/165/165 156/156/156 157/157/157
f 160/160/160 166/166/166 158/158/158
f 166/166/166 164/164/164 158/158/158
f 167/167/167 166/166/166 160/160/160
f 168/168/168 167/167/167 160/160/160
f 160/160/160 159/159/159 168/168/168
f 162/162/162 163/163/163 169/169/169
f 161/161/161 162/162/162 169/169/169
f 163/163/163 170/170/170 169/169/169
f 169/169/169 170/170/170 171/171/171
f 170/170/170 172/172/172 171/171/171
f 172/172/172 173/173/173 171/171/171
f 174/174/174 161/161/161 169/169/169
f 161/161/161 174/174/174 165/165/165
f 165/165/165 174/174/174 175/175/175
f 176/176/176 165/165/165 175/175/175
f 177/177/177 176/176/176 175/175/175
f 176/176/176 177/177/177 178/178/178
f 178/178/178 177/177/177 179/179/179
f 177/177/177 180/180/180 179/179/179
f 180/180/180 177/177/177 175/175/175
f 179/179/179 181/181/181 178/178/178
f 181/181/181 182/182/182 178/178/178
f 182/182/182 176/176/176 178/178/178
f 183/183/183 181/181/181 179/179/179
f 184/184/184 183/183/183 179/179/179
f 184/184/184 179/179/179 180/180/180
f 180/180/180 185/185/185 184/184/184
f 186/186/186 185/185/185 180/180/180
f 187/187/187 186/186/186 180/180/180
f 188/188/188 187/187/187 180/180/180
f 188/188/188 180/180/180 175/175/175
f 189/189/189 187/187/187 188/188/188
f 190/190/190 189/189/189 188/188/188
f 189/189/189 190/190/190 191/191/191
f 192/192/192 189/189/189 191/191/191
f 193/193/193 192/192/192 191/191/191
f 194/194/194 193/193/193 191/191/191
f 193/193/193 194/194/194 195/195/195
f 196/196/196 193/193/193 195/195/195
f 185/185/185 197/197/197 184/184/184
f 184/184/184 197/197/197 183/183/183
f 198/198/198 190/190/190 188/188/188
f 190/190/190 198/198/198 191/191/191
f 188/188/188 199/199/199 198/198/198
f 188/188/188 200/200/200 199/199/199
f 195/195/195 194/194/194 201/201/201
f 194/194/194 191/191/191 201/201/201
f 198/198/198 201/201/201 191/191/191
f 195/195/195 201/201/201 202/202/202
f 203/203/203 195/195/195 202/202/202
f 195/195/195 203/203/203 196/196/196
f 204/204/204 203/203/203 202/202/202
f 205/205/205 203/203/203 204/204/204
f 203/203/203 205/205/205 196/196/196
f 206/206/206 205/205/205 204/204/204
f 207/207/207 206/206/206 204/204/204
f 208/208/208 207/207/207 204/204/204
f 207/207/207 208/208/208 209/209/209
f 210/210/210 207/207/207 209/209/209
f 209/209/209 208/208/208 211/211/211
f 208/208/208 212/212/212 211/211/211
f 213/213/213 204/204/204 202/202/202
f 212/212/212 208/208/208 213/213/213
f 208/208/208 204/204/204 213/213/213
f 199/199/199 200/200/200 214/214/214
f 200/200/200 169/169/169 214/214/214
f 169/169/169 200/200/200 174/174/174
f 214/214/214 169/169/169 171/171/171
f 215/215/215 214/214/214 171/171/171
f 173/173/173 215/215/215 171/171/171
f 174/174/174 200/200/200 175/175/175
f 200/200/200 188/188/188 175/175/175
f 212/212/212 216/216/216 211/211/211
f 216/216/216 212/212/212 213/213/213
f 216/216/216 217/217/217 211/211/211
f 218/218/218 217/217/217 216/216/216
f 219/219/219 216/216/216 213/213/213
f 220/220/220 216/216/216 219/219/219
f 220/220/220 221/221/221 216/216/216
f 222/222/222 220/220/220 219/219/219
f 223/223/223 222/222/222 219/219/219
f 224/224/224 223/223/223 219/219/219
f 224/224/224 219/219/219 202/202/202
f 224/224/224 202/202/202 201/201/201
f 225/225/225 224/224/224 201/201/201
f 224/224/224 225/225/225 223/223/223
f 226/226/226 225/225/225 201/201/201
f 226/226/226 227/227/227 225/225/225
f 227/227/227 228/228/228 225/225/225
f 225/225/225 228/228/228 223/223/223
f 227/227/227 226/226/226 229/229/229
f 229/229/229 226/226/226 201/201/201
f 230/230/230 227/227/227 229/229/229
f 231/231/231 230/230/230 229/229/229
f 232/232/232 231/231/231 229/229/229
f 231/231/231 232/232/232 233/233/233
f 234/234/234 231/231/231 233/233/233
f 234/234/234 233/233/233 235/235/235
f 236/236/236 234/234/234 235/235/235
f 237/237/237 236/236/236 235/235/235
f 237/237/237 235/235/235 238/238/238
f 239/239/239 237/237/237 238/238/238
f 240/240/240 238/238/238 235/235/235
f 235/235/235 241/241/241 240/240/240
f 241/241/241 242/242/242 240/240/240
f 243/243/243 240/240/240 242/242/242
f 244/244/244 243/243/243 242/242/242
f 241/241/241 245/245/245 242/242/242
f 245/245/245 244/244/244 242/242/242
f 245/245/245 241/241/241 246/246/246
f 241/241/241 235/235/235 246/246/246
f 235/235/235 233/233/233 246/246/246
f 247/247/247 245/245/245 246/246/246
f 248/248/248 247/247/247 246/246/246
f 243/243/243 249/249/249 240/240/240
f 249/249/249 238/238/238 240/240/240
f 239/239/239 238/238/238 249/249/249
f 248/248/248 250/250/250 247/247/247
f 247/247/247 250/250/250 251/251/251
f 251/251/251 250/250/250 252/252/252
f 253/253/253 251/251/251 252/252/252
f 252/252/252 254/254/254 253/253/253
f 252/252/252 255/255/255 254/254/254
f 250/250/250 256/256/256 252/252/252
f 256/256/256 257/257/257 252/252/252
f 257/257/257 258/258/258 252/252/252
f 259/259/259 247/247/247 251/251/251
f 259/259/259 251/251/251 253/253/253
f 258/258/258 260/260/260 252/252/252
f 260/260/260 255/255/255 252/252/252
f 260/260/260 261/261/261 255/255/255
f 261/261/261 262/262/262 255/255/255
f 254/254/254 255/255/255 262/262/262
f 257/257/257 256/256/256 263/263/263
f 263/263/263 250/250/250 248/248/248
f 263/263/263 256/256/256 250/250/250
f 264/264/264 257/257/257 263/263/263
f 264/264/264 263/263/263 265/265/265
f 266/266/266 264/264/264 265/265/265
f 267/267/267 266/266/266 265/265/265
f 263/263/263 214/214/214 265/265/265
f 214/214/214 215/215/215 265/265/265
f 215/215/215 267/267/267 265/265/265
f 268/268/268 254/254/254 262/262/262
f 263/263/263 269/269/269 214/214/214
f 248/248/248 269/269/269 263/263/263
f 269/269/269 248/248/248 246/246/246
f 233/233/233 269/269/269 246/246/246
f 199/199/199 269/269/269 233/233/233
f 269/269/269 199/199/199 214/214/214
f 198/198/198 199/199/199 233/233/233
f 233/233/233 232/232/232 198/198/198
f 198/198/198 232/232/232 229/229/229
f 201/201/201 198/198/198 229/229/229
f 270/270/270 253/253/253 268/268/268
f 270/270/270 271/271/271 253/253/253
f 271/271/271 259/259/259 253/253/253
f 253/253/253 254/254/254 268/268/268
f 274/274/274 273/273/273 272/272/272
f 273/273/273 275/275/275 272/272/272
f 276/276/276 274/274/274 272/272/272
f 277/277/277 276/276/276 272/272/272
f 276/276/276 277/277/277 278/278/278
f 279/279/279 276/276/276 278/278/278
f 272/272/272 275/275/275 280/280/280
f 275/275/275 281/281/281 280/280/280
f 281/281/281 275/275/275 282/282/282
f 282/282/282 283/283/283 281/281/281
f 282/282/282 284/284/284 283/283/283
f 277/277/277 272/272/272 285/285/285
f 272/272/272 280/280/280 285/285/285
f 277/277/277 285/285/285 278/278/278
f 282/282/282 275/275/275 286/286/286
f 275/275/275 273/273/273 286/286/286
f 284/284/284 282/282/282 287/287/287
f 282/282/282 286/286/286 287/287/287
f 284/284/284 287/287/287 288/288/288
f 209/209/209 284/284/284 288/288/288
f 289/289/289 279/279/279 278/278/278
f 290/290/290 289/289/289 278/278/278
f 290/290/290 285/285/285 280/280/280
f 285/285/285 290/290/290 278/278/278
f 289/289/289 290/290/290 291/291/291
f 291/291/291 280/280/280 281/281/281
f 291/291/291 290/290/290 280/280/280
f 292/292/292 289/289/289 291/291/291
f 292/292/292 291/291/291 293/293/293
f 293/293/293 291/291/291 281/281/281
f 294/294/294 292/292/292 293/293/293
f 295/295/295 293/293/293 281/281/281
f 281/281/281 283/283/283 295/295/295
f 293/293/293 295/295/295 294/294/294
f 283/283/283 296/296/296 295/295/295
f 295/295/295 297/297/297 294/294/294
f 297/297/297 295/295/295 298/298/298
f 295/295/295 296/296/296 298/298/298
f 298/298/298 296/296/296 221/221/221
f 296/296/296 217/217/217 221/221/221
f 217/217/217 296/296/296 283/283/283
f 211/211/211 217/217/217 283/283/283
f 209/209/209 211/211/211 284/284/284
f 211/211/211 283/283/283 284/284/284
f 159/159/159 153/153/153 299/299/299
f 153/153/153 154/154/154 299/299/299
f 159/159/159 299/299/299 168/168/168
f 219/219/219 213/213/213 202/202/202
f 302/302/302 301/301/301 300/300/300
f 301/301/301 303/303/303 300/300/300
f 303/303/303 304/304/304 300/300/300
f 300/300/300 304/304/304 305/305/305
f 305/305/305 306/306/306 300/300/300
f 305/305/305 307/307/307 306/306/306
f 304/304/304 308/308/308 305/305/305
f 308/308/308 309/309/309 305/305/305
f 309/309/309 310/310/310 305/305/305
f 310/310/310 311/311/311 305/305/305
f 303/303/303 312/312/312 304/304/304
f 312/312/312 308/308/308 304/304/304
f 311/311/311 313/313/313 305/305/305
f 313/313/313 307/307/307 305/305/305
f 313/313/313 314/314/314 307/307/307
f 314/314/314 315/315/315 307/307/307
f 306/306/306 307/307/307 315/315/315
f 310/310/310 309/309/309 316/316/316
f 316/316/316 309/309/309 308/308/308
f 317/317/317 310/310/310 316/316/316
f 317/317/317 316/316/316 318/318/318
f 319/319/319 317/317/317 318/318/318
f 320/320/320 319/319/319 318/318/318
f 316/316/316 308/308/308 321/321/321
f 321/321/321 308/308/308 312/312/312
f 321/321/321 312/312/312 322/322/322
f 312/312/312 323/323/323 322/322/322
f 323/323/323 324/324/324 322/322/322
f 324/324/324 323/323/323 325/325/325
f 324/324/324 325/325/325 326/326/326
f 327/327/327 324/324/324 326/326/326
f 324/324/324 327/327/327 322/322/322
f 328/328/328 326/326/326 325/325/325
f 329/329/329 328/328/328 325/325/325
f 323/323/323 329/329/329 325/325/325
f 328/328/328 330/330/330 326/326/326
f 330/330/330 331/331/331 326/326/326
f 326/326/326 331/331/331 327/327/327
f 332/332/332 327/327/327 331/331/331
f 332/332/332 333/333/333 327/327/327
f 333/333/333 334/334/334 327/327/327
f 334/334/334 335/335/335 327/327/327
f 327/327/327 335/335/335 322/322/322
f 334/334/334 336/336/336 335/335/335
f 336/336/336 337/337/337 335/335/335
f 337/337/337 336/336/336 338/338/338
f 336/336/336 339/339/339 338/338/338
f 339/339/339 340/340/340 338/338/338
f 340/340/340 341/341/341 338/338/338
f 341/341/341 340/340/340 342/342/342
f 340/340/340 343/343/343 342/342/342
f 344/344/344 332/332/332 331/331/331
f 344/344/344 331/331/331 330/330/330
f 335/335/335 337/337/337 345/345/345
f 345/345/345 337/337/337 338/338/338
f 345/345/345 346/346/346 335/335/335
f 346/346/346 347/347/347 335/335/335
f 338/338/338 341/341/341 348/348/348
f 341/341/341 342/342/342 348/348/348
f 348/348/348 345/345/345 338/338/338
f 342/342/342 349/349/349 348/348/348
f 349/349/349 350/350/350 348/348/348
f 349/349/349 351/351/351 350/350/350
f 349/349/349 352/352/352 351/351/351
f 349/349/349 342/342/342 352/352/352
f 342/342/342 343/343/343 352/352/352
f 352/352/352 353/353/353 351/351/351
f 353/353/353 354/354/354 351/351/351
f 354/354/354 355/355/355 351/351/351
f 354/354/354 356/356/356 355/355/355
f 351/351/351 357/357/357 350/350/350
f 351/351/351 355/355/355 357/357/357
f 355/355/355 358/358/358 357/357/357
f 358/358/358 355/355/355 359/359/359
f 355/355/355 360/360/360 359/359/359
f 361/361/361 360/360/360 355/355/355
f 362/362/362 360/360/360 356/356/356
f 359/359/359 360/360/360 362/362/362
f 363/363/363 362/362/362 356/356/356
f 364/364/364 362/362/362 363/363/363
f 365/365/365 362/362/362 364/364/364
f 365/365/365 359/359/359 362/362/362
f 366/366/366 365/365/365 364/364/364
f 364/364/364 367/367/367 366/366/366
f 367/367/367 368/368/368 366/366/366
f 369/369/369 368/368/368 367/367/367
f 370/370/370 369/369/369 367/367/367
f 367/367/367 364/364/364 370/370/370
f 369/369/369 371/371/371 368/368/368
f 371/371/371 372/372/372 368/368/368
f 372/372/372 371/371/371 373/373/373
f 371/371/371 374/374/374 373/373/373
f 368/368/368 375/375/375 366/366/366
f 368/368/368 372/372/372 375/375/375
f 372/372/372 376/376/376 375/375/375
f 376/376/376 372/372/372 373/373/373
f 364/364/364 377/377/377 370/370/370
f 377/377/377 364/364/364 363/363/363
f 374/374/374 378/378/378 373/373/373
f 378/378/378 379/379/379 373/373/373
f 379/379/379 376/376/376 373/373/373
f 379/379/379 378/378/378 380/380/380
f 379/379/379 380/380/380 376/376/376
f 380/380/380 375/375/375 376/376/376
f 378/378/378 381/381/381 380/380/380
f 381/381/381 382/382/382 380/380/380
f 382/382/382 383/383/383 380/380/380
f 380/380/380 383/383/383 375/375/375
f 383/383/383 366/366/366 375/375/375
f 366/366/366 383/383/383 384/384/384
f 384/384/384 365/365/365 366/366/366
f 384/384/384 385/385/385 365/365/365
f 384/384/384 383/383/383 386/386/386
f 383/383/383 382/382/382 386/386/386
f 385/385/385 384/384/384 387/387/387
f 384/384/384 386/386/386 387/387/387
f 385/385/385 387/387/387 388/388/388
f 389/389/389 385/385/385 388/388/388
f 385/385/385 389/389/389 365/365/365
f 389/389/389 359/359/359 365/365/365
f 389/389/389 390/390/390 359/359/359
f 391/391/391 390/390/390 389/389/389
f 392/392/392 391/391/391 389/389/389
f 390/390/390 391/391/391 393/393/393
f 391/391/391 394/394/394 393/393/393
f 394/394/394 395/395/395 393/393/393
f 395/395/395 396/396/396 393/393/393
f 390/390/390 358/358/358 359/359/359
f 393/393/393 396/396/396 350/350/350
f 396/396/396 397/397/397 350/350/350
f 397/397/397 348/348/348 350/350/350
f 397/397/397 398/398/398 348/348/348
f 399/399/399 398/398/398 397/397/397
f 400/400/400 399/399/399 397/397/397
f 397/397/397 396/396/396 400/400/400
f 396/396/396 395/395/395 400/400/400
f 398/398/398 399/399/399 401/401/401
f 398/398/398 401/401/401 348/348/348
f 399/399/399 402/402/402 401/401/401
f 402/402/402 403/403/403 401/401/401
f 403/403/403 404/404/404 401/401/401
f 404/404/404 403/403/403 405/405/405
f 403/403/403 406/406/406 405/405/405
f 405/405/405 406/406/406 407/407/407
f 406/406/406 408/408/408 407/407/407
f 408/408/408 409/409/409 407/407/407
f 407/407/407 409/409/409 410/410/410
f 409/409/409 411/411/411 410/410/410
f 410/410/410 412/412/412 407/407/407
f 413/413/413 407/407/407 412/412/412
f 414/414/414 413/413/413 412/412/412
f 412/412/412 415/415/415 414/414/414
f 415/415/415 416/416/416 414/414/414
f 416/416/416 417/417/417 414/414/414
f 417/417/417 413/413/413 414/414/414
f 413/413/413 417/417/417 418/418/418
f 405/405/405 407/407/407 418/418/418
f 407/407/407 413/413/413 418/418/418
f 417/417/417 419/419/419 418/418/418
f 419/419/419 420/420/420 418/418/418
f 410/410/410 421/421/421 412/412/412
f 421/421/421 415/415/415 412/412/412
f 410/410/410 411/411/411 421/421/421
f 422/422/422 420/420/420 419/419/419
f 422/422/422 419/419/419 423/423/423
f 422/422/422 423/423/423 424/424/424
f 424/424/424 423/423/423 425/425/425
f 425/425/425 426/426/426 424/424/424
f 426/426/426 427/427/427 424/424/424
f 428/428/428 422/422/422 424/424/424
f 429/429/429 428/428/428 424/424/424
f 430/430/430 429/429/429 424/424/424
f 419/419/419 431/431/431 423/423/423
f 423/423/423 431/431/431 425/425/425
f 427/427/427 432/432/432 424/424/424
f 432/432/432 430/430/430 424/424/424
f 433/433/433 432/432/432 427/427/427
f 434/434/434 433/433/433 427/427/427
f 427/427/427 426/426/426 434/434/434
f 428/428/428 429/429/429 435/435/435
f 420/420/420 422/422/422 435/435/435
f 422/422/422 428/428/428 435/435/435
f 429/429/429 436/436/436 435/435/435
f 435/435/435 436/436/436 437/437/437
f 436/436/436 438/438/438 437/437/437
f 438/438/438 439/439/439 437/437/437
f 440/440/440 435/435/435 437/437/437
f 439/439/439 441/441/441 437/437/437
f 441/441/441 440/440/440 437/437/437
f 440/440/440 441/441/441 318/318/318
f 316/316/316 440/440/440 318/318/318
f 441/441/441 320/320/320 318/318/318
f 316/316/316 347/347/347 440/440/440
f 321/321/321 347/347/347 316/316/316
f 347/347/347 321/321/321 322/322/322
f 335/335/335 347/347/347 322/322/322
f 347/347/347 346/346/346 440/440/440
f 346/346/346 442/442/442 440/440/440
f 442/442/442 435/435/435 440/440/440
f 405/405/405 442/442/442 346/346/346
f 405/405/405 346/346/346 345/345/345
f 345/345/345 404/404/404 405/405/405
f 404/404/404 345/345/345 401/401/401
f 345/345/345 348/348/348 401/401/401
f 442/442/442 405/405/405 418/418/418
f 420/420/420 442/442/442 418/418/418
f 435/435/435 442/442/442 420/420/420
f 302/302/302 300/300/300 443/443/443
f 300/300/300 306/306/306 443/443/443
f 443/443/443 306/306/306 315/315/315
f 445/445/445 444/444/444 425/425/425
f 431/431/431 445/445/445 425/425/425
f 425/425/425 444/444/444 446/446/446
f 426/426/426 425/425/425 446/446/446
f 426/426/426 446/446/446 434/434/434
f 357/357/357 393/393/393 350/350/350
f 390/390/390 393/393/393 357/357/357
f 358/358/358 390/390/390 357/357/357
f 449/449/449 448/448/448 447/447/447
f 448/448/448 450/450/450 447/447/447
f 451/451/451 448/448/448 449/449/449
f 452/452/452 451/451/451 449/449/449
f 453/453/453 451/451/451 452/452/452
f 454/454/454 453/453/453 452/452/452
f 455/455/455 453/453/453 454/454/454
f 456/456/456 455/455/455 454/454/454
f 457/457/457 455/455/455 456/456/456
f 458/458/458 457/457/457 456/456/456
f 459/459/459 457/457/457 458/458/458
f 460/460/460 459/459/459 458/458/458
f 461/461/461 459/459/459 460/460/460
f 462/462/462 461/461/461 460/460/460
f 463/463/463 461/461/461 462/462/462
f 464/464/464 463/463/463 462/462/462
f 451/451/451 453/453/453 465/465/465
f 451/451/451 465/465/465 466/466/466
f 448/448/448 451/451/451 466/466/466
f 448/448/448 466/466/466 467/467/467
f 450/450/450 448/448/448 467/467/467
f 455/455/455 457/457/457 468/468/468
f 455/455/455 468/468/468 469/469/469
f 453/453/453 469/469/469 465/465/465
f 453/453/453 455/455/455 469/469/469
f 459/459/459 461/461/461 470/470/470
f 459/459/459 470/470/470 471/471/471
f 457/457/457 471/471/471 468/468/468
f 457/457/457 459/459/459 471/471/471
f 461/461/461 472/472/472 470/470/470
f 461/461/461 463/463/463 472/472/472
f 463/463/463 473/473/473 472/472/472
f 476/476/476 475/475/475 474/474/474
f 475/475/475 477/477/477 474/474/474
f 478/478/478 475/475/475 476/476/476
f 479/479/479 478/478/478 476/476/476
f 480/480/480 478/478/478 479/479/479
f 481/481/481 480/480/480 479/479/479
f 482/482/482 480/480/480 481/481/481
f 483/483/483 482/482/482 481/481/481
f 484/484/484 482/482/482 483/483/483
f 485/485/485 484/484/484 483/483/483
f 486/486/486 484/484/484 485/485/485
f 487/487/487 486/486/486 485/485/485
f 475/475/475 29/29/29 477/477/477
f 29/29/29 30/30/30 477/477/477
f 478/478/478 32/32/32 475/475/475
f 32/32/32 29/29/29 475/475/475
f 480/480/480 34/34/34 478/478/478
f 34/34/34 32/32/32 478/478/478
f 482/482/482 36/36/36 480/480/480
f 36/36/36 34/34/34 480/480/480
f 484/484/484 38/38/38 482/482/482
f 38/38/38 36/36/36 482/482/482
f 486/486/486 40/40/40 484/484/484
f 40/40/40 38/38/38 484/484/484
f 42/42/42 40/40/40 486/486/486
f 488/488/488 42/42/42 486/486/486
f 488/488/488 486/486/486 489/489/489
f 490/490/490 488/488/488 489/489/489
f 491/491/491 488/488/488 490/490/490
f 492/492/492 491/491/491 490/490/490
f 491/491/491 44/44/44 488/488/488
f 44/44/44 42/42/42 488/488/488
f 495/495/495 494/494/494 493/493/493
f 494/494/494 496/496/496 493/493/493
f 494/494/494 497/497/497 496/496/496
f 497/497/497 498/498/498 496/496/496
f 497/497/497 499/499/499 498/498/498
f 499/499/499 500/500/500 498/498/498
f 499/499/499 501/501/501 500/500/500
f 501/501/501 502/502/502 500/500/500
f 501/501/501 503/503/503 502/502/502
f 503/503/503 504/504/504 502/502/502
f 503/503/503 505/505/505 504/504/504
f 505/505/505 506/506/506 504/504/504
f 505/505/505 507/507/507 506/506/506
f 507/507/507 508/508/508 506/506/506
f 507/507/507 509/509/509 508/508/508
f 509/509/509 510/510/510 508/508/508
f 513/513/513 512/512/512 511/511/511
f 512/512/512 514/514/514 511/511/511
f 512/512/512 515/515/515 514/514/514
f 515/515/515 516/516/516 514/514/514
f 517/517/517 512/512/512 513/513/513
f 518/518/518 517/517/517 513/513/513
f 517/517/517 519/519/519 512/512/512
f 519/519/519 515/515/515 512/512/512
f 520/520/520 517/517/517 518/518/518
f 521/521/521 520/520/520 518/518/518
f 520/520/520 522/522/522 517/517/517
f 522/522/522 519/519/519 517/517/517
f 523/523/523 520/520/520 521/521/521
f 524/524/524 523/523/523 521/521/521
f 523/523/523 525/525/525 520/520/520
f 525/525/525 522/522/522 520/520/520
f 526/526/526 525/525/525 523/523/523
f 527/527/527 526/526/526 523/523/523
f 527/527/527 523/523/523 528/528/528
f 529/529/529 527/527/527 528/528/528
f 530/530/530 527/527/527 529/529/529
f 531/531/531 530/530/530 529/529/529
f 530/530/530 532/532/532 527/527/527
f 532/532/532 526/526/526 527/527/527
f 533/533/533 530/530/530 531/531/531
f 534/534/534 533/533/533 531/531/531
f 533/533/533 535/535/535 530/530/530
f 535/535/535 532/532/532 530/530/530
f 536/536/536 533/533/533 534/534/534
f 537/537/537 536/536/536 534/534/534
f 536/536/536 538/538/538 533/533/533
f 538/538/538 535/535/535 533/533/533
f 539/539/539 535/535/535 538/538/538
f 540/540/540 539/539/539 538/538/538
f 540/540/540 541/541/541 539/539/539
f 541/541/541 542/542/542 539/539/539
f 539/539/539 542/542/542 543/543/543
f 539/539/539 543/543/543 535/535/535
f 543/543/543 532/532/532 535/535/535
f 542/542/542 544/544/544 543/543/543
f 543/543/543 544/544/544 545/545/545
f 543/543/543 545/545/545 532/532/532
f 544/544/544 546/546/546 545/545/545
f 545/545/545 546/546/546 547/547/547
f 546/546/546 548/548/548 547/547/547
f 547/547/547 548/548/548 549/549/549
f 548/548/548 550/550/550 549/549/549
f 549/549/549 550/550/550 551/551/551
f 550/550/550 552/552/552 551/551/551
f 551/551/551 552/552/552 553/553/553
f 552/552/552 554/554/554 553/553/553
f 553/553/553 554/554/554 555/555/555
f 554/554/554 556/556/556 555/555/555
f 547/547/547 549/549/549 525/525/525
f 549/549/549 522/522/522 525/525/525
f 549/549/549 551/551/551 522/522/522
f 551/551/551 519/519/519 522/522/522
f 551/551/551 553/553/553 519/519/519
f 553/553/553 515/515/515 519/519/519
f 553/553/553 557/557/557 515/515/515
f 555/555/555 516/516/516 515/515/515
f 547/547/547 525/525/525 526/526/526
f 545/545/545 547/547/547 526/526/526
f 545/545/545 526/526/526 532/532/532
f 554/554/554 552/552/552 558/558/558
f 554/554/554 558/558/558 559/559/559
f 560/560/560 554/554/554 559/559/559
f 552/552/552 561/561/561 558/558/558
f 552/552/552 550/550/550 562/562/562
f 550/550/550 563/563/563 562/562/562
f 550/550/550 548/548/548 563/563/563
f 548/548/548 564/564/564 563/563/563
f 548/548/548 546/546/546 564/564/564
f 546/546/546 566/566/566 565/565/565
f 546/546/546 544/544/544 566/566/566
f 544/544/544 568/568/568 567/567/567
f 544/544/544 542/542/542 568/568/568
f 542/542/542 569/569/569 568/568/568
f 542/542/542 570/570/570 569/569/569
f 572/572/572 571/571/571 569/569/569
f 575/575/575 574/574/574 573/573/573
f 573/573/573 576/576/576 575/575/575
f 576/576/576 577/577/577 575/575/575
f 576/576/576 578/578/578 577/577/577
f 578/578/578 579/579/579 577/577/577
f 578/578/578 580/580/580 579/579/579
f 583/583/583 582/582/582 581/581/581
f 582/582/582 584/584/584 581/581/581
f 584/584/584 585/585/585 581/581/581
f 581/581/581 585/585/585 586/586/586
f 587/587/587 581/581/581 586/586/586
f 586/586/586 588/588/588 587/587/587
f 585/585/585 589/589/589 586/586/586
f 589/589/589 590/590/590 586/586/586
f 590/590/590 591/591/591 586/586/586
f 591/591/591 592/592/592 586/586/586
f 584/584/584 593/593/593 585/585/585
f 593/593/593 589/589/589 585/585/585
f 592/592/592 594/594/594 586/586/586
f 594/594/594 588/588/588 586/586/586
f 594/594/594 595/595/595 588/588/588
f 595/595/595 596/596/596 588/588/588
f 587/587/587 588/588/588 596/596/596
f 591/591/591 590/590/590 597/597/597
f 597/597/597 590/590/590 589/589/589
f 598/598/598 591/591/591 597/597/597
f 598/598/598 597/597/597 599/599/599
f 600/600/600 598/598/598 599/599/599
f 601/601/601 600/600/600 599/599/599
f 589/589/589 602/602/602 597/597/597
f 589/589/589 603/603/603 602/602/602
f 603/603/603 589/589/589 593/593/593
f 603/603/603 593/593/593 604/604/604
f 602/602/602 603/603/603 604/604/604
f 593/593/593 605/605/605 604/604/604
f 605/605/605 606/606/606 604/604/604
f 606/606/606 605/605/605 607/607/607
f 606/606/606 607/607/607 608/608/608
f 609/609/609 606/606/606 608/608/608
f 606/606/606 609/609/609 604/604/604
f 610/610/610 608/608/608 607/607/607
f 611/611/611 610/610/610 607/607/607
f 605/605/605 611/611/611 607/607/607
f 610/610/610 612/612/612 608/608/608
f 612/612/612 613/613/613 608/608/608
f 608/608/608 613/613/613 609/609/609
f 614/614/614 609/609/609 613/613/613
f 614/614/614 615/615/615 609/609/609
f 615/615/615 616/616/616 609/609/609
f 616/616/616 617/617/617 609/609/609
f 609/609/609 617/617/617 604/604/604
f 617/617/617 602/602/602 604/604/604
f 616/616/616 618/618/618 617/617/617
f 618/618/618 619/619/619 617/617/617
f 619/619/619 618/618/618 620/620/620
f 618/618/618 621/621/621 620/620/620
f 621/621/621 622/622/622 620/620/620
f 622/622/622 623/623/623 620/620/620
f 623/623/623 622/622/622 624/624/624
f 622/622/622 625/625/625 624/624/624
f 626/626/626 614/614/614 613/613/613
f 626/626/626 613/613/613 612/612/612
f 617/617/617 619/619/619 627/627/627
f 627/627/627 619/619/619 620/620/620
f 617/617/617 627/627/627 628/628/628
f 628/628/628 602/602/602 617/617/617
f 620/620/620 623/623/623 629/629/629
f 623/623/623 624/624/624 629/629/629
f 629/629/629 627/627/627 620/620/620
f 624/624/624 630/630/630 629/629/629
f 630/630/630 631/631/631 629/629/629
f 630/630/630 632/632/632 631/631/631
f 630/630/630 633/633/633 632/632/632
f 630/630/630 624/624/624 633/633/633
f 624/624/624 625/625/625 633/633/633
f 633/633/633 634/634/634 632/632/632
f 634/634/634 635/635/635 632/632/632
f 635/635/635 636/636/636 632/632/632
f 635/635/635 637/637/637 636/636/636
f 632/632/632 638/638/638 631/631/631
f 632/632/632 636/636/636 638/638/638
f 636/636/636 639/639/639 638/638/638
f 639/639/639 636/636/636 640/640/640
f 636/636/636 641/641/641 640/640/640
f 642/642/642 641/641/641 636/636/636
f 643/643/643 641/641/641 637/637/637
f 640/640/640 641/641/641 643/643/643
f 644/644/644 643/643/643 637/637/637
f 645/645/645 643/643/643 644/644/644
f 643/643/643 645/645/645 646/646/646
f 646/646/646 647/647/647 643/643/643
f 647/647/647 640/640/640 643/643/643
f 646/646/646 648/648/648 647/647/647
f 646/646/646 649/649/649 648/648/648
f 650/650/650 649/649/649 646/646/646
f 651/651/651 650/650/650 646/646/646
f 646/646/646 645/645/645 651/651/651
f 650/650/650 652/652/652 649/649/649
f 652/652/652 653/653/653 649/649/649
f 653/653/653 652/652/652 654/654/654
f 652/652/652 655/655/655 654/654/654
f 649/649/649 656/656/656 648/648/648
f 649/649/649 653/653/653 656/656/656
f 653/653/653 657/657/657 656/656/656
f 657/657/657 653/653/653 654/654/654
f 645/645/645 658/658/658 651/651/651
f 658/658/658 645/645/645 644/644/644
f 655/655/655 659/659/659 654/654/654
f 659/659/659 660/660/660 654/654/654
f 660/660/660 657/657/657 654/654/654
f 660/660/660 659/659/659 661/661/661
f 660/660/660 661/661/661 657/657/657
f 661/661/661 656/656/656 657/657/657
f 659/659/659 662/662/662 661/661/661
f 662/662/662 663/663/663 661/661/661
f 663/663/663 664/664/664 661/661/661
f 661/661/661 664/664/664 656/656/656
f 664/664/664 648/648/648 656/656/656
f 647/647/647 648/648/648 664/664/664
f 665/665/665 647/647/647 664/664/664
f 664/664/664 666/666/666 665/665/665
f 666/666/666 664/664/664 667/667/667
f 664/664/664 663/663/663 667/667/667
f 665/665/665 666/666/666 668/668/668
f 666/666/666 667/667/667 668/668/668
f 665/665/665 668/668/668 669/669/669
f 670/670/670 665/665/665 669/669/669
f 665/665/665 670/670/670 647/647/647
f 670/670/670 640/640/640 647/647/647
f 670/670/670 671/671/671 640/640/640
f 672/672/672 671/671/671 670/670/670
f 673/673/673 672/672/672 670/670/670
f 671/671/671 672/672/672 674/674/674
f 672/672/672 675/675/675 674/674/674
f 675/675/675 676/676/676 674/674/674
f 676/676/676 677/677/677 674/674/674
f 671/671/671 639/639/639 640/640/640
f 674/674/674 677/677/677 631/631/631
f 677/677/677 678/678/678 631/631/631
f 678/678/678 629/629/629 631/631/631
f 678/678/678 679/679/679 629/629/629
f 680/680/680 679/679/679 678/678/678
f 681/681/681 680/680/680 678/678/678
f 678/678/678 677/677/677 681/681/681
f 677/677/677 676/676/676 681/681/681
f 679/679/679 680/680/680 682/682/682
f 679/679/679 682/682/682 629/629/629
f 680/680/680 683/683/683 682/682/682
f 683/683/683 684/684/684 682/682/682
f 684/684/684 685/685/685 682/682/682
f 685/685/685 684/684/684 686/686/686
f 684/684/684 687/687/687 686/686/686
f 686/686/686 687/687/687 688/688/688
f 687/687/687 689/689/689 688/688/688
f 689/689/689 690/690/690 688/688/688
f 688/688/688 690/690/690 691/691/691
f 690/690/690 692/692/692 691/691/691
f 691/691/691 693/693/693 688/688/688
f 694/694/694 688/688/688 693/693/693
f 695/695/695 694/694/694 693/693/693
f 693/693/693 696/696/696 695/695/695
f 696/696/696 697/697/697 695/695/695
f 697/697/697 698/698/698 695/695/695
f 698/698/698 694/694/694 695/695/695
f 694/694/694 698/698/698 699/699/699
f 686/686/686 688/688/688 699/699/699
f 688/688/688 694/694/694 699/699/699
f 698/698/698 700/700/700 699/699/699
f 700/700/700 701/701/701 699/699/699
f 691/691/691 702/702/702 693/693/693
f 702/702/702 696/696/696 693/693/693
f 691/691/691 692/692/692 702/702/702
f 703/703/703 701/701/701 700/700/700
f 703/703/703 700/700/700 704/704/704
f 703/703/703 704/704/704 705/705/705
f 705/705/705 704/704/704 706/706/706
f 705/705/705 706/706/706 707/707/707
f 707/707/707 708/708/708 705/705/705
f 709/709/709 703/703/703 705/705/705
f 710/710/710 709/709/709 705/705/705
f 711/711/711 710/710/710 705/705/705
f 700/700/700 712/712/712 704/704/704
f 704/704/704 712/712/712 706/706/706
f 708/708/708 713/713/713 705/705/705
f 713/713/713 711/711/711 705/705/705
f 714/714/714 713/713/713 708/708/708
f 715/715/715 714/714/714 708/708/708
f 708/708/708 707/707/707 715/715/715
f 709/709/709 710/710/710 716/716/716
f 703/703/703 709/709/709 716/716/716
f 710/710/710 717/717/717 716/716/716
f 716/716/716 717/717/717 718/718/718
f 717/717/717 719/719/719 718/718/718
f 719/719/719 720/720/720 718/718/718
f 721/721/721 716/716/716 718/718/718
f 720/720/720 722/722/722 718/718/718
f 722/722/722 721/721/721 718/718/718
f 721/721/721 722/722/722 599/599/599
f 597/597/597 721/721/721 599/599/599
f 722/722/722 601/601/601 599/599/599
f 597/597/597 602/602/602 721/721/721
f 602/602/602 628/628/628 721/721/721
f 628/628/628 723/723/723 721/721/721
f 723/723/723 716/716/716 721/721/721
f 686/686/686 723/723/723 628/628/628
f 628/628/628 627/627/627 686/686/686
f 627/627/627 685/685/685 686/686/686
f 716/716/716 723/723/723 703/703/703
f 723/723/723 701/701/701 703/703/703
f 685/685/685 627/627/627 682/682/682
f 627/627/627 629/629/629 682/682/682
f 701/701/701 723/723/723 699/699/699
f 723/723/723 686/686/686 699/699/699
f 583/583/583 581/581/581 724/724/724
f 581/581/581 587/587/587 724/724/724
f 724/724/724 587/587/587 596/596/596
f 726/726/726 725/725/725 706/706/706
f 712/712/712 726/726/726 706/706/706
f 706/706/706 725/725/725 727/727/727
f 707/707/707 706/706/706 727/727/727
f 707/707/707 727/727/727 715/715/715
f 638/638/638 674/674/674 631/631/631
f 671/671/671 674/674/674 638/638/638
f 639/639/639 671/671/671 638/638/638
f 730/730/730 729/729/729 728/728/728
f 731/731/731 730/730/730 728/728/728
f 732/732/732 731/731/731 728/728/728
f 733/733/733 732/732/732 728/728/728
f 733/733/733 728/728/728 734/734/734
f 734/734/734 735/735/735 733/733/733
f 736/736/736 732/732/732 733/733/733
f 737/737/737 736/736/736 733/733/733
f 738/738/738 737/737/737 733/733/733
f 739/739/739 738/738/738 733/733/733
f 736/736/736 740/740/740 732/732/732
f 740/740/740 731/731/731 732/732/732
f 735/735/735 741/741/741 733/733/733
f 741/741/741 739/739/739 733/733/733
f 742/742/742 741/741/741 735/735/735
f 743/743/743 742/742/742 735/735/735
f 735/735/735 734/734/734 743/743/743
f 737/737/737 738/738/738 744/744/744
f 736/736/736 737/737/737 744/744/744
f 738/738/738 745/745/745 744/744/744
f 744/744/744 745/745/745 746/746/746
f 745/745/745 747/747/747 746/746/746
f 747/747/747 748/748/748 746/746/746
f 744/744/744 749/749/749 736/736/736
f 749/749/749 750/750/750 736/736/736
f 736/736/736 750/750/750 740/740/740
f 740/740/740 750/750/750 751/751/751
f 750/750/750 749/749/749 751/751/751
f 752/752/752 740/740/740 751/751/751
f 753/753/753 752/752/752 751/751/751
f 752/752/752 753/753/753 754/754/754
f 754/754/754 753/753/753 755/755/755
f 753/753/753 756/756/756 755/755/755
f 756/756/756 753/753/753 751/751/751
f 755/755/755 757/757/757 754/754/754
f 757/757/757 758/758/758 754/754/754
f 758/758/758 752/752/752 754/754/754
f 759/759/759 757/757/757 755/755/755
f 760/760/760 759/759/759 755/755/755
f 760/760/760 755/755/755 756/756/756
f 756/756/756 761/761/761 760/760/760
f 762/762/762 761/761/761 756/756/756
f 763/763/763 762/762/762 756/756/756
f 764/764/764 763/763/763 756/756/756
f 764/764/764 756/756/756 751/751/751
f 749/749/749 764/764/764 751/751/751
f 765/765/765 763/763/763 764/764/764
f 766/766/766 765/765/765 764/764/764
f 765/765/765 766/766/766 767/767/767
f 768/768/768 765/765/765 767/767/767
f 769/769/769 768/768/768 767/767/767
f 770/770/770 769/769/769 767/767/767
f 769/769/769 770/770/770 771/771/771
f 772/772/772 769/769/769 771/771/771
f 761/761/761 773/773/773 760/760/760
f 760/760/760 773/773/773 759/759/759
f 774/774/774 766/766/766 764/764/764
f 766/766/766 774/774/774 767/767/767
f 775/775/775 774/774/774 764/764/764
f 764/764/764 749/749/749 775/775/775
f 771/771/771 770/770/770 776/776/776
f 770/770/770 767/767/767 776/776/776
f 774/774/774 776/776/776 767/767/767
f 771/771/771 776/776/776 777/777/777
f 778/778/778 771/771/771 777/777/777
f 771/771/771 778/778/778 772/772/772
f 779/779/779 778/778/778 777/777/777
f 780/780/780 778/778/778 779/779/779
f 778/778/778 780/780/780 772/772/772
f 781/781/781 780/780/780 779/779/779
f 782/782/782 781/781/781 779/779/779
f 783/783/783 782/782/782 779/779/779
f 782/782/782 783/783/783 784/784/784
f 785/785/785 782/782/782 784/784/784
f 784/784/784 783/783/783 786/786/786
f 783/783/783 787/787/787 786/786/786
f 788/788/788 779/779/779 777/777/777
f 787/787/787 783/783/783 788/788/788
f 783/783/783 779/779/779 788/788/788
f 775/775/775 749/749/749 789/789/789
f 749/749/749 744/744/744 789/789/789
f 789/789/789 744/744/744 746/746/746
f 790/790/790 789/789/789 746/746/746
f 748/748/748 790/790/790 746/746/746
f 787/787/787 791/791/791 786/786/786
f 791/791/791 787/787/787 788/788/788
f 791/791/791 792/792/792 786/786/786
f 793/793/793 792/792/792 791/791/791
f 794/794/794 791/791/791 788/788/788
f 795/795/795 791/791/791 794/794/794
f 795/795/795 796/796/796 791/791/791
f 797/797/797 795/795/795 794/794/794
f 798/798/798 797/797/797 794/794/794
f 799/799/799 798/798/798 794/794/794
f 799/799/799 794/794/794 777/777/777
f 794/794/794 788/788/788 777/777/777
f 799/799/799 777/777/777 776/776/776
f 800/800/800 799/799/799 776/776/776
f 799/799/799 800/800/800 798/798/798
f 801/801/801 800/800/800 776/776/776
f 801/801/801 802/802/802 800/800/800
f 802/802/802 803/803/803 800/800/800
f 800/800/800 803/803/803 798/798/798
f 802/802/802 801/801/801 804/804/804
f 804/804/804 801/801/801 776/776/776
f 805/805/805 802/802/802 804/804/804
f 806/806/806 805/805/805 804/804/804
f 807/807/807 806/806/806 804/804/804
f 806/806/806 807/807/807 808/808/808
f 809/809/809 806/806/806 808/808/808
f 809/809/809 808/808/808 810/810/810
f 811/811/811 809/809/809 810/810/810
f 812/812/812 811/811/811 810/810/810
f 812/812/812 810/810/810 813/813/813
f 814/814/814 812/812/812 813/813/813
f 815/815/815 813/813/813 810/810/810
f 810/810/810 816/816/816 815/815/815
f 816/816/816 817/817/817 815/815/815
f 818/818/818 815/815/815 817/817/817
f 819/819/819 818/818/818 817/817/817
f 816/816/816 820/820/820 817/817/817
f 820/820/820 819/819/819 817/817/817
f 820/820/820 816/816/816 821/821/821
f 816/816/816 810/810/810 821/821/821
f 810/810/810 808/808/808 821/821/821
f 822/822/822 820/820/820 821/821/821
f 823/823/823 822/822/822 821/821/821
f 818/818/818 824/824/824 815/815/815
f 824/824/824 813/813/813 815/815/815
f 814/814/814 813/813/813 824/824/824
f 823/823/823 825/825/825 822/822/822
f 822/822/822 825/825/825 826/826/826
f 826/826/826 825/825/825 827/827/827
f 828/828/828 826/826/826 827/827/827
f 829/829/829 828/828/828 827/827/827
f 827/827/827 830/830/830 829/829/829
f 825/825/825 831/831/831 827/827/827
f 831/831/831 832/832/832 827/827/827
f 832/832/832 833/833/833 827/827/827
f 834/834/834 822/822/822 826/826/826
f 834/834/834 826/826/826 828/828/828
f 833/833/833 835/835/835 827/827/827
f 835/835/835 830/830/830 827/827/827
f 835/835/835 836/836/836 830/830/830
f 836/836/836 837/837/837 830/830/830
f 829/829/829 830/830/830 837/837/837
f 832/832/832 831/831/831 838/838/838
f 838/838/838 831/831/831 825/825/825
f 839/839/839 832/832/832 838/838/838
f 839/839/839 838/838/838 840/840/840
f 841/841/841 839/839/839 840/840/840
f 842/842/842 841/841/841 840/840/840
f 838/838/838 789/789/789 840/840/840
f 789/789/789 790/790/790 840/840/840
f 790/790/790 842/842/842 840/840/840
f 843/843/843 829/829/829 837/837/837
f 838/838/838 844/844/844 789/789/789
f 825/825/825 844/844/844 838/838/838
f 825/825/825 823/823/823 844/844/844
f 844/844/844 823/823/823 821/821/821
f 808/808/808 844/844/844 821/821/821
f 775/775/775 844/844/844 808/808/808
f 844/844/844 775/775/775 789/789/789
f 808/808/808 774/774/774 775/775/775
f 808/808/808 807/807/807 774/774/774
f 774/774/774 807/807/807 804/804/804
f 776/776/776 774/774/774 804/804/804
f 845/845/845 828/828/828 843/843/843
f 845/845/845 846/846/846 828/828/828
f 846/846/846 834/834/834 828/828/828
f 828/828/828 829/829/829 843/843/843
f 849/849/849 848/848/848 847/847/847
f 848/848/848 850/850/850 847/847/847
f 851/851/851 849/849/849 847/847/847
f 852/852/852 851/851/851 847/847/847
f 851/851/851 852/852/852 853/853/853
f 854/854/854 851/851/851 853/853/853
f 847/847/847 850/850/850 855/855/855
f 850/850/850 856/856/856 855/855/855
f 857/857/857 856/856/856 850/850/850
f 858/858/858 857/857/857 850/850/850
f 850/850/850 859/859/859 858/858/858
f 852/852/852 847/847/847 860/860/860
f 847/847/847 855/855/855 860/860/860
f 852/852/852 860/860/860 853/853/853
f 859/859/859 850/850/850 861/861/861
f 850/850/850 848/848/848 861/861/861
f 858/858/858 859/859/859 862/862/862
f 859/859/859 861/861/861 862/862/862
f 858/858/858 862/862/862 863/863/863
f 784/784/784 858/858/858 863/863/863
f 864/864/864 854/854/854 853/853/853
f 865/865/865 864/864/864 853/853/853
f 865/865/865 860/860/860 855/855/855
f 860/860/860 865/865/865 853/853/853
f 864/864/864 865/865/865 866/866/866
f 866/866/866 855/855/855 856/856/856
f 866/866/866 865/865/865 855/855/855
f 867/867/867 864/864/864 866/866/866
f 867/867/867 866/866/866 868/868/868
f 868/868/868 856/856/856 857/857/857
f 868/868/868 866/866/866 856/856/856
f 869/869/869 867/867/867 868/868/868
f 868/868/868 857/857/857 870/870/870
f 870/870/870 871/871/871 868/868/868
f 868/868/868 871/871/871 869/869/869
f 871/871/871 872/872/872 869/869/869
f 872/872/872 871/871/871 873/873/873
f 871/871/871 870/870/870 873/873/873
f 873/873/873 870/870/870 796/796/796
f 870/870/870 792/792/792 796/796/796
f 792/792/792 870/870/870 857/857/857
f 786/786/786 792/792/792 857/857/857
f 784/784/784 786/786/786 858/858/858
f 786/786/786 857/857/857 858/858/858
f 734/734/734 728/728/728 874/874/874
f 728/728/728 729/729/729 874/874/874
f 734/734/734 874/874/874 743/743/743
