g blue_asn_f_pve_2_torso
v -0.0931166358 -0.194425451 1.51832524
v -0.101451189 -0.186090898 1.50373977
v -0.103534827 -0.18400726 1.51415797
v -0.0931166358 -0.194425451 1.4995725
v -0.0785311676 -0.198592728 1.50373977
v -0.074363891 -0.198592728 1.51415797
v -0.0764475293 -0.190258175 1.52249252
v -0.0868657208 -0.186090898 1.53082707
v -0.0993675507 -0.181923622 1.52457616
v -0.101451189 -0.167338153 1.53291071
v -0.12437121 -0.154836324 1.51832524
v -0.12437121 -0.13399994 1.53082707
v -0.0868657208 -0.175672707 1.53707799
v -0.0597784228 -0.186090898 1.53291071
v -0.0639456994 -0.200676366 1.50165614
v -0.068112976 -0.200676366 1.48915431
v -0.0993675507 -0.190258175 1.48081975
v -0.111869381 -0.179839983 1.49123794
v -0.0493602312 -0.19650909 1.51415797
v -0.0368584013 -0.175672707 1.54124526
v -0.0160220182 -0.18400726 1.51415797
v -0.0368584013 -0.200676366 1.48707067
v -0.0139383799 -0.186090898 1.47665248
v -0.0035201883 -0.167338153 1.50999069
v -0.0035201883 -0.167338153 1.47456884
v 0.000647088329 -0.154836324 1.50999069
v -0.0285238481 -0.1590036 1.5433289
v -0.0139383799 -0.140250855 1.54541254
v -0.0431093163 -0.154836324 1.54749618
v -0.0556111461 -0.167338153 1.54541254
v -0.0535275078 -0.165254515 1.55791437
v -0.0326911247 -0.150669047 1.56833256
v -0.0410256779 -0.138167217 1.57875075
v -0.0701966143 -0.1590036 1.55791437
v -0.0306074864 -0.14650177 1.56416528
v -0.0326911247 -0.138167217 1.55583073
v -0.0389420396 -0.123581749 1.57249984
v -0.0306074864 -0.14650177 1.56416528
v -0.0722802526 -0.1590036 1.55166346
v -0.0952002741 -0.148585409 1.54749618
v -0.103534827 -0.144418132 1.55374709
v -0.0722802526 -0.125665387 1.58500167
v -0.118120296 -0.111079919 1.56624892
v -0.13687304 -0.123581749 1.53291071
v -0.134789402 -0.104829004 1.54541254
v -0.132705764 -0.121498111 1.51832524
v -0.134789402 -0.104829004 1.54541254
v -0.128538487 -0.0923271741 1.54124526
v -0.0326911247 -0.138167217 1.55583073
v -0.13687304 -0.138167217 1.52457616
v -0.128538487 -0.167338153 1.4995725
v -0.141040317 -0.13399994 1.50790705
v -0.132705764 -0.1590036 1.48290339
v -0.107702104 -0.186090898 1.47873611
v -0.109785742 -0.181923622 1.46623428
v -0.0764475293 -0.198592728 1.45789973
v -0.074363891 -0.200676366 1.47456884
v -0.0597784228 -0.200676366 1.46206701
v -0.0472765929 -0.202760005 1.48707067
v -0.0431093163 -0.200676366 1.47456884
v -0.0410256779 -0.198592728 1.47665248
v -0.0472765929 -0.200676366 1.49748886
v -0.0368584013 -0.190258175 1.46623428
v -0.0639456994 -0.190258175 1.45581609
v -0.074363891 -0.190258175 1.45581609
v -0.132705764 -0.13399994 1.49748886
v -0.147291232 -0.111079919 1.49123794
v -0.13687304 -0.115247196 1.48707067
v -0.14937487 -0.104829004 1.4995725
v -0.143123955 -0.0860762592 1.47456884
v -0.147291232 -0.0756580676 1.48290339
v -0.13687304 -0.0735744293 1.48915431
v -0.134789402 -0.100661727 1.50790705
v -0.132705764 -0.0881598975 1.53291071
v -0.138956679 -0.0631562377 1.53707799
v -0.147291232 -0.0339853013 1.52040888
v -0.151458509 -0.0464871312 1.54541254
v -0.151458509 -0.0298180247 1.52249252
v -0.145207594 -0.000647088329 1.51415797
v -0.145207594 -0.000647088329 1.50790705
v -0.138956679 0.0368584013 1.52040888
v -0.138956679 0.0389420396 1.50165614
v -0.141040317 -0.0360689397 1.47665248
v -0.151458509 -0.0464871312 1.57875075
v -0.141040317 -0.000647088329 1.47040156
v -0.151458509 -0.038152578 1.47456884
v -0.14937487 -0.0402362163 1.46206701
v -0.14937487 -0.000647088329 1.45581609
v -0.143123955 -0.00273072664 1.44956518
v -0.141040317 -0.0423198546 1.45789973
v -0.134789402 -0.0902435358 1.47040156
v -0.128538487 -0.0485707695 1.4016415
v -0.126454849 -0.104829004 1.45581609
v -0.126454849 -0.123581749 1.45581609
v -0.0952002741 -0.136083579 1.43497971
v -0.128538487 -0.140250855 1.46206701
v -0.0993675507 -0.1590036 1.43914699
v -0.103534827 -0.175672707 1.46206701
v -0.126454849 -0.154836324 1.47873611
v -0.120203934 -0.0798253442 1.38913967
v -0.128538487 -0.0339853013 1.35580145
v -0.126454849 -0.0673235144 1.34121599
v -0.103534827 -0.108996281 1.36621965
v -0.120203934 -0.0944108124 1.32663052
v -0.103534827 -0.119414472 1.33288143
v -0.105618466 -0.108996281 1.31204505
v -0.128538487 -0.0944108124 1.32246324
v -0.107702104 -0.123581749 1.29537594
v -0.118120296 -0.106912642 1.28495775
v -0.128538487 -0.0860762592 1.30579413
v -0.107702104 -0.0923271741 1.2932923
v -0.118120296 -0.0589889611 1.3203796
v -0.128538487 -0.0610725994 1.3203796
v -0.126454849 -0.0339853013 1.33288143
v -0.111869381 -0.0339853013 1.33288143
v -0.134789402 -0.0673235144 1.33496507
v -0.134789402 -0.0360689397 1.34955054
v -0.116036657 -0.00689800327 1.33704871
v -0.128538487 -0.00273072664 1.35580145
v -0.105618466 0.0264402097 1.35580145
v -0.0952002741 0.00977110324 1.33913235
v -0.0576947844 0.034774763 1.33913235
v -0.0639456994 0.0556111461 1.35580145
v -0.0785311676 -0.121498111 1.25995409
v -0.0972839124 -0.131916302 1.25995409
v -0.0618620611 0.0472765929 1.36205237
v -0.0993675507 0.0201892948 1.36205237
v -0.0660293377 0.0535275078 1.4016415
v -0.116036657 0.0243565714 1.41205969
v -0.120203934 -0.00689800327 1.36205237
v -0.128538487 -0.00689800327 1.40580877
v 0.000647088329 0.0597784228 1.36205237
v 0.000647088329 0.0660293377 1.35580145
v -0.0660293377 0.0618620611 1.43081243
v -0.0972839124 0.0618620611 1.45373245
v -0.130622125 0.0326911247 1.44956518
v -0.0993675507 0.068112976 1.45789973
v -0.13687304 0.0389420396 1.45789973
v -0.0701966143 0.0701966143 1.45373245
v -0.0701966143 0.0785311676 1.45789973
v -0.0722802526 0.0868657208 1.46623428
v -0.103534827 0.0722802526 1.46623428
v -0.074363891 0.068112976 1.47665248
v -0.0972839124 0.0639456994 1.47456884
v -0.0993675507 0.0722802526 1.4995725
v -0.0785311676 0.0785311676 1.50790705
v -0.103534827 0.0910329975 1.55791437
v -0.132705764 0.0389420396 1.47456884
v -0.128538487 0.0701966143 1.52249252
v -0.138956679 0.0368584013 1.52040888
v -0.134789402 0.068112976 1.54124526
v -0.138956679 0.0431093163 1.46623428
v -0.153542147 -0.000647088329 1.46623428
v -0.122287572 0.0785311676 1.54541254
v -0.134789402 0.068112976 1.54124526
v -0.132705764 0.0764475293 1.55791437
v 0.000647088329 -0.0860762592 1.61625624
v -0.0285238481 -0.102745366 1.58916894
v -0.0264402097 -0.0839926209 1.61625624
v 0.000647088329 -0.148585409 1.51832524
v 0.000647088329 -0.0631562377 1.63917626
v -0.0139383799 -0.0589889611 1.64542718
v -0.0556111461 -0.071490791 1.62250716
v -0.034774763 -0.0423198546 1.64959446
v -0.0868657208 -0.00273072664 1.66417992
v -0.0451929546 -0.00273072664 1.6683472
v 0.031901663 -0.102745366 1.58916894
v 0.0298180247 -0.0839926209 1.61625624
v 0.0193998331 -0.0589889611 1.64542718
v 0.0610725994 -0.071490791 1.62250716
v 0.0402362163 -0.0423198546 1.64959446
v 0.0902435358 -0.00273072664 1.66417992
v 0.0485707695 -0.00273072664 1.6683472
v -0.0868657208 -0.00273072664 1.66417992
v -0.0451929546 0.00768746492 1.67876539
v -0.0451929546 -0.00273072664 1.6683472
v -0.0889493591 0.0201892948 1.6683472
v -0.074363891 0.0389420396 1.67459812
v -0.0451929546 0.0285238481 1.68709995
v -0.0410256779 0.0618620611 1.67668175
v -0.0243565714 0.0451929546 1.69335086
v 0.000647088329 0.0639456994 1.67876539
v 0.000647088329 0.0535275078 1.69335086
v 0.0298180247 0.0451929546 1.69335086
v 0.0444034929 0.0618620611 1.67668175
v 0.0527380462 0.0285238481 1.68709995
v 0.0798253442 0.0389420396 1.67459812
v 0.0527380462 0.00768746492 1.67876539
v 0.0944108124 0.0201892948 1.6683472
v 0.0902435358 -0.00273072664 1.66417992
v 0.0485707695 -0.00273072664 1.6683472
v 0.000647088329 -0.154836324 1.50999069
v 0.000647088329 -0.163170877 1.47456884
v 0.000647088329 -0.167338153 1.45998337
v -0.0118547416 -0.165254515 1.45998337
v -0.0264402097 -0.167338153 1.44956518
v -0.0264402097 -0.167338153 1.44956518
v -0.0326911247 -0.181923622 1.45581609
v -0.0285238481 -0.17150543 1.44331426
v -0.0326911247 -0.18400726 1.44956518
v -0.0389420396 -0.19650909 1.46415065
v -0.0556111461 -0.19650909 1.44956518
v -0.0472765929 -0.181923622 1.43914699
v -0.0285238481 -0.17150543 1.44331426
v -0.0410256779 -0.165254515 1.43289607
v -0.0535275078 -0.175672707 1.43914699
v -0.0472765929 -0.163170877 1.43914699
v -0.0618620611 -0.1590036 1.43289607
v -0.0618620611 -0.154836324 1.42456152
v -0.0889493591 -0.13399994 1.41414333
v -0.0660293377 -0.17150543 1.43497971
v -0.0826984442 -0.136083579 1.36205237
v -0.0910329975 -0.131916302 1.35580145
v -0.0847820825 -0.148585409 1.34955054
v -0.0931166358 -0.144418132 1.34538326
v -0.105618466 -0.131916302 1.32246324
v -0.0952002741 -0.144418132 1.31621233
v -0.0847820825 -0.150669047 1.33288143
v -0.0847820825 -0.148585409 1.34329962
v -0.068112976 -0.125665387 1.32454688
v -0.0556111461 -0.136083579 1.33913235
v -0.0660293377 -0.1590036 1.34329962
v -0.0931166358 -0.140250855 1.2932923
v -0.0764475293 -0.150669047 1.27870684
v -0.0639456994 -0.144418132 1.27870684
v -0.068112976 -0.123581749 1.30579413
v -0.0785311676 -0.121498111 1.25995409
v -0.0639456994 -0.144418132 1.27870684
v -0.0576947844 -0.129832664 1.28287411
v -0.130622125 -0.0673235144 1.23911771
v -0.147291232 -0.0214834715 1.20786313
v -0.134789402 -0.0298180247 1.25161954
v -0.145207594 -0.0527380462 1.19952858
v -0.132705764 -0.0756580676 1.18911039
v -0.118120296 -0.0860762592 1.22661588
v -0.13687304 0.00560382661 1.21411405
v -0.130622125 -0.000647088329 1.25995409
v -0.120203934 0.0306074864 1.21828132
v -0.109785742 0.00977110324 1.25787045
v -0.0972839124 0.0472765929 1.22453224
v -0.0618620611 0.0472765929 1.24745226
v -0.0660293377 0.0639456994 1.22453224
v -0.0306074864 0.0660293377 1.21619769
v 0.000647088329 0.0618620611 1.23495043
v 0.000647088329 0.0660293377 1.21203041
v -0.103534827 -0.0902435358 1.18494311
v -0.0910329975 -0.104829004 1.21203041
v -0.0826984442 -0.0985780891 1.18077584
v -0.0785311676 0.0660293377 1.25995409
v -0.132705764 0.0306074864 1.27037228
v -0.0972839124 0.00560382661 1.31412869
v -0.0618620611 0.0326911247 1.31412869
v 0.000647088329 0.0764475293 1.2495359
v 0.000647088329 0.0389420396 1.31204505
v -0.0952002741 0.00977110324 1.33913235
v -0.103534827 -0.0131489182 1.33913235
v -0.0576947844 0.034774763 1.33913235
v 0.000647088329 0.0451929546 1.34121599
v -0.14937487 -0.0298180247 1.25995409
v -0.122287572 -0.0464871312 1.3037105
v -0.143123955 -0.0756580676 1.24745226
v -0.107702104 -0.0923271741 1.2932923
v -0.0785311676 -0.121498111 1.25995409
v -0.0972839124 -0.121498111 1.21619769
v -0.0576947844 -0.138167217 1.19952858
v -0.0576947844 -0.129832664 1.28287411
v -0.0576947844 -0.138167217 1.19952858
v -0.0535275078 -0.119414472 1.1953613
v -0.0368584013 -0.111079919 1.17660856
v 0.000647088329 -0.163170877 1.27453956
v 0.000647088329 -0.150669047 1.32454688
v -0.0326911247 -0.140250855 1.33913235
v -0.0556111461 -0.136083579 1.33913235
v -0.068112976 -0.123581749 1.30579413
v -0.068112976 -0.125665387 1.32454688
v -0.0826984442 -0.19650909 1.48081975
v -0.0660293377 -0.200676366 1.48498703
v -0.120203934 -0.169421792 1.50165614
v -0.0389420396 -0.123581749 1.57249984
v -0.0597784228 -0.121498111 1.59541986
v -0.0493602312 -0.100661727 1.58916894
v -0.0597784228 -0.121498111 1.59541986
v -0.0597784228 -0.127749025 1.58916894
v -0.109785742 0.0826984442 1.63917626
v -0.103534827 0.0889493591 1.62875807
v -0.109785742 0.0764475293 1.65167809
v -0.0847820825 0.0952002741 1.62250716
v -0.0910329975 0.0618620611 1.67876539
v -0.0826984442 0.0576947844 1.67876539
v -0.0785311676 0.0701966143 1.68501631
v -0.0910329975 0.0326911247 1.69335086
v -0.0660293377 0.0326911247 1.7225218
v -0.0826984442 0.0139383799 1.71418724
v -0.0910329975 0.0118547416 1.69960178
v -0.0826984442 -0.00689800327 1.70376905
v -0.0868657208 -0.0110652799 1.6954345
v -0.0472765929 0.074363891 1.68293267
v -0.034774763 0.0472765929 1.73085635
v 0.000647088329 0.0764475293 1.67876539
v 0.000647088329 0.0535275078 1.73293999
v -0.0785311676 0.0701966143 1.68501631
v 0.000647088329 0.101451189 1.62875807
v 0.000647088329 0.111869381 1.58083439
v -0.0785311676 0.0701966143 1.68501631
v 0.038152578 0.0472765929 1.73085635
v 0.0548216845 0.074363891 1.68293267
v 0.071490791 0.0326911247 1.7225218
v 0.0860762592 0.0576947844 1.67876539
v 0.0881598975 0.0952002741 1.62250716
v 0.0944108124 0.0618620611 1.67876539
v 0.117330834 0.0764475293 1.65167809
v 0.106912642 0.0889493591 1.62875807
v 0.117330834 0.0826984442 1.63917626
v 0.0839926209 0.0701966143 1.68501631
v 0.0881598975 0.0993675507 1.57875075
v 0.000647088329 0.111869381 1.51207433
v -0.0847820825 0.0993675507 1.57875075
v -0.0785311676 0.0993675507 1.50999069
v -0.0847820825 0.0910329975 1.57458348
v -0.0326911247 0.0931166358 1.42664516
v -0.0701966143 0.0868657208 1.44331426
v -0.0722802526 0.0868657208 1.46623428
v -0.0701966143 0.0785311676 1.45789973
v -0.0660293377 0.0701966143 1.4016415
v -0.0368584013 0.0785311676 1.3912233
v -0.0285238481 0.0889493591 1.41414333
v 0.000647088329 0.101451189 1.43289607
v 0.000647088329 0.103534827 1.44748154
v 0.000647088329 0.0993675507 1.44956518
v 0.000647088329 0.074363891 1.43497971
v -0.0264402097 0.0660293377 1.42039424
v -0.0326911247 0.0576947844 1.39539058
v -0.0660293377 0.0535275078 1.4016415
v -0.0660293377 0.0618620611 1.43081243
v -0.0701966143 0.0701966143 1.45373245
v -0.0660293377 0.0535275078 1.4016415
v 0.038152578 0.0931166358 1.42664516
v 0.031901663 0.0889493591 1.41414333
v 0.0402362163 0.0785311676 1.3912233
v 0.0673235144 0.0701966143 1.4016415
v 0.0735744293 0.0868657208 1.44331426
v 0.0839926209 0.0993675507 1.50999069
v 0.0777417059 0.0868657208 1.46623428
v 0.0756580676 0.0785311676 1.45789973
v 0.0902435358 0.0910329975 1.57458348
v 0.0298180247 0.0660293377 1.42039424
v 0.038152578 0.0576947844 1.39539058
v 0.0673235144 0.0535275078 1.4016415
v 0.071490791 0.0618620611 1.43081243
v 0.0735744293 0.0701966143 1.45373245
v 0.0673235144 0.0535275078 1.4016415
v 0.0839926209 0.0785311676 1.50790705
v 0.0902435358 0.0910329975 1.57458348
v 0.0777417059 0.068112976 1.47665248
v -0.17437853 -0.0610725994 1.57875075
v -0.170211253 -0.031901663 1.59958714
v -0.184796722 -0.038152578 1.59958714
v -0.151458509 -0.0464871312 1.57875075
v -0.176462168 -0.0673235144 1.58500167
v -0.18688036 -0.0444034929 1.60792169
v -0.0993675507 -0.0964944507 1.66417992
v -0.0993675507 -0.102745366 1.64959446
v -0.0889493591 -0.100661727 1.64959446
v -0.0889493591 -0.0923271741 1.66209629
v -0.074363891 -0.065239876 1.63917626
v -0.068112976 -0.0569053228 1.67668175
v -0.0764475293 -0.0839926209 1.68709995
v -0.0889493591 -0.111079919 1.63917626
v -0.0785311676 -0.104829004 1.63917626
v -0.0701966143 -0.121498111 1.63500899
v -0.0618620611 -0.115247196 1.63500899
v -0.0639456994 -0.13399994 1.59333622
v -0.0722802526 -0.136083579 1.5975035
v -0.118120296 -0.119414472 1.57875075
v -0.0722802526 -0.125665387 1.58500167
v -0.118120296 -0.111079919 1.56624892
v -0.0889493591 -0.0860762592 1.68918358
v -0.118120296 -0.0152325565 1.69751814
v -0.195214913 -0.000647088329 1.63292535
v -0.195214913 -0.000647088329 1.62250716
v -0.105618466 -0.0256507481 1.7225218
v -0.107702104 0.00768746492 1.7225218
v -0.120203934 0.0139383799 1.69960178
v -0.105618466 0.034774763 1.71627088
v -0.120203934 0.0451929546 1.68709995
v -0.0993675507 0.0660293377 1.6954345
v -0.12437121 0.0847820825 1.65584537
v -0.109785742 0.0764475293 1.65167809
v -0.122287572 0.0910329975 1.63917626
v -0.178545807 0.074363891 1.62042352
v -0.109785742 0.0826984442 1.63917626
v -0.109785742 0.0972839124 1.62875807
v -0.103534827 0.0889493591 1.62875807
v -0.0910329975 0.0618620611 1.67876539
v -0.0868657208 -0.0110652799 1.6954345
v -0.0910329975 0.0118547416 1.69960178
v -0.0910329975 0.0326911247 1.69335086
v -0.195214913 0.034774763 1.63917626
v -0.193131275 0.034774763 1.62875807
v -0.180629445 0.0326911247 1.6245908
v -0.18688036 -0.000647088329 1.61833988
v -0.166043977 0.0576947844 1.61208897
v -0.180629445 0.068112976 1.61208897
v -0.157709423 0.0889493591 1.58083439
v -0.147291232 0.0764475293 1.57875075
v -0.153542147 0.0972839124 1.58916894
v -0.130622125 0.101451189 1.54749618
v -0.0889493591 0.101451189 1.62250716
v -0.0889493591 0.103534827 1.58083439
v -0.0847820825 0.0993675507 1.57875075
v -0.130622125 0.0972839124 1.54124526
v -0.132705764 0.0764475293 1.55791437
v -0.0847820825 0.0993675507 1.57875075
v -0.0847820825 0.0952002741 1.62250716
v -0.122287572 0.0785311676 1.54541254
v -0.103534827 0.0910329975 1.55791437
v -0.0847820825 0.0910329975 1.57458348
v -0.130622125 0.0972839124 1.54124526
v -0.153542147 -0.104829004 1.54124526
v -0.151458509 -0.100661727 1.53082707
v -0.132705764 -0.0881598975 1.53291071
v -0.134789402 -0.104829004 1.54541254
v -0.151458509 -0.100661727 1.53082707
v -0.128538487 -0.0923271741 1.54124526
v -0.151458509 -0.100661727 1.53082707
v -0.132705764 -0.0881598975 1.53291071
v -0.0701966143 -0.0756580676 1.62875807
v -0.0576947844 -0.0923271741 1.62042352
v -0.0701966143 -0.0756580676 1.62875807
v -0.0576947844 -0.0923271741 1.62042352
v -0.0597784228 -0.121498111 1.59541986
v -0.0493602312 -0.100661727 1.58916894
v -0.0597784228 -0.127749025 1.58916894
v -0.068112976 -0.0569053228 1.67668175
v -0.0910329975 0.0618620611 1.67876539
v -0.0139383799 -0.140250855 1.54541254
v 0.000647088329 -0.167338153 1.50999069
v 0.000647088329 -0.154836324 1.50999069
v -0.0326911247 -0.119414472 1.57875075
v 0.000647088329 -0.150669047 1.63084171
v -0.0201892948 -0.123581749 1.64542718
v -0.0326911247 -0.138167217 1.55583073
v -0.0576947844 -0.0923271741 1.62042352
v -0.0493602312 -0.100661727 1.58916894
v -0.0639456994 -0.0694071527 1.67459812
v -0.0701966143 -0.0756580676 1.62875807
v -0.074363891 -0.065239876 1.63917626
v -0.068112976 -0.0569053228 1.67668175
v -0.0826984442 -0.00689800327 1.70376905
v -0.0868657208 -0.0110652799 1.6954345
v 0.000647088329 -0.167338153 1.50999069
v -0.0389420396 -0.123581749 1.57249984
v -0.0493602312 -0.100661727 1.58916894
v -0.0326911247 -0.138167217 1.55583073
v 0.0360689397 -0.119414472 1.57875075
v 0.0256507481 -0.123581749 1.64542718
v 0.0610725994 -0.0923271741 1.62042352
v 0.0548216845 -0.100661727 1.58916894
v 0.0423198546 -0.123581749 1.57249984
v 0.0360689397 -0.138167217 1.55583073
v 0.0673235144 -0.0694071527 1.67459812
v 0.0735744293 -0.0756580676 1.62875807
v 0.0777417059 -0.065239876 1.63917626
v 0.0735744293 -0.0569053228 1.67668175
v 0.0860762592 -0.00689800327 1.70376905
v 0.0902435358 -0.0110652799 1.6954345
v 0.0193998331 -0.140250855 1.54541254
v 0.0360689397 -0.138167217 1.55583073
v 0.000647088329 -0.167338153 1.50999069
v 0.000647088329 -0.154836324 1.50999069
v -0.0785311676 0.0785311676 1.50790705
v -0.0847820825 0.0910329975 1.57458348
v -0.0847820825 0.0910329975 1.57458348
v -0.0785311676 0.0785311676 1.50790705
v -0.074363891 0.068112976 1.47665248
v -0.0535275078 -0.119414472 1.1953613
v 0.000647088329 -0.121498111 1.17660856
v -0.0368584013 -0.111079919 1.17660856
v 0.000647088329 -0.136083579 1.26412137
v 0.000647088329 -0.136083579 1.26412137
v 0.000647088329 -0.163170877 1.27453956
v -0.00143654998 -0.175672707 1.32663052
v 0.000647088329 -0.169421792 1.32246324
v -0.00143654998 -0.169421792 1.32246324
v 0.000647088329 -0.175672707 1.32663052
v 0.000647088329 -0.150669047 1.32454688
v -0.034774763 -0.17150543 1.43497971
v -0.0410256779 -0.17150543 1.34329962
v -0.0639456994 -0.163170877 1.42247788
v 0.000647088329 -0.179839983 1.45789973
v -0.0139383799 -0.179839983 1.45789973
v 0.000647088329 -0.167338153 1.45998337
v -0.0118547416 -0.165254515 1.45998337
v -0.0264402097 -0.167338153 1.44956518
v -0.0285238481 -0.17150543 1.44331426
v -0.0410256779 -0.165254515 1.43289607
v -0.0847820825 -0.1590036 1.3474669
v -0.0910329975 -0.150669047 1.41414333
v -0.0826984442 -0.136083579 1.36205237
v -0.0847820825 -0.148585409 1.34955054
v -0.0889493591 -0.13399994 1.41414333
v -0.0618620611 -0.154836324 1.42456152
v -0.0889493591 -0.13399994 1.41414333
v -0.0660293377 -0.1590036 1.34329962
v -0.0847820825 -0.148585409 1.34329962
v -0.0847820825 -0.148585409 1.34329962
v -0.0410256779 -0.167338153 1.33913235
v -0.0556111461 -0.136083579 1.33913235
v -0.0326911247 -0.140250855 1.33913235
v 0.00689800327 -0.169421792 1.32246324
v 0.00689800327 -0.175672707 1.32663052
v 0.038152578 -0.17150543 1.43497971
v 0.0193998331 -0.179839983 1.45789973
v 0.0193998331 -0.165254515 1.45998337
v 0.0464871312 -0.17150543 1.34329962
v 0.0673235144 -0.163170877 1.42247788
v 0.0298180247 -0.167338153 1.44956518
v 0.031901663 -0.17150543 1.44331426
v 0.0444034929 -0.165254515 1.43289607
v 0.0902435358 -0.1590036 1.3474669
v 0.0944108124 -0.150669047 1.41414333
v 0.0860762592 -0.136083579 1.36205237
v 0.0923271741 -0.13399994 1.41414333
v 0.0902435358 -0.148585409 1.34955054
v 0.0673235144 -0.154836324 1.42456152
v 0.0923271741 -0.13399994 1.41414333
v 0.0673235144 -0.1590036 1.34329962
v 0.0464871312 -0.167338153 1.33913235
v 0.0610725994 -0.136083579 1.33913235
v 0.0360689397 -0.140250855 1.33913235
v 0.0902435358 -0.148585409 1.34329962
v 0.0902435358 -0.148585409 1.34329962
v -0.111869381 -0.0339853013 1.33288143
v -0.118120296 -0.0589889611 1.3203796
v -0.0639456994 -0.144418132 1.27870684
v -0.068112976 -0.123581749 1.30579413
v -0.0576947844 -0.129832664 1.28287411
v -0.0326911247 0.0576947844 1.39539058
v 0.000647088329 0.0639456994 1.39330694
v -0.0264402097 0.0660293377 1.42039424
v 0.000647088329 0.074363891 1.43497971
v 0.038152578 0.0576947844 1.39539058
v 0.0298180247 0.0660293377 1.42039424
v 0.065239876 0.0472765929 1.36205237
v 0.0673235144 0.0556111461 1.35580145
v 0.111079919 0.0264402097 1.35580145
v 0.0610725994 0.034774763 1.33913235
v 0.100661727 0.00977110324 1.33913235
v 0.121498111 -0.00689800327 1.33704871
v 0.131916302 -0.00273072664 1.35580145
v 0.138167217 -0.0360689397 1.34955054
v 0.129832664 -0.0339853013 1.33288143
v 0.138167217 -0.0673235144 1.33496507
v 0.131916302 -0.0610725994 1.3203796
v 0.121498111 -0.0589889611 1.3203796
v 0.131916302 -0.0860762592 1.30579413
v 0.111079919 -0.0923271741 1.2932923
v 0.117330834 -0.0339853013 1.33288143
v 0.123581749 -0.106912642 1.28495775
v 0.0860762592 -0.121498111 1.25995409
v 0.100661727 -0.131916302 1.25995409
v 0.131916302 -0.0944108124 1.32246324
v 0.111079919 -0.123581749 1.29537594
v 0.111079919 -0.108996281 1.31204505
v 0.123581749 -0.0944108124 1.32663052
v 0.108996281 -0.119414472 1.33288143
v 0.106912642 -0.108996281 1.36621965
v 0.131916302 -0.0673235144 1.34121599
v 0.125665387 -0.0798253442 1.38913967
v 0.131916302 -0.0339853013 1.35580145
v 0.13399994 -0.0485707695 1.4016415
v 0.131916302 -0.00689800327 1.40580877
v 0.125665387 -0.00689800327 1.36205237
v 0.121498111 0.0243565714 1.41205969
v 0.104829004 0.0201892948 1.36205237
v 0.0673235144 0.0535275078 1.4016415
v 0.0964944507 -0.131916302 1.35580145
v 0.0985780891 -0.144418132 1.34538326
v 0.0902435358 -0.148585409 1.34955054
v 0.0860762592 -0.136083579 1.36205237
v 0.0902435358 -0.148585409 1.34329962
v 0.129832664 -0.104829004 1.45581609
v 0.0985780891 -0.136083579 1.43497971
v 0.131916302 -0.123581749 1.45581609
v 0.131916302 -0.140250855 1.46206701
v 0.104829004 -0.1590036 1.43914699
v 0.108996281 -0.175672707 1.46206701
v 0.129832664 -0.154836324 1.47873611
v 0.138167217 -0.13399994 1.49748886
v 0.140250855 -0.115247196 1.48707067
v 0.150669047 -0.111079919 1.49123794
v 0.14650177 -0.13399994 1.50790705
v 0.138167217 -0.0902435358 1.47040156
v 0.14650177 -0.0423198546 1.45789973
v 0.150669047 -0.0860762592 1.47456884
v 0.154836324 -0.0402362163 1.46206701
v 0.148585409 -0.00273072664 1.44956518
v 0.154836324 -0.000647088329 1.45581609
v 0.13399994 0.0326911247 1.44956518
v 0.140250855 0.0389420396 1.45789973
v 0.104829004 0.068112976 1.45789973
v 0.100661727 0.0618620611 1.45373245
v 0.071490791 0.0618620611 1.43081243
v 0.0735744293 0.0701966143 1.45373245
v 0.0756580676 0.0785311676 1.45789973
v 0.0777417059 0.0868657208 1.46623428
v 0.106912642 0.0722802526 1.46623428
v 0.0777417059 0.068112976 1.47665248
v 0.100661727 0.0639456994 1.47456884
v 0.102745366 0.0722802526 1.4995725
v 0.0839926209 0.0785311676 1.50790705
v 0.108996281 0.0910329975 1.55791437
v 0.136083579 0.0389420396 1.47456884
v 0.144418132 0.0389420396 1.50165614
v 0.131916302 0.0701966143 1.52249252
v 0.14650177 0.0431093163 1.46623428
v 0.148585409 -0.000647088329 1.47040156
v 0.1590036 -0.000647088329 1.46623428
v 0.148585409 -0.0360689397 1.47665248
v 0.150669047 -0.000647088329 1.50790705
v 0.154836324 -0.0339853013 1.52040888
v 0.140250855 -0.0735744293 1.48915431
v 0.14650177 -0.0631562377 1.53707799
v 0.136083579 -0.0881598975 1.53291071
v 0.138167217 -0.100661727 1.50790705
v 0.154836324 -0.104829004 1.4995725
v 0.154836324 -0.0756580676 1.48290339
v 0.140250855 -0.138167217 1.52457616
v 0.13399994 -0.167338153 1.4995725
v 0.129832664 -0.154836324 1.51832524
v 0.13399994 -0.1590036 1.48290339
v 0.115247196 -0.186090898 1.47873611
v 0.115247196 -0.181923622 1.46623428
v 0.0839926209 -0.198592728 1.45789973
v 0.0798253442 -0.200676366 1.47456884
v 0.0631562377 -0.200676366 1.46206701
v 0.0527380462 -0.202760005 1.48707067
v 0.0464871312 -0.200676366 1.47456884
v 0.0464871312 -0.198592728 1.47665248
v 0.0527380462 -0.200676366 1.49748886
v 0.0402362163 -0.200676366 1.48707067
v 0.0402362163 -0.190258175 1.46623428
v 0.0193998331 -0.186090898 1.47665248
v 0.0235671098 -0.18400726 1.51415797
v 0.0548216845 -0.19650909 1.51415797
v 0.00689800327 -0.167338153 1.50999069
v 0.00898164158 -0.167338153 1.47456884
v 0.000647088329 -0.154836324 1.50999069
v 0.031901663 -0.1590036 1.5433289
v 0.0193998331 -0.140250855 1.54541254
v 0.0402362163 -0.175672707 1.54124526
v 0.0631562377 -0.186090898 1.53291071
v 0.0798253442 -0.198592728 1.51415797
v 0.0798253442 -0.190258175 1.52249252
v 0.0964944507 -0.194425451 1.51832524
v 0.0860762592 -0.198592728 1.50373977
v 0.0985780891 -0.194425451 1.4995725
v 0.104829004 -0.186090898 1.50373977
v 0.106912642 -0.18400726 1.51415797
v 0.0923271741 -0.186090898 1.53082707
v 0.102745366 -0.181923622 1.52457616
v 0.106912642 -0.167338153 1.53291071
v 0.127749025 -0.13399994 1.53082707
v 0.0902435358 -0.175672707 1.53707799
v 0.0673235144 -0.200676366 1.50165614
v 0.071490791 -0.200676366 1.48915431
v 0.102745366 -0.190258175 1.48081975
v 0.117330834 -0.179839983 1.49123794
v 0.0881598975 -0.19650909 1.48081975
v 0.123581749 -0.169421792 1.50165614
v 0.100661727 -0.148585409 1.54749618
v 0.0756580676 -0.1590036 1.55166346
v 0.0756580676 -0.1590036 1.55791437
v 0.106912642 -0.144418132 1.55374709
v 0.0777417059 -0.125665387 1.58500167
v 0.121498111 -0.111079919 1.56624892
v 0.140250855 -0.123581749 1.53291071
v 0.0589889611 -0.165254515 1.55791437
v 0.0464871312 -0.138167217 1.57875075
v 0.0360689397 -0.150669047 1.56833256
v 0.0339853013 -0.14650177 1.56416528
v 0.0360689397 -0.138167217 1.55583073
v 0.0423198546 -0.123581749 1.57249984
v 0.0631562377 -0.121498111 1.59541986
v 0.0485707695 -0.154836324 1.54749618
v 0.0339853013 -0.14650177 1.56416528
v 0.0610725994 -0.167338153 1.54541254
v 0.140250855 -0.104829004 1.54541254
v 0.0360689397 -0.138167217 1.55583073
v 0.0360689397 -0.138167217 1.55583073
v 0.0631562377 -0.121498111 1.59541986
v 0.0548216845 -0.100661727 1.58916894
v 0.065239876 -0.127749025 1.58916894
v 0.136083579 -0.121498111 1.51832524
v 0.13399994 -0.0923271741 1.54124526
v 0.127749025 -0.13399994 1.53082707
v 0.136083579 -0.121498111 1.51832524
v 0.13399994 -0.0923271741 1.54124526
v 0.0673235144 -0.200676366 1.48498703
v 0.1590036 -0.0464871312 1.57875075
v 0.1590036 -0.0464871312 1.54541254
v 0.1590036 -0.0298180247 1.52249252
v 0.150669047 -0.000647088329 1.51415797
v 0.144418132 0.0368584013 1.52040888
v 0.144418132 0.0368584013 1.52040888
v 0.138167217 0.068112976 1.54124526
v 0.127749025 0.0785311676 1.54541254
v 0.136083579 0.0764475293 1.55791437
v 0.127749025 0.0785311676 1.54541254
v 0.0839926209 0.0785311676 1.50790705
v 0.0902435358 0.0910329975 1.57458348
v -0.12437121 -0.13399994 1.53082707
v -0.132705764 -0.121498111 1.51832524
v -0.128538487 -0.0923271741 1.54124526
v 0.000647088329 0.0451929546 1.34121599
v -0.103534827 -0.0131489182 1.33913235
v -0.103534827 0.0910329975 1.55791437
v -0.130622125 0.0972839124 1.54124526
v -0.122287572 0.0785311676 1.54541254
v -0.0639456994 -0.13399994 1.59333622
v -0.0597784228 -0.127749025 1.58916894
v 0.000647088329 -0.163170877 1.47456884
v 0.000647088329 -0.154836324 1.50999069
v 0.000647088329 -0.167338153 1.45998337
v 0.0193998331 -0.165254515 1.45998337
v 0.0298180247 -0.167338153 1.44956518
v 0.0339853013 -0.181923622 1.45581609
v 0.0298180247 -0.167338153 1.44956518
v 0.031901663 -0.17150543 1.44331426
v 0.0360689397 -0.18400726 1.44956518
v 0.0423198546 -0.19650909 1.46415065
v 0.0610725994 -0.19650909 1.44956518
v 0.0548216845 -0.181923622 1.43914699
v 0.031901663 -0.17150543 1.44331426
v 0.0444034929 -0.165254515 1.43289607
v 0.0569053228 -0.175672707 1.43914699
v 0.0673235144 -0.190258175 1.45581609
v 0.0798253442 -0.190258175 1.45581609
v 0.0527380462 -0.163170877 1.43914699
v 0.065239876 -0.1590036 1.43289607
v 0.0673235144 -0.154836324 1.42456152
v 0.0923271741 -0.13399994 1.41414333
v 0.0694071527 -0.17150543 1.43497971
v 0.13399994 -0.0673235144 1.23911771
v 0.150669047 -0.0214834715 1.20786313
v 0.150669047 -0.0527380462 1.19952858
v 0.140250855 -0.0298180247 1.25161954
v 0.13399994 -0.0756580676 1.18911039
v 0.121498111 -0.0860762592 1.22661588
v 0.144418132 0.00560382661 1.21411405
v 0.13399994 -0.000647088329 1.25995409
v 0.125665387 0.0306074864 1.21828132
v 0.115247196 0.00977110324 1.25787045
v 0.100661727 0.0472765929 1.22453224
v 0.0673235144 0.0472765929 1.24745226
v 0.0694071527 0.0639456994 1.22453224
v 0.0339853013 0.0660293377 1.21619769
v 0.106912642 -0.0902435358 1.18494311
v 0.0964944507 -0.104829004 1.21203041
v 0.0860762592 -0.0985780891 1.18077584
v 0.0839926209 0.0660293377 1.25995409
v 0.13399994 0.0306074864 1.27037228
v 0.100661727 0.00560382661 1.31412869
v 0.065239876 0.0326911247 1.31412869
v 0.100661727 0.00977110324 1.33913235
v 0.108996281 -0.0131489182 1.33913235
v 0.0610725994 0.034774763 1.33913235
v 0.154836324 -0.0298180247 1.25995409
v 0.125665387 -0.0464871312 1.3037105
v 0.148585409 -0.0756580676 1.24745226
v 0.111079919 -0.0923271741 1.2932923
v 0.0860762592 -0.121498111 1.25995409
v 0.100661727 -0.121498111 1.21619769
v 0.0610725994 -0.138167217 1.19952858
v 0.0631562377 -0.129832664 1.28287411
v 0.0610725994 -0.138167217 1.19952858
v 0.0569053228 -0.119414472 1.1953613
v 0.0402362163 -0.111079919 1.17660856
v 0.000647088329 -0.163170877 1.27453956
v 0.000647088329 -0.150669047 1.32454688
v 0.0360689397 -0.140250855 1.33913235
v 0.0610725994 -0.136083579 1.33913235
v 0.071490791 -0.123581749 1.30579413
v 0.071490791 -0.125665387 1.32454688
v 0.1590036 0.0972839124 1.58916894
v 0.18400726 0.068112976 1.61208897
v 0.18400726 0.074363891 1.62042352
v 0.163170877 0.0889493591 1.58083439
v 0.13399994 0.101451189 1.54749618
v 0.0923271741 0.101451189 1.62250716
v 0.117330834 0.0972839124 1.62875807
v 0.0923271741 0.103534827 1.58083439
v 0.0881598975 0.0993675507 1.57875075
v 0.13399994 0.0972839124 1.54124526
v 0.19650909 0.034774763 1.62875807
v 0.198592728 0.034774763 1.63917626
v 0.200676366 -0.000647088329 1.63292535
v 0.123581749 0.0139383799 1.69960178
v 0.123581749 -0.0152325565 1.69751814
v 0.111079919 0.00768746492 1.7225218
v 0.111079919 0.034774763 1.71627088
v 0.123581749 0.0451929546 1.68709995
v 0.108996281 -0.0256507481 1.7225218
v 0.190258175 -0.0444034929 1.60792169
v 0.102745366 -0.0964944507 1.66417992
v 0.179839983 -0.0673235144 1.58500167
v 0.100661727 -0.102745366 1.64959446
v 0.0923271741 -0.100661727 1.64959446
v 0.0923271741 -0.0923271741 1.66209629
v 0.0777417059 -0.065239876 1.63917626
v 0.0735744293 -0.0569053228 1.67668175
v 0.0798253442 -0.0839926209 1.68709995
v 0.0944108124 -0.111079919 1.63917626
v 0.0860762592 -0.104829004 1.63917626
v 0.0735744293 -0.121498111 1.63500899
v 0.065239876 -0.115247196 1.63500899
v 0.0673235144 -0.13399994 1.59333622
v 0.0756580676 -0.136083579 1.5975035
v 0.121498111 -0.119414472 1.57875075
v 0.0777417059 -0.125665387 1.58500167
v 0.121498111 -0.111079919 1.56624892
v 0.1590036 -0.104829004 1.54124526
v 0.0923271741 -0.0860762592 1.68918358
v 0.108996281 -0.0256507481 1.7225218
v 0.0902435358 -0.0110652799 1.6954345
v 0.111079919 0.00768746492 1.7225218
v 0.0610725994 -0.0923271741 1.62042352
v 0.0673235144 -0.13399994 1.59333622
v 0.140250855 -0.104829004 1.54541254
v 0.154836324 -0.100661727 1.53082707
v 0.13399994 -0.0923271741 1.54124526
v 0.136083579 -0.0881598975 1.53291071
v 0.0735744293 -0.0756580676 1.62875807
v 0.0610725994 -0.0923271741 1.62042352
v 0.0631562377 -0.121498111 1.59541986
v 0.0548216845 -0.100661727 1.58916894
v 0.0673235144 -0.13399994 1.59333622
v 0.0631562377 -0.121498111 1.59541986
v 0.065239876 -0.127749025 1.58916894
v 0.129832664 0.0847820825 1.65584537
v 0.127749025 0.0910329975 1.63917626
v 0.117330834 0.0764475293 1.65167809
v 0.117330834 0.0826984442 1.63917626
v 0.106912642 0.0889493591 1.62875807
v 0.104829004 0.0660293377 1.6954345
v 0.0944108124 0.0618620611 1.67876539
v 0.0881598975 0.0952002741 1.62250716
v 0.0881598975 0.0993675507 1.57875075
v 0.111079919 0.034774763 1.71627088
v 0.104829004 0.0660293377 1.6954345
v 0.0944108124 0.0326911247 1.69335086
v 0.0944108124 0.0118547416 1.69960178
v 0.0944108124 0.0618620611 1.67876539
v 0.0944108124 0.0118547416 1.69960178
v 0.0902435358 -0.0110652799 1.6954345
v 0.186090898 -0.038152578 1.59958714
v 0.175672707 -0.0610725994 1.57875075
v 0.198592728 -0.000647088329 1.62250716
v 0.154836324 -0.100661727 1.53082707
v 0.136083579 -0.0881598975 1.53291071
v 0.1590036 -0.0464871312 1.57875075
v 0.175672707 -0.031901663 1.59958714
v 0.186090898 0.0326911247 1.6245908
v 0.190258175 -0.000647088329 1.61833988
v 0.186090898 0.0326911247 1.6245908
v 0.169421792 0.0576947844 1.61208897
v 0.186090898 0.0326911247 1.6245908
v 0.169421792 0.0576947844 1.61208897
v 0.150669047 0.0764475293 1.57875075
v 0.136083579 0.0764475293 1.55791437
v 0.136083579 0.0764475293 1.55791437
v 0.13399994 0.0972839124 1.54124526
v 0.127749025 0.0785311676 1.54541254
v 0.0860762592 0.0139383799 1.71418724
v 0.0944108124 0.0326911247 1.69335086
v 0.0944108124 0.0118547416 1.69960178
v 0.0798253442 0.0389420396 1.67459812
v 0.0444034929 0.0618620611 1.67668175
v 0.0944108124 0.0201892948 1.6683472
v 0.0860762592 -0.00689800327 1.70376905
v 0.0944108124 0.0118547416 1.69960178
v 0.0902435358 -0.0110652799 1.6954345
v 0.0902435358 -0.00273072664 1.66417992
v 0.000647088329 0.0639456994 1.67876539
v -0.0410256779 0.0618620611 1.67668175
v -0.074363891 0.0389420396 1.67459812
v -0.0889493591 0.0201892948 1.6683472
v -0.0868657208 -0.00273072664 1.66417992
v 0.0839926209 0.0701966143 1.68501631
v 0.0839926209 0.0701966143 1.68501631
v 0.0944108124 0.0326911247 1.69335086
v 0.000647088329 -0.121498111 1.17660856
v 0.0569053228 -0.119414472 1.1953613
v 0.0402362163 -0.111079919 1.17660856
v 0.000647088329 -0.136083579 1.26412137
v 0.000647088329 -0.136083579 1.26412137
v 0.000647088329 -0.163170877 1.27453956
v 0.121498111 -0.0589889611 1.3203796
v 0.117330834 -0.0339853013 1.33288143
v 0.0610725994 -0.136083579 1.33913235
v 0.0881598975 -0.150669047 1.33288143
v 0.071490791 -0.125665387 1.32454688
v 0.0673235144 -0.1590036 1.34329962
v 0.0985780891 -0.144418132 1.31621233
v 0.111079919 -0.131916302 1.32246324
v 0.0964944507 -0.140250855 1.2932923
v 0.0798253442 -0.150669047 1.27870684
v 0.0673235144 -0.144418132 1.27870684
v 0.071490791 -0.123581749 1.30579413
v 0.0860762592 -0.121498111 1.25995409
v 0.0673235144 -0.144418132 1.27870684
v 0.0631562377 -0.129832664 1.28287411
v 0.071490791 -0.123581749 1.30579413
v 0.0673235144 -0.144418132 1.27870684
v 0.0631562377 -0.129832664 1.28287411
v 0.1590036 -0.038152578 1.47456884
v 0.108996281 -0.0131489182 1.33913235
v 0.108996281 0.0910329975 1.55791437
v 0.127749025 0.0785311676 1.54541254
v 0.13399994 0.0972839124 1.54124526
v 0.0902435358 0.0910329975 1.57458348
v 0.0777417059 -0.125665387 1.58500167
v 0.065239876 -0.127749025 1.58916894
v 0.0673235144 -0.13399994 1.59333622
v 0.000647088329 -0.150669047 1.63084171
v -0.0285238481 -0.102745366 1.58916894
v 0.000647088329 -0.148585409 1.51832524
v -0.0201892948 -0.123581749 1.64542718
v -0.0556111461 -0.071490791 1.62250716
v -0.0639456994 -0.0694071527 1.67459812
v -0.0868657208 -0.00273072664 1.66417992
v -0.0826984442 -0.00689800327 1.70376905
v 0.031901663 -0.102745366 1.58916894
v 0.000647088329 -0.148585409 1.51832524
v 0.0256507481 -0.123581749 1.64542718
v 0.0610725994 -0.071490791 1.62250716
v 0.0673235144 -0.0694071527 1.67459812
v 0.0902435358 -0.00273072664 1.66417992
v 0.0860762592 -0.00689800327 1.70376905
v -0.18688036 0.0618620611 1.44331426
v -0.191047636 0.0222729331 1.41414333
v -0.170211253 0.0243565714 1.41414333
v -0.153542147 0.0285238481 1.45789973
v -0.170211253 0.0639456994 1.46623428
v -0.143123955 0.0368584013 1.52040888
v -0.157709423 0.0639456994 1.50999069
v -0.19938219 0.0597784228 1.51415797
v -0.191047636 0.0597784228 1.55166346
v -0.213967658 0.0326911247 1.52040888
v -0.205633105 0.0326911247 1.55583073
v -0.180629445 0.0576947844 1.5975035
v -0.195214913 0.0306074864 1.59958714
v -0.153542147 0.0701966143 1.5433289
v -0.21188402 0.0618620611 1.48498703
v -0.147291232 0.0764475293 1.57875075
v -0.228553126 0.0326911247 1.49123794
v -0.213967658 0.0035201883 1.5266598
v -0.207716743 0.00143654998 1.55791437
v -0.19938219 -0.0235671098 1.52457616
v -0.193131275 -0.0256507481 1.55791437
v -0.195214913 -0.000647088329 1.60167077
v -0.170211253 -0.031901663 1.59958714
v -0.166043977 -0.038152578 1.55791437
v -0.151458509 -0.0464871312 1.57875075
v -0.151458509 -0.0464871312 1.54541254
v -0.155625785 -0.0339853013 1.52457616
v -0.155625785 -0.0339853013 1.52457616
v -0.209800381 -0.0277343864 1.48915431
v -0.176462168 -0.0256507481 1.46831792
v -0.238971318 -0.000647088329 1.49748886
v -0.247305871 -0.00689800327 1.44956518
v -0.201465828 -0.0423198546 1.43914699
v -0.249389509 -0.0339853013 1.43706335
v -0.263974977 -0.00273072664 1.41622696
v -0.266058616 0.0326911247 1.41205969
v -0.251473148 0.034774763 1.47665248
v -0.249389509 0.0306074864 1.45373245
v -0.236887679 0.0576947844 1.43914699
v -0.266058616 0.0326911247 1.43081243
v -0.255640424 0.0493602312 1.4016415
v -0.245222233 -0.0256507481 1.42664516
v -0.205633105 -0.0339853013 1.42664516
v -0.176462168 -0.0277343864 1.44748154
v -0.178545807 -0.00481436496 1.42664516
v -0.213967658 -0.0464871312 1.41414333
v -0.251473148 -0.031901663 1.41414333
v -0.170211253 -0.00481436496 1.40997605
v -0.193131275 -0.000647088329 1.4016415
v -0.220218573 -0.0339853013 1.4016415
v -0.191047636 0.0222729331 1.41414333
v -0.170211253 0.0243565714 1.41414333
v -0.153542147 0.0285238481 1.45789973
v -0.157709423 -0.000647088329 1.46415065
v -0.147291232 -0.000647088329 1.51415797
v -0.143123955 0.0368584013 1.52040888
v -0.145207594 -0.000647088329 1.51415797
v -0.138956679 0.0368584013 1.52040888
v -0.155625785 -0.0339853013 1.52457616
v -0.232720403 -0.0464871312 1.40372513
v -0.203549466 0.0201892948 1.37872148
v -0.201465828 -0.00273072664 1.38288875
v -0.203549466 -0.0339853013 1.38913967
v -0.197298551 0.00560382661 1.37663784
v -0.261891339 -0.0464871312 1.35580145
v -0.266058616 -0.0277343864 1.41414333
v -0.291062276 -0.0298180247 1.36830328
v -0.278560446 0.0139383799 1.41414333
v -0.307731382 0.00560382661 1.36830328
v -0.270225892 0.0535275078 1.4016415
v -0.29731319 0.0410256779 1.35580145
v -0.245222233 0.0660293377 1.38288875
v -0.266058616 0.0618620611 1.33288143
v -0.209800381 0.0472765929 1.37038692
v -0.22438585 0.0535275078 1.37872148
v -0.203549466 0.0201892948 1.37872148
v -0.232720403 0.0451929546 1.31621233
v -0.216051296 0.00560382661 1.31829596
v -0.197298551 0.00560382661 1.37663784
v -0.272309531 -0.0277343864 1.35580145
v -0.291062276 -0.00689800327 1.35996873
v -0.232720403 0.0035201883 1.32246324
v -0.261891339 0.0472765929 1.32663052
v -0.286894999 0.0243565714 1.34955054
v -0.278560446 0.0451929546 1.33704871
v -0.151458509 -0.0464871312 1.54541254
v -0.151458509 -0.0298180247 1.52249252
v -0.151458509 -0.0298180247 1.52249252
v -0.145207594 -0.000647088329 1.51415797
v -0.143123955 0.068112976 1.54124526
v -0.138956679 0.0368584013 1.52040888
v -0.132705764 0.0764475293 1.55791437
v -0.134789402 0.068112976 1.54124526
v -0.138956679 0.0368584013 1.52040888
v -0.134789402 0.068112976 1.54124526
v -0.166043977 0.0576947844 1.61208897
v -0.180629445 0.0326911247 1.6245908
v -0.18688036 -0.000647088329 1.61833988
v -0.228553126 -0.0339853013 1.33288143
v -0.255640424 -0.0277343864 1.34329962
v -0.236887679 -0.0131489182 1.33079779
v -0.216051296 0.00560382661 1.31829596
v -0.232720403 0.0035201883 1.32246324
v 0.190258175 0.0618620611 1.44331426
v 0.17150543 0.0243565714 1.41414333
v 0.194425451 0.0222729331 1.41414333
v 0.1590036 0.0285238481 1.45789973
v 0.175672707 0.0639456994 1.46623428
v 0.148585409 0.0368584013 1.52040888
v 0.163170877 0.0639456994 1.50999069
v 0.200676366 0.0597784228 1.51415797
v 0.19650909 0.0597784228 1.55166346
v 0.217345473 0.0326911247 1.52040888
v 0.211094558 0.0326911247 1.55583073
v 0.18400726 0.0576947844 1.5975035
v 0.198592728 0.0306074864 1.59958714
v 0.1590036 0.0701966143 1.5433289
v 0.217345473 0.0618620611 1.48498703
v 0.150669047 0.0764475293 1.57875075
v 0.150669047 0.0764475293 1.57875075
v 0.234014579 0.0326911247 1.49123794
v 0.22151275 0.0035201883 1.5266598
v 0.211094558 0.00143654998 1.55791437
v 0.202760005 -0.0235671098 1.52457616
v 0.19650909 -0.0256507481 1.55791437
v 0.198592728 -0.000647088329 1.60167077
v 0.175672707 -0.031901663 1.59958714
v 0.169421792 -0.038152578 1.55791437
v 0.1590036 -0.0464871312 1.57875075
v 0.1590036 -0.0464871312 1.54541254
v 0.163170877 -0.0339853013 1.52457616
v 0.163170877 -0.0339853013 1.52457616
v 0.215261835 -0.0277343864 1.48915431
v 0.179839983 -0.0256507481 1.46831792
v 0.242349133 -0.000647088329 1.49748886
v 0.250683686 -0.00689800327 1.44956518
v 0.206927281 -0.0423198546 1.43914699
v 0.250683686 -0.0339853013 1.43706335
v 0.267352792 -0.00273072664 1.41622696
v 0.267352792 0.0326911247 1.41205969
v 0.254850963 0.034774763 1.47665248
v 0.250683686 0.0306074864 1.45373245
v 0.242349133 0.0576947844 1.43914699
v 0.271520069 0.0326911247 1.43081243
v 0.261101877 0.0493602312 1.4016415
v 0.246516409 -0.0256507481 1.42664516
v 0.211094558 -0.0339853013 1.42664516
v 0.179839983 -0.0277343864 1.44748154
v 0.18400726 -0.00481436496 1.42664516
v 0.22151275 -0.0464871312 1.41414333
v 0.254850963 -0.031901663 1.41414333
v 0.175672707 -0.00481436496 1.40997605
v 0.19650909 -0.000647088329 1.4016415
v 0.225680026 -0.0339853013 1.4016415
v 0.194425451 0.0222729331 1.41414333
v 0.17150543 0.0243565714 1.41414333
v 0.1590036 0.0285238481 1.45789973
v 0.163170877 -0.000647088329 1.46415065
v 0.154836324 -0.000647088329 1.51415797
v 0.148585409 0.0368584013 1.52040888
v 0.150669047 -0.000647088329 1.51415797
v 0.144418132 0.0368584013 1.52040888
v 0.163170877 -0.0339853013 1.52457616
v 0.236098218 -0.0464871312 1.40372513
v 0.211094558 0.0201892948 1.37872148
v 0.206927281 -0.00273072664 1.38288875
v 0.211094558 -0.0339853013 1.38913967
v 0.200676366 0.00560382661 1.37663784
v 0.265269154 -0.0464871312 1.35580145
v 0.271520069 -0.0277343864 1.41414333
v 0.296523729 -0.0298180247 1.36830328
v 0.286105537 0.0139383799 1.41414333
v 0.311109197 0.00560382661 1.36830328
v 0.275687346 0.0535275078 1.4016415
v 0.300691005 0.0410256779 1.35580145
v 0.246516409 0.0660293377 1.38288875
v 0.271520069 0.0618620611 1.33288143
v 0.215261835 0.0472765929 1.37038692
v 0.229847303 0.0535275078 1.37872148
v 0.211094558 0.0201892948 1.37872148
v 0.236098218 0.0451929546 1.31621233
v 0.22151275 0.00560382661 1.31829596
v 0.200676366 0.00560382661 1.37663784
v 0.275687346 -0.0277343864 1.35580145
v 0.296523729 -0.00689800327 1.35996873
v 0.236098218 0.0035201883 1.32246324
v 0.267352792 0.0472765929 1.32663052
v 0.286105537 0.0451929546 1.33704871
v 0.294440091 0.0243565714 1.34955054
v 0.1590036 -0.0464871312 1.54541254
v 0.1590036 -0.0298180247 1.52249252
v 0.1590036 -0.0298180247 1.52249252
v 0.150669047 -0.000647088329 1.51415797
v 0.148585409 0.068112976 1.54124526
v 0.144418132 0.0368584013 1.52040888
v 0.136083579 0.0764475293 1.55791437
v 0.138167217 0.068112976 1.54124526
v 0.144418132 0.0368584013 1.52040888
v 0.190258175 -0.000647088329 1.61833988
v 0.186090898 0.0326911247 1.6245908
v 0.169421792 0.0576947844 1.61208897
v 0.169421792 0.0576947844 1.61208897
v 0.234014579 -0.0339853013 1.33288143
v 0.22151275 0.00560382661 1.31829596
v 0.242349133 -0.0131489182 1.33079779
v 0.236098218 0.0035201883 1.32246324
v 0.259018239 -0.0277343864 1.34329962
v -0.0972839124 0.109785742 1.68293267
v -0.0993675507 -0.0131489182 1.67668175
v -0.132705764 -0.000647088329 1.65376173
v -0.0785311676 0.0660293377 1.69335086
v -0.074363891 0.141040317 1.66417992
v -0.0222729331 0.0826984442 1.68709995
v -0.0243565714 0.143123955 1.66001265
v 0.0277343864 0.0826984442 1.68709995
v 0.0277343864 0.143123955 1.66001265
v -0.0764475293 0.170211253 1.62875807
v -0.0264402097 0.1618767 1.61833988
v 0.0298180247 0.159793062 1.61833988
v -0.0285238481 0.17437853 1.58500167
v -0.0785311676 0.18688036 1.59333622
v -0.122287572 0.159793062 1.61833988
v -0.128538487 0.170211253 1.59333622
v -0.118120296 0.143123955 1.64334354
v -0.0868657208 0.188963998 1.52040888
v -0.13687304 0.182713083 1.51832524
v -0.0306074864 0.180629445 1.50999069
v 0.0339853013 0.178545807 1.50999069
v 0.031901663 0.170211253 1.58500167
v -0.101451189 0.197298551 1.33704871
v -0.166043977 0.184796722 1.34121599
v -0.120203934 0.207716743 1.15993945
v -0.195214913 0.191047636 1.17035764
v -0.228553126 0.195214913 0.995332025
v -0.138956679 0.213967658 0.980746557
v -0.0431093163 0.21188402 1.15368854
v -0.0535275078 0.22438585 0.970328366
v -0.266058616 0.195214913 0.822390045
v -0.166043977 0.220218573 0.801553662
v -0.318149574 0.19938219 0.653615342
v -0.197298551 0.238971318 0.622360767
v -0.382742361 0.213967658 0.478589724
v -0.236887679 0.253556786 0.447335149
v -0.291062276 0.255640424 0.343153233
v -0.39732783 0.236887679 0.349404148
v -0.376491446 0.272309531 0.236887679
v -0.068112976 0.253556786 0.607775299
v -0.0785311676 0.266058616 0.424415128
v -0.220218573 0.266058616 0.311898659
v -0.126454849 0.278560446 0.307731382
v -0.188963998 0.288978637 0.191047636
v -0.0618620611 0.238971318 0.791135471
v 0.071490791 0.251473148 0.607775299
v 0.065239876 0.238971318 0.791135471
v -0.318149574 0.193131275 0.651531704
v -0.380658723 0.207716743 0.476506085
v 0.0569053228 0.22438585 0.970328366
v 0.0464871312 0.21188402 1.15368854
v -0.034774763 0.195214913 1.33288143
v 0.0402362163 0.195214913 1.33288143
v 0.144418132 0.213967658 0.980746557
v 0.125665387 0.207716743 1.15993945
v 0.231930941 0.195214913 0.995332025
v 0.200676366 0.191047636 1.17035764
v 0.273603707 0.197298551 0.822390045
v 0.169421792 0.22438585 0.801553662
v 0.323611027 0.19938219 0.653615342
v 0.200676366 0.238971318 0.622360767
v 0.386120176 0.213967658 0.478589724
v 0.238181856 0.255640424 0.447335149
v 0.294440091 0.259807701 0.343153233
v 0.398622006 0.236887679 0.349404148
v 0.379869261 0.274393169 0.236887679
v 0.169421792 0.184796722 1.34121599
v 0.104829004 0.197298551 1.33704871
v 0.144418132 0.180629445 1.51832524
v 0.0923271741 0.18688036 1.52040888
v 0.131916302 0.166043977 1.59333622
v 0.0860762592 0.180629445 1.59333622
v 0.125665387 0.151458509 1.61833988
v 0.0798253442 0.166043977 1.62875807
v 0.0777417059 0.138956679 1.66417992
v 0.0839926209 0.0660293377 1.69335086
v 0.121498111 0.138956679 1.64334354
v 0.100661727 0.109785742 1.68293267
v 0.125665387 0.147291232 1.61625624
v 0.131916302 0.155625785 1.59125258
v 0.121498111 0.134789402 1.63917626
v 0.0256507481 0.0764475293 1.68293267
v -0.0222729331 0.0764475293 1.68293267
v -0.0785311676 0.0660293377 1.68709995
v 0.0839926209 0.0660293377 1.68709995
v 0.121498111 0.107702104 1.66001265
v 0.136083579 -0.000647088329 1.65376173
v 0.100661727 -0.0131489182 1.67668175
v 0.0839926209 0.0660293377 1.69335086
v 0.119414472 0.105618466 1.65376173
v -0.0993675507 -0.0131489182 1.67668175
v -0.0785311676 0.0660293377 1.69335086
v 0.131916302 0.155625785 1.59125258
v 0.140250855 0.17437853 1.51832524
v 0.140250855 0.17437853 1.51832524
v 0.167338153 0.176462168 1.34121599
v 0.198592728 0.184796722 1.16619037
v 0.231930941 0.18688036 0.995332025
v 0.271520069 0.191047636 0.822390045
v 0.321527389 0.195214913 0.651531704
v 0.384036538 0.207716743 0.476506085
v 0.167338153 0.176462168 1.34121599
v 0.384036538 0.207716743 0.476506085
v 0.398622006 0.228553126 0.34732051
v 0.398622006 0.228553126 0.34732051
v 0.379869261 0.266058616 0.232720403
v 0.379869261 0.266058616 0.232720403
v 0.294440091 0.253556786 0.341069595
v 0.0839926209 0.270225892 0.424415128
v 0.225680026 0.274393169 0.311898659
v 0.131916302 0.286894999 0.307731382
v 0.194425451 0.29731319 0.191047636
v 0.0527380462 0.293145914 0.291062276
v -0.0451929546 0.288978637 0.291062276
v 0.000647088329 0.332735042 0.159793062
v -0.0785311676 0.261891339 0.424415128
v -0.0451929546 0.280644084 0.291062276
v 0.000647088329 0.328567765 0.159793062
v 0.129832664 0.280644084 0.307731382
v 0.190258175 0.288978637 0.188963998
v 0.0485707695 0.286894999 0.291062276
v -0.126454849 0.272309531 0.307731382
v -0.0785311676 0.261891339 0.424415128
v -0.126454849 0.272309531 0.307731382
v -0.188963998 0.280644084 0.188963998
v 0.0839926209 0.263974977 0.424415128
v 0.0485707695 0.286894999 0.291062276
v 0.0839926209 0.263974977 0.424415128
v -0.120203934 0.153542147 1.61625624
v -0.126454849 0.166043977 1.59125258
v -0.116036657 0.141040317 1.63917626
v -0.116036657 0.109785742 1.66001265
v -0.116036657 0.107702104 1.65376173
v -0.126454849 0.166043977 1.59125258
v -0.13687304 0.17437853 1.51832524
v -0.13687304 0.17437853 1.51832524
v -0.166043977 0.178545807 1.34121599
v -0.195214913 0.184796722 1.16619037
v -0.22438585 0.18688036 0.995332025
v -0.266058616 0.18688036 0.822390045
v -0.166043977 0.178545807 1.34121599
v 0.0839926209 0.0660293377 1.69335086
v 0.100661727 -0.0131489182 1.67668175
v -0.0868657208 0.180629445 1.51832524
v -0.126454849 0.166043977 1.59125258
v -0.0785311676 0.180629445 1.59125258
v -0.0326911247 0.170211253 1.57666711
v -0.0326911247 0.17437853 1.51415797
v 0.0360689397 0.166043977 1.57666711
v 0.0339853013 0.170211253 1.51415797
v -0.034774763 0.18688036 1.33288143
v 0.0402362163 0.18688036 1.33288143
v -0.0431093163 0.205633105 1.15368854
v 0.0464871312 0.205633105 1.15368854
v 0.0569053228 0.218134935 0.968244727
v -0.0535275078 0.218134935 0.968244727
v -0.138956679 0.207716743 0.978662919
v -0.120203934 0.201465828 1.15993945
v -0.22438585 0.18688036 0.995332025
v -0.195214913 0.184796722 1.16619037
v -0.266058616 0.18688036 0.822390045
v -0.166043977 0.21188402 0.799470024
v -0.318149574 0.193131275 0.651531704
v -0.197298551 0.228553126 0.622360767
v -0.380658723 0.207716743 0.476506085
v -0.166043977 0.178545807 1.34121599
v -0.101451189 0.188963998 1.33704871
v -0.13687304 0.17437853 1.51832524
v -0.126454849 0.166043977 1.59125258
v -0.0618620611 0.232720403 0.789051832
v -0.068112976 0.247305871 0.605691661
v -0.232720403 0.247305871 0.445251511
v -0.380658723 0.207716743 0.476506085
v -0.288978637 0.247305871 0.341069595
v -0.395244191 0.228553126 0.34732051
v -0.374407808 0.266058616 0.232720403
v -0.0785311676 0.261891339 0.424415128
v -0.220218573 0.261891339 0.311898659
v 0.0839926209 0.263974977 0.424415128
v 0.0485707695 0.286894999 0.291062276
v 0.071490791 0.245222233 0.605691661
v 0.065239876 0.232720403 0.789051832
v 0.238181856 0.249389509 0.445251511
v 0.225680026 0.268142254 0.311898659
v 0.200676366 0.232720403 0.622360767
v 0.384036538 0.207716743 0.476506085
v 0.294440091 0.253556786 0.341069595
v 0.398622006 0.228553126 0.34732051
v 0.379869261 0.266058616 0.232720403
v 0.321527389 0.195214913 0.651531704
v 0.167338153 0.218134935 0.799470024
v 0.271520069 0.191047636 0.822390045
v 0.144418132 0.207716743 0.978662919
v 0.125665387 0.201465828 1.15993945
v 0.231930941 0.18688036 0.995332025
v 0.198592728 0.184796722 1.16619037
v 0.167338153 0.176462168 1.34121599
v 0.104829004 0.188963998 1.33704871
v 0.140250855 0.17437853 1.51832524
v 0.0923271741 0.178545807 1.51832524
v 0.131916302 0.155625785 1.59125258
v 0.0860762592 0.17437853 1.59125258
v 0.131916302 0.155625785 1.59125258
v -0.220218573 0.261891339 0.311898659
v -0.126454849 0.272309531 0.307731382
v -0.188963998 0.280644084 0.188963998
v 0.0485707695 0.286894999 0.291062276
v -0.0451929546 0.280644084 0.291062276
v 0.000647088329 0.328567765 0.159793062
v 0.225680026 0.268142254 0.311898659
v 0.129832664 0.280644084 0.307731382
v 0.190258175 0.288978637 0.188963998
v -0.288978637 0.247305871 0.341069595
v -0.232720403 0.247305871 0.445251511
v -0.288978637 0.247305871 0.341069595
v -0.374407808 0.266058616 0.232720403
v -0.232720403 0.247305871 0.445251511
v -0.220218573 0.261891339 0.311898659
v -0.220218573 0.261891339 0.311898659
v -0.188963998 0.288978637 0.191047636
v -0.220218573 0.261891339 0.311898659
v -0.188963998 0.280644084 0.188963998
v -0.380658723 0.207716743 0.476506085
v -0.395244191 0.228553126 0.34732051
v -0.376491446 0.272309531 0.236887679
v -0.395244191 0.228553126 0.34732051
v -0.374407808 0.266058616 0.232720403
v 0.294440091 0.253556786 0.341069595
v 0.238181856 0.249389509 0.445251511
v 0.238181856 0.249389509 0.445251511
v 0.225680026 0.268142254 0.311898659
v 0.225680026 0.268142254 0.311898659
v 0.225680026 0.268142254 0.311898659
v 0.190258175 0.288978637 0.188963998
v 0.0485707695 0.286894999 0.291062276
v 0.000647088329 0.328567765 0.159793062
v -0.0910329975 -0.000647088329 1.69960178
v -0.0722802526 -0.031901663 1.67876539
v -0.0826984442 -0.000647088329 1.69960178
v -0.0847820825 -0.0339853013 1.67876539
v -0.068112976 -0.0694071527 1.66209629
v -0.0660293377 -0.0694071527 1.67876539
v -0.0826984442 -0.0339853013 1.69335086
v -0.0722802526 -0.0777417059 1.67668175
v -0.0764475293 -0.0798253442 1.66209629
v -0.0701966143 -0.0923271741 1.65376173
v -0.0576947844 -0.0902435358 1.64959446
v -0.0535275078 -0.0735744293 1.65376173
v -0.0243565714 -0.115247196 1.63500899
v -0.034774763 -0.121498111 1.63292535
v -0.0326911247 -0.119414472 1.65584537
v -0.0556111461 -0.0902435358 1.6683472
v -0.034774763 -0.129832664 1.65167809
v -0.0431093163 -0.13399994 1.63292535
v -0.034774763 -0.14650177 1.62875807
v -0.0160220182 -0.148585409 1.61833988
v -0.00560382661 -0.138167217 1.62042352
v -0.0243565714 -0.115247196 1.63500899
v -0.0535275078 -0.144418132 1.63917626
v -0.0556111461 -0.138167217 1.63917626
v -0.0431093163 -0.13399994 1.65376173
v -0.034774763 -0.14650177 1.62875807
v -0.0160220182 -0.14650177 1.64959446
v -0.0285238481 -0.144418132 1.64542718
v -0.0368584013 -0.144418132 1.65167809
v -0.0535275078 -0.144418132 1.63917626
v -0.0431093163 -0.13399994 1.65376173
v -0.0556111461 -0.138167217 1.63917626
v -0.0826984442 -0.000647088329 1.69960178
v -0.0722802526 -0.0339853013 1.69335086
v -0.0785311676 -0.000647088329 1.70793633
v -0.0722802526 -0.031901663 1.67876539
v -0.0889493591 -0.00273072664 1.70793633
v -0.0826984442 -0.0339853013 1.69335086
v -0.0472765929 -0.071490791 1.67459812
v -0.0535275078 -0.0735744293 1.65376173
v -0.0222729331 -0.108996281 1.65584537
v -0.0243565714 -0.115247196 1.63500899
v -0.0660293377 -0.0694071527 1.67876539
v -0.0556111461 -0.0902435358 1.6683472
v -0.0722802526 -0.0777417059 1.67668175
v -0.0660293377 -0.0902435358 1.67251448
v -0.074363891 -0.0923271741 1.67668175
v -0.0826984442 -0.0839926209 1.67668175
v -0.0222729331 -0.108996281 1.65584537
v -0.0326911247 -0.119414472 1.65584537
v -0.00560382661 -0.13399994 1.64542718
v -0.0118547416 -0.138167217 1.65167809
v -0.0243565714 -0.115247196 1.63500899
v -0.0035201883 -0.163170877 1.66417992
v -0.0326911247 -0.119414472 1.65584537
v -0.0160220182 -0.14650177 1.64959446
v -0.034774763 -0.129832664 1.65167809
v -0.0285238481 -0.144418132 1.64542718
v -0.0160220182 -0.14650177 1.64959446
v -0.00768746492 -0.167338153 1.66417992
v -0.0035201883 -0.17150543 1.67668175
v -0.00143654998 -0.167338153 1.67876539
v 0.00689800327 -0.163170877 1.66417992
v 0.00898164158 -0.13399994 1.64542718
v 0.0110652799 -0.138167217 1.62042352
v -0.00560382661 -0.138167217 1.62042352
v -0.0243565714 -0.115247196 1.63500899
v -0.00143654998 -0.148585409 1.59125258
v 0.00481436496 -0.148585409 1.59125258
v 0.000647088329 -0.154836324 1.56624892
v 0.0298180247 -0.115247196 1.63500899
v 0.0277343864 -0.108996281 1.65584537
v 0.0152325565 -0.138167217 1.65167809
v 0.0277343864 -0.108996281 1.65584537
v 0.0214834715 -0.14650177 1.64959446
v 0.0360689397 -0.119414472 1.65584537
v 0.0402362163 -0.129832664 1.65167809
v 0.031901663 -0.144418132 1.64542718
v 0.0277343864 -0.108996281 1.65584537
v 0.0610725994 -0.0902435358 1.6683472
v 0.0548216845 -0.071490791 1.67459812
v 0.071490791 -0.0694071527 1.67876539
v 0.0569053228 -0.0735744293 1.65376173
v 0.0298180247 -0.115247196 1.63500899
v 0.0756580676 -0.0777417059 1.67668175
v 0.0694071527 -0.0902435358 1.67251448
v 0.0777417059 -0.0923271741 1.67668175
v 0.0860762592 -0.0839926209 1.67668175
v 0.0777417059 -0.031901663 1.67876539
v 0.0756580676 -0.0339853013 1.69335086
v 0.0860762592 -0.000647088329 1.69960178
v 0.0839926209 -0.000647088329 1.70793633
v 0.0923271741 -0.00273072664 1.70793633
v 0.0860762592 -0.0339853013 1.69335086
v -0.0160220182 -0.148585409 1.61833988
v 0.000647088329 -0.167338153 1.63917626
v 0.000647088329 -0.167338153 1.61625624
v -0.00560382661 -0.154836324 1.59125258
v 0.000647088329 -0.167338153 1.59333622
v 0.000647088329 -0.167338153 1.56624892
v 0.000647088329 -0.1590036 1.56416528
v 0.00273072664 -0.1590036 1.56416528
v 0.000647088329 -0.154836324 1.56624892
v -0.00143654998 -0.148585409 1.59125258
v -0.0160220182 -0.148585409 1.61833988
v -0.00560382661 -0.138167217 1.62042352
v 0.0235671098 -0.148585409 1.61833988
v 0.00898164158 -0.154836324 1.59125258
v 0.000647088329 -0.167338153 1.59333622
v 0.000647088329 -0.167338153 1.56624892
v 0.00273072664 -0.1590036 1.56416528
v 0.000647088329 -0.154836324 1.56624892
v 0.00481436496 -0.148585409 1.59125258
v 0.0110652799 -0.138167217 1.62042352
v 0.000647088329 -0.167338153 1.63917626
v -0.0160220182 -0.14650177 1.64959446
v -0.00768746492 -0.167338153 1.66417992
v 0.000647088329 -0.175672707 1.65167809
v 0.000647088329 -0.186090898 1.65584537
v -0.0035201883 -0.17150543 1.67668175
v 0.000647088329 -0.17150543 1.70585269
v 0.000647088329 -0.167338153 1.70793633
v 0.000647088329 -0.167338153 1.63917626
v 0.0214834715 -0.14650177 1.64959446
v 0.0110652799 -0.167338153 1.66417992
v 0.000647088329 -0.175672707 1.65167809
v 0.000647088329 -0.186090898 1.65584537
v 0.00898164158 -0.17150543 1.67668175
v 0.000647088329 -0.17150543 1.70585269
v 0.000647088329 -0.167338153 1.70793633
v 0.000647088329 -0.167338153 1.70793633
v -0.0035201883 -0.17150543 1.67668175
v 0.00481436496 -0.167338153 1.67876539
v 0.00898164158 -0.17150543 1.67668175
v 0.0110652799 -0.167338153 1.66417992
v 0.0214834715 -0.14650177 1.64959446
v -0.0660293377 -0.0902435358 1.67251448
v -0.0576947844 -0.0902435358 1.64959446
v -0.074363891 -0.0923271741 1.67668175
v -0.0868657208 -0.0923271741 1.66417992
v -0.0910329975 -0.0881598975 1.66626356
v -0.0556111461 -0.0902435358 1.6683472
v -0.0826984442 -0.0839926209 1.67668175
v -0.0826984442 -0.0839926209 1.67668175
v -0.0910329975 -0.0881598975 1.66626356
v -0.0826984442 -0.0839926209 1.67668175
v -0.0910329975 -0.0860762592 1.69751814
v -0.0910329975 -0.0881598975 1.66626356
v -0.0826984442 -0.0839926209 1.67668175
v -0.0847820825 -0.0839926209 1.70376905
v -0.0868657208 -0.0839926209 1.72877271
v -0.0889493591 -0.0881598975 1.69751814
v -0.0910329975 -0.0881598975 1.66626356
v -0.0868657208 -0.0923271741 1.66417992
v -0.074363891 -0.0923271741 1.67668175
v -0.0785311676 -0.0881598975 1.69960178
v -0.0868657208 -0.0839926209 1.72877271
v -0.0826984442 -0.0860762592 1.72668907
v -0.0847820825 -0.0839926209 1.72877271
v -0.0868657208 -0.0839926209 1.72877271
v -0.0868657208 -0.0839926209 1.72877271
v -0.0847820825 -0.0839926209 1.72877271
v -0.0826984442 -0.0839926209 1.67668175
v -0.0785311676 -0.0881598975 1.69960178
v -0.0847820825 -0.0839926209 1.70376905
v -0.074363891 -0.0923271741 1.67668175
v -0.0826984442 -0.0860762592 1.72668907
v -0.0847820825 -0.0839926209 1.72877271
v -0.0368584013 -0.144418132 1.65167809
v -0.0535275078 -0.138167217 1.6683472
v -0.0431093163 -0.138167217 1.67668175
v -0.0535275078 -0.144418132 1.63917626
v -0.0535275078 -0.13399994 1.69960178
v -0.0472765929 -0.13399994 1.69960178
v -0.0493602312 -0.131916302 1.70376905
v -0.0556111461 -0.138167217 1.63917626
v -0.0535275078 -0.144418132 1.63917626
v -0.0556111461 -0.136083579 1.67251448
v -0.0535275078 -0.13399994 1.69960178
v -0.0431093163 -0.13399994 1.65376173
v -0.0556111461 -0.138167217 1.63917626
v -0.0472765929 -0.13399994 1.67876539
v -0.0535275078 -0.13399994 1.69960178
v -0.0493602312 -0.131916302 1.70376905
v -0.0431093163 -0.13399994 1.65376173
v -0.0431093163 -0.138167217 1.67668175
v -0.0472765929 -0.13399994 1.67876539
v -0.0368584013 -0.144418132 1.65167809
v -0.0472765929 -0.13399994 1.69960178
v -0.0493602312 -0.131916302 1.70376905
v -0.0368584013 -0.144418132 1.65167809
v -0.034774763 -0.129832664 1.65167809
v -0.0431093163 -0.13399994 1.65376173
v -0.0889493591 -0.00273072664 1.70793633
v 0.0944108124 -0.000647088329 1.69960178
v 0.0777417059 -0.031901663 1.67876539
v 0.0902435358 -0.0339853013 1.67876539
v 0.0860762592 -0.000647088329 1.69960178
v 0.0735744293 -0.0694071527 1.66209629
v 0.071490791 -0.0694071527 1.67876539
v 0.0860762592 -0.0339853013 1.69335086
v 0.0756580676 -0.0777417059 1.67668175
v 0.0839926209 -0.0798253442 1.66209629
v 0.0756580676 -0.0923271741 1.65376173
v 0.0631562377 -0.0902435358 1.64959446
v 0.0569053228 -0.0735744293 1.65376173
v 0.0298180247 -0.115247196 1.63500899
v 0.0402362163 -0.121498111 1.63292535
v 0.0360689397 -0.119414472 1.65584537
v 0.0610725994 -0.0902435358 1.6683472
v 0.0402362163 -0.129832664 1.65167809
v 0.0464871312 -0.13399994 1.63292535
v 0.038152578 -0.14650177 1.62875807
v 0.0235671098 -0.148585409 1.61833988
v 0.0110652799 -0.138167217 1.62042352
v 0.0298180247 -0.115247196 1.63500899
v 0.0569053228 -0.144418132 1.63917626
v 0.0610725994 -0.138167217 1.63917626
v 0.0485707695 -0.13399994 1.65376173
v 0.0631562377 -0.0902435358 1.64959446
v 0.0694071527 -0.0902435358 1.67251448
v 0.0610725994 -0.0902435358 1.6683472
v 0.0777417059 -0.0923271741 1.67668175
v 0.0923271741 -0.0923271741 1.66417992
v 0.0944108124 -0.0881598975 1.66626356
v 0.0485707695 -0.13399994 1.65376173
v 0.0610725994 -0.138167217 1.63917626
v 0.0860762592 -0.0839926209 1.67668175
v 0.0944108124 -0.0881598975 1.66626356
v 0.0214834715 -0.14650177 1.64959446
v 0.038152578 -0.14650177 1.62875807
v 0.0235671098 -0.148585409 1.61833988
v 0.031901663 -0.144418132 1.64542718
v 0.0402362163 -0.144418132 1.65167809
v 0.0569053228 -0.144418132 1.63917626
v 0.0860762592 -0.0839926209 1.67668175
v 0.0944108124 -0.0860762592 1.69751814
v 0.0881598975 -0.0839926209 1.70376905
v 0.0944108124 -0.0881598975 1.66626356
v 0.0902435358 -0.0839926209 1.72877271
v 0.0944108124 -0.0881598975 1.66626356
v 0.0923271741 -0.0881598975 1.69751814
v 0.0923271741 -0.0923271741 1.66417992
v 0.0777417059 -0.0923271741 1.67668175
v 0.0860762592 -0.0881598975 1.69960178
v 0.0902435358 -0.0839926209 1.72877271
v 0.0881598975 -0.0860762592 1.72668907
v 0.0881598975 -0.0839926209 1.72877271
v 0.0902435358 -0.0839926209 1.72877271
v 0.0902435358 -0.0839926209 1.72877271
v 0.0881598975 -0.0839926209 1.72877271
v 0.0860762592 -0.0839926209 1.67668175
v 0.0860762592 -0.0881598975 1.69960178
v 0.0777417059 -0.0923271741 1.67668175
v 0.0881598975 -0.0839926209 1.70376905
v 0.0881598975 -0.0860762592 1.72668907
v 0.0881598975 -0.0839926209 1.72877271
v 0.0402362163 -0.144418132 1.65167809
v 0.0589889611 -0.138167217 1.6683472
v 0.0569053228 -0.144418132 1.63917626
v 0.0485707695 -0.138167217 1.67668175
v 0.0569053228 -0.13399994 1.69960178
v 0.0527380462 -0.13399994 1.69960178
v 0.0548216845 -0.131916302 1.70376905
v 0.0610725994 -0.138167217 1.63917626
v 0.0610725994 -0.136083579 1.67251448
v 0.0569053228 -0.144418132 1.63917626
v 0.0569053228 -0.13399994 1.69960178
v 0.0485707695 -0.13399994 1.65376173
v 0.0548216845 -0.13399994 1.67876539
v 0.0610725994 -0.138167217 1.63917626
v 0.0569053228 -0.13399994 1.69960178
v 0.0569053228 -0.13399994 1.69960178
v 0.0548216845 -0.131916302 1.70376905
v 0.0485707695 -0.13399994 1.65376173
v 0.0485707695 -0.138167217 1.67668175
v 0.0402362163 -0.144418132 1.65167809
v 0.0485707695 -0.13399994 1.65376173
v 0.0548216845 -0.13399994 1.67876539
v 0.0527380462 -0.13399994 1.69960178
v 0.0548216845 -0.131916302 1.70376905
v 0.0402362163 -0.144418132 1.65167809
v 0.0402362163 -0.129832664 1.65167809
v 0.0923271741 -0.00273072664 1.70793633
vt 0.934751949 0.919145087
vt 0.926948518 0.915243372
vt 0.926948518 0.923046803
vt 0.930850233 0.911341657
vt 0.934751949 0.907439941
vt 0.94255538 0.915243372
vt 0.94255538 0.919145087
vt 0.934751949 0.926948518
vt 0.930850233 0.926948518
vt 0.926948518 0.934751949
vt 0.907439941 0.934751949
vt 0.907439941 0.95035881
vt 0.934751949 0.934751949
vt 0.954260526 0.923046803
vt 0.946457095 0.903538226
vt 0.94255538 0.899636511
vt 0.923046803 0.903538226
vt 0.915243372 0.911341657
vt 0.954260526 0.911341657
vt 0.969867387 0.926948518
vt 0.973769103 0.903538226
vt 0.958162241 0.89183308
vt 0.969867387 0.884029649
vt 0.985474249 0.903538226
vt 0.981572533 0.880127934
vt 0.993277679 0.899636511
vt 0.977670818 0.926948518
vt 0.993277679 0.930850233
vt 0.969867387 0.934751949
vt 0.962063956 0.934751949
vt 0.962063956 0.94255538
vt 0.977670818 0.954260526
vt 0.973769103 0.962063956
vt 0.95035881 0.95035881
vt 0.981572533 0.954260526
vt 0.985474249 0.958162241
vt 0.981572533 0.969867387
vt 0.981572533 0.95035881
vt 0.946457095 0.94255538
vt 0.934751949 0.95035881
vt 0.926948518 0.954260526
vt 0.954260526 0.977670818
vt 0.919145087 0.977670818
vt 0.899636511 0.962063956
vt 0.903538226 0.973769103
vt 0.89183308 0.954260526
vt 0.903538226 0.973769103
vt 0.89183308 0.981572533
vt 0.985474249 0.94255538
vt 0.895734795 0.94255538
vt 0.907439941 0.923046803
vt 0.884029649 0.930850233
vt 0.899636511 0.915243372
vt 0.915243372 0.903538226
vt 0.911341657 0.895734795
vt 0.930850233 0.884029649
vt 0.934751949 0.89183308
vt 0.94255538 0.880127934
vt 0.954260526 0.895734795
vt 0.954260526 0.884029649
vt 0.954260526 0.884029649
vt 0.954260526 0.899636511
vt 0.954260526 0.880127934
vt 0.934751949 0.876226218
vt 0.926948518 0.880127934
vt 0.884029649 0.923046803
vt 0.872324503 0.923046803
vt 0.876226218 0.915243372
vt 0.868422788 0.926948518
vt 0.852815926 0.911341657
vt 0.852815926 0.919145087
vt 0.848914211 0.930850233
vt 0.868422788 0.934751949
vt 0.860619357 0.954260526
vt 0.845012495 0.962063956
vt 0.825503918 0.95035881
vt 0.833307349 0.965965672
vt 0.825503918 0.954260526
vt 0.805995342 0.95035881
vt 0.805995342 0.946457095
vt 0.782585049 0.958162241
vt 0.778683334 0.946457095
vt 0.825503918 0.923046803
vt 0.837209065 0.989375964
vt 0.802093626 0.923046803
vt 0.825503918 0.915243372
vt 0.825503918 0.907439941
vt 0.802093626 0.907439941
vt 0.802093626 0.899636511
vt 0.825503918 0.899636511
vt 0.856717641 0.903538226
vt 0.825503918 0.864521072
vt 0.868422788 0.89183308
vt 0.880127934 0.89183308
vt 0.895734795 0.868422788
vt 0.884029649 0.895734795
vt 0.903538226 0.876226218
vt 0.911341657 0.89183308
vt 0.899636511 0.907439941
vt 0.845012495 0.852815926
vt 0.809897057 0.833307349
vt 0.829405634 0.825503918
vt 0.864521072 0.833307349
vt 0.845012495 0.809897057
vt 0.864521072 0.809897057
vt 0.856717641 0.798191911
vt 0.837209065 0.805995342
vt 0.860619357 0.782585049
vt 0.848914211 0.782585049
vt 0.833307349 0.79038848
vt 0.833307349 0.782585049
vt 0.813798772 0.802093626
vt 0.821602203 0.805995342
vt 0.802093626 0.817700488
vt 0.798191911 0.809897057
vt 0.825503918 0.817700488
vt 0.809897057 0.829405634
vt 0.782585049 0.821602203
vt 0.782585049 0.833307349
vt 0.766978188 0.837209065
vt 0.766978188 0.821602203
vt 0.73186275 0.825503918
vt 0.73186275 0.837209065
vt 0.852815926 0.751371326
vt 0.860619357 0.759174757
vt 0.73186275 0.845012495
vt 0.766978188 0.845012495
vt 0.73186275 0.872324503
vt 0.774781619 0.880127934
vt 0.786486765 0.845012495
vt 0.798191911 0.872324503
vt 0.685042165 0.845012495
vt 0.685042165 0.837209065
vt 0.73186275 0.884029649
vt 0.743567896 0.907439941
vt 0.774781619 0.907439941
vt 0.743567896 0.915243372
vt 0.774781619 0.911341657
vt 0.727961034 0.903538226
vt 0.727961034 0.911341657
vt 0.724059319 0.919145087
vt 0.73966618 0.923046803
vt 0.73186275 0.930850233
vt 0.73966618 0.930850233
vt 0.73966618 0.946457095
vt 0.73186275 0.95035881
vt 0.73966618 0.985474249
vt 0.774781619 0.926948518
vt 0.759174757 0.965965672
vt 0.782585049 0.958162241
vt 0.766978188 0.973769103
vt 0.774781619 0.923046803
vt 0.802093626 0.915243372
vt 0.755273042 0.977670818
vt 0.766978188 0.973769103
vt 0.763076472 0.989375964
vt 0.926948518 0.583597565
vt 0.946457095 0.607007858
vt 0.946457095 0.583597565
vt 0.926948518 0.661631873
vt 0.926948518 0.564088989
vt 0.934751949 0.552383842
vt 0.965965672 0.575794135
vt 0.954260526 0.544580412
vt 0.985474249 0.525071835
vt 0.962063956 0.521170119
vt 0.907439941 0.607007858
vt 0.911341657 0.583597565
vt 0.915243372 0.552383842
vt 0.89183308 0.575794135
vt 0.899636511 0.544580412
vt 0.868422788 0.525071835
vt 0.895734795 0.521170119
vt 0.73966618 0.47825125
vt 0.759174757 0.47825125
vt 0.759174757 0.474349535
vt 0.743567896 0.486054681
vt 0.751371326 0.493858112
vt 0.763076472 0.486054681
vt 0.766978188 0.497759827
vt 0.774781619 0.493858112
vt 0.782585049 0.497759827
vt 0.782585049 0.493858112
vt 0.79038848 0.493858112
vt 0.802093626 0.497759827
vt 0.805995342 0.486054681
vt 0.817700488 0.493858112
vt 0.809897057 0.47825125
vt 0.821602203 0.489956396
vt 0.825503918 0.47825125
vt 0.809897057 0.474349535
vt 0.993277679 0.899636511
vt 0.985474249 0.876226218
vt 0.985474249 0.868422788
vt 0.973769103 0.868422788
vt 0.965965672 0.860619357
vt 0.965965672 0.860619357
vt 0.958162241 0.868422788
vt 0.954260526 0.856717641
vt 0.954260526 0.864521072
vt 0.95035881 0.880127934
vt 0.934751949 0.876226218
vt 0.934751949 0.864521072
vt 0.954260526 0.856717641
vt 0.934751949 0.852815926
vt 0.934751949 0.864521072
vt 0.930850233 0.856717641
vt 0.919145087 0.856717641
vt 0.919145087 0.852815926
vt 0.89183308 0.856717641
vt 0.923046803 0.864521072
vt 0.884029649 0.825503918
vt 0.880127934 0.821602203
vt 0.89183308 0.813798772
vt 0.884029649 0.813798772
vt 0.872324503 0.798191911
vt 0.880127934 0.79038848
vt 0.89183308 0.805995342
vt 0.89183308 0.809897057
vt 0.903538226 0.786486765
vt 0.911341657 0.802093626
vt 0.903538226 0.813798772
vt 0.876226218 0.778683334
vt 0.880127934 0.763076472
vt 0.89183308 0.759174757
vt 0.899636511 0.778683334
vt 0.864521072 0.743567896
vt 0.884029649 0.755273042
vt 0.884029649 0.73966618
vt 0.876226218 0.0334556979
vt 0.852815926 0.0061436903
vt 0.848914211 0.0334556979
vt 0.868422788 0.0061436903
vt 0.884029649 0.00224197493
vt 0.89183308 0.0334556979
vt 0.833307349 0.0061436903
vt 0.833307349 0.0334556979
vt 0.817700488 0.0061436903
vt 0.817700488 0.0334556979
vt 0.798191911 0.0061436903
vt 0.778683334 0.0295539825
vt 0.778683334 0.0061436903
vt 0.755273042 0.0100454057
vt 0.73186275 0.0217505518
vt 0.73186275 0.0061436903
vt 0.907439941 0.00224197493
vt 0.919145087 0.0256522672
vt 0.923046803 0.00224197493
vt 0.782585049 0.045160844
vt 0.813798772 0.0490625594
vt 0.813798772 0.0880797131
vt 0.782585049 0.0841779977
vt 0.73186275 0.0334556979
vt 0.73186275 0.0841779977
vt 0.809897057 0.103686575
vt 0.829405634 0.10758829
vt 0.778683334 0.103686575
vt 0.73186275 0.103686575
vt 0.848914211 0.045160844
vt 0.856717641 0.076374567
vt 0.880127934 0.045160844
vt 0.884029649 0.076374567
vt 0.923046803 0.0646694209
vt 0.919145087 0.0334556979
vt 0.95035881 0.0256522672
vt 0.934751949 0.076374567
vt 0.95035881 0.0256522672
vt 0.94255538 0.0100454057
vt 0.95035881 0.00224197493
vt 0.985474249 0.076374567
vt 0.977670818 0.115391721
vt 0.954260526 0.123195151
vt 0.934751949 0.123195151
vt 0.926948518 0.0958831439
vt 0.926948518 0.10758829
vt 0.930850233 0.895734795
vt 0.94255538 0.895734795
vt 0.911341657 0.923046803
vt 0.981572533 0.969867387
vt 0.962063956 0.981572533
vt 0.973769103 0.989375964
vt 0.962063956 0.981572533
vt 0.962063956 0.973769103
vt 0.977670818 0.322182635
vt 0.969867387 0.31828092
vt 0.977670818 0.333887782
vt 0.954260526 0.314379205
vt 0.965965672 0.357298074
vt 0.958162241 0.361199789
vt 0.95035881 0.349494643
vt 0.969867387 0.380708366
vt 0.95035881 0.396315228
vt 0.965965672 0.404118658
vt 0.977670818 0.392413512
vt 0.985474249 0.408020374
vt 0.993277679 0.404118658
vt 0.930850233 0.357298074
vt 0.919145087 0.392413512
vt 0.895734795 0.357298074
vt 0.89183308 0.392413512
vt 0.95035881 0.349494643
vt 0.895734795 0.314379205
vt 0.895734795 0.275362051
vt 0.95035881 0.349494643
vt 0.864521072 0.392413512
vt 0.856717641 0.357298074
vt 0.833307349 0.396315228
vt 0.829405634 0.357298074
vt 0.833307349 0.310477489
vt 0.821602203 0.357298074
vt 0.809897057 0.329986066
vt 0.817700488 0.314379205
vt 0.813798772 0.31828092
vt 0.833307349 0.345592928
vt 0.833307349 0.275362051
vt 0.895734795 0.232443182
vt 0.958162241 0.283165482
vt 0.954260526 0.232443182
vt 0.962063956 0.275362051
vt 0.926948518 0.170015736
vt 0.954260526 0.181720882
vt 0.958162241 0.201229459
vt 0.962063956 0.193426028
vt 0.958162241 0.150507159
vt 0.94255538 0.146605444
vt 0.926948518 0.150507159
vt 0.895734795 0.162212305
vt 0.895734795 0.173917451
vt 0.895734795 0.181720882
vt 0.899636511 0.138802013
vt 0.923046803 0.138802013
vt 0.94255538 0.127096867
vt 0.965965672 0.138802013
vt 0.969867387 0.170015736
vt 0.965965672 0.185622597
vt 0.973769103 0.150507159
vt 0.864521072 0.162212305
vt 0.868422788 0.150507159
vt 0.856717641 0.138802013
vt 0.833307349 0.146605444
vt 0.837209065 0.181720882
vt 0.833307349 0.228541467
vt 0.833307349 0.197327744
vt 0.833307349 0.185622597
vt 0.825503918 0.271460336
vt 0.872324503 0.134900298
vt 0.852815926 0.123195151
vt 0.833307349 0.134900298
vt 0.821602203 0.162212305
vt 0.825503918 0.185622597
vt 0.821602203 0.146605444
vt 0.825503918 0.224639751
vt 0.825503918 0.271460336
vt 0.821602203 0.205131174
vt 0.73966618 0.68114045
vt 0.716255888 0.677238734
vt 0.720157603 0.685042165
vt 0.73186275 0.669435304
vt 0.73966618 0.685042165
vt 0.724059319 0.692845596
vt 0.755273042 0.763076472
vt 0.766978188 0.759174757
vt 0.766978188 0.766978188
vt 0.759174757 0.770879903
vt 0.770879903 0.79038848
vt 0.73966618 0.798191911
vt 0.73966618 0.782585049
vt 0.774781619 0.755273042
vt 0.774781619 0.766978188
vt 0.782585049 0.763076472
vt 0.786486765 0.766978188
vt 0.817700488 0.751371326
vt 0.809897057 0.73966618
vt 0.786486765 0.716255888
vt 0.813798772 0.73186275
vt 0.79038848 0.708452457
vt 0.73966618 0.778683334
vt 0.700649027 0.766978188
vt 0.685042165 0.700649027
vt 0.685042165 0.68894388
vt 0.700649027 0.782585049
vt 0.68114045 0.782585049
vt 0.677238734 0.766978188
vt 0.665533588 0.782585049
vt 0.657730157 0.763076472
vt 0.638221581 0.778683334
vt 0.63041815 0.743567896
vt 0.622614719 0.755273042
vt 0.618713004 0.735764465
vt 0.634319865 0.704550742
vt 0.614811288 0.743567896
vt 0.607007858 0.735764465
vt 0.607007858 0.743567896
vt 0.63041815 0.778683334
vt 0.704550742 0.805995342
vt 0.68114045 0.805995342
vt 0.661631873 0.802093626
vt 0.665533588 0.704550742
vt 0.665533588 0.692845596
vt 0.665533588 0.685042165
vt 0.685042165 0.685042165
vt 0.638221581 0.685042165
vt 0.638221581 0.692845596
vt 0.614811288 0.68894388
vt 0.614811288 0.68114045
vt 0.610909573 0.692845596
vt 0.583597565 0.685042165
vt 0.587499281 0.73966618
vt 0.575794135 0.720157603
vt 0.567990704 0.720157603
vt 0.57969585 0.677238734
vt 0.595302711 0.673337019
vt 0.571892419 0.724059319
vt 0.587499281 0.743567896
vt 0.583597565 0.665533588
vt 0.567990704 0.700649027
vt 0.564088989 0.716255888
vt 0.575794135 0.68114045
vt 0.782585049 0.677238734
vt 0.782585049 0.669435304
vt 0.778683334 0.657730157
vt 0.786486765 0.685042165
vt 0.786486765 0.673337019
vt 0.802093626 0.68114045
vt 0.786486765 0.673337019
vt 0.805995342 0.68114045
vt 0.782585049 0.782585049
vt 0.79038848 0.782585049
vt 0.782585049 0.782585049
vt 0.79038848 0.782585049
vt 0.817700488 0.763076472
vt 0.817700488 0.778683334
vt 0.821602203 0.759174757
vt 0.73966618 0.798191911
vt 0.634319865 0.786486765
vt 0.560187273 0.497759827
vt 0.560187273 0.466546104
vt 0.548482127 0.47044782
vt 0.564088989 0.525071835
vt 0.610909573 0.525071835
vt 0.599204427 0.548482127
vt 0.548482127 0.509464973
vt 0.567990704 0.560187273
vt 0.560187273 0.536776981
vt 0.583597565 0.591400996
vt 0.564088989 0.575794135
vt 0.564088989 0.583597565
vt 0.57969585 0.599204427
vt 0.575794135 0.638221581
vt 0.571892419 0.634319865
vt 0.560187273 0.466546104
vt 0.552383842 0.521170119
vt 0.560187273 0.536776981
vt 0.548482127 0.509464973
vt 0.618713004 0.47825125
vt 0.634319865 0.521170119
vt 0.653828442 0.489956396
vt 0.634319865 0.474349535
vt 0.614811288 0.47044782
vt 0.599204427 0.466546104
vt 0.68114045 0.509464973
vt 0.665533588 0.486054681
vt 0.677238734 0.486054681
vt 0.68894388 0.501661543
vt 0.73186275 0.509464973
vt 0.724059319 0.497759827
vt 0.587499281 0.474349535
vt 0.599204427 0.466546104
vt 0.560187273 0.466546104
vt 0.567990704 0.458742673
vt 0.73186275 0.95035881
vt 0.727961034 0.993277679
vt 0.962063956 0.275362051
vt 0.965965672 0.228541467
vt 0.969867387 0.205131174
vt 0.958162241 0.0100454057
vt 0.997179395 0.00224197493
vt 0.965965672 0.00224197493
vt 0.993277679 0.0646694209
vt 0.993277679 0.0646694209
vt 0.985474249 0.076374567
vt 0.782585049 0.536776981
vt 0.782585049 0.532875266
vt 0.782585049 0.532875266
vt 0.782585049 0.536776981
vt 0.782585049 0.525071835
vt 0.759174757 0.614811288
vt 0.755273042 0.548482127
vt 0.735764465 0.599204427
vt 0.782585049 0.63041815
vt 0.774781619 0.63041815
vt 0.782585049 0.634319865
vt 0.770879903 0.634319865
vt 0.763076472 0.63041815
vt 0.763076472 0.622614719
vt 0.751371326 0.614811288
vt 0.724059319 0.552383842
vt 0.720157603 0.595302711
vt 0.712354173 0.564088989
vt 0.720157603 0.552383842
vt 0.708452457 0.595302711
vt 0.73186275 0.607007858
vt 0.712354173 0.607007858
vt 0.735764465 0.544580412
vt 0.724059319 0.544580412
vt 0.720157603 0.548482127
vt 0.755273042 0.544580412
vt 0.735764465 0.532875266
vt 0.755273042 0.52897355
vt 0.782585049 0.532875266
vt 0.782585049 0.536776981
vt 0.809897057 0.614811288
vt 0.79038848 0.63041815
vt 0.798191911 0.634319865
vt 0.813798772 0.548482127
vt 0.829405634 0.599204427
vt 0.805995342 0.626516434
vt 0.805995342 0.622614719
vt 0.817700488 0.614811288
vt 0.837209065 0.548482127
vt 0.848914211 0.595302711
vt 0.856717641 0.564088989
vt 0.856717641 0.595302711
vt 0.848914211 0.552383842
vt 0.829405634 0.607007858
vt 0.852815926 0.607007858
vt 0.829405634 0.544580412
vt 0.813798772 0.544580412
vt 0.829405634 0.532875266
vt 0.813798772 0.52897355
vt 0.845012495 0.544580412
vt 0.848914211 0.548482127
vt 0.845012495 0.103686575
vt 0.864521072 0.0958831439
vt 0.89183308 0.759174757
vt 0.899636511 0.778683334
vt 0.899636511 0.763076472
vt 0.712354173 0.868422788
vt 0.685042165 0.864521072
vt 0.708452457 0.884029649
vt 0.685042165 0.89183308
vt 0.665533588 0.868422788
vt 0.673337019 0.884029649
vt 0.642123296 0.845012495
vt 0.642123296 0.837209065
vt 0.610909573 0.837209065
vt 0.642123296 0.825503918
vt 0.614811288 0.821602203
vt 0.591400996 0.821602203
vt 0.587499281 0.833307349
vt 0.567990704 0.829405634
vt 0.575794135 0.817700488
vt 0.548482127 0.817700488
vt 0.560187273 0.805995342
vt 0.564088989 0.802093626
vt 0.540678696 0.79038848
vt 0.540678696 0.782585049
vt 0.57969585 0.809897057
vt 0.52897355 0.782585049
vt 0.525071835 0.751371326
vt 0.517268404 0.759174757
vt 0.532875266 0.805995342
vt 0.517268404 0.782585049
vt 0.521170119 0.798191911
vt 0.532875266 0.809897057
vt 0.513366689 0.809897057
vt 0.513366689 0.833307349
vt 0.544580412 0.825503918
vt 0.532875266 0.852815926
vt 0.567990704 0.833307349
vt 0.548482127 0.864521072
vt 0.583597565 0.872324503
vt 0.583597565 0.845012495
vt 0.607007858 0.880127934
vt 0.610909573 0.845012495
vt 0.642123296 0.872324503
vt 0.497759827 0.821602203
vt 0.493858112 0.813798772
vt 0.489956396 0.813798772
vt 0.489956396 0.825503918
vt 0.489956396 0.809897057
vt 0.509464973 0.89183308
vt 0.486054681 0.868422788
vt 0.497759827 0.89183308
vt 0.489956396 0.899636511
vt 0.474349535 0.880127934
vt 0.466546104 0.89183308
vt 0.47825125 0.907439941
vt 0.493858112 0.923046803
vt 0.497759827 0.915243372
vt 0.501661543 0.923046803
vt 0.489956396 0.930850233
vt 0.521170119 0.903538226
vt 0.548482127 0.899636511
vt 0.525071835 0.911341657
vt 0.548482127 0.907439941
vt 0.57969585 0.903538226
vt 0.57969585 0.907439941
vt 0.599204427 0.907439941
vt 0.599204427 0.915243372
vt 0.634319865 0.915243372
vt 0.634319865 0.907439941
vt 0.642123296 0.884029649
vt 0.646025011 0.903538226
vt 0.653828442 0.911341657
vt 0.653828442 0.919145087
vt 0.634319865 0.923046803
vt 0.646025011 0.930850233
vt 0.634319865 0.930850233
vt 0.634319865 0.946457095
vt 0.646025011 0.95035881
vt 0.634319865 0.985474249
vt 0.607007858 0.926948518
vt 0.595302711 0.946457095
vt 0.618713004 0.965965672
vt 0.599204427 0.923046803
vt 0.57969585 0.923046803
vt 0.57969585 0.915243372
vt 0.548482127 0.923046803
vt 0.575794135 0.946457095
vt 0.548482127 0.95035881
vt 0.52897355 0.930850233
vt 0.532875266 0.962063956
vt 0.517268404 0.958162241
vt 0.509464973 0.934751949
vt 0.509464973 0.926948518
vt 0.52897355 0.919145087
vt 0.482152966 0.94255538
vt 0.47044782 0.923046803
vt 0.47044782 0.934751949
vt 0.47825125 0.915243372
vt 0.462644389 0.903538226
vt 0.466546104 0.895734795
vt 0.443135812 0.884029649
vt 0.443135812 0.89183308
vt 0.439234097 0.880127934
vt 0.41972552 0.895734795
vt 0.42752895 0.884029649
vt 0.41972552 0.884029649
vt 0.41972552 0.899636511
vt 0.41972552 0.895734795
vt 0.41972552 0.880127934
vt 0.408020374 0.884029649
vt 0.404118658 0.907439941
vt 0.41972552 0.911341657
vt 0.392413512 0.903538226
vt 0.392413512 0.880127934
vt 0.384610081 0.899636511
vt 0.396315228 0.926948518
vt 0.384610081 0.930850233
vt 0.408020374 0.926948518
vt 0.41972552 0.923046803
vt 0.435332381 0.915243372
vt 0.435332381 0.923046803
vt 0.443135812 0.919145087
vt 0.439234097 0.911341657
vt 0.443135812 0.911341657
vt 0.454840958 0.915243372
vt 0.454840958 0.923046803
vt 0.439234097 0.926948518
vt 0.450939243 0.926948518
vt 0.450939243 0.934751949
vt 0.47044782 0.95035881
vt 0.439234097 0.934751949
vt 0.431430666 0.907439941
vt 0.435332381 0.899636511
vt 0.454840958 0.903538226
vt 0.462644389 0.911341657
vt 0.443135812 0.895734795
vt 0.466546104 0.923046803
vt 0.443135812 0.95035881
vt 0.431430666 0.946457095
vt 0.42752895 0.95035881
vt 0.450939243 0.958162241
vt 0.42752895 0.977670818
vt 0.458742673 0.977670818
vt 0.47825125 0.962063956
vt 0.415823804 0.94255538
vt 0.408020374 0.962063956
vt 0.396315228 0.954260526
vt 0.392413512 0.954260526
vt 0.392413512 0.958162241
vt 0.392413512 0.973769103
vt 0.415823804 0.981572533
vt 0.408020374 0.934751949
vt 0.392413512 0.95035881
vt 0.41972552 0.934751949
vt 0.474349535 0.973769103
vt 0.392413512 0.94255538
vt 0.392413512 0.94255538
vt 0.415823804 0.981572533
vt 0.404118658 0.989375964
vt 0.415823804 0.977670818
vt 0.486054681 0.958162241
vt 0.486054681 0.981572533
vt 0.489956396 0.954260526
vt 0.497759827 0.94255538
vt 0.513366689 0.962063956
vt 0.435332381 0.895734795
vt 0.536776981 0.989375964
vt 0.540678696 0.965965672
vt 0.552383842 0.954260526
vt 0.571892419 0.95035881
vt 0.595302711 0.958162241
vt 0.595302711 0.958162241
vt 0.614811288 0.977670818
vt 0.622614719 0.977670818
vt 0.618713004 0.989375964
vt 0.622614719 0.977670818
vt 0.646025011 0.95035881
vt 0.646025011 0.993277679
vt 0.89183308 0.95035881
vt 0.880127934 0.94255538
vt 0.864521072 0.962063956
vt 0.685042165 0.825503918
vt 0.782585049 0.813798772
vt 0.567990704 0.700649027
vt 0.575794135 0.68114045
vt 0.564088989 0.68114045
vt 0.813798772 0.73966618
vt 0.821602203 0.735764465
vt 0.392413512 0.880127934
vt 0.384610081 0.899636511
vt 0.392413512 0.868422788
vt 0.404118658 0.868422788
vt 0.411922089 0.860619357
vt 0.41972552 0.868422788
vt 0.411922089 0.860619357
vt 0.41972552 0.856717641
vt 0.41972552 0.868422788
vt 0.42752895 0.880127934
vt 0.439234097 0.876226218
vt 0.439234097 0.864521072
vt 0.41972552 0.856717641
vt 0.443135812 0.852815926
vt 0.443135812 0.864521072
vt 0.443135812 0.876226218
vt 0.450939243 0.880127934
vt 0.443135812 0.856717641
vt 0.458742673 0.856717641
vt 0.462644389 0.852815926
vt 0.486054681 0.856717641
vt 0.454840958 0.864521072
vt 0.595302711 0.0334556979
vt 0.622614719 0.0061436903
vt 0.599204427 0.0061436903
vt 0.622614719 0.0334556979
vt 0.583597565 0.00224197493
vt 0.57969585 0.0334556979
vt 0.634319865 0.0061436903
vt 0.638221581 0.0334556979
vt 0.657730157 0.0061436903
vt 0.657730157 0.0334556979
vt 0.677238734 0.0061436903
vt 0.68894388 0.0295539825
vt 0.692845596 0.0061436903
vt 0.720157603 0.0061436903
vt 0.567990704 0.00224197493
vt 0.552383842 0.0256522672
vt 0.548482127 0.00224197493
vt 0.685042165 0.045160844
vt 0.657730157 0.0490625594
vt 0.661631873 0.0880797131
vt 0.68894388 0.0841779977
vt 0.665533588 0.10758829
vt 0.642123296 0.10758829
vt 0.692845596 0.103686575
vt 0.622614719 0.045160844
vt 0.618713004 0.076374567
vt 0.591400996 0.045160844
vt 0.583597565 0.076374567
vt 0.544580412 0.0646694209
vt 0.548482127 0.0334556979
vt 0.525071835 0.0256522672
vt 0.532875266 0.076374567
vt 0.525071835 0.0256522672
vt 0.52897355 0.0100454057
vt 0.525071835 0.00224197493
vt 0.489956396 0.076374567
vt 0.493858112 0.115391721
vt 0.521170119 0.123195151
vt 0.532875266 0.123195151
vt 0.540678696 0.0958831439
vt 0.544580412 0.10758829
vt 0.314379205 0.946457095
vt 0.329986066 0.919145087
vt 0.31828092 0.919145087
vt 0.31828092 0.946457095
vt 0.310477489 0.977670818
vt 0.26755862 0.94255538
vt 0.275362051 0.930850233
vt 0.271460336 0.969867387
vt 0.271460336 0.973769103
vt 0.31828092 0.981572533
vt 0.341691212 0.899636511
vt 0.337789497 0.895734795
vt 0.345592928 0.876226218
vt 0.287067197 0.852815926
vt 0.294870628 0.833307349
vt 0.271460336 0.837209065
vt 0.26755862 0.856717641
vt 0.275362051 0.876226218
vt 0.283165482 0.825503918
vt 0.36900322 0.848914211
vt 0.329986066 0.782585049
vt 0.388511797 0.833307349
vt 0.337789497 0.782585049
vt 0.329986066 0.774781619
vt 0.31828092 0.782585049
vt 0.306575774 0.763076472
vt 0.290968912 0.782585049
vt 0.306575774 0.786486765
vt 0.341691212 0.774781619
vt 0.333887782 0.770879903
vt 0.345592928 0.763076472
vt 0.341691212 0.759174757
vt 0.36900322 0.73966618
vt 0.36900322 0.751371326
vt 0.384610081 0.782585049
vt 0.380708366 0.751371326
vt 0.392413512 0.782585049
vt 0.415823804 0.805995342
vt 0.310477489 0.786486765
vt 0.283165482 0.825503918
vt 0.263656905 0.813798772
vt 0.271460336 0.837209065
vt 0.329986066 0.73966618
vt 0.36900322 0.73966618
vt 0.411922089 0.79038848
vt 0.41972552 0.802093626
vt 0.41972552 0.782585049
vt 0.41972552 0.782585049
vt 0.31828092 0.755273042
vt 0.329986066 0.73966618
vt 0.357298074 0.73186275
vt 0.345592928 0.727961034
vt 0.36900322 0.73966618
vt 0.357298074 0.73186275
vt 0.365101505 0.73186275
vt 0.275362051 0.907439941
vt 0.283165482 0.919145087
vt 0.26755862 0.911341657
vt 0.26755862 0.919145087
vt 0.26755862 0.926948518
vt 0.259755189 0.880127934
vt 0.248050043 0.89183308
vt 0.259755189 0.94255538
vt 0.271460336 0.969867387
vt 0.26755862 0.856717641
vt 0.259755189 0.880127934
vt 0.248050043 0.852815926
vt 0.251951759 0.833307349
vt 0.248050043 0.876226218
vt 0.251951759 0.833307349
vt 0.263656905 0.813798772
vt 0.372904935 0.856717641
vt 0.392413512 0.833307349
vt 0.357298074 0.880127934
vt 0.41972552 0.805995342
vt 0.431430666 0.821602203
vt 0.404118658 0.848914211
vt 0.384610081 0.864521072
vt 0.345592928 0.903538226
vt 0.361199789 0.880127934
vt 0.345592928 0.903538226
vt 0.337789497 0.923046803
vt 0.345592928 0.903538226
vt 0.337789497 0.923046803
vt 0.329986066 0.954260526
vt 0.329986066 0.969867387
vt 0.329986066 0.969867387
vt 0.31828092 0.981572533
vt 0.329986066 0.981572533
vt 0.817700488 0.396315228
vt 0.817700488 0.380708366
vt 0.809897057 0.392413512
vt 0.833307349 0.435332381
vt 0.860619357 0.435332381
vt 0.813798772 0.435332381
vt 0.802093626 0.404118658
vt 0.809897057 0.392413512
vt 0.79038848 0.396315228
vt 0.79038848 0.435332381
vt 0.89183308 0.435332381
vt 0.923046803 0.435332381
vt 0.954260526 0.435332381
vt 0.969867387 0.435332381
vt 0.989375964 0.439234097
vt 0.833307349 0.345592928
vt 0.833307349 0.345592928
vt 0.817700488 0.380708366
vt 0.47825125 0.00224197493
vt 0.517268404 0.0100454057
vt 0.501661543 0.00224197493
vt 0.47825125 0.0646694209
vt 0.47825125 0.0646694209
vt 0.489956396 0.076374567
vt 0.610909573 0.0958831439
vt 0.63041815 0.103686575
vt 0.466546104 0.802093626
vt 0.486054681 0.805995342
vt 0.47825125 0.786486765
vt 0.474349535 0.813798772
vt 0.497759827 0.79038848
vt 0.509464973 0.798191911
vt 0.497759827 0.778683334
vt 0.497759827 0.763076472
vt 0.489956396 0.759174757
vt 0.482152966 0.778683334
vt 0.513366689 0.743567896
vt 0.493858112 0.755273042
vt 0.493858112 0.73966618
vt 0.482152966 0.778683334
vt 0.489956396 0.759174757
vt 0.47825125 0.763076472
vt 0.548482127 0.915243372
vt 0.591400996 0.813798772
vt 0.290968912 0.985474249
vt 0.306575774 0.993277679
vt 0.314379205 0.985474249
vt 0.271460336 0.977670818
vt 0.380708366 0.751371326
vt 0.372904935 0.73966618
vt 0.36900322 0.73966618
vt 0.923046803 0.724059319
vt 0.965965672 0.73966618
vt 0.989375964 0.685042165
vt 0.926948518 0.751371326
vt 0.958162241 0.778683334
vt 0.930850233 0.798191911
vt 0.962063956 0.833307349
vt 0.934751949 0.845012495
vt 0.930850233 0.68114045
vt 0.989375964 0.685042165
vt 0.903538226 0.708452457
vt 0.895734795 0.665533588
vt 0.868422788 0.677238734
vt 0.852815926 0.634319865
vt 0.829405634 0.642123296
vt 0.618713004 0.236344897
vt 0.591400996 0.212934605
vt 0.583597565 0.224639751
vt 0.583597565 0.251951759
vt 0.618713004 0.251951759
vt 0.595302711 0.294870628
vt 0.618713004 0.287067197
vt 0.642123296 0.283165482
vt 0.646025011 0.306575774
vt 0.673337019 0.275362051
vt 0.673337019 0.298772343
vt 0.657730157 0.337789497
vt 0.677238734 0.337789497
vt 0.622614719 0.310477489
vt 0.642123296 0.251951759
vt 0.626516434 0.337789497
vt 0.669435304 0.251951759
vt 0.68894388 0.283165482
vt 0.692845596 0.306575774
vt 0.716255888 0.283165482
vt 0.716255888 0.310477489
vt 0.692845596 0.337789497
vt 0.724059319 0.341691212
vt 0.73186275 0.314379205
vt 0.73966618 0.333887782
vt 0.751371326 0.310477489
vt 0.743567896 0.294870628
vt 0.743567896 0.294870628
vt 0.724059319 0.251951759
vt 0.751371326 0.251951759
vt 0.68894388 0.251951759
vt 0.700649027 0.220738036
vt 0.73966618 0.224639751
vt 0.716255888 0.20903289
vt 0.700649027 0.193426028
vt 0.673337019 0.185622597
vt 0.673337019 0.240246613
vt 0.673337019 0.224639751
vt 0.646025011 0.21683632
vt 0.669435304 0.201229459
vt 0.646025011 0.185622597
vt 0.720157603 0.201229459
vt 0.73966618 0.21683632
vt 0.759174757 0.240246613
vt 0.774781619 0.224639751
vt 0.73966618 0.201229459
vt 0.724059319 0.185622597
vt 0.778683334 0.21683632
vt 0.778683334 0.201229459
vt 0.751371326 0.185622597
vt 0.798191911 0.20903289
vt 0.798191911 0.224639751
vt 0.79038848 0.251951759
vt 0.774781619 0.251951759
vt 0.770879903 0.290968912
vt 0.798191911 0.294870628
vt 0.770879903 0.294870628
vt 0.798191911 0.298772343
vt 0.743567896 0.294870628
vt 0.735764465 0.181720882
vt 0.79038848 0.185622597
vt 0.778683334 0.185622597
vt 0.763076472 0.181720882
vt 0.786486765 0.173917451
vt 0.73186275 0.138802013
vt 0.712354173 0.185622597
vt 0.712354173 0.138802013
vt 0.68114045 0.181720882
vt 0.68114045 0.138802013
vt 0.657730157 0.173917451
vt 0.661631873 0.138802013
vt 0.634319865 0.173917451
vt 0.634319865 0.134900298
vt 0.610909573 0.173917451
vt 0.622614719 0.185622597
vt 0.591400996 0.185622597
vt 0.607007858 0.138802013
vt 0.57969585 0.138802013
vt 0.583597565 0.185622597
vt 0.727961034 0.127096867
vt 0.692845596 0.127096867
vt 0.583597565 0.127096867
vt 0.626516434 0.123195151
vt 0.665533588 0.127096867
vt 0.642123296 0.123195151
vt 0.751371326 0.310477489
vt 0.743567896 0.294870628
vt 0.743567896 0.294870628
vt 0.770879903 0.294870628
vt 0.618713004 0.314379205
vt 0.591400996 0.294870628
vt 0.614811288 0.329986066
vt 0.614811288 0.314379205
vt 0.591400996 0.294870628
vt 0.614811288 0.314379205
vt 0.653828442 0.349494643
vt 0.677238734 0.357298074
vt 0.692845596 0.349494643
vt 0.763076472 0.138802013
vt 0.73966618 0.134900298
vt 0.770879903 0.123195151
vt 0.79038848 0.134900298
vt 0.782585049 0.123195151
vt 0.618713004 0.236344897
vt 0.583597565 0.224639751
vt 0.591400996 0.212934605
vt 0.583597565 0.251951759
vt 0.618713004 0.251951759
vt 0.595302711 0.294870628
vt 0.618713004 0.287067197
vt 0.642123296 0.283165482
vt 0.646025011 0.306575774
vt 0.673337019 0.275362051
vt 0.673337019 0.298772343
vt 0.657730157 0.337789497
vt 0.677238734 0.337789497
vt 0.622614719 0.310477489
vt 0.642123296 0.251951759
vt 0.626516434 0.337789497
vt 0.626516434 0.337789497
vt 0.669435304 0.251951759
vt 0.68894388 0.283165482
vt 0.692845596 0.306575774
vt 0.716255888 0.283165482
vt 0.716255888 0.310477489
vt 0.692845596 0.337789497
vt 0.724059319 0.341691212
vt 0.73186275 0.314379205
vt 0.73966618 0.333887782
vt 0.751371326 0.310477489
vt 0.743567896 0.294870628
vt 0.743567896 0.294870628
vt 0.724059319 0.251951759
vt 0.751371326 0.251951759
vt 0.68894388 0.251951759
vt 0.700649027 0.220738036
vt 0.73966618 0.224639751
vt 0.716255888 0.20903289
vt 0.700649027 0.193426028
vt 0.673337019 0.185622597
vt 0.673337019 0.240246613
vt 0.673337019 0.224639751
vt 0.646025011 0.21683632
vt 0.669435304 0.201229459
vt 0.646025011 0.185622597
vt 0.720157603 0.201229459
vt 0.73966618 0.21683632
vt 0.759174757 0.240246613
vt 0.774781619 0.224639751
vt 0.73966618 0.201229459
vt 0.724059319 0.185622597
vt 0.778683334 0.21683632
vt 0.778683334 0.201229459
vt 0.751371326 0.185622597
vt 0.798191911 0.20903289
vt 0.798191911 0.224639751
vt 0.79038848 0.251951759
vt 0.774781619 0.251951759
vt 0.770879903 0.290968912
vt 0.798191911 0.294870628
vt 0.770879903 0.294870628
vt 0.798191911 0.298772343
vt 0.743567896 0.294870628
vt 0.735764465 0.181720882
vt 0.79038848 0.185622597
vt 0.778683334 0.185622597
vt 0.763076472 0.181720882
vt 0.786486765 0.173917451
vt 0.73186275 0.138802013
vt 0.712354173 0.185622597
vt 0.712354173 0.138802013
vt 0.68114045 0.181720882
vt 0.68114045 0.138802013
vt 0.657730157 0.173917451
vt 0.661631873 0.138802013
vt 0.634319865 0.173917451
vt 0.634319865 0.134900298
vt 0.610909573 0.173917451
vt 0.622614719 0.185622597
vt 0.591400996 0.185622597
vt 0.607007858 0.138802013
vt 0.57969585 0.138802013
vt 0.583597565 0.185622597
vt 0.724059319 0.134900298
vt 0.700649027 0.134900298
vt 0.57969585 0.123195151
vt 0.63041815 0.123195151
vt 0.642123296 0.134900298
vt 0.669435304 0.123195151
vt 0.751371326 0.310477489
vt 0.743567896 0.294870628
vt 0.743567896 0.294870628
vt 0.770879903 0.294870628
vt 0.618713004 0.314379205
vt 0.591400996 0.294870628
vt 0.614811288 0.329986066
vt 0.614811288 0.314379205
vt 0.591400996 0.294870628
vt 0.692845596 0.349494643
vt 0.677238734 0.357298074
vt 0.653828442 0.349494643
vt 0.653828442 0.349494643
vt 0.763076472 0.138802013
vt 0.79038848 0.134900298
vt 0.770879903 0.123195151
vt 0.782585049 0.123195151
vt 0.743567896 0.127096867
vt 0.193426028 0.934751949
vt 0.212934605 0.993277679
vt 0.236344897 0.977670818
vt 0.185622597 0.954260526
vt 0.185622597 0.923046803
vt 0.150507159 0.934751949
vt 0.150507159 0.919145087
vt 0.123195151 0.934751949
vt 0.123195151 0.915243372
vt 0.185622597 0.899636511
vt 0.15831059 0.895734795
vt 0.123195151 0.89183308
vt 0.162212305 0.868422788
vt 0.193426028 0.876226218
vt 0.21683632 0.903538226
vt 0.224639751 0.884029649
vt 0.212934605 0.919145087
vt 0.205131174 0.833307349
vt 0.236344897 0.837209065
vt 0.170015736 0.825503918
vt 0.134900298 0.821602203
vt 0.127096867 0.864521072
vt 0.228541467 0.727961034
vt 0.26755862 0.73186275
vt 0.251951759 0.622614719
vt 0.294870628 0.634319865
vt 0.333887782 0.532875266
vt 0.283165482 0.517268404
vt 0.20903289 0.614811288
vt 0.228541467 0.501661543
vt 0.36900322 0.439234097
vt 0.314379205 0.415823804
vt 0.41972552 0.341691212
vt 0.345592928 0.310477489
vt 0.47044782 0.240246613
vt 0.384610081 0.20903289
vt 0.42752895 0.150507159
vt 0.489956396 0.162212305
vt 0.482152966 0.0880797131
vt 0.26755862 0.290968912
vt 0.290968912 0.181720882
vt 0.388511797 0.123195151
vt 0.329986066 0.115391721
vt 0.372904935 0.0490625594
vt 0.248050043 0.392413512
vt 0.185622597 0.271460336
vt 0.173917451 0.388511797
vt 0.41972552 0.341691212
vt 0.474349535 0.244148328
vt 0.162212305 0.497759827
vt 0.150507159 0.607007858
vt 0.185622597 0.720157603
vt 0.138802013 0.716255888
vt 0.111490005 0.493858112
vt 0.10758829 0.599204427
vt 0.0568659901 0.497759827
vt 0.0607677055 0.599204427
vt 0.045160844 0.392413512
vt 0.111490005 0.384610081
vt 0.0295539825 0.287067197
vt 0.10758829 0.271460336
vt 0.0061436903 0.173917451
vt 0.0997848592 0.162212305
vt 0.0724728516 0.0997848592
vt 0.0061436903 0.0997848592
vt 0.0295539825 0.0295539825
vt 0.0646694209 0.708452457
vt 0.103686575 0.712354173
vt 0.0646694209 0.817700488
vt 0.0997848592 0.821602203
vt 0.0646694209 0.860619357
vt 0.0958831439 0.864521072
vt 0.0646694209 0.884029649
vt 0.0958831439 0.884029649
vt 0.0880797131 0.911341657
vt 0.0841779977 0.934751949
vt 0.0646694209 0.899636511
vt 0.076374567 0.923046803
vt 0.0646694209 0.884029649
vt 0.0646694209 0.860619357
vt 0.0646694209 0.899636511
vt 0.123195151 0.934751949
vt 0.150507159 0.94255538
vt 0.181720882 0.954260526
vt 0.0880797131 0.94255538
vt 0.0646694209 0.911341657
vt 0.0295539825 0.946457095
vt 0.045160844 0.969867387
vt 0.0841779977 0.934751949
vt 0.0646694209 0.911341657
vt 0.212934605 0.993277679
vt 0.185622597 0.954260526
vt 0.0646694209 0.860619357
vt 0.0646694209 0.817700488
vt 0.0646694209 0.817700488
vt 0.0607677055 0.708452457
vt 0.0568659901 0.599204427
vt 0.0490625594 0.497759827
vt 0.0373574133 0.392413512
vt 0.0256522672 0.287067197
vt 0.00224197493 0.173917451
vt 0.0607677055 0.708452457
vt 0.00224197493 0.173917451
vt 0.0061436903 0.0997848592
vt 0.0061436903 0.0997848592
vt 0.0295539825 0.0295539825
vt 0.0295539825 0.0295539825
vt 0.076374567 0.0958831439
vt 0.197327744 0.162212305
vt 0.119293436 0.0841779977
vt 0.173917451 0.0880797131
vt 0.150507159 0.013947121
vt 0.224639751 0.0880797131
vt 0.283165482 0.0958831439
vt 0.263656905 0.0061436903
vt 0.290968912 0.173917451
vt 0.287067197 0.0958831439
vt 0.26755862 0.0061436903
vt 0.181720882 0.0880797131
vt 0.150507159 0.0100454057
vt 0.220738036 0.0880797131
vt 0.322182635 0.111490005
vt 0.290968912 0.173917451
vt 0.322182635 0.111490005
vt 0.380708366 0.0490625594
vt 0.197327744 0.162212305
vt 0.220738036 0.0880797131
vt 0.197327744 0.162212305
vt 0.220738036 0.903538226
vt 0.228541467 0.884029649
vt 0.21683632 0.919145087
vt 0.212934605 0.930850233
vt 0.212934605 0.930850233
vt 0.228541467 0.884029649
vt 0.240246613 0.837209065
vt 0.240246613 0.837209065
vt 0.26755862 0.735764465
vt 0.298772343 0.634319865
vt 0.337789497 0.532875266
vt 0.372904935 0.439234097
vt 0.26755862 0.735764465
vt 0.0841779977 0.934751949
vt 0.045160844 0.969867387
vt 0.513366689 0.345592928
vt 0.52897355 0.322182635
vt 0.517268404 0.31828092
vt 0.497759827 0.322182635
vt 0.497759827 0.341691212
vt 0.482152966 0.31828092
vt 0.47825125 0.337789497
vt 0.489956396 0.392413512
vt 0.466546104 0.392413512
vt 0.482152966 0.450939243
vt 0.454840958 0.443135812
vt 0.443135812 0.497759827
vt 0.474349535 0.501661543
vt 0.497759827 0.501661543
vt 0.501661543 0.454840958
vt 0.52897355 0.501661543
vt 0.52897355 0.454840958
vt 0.532875266 0.560187273
vt 0.497759827 0.560187273
vt 0.536776981 0.614811288
vt 0.497759827 0.614811288
vt 0.544580412 0.669435304
vt 0.52897355 0.396315228
vt 0.509464973 0.396315228
vt 0.52897355 0.345592928
vt 0.52897355 0.322182635
vt 0.466546104 0.560187273
vt 0.462644389 0.614811288
vt 0.497759827 0.669435304
vt 0.544580412 0.669435304
vt 0.513366689 0.704550742
vt 0.540678696 0.708452457
vt 0.532875266 0.73966618
vt 0.454840958 0.669435304
vt 0.489956396 0.712354173
vt 0.408020374 0.661631873
vt 0.408020374 0.704550742
vt 0.41972552 0.607007858
vt 0.431430666 0.548482127
vt 0.361199789 0.642123296
vt 0.357298074 0.685042165
vt 0.380708366 0.591400996
vt 0.31828092 0.626516434
vt 0.337789497 0.673337019
vt 0.306575774 0.665533588
vt 0.310477489 0.704550742
vt 0.345592928 0.57969585
vt 0.396315228 0.540678696
vt 0.36900322 0.532875266
vt 0.415823804 0.493858112
vt 0.431430666 0.439234097
vt 0.392413512 0.482152966
vt 0.411922089 0.435332381
vt 0.42752895 0.384610081
vt 0.443135812 0.388511797
vt 0.443135812 0.333887782
vt 0.462644389 0.337789497
vt 0.450939243 0.310477489
vt 0.466546104 0.314379205
vt 0.450939243 0.310477489
vt 0.489956396 0.712354173
vt 0.462644389 0.708452457
vt 0.474349535 0.743567896
vt 0.408020374 0.704550742
vt 0.439234097 0.708452457
vt 0.415823804 0.743567896
vt 0.357298074 0.685042165
vt 0.388511797 0.68894388
vt 0.361199789 0.727961034
vt 0.41972552 0.146605444
vt 0.384610081 0.205131174
vt 0.41972552 0.146605444
vt 0.486054681 0.0880797131
vt 0.384610081 0.205131174
vt 0.392413512 0.123195151
vt 0.392413512 0.123195151
vt 0.372904935 0.0490625594
vt 0.392413512 0.123195151
vt 0.380708366 0.0490625594
vt 0.474349535 0.244148328
vt 0.493858112 0.162212305
vt 0.482152966 0.0880797131
vt 0.493858112 0.162212305
vt 0.486054681 0.0880797131
vt 0.076374567 0.0958831439
vt 0.0997848592 0.162212305
vt 0.0997848592 0.162212305
vt 0.115391721 0.0841779977
vt 0.115391721 0.0841779977
vt 0.115391721 0.0841779977
vt 0.150507159 0.0100454057
vt 0.220738036 0.0880797131
vt 0.26755862 0.0061436903
vt 0.548482127 0.380708366
vt 0.575794135 0.388511797
vt 0.548482127 0.372904935
vt 0.571892419 0.392413512
vt 0.591400996 0.404118658
vt 0.583597565 0.411922089
vt 0.564088989 0.392413512
vt 0.587499281 0.415823804
vt 0.595302711 0.411922089
vt 0.607007858 0.411922089
vt 0.614811288 0.404118658
vt 0.607007858 0.392413512
vt 0.634319865 0.384610081
vt 0.638221581 0.392413512
vt 0.638221581 0.408020374
vt 0.618713004 0.41972552
vt 0.642123296 0.404118658
vt 0.653828442 0.392413512
vt 0.657730157 0.384610081
vt 0.657730157 0.372904935
vt 0.646025011 0.36900322
vt 0.634319865 0.384610081
vt 0.661631873 0.392413512
vt 0.661631873 0.396315228
vt 0.653828442 0.408020374
vt 0.657730157 0.384610081
vt 0.673337019 0.380708366
vt 0.669435304 0.384610081
vt 0.669435304 0.392413512
vt 0.661631873 0.392413512
vt 0.653828442 0.408020374
vt 0.661631873 0.396315228
vt 0.571892419 0.306575774
vt 0.560187273 0.294870628
vt 0.567990704 0.306575774
vt 0.564088989 0.294870628
vt 0.564088989 0.310477489
vt 0.552383842 0.294870628
vt 0.548482127 0.275362051
vt 0.552383842 0.271460336
vt 0.536776981 0.263656905
vt 0.544580412 0.259755189
vt 0.544580412 0.287067197
vt 0.540678696 0.275362051
vt 0.540678696 0.287067197
vt 0.536776981 0.283165482
vt 0.536776981 0.287067197
vt 0.536776981 0.290968912
vt 0.536776981 0.263656905
vt 0.532875266 0.26755862
vt 0.532875266 0.248050043
vt 0.532875266 0.251951759
vt 0.544580412 0.259755189
vt 0.517268404 0.248050043
vt 0.532875266 0.26755862
vt 0.52897355 0.251951759
vt 0.532875266 0.26755862
vt 0.52897355 0.259755189
vt 0.52897355 0.251951759
vt 0.517268404 0.251951759
vt 0.513366689 0.248050043
vt 0.509464973 0.248050043
vt 0.517268404 0.244148328
vt 0.532875266 0.240246613
vt 0.540678696 0.240246613
vt 0.544580412 0.248050043
vt 0.544580412 0.259755189
vt 0.552383842 0.244148328
vt 0.552383842 0.240246613
vt 0.567990704 0.240246613
vt 0.540678696 0.232443182
vt 0.532875266 0.224639751
vt 0.52897355 0.240246613
vt 0.532875266 0.224639751
vt 0.525071835 0.236344897
vt 0.532875266 0.224639751
vt 0.52897355 0.224639751
vt 0.525071835 0.232443182
vt 0.532875266 0.224639751
vt 0.532875266 0.20903289
vt 0.540678696 0.20903289
vt 0.536776981 0.201229459
vt 0.544580412 0.212934605
vt 0.540678696 0.232443182
vt 0.532875266 0.205131174
vt 0.532875266 0.20903289
vt 0.532875266 0.205131174
vt 0.532875266 0.201229459
vt 0.548482127 0.193426028
vt 0.544580412 0.185622597
vt 0.552383842 0.181720882
vt 0.552383842 0.173917451
vt 0.548482127 0.173917451
vt 0.544580412 0.185622597
vt 0.634319865 0.583597565
vt 0.657730157 0.607007858
vt 0.657730157 0.583597565
vt 0.642123296 0.564088989
vt 0.657730157 0.567990704
vt 0.657730157 0.544580412
vt 0.646025011 0.540678696
vt 0.646025011 0.540678696
vt 0.642123296 0.540678696
vt 0.634319865 0.564088989
vt 0.634319865 0.583597565
vt 0.626516434 0.583597565
vt 0.677238734 0.583597565
vt 0.669435304 0.567990704
vt 0.657730157 0.567990704
vt 0.657730157 0.544580412
vt 0.661631873 0.540678696
vt 0.665533588 0.540678696
vt 0.673337019 0.564088989
vt 0.685042165 0.583597565
vt 0.657730157 0.607007858
vt 0.63041815 0.607007858
vt 0.638221581 0.626516434
vt 0.657730157 0.618713004
vt 0.657730157 0.622614719
vt 0.642123296 0.634319865
vt 0.657730157 0.661631873
vt 0.653828442 0.661631873
vt 0.657730157 0.607007858
vt 0.68114045 0.607007858
vt 0.669435304 0.626516434
vt 0.657730157 0.618713004
vt 0.657730157 0.622614719
vt 0.665533588 0.634319865
vt 0.657730157 0.661631873
vt 0.661631873 0.661631873
vt 0.497759827 0.248050043
vt 0.513366689 0.248050043
vt 0.509464973 0.248050043
vt 0.509464973 0.244148328
vt 0.517268404 0.240246613
vt 0.525071835 0.236344897
vt 0.614811288 0.41972552
vt 0.614811288 0.404118658
vt 0.610909573 0.41972552
vt 0.599204427 0.41972552
vt 0.595302711 0.41972552
vt 0.618713004 0.41972552
vt 0.587499281 0.41972552
vt 0.587499281 0.41972552
vt 0.595302711 0.41972552
vt 0.958162241 0.466546104
vt 0.969867387 0.47825125
vt 0.962063956 0.454840958
vt 0.958162241 0.466546104
vt 0.965965672 0.482152966
vt 0.977670818 0.497759827
vt 0.969867387 0.474349535
vt 0.962063956 0.454840958
vt 0.965965672 0.454840958
vt 0.973769103 0.458742673
vt 0.977670818 0.47825125
vt 0.977670818 0.497759827
vt 0.977670818 0.497759827
vt 0.977670818 0.497759827
vt 0.977670818 0.497759827
vt 0.977670818 0.497759827
vt 0.973769103 0.497759827
vt 0.536776981 0.290968912
vt 0.532875266 0.294870628
vt 0.532875266 0.294870628
vt 0.536776981 0.287067197
vt 0.52897355 0.298772343
vt 0.52897355 0.298772343
vt 0.934751949 0.458742673
vt 0.930850233 0.474349535
vt 0.934751949 0.47825125
vt 0.923046803 0.450939243
vt 0.934751949 0.497759827
vt 0.934751949 0.497759827
vt 0.934751949 0.497759827
vt 0.919145087 0.454840958
vt 0.923046803 0.450939243
vt 0.926948518 0.47825125
vt 0.934751949 0.497759827
vt 0.915243372 0.47044782
vt 0.919145087 0.454840958
vt 0.926948518 0.486054681
vt 0.934751949 0.497759827
vt 0.934751949 0.497759827
vt 0.52897355 0.26755862
vt 0.525071835 0.275362051
vt 0.525071835 0.275362051
vt 0.525071835 0.26755862
vt 0.521170119 0.287067197
vt 0.521170119 0.290968912
vt 0.525071835 0.26755862
vt 0.532875266 0.26755862
vt 0.52897355 0.26755862
vt 0.544580412 0.384610081
vt 0.657730157 0.443135812
vt 0.68114045 0.439234097
vt 0.677238734 0.431430666
vt 0.657730157 0.443135812
vt 0.700649027 0.41972552
vt 0.685042165 0.415823804
vt 0.673337019 0.42752895
vt 0.692845596 0.411922089
vt 0.704550742 0.411922089
vt 0.712354173 0.415823804
vt 0.720157603 0.41972552
vt 0.712354173 0.431430666
vt 0.73966618 0.443135812
vt 0.743567896 0.435332381
vt 0.743567896 0.41972552
vt 0.727961034 0.408020374
vt 0.755273042 0.41972552
vt 0.759174757 0.435332381
vt 0.763076472 0.443135812
vt 0.763076472 0.454840958
vt 0.755273042 0.454840958
vt 0.73966618 0.443135812
vt 0.766978188 0.431430666
vt 0.766978188 0.42752895
vt 0.759174757 0.41972552
vt 0.720157603 0.41972552
vt 0.720157603 0.408020374
vt 0.727961034 0.408020374
vt 0.716255888 0.404118658
vt 0.708452457 0.404118658
vt 0.704550742 0.404118658
vt 0.759174757 0.41972552
vt 0.766978188 0.42752895
vt 0.692845596 0.408020374
vt 0.704550742 0.404118658
vt 0.778683334 0.450939243
vt 0.763076472 0.443135812
vt 0.763076472 0.454840958
vt 0.774781619 0.443135812
vt 0.774781619 0.439234097
vt 0.766978188 0.431430666
vt 0.860619357 0.462644389
vt 0.848914211 0.474349535
vt 0.852815926 0.482152966
vt 0.852815926 0.454840958
vt 0.845012495 0.497759827
vt 0.852815926 0.454840958
vt 0.848914211 0.474349535
vt 0.848914211 0.450939243
vt 0.837209065 0.458742673
vt 0.837209065 0.47825125
vt 0.845012495 0.497759827
vt 0.845012495 0.497759827
vt 0.845012495 0.497759827
vt 0.845012495 0.497759827
vt 0.845012495 0.497759827
vt 0.848914211 0.497759827
vt 0.532875266 0.201229459
vt 0.525071835 0.197327744
vt 0.532875266 0.205131174
vt 0.525071835 0.197327744
vt 0.517268404 0.193426028
vt 0.517268404 0.193426028
vt 0.876226218 0.458742673
vt 0.884029649 0.474349535
vt 0.884029649 0.450939243
vt 0.880127934 0.47825125
vt 0.884029649 0.497759827
vt 0.880127934 0.497759827
vt 0.884029649 0.497759827
vt 0.89183308 0.454840958
vt 0.884029649 0.47825125
vt 0.884029649 0.450939243
vt 0.884029649 0.497759827
vt 0.899636511 0.466546104
vt 0.89183308 0.486054681
vt 0.89183308 0.454840958
vt 0.884029649 0.497759827
vt 0.884029649 0.497759827
vt 0.884029649 0.497759827
vt 0.525071835 0.220738036
vt 0.517268404 0.21683632
vt 0.521170119 0.228541467
vt 0.525071835 0.220738036
vt 0.521170119 0.212934605
vt 0.513366689 0.205131174
vt 0.513366689 0.205131174
vt 0.521170119 0.228541467
vt 0.52897355 0.224639751
vt 0.653828442 0.439234097
vn -0.397116529 -0.871866888 0.286612267
vn -0.619188627 -0.776693132 -0.115556147
vn -0.714362383 -0.618070205 0.328139616
vn -0.397116529 -0.903591474 -0.160688864
vn -0.172629613 -0.98498681 -0
vn -0.0481460889 -0.967040645 0.250028689
vn -0.0481460889 -0.808417718 0.586636811
vn -0.238493601 -0.64979479 0.721725386
vn -0.619188627 -0.554621034 0.555878542
vn -0.587464041 -0.459447278 0.666178804
vn -0.492290285 -0.58634562 0.643311037
vn -0.619188627 -0.58634562 0.522306671
vn -0.238493601 -0.554621034 0.797192769
vn 0.0470276674 -0.744968547 0.665439902
vn 0.0470276674 -0.99876523 0.0160129163
vn -0.0481460889 -0.99876523 -0.0122461875
vn -0.365391943 -0.903591474 0.223631787
vn -0.492290285 -0.808417718 0.32266247
vn 0.205650594 -0.903591474 0.375806175
vn 0.300824351 -0.618070205 0.726287775
vn 0.618070205 -0.744968547 0.251020091
vn 0.325192332 -0.945647898 -0
vn 0.707106781 -0.707106781 -0
vn 0.840142303 -0.459447278 0.288217122
vn 0.641669601 -0.766981175 -0
vn 0.0153030819 -0.99876523 0.0472634179
vn 0.491171863 -0.459447278 0.740039458
vn -0.270218187 -0.808417718 0.522917704
vn 0.58634562 -0.681519376 0.43787002
vn 0.0787522528 -0.776693132 0.624936686
vn 0.23737518 -0.935316059 0.262367858
vn 0.713243961 -0.522896449 0.466757277
vn 0.522896449 -0.332548936 0.784850628
vn -0.301942772 -0.808417718 0.50526365
vn 0.99690579 -0.0786056366 -0
vn 0.713243961 -0.427722692 0.555280425
vn 0.459447278 -0.491171863 0.740039458
vn 0.99690579 -0.0786056366 -0
vn -0.301942772 -0.808417718 0.50526365
vn -0.492290285 -0.744968547 0.450191226
vn -0.52401487 -0.744968547 0.412832024
vn -0.172629613 -0.98498681 -0
vn -0.298043487 -0.954552293 -0
vn -0.904709895 -0.364273522 -0.220918099
vn -0.460565699 -0.808417718 -0.366524256
vn -0.841260725 0.175044431 0.51150742
vn -0.460565699 -0.808417718 -0.366524256
vn -0.587464041 -0.522896449 -0.617628775
vn 0.713243961 -0.427722692 0.555280425
vn -0.619188627 -0.23737518 0.748504154
vn -0.682637797 -0.681519376 0.263698649
vn -0.936434481 -0.300824351 -0.180541333
vn -0.87298531 -0.205650594 -0.442271954
vn -0.52401487 -0.840142303 -0.139890408
vn -0.650913212 -0.427722692 -0.6271884
vn -0.206769016 -0.744968547 -0.634246355
vn -0.238493601 -0.967040645 0.0891806787
vn -0.0164215035 -0.903591474 -0.428080346
vn 0.362913092 -0.931822992 -0
vn 0.607368515 -0.794420221 -0
vn 0.691559461 -0.722319536 -0
vn 0.205650594 -0.967040645 0.150134021
vn 0.737828887 -0.674987803 -0
vn -0.270218187 -0.554621034 -0.787005489
vn -0.143319845 -0.554621034 -0.819667573
vn -0.809536139 -0.23737518 -0.53693972
vn -0.809536139 -0.364273522 -0.460386838
vn -0.714362383 -0.395998107 -0.576950505
vn -0.87298531 0.143319845 0.466214618
vn -0.746086968 -0.300824351 -0.594019314
vn -0.904709895 0.0798706743 0.418474229
vn -0.841260725 0.0798706743 0.534697175
vn -0.809536139 0.206769016 0.549452285
vn -0.841260725 -0.300824351 -0.449204968
vn -0.904709895 -0.364273522 -0.220918099
vn -0.936434481 -0.205650594 -0.284250411
vn -0.714362383 -0.681519376 -0.158800901
vn -0.460565699 -0.395998107 -0.794395831
vn -0.714362383 -0.0470276674 -0.698193945
vn -0.968159066 0.0798706743 -0.237252392
vn -0.682637797 0.428841114 -0.591693279
vn -0.87298531 0.397116529 -0.283187414
vn -0.841260725 0.0481460889 0.53848152
vn -0.809536139 -0.142201424 -0.569587565
vn -0.809536139 0.11159526 0.576365975
vn -0.87298531 0.0164215035 0.487469981
vn -0.777811554 -0.205650594 -0.59389984
vn -0.777811554 0.0798706743 -0.623401847
vn -0.714362383 0.0798706743 -0.695202892
vn -0.777811554 -0.205650594 -0.59389984
vn -0.746086968 -0.332548936 -0.57685825
vn -0.968159066 -0.142201424 -0.206026157
vn -0.87298531 -0.269099765 -0.406794745
vn -0.777811554 -0.0787522528 -0.62354412
vn -0.619188627 -0.491171863 -0.61266275
vn -0.841260725 -0.269099765 -0.4688984
vn -0.492290285 -0.364273522 -0.790541003
vn -0.555739456 -0.427722692 -0.712886355
vn -0.841260725 -0.142201424 -0.521592895
vn -0.904709895 -0.364273522 -0.220918099
vn -0.904709895 -0.0787522528 0.418686145
vn -0.777811554 -0.427722692 0.460502427
vn -0.809536139 -0.554621034 -0.192475317
vn -0.650913212 -0.618070205 0.440796112
vn -0.904709895 -0.332548936 0.266291588
vn -0.777811554 -0.522896449 0.348695413
vn -0.777811554 -0.522896449 0.348695413
vn -0.809536139 -0.58634562 -0.0291556808
vn -0.809536139 -0.0153030819 -0.586870561
vn -0.809536139 0.206769016 -0.549452285
vn -0.904709895 0.0481460889 -0.423298901
vn -0.714362383 0.270218187 -0.645498658
vn -0.555739456 0.333667358 -0.761458963
vn -0.428841114 0.365391943 -0.826186436
vn -0.492290285 0.492290285 -0.717844378
vn -0.936434481 -0.269099765 0.225112815
vn -0.936434481 0.0164215035 0.350457982
vn -0.333667358 0.301942772 -0.893026683
vn -0.87298531 0.365391943 0.323087258
vn -0.650913212 0.714362383 0.256901491
vn -0.587464041 0.619188627 -0.521048409
vn -0.301942772 0.809536139 -0.503469762
vn -0.333667358 0.904709895 0.264888844
vn -0.365391943 -0.840142303 -0.400811226
vn -0.492290285 -0.364273522 -0.790541003
vn -0.333667358 0.841260725 0.425378053
vn -0.619188627 0.650913212 0.439223673
vn -0.619188627 0.587464041 -0.521048409
vn -0.714362383 0.587464041 -0.380226756
vn -0.841260725 0.301942772 0.448453961
vn -0.936434481 0.206769016 -0.283437889
vn 0.0153030819 0.904709895 0.425753239
vn 0.0153030704 0.999882901 -0
vn -0.809536139 0.460565699 -0.364047354
vn -0.301942772 0.555739456 -0.774586483
vn -0.555739456 0.397116529 -0.730378066
vn -0.333667358 0.619188627 -0.710824549
vn -0.619188627 0.428841114 -0.657799927
vn -0.682637797 0.428841114 -0.591693279
vn -0.809536139 0.301942772 -0.503469762
vn -0.904709895 0.333667358 -0.264888844
vn -0.460565699 0.809536139 0.364047354
vn -0.682637797 0.650913212 0.332140976
vn -0.397116529 0.841260725 0.366849909
vn -0.333667358 0.841260725 -0.425378053
vn -0.746086968 0.587464041 -0.313432985
vn 0.300824351 0.714362383 -0.631815714
vn -0.714362383 0.492290285 0.49732953
vn -0.555739456 0.682637797 -0.474509531
vn -0.682637797 0.428841114 -0.591693279
vn -0.365391943 0.777811554 -0.511368668
vn -0.777811554 0.492290285 0.390716601
vn -0.87298531 0.143319845 0.466214618
vn -0.397116529 0.650913212 -0.647001123
vn -0.365391943 0.777811554 -0.511368668
vn -0.746086968 0.270218187 -0.608552682
vn 0.0153030819 -0.744968547 0.666924044
vn 0.776693132 -0.269099765 0.569502498
vn -0.0481460889 -0.776693132 0.62803641
vn 0.0153030819 0.333667358 0.942566661
vn 0.0153030819 -0.744968547 0.666924044
vn -0.0164215035 -0.713243961 0.700723473
vn 0.713243961 -0.0470276674 0.699336436
vn -0.175044431 -0.554621034 0.813483224
vn 0.713243961 -0.142201424 0.686339425
vn -0.11159526 -0.58634562 0.802337406
vn -0.746086968 -0.269099765 0.60904807
vn 0.0787522528 -0.776693132 0.624936686
vn 0.0470276674 -0.713243961 0.699336436
vn -0.682637797 -0.0470276674 0.729242097
vn 0.205650594 -0.554621034 0.806289862
vn -0.682637797 -0.142201424 0.716787551
vn 0.142201424 -0.58634562 0.797482018
vn 0.713243961 -0.142201424 0.686339425
vn -0.270218187 -0.427722692 0.862574884
vn -0.11159526 -0.58634562 0.802337406
vn 0.744968547 -0.300824351 0.595421342
vn 0.459447278 -0.681519376 0.569595944
vn -0.428841114 0.0164215035 0.903230664
vn 0.110476838 -0.713243961 0.692154549
vn -0.175044431 0.555739456 0.812719573
vn 0.0153030819 -0.522896449 0.852258834
vn 0.0153030819 0.746086968 0.665672631
vn 0.205650594 0.555739456 0.805519392
vn -0.0798706743 -0.713243961 0.69635029
vn 0.459447278 0.0164215035 0.888053226
vn -0.428841114 -0.681519376 0.592981146
vn 0.300824351 -0.427722692 0.852383721
vn -0.714362383 -0.300824351 0.631815714
vn -0.682637797 -0.142201424 0.716787551
vn 0.142201424 -0.58634562 0.797482018
vn 0.0153030819 -0.99876523 0.0472634179
vn 0.0153030819 -0.99876523 0.0472634179
vn 0.0153030819 -0.776693132 0.629693254
vn 0.0470276674 -0.935316059 0.350674019
vn 0.173926009 -0.935316059 0.308112987
vn 0.173926009 -0.935316059 0.308112987
vn 0.834551352 -0.55093016 -0
vn -0.238493601 -0.903591474 0.35586971
vn 0.713243961 -0.618070205 -0.330563569
vn 0.641669601 -0.766981175 -0
vn -0.270218187 -0.713243961 -0.646734245
vn -0.175044431 -0.491171863 -0.853293413
vn -0.238493601 -0.903591474 0.35586971
vn -0.650913212 -0.744968547 -0.146061134
vn -0.301942772 -0.395998107 -0.867188596
vn -0.333667358 -0.554621034 -0.762273968
vn -0.238493601 -0.713243961 -0.659093206
vn -0.555739456 -0.64979479 0.518575344
vn -0.777811554 -0.618070205 -0.114010563
vn -0.0164215035 -0.491171863 -0.87090788
vn -0.904709895 -0.332548936 0.266291588
vn -0.714362383 -0.522896449 0.46504375
vn -0.841260725 -0.395998107 0.368056915
vn -0.714362383 -0.618070205 0.328139616
vn -0.904709895 -0.395998107 0.157116213
vn -0.175044431 -0.967040645 -0.184910353
vn -0.11159526 -0.935316059 -0.335753432
vn -0.619188627 -0.776693132 -0.115556147
vn 0.0787522528 -0.935316059 -0.344937606
vn -0.0164215035 -0.64979479 -0.759932276
vn -0.11159526 -0.300824351 -0.947127873
vn -0.238493601 -0.967040645 -0.0891806787
vn 0.0786056366 -0.99690579 -0
vn 0.681519376 -0.713243961 -0.163751006
vn 0.0786056366 -0.99690579 -0
vn -0.365391943 -0.840142303 -0.400811226
vn 0.681519376 -0.713243961 -0.163751006
vn 0.109942872 -0.993937908 -0
vn -0.841260725 -0.142201424 -0.521592895
vn -0.936434481 -0.0153030819 0.3505086
vn -0.841260725 0.175044431 -0.51150742
vn -0.87298531 -0.364273522 0.32434773
vn -0.650913212 -0.744968547 0.146061134
vn -0.714362383 -0.427722692 -0.553840847
vn -0.87298531 0.365391943 0.323087258
vn -0.714362383 0.428841114 -0.552975302
vn -0.619188627 0.650913212 0.439223673
vn -0.555739456 0.714362383 -0.425252917
vn -0.460565699 0.714362383 0.52684497
vn -0.333667358 0.87298531 -0.355756578
vn -0.175044431 0.841260725 0.51150742
vn -0.0164215035 0.904709895 0.425711568
vn 0.0153030819 0.968159066 -0.249867641
vn 0.0153030819 0.968159066 0.249867641
vn -0.460565699 -0.871866888 -0.16651536
vn -0.555739456 -0.491171863 -0.670748729
vn -0.365391943 -0.840142303 -0.400811226
vn -0.397116529 0.87298531 -0.283187414
vn -0.777811554 0.587464041 -0.223372306
vn -0.746086968 0.555739456 0.366753177
vn -0.333667358 0.87298531 0.355756578
vn 0.0153030819 0.968159066 -0.249867641
vn 0.0153030819 0.968159066 0.249867641
vn -0.587464041 0.619188627 -0.521048409
vn -0.460565699 0.270218187 -0.845494747
vn -0.301942772 0.809536139 -0.503469762
vn 0.0153030819 0.841260725 -0.540412998
vn -0.968159066 0.143319845 -0.205249712
vn -0.904709895 -0.0470276674 0.423424614
vn -0.87298531 -0.332548936 -0.356802261
vn -0.904709895 0.0481460889 -0.423298901
vn -0.365391943 -0.840142303 -0.400811226
vn -0.619188627 -0.64979479 -0.440876598
vn -0.0164215035 -0.744968547 -0.666897442
vn 0.109942872 -0.993937908 -0
vn -0.0164215035 -0.744968547 -0.666897442
vn -0.143319845 -0.776693132 -0.613357319
vn -0.206769016 -0.903591474 -0.375191981
vn 0.0153030819 -0.99876523 -0.0472634179
vn 0.0153030819 -0.713243961 -0.70074879
vn -0.333667358 -0.58634562 -0.738149652
vn -0.0164215035 -0.64979479 -0.759932276
vn 0.0786056366 -0.99690579 -0
vn 0.0787522528 -0.935316059 -0.344937606
vn -0.301942772 -0.935316059 0.184430018
vn -0.175044431 -0.967040645 0.184910353
vn -0.555739456 -0.713243961 0.427126104
vn 0.459447278 -0.491171863 0.740039458
vn 0.871866888 -0.364273522 0.327342222
vn 0.23737518 -0.840142303 0.487661701
vn 0.871866888 -0.364273522 0.327342222
vn 0.205650594 -0.935316059 0.287909191
vn 0.300824351 0.777811554 0.551827778
vn 0.173926009 0.650913212 0.7389599
vn 0.332548936 0.87298531 0.356802261
vn 0.142201424 0.841260725 0.521592895
vn 0.491171863 0.682637797 0.541069162
vn -0.238493601 0.52401487 0.81763636
vn -0.52401487 0.365391943 0.769348519
vn 0.110476838 0.428841114 0.896599223
vn 0.0470276674 -0.364273522 0.930103865
vn 0.0787522528 -0.459447278 0.88470689
vn -0.0164215035 0.0481460889 0.998705306
vn 0.269099765 -0.300824351 0.914926241
vn 0.0470276674 -0.332548936 0.941912737
vn -0.143319845 0.841260725 0.521286692
vn 0.0153030819 -0.269099765 0.962990723
vn 0.0153030819 0.87298531 0.487506373
vn 0.0153030819 -0.23737518 0.971297503
vn -0.52401487 0.365391943 0.769348519
vn 0.0153030819 0.936434481 0.3505086
vn 0.0153030819 0.968159066 0.249867641
vn -0.52401487 0.365391943 0.769348519
vn 0.0153030819 -0.269099765 0.962990723
vn 0.173926009 0.841260725 0.511888793
vn -0.0164215035 -0.364273522 0.931147215
vn 0.300824351 0.52401487 0.796814361
vn -0.11159526 0.841260725 0.528986665
vn -0.460565699 0.682637797 0.567348988
vn -0.301942772 0.87298531 0.38304988
vn -0.143319845 0.650913212 0.74550078
vn -0.270218187 0.777811554 0.567442789
vn 0.554621034 0.365391943 0.747585605
vn -0.11159526 0.936434481 -0.332621348
vn 0.0153030819 0.968159066 -0.249867641
vn 0.142201424 0.936434481 -0.320732315
vn -0.714362383 0.650913212 -0.256901491
vn -0.333667358 0.650913212 -0.681893016
vn -0.206769016 0.936434481 -0.283437889
vn -0.746086968 0.587464041 -0.313432985
vn -0.904709895 0.333667358 -0.264888844
vn -0.809536139 0.301942772 -0.503469762
vn -0.682637797 0.270218187 -0.678960801
vn 0.23737518 0.460565699 -0.855296592
vn 0.364273522 0.650913212 -0.666045638
vn 0.0153030819 0.746086968 -0.665672631
vn 0.0153030819 0.87298531 0.487506373
vn 0.0153030819 0.936434481 0.3505086
vn 0.0153030819 0.333667358 -0.942566661
vn 0.491171863 0.555739456 -0.670748729
vn 0.0787522528 0.777811554 -0.62354412
vn -0.619188627 0.587464041 -0.521048409
vn -0.809536139 0.460565699 -0.364047354
vn -0.682637797 0.428841114 -0.591693279
vn -0.619188627 0.587464041 -0.521048409
vn 0.23737518 0.936434481 -0.258347609
vn -0.333667358 0.650913212 -0.681893016
vn -0.206769016 0.460565699 -0.863206702
vn 0.713243961 0.270218187 -0.646734245
vn 0.776693132 0.587464041 -0.227230673
vn 0.744968547 0.650913212 -0.146061134
vn 0.935316059 0.333667358 -0.117685868
vn 0.871866888 0.301942772 -0.385588759
vn 0.364273522 0.650913212 -0.666045638
vn -0.460565699 0.555739456 -0.692122022
vn -0.0481460889 0.777811554 -0.626650733
vn 0.64979479 0.587464041 -0.482340886
vn 0.840142303 0.460565699 -0.286426513
vn 0.713243961 0.428841114 -0.554417127
vn 0.64979479 0.587464041 -0.482340886
vn 0.776693132 0.587464041 -0.227230673
vn 0.364273522 0.650913212 -0.666045638
vn 0.744968547 0.650913212 0.146061134
vn -0.714362383 0.301942772 -0.631281988
vn -0.809536139 -0.0787522528 -0.581763975
vn -0.746086968 0.206769016 -0.632930336
vn -0.809536139 -0.142201424 -0.569587565
vn -0.87298531 -0.459447278 -0.16372186
vn -0.904709895 -0.395998107 0.157116213
vn -0.270218187 -0.840142303 0.470258484
vn -0.206769016 -0.871866888 0.443953492
vn 0.64979479 -0.522896449 0.55167566
vn 0.707106781 -0.707106781 -0
vn 0.173926009 -0.903591474 0.391499926
vn 0.0470276674 -0.681519376 0.730287436
vn 0.808417718 -0.522896449 0.270259316
vn -0.206769016 -0.808417718 0.551096514
vn 0.427722692 -0.173926009 0.887019189
vn 0.0470276674 -0.744968547 0.665439902
vn 0.64979479 -0.300824351 0.698048308
vn 0.459447278 -0.840142303 -0.288217122
vn -0.0481460889 -0.99876523 -0.0122461875
vn -0.333667358 -0.935316059 -0.117685868
vn -0.172629613 -0.98498681 -0
vn -0.298043487 -0.954552293 -0
vn -0.0481460889 -0.713243961 0.699260328
vn -0.777811554 -0.269099765 0.567974034
vn -0.904709895 -0.205650594 0.373105666
vn -0.809536139 0.11159526 -0.576365975
vn -0.175044431 -0.269099765 0.947071678
vn -0.11159526 0.0481460889 0.992586748
vn -0.777811554 0.0481460889 0.626650733
vn -0.0798706743 0.365391943 0.927420834
vn -0.682637797 0.365391943 0.632846241
vn 0.173926009 0.714362383 0.67781718
vn -0.0798706743 0.841260725 0.534697175
vn 0.332548936 0.87298531 0.356802261
vn 0.0787522528 0.87298531 0.481346789
vn -0.714362383 0.619188627 0.326024279
vn 0.300824351 0.777811554 0.551827778
vn 0.0470276674 0.809536139 0.585183422
vn 0.173926009 0.650913212 0.7389599
vn 0.491171863 0.682637797 0.541069162
vn 0.0470276674 -0.332548936 0.941912737
vn -0.0164215035 0.0481460889 0.998705306
vn 0.110476838 0.428841114 0.896599223
vn -0.87298531 0.206769016 0.441750181
vn -0.809536139 0.0798706743 -0.581611481
vn -0.841260725 0.175044431 -0.51150742
vn -0.87298531 0.11159526 -0.474808537
vn -0.87298531 0.175044431 -0.455253881
vn -0.809536139 0.0481460889 -0.585092466
vn -0.841260725 0.0798706743 -0.534697175
vn -0.809536139 0.238493601 -0.536443885
vn -0.52401487 0.809536139 -0.264687845
vn -0.11159526 0.87298531 -0.474808537
vn 0.427722692 0.746086968 0.510301415
vn 0.395998107 0.87298531 -0.284749272
vn 0.142201424 0.936434481 -0.320732315
vn -0.206769016 0.206769016 -0.956291351
vn -0.746086968 0.270218187 -0.608552682
vn 0.142201424 0.936434481 -0.320732315
vn 0.142201424 0.841260725 0.521592895
vn -0.397116529 0.650913212 -0.647001123
vn 0.300824351 0.714362383 -0.631815714
vn -0.333667358 0.650913212 -0.681893016
vn -0.206769016 0.206769016 -0.956291351
vn -0.587464041 -0.744968547 -0.316082054
vn -0.270218187 -0.269099765 -0.924428173
vn -0.841260725 -0.300824351 -0.449204968
vn -0.460565699 -0.808417718 -0.366524256
vn -0.270218187 -0.269099765 -0.924428173
vn -0.587464041 -0.522896449 -0.617628775
vn -0.270218187 -0.269099765 -0.924428173
vn -0.841260725 -0.300824351 -0.449204968
vn 0.142201424 -0.58634562 0.797482018
vn -0.0164215035 -0.744968547 0.666897442
vn 0.142201424 -0.58634562 0.797482018
vn -0.0164215035 -0.744968547 0.666897442
vn 0.871866888 -0.364273522 0.327342222
vn 0.23737518 -0.840142303 0.487661701
vn 0.205650594 -0.935316059 0.287909191
vn 0.0470276674 -0.681519376 0.730287436
vn 0.491171863 0.682637797 0.541069162
vn -0.270218187 -0.808417718 0.522917704
vn 0.0153030819 -0.744968547 -0.666924044
vn 0.0153030819 -0.99876523 0.0472634179
vn -0.460565699 -0.808417718 0.366524256
vn 0.0153030819 -0.64979479 0.759955621
vn 0.364273522 -0.332548936 0.86989425
vn 0.713243961 -0.427722692 0.555280425
vn -0.0164215035 -0.744968547 0.666897442
vn 0.23737518 -0.840142303 0.487661701
vn 0.23737518 -0.459447278 0.855897904
vn 0.142201424 -0.58634562 0.797482018
vn 0.173926009 -0.903591474 0.391499926
vn 0.0470276674 -0.681519376 0.730287436
vn 0.269099765 -0.300824351 0.914926241
vn 0.0470276674 -0.332548936 0.941912737
vn 0.0153030819 -0.744968547 -0.666924044
vn 0.459447278 -0.491171863 0.740039458
vn 0.23737518 -0.840142303 0.487661701
vn 0.713243961 -0.427722692 0.555280425
vn 0.491171863 -0.808417718 0.324362443
vn -0.333667358 -0.332548936 0.8820869
vn 0.0470276674 -0.744968547 0.665439902
vn -0.206769016 -0.840142303 0.501405509
vn -0.428841114 -0.491171863 0.758185663
vn -0.682637797 -0.427722692 0.592502266
vn -0.206769016 -0.459447278 0.863802508
vn -0.11159526 -0.58634562 0.802337406
vn -0.143319845 -0.903591474 0.403710131
vn -0.0164215035 -0.681519376 0.731615797
vn -0.238493601 -0.300824351 0.923377232
vn -0.0164215035 -0.332548936 0.94294302
vn 0.300824351 -0.808417718 0.505930335
vn -0.682637797 -0.427722692 0.592502266
vn 0.0153030819 -0.744968547 -0.666924044
vn 0.0153030819 -0.99876523 0.0472634179
vn -0.746086968 0.587464041 -0.313432985
vn -0.333667358 0.650913212 -0.681893016
vn -0.333667358 0.650913212 -0.681893016
vn -0.746086968 0.587464041 -0.313432985
vn -0.682637797 0.650913212 0.332140976
vn -0.143319845 -0.776693132 -0.613357319
vn 0.0153030819 -0.99876523 -0.0472634179
vn -0.206769016 -0.903591474 -0.375191981
vn 0.0153030819 -0.618070205 -0.785973942
vn 0.0153030819 -0.618070205 -0.785973942
vn 0.0153030819 -0.99876523 -0.0472634179
vn -0.143319845 -0.840142303 -0.523087309
vn 0.0153030819 -0.173926009 -0.984639812
vn -0.206769016 -0.173926009 -0.96280648
vn 0.0153030819 -0.871866888 -0.489503774
vn 0.0153030819 -0.713243961 -0.70074879
vn -0.428841114 -0.871866888 0.23652363
vn -0.301942772 -0.871866888 -0.385588759
vn -0.460565699 -0.713243961 0.528358106
vn 0.0153030819 -0.808417718 0.588410239
vn -0.301942772 -0.808417718 0.50526365
vn 0.0153030819 -0.776693132 0.629693254
vn 0.0470276674 -0.935316059 0.350674019
vn 0.173926009 -0.935316059 0.308112987
vn -0.238493601 -0.903591474 0.35586971
vn -0.650913212 -0.744968547 -0.146061134
vn -0.682637797 -0.58634562 -0.436124354
vn -0.809536139 -0.332548936 0.483800005
vn -0.904709895 -0.332548936 0.266291588
vn -0.841260725 -0.395998107 0.368056915
vn -0.777811554 -0.618070205 -0.114010563
vn -0.555739456 -0.64979479 0.518575344
vn -0.777811554 -0.618070205 -0.114010563
vn -0.11159526 -0.300824351 -0.947127873
vn -0.619188627 -0.776693132 -0.115556147
vn -0.619188627 -0.776693132 -0.115556147
vn -0.301942772 -0.23737518 -0.923300377
vn -0.0164215035 -0.64979479 -0.759932276
vn -0.333667358 -0.58634562 -0.738149652
vn 0.269099765 -0.173926009 -0.94727771
vn 0.173926009 -0.840142303 -0.513722351
vn 0.490827994 -0.871256495 -0
vn 0.332548936 -0.808417718 0.485666551
vn -0.0164215035 -0.935316059 0.353432035
vn 0.332548936 -0.871866888 -0.359526541
vn 0.491171863 -0.713243961 0.500033251
vn -0.143319845 -0.935316059 0.323486153
vn 0.269099765 -0.903591474 0.333328314
vn 0.691559461 -0.722319536 -0
vn 0.744968547 -0.58634562 -0.318151974
vn 0.840142303 -0.332548936 0.428453166
vn 0.935316059 -0.332548936 0.120810075
vn 0.794420221 -0.607368515 -0
vn 0.871866888 -0.395998107 0.288155562
vn 0.58634562 -0.64979479 0.48369985
vn 0.794420221 -0.607368515 -0
vn 0.142201424 -0.300824351 -0.943018274
vn 0.332548936 -0.23737518 -0.912723523
vn 0.0470276674 -0.64979479 -0.758653497
vn 0.364273522 -0.58634562 -0.723535497
vn 0.641669601 -0.766981175 -0
vn 0.641669601 -0.766981175 -0
vn -0.492290285 0.492290285 -0.717844378
vn -0.714362383 0.270218187 -0.645498658
vn 0.681519376 -0.713243961 -0.163751006
vn 0.0786056366 -0.99690579 -0
vn 0.109942872 -0.993937908 -0
vn 0.0787522528 0.777811554 -0.62354412
vn 0.0153030819 0.968159066 -0.249867641
vn 0.491171863 0.555739456 -0.670748729
vn 0.0153030819 0.333667358 -0.942566661
vn -0.0481460889 0.777811554 -0.626650733
vn -0.460565699 0.555739456 -0.692122022
vn 0.364273522 0.841260725 0.399481157
vn 0.364273522 0.904709895 0.220918099
vn 0.681519376 0.714362383 0.158800901
vn 0.332548936 0.809536139 -0.483800005
vn 0.618070205 0.619188627 -0.484349736
vn 0.364273522 0.301942772 -0.88098545
vn 0.903591474 0.365391943 0.223631787
vn 0.99876523 0.0164215035 0.0468865568
vn 0.459447278 0.365391943 -0.809565888
vn 0.96339517 -0.268085334 -0
vn 0.58634562 0.333667358 -0.738149652
vn 0.744968547 0.270218187 -0.609921303
vn 0.840142303 0.206769016 -0.501405509
vn 0.935316059 0.0481460889 -0.350522215
vn 0.522896449 0.492290285 -0.695866064
vn 0.840142303 -0.0153030819 -0.542150096
vn 0.427722692 -0.840142303 -0.333487944
vn 0.522896449 -0.364273522 -0.770638764
vn 0.808417718 -0.522896449 0.270259316
vn 0.820035417 -0.572312777 -0
vn 0.808417718 -0.522896449 0.270259316
vn 0.681519376 -0.618070205 0.391817001
vn 0.935316059 -0.332548936 0.120810075
vn 0.843750611 -0.536735415 -0
vn 0.808417718 -0.427722692 0.404368758
vn 0.935808526 -0.352508728 -0
vn 0.935316059 -0.0787522528 0.344937606
vn 0.990015902 -0.140955719 -0
vn 0.967040645 0.206769016 -0.148589924
vn 0.871866888 0.301942772 0.385588759
vn 0.744968547 0.587464041 -0.316082054
vn 0.64979479 0.650913212 0.392528624
vn 0.64979479 0.587464041 -0.482340886
vn 0.776693132 -0.522896449 0.351179558
vn 0.744968547 -0.618070205 0.251020091
vn 0.871866888 -0.395998107 0.288155562
vn 0.935316059 -0.332548936 0.120810075
vn 0.641669601 -0.766981175 -0
vn 0.903591474 -0.269099765 -0.333328314
vn 0.64979479 -0.491171863 -0.580100794
vn 0.808417718 -0.0787522528 -0.583317132
vn 0.871866888 -0.269099765 -0.409186321
vn 0.522896449 -0.364273522 -0.770638764
vn 0.58634562 -0.427722692 -0.687933218
vn 0.871866888 -0.142201424 -0.468643664
vn 0.840142303 -0.23737518 -0.487661701
vn 0.744968547 -0.395998107 -0.536849479
vn 0.840142303 -0.364273522 -0.401827963
vn 0.954865945 -0.297037079 -0
vn 0.776693132 -0.332548936 -0.534938299
vn 0.808417718 -0.205650594 -0.551514847
vn 0.776693132 -0.300824351 -0.553400839
vn 0.808417718 -0.205650594 -0.551514847
vn 0.744968547 0.0798706743 -0.662300943
vn 0.808417718 0.0798706743 -0.583165045
vn 0.58634562 0.397116529 -0.706043396
vn 0.64979479 0.428841114 -0.627584281
vn 0.364273522 0.619188627 -0.695636576
vn 0.332548936 0.555739456 -0.761948071
vn 0.840142303 0.460565699 -0.286426513
vn 0.713243961 0.428841114 -0.554417127
vn 0.871866888 0.301942772 -0.385588759
vn 0.935316059 0.333667358 -0.117685868
vn 0.491171863 0.809536139 0.321560943
vn 0.744968547 0.650913212 0.146061134
vn 0.427722692 0.841260725 0.330656456
vn 0.364273522 0.841260725 -0.399481157
vn 0.776693132 0.587464041 -0.227230673
vn -0.270218187 0.714362383 -0.645498658
vn 0.744968547 0.492290285 0.450191226
vn 0.903591474 0.397116529 -0.160688864
vn 0.58634562 0.682637797 -0.436124354
vn 0.808417718 0.492290285 0.32266247
vn 0.871866888 0.11159526 0.476859127
vn 0.903591474 0.143319845 0.403710131
vn 0.871866888 0.0481460889 0.487370581
vn 0.99876523 0.0481460889 -0.0122461875
vn 0.967040645 -0.205650594 -0.150134021
vn 0.871866888 0.0798706743 0.483186097
vn 0.931822992 -0.362913092 -0
vn 0.871866888 -0.300824351 -0.38646195
vn 0.840142303 0.206769016 0.501405509
vn 0.903591474 0.143319845 0.403710131
vn 0.935316059 0.0798706743 0.344680351
vn 0.64979479 -0.23737518 0.722094006
vn 0.713243961 -0.681519376 0.163751006
vn 0.522896449 -0.58634562 0.618690648
vn 0.903591474 -0.205650594 -0.375806175
vn 0.572312777 -0.820035417 -0
vn 0.681519376 -0.427722692 -0.593788379
vn 0.23737518 -0.744968547 -0.623437959
vn 0.268085334 -0.96339517 -0
vn 0.0470276674 -0.903591474 -0.425806114
vn -0.333667358 -0.935316059 0.117685868
vn -0.587464041 -0.808417718 -0.0366986943
vn -0.650913212 -0.744968547 -0.146061134
vn -0.175044431 -0.967040645 0.184910353
vn -0.238493601 -0.967040645 -0.0891806787
vn -0.714362383 -0.681519376 -0.158800901
vn -0.682637797 -0.713243961 -0.159024178
vn -0.587464041 -0.744968547 0.316082054
vn -0.175044431 -0.903591474 0.391001145
vn -0.809536139 -0.459447278 0.365457847
vn -0.619188627 -0.776693132 -0.115556147
vn 0.0153030819 -0.99876523 0.0472634179
vn -0.460565699 -0.459447278 0.75946523
vn 0.300824351 -0.808417718 0.505930335
vn -0.270218187 -0.618070205 0.738221751
vn -0.0164215035 -0.744968547 0.666897442
vn 0.0787522528 -0.967040645 0.242137304
vn 0.0787522528 -0.808417718 0.583317132
vn 0.427722692 -0.871866888 0.2385402
vn 0.231227743 -0.972899651 -0
vn 0.453241962 -0.891387527 -0
vn 0.659552452 -0.751658541 -0
vn 0.744968547 -0.618070205 0.251020091
vn 0.269099765 -0.64979479 0.710881176
vn 0.64979479 -0.554621034 0.519771333
vn 0.618070205 -0.459447278 0.637885115
vn 0.64979479 -0.58634562 0.48369985
vn 0.269099765 -0.554621034 0.787388611
vn -0.0164215035 -0.99876523 0.0468865568
vn 0.109942872 -0.993937908 -0
vn 0.395998107 -0.903591474 0.163425664
vn 0.522896449 -0.808417718 0.270259316
vn 0.332548936 -0.935316059 0.120810075
vn 0.58634562 -0.713243961 0.384033678
vn 0.522896449 -0.744968547 0.414247714
vn 0.332548936 -0.808417718 0.485666551
vn 0.332548936 -0.808417718 0.485666551
vn 0.554621034 -0.744968547 0.370698493
vn 0.231227743 -0.972899651 -0
vn 0.352508728 -0.935808526 -0
vn 0.935808526 -0.352508728 -0
vn -0.206769016 -0.935316059 0.287107024
vn -0.492290285 -0.332548936 0.804401318
vn -0.682637797 -0.522896449 0.510475211
vn -0.968159066 -0.0787522528 0.237625977
vn -0.682637797 -0.427722692 0.592502266
vn -0.428841114 -0.491171863 0.758185663
vn -0.841260725 -0.364273522 0.399481157
vn -0.555739456 -0.681519376 0.476114479
vn -0.968159066 -0.0787522528 0.237625977
vn -0.0481460889 -0.776693132 0.62803641
vn 0.491171863 -0.808417718 -0.324362443
vn -0.682637797 -0.427722692 0.592502266
vn -0.682637797 -0.427722692 0.592502266
vn -0.841260725 -0.364273522 0.399481157
vn -0.206769016 -0.840142303 0.501405509
vn -0.175044431 -0.935316059 0.307478969
vn 0.871866888 0.175044431 0.457392147
vn 0.618070205 -0.522896449 -0.586999596
vn 0.64979479 -0.58634562 0.48369985
vn 0.871866888 0.175044431 0.457392147
vn 0.618070205 -0.522896449 -0.586999596
vn 0.205650594 -0.967040645 0.150134021
vn 0.840142303 -0.142201424 -0.523392459
vn 0.737828887 -0.674987803 -0
vn 0.491171863 -0.395998107 -0.775845152
vn 0.744968547 -0.0470276674 -0.665439902
vn 0.713243961 0.428841114 -0.554417127
vn 0.713243961 0.428841114 -0.554417127
vn 0.395998107 0.777811554 -0.48805193
vn 0.427722692 0.650913212 -0.6271884
vn 0.776693132 0.270218187 -0.568972679
vn 0.427722692 0.650913212 -0.6271884
vn 0.776693132 0.587464041 -0.227230673
vn 0.364273522 0.650913212 -0.666045638
vn -0.619188627 -0.58634562 0.522306671
vn -0.841260725 0.175044431 0.51150742
vn -0.587464041 -0.522896449 -0.617628775
vn 0.0153030819 0.841260725 -0.540412998
vn -0.460565699 0.270218187 -0.845494747
vn 0.300824351 0.714362383 -0.631815714
vn -0.206769016 0.206769016 -0.956291351
vn -0.397116529 0.650913212 -0.647001123
vn 0.459447278 -0.840142303 -0.288217122
vn 0.205650594 -0.935316059 0.287909191
vn 0.0153030819 -0.99876523 0.0472634179
vn 0.0153030819 -0.99876523 0.0472634179
vn 0.0153030819 -0.776693132 0.629693254
vn -0.0164215035 -0.935316059 0.353432035
vn -0.143319845 -0.935316059 0.323486153
vn -0.809536139 -0.554621034 -0.192475317
vn -0.143319845 -0.935316059 0.323486153
vn 0.269099765 -0.903591474 0.333328314
vn -0.682637797 -0.618070205 -0.389865181
vn -0.619188627 -0.776693132 -0.115556147
vn 0.300824351 -0.713243961 -0.633078006
vn 0.205650594 -0.491171863 -0.846438441
vn 0.269099765 -0.903591474 0.333328314
vn 0.691559461 -0.722319536 -0
vn 0.332548936 -0.395998107 -0.855918632
vn 0.300824351 -0.554621034 -0.775822285
vn 0.173926009 -0.554621034 -0.813723081
vn 0.364273522 -0.554621034 -0.748131212
vn 0.269099765 -0.713243961 -0.647200408
vn 0.58634562 -0.64979479 0.48369985
vn 0.794420221 -0.607368515 -0
vn 0.0470276674 -0.491171863 -0.869792274
vn 0.871866888 -0.142201424 -0.468643664
vn 0.967040645 -0.0153030819 0.254161773
vn 0.903591474 -0.364273522 0.225448996
vn 0.871866888 0.175044431 -0.457392147
vn 0.674987803 -0.737828887 -0
vn 0.744968547 -0.427722692 -0.511932772
vn 0.903591474 0.365391943 0.223631787
vn 0.744968547 0.428841114 -0.510996246
vn 0.64979479 0.650913212 0.392528624
vn 0.58634562 0.714362383 -0.381949212
vn 0.491171863 0.714362383 0.498434135
vn 0.364273522 0.87298531 -0.32434773
vn 0.205650594 0.841260725 0.499988226
vn 0.0470276674 0.904709895 0.423424614
vn 0.490827994 -0.871256495 -0
vn 0.618070205 -0.491171863 -0.613791025
vn 0.395998107 -0.840142303 -0.370602766
vn 0.427722692 0.87298531 -0.23441405
vn 0.808417718 0.587464041 -0.0366986943
vn 0.776693132 0.555739456 0.296481763
vn 0.364273522 0.87298531 0.32434773
vn 0.618070205 0.619188627 -0.484349736
vn 0.491171863 0.270218187 -0.828089568
vn 0.332548936 0.809536139 -0.483800005
vn 0.993815689 0.111042232 -0
vn 0.935316059 -0.0470276674 0.350674019
vn 0.903591474 -0.332548936 -0.270062314
vn 0.935316059 0.0481460889 -0.350522215
vn 0.427722692 -0.840142303 -0.333487944
vn 0.64979479 -0.64979479 -0.394377307
vn 0.0470276674 -0.744968547 -0.665439902
vn -0.0481460889 -0.99876523 0.0122461875
vn 0.0470276674 -0.744968547 -0.665439902
vn 0.173926009 -0.776693132 -0.605390388
vn 0.23737518 -0.903591474 -0.356616702
vn 0.0153030819 -0.99876523 -0.0472634179
vn 0.0153030819 -0.713243961 -0.70074879
vn 0.364273522 -0.58634562 -0.723535497
vn 0.0470276674 -0.64979479 -0.758653497
vn -0.0481460889 -0.99876523 0.0122461875
vn -0.0481460889 -0.935316059 -0.350522215
vn 0.554621034 0.809536139 -0.192475317
vn 0.840142303 0.0481460889 -0.540224828
vn 0.744968547 0.619188627 0.248248482
vn 0.871866888 0.0798706743 -0.483186097
vn 0.142201424 0.87298531 -0.466556967
vn -0.365391943 0.746086968 0.556635396
vn -0.0164215035 0.809536139 0.586840331
vn -0.365391943 0.87298531 -0.323087258
vn -0.11159526 0.936434481 -0.332621348
vn 0.23737518 0.206769016 -0.949157309
vn 0.840142303 0.0798706743 -0.536452781
vn 0.903591474 0.206769016 0.375191981
vn 0.935316059 -0.205650594 0.287909191
vn 0.808417718 0.0481460889 0.586636811
vn 0.808417718 -0.269099765 0.523494136
vn 0.142201424 0.0481460889 0.988666126
vn 0.110476838 0.365391943 0.924274632
vn 0.713243961 0.365391943 0.598140267
vn 0.205650594 -0.269099765 0.94090018
vn 0.920865657 -0.389880034 -0
vn 0.300824351 -0.840142303 0.451293276
vn 0.891387527 -0.453241962 -0
vn 0.23737518 -0.871866888 0.428370345
vn -0.619188627 -0.522896449 0.585819724
vn -0.682637797 -0.713243961 0.159024178
vn -0.143319845 -0.903591474 0.403710131
vn -0.0164215035 -0.681519376 0.731615797
vn -0.777811554 -0.522896449 0.348695413
vn 0.23737518 -0.808417718 0.538622148
vn -0.397116529 -0.173926009 0.901137174
vn -0.0164215035 -0.744968547 0.666897442
vn -0.619188627 -0.300824351 0.725334512
vn -0.428841114 -0.840142303 -0.332048505
vn 0.0786056366 -0.99690579 -0
vn 0.362913092 -0.931822992 -0
vn 0.231227743 -0.972899651 -0
vn 0.352508728 -0.935808526 -0
vn 0.618070205 -0.744968547 -0.251020091
vn 0.0787522528 -0.713243961 0.696477662
vn 0.205650594 -0.269099765 0.94090018
vn -0.0164215035 -0.332548936 0.94294302
vn 0.142201424 0.0481460889 0.988666126
vn 0.0470276674 -0.744968547 0.665439902
vn -0.428841114 -0.840142303 -0.332048505
vn 0.491171863 -0.808417718 -0.324362443
vn 0.300824351 -0.269099765 -0.914926241
vn 0.618070205 -0.522896449 -0.586999596
vn 0.871866888 -0.300824351 -0.38646195
vn -0.11159526 -0.58634562 0.802337406
vn 0.0470276674 -0.744968547 0.665439902
vn -0.841260725 -0.364273522 0.399481157
vn -0.206769016 -0.840142303 0.501405509
vn -0.428841114 -0.840142303 -0.332048505
vn -0.841260725 -0.364273522 0.399481157
vn -0.175044431 -0.935316059 0.307478969
vn 0.110476838 0.841260725 0.529221373
vn -0.0481460889 0.87298531 0.485364402
vn -0.301942772 0.87298531 0.38304988
vn -0.270218187 0.777811554 0.567442789
vn -0.143319845 0.650913212 0.74550078
vn -0.143319845 0.714362383 0.684942193
vn -0.460565699 0.682637797 0.567348988
vn -0.11159526 0.841260725 0.528986665
vn -0.11159526 0.936434481 -0.332621348
vn 0.110476838 0.365391943 0.924274632
vn -0.143319845 0.714362383 0.684942193
vn -0.0798706743 0.428841114 0.899842194
vn 0.0470276674 0.0481460889 0.997732606
vn -0.460565699 0.682637797 0.567348988
vn 0.0470276674 0.0481460889 0.997732606
vn -0.0164215035 -0.332548936 0.94294302
vn 0.776693132 0.206769016 -0.594974245
vn 0.744968547 0.301942772 -0.594854963
vn 0.840142303 0.11159526 -0.53076116
vn 0.300824351 -0.269099765 -0.914926241
vn 0.871866888 -0.300824351 -0.38646195
vn 0.840142303 -0.142201424 -0.523392459
vn 0.840142303 -0.0787522528 -0.536618108
vn 0.871866888 0.175044431 -0.457392147
vn 0.903591474 0.11159526 -0.413604819
vn 0.871866888 0.175044431 -0.457392147
vn 0.903591474 0.175044431 -0.391001145
vn 0.871866888 0.175044431 -0.457392147
vn 0.903591474 0.175044431 -0.391001145
vn 0.840142303 0.238493601 -0.487115708
vn 0.776693132 0.270218187 -0.568972679
vn 0.776693132 0.270218187 -0.568972679
vn 0.23737518 0.206769016 -0.949157309
vn 0.427722692 0.650913212 -0.6271884
vn -0.0481460889 -0.459447278 0.886899179
vn -0.0798706743 0.428841114 0.899842194
vn 0.0470276674 0.0481460889 0.997732606
vn -0.428841114 -0.681519376 0.592981146
vn -0.0798706743 -0.713243961 0.69635029
vn -0.714362383 -0.300824351 0.631815714
vn -0.238493601 -0.300824351 0.923377232
vn 0.0470276674 0.0481460889 0.997732606
vn -0.0164215035 -0.332548936 0.94294302
vn -0.682637797 -0.142201424 0.716787551
vn 0.0153030819 -0.522896449 0.852258834
vn 0.110476838 -0.713243961 0.692154549
vn 0.459447278 -0.681519376 0.569595944
vn 0.744968547 -0.300824351 0.595421342
vn 0.713243961 -0.142201424 0.686339425
vn 0.554621034 0.365391943 0.747585605
vn 0.554621034 0.365391943 0.747585605
vn -0.0798706743 0.428841114 0.899842194
vn 0.0153030819 -0.99876523 -0.0472634179
vn 0.173926009 -0.776693132 -0.605390388
vn 0.23737518 -0.903591474 -0.356616702
vn 0.0153030819 -0.618070205 -0.785973942
vn 0.0153030819 -0.618070205 -0.785973942
vn 0.0153030819 -0.99876523 -0.0472634179
vn 0.744968547 0.270218187 -0.609921303
vn 0.522896449 0.492290285 -0.695866064
vn 0.0470276674 -0.64979479 -0.758653497
vn 0.142201424 -0.935316059 -0.323979358
vn -0.0481460889 -0.935316059 -0.350522215
vn 0.142201424 -0.300824351 -0.943018274
vn 0.205650594 -0.967040645 -0.150134021
vn 0.920865657 -0.389880034 -0
vn 0.297037079 -0.954865945 -0
vn -0.0481460889 -0.99876523 -0.0122461875
vn -0.650913212 -0.713243961 -0.259990465
vn -0.0481460889 -0.99876523 0.0122461875
vn 0.427722692 -0.840142303 -0.333487944
vn -0.650913212 -0.713243961 -0.259990465
vn -0.0481460889 -0.99876523 0.0122461875
vn -0.0481460889 -0.99876523 0.0122461875
vn -0.650913212 -0.713243961 -0.259990465
vn -0.0481460889 -0.99876523 0.0122461875
vn 0.935316059 0.0164215035 0.353432035
vn 0.491171863 0.270218187 -0.828089568
vn -0.270218187 0.714362383 -0.645498658
vn 0.427722692 0.650913212 -0.6271884
vn 0.23737518 0.206769016 -0.949157309
vn 0.364273522 0.650913212 -0.666045638
vn 0.231227743 -0.972899651 -0
vn -0.175044431 -0.935316059 0.307478969
vn -0.428841114 -0.840142303 -0.332048505
vn 0.0153030819 -0.64979479 0.759955621
vn 0.776693132 -0.269099765 0.569502498
vn 0.0153030819 0.333667358 0.942566661
vn 0.364273522 -0.332548936 0.86989425
vn 0.713243961 -0.0470276674 0.699336436
vn 0.23737518 -0.459447278 0.855897904
vn 0.713243961 -0.142201424 0.686339425
vn 0.269099765 -0.300824351 0.914926241
vn -0.746086968 -0.269099765 0.60904807
vn 0.0153030819 0.333667358 0.942566661
vn -0.333667358 -0.332548936 0.8820869
vn -0.682637797 -0.0470276674 0.729242097
vn -0.206769016 -0.459447278 0.863802508
vn -0.682637797 -0.142201424 0.716787551
vn -0.238493601 -0.300824351 0.923377232
vn 0.395998107 0.841260725 -0.368056915
vn 0.522896449 0.365391943 -0.770109104
vn 0.64979479 0.238493601 -0.721725386
vn 0.967040645 0.11159526 -0.228864347
vn 0.491171863 0.841260725 -0.225899522
vn 0.58634562 0.270218187 -0.763662848
vn 0.459447278 0.841260725 -0.284936119
vn -0.428841114 0.87298531 0.232361674
vn -0.587464041 0.777811554 0.223372306
vn -0.87298531 0.333667358 0.355756578
vn -0.904709895 0.270218187 0.329366265
vn -0.619188627 0.682637797 0.388086436
vn -0.87298531 0.238493601 0.425461456
vn -0.11159526 0.968159066 -0.224085966
vn -0.428841114 0.87298531 0.232361674
vn -0.809536139 0.238493601 -0.536443885
vn -0.682637797 0.460565699 0.567348988
vn -0.87298531 -0.173926009 0.455682337
vn -0.904709895 -0.269099765 0.330280671
vn -0.52401487 -0.840142303 0.139890408
vn -0.650913212 -0.744968547 0.146061134
vn -0.87298531 -0.300824351 0.383928846
vn -0.809536139 -0.0787522528 -0.581763975
vn -0.52401487 -0.840142303 -0.139890408
vn -0.809536139 -0.142201424 -0.569587565
vn -0.714362383 -0.681519376 -0.158800901
vn 0.0787522528 -0.871866888 -0.483369643
vn 0.0787522528 -0.871866888 -0.483369643
vn -0.333667358 -0.935316059 -0.117685868
vn 0.55093016 -0.834551352 -0
vn -0.809536139 -0.300824351 0.50413882
vn -0.809536139 -0.395998107 0.43340136
vn 0.0786056366 -0.99690579 -0
vn -0.555739456 -0.808417718 0.193944454
vn -0.52401487 -0.110476838 0.844513637
vn -0.650913212 0.270218187 0.709432253
vn -0.777811554 0.460565699 0.427654561
vn -0.936434481 0.175044431 0.304055768
vn -0.397116529 0.87298531 0.283187414
vn -0.936434481 0.175044431 0.304055768
vn -0.0481460889 0.809536139 0.585092466
vn -0.397116529 -0.903591474 -0.160688864
vn 0.362913092 -0.931822992 -0
vn 0.713243961 -0.681519376 -0.163751006
vn 0.871256495 -0.490827994 -0
vn 0.171559186 -0.985173815 -0
vn -0.143319845 -0.522896449 0.840261106
vn 0.840142303 -0.332548936 -0.428453166
vn 0.681519376 -0.142201424 -0.717851026
vn 0.691559461 -0.722319536 -0
vn 0.522896449 0.365391943 -0.770109104
vn 0.64979479 0.238493601 -0.721725386
vn 0.967040645 0.11159526 -0.228864347
vn 0.931822992 -0.362913092 -0
vn 0.64979479 -0.23737518 -0.722094006
vn 0.58634562 0.270218187 -0.763662848
vn -0.714362383 -0.0470276674 -0.698193945
vn -0.682637797 0.428841114 -0.591693279
vn 0.0787522528 -0.871866888 -0.483369643
vn 0.205650594 -0.840142303 0.501865264
vn 0.963106933 0.269118998 -0
vn 0.990015902 -0.140955719 -0
vn 0.840142303 -0.522896449 0.144014633
vn 0.99876523 0.0164215035 0.0468865568
vn -0.270218187 -0.871866888 -0.408448602
vn -0.333667358 -0.491171863 0.804621834
vn -0.777811554 -0.618070205 -0.114010563
vn -0.52401487 0.0798706743 0.847955831
vn -0.968159066 -0.110476838 -0.224639468
vn -0.365391943 0.682637797 0.632846241
vn -0.841260725 0.397116529 -0.366849909
vn 0.205650594 0.904709895 0.373105666
vn -0.301942772 0.777811554 -0.551216608
vn 0.808417718 0.587464041 0.0366986943
vn 0.58634562 0.746086968 0.315520285
vn 0.963106933 0.269118998 -0
vn 0.300824351 0.460565699 -0.835095172
vn 0.522896449 -0.142201424 -0.840451104
vn 0.99876523 0.0164215035 0.0468865568
vn -0.492290285 -0.269099765 -0.827789582
vn -0.555739456 -0.23737518 -0.796747564
vn -0.270218187 -0.23737518 -0.933078322
vn -0.365391943 0.11159526 -0.924140263
vn -0.682637797 -0.173926009 -0.709757269
vn -0.650913212 0.270218187 -0.709432253
vn -0.714362383 -0.681519376 -0.158800901
vn -0.460565699 -0.395998107 -0.794395831
vn -0.460565699 -0.395998107 -0.794395831
vn -0.714362383 -0.0470276674 -0.698193945
vn 0.142201424 0.841260725 -0.521592895
vn -0.682637797 0.428841114 -0.591693279
vn -0.746086968 0.270218187 -0.608552682
vn -0.365391943 0.777811554 -0.511368668
vn -0.682637797 0.428841114 -0.591693279
vn -0.365391943 0.777811554 -0.511368668
vn -0.87298531 0.175044431 -0.455253881
vn -0.841260725 0.175044431 -0.51150742
vn -0.87298531 0.11159526 -0.474808537
vn 0.269099765 -0.681519376 -0.680526749
vn -0.460565699 -0.300824351 -0.835095172
vn -0.333667358 -0.332548936 -0.8820869
vn 0.522896449 -0.142201424 -0.840451104
vn -0.270218187 -0.23737518 -0.933078322
vn -0.333667358 0.841260725 -0.425378053
vn -0.619188627 0.238493601 -0.748148546
vn -0.492290285 0.365391943 -0.790024685
vn -0.936434481 0.11159526 -0.332621348
vn -0.460565699 0.841260725 -0.28312476
vn -0.555739456 0.270218187 -0.786216121
vn -0.428841114 0.841260725 -0.329204636
vn 0.459447278 0.87298531 0.16372186
vn 0.618070205 0.777811554 0.114010563
vn 0.903591474 0.333667358 0.268679256
vn 0.935316059 0.270218187 0.228398775
vn 0.681519376 0.682637797 0.263698649
vn 0.903591474 0.238493601 0.35586971
vn 0.142201424 0.968159066 -0.206026157
vn 0.459447278 0.87298531 0.16372186
vn 0.840142303 0.238493601 -0.487115708
vn 0.840142303 0.238493601 -0.487115708
vn 0.713243961 0.460565699 0.528358106
vn 0.903591474 -0.173926009 0.391499926
vn 0.935316059 -0.269099765 0.229715445
vn 0.55093016 -0.834551352 -0
vn 0.674987803 -0.737828887 -0
vn 0.903591474 -0.300824351 0.305003538
vn 0.840142303 -0.0787522528 -0.536618108
vn 0.572312777 -0.820035417 -0
vn 0.840142303 -0.142201424 -0.523392459
vn 0.737828887 -0.674987803 -0
vn -0.0481460889 -0.871866888 -0.487370581
vn -0.0481460889 -0.871866888 -0.487370581
vn 0.389880034 -0.920865657 -0
vn -0.52401487 -0.840142303 0.139890408
vn 0.840142303 -0.300824351 0.451293276
vn 0.840142303 -0.395998107 0.370602766
vn -0.0481460889 -0.99876523 -0.0122461875
vn 0.58634562 -0.808417718 0.0515713893
vn 0.554621034 -0.110476838 0.82473655
vn 0.681519376 0.270218187 0.68008343
vn 0.808417718 0.460565699 0.366524256
vn 0.967040645 0.175044431 0.184910353
vn 0.427722692 0.87298531 0.23441405
vn 0.967040645 0.175044431 0.184910353
vn 0.0787522528 0.809536139 0.581763975
vn 0.453241962 -0.891387527 -0
vn -0.333667358 -0.935316059 -0.117685868
vn -0.682637797 -0.681519376 -0.263698649
vn -0.841260725 -0.491171863 -0.225899522
vn -0.111042232 -0.993815689 -0
vn 0.173926009 -0.522896449 0.834463329
vn -0.809536139 -0.332548936 -0.483800005
vn -0.650913212 -0.142201424 -0.745714922
vn -0.650913212 -0.744968547 -0.146061134
vn -0.492290285 0.365391943 -0.790024685
vn -0.619188627 0.238493601 -0.748148546
vn -0.936434481 0.11159526 -0.332621348
vn -0.904709895 -0.364273522 -0.220918099
vn -0.619188627 -0.23737518 -0.748504154
vn -0.555739456 0.270218187 -0.786216121
vn 0.744968547 -0.0470276674 -0.665439902
vn 0.713243961 0.428841114 -0.554417127
vn -0.0481460889 -0.871866888 -0.487370581
vn -0.175044431 -0.840142303 0.51334234
vn -0.936434481 0.301942772 0.178664561
vn -0.968159066 -0.142201424 0.206026157
vn -0.809536139 -0.522896449 0.266890508
vn -0.968159066 0.0164215035 0.24979663
vn 0.300824351 -0.871866888 -0.38646195
vn 0.364273522 -0.491171863 0.791236376
vn 0.794420221 -0.607368515 -0
vn 0.554621034 0.0798706743 0.828260939
vn 0.993937908 -0.109942872 -0
vn 0.395998107 0.682637797 0.614158886
vn 0.871866888 0.397116529 -0.286612267
vn -0.175044431 0.904709895 0.388406298
vn 0.332548936 0.777811554 -0.533310784
vn -0.777811554 0.587464041 0.223372306
vn -0.555739456 0.746086968 0.366753177
vn -0.936434481 0.301942772 0.178664561
vn -0.270218187 0.460565699 -0.845494747
vn -0.492290285 -0.142201424 -0.858736881
vn -0.968159066 0.0164215035 0.24979663
vn 0.522896449 -0.269099765 -0.808804439
vn 0.58634562 -0.23737518 -0.774501025
vn 0.300824351 -0.23737518 -0.92366538
vn 0.395998107 0.11159526 -0.911445005
vn 0.681519376 0.270218187 -0.68008343
vn 0.713243961 -0.173926009 -0.678993958
vn 0.737828887 -0.674987803 -0
vn 0.491171863 -0.395998107 -0.775845152
vn 0.491171863 -0.395998107 -0.775845152
vn 0.744968547 -0.0470276674 -0.665439902
vn -0.11159526 0.841260725 -0.528986665
vn 0.713243961 0.428841114 -0.554417127
vn 0.776693132 0.270218187 -0.568972679
vn 0.395998107 0.777811554 -0.48805193
vn 0.713243961 0.428841114 -0.554417127
vn 0.903591474 0.11159526 -0.413604819
vn 0.871866888 0.175044431 -0.457392147
vn 0.903591474 0.175044431 -0.391001145
vn 0.903591474 0.175044431 -0.391001145
vn -0.238493601 -0.681519376 -0.691846907
vn -0.492290285 -0.142201424 -0.858736881
vn 0.364273522 -0.332548936 -0.86989425
vn 0.300824351 -0.23737518 -0.92366538
vn 0.491171863 -0.300824351 -0.817468599
vn -0.301942772 0.301942772 0.904246164
vn -0.492290285 -0.0470276674 0.869159752
vn -0.555739456 -0.0153030819 0.83121566
vn 0.0787522528 -0.300824351 0.950422429
vn -0.0481460889 0.619188627 0.783764887
vn 0.110476838 -0.23737518 0.965115481
vn 0.0787522528 0.682637797 0.726501012
vn -0.0798706743 -0.23737518 0.968128968
vn -0.0164215035 0.682637797 0.730572359
vn -0.0164215035 0.87298531 0.487469981
vn 0.142201424 0.904709895 0.401595269
vn -0.0481460889 0.936434481 0.347523261
vn 0.142201424 0.968159066 0.206026157
vn 0.0153030819 0.968159066 0.249867641
vn -0.809536139 0.428841114 0.400932087
vn -0.809536139 0.492290285 0.31984608
vn -0.809536139 0.397116529 0.432376806
vn 0.0153030819 0.968159066 0.249867641
vn -0.746086968 0.619188627 0.244866658
vn 0.0787522528 0.968159066 0.237625977
vn -0.0164215035 0.968159066 0.24979663
vn -0.0481460889 0.968159066 0.245662322
vn -0.0481460889 0.968159066 0.245662322
vn -0.777811554 0.555739456 0.293535082
vn -0.11159526 0.968159066 0.224085966
vn -0.809536139 0.52401487 0.264687845
vn -0.809536139 0.52401487 0.264687845
vn -0.143319845 0.968159066 0.205249712
vn -0.0164215035 0.968159066 0.24979663
vn -0.0481460889 0.968159066 0.245662322
vn -0.809536139 0.52401487 0.264687845
vn -0.175044431 0.968159066 0.178962202
vn -0.777811554 0.492290285 0.390716601
vn -0.175044431 0.968159066 0.178962202
vn -0.809536139 0.460565699 0.364047354
vn -0.175044431 0.968159066 -0.178962202
vn 0.491171863 0.809536139 -0.321560943
vn -0.841260725 0.492290285 0.223451714
vn -0.270218187 0.682637797 -0.678960801
vn -0.0164215035 0.968159066 0.24979663
vn -0.0481460889 0.968159066 -0.245662322
vn -0.777811554 0.587464041 -0.223372306
vn 0.554621034 0.809536139 -0.192475317
vn -0.143319845 0.619188627 -0.772052373
vn -0.0481460889 0.968159066 0.245662322
vn 0.0470276674 0.968159066 0.245878874
vn 0.0787522528 0.968159066 0.237625977
vn -0.460565699 -0.871866888 0.16651536
vn -0.52401487 -0.840142303 0.139890408
vn 0.0787522528 0.968159066 0.237625977
vn 0.0470276674 0.968159066 0.245878874
vn 0.0470276674 0.968159066 0.245878874
vn 0.0153030819 0.968159066 0.249867641
vn 0.173926009 0.968159066 0.180049342
vn 0.142201424 0.968159066 0.206026157
vn 0.840142303 0.52401487 0.139890408
vn 0.840142303 0.52401487 0.139890408
vn 0.840142303 0.52401487 0.139890408
vn 0.205650594 0.968159066 0.14274402
vn 0.840142303 0.492290285 0.227620707
vn 0.173926009 0.968159066 0.180049342
vn 0.871866888 0.460565699 0.16651536
vn 0.205650594 0.968159066 -0.14274402
vn -0.460565699 0.841260725 -0.28312476
vn 0.871866888 0.460565699 -0.16651536
vn 0.300824351 0.650913212 -0.697005524
vn 0.808417718 0.555739456 0.193944454
vn 0.0787522528 0.968159066 0.237625977
vn 0.744968547 0.619188627 0.248248482
vn 0.0153030819 0.968159066 0.249867641
vn 0.840142303 0.492290285 0.227620707
vn 0.0787522528 0.968159066 0.237625977
vn 0.840142303 0.397116529 0.369404079
vn 0.110476838 0.87298531 0.475070012
vn 0.110476838 0.619188627 0.77743187
vn -0.0481460889 -0.300824351 0.952463471
vn 0.840142303 0.397116529 0.369404079
vn 0.332548936 0.301942772 0.893443768
vn 0.96339517 -0.268085334 -0
vn 0.779427292 -0.626492694 -0
vn 0.972899651 -0.231227743 -0
vn -0.11159526 -0.840142303 0.53076116
vn 0.142201424 -0.840142303 0.523392459
vn 0.707106781 -0.707106781 -0
vn -0.682637797 -0.713243961 0.159024178
vn 0.967040645 0.0798706743 0.24177069
vn 0.618070205 -0.0153030819 0.785973942
vn 0.522896449 -0.0470276674 0.851097939
vn -0.0481460889 -0.300824351 0.952463471
vn 0.967040645 0.0164215035 -0.254091963
vn -0.492290285 -0.0470276674 0.869159752
vn 0.0787522528 -0.300824351 0.950422429
vn 0.779427292 -0.626492694 -0
vn 0.659552452 -0.751658541 -0
vn 0.659552452 -0.751658541 -0
vn 0.572312777 -0.820035417 -0
vn 0.536735415 -0.843750611 -0
vn 0.536735415 -0.843750611 -0
vn 0.514333966 -0.857589979 -0
vn 0.490827994 -0.871256495 -0
vn 0.55093016 -0.834551352 -0
vn 0.572312777 -0.820035417 -0
vn 0.55093016 -0.834551352 -0
vn 0.58634562 -0.808417718 -0.0515713893
vn 0.58634562 -0.808417718 -0.0515713893
vn 0.110476838 -0.395998107 -0.911581246
vn 0.110476838 -0.395998107 -0.911581246
vn -0.714362383 -0.491171863 -0.498434135
vn 0.0470276674 0.968159066 -0.245878874
vn 0.808417718 0.587464041 -0.0366986943
vn -0.52401487 0.809536139 -0.264687845
vn 0.173926009 0.619188627 -0.765738329
vn 0.713243961 0.682637797 -0.159024178
vn -0.714362383 0.650913212 -0.256901491
vn 0.0153030819 0.714362383 -0.699608606
vn 0.0787522528 -0.967040645 -0.242137304
vn -0.619188627 -0.713243961 -0.328463843
vn 0.0153030819 -0.332548936 -0.942961834
vn -0.714362383 -0.554621034 -0.426710551
vn 0.0153030819 -0.459447278 -0.888073203
vn 0.681519376 -0.64979479 -0.336597787
vn 0.744968547 -0.554621034 -0.370698493
vn 0.0787522528 -0.967040645 -0.242137304
vn 0.744968547 -0.554621034 -0.370698493
vn 0.0153030819 -0.427722692 -0.903780457
vn -0.0164215035 -0.967040645 -0.254091963
vn 0.681519376 -0.64979479 -0.336597787
vn -0.0164215035 -0.967040645 -0.254091963
vn -0.936434481 -0.269099765 0.225112815
vn -0.746086968 -0.64979479 0.14533054
vn -0.968159066 -0.23737518 -0.0795050079
vn -0.936434481 0.0798706743 0.341630119
vn -0.936434481 0.0164215035 -0.350457982
vn -0.746086968 -0.64979479 0.14533054
vn -0.619188627 -0.776693132 0.115556147
vn -0.619188627 -0.776693132 0.115556147
vn -0.52401487 -0.840142303 -0.139890408
vn -0.491675682 -0.870778401 -0
vn -0.491675682 -0.870778401 -0
vn -0.460565699 -0.871866888 -0.16651536
vn -0.52401487 -0.840142303 -0.139890408
vn -0.0481460889 -0.300824351 0.952463471
vn 0.522896449 -0.0470276674 0.851097939
vn 0.0153030819 -0.99876523 -0.0472634179
vn -0.746086968 -0.64979479 0.14533054
vn 0.0786056366 -0.99690579 -0
vn -0.0797149316 -0.996817701 -0
vn -0.0481460889 -0.99876523 -0.0122461875
vn 0.0786056366 -0.99690579 -0
vn 0.0786056366 -0.99690579 -0
vn -0.0164215035 -0.99876523 -0.0468865568
vn 0.0470276674 -0.99876523 -0.0160129163
vn 0.0470276674 -0.99876523 -0.0160129163
vn -0.0164215035 -0.99876523 -0.0468865568
vn -0.0481460889 -0.99876523 -0.0122461875
vn 0.0786056366 -0.99690579 -0
vn 0.171559186 -0.985173815 -0
vn 0.140955719 -0.990015902 -0
vn -0.491675682 -0.870778401 -0
vn -0.491675682 -0.870778401 -0
vn -0.460565699 -0.871866888 -0.16651536
vn 0.20167405 -0.979452693 -0
vn -0.460565699 -0.871866888 0.16651536
vn 0.20167405 -0.979452693 -0
vn -0.52401487 -0.840142303 0.139890408
vn -0.52401487 -0.840142303 -0.139890408
vn 0.0786056366 -0.99690579 -0
vn -0.619188627 -0.776693132 0.115556147
vn -0.746086968 -0.64979479 0.14533054
vn 0.0786056366 -0.99690579 -0
vn 0.0786056366 -0.99690579 -0
vn 0.142201424 -0.967040645 -0.211213509
vn -0.52401487 -0.840142303 0.139890408
vn 0.713243961 -0.522896449 -0.466757277
vn -0.587464041 -0.776693132 -0.227230673
vn -0.0798706743 -0.364273522 -0.927860699
vn 0.0787522528 -0.967040645 -0.242137304
vn -0.587464041 -0.776693132 -0.227230673
vn -0.0164215035 -0.967040645 -0.254091963
vn 0.681519376 -0.64979479 -0.336597787
vn -0.0481460889 -0.99876523 -0.0122461875
vn -0.0481460889 -0.99876523 -0.0122461875
vn -0.11159526 -0.967040645 -0.228864347
vn 0.64979479 -0.744968547 -0.150958917
vn -0.111042232 -0.993815689 -0
vn 0.55093016 -0.834551352 -0
vn -0.714362383 -0.491171863 -0.498434135
vn 0.58634562 -0.808417718 -0.0515713893
vn 0.110476838 -0.395998107 -0.911581246
vn 0.490827994 -0.871256495 -0
vn -0.142042061 -0.989860623 -0
vn 0.514333966 -0.857589979 -0
vn -0.111042232 -0.993815689 -0
vn -0.0797149316 -0.996817701 -0
vn 0.536735415 -0.843750611 -0
vn 0.536735415 -0.843750611 -0
vn 0.572312777 -0.820035417 -0
vn -0.0481460889 -0.99876523 -0.0122461875
vn 0.659552452 -0.751658541 -0
vn 0.0153030819 -0.99876523 -0.0472634179
vn 0.779427292 -0.626492694 -0
vn -0.0481460889 -0.99876523 -0.0122461875
vn 0.779427292 -0.626492694 -0
vn -0.587464041 -0.776693132 -0.227230673
vn 0.744968547 -0.554621034 -0.370698493
vn 0.0153030819 -0.427722692 -0.903780457
vn 0.681519376 -0.64979479 -0.336597787
vn -0.619188627 -0.713243961 -0.328463843
vn 0.0153030819 -0.332548936 -0.942961834
vn 0.64979479 -0.744968547 -0.150958917
vn -0.714362383 -0.554621034 -0.426710551
vn 0.0153030819 -0.459447278 -0.888073203
vn 0.713243961 -0.522896449 -0.466757277
vn 0.142201424 -0.967040645 -0.211213509
vn 0.713243961 -0.522896449 -0.466757277
vn -0.0798706743 -0.364273522 -0.927860699
vn 0.142201424 -0.967040645 -0.211213509
vn -0.587464041 -0.776693132 -0.227230673
vn -0.587464041 -0.776693132 -0.227230673
vn -0.143319845 0.619188627 -0.772052373
vn -0.587464041 -0.776693132 -0.227230673
vn 0.0153030819 -0.427722692 -0.903780457
vn -0.52401487 -0.840142303 0.139890408
vn -0.587464041 -0.776693132 -0.227230673
vn -0.270218187 0.682637797 -0.678960801
vn -0.587464041 -0.776693132 -0.227230673
vn -0.0798706743 -0.364273522 -0.927860699
vn -0.714362383 -0.491171863 -0.498434135
vn -0.11159526 -0.967040645 -0.228864347
vn -0.11159526 -0.967040645 -0.228864347
vn 0.64979479 -0.744968547 -0.150958917
vn 0.64979479 -0.744968547 -0.150958917
vn 0.64979479 -0.744968547 -0.150958917
vn 0.0153030819 -0.459447278 -0.888073203
vn 0.681519376 -0.64979479 -0.336597787
vn 0.0153030819 -0.332548936 -0.942961834
vn -0.841260725 0.11159526 -0.528986665
vn 0.491171863 0.555739456 -0.670748729
vn 0.618070205 0.492290285 -0.61289436
vn -0.841260725 0.0481460889 -0.53848152
vn -0.619188627 0.365391943 -0.695049763
vn -0.428841114 -0.332548936 0.839944346
vn -0.492290285 -0.459447278 0.739295931
vn -0.333667358 0.301942772 0.893026683
vn -0.587464041 0.492290285 -0.642289869
vn -0.270218187 -0.64979479 -0.710456798
vn -0.492290285 -0.269099765 -0.827789582
vn 0.427722692 0.587464041 -0.686978383
vn 0.427722692 0.619188627 -0.658527709
vn -0.650913212 0.301942772 -0.696521753
vn -0.365391943 -0.364273522 0.856617493
vn 0.0153030819 -0.681519376 0.731640045
vn -0.460565699 0.238493601 0.854985403
vn -0.619188627 0.460565699 -0.635991101
vn -0.365391943 -0.681519376 -0.634050525
vn -0.746086968 -0.300824351 -0.594019314
vn -0.0164215035 0.87298531 -0.487469981
vn 0.427722692 0.619188627 -0.658527709
vn -0.555739456 -0.713243961 -0.427126104
vn -0.904709895 0.175044431 -0.388406298
vn 0.0470276674 0.936434481 0.347676375
vn -0.365391943 -0.681519376 -0.634050525
vn -0.619188627 -0.58634562 0.522306671
vn -0.0798706743 -0.808417718 0.583165045
vn 0.332548936 -0.808417718 0.485666551
vn -0.555739456 -0.713243961 -0.427126104
vn 0.0470276674 0.936434481 0.347676375
vn -0.904709895 0.175044431 -0.388406298
vn 0.618070205 0.492290285 -0.61289436
vn 0.808417718 0.0164215035 0.588380088
vn 0.776693132 -0.110476838 0.620115027
vn 0.491171863 0.555739456 -0.670748729
vn -0.492290285 -0.459447278 0.739295931
vn -0.492290285 -0.459447278 0.739295931
vn 0.776693132 0.175044431 0.605067951
vn 0.427722692 0.587464041 -0.686978383
vn 0.776693132 0.301942772 0.552791408
vn 0.427722692 0.619188627 -0.658527709
vn -0.428841114 -0.332548936 0.839944346
vn 0.0153030819 -0.681519376 0.731640045
vn -0.333667358 0.301942772 0.893026683
vn 0.173926009 -0.840142303 0.513722351
vn 0.364273522 -0.808417718 0.462347916
vn 0.110476838 0.936434481 0.332994491
vn 0.776693132 0.301942772 0.552791408
vn -0.365391943 -0.364273522 0.856617493
vn 0.491171863 0.746086968 0.44956027
vn 0.0470276674 0.11159526 0.992640366
vn 0.427722692 0.619188627 -0.658527709
vn -0.397116529 0.587464041 0.705113085
vn -0.365391943 -0.364273522 0.856617493
vn -0.619188627 -0.58634562 0.522306671
vn -0.460565699 0.238493601 0.854985403
vn -0.0798706743 -0.808417718 0.583165045
vn -0.619188627 -0.58634562 0.522306671
vn -0.968159066 -0.173926009 0.180049342
vn -0.936434481 -0.110476838 0.332994491
vn -0.492290285 0.809536139 0.31984608
vn 0.427722692 0.587464041 0.686978383
vn -0.460565699 0.746086968 0.480867416
vn 0.0470276674 0.87298531 -0.485474044
vn -0.0164215035 0.87298531 -0.487469981
vn 0.427722692 0.619188627 -0.658527709
vn -0.397116529 0.809536139 -0.432376806
vn 0.427722692 0.809536139 -0.402125027
vn 0.0153030819 0.682637797 -0.730596642
vn -0.397116529 0.619188627 -0.677424466
vn -0.746086968 0.301942772 0.593451597
vn -0.0164215035 0.11159526 0.993618051
vn -0.746086968 0.301942772 0.593451597
vn 0.64979479 -0.58634562 0.48369985
vn 0.395998107 -0.364273522 0.842905867
vn 0.491171863 0.238493601 0.837777418
vn 0.110476838 -0.808417718 0.578148478
vn -0.746086968 0.301942772 0.593451597
vn 0.0153030819 -0.681519376 0.731640045
vn -0.746086968 0.175044431 0.642427959
vn 0.459447278 -0.332548936 0.823601484
vn -0.397116529 0.587464041 -0.705113085
vn -0.397116529 0.619188627 -0.677424466
vn 0.364273522 0.301942772 0.88098545
vn -0.143319845 -0.840142303 0.523087309
vn -0.333667358 -0.808417718 0.484898843
vn -0.0481460889 0.936434481 0.347523261
vn -0.460565699 0.555739456 -0.692122022
vn -0.777811554 0.0164215035 0.628282994
vn -0.587464041 0.492290285 -0.642289869
vn -0.746086968 -0.110476838 0.656619451
vn 0.522896449 -0.459447278 0.717974584
vn 0.522896449 -0.459447278 0.717974584
vn -0.746086968 -0.300824351 -0.594019314
vn 0.0153030819 -0.967040645 -0.254161773
vn 0.0153030819 -0.99876523 -0.0472634179
vn -0.968159066 -0.0787522528 -0.237625977
vn 0.0153030819 -0.99876523 0.0472634179
vn 0.0153030819 -0.871866888 -0.489503774
vn -0.619188627 -0.0153030819 -0.785093154
vn 0.64979479 -0.0153030819 -0.759955621
vn 0.0153030819 0.682637797 -0.730596642
vn -0.397116529 0.809536139 -0.432376806
vn -0.746086968 -0.300824351 -0.594019314
vn -0.0164215035 0.87298531 -0.487469981
vn 0.808417718 -0.300824351 -0.505930335
vn 0.99690579 -0.0786056366 -0
vn 0.0153030819 -0.99876523 0.0472634179
vn 0.0153030819 -0.871866888 -0.489503774
vn 0.64979479 -0.0153030819 -0.759955621
vn 0.0153030819 0.682637797 -0.730596642
vn 0.427722692 0.809536139 -0.402125027
vn 0.0470276674 0.87298531 -0.485474044
vn 0.0153030819 -0.967040645 -0.254161773
vn -0.619188627 -0.58634562 0.522306671
vn -0.968159066 -0.173926009 0.180049342
vn 0.0153030819 -0.713243961 -0.70074879
vn 0.0153030819 -0.935316059 -0.353482227
vn -0.936434481 -0.110476838 0.332994491
vn 0.0153030819 -0.681519376 0.731640045
vn 0.0153030819 0.365391943 0.930727964
vn 0.0153030819 -0.967040645 -0.254161773
vn 0.64979479 -0.58634562 0.48369985
vn 0.985173815 -0.171559186 -0
vn 0.0153030819 -0.713243961 -0.70074879
vn 0.0153030819 -0.935316059 -0.353482227
vn 0.967040645 -0.110476838 0.22940632
vn 0.0153030819 -0.681519376 0.731640045
vn 0.0153030819 0.365391943 0.930727964
vn 0.0153030819 0.365391943 0.930727964
vn -0.936434481 -0.110476838 0.332994491
vn 0.522896449 0.809536139 0.266890508
vn 0.967040645 -0.110476838 0.22940632
vn 0.985173815 -0.171559186 -0
vn 0.64979479 -0.58634562 0.48369985
vn 0.173926009 -0.840142303 0.513722351
vn -0.492290285 -0.269099765 -0.827789582
vn 0.364273522 -0.808417718 0.462347916
vn -0.555739456 -0.713243961 -0.427126104
vn -0.904709895 0.238493601 -0.353016724
vn 0.0153030819 -0.681519376 0.731640045
vn 0.110476838 0.936434481 0.332994491
vn 0.110476838 0.936434481 0.332994491
vn -0.904709895 0.238493601 -0.353016724
vn 0.110476838 0.936434481 0.332994491
vn -0.936434481 0.238493601 0.257315497
vn -0.904709895 0.238493601 -0.353016724
vn 0.110476838 0.936434481 0.332994491
vn 0.269099765 0.936434481 -0.225112815
vn -0.746086968 -0.269099765 0.60904807
vn -0.460565699 -0.871866888 -0.16651536
vn -0.904709895 0.238493601 -0.353016724
vn -0.555739456 -0.713243961 -0.427126104
vn 0.364273522 -0.808417718 0.462347916
vn 0.840142303 -0.522896449 0.144014633
vn -0.746086968 -0.269099765 0.60904807
vn 0.776693132 -0.459447278 0.430878147
vn 0.110476838 0.682637797 0.722357602
vn -0.746086968 -0.269099765 0.60904807
vn -0.746086968 -0.269099765 0.60904807
vn 0.110476838 0.682637797 0.722357602
vn 0.110476838 0.936434481 0.332994491
vn 0.840142303 -0.522896449 0.144014633
vn 0.269099765 0.936434481 -0.225112815
vn 0.364273522 -0.808417718 0.462347916
vn 0.776693132 -0.459447278 0.430878147
vn 0.110476838 0.682637797 0.722357602
vn 0.332548936 -0.808417718 0.485666551
vn -0.428759175 -0.903418823 -0
vn 0.840142303 -0.522896449 0.144014633
vn -0.555739456 -0.713243961 -0.427126104
vn -0.746086968 -0.332548936 0.57685825
vn 0.776693132 -0.427722692 0.462386285
vn 0.0153030819 0.650913212 0.758997896
vn -0.904709895 0.175044431 -0.388406298
vn -0.555739456 -0.713243961 -0.427126104
vn -0.968159066 0.143319845 0.205249712
vn -0.746086968 -0.332548936 0.57685825
vn 0.0470276674 0.936434481 0.347676375
vn -0.904709895 0.175044431 -0.388406298
vn 0.173926009 0.968159066 0.180049342
vn -0.746086968 -0.332548936 0.57685825
vn 0.0153030819 0.650913212 0.758997896
vn 0.0470276674 0.936434481 0.347676375
vn 0.840142303 -0.522896449 0.144014633
vn 0.173926009 0.968159066 0.180049342
vn 0.332548936 -0.808417718 0.485666551
vn 0.776693132 -0.427722692 0.462386285
vn 0.0153030819 0.650913212 0.758997896
vn 0.332548936 -0.808417718 0.485666551
vn -0.460565699 0.238493601 0.854985403
vn 0.0470276674 0.936434481 0.347676375
vn -0.492290285 -0.459447278 0.739295931
vn 0.871866888 0.11159526 -0.476859127
vn -0.460565699 0.555739456 -0.692122022
vn 0.871866888 0.0481460889 -0.487370581
vn -0.587464041 0.492290285 -0.642289869
vn 0.64979479 0.365391943 -0.666524912
vn 0.459447278 -0.332548936 0.823601484
vn 0.522896449 -0.459447278 0.717974584
vn 0.364273522 0.301942772 0.88098545
vn 0.618070205 0.492290285 -0.61289436
vn 0.300824351 -0.64979479 -0.698048308
vn 0.522896449 -0.269099765 -0.808804439
vn -0.397116529 0.587464041 -0.705113085
vn -0.397116529 0.619188627 -0.677424466
vn 0.681519376 0.301942772 -0.666604757
vn 0.395998107 -0.364273522 0.842905867
vn 0.0153030819 -0.681519376 0.731640045
vn 0.491171863 0.238493601 0.837777418
vn 0.64979479 0.460565699 -0.604686668
vn 0.395998107 -0.681519376 -0.61539974
vn 0.808417718 -0.300824351 -0.505930335
vn 0.0470276674 0.87298531 -0.485474044
vn -0.397116529 0.619188627 -0.677424466
vn 0.58634562 -0.713243961 -0.384033678
vn 0.935316059 0.175044431 -0.307478969
vn -0.0164215035 0.936434481 0.350457982
vn 0.522896449 -0.269099765 -0.808804439
vn -0.143319845 -0.840142303 0.523087309
vn 0.0153030819 -0.681519376 0.731640045
vn -0.333667358 -0.808417718 0.484898843
vn 0.58634562 -0.713243961 -0.384033678
vn 0.935316059 0.238493601 -0.261351624
vn -0.0164215035 0.936434481 0.350457982
vn 0.935316059 0.175044431 -0.307478969
vn -0.0481460889 0.936434481 0.347523261
vn 0.935316059 0.238493601 -0.261351624
vn 0.64979479 -0.58634562 0.48369985
vn 0.395998107 -0.681519376 -0.61539974
vn 0.808417718 -0.300824351 -0.505930335
vn 0.110476838 -0.808417718 0.578148478
vn -0.301942772 -0.808417718 0.50526365
vn 0.58634562 -0.713243961 -0.384033678
vn -0.0481460889 0.936434481 0.347523261
vn 0.967040645 0.238493601 0.0891806787
vn -0.238493601 0.968159066 0.0760843242
vn 0.935316059 0.238493601 -0.261351624
vn 0.776693132 -0.269099765 0.569502498
vn 0.935316059 0.238493601 -0.261351624
vn 0.514333966 -0.857589979 -0
vn 0.58634562 -0.713243961 -0.384033678
vn -0.333667358 -0.808417718 0.484898843
vn -0.809536139 -0.522896449 0.266890508
vn 0.776693132 -0.269099765 0.569502498
vn -0.746086968 -0.459447278 0.481936131
vn -0.0798706743 0.682637797 0.726378904
vn 0.776693132 -0.269099765 0.569502498
vn 0.776693132 -0.269099765 0.569502498
vn -0.0798706743 0.682637797 0.726378904
vn -0.0481460889 0.936434481 0.347523261
vn -0.809536139 -0.522896449 0.266890508
vn -0.333667358 -0.808417718 0.484898843
vn -0.238493601 0.968159066 0.0760843242
vn -0.746086968 -0.459447278 0.481936131
vn -0.0798706743 0.682637797 0.726378904
vn -0.301942772 -0.808417718 0.50526365
vn 0.47758053 -0.878587979 -0
vn 0.58634562 -0.713243961 -0.384033678
vn -0.809536139 -0.522896449 0.266890508
vn 0.776693132 -0.332548936 0.534938299
vn -0.746086968 -0.427722692 0.510301415
vn 0.0153030819 0.650913212 0.758997896
vn 0.935316059 0.175044431 -0.307478969
vn 0.993815689 0.111042232 -0
vn 0.58634562 -0.713243961 -0.384033678
vn 0.776693132 -0.332548936 0.534938299
vn -0.0164215035 0.936434481 0.350457982
vn -0.143319845 0.968159066 0.205249712
vn 0.935316059 0.175044431 -0.307478969
vn 0.776693132 -0.332548936 0.534938299
vn 0.776693132 -0.332548936 0.534938299
vn 0.0153030819 0.650913212 0.758997896
vn -0.0164215035 0.936434481 0.350457982
vn -0.809536139 -0.522896449 0.266890508
vn -0.301942772 -0.808417718 0.50526365
vn -0.0164215035 0.936434481 0.350457982
vn -0.143319845 0.968159066 0.205249712
vn -0.746086968 -0.427722692 0.510301415
vn 0.0153030819 0.650913212 0.758997896
vn -0.301942772 -0.808417718 0.50526365
vn 0.491171863 0.238493601 0.837777418
vn 0.522896449 -0.459447278 0.717974584
g blue_asn_f_pve_2_torso_0
f 3/3/3 2/2/2 1/1/1
f 4/4/4 1/1/1 2/2/2
f 4/4/4 5/5/5 1/1/1
f 6/6/6 1/1/1 5/5/5
f 6/6/6 7/7/7 1/1/1
f 8/8/8 1/1/1 7/7/7
f 8/8/8 9/9/9 1/1/1
f 3/3/3 1/1/1 9/9/9
f 9/9/9 10/10/10 3/3/3
f 11/11/11 3/3/3 10/10/10
f 10/10/10 12/12/12 11/11/11
f 8/8/8 7/7/7 13/13/13
f 8/8/8 13/13/13 9/9/9
f 10/10/10 9/9/9 13/13/13
f 14/14/14 13/13/13 7/7/7
f 7/7/7 6/6/6 14/14/14
f 6/6/6 5/5/5 15/15/15
f 16/16/16 15/15/15 5/5/5
f 4/4/4 2/2/2 17/17/17
f 18/18/18 17/17/17 2/2/2
f 19/19/19 14/14/14 6/6/6
f 6/6/6 15/15/15 19/19/19
f 14/14/14 19/19/19 20/20/20
f 21/21/21 20/20/20 19/19/19
f 19/19/19 22/22/22 21/21/21
f 23/23/23 21/21/21 22/22/22
f 21/21/21 23/23/23 24/24/24
f 25/25/25 24/24/24 23/23/23
f 24/24/24 25/25/25 26/26/26
f 24/24/24 26/26/26 27/27/27
f 24/24/24 27/27/27 21/21/21
f 20/20/20 21/21/21 27/27/27
f 28/28/28 27/27/27 26/26/26
f 27/27/27 29/29/29 20/20/20
f 30/30/30 20/20/20 29/29/29
f 20/20/20 30/30/30 14/14/14
f 13/13/13 14/14/14 30/30/30
f 30/30/30 29/29/29 31/31/31
f 31/31/31 29/29/29 32/32/32
f 32/32/32 33/33/33 31/31/31
f 34/34/34 31/31/31 33/33/33
f 35/35/35 33/33/33 32/32/32
f 35/35/35 36/36/36 33/33/33
f 37/37/37 33/33/33 36/36/36
f 38/38/38 32/32/32 29/29/29
f 30/30/30 31/31/31 39/39/39
f 34/34/34 39/39/39 31/31/31
f 39/39/39 13/13/13 30/30/30
f 13/13/13 39/39/39 40/40/40
f 39/39/39 34/34/34 40/40/40
f 13/13/13 40/40/40 10/10/10
f 12/12/12 10/10/10 40/40/40
f 41/41/41 40/40/40 34/34/34
f 40/40/40 41/41/41 12/12/12
f 42/42/42 41/41/41 34/34/34
f 34/34/34 33/33/33 42/42/42
f 42/42/42 43/43/43 41/41/41
f 44/44/44 41/41/41 43/43/43
f 44/44/44 12/12/12 41/41/41
f 44/44/44 43/43/43 45/45/45
f 46/46/46 12/12/12 44/44/44
f 44/44/44 47/47/47 46/46/46
f 48/48/48 46/46/46 47/47/47
f 49/49/49 38/38/38 29/29/29
f 29/29/29 27/27/27 49/49/49
f 28/28/28 49/49/49 27/27/27
f 12/12/12 50/50/50 11/11/11
f 51/51/51 11/11/11 50/50/50
f 50/50/50 52/52/52 51/51/51
f 53/53/53 51/51/51 52/52/52
f 51/51/51 53/53/53 54/54/54
f 55/55/55 54/54/54 53/53/53
f 55/55/55 56/56/56 54/54/54
f 57/57/57 54/54/54 56/56/56
f 56/56/56 58/58/58 57/57/57
f 59/59/59 57/57/57 58/58/58
f 60/60/60 59/59/59 58/58/58
f 60/60/60 61/61/61 59/59/59
f 62/62/62 59/59/59 61/61/61
f 22/22/22 62/62/62 61/61/61
f 61/61/61 63/63/63 22/22/22
f 61/61/61 60/60/60 63/63/63
f 23/23/23 22/22/22 63/63/63
f 58/58/58 56/56/56 64/64/64
f 65/65/65 64/64/64 56/56/56
f 52/52/52 66/66/66 53/53/53
f 52/52/52 67/67/67 66/66/66
f 68/68/68 66/66/66 67/67/67
f 67/67/67 52/52/52 69/69/69
f 50/50/50 69/69/69 52/52/52
f 67/67/67 69/69/69 70/70/70
f 71/71/71 70/70/70 69/69/69
f 71/71/71 69/69/69 72/72/72
f 73/73/73 72/72/72 69/69/69
f 73/73/73 74/74/74 72/72/72
f 75/75/75 72/72/72 74/74/74
f 75/75/75 76/76/76 72/72/72
f 75/75/75 77/77/77 76/76/76
f 78/78/78 76/76/76 77/77/77
f 78/78/78 79/79/79 76/76/76
f 80/80/80 76/76/76 79/79/79
f 79/79/79 81/81/81 80/80/80
f 82/82/82 80/80/80 81/81/81
f 83/83/83 72/72/72 76/76/76
f 76/76/76 80/80/80 83/83/83
f 72/72/72 83/83/83 71/71/71
f 77/77/77 75/75/75 84/84/84
f 74/74/74 84/84/84 75/75/75
f 85/85/85 83/83/83 80/80/80
f 80/80/80 82/82/82 85/85/85
f 86/86/86 71/71/71 83/83/83
f 86/86/86 87/87/87 71/71/71
f 87/87/87 86/86/86 88/88/88
f 88/88/88 89/89/89 87/87/87
f 90/90/90 87/87/87 89/89/89
f 87/87/87 90/90/90 70/70/70
f 91/91/91 70/70/70 90/90/90
f 92/92/92 91/91/91 90/90/90
f 91/91/91 92/92/92 93/93/93
f 91/91/91 93/93/93 68/68/68
f 94/94/94 68/68/68 93/93/93
f 94/94/94 93/93/93 95/95/95
f 94/94/94 95/95/95 96/96/96
f 94/94/94 96/96/96 68/68/68
f 97/97/97 96/96/96 95/95/95
f 97/97/97 98/98/98 96/96/96
f 99/99/99 96/96/96 98/98/98
f 96/96/96 99/99/99 66/66/66
f 66/66/66 68/68/68 96/96/96
f 93/93/93 100/100/100 95/95/95
f 100/100/100 93/93/93 92/92/92
f 92/92/92 101/101/101 100/100/100
f 102/102/102 100/100/100 101/101/101
f 100/100/100 102/102/102 103/103/103
f 103/103/103 95/95/95 100/100/100
f 104/104/104 103/103/103 102/102/102
f 103/103/103 104/104/104 105/105/105
f 106/106/106 105/105/105 104/104/104
f 104/104/104 107/107/107 106/106/106
f 108/108/108 106/106/106 107/107/107
f 108/108/108 107/107/107 109/109/109
f 110/110/110 109/109/109 107/107/107
f 109/109/109 110/110/110 111/111/111
f 111/111/111 110/110/110 112/112/112
f 113/113/113 112/112/112 110/110/110
f 110/110/110 107/107/107 113/113/113
f 113/113/113 114/114/114 112/112/112
f 115/115/115 112/112/112 114/114/114
f 113/113/113 116/116/116 114/114/114
f 116/116/116 113/113/113 107/107/107
f 107/107/107 104/104/104 116/116/116
f 102/102/102 116/116/116 104/104/104
f 117/117/117 114/114/114 116/116/116
f 116/116/116 102/102/102 117/117/117
f 114/114/114 117/117/117 118/118/118
f 114/114/114 118/118/118 115/115/115
f 119/119/119 118/118/118 117/117/117
f 119/119/119 120/120/120 118/118/118
f 121/121/121 118/118/118 120/120/120
f 121/121/121 120/120/120 122/122/122
f 123/123/123 122/122/122 120/120/120
f 111/111/111 124/124/124 109/109/109
f 125/125/125 109/109/109 124/124/124
f 123/123/123 120/120/120 126/126/126
f 127/127/127 126/126/126 120/120/120
f 120/120/120 119/119/119 127/127/127
f 126/126/126 127/127/127 128/128/128
f 129/129/129 128/128/128 127/127/127
f 127/127/127 130/130/130 129/129/129
f 130/130/130 127/127/127 119/119/119
f 131/131/131 129/129/129 130/130/130
f 130/130/130 101/101/101 131/131/131
f 117/117/117 101/101/101 119/119/119
f 130/130/130 119/119/119 101/101/101
f 92/92/92 131/131/131 101/101/101
f 126/126/126 132/132/132 123/123/123
f 133/133/133 123/123/123 132/132/132
f 134/134/134 128/128/128 129/129/129
f 134/134/134 129/129/129 135/135/135
f 136/136/136 135/135/135 129/129/129
f 135/135/135 136/136/136 137/137/137
f 138/138/138 137/137/137 136/136/136
f 138/138/138 136/136/136 88/88/88
f 89/89/89 88/88/88 136/136/136
f 136/136/136 129/129/129 89/89/89
f 131/131/131 89/89/89 129/129/129
f 89/89/89 131/131/131 90/90/90
f 92/92/92 90/90/90 131/131/131
f 135/135/135 137/137/137 139/139/139
f 134/134/134 135/135/135 139/139/139
f 140/140/140 139/139/139 137/137/137
f 140/140/140 137/137/137 141/141/141
f 142/142/142 141/141/141 137/137/137
f 141/141/141 142/142/142 143/143/143
f 144/144/144 143/143/143 142/142/142
f 144/144/144 145/145/145 143/143/143
f 146/146/146 143/143/143 145/145/145
f 145/145/145 147/147/147 146/146/146
f 145/145/145 144/144/144 148/148/148
f 144/144/144 142/142/142 148/148/148
f 148/148/148 82/82/82 145/145/145
f 149/149/149 145/145/145 82/82/82
f 145/145/145 149/149/149 147/147/147
f 82/82/82 150/150/150 149/149/149
f 151/151/151 149/149/149 150/150/150
f 152/152/152 148/148/148 142/142/142
f 148/148/148 152/152/152 85/85/85
f 148/148/148 85/85/85 82/82/82
f 153/153/153 85/85/85 152/152/152
f 85/85/85 153/153/153 83/83/83
f 86/86/86 83/83/83 153/153/153
f 153/153/153 88/88/88 86/86/86
f 88/88/88 153/153/153 138/138/138
f 152/152/152 138/138/138 153/153/153
f 138/138/138 152/152/152 137/137/137
f 142/142/142 137/137/137 152/152/152
f 154/154/154 147/147/147 149/149/149
f 149/149/149 155/155/155 154/154/154
f 156/156/156 154/154/154 155/155/155
f 159/159/159 158/158/158 157/157/157
f 160/160/160 157/157/157 158/158/158
f 157/157/157 161/161/161 159/159/159
f 162/162/162 159/159/159 161/161/161
f 159/159/159 162/162/162 163/163/163
f 159/159/159 163/163/163 158/158/158
f 164/164/164 163/163/163 162/162/162
f 163/163/163 164/164/164 165/165/165
f 166/166/166 165/165/165 164/164/164
f 160/160/160 167/167/167 157/157/157
f 168/168/168 157/157/157 167/167/167
f 157/157/157 168/168/168 161/161/161
f 169/169/169 161/161/161 168/168/168
f 168/168/168 170/170/170 169/169/169
f 170/170/170 168/168/168 167/167/167
f 171/171/171 169/169/169 170/170/170
f 171/171/171 170/170/170 172/172/172
f 172/172/172 173/173/173 171/171/171
f 176/176/176 175/175/175 174/174/174
f 177/177/177 174/174/174 175/175/175
f 177/177/177 175/175/175 178/178/178
f 179/179/179 178/178/178 175/175/175
f 178/178/178 179/179/179 180/180/180
f 181/181/181 180/180/180 179/179/179
f 180/180/180 181/181/181 182/182/182
f 183/183/183 182/182/182 181/181/181
f 183/183/183 184/184/184 182/182/182
f 185/185/185 182/182/182 184/184/184
f 184/184/184 186/186/186 185/185/185
f 187/187/187 185/185/185 186/186/186
f 186/186/186 188/188/188 187/187/187
f 189/189/189 187/187/187 188/188/188
f 189/189/189 188/188/188 190/190/190
f 191/191/191 190/190/190 188/188/188
f 193/193/193 192/192/192 25/25/25
f 193/193/193 25/25/25 194/194/194
f 195/195/195 194/194/194 25/25/25
f 25/25/25 196/196/196 195/195/195
f 25/25/25 23/23/23 197/197/197
f 198/198/198 196/196/196 23/23/23
f 197/197/197 198/198/198 199/199/199
f 200/200/200 199/199/199 198/198/198
f 200/200/200 198/198/198 201/201/201
f 201/201/201 202/202/202 200/200/200
f 203/203/203 200/200/200 202/202/202
f 200/200/200 203/203/203 204/204/204
f 205/205/205 204/204/204 203/203/203
f 203/203/203 202/202/202 206/206/206
f 203/203/203 206/206/206 205/205/205
f 64/64/64 206/206/206 202/202/202
f 64/64/64 202/202/202 58/58/58
f 202/202/202 201/201/201 58/58/58
f 207/207/207 205/205/205 206/206/206
f 207/207/207 208/208/208 205/205/205
f 209/209/209 205/205/205 208/208/208
f 208/208/208 210/210/210 209/209/209
f 63/63/63 201/201/201 198/198/198
f 206/206/206 64/64/64 211/211/211
f 206/206/206 211/211/211 207/207/207
f 208/208/208 207/207/207 211/211/211
f 65/65/65 211/211/211 64/64/64
f 211/211/211 65/65/65 97/97/97
f 211/211/211 97/97/97 208/208/208
f 98/98/98 97/97/97 65/65/65
f 95/95/95 208/208/208 97/97/97
f 210/210/210 208/208/208 95/95/95
f 103/103/103 210/210/210 95/95/95
f 210/210/210 103/103/103 212/212/212
f 213/213/213 212/212/212 103/103/103
f 212/212/212 213/213/213 214/214/214
f 215/215/215 214/214/214 213/213/213
f 213/213/213 105/105/105 215/215/215
f 103/103/103 105/105/105 213/213/213
f 216/216/216 215/215/215 105/105/105
f 216/216/216 217/217/217 215/215/215
f 218/218/218 215/215/215 217/217/217
f 219/219/219 214/214/214 215/215/215
f 218/218/218 219/219/219 215/215/215
f 217/217/217 220/220/220 218/218/218
f 220/220/220 221/221/221 218/218/218
f 222/222/222 218/218/218 221/221/221
f 218/218/218 222/222/222 219/219/219
f 105/105/105 106/106/106 216/216/216
f 108/108/108 216/216/216 106/106/106
f 216/216/216 108/108/108 217/217/217
f 223/223/223 217/217/217 108/108/108
f 223/223/223 108/108/108 125/125/125
f 109/109/109 125/125/125 108/108/108
f 223/223/223 125/125/125 224/224/224
f 225/225/225 223/223/223 224/224/224
f 223/223/223 225/225/225 226/226/226
f 220/220/220 217/217/217 226/226/226
f 223/223/223 226/226/226 217/217/217
f 125/125/125 227/227/227 224/224/224
f 228/228/228 224/224/224 227/227/227
f 227/227/227 229/229/229 228/228/228
f 232/232/232 231/231/231 230/230/230
f 233/233/233 230/230/230 231/231/231
f 233/233/233 234/234/234 230/230/230
f 235/235/235 230/230/230 234/234/234
f 231/231/231 232/232/232 236/236/236
f 237/237/237 236/236/236 232/232/232
f 236/236/236 237/237/237 238/238/238
f 239/239/239 238/238/238 237/237/237
f 238/238/238 239/239/239 240/240/240
f 241/241/241 240/240/240 239/239/239
f 241/241/241 242/242/242 240/240/240
f 242/242/242 241/241/241 243/243/243
f 244/244/244 243/243/243 241/241/241
f 243/243/243 244/244/244 245/245/245
f 246/246/246 235/235/235 234/234/234
f 235/235/235 246/246/246 247/247/247
f 248/248/248 247/247/247 246/246/246
f 241/241/241 239/239/239 249/249/249
f 250/250/250 249/249/249 239/239/239
f 239/239/239 237/237/237 250/250/250
f 250/250/250 251/251/251 249/249/249
f 252/252/252 249/249/249 251/251/251
f 249/249/249 252/252/252 253/253/253
f 244/244/244 241/241/241 253/253/253
f 249/249/249 253/253/253 241/241/241
f 254/254/254 253/253/253 252/252/252
f 251/251/251 255/255/255 252/252/252
f 256/256/256 255/255/255 251/251/251
f 257/257/257 252/252/252 255/255/255
f 252/252/252 257/257/257 254/254/254
f 258/258/258 254/254/254 257/257/257
f 250/250/250 259/259/259 251/251/251
f 260/260/260 251/251/251 259/259/259
f 259/259/259 261/261/261 260/260/260
f 262/262/262 260/260/260 261/261/261
f 262/262/262 261/261/261 263/263/263
f 264/264/264 263/263/263 261/261/261
f 264/264/264 265/265/265 263/263/263
f 266/266/266 263/263/263 265/265/265
f 261/261/261 259/259/259 230/230/230
f 230/230/230 235/235/235 261/261/261
f 261/261/261 235/235/235 264/264/264
f 232/232/232 230/230/230 259/259/259
f 247/247/247 264/264/264 235/235/235
f 264/264/264 247/247/247 267/267/267
f 268/268/268 267/267/267 247/247/247
f 247/247/247 248/248/248 268/268/268
f 269/269/269 268/268/268 248/248/248
f 232/232/232 259/259/259 237/237/237
f 250/250/250 237/237/237 259/259/259
f 265/265/265 270/270/270 266/266/266
f 270/270/270 271/271/271 266/266/266
f 272/272/272 266/266/266 271/271/271
f 273/273/273 266/266/266 272/272/272
f 266/266/266 273/273/273 274/274/274
f 274/274/274 273/273/273 275/275/275
f 4/4/4 276/276/276 5/5/5
f 16/16/16 5/5/5 276/276/276
f 4/4/4 17/17/17 276/276/276
f 277/277/277 16/16/16 276/276/276
f 16/16/16 277/277/277 15/15/15
f 62/62/62 15/15/15 277/277/277
f 19/19/19 15/15/15 62/62/62
f 276/276/276 17/17/17 57/57/57
f 276/276/276 57/57/57 277/277/277
f 54/54/54 57/57/57 17/17/17
f 22/22/22 19/19/19 62/62/62
f 62/62/62 277/277/277 59/59/59
f 57/57/57 59/59/59 277/277/277
f 17/17/17 18/18/18 54/54/54
f 51/51/51 54/54/54 18/18/18
f 18/18/18 278/278/278 51/51/51
f 18/18/18 2/2/2 278/278/278
f 3/3/3 278/278/278 2/2/2
f 3/3/3 11/11/11 278/278/278
f 278/278/278 11/11/11 51/51/51
f 281/281/281 280/280/280 279/279/279
f 33/33/33 279/279/279 280/280/280
f 283/283/283 33/33/33 282/282/282
f 283/283/283 42/42/42 33/33/33
f 286/286/286 285/285/285 284/284/284
f 285/285/285 286/286/286 287/287/287
f 288/288/288 287/287/287 286/286/286
f 287/287/287 288/288/288 289/289/289
f 287/287/287 289/289/289 290/290/290
f 288/288/288 291/291/291 289/289/289
f 292/292/292 289/289/289 291/291/291
f 292/292/292 291/291/291 293/293/293
f 294/294/294 293/293/293 291/291/291
f 293/293/293 294/294/294 295/295/295
f 296/296/296 295/295/295 294/294/294
f 289/289/289 292/292/292 297/297/297
f 298/298/298 297/297/297 292/292/292
f 297/297/297 298/298/298 299/299/299
f 300/300/300 299/299/299 298/298/298
f 287/287/287 301/301/301 297/297/297
f 299/299/299 302/302/302 297/297/297
f 287/287/287 297/297/297 302/302/302
f 302/302/302 303/303/303 287/287/287
f 289/289/289 297/297/297 304/304/304
f 300/300/300 305/305/305 299/299/299
f 306/306/306 299/299/299 305/305/305
f 299/299/299 306/306/306 302/302/302
f 305/305/305 307/307/307 306/306/306
f 308/308/308 306/306/306 307/307/307
f 302/302/302 309/309/309 303/303/303
f 309/309/309 302/302/302 306/306/306
f 310/310/310 309/309/309 308/308/308
f 310/310/310 311/311/311 309/309/309
f 312/312/312 309/309/309 311/311/311
f 312/312/312 311/311/311 313/313/313
f 308/308/308 309/309/309 314/314/314
f 315/315/315 303/303/303 309/309/309
f 303/303/303 315/315/315 316/316/316
f 303/303/303 316/316/316 317/317/317
f 317/317/317 287/287/287 303/303/303
f 318/318/318 317/317/317 316/316/316
f 317/317/317 318/318/318 319/319/319
f 318/318/318 316/316/316 320/320/320
f 318/318/318 320/320/320 321/321/321
f 318/318/318 321/321/321 322/322/322
f 323/323/323 322/322/322 321/321/321
f 321/321/321 320/320/320 324/324/324
f 325/325/325 324/324/324 320/320/320
f 325/325/325 320/320/320 326/326/326
f 326/326/326 320/320/320 327/327/327
f 328/328/328 327/327/327 320/320/320
f 329/329/329 320/320/320 316/316/316
f 329/329/329 328/328/328 320/320/320
f 327/327/327 330/330/330 326/326/326
f 331/331/331 326/326/326 330/330/330
f 326/326/326 331/331/331 325/325/325
f 332/332/332 325/325/325 331/331/331
f 325/325/325 332/332/332 324/324/324
f 333/333/333 324/324/324 332/332/332
f 321/321/321 324/324/324 334/334/334
f 335/335/335 321/321/321 334/334/334
f 335/335/335 323/323/323 321/321/321
f 336/336/336 334/334/334 324/324/324
f 328/328/328 337/337/337 327/327/327
f 328/328/328 329/329/329 337/337/337
f 338/338/338 327/327/327 337/337/337
f 327/327/327 338/338/338 330/330/330
f 337/337/337 339/339/339 338/338/338
f 339/339/339 337/337/337 340/340/340
f 341/341/341 340/340/340 337/337/337
f 337/337/337 342/342/342 341/341/341
f 342/342/342 343/343/343 341/341/341
f 344/344/344 341/341/341 343/343/343
f 342/342/342 337/337/337 316/316/316
f 342/342/342 316/316/316 315/315/315
f 315/315/315 345/345/345 342/342/342
f 329/329/329 316/316/316 337/337/337
f 338/338/338 339/339/339 346/346/346
f 346/346/346 330/330/330 338/338/338
f 347/347/347 346/346/346 339/339/339
f 339/339/339 340/340/340 347/347/347
f 348/348/348 347/347/347 340/340/340
f 341/341/341 349/349/349 340/340/340
f 341/341/341 350/350/350 349/349/349
f 344/344/344 350/350/350 341/341/341
f 351/351/351 340/340/340 349/349/349
f 342/342/342 352/352/352 343/343/343
f 352/352/352 342/342/342 353/353/353
f 354/354/354 343/343/343 352/352/352
f 357/357/357 356/356/356 355/355/355
f 358/358/358 355/355/355 356/356/356
f 355/355/355 359/359/359 357/357/357
f 360/360/360 357/357/357 359/359/359
f 360/360/360 359/359/359 361/361/361
f 362/362/362 361/361/361 359/359/359
f 362/362/362 363/363/363 361/361/361
f 364/364/364 361/361/361 363/363/363
f 363/363/363 365/365/365 364/364/364
f 365/365/365 366/366/366 364/364/364
f 367/367/367 364/364/364 366/366/366
f 362/362/362 368/368/368 363/363/363
f 368/368/368 362/362/362 359/359/359
f 369/369/369 363/363/363 368/368/368
f 368/368/368 370/370/370 369/369/369
f 371/371/371 369/369/369 370/370/370
f 371/371/371 370/370/370 372/372/372
f 373/373/373 372/372/372 370/370/370
f 373/373/373 370/370/370 368/368/368
f 374/374/374 373/373/373 368/368/368
f 368/368/368 359/359/359 374/374/374
f 373/373/373 374/374/374 375/375/375
f 376/376/376 375/375/375 374/374/374
f 361/361/361 364/364/364 377/377/377
f 367/367/367 377/377/377 364/364/364
f 361/361/361 377/377/377 378/378/378
f 361/361/361 378/378/378 360/360/360
f 379/379/379 360/360/360 378/378/378
f 379/379/379 380/380/380 360/360/360
f 357/357/357 360/360/360 380/380/380
f 381/381/381 378/378/378 377/377/377
f 381/381/381 382/382/382 378/378/378
f 383/383/383 378/378/378 382/382/382
f 378/378/378 383/383/383 379/379/379
f 382/382/382 384/384/384 383/383/383
f 385/385/385 383/383/383 384/384/384
f 384/384/384 386/386/386 385/385/385
f 385/385/385 386/386/386 387/387/387
f 387/387/387 386/386/386 388/388/388
f 387/387/387 388/388/388 389/389/389
f 387/387/387 389/389/389 390/390/390
f 391/391/391 389/389/389 388/388/388
f 389/389/389 391/391/391 392/392/392
f 393/393/393 392/392/392 391/391/391
f 394/394/394 388/388/388 386/386/386
f 381/381/381 395/395/395 382/382/382
f 396/396/396 382/382/382 395/395/395
f 382/382/382 396/396/396 384/384/384
f 397/397/397 384/384/384 396/396/396
f 384/384/384 397/397/397 386/386/386
f 398/398/398 383/383/383 385/385/385
f 385/385/385 387/387/387 398/398/398
f 390/390/390 398/398/398 387/387/387
f 398/398/398 379/379/379 383/383/383
f 398/398/398 399/399/399 379/379/379
f 398/398/398 390/390/390 399/399/399
f 380/380/380 379/379/379 399/399/399
f 399/399/399 400/400/400 380/380/380
f 401/401/401 380/380/380 400/400/400
f 400/400/400 399/399/399 402/402/402
f 403/403/403 402/402/402 399/399/399
f 403/403/403 399/399/399 390/390/390
f 403/403/403 404/404/404 402/402/402
f 405/405/405 402/402/402 404/404/404
f 404/404/404 403/403/403 406/406/406
f 390/390/390 406/406/406 403/403/403
f 406/406/406 407/407/407 404/404/404
f 408/408/408 407/407/407 406/406/406
f 408/408/408 406/406/406 392/392/392
f 409/409/409 407/407/407 408/408/408
f 409/409/409 410/410/410 407/407/407
f 411/411/411 404/404/404 407/407/407
f 380/380/380 401/401/401 357/357/357
f 356/356/356 357/357/357 401/401/401
f 405/405/405 404/404/404 412/412/412
f 411/411/411 412/412/412 404/404/404
f 409/409/409 408/408/408 413/413/413
f 414/414/414 413/413/413 408/408/408
f 414/414/414 408/408/408 393/393/393
f 392/392/392 393/393/393 408/408/408
f 415/415/415 412/412/412 411/411/411
f 392/392/392 406/406/406 389/389/389
f 390/390/390 389/389/389 406/406/406
f 407/407/407 410/410/410 416/416/416
f 417/417/417 416/416/416 410/410/410
f 418/418/418 407/407/407 416/416/416
f 419/419/419 374/374/374 359/359/359
f 359/359/359 355/355/355 419/419/419
f 420/420/420 419/419/419 355/355/355
f 420/420/420 355/355/355 421/421/421
f 358/358/358 421/421/421 355/355/355
f 419/419/419 422/422/422 374/374/374
f 423/423/423 422/422/422 419/419/419
f 376/376/376 374/374/374 422/422/422
f 422/422/422 425/425/425 424/424/424
f 426/426/426 424/424/424 425/425/425
f 369/369/369 427/427/427 363/363/363
f 365/365/365 363/363/363 427/427/427
f 429/429/429 369/369/369 428/428/428
f 371/371/371 428/428/428 369/369/369
f 371/371/371 431/431/431 430/430/430
f 432/432/432 430/430/430 431/431/431
f 371/371/371 372/372/372 431/431/431
f 433/433/433 431/431/431 372/372/372
f 395/395/395 381/381/381 367/367/367
f 377/377/377 367/367/367 381/381/381
f 367/367/367 434/434/434 395/395/395
f 435/435/435 386/386/386 397/397/397
f 438/438/438 437/437/437 436/436/436
f 436/436/436 440/440/440 439/439/439
f 441/441/441 439/439/439 440/440/440
f 436/436/436 439/439/439 442/442/442
f 441/441/441 443/443/443 439/439/439
f 444/444/444 439/439/439 443/443/443
f 441/441/441 445/445/445 443/443/443
f 446/446/446 443/443/443 445/445/445
f 446/446/446 445/445/445 447/447/447
f 448/448/448 447/447/447 445/445/445
f 445/445/445 449/449/449 448/448/448
f 450/450/450 448/448/448 449/449/449
f 451/451/451 440/440/440 436/436/436
f 453/453/453 452/452/452 439/439/439
f 452/452/452 454/454/454 439/439/439
f 456/456/456 440/440/440 455/455/455
f 456/456/456 455/455/455 457/457/457
f 458/458/458 457/457/457 455/455/455
f 459/459/459 458/458/458 455/455/455
f 459/459/459 455/455/455 460/460/460
f 456/456/456 457/457/457 461/461/461
f 462/462/462 461/461/461 457/457/457
f 462/462/462 463/463/463 461/461/461
f 464/464/464 461/461/461 463/463/463
f 461/461/461 464/464/464 465/465/465
f 466/466/466 465/465/465 464/464/464
f 467/467/467 455/455/455 440/440/440
f 467/467/467 468/468/468 455/455/455
f 440/440/440 469/469/469 467/467/467
f 469/469/469 470/470/470 467/467/467
f 472/472/472 471/471/471 147/147/147
f 474/474/474 473/473/473 318/318/318
f 318/318/318 322/322/322 474/474/474
f 475/475/475 474/474/474 322/322/322
f 478/478/478 477/477/477 476/476/476
f 479/479/479 476/476/476 477/477/477
f 476/476/476 480/480/480 265/265/265
f 481/481/481 265/265/265 480/480/480
f 484/484/484 483/483/483 482/482/482
f 485/485/485 482/482/482 483/483/483
f 484/484/484 486/486/486 483/483/483
f 482/482/482 485/485/485 487/487/487
f 488/488/488 482/482/482 487/487/487
f 489/489/489 488/488/488 487/487/487
f 485/485/485 490/490/490 487/487/487
f 490/490/490 491/491/491 487/487/487
f 490/490/490 492/492/492 491/491/491
f 493/493/493 491/491/491 492/492/492
f 493/493/493 494/494/494 491/491/491
f 495/495/495 491/491/491 494/494/494
f 495/495/495 487/487/487 491/491/491
f 487/487/487 495/495/495 496/496/496
f 487/487/487 496/496/496 489/489/489
f 488/488/488 489/489/489 497/497/497
f 498/498/498 497/497/497 489/489/489
f 497/497/497 498/498/498 499/499/499
f 500/500/500 497/497/497 499/499/499
f 498/498/498 501/501/501 499/499/499
f 489/489/489 502/502/502 498/498/498
f 502/502/502 489/489/489 496/496/496
f 503/503/503 498/498/498 502/502/502
f 497/497/497 504/504/504 488/488/488
f 505/505/505 504/504/504 497/497/497
f 506/506/506 497/497/497 500/500/500
f 504/504/504 508/508/508 507/507/507
f 509/509/509 507/507/507 508/508/508
f 507/507/507 488/488/488 504/504/504
f 507/507/507 509/509/509 484/484/484
f 486/486/486 484/484/484 509/509/509
f 488/488/488 507/507/507 482/482/482
f 484/484/484 482/482/482 507/507/507
f 486/486/486 510/510/510 483/483/483
f 510/510/510 511/511/511 483/483/483
f 485/485/485 483/483/483 511/511/511
f 485/485/485 511/511/511 512/512/512
f 490/490/490 485/485/485 512/512/512
f 513/513/513 490/490/490 512/512/512
f 490/490/490 513/513/513 492/492/492
f 514/514/514 492/492/492 513/513/513
f 511/511/511 515/515/515 512/512/512
f 515/515/515 516/516/516 512/512/512
f 514/514/514 513/513/513 517/517/517
f 518/518/518 517/517/517 513/513/513
f 512/512/512 518/518/518 513/513/513
f 518/518/518 512/512/512 519/519/519
f 512/512/512 516/516/516 519/519/519
f 515/515/515 520/520/520 516/516/516
f 521/521/521 516/516/516 520/520/520
f 521/521/521 520/520/520 522/522/522
f 523/523/523 521/521/521 522/522/522
f 520/520/520 524/524/524 522/522/522
f 516/516/516 521/521/521 525/525/525
f 525/525/525 519/519/519 516/516/516
f 526/526/526 525/525/525 521/521/521
f 520/520/520 515/515/515 527/527/527
f 528/528/528 527/527/527 515/515/515
f 527/527/527 528/528/528 529/529/529
f 530/530/530 529/529/529 528/528/528
f 528/528/528 510/510/510 530/530/530
f 486/486/486 530/530/530 510/510/510
f 510/510/510 528/528/528 511/511/511
f 515/515/515 511/511/511 528/528/528
f 527/527/527 531/531/531 520/520/520
f 520/520/520 532/532/532 524/524/524
f 534/534/534 533/533/533 260/260/260
f 260/260/260 533/533/533 251/251/251
f 256/256/256 251/251/251 533/533/533
f 262/262/262 534/534/534 260/260/260
f 537/537/537 536/536/536 535/535/535
f 539/539/539 132/132/132 538/538/538
f 538/538/538 540/540/540 539/539/539
f 541/541/541 539/539/539 540/540/540
f 132/132/132 126/126/126 538/538/538
f 128/128/128 538/538/538 126/126/126
f 132/132/132 539/539/539 542/542/542
f 541/541/541 543/543/543 539/539/539
f 542/542/542 539/539/539 543/543/543
f 132/132/132 542/542/542 544/544/544
f 544/544/544 545/545/545 132/132/132
f 545/545/545 544/544/544 546/546/546
f 545/545/545 546/546/546 547/547/547
f 548/548/548 547/547/547 546/546/546
f 548/548/548 546/546/546 549/549/549
f 550/550/550 549/549/549 546/546/546
f 550/550/550 551/551/551 549/549/549
f 552/552/552 549/549/549 551/551/551
f 551/551/551 553/553/553 552/552/552
f 554/554/554 552/552/552 553/553/553
f 554/554/554 555/555/555 552/552/552
f 554/554/554 556/556/556 555/555/555
f 557/557/557 555/555/555 556/556/556
f 558/558/558 552/552/552 555/555/555
f 552/552/552 558/558/558 549/549/549
f 556/556/556 559/559/559 557/557/557
f 557/557/557 559/559/559 560/560/560
f 561/561/561 560/560/560 559/559/559
f 556/556/556 562/562/562 559/559/559
f 556/556/556 554/554/554 562/562/562
f 553/553/553 562/562/562 554/554/554
f 563/563/563 559/559/559 562/562/562
f 559/559/559 563/563/563 561/561/561
f 563/563/563 562/562/562 564/564/564
f 565/565/565 564/564/564 562/562/562
f 562/562/562 553/553/553 565/565/565
f 564/564/564 565/565/565 566/566/566
f 567/567/567 566/566/566 565/565/565
f 565/565/565 568/568/568 567/567/567
f 568/568/568 565/565/565 553/553/553
f 569/569/569 567/567/567 568/568/568
f 568/568/568 570/570/570 569/569/569
f 571/571/571 569/569/569 570/570/570
f 571/571/571 570/570/570 572/572/572
f 573/573/573 572/572/572 570/570/570
f 572/572/572 573/573/573 574/574/574
f 575/575/575 574/574/574 573/573/573
f 574/574/574 575/575/575 576/576/576
f 544/544/544 576/576/576 575/575/575
f 575/575/575 546/546/546 544/544/544
f 566/566/566 567/567/567 577/577/577
f 577/577/577 578/578/578 566/566/566
f 578/578/578 577/577/577 579/579/579
f 580/580/580 579/579/579 577/577/577
f 577/577/577 567/567/567 580/580/580
f 579/579/579 581/581/581 578/578/578
f 569/569/569 571/571/571 582/582/582
f 582/582/582 583/583/583 569/569/569
f 582/582/582 584/584/584 583/583/583
f 584/584/584 585/585/585 583/583/583
f 586/586/586 583/583/583 585/585/585
f 586/586/586 585/585/585 587/587/587
f 588/588/588 587/587/587 585/585/585
f 588/588/588 585/585/585 589/589/589
f 584/584/584 582/582/582 590/590/590
f 589/589/589 585/585/585 590/590/590
f 584/584/584 590/590/590 585/585/585
f 590/590/590 591/591/591 589/589/589
f 592/592/592 589/589/589 591/591/591
f 593/593/593 590/590/590 582/582/582
f 590/590/590 593/593/593 591/591/591
f 593/593/593 582/582/582 571/571/571
f 593/593/593 571/571/571 594/594/594
f 593/593/593 594/594/594 595/595/595
f 595/595/595 591/591/591 593/593/593
f 596/596/596 595/595/595 594/594/594
f 594/594/594 597/597/597 596/596/596
f 598/598/598 596/596/596 597/597/597
f 597/597/597 599/599/599 598/598/598
f 600/600/600 598/598/598 599/599/599
f 600/600/600 599/599/599 601/601/601
f 602/602/602 601/601/601 599/599/599
f 599/599/599 574/574/574 602/602/602
f 599/599/599 597/597/597 574/574/574
f 603/603/603 602/602/602 574/574/574
f 576/576/576 603/603/603 574/574/574
f 572/572/572 574/574/574 597/597/597
f 597/597/597 594/594/594 572/572/572
f 571/571/571 572/572/572 594/594/594
f 602/602/602 604/604/604 601/601/601
f 602/602/602 603/603/603 604/604/604
f 605/605/605 601/601/601 604/604/604
f 605/605/605 606/606/606 601/601/601
f 607/607/607 601/601/601 606/606/606
f 606/606/606 608/608/608 607/607/607
f 609/609/609 607/607/607 608/608/608
f 609/609/609 608/608/608 610/610/610
f 611/611/611 610/610/610 608/608/608
f 610/610/610 611/611/611 612/612/612
f 609/609/609 610/610/610 613/613/613
f 609/609/609 613/613/613 607/607/607
f 613/613/613 610/610/610 614/614/614
f 615/615/615 614/614/614 610/610/610
f 610/610/610 612/612/612 615/615/615
f 616/616/616 607/607/607 613/613/613
f 613/613/613 617/617/617 616/616/616
f 613/613/613 614/614/614 617/617/617
f 618/618/618 616/616/616 617/617/617
f 617/617/617 619/619/619 618/618/618
f 617/617/617 620/620/620 619/619/619
f 620/620/620 617/617/617 614/614/614
f 621/621/621 619/619/619 620/620/620
f 619/619/619 621/621/621 622/622/622
f 623/623/623 622/622/622 621/621/621
f 623/623/623 624/624/624 622/622/622
f 625/625/625 622/622/622 624/624/624
f 625/625/625 626/626/626 622/622/622
f 627/627/627 622/622/622 626/626/626
f 622/622/622 627/627/627 619/619/619
f 627/627/627 626/626/626 595/595/595
f 591/591/591 595/595/595 626/626/626
f 591/591/591 626/626/626 592/592/592
f 628/628/628 592/592/592 626/626/626
f 628/628/628 629/629/629 592/592/592
f 630/630/630 629/629/629 628/628/628
f 631/631/631 592/592/592 629/629/629
f 629/629/629 632/632/632 631/631/631
f 633/633/633 631/631/631 632/632/632
f 633/633/633 632/632/632 634/634/634
f 635/635/635 634/634/634 632/632/632
f 634/634/634 635/635/635 636/636/636
f 637/637/637 636/636/636 635/635/635
f 637/637/637 638/638/638 636/636/636
f 638/638/638 637/637/637 639/639/639
f 640/640/640 639/639/639 637/637/637
f 640/640/640 641/641/641 639/639/639
f 639/639/639 641/641/641 642/642/642
f 639/639/639 642/642/642 638/638/638
f 643/643/643 642/642/642 641/641/641
f 643/643/643 641/641/641 644/644/644
f 645/645/645 644/644/644 641/641/641
f 645/645/645 641/641/641 640/640/640
f 644/644/644 646/646/646 643/643/643
f 647/647/647 643/643/643 646/646/646
f 647/647/647 646/646/646 648/648/648
f 646/646/646 649/649/649 648/648/648
f 646/646/646 644/644/644 649/649/649
f 650/650/650 648/648/648 649/649/649
f 644/644/644 645/645/645 651/651/651
f 651/651/651 649/649/649 644/644/644
f 652/652/652 651/651/651 645/645/645
f 645/645/645 653/653/653 652/652/652
f 654/654/654 652/652/652 653/653/653
f 653/653/653 655/655/655 654/654/654
f 653/653/653 656/656/656 655/655/655
f 657/657/657 655/655/655 656/656/656
f 657/657/657 658/658/658 655/655/655
f 659/659/659 655/655/655 658/658/658
f 660/660/660 654/654/654 655/655/655
f 659/659/659 661/661/661 655/655/655
f 660/660/660 655/655/655 661/661/661
f 661/661/661 659/659/659 662/662/662
f 630/630/630 662/662/662 659/659/659
f 663/663/663 662/662/662 630/630/630
f 660/660/660 664/664/664 654/654/654
f 652/652/652 654/654/654 664/664/664
f 662/662/662 664/664/664 661/661/661
f 660/660/660 661/661/661 664/664/664
f 653/653/653 665/665/665 656/656/656
f 666/666/666 656/656/656 665/665/665
f 657/657/657 667/667/667 658/658/658
f 668/668/668 658/658/658 667/667/667
f 666/666/666 669/669/669 656/656/656
f 657/657/657 656/656/656 669/669/669
f 667/667/667 657/657/657 669/669/669
f 668/668/668 670/670/670 658/658/658
f 659/659/659 658/658/658 670/670/670
f 630/630/630 659/659/659 670/670/670
f 663/663/663 671/671/671 662/662/662
f 664/664/664 662/662/662 671/671/671
f 672/672/672 664/664/664 671/671/671
f 672/672/672 671/671/671 673/673/673
f 674/674/674 673/673/673 671/671/671
f 671/671/671 663/663/663 674/674/674
f 674/674/674 675/675/675 673/673/673
f 675/675/675 674/674/674 676/676/676
f 677/677/677 676/676/676 674/674/674
f 677/677/677 674/674/674 663/663/663
f 673/673/673 678/678/678 672/672/672
f 673/673/673 679/679/679 678/678/678
f 673/673/673 675/675/675 679/679/679
f 680/680/680 678/678/678 679/679/679
f 679/679/679 681/681/681 680/680/680
f 681/681/681 679/679/679 682/682/682
f 683/683/683 682/682/682 679/679/679
f 679/679/679 684/684/684 683/683/683
f 678/678/678 680/680/680 685/685/685
f 686/686/686 685/685/685 680/680/680
f 685/685/685 687/687/687 678/678/678
f 687/687/687 672/672/672 678/678/678
f 687/687/687 685/685/685 651/651/651
f 649/649/649 651/651/651 685/685/685
f 651/651/651 652/652/652 687/687/687
f 664/664/664 687/687/687 652/652/652
f 676/676/676 677/677/677 688/688/688
f 685/685/685 689/689/689 649/649/649
f 686/686/686 690/690/690 685/685/685
f 650/650/650 649/649/649 690/690/690
f 664/664/664 672/672/672 687/687/687
f 692/692/692 683/683/683 691/691/691
f 679/679/679 693/693/693 691/691/691
f 693/693/693 679/679/679 675/675/675
f 677/677/677 694/694/694 688/688/688
f 695/695/695 688/688/688 694/694/694
f 663/663/663 694/694/694 677/677/677
f 628/628/628 663/663/663 630/630/630
f 628/628/628 697/697/697 696/696/696
f 628/628/628 626/626/626 697/697/697
f 625/625/625 697/697/697 626/626/626
f 697/697/697 625/625/625 698/698/698
f 624/624/624 698/698/698 625/625/625
f 630/630/630 670/670/670 629/629/629
f 670/670/670 668/668/668 629/629/629
f 632/632/632 629/629/629 668/668/668
f 668/668/668 667/667/667 632/632/632
f 632/632/632 667/667/667 635/635/635
f 669/669/669 635/635/635 667/667/667
f 635/635/635 669/669/669 699/699/699
f 666/666/666 699/699/699 669/669/669
f 666/666/666 665/665/665 699/699/699
f 640/640/640 699/699/699 665/665/665
f 665/665/665 645/645/645 640/640/640
f 665/665/665 653/653/653 645/645/645
f 699/699/699 640/640/640 637/637/637
f 637/637/637 635/635/635 699/699/699
f 624/624/624 623/623/623 700/700/700
f 701/701/701 700/700/700 623/623/623
f 623/623/623 621/621/621 701/701/701
f 702/702/702 701/701/701 621/621/621
f 702/702/702 621/621/621 703/703/703
f 620/620/620 703/703/703 621/621/621
f 703/703/703 620/620/620 704/704/704
f 614/614/614 704/704/704 620/620/620
f 614/614/614 615/615/615 705/705/705
f 706/706/706 705/705/705 615/615/615
f 615/615/615 707/707/707 706/706/706
f 708/708/708 706/706/706 707/707/707
f 709/709/709 615/615/615 612/612/612
f 711/711/711 612/612/612 710/710/710
f 713/713/713 50/50/50 712/712/712
f 50/50/50 713/713/713 69/69/69
f 73/73/73 69/69/69 713/713/713
f 713/713/713 714/714/714 73/73/73
f 74/74/74 73/73/73 714/714/714
f 68/68/68 67/67/67 91/91/91
f 70/70/70 91/91/91 67/67/67
f 70/70/70 71/71/71 87/87/87
f 99/99/99 53/53/53 66/66/66
f 53/53/53 99/99/99 55/55/55
f 98/98/98 55/55/55 99/99/99
f 55/55/55 98/98/98 56/56/56
f 65/65/65 56/56/56 98/98/98
f 122/122/122 123/123/123 715/715/715
f 133/133/133 715/715/715 123/123/123
f 133/133/133 545/545/545 715/715/715
f 133/133/133 132/132/132 545/545/545
f 547/547/547 715/715/715 545/545/545
f 101/101/101 117/117/117 102/102/102
f 716/716/716 115/115/115 118/118/118
f 716/716/716 118/118/118 121/121/121
f 719/719/719 718/718/718 717/717/717
f 60/60/60 58/58/58 201/201/201
f 201/201/201 63/63/63 60/60/60
f 198/198/198 23/23/23 63/63/63
f 721/721/721 720/720/720 375/375/375
f 720/720/720 373/373/373 375/375/375
f 723/723/723 722/722/722 647/647/647
f 722/722/722 724/724/724 647/647/647
f 725/725/725 647/647/647 724/724/724
f 726/726/726 647/647/647 725/725/725
f 727/727/727 643/643/643 726/726/726
f 647/647/647 728/728/728 643/643/643
f 728/728/728 729/729/729 727/727/727
f 730/730/730 727/727/727 729/729/729
f 730/730/730 731/731/731 727/727/727
f 731/731/731 730/730/730 732/732/732
f 733/733/733 732/732/732 730/730/730
f 730/730/730 734/734/734 733/733/733
f 735/735/735 733/733/733 734/734/734
f 733/733/733 736/736/736 732/732/732
f 733/733/733 735/735/735 736/736/736
f 737/737/737 732/732/732 736/736/736
f 732/732/732 737/737/737 636/636/636
f 732/732/732 636/636/636 731/731/731
f 636/636/636 737/737/737 634/634/634
f 738/738/738 634/634/634 737/737/737
f 739/739/739 736/736/736 735/735/735
f 739/739/739 735/735/735 740/740/740
f 741/741/741 740/740/740 735/735/735
f 742/742/742 740/740/740 741/741/741
f 738/738/738 737/737/737 743/743/743
f 736/736/736 743/743/743 737/737/737
f 740/740/740 743/743/743 739/739/739
f 736/736/736 739/739/739 743/743/743
f 743/743/743 586/586/586 738/738/738
f 743/743/743 740/740/740 586/586/586
f 587/587/587 738/738/738 586/586/586
f 738/738/738 587/587/587 634/634/634
f 583/583/583 586/586/586 740/740/740
f 740/740/740 742/742/742 583/583/583
f 742/742/742 567/567/567 583/583/583
f 742/742/742 580/580/580 567/567/567
f 567/567/567 569/569/569 583/583/583
f 633/633/633 634/634/634 587/587/587
f 587/587/587 588/588/588 633/633/633
f 631/631/631 633/633/633 588/588/588
f 588/588/588 589/589/589 631/631/631
f 592/592/592 631/631/631 589/589/589
f 746/746/746 745/745/745 744/744/744
f 747/747/747 744/744/744 745/745/745
f 746/746/746 744/744/744 748/748/748
f 749/749/749 748/748/748 744/744/744
f 745/745/745 750/750/750 747/747/747
f 751/751/751 747/747/747 750/750/750
f 750/750/750 752/752/752 751/751/751
f 753/753/753 751/751/751 752/752/752
f 752/752/752 754/754/754 753/753/753
f 755/755/755 753/753/753 754/754/754
f 756/756/756 755/755/755 754/754/754
f 756/756/756 757/757/757 755/755/755
f 244/244/244 755/755/755 757/757/757
f 244/244/244 757/757/757 245/245/245
f 749/749/749 758/758/758 748/748/748
f 749/749/749 759/759/759 758/758/758
f 760/760/760 758/758/758 759/759/759
f 755/755/755 761/761/761 753/753/753
f 762/762/762 753/753/753 761/761/761
f 751/751/751 753/753/753 762/762/762
f 762/762/762 761/761/761 763/763/763
f 764/764/764 763/763/763 761/761/761
f 761/761/761 253/253/253 764/764/764
f 761/761/761 755/755/755 253/253/253
f 244/244/244 253/253/253 755/755/755
f 254/254/254 764/764/764 253/253/253
f 763/763/763 764/764/764 765/765/765
f 765/765/765 766/766/766 763/763/763
f 767/767/767 765/765/765 764/764/764
f 764/764/764 254/254/254 767/767/767
f 258/258/258 767/767/767 254/254/254
f 762/762/762 763/763/763 768/768/768
f 769/769/769 768/768/768 763/763/763
f 768/768/768 769/769/769 770/770/770
f 771/771/771 770/770/770 769/769/769
f 771/771/771 772/772/772 770/770/770
f 773/773/773 770/770/770 772/772/772
f 773/773/773 772/772/772 774/774/774
f 775/775/775 774/774/774 772/772/772
f 770/770/770 744/744/744 768/768/768
f 749/749/749 744/744/744 770/770/770
f 770/770/770 773/773/773 749/749/749
f 747/747/747 768/768/768 744/744/744
f 759/759/759 749/749/749 773/773/773
f 773/773/773 776/776/776 759/759/759
f 777/777/777 759/759/759 776/776/776
f 759/759/759 777/777/777 760/760/760
f 778/778/778 760/760/760 777/777/777
f 768/768/768 747/747/747 751/751/751
f 751/751/751 762/762/762 768/768/768
f 779/779/779 774/774/774 775/775/775
f 780/780/780 779/779/779 775/775/775
f 775/775/775 781/781/781 780/780/780
f 775/775/775 782/782/782 781/781/781
f 782/782/782 775/775/775 783/783/783
f 782/782/782 783/783/783 784/784/784
f 787/787/787 786/786/786 785/785/785
f 788/788/788 785/785/785 786/786/786
f 785/785/785 788/788/788 789/789/789
f 789/789/789 790/790/790 785/785/785
f 785/785/785 790/790/790 791/791/791
f 789/789/789 792/792/792 790/790/790
f 793/793/793 792/792/792 789/789/789
f 794/794/794 789/789/789 788/788/788
f 786/786/786 787/787/787 795/795/795
f 796/796/796 795/795/795 787/787/787
f 796/796/796 797/797/797 795/795/795
f 796/796/796 798/798/798 797/797/797
f 799/799/799 797/797/797 798/798/798
f 798/798/798 800/800/800 799/799/799
f 800/800/800 798/798/798 801/801/801
f 802/802/802 801/801/801 798/798/798
f 798/798/798 796/796/796 802/802/802
f 803/803/803 799/799/799 800/800/800
f 797/797/797 799/799/799 804/804/804
f 805/805/805 804/804/804 799/799/799
f 804/804/804 805/805/805 806/806/806
f 807/807/807 806/806/806 805/805/805
f 807/807/807 805/805/805 808/808/808
f 809/809/809 808/808/808 805/805/805
f 810/810/810 808/808/808 809/809/809
f 810/810/810 809/809/809 811/811/811
f 812/812/812 811/811/811 809/809/809
f 807/807/807 808/808/808 813/813/813
f 807/807/807 813/813/813 806/806/806
f 814/814/814 813/813/813 808/808/808
f 813/813/813 814/814/814 815/815/815
f 816/816/816 815/815/815 814/814/814
f 816/816/816 817/817/817 815/815/815
f 818/818/818 815/815/815 817/817/817
f 815/815/815 818/818/818 813/813/813
f 818/818/818 819/819/819 813/813/813
f 813/813/813 819/819/819 806/806/806
f 818/818/818 820/820/820 819/819/819
f 821/821/821 819/819/819 820/820/820
f 822/822/822 806/806/806 819/819/819
f 812/812/812 809/809/809 823/823/823
f 805/805/805 823/823/823 809/809/809
f 805/805/805 799/799/799 823/823/823
f 824/824/824 823/823/823 799/799/799
f 823/823/823 803/803/803 812/812/812
f 825/825/825 812/812/812 803/803/803
f 803/803/803 826/826/826 825/825/825
f 816/816/816 814/814/814 827/827/827
f 818/818/818 828/828/828 820/820/820
f 822/822/822 819/819/819 829/829/829
f 821/821/821 829/829/829 819/819/819
f 829/829/829 830/830/830 822/822/822
f 830/830/830 829/829/829 831/831/831
f 831/831/831 832/832/832 830/830/830
f 814/814/814 808/808/808 833/833/833
f 810/810/810 833/833/833 808/808/808
f 833/833/833 834/834/834 814/814/814
f 811/811/811 812/812/812 825/825/825
f 836/836/836 835/835/835 834/834/834
f 816/816/816 834/834/834 835/835/835
f 816/816/816 838/838/838 837/837/837
f 839/839/839 837/837/837 838/838/838
f 841/841/841 840/840/840 787/787/787
f 840/840/840 841/841/841 842/842/842
f 843/843/843 842/842/842 841/841/841
f 841/841/841 791/791/791 843/843/843
f 844/844/844 843/843/843 791/791/791
f 840/840/840 842/842/842 845/845/845
f 846/846/846 845/845/845 842/842/842
f 845/845/845 802/802/802 840/840/840
f 787/787/787 840/840/840 796/796/796
f 802/802/802 796/796/796 840/840/840
f 791/791/791 790/790/790 844/844/844
f 847/847/847 844/844/844 790/790/790
f 847/847/847 790/790/790 848/848/848
f 792/792/792 848/848/848 790/790/790
f 787/787/787 785/785/785 841/841/841
f 791/791/791 841/841/841 785/785/785
f 850/850/850 849/849/849 802/802/802
f 849/849/849 845/845/845 851/851/851
f 851/851/851 852/852/852 849/849/849
f 853/853/853 851/851/851 845/845/845
f 800/800/800 849/849/849 854/854/854
f 854/854/854 855/855/855 800/800/800
f 804/804/804 806/806/806 856/856/856
f 857/857/857 856/856/856 806/806/806
f 856/856/856 858/858/858 804/804/804
f 797/797/797 804/804/804 858/858/858
f 858/858/858 795/795/795 797/797/797
f 806/806/806 822/822/822 857/857/857
f 859/859/859 857/857/857 822/822/822
f 859/859/859 860/860/860 857/857/857
f 861/861/861 857/857/857 860/860/860
f 856/856/856 857/857/857 862/862/862
f 861/861/861 862/862/862 857/857/857
f 795/795/795 858/858/858 863/863/863
f 858/858/858 856/856/856 864/864/864
f 862/862/862 864/864/864 856/856/856
f 864/864/864 865/865/865 858/858/858
f 867/867/867 866/866/866 795/795/795
f 786/786/786 795/795/795 866/866/866
f 786/786/786 866/866/866 788/788/788
f 869/869/869 788/788/788 868/868/868
f 869/869/869 870/870/870 788/788/788
f 872/872/872 788/788/788 871/871/871
f 871/871/871 873/873/873 872/872/872
f 876/876/876 875/875/875 874/874/874
f 307/307/307 874/874/874 875/875/875
f 307/307/307 877/877/877 874/874/874
f 877/877/877 307/307/307 878/878/878
f 305/305/305 878/878/878 307/307/307
f 879/879/879 874/874/874 877/877/877
f 874/874/874 879/879/879 880/880/880
f 874/874/874 880/880/880 881/881/881
f 882/882/882 881/881/881 880/880/880
f 883/883/883 880/880/880 879/879/879
f 878/878/878 305/305/305 884/884/884
f 300/300/300 884/884/884 305/305/305
f 300/300/300 298/298/298 884/884/884
f 885/885/885 884/884/884 298/298/298
f 298/298/298 292/292/292 885/885/885
f 886/886/886 885/885/885 292/292/292
f 292/292/292 293/293/293 886/886/886
f 887/887/887 886/886/886 293/293/293
f 293/293/293 295/295/295 887/887/887
f 888/888/888 887/887/887 295/295/295
f 889/889/889 309/309/309 306/306/306
f 306/306/306 308/308/308 890/890/890
f 307/307/307 891/891/891 308/308/308
f 310/310/310 308/308/308 891/891/891
f 894/894/894 893/893/893 892/892/892
f 895/895/895 892/892/892 893/893/893
f 893/893/893 774/774/774 896/896/896
f 897/897/897 896/896/896 774/774/774
f 899/899/899 898/898/898 769/769/769
f 769/769/769 763/763/763 899/899/899
f 766/766/766 899/899/899 763/763/763
f 898/898/898 771/771/771 769/769/769
f 902/902/902 901/901/901 900/900/900
f 903/903/903 900/900/900 901/901/901
f 902/902/902 904/904/904 901/901/901
f 901/901/901 904/904/904 578/578/578
f 905/905/905 578/578/578 904/904/904
f 905/905/905 566/566/566 578/578/578
f 566/566/566 905/905/905 564/564/564
f 563/563/563 564/564/564 905/905/905
f 905/905/905 904/904/904 563/563/563
f 906/906/906 563/563/563 904/904/904
f 906/906/906 561/561/561 563/563/563
f 561/561/561 906/906/906 907/907/907
f 906/906/906 908/908/908 907/907/907
f 906/906/906 909/909/909 908/908/908
f 902/902/902 909/909/909 904/904/904
f 906/906/906 904/904/904 909/909/909
f 561/561/561 907/907/907 910/910/910
f 911/911/911 910/910/910 907/907/907
f 912/912/912 910/910/910 911/911/911
f 903/903/903 901/901/901 581/581/581
f 581/581/581 901/901/901 578/578/578
f 915/915/915 914/914/914 913/913/913
f 916/916/916 619/619/619 627/627/627
f 916/916/916 627/627/627 596/596/596
f 595/595/595 596/596/596 627/627/627
f 596/596/596 598/598/598 916/916/916
f 618/618/618 916/916/916 598/598/598
f 916/916/916 618/618/618 619/619/619
f 598/598/598 600/600/600 618/618/618
f 616/616/616 618/618/618 600/600/600
f 600/600/600 601/601/601 616/616/616
f 607/607/607 616/616/616 601/601/601
f 642/642/642 727/727/727 731/731/731
f 731/731/731 638/638/638 642/642/642
f 638/638/638 731/731/731 636/636/636
f 643/643/643 727/727/727 642/642/642
f 573/573/573 550/550/550 575/575/575
f 546/546/546 575/575/575 550/550/550
f 573/573/573 570/570/570 550/550/550
f 551/551/551 550/550/550 570/570/570
f 570/570/570 568/568/568 551/551/551
f 553/553/553 551/551/551 568/568/568
f 917/917/917 549/549/549 558/558/558
f 549/549/549 917/917/917 548/548/548
f 576/576/576 544/544/544 542/542/542
f 920/920/920 919/919/919 918/918/918
f 789/789/789 920/920/920 918/918/918
f 789/789/789 918/918/918 793/793/793
f 921/921/921 793/793/793 918/918/918
f 924/924/924 923/923/923 922/922/922
f 927/927/927 926/926/926 925/925/925
f 928/928/928 925/925/925 926/926/926
f 926/926/926 929/929/929 928/928/928
f 930/930/930 928/928/928 929/929/929
f 929/929/929 931/931/931 930/930/930
f 932/932/932 930/930/930 931/931/931
f 934/934/934 925/925/925 933/933/933
f 935/935/935 933/933/933 925/925/925
f 933/933/933 935/935/935 936/936/936
f 937/937/937 936/936/936 935/935/935
f 936/936/936 937/937/937 938/938/938
f 939/939/939 938/938/938 937/937/937
f 942/942/942 941/941/941 940/940/940
f 942/942/942 940/940/940 943/943/943
f 944/944/944 943/943/943 940/940/940
f 943/943/943 944/944/944 945/945/945
f 946/946/946 945/945/945 944/944/944
f 946/946/946 944/944/944 947/947/947
f 947/947/947 948/948/948 946/946/946
f 947/947/947 949/949/949 948/948/948
f 950/950/950 948/948/948 949/949/949
f 948/948/948 950/950/950 951/951/951
f 952/952/952 951/951/951 950/950/950
f 953/953/953 946/946/946 948/948/948
f 954/954/954 947/947/947 944/944/944
f 947/947/947 954/954/954 949/949/949
f 944/944/944 940/940/940 954/954/954
f 953/953/953 948/948/948 955/955/955
f 951/951/951 955/955/955 948/948/948
f 956/956/956 949/949/949 954/954/954
f 949/949/949 957/957/957 950/950/950
f 949/949/949 956/956/956 957/957/957
f 958/958/958 950/950/950 957/957/957
f 950/950/950 958/958/958 952/952/952
f 957/957/957 959/959/959 958/958/958
f 960/960/960 958/958/958 959/959/959
f 958/958/958 960/960/960 961/961/961
f 961/961/961 952/952/952 958/958/958
f 962/962/962 961/961/961 960/960/960
f 960/960/960 963/963/963 962/962/962
f 964/964/964 962/962/962 963/963/963
f 964/964/964 963/963/963 965/965/965
f 963/963/963 966/966/966 965/965/965
f 963/963/963 960/960/960 966/966/966
f 959/959/959 967/967/967 960/960/960
f 959/959/959 968/968/968 967/967/967
f 969/969/969 967/967/967 968/968/968
f 959/959/959 970/970/970 968/968/968
f 957/957/957 970/970/970 959/959/959
f 970/970/970 957/957/957 956/956/956
f 971/971/971 968/968/968 970/970/970
f 968/968/968 971/971/971 972/972/972
f 968/968/968 972/972/972 969/969/969
f 973/973/973 972/972/972 971/971/971
f 974/974/974 973/973/973 971/971/971
f 974/974/974 971/971/971 975/975/975
f 970/970/970 976/976/976 971/971/971
f 977/977/977 971/971/971 976/976/976
f 977/977/977 976/976/976 978/978/978
f 979/979/979 971/971/971 977/977/977
f 977/977/977 978/978/978 979/979/979
f 975/975/975 971/971/971 979/979/979
f 975/975/975 979/979/979 980/980/980
f 980/980/980 979/979/979 978/978/978
f 976/976/976 970/970/970 956/956/956
f 956/956/956 978/978/978 976/976/976
f 973/973/973 974/974/974 981/981/981
f 981/981/981 982/982/982 973/973/973
f 972/972/972 973/973/973 982/982/982
f 972/972/972 982/982/982 983/983/983
f 983/983/983 969/969/969 972/972/972
f 984/984/984 983/983/983 982/982/982
f 982/982/982 981/981/981 985/985/985
f 986/986/986 985/985/985 981/981/981
f 974/974/974 986/986/986 981/981/981
f 984/984/984 982/982/982 987/987/987
f 985/985/985 987/987/987 982/982/982
f 987/987/987 985/985/985 988/988/988
f 989/989/989 988/988/988 985/985/985
f 985/985/985 986/986/986 989/989/989
f 988/988/988 990/990/990 987/987/987
f 991/991/991 987/987/987 990/990/990
f 987/987/987 991/991/991 984/984/984
f 991/991/991 992/992/992 984/984/984
f 993/993/993 984/984/984 992/992/992
f 993/993/993 983/983/983 984/984/984
f 993/993/993 992/992/992 994/994/994
f 995/995/995 994/994/994 992/992/992
f 994/994/994 995/995/995 996/996/996
f 997/997/997 996/996/996 995/995/995
f 993/993/993 994/994/994 969/969/969
f 993/993/993 969/969/969 983/983/983
f 994/994/994 998/998/998 969/969/969
f 986/986/986 999/999/999 989/989/989
f 990/990/990 988/988/988 1000/1000/1000
f 1001/1001/1001 1000/1000/1000 988/988/988
f 989/989/989 1001/1001/1001 988/988/988
f 989/989/989 1002/1002/1002 1001/1001/1001
f 1002/1002/1002 989/989/989 999/999/999
f 1001/1001/1001 1002/1002/1002 1003/1003/1003
f 1000/1000/1000 1001/1001/1001 1003/1003/1003
f 999/999/999 1004/1004/1004 1002/1002/1002
f 999/999/999 1005/1005/1005 1004/1004/1004
f 1006/1006/1006 1004/1004/1004 1005/1005/1005
f 1005/1005/1005 1007/1007/1007 1006/1006/1006
f 1008/1008/1008 1006/1006/1006 1007/1007/1007
f 1007/1007/1007 1009/1009/1009 1008/1008/1008
f 1010/1010/1010 1008/1008/1008 1009/1009/1009
f 1009/1009/1009 1011/1011/1011 1010/1010/1010
f 1012/1012/1012 1010/1010/1010 1011/1011/1011
f 1011/1011/1011 1013/1013/1013 1012/1012/1012
f 1014/1014/1014 1013/1013/1013 1011/1011/1011
f 1013/1013/1013 1014/1014/1014 1015/1015/1015
f 1016/1016/1016 1012/1012/1012 1013/1013/1013
f 1016/1016/1016 1013/1013/1013 1017/1017/1017
f 1018/1018/1018 1017/1017/1017 1013/1013/1013
f 1013/1013/1013 1015/1015/1015 1018/1018/1018
f 1004/1004/1004 1006/1006/1006 1019/1019/1019
f 1020/1020/1020 1019/1019/1019 1006/1006/1006
f 1008/1008/1008 1010/1010/1010 1020/1020/1020
f 1006/1006/1006 1008/1008/1008 1020/1020/1020
f 1017/1017/1017 1021/1021/1021 1016/1016/1016
f 1022/1022/1022 1016/1016/1016 1021/1021/1021
f 1012/1012/1012 1016/1016/1016 1022/1022/1022
f 1023/1023/1023 1020/1020/1020 1010/1010/1010
f 1010/1010/1010 1024/1024/1024 1023/1023/1023
f 1012/1012/1012 1024/1024/1024 1010/1010/1010
f 1022/1022/1022 1024/1024/1024 1012/1012/1012
f 1011/1011/1011 980/980/980 1014/1014/1014
f 980/980/980 978/978/978 1014/1014/1014
f 940/940/940 1014/1014/1014 978/978/978
f 978/978/978 954/954/954 940/940/940
f 954/954/954 978/978/978 956/956/956
f 1015/1015/1015 1014/1014/1014 941/941/941
f 940/940/940 941/941/941 1014/1014/1014
f 980/980/980 1009/1009/1009 975/975/975
f 1011/1011/1011 1009/1009/1009 980/980/980
f 1007/1007/1007 975/975/975 1009/1009/1009
f 1007/1007/1007 974/974/974 975/975/975
f 1007/1007/1007 1005/1005/1005 974/974/974
f 986/986/986 974/974/974 1005/1005/1005
f 986/986/986 1005/1005/1005 999/999/999
f 1026/1026/1026 1025/1025/1025 967/967/967
f 967/967/967 994/994/994 1027/1027/1027
f 1028/1028/1028 1027/1027/1027 994/994/994
f 953/953/953 1029/1029/1029 946/946/946
f 945/945/945 946/946/946 1029/1029/1029
f 945/945/945 1029/1029/1029 1030/1030/1030
f 953/953/953 955/955/955 1029/1029/1029
f 955/955/955 1031/1031/1031 1029/1029/1029
f 1032/1032/1032 1029/1029/1029 1031/1031/1031
f 1034/1034/1034 1033/1033/1033 1029/1029/1029
f 1035/1035/1035 955/955/955 951/951/951
f 1035/1035/1035 951/951/951 1036/1036/1036
f 952/952/952 1036/1036/1036 951/951/951
f 1036/1036/1036 952/952/952 1037/1037/1037
f 961/961/961 1037/1037/1037 952/952/952
f 961/961/961 962/962/962 1037/1037/1037
f 1004/1004/1004 1039/1039/1039 1038/1038/1038
f 1040/1040/1040 1038/1038/1038 1039/1039/1039
f 1038/1038/1038 1002/1002/1002 1004/1004/1004
f 1002/1002/1002 1038/1038/1038 1003/1003/1003
f 1041/1041/1041 1003/1003/1003 1038/1038/1038
f 1038/1038/1038 1040/1040/1040 1041/1041/1041
f 1042/1042/1042 1041/1041/1041 1040/1040/1040
f 1019/1019/1019 1039/1039/1039 1004/1004/1004
f 1045/1045/1045 1044/1044/1044 1043/1043/1043
f 1044/1044/1044 1046/1046/1046 1043/1043/1043
f 1047/1047/1047 1043/1043/1043 1046/1046/1046
f 1046/1046/1046 1048/1048/1048 1047/1047/1047
f 1049/1049/1049 1047/1047/1047 1048/1048/1048
f 1049/1049/1049 1050/1050/1050 1047/1047/1047
f 1050/1050/1050 1049/1049/1049 1051/1051/1051
f 1050/1050/1050 1051/1051/1051 1052/1052/1052
f 1053/1053/1053 1052/1052/1052 1051/1051/1051
f 1051/1051/1051 1054/1054/1054 1053/1053/1053
f 1055/1055/1055 1053/1053/1053 1054/1054/1054
f 1056/1056/1056 1051/1051/1051 1049/1049/1049
f 1057/1057/1057 1047/1047/1047 1050/1050/1050
f 1050/1050/1050 1052/1052/1052 1057/1057/1057
f 1047/1047/1047 1057/1057/1057 1043/1043/1043
f 1054/1054/1054 1051/1051/1051 1058/1058/1058
f 1056/1056/1056 1059/1059/1059 1051/1051/1051
f 1060/1060/1060 1057/1057/1057 1052/1052/1052
f 1052/1052/1052 1053/1053/1053 1061/1061/1061
f 1052/1052/1052 1061/1061/1061 1060/1060/1060
f 1062/1062/1062 1061/1061/1061 1053/1053/1053
f 1053/1053/1053 1055/1055/1055 1062/1062/1062
f 1061/1061/1061 1062/1062/1062 1063/1063/1063
f 1064/1064/1064 1063/1063/1063 1062/1062/1062
f 1062/1062/1062 1065/1065/1065 1064/1064/1064
f 1065/1065/1065 1062/1062/1062 1055/1055/1055
f 1066/1066/1066 1064/1064/1064 1065/1065/1065
f 1064/1064/1064 1066/1066/1066 1067/1067/1067
f 1068/1068/1068 1067/1067/1067 1066/1066/1066
f 1067/1067/1067 1068/1068/1068 1069/1069/1069
f 1067/1067/1067 1069/1069/1069 1070/1070/1070
f 1067/1067/1067 1070/1070/1070 1064/1064/1064
f 1063/1063/1063 1064/1064/1064 1071/1071/1071
f 1072/1072/1072 1063/1063/1063 1071/1071/1071
f 1071/1071/1071 1073/1073/1073 1072/1072/1072
f 1063/1063/1063 1072/1072/1072 1074/1074/1074
f 1074/1074/1074 1061/1061/1061 1063/1063/1063
f 1074/1074/1074 1060/1060/1060 1061/1061/1061
f 1075/1075/1075 1074/1074/1074 1072/1072/1072
f 1072/1072/1072 1076/1076/1076 1075/1075/1075
f 1072/1072/1072 1073/1073/1073 1076/1076/1076
f 1077/1077/1077 1075/1075/1075 1076/1076/1076
f 1077/1077/1077 1078/1078/1078 1075/1075/1075
f 1075/1075/1075 1078/1078/1078 1079/1079/1079
f 1074/1074/1074 1075/1075/1075 1080/1080/1080
f 1081/1081/1081 1080/1080/1080 1075/1075/1075
f 1080/1080/1080 1081/1081/1081 1082/1082/1082
f 1075/1075/1075 1083/1083/1083 1081/1081/1081
f 1081/1081/1081 1083/1083/1083 1082/1082/1082
f 1075/1075/1075 1079/1079/1079 1083/1083/1083
f 1083/1083/1083 1079/1079/1079 1084/1084/1084
f 1084/1084/1084 1082/1082/1082 1083/1083/1083
f 1074/1074/1074 1080/1080/1080 1060/1060/1060
f 1082/1082/1082 1060/1060/1060 1080/1080/1080
f 1078/1078/1078 1077/1077/1077 1085/1085/1085
f 1076/1076/1076 1086/1086/1086 1077/1077/1077
f 1085/1085/1085 1077/1077/1077 1086/1086/1086
f 1076/1076/1076 1087/1087/1087 1086/1086/1086
f 1087/1087/1087 1076/1076/1076 1073/1073/1073
f 1088/1088/1088 1086/1086/1086 1087/1087/1087
f 1086/1086/1086 1089/1089/1089 1085/1085/1085
f 1090/1090/1090 1085/1085/1085 1089/1089/1089
f 1090/1090/1090 1078/1078/1078 1085/1085/1085
f 1089/1089/1089 1086/1086/1086 1091/1091/1091
f 1088/1088/1088 1091/1091/1091 1086/1086/1086
f 1091/1091/1091 1092/1092/1092 1089/1089/1089
f 1093/1093/1093 1089/1089/1089 1092/1092/1092
f 1090/1090/1090 1089/1089/1089 1093/1093/1093
f 1092/1092/1092 1091/1091/1091 1094/1094/1094
f 1095/1095/1095 1094/1094/1094 1091/1091/1091
f 1095/1095/1095 1091/1091/1091 1088/1088/1088
f 1095/1095/1095 1088/1088/1088 1096/1096/1096
f 1097/1097/1097 1096/1096/1096 1088/1088/1088
f 1087/1087/1087 1097/1097/1097 1088/1088/1088
f 1097/1097/1097 1098/1098/1098 1096/1096/1096
f 1099/1099/1099 1096/1096/1096 1098/1098/1098
f 1098/1098/1098 1100/1100/1100 1099/1099/1099
f 1101/1101/1101 1099/1099/1099 1100/1100/1100
f 1098/1098/1098 1097/1097/1097 1073/1073/1073
f 1073/1073/1073 1097/1097/1097 1087/1087/1087
f 1102/1102/1102 1098/1098/1098 1073/1073/1073
f 1103/1103/1103 1090/1090/1090 1093/1093/1093
f 1094/1094/1094 1104/1104/1104 1092/1092/1092
f 1105/1105/1105 1092/1092/1092 1104/1104/1104
f 1105/1105/1105 1093/1093/1093 1092/1092/1092
f 1106/1106/1106 1093/1093/1093 1105/1105/1105
f 1093/1093/1093 1106/1106/1106 1103/1103/1103
f 1106/1106/1106 1105/1105/1105 1107/1107/1107
f 1105/1105/1105 1104/1104/1104 1107/1107/1107
f 1103/1103/1103 1106/1106/1106 1108/1108/1108
f 1103/1103/1103 1108/1108/1108 1109/1109/1109
f 1110/1110/1110 1109/1109/1109 1108/1108/1108
f 1109/1109/1109 1110/1110/1110 1111/1111/1111
f 1112/1112/1112 1111/1111/1111 1110/1110/1110
f 1111/1111/1111 1112/1112/1112 1113/1113/1113
f 1114/1114/1114 1113/1113/1113 1112/1112/1112
f 1113/1113/1113 1114/1114/1114 1115/1115/1115
f 1116/1116/1116 1115/1115/1115 1114/1114/1114
f 1115/1115/1115 1116/1116/1116 1117/1117/1117
f 1117/1117/1117 1118/1118/1118 1115/1115/1115
f 1118/1118/1118 1117/1117/1117 1119/1119/1119
f 1120/1120/1120 1117/1117/1117 1116/1116/1116
f 1120/1120/1120 1121/1121/1121 1117/1117/1117
f 1122/1122/1122 1117/1117/1117 1121/1121/1121
f 1119/1119/1119 1117/1117/1117 1122/1122/1122
f 1108/1108/1108 1123/1123/1123 1110/1110/1110
f 1124/1124/1124 1110/1110/1110 1123/1123/1123
f 1112/1112/1112 1124/1124/1124 1114/1114/1114
f 1110/1110/1110 1124/1124/1124 1112/1112/1112
f 1121/1121/1121 1120/1120/1120 1125/1125/1125
f 1126/1126/1126 1125/1125/1125 1120/1120/1120
f 1116/1116/1116 1126/1126/1126 1120/1120/1120
f 1126/1126/1126 1116/1116/1116 1127/1127/1127
f 1114/1114/1114 1127/1127/1127 1116/1116/1116
f 1128/1128/1128 1114/1114/1114 1124/1124/1124
f 1128/1128/1128 1127/1127/1127 1114/1114/1114
f 1084/1084/1084 1115/1115/1115 1118/1118/1118
f 1084/1084/1084 1118/1118/1118 1082/1082/1082
f 1043/1043/1043 1082/1082/1082 1118/1118/1118
f 1082/1082/1082 1043/1043/1043 1057/1057/1057
f 1082/1082/1082 1057/1057/1057 1060/1060/1060
f 1043/1043/1043 1118/1118/1118 1045/1045/1045
f 1119/1119/1119 1045/1045/1045 1118/1118/1118
f 1113/1113/1113 1084/1084/1084 1079/1079/1079
f 1113/1113/1113 1115/1115/1115 1084/1084/1084
f 1079/1079/1079 1111/1111/1111 1113/1113/1113
f 1078/1078/1078 1111/1111/1111 1079/1079/1079
f 1109/1109/1109 1111/1111/1111 1078/1078/1078
f 1078/1078/1078 1090/1090/1090 1109/1109/1109
f 1109/1109/1109 1090/1090/1090 1103/1103/1103
f 1130/1130/1130 1071/1071/1071 1129/1129/1129
f 1071/1071/1071 1131/1131/1131 1098/1098/1098
f 1132/1132/1132 1098/1098/1098 1130/1130/1130
f 1048/1048/1048 1133/1133/1133 1049/1049/1049
f 1056/1056/1056 1049/1049/1049 1133/1133/1133
f 1048/1048/1048 1134/1134/1134 1133/1133/1133
f 1059/1059/1059 1056/1056/1056 1133/1133/1133
f 1059/1059/1059 1133/1133/1133 1135/1135/1135
f 1136/1136/1136 1135/1135/1135 1133/1133/1133
f 1136/1136/1136 1133/1133/1133 1137/1137/1137
f 1066/1066/1066 1065/1065/1065 1138/1138/1138
f 1065/1065/1065 1055/1055/1055 1138/1138/1138
f 1139/1139/1139 1138/1138/1138 1055/1055/1055
f 1055/1055/1055 1054/1054/1054 1139/1139/1139
f 1140/1140/1140 1139/1139/1139 1054/1054/1054
f 1058/1058/1058 1141/1141/1141 1054/1054/1054
f 1142/1142/1142 1108/1108/1108 1106/1106/1106
f 1106/1106/1106 1107/1107/1107 1142/1142/1142
f 1143/1143/1143 1142/1142/1142 1107/1107/1107
f 1142/1142/1142 1143/1143/1143 1144/1144/1144
f 1145/1145/1145 1144/1144/1144 1143/1143/1143
f 1108/1108/1108 1142/1142/1142 1146/1146/1146
f 1144/1144/1144 1146/1146/1146 1142/1142/1142
f 1146/1146/1146 1123/1123/1123 1108/1108/1108
f 1149/1149/1149 1148/1148/1148 1147/1147/1147
f 1150/1150/1150 1147/1147/1147 1148/1148/1148
f 1147/1147/1147 1150/1150/1150 1151/1151/1151
f 1150/1150/1150 1152/1152/1152 1151/1151/1151
f 1153/1153/1153 1151/1151/1151 1152/1152/1152
f 1152/1152/1152 1154/1154/1154 1153/1153/1153
f 1155/1155/1155 1153/1153/1153 1154/1154/1154
f 1151/1151/1151 1153/1153/1153 1156/1156/1156
f 1157/1157/1157 1156/1156/1156 1153/1153/1153
f 1155/1155/1155 1158/1158/1158 1153/1153/1153
f 1157/1157/1157 1153/1153/1153 1158/1158/1158
f 1157/1157/1157 1159/1159/1159 1156/1156/1156
f 1157/1157/1157 1158/1158/1158 1159/1159/1159
f 1160/1160/1160 1156/1156/1156 1159/1159/1159
f 1156/1156/1156 1160/1160/1160 1161/1161/1161
f 1162/1162/1162 1161/1161/1161 1160/1160/1160
f 1161/1161/1161 1163/1163/1163 1156/1156/1156
f 1151/1151/1151 1156/1156/1156 1163/1163/1163
f 1160/1160/1160 1164/1164/1164 1162/1162/1162
f 1160/1160/1160 1159/1159/1159 1164/1164/1164
f 1165/1165/1165 1162/1162/1162 1164/1164/1164
f 1166/1166/1166 1164/1164/1164 1159/1159/1159
f 1166/1166/1166 1159/1159/1159 1167/1167/1167
f 1168/1168/1168 1167/1167/1167 1159/1159/1159
f 1168/1168/1168 1159/1159/1159 1158/1158/1158
f 1164/1164/1164 1169/1169/1169 1165/1165/1165
f 1164/1164/1164 1166/1166/1166 1169/1169/1169
f 1170/1170/1170 1165/1165/1165 1169/1169/1169
f 1169/1169/1169 1171/1171/1171 1170/1170/1170
f 1172/1172/1172 1170/1170/1170 1171/1171/1171
f 1172/1172/1172 1171/1171/1171 1173/1173/1173
f 1174/1174/1174 1173/1173/1173 1171/1171/1171
f 1171/1171/1171 1175/1175/1175 1174/1174/1174
f 1176/1176/1176 1174/1174/1174 1175/1175/1175
f 1173/1173/1173 1174/1174/1174 1177/1177/1177
f 1178/1178/1178 1177/1177/1177 1174/1174/1174
f 1174/1174/1174 1176/1176/1176 1178/1178/1178
f 1177/1177/1177 1178/1178/1178 1179/1179/1179
f 1180/1180/1180 1179/1179/1179 1178/1178/1178
f 1179/1179/1179 1180/1180/1180 1181/1181/1181
f 1182/1182/1182 1181/1181/1181 1180/1180/1180
f 1182/1182/1182 1183/1183/1183 1181/1181/1181
f 1184/1184/1184 1181/1181/1181 1183/1183/1183
f 1183/1183/1183 1185/1185/1185 1184/1184/1184
f 1180/1180/1180 1186/1186/1186 1182/1182/1182
f 1187/1187/1187 1182/1182/1182 1186/1186/1186
f 1182/1182/1182 1187/1187/1187 1188/1188/1188
f 1189/1189/1189 1188/1188/1188 1187/1187/1187
f 1189/1189/1189 1190/1190/1190 1188/1188/1188
f 1186/1186/1186 1180/1180/1180 1191/1191/1191
f 1178/1178/1178 1191/1191/1191 1180/1180/1180
f 1191/1191/1191 1178/1178/1178 1176/1176/1176
f 1186/1186/1186 1191/1191/1191 1192/1192/1192
f 1186/1186/1186 1192/1192/1192 1187/1187/1187
f 1193/1193/1193 1192/1192/1192 1191/1191/1191
f 1179/1179/1179 1181/1181/1181 1194/1194/1194
f 1195/1195/1195 1194/1194/1194 1181/1181/1181
f 1193/1193/1193 1191/1191/1191 1196/1196/1196
f 1176/1176/1176 1196/1196/1196 1191/1191/1191
f 1176/1176/1176 1175/1175/1175 1196/1196/1196
f 1197/1197/1197 1196/1196/1196 1175/1175/1175
f 1175/1175/1175 1198/1198/1198 1197/1197/1197
f 1199/1199/1199 1197/1197/1197 1198/1198/1198
f 1175/1175/1175 1171/1171/1171 1198/1198/1198
f 1169/1169/1169 1198/1198/1198 1171/1171/1171
f 1198/1198/1198 1169/1169/1169 1166/1166/1166
f 1196/1196/1196 1197/1197/1197 1200/1200/1200
f 1201/1201/1201 1200/1200/1200 1197/1197/1197
f 1197/1197/1197 1199/1199/1199 1201/1201/1201
f 1200/1200/1200 1201/1201/1201 1202/1202/1202
f 1203/1203/1203 1202/1202/1202 1201/1201/1201
f 1199/1199/1199 1198/1198/1198 1167/1167/1167
f 1166/1166/1166 1167/1167/1167 1198/1198/1198
f 1202/1202/1202 1204/1204/1204 1200/1200/1200
f 1205/1205/1205 1200/1200/1200 1204/1204/1204
f 1200/1200/1200 1205/1205/1205 1196/1196/1196
f 1204/1204/1204 1206/1206/1206 1205/1205/1205
f 1207/1207/1207 1205/1205/1205 1206/1206/1206
f 1206/1206/1206 1208/1208/1208 1207/1207/1207
f 1209/1209/1209 1207/1207/1207 1208/1208/1208
f 1209/1209/1209 1208/1208/1208 1210/1210/1210
f 1211/1211/1211 1210/1210/1210 1208/1208/1208
f 1212/1212/1212 1210/1210/1210 1211/1211/1211
f 1203/1203/1203 1201/1201/1201 1213/1213/1213
f 1214/1214/1214 1213/1213/1213 1201/1201/1201
f 1213/1213/1213 1214/1214/1214 1215/1215/1215
f 1216/1216/1216 1215/1215/1215 1214/1214/1214
f 1216/1216/1216 1214/1214/1214 1167/1167/1167
f 1215/1215/1215 1216/1216/1216 1217/1217/1217
f 1218/1218/1218 1217/1217/1217 1216/1216/1216
f 1217/1217/1217 1218/1218/1218 1219/1219/1219
f 1220/1220/1220 1219/1219/1219 1218/1218/1218
f 1218/1218/1218 1168/1168/1168 1220/1220/1220
f 1218/1218/1218 1216/1216/1216 1168/1168/1168
f 1158/1158/1158 1220/1220/1220 1168/1168/1168
f 1158/1158/1158 1155/1155/1155 1220/1220/1220
f 1221/1221/1221 1220/1220/1220 1155/1155/1155
f 1155/1155/1155 1154/1154/1154 1221/1221/1221
f 1222/1222/1222 1221/1221/1221 1154/1154/1154
f 1219/1219/1219 1220/1220/1220 1223/1223/1223
f 1221/1221/1221 1223/1223/1223 1220/1220/1220
f 1222/1222/1222 1224/1224/1224 1221/1221/1221
f 1221/1221/1221 1224/1224/1224 1223/1223/1223
f 1167/1167/1167 1168/1168/1168 1216/1216/1216
f 1199/1199/1199 1167/1167/1167 1214/1214/1214
f 1219/1219/1219 1225/1225/1225 1217/1217/1217
f 1219/1219/1219 1223/1223/1223 1225/1225/1225
f 1226/1226/1226 1217/1217/1217 1225/1225/1225
f 1227/1227/1227 1225/1225/1225 1223/1223/1223
f 1154/1154/1154 1228/1228/1228 1222/1222/1222
f 1228/1228/1228 1154/1154/1154 1229/1229/1229
f 1152/1152/1152 1229/1229/1229 1154/1154/1154
f 1152/1152/1152 1150/1150/1150 1229/1229/1229
f 1230/1230/1230 1229/1229/1229 1150/1150/1150
f 1231/1231/1231 1222/1222/1222 1228/1228/1228
f 1223/1223/1223 1232/1232/1232 1227/1227/1227
f 1232/1232/1232 1223/1223/1223 1224/1224/1224
f 1232/1232/1232 1224/1224/1224 1233/1233/1233
f 1233/1233/1233 1224/1224/1224 1234/1234/1234
f 1235/1235/1235 1234/1234/1234 1224/1224/1224
f 1236/1236/1236 1232/1232/1232 1233/1233/1233
f 1236/1236/1236 1227/1227/1227 1232/1232/1232
f 1230/1230/1230 1238/1238/1238 1237/1237/1237
f 1217/1217/1217 1226/1226/1226 1215/1215/1215
f 1240/1240/1240 1215/1215/1215 1239/1239/1239
f 1215/1215/1215 1240/1240/1240 1213/1213/1213
f 1242/1242/1242 1213/1213/1213 1241/1241/1241
f 1213/1213/1213 1242/1242/1242 1203/1203/1203
f 1203/1203/1203 1243/1243/1243 1202/1202/1202
f 1244/1244/1244 1202/1202/1202 1243/1243/1243
f 1202/1202/1202 1244/1244/1244 1204/1204/1204
f 1245/1245/1245 1204/1204/1204 1244/1244/1244
f 1204/1204/1204 1245/1245/1245 1206/1206/1206
f 1246/1246/1246 1206/1206/1206 1245/1245/1245
f 1206/1206/1206 1246/1246/1246 1208/1208/1208
f 1247/1247/1247 1208/1208/1208 1246/1246/1246
f 1243/1243/1243 1203/1203/1203 1248/1248/1248
f 1208/1208/1208 1247/1247/1247 1211/1211/1211
f 1250/1250/1250 1211/1211/1211 1249/1249/1249
f 1211/1211/1211 1251/1251/1251 1212/1212/1212
f 1252/1252/1252 1212/1212/1212 1251/1251/1251
f 1212/1212/1212 1253/1253/1253 1210/1210/1210
f 1254/1254/1254 1210/1210/1210 1253/1253/1253
f 1210/1210/1210 1254/1254/1254 1209/1209/1209
f 1209/1209/1209 1256/1256/1256 1255/1255/1255
f 1257/1257/1257 1255/1255/1255 1256/1256/1256
f 1258/1258/1258 1257/1257/1257 1256/1256/1256
f 1255/1255/1255 1192/1192/1192 1209/1209/1209
f 1255/1255/1255 1187/1187/1187 1192/1192/1192
f 1255/1255/1255 1259/1259/1259 1187/1187/1187
f 1260/1260/1260 1187/1187/1187 1259/1259/1259
f 1261/1261/1261 1260/1260/1260 1259/1259/1259
f 1207/1207/1207 1209/1209/1209 1192/1192/1192
f 1192/1192/1192 1193/1193/1193 1207/1207/1207
f 1205/1205/1205 1207/1207/1207 1193/1193/1193
f 1193/1193/1193 1196/1196/1196 1205/1205/1205
f 1187/1187/1187 1260/1260/1260 1262/1262/1262
f 1263/1263/1263 1262/1262/1262 1260/1260/1260
f 1260/1260/1260 1261/1261/1261 1263/1263/1263
f 1264/1264/1264 1263/1263/1263 1261/1261/1261
f 1257/1257/1257 1265/1265/1265 1255/1255/1255
f 1265/1265/1265 1257/1257/1257 1266/1266/1266
f 1258/1258/1258 1266/1266/1266 1257/1257/1257
f 1259/1259/1259 1267/1267/1267 1261/1261/1261
f 1269/1269/1269 1268/1268/1268 1187/1187/1187
f 1189/1189/1189 1187/1187/1187 1270/1270/1270
f 1270/1270/1270 1271/1271/1271 1189/1189/1189
f 1190/1190/1190 1189/1189/1189 1271/1271/1271
f 1272/1272/1272 1255/1255/1255 1265/1265/1265
f 1273/1273/1273 1259/1259/1259 1272/1272/1272
f 1255/1255/1255 1274/1274/1274 1259/1259/1259
f 1276/1276/1276 1275/1275/1275 1162/1162/1162
f 1161/1161/1161 1162/1162/1162 1275/1275/1275
f 1161/1161/1161 1275/1275/1275 1163/1163/1163
f 1277/1277/1277 1163/1163/1163 1275/1275/1275
f 1163/1163/1163 1277/1277/1277 1278/1278/1278
f 1279/1279/1279 1278/1278/1278 1277/1277/1277
f 1162/1162/1162 1165/1165/1165 1276/1276/1276
f 1278/1278/1278 1147/1147/1147 1163/1163/1163
f 1151/1151/1151 1163/1163/1163 1147/1147/1147
f 1149/1149/1149 1278/1278/1278 1279/1279/1279
f 1149/1149/1149 1147/1147/1147 1278/1278/1278
f 1281/1281/1281 1280/1280/1280 1165/1165/1165
f 1165/1165/1165 1170/1170/1170 1281/1281/1281
f 1283/1283/1283 1282/1282/1282 1170/1170/1170
f 1170/1170/1170 1172/1172/1172 1283/1283/1283
f 1172/1172/1172 1173/1173/1173 1284/1284/1284
f 1285/1285/1285 1284/1284/1284 1173/1173/1173
f 1173/1173/1173 1177/1177/1177 1285/1285/1285
f 1286/1286/1286 1285/1285/1285 1177/1177/1177
f 1177/1177/1177 1179/1179/1179 1286/1286/1286
f 1194/1194/1194 1286/1286/1286 1179/1179/1179
f 1284/1284/1284 1287/1287/1287 1172/1172/1172
f 1214/1214/1214 1201/1201/1201 1199/1199/1199
f 1231/1231/1231 1289/1289/1289 1288/1288/1288
f 1292/1292/1292 1291/1291/1291 1290/1290/1290
f 1292/1292/1292 1290/1290/1290 1293/1293/1293
f 1294/1294/1294 1293/1293/1293 1290/1290/1290
f 1293/1293/1293 1294/1294/1294 1295/1295/1295
f 1296/1296/1296 1295/1295/1295 1294/1294/1294
f 1294/1294/1294 1297/1297/1297 1296/1296/1296
f 1294/1294/1294 1290/1290/1290 1297/1297/1297
f 1298/1298/1298 1296/1296/1296 1297/1297/1297
f 1297/1297/1297 1299/1299/1299 1298/1298/1298
f 1300/1300/1300 1298/1298/1298 1299/1299/1299
f 1300/1300/1300 1299/1299/1299 1301/1301/1301
f 1302/1302/1302 1301/1301/1301 1299/1299/1299
f 1302/1302/1302 1299/1299/1299 1303/1303/1303
f 1304/1304/1304 1303/1303/1303 1299/1299/1299
f 1299/1299/1299 1297/1297/1297 1304/1304/1304
f 1303/1303/1303 1304/1304/1304 1305/1305/1305
f 1306/1306/1306 1305/1305/1305 1304/1304/1304
f 1305/1305/1305 1307/1307/1307 1303/1303/1303
f 1308/1308/1308 1303/1303/1303 1307/1307/1307
f 1303/1303/1303 1308/1308/1308 1302/1302/1302
f 1307/1307/1307 1309/1309/1309 1308/1308/1308
f 1310/1310/1310 1308/1308/1308 1309/1309/1309
f 1309/1309/1309 1311/1311/1311 1310/1310/1310
f 1306/1306/1306 1304/1304/1304 1312/1312/1312
f 1313/1313/1313 1312/1312/1312 1304/1304/1304
f 1312/1312/1312 1313/1313/1313 1314/1314/1314
f 1290/1290/1290 1314/1314/1314 1313/1313/1313
f 1314/1314/1314 1290/1290/1290 1315/1315/1315
f 1308/1308/1308 1310/1310/1310 1316/1316/1316
f 1316/1316/1316 1302/1302/1302 1308/1308/1308
f 1317/1317/1317 1316/1316/1316 1310/1310/1310
f 1310/1310/1310 1318/1318/1318 1317/1317/1317
f 1318/1318/1318 1310/1310/1310 1319/1319/1319
f 1318/1318/1318 1319/1319/1319 1320/1320/1320
f 1321/1321/1321 1320/1320/1320 1319/1319/1319
f 1322/1322/1322 1320/1320/1320 1321/1321/1321
f 1323/1323/1323 1317/1317/1317 1318/1318/1318
f 1318/1318/1318 1324/1324/1324 1323/1323/1323
f 1323/1323/1323 1325/1325/1325 1317/1317/1317
f 1325/1325/1325 1323/1323/1323 1326/1326/1326
f 1327/1327/1327 1317/1317/1317 1325/1325/1325
f 1313/1313/1313 1297/1297/1297 1290/1290/1290
f 1313/1313/1313 1304/1304/1304 1297/1297/1297
f 1316/1316/1316 1317/1317/1317 1328/1328/1328
f 1327/1327/1327 1328/1328/1328 1317/1317/1317
f 1316/1316/1316 1328/1328/1328 1302/1302/1302
f 1301/1301/1301 1302/1302/1302 1328/1328/1328
f 1325/1325/1325 1329/1329/1329 1327/1327/1327
f 1329/1329/1329 1325/1325/1325 1330/1330/1330
f 1331/1331/1331 1327/1327/1327 1329/1329/1329
f 1327/1327/1327 1331/1331/1331 1328/1328/1328
f 1329/1329/1329 1332/1332/1332 1331/1331/1331
f 1329/1329/1329 1333/1333/1333 1332/1332/1332
f 1334/1334/1334 1332/1332/1332 1333/1333/1333
f 1333/1333/1333 1335/1335/1335 1334/1334/1334
f 1336/1336/1336 1331/1331/1331 1332/1332/1332
f 1331/1331/1331 1336/1336/1336 1337/1337/1337
f 1337/1337/1337 1328/1328/1328 1331/1331/1331
f 1328/1328/1328 1337/1337/1337 1301/1301/1301
f 1338/1338/1338 1337/1337/1337 1336/1336/1336
f 1337/1337/1337 1338/1338/1338 1339/1339/1339
f 1339/1339/1339 1301/1301/1301 1337/1337/1337
f 1301/1301/1301 1339/1339/1339 1300/1300/1300
f 1340/1340/1340 1300/1300/1300 1339/1339/1339
f 1339/1339/1339 1341/1341/1341 1340/1340/1340
f 1341/1341/1341 1339/1339/1339 1338/1338/1338
f 1342/1342/1342 1340/1340/1340 1341/1341/1341
f 1342/1342/1342 1343/1343/1343 1340/1340/1340
f 1344/1344/1344 1340/1340/1340 1343/1343/1343
f 1343/1343/1343 1345/1345/1345 1344/1344/1344
f 1346/1346/1346 1344/1344/1344 1345/1345/1345
f 1345/1345/1345 1347/1347/1347 1346/1346/1346
f 1344/1344/1344 1346/1346/1346 1298/1298/1298
f 1300/1300/1300 1340/1340/1340 1298/1298/1298
f 1344/1344/1344 1298/1298/1298 1340/1340/1340
f 1296/1296/1296 1298/1298/1298 1346/1346/1346
f 1296/1296/1296 1346/1346/1346 1295/1295/1295
f 1348/1348/1348 1295/1295/1295 1346/1346/1346
f 1348/1348/1348 1346/1346/1346 1349/1349/1349
f 1351/1351/1351 1323/1323/1323 1350/1350/1350
f 1352/1352/1352 1351/1351/1351 1350/1350/1350
f 1354/1354/1354 1353/1353/1353 1323/1323/1323
f 1355/1355/1355 1353/1353/1353 1354/1354/1354
f 1357/1357/1357 1356/1356/1356 1325/1325/1325
f 1357/1357/1357 1358/1358/1358 1356/1356/1356
f 1360/1360/1360 1359/1359/1359 1182/1182/1182
f 1183/1183/1183 1182/1182/1182 1361/1361/1361
f 1361/1361/1361 1362/1362/1362 1183/1183/1183
f 1185/1185/1185 1183/1183/1183 1362/1362/1362
f 1182/1182/1182 1188/1188/1188 1363/1363/1363
f 1364/1364/1364 1363/1363/1363 1188/1188/1188
f 1188/1188/1188 1366/1366/1366 1365/1365/1365
f 1368/1368/1368 1367/1367/1367 1366/1366/1366
f 1370/1370/1370 1369/1369/1369 1184/1184/1184
f 1181/1181/1181 1184/1184/1184 1369/1369/1369
f 1184/1184/1184 1371/1371/1371 1370/1370/1370
f 1373/1373/1373 1372/1372/1372 1371/1371/1371
f 1375/1375/1375 1209/1209/1209 1374/1374/1374
f 1209/1209/1209 1376/1376/1376 1256/1256/1256
f 1377/1377/1377 1256/1256/1256 1376/1376/1376
f 1256/1256/1256 1378/1378/1378 1258/1258/1258
f 1380/1380/1380 1258/1258/1258 1379/1379/1379
f 1382/1382/1382 1261/1261/1261 1381/1381/1381
f 1385/1385/1385 1384/1384/1384 1383/1383/1383
f 1386/1386/1386 1383/1383/1383 1384/1384/1384
f 1386/1386/1386 1384/1384/1384 1387/1387/1387
f 1387/1387/1387 1388/1388/1388 1386/1386/1386
f 1389/1389/1389 1386/1386/1386 1388/1388/1388
f 1386/1386/1386 1389/1389/1389 1383/1383/1383
f 1388/1388/1388 1387/1387/1387 1390/1390/1390
f 1391/1391/1391 1390/1390/1390 1387/1387/1387
f 1391/1391/1391 1387/1387/1387 1392/1392/1392
f 1393/1393/1393 1392/1392/1392 1387/1387/1387
f 1393/1393/1393 1387/1387/1387 1394/1394/1394
f 1394/1394/1394 1387/1387/1387 1384/1384/1384
f 1394/1394/1394 1395/1395/1395 1393/1393/1393
f 1396/1396/1396 1393/1393/1393 1395/1395/1395
f 1396/1396/1396 1397/1397/1397 1393/1393/1393
f 1398/1398/1398 1393/1393/1393 1397/1397/1397
f 1397/1397/1397 1396/1396/1396 1399/1399/1399
f 1400/1400/1400 1399/1399/1399 1396/1396/1396
f 1400/1400/1400 1396/1396/1396 1401/1401/1401
f 1402/1402/1402 1401/1401/1401 1396/1396/1396
f 1402/1402/1402 1396/1396/1396 1403/1403/1403
f 1404/1404/1404 1403/1403/1403 1396/1396/1396
f 1401/1401/1401 1405/1405/1405 1400/1400/1400
f 1406/1406/1406 1400/1400/1400 1405/1405/1405
f 1399/1399/1399 1400/1400/1400 1407/1407/1407
f 1402/1402/1402 1409/1409/1409 1408/1408/1408
f 1410/1410/1410 1408/1408/1408 1409/1409/1409
f 1410/1410/1410 1411/1411/1411 1408/1408/1408
f 1412/1412/1412 1408/1408/1408 1411/1411/1411
f 1414/1414/1414 1413/1413/1413 1400/1400/1400
f 1417/1417/1417 1416/1416/1416 1415/1415/1415
f 1418/1418/1418 1415/1415/1415 1416/1416/1416
f 1417/1417/1417 1419/1419/1419 1416/1416/1416
f 1420/1420/1420 1416/1416/1416 1419/1419/1419
f 1416/1416/1416 1421/1421/1421 1418/1418/1418
f 1422/1422/1422 1418/1418/1418 1421/1421/1421
f 1421/1421/1421 1423/1423/1423 1422/1422/1422
f 1424/1424/1424 1422/1422/1422 1423/1423/1423
f 1420/1420/1420 1425/1425/1425 1416/1416/1416
f 1421/1421/1421 1416/1416/1416 1425/1425/1425
f 1426/1426/1426 1421/1421/1421 1425/1425/1425
f 1425/1425/1425 1427/1427/1427 1426/1426/1426
f 1428/1428/1428 1426/1426/1426 1427/1427/1427
f 1428/1428/1428 1427/1427/1427 1429/1429/1429
f 1430/1430/1430 1429/1429/1429 1427/1427/1427
f 1421/1421/1421 1426/1426/1426 1431/1431/1431
f 1432/1432/1432 1431/1431/1431 1426/1426/1426
f 1434/1434/1434 1433/1433/1433 1423/1423/1423
f 1423/1423/1423 1433/1433/1433 1435/1435/1435
f 1434/1434/1434 1436/1436/1436 1433/1433/1433
f 1423/1423/1423 1437/1437/1437 1434/1434/1434
f 1438/1438/1438 1434/1434/1434 1437/1437/1437
f 1437/1437/1437 1439/1439/1439 1438/1438/1438
f 1440/1440/1440 1438/1438/1438 1439/1439/1439
f 1434/1434/1434 1441/1441/1441 1436/1436/1436
f 1442/1442/1442 1436/1436/1436 1441/1441/1441
f 1442/1442/1442 1443/1443/1443 1436/1436/1436
f 1444/1444/1444 1436/1436/1436 1443/1443/1443
f 1436/1436/1436 1445/1445/1445 1433/1433/1433
f 1446/1446/1446 1433/1433/1433 1445/1445/1445
f 1446/1446/1446 1447/1447/1447 1433/1433/1433
f 1448/1448/1448 1433/1433/1433 1447/1447/1447
f 1448/1448/1448 1449/1449/1449 1433/1433/1433
f 1448/1448/1448 1447/1447/1447 1450/1450/1450
f 1451/1451/1451 1450/1450/1450 1447/1447/1447
f 1451/1451/1451 1452/1452/1452 1450/1450/1450
f 1447/1447/1447 1446/1446/1446 1453/1453/1453
f 1454/1454/1454 1453/1453/1453 1446/1446/1446
f 1445/1445/1445 1455/1455/1455 1446/1446/1446
f 1446/1446/1446 1455/1455/1455 1456/1456/1456
f 1455/1455/1455 1445/1445/1445 1457/1457/1457
f 1457/1457/1457 1458/1458/1458 1455/1455/1455
f 1458/1458/1458 1457/1457/1457 1459/1459/1459
f 1460/1460/1460 1459/1459/1459 1457/1457/1457
f 1461/1461/1461 1455/1455/1455 1458/1458/1458
f 1458/1458/1458 1462/1462/1462 1461/1461/1461
f 1463/1463/1463 1461/1461/1461 1462/1462/1462
f 1463/1463/1463 1462/1462/1462 1464/1464/1464
f 1463/1463/1463 1465/1465/1465 1454/1454/1454
f 1466/1466/1466 1454/1454/1454 1465/1465/1465
f 1464/1464/1464 1462/1462/1462 1467/1467/1467
f 1468/1468/1468 1467/1467/1467 1462/1462/1462
f 1468/1468/1468 1469/1469/1469 1467/1467/1467
f 1470/1470/1470 1467/1467/1467 1469/1469/1469
f 1465/1465/1465 1463/1463/1463 1471/1471/1471
f 1472/1472/1472 1471/1471/1471 1463/1463/1463
f 1463/1463/1463 1464/1464/1464 1472/1472/1472
f 1471/1471/1471 1472/1472/1472 1473/1473/1473
f 1474/1474/1474 1473/1473/1473 1472/1472/1472
f 1474/1474/1474 1472/1472/1472 1475/1475/1475
f 1476/1476/1476 1475/1475/1475 1472/1472/1472
f 1476/1476/1476 1472/1472/1472 1464/1464/1464
f 1479/1479/1479 1478/1478/1478 1477/1477/1477
f 1477/1477/1477 1480/1480/1480 1479/1479/1479
f 1481/1481/1481 1479/1479/1479 1480/1480/1480
f 1481/1481/1481 1480/1480/1480 1482/1482/1482
f 1483/1483/1483 1482/1482/1482 1480/1480/1480
f 1484/1484/1484 1482/1482/1482 1483/1483/1483
f 1483/1483/1483 1480/1480/1480 1485/1485/1485
f 1483/1483/1483 1485/1485/1485 1484/1484/1484
f 1486/1486/1486 1485/1485/1485 1480/1480/1480
f 1480/1480/1480 1487/1487/1487 1486/1486/1486
f 1488/1488/1488 1486/1486/1486 1487/1487/1487
f 1479/1479/1479 1489/1489/1489 1478/1478/1478
f 1489/1489/1489 1479/1479/1479 1490/1490/1490
f 1491/1491/1491 1490/1490/1490 1479/1479/1479
f 1491/1491/1491 1492/1492/1492 1490/1490/1490
f 1493/1493/1493 1490/1490/1490 1492/1492/1492
f 1493/1493/1493 1494/1494/1494 1490/1490/1490
f 1495/1495/1495 1490/1490/1490 1494/1494/1494
f 1490/1490/1490 1495/1495/1495 1489/1489/1489
f 1496/1496/1496 1489/1489/1489 1495/1495/1495
f 1498/1498/1498 1487/1487/1487 1497/1497/1497
f 1498/1498/1498 1497/1497/1497 1499/1499/1499
f 1500/1500/1500 1499/1499/1499 1497/1497/1497
f 1500/1500/1500 1501/1501/1501 1499/1499/1499
f 1502/1502/1502 1499/1499/1499 1501/1501/1501
f 1501/1501/1501 1503/1503/1503 1502/1502/1502
f 1504/1504/1504 1502/1502/1502 1503/1503/1503
f 1506/1506/1506 1505/1505/1505 1489/1489/1489
f 1506/1506/1506 1507/1507/1507 1505/1505/1505
f 1508/1508/1508 1505/1505/1505 1507/1507/1507
f 1508/1508/1508 1507/1507/1507 1509/1509/1509
f 1510/1510/1510 1509/1509/1509 1507/1507/1507
f 1509/1509/1509 1510/1510/1510 1511/1511/1511
f 1512/1512/1512 1511/1511/1511 1510/1510/1510
f 1514/1514/1514 1513/1513/1513 1444/1444/1444
f 1515/1515/1515 1444/1444/1444 1513/1513/1513
f 1513/1513/1513 1516/1516/1516 1515/1515/1515
f 1515/1515/1515 1516/1516/1516 1445/1445/1445
f 1517/1517/1517 1445/1445/1445 1516/1516/1516
f 1445/1445/1445 1436/1436/1436 1515/1515/1515
f 1444/1444/1444 1515/1515/1515 1436/1436/1436
f 1517/1517/1517 1518/1518/1518 1445/1445/1445
f 1392/1392/1392 1520/1520/1520 1519/1519/1519
f 1519/1519/1519 1521/1521/1521 1392/1392/1392
f 1522/1522/1522 1392/1392/1392 1521/1521/1521
f 1392/1392/1392 1522/1522/1522 1391/1391/1391
f 1523/1523/1523 1391/1391/1391 1522/1522/1522
f 1524/1524/1524 1519/1519/1519 1393/1393/1393
f 1390/1390/1390 1391/1391/1391 1525/1525/1525
f 1527/1527/1527 1526/1526/1526 1391/1391/1391
f 1530/1530/1530 1529/1529/1529 1528/1528/1528
f 1532/1532/1532 1531/1531/1531 1529/1529/1529
f 1529/1529/1529 1533/1533/1533 1532/1532/1532
f 1529/1529/1529 1535/1535/1535 1534/1534/1534
f 1536/1536/1536 1534/1534/1534 1535/1535/1535
f 1536/1536/1536 1537/1537/1537 1534/1534/1534
f 1538/1538/1538 1534/1534/1534 1537/1537/1537
f 1534/1534/1534 1538/1538/1538 1539/1539/1539
f 1540/1540/1540 1539/1539/1539 1538/1538/1538
f 1540/1540/1540 1541/1541/1541 1539/1539/1539
f 1534/1534/1534 1542/1542/1542 1529/1529/1529
f 1544/1544/1544 1532/1532/1532 1543/1543/1543
f 1547/1547/1547 1546/1546/1546 1545/1545/1545
f 1548/1548/1548 1545/1545/1545 1546/1546/1546
f 1546/1546/1546 1547/1547/1547 1549/1549/1549
f 1550/1550/1550 1549/1549/1549 1547/1547/1547
f 1553/1553/1553 1552/1552/1552 1551/1551/1551
f 1554/1554/1554 1551/1551/1551 1552/1552/1552
f 1552/1552/1552 1553/1553/1553 1555/1555/1555
f 1556/1556/1556 1555/1555/1555 1553/1553/1553
f 1557/1557/1557 1555/1555/1555 1556/1556/1556
f 1559/1559/1559 1552/1552/1552 1558/1558/1558
f 1560/1560/1560 1558/1558/1558 1552/1552/1552
f 1552/1552/1552 1561/1561/1561 1560/1560/1560
f 1563/1563/1563 1560/1560/1560 1562/1562/1562
f 1564/1564/1564 1562/1562/1562 1560/1560/1560
f 1560/1560/1560 1565/1565/1565 1564/1564/1564
f 1566/1566/1566 1564/1564/1564 1565/1565/1565
f 1569/1569/1569 1568/1568/1568 1567/1567/1567
f 1570/1570/1570 1567/1567/1567 1568/1568/1568
f 1568/1568/1568 1569/1569/1569 1571/1571/1571
f 1572/1572/1572 1571/1571/1571 1569/1569/1569
f 1440/1440/1440 1574/1574/1574 1573/1573/1573
f 1575/1575/1575 1573/1573/1573 1574/1574/1574
f 1576/1576/1576 1383/1383/1383 1389/1389/1389
f 1579/1579/1579 1578/1578/1578 1577/1577/1577
f 1580/1580/1580 1577/1577/1577 1578/1578/1578
f 1579/1579/1579 1581/1581/1581 1578/1578/1578
f 1581/1581/1581 1579/1579/1579 1582/1582/1582
f 1583/1583/1583 1582/1582/1582 1579/1579/1579
f 1579/1579/1579 1577/1577/1577 1583/1583/1583
f 1582/1582/1582 1584/1584/1584 1581/1581/1581
f 1585/1585/1585 1581/1581/1581 1584/1584/1584
f 1585/1585/1585 1586/1586/1586 1581/1581/1581
f 1587/1587/1587 1581/1581/1581 1586/1586/1586
f 1581/1581/1581 1587/1587/1587 1588/1588/1588
f 1588/1588/1588 1578/1578/1578 1581/1581/1581
f 1588/1588/1588 1587/1587/1587 1589/1589/1589
f 1590/1590/1590 1589/1589/1589 1587/1587/1587
f 1590/1590/1590 1587/1587/1587 1591/1591/1591
f 1592/1592/1592 1591/1591/1591 1587/1587/1587
f 1591/1591/1591 1593/1593/1593 1590/1590/1590
f 1594/1594/1594 1590/1590/1590 1593/1593/1593
f 1594/1594/1594 1595/1595/1595 1590/1590/1590
f 1596/1596/1596 1590/1590/1590 1595/1595/1595
f 1596/1596/1596 1597/1597/1597 1590/1590/1590
f 1598/1598/1598 1590/1590/1590 1597/1597/1597
f 1595/1595/1595 1594/1594/1594 1599/1599/1599
f 1600/1600/1600 1599/1599/1599 1594/1594/1594
f 1593/1593/1593 1601/1601/1601 1594/1594/1594
f 1586/1586/1586 1603/1603/1603 1602/1602/1602
f 1604/1604/1604 1602/1602/1602 1603/1603/1603
f 1603/1603/1603 1586/1586/1586 1605/1605/1605
f 1606/1606/1606 1605/1605/1605 1586/1586/1586
f 1586/1586/1586 1585/1585/1585 1606/1606/1606
f 1607/1607/1607 1606/1606/1606 1585/1585/1585
f 1609/1609/1609 1594/1594/1594 1608/1608/1608
f 1611/1611/1611 1585/1585/1585 1610/1610/1610
f 1584/1584/1584 1610/1610/1610 1585/1585/1585
f 1614/1614/1614 1613/1613/1613 1612/1612/1612
f 1615/1615/1615 1612/1612/1612 1613/1613/1613
f 1615/1615/1615 1613/1613/1613 1616/1616/1616
f 1617/1617/1617 1616/1616/1616 1613/1613/1613
f 1620/1620/1620 1619/1619/1619 1618/1618/1618
f 1621/1621/1621 1618/1618/1618 1619/1619/1619
f 1619/1619/1619 1620/1620/1620 1622/1622/1622
f 1619/1619/1619 1624/1624/1624 1623/1623/1623
f 1625/1625/1625 1623/1623/1623 1624/1624/1624
f 1625/1625/1625 1624/1624/1624 1626/1626/1626
f 1627/1627/1627 1626/1626/1626 1624/1624/1624
f 1624/1624/1624 1628/1628/1628 1627/1627/1627
f 1629/1629/1629 1627/1627/1627 1628/1628/1628
f 1630/1630/1630 1629/1629/1629 1628/1628/1628
f 1631/1631/1631 1624/1624/1624 1619/1619/1619
f 1633/1633/1633 1632/1632/1632 1620/1620/1620
f 1636/1636/1636 1635/1635/1635 1634/1634/1634
f 1637/1637/1637 1634/1634/1634 1635/1635/1635
f 1635/1635/1635 1638/1638/1638 1637/1637/1637
f 1639/1639/1639 1637/1637/1637 1638/1638/1638
f 1642/1642/1642 1641/1641/1641 1640/1640/1640
f 1643/1643/1643 1640/1640/1640 1641/1641/1641
f 1641/1641/1641 1644/1644/1644 1643/1643/1643
f 1645/1645/1645 1643/1643/1643 1644/1644/1644
f 1644/1644/1644 1646/1646/1646 1645/1645/1645
f 1648/1648/1648 1641/1641/1641 1647/1647/1647
f 1649/1649/1649 1647/1647/1647 1641/1641/1641
f 1650/1650/1650 1641/1641/1641 1648/1648/1648
f 1652/1652/1652 1648/1648/1648 1651/1651/1651
f 1653/1653/1653 1651/1651/1651 1648/1648/1648
f 1648/1648/1648 1652/1652/1652 1654/1654/1654
f 1656/1656/1656 1655/1655/1655 1652/1652/1652
f 1659/1659/1659 1658/1658/1658 1657/1657/1657
f 1661/1661/1661 1660/1660/1660 1658/1658/1658
f 1658/1658/1658 1662/1662/1662 1661/1661/1661
f 1663/1663/1663 1661/1661/1661 1662/1662/1662
f 1657/1657/1657 1665/1665/1665 1664/1664/1664
f 1460/1460/1460 1664/1664/1664 1665/1665/1665
f 1666/1666/1666 1583/1583/1583 1577/1577/1577
