g blue_mag_m_pve_1_shoulderstrap
v -0.217529789 -0.133164495 1.56114447
v -0.309238881 -0.103404552 1.55665481
v -0.262337893 -0.130542859 1.52769923
v -0.177907556 -0.131697789 1.59459841
v -0.172073051 -0.108877875 1.65465486
v -0.175524592 -0.085685268 1.69595933
v -0.348904341 -0.0797255859 1.57302499
v -0.181521788 -0.0518876836 1.73476493
v -0.382522851 -0.0581725091 1.57528245
v -0.417328358 -0.0440858342 1.56545985
v -0.442329854 -0.00412599556 1.59060884
v -0.199460477 0.000530004501 1.78116572
v -0.463971019 0.0243525542 1.59933662
v -0.206415325 0.0721579939 1.80995464
v -0.48451969 0.0651441365 1.59298003
v -0.466410935 0.107329898 1.60247207
v -0.204885826 0.143249616 1.82138038
v -0.438896716 0.141516015 1.59258819
v -0.18869777 0.212873191 1.79333889
v -0.416035235 0.177716136 1.56746888
v -0.379023761 0.192969352 1.58039987
v -0.350106269 0.215420753 1.57451093
v -0.158947632 0.257256269 1.72524536
v -0.31477654 0.238944471 1.5538044
v -0.160053745 0.27236262 1.64876366
v -0.186122045 0.272075355 1.58792233
v -0.220957145 0.269929856 1.55837214
v -0.276363581 0.265069455 1.51641583
v -0.48451969 0.0651441365 1.59298003
v -0.490890115 0.0192289725 1.63803208
v -0.463971019 0.0243525542 1.59933662
v -0.514423728 0.0652856082 1.62732446
v -0.469395548 -0.0154036898 1.62719846
v -0.417560875 -0.0421721339 1.63924742
v -0.367469817 -0.0366031341 1.69199312
v -0.442329854 -0.00412599556 1.59060884
v -0.443956137 -0.0573762991 1.59834039
v -0.417328358 -0.0440858342 1.56545985
v -0.404537618 -0.0715325922 1.60765529
v -0.382522851 -0.0581725091 1.57528245
v -0.37011084 -0.0943557844 1.60388649
v -0.348904341 -0.0797255859 1.57302499
v -0.329610288 -0.11956574 1.58495164
v -0.309238881 -0.103404552 1.55665481
v -0.282335699 -0.14721173 1.55447447
v -0.262337893 -0.130542859 1.52769923
v -0.27422145 -0.121393345 1.64035821
v -0.30341351 -0.0896206573 1.67486846
v -0.236298248 -0.150004283 1.58906734
v -0.262337893 -0.130542859 1.52769923
v -0.217529789 -0.133164495 1.56114447
v -0.195291787 -0.148731396 1.62295222
v -0.177907556 -0.131697789 1.59459841
v -0.191720575 -0.12525256 1.68366849
v -0.177907556 -0.131697789 1.59459841
v -0.172073051 -0.108877875 1.65465486
v -0.196207762 -0.100371294 1.72729409
v -0.175524592 -0.085685268 1.69595933
v -0.203312635 -0.0644590333 1.76827002
v -0.181521788 -0.0518876836 1.73476493
v -0.22231029 -0.00929158181 1.81641185
v -0.199460477 0.000530004501 1.78116572
v -0.206415325 0.0721579939 1.80995464
v -0.231669158 0.0723929182 1.84755266
v -0.227647319 0.153906167 1.85668647
v -0.204885826 0.143249616 1.82138038
v -0.18869777 0.212873191 1.79333889
v -0.209968716 0.227090985 1.82741141
v -0.158947632 0.257256269 1.72524536
v -0.17887111 0.274242938 1.75752699
v -0.160053745 0.27236262 1.64876366
v -0.17912063 0.291501582 1.67859817
v -0.238571122 0.219262302 1.80703485
v -0.273735464 0.26950863 1.64537215
v -0.308316648 0.245931014 1.69336605
v -0.203814611 0.291919857 1.61606932
v -0.186122045 0.272075355 1.58792233
v -0.160053745 0.27236262 1.64876366
v -0.220957145 0.269929856 1.55837214
v -0.239626721 0.289359212 1.58649409
v -0.276363581 0.265069455 1.51641583
v -0.296020448 0.283961773 1.54368043
v -0.334076822 0.25757584 1.58365548
v -0.31477654 0.238944471 1.5538044
v -0.350106269 0.215420753 1.57451093
v -0.370165855 0.232557327 1.60704124
v -0.379023761 0.192969352 1.58039987
v -0.400174439 0.208689913 1.61403179
v -0.276363581 0.265069455 1.51641583
v -0.416035235 0.177716136 1.56746888
v -0.441289127 0.193259999 1.60223329
v -0.438896716 0.141516015 1.59258819
v -0.468960255 0.154443786 1.62368453
v -0.466410935 0.107329898 1.60247207
v -0.494285256 0.113813683 1.63450599
v -0.48451969 0.0651441365 1.59298003
v -0.514423728 0.0652856082 1.62732446
v -0.429486692 0.17945236 1.63144922
v -0.373105913 0.190619394 1.68861306
v -0.341748714 0.195774347 1.72890997
v -0.405573577 0.189071417 1.67962921
v -0.366121978 0.194491461 1.73797858
v -0.38510868 0.192088962 1.70831549
v -0.283154905 0.198453739 1.78054559
v -0.326913744 0.200404659 1.79400313
v -0.379021108 0.173405647 1.69637108
v -0.405573577 0.189071417 1.67962921
v -0.36016649 0.138130173 1.75660264
v -0.415063232 0.0823173821 1.71786356
v -0.372424573 0.0844879448 1.76087308
v -0.397691309 0.070906803 1.76857519
v -0.424906641 0.0709068105 1.74142182
v -0.343288898 0.0721522495 1.8204689
v -0.299781173 0.0925775915 1.79998147
v -0.264226645 0.137281284 1.82858014
v -0.29681322 0.163336411 1.79221261
v -0.35032028 0.172873303 1.7383647
v -0.326913744 0.200404659 1.79400313
v -0.366121978 0.194491461 1.73797858
v -0.38510868 0.192088962 1.70831549
v -0.257198215 0.11795368 1.83189535
v -0.233907267 0.0721522868 1.84627044
v -0.250076771 0.024126038 1.81766033
v -0.260753363 -0.00165333739 1.79868639
v -0.227087975 -0.02830901 1.79344833
v -0.228002653 -0.0577349253 1.76155806
v -0.276373774 -0.0460085869 1.74686611
v -0.33156243 -0.0494114943 1.71480131
v -0.36082235 -0.0484003536 1.68559599
v -0.346964866 -0.0509242229 1.72220397
v -0.366728783 -0.0508351512 1.70142269
v -0.306999385 -0.0506798364 1.76223648
v -0.388353914 -0.0495231152 1.67959225
v -0.388353914 -0.0495231152 1.67959225
v -0.346964866 -0.0509242229 1.72220397
v -0.366728783 -0.0508351512 1.70142269
v -0.338830292 -0.0362674817 1.72229898
v -0.288338035 -0.0245896913 1.76217663
v -0.306999385 -0.0506798364 1.76223648
v -0.354413897 0.00645963661 1.75340223
v -0.302467227 0.0503628515 1.79924965
v -0.371316969 0.0568561442 1.76018202
v -0.343288898 0.0721522495 1.8204689
v -0.413507253 0.0591934286 1.71853054
v -0.424906641 0.0709068105 1.74142182
v -0.49706158 0.0703125224 1.6422596
v -0.514423728 0.0652856082 1.62732446
v -0.451606333 0.0709068254 1.7139554
v -0.451606333 0.0709068254 1.7139554
v -0.306999385 -0.0506798364 1.76223648
v -0.288338035 -0.0245896913 1.76217663
v -0.301307261 -0.0627480373 1.7892822
v -0.291595906 -0.0836578459 1.88038158
v -0.309323967 -0.108568139 1.86532724
v -0.260753363 -0.00165333739 1.79868639
v -0.227087975 -0.02830901 1.79344833
v -0.272535056 -0.0981829166 1.87953961
v -0.274645567 -0.113738775 1.86153221
v -0.228002653 -0.0577349253 1.76155806
v -0.276373774 -0.0460085869 1.74686611
v -0.301307261 -0.0627480373 1.7892822
v -0.309323967 -0.108568139 1.86532724
v -0.348506421 -0.189277306 1.97673881
v -0.348506421 -0.189277306 1.97673881
v -0.306999385 -0.0506798364 1.76223648
v -0.367469817 -0.0366031341 1.69199312
v -0.399797589 -0.0720387921 1.7055155
v -0.402481347 -0.069184266 1.70063806
v -0.366728783 -0.0508351512 1.70142269
v -0.445266783 -0.101383671 1.70299828
v -0.408458173 -0.070527263 1.6940738
v -0.388353914 -0.0495231152 1.67959225
v -0.367469817 -0.0366031341 1.69199312
v -0.399797589 -0.0720387921 1.7055155
v -0.402672082 -0.0711420253 1.69831169
v -0.445266783 -0.101383671 1.70299828
v -0.36082235 -0.0484003536 1.68559599
v -0.366728783 -0.0508351512 1.70142269
v -0.408458173 -0.070527263 1.6940738
v -0.36082235 -0.0484003536 1.68559599
v -0.388353914 -0.0495231152 1.67959225
v -0.299781173 0.0925775915 1.79998147
v -0.339684337 0.0721522495 1.85826874
v -0.343288898 0.0721522495 1.8204689
v -0.327406228 0.0960191861 1.97223771
v -0.36310482 0.072152257 1.96883941
v -0.43574509 0.0721521899 2.13573837
v -0.257198215 0.11795368 1.83189535
v -0.233907267 0.0721522868 1.84627044
v -0.257198215 0.11795368 1.83189535
v -0.31399852 0.0721522495 1.98266399
v -0.43574509 0.0721521899 2.13573837
v -0.327406257 0.048285313 1.97223771
v -0.36310482 0.072152257 1.96883941
v -0.250076771 0.024126038 1.81766033
v -0.339684337 0.0721522495 1.85826874
v -0.302467227 0.0503628515 1.79924965
v -0.343288898 0.0721522495 1.8204689
v -0.473171711 0.0683806241 1.75479674
v -0.413507253 0.0591934286 1.71853054
v -0.476929158 0.0667726323 1.74598503
v -0.424906641 0.0709068105 1.74142182
v -0.483703822 0.0678925812 1.74023104
v -0.540781558 0.0603405163 1.76437569
v -0.413507253 0.0591934286 1.71853054
v -0.451606333 0.0709068254 1.7139554
v -0.475317538 0.069844909 1.74735391
v -0.451606333 0.0709068254 1.7139554
v -0.415063232 0.0823173821 1.71786356
v -0.451606333 0.0709068254 1.7139554
v -0.483703822 0.0678925812 1.74023104
v -0.540781558 0.0603405163 1.76437569
v -0.473171711 0.0683806241 1.75479674
v -0.415063232 0.0823173821 1.71786356
v -0.424906641 0.0709068105 1.74142182
v -0.29681322 0.163336411 1.79221261
v -0.326913744 0.200404659 1.79400313
v -0.327101022 0.213082045 1.82636559
v -0.264226645 0.137281284 1.82858014
v -0.335056841 0.231991842 1.93264663
v -0.235569954 0.181554243 1.8390522
v -0.315891594 0.251246929 1.93583584
v -0.31786266 0.26989457 1.91584039
v -0.238571122 0.219262302 1.80703485
v -0.327101022 0.213082045 1.82636559
v -0.356706053 0.258903086 1.91373789
v -0.283154905 0.198453739 1.78054559
v -0.326913744 0.200404659 1.79400313
v -0.433293194 0.337658316 2.03761292
v -0.433293194 0.337658316 2.03761292
v -0.356706053 0.258903086 1.91373789
v -0.373105913 0.190619394 1.68861306
v -0.428467214 0.207312271 1.71001768
v -0.429131359 0.206347957 1.70282125
v -0.38510868 0.192088962 1.70831549
v -0.490032941 0.221767157 1.70633531
v -0.405573577 0.189071417 1.67962921
v -0.436392903 0.204391405 1.6957556
v -0.428467214 0.207312271 1.71001768
v -0.431498259 0.203830376 1.70241296
v -0.490032941 0.221767157 1.70633531
v -0.379021108 0.173405647 1.69637108
v -0.38510868 0.192088962 1.70831549
v -0.436392903 0.204391405 1.6957556
v -0.379021108 0.173405647 1.69637108
v -0.405573577 0.189071417 1.67962921
v -0.227647319 0.153906167 1.85668647
v -0.235569954 0.181554243 1.8390522
v -0.235569954 0.181554243 1.8390522
v -0.194056049 0.225409776 1.55940628
v -0.299913973 0.196504131 1.48740387
v -0.198670805 0.212021932 1.61761308
v -0.207639158 0.192379028 1.64931595
v -0.330581367 0.183769032 1.49176598
v -0.218574971 0.170070529 1.68171823
v -0.349965245 0.171303749 1.49271667
v -0.376056969 0.163863942 1.48449504
v -0.299913973 0.196504131 1.48740387
v -0.254824638 0.219591931 1.46748567
v -0.386276096 0.130968258 1.50186133
v -0.376056969 0.163863942 1.48449504
v -0.241349369 0.129040509 1.71704423
v -0.410491347 0.110856511 1.50360787
v -0.262337387 0.0978168249 1.7408371
v -0.43002212 0.0876776278 1.50204086
v -0.412247181 0.0607138611 1.50753677
v -0.262337387 0.0978168249 1.7408371
v -0.262337387 0.0978168249 1.7408371
v -0.243681028 0.0624581613 1.72226191
v -0.389491707 0.0391419865 1.50905681
v -0.223979831 0.0157329515 1.69381201
v -0.381666929 0.00366984354 1.49704862
v -0.223979831 0.0157329515 1.69381201
v -0.356048375 -0.00240621553 1.50632834
v -0.337640256 -0.0178069584 1.50756156
v -0.307945907 -0.0328491293 1.50537598
v -0.214774892 -0.011388368 1.66528344
v -0.207166165 -0.0365416147 1.63635218
v -0.211617395 -0.0474063009 1.58410549
v -0.264180243 -0.061591845 1.48959804
v -0.223979831 0.0157329515 1.69381201
v -0.458609998 0.134094179 1.51799738
v -0.43002212 0.0876776278 1.50204086
v -0.410491347 0.110856511 1.50360787
v -0.430250585 0.15949814 1.51287711
v -0.267125875 0.152350023 1.73774624
v -0.241800994 0.197161257 1.69974923
v -0.218574971 0.170070529 1.68171823
v -0.241349369 0.129040509 1.71704423
v -0.207639158 0.192379028 1.64931595
v -0.228304535 0.223037452 1.66508532
v -0.198670805 0.212021932 1.61761308
v -0.216894418 0.244813651 1.62926698
v -0.194056049 0.225409776 1.55940628
v -0.20582965 0.259498715 1.56753433
v -0.374163687 0.202720061 1.50765097
v -0.352412641 0.216013923 1.50497711
v -0.349965245 0.171303749 1.49271667
v -0.330581367 0.183769032 1.49176598
v -0.317800581 0.232425347 1.49568617
v -0.299913973 0.196504131 1.48740387
v -0.376056969 0.163863942 1.48449504
v -0.3995713 0.189094633 1.50038123
v -0.386276096 0.130968258 1.50186133
v -0.269145578 0.251850665 1.47254348
v -0.254824638 0.219591931 1.46748567
v -0.194056049 0.225409776 1.55940628
v -0.299913973 0.196504131 1.48740387
v -0.254824638 0.219591931 1.46748567
v -0.386276096 0.130968258 1.50186133
v -0.43002212 0.0876776278 1.50204086
v -0.489971489 0.090719223 1.51944423
v -0.489971489 0.090719223 1.51944423
v -0.29664287 0.10044767 1.76373303
v -0.262337387 0.0978168249 1.7408371
v -0.461811125 0.0426837541 1.52516019
v -0.43002212 0.0876776278 1.50204086
v -0.270925313 0.0438548811 1.74624825
v -0.435304582 0.015172991 1.52418733
v -0.248954803 -0.00712426146 1.71575737
v -0.223979831 0.0157329515 1.69381201
v -0.243681028 0.0624581613 1.72226191
v -0.412247181 0.0607138611 1.50753677
v -0.43002212 0.0876776278 1.50204086
v -0.389491707 0.0391419865 1.50905681
v -0.406810522 -0.017626876 1.51658046
v -0.381666929 0.00366984354 1.49704862
v -0.382309765 -0.0298972037 1.5258795
v -0.356048375 -0.00240621553 1.50632834
v -0.361605525 -0.046496477 1.52554715
v -0.337640256 -0.0178069584 1.50756156
v -0.328254074 -0.0660827458 1.5190773
v -0.307945907 -0.0328491293 1.50537598
v -0.280582458 -0.0916498452 1.49973083
v -0.227141678 -0.0659068599 1.65238464
v -0.224320292 -0.0808409229 1.59691143
v -0.264180243 -0.061591845 1.48959804
v -0.237454072 -0.0382331349 1.68555808
v -0.207166165 -0.0365416147 1.63635218
v -0.211617395 -0.0474063009 1.58410549
v -0.227141678 -0.0659068599 1.65238464
v -0.214774892 -0.011388368 1.66528344
v -0.223979831 0.0157329515 1.69381201
v -0.264180243 -0.061591845 1.48959804
v -0.211617395 -0.0474063009 1.58410549
v -0.280582458 -0.0916498452 1.49973083
v -0.264180243 -0.061591845 1.48959804
v -0.262337387 0.0978168249 1.7408371
v -0.243681028 0.0624581613 1.72226191
v -0.29664287 0.10044767 1.76373303
v 0.209084868 -0.122267492 1.596156
v 0.348976731 -0.0942377448 1.56400084
v 0.19682093 -0.0996602401 1.65466142
v 0.252980232 -0.123720475 1.56141627
v 0.305935144 -0.121123351 1.53039718
v 0.195736647 -0.0766835883 1.69570971
v 0.386259109 -0.0707793906 1.5844264
v 0.197430074 -0.0432007872 1.73457348
v 0.41911903 -0.0494270585 1.59029901
v 0.457203746 -0.036127653 1.5829066
v 0.476348788 0.00411606766 1.61188209
v 0.210058361 0.00872865226 1.78221214
v 0.49671194 0.032329347 1.62282562
v 0.213838309 0.0782512501 1.81108975
v 0.529372334 0.0736382455 1.60956037
v 0.49877426 0.114533782 1.62617767
v 0.211035728 0.150118977 1.8224014
v 0.472753137 0.148401469 1.61345851
v 0.198138535 0.219093889 1.79303122
v 0.454676926 0.18483448 1.58584428
v 0.415117711 0.199375644 1.59495783
v 0.387281477 0.221617848 1.58602011
v 0.176234081 0.26306358 1.72274899
v 0.35473907 0.244922459 1.56179512
v 0.185624599 0.278029352 1.64755642
v 0.217898384 0.277744651 1.59047365
v 0.256656021 0.275619119 1.55905867
v 0.320971012 0.270804137 1.5208087
v 0.529372334 0.0736382455 1.60956037
v 0.515336394 0.025145473 1.66320038
v 0.545157909 0.0706801787 1.65059781
v 0.49671194 0.032329347 1.62282562
v 0.495346099 -0.00916461926 1.65019929
v 0.442995638 -0.0356838033 1.65643752
v 0.476348788 0.00411606766 1.61188209
v 0.473427534 -0.0507462695 1.6190213
v 0.457203746 -0.036127653 1.5829066
v 0.433600485 -0.0647706389 1.62391472
v 0.41911903 -0.0494270585 1.59029901
v 0.400108635 -0.0873813406 1.61646712
v 0.386259109 -0.0707793906 1.5844264
v 0.362282276 -0.112356491 1.59342492
v 0.348976731 -0.0942377448 1.56400084
v 0.319037914 -0.139744967 1.55828226
v 0.305935144 -0.121123351 1.53039718
v 0.296524644 -0.114166982 1.64492202
v 0.321525037 -0.082690388 1.68207288
v 0.264748067 -0.142511576 1.5902983
v 0.305935144 -0.121123351 1.53039718
v 0.252980232 -0.123720475 1.56141627
v 0.219442919 -0.141250536 1.62531197
v 0.209084868 -0.122267492 1.596156
v 0.209336102 -0.117990322 1.68471277
v 0.209084868 -0.122267492 1.596156
v 0.19682093 -0.0996602401 1.65466142
v 0.209019393 -0.0933408365 1.72815919
v 0.195736647 -0.0766835883 1.69570971
v 0.211568192 -0.0577631071 1.76928031
v 0.197430074 -0.0432007872 1.73457348
v 0.225050181 -0.00310948375 1.81874859
v 0.210058361 0.00872865226 1.78221214
v 0.213838309 0.0782512501 1.81108975
v 0.230984643 0.0762056708 1.85025847
v 0.225934103 0.158568054 1.85898781
v 0.211035728 0.150118977 1.8224014
v 0.198138535 0.219093889 1.79303122
v 0.211703107 0.231071234 1.82824075
v 0.176234081 0.26306358 1.72274899
v 0.188666016 0.27778405 1.75604868
v 0.185624599 0.278029352 1.64755642
v 0.197478727 0.294882029 1.67835295
v 0.235650212 0.185958147 1.84248245
v 0.295501858 0.27309382 1.64980638
v 0.327815503 0.249735847 1.70058358
v 0.228582427 0.295296282 1.61945939
v 0.217898384 0.277744651 1.59047365
v 0.185624599 0.278029352 1.64755642
v 0.256656021 0.275619119 1.55905867
v 0.268305033 0.292759478 1.58812523
v 0.320971012 0.270804137 1.5208087
v 0.333685189 0.287412494 1.54913878
v 0.366821229 0.261272222 1.59263396
v 0.35473907 0.244922459 1.56179512
v 0.387281477 0.221617848 1.58602011
v 0.399820387 0.236486778 1.61957955
v 0.415117711 0.199375644 1.59495783
v 0.428611755 0.212841719 1.62972009
v 0.320971012 0.270804137 1.5208087
v 0.454676926 0.18483448 1.58584428
v 0.470378935 0.197555482 1.62256455
v 0.472753137 0.148401469 1.61345851
v 0.495298952 0.159100831 1.64669156
v 0.49877426 0.114533782 1.62617767
v 0.519062638 0.118849181 1.66009629
v 0.529372334 0.0736382455 1.60956037
v 0.545157909 0.0706801787 1.65059781
v 0.455586195 0.183876142 1.65005338
v 0.398844749 0.177885547 1.70850539
v 0.426808923 0.193405524 1.69490159
v 0.393862098 0.194939151 1.7002244
v 0.353408992 0.200045809 1.73944974
v 0.426808923 0.193405524 1.69490159
v 0.376425773 0.198775008 1.75102568
v 0.403542995 0.196394995 1.72092819
v 0.288858414 0.202700302 1.79003477
v 0.330488086 0.204633102 1.80803621
v 0.360823303 0.177358076 1.74969077
v 0.376425773 0.198775008 1.75102568
v 0.330488086 0.204633102 1.80803621
v 0.301603228 0.168251574 1.802405
v 0.403542995 0.196394995 1.72092819
v 0.372009397 0.14293918 1.76848221
v 0.432002753 0.0876461118 1.73358178
v 0.380146414 0.089796342 1.77425456
v 0.404190481 0.0763420612 1.78458083
v 0.439138353 0.0763421506 1.75784862
v 0.343739361 0.0775758997 1.8358748
v 0.303120315 0.0978107825 1.81097841
v 0.265005767 0.142097607 1.83528101
v 0.300480485 0.16756855 1.80360663
v 0.257723987 0.122950628 1.83778322
v 0.23322852 0.0775759295 1.84940946
v 0.252256304 0.0299969818 1.82299149
v 0.520953119 0.0757533982 1.66803408
v 0.468411297 0.0763421208 1.73369992
v 0.264829755 0.00445753103 1.80546629
v 0.232247144 -0.0219498537 1.79665506
v 0.366692215 0.0124950213 1.7647059
v 0.295955569 -0.0182651803 1.7725091
v 0.351252198 -0.0298341271 1.73262382
v 0.359272867 -0.0443544574 1.73341286
v 0.38794452 -0.0301667117 1.70294058
v 0.386191666 -0.0442661941 1.71214569
v 0.314325571 -0.0441124439 1.774593
v 0.305845022 0.0559897237 1.81054914
v 0.379130691 0.062422704 1.77345407
v 0.343739361 0.0775758997 1.8358748
v 0.404190481 0.0763420612 1.78458083
v 0.430398285 0.0647381023 1.73406994
v 0.439138353 0.0763421506 1.75784862
v 0.545157909 0.0706801787 1.65059781
v 0.468411297 0.0763421208 1.73369992
v 0.409855723 -0.0429663658 1.69299662
v 0.38209331 -0.0418539904 1.69592035
v 0.409855723 -0.0429663658 1.69299662
v 0.34577328 -0.0428680032 1.72392559
v 0.285836071 -0.0394845679 1.75613308
v 0.386191666 -0.0442661941 1.71214569
v 0.314325571 -0.0441124439 1.774593
v 0.236609206 -0.0511017218 1.76535118
v 0.314325571 -0.0441124439 1.774593
v 0.305784702 -0.0560681038 1.80060792
v 0.295955569 -0.0182651803 1.7725091
v 0.286333531 -0.0767832622 1.88926172
v 0.264829755 0.00445753103 1.80546629
v 0.305424988 -0.101461388 1.87636137
v 0.331915915 -0.181418911 1.99032402
v 0.232247144 -0.0219498537 1.79665506
v 0.264829755 0.00445753103 1.80546629
v 0.267655492 -0.0911729783 1.88636351
v 0.271688312 -0.106583953 1.86885977
v 0.236609206 -0.0511017218 1.76535118
v 0.331915915 -0.181418911 1.99032402
v 0.331915915 -0.181418911 1.99032402
v 0.285836071 -0.0394845679 1.75613308
v 0.236609206 -0.0511017218 1.76535118
v 0.305784702 -0.0560681038 1.80060792
v 0.305424988 -0.101461388 1.87636137
v 0.331915915 -0.181418911 1.99032402
v 0.314325571 -0.0441124439 1.774593
v 0.38794452 -0.0301667117 1.70294058
v 0.41831091 -0.0652723685 1.71976542
v 0.386191666 -0.0442661941 1.71214569
v 0.38209331 -0.0418539904 1.69592035
v 0.421923399 -0.0643839538 1.71298361
v 0.463358402 -0.0943439677 1.72222245
v 0.428080916 -0.063774921 1.7094388
v 0.409855723 -0.0429663658 1.69299662
v 0.38794452 -0.0301667117 1.70294058
v 0.42148298 -0.0624444187 1.71525371
v 0.463358402 -0.0943439677 1.72222245
v 0.409855723 -0.0429663658 1.69299662
v 0.428080916 -0.063774921 1.7094388
v 0.303120315 0.0978107825 1.81097841
v 0.343739361 0.0775758997 1.8358748
v 0.336086988 0.0775759146 1.87270534
v 0.311626196 0.101220489 1.98360062
v 0.257723987 0.122950628 1.83778322
v 0.34714824 0.0775758773 1.98412943
v 0.400563091 0.077575855 2.1563623
v 0.297291607 0.0775758699 1.99241233
v 0.23322852 0.0775759295 1.84940946
v 0.257723987 0.122950628 1.83778322
v 0.311626285 0.0539312512 1.98360074
v 0.252256304 0.0299969818 1.82299149
v 0.305845022 0.0559897237 1.81054914
v 0.336086988 0.0775759146 1.87270534
v 0.343739361 0.0775758997 1.8358748
v 0.34714824 0.0775758773 1.98412943
v 0.400563091 0.077575855 2.1563623
v 0.485214531 0.0738394111 1.77625775
v 0.430398285 0.0647381023 1.73406994
v 0.439138353 0.0763421506 1.75784862
v 0.489870787 0.07224641 1.76798809
v 0.497166544 0.0733559653 1.76305747
v 0.468411297 0.0763421208 1.73369992
v 0.432002753 0.0876461118 1.73358178
v 0.488135189 0.0752901062 1.76916122
v 0.468411297 0.0763421208 1.73369992
v 0.497166544 0.0733559653 1.76305747
v 0.550751686 0.0658742338 1.79302835
v 0.550751686 0.0658742338 1.79302835
v 0.301603228 0.168251574 1.802405
v 0.327160001 0.217192352 1.83992422
v 0.330488086 0.204633102 1.80803621
v 0.300480485 0.16756855 1.80360663
v 0.265005767 0.142097607 1.83528101
v 0.323458165 0.235925883 1.94544518
v 0.235650212 0.185958147 1.84248245
v 0.304239601 0.255001694 1.94650555
v 0.308350891 0.273475766 1.92702973
v 0.242080554 0.223315001 1.81128013
v 0.327160001 0.217192352 1.83992422
v 0.346829027 0.262586504 1.92917538
v 0.288858414 0.202700302 1.79003477
v 0.330488086 0.204633102 1.80803621
v 0.408800244 0.340608209 2.05947089
v 0.408800244 0.340608209 2.05947089
v 0.346829027 0.262586504 1.92917538
v 0.393862098 0.194939151 1.7002244
v 0.446054369 0.211476505 1.72731018
v 0.403542995 0.196394995 1.72092819
v 0.44748947 0.210521162 1.72029603
v 0.507079065 0.225796804 1.73036683
v 0.449864507 0.208027035 1.72015119
v 0.398844749 0.177885547 1.70850539
v 0.398844749 0.177885547 1.70850539
v 0.455406904 0.208582908 1.71412683
v 0.426808923 0.193405524 1.69490159
v 0.455406904 0.208582908 1.71412683
v 0.398844749 0.177885547 1.70850539
v 0.426808923 0.193405524 1.69490159
v 0.300480485 0.16756855 1.80360663
v 0.301603228 0.168251574 1.802405
v 0.372009397 0.14293918 1.76848221
v 0.242080554 0.223315001 1.81128013
v 0.235650212 0.185958147 1.84248245
v 0.255524755 0.19504185 1.5101074
v 0.377258301 0.170785591 1.46051109
v 0.344140202 0.190234318 1.4367733
v 0.255524755 0.19504185 1.5101074
v 0.248919591 0.184314534 1.55774629
v 0.250640213 0.16842106 1.58430696
v 0.400189817 0.161233842 1.46865237
v 0.253722787 0.150552958 1.61191094
v 0.415619522 0.150814489 1.47126949
v 0.445997804 0.145688325 1.46123457
v 0.450489998 0.117892928 1.47709894
v 0.265722513 0.117410764 1.64372122
v 0.445997804 0.145688325 1.46123457
v 0.469181359 0.102614276 1.48217642
v 0.27802074 0.0934350789 1.66640389
v 0.489003986 0.0830409601 1.48069108
v 0.507752657 0.124128416 1.50427604
v 0.489003986 0.0830409601 1.48069108
v 0.536669314 0.0857679918 1.5075618
v 0.469181359 0.102614276 1.48217642
v 0.284939408 0.138987839 1.6672461
v 0.486361384 0.144410178 1.49521816
v 0.271191895 0.175491199 1.63262677
v 0.253722787 0.150552958 1.61191094
v 0.265722513 0.117410764 1.64372122
v 0.250640213 0.16842106 1.58430696
v 0.266269058 0.196603581 1.60264885
v 0.248919591 0.184314534 1.55774629
v 0.263180375 0.214379385 1.57197142
v 0.255524755 0.19504185 1.5101074
v 0.264564365 0.226290569 1.51970518
v 0.434491426 0.179912984 1.48957562
v 0.41729185 0.190985873 1.48497725
v 0.415619522 0.150814489 1.47126949
v 0.400189817 0.161233842 1.46865237
v 0.391753227 0.203982159 1.47155714
v 0.377258301 0.170785591 1.46051109
v 0.355940938 0.219733685 1.44414389
v 0.344140202 0.190234318 1.4367733
v 0.344140202 0.190234318 1.4367733
v 0.445997804 0.145688325 1.46123457
v 0.4636935 0.168731958 1.4799844
v 0.450489998 0.117892928 1.47709894
v 0.445997804 0.145688325 1.46123457
v 0.344140202 0.190234318 1.4367733
v 0.255524755 0.19504185 1.5101074
v 0.30463326 0.0958317071 1.69325995
v 0.27802074 0.0934350789 1.66640389
v 0.509134769 0.046520479 1.51079202
v 0.286545426 0.0488064177 1.67481792
v 0.488496721 0.0245072357 1.50528562
v 0.274187624 0.00727224816 1.64675093
v 0.255899608 0.0283112433 1.62217474
v 0.266636968 0.0660616308 1.6480329
v 0.25352326 0.006532297 1.59789944
v 0.270092726 -0.018114375 1.62067699
v 0.252401561 -0.0139734745 1.57363629
v 0.267366827 -0.0408293419 1.59207594
v 0.265304297 -0.0223147571 1.53226197
v 0.27418521 -0.0530743599 1.54617321
v 0.36032179 -0.0616364554 1.46790743
v 0.347644329 -0.0341802873 1.45558977
v 0.396110684 -0.0407065302 1.49210131
v 0.380477786 -0.0100059221 1.47569072
v 0.403037488 0.00132862083 1.48207796
v 0.421140343 -0.0251170341 1.50312197
v 0.418083042 0.0124772117 1.48288453
v 0.437926561 -0.0129781151 1.50577104
v 0.347644329 -0.0341802873 1.45558977
v 0.466741651 -0.00243855477 1.49435651
v 0.448289275 0.0170113463 1.47203851
v 0.451754063 0.0469135754 1.48305845
v 0.448289275 0.0170113463 1.47203851
v 0.469881117 0.0633208007 1.48547554
v 0.489003986 0.0830409601 1.48069108
v 0.489003986 0.0830409601 1.48069108
v 0.536669314 0.0857679918 1.5075618
v 0.437926561 -0.0129781151 1.50577104
v 0.418083042 0.0124772117 1.48288453
v 0.380477786 -0.0100059221 1.47569072
v 0.265304297 -0.0223147571 1.53226197
v 0.347644329 -0.0341802873 1.45558977
v 0.265304297 -0.0223147571 1.53226197
v 0.252401561 -0.0139734745 1.57363629
v 0.25352326 0.006532297 1.59789944
v 0.403037488 0.00132862083 1.48207796
v 0.255899608 0.0283112433 1.62217474
v 0.418083042 0.0124772117 1.48288453
v 0.418083042 0.0124772117 1.48288453
v 0.448289275 0.0170113463 1.47203851
v 0.451754063 0.0469135754 1.48305845
v 0.266636968 0.0660616308 1.6480329
v 0.448289275 0.0170113463 1.47203851
v 0.469881117 0.0633208007 1.48547554
v 0.27802074 0.0934350789 1.66640389
v 0.27802074 0.0934350789 1.66640389
v 0.489003986 0.0830409601 1.48069108
v 0.347644329 -0.0341802873 1.45558977
v 0.265304297 -0.0223147571 1.53226197
v 0.27802074 0.0934350789 1.66640389
v 0.24503085 0.22003907 1.53710032
v 0.368389279 0.19256255 1.50098813
v 0.329760164 0.215431362 1.4708432
v 0.245960414 0.203762546 1.58874702
v 0.253506869 0.191452935 1.62179792
v 0.394953042 0.179289415 1.51433682
v 0.261435688 0.17018196 1.65052104
v 0.412431091 0.165664569 1.52019131
v 0.442152709 0.159513876 1.51362586
v 0.449448705 0.127712011 1.53159249
v 0.280255258 0.132102832 1.68887925
v 0.442152709 0.159513876 1.51362586
v 0.470744878 0.107245974 1.54063153
v 0.292028427 0.091879651 1.70577943
v 0.491344899 0.0832553655 1.54209459
v 0.471455872 0.0588004477 1.54473007
v 0.283098251 0.0466763377 1.69834518
v 0.491344899 0.0832553655 1.54209459
v 0.450902581 0.0366040319 1.53929734
v 0.265143961 0.0044725989 1.66552424
v 0.444889128 0.00231066695 1.52682328
v 0.415378481 -0.0035728931 1.53447175
v 0.444889128 0.00231066695 1.52682328
v 0.39852035 -0.01863987 1.53094339
v 0.25764218 -0.0167066101 1.64051831
v 0.373536587 -0.0339503661 1.52061236
v 0.249863937 -0.0376340002 1.60824597
v 0.255534887 -0.0512766913 1.56656039
v 0.319884688 -0.0602458082 1.48022473
v 0.511951149 0.130074516 1.56722856
v 0.491344899 0.0832553655 1.54209459
v 0.541913211 0.0865496993 1.57604134
v 0.302999556 0.15361084 1.71377647
v 0.487714112 0.155518338 1.55408418
v 0.280613989 0.197694391 1.67178345
v 0.261435688 0.17018196 1.65052104
v 0.280255258 0.132102832 1.68887925
v 0.253506869 0.191452935 1.62179792
v 0.270799339 0.222739726 1.63880384
v 0.245960414 0.203762546 1.58874702
v 0.259607881 0.238150671 1.60133934
v 0.24503085 0.22003907 1.53710032
v 0.254773736 0.253333688 1.54716361
v 0.432354718 0.19737877 1.53894114
v 0.413059264 0.21136415 1.53135276
v 0.412431091 0.165664569 1.52019131
v 0.394953042 0.179289415 1.51433682
v 0.383450389 0.227961674 1.51315045
v 0.368389279 0.19256255 1.50098813
v 0.342044681 0.247421637 1.47923851
v 0.329760164 0.215431362 1.4708432
v 0.24503085 0.22003907 1.53710032
v 0.329760164 0.215431362 1.4708432
v 0.442152709 0.159513876 1.51362586
v 0.461967945 0.184629872 1.53412795
v 0.432354718 0.19737877 1.53894114
v 0.449448705 0.127712011 1.53159249
v 0.442152709 0.159513876 1.51362586
v 0.470744878 0.107245974 1.54063153
v 0.491344899 0.0832553655 1.54209459
v 0.320276022 0.0952997953 1.73669541
v 0.292028427 0.091879651 1.70577943
v 0.513528347 0.0413851105 1.57450283
v 0.491344899 0.0832553655 1.54209459
v 0.306959689 0.0300984234 1.72613859
v 0.490243793 0.0135952514 1.56589961
v 0.285107523 -0.0198219772 1.69019127
v 0.265143961 0.0044725989 1.66552424
v 0.283098251 0.0466763377 1.69834518
v 0.25764218 -0.0167066101 1.64051831
v 0.275265813 -0.0452891067 1.66218483
v 0.249863937 -0.0376340002 1.60824597
v 0.264752686 -0.0686689094 1.62595868
v 0.255534887 -0.0512766913 1.56656039
v 0.267571509 -0.0838041455 1.5812844
v 0.332653582 -0.0905230865 1.49158883
v 0.319884688 -0.0602458082 1.48022473
v 0.255534887 -0.0512766913 1.56656039
v 0.388012379 -0.0677711964 1.53789949
v 0.373536587 -0.0339503661 1.52061236
v 0.39852035 -0.01863987 1.53094339
v 0.41765213 -0.0472342186 1.55311394
v 0.415378481 -0.0035728931 1.53447175
v 0.43639195 -0.0316909589 1.55797875
v 0.319884688 -0.0602458082 1.48022473
v 0.444889128 0.00231066695 1.52682328
v 0.465595573 -0.0188681688 1.55112958
v 0.444889128 0.00231066695 1.52682328
v 0.450902581 0.0366040319 1.53929734
v 0.471455872 0.0588004477 1.54473007
v 0.491344899 0.0832553655 1.54209459
vt 0.202732489 0.4208211
vt 0.177726299 0.446893454
vt 0.197745845 0.443665296
vt 0.20607847 0.39625752
vt 0.192330107 0.379212826
vt 0.179775119 0.369039685
vt 0.162304237 0.451677203
vt 0.164600164 0.359742612
vt 0.150959671 0.458581388
vt 0.143129155 0.470155716
vt 0.125770643 0.467875063
vt 0.141225755 0.351079971
vt 0.114170171 0.470298767
vt 0.115138054 0.343178988
vt 0.0989613011 0.480469346
vt 0.0871404037 0.466747254
vt 0.0902719423 0.337224007
vt 0.0740270913 0.460347801
vt 0.0635664091 0.3364757
vt 0.0582406968 0.459232748
vt 0.0525722615 0.445717812
vt 0.0425262302 0.438880503
vt 0.0351631157 0.342938066
vt 0.0279832296 0.433830023
vt 0.0154275112 0.360451907
vt 0.00621866155 0.381198108
vt 0.00657444634 0.403825611
vt 0.00859526359 0.431845933
vt 0.295865476 0.0123991575
vt 0.336683273 0.0452597886
vt 0.342823982 0.0300369561
vt 0.295612991 0.0249354616
vt 0.369363368 0.0548476502
vt 0.397238553 0.0948888212
vt 0.383328557 0.149675637
vt 0.374483585 0.0374984667
vt 0.412122667 0.0596096665
vt 0.419274271 0.0479956008
vt 0.433066487 0.085683763
vt 0.443975747 0.0744515881
vt 0.460900486 0.107014433
vt 0.468769789 0.0946301669
vt 0.496474624 0.126400545
vt 0.502523422 0.112934582
vt 0.540389299 0.145438552
vt 0.545324981 0.131489307
vt 0.486933172 0.197160244
vt 0.447940052 0.193145409
vt 0.538136601 0.200127095
vt 0.555174708 0.147920743
vt 0.552749813 0.201580405
vt 0.531619787 0.257705331
vt 0.546658278 0.258193016
vt 0.490145981 0.286183476
vt 0.538930357 0.271019697
vt 0.496130466 0.299448431
vt 0.455469608 0.302596182
vt 0.459642768 0.316307962
vt 0.414367676 0.31519264
vt 0.417192936 0.329435021
vt 0.35619688 0.32371074
vt 0.356260061 0.337357759
vt 0.289558113 0.338237196
vt 0.285359859 0.323513508
vt 0.220195636 0.335837692
vt 0.226368085 0.34757778
vt 0.157357231 0.343852192
vt 0.158017755 0.329972595
vt 0.0851558968 0.327111512
vt 0.0925781429 0.315270305
vt 0.0344819315 0.2882846
vt 0.0460590608 0.275152862
vt 0.162565276 0.303138107
vt 0.0769075081 0.184365287
vt 0.121439524 0.189175963
vt 0.0250089075 0.226452842
vt 0.00911038648 0.227208853
vt 0.0287106987 0.27675429
vt 0.00979277957 0.173103511
vt 0.0261155833 0.174300641
vt 0.0176752638 0.108688958
vt 0.0340638682 0.109309651
vt 0.080767408 0.106196418
vt 0.0793149769 0.0898179114
vt 0.114884548 0.0803288966
vt 0.119153149 0.0958135054
vt 0.140749902 0.066470921
vt 0.14931275 0.0813005418
vt 0.0345271118 0.093343839
vt 0.168883309 0.0423636734
vt 0.175016314 0.0561925098
vt 0.21014367 0.0329061933
vt 0.214185178 0.050242696
vt 0.248341471 0.026521679
vt 0.252503812 0.0397015028
vt 0.295865476 0.0123991575
vt 0.295612991 0.0249354616
vt 0.186641917 0.07864476
vt 0.171463817 0.140347958
vt 0.172754213 0.188667193
vt 0.18659018 0.121464521
vt 0.188094884 0.181035504
vt 0.186848432 0.145048618
vt 0.170923069 0.264491349
vt 0.19269751 0.249577343
vt 0.202862114 0.140473634
vt 0.18659018 0.121464521
vt 0.234465271 0.190773115
vt 0.271445394 0.130676255
vt 0.274273574 0.18667376
vt 0.289039791 0.176155061
vt 0.28948307 0.136860132
vt 0.287632704 0.250919193
vt 0.260056019 0.265528977
vt 0.233156398 0.299355626
vt 0.220594302 0.261879861
vt 0.205340192 0.188106909
vt 0.19269751 0.249577343
vt 0.188094884 0.181035504
vt 0.186848432 0.145048618
vt 0.245270655 0.305059254
vt 0.285684824 0.320820689
vt 0.3308236 0.304799587
vt 0.35084784 0.290102452
vt 0.376531422 0.310337216
vt 0.408072293 0.295549095
vt 0.400100887 0.257962674
vt 0.40159601 0.193071693
vt 0.405463874 0.152097777
vt 0.392451406 0.187093928
vt 0.394373417 0.155720174
vt 0.384047449 0.246406898
vt 0.39526993 0.134474933
vt 0.39526993 0.134474933
vt 0.392451406 0.187093928
vt 0.394373417 0.155720174
vt 0.381895423 0.191129059
vt 0.366357803 0.256128579
vt 0.384047449 0.246406898
vt 0.341970623 0.194475129
vt 0.314701617 0.264291674
vt 0.304494977 0.18748495
vt 0.287632704 0.250919193
vt 0.308004618 0.132758617
vt 0.28948307 0.136860132
vt 0.291573524 0.0460377261
vt 0.295612991 0.0249354616
vt 0.289753795 0.11244978
vt 0.289753795 0.11244978
vt 0.92819649 0.860032797
vt 0.949259698 0.846395075
vt 0.911776662 0.843298078
vt 0.867516041 0.786644161
vt 0.852133632 0.808432639
vt 0.957402825 0.806833029
vt 0.958286464 0.773369431
vt 0.867632568 0.768736184
vt 0.869391084 0.750883937
vt 0.96227777 0.739781618
vt 0.958208203 0.699530065
vt 0.919304848 0.699107528
vt 0.856353045 0.727697551
vt 0.751971662 0.762860537
vt 0.751971662 0.762860537
vt 0.937443912 0.684223592
vt 0.943183661 0.622353375
vt 0.957061529 0.587174773
vt 0.952321231 0.586315751
vt 0.955508947 0.617099166
vt 0.959304154 0.545720696
vt 0.947281122 0.581336379
vt 0.934353292 0.602484524
vt 0.943183661 0.622353375
vt 0.957061529 0.587174773
vt 0.962902725 0.5858109
vt 0.959304154 0.545720696
vt 0.96682936 0.622879267
vt 0.955508947 0.617099166
vt 0.967395186 0.582337081
vt 0.96682936 0.622879267
vt 0.978611231 0.604312122
vt 0.676918447 0.960720599
vt 0.622011542 0.960871816
vt 0.643143773 0.981043518
vt 0.564333737 0.892107248
vt 0.546501815 0.920141578
vt 0.41907686 0.8709656
vt 0.6805076 0.914274096
vt 0.68045938 0.872007489
vt 0.6805076 0.914274096
vt 0.563312531 0.869818091
vt 0.41907686 0.8709656
vt 0.56442982 0.847697377
vt 0.546929598 0.819620013
vt 0.693332136 0.828085363
vt 0.624467492 0.781350374
vt 0.679085493 0.782252848
vt 0.646486461 0.762100518
vt 0.897898078 0.629917145
vt 0.863084793 0.591412365
vt 0.892042875 0.634474695
vt 0.883805037 0.595331073
vt 0.888886213 0.640723228
vt 0.917357564 0.677869737
vt 0.863084793 0.591412365
vt 0.864120483 0.622383833
vt 0.903715849 0.628431678
vt 0.915745735 0.600959361
vt 0.896136105 0.578390539
vt 0.915745735 0.600959361
vt 0.912028253 0.631467342
vt 0.917357564 0.677869737
vt 0.897898078 0.629917145
vt 0.896136105 0.578390539
vt 0.883805037 0.595331073
vt 0.0257286802 0.810994387
vt 0.0598392077 0.826111972
vt 0.0773605183 0.806071877
vt 0.00824283157 0.770941317
vt 0.123567618 0.738831043
vt 0.0148110632 0.729103088
vt 0.122072034 0.718234301
vt 0.119276151 0.697827637
vt 0.0118825268 0.690399289
vt 0.0601891056 0.641083241
vt 0.133387119 0.670354843
vt 0.0120072719 0.64637506
vt 0.0389772505 0.624869287
vt 0.254612744 0.704651415
vt 0.254612744 0.704651415
vt 0.143030986 0.762768626
vt 0.93492198 0.521246135
vt 0.95130235 0.47843942
vt 0.945888758 0.477527559
vt 0.950111389 0.513300657
vt 0.953001559 0.430121541
vt 0.925664067 0.496578246
vt 0.940073311 0.471824765
vt 0.95130235 0.47843942
vt 0.95790416 0.476708084
vt 0.953001559 0.430121541
vt 0.965040386 0.522770643
vt 0.950111389 0.513300657
vt 0.962893724 0.472539365
vt 0.965040386 0.522770643
vt 0.976527631 0.497568488
vt 0.220195636 0.335837692
vt 0.197581112 0.321552485
vt 0.197581112 0.321552485
vt 0.0581453964 0.990992963
vt 0.101417765 0.966216087
vt 0.0429137424 0.981263578
vt 0.0344300866 0.972138345
vt 0.104748651 0.954059005
vt 0.0262223165 0.96175319
vt 0.108986422 0.944986641
vt 0.118560098 0.937788308
vt 0.101417765 0.966216087
vt 0.100975566 0.981662154
vt 0.115432352 0.927467465
vt 0.118560098 0.937788308
vt 0.0181757323 0.944456339
vt 0.117592156 0.915633976
vt 0.0139333 0.929077566
vt 0.121396825 0.904284537
vt 0.112860829 0.895766854
vt 0.0139333 0.929077566
vt 0.0139333 0.929077566
vt 0.0107945008 0.913445473
vt 0.105571583 0.886079729
vt 0.0101890201 0.894459605
vt 0.103687212 0.875420213
vt 0.0101890201 0.894459605
vt 0.0918578357 0.873120964
vt 0.0839416832 0.866808772
vt 0.0753856674 0.857175231
vt 0.0128381699 0.881598592
vt 0.0163165666 0.86991781
vt 0.0267629605 0.85775584
vt 0.067740649 0.843470693
vt 0.0101890201 0.894459605
vt 0.821777701 0.262284636
vt 0.805038154 0.295934349
vt 0.840503871 0.276062757
vt 0.843554437 0.243272498
vt 0.751315176 0.0251076408
vt 0.796115398 0.0209344774
vt 0.795760214 0.00977490097
vt 0.749395251 0.0140127512
vt 0.827797532 0.0112936953
vt 0.82756567 0.0226708315
vt 0.857991993 0.0158459544
vt 0.85671562 0.0266243182
vt 0.898497224 0.0286324807
vt 0.895608962 0.0398553684
vt 0.872862816 0.198066801
vt 0.885658443 0.176935166
vt 0.884324729 0.201862678
vt 0.895100832 0.182929382
vt 0.906399131 0.154194221
vt 0.914452791 0.162306711
vt 0.877183199 0.229604706
vt 0.867488623 0.225281179
vt 0.862910569 0.253346801
vt 0.935623765 0.132269189
vt 0.945362568 0.126358077
vt 0.906198561 0.0356306322
vt 0.914452791 0.162306711
vt 0.942436039 0.141171753
vt 0.862910569 0.253346801
vt 0.805038154 0.295934349
vt 0.799469113 0.280213237
vt 0.799469113 0.280213237
vt 0.712458313 0.036979124
vt 0.709256887 0.027961012
vt 0.770586073 0.280036241
vt 0.805038154 0.295934349
vt 0.67460382 0.0516792424
vt 0.741420567 0.278665513
vt 0.637029231 0.0760335401
vt 0.630215943 0.0671203062
vt 0.669084549 0.0418376215
vt 0.7646662 0.302332789
vt 0.805038154 0.295934349
vt 0.732686937 0.298440218
vt 0.711205363 0.279425889
vt 0.706444442 0.288822919
vt 0.689598501 0.261551708
vt 0.683123648 0.27163583
vt 0.666114688 0.252971053
vt 0.662548721 0.263491213
vt 0.635384619 0.247959569
vt 0.634217322 0.259249091
vt 0.598579288 0.248588562
vt 0.593911648 0.117667079
vt 0.579507411 0.150699005
vt 0.587150514 0.248804227
vt 0.613666177 0.0967197716
vt 0.585625589 0.11121127
vt 0.568751931 0.145728767
vt 0.593911648 0.117667079
vt 0.606106162 0.0880980343
vt 0.630215943 0.0671203062
vt 0.587150514 0.248804227
vt 0.568300724 0.152857661
vt 0.598579288 0.248588562
vt 0.598884344 0.259744763
vt 0.709256887 0.027961012
vt 0.669084549 0.0418376215
vt 0.712458313 0.036979124
vt 0.879266739 0.692112088
vt 0.855092466 0.642758667
vt 0.862898707 0.706607401
vt 0.87850076 0.669112563
vt 0.875850141 0.647555053
vt 0.848752618 0.714843988
vt 0.839362264 0.636932671
vt 0.83227706 0.72204262
vt 0.828222334 0.629528761
vt 0.821119487 0.618118703
vt 0.802830279 0.618751645
vt 0.807665288 0.72798878
vt 0.790945411 0.615538418
vt 0.781640112 0.733148456
vt 0.776363909 0.604967833
vt 0.763166726 0.616799057
vt 0.756282151 0.736943364
vt 0.749132633 0.621792257
vt 0.729037881 0.735742807
vt 0.733175159 0.621629894
vt 0.726693451 0.633550346
vt 0.71610254 0.638872027
vt 0.699545741 0.726869822
vt 0.700609922 0.641953647
vt 0.680077851 0.708336413
vt 0.672258496 0.688003063
vt 0.674992085 0.667168796
vt 0.680042922 0.641549289
vt 0.627174258 0.284050107
vt 0.585691631 0.315123081
vt 0.627188385 0.297766179
vt 0.579705179 0.298673362
vt 0.552536547 0.322730035
vt 0.523373723 0.359276891
vt 0.54676193 0.304634929
vt 0.508253157 0.32657674
vt 0.500424445 0.314298809
vt 0.48639071 0.35017699
vt 0.475248694 0.338358194
vt 0.457487047 0.369914889
vt 0.449349046 0.357211947
vt 0.419831991 0.387915283
vt 0.413606405 0.374245048
vt 0.37272644 0.405276686
vt 0.367766619 0.391193777
vt 0.427380264 0.453683257
vt 0.468862176 0.450157464
vt 0.372811019 0.456270576
vt 0.35760951 0.407339752
vt 0.358047009 0.457417786
vt 0.378251791 0.509952545
vt 0.362980962 0.51021719
vt 0.421266198 0.536456525
vt 0.371040225 0.523477852
vt 0.414902866 0.549892366
vt 0.457107604 0.551945925
vt 0.452296674 0.565960586
vt 0.499319673 0.564532459
vt 0.495548069 0.579171896
vt 0.559219182 0.573401868
vt 0.558432162 0.587599993
vt 0.625063121 0.587751925
vt 0.629659235 0.571775675
vt 0.696297646 0.585306466
vt 0.690018356 0.597782731
vt 0.760733306 0.597247958
vt 0.759877384 0.582976222
vt 0.837050498 0.58318758
vt 0.829637349 0.570818782
vt 0.891246438 0.548204839
vt 0.880199254 0.534395337
vt 0.719582498 0.571813345
vt 0.849283874 0.449259341
vt 0.801808119 0.452857733
vt 0.90391624 0.489320874
vt 0.919848919 0.490621507
vt 0.897778809 0.536701858
vt 0.920449615 0.440168202
vt 0.903901935 0.441032559
vt 0.914362788 0.380143225
vt 0.897779763 0.380531937
vt 0.84843719 0.376331896
vt 0.851009786 0.359800845
vt 0.81352067 0.349898458
vt 0.808562458 0.365746468
vt 0.786178827 0.335808039
vt 0.777327359 0.350991994
vt 0.898485661 0.364360869
vt 0.757178247 0.313818455
vt 0.749967813 0.328194976
vt 0.714196265 0.303754956
vt 0.70902437 0.32141453
vt 0.674536347 0.297256291
vt 0.670027435 0.311136484
vt 0.627174258 0.284050107
vt 0.627188385 0.297766179
vt 0.735791206 0.34856233
vt 0.718976855 0.4055399
vt 0.735473156 0.389456749
vt 0.751599729 0.406375945
vt 0.749054909 0.451470524
vt 0.735473156 0.389456749
vt 0.733059585 0.444588244
vt 0.735111713 0.410972595
vt 0.749201536 0.521827936
vt 0.725871325 0.508382142
vt 0.716046453 0.450023293
vt 0.733059585 0.444588244
vt 0.725871325 0.508382142
vt 0.697478473 0.517028868
vt 0.735111713 0.410972595
vt 0.68678844 0.451358825
vt 0.650767267 0.395372957
vt 0.64727205 0.447015017
vt 0.632289469 0.437344998
vt 0.632074594 0.400836289
vt 0.631220222 0.506785154
vt 0.659375548 0.520476758
vt 0.683374405 0.551674306
vt 0.700893164 0.519273818
vt 0.671700597 0.556797624
vt 0.630600393 0.569215238
vt 0.584879935 0.555438697
vt 0.63097775 0.317170113
vt 0.631986201 0.379652947
vt 0.564781249 0.541754246
vt 0.538520336 0.560718238
vt 0.579737961 0.453366786
vt 0.550777018 0.509650886
vt 0.538500726 0.4488056
vt 0.527902901 0.4450396
vt 0.536881328 0.410393655
vt 0.5260216 0.415961891
vt 0.533822775 0.500291944
vt 0.602448285 0.5185498
vt 0.616306186 0.447647065
vt 0.631220222 0.506785154
vt 0.632289469 0.437344998
vt 0.612896979 0.396861583
vt 0.632074594 0.400836289
vt 0.627188385 0.297766179
vt 0.631986201 0.379652947
vt 0.525191128 0.396594226
vt 0.514312148 0.412412643
vt 0.525191128 0.396594226
vt 0.517491341 0.44978261
vt 0.516091108 0.510896802
vt 0.5260216 0.415961891
vt 0.533822775 0.500291944
vt 0.506518185 0.546248078
vt 0.99004364 0.346246958
vt 0.979598403 0.325735807
vt 0.971517801 0.362949133
vt 0.93995446 0.265955329
vt 0.932984352 0.359542996
vt 0.964620113 0.257647336
vt 0.951495707 0.145605788
vt 0.899543881 0.35323137
vt 0.932984352 0.359542996
vt 0.922177374 0.262148738
vt 0.904169142 0.259505719
vt 0.86548692 0.348890483
vt 0.951495707 0.145605788
vt 0.951495707 0.145605788
vt 0.830553293 0.331701517
vt 0.86548692 0.348890483
vt 0.841951907 0.292369723
vt 0.887109637 0.238829643
vt 0.951495707 0.145605788
vt 0.823116362 0.305786163
vt 0.548646927 0.943108022
vt 0.510934591 0.953060985
vt 0.541371822 0.954237998
vt 0.547671735 0.966007471
vt 0.509767771 0.958630264
vt 0.469520152 0.9517923
vt 0.50633651 0.962616503
vt 0.528670847 0.975441515
vt 0.548646927 0.943108022
vt 0.510963142 0.948508859
vt 0.469520152 0.9517923
vt 0.53070426 0.932693362
vt 0.50704056 0.943212748
vt 0.333925188 0.71220988
vt 0.294152081 0.701607883
vt 0.276640594 0.724863768
vt 0.231373668 0.801678717
vt 0.348010123 0.753859639
vt 0.206535429 0.780347705
vt 0.0849945396 0.860159218
vt 0.235991418 0.823058069
vt 0.35834223 0.7941975
vt 0.348010123 0.753859639
vt 0.241968766 0.844054639
vt 0.380663633 0.83387953
vt 0.374268591 0.879453897
vt 0.3174963 0.892468214
vt 0.343803048 0.905305505
vt 0.229861215 0.874201536
vt 0.0849945396 0.860159218
vt 0.329159141 0.952780545
vt 0.383890212 0.961650968
vt 0.367480159 0.946782649
vt 0.329210341 0.959830105
vt 0.326102674 0.965535879
vt 0.357332408 0.976527452
vt 0.378369629 0.927682102
vt 0.328301251 0.947061777
vt 0.349477351 0.922548115
vt 0.322262824 0.941515803
vt 0.277079523 0.961110651
vt 0.277079523 0.961110651
vt 0.713792682 0.79481411
vt 0.7653054 0.795746922
vt 0.74552381 0.778948724
vt 0.713611007 0.796083033
vt 0.701544046 0.833242059
vt 0.820249677 0.854646146
vt 0.709835768 0.872362912
vt 0.819687068 0.874308527
vt 0.81734699 0.894117296
vt 0.707996845 0.909515321
vt 0.762162566 0.950272262
vt 0.834293246 0.917991161
vt 0.71214813 0.949154854
vt 0.741794944 0.966399372
vt 0.955118716 0.876646578
vt 0.955118716 0.876646578
vt 0.836017191 0.830804169
vt 0.388349295 0.930451155
vt 0.436150908 0.925211847
vt 0.401808798 0.91801554
vt 0.434978366 0.930507123
vt 0.483122349 0.93485868
vt 0.438574433 0.919166148
vt 0.394746602 0.901518166
vt 0.394746602 0.901518166
vt 0.443138897 0.915153682
vt 0.409160733 0.944800854
vt 0.438376606 0.937254965
vt 0.394746602 0.901518166
vt 0.420494258 0.895640194
vt 0.700893164 0.519273818
vt 0.697478473 0.517028868
vt 0.68678844 0.451358825
vt 0.756805658 0.557656705
vt 0.719582498 0.571813345
vt 0.219743654 0.423390001
vt 0.236226872 0.389737606
vt 0.222984225 0.39079681
vt 0.219743654 0.423390001
vt 0.229828492 0.434368789
vt 0.238524243 0.440239161
vt 0.246288702 0.386644483
vt 0.248244897 0.445823193
vt 0.253523827 0.382979065
vt 0.258601546 0.375424087
vt 0.267551541 0.377123415
vt 0.263688803 0.450854838
vt 0.258601546 0.375424087
vt 0.277259707 0.374814868
vt 0.277058601 0.453117162
vt 0.286230624 0.371201903
vt 0.510795295 0.608304799
vt 0.485368729 0.591017127
vt 0.487776339 0.605563223
vt 0.517973781 0.590702772
vt 0.553338706 0.789994419
vt 0.534279823 0.612104237
vt 0.587971926 0.775068462
vt 0.592877924 0.783145845
vt 0.557176769 0.798823118
vt 0.615900517 0.769634426
vt 0.610727072 0.761669278
vt 0.636509418 0.754919648
vt 0.631047606 0.747768402
vt 0.661809325 0.730865657
vt 0.655260384 0.723945081
vt 0.574356675 0.629900634
vt 0.592412353 0.638755679
vt 0.580791056 0.622184813
vt 0.596552789 0.630508721
vt 0.617228508 0.645451665
vt 0.61949414 0.636416614
vt 0.648312449 0.648235321
vt 0.657650888 0.648467302
vt 0.649389267 0.639179468
vt 0.564595401 0.607038677
vt 0.559439123 0.614445329
vt 0.543646216 0.596958578
vt 0.564595401 0.607038677
vt 0.657650888 0.648467302
vt 0.664532721 0.722746909
vt 0.520424724 0.797155559
vt 0.521861196 0.80504632
vt 0.467196167 0.61574012
vt 0.487350762 0.801146328
vt 0.44660604 0.626942456
vt 0.450127482 0.798335791
vt 0.448129714 0.807657182
vt 0.486759603 0.810823977
vt 0.422001362 0.802180648
vt 0.424554348 0.792924106
vt 0.397626996 0.793945074
vt 0.401327729 0.786036253
vt 0.371221006 0.777181268
vt 0.376954317 0.769326031
vt 0.352205396 0.697672188
vt 0.343803883 0.701872647
vt 0.380252957 0.684918702
vt 0.374989688 0.676917255
vt 0.39484632 0.664526582
vt 0.401447058 0.670946598
vt 0.406565607 0.651548386
vt 0.415318251 0.656722784
vt 0.347970963 0.689452708
vt 0.424039543 0.637301326
vt 0.416585743 0.63195765
vt 0.432651401 0.615594387
vt 0.416585743 0.63195765
vt 0.454587817 0.60134542
vt 0.485368729 0.591017127
vt 0.485368729 0.591017127
vt 0.487776339 0.605563223
vt 0.415318251 0.656722784
vt 0.406565607 0.651548386
vt 0.331085742 0.400912702
vt 0.335889876 0.436781645
vt 0.343544066 0.405097753
vt 0.335889876 0.436781645
vt 0.326356351 0.445748091
vt 0.316583395 0.449360609
vt 0.322181463 0.395502776
vt 0.305984974 0.452457547
vt 0.316051304 0.390200406
vt 0.316051304 0.390200406
vt 0.312740445 0.381633162
vt 0.303524494 0.381213754
vt 0.290168285 0.45381701
vt 0.312740445 0.381633162
vt 0.294404685 0.376708001
vt 0.277058601 0.453117162
vt 0.277058601 0.453117162
vt 0.286230624 0.371201903
vt 0.343803883 0.701872647
vt 0.367964625 0.772130668
vt 0.521861196 0.80504632
vt 0.292844057 0.903259456
vt 0.279272437 0.937031031
vt 0.295101166 0.933022678
vt 0.278557718 0.89582026
vt 0.266485453 0.892186582
vt 0.267660558 0.942086935
vt 0.25389576 0.889510274
vt 0.259667397 0.946997344
vt 0.255089402 0.954873145
vt 0.244029194 0.955382288
vt 0.233639151 0.888536334
vt 0.255089402 0.954873145
vt 0.232863337 0.959646165
vt 0.216157109 0.890071332
vt 0.22281003 0.964879572
vt 0.212064683 0.961412847
vt 0.198036537 0.891500056
vt 0.22281003 0.964879572
vt 0.200413823 0.959157526
vt 0.178452417 0.896126747
vt 0.189572409 0.960559726
vt 0.183668852 0.953623354
vt 0.189572409 0.960559726
vt 0.17500031 0.950209081
vt 0.16762045 0.900648892
vt 0.162763596 0.947292447
vt 0.155910626 0.906634808
vt 0.146961883 0.916521847
vt 0.140611038 0.946617782
vt 0.242633611 0.494071573
vt 0.220963329 0.466125399
vt 0.217919111 0.484767288
vt 0.23424904 0.661033928
vt 0.26754564 0.505175591
vt 0.279855132 0.660883665
vt 0.281549096 0.672137141
vt 0.233806476 0.672117293
vt 0.31154561 0.668315649
vt 0.309041023 0.65756917
vt 0.340580821 0.663573325
vt 0.337493598 0.652926147
vt 0.375083625 0.652314544
vt 0.37183243 0.641564548
vt 0.307000101 0.533672392
vt 0.32461679 0.547651052
vt 0.31645292 0.526116788
vt 0.331734598 0.539173603
vt 0.350767851 0.562090337
vt 0.356186569 0.552347422
vt 0.38530004 0.575629532
vt 0.395936251 0.578895271
vt 0.382808447 0.643621802
vt 0.389607608 0.565534949
vt 0.303491473 0.508824706
vt 0.295163095 0.516208589
vt 0.307000101 0.533672392
vt 0.282712221 0.491021991
vt 0.303491473 0.508824706
vt 0.255799174 0.476267278
vt 0.220963329 0.466125399
vt 0.19175373 0.655198395
vt 0.190436736 0.666619241
vt 0.191801801 0.486510485
vt 0.220963329 0.466125399
vt 0.148312032 0.648151338
vt 0.164956912 0.489756733
vt 0.105422221 0.634522378
vt 0.0999015495 0.644561112
vt 0.145651907 0.65879339
vt 0.0745498836 0.633225918
vt 0.0808543786 0.623725474
vt 0.0474195406 0.618167937
vt 0.0544507317 0.609937966
vt 0.0248732902 0.597244978
vt 0.033290606 0.589235783
vt 0.0197331086 0.521246552
vt 0.00872672442 0.523436785
vt 0.0220507402 0.590162277
vt 0.0695457757 0.519713104
vt 0.0664224848 0.509024799
vt 0.0938566253 0.503232539
vt 0.0983409286 0.513508737
vt 0.112269334 0.495227873
vt 0.119105309 0.505341411
vt 0.0171862058 0.510408342
vt 0.129852995 0.482553124
vt 0.135606438 0.492181182
vt 0.129852995 0.482553124
vt 0.154821038 0.471599281
vt 0.184777021 0.465491533
vt 0.220963329 0.466125399
vn 0.608859122 -0.0416225642 -0.792185724
vn -0.241738707 0.38344419 -0.891365826
vn 0.166681051 -0.0097988816 -0.985962212
vn 0.852958322 -0.0272199679 -0.521268904
vn 0.969218671 0.197748631 -0.146665454
vn 0.968550503 0.232174471 -0.0894704536
vn -0.122166507 0.180104747 -0.976031601
vn 0.956324935 0.284838408 -0.0656476915
vn 0.0889816955 0.00367082423 -0.996026516
vn -0.0858768076 -0.0576882251 -0.994634271
vn -0.186717927 0.338397592 -0.922292471
vn 0.9718979 0.225619167 -0.0671608746
vn -0.162629098 -0.0531654619 -0.98525387
vn 0.992522657 0.0548698008 -0.109032109
vn -0.246955454 -0.00929073803 -0.96898222
vn -0.091563493 0.0812943578 -0.992475331
vn 0.989892364 -0.14167726 -0.00637090486
vn -0.0696212351 -0.368552655 -0.926996052
vn 0.956273615 -0.281473368 0.0794581994
vn -0.0274276584 0.00356152072 -0.999617457
vn 0.131256744 -0.205480158 -0.969819307
vn -0.14196682 -0.333008647 -0.932175279
vn 0.984910727 -0.172635183 -0.0121614663
vn -0.297355384 -0.563564658 -0.770697534
vn 0.950398743 -0.0876603201 -0.298425555
vn 0.8055197 -0.0912216604 -0.585505486
vn 0.623160243 -0.0309867021 -0.781480074
vn 0.100935251 -0.0453899428 -0.993857086
vn -0.246955454 -0.00929073803 -0.96898222
vn -0.866194785 -0.466545135 0.179003358
vn -0.162629098 -0.0531654619 -0.98525387
vn -0.999036074 -0.0438410342 0.00222198432
vn -0.824355304 -0.552221358 0.124458715
vn -0.487420827 -0.682247341 0.544939935
vn -0.684579015 -0.0661389977 0.725931942
vn -0.186717927 0.338397592 -0.922292471
vn -0.695517659 -0.695341527 -0.180984348
vn -0.0858768076 -0.0576882251 -0.994634271
vn -0.443233073 -0.895531833 0.0395882241
vn 0.0889816955 0.00367082423 -0.996026516
vn -0.559032202 -0.827067614 -0.0586691722
vn -0.122166507 0.180104747 -0.976031601
vn -0.569462717 -0.801356792 -0.1831377
vn -0.241738707 0.38344419 -0.891365826
vn -0.353334486 -0.872470617 -0.337564349
vn 0.166681051 -0.0097988816 -0.985962212
vn -0.311201215 -0.864624381 0.394434452
vn -0.368303806 -0.789364636 0.491177917
vn 0.00796710141 -0.999564707 -0.0284052715
vn 0.166681051 -0.0097988816 -0.985962212
vn 0.608859122 -0.0416225642 -0.792185724
vn 0.337445438 -0.931675136 0.134580702
vn 0.852958322 -0.0272199679 -0.521268904
vn 0.354424 -0.828966737 0.43266359
vn 0.852958322 -0.0272199679 -0.521268904
vn 0.969218671 0.197748631 -0.146665454
vn 0.32725355 -0.73700732 0.591375828
vn 0.968550503 0.232174471 -0.0894704536
vn 0.343963444 -0.605193079 0.717934847
vn 0.956324935 0.284838408 -0.0656476915
vn 0.240726277 -0.469685614 0.849379957
vn 0.9718979 0.225619167 -0.0671608746
vn 0.992522657 0.0548698008 -0.109032109
vn 0.198699281 -0.208990261 0.957518518
vn 0.119356975 0.115683921 0.986088812
vn 0.989892364 -0.14167726 -0.00637090486
vn 0.956273615 -0.281473368 0.0794581994
vn 0.186506823 0.566005826 0.803027153
vn 0.984910727 -0.172635183 -0.0121614663
vn 0.373329967 0.777814865 0.505597472
vn 0.950398743 -0.0876603201 -0.298425555
vn 0.309089392 0.945026696 0.106716394
vn -0.268189043 0.917273939 0.294419944
vn -0.310739547 0.931143641 0.190820619
vn -0.471629143 0.808716774 0.351487041
vn 0.168082118 0.97846657 -0.11979802
vn 0.8055197 -0.0912216604 -0.585505486
vn 0.950398743 -0.0876603201 -0.298425555
vn 0.623160243 -0.0309867021 -0.781480074
vn 0.0220252927 0.991213024 -0.130428508
vn 0.100935251 -0.0453899428 -0.993857086
vn -0.429092467 0.802448094 -0.414676547
vn -0.644279778 0.730820715 -0.225398675
vn -0.297355384 -0.563564658 -0.770697534
vn -0.14196682 -0.333008647 -0.932175279
vn -0.645878375 0.75048089 -0.140069813
vn 0.131256744 -0.205480158 -0.969819307
vn -0.498683393 0.866784275 3.00965694E-05
vn 0.100935251 -0.0453899428 -0.993857086
vn -0.0274276584 0.00356152072 -0.999617457
vn -0.672650337 0.71455574 -0.192228094
vn -0.0696212351 -0.368552655 -0.926996052
vn -0.834452212 0.549104989 0.046617236
vn -0.091563493 0.0812943578 -0.992475331
vn -0.88934058 0.447331131 0.0947008952
vn -0.246955454 -0.00929073803 -0.96898222
vn -0.999036074 -0.0438410342 0.00222198432
vn -0.543062389 0.673547924 0.501414478
vn -0.275345296 0.952372253 0.131042317
vn -0.321473509 0.922340035 0.214344636
vn -0.895710111 0.325722367 -0.302668899
vn -0.751247048 0.481908649 0.450989872
vn -0.286742747 0.514375567 0.808205545
vn -0.301291466 0.952261746 0.0492037795
vn -0.870128155 0.460520029 0.175494447
vn -0.757865667 -0.041363284 0.651098132
vn -0.895710111 0.325722367 -0.302668899
vn -0.621108711 0.34049809 0.70589298
vn -0.538572907 0.637212992 0.551270068
vn -0.516684353 0.618395209 0.592135787
vn -0.722967505 -0.00560789369 0.690859258
vn -0.16928497 0.0480177104 0.984396636
vn -0.883124888 0.0299478043 0.468181074
vn -0.613911688 0.592637599 0.521433711
vn -0.558822215 -0.225261331 0.798107147
vn -0.77181679 -0.186904103 0.607754588
vn -0.780093193 -0.0336362869 0.624758601
vn -0.870128155 0.460520029 0.175494447
vn -0.751247048 0.481908649 0.450989872
vn -0.286742747 0.514375567 0.808205545
vn -0.468691617 0.363622427 0.80505085
vn 0.0965575501 -0.199358627 0.975157857
vn -0.300562084 -0.617928386 0.726517022
vn -0.452854365 -0.112886027 0.884409189
vn 0.151372969 -0.51742667 0.842232704
vn -0.0996841267 -0.903470218 0.416898817
vn -0.206277505 -0.975022137 0.0823491365
vn -0.148151189 -0.963854313 0.22144109
vn -0.150708497 -0.975559175 0.159910008
vn -0.576251984 -0.598981977 0.556016386
vn -0.14219068 -0.531474769 0.835054815
vn -0.779212534 -0.530876935 0.333162963
vn -0.927074432 -0.369915187 -0.0607929081
vn -0.927074432 -0.369915187 -0.0607929081
vn -0.576251984 -0.598981977 0.556016386
vn -0.14219068 -0.531474769 0.835054815
vn -0.662364483 -0.12977691 0.737855852
vn -0.74666661 -0.0250373501 0.664727151
vn -0.779212534 -0.530876935 0.333162963
vn -0.515990257 -0.471161127 0.715375006
vn -0.505824029 -0.7245543 0.468148589
vn -0.489958376 -0.639909506 0.591993868
vn -0.883124888 0.0299478043 0.468181074
vn -0.552387536 -0.605148494 0.573291779
vn -0.16928497 0.0480177104 0.984396636
vn -0.678949654 0.0246907119 0.733769596
vn -0.999036074 -0.0438410342 0.00222198432
vn -0.986932576 0.0755363032 -0.142332077
vn -0.986932576 0.0755363032 -0.142332077
vn -0.779212534 -0.530876935 0.333162963
vn -0.74666661 -0.0250373501 0.664727151
vn -0.920643091 -0.333235025 -0.203397751
vn -0.25728488 0.72231245 0.641926229
vn -0.893467665 -0.246236265 -0.37561062
vn -0.452854365 -0.112886027 0.884409189
vn 0.151372969 -0.51742667 0.842232704
vn 0.803137958 0.078886278 0.590547562
vn 0.523717165 -0.826634407 -0.205902413
vn -0.0996841267 -0.903470218 0.416898817
vn -0.206277505 -0.975022137 0.0823491365
vn -0.920643091 -0.333235025 -0.203397751
vn -0.893467665 -0.246236265 -0.37561062
vn -0.400112838 -0.586451352 0.704261601
vn -0.400112838 -0.586451352 0.704261601
vn -0.779212534 -0.530876935 0.333162963
vn -0.684579015 -0.0661389977 0.725931942
vn 0.0863042846 -0.453496486 0.887069643
vn -0.509135485 0.706592441 0.491435021
vn -0.14219068 -0.531474769 0.835054815
vn -0.804181159 -0.590392292 0.0687728301
vn -0.613290191 0.168314591 -0.77171582
vn -0.927074432 -0.369915187 -0.0607929081
vn -0.684579015 -0.0661389977 0.725931942
vn 0.0863042846 -0.453496486 0.887069643
vn 0.402614683 -0.811913967 -0.422725886
vn -0.804181159 -0.590392292 0.0687728301
vn -0.150708497 -0.975559175 0.159910008
vn -0.14219068 -0.531474769 0.835054815
vn -0.613290191 0.168314591 -0.77171582
vn -0.150708497 -0.975559175 0.159910008
vn -0.927074432 -0.369915187 -0.0607929081
vn -0.613911688 0.592637599 0.521433711
vn -0.991005063 0.0238124933 -0.131688774
vn -0.883124888 0.0299478043 0.468181074
vn 0.124869518 0.966623068 0.223712981
vn -0.948599875 5.4390614E-07 -0.316477984
vn -0.527570486 -4.70595239E-07 0.849511266
vn -0.468691617 0.363622427 0.80505085
vn 0.0965575501 -0.199358627 0.975157857
vn -0.468691617 0.363622427 0.80505085
vn 0.82368505 -5.62432319E-07 0.567047536
vn -0.527570486 -4.70595239E-07 0.849511266
vn 0.124459088 -0.966197848 0.225769311
vn -0.948599875 5.4390614E-07 -0.316477984
vn -0.300562084 -0.617928386 0.726517022
vn -0.991005063 0.0238124933 -0.131688774
vn -0.505824029 -0.7245543 0.468148589
vn -0.883124888 0.0299478043 0.468181074
vn -0.0202394985 -0.000120018449 0.999795139
vn -0.552387536 -0.605148494 0.573291779
vn -0.010232036 -0.999352753 0.0344869867
vn -0.16928497 0.0480177104 0.984396636
vn -0.611898363 0.0373882279 -0.790052235
vn -0.957018852 -0.118474469 0.264723867
vn -0.552387536 -0.605148494 0.573291779
vn -0.986932576 0.0755363032 -0.142332077
vn -0.134720191 0.988302648 0.0714724883
vn -0.986932576 0.0755363032 -0.142332077
vn -0.538572907 0.637212992 0.551270068
vn -0.986932576 0.0755363032 -0.142332077
vn -0.611898363 0.0373882279 -0.790052235
vn -0.957018852 -0.118474469 0.264723867
vn -0.0202394985 -0.000120018449 0.999795139
vn -0.538572907 0.637212992 0.551270068
vn -0.16928497 0.0480177104 0.984396636
vn -0.77181679 -0.186904103 0.607754588
vn -0.870128155 0.460520029 0.175494447
vn -0.908963025 0.240548596 -0.340474039
vn -0.558822215 -0.225261331 0.798107147
vn -0.246792123 -0.790385127 0.560700476
vn 0.550705254 0.292440414 0.781794369
vn 0.709853947 -0.00925492216 0.704288185
vn 0.433029383 0.896367788 -0.0949217752
vn -0.268189043 0.917273939 0.294419944
vn -0.908963025 0.240548596 -0.340474039
vn -0.851862848 0.150531322 -0.501667202
vn -0.301291466 0.952261746 0.0492037795
vn -0.870128155 0.460520029 0.175494447
vn -0.577208042 0.486162156 0.656107664
vn -0.577208042 0.486162156 0.656107664
vn -0.851862848 0.150531322 -0.501667202
vn -0.275345296 0.952372253 0.131042317
vn -0.118193395 0.402181447 0.907898903
vn 0.211614043 0.930063367 -0.300336003
vn -0.286742747 0.514375567 0.808205545
vn -0.961127222 0.268926471 0.0625535697
vn -0.895710111 0.325722367 -0.302668899
vn -0.466397405 -0.113412641 -0.877274811
vn -0.118193395 0.402181447 0.907898903
vn -0.356830418 -0.858841419 0.367509782
vn -0.961127222 0.268926471 0.0625535697
vn -0.757865667 -0.041363284 0.651098132
vn -0.286742747 0.514375567 0.808205545
vn -0.466397405 -0.113412641 -0.877274811
vn -0.757865667 -0.041363284 0.651098132
vn -0.895710111 0.325722367 -0.302668899
vn 0.119356975 0.115683921 0.986088812
vn 0.550705254 0.292440414 0.781794369
vn 0.550705254 0.292440414 0.781794369
vn 0.925903797 -0.280234694 -0.253319263
vn 0.062625736 -0.620496929 -0.781704307
vn 0.969972014 -0.238491908 0.0477067046
vn 0.942890465 -0.317512751 0.100713253
vn 0.136761427 -0.431307524 -0.891779125
vn 0.943939686 -0.279715568 0.175319493
vn 0.26593253 -0.463697016 -0.845142007
vn 0.026050264 -0.166172773 -0.985752523
vn 0.062625736 -0.620496929 -0.781704307
vn 0.408828735 -0.313140661 -0.857205927
vn 0.286473304 -0.475755185 -0.831618905
vn 0.026050264 -0.166172773 -0.985752523
vn 0.901562691 -0.374713987 0.216273487
vn 0.278783411 -0.287799954 -0.916215479
vn 0.889855206 0.00691424543 0.456190705
vn 0.122662283 -0.0765804872 -0.989489496
vn 0.290589392 0.106598973 -0.950891376
vn 0.889855206 0.00691424543 0.456190705
vn 0.889855206 0.00691424543 0.456190705
vn 0.924801469 0.343665421 0.163206413
vn 0.315129966 0.324296862 -0.891921878
vn 0.960983217 0.240290478 0.13700977
vn 0.0348012224 0.00107380096 -0.999393702
vn 0.960983217 0.240290478 0.13700977
vn 0.284177333 0.36316663 -0.88732928
vn 0.164650932 0.258749664 -0.951808035
vn 0.0912861302 0.490484565 -0.866655469
vn 0.961740434 0.268148631 0.0561381467
vn 0.993113577 0.112851053 -0.0314658135
vn 0.907273889 0.304773062 -0.289771527
vn 0.449020028 0.119076207 -0.88555181
vn 0.960983217 0.240290478 0.13700977
vn -0.727380753 0.601695597 -0.329969198
vn 0.122662283 -0.0765804872 -0.989489496
vn 0.278783411 -0.287799954 -0.916215479
vn -0.667728424 0.614811897 -0.41969648
vn 0.0541373603 0.543077588 0.837935448
vn 0.164452299 0.676226914 0.718103468
vn 0.943939686 -0.279715568 0.175319493
vn 0.901562691 -0.374713987 0.216273487
vn 0.942890465 -0.317512751 0.100713253
vn 0.230155647 0.766430259 0.599677503
vn 0.969972014 -0.238491908 0.0477067046
vn 0.312486738 0.847966433 0.428141207
vn 0.925903797 -0.280234694 -0.253319263
vn 0.502576947 0.864433765 -0.0130661447
vn -0.445333153 0.837874055 -0.315666616
vn -0.506470621 0.753202498 -0.419730425
vn 0.26593253 -0.463697016 -0.845142007
vn 0.136761427 -0.431307524 -0.891779125
vn -0.483036369 0.721344948 -0.496323705
vn 0.062625736 -0.620496929 -0.781704307
vn 0.026050264 -0.166172773 -0.985752523
vn -0.591884494 0.657091796 -0.466800898
vn 0.286473304 -0.475755185 -0.831618905
vn -0.0277558304 0.730690241 -0.682144761
vn 0.408828735 -0.313140661 -0.857205927
vn 0.925903797 -0.280234694 -0.253319263
vn 0.062625736 -0.620496929 -0.781704307
vn 0.408828735 -0.313140661 -0.857205927
vn 0.286473304 -0.475755185 -0.831618905
vn 0.122662283 -0.0765804872 -0.989489496
vn -0.966543615 0.031496983 -0.254560918
vn -0.966543615 0.031496983 -0.254560918
vn -0.272902548 0.0860770494 0.958183169
vn 0.889855206 0.00691424543 0.456190705
vn -0.77200371 -0.584933937 -0.248721689
vn 0.122662283 -0.0765804872 -0.989489496
vn 0.0273179486 -0.415399313 0.909228861
vn -0.707165956 -0.62731576 -0.326176643
vn 0.12380258 -0.5743379 0.809202611
vn 0.960983217 0.240290478 0.13700977
vn 0.924801469 0.343665421 0.163206413
vn 0.290589392 0.106598973 -0.950891376
vn 0.122662283 -0.0765804872 -0.989489496
vn 0.315129966 0.324296862 -0.891921878
vn -0.618889987 -0.694135904 -0.367628098
vn 0.0348012224 0.00107380096 -0.999393702
vn -0.478529721 -0.855186105 -0.19916302
vn 0.284177333 0.36316663 -0.88732928
vn -0.576579273 -0.765140593 -0.286559433
vn 0.164650932 0.258749664 -0.951808035
vn -0.533670127 -0.758986354 -0.373009205
vn 0.0912861302 0.490484565 -0.866655469
vn -0.0406304486 -0.832143068 -0.553070545
vn 0.280709714 -0.822544813 0.494592816
vn 0.51699394 -0.853912711 0.0595844686
vn 0.449020028 0.119076207 -0.88555181
vn 0.178276002 -0.691680133 0.699854434
vn 0.993113577 0.112851053 -0.0314658135
vn 0.907273889 0.304773062 -0.289771527
vn 0.280709714 -0.822544813 0.494592816
vn 0.961740434 0.268148631 0.0561381467
vn 0.960983217 0.240290478 0.13700977
vn 0.449020028 0.119076207 -0.88555181
vn 0.907273889 0.304773062 -0.289771527
vn -0.0406304486 -0.832143068 -0.553070545
vn 0.449020028 0.119076207 -0.88555181
vn 0.889855206 0.00691424543 0.456190705
vn 0.924801469 0.343665421 0.163206413
vn -0.272902548 0.0860770494 0.958183169
vn -0.798349798 0.0232963357 -0.601743162
vn 0.34508121 0.369852006 -0.862628818
vn -0.930394471 0.249166414 -0.268853545
vn -0.556446612 0.0202716645 -0.830636024
vn -0.0346264653 0.0133250803 -0.999311447
vn -0.935805798 0.276170462 -0.219082996
vn 0.226241469 0.173152655 -0.958557725
vn -0.927525282 0.317234337 -0.197634026
vn -0.00625593029 0.0278247762 -0.999593318
vn 0.24148044 -0.0603680052 -0.968526125
vn 0.305676818 0.329564989 -0.893279672
vn -0.945866168 0.250307739 -0.206599101
vn 0.202624708 -0.147062734 -0.968150735
vn -0.966241896 0.0661439374 -0.249000877
vn 0.448759943 0.0117604192 -0.893575013
vn 0.153157622 0.185363814 -0.970661163
vn -0.977536678 -0.142608598 -0.155192465
vn 0.195276037 -0.351736814 -0.915504575
vn -0.947920561 -0.312945515 -0.0592589341
vn 0.179932863 0.0400724784 -0.982862294
vn -0.00206769677 -0.198574036 -0.980083704
vn 0.271234602 -0.295031101 -0.916181505
vn -0.971091092 -0.196609378 -0.135377392
vn 0.418060839 -0.527569234 -0.739524066
vn -0.906980395 -0.0927298293 -0.410837889
vn -0.75737685 -0.0981521606 -0.645559072
vn -0.574092805 -0.0374674276 -0.817932606
vn 0.0336092785 -0.0267336853 -0.999077439
vn 0.448759943 0.0117604192 -0.893575013
vn 0.804078221 -0.497772217 0.325086176
vn 0.981667161 -0.0559861735 0.182195172
vn 0.202624708 -0.147062734 -0.968150735
vn 0.797138631 -0.556013405 0.235412464
vn 0.42478165 -0.682246685 0.595062912
vn 0.305676818 0.329564989 -0.893279672
vn 0.697601974 -0.713728368 -0.0627962649
vn 0.24148044 -0.0603680052 -0.968526125
vn 0.435474247 -0.895870328 0.0881966054
vn -0.00625593029 0.0278247762 -0.999593318
vn 0.56114465 -0.827638328 0.0114683965
vn 0.226241469 0.173152655 -0.958557725
vn 0.581099451 -0.807382166 -0.102261946
vn 0.34508121 0.369852006 -0.862628818
vn 0.354682237 -0.886009157 -0.298644125
vn -0.0346264653 0.0133250803 -0.999311447
vn 0.276771247 -0.864308834 0.41996181
vn 0.327491462 -0.789196968 0.51953578
vn -0.0403633639 -0.99661994 -0.0715505108
vn -0.0346264653 0.0133250803 -0.999311447
vn -0.556446612 0.0202716645 -0.830636024
vn -0.398425192 -0.91370821 0.0799667686
vn -0.798349798 0.0232963357 -0.601743162
vn -0.443344265 -0.812739432 0.378021806
vn -0.798349798 0.0232963357 -0.601743162
vn -0.930394471 0.249166414 -0.268853545
vn -0.430176973 -0.725303173 0.537478387
vn -0.935805798 0.276170462 -0.219082996
vn -0.461804301 -0.588706434 0.663446665
vn -0.927525282 0.317234337 -0.197634026
vn -0.367123961 -0.461687088 0.807505429
vn -0.945866168 0.250307739 -0.206599101
vn -0.966241896 0.0661439374 -0.249000877
vn -0.303458989 -0.225117713 0.925869703
vn -0.257606298 0.0962835923 0.961440861
vn -0.977536678 -0.142608598 -0.155192465
vn -0.947920561 -0.312945515 -0.0592589341
vn -0.320878088 0.571327269 0.755395472
vn -0.971091092 -0.196609378 -0.135377392
vn -0.474736094 0.756547511 0.449734986
vn -0.906980395 -0.0927298293 -0.410837889
vn -0.341763377 0.936911702 0.0734448805
vn -0.127090752 0.265338838 0.95574224
vn 0.282132983 0.933965266 0.21933955
vn 0.434998482 0.812975168 0.387101591
vn -0.158889368 0.979602754 -0.123014115
vn -0.75737685 -0.0981521606 -0.645559072
vn -0.906980395 -0.0927298293 -0.410837889
vn -0.574092805 -0.0374674276 -0.817932606
vn -0.0206163693 0.991663814 -0.127192229
vn 0.0336092785 -0.0267336853 -0.999077439
vn 0.453255028 0.830589235 -0.323545188
vn 0.644767165 0.75559324 -0.115560561
vn 0.418060839 -0.527569234 -0.739524066
vn 0.271234602 -0.295031101 -0.916181505
vn 0.646678209 0.761919141 -0.0358678922
vn -0.00206769677 -0.198574036 -0.980083704
vn 0.503952384 0.861119032 0.0671274588
vn 0.0336092785 -0.0267336853 -0.999077439
vn 0.179932863 0.0400724784 -0.982862294
vn 0.686780751 0.724003196 -0.0644328296
vn 0.195276037 -0.351736814 -0.915504575
vn 0.811864257 0.558903635 0.168828458
vn 0.153157622 0.185363814 -0.970661163
vn 0.828961432 0.48993212 0.269795418
vn 0.448759943 0.0117604192 -0.893575013
vn 0.981667161 -0.0559861735 0.182195172
vn 0.485964984 0.672738194 0.557908058
vn 0.69106859 0.015461728 0.722623825
vn 0.923480511 0.325716376 -0.202712998
vn 0.273526162 0.946560979 0.170896918
vn 0.305990785 0.911877573 0.27358526
vn 0.923480511 0.325716376 -0.202712998
vn 0.686779559 0.491161942 0.535811305
vn 0.168015927 0.501054585 0.848949313
vn 0.351783812 0.929755986 0.108636536
vn 0.858581841 0.445103616 0.254401386
vn 0.6962412 0.00547617488 0.717787087
vn 0.686779559 0.491161942 0.535811305
vn 0.858581841 0.445103616 0.254401386
vn 0.731537521 -0.131733701 0.668953717
vn 0.168015927 0.501054585 0.848949313
vn 0.547353745 0.337873906 0.765666366
vn 0.475566119 0.631271005 0.612644911
vn 0.465612471 0.604106128 0.646730959
vn 0.648302019 -0.00563564664 0.761362433
vn 0.0473182425 0.0482254885 0.997714996
vn 0.846734166 0.0292250458 0.531212926
vn 0.565138161 0.59969002 0.566560388
vn 0.472331375 -0.225849688 0.851994634
vn 0.736013353 -0.181844965 0.652086377
vn 0.377662778 0.363615215 0.851560175
vn -0.157742813 -0.148125157 0.976307392
vn 0.228946105 -0.620484233 0.750055313
vn 0.602842629 0.0217636954 0.797563314
vn 0.996584654 0.0755394027 -0.0333597623
vn 0.368088126 -0.0999767333 0.92440027
vn -0.242747307 -0.517417014 0.820581019
vn 0.460020542 -0.468071401 0.754513264
vn 0.688497961 -0.00975116435 0.725172639
vn 0.596888006 -0.134910211 0.790900767
vn 0.505876601 -0.609992087 0.609916806
vn 0.594975054 -0.0725868717 0.800459683
vn 0.0362164266 -0.51842171 0.854357839
vn 0.768718243 -0.510466993 0.38535139
vn 0.45982939 -0.736375332 0.496294647
vn 0.442373663 -0.630171478 0.638114095
vn 0.846734166 0.0292250458 0.531212926
vn 0.648302019 -0.00563564664 0.761362433
vn 0.472272128 -0.618693531 0.627835512
vn 0.0473182425 0.0482254885 0.997714996
vn 0.981667161 -0.0559861735 0.182195172
vn 0.996584654 0.0755394027 -0.0333597623
vn 0.928165019 -0.369888067 0.0411394201
vn 0.112264536 -0.979315162 0.168340743
vn 0.928165019 -0.369888067 0.0411394201
vn 0.136495233 -0.959854603 0.245047465
vn 0.203333631 -0.975289702 0.0864026472
vn 0.0362164266 -0.51842171 0.854357839
vn 0.768718243 -0.510466993 0.38535139
vn 0.0534039997 -0.903473794 0.425303549
vn 0.768718243 -0.510466993 0.38535139
vn 0.93738693 -0.333232075 -0.101302624
vn 0.688497961 -0.00975116435 0.725172639
vn 0.185398892 0.722312212 0.666252494
vn 0.368088126 -0.0999767333 0.92440027
vn 0.929244637 -0.246229768 -0.275454909
vn 0.320555508 -0.586458564 0.743848503
vn -0.242747307 -0.517417014 0.820581019
vn 0.368088126 -0.0999767333 0.92440027
vn -0.863006592 0.0788806677 0.498996377
vn -0.498000532 -0.826636851 -0.262043893
vn 0.0534039997 -0.903473794 0.425303549
vn 0.320555508 -0.586458564 0.743848503
vn 0.320555508 -0.586458564 0.743848503
vn 0.203333631 -0.975289702 0.0864026472
vn 0.0534039997 -0.903473794 0.425303549
vn 0.93738693 -0.333232075 -0.101302624
vn 0.929244637 -0.246229768 -0.275454909
vn 0.320555508 -0.586458564 0.743848503
vn 0.768718243 -0.510466993 0.38535139
vn 0.594975054 -0.0725868717 0.800459683
vn -0.182974532 -0.453492731 0.872275591
vn 0.0362164266 -0.51842171 0.854357839
vn 0.112264536 -0.979315162 0.168340743
vn -0.353873461 -0.81190908 -0.464302987
vn 0.791785538 -0.590426445 0.156436458
vn 0.694146156 0.168332517 -0.699875176
vn 0.928165019 -0.369888067 0.0411394201
vn 0.594975054 -0.0725868717 0.800459683
vn 0.452226877 0.706593573 0.54425782
vn 0.791785538 -0.590426445 0.156436458
vn 0.928165019 -0.369888067 0.0411394201
vn 0.694146156 0.168332517 -0.699875176
vn 0.565138161 0.59969002 0.566560388
vn 0.846734166 0.0292250458 0.531212926
vn 0.999467194 0.0238145459 -0.0223192722
vn -0.148626968 0.966623366 0.208684519
vn 0.377662778 0.363615215 0.851560175
vn 0.977563024 3.83933269E-07 -0.210643098
vn 0.431338191 -8.23540859E-07 0.902190328
vn -0.880853534 0 0.47338891
vn -0.157742813 -0.148125157 0.976307392
vn 0.377662778 0.363615215 0.851560175
vn -0.148444653 -0.966197968 0.210773766
vn 0.228946105 -0.620484233 0.750055313
vn 0.45982939 -0.736375332 0.496294647
vn 0.999467194 0.0238145459 -0.0223192722
vn 0.846734166 0.0292250458 0.531212926
vn 0.977563024 3.83933269E-07 -0.210643098
vn 0.431338191 -8.23540859E-07 0.902190328
vn -0.0894149616 -0.000120377896 0.995994449
vn 0.472272128 -0.618693531 0.627835512
vn 0.0473182425 0.0482254885 0.997714996
vn 0.00639632065 -0.999352992 0.0353939086
vn 0.6947577 0.0373944044 -0.718271136
vn 0.996584654 0.0755394027 -0.0333597623
vn 0.475566119 0.631271005 0.612644911
vn 0.126079246 0.988303006 0.0857980475
vn 0.996584654 0.0755394027 -0.0333597623
vn 0.6947577 0.0373944044 -0.718271136
vn 0.922242582 -0.118630476 0.367961079
vn 0.922242582 -0.118630476 0.367961079
vn 0.731537521 -0.131733701 0.668953717
vn 0.940794051 0.240538716 -0.2388466
vn 0.858581841 0.445103616 0.254401386
vn 0.736013353 -0.181844965 0.652086377
vn 0.472331375 -0.225849688 0.851994634
vn 0.183874905 -0.790385067 0.584364116
vn -0.127090752 0.265338838 0.95574224
vn -0.782743633 -0.00925684534 0.622275531
vn -0.420023054 0.896368027 -0.141792387
vn 0.215543389 0.902454317 0.37298435
vn 0.940794051 0.240538716 -0.2388466
vn 0.901699424 0.150530472 -0.405313134
vn 0.351783812 0.929755986 0.108636536
vn 0.858581841 0.445103616 0.254401386
vn 0.501820385 0.486165136 0.715415716
vn 0.501820385 0.486165136 0.715415716
vn 0.901699424 0.150530472 -0.405313134
vn 0.273526162 0.946560979 0.170896918
vn 0.0179917403 0.402192056 0.915378451
vn 0.168015927 0.501054585 0.848949313
vn -0.177431941 0.930060804 -0.321721762
vn 0.948497295 0.268886805 0.167489007
vn 0.314413577 -0.858837366 0.404403985
vn 0.69106859 0.015461728 0.722623825
vn 0.69106859 0.015461728 0.722623825
vn 0.559694827 -0.113422632 -0.820900083
vn 0.923480511 0.325716376 -0.202712998
vn 0.559694827 -0.113422632 -0.820900083
vn 0.69106859 0.015461728 0.722623825
vn 0.923480511 0.325716376 -0.202712998
vn 0.736013353 -0.181844965 0.652086377
vn 0.731537521 -0.131733701 0.668953717
vn 0.547353745 0.337873906 0.765666366
vn 0.215543389 0.902454317 0.37298435
vn -0.127090752 0.265338838 0.95574224
vn -0.832413852 -0.287928641 -0.473480999
vn 0.112768702 -0.614609301 -0.780729651
vn -0.183136627 -0.307470143 -0.933768272
vn -0.832413852 -0.287928641 -0.473480999
vn -0.953472614 -0.251715988 -0.165919214
vn -0.937341332 -0.331051826 -0.108608447
vn 0.0283854194 -0.393067569 -0.919071376
vn -0.958022535 -0.284664482 -0.0340434723
vn -0.170235336 -0.455177724 -0.873975456
vn 0.129885599 -0.0690203831 -0.989123821
vn -0.100450255 -0.472055852 -0.875827074
vn -0.92167908 -0.387719631 0.013460231
vn 0.129885599 -0.0690203831 -0.989123821
vn -0.111046433 -0.244892091 -0.963170052
vn -0.963932693 0.00776971038 0.266032577
vn 0.11009711 -0.0794630721 -0.990739226
vn 0.760372281 0.638338089 -0.119827174
vn 0.11009711 -0.0794630721 -0.990739226
vn 0.998112202 0.0172773041 -0.0589381456
vn -0.111046433 -0.244892091 -0.963170052
vn -0.231857121 0.540889561 0.808505297
vn 0.738117397 0.62176007 -0.261910677
vn -0.318694592 0.672330618 0.668135643
vn -0.958022535 -0.284664482 -0.0340434723
vn -0.92167908 -0.387719631 0.013460231
vn -0.937341332 -0.331051826 -0.108608447
vn -0.361816913 0.761333168 0.538015187
vn -0.953472614 -0.251715988 -0.165919214
vn -0.409318119 0.841734231 0.352054119
vn -0.832413852 -0.287928641 -0.473480999
vn -0.508628428 0.84795326 -0.149239942
vn 0.443588585 0.886008978 -0.134971291
vn 0.574451566 0.772992253 -0.269236624
vn -0.170235336 -0.455177724 -0.873975456
vn 0.0283854194 -0.393067569 -0.919071376
vn 0.570013821 0.731957972 -0.373258382
vn 0.112768702 -0.614609301 -0.780729651
vn 0.190502778 0.733904541 -0.651991427
vn -0.183136627 -0.307470143 -0.933768272
vn -0.183136627 -0.307470143 -0.933768272
vn 0.129885599 -0.0690203831 -0.989123821
vn 0.601743996 0.709504247 -0.366753161
vn -0.100450255 -0.472055852 -0.875827074
vn 0.129885599 -0.0690203831 -0.989123821
vn -0.183136627 -0.307470143 -0.933768272
vn -0.832413852 -0.287928641 -0.473480999
vn 0.0644498318 0.0867146924 0.994146228
vn -0.963932693 0.00776971038 0.266032577
vn 0.77719748 -0.628495574 -0.0309404712
vn -0.220977008 -0.413819939 0.883132041
vn 0.757337809 -0.63253653 -0.162286758
vn -0.29782778 -0.569922507 0.765824378
vn -0.966985762 0.243561193 -0.0749438107
vn -0.933836877 0.354921222 -0.044493556
vn -0.947284222 0.279194176 -0.15717268
vn -0.333785087 -0.686802089 0.645670533
vn -0.960800827 0.120306939 -0.249775648
vn -0.394815683 -0.817232549 0.419823229
vn -0.804349065 0.307026803 -0.508681774
vn -0.524158716 -0.846839666 -0.0901128426
vn 0.18656674 -0.829810619 -0.525934577
vn -0.209992453 0.12061476 -0.970234632
vn 0.592869878 -0.766813755 -0.24597165
vn 0.0989064574 0.485531181 -0.868606329
vn 0.0145990383 0.241467506 -0.970299065
vn 0.593052685 -0.792444944 -0.142546609
vn -0.185578242 0.306698233 -0.933540046
vn 0.473045796 -0.881028056 0.00416672975
vn -0.209992453 0.12061476 -0.970234632
vn 0.623475552 -0.739933133 -0.252541602
vn 0.130044088 -0.0852509439 -0.987836421
vn -0.116626538 0.321156442 -0.939817369
vn 0.130044088 -0.0852509439 -0.987836421
vn -0.120350085 0.0798543394 -0.989514589
vn 0.11009711 -0.0794630721 -0.990739226
vn 0.11009711 -0.0794630721 -0.990739226
vn 0.998112202 0.0172773041 -0.0589381456
vn 0.473045796 -0.881028056 0.00416672975
vn -0.185578242 0.306698233 -0.933540046
vn 0.0989064574 0.485531181 -0.868606329
vn -0.804349065 0.307026803 -0.508681774
vn -0.209992453 0.12061476 -0.970234632
vn -0.804349065 0.307026803 -0.508681774
vn -0.960800827 0.120306939 -0.249775648
vn -0.947284222 0.279194176 -0.15717268
vn 0.0145990383 0.241467506 -0.970299065
vn -0.966985762 0.243561193 -0.0749438107
vn -0.185578242 0.306698233 -0.933540046
vn -0.185578242 0.306698233 -0.933540046
vn 0.130044088 -0.0852509439 -0.987836421
vn -0.116626538 0.321156442 -0.939817369
vn -0.933836877 0.354921222 -0.044493556
vn 0.130044088 -0.0852509439 -0.987836421
vn -0.120350085 0.0798543394 -0.989514589
vn -0.963932693 0.00776971038 0.266032577
vn -0.963932693 0.00776971038 0.266032577
vn 0.11009711 -0.0794630721 -0.990739226
vn -0.209992453 0.12061476 -0.970234632
vn -0.804349065 0.307026803 -0.508681774
vn -0.963932693 0.00776971038 0.266032577
vn -0.854158103 -0.269321144 -0.444837242
vn 0.162616581 -0.620483994 -0.767173707
vn -0.149668261 -0.312932044 -0.937908828
vn -0.902865112 -0.429083765 -0.02686386
vn -0.933892787 -0.356982768 0.0201871358
vn 0.0862574428 -0.444335341 -0.891698182
vn -0.933035135 -0.35811308 0.034649495
vn -0.116052315 -0.512566626 -0.850768685
vn 0.13691923 -0.110601485 -0.984388351
vn -0.0527872257 -0.482000977 -0.874579072
vn -0.950748801 -0.298281342 0.0842908546
vn 0.13691923 -0.110601485 -0.984388351
vn -0.0504114069 -0.270587474 -0.96137464
vn -0.996971965 -0.0298331976 0.0718113706
vn 0.158679843 -0.0783572346 -0.984215915
vn -0.0676535368 0.108913794 -0.991746306
vn -0.965179563 0.251485914 0.0719957575
vn 0.158679843 -0.0783572346 -0.984215915
vn -0.0780774504 0.339627862 -0.937313616
vn -0.940245807 0.34035638 0.00976155046
vn 0.131622121 -0.0408651233 -0.990457296
vn -0.135680497 0.386006027 -0.912463784
vn 0.131622121 -0.0408651233 -0.990457296
vn 0.0734415948 0.298662186 -0.951528847
vn -0.924061358 0.380582958 -0.0355971232
vn 0.192140982 0.512815714 -0.836720943
vn -0.941841543 0.311367542 -0.126431003
vn -0.866537869 0.271457195 -0.41883561
vn -0.262583375 0.236029595 -0.935596108
vn 0.793052256 0.597373009 -0.119220838
vn 0.158679843 -0.0783572346 -0.984215915
vn 0.99972111 0.0148518318 0.0183578581
vn -0.16390869 0.492012352 0.855019212
vn 0.772088587 0.589563251 -0.237264648
vn -0.298080146 0.647537649 0.701315343
vn -0.933035135 -0.35811308 0.034649495
vn -0.950748801 -0.298281342 0.0842908546
vn -0.933892787 -0.356982768 0.0201871358
vn -0.333497524 0.767515898 0.547447443
vn -0.902865112 -0.429083765 -0.02686386
vn -0.47109437 0.803455353 0.364046156
vn -0.854158103 -0.269321144 -0.444837242
vn -0.534305394 0.837603331 -0.113747582
vn 0.475724101 0.857262552 -0.196945325
vn 0.622486711 0.734047115 -0.271450311
vn -0.116052315 -0.512566626 -0.850768685
vn 0.0862574428 -0.444335341 -0.891698182
vn 0.608189523 0.714491367 -0.345843256
vn 0.162616581 -0.620483994 -0.767173707
vn 0.212952808 0.736844122 -0.641647756
vn -0.149668261 -0.312932044 -0.937908828
vn -0.854158103 -0.269321144 -0.444837242
vn -0.149668261 -0.312932044 -0.937908828
vn 0.13691923 -0.110601485 -0.984388351
vn 0.647525847 0.679053724 -0.345827013
vn 0.475724101 0.857262552 -0.196945325
vn -0.0527872257 -0.482000977 -0.874579072
vn 0.13691923 -0.110601485 -0.984388351
vn -0.0504114069 -0.270587474 -0.96137464
vn 0.158679843 -0.0783572346 -0.984215915
vn -0.00197025319 0.0985536352 0.995129824
vn -0.996971965 -0.0298331976 0.0718113706
vn 0.817178309 -0.575939357 -0.0226629935
vn 0.158679843 -0.0783572346 -0.984215915
vn -0.121415325 -0.350625753 0.928611755
vn 0.789718091 -0.594037533 -0.153182104
vn -0.279282212 -0.56897068 0.773481667
vn -0.940245807 0.34035638 0.00976155046
vn -0.965179563 0.251485914 0.0719957575
vn -0.924061358 0.380582958 -0.0355971232
vn -0.342401356 -0.684800446 0.643280447
vn -0.941841543 0.311367542 -0.126431003
vn -0.456496239 -0.783279419 0.422000557
vn -0.866537869 0.271457195 -0.41883561
vn -0.446929485 -0.893582761 0.0420005545
vn 0.0999046415 -0.785589278 -0.610629678
vn -0.262583375 0.236029595 -0.935596108
vn -0.866537869 0.271457195 -0.41883561
vn 0.593676925 -0.770561039 -0.231912285
vn 0.192140982 0.512815714 -0.836720943
vn 0.0734415948 0.298662186 -0.951528847
vn 0.645163178 -0.748075366 -0.155395433
vn -0.135680497 0.386006027 -0.912463784
vn 0.499307811 -0.862971783 -0.0772754848
vn -0.262583375 0.236029595 -0.935596108
vn 0.131622121 -0.0408651233 -0.990457296
vn 0.668786168 -0.70279783 -0.242487773
vn 0.131622121 -0.0408651233 -0.990457296
vn -0.0780774504 0.339627862 -0.937313616
vn -0.0676535368 0.108913794 -0.991746306
vn 0.158679843 -0.0783572346 -0.984215915
g blue_mag_m_pve_1_shoulderstrap_0
f 3/3/3 2/2/2 1/1/1
f 2/2/2 4/4/4 1/1/1
f 5/5/5 4/4/4 2/2/2
f 5/5/5 2/2/2 6/6/6
f 7/7/7 6/6/6 2/2/2
f 6/6/6 7/7/7 8/8/8
f 9/9/9 8/8/8 7/7/7
f 9/9/9 10/10/10 8/8/8
f 10/10/10 11/11/11 8/8/8
f 12/12/12 8/8/8 11/11/11
f 13/13/13 12/12/12 11/11/11
f 12/12/12 13/13/13 14/14/14
f 15/15/15 14/14/14 13/13/13
f 15/15/15 16/16/16 14/14/14
f 17/17/17 14/14/14 16/16/16
f 18/18/18 17/17/17 16/16/16
f 17/17/17 18/18/18 19/19/19
f 20/20/20 19/19/19 18/18/18
f 20/20/20 21/21/21 19/19/19
f 21/21/21 22/22/22 19/19/19
f 23/23/23 19/19/19 22/22/22
f 22/22/22 24/24/24 23/23/23
f 25/25/25 23/23/23 24/24/24
f 26/26/26 25/25/25 24/24/24
f 27/27/27 26/26/26 24/24/24
f 28/28/28 27/27/27 24/24/24
f 31/31/31 30/30/30 29/29/29
f 32/32/32 29/29/29 30/30/30
f 30/30/30 31/31/31 33/33/33
f 33/33/33 34/34/34 30/30/30
f 35/35/35 30/30/30 34/34/34
f 36/36/36 33/33/33 31/31/31
f 33/33/33 36/36/36 37/37/37
f 37/37/37 34/34/34 33/33/33
f 38/38/38 37/37/37 36/36/36
f 37/37/37 38/38/38 39/39/39
f 39/39/39 34/34/34 37/37/37
f 40/40/40 39/39/39 38/38/38
f 39/39/39 40/40/40 41/41/41
f 39/39/39 41/41/41 34/34/34
f 42/42/42 41/41/41 40/40/40
f 41/41/41 42/42/42 43/43/43
f 44/44/44 43/43/43 42/42/42
f 43/43/43 44/44/44 45/45/45
f 46/46/46 45/45/45 44/44/44
f 43/43/43 47/47/47 41/41/41
f 43/43/43 45/45/45 47/47/47
f 48/48/48 41/41/41 47/47/47
f 49/49/49 47/47/47 45/45/45
f 45/45/45 50/50/50 49/49/49
f 51/51/51 49/49/49 50/50/50
f 49/49/49 51/51/51 52/52/52
f 49/49/49 52/52/52 47/47/47
f 53/53/53 52/52/52 51/51/51
f 54/54/54 47/47/47 52/52/52
f 47/47/47 54/54/54 48/48/48
f 52/52/52 55/55/55 54/54/54
f 56/56/56 54/54/54 55/55/55
f 54/54/54 56/56/56 57/57/57
f 57/57/57 48/48/48 54/54/54
f 58/58/58 57/57/57 56/56/56
f 57/57/57 58/58/58 59/59/59
f 60/60/60 59/59/59 58/58/58
f 59/59/59 60/60/60 61/61/61
f 62/62/62 61/61/61 60/60/60
f 62/62/62 63/63/63 61/61/61
f 64/64/64 61/61/61 63/63/63
f 64/64/64 63/63/63 65/65/65
f 66/66/66 65/65/65 63/63/63
f 66/66/66 67/67/67 65/65/65
f 68/68/68 65/65/65 67/67/67
f 67/67/67 69/69/69 68/68/68
f 70/70/70 68/68/68 69/69/69
f 69/69/69 71/71/71 70/70/70
f 72/72/72 70/70/70 71/71/71
f 70/70/70 73/73/73 68/68/68
f 68/68/68 73/73/73 65/65/65
f 72/72/72 74/74/74 70/70/70
f 75/75/75 70/70/70 74/74/74
f 72/72/72 76/76/76 74/74/74
f 76/76/76 72/72/72 77/77/77
f 78/78/78 77/77/77 72/72/72
f 77/77/77 79/79/79 76/76/76
f 80/80/80 76/76/76 79/79/79
f 80/80/80 74/74/74 76/76/76
f 79/79/79 81/81/81 80/80/80
f 82/82/82 80/80/80 81/81/81
f 80/80/80 82/82/82 74/74/74
f 83/83/83 74/74/74 82/82/82
f 74/74/74 83/83/83 75/75/75
f 83/83/83 82/82/82 84/84/84
f 84/84/84 85/85/85 83/83/83
f 86/86/86 83/83/83 85/85/85
f 86/86/86 75/75/75 83/83/83
f 85/85/85 87/87/87 86/86/86
f 88/88/88 86/86/86 87/87/87
f 89/89/89 84/84/84 82/82/82
f 87/87/87 90/90/90 88/88/88
f 91/91/91 88/88/88 90/90/90
f 90/90/90 92/92/92 91/91/91
f 93/93/93 91/91/91 92/92/92
f 92/92/92 94/94/94 93/93/93
f 95/95/95 93/93/93 94/94/94
f 94/94/94 96/96/96 95/95/95
f 97/97/97 95/95/95 96/96/96
f 98/98/98 91/91/91 93/93/93
f 91/91/91 98/98/98 88/88/88
f 88/88/88 98/98/98 86/86/86
f 93/93/93 95/95/95 98/98/98
f 99/99/99 86/86/86 98/98/98
f 99/99/99 100/100/100 86/86/86
f 75/75/75 86/86/86 100/100/100
f 101/101/101 99/99/99 98/98/98
f 100/100/100 99/99/99 102/102/102
f 103/103/103 102/102/102 99/99/99
f 100/100/100 102/102/102 104/104/104
f 100/100/100 104/104/104 75/75/75
f 105/105/105 104/104/104 102/102/102
f 75/75/75 104/104/104 70/70/70
f 73/73/73 70/70/70 104/104/104
f 106/106/106 98/98/98 95/95/95
f 107/107/107 98/98/98 106/106/106
f 95/95/95 108/108/108 106/106/106
f 95/95/95 109/109/109 108/108/108
f 110/110/110 108/108/108 109/109/109
f 110/110/110 109/109/109 111/111/111
f 112/112/112 111/111/111 109/109/109
f 111/111/111 113/113/113 110/110/110
f 114/114/114 110/110/110 113/113/113
f 110/110/110 114/114/114 108/108/108
f 108/108/108 114/114/114 115/115/115
f 115/115/115 116/116/116 108/108/108
f 117/117/117 108/108/108 116/116/116
f 117/117/117 106/106/106 108/108/108
f 116/116/116 118/118/118 117/117/117
f 119/119/119 117/117/117 118/118/118
f 117/117/117 119/119/119 106/106/106
f 120/120/120 106/106/106 119/119/119
f 114/114/114 121/121/121 115/115/115
f 115/115/115 121/121/121 65/65/65
f 121/121/121 122/122/122 65/65/65
f 64/64/64 65/65/65 122/122/122
f 122/122/122 123/123/123 64/64/64
f 61/61/61 64/64/64 123/123/123
f 124/124/124 61/61/61 123/123/123
f 125/125/125 61/61/61 124/124/124
f 59/59/59 61/61/61 125/125/125
f 126/126/126 59/59/59 125/125/125
f 59/59/59 126/126/126 57/57/57
f 126/126/126 127/127/127 57/57/57
f 48/48/48 57/57/57 127/127/127
f 127/127/127 128/128/128 48/48/48
f 48/48/48 128/128/128 41/41/41
f 129/129/129 41/41/41 128/128/128
f 128/128/128 130/130/130 129/129/129
f 131/131/131 129/129/129 130/130/130
f 130/130/130 128/128/128 132/132/132
f 127/127/127 132/132/132 128/128/128
f 129/129/129 34/34/34 41/41/41
f 133/133/133 34/34/34 129/129/129
f 134/134/134 35/35/35 34/34/34
f 136/136/136 135/135/135 35/35/35
f 137/137/137 35/35/35 135/135/135
f 137/137/137 135/135/135 138/138/138
f 139/139/139 138/138/138 135/135/135
f 137/137/137 138/138/138 140/140/140
f 137/137/137 140/140/140 35/35/35
f 124/124/124 140/140/140 138/138/138
f 140/140/140 124/124/124 123/123/123
f 141/141/141 140/140/140 123/123/123
f 142/142/142 140/140/140 141/141/141
f 141/141/141 143/143/143 142/142/142
f 111/111/111 142/142/142 143/143/143
f 142/142/142 111/111/111 144/144/144
f 145/145/145 144/144/144 111/111/111
f 30/30/30 35/35/35 140/140/140
f 140/140/140 142/142/142 30/30/30
f 144/144/144 30/30/30 142/142/142
f 144/144/144 146/146/146 30/30/30
f 30/30/30 146/146/146 147/147/147
f 148/148/148 146/146/146 144/144/144
f 147/147/147 146/146/146 95/95/95
f 146/146/146 109/109/109 95/95/95
f 149/149/149 109/109/109 146/146/146
f 152/152/152 151/151/151 150/150/150
f 152/152/152 153/153/153 151/151/151
f 154/154/154 153/153/153 152/152/152
f 153/153/153 155/155/155 151/151/151
f 155/155/155 153/153/153 156/156/156
f 157/157/157 156/156/156 153/153/153
f 157/157/157 158/158/158 156/156/156
f 159/159/159 156/156/156 158/158/158
f 160/160/160 159/159/159 158/158/158
f 161/161/161 160/160/160 158/158/158
f 162/162/162 161/161/161 158/158/158
f 163/163/163 162/162/162 158/158/158
f 163/163/163 153/153/153 154/154/154
f 158/158/158 157/157/157 164/164/164
f 153/153/153 164/164/164 157/157/157
f 161/161/161 165/165/165 160/160/160
f 168/168/168 167/167/167 166/166/166
f 169/169/169 166/166/166 167/167/167
f 170/170/170 167/167/167 168/168/168
f 170/170/170 168/168/168 171/171/171
f 171/171/171 168/168/168 172/172/172
f 173/173/173 172/172/172 168/168/168
f 176/176/176 175/175/175 174/174/174
f 175/175/175 177/177/177 174/174/174
f 178/178/178 174/174/174 177/177/177
f 175/175/175 179/179/179 177/177/177
f 176/176/176 179/179/179 175/175/175
f 181/181/181 180/180/180 179/179/179
f 184/184/184 183/183/183 182/182/182
f 185/185/185 182/182/182 183/183/183
f 186/186/186 185/185/185 183/183/183
f 187/187/187 185/185/185 186/186/186
f 188/188/188 182/182/182 185/185/185
f 190/190/190 185/185/185 189/189/189
f 191/191/191 189/189/189 185/185/185
f 185/185/185 192/192/192 191/191/191
f 193/193/193 191/191/191 192/192/192
f 191/191/191 193/193/193 189/189/189
f 187/187/187 194/194/194 193/193/193
f 195/195/195 189/189/189 193/193/193
f 194/194/194 196/196/196 193/193/193
f 196/196/196 197/197/197 193/193/193
f 193/193/193 197/197/197 195/195/195
f 196/196/196 198/198/198 197/197/197
f 201/201/201 200/200/200 199/199/199
f 202/202/202 199/199/199 200/200/200
f 201/201/201 203/203/203 200/200/200
f 204/204/204 203/203/203 201/201/201
f 204/204/204 201/201/201 199/199/199
f 206/206/206 205/205/205 203/203/203
f 209/209/209 208/208/208 207/207/207
f 211/211/211 207/207/207 210/210/210
f 212/212/212 207/207/207 211/211/211
f 212/212/212 213/213/213 207/207/207
f 207/207/207 213/213/213 214/214/214
f 215/215/215 214/214/214 213/213/213
f 218/218/218 217/217/217 216/216/216
f 218/218/218 216/216/216 219/219/219
f 220/220/220 218/218/218 219/219/219
f 219/219/219 221/221/221 220/220/220
f 222/222/222 220/220/220 221/221/221
f 222/222/222 221/221/221 223/223/223
f 224/224/224 223/223/223 221/221/221
f 223/223/223 224/224/224 225/225/225
f 226/226/226 223/223/223 225/225/225
f 225/225/225 224/224/224 227/227/227
f 225/225/225 227/227/227 228/228/228
f 223/223/223 229/229/229 222/222/222
f 220/220/220 222/222/222 229/229/229
f 230/230/230 223/223/223 226/226/226
f 230/230/230 231/231/231 220/220/220
f 231/231/231 218/218/218 220/220/220
f 234/234/234 233/233/233 232/232/232
f 235/235/235 232/232/232 233/233/233
f 236/236/236 233/233/233 234/234/234
f 232/232/232 237/237/237 234/234/234
f 238/238/238 234/234/234 237/237/237
f 236/236/236 234/234/234 238/238/238
f 241/241/241 240/240/240 239/239/239
f 240/240/240 242/242/242 239/239/239
f 243/243/243 239/239/239 242/242/242
f 241/241/241 244/244/244 240/240/240
f 240/240/240 244/244/244 245/245/245
f 246/246/246 245/245/245 244/244/244
f 248/248/248 247/247/247 73/73/73
f 249/249/249 115/115/115 65/65/65
f 252/252/252 251/251/251 250/250/250
f 252/252/252 253/253/253 251/251/251
f 254/254/254 251/251/251 253/253/253
f 253/253/253 255/255/255 254/254/254
f 256/256/256 254/254/254 255/255/255
f 257/257/257 256/256/256 255/255/255
f 259/259/259 250/250/250 258/258/258
f 261/261/261 255/255/255 260/260/260
f 262/262/262 260/260/260 255/255/255
f 262/262/262 263/263/263 260/260/260
f 262/262/262 264/264/264 263/263/263
f 265/265/265 263/263/263 264/264/264
f 265/265/265 267/267/267 266/266/266
f 269/269/269 266/266/266 268/268/268
f 270/270/270 266/266/266 269/269/269
f 269/269/269 271/271/271 270/270/270
f 272/272/272 270/270/270 271/271/271
f 274/274/274 272/272/272 273/273/273
f 274/274/274 271/271/271 275/275/275
f 275/275/275 277/277/277 276/276/276
f 278/278/278 276/276/276 277/277/277
f 278/278/278 279/279/279 276/276/276
f 280/280/280 276/276/276 279/279/279
f 277/277/277 275/275/275 281/281/281
f 284/284/284 283/283/283 282/282/282
f 282/282/282 285/285/285 284/284/284
f 282/282/282 286/286/286 285/285/285
f 287/287/287 285/285/285 286/286/286
f 287/287/287 286/286/286 288/288/288
f 289/289/289 288/288/288 286/286/286
f 288/288/288 290/290/290 287/287/287
f 291/291/291 287/287/287 290/290/290
f 290/290/290 292/292/292 291/291/291
f 293/293/293 291/291/291 292/292/292
f 292/292/292 294/294/294 293/293/293
f 295/295/295 293/293/293 294/294/294
f 287/287/287 291/291/291 296/296/296
f 297/297/297 296/296/296 291/291/291
f 291/291/291 293/293/293 297/297/297
f 296/296/296 297/297/297 298/298/298
f 299/299/299 298/298/298 297/297/297
f 297/297/297 300/300/300 299/299/299
f 300/300/300 297/297/297 293/293/293
f 301/301/301 299/299/299 300/300/300
f 298/298/298 302/302/302 296/296/296
f 303/303/303 296/296/296 302/302/302
f 302/302/302 304/304/304 303/303/303
f 300/300/300 293/293/293 305/305/305
f 295/295/295 305/305/305 293/293/293
f 305/305/305 295/295/295 306/306/306
f 307/307/307 306/306/306 295/295/295
f 300/300/300 305/305/305 308/308/308
f 309/309/309 308/308/308 305/305/305
f 287/287/287 296/296/296 303/303/303
f 287/287/287 303/303/303 285/285/285
f 285/285/285 303/303/303 310/310/310
f 310/310/310 284/284/284 285/285/285
f 312/312/312 282/282/282 311/311/311
f 282/282/282 313/313/313 286/286/286
f 314/314/314 286/286/286 313/313/313
f 314/314/314 315/315/315 286/286/286
f 289/289/289 286/286/286 315/315/315
f 313/313/313 316/316/316 314/314/314
f 313/313/313 317/317/317 316/316/316
f 318/318/318 314/314/314 316/316/316
f 316/316/316 319/319/319 318/318/318
f 320/320/320 318/318/318 319/319/319
f 320/320/320 321/321/321 318/318/318
f 322/322/322 318/318/318 321/321/321
f 316/316/316 323/323/323 319/319/319
f 323/323/323 316/316/316 324/324/324
f 325/325/325 319/319/319 323/323/323
f 319/319/319 325/325/325 326/326/326
f 320/320/320 319/319/319 326/326/326
f 327/327/327 326/326/326 325/325/325
f 326/326/326 327/327/327 328/328/328
f 320/320/320 326/326/326 328/328/328
f 329/329/329 328/328/328 327/327/327
f 328/328/328 329/329/329 330/330/330
f 328/328/328 330/330/330 320/320/320
f 331/331/331 330/330/330 329/329/329
f 330/330/330 331/331/331 332/332/332
f 333/333/333 332/332/332 331/331/331
f 332/332/332 333/333/333 334/334/334
f 332/332/332 334/334/334 335/335/335
f 336/336/336 335/335/335 334/334/334
f 334/334/334 337/337/337 336/336/336
f 335/335/335 338/338/338 332/332/332
f 330/330/330 332/332/332 338/338/338
f 335/335/335 339/339/339 338/338/338
f 339/339/339 335/335/335 340/340/340
f 336/336/336 340/340/340 341/341/341
f 342/342/342 338/338/338 339/339/339
f 338/338/338 342/342/342 320/320/320
f 338/338/338 320/320/320 330/330/330
f 343/343/343 320/320/320 342/342/342
f 345/345/345 336/336/336 344/344/344
f 347/347/347 346/346/346 333/333/333
f 349/349/349 348/348/348 318/318/318
f 350/350/350 318/318/318 348/348/348
f 353/353/353 352/352/352 351/351/351
f 351/351/351 352/352/352 354/354/354
f 352/352/352 355/355/355 354/354/354
f 353/353/353 356/356/356 352/352/352
f 357/357/357 352/352/352 356/356/356
f 356/356/356 358/358/358 357/357/357
f 359/359/359 357/357/357 358/358/358
f 360/360/360 359/359/359 358/358/358
f 360/360/360 358/358/358 361/361/361
f 362/362/362 361/361/361 358/358/358
f 362/362/362 363/363/363 361/361/361
f 362/362/362 364/364/364 363/363/363
f 365/365/365 363/363/363 364/364/364
f 365/365/365 364/364/364 366/366/366
f 367/367/367 366/366/366 364/364/364
f 367/367/367 368/368/368 366/366/366
f 367/367/367 369/369/369 368/368/368
f 370/370/370 368/368/368 369/369/369
f 371/371/371 370/370/370 369/369/369
f 371/371/371 369/369/369 372/372/372
f 373/373/373 372/372/372 369/369/369
f 372/372/372 373/373/373 374/374/374
f 375/375/375 374/374/374 373/373/373
f 375/375/375 376/376/376 374/374/374
f 376/376/376 377/377/377 374/374/374
f 377/377/377 378/378/378 374/374/374
f 381/381/381 380/380/380 379/379/379
f 382/382/382 379/379/379 380/380/380
f 380/380/380 383/383/383 382/382/382
f 380/380/380 384/384/384 383/383/383
f 385/385/385 382/382/382 383/383/383
f 383/383/383 386/386/386 385/385/385
f 384/384/384 386/386/386 383/383/383
f 387/387/387 385/385/385 386/386/386
f 386/386/386 388/388/388 387/387/387
f 384/384/384 388/388/388 386/386/386
f 389/389/389 387/387/387 388/388/388
f 388/388/388 390/390/390 389/389/389
f 388/388/388 384/384/384 390/390/390
f 391/391/391 389/389/389 390/390/390
f 390/390/390 392/392/392 391/391/391
f 393/393/393 391/391/391 392/392/392
f 392/392/392 394/394/394 393/393/393
f 395/395/395 393/393/393 394/394/394
f 392/392/392 390/390/390 396/396/396
f 392/392/392 396/396/396 394/394/394
f 397/397/397 396/396/396 390/390/390
f 398/398/398 394/394/394 396/396/396
f 394/394/394 398/398/398 399/399/399
f 400/400/400 399/399/399 398/398/398
f 398/398/398 401/401/401 400/400/400
f 398/398/398 396/396/396 401/401/401
f 402/402/402 400/400/400 401/401/401
f 403/403/403 401/401/401 396/396/396
f 396/396/396 397/397/397 403/403/403
f 401/401/401 403/403/403 404/404/404
f 405/405/405 404/404/404 403/403/403
f 403/403/403 406/406/406 405/405/405
f 406/406/406 403/403/403 397/397/397
f 407/407/407 405/405/405 406/406/406
f 406/406/406 408/408/408 407/407/407
f 409/409/409 407/407/407 408/408/408
f 408/408/408 410/410/410 409/409/409
f 411/411/411 409/409/409 410/410/410
f 411/411/411 410/410/410 412/412/412
f 413/413/413 412/412/412 410/410/410
f 413/413/413 414/414/414 412/412/412
f 415/415/415 412/412/412 414/414/414
f 415/415/415 414/414/414 416/416/416
f 417/417/417 416/416/416 414/414/414
f 416/416/416 417/417/417 418/418/418
f 419/419/419 418/418/418 417/417/417
f 418/418/418 419/419/419 420/420/420
f 421/421/421 420/420/420 419/419/419
f 414/414/414 422/422/422 417/417/417
f 421/421/421 419/419/419 423/423/423
f 424/424/424 423/423/423 419/419/419
f 421/421/421 423/423/423 425/425/425
f 425/425/425 426/426/426 421/421/421
f 427/427/427 421/421/421 426/426/426
f 426/426/426 425/425/425 428/428/428
f 429/429/429 428/428/428 425/425/425
f 429/429/429 425/425/425 423/423/423
f 428/428/428 429/429/429 430/430/430
f 431/431/431 430/430/430 429/429/429
f 429/429/429 423/423/423 431/431/431
f 432/432/432 431/431/431 423/423/423
f 423/423/423 424/424/424 432/432/432
f 432/432/432 433/433/433 431/431/431
f 433/433/433 432/432/432 434/434/434
f 435/435/435 434/434/434 432/432/432
f 435/435/435 432/432/432 424/424/424
f 434/434/434 435/435/435 436/436/436
f 437/437/437 436/436/436 435/435/435
f 438/438/438 431/431/431 433/433/433
f 436/436/436 437/437/437 439/439/439
f 440/440/440 439/439/439 437/437/437
f 439/439/439 440/440/440 441/441/441
f 442/442/442 441/441/441 440/440/440
f 441/441/441 442/442/442 443/443/443
f 444/444/444 443/443/443 442/442/442
f 443/443/443 444/444/444 445/445/445
f 446/446/446 445/445/445 444/444/444
f 442/442/442 447/447/447 444/444/444
f 447/447/447 442/442/442 440/440/440
f 440/440/440 437/437/437 447/447/447
f 448/448/448 444/444/444 447/447/447
f 447/447/447 449/449/449 448/448/448
f 450/450/450 447/447/447 437/437/437
f 450/450/450 437/437/437 435/435/435
f 435/435/435 424/424/424 450/450/450
f 451/451/451 450/450/450 424/424/424
f 450/450/450 452/452/452 447/447/447
f 451/451/451 453/453/453 450/450/450
f 454/454/454 450/450/450 453/453/453
f 451/451/451 455/455/455 453/453/453
f 455/455/455 451/451/451 424/424/424
f 456/456/456 453/453/453 455/455/455
f 448/448/448 457/457/457 444/444/444
f 457/457/457 448/448/448 458/458/458
f 458/458/458 459/459/459 457/457/457
f 460/460/460 457/457/457 459/459/459
f 461/461/461 458/458/458 448/448/448
f 457/457/457 460/460/460 462/462/462
f 462/462/462 444/444/444 457/457/457
f 444/444/444 462/462/462 463/463/463
f 464/464/464 463/463/463 462/462/462
f 464/464/464 465/465/465 463/463/463
f 466/466/466 463/463/463 465/465/465
f 465/465/465 464/464/464 467/467/467
f 468/468/468 467/467/467 464/464/464
f 464/464/464 462/462/462 468/468/468
f 468/468/468 462/462/462 469/469/469
f 469/469/469 462/462/462 470/470/470
f 471/471/471 468/468/468 469/469/469
f 471/471/471 469/469/469 414/414/414
f 471/471/471 414/414/414 472/472/472
f 413/413/413 472/472/472 414/414/414
f 472/472/472 413/413/413 473/473/473
f 410/410/410 473/473/473 413/413/413
f 414/414/414 469/469/469 422/422/422
f 463/463/463 474/474/474 444/444/444
f 463/463/463 475/475/475 474/474/474
f 410/410/410 476/476/476 473/473/473
f 410/410/410 477/477/477 476/476/476
f 476/476/476 478/478/478 473/473/473
f 476/476/476 479/479/479 478/478/478
f 480/480/480 478/478/478 479/479/479
f 480/480/480 479/479/479 481/481/481
f 480/480/480 481/481/481 482/482/482
f 478/478/478 480/480/480 482/482/482
f 483/483/483 482/482/482 481/481/481
f 484/484/484 481/481/481 479/479/479
f 478/478/478 485/485/485 473/473/473
f 486/486/486 485/485/485 478/478/478
f 485/485/485 486/486/486 487/487/487
f 488/488/488 487/487/487 486/486/486
f 486/486/486 489/489/489 488/488/488
f 490/490/490 488/488/488 489/489/489
f 489/489/489 486/486/486 380/380/380
f 478/478/478 380/380/380 486/486/486
f 478/478/478 482/482/482 380/380/380
f 474/474/474 489/489/489 380/380/380
f 474/474/474 380/380/380 491/491/491
f 474/474/474 492/492/492 489/489/489
f 474/474/474 491/491/491 444/444/444
f 384/384/384 380/380/380 482/482/482
f 482/482/482 493/493/493 384/384/384
f 384/384/384 495/495/495 494/494/494
f 494/494/494 390/390/390 384/384/384
f 390/390/390 494/494/494 397/397/397
f 496/496/496 397/397/397 494/494/494
f 496/496/496 497/497/497 397/397/397
f 496/496/496 494/494/494 481/481/481
f 496/496/496 481/481/481 497/497/497
f 498/498/498 481/481/481 494/494/494
f 499/499/499 497/497/497 481/481/481
f 397/397/397 497/497/497 406/406/406
f 500/500/500 406/406/406 497/497/497
f 500/500/500 408/408/408 406/406/406
f 500/500/500 477/477/477 408/408/408
f 410/410/410 408/408/408 477/477/477
f 503/503/503 502/502/502 501/501/501
f 504/504/504 502/502/502 503/503/503
f 505/505/505 504/504/504 503/503/503
f 506/506/506 502/502/502 504/504/504
f 504/504/504 507/507/507 506/506/506
f 509/509/509 508/508/508 504/504/504
f 510/510/510 504/504/504 508/508/508
f 510/510/510 508/508/508 511/511/511
f 512/512/512 511/511/511 508/508/508
f 510/510/510 511/511/511 513/513/513
f 514/514/514 504/504/504 510/510/510
f 516/516/516 515/515/515 511/511/511
f 515/515/515 517/517/517 511/511/511
f 517/517/517 518/518/518 511/511/511
f 518/518/518 519/519/519 511/511/511
f 520/520/520 517/517/517 515/515/515
f 523/523/523 522/522/522 521/521/521
f 523/523/523 524/524/524 522/522/522
f 525/525/525 522/522/522 524/524/524
f 525/525/525 526/526/526 522/522/522
f 525/525/525 524/524/524 527/527/527
f 527/527/527 526/526/526 525/525/525
f 528/528/528 527/527/527 524/524/524
f 530/530/530 529/529/529 522/522/522
f 522/522/522 531/531/531 530/530/530
f 529/529/529 530/530/530 532/532/532
f 533/533/533 532/532/532 530/530/530
f 530/530/530 531/531/531 533/533/533
f 536/536/536 535/535/535 534/534/534
f 534/534/534 537/537/537 536/536/536
f 538/538/538 537/537/537 534/534/534
f 537/537/537 539/539/539 536/536/536
f 537/537/537 540/540/540 539/539/539
f 540/540/540 537/537/537 541/541/541
f 541/541/541 537/537/537 542/542/542
f 543/543/543 542/542/542 537/537/537
f 541/541/541 544/544/544 540/540/540
f 541/541/541 542/542/542 544/544/544
f 545/545/545 544/544/544 542/542/542
f 546/546/546 544/544/544 545/545/545
f 547/547/547 544/544/544 546/546/546
f 548/548/548 547/547/547 546/546/546
f 549/549/549 544/544/544 547/547/547
f 549/549/549 550/550/550 544/544/544
f 553/553/553 552/552/552 551/551/551
f 554/554/554 551/551/551 552/552/552
f 554/554/554 552/552/552 555/555/555
f 556/556/556 555/555/555 552/552/552
f 553/553/553 551/551/551 557/557/557
f 558/558/558 557/557/557 551/551/551
f 557/557/557 558/558/558 559/559/559
f 560/560/560 559/559/559 558/558/558
f 551/551/551 561/561/561 558/558/558
f 558/558/558 561/561/561 560/560/560
f 555/555/555 562/562/562 554/554/554
f 554/554/554 562/562/562 551/551/551
f 565/565/565 564/564/564 563/563/563
f 566/566/566 563/563/563 564/564/564
f 566/566/566 564/564/564 567/567/567
f 564/564/564 568/568/568 567/567/567
f 567/567/567 568/568/568 569/569/569
f 570/570/570 569/569/569 568/568/568
f 570/570/570 571/571/571 569/569/569
f 572/572/572 569/569/569 571/571/571
f 571/571/571 573/573/573 572/572/572
f 574/574/574 573/573/573 571/571/571
f 572/572/572 573/573/573 575/575/575
f 575/575/575 573/573/573 576/576/576
f 577/577/577 571/571/571 570/570/570
f 570/570/570 568/568/568 577/577/577
f 571/571/571 578/578/578 574/574/574
f 579/579/579 578/578/578 568/568/568
f 579/579/579 568/568/568 564/564/564
f 582/582/582 581/581/581 580/580/580
f 583/583/583 580/580/580 581/581/581
f 581/581/581 584/584/584 583/583/583
f 585/585/585 584/584/584 581/581/581
f 585/585/585 581/581/581 586/586/586
f 582/582/582 587/587/587 581/581/581
f 585/585/585 586/586/586 588/588/588
f 588/588/588 584/584/584 585/585/585
f 580/580/580 583/583/583 589/589/589
f 590/590/590 589/589/589 583/583/583
f 583/583/583 584/584/584 590/590/590
f 592/592/592 588/588/588 591/591/591
f 595/595/595 594/594/594 593/593/593
f 596/596/596 419/419/419 417/417/417
f 419/419/419 596/596/596 424/424/424
f 455/455/455 424/424/424 596/596/596
f 597/597/597 596/596/596 417/417/417
f 600/600/600 599/599/599 598/598/598
f 602/602/602 601/601/601 599/599/599
f 602/602/602 599/599/599 603/603/603
f 604/604/604 603/603/603 599/599/599
f 603/603/603 604/604/604 605/605/605
f 606/606/606 605/605/605 604/604/604
f 606/606/606 607/607/607 605/605/605
f 609/609/609 605/605/605 608/608/608
f 610/610/610 608/608/608 605/605/605
f 611/611/611 609/609/609 608/608/608
f 609/609/609 611/611/611 612/612/612
f 613/613/613 612/612/612 611/611/611
f 616/616/616 615/615/615 614/614/614
f 617/617/617 614/614/614 615/615/615
f 614/614/614 618/618/618 616/616/616
f 614/614/614 619/619/619 618/618/618
f 614/614/614 617/617/617 619/619/619
f 620/620/620 618/618/618 619/619/619
f 620/620/620 621/621/621 618/618/618
f 622/622/622 618/618/618 621/621/621
f 621/621/621 620/620/620 623/623/623
f 624/624/624 623/623/623 620/620/620
f 623/623/623 624/624/624 625/625/625
f 626/626/626 625/625/625 624/624/624
f 625/625/625 626/626/626 627/627/627
f 628/628/628 627/627/627 626/626/626
f 620/620/620 629/629/629 624/624/624
f 630/630/630 624/624/624 629/629/629
f 624/624/624 630/630/630 626/626/626
f 629/629/629 631/631/631 630/630/630
f 632/632/632 630/630/630 631/631/631
f 630/630/630 632/632/632 633/633/633
f 633/633/633 626/626/626 630/630/630
f 634/634/634 633/633/633 632/632/632
f 633/633/633 634/634/634 635/635/635
f 628/628/628 626/626/626 635/635/635
f 633/633/633 635/635/635 626/626/626
f 635/635/635 636/636/636 628/628/628
f 637/637/637 635/635/635 634/634/634
f 631/631/631 629/629/629 638/638/638
f 639/639/639 638/638/638 629/629/629
f 629/629/629 620/620/620 639/639/639
f 639/639/639 620/620/620 619/619/619
f 619/619/619 640/640/640 639/639/639
f 641/641/641 639/639/639 640/640/640
f 640/640/640 619/619/619 617/617/617
f 643/643/643 628/628/628 642/642/642
f 644/644/644 616/616/616 618/618/618
f 644/644/644 618/618/618 645/645/645
f 622/622/622 645/645/645 618/618/618
f 616/616/616 644/644/644 646/646/646
f 647/647/647 646/646/646 644/644/644
f 646/646/646 647/647/647 648/648/648
f 649/649/649 648/648/648 647/647/647
f 649/649/649 647/647/647 650/650/650
f 651/651/651 650/650/650 647/647/647
f 650/650/650 652/652/652 649/649/649
f 653/653/653 649/649/649 652/652/652
f 652/652/652 654/654/654 653/653/653
f 655/655/655 653/653/653 654/654/654
f 654/654/654 656/656/656 655/655/655
f 657/657/657 655/655/655 656/656/656
f 657/657/657 658/658/658 655/655/655
f 658/658/658 657/657/657 659/659/659
f 660/660/660 655/655/655 658/658/658
f 655/655/655 660/660/660 653/653/653
f 660/660/660 658/658/658 661/661/661
f 661/661/661 662/662/662 660/660/660
f 663/663/663 660/660/660 662/662/662
f 663/663/663 653/653/653 660/660/660
f 653/653/653 663/663/663 649/649/649
f 662/662/662 664/664/664 663/663/663
f 665/665/665 663/663/663 664/664/664
f 666/666/666 661/661/661 658/658/658
f 665/665/665 649/649/649 663/663/663
f 667/667/667 649/649/649 665/665/665
f 667/667/667 665/665/665 668/668/668
f 648/648/648 649/649/649 667/667/667
f 648/648/648 667/667/667 669/669/669
f 670/670/670 669/669/669 667/667/667
f 669/669/669 671/671/671 648/648/648
f 646/646/646 648/648/648 671/671/671
f 671/671/671 672/672/672 646/646/646
f 674/674/674 646/646/646 673/673/673
f 676/676/676 668/668/668 675/675/675
f 679/679/679 678/678/678 677/677/677
f 681/681/681 677/677/677 680/680/680
f 681/681/681 682/682/682 677/677/677
f 683/683/683 677/677/677 682/682/682
f 682/682/682 684/684/684 683/683/683
f 685/685/685 683/683/683 684/684/684
f 687/687/687 686/686/686 684/684/684
f 689/689/689 688/688/688 684/684/684
f 690/690/690 684/684/684 688/688/688
f 691/691/691 688/688/688 689/689/689
f 689/689/689 692/692/692 691/691/691
f 694/694/694 691/691/691 693/693/693
f 696/696/696 695/695/695 657/657/657
f 644/644/644 697/697/697 647/647/647
f 651/651/651 647/647/647 697/697/697
f 700/700/700 699/699/699 698/698/698
f 701/701/701 698/698/698 699/699/699
f 701/701/701 699/699/699 702/702/702
f 703/703/703 702/702/702 699/699/699
f 702/702/702 703/703/703 704/704/704
f 705/705/705 704/704/704 703/703/703
f 705/705/705 706/706/706 704/704/704
f 708/708/708 704/704/704 707/707/707
f 709/709/709 707/707/707 704/704/704
f 710/710/710 708/708/708 707/707/707
f 708/708/708 710/710/710 711/711/711
f 712/712/712 711/711/711 710/710/710
f 714/714/714 711/711/711 713/713/713
f 715/715/715 713/713/713 711/711/711
f 713/713/713 716/716/716 714/714/714
f 714/714/714 716/716/716 717/717/717
f 718/718/718 717/717/717 716/716/716
f 720/720/720 719/719/719 717/717/717
f 719/719/719 721/721/721 717/717/717
f 722/722/722 717/717/717 721/721/721
f 721/721/721 723/723/723 722/722/722
f 724/724/724 722/722/722 723/723/723
f 724/724/724 723/723/723 725/725/725
f 726/726/726 725/725/725 723/723/723
f 729/729/729 728/728/728 727/727/727
f 727/727/727 730/730/730 729/729/729
f 727/727/727 731/731/731 730/730/730
f 732/732/732 730/730/730 731/731/731
f 732/732/732 733/733/733 730/730/730
f 734/734/734 730/730/730 733/733/733
f 733/733/733 732/732/732 735/735/735
f 736/736/736 735/735/735 732/732/732
f 735/735/735 736/736/736 737/737/737
f 738/738/738 737/737/737 736/736/736
f 737/737/737 738/738/738 739/739/739
f 740/740/740 739/739/739 738/738/738
f 732/732/732 741/741/741 736/736/736
f 742/742/742 736/736/736 741/741/741
f 736/736/736 742/742/742 738/738/738
f 741/741/741 743/743/743 742/742/742
f 744/744/744 742/742/742 743/743/743
f 742/742/742 744/744/744 745/745/745
f 745/745/745 738/738/738 742/742/742
f 746/746/746 745/745/745 744/744/744
f 745/745/745 746/746/746 747/747/747
f 740/740/740 738/738/738 747/747/747
f 745/745/745 747/747/747 738/738/738
f 747/747/747 748/748/748 740/740/740
f 749/749/749 740/740/740 748/748/748
f 750/750/750 747/747/747 746/746/746
f 752/752/752 751/751/751 741/741/741
f 743/743/743 753/753/753 751/751/751
f 741/741/741 732/732/732 752/752/752
f 752/752/752 732/732/732 731/731/731
f 731/731/731 754/754/754 752/752/752
f 755/755/755 752/752/752 754/754/754
f 754/754/754 731/731/731 756/756/756
f 727/727/727 756/756/756 731/731/731
f 756/756/756 727/727/727 757/757/757
f 758/758/758 729/729/729 730/730/730
f 758/758/758 730/730/730 759/759/759
f 734/734/734 759/759/759 730/730/730
f 729/729/729 758/758/758 760/760/760
f 729/729/729 760/760/760 761/761/761
f 762/762/762 760/760/760 758/758/758
f 758/758/758 759/759/759 762/762/762
f 760/760/760 762/762/762 763/763/763
f 764/764/764 763/763/763 762/762/762
f 764/764/764 762/762/762 765/765/765
f 766/766/766 765/765/765 762/762/762
f 766/766/766 762/762/762 759/759/759
f 765/765/765 767/767/767 764/764/764
f 768/768/768 764/764/764 767/767/767
f 767/767/767 769/769/769 768/768/768
f 770/770/770 768/768/768 769/769/769
f 769/769/769 771/771/771 770/770/770
f 772/772/772 770/770/770 771/771/771
f 772/772/772 773/773/773 770/770/770
f 773/773/773 772/772/772 774/774/774
f 775/775/775 774/774/774 772/772/772
f 776/776/776 770/770/770 773/773/773
f 770/770/770 776/776/776 768/768/768
f 776/776/776 773/773/773 777/777/777
f 777/777/777 778/778/778 776/776/776
f 779/779/779 776/776/776 778/778/778
f 779/779/779 768/768/768 776/776/776
f 768/768/768 779/779/779 764/764/764
f 778/778/778 780/780/780 779/779/779
f 781/781/781 779/779/779 780/780/780
f 782/782/782 777/777/777 773/773/773
f 780/780/780 783/783/783 781/781/781
f 781/781/781 764/764/764 779/779/779
f 784/784/784 764/764/764 781/781/781
f 784/784/784 781/781/781 785/785/785
f 785/785/785 786/786/786 784/784/784
f 763/763/763 784/784/784 786/786/786
f 763/763/763 764/764/764 784/784/784
f 786/786/786 787/787/787 763/763/763
f 760/760/760 763/763/763 787/787/787
f 787/787/787 788/788/788 760/760/760
