g blue_war_m_pve_3_torso
v 0.0421641022 -0.106911965 1.37484252
v -0 -0.145130143 1.45428002
v 0.0533557087 -0.141728684 1.43501258
v -0 -0.125089198 1.37104201
v 0.0451918393 -0.0976675525 1.32917476
v -0 -0.116247319 1.32183135
v 0.0423946716 -0.0700611174 1.28928816
v -0 -0.0683058873 1.26967895
v 0.0869702399 -0.0915130675 1.32471681
v 0.102342643 -0.0493150689 1.287799
v 0.0818660706 -0.0502783991 1.19430315
v 0.0409330353 -0.0547085814 1.19167101
v 0.124661341 -0.0367015079 1.28178
v 0.154992342 -0.0113960169 1.21322441
v 0.163398549 -0.00559912017 1.30269754
v 0.130842194 -0.0475834422 1.2863028
v 0.171621889 -0.0122442199 1.30983305
v 0.184468508 0.0777757391 1.29902375
v 0.199174955 0.0798314065 1.30529046
v 0.216234416 0.0878575891 1.38301754
v 0.169310123 -0.0518648997 1.40800107
v 0.112073198 -0.0659359396 1.29234159
v 0.124263376 -0.0651466697 1.36934066
v 0.135376051 -0.0692180172 1.39546454
v 0.128185645 -0.0960898101 1.38520241
v 0.140467569 -0.0893934071 1.45095575
v 0.128867611 -0.127270892 1.44060707
v 0.143407255 -0.12145707 1.49773645
v 0.107700974 -0.150905579 1.50762999
v 0.0800732374 -0.127129272 1.3943907
v 0.0771987736 -0.161075518 1.55729544
v -0 -0.164585739 1.53630495
v -0 -0.161493272 1.59737062
v 0.0762312338 -0.13184084 1.62804139
v -0 -0.129024759 1.65422416
v 0.177207008 -0.0973796546 1.46110618
v 0.201220855 -0.0795488879 1.48689699
v 0.184373647 -0.10518755 1.54135787
v 0.162487596 -0.116768159 1.57075274
v 0.195175737 -0.0659132376 1.4120872
v 0.233099416 0.0273416806 1.45060396
v 0.237961814 0.0903264955 1.38627219
v 0.216234416 0.0878575891 1.38301754
v 0.235288069 0.137362719 1.43832636
v 0.258244991 0.0232274197 1.45831835
v 0.261131138 0.146687225 1.4464283
v 0.227619514 -0.0893760845 1.49406338
v 0.197362959 -0.110160552 1.54599321
v 0.244238064 -0.0547559969 1.53964949
v 0.224305168 -0.0786228478 1.57806063
v 0.265203923 -0.0389219187 1.5698607
v 0.257579088 -0.049547758 1.61489773
v 0.201714471 -0.0770576447 1.60731184
v 0.243723214 -0.0427369028 1.6522851
v 0.265784532 -0.0020730698 1.53148615
v 0.266495556 0.049428314 1.49793482
v 0.266495556 0.049428314 1.49793482
v 0.267659366 0.135721684 1.48745573
v 0.210194275 -0.0947740152 1.61948919
v 0.106277622 -0.0362971686 1.72182083
v 0.0608224906 -0.0846711397 1.6675961
v 0.24984479 -0.0513911396 1.66546607
v 0.270691365 0.01759951 1.68889201
v 0.272571564 0.0123757189 1.70194089
v 0.272977263 0.100665405 1.70668316
v 0.272368222 0.100699671 1.71944761
v 0.124739788 0.0210663192 1.75682139
v 0.272368222 0.100699671 1.71944761
v 0.126632839 0.0771776214 1.77847397
v 0.108218685 0.0764552504 1.76161242
v 0.100993007 0.0343500711 1.73821783
v -0 -0.0781194195 1.68137538
v 0.0533108264 -0.0157280453 1.70042694
v -0 -0.0621994473 1.67221189
v 0.0143013699 -0.0302079506 1.68951869
v -0 -0.0382010005 1.70069253
v 0.00847967528 -0.0410246849 1.71782982
v -0 -0.0414435416 1.71514738
v 0.0345202386 -0.0414133221 1.75392866
v 0.0826326907 0.00648665754 1.71717668
v 0.06943167 -0.0166173894 1.76174879
v 0.0956514999 0.0222855993 1.77450919
v 0.100993007 0.0343500711 1.73821783
v -0.0608224906 -0.0846711397 1.6675961
v -0.0762312338 -0.13184084 1.62804139
v -0.0771987736 -0.161075518 1.55729544
v -0.0533557087 -0.141728684 1.43501258
v -0.0421641022 -0.106911965 1.37484252
v -0.0451918393 -0.0976675525 1.32917476
v -0.0423946716 -0.0700611174 1.28928816
v -0.0869702399 -0.0915130675 1.32471681
v -0.102342643 -0.0493150689 1.287799
v -0.0818660706 -0.0502783991 1.19430315
v -0.0409330353 -0.0547085814 1.19167101
v -0.124661341 -0.0367015079 1.28178
v -0.154992342 -0.0113960169 1.21322441
v -0.163398549 -0.00559912017 1.30269754
v -0.130842194 -0.0475834422 1.2863028
v -0.171621889 -0.0122442199 1.30983305
v -0.184468508 0.0777757391 1.29902375
v -0.199174955 0.0798314065 1.30529046
v -0.216234416 0.0878575891 1.38301754
v -0.169310123 -0.0518648997 1.40800107
v -0.112073198 -0.0659359396 1.29234159
v -0.124263376 -0.0651466697 1.36934066
v -0.135376051 -0.0692180172 1.39546454
v -0.128185645 -0.0960898101 1.38520241
v -0.140467569 -0.0893934071 1.45095575
v -0.128867611 -0.127270892 1.44060707
v -0.143407255 -0.12145707 1.49773645
v -0.107700974 -0.150905579 1.50762999
v -0.0800732374 -0.127129272 1.3943907
v -0.177207008 -0.0973796546 1.46110618
v -0.201220855 -0.0795488879 1.48689699
v -0.184373647 -0.10518755 1.54135787
v -0.162487596 -0.116768159 1.57075274
v -0.195175737 -0.0659132376 1.4120872
v -0.233099416 0.0273416806 1.45060396
v -0.237961814 0.0903264955 1.38627219
v -0.216234416 0.0878575891 1.38301754
v -0.235288069 0.137362719 1.43832636
v -0.258244991 0.0232274197 1.45831835
v -0.261131138 0.146687225 1.4464283
v -0.227619514 -0.0893760845 1.49406338
v -0.197362959 -0.110160552 1.54599321
v -0.244238064 -0.0547559969 1.53964949
v -0.224305168 -0.0786228478 1.57806063
v -0.265203923 -0.0389219187 1.5698607
v -0.257579088 -0.049547758 1.61489773
v -0.201714471 -0.0770576447 1.60731184
v -0.243723214 -0.0427369028 1.6522851
v -0.265784532 -0.0020730698 1.53148615
v -0.266495556 0.049428314 1.49793482
v -0.210194275 -0.0947740152 1.61948919
v -0.106277622 -0.0362971686 1.72182083
v -0.24984479 -0.0513911396 1.66546607
v -0.270691365 0.01759951 1.68889201
v -0.272571564 0.0123757189 1.70194089
v -0.272977263 0.100665405 1.70668316
v -0.124739788 0.0210663192 1.75682139
v -0.272368222 0.100699671 1.71944761
v -0.126632839 0.0771776214 1.77847397
v -0.108218685 0.0764552504 1.76161242
v -0.100993007 0.0343500711 1.73821783
v -0.0533108264 -0.0157280453 1.70042694
v -0.0143013699 -0.0302079506 1.68951869
v -0.00847967528 -0.0410246849 1.71782982
v -0.0345202386 -0.0414133221 1.75392866
v -0.0826326907 0.00648665754 1.71717668
v -0.06943167 -0.0166173894 1.76174879
v -0.0956514999 0.0222855993 1.77450919
v -0.100993007 0.0343500711 1.73821783
v -0.108218685 0.0764552504 1.76161242
v -0.100993007 0.0343500711 1.73821783
v -0.108218685 0.0764552504 1.76161242
v -0.105457723 0.0694579184 1.7887876
v 0.187401354 0.0294026751 1.22436392
v 0.19987081 0.0881071389 1.23925555
v 0.162199974 0.0424199961 1.229635
v 0.171234071 0.088075988 1.24054599
v 0.13780199 0.00557400705 1.2150619
v 0.0999000072 -0.0254720151 1.20031202
v 0.0484279916 -0.0422979817 1.18953192
v -0 -0.0433090068 1.1851629
v -0 -0.05913876 1.18903875
v -0.0484279916 -0.0422979817 1.18953192
v -0.0999000072 -0.0254720151 1.20031202
v -0.13780199 0.00557400705 1.2150619
v -0.162199974 0.0424199961 1.229635
v -0.187401354 0.0294026751 1.22436392
v -0.19987081 0.0881071389 1.23925555
v -0.171234071 0.088075988 1.24054599
v 0.172409683 0.150344983 1.24840379
v 0.184468508 0.0777757391 1.29902375
v 0.152324021 0.144091949 1.3050561
v 0.19987081 0.0881071389 1.23925555
v 0.0932711735 0.196676418 1.25070465
v 0.0864377543 0.191781715 1.3213737
v 0.098017998 0.206877097 1.32774687
v 0.170764387 0.153222173 1.31280982
v 0.168602318 0.172738403 1.39218187
v 0.0971349999 0.219058692 1.41152322
v 0.199174955 0.0798314065 1.30529046
v 0.216234416 0.0878575891 1.38301754
v 0.105455235 0.234510228 1.41409314
v 0.189002678 0.187718481 1.39445007
v 0.216234416 0.0878575891 1.38301754
v 0.237961814 0.0903264955 1.38627219
v 0.235288069 0.137362719 1.43832636
v 0.177690998 0.211067408 1.45272517
v 0.096178405 0.245378166 1.48384941
v 0.105140567 0.27107653 1.49395704
v 0.200667188 0.233724296 1.4592849
v 0.235288069 0.137362719 1.43832636
v 0.261131138 0.146687225 1.4464283
v 0.177663341 0.248535022 1.5775286
v 0.0970068946 0.264752626 1.58375502
v 0.167379007 0.223348498 1.67426217
v 0.088883549 0.247648984 1.65573418
v -0 0.253179938 1.64866877
v -0 0.271793157 1.58253431
v 0.24205476 0.21582526 1.62455964
v 0.24432312 0.217927337 1.56411719
v 0.226647392 0.176312074 1.69058394
v 0.252066612 0.193261862 1.51040876
v 0.252066612 0.193261862 1.51040876
v 0.267659366 0.135721684 1.48745573
v -0 0.280613631 1.50716448
v -0 0.255083889 1.49233222
v -0 0.249816582 1.42159235
v -0 0.231129035 1.41973901
v -0 0.226720273 1.3338443
v -0 0.201731011 1.3274281
v -0 0.203473642 1.25005007
v 0.0625250041 0.184640959 1.24622011
v 0.101597965 0.176590949 1.24812102
v 0.147889003 0.146507978 1.24700379
v 0.171234071 0.088075988 1.24054599
v 0.0325930193 0.188149035 1.24490321
v -0 0.185702056 1.24490297
v -0.0864377543 0.191781715 1.3213737
v -0.098017998 0.206877097 1.32774687
v -0.152324021 0.144091949 1.3050561
v -0.0932711735 0.196676418 1.25070465
v -0.172409683 0.150344983 1.24840379
v -0.184468508 0.0777757391 1.29902375
v -0.19987081 0.0881071389 1.23925555
v -0.170764387 0.153222173 1.31280982
v -0.168602318 0.172738403 1.39218187
v -0.0971349999 0.219058692 1.41152322
v -0.199174955 0.0798314065 1.30529046
v -0.216234416 0.0878575891 1.38301754
v -0.105455235 0.234510228 1.41409314
v -0.189002678 0.187718481 1.39445007
v -0.237961814 0.0903264955 1.38627219
v -0.216234416 0.0878575891 1.38301754
v -0.235288069 0.137362719 1.43832636
v -0.177690998 0.211067408 1.45272517
v -0.096178405 0.245378166 1.48384941
v -0.105140567 0.27107653 1.49395704
v -0.200667188 0.233724296 1.4592849
v -0.261131138 0.146687225 1.4464283
v -0.235288069 0.137362719 1.43832636
v -0.177663341 0.248535022 1.5775286
v -0.0970068946 0.264752626 1.58375502
v -0.167379007 0.223348498 1.67426217
v -0.088883549 0.247648984 1.65573418
v -0.24205476 0.21582526 1.62455964
v -0.24432312 0.217927337 1.56411719
v -0.226647392 0.176312074 1.69058394
v -0.252066612 0.193261862 1.51040876
v -0.174521282 0.236322135 1.6875968
v -0.234976932 0.18443124 1.7088027
v -0.272977263 0.100665405 1.70668316
v -0.0925571769 0.267063409 1.66926801
v -0 0.27572149 1.66087854
v 0.0925571769 0.267063409 1.66926801
v 0.174521282 0.236322135 1.6875968
v 0.234976932 0.18443124 1.7088027
v 0.272977263 0.100665405 1.70668316
v 0.0870798752 0.16225487 1.79176962
v 0.0488642864 0.185098276 1.79019821
v 0.0382238366 0.179304659 1.78306925
v 0.113082156 0.125961736 1.78913784
v 0.126632839 0.0771776214 1.77847397
v 0.272368222 0.100699671 1.71944761
v 0.0376654528 0.17332451 1.82377183
v 0.0771355405 0.149087563 1.81567299
v 0.0993986651 0.113703273 1.80394828
v 0.103844583 0.12209709 1.78439784
v 0.108218685 0.0764552504 1.76161242
v 0.105457723 0.0694579184 1.7887876
v 0.075569734 0.143786177 1.78064847
v 0.0950074568 0.11528296 1.77834344
v 0.105457723 0.0694579184 1.7887876
v 0.095553264 0.0828889161 1.76222563
v 0.0426720791 0.165583983 1.775581
v -0 0.184972957 1.78174973
v -0 0.180487946 1.82679772
v 0.108218685 0.0764552504 1.76161242
v -0 0.180487946 1.82679772
v -0 0.174549654 1.77641809
v 0.0267769992 0.180795982 1.758425
v -0 0.181143999 1.758425
v 0.0564910062 0.178033993 1.76245081
v 0.0942240059 0.155885994 1.78063798
v 0.107376002 0.119278997 1.77699602
v 0.111088999 0.0924470052 1.74202299
v -0.0376654528 0.17332451 1.82377183
v -0.0382238366 0.179304659 1.78306925
v -0.0870798752 0.16225487 1.79176962
v -0.0488642864 0.185098276 1.79019821
v -0.113082156 0.125961736 1.78913784
v -0.126632839 0.0771776214 1.77847397
v -0.272368222 0.100699671 1.71944761
v -0.0771355405 0.149087563 1.81567299
v -0.0993986651 0.113703273 1.80394828
v -0.103844605 0.122097097 1.78439784
v -0.108218685 0.0764552504 1.76161242
v -0.075569734 0.143786177 1.78064847
v -0.0950074568 0.11528296 1.77834344
v -0.105457723 0.0694579184 1.7887876
v -0.095553264 0.0828889161 1.76222563
v -0.0426720791 0.165583983 1.775581
v -0.108218685 0.0764552504 1.76161242
v -0.0267769992 0.180795982 1.758425
v -0.0564910062 0.178033993 1.76245081
v -0.0942240059 0.155885994 1.78063798
v -0.107376002 0.119278997 1.77699602
v -0.111088999 0.0924470052 1.74202299
v 0.272977263 0.100665405 1.70668316
v 0.272368222 0.100699671 1.71944761
v 0.06943167 -0.0166173894 1.76174879
v 0.0961849988 0.0435480028 1.70139289
v 0.0956514999 0.0222855993 1.77450919
v 0.0650440007 0.00413400168 1.69539988
v 0.095553264 0.0828889161 1.76222563
v 0.105457723 0.0694579184 1.7887876
v 0.0345202386 -0.0414133221 1.75392866
v 0.0254609957 -0.00233800081 1.69349694
v 0.00847967528 -0.0410246849 1.71782982
v -0 0.00677700015 1.68033898
v -0 -0.0414435416 1.71514738
v 0.111088999 0.0924470052 1.74202299
v -0.00847967528 -0.0410246849 1.71782982
v -0.0254609957 -0.00233800081 1.69349694
v -0.0345202386 -0.0414133221 1.75392866
v -0.0650440007 0.00413400168 1.69539988
v -0.06943167 -0.0166173894 1.76174879
v -0.0961849988 0.0435480028 1.70139289
v -0.0956514999 0.0222855993 1.77450919
v -0.095553264 0.0828889161 1.76222563
v -0.105457723 0.0694579184 1.7887876
v -0.111088999 0.0924470052 1.74202299
v 0.108218685 0.0764552504 1.76161242
v 0.105457723 0.0694579184 1.7887876
v 0.100993007 0.0343500711 1.73821783
v -0 0.19313173 1.78788698
v -0.252066612 0.193261862 1.51040876
v -0.267659366 0.135721684 1.48745573
v -0.266495556 0.049428314 1.49793482
v -0.267659366 0.135721684 1.48745573
v -0.272977263 0.100665405 1.70668316
v -0.272368222 0.100699671 1.71944761
v -0.272977263 0.100665405 1.70668316
v -0.272368222 0.100699671 1.71944761
v -0.108218685 0.0764552504 1.76161242
v -0.105457723 0.0694579184 1.7887876
v -0.171234071 0.088075988 1.24054599
v -0.147889003 0.146507978 1.24700379
v -0.101597965 0.176590949 1.24812102
v -0.0625250041 0.184640959 1.24622011
v -0.0325930193 0.188149035 1.24490321
v 0.347822934 0.0293721855 1.63448441
v 0.374027193 -0.00181683002 1.54769242
v 0.329504162 -0.0192362145 1.60752439
v 0.400884002 0.0356726274 1.55673671
v 0.354164809 0.0888928697 1.64449048
v 0.419819564 0.0820541754 1.5507412
v 0.404313534 0.135492623 1.55955803
v 0.341298282 0.150760144 1.6362654
v 0.374570757 0.177138194 1.55298734
v 0.308808059 0.193595439 1.60828292
v 0.332710743 0.197245181 1.54116189
v 0.24432312 0.217927337 1.56411719
v 0.313279778 0.0938556567 1.6839546
v 0.306394696 0.0236486103 1.67231536
v 0.270691365 0.01759951 1.68889201
v 0.272977263 0.100665405 1.70668316
v 0.297323823 0.159797639 1.6699841
v 0.226647392 0.176312074 1.69058394
v 0.24205476 0.21582526 1.62455964
v 0.282506227 -0.031799484 1.64342475
v 0.243723214 -0.0427369028 1.6522851
v 0.257579088 -0.049547758 1.61489773
v 0.29765597 -0.0309167281 1.52261424
v 0.28106752 0.208159074 1.51797152
v 0.260853648 0.209619477 1.5276016
v 0.339352816 0.210144073 1.52871823
v 0.38645786 0.186058253 1.54551041
v 0.420399517 0.141606316 1.5572859
v 0.444925636 0.083348453 1.54797316
v 0.417531699 0.0304737203 1.55253994
v 0.38334167 -0.01191781 1.53810275
v 0.321242601 -0.0301054586 1.51616633
v 0.276414186 0.195002928 1.50428128
v 0.338734239 0.199311599 1.51471686
v 0.338734239 0.199311599 1.51471686
v 0.388698906 0.179096907 1.53059828
v 0.420035422 0.141653731 1.53921795
v 0.444310486 0.0834438428 1.53079891
v 0.383729249 -0.00379048986 1.52358639
v 0.419135988 0.0342720114 1.53492594
v 0.252066612 0.193261862 1.51040876
v 0.252066612 0.193261862 1.51040876
v 0.265203923 -0.0389219187 1.5698607
v 0.299553841 -0.0159611795 1.50824916
v 0.265784532 -0.0020730698 1.53148615
v 0.314443856 -0.0159705095 1.50515306
v 0.383729249 -0.00379048986 1.52358639
v 0.265203923 -0.0389219187 1.5698607
v 0.307099462 0.153581277 1.43317926
v 0.390213609 0.166396365 1.37198007
v 0.340386122 0.180475503 1.45176172
v 0.427950859 0.171568751 1.40658379
v 0.39252466 0.168058544 1.47774291
v 0.453112662 0.136176407 1.44488263
v 0.419348508 0.138914272 1.48402178
v 0.446148217 0.0896616131 1.47098267
v 0.45254451 0.0874737799 1.46470392
v 0.439436942 0.157485023 1.39050996
v 0.457878977 0.123681992 1.42424893
v 0.463303894 0.0840929896 1.44546461
v 0.416170239 0.0477979332 1.48102355
v 0.432462364 0.0370587967 1.45347452
v 0.457405925 0.0633660033 1.44626081
v 0.364070326 0.110791788 1.36461425
v 0.301534861 0.0943233073 1.42841518
v 0.389008194 0.0138143599 1.47133601
v 0.409768671 0.0250888802 1.42665398
v 0.444518983 0.0462040193 1.43823588
v 0.431496978 0.0444139764 1.421597
v 0.34963572 0.00900006946 1.44970453
v 0.373979092 0.05614613 1.38498044
v 0.31755808 0.040656928 1.4339819
v 0.301534861 0.0943233073 1.42841518
v 0.364070326 0.110791788 1.36461425
v 0.419056058 0.0478789471 1.40768003
v 0.384324193 0.000186205274 1.48826778
v 0.424090683 0.0412320271 1.50527894
v 0.447863042 0.0860001296 1.49679196
v 0.424234331 0.141175792 1.50800192
v 0.38854152 0.17937462 1.49798369
v 0.336558878 0.196409449 1.47117448
v 0.287797183 0.161375463 1.44529593
v 0.277652621 0.0944438055 1.4323349
v 0.285725683 0.153994501 1.45783198
v 0.281685978 0.0954894498 1.4554348
v 0.267659366 0.135721684 1.48745573
v 0.327570856 0.185013652 1.48141599
v 0.273543417 0.177940711 1.50542367
v 0.273543417 0.177940711 1.50542367
v 0.332120538 0.186234921 1.51380861
v 0.379136026 0.17108658 1.50407004
v 0.332120538 0.186234921 1.51380861
v 0.376171827 0.168384567 1.52671504
v 0.407366633 0.134822264 1.51084197
v 0.376171827 0.168384567 1.52671504
v 0.277652621 0.0944438055 1.4323349
v 0.267659366 0.135721684 1.48745573
v 0.252066612 0.193261862 1.51040876
v 0.397794992 0.0889293849 1.52905953
v 0.394288898 0.132040545 1.53484011
v 0.422350258 0.088574715 1.49431205
v 0.402525544 0.0532249287 1.50237048
v 0.383801758 0.051872801 1.53094876
v 0.424090683 0.0412320271 1.50527894
v 0.373810381 0.0115612103 1.49856412
v 0.364921063 0.0175547097 1.52322173
v 0.384324193 0.000186205274 1.48826778
v 0.314519703 -0.00466288999 1.50692225
v 0.33060658 -0.000197650006 1.47506905
v 0.337033719 -0.00939793978 1.46006227
v 0.298139513 0.0281567685 1.44029093
v 0.277652621 0.0944438055 1.4323349
v 0.297130018 0.0340352617 1.45922923
v 0.301051319 -0.00293232989 1.51224053
v 0.301051319 -0.00293232989 1.51224053
v 0.266495556 0.049428314 1.49793482
v 0.281685978 0.0954894498 1.4554348
v 0.277652621 0.0944438055 1.4323349
v 0.266495556 0.049428314 1.49793482
v 0.265784532 -0.0020730698 1.53148615
v 0.267659366 0.135721684 1.48745573
v 0.382831037 0.100459993 1.36083508
v 0.392742962 0.0686289892 1.3803879
v 0.364070326 0.110791788 1.36461425
v 0.424090683 0.0412320271 1.50527894
v 0.376171827 0.168384567 1.52671504
v 0.383801758 0.051872801 1.53094876
v 0.383729249 -0.00379048986 1.52358639
v 0.419135988 0.0342720114 1.53492594
v 0.364921063 0.0175547097 1.52322173
v 0.314443856 -0.0159705095 1.50515306
v 0.314519703 -0.00466288999 1.50692225
v 0.299553841 -0.0159611795 1.50824916
v 0.301051319 -0.00293232989 1.51224053
v 0.265784532 -0.0020730698 1.53148615
v 0.397794992 0.0889293849 1.52905953
v 0.444310486 0.0834438428 1.53079891
v 0.383801758 0.051872801 1.53094876
v 0.420035422 0.141653731 1.53921795
v 0.397794992 0.0889293849 1.52905953
v 0.394288898 0.132040545 1.53484011
v 0.388698906 0.179096907 1.53059828
v 0.394288898 0.132040545 1.53484011
v 0.376171827 0.168384567 1.52671504
v 0.338734239 0.199311599 1.51471686
v 0.332120538 0.186234921 1.51380861
v 0.376171827 0.168384567 1.52671504
v 0.276414186 0.195002928 1.50428128
v 0.273543417 0.177940711 1.50542367
v 0.252066612 0.193261862 1.51040876
v 0.416931003 0.158585995 1.36895394
v 0.396930009 0.139961004 1.35767901
v 0.364070326 0.110791788 1.36461425
v 0.382831037 0.100459993 1.36083508
v -0.347822934 0.0293721855 1.63448441
v -0.374027193 -0.00181683002 1.54769242
v -0.400884002 0.0356726274 1.55673671
v -0.329504162 -0.0192362145 1.60752439
v -0.354164809 0.0888928697 1.64449048
v -0.419819564 0.0820541754 1.5507412
v -0.404313534 0.135492623 1.55955803
v -0.341298282 0.150760144 1.6362654
v -0.374570757 0.177138194 1.55298734
v -0.308808059 0.193595439 1.60828292
v -0.332710743 0.197245181 1.54116189
v -0.24432312 0.217927337 1.56411719
v -0.313279778 0.0938556567 1.6839546
v -0.306394696 0.0236486103 1.67231536
v -0.270691365 0.01759951 1.68889201
v -0.272977263 0.100665405 1.70668316
v -0.297323823 0.159797639 1.6699841
v -0.226647392 0.176312074 1.69058394
v -0.24205476 0.21582526 1.62455964
v -0.282506227 -0.031799484 1.64342475
v -0.243723214 -0.0427369028 1.6522851
v -0.257579088 -0.049547758 1.61489773
v -0.29765597 -0.0309167281 1.52261424
v -0.28106752 0.208159074 1.51797152
v -0.260853648 0.209619477 1.5276016
v -0.339352816 0.210144073 1.52871823
v -0.38645786 0.186058253 1.54551041
v -0.420399517 0.141606316 1.5572859
v -0.444925636 0.083348453 1.54797316
v -0.417531699 0.0304737203 1.55253994
v -0.38334167 -0.01191781 1.53810275
v -0.321242601 -0.0301054586 1.51616633
v -0.276414186 0.195002928 1.50428128
v -0.252066612 0.193261862 1.51040876
v -0.388698906 0.179096907 1.53059828
v -0.338734239 0.199311599 1.51471686
v -0.420035422 0.141653731 1.53921795
v -0.444310486 0.0834438428 1.53079891
v -0.383729249 -0.00379048986 1.52358639
v -0.419135988 0.0342720114 1.53492594
v -0.338734239 0.199311599 1.51471686
v -0.299553841 -0.0159611795 1.50824916
v -0.265784532 -0.0020730698 1.53148615
v -0.314443856 -0.0159705095 1.50515306
v -0.383729249 -0.00379048986 1.52358639
v -0.265203923 -0.0389219187 1.5698607
v -0.265203923 -0.0389219187 1.5698607
v -0.307099462 0.153581277 1.43317926
v -0.340386122 0.180475503 1.45176172
v -0.390213609 0.166396365 1.37198007
v -0.427950859 0.171568751 1.40658379
v -0.39252466 0.168058544 1.47774291
v -0.453112662 0.136176407 1.44488263
v -0.419348508 0.138914272 1.48402178
v -0.446148217 0.0896616131 1.47098267
v -0.45254451 0.0874737799 1.46470392
v -0.439436942 0.157485023 1.39050996
v -0.457878977 0.123681992 1.42424893
v -0.463303894 0.0840929896 1.44546461
v -0.416170239 0.0477979332 1.48102355
v -0.432462364 0.0370587967 1.45347452
v -0.457405925 0.0633660033 1.44626081
v -0.364070326 0.110791788 1.36461425
v -0.301534861 0.0943233073 1.42841518
v -0.389008194 0.0138143599 1.47133601
v -0.409768671 0.0250888802 1.42665398
v -0.444518983 0.0462040193 1.43823588
v -0.431496978 0.0444139764 1.421597
v -0.34963572 0.00900006946 1.44970453
v -0.373979092 0.05614613 1.38498044
v -0.31755808 0.040656928 1.4339819
v -0.301534861 0.0943233073 1.42841518
v -0.364070326 0.110791788 1.36461425
v -0.419056058 0.0478789471 1.40768003
v -0.384324193 0.000186205274 1.48826778
v -0.424090683 0.0412320271 1.50527894
v -0.447863042 0.0860001296 1.49679196
v -0.424234331 0.141175792 1.50800192
v -0.38854152 0.17937462 1.49798369
v -0.336558878 0.196409449 1.47117448
v -0.287797183 0.161375463 1.44529593
v -0.277652621 0.0944438055 1.4323349
v -0.285725683 0.153994501 1.45783198
v -0.281685978 0.0954894498 1.4554348
v -0.267659366 0.135721684 1.48745573
v -0.327570856 0.185013652 1.48141599
v -0.273543417 0.177940711 1.50542367
v -0.273543417 0.177940711 1.50542367
v -0.252066612 0.193261862 1.51040876
v -0.332120538 0.186234921 1.51380861
v -0.379136026 0.17108658 1.50407004
v -0.376171827 0.168384567 1.52671504
v -0.332120538 0.186234921 1.51380861
v -0.277652621 0.0944438055 1.4323349
v -0.376171827 0.168384567 1.52671504
v -0.407366633 0.134822264 1.51084197
v -0.422350258 0.088574715 1.49431205
v -0.397794992 0.0889293849 1.52905953
v -0.402525544 0.0532249287 1.50237048
v -0.383801758 0.051872801 1.53094876
v -0.424090683 0.0412320271 1.50527894
v -0.373810381 0.0115612103 1.49856412
v -0.364921063 0.0175547097 1.52322173
v -0.384324193 0.000186205274 1.48826778
v -0.314519703 -0.00466288999 1.50692225
v -0.33060658 -0.000197650006 1.47506905
v -0.337033719 -0.00939793978 1.46006227
v -0.298139513 0.0281567685 1.44029093
v -0.277652621 0.0944438055 1.4323349
v -0.297130018 0.0340352617 1.45922923
v -0.301051319 -0.00293232989 1.51224053
v -0.301051319 -0.00293232989 1.51224053
v -0.266495556 0.049428314 1.49793482
v -0.281685978 0.0954894498 1.4554348
v -0.277652621 0.0944438055 1.4323349
v -0.266495556 0.049428314 1.49793482
v -0.265784532 -0.0020730698 1.53148615
v -0.267659366 0.135721684 1.48745573
v -0.382831037 0.100459993 1.36083508
v -0.364070326 0.110791788 1.36461425
v -0.392742962 0.0686289892 1.3803879
v -0.424090683 0.0412320271 1.50527894
v -0.383801758 0.051872801 1.53094876
v -0.383729249 -0.00379048986 1.52358639
v -0.364921063 0.0175547097 1.52322173
v -0.419135988 0.0342720114 1.53492594
v -0.314443856 -0.0159705095 1.50515306
v -0.314519703 -0.00466288999 1.50692225
v -0.299553841 -0.0159611795 1.50824916
v -0.301051319 -0.00293232989 1.51224053
v -0.265784532 -0.0020730698 1.53148615
v -0.397794992 0.0889293849 1.52905953
v -0.383801758 0.051872801 1.53094876
v -0.444310486 0.0834438428 1.53079891
v -0.397794992 0.0889293849 1.52905953
v -0.420035422 0.141653731 1.53921795
v -0.394288898 0.132040545 1.53484011
v -0.394288898 0.132040545 1.53484011
v -0.388698906 0.179096907 1.53059828
v -0.376171827 0.168384567 1.52671504
v -0.376171827 0.168384567 1.52671504
v -0.338734239 0.199311599 1.51471686
v -0.332120538 0.186234921 1.51380861
v -0.276414186 0.195002928 1.50428128
v -0.273543417 0.177940711 1.50542367
v -0.252066612 0.193261862 1.51040876
v -0.394288898 0.132040545 1.53484011
v -0.376171827 0.168384567 1.52671504
v -0.416931003 0.158585995 1.36895394
v -0.396930009 0.139961004 1.35767901
v -0.364070326 0.110791788 1.36461425
v -0.382831037 0.100459993 1.36083508
vt 0.491751403 0.306462795
vt 0.448661178 0.348187476
vt 0.499060899 0.339448154
vt 0.448714375 0.307371855
vt 0.49671039 0.284279436
vt 0.448743969 0.284513205
vt 0.495469153 0.26030159
vt 0.448781192 0.251145601
vt 0.539224029 0.282828391
vt 0.560107529 0.256349951
vt 0.529482841 0.212427363
vt 0.489560127 0.21240972
vt 0.588570356 0.252520442
vt 0.610706925 0.216358051
vt 0.644339025 0.257129043
vt 0.589777052 0.258908778
vt 0.647494256 0.264071316
vt 0.724647403 0.242138222
vt 0.736161768 0.248174295
vt 0.775720417 0.283163399
vt 0.643444717 0.316664129
vt 0.567610741 0.264704257
vt 0.593518019 0.299799412
vt 0.605007768 0.312915981
vt 0.577257216 0.313270926
vt 0.604510486 0.34244287
vt 0.569272578 0.343011588
vt 0.591573596 0.370067865
vt 0.54918921 0.376075655
vt 0.525476575 0.320005298
vt 0.520562351 0.398587257
vt 0.44860661 0.388362885
vt 0.44857049 0.416751504
vt 0.520157635 0.434577346
vt 0.448530316 0.446564078
vt 0.633356571 0.35286665
vt 0.661331117 0.364152431
vt 0.632044137 0.392947137
vt 0.60800761 0.409219533
vt 0.65803957 0.327960342
vt 0.76266253 0.333252788
vt 0.797057271 0.291764766
vt 0.775720417 0.283163399
vt 0.859080851 0.307311952
vt 0.775250018 0.345465064
vt 0.880363107 0.316983163
vt 0.676114082 0.373451799
vt 0.642873228 0.396696389
vt 0.715189636 0.393538207
vt 0.683476925 0.412368745
vt 0.740703106 0.408294469
vt 0.725286603 0.431427866
vt 0.664666712 0.426654518
vt 0.712237298 0.45251286
vt 0.771037102 0.385123551
vt 0.812855184 0.360086858
vt 0.812855184 0.360086858
vt 0.887132049 0.337843239
vt 0.653353393 0.434199244
vt 0.567177713 0.495909512
vt 0.511614025 0.464879572
vt 0.701034844 0.459394753
vt 0.749008954 0.487459898
vt 0.737175226 0.490433156
vt 0.778170228 0.527259886
vt 0.767456591 0.530807674
vt 0.598933697 0.525138915
vt 0.767456591 0.530807674
vt 0.617954552 0.552387655
vt 0.594565749 0.552396476
vt 0.568656743 0.531680703
vt 0.448509157 0.472071886
vt 0.508467257 0.502903044
vt 0.448521763 0.478977799
vt 0.468049973 0.494500101
vt 0.448477775 0.497767866
vt 0.454693675 0.507278085
vt 0.44847253 0.505451202
vt 0.469256759 0.526435673
vt 0.541617155 0.515849769
vt 0.505695343 0.533646882
vt 0.542782724 0.545594335
vt 0.568656743 0.531680703
vt 0.385365486 0.464938819
vt 0.37693134 0.434579879
vt 0.376627505 0.398562461
vt 0.398286134 0.339427054
vt 0.405681193 0.306442618
vt 0.400778323 0.284255594
vt 0.402075797 0.260277241
vt 0.358272076 0.282783031
vt 0.337448299 0.256293595
vt 0.368168235 0.212391302
vt 0.408088535 0.212381765
vt 0.308997065 0.252448261
vt 0.286936373 0.216273561
vt 0.253221244 0.257026315
vt 0.307777971 0.258836001
vt 0.250053912 0.263966322
vt 0.172945648 0.241992816
vt 0.161424041 0.248020723
vt 0.121799015 0.282984167
vt 0.25399667 0.316560149
vt 0.329929382 0.26464355
vt 0.303946853 0.299724787
vt 0.292431474 0.312835574
vt 0.320173115 0.313206077
vt 0.292863905 0.342365056
vt 0.328087181 0.342954278
vt 0.305733293 0.370002985
vt 0.348082364 0.376035988
vt 0.371927947 0.319969207
vt 0.264006108 0.35277015
vt 0.236021101 0.364037305
vt 0.265214592 0.392861009
vt 0.289200723 0.409160703
vt 0.239388824 0.327844262
vt 0.134768918 0.333068043
vt 0.100456335 0.291566163
vt 0.121799015 0.282984167
vt 0.0384039022 0.307076812
vt 0.122169681 0.345260441
vt 0.01710294 0.316734225
vt 0.22123608 0.373324096
vt 0.254385442 0.396602958
vt 0.182085559 0.393393874
vt 0.213745981 0.412242562
vt 0.156435311 0.408104271
vt 0.171820626 0.431234092
vt 0.232560247 0.426562726
vt 0.184693053 0.452280104
vt 0.126309142 0.384876192
vt 0.0845386162 0.359856069
vt 0.243814498 0.434121251
vt 0.329671472 0.495896697
vt 0.195876673 0.459181249
vt 0.147814065 0.487196863
vt 0.159640044 0.490182042
vt 0.118457034 0.526957393
vt 0.297747493 0.525052309
vt 0.129154265 0.530514896
vt 0.27850616 0.552256465
vt 0.301879793 0.552318156
vt 0.327999443 0.531661928
vt 0.388434738 0.502934575
vt 0.428901106 0.494518518
vt 0.442229956 0.507303953
vt 0.427570939 0.526492357
vt 0.355175495 0.515866518
vt 0.391015947 0.53370297
vt 0.35378322 0.545617223
vt 0.327999443 0.531661928
vt 0.301879793 0.552318156
vt 0.327999443 0.531661928
vt 0.301879793 0.552318156
vt 0.319675893 0.562105298
vt 0.658807695 0.21473895
vt 0.717103601 0.210867897
vt 0.658229828 0.201365218
vt 0.706700861 0.1972453
vt 0.609219491 0.204739317
vt 0.555153728 0.204757467
vt 0.498422593 0.206876919
vt 0.448833764 0.204353675
vt 0.44882381 0.212047353
vt 0.399233878 0.206841484
vt 0.342503577 0.204718366
vt 0.288449556 0.204655871
vt 0.239447489 0.201254651
vt 0.238841102 0.214627966
vt 0.180553734 0.210726544
vt 0.19098489 0.197109565
vt 0.153415158 0.592116714
vt 0.0770164281 0.614159584
vt 0.154863864 0.623252869
vt 0.0872670785 0.582724392
vt 0.243243918 0.599249661
vt 0.242917642 0.636269391
vt 0.234929055 0.646535039
vt 0.144850597 0.633664846
vt 0.143942043 0.676039696
vt 0.233512968 0.690921545
vt 0.0687929392 0.619968593
vt 0.0459862575 0.658721209
vt 0.227428719 0.700094938
vt 0.1314165 0.687647462
vt 0.0459862575 0.658721209
vt 0.0282192528 0.666783631
vt 0.0499913841 0.700726092
vt 0.143162429 0.719508469
vt 0.236855507 0.736789405
vt 0.22983104 0.751179397
vt 0.127802506 0.734357297
vt 0.0499913841 0.700726092
vt 0.0289858729 0.713938713
vt 0.150861502 0.794867754
vt 0.236734912 0.797205329
vt 0.157459795 0.84697181
vt 0.243743658 0.834727883
vt 0.337486237 0.830037832
vt 0.337541014 0.79574281
vt 0.0781321526 0.821641505
vt 0.0746314898 0.788394272
vt 0.0814212039 0.864061952
vt 0.0555495098 0.755995035
vt 0.0555495098 0.755995035
vt 0.00367442938 0.733173668
vt 0.337609291 0.757103324
vt 0.337618262 0.742036223
vt 0.337704509 0.705668867
vt 0.337734878 0.696337461
vt 0.337888598 0.652452826
vt 0.337906063 0.639937282
vt 0.338070154 0.60034436
vt 0.272836983 0.591323197
vt 0.230118096 0.590419114
vt 0.171124548 0.583727598
vt 0.107410736 0.571371853
vt 0.304237604 0.592598498
vt 0.337957263 0.590834916
vt 0.432928205 0.636505663
vt 0.440874696 0.646799266
vt 0.521040618 0.623603344
vt 0.432838291 0.599501133
vt 0.522676408 0.592468619
vt 0.598927259 0.614608705
vt 0.588866472 0.583162487
vt 0.530975699 0.634028375
vt 0.531648695 0.676397383
vt 0.44203487 0.691248178
vt 0.60709399 0.620418191
vt 0.629680693 0.659176946
vt 0.448063076 0.700435102
vt 0.544096887 0.687992215
vt 0.647381723 0.66722405
vt 0.629680693 0.659176946
vt 0.625478387 0.701120436
vt 0.532236218 0.719818592
vt 0.438460797 0.737026691
vt 0.445432097 0.751373649
vt 0.547527015 0.73464632
vt 0.646430075 0.714336038
vt 0.625478387 0.701120436
vt 0.524234056 0.795108676
vt 0.438347518 0.797355473
vt 0.517458618 0.84718895
vt 0.431211978 0.834854066
vt 0.596868455 0.821923673
vt 0.600483119 0.788703442
vt 0.593452156 0.864322901
vt 0.619691133 0.756347179
vt 0.512582362 0.8575809
vt 0.584488094 0.87452811
vt 0.663808048 0.897939146
vt 0.428616077 0.846284866
vt 0.337478101 0.841869652
vt 0.246321827 0.846169829
vt 0.162314311 0.857378602
vt 0.0903603807 0.874279737
vt 0.0109897964 0.897647142
vt 0.237059951 0.930526078
vt 0.283457428 0.921842575
vt 0.294430614 0.925350606
vt 0.190697312 0.938775301
vt 0.145484388 0.952995658
vt 0.0181179587 0.903229296
vt 0.298081189 0.945399165
vt 0.24960658 0.94687736
vt 0.206859767 0.954467297
vt 0.195899621 0.944386601
vt 0.152619869 0.960957766
vt 0.167121604 0.96902597
vt 0.248965621 0.966618299
vt 0.211984009 0.967196703
vt 0.167121604 0.96902597
vt 0.184066698 0.980358839
vt 0.290938884 0.970091462
vt 0.337382197 0.923362136
vt 0.337317526 0.945114613
vt 0.152619869 0.960957766
vt 0.337317526 0.945114613
vt 0.337198377 0.970026374
vt 0.312292159 0.980163932
vt 0.337163299 0.979424953
vt 0.284669667 0.981200457
vt 0.242961243 0.977441788
vt 0.214037493 0.97141397
vt 0.199739724 0.991050601
vt 0.376576871 0.945456386
vt 0.380330801 0.92542094
vt 0.437675267 0.930685937
vt 0.39129746 0.921928287
vt 0.483955145 0.93897891
vt 0.529180169 0.953156233
vt 0.65666151 0.903514445
vt 0.425139129 0.947023392
vt 0.467692494 0.954866409
vt 0.478691965 0.944642305
vt 0.522153735 0.96104002
vt 0.425467551 0.966770887
vt 0.462529868 0.967803597
vt 0.507841527 0.969050288
vt 0.491536468 0.980399251
vt 0.383441746 0.970149636
vt 0.522153735 0.96104002
vt 0.362007499 0.980182409
vt 0.389554232 0.981265903
vt 0.431094378 0.977620125
vt 0.460386097 0.972297311
vt 0.477162361 0.991430163
vt 0.0109897964 0.897647142
vt 0.0181179587 0.903229296
vt 0.769652188 0.0486780033
vt 0.754498243 0.0203159004
vt 0.738816917 0.0440833718
vt 0.785088241 0.0271901935
vt 0.710208058 0.0294757411
vt 0.707241118 0.0393817276
vt 0.796361923 0.0530846566
vt 0.81021297 0.030325301
vt 0.821362615 0.0453698486
vt 0.827571809 0.0254248008
vt 0.827211857 0.0449987054
vt 0.711198747 0.0205438435
vt 0.83304733 0.0454224721
vt 0.844750285 0.0304813981
vt 0.857761264 0.053362444
vt 0.869991839 0.0275747478
vt 0.88463068 0.0491991714
vt 0.90083462 0.020979628
vt 0.915632665 0.0448856205
vt 0.94477886 0.0305410996
vt 0.947378218 0.0404721349
vt 0.944118679 0.0216014907
vt 0.594565749 0.552396476
vt 0.576716304 0.5621472
vt 0.568656743 0.531680703
vt 0.337381423 0.919154108
vt 0.619691133 0.756347179
vt 0.671660244 0.733589828
vt 0.0845386162 0.359856069
vt 0.0102992281 0.337589979
vt 0.118457034 0.526957393
vt 0.129154265 0.530514896
vt 0.663808048 0.897939146
vt 0.65666151 0.903514445
vt 0.522153735 0.96104002
vt 0.507841527 0.969050288
vt 0.568786144 0.571783423
vt 0.505015433 0.584058583
vt 0.44602564 0.590691209
vt 0.403342456 0.591479301
vt 0.371837646 0.592487693
vt 0.255476326 0.118944861
vt 0.171750963 0.0671083704
vt 0.177007034 0.120351247
vt 0.23543331 0.0539417937
vt 0.336424291 0.114239551
vt 0.300585121 0.0370455682
vt 0.382051319 0.0420313217
vt 0.421912819 0.108851902
vt 0.456776947 0.0468818545
vt 0.503802478 0.103559017
vt 0.523842812 0.0553392023
vt 0.617759526 0.101406284
vt 0.35635975 0.152139723
vt 0.258442909 0.157922655
vt 0.252223521 0.185195953
vt 0.377842993 0.182445258
vt 0.449958771 0.14431563
vt 0.50937593 0.186956644
vt 0.57623589 0.139767289
vt 0.165429413 0.161701381
vt 0.14154391 0.187571317
vt 0.105658054 0.163001776
vt 0.0630475953 0.0942040458
vt 0.604822278 0.0602618381
vt 0.622056365 0.0730245113
vt 0.531556904 0.0429309718
vt 0.458599955 0.0352710672
vt 0.382142901 0.030010052
vt 0.297941506 0.020224236
vt 0.229449153 0.0416456349
vt 0.160134181 0.0571520329
vt 0.079735361 0.0804996043
vt 0.625226378 0.0509870723
vt 0.541420758 0.0322146416
vt 0.541420758 0.0322146416
vt 0.459827006 0.023805622
vt 0.387139022 0.0177942254
vt 0.293538541 0.00926300883
vt 0.150137752 0.0472938567
vt 0.220999971 0.0297207534
vt 0.651524305 0.0632028952
vt 0.651524305 0.0632028952
vt 0.0700706989 0.134293765
vt 0.0432066359 0.0835163072
vt 0.0113233663 0.110155456
vt 0.0579244383 0.0736927986
vt 0.150137752 0.0472938567
vt 0.0700706989 0.134293765
vt 0.808771491 0.933312416
vt 0.931083202 0.888061225
vt 0.796322465 0.898240089
vt 0.912725449 0.855542302
vt 0.799762666 0.852796614
vt 0.887911499 0.817697942
vt 0.81630528 0.82269305
vt 0.854745924 0.782548845
vt 0.872606397 0.780093968
vt 0.944007218 0.849467099
vt 0.919582129 0.813050747
vt 0.90594101 0.779340804
vt 0.825682521 0.746714473
vt 0.872408867 0.739315212
vt 0.905494988 0.762114406
vt 0.959595919 0.928738296
vt 0.848374605 0.972635031
vt 0.808808684 0.715702355
vt 0.882811666 0.712189019
vt 0.904871345 0.742839813
vt 0.918117285 0.724903107
vt 0.806859732 0.682741523
vt 0.923911989 0.670297503
vt 0.823217332 0.649199128
vt 0.853634119 0.611671507
vt 0.98064667 0.637065053
vt 0.928661942 0.709119558
vt 0.776247561 0.715203345
vt 0.791944444 0.751874089
vt 0.815915287 0.781387687
vt 0.783654213 0.818533361
vt 0.766628921 0.852644026
vt 0.765131176 0.892882764
vt 0.774710655 0.936489522
vt 0.804642797 0.982417226
vt 0.755098522 0.938731313
vt 0.761586428 0.981480479
vt 0.70292747 0.953534722
vt 0.742143035 0.896494687
vt 0.670193017 0.92221117
vt 0.670193017 0.92221117
vt 0.702360332 0.882480502
vt 0.745925546 0.852608919
vt 0.702360332 0.882480502
vt 0.715140581 0.846724272
vt 0.756888092 0.817778528
vt 0.715140581 0.846724272
vt 0.804642797 0.982417226
vt 0.70292747 0.953534722
vt 0.632408381 0.921416104
vt 0.722393036 0.782633126
vt 0.717246234 0.815658212
vt 0.781129539 0.782004654
vt 0.75848943 0.754227757
vt 0.708670557 0.752533615
vt 0.791944444 0.751874089
vt 0.748994946 0.717101753
vt 0.708489239 0.721372187
vt 0.776247561 0.715203345
vt 0.6961236 0.678303897
vt 0.751122177 0.679256082
vt 0.775238931 0.680361629
vt 0.790726304 0.644960642
vt 0.819087863 0.599299014
vt 0.762636423 0.642562389
vt 0.680101812 0.668115377
vt 0.680101812 0.668115377
vt 0.700791895 0.620184779
vt 0.783237994 0.597574294
vt 0.819087863 0.599299014
vt 0.700791895 0.620184779
vt 0.633192301 0.648248792
vt 0.753679574 0.562259555
vt 0.989797533 0.654029846
vt 0.951520085 0.676830828
vt 0.98064667 0.637065053
vt 0.791944444 0.751874089
vt 0.715140581 0.846724272
vt 0.773775995 0.174190253
vt 0.68792522 0.175969571
vt 0.750201404 0.201923609
vt 0.718908489 0.160808638
vt 0.660666645 0.122493677
vt 0.678130448 0.122188561
vt 0.660308719 0.110980414
vt 0.681245625 0.111265533
vt 0.686906278 0.0809110329
vt 0.831908524 0.182921097
vt 0.828067303 0.218422234
vt 0.773775995 0.174190253
vt 0.915773273 0.197579563
vt 0.831908524 0.182921097
vt 0.898137152 0.178383261
vt 0.969449162 0.171093479
vt 0.898137152 0.178383261
vt 0.951898932 0.161676541
vt 0.995776117 0.130568489
vt 0.975225627 0.126092523
vt 0.951898932 0.161676541
vt 0.983946681 0.0828998312
vt 0.957554519 0.0815994367
vt 0.978287756 0.0640150756
vt 0.957998037 0.872324228
vt 0.973013878 0.894086361
vt 0.959595919 0.928738296
vt 0.994243324 0.923472703
vt 0.255476326 0.118944861
vt 0.171750963 0.0671083704
vt 0.23543331 0.0539417937
vt 0.177007034 0.120351247
vt 0.336424291 0.114239551
vt 0.300585121 0.0370455682
vt 0.382051319 0.0420313217
vt 0.421912819 0.108851902
vt 0.456776947 0.0468818545
vt 0.503802478 0.103559017
vt 0.523842812 0.0553392023
vt 0.617759526 0.101406284
vt 0.35635975 0.152139723
vt 0.258442909 0.157922655
vt 0.252223521 0.185195953
vt 0.377842993 0.182445258
vt 0.449958771 0.14431563
vt 0.50937593 0.186956644
vt 0.57623589 0.139767289
vt 0.165429413 0.161701381
vt 0.14154391 0.187571317
vt 0.105658054 0.163001776
vt 0.0630475953 0.0942040458
vt 0.604822278 0.0602618381
vt 0.622056365 0.0730245113
vt 0.531556904 0.0429309718
vt 0.458599955 0.0352710672
vt 0.382142901 0.030010052
vt 0.297941506 0.020224236
vt 0.229449153 0.0416456349
vt 0.160134181 0.0571520329
vt 0.079735361 0.0804996043
vt 0.625226378 0.0509870723
vt 0.651524305 0.0632028952
vt 0.459827006 0.023805622
vt 0.541420758 0.0322146416
vt 0.387139022 0.0177942254
vt 0.293538541 0.00926300883
vt 0.150137752 0.0472938567
vt 0.220999971 0.0297207534
vt 0.541420758 0.0322146416
vt 0.0432066359 0.0835163072
vt 0.0113233663 0.110155456
vt 0.0579244383 0.0736927986
vt 0.150137752 0.0472938567
vt 0.0700706989 0.134293765
vt 0.0700706989 0.134293765
vt 0.808771491 0.933312416
vt 0.796322465 0.898240089
vt 0.931083202 0.888061225
vt 0.912725449 0.855542302
vt 0.799762666 0.852796614
vt 0.887911499 0.817697942
vt 0.81630528 0.82269305
vt 0.854745924 0.782548845
vt 0.872606397 0.780093968
vt 0.944007218 0.849467099
vt 0.919582129 0.813050747
vt 0.90594101 0.779340804
vt 0.825682521 0.746714473
vt 0.872408867 0.739315212
vt 0.905494988 0.762114406
vt 0.959595919 0.928738296
vt 0.848374605 0.972635031
vt 0.808808684 0.715702355
vt 0.882811666 0.712189019
vt 0.904871345 0.742839813
vt 0.918117285 0.724903107
vt 0.806859732 0.682741523
vt 0.923911989 0.670297503
vt 0.823217332 0.649199128
vt 0.853634119 0.611671507
vt 0.98064667 0.637065053
vt 0.928661942 0.709119558
vt 0.776247561 0.715203345
vt 0.791944444 0.751874089
vt 0.815915287 0.781387687
vt 0.783654213 0.818533361
vt 0.766628921 0.852644026
vt 0.765131176 0.892882764
vt 0.774710655 0.936489522
vt 0.804642797 0.982417226
vt 0.755098522 0.938731313
vt 0.761586428 0.981480479
vt 0.70292747 0.953534722
vt 0.742143035 0.896494687
vt 0.670193017 0.92221117
vt 0.670193017 0.92221117
vt 0.632408381 0.921416104
vt 0.702360332 0.882480502
vt 0.745925546 0.852608919
vt 0.715140581 0.846724272
vt 0.702360332 0.882480502
vt 0.804642797 0.982417226
vt 0.715140581 0.846724272
vt 0.756888092 0.817778528
vt 0.781129539 0.782004654
vt 0.722393036 0.782633126
vt 0.75848943 0.754227757
vt 0.708670557 0.752533615
vt 0.791944444 0.751874089
vt 0.748994946 0.717101753
vt 0.708489239 0.721372187
vt 0.776247561 0.715203345
vt 0.6961236 0.678303897
vt 0.751122177 0.679256082
vt 0.775238931 0.680361629
vt 0.790726304 0.644960642
vt 0.819087863 0.599299014
vt 0.762636423 0.642562389
vt 0.680101812 0.668115377
vt 0.680101812 0.668115377
vt 0.700791895 0.620184779
vt 0.783237994 0.597574294
vt 0.819087863 0.599299014
vt 0.700791895 0.620184779
vt 0.633192301 0.648248792
vt 0.753679574 0.562259555
vt 0.989797533 0.654029846
vt 0.98064667 0.637065053
vt 0.951520085 0.676830828
vt 0.791944444 0.751874089
vt 0.773775995 0.174190253
vt 0.68792522 0.175969571
vt 0.718908489 0.160808638
vt 0.750201404 0.201923609
vt 0.660666645 0.122493677
vt 0.678130448 0.122188561
vt 0.660308719 0.110980414
vt 0.681245625 0.111265533
vt 0.686906278 0.0809110329
vt 0.831908524 0.182921097
vt 0.773775995 0.174190253
vt 0.828067303 0.218422234
vt 0.831908524 0.182921097
vt 0.915773273 0.197579563
vt 0.898137152 0.178383261
vt 0.898137152 0.178383261
vt 0.969449162 0.171093479
vt 0.951898932 0.161676541
vt 0.951898932 0.161676541
vt 0.995776117 0.130568489
vt 0.975225627 0.126092523
vt 0.983946681 0.0828998312
vt 0.957554519 0.0815994367
vt 0.978287756 0.0640150756
vt 0.717246234 0.815658212
vt 0.715140581 0.846724272
vt 0.957998037 0.872324228
vt 0.973013878 0.894086361
vt 0.959595919 0.928738296
vt 0.994243324 0.923472703
vn 0.101278447 -0.938891113 -0.328977317
vn -0 -0.963722944 -0.266904742
vn 0.00807848852 -0.949001014 -0.315169603
vn -0 -0.978977978 -0.203965768
vn 0.253577173 -0.893904746 -0.36963886
vn -0 -0.909463942 -0.41578272
vn 0.224644631 -0.874327898 -0.430215567
vn -0 -0.94124794 -0.337716162
vn 0.316087693 -0.82804662 -0.463063151
vn 0.172281891 -0.795744896 -0.580610931
vn 0.320162416 -0.615743935 -0.719969094
vn 0.123992056 -0.724734962 -0.677779555
vn 0.498736322 -0.686038077 -0.529729962
vn 0.58401978 -0.415247351 -0.697488785
vn 0.770150244 -0.359643579 -0.526806533
vn 0.505401075 -0.534052253 -0.677759588
vn 0.780980051 -0.421090722 -0.461251348
vn 0.876220763 0.0470142215 -0.479611188
vn 0.791883886 0.0363695547 -0.609587789
vn 0.625813007 0.0189315323 -0.779743373
vn 0.359618247 -0.68224293 -0.636568308
vn 0.185234159 -0.728606224 -0.659409761
vn 0.744121194 -0.560715973 -0.363154501
vn 0.774435103 -0.537496924 -0.333687603
vn 0.789245367 -0.466744542 -0.399050474
vn 0.610555589 -0.642125189 -0.463569939
vn 0.66639483 -0.697448254 -0.263597697
vn 0.590231776 -0.788526535 -0.172778189
vn 0.351995081 -0.929825723 -0.107347265
vn 0.106801189 -0.90738076 -0.406514198
vn 0.232560068 -0.965861082 0.114140257
vn -0 -0.993474424 -0.114054814
vn -0 -0.950649559 0.310266495
vn 0.368180007 -0.706700444 0.604167163
vn -0 -0.692301989 0.721607864
vn 0.369675606 -0.857350945 -0.35817498
vn 0.46255815 -0.744099379 -0.482033372
vn 0.128543362 -0.935441375 -0.329280972
vn 0.389477879 -0.89162302 0.230900928
vn 0.424215496 -0.612885535 -0.666642725
vn 0.712499857 -0.284890264 -0.641234338
vn 0.756858587 0.0218980741 -0.653211772
vn 0.625813007 0.0189315323 -0.779743373
vn 0.653510094 0.253398806 -0.713241637
vn 0.717993677 -0.234641582 -0.655307889
vn 0.736357689 0.20993802 -0.643197834
vn 0.490179002 -0.729001701 -0.477787733
vn 0.309405804 -0.948096156 -0.0733595267
vn 0.835132241 -0.54527694 -0.0722985417
vn 0.597043931 -0.783652723 0.171543062
vn 0.302490622 -0.902277946 -0.307235777
vn 0.425233573 -0.8910532 0.158747226
vn 0.756997645 -0.629213631 -0.176195249
vn 0.795143962 -0.602280378 -0.07074292
vn 0.318088144 -0.616554022 -0.720195174
vn 0.29950422 -0.521758258 -0.798789978
vn 0.29950422 -0.521758258 -0.798789978
vn 0.137146384 0.408953071 -0.902190804
vn 0.62382561 -0.777561665 -0.0789905787
vn -0.135563642 -0.577196181 0.805274487
vn 0.138363585 -0.570864201 0.809301913
vn 0.774984479 -0.603432119 0.187799975
vn 0.883593321 -0.307761073 0.352910519
vn 0.822934687 -0.317372888 0.471224904
vn 0.842396498 0.197224513 0.50146842
vn 0.795029938 0.134882614 0.591383278
vn -0.150974438 -0.386301666 0.909932852
vn 0.795029938 0.134882614 0.591383278
vn -0.0412925817 -0.265498966 0.963226438
vn 0.3060067 -0.432455897 0.848140121
vn 0.181822881 -0.591291368 0.785694003
vn -0 0.0444757864 0.999010444
vn 0.103612475 -0.842666984 0.52837199
vn -0 -0.12350107 0.992344439
vn 0.321729064 -0.828267813 0.458762199
vn -0 -0.999937296 0.0111974319
vn -0.237020746 -0.708006442 0.665242851
vn -0 -0.670259655 0.742126644
vn -0.0998229086 -0.478555292 0.872364759
vn 0.132226422 -0.717695951 0.683687627
vn 0.0403895825 -0.368467152 0.928762913
vn -0.0163480751 -0.639030099 0.76900804
vn 0.181822881 -0.591291368 0.785694003
vn -0.138363585 -0.570864201 0.809301913
vn -0.368180007 -0.706700444 0.604167163
vn -0.232560083 -0.965861082 0.114140257
vn -0.00807848852 -0.949001014 -0.315169603
vn -0.101278454 -0.938891113 -0.328977317
vn -0.253577173 -0.893904746 -0.36963886
vn -0.224644631 -0.874327898 -0.430215567
vn -0.316087723 -0.82804662 -0.463063151
vn -0.172281891 -0.795744896 -0.580610931
vn -0.320162386 -0.615743935 -0.719969094
vn -0.123992071 -0.724735022 -0.677779496
vn -0.498736322 -0.686038136 -0.529730022
vn -0.58401978 -0.415247351 -0.697488785
vn -0.770150244 -0.359643549 -0.526806533
vn -0.505401015 -0.534052253 -0.677759588
vn -0.780980051 -0.421090722 -0.461251348
vn -0.876220763 0.0470142215 -0.479611188
vn -0.791883886 0.0363695547 -0.609587789
vn -0.625813007 0.0189315286 -0.779743373
vn -0.359618247 -0.68224293 -0.636568308
vn -0.185234159 -0.728606224 -0.659409761
vn -0.744121194 -0.560715973 -0.363154441
vn -0.774435103 -0.537496924 -0.333687603
vn -0.789245367 -0.466744572 -0.399050534
vn -0.610555589 -0.642125189 -0.463569939
vn -0.66639477 -0.697448313 -0.263597697
vn -0.590231776 -0.788526535 -0.172778189
vn -0.351995081 -0.929825723 -0.107347265
vn -0.106801189 -0.90738076 -0.406514198
vn -0.369675606 -0.857350945 -0.35817498
vn -0.46255815 -0.744099379 -0.482033312
vn -0.128543377 -0.935441375 -0.329281032
vn -0.389477879 -0.89162302 0.230900928
vn -0.424215496 -0.612885535 -0.666642725
vn -0.712499857 -0.284890264 -0.641234338
vn -0.756858587 0.0218980741 -0.653211772
vn -0.625813007 0.0189315286 -0.779743373
vn -0.653510153 0.253398806 -0.713241577
vn -0.717993736 -0.234641612 -0.655307889
vn -0.736357689 0.20993802 -0.643197834
vn -0.490179002 -0.729001701 -0.477787733
vn -0.309405804 -0.948096156 -0.0733595267
vn -0.835132241 -0.54527694 -0.072298564
vn -0.597043931 -0.783652723 0.171543062
vn -0.302490622 -0.902277946 -0.307235777
vn -0.425233513 -0.8910532 0.158747211
vn -0.756997705 -0.629213572 -0.176195264
vn -0.795143962 -0.602280378 -0.0707429275
vn -0.318088114 -0.616554022 -0.720195174
vn -0.29950422 -0.521758258 -0.798789978
vn -0.623825729 -0.777561605 -0.0789905861
vn 0.135563672 -0.577196181 0.805274487
vn -0.774984419 -0.603432119 0.187799945
vn -0.88359344 -0.307761043 0.352910519
vn -0.822934687 -0.317372888 0.471224815
vn -0.842396617 0.197224542 0.50146836
vn 0.150974438 -0.386301666 0.909932852
vn -0.795029938 0.134882614 0.591383278
vn 0.0412926376 -0.265498936 0.963226438
vn -0.306006789 -0.432455868 0.848140121
vn -0.181822881 -0.591291368 0.785694003
vn -0.103612453 -0.842666984 0.52837193
vn -0.321729064 -0.828267813 0.458762199
vn 0.237020746 -0.708006442 0.665242851
vn 0.099822931 -0.478555292 0.872364759
vn -0.132226422 -0.717695951 0.683687627
vn -0.0403897464 -0.368467152 0.928762913
vn 0.0163480733 -0.639030099 0.76900804
vn -0.181822881 -0.591291368 0.785694003
vn -0.306006789 -0.432455868 0.848140121
vn -0.181822881 -0.591291368 0.785694003
vn -0.306006789 -0.432455868 0.848140121
vn -0.208235472 -0.221875474 0.952580333
vn 0.740168333 -0.13644807 -0.658432126
vn 0.829700649 0.185464963 -0.526497483
vn -0.0288304798 0.27111432 -0.962115288
vn -0.0356930569 0.180247307 -0.982973456
vn 0.159739122 0.264782995 -0.950985432
vn 0.193863943 0.112763561 -0.974526167
vn 0.101750053 -0.168642774 -0.98041141
vn -0 -0.235191673 -0.971948981
vn -0 -0.745316982 -0.666710258
vn -0.101750053 -0.168642774 -0.98041141
vn -0.193863943 0.112763561 -0.974526167
vn -0.159739122 0.264782995 -0.950985432
vn 0.0288304817 0.27111432 -0.962115288
vn -0.740168393 -0.136448085 -0.658432066
vn -0.829700708 0.185464978 -0.526497424
vn 0.0356930606 0.180247337 -0.982973456
vn 0.65241158 0.597737193 -0.465907007
vn 0.876220763 0.0470142215 -0.479611188
vn 0.593270004 0.663366437 -0.456043631
vn 0.829700649 0.185464963 -0.526497483
vn 0.291613936 0.791086972 -0.537719965
vn 0.196407422 0.776047945 -0.599311113
vn 0.264809102 0.771615803 -0.578347027
vn 0.597698271 0.543461978 -0.589411497
vn 0.378970116 0.550683141 -0.743726909
vn 0.122089095 0.66303128 -0.738568723
vn 0.791883886 0.0363695547 -0.609587789
vn 0.625813007 0.0189315323 -0.779743373
vn 0.142963305 0.750229955 -0.645535767
vn 0.449597925 0.559871733 -0.695992291
vn 0.625813007 0.0189315323 -0.779743373
vn 0.756858587 0.0218980741 -0.653211772
vn 0.653510094 0.253398806 -0.713241637
vn 0.258804739 0.673816144 -0.692092419
vn 0.0306661967 0.770091772 -0.637195706
vn 0.0710040182 0.871124983 -0.485900879
vn 0.352693379 0.709893823 -0.609637678
vn 0.653510094 0.253398806 -0.713241637
vn 0.736357689 0.20993802 -0.643197834
vn 0.328844011 0.939860165 0.092328012
vn 0.142277092 0.974109828 0.175690547
vn 0.4654001 0.846741021 -0.257744998
vn 0.225624785 0.910626054 -0.346198767
vn -0 0.925763428 -0.378103346
vn -0 0.981220365 0.192890212
vn 0.366970807 0.878238082 0.306643575
vn 0.281905651 0.952489138 -0.115297891
vn 0.693870366 0.71783483 0.05706992
vn 0.340195984 0.764795125 -0.547133386
vn 0.340195984 0.764795125 -0.547133386
vn 0.137146384 0.408953071 -0.902190804
vn -0 0.90814656 -0.418652356
vn -0 0.826541603 -0.562875569
vn -0 0.751244962 -0.66002351
vn -0 0.679900706 -0.733304143
vn -0 0.804722309 -0.593651354
vn -0 0.765402377 -0.643552005
vn -0 0.82832098 -0.560253799
vn 0.04158663 0.277723253 -0.959760606
vn 0.0802915916 0.159846559 -0.983871102
vn 0.0399638079 0.120582037 -0.991898656
vn -0.0356930569 0.180247307 -0.982973456
vn 0.0774866939 0.461601377 -0.883696735
vn -0 0.278192103 -0.960525453
vn -0.196407422 0.776047945 -0.599311113
vn -0.264809102 0.771615803 -0.578347027
vn -0.593270063 0.663366377 -0.456043601
vn -0.291613936 0.791086972 -0.537719965
vn -0.65241158 0.597737193 -0.465907007
vn -0.876220763 0.0470142215 -0.479611188
vn -0.829700708 0.185464978 -0.526497424
vn -0.597698271 0.543461978 -0.589411497
vn -0.378970116 0.5506832 -0.743726909
vn -0.122089095 0.66303128 -0.738568723
vn -0.791883886 0.0363695547 -0.609587789
vn -0.625813007 0.0189315286 -0.779743373
vn -0.14296332 0.750230074 -0.645535767
vn -0.449597925 0.559871793 -0.695992231
vn -0.756858587 0.0218980741 -0.653211772
vn -0.625813007 0.0189315286 -0.779743373
vn -0.653510153 0.253398806 -0.713241577
vn -0.258804739 0.673816144 -0.692092419
vn -0.0306661967 0.770091712 -0.637195706
vn -0.0710040182 0.871124983 -0.485900879
vn -0.352693379 0.709893823 -0.609637678
vn -0.736357689 0.20993802 -0.643197834
vn -0.653510153 0.253398806 -0.713241577
vn -0.328844011 0.939860165 0.0923280045
vn -0.142277136 0.974109948 0.175690517
vn -0.4654001 0.846741021 -0.257744998
vn -0.225624785 0.910626054 -0.346198767
vn -0.366970807 0.878238082 0.306643575
vn -0.281905651 0.952489138 -0.115297891
vn -0.693870366 0.71783483 0.05706992
vn -0.340195984 0.764795125 -0.547133386
vn -0.522452533 0.852637112 -0.00730864238
vn -0.750233054 0.608254492 0.259184837
vn -0.842396617 0.197224542 0.50146836
vn -0.255583495 0.952732086 -0.164251894
vn -0 0.966348231 -0.257237524
vn 0.255583495 0.952732086 -0.164251894
vn 0.522452533 0.852637112 -0.00730865356
vn 0.750233054 0.608254492 0.259184837
vn 0.842396498 0.197224513 0.50146842
vn 0.517997086 0.554884553 0.650985539
vn 0.00712747686 0.253140837 0.967403233
vn 0.0159114096 0.311619192 0.950073779
vn 0.158187911 -0.0191683676 0.98722291
vn -0.0412925817 -0.265498966 0.963226438
vn 0.795029938 0.134882614 0.591383278
vn -0.0917823985 0.106957622 0.990018129
vn 0.0885387659 -0.232703432 0.968509138
vn 0.184916094 -0.431692213 0.882863402
vn 0.404767722 -0.135914624 0.904262304
vn 0.3060067 -0.432455897 0.848140121
vn 0.208235472 -0.221875474 0.952580333
vn -0.461589456 -0.644764304 -0.609273493
vn -0.800957263 -0.0850293413 -0.592652977
vn 0.208235472 -0.221875474 0.952580333
vn -0.977228403 0.197651789 -0.0771894082
vn -0.278118849 -0.88959825 -0.362304866
vn -0 0.310940415 0.95042944
vn -0 0.126409486 0.991978168
vn 0.3060067 -0.432455897 0.848140121
vn -0 0.126409486 0.991978168
vn -0 -0.985232353 -0.171223059
vn -0.0936162025 -0.830133617 -0.549649179
vn -0 -0.93892926 -0.344110131
vn -0.0566138625 -0.611291409 -0.789377987
vn 0.0765523538 -0.137719527 -0.987508476
vn -0.321480483 0.271811485 -0.907065988
vn -0.788384438 0.487017572 -0.375850856
vn 0.0917823762 0.106957614 0.990018129
vn -0.0159114096 0.311619192 0.950073779
vn -0.517997086 0.554884553 0.650985539
vn -0.00712746289 0.253140807 0.967403233
vn -0.158187598 -0.0191685334 0.987223029
vn 0.0412926376 -0.265498936 0.963226438
vn -0.795029938 0.134882614 0.591383278
vn -0.0885387659 -0.232703432 0.968509138
vn -0.184915587 -0.431692213 0.882863581
vn -0.404766679 -0.135915011 0.904262662
vn -0.306006789 -0.432455868 0.848140121
vn 0.461589456 -0.644764304 -0.609273493
vn 0.800957263 -0.0850293413 -0.592652977
vn -0.208235472 -0.221875474 0.952580333
vn 0.977228403 0.197651789 -0.0771894231
vn 0.278118849 -0.88959825 -0.362304866
vn -0.306006789 -0.432455868 0.848140121
vn 0.0936162025 -0.830133617 -0.549649179
vn 0.0566138625 -0.611291409 -0.789377987
vn -0.0765523463 -0.137719512 -0.987508476
vn 0.321480483 0.271811485 -0.907065988
vn 0.788384438 0.487017512 -0.375850886
vn 0.842396498 0.197224513 0.50146842
vn 0.795029938 0.134882614 0.591383278
vn 0.0403895825 -0.368467152 0.928762913
vn -0.915390551 0.398228616 0.0589420199
vn -0.0163480751 -0.639030099 0.76900804
vn -0.573339701 0.731660128 0.36872074
vn -0.977228403 0.197651789 -0.0771894082
vn 0.208235472 -0.221875474 0.952580333
vn -0.0998229086 -0.478555292 0.872364759
vn -0.267725796 0.695859373 0.666410208
vn -0.237020746 -0.708006442 0.665242851
vn -0 0.593369544 0.804930151
vn -0 -0.670259655 0.742126644
vn -0.788384438 0.487017572 -0.375850856
vn 0.237020746 -0.708006442 0.665242851
vn 0.267725796 0.695859373 0.666410208
vn 0.099822931 -0.478555292 0.872364759
vn 0.573339701 0.731660128 0.36872074
vn -0.0403897464 -0.368467152 0.928762913
vn 0.915390551 0.398228616 0.0589420162
vn 0.0163480733 -0.639030099 0.76900804
vn 0.977228403 0.197651789 -0.0771894231
vn -0.208235472 -0.221875474 0.952580333
vn 0.788384438 0.487017512 -0.375850886
vn 0.3060067 -0.432455897 0.848140121
vn 0.208235472 -0.221875474 0.952580333
vn 0.181822881 -0.591291368 0.785694003
vn -0 0.244730562 0.969591141
vn -0.340195984 0.764795125 -0.547133386
vn -0.137146398 0.40895313 -0.902190804
vn -0.29950422 -0.521758258 -0.798789978
vn -0.137146398 0.40895313 -0.902190804
vn -0.842396617 0.197224542 0.50146836
vn -0.795029938 0.134882614 0.591383278
vn -0.842396617 0.197224542 0.50146836
vn -0.795029938 0.134882614 0.591383278
vn -0.306006789 -0.432455868 0.848140121
vn -0.208235472 -0.221875474 0.952580333
vn 0.0356930606 0.180247337 -0.982973456
vn -0.0399638005 0.120582037 -0.991898656
vn -0.0802915916 0.159846559 -0.983871102
vn -0.04158663 0.277723223 -0.959760606
vn -0.0774866939 0.461601377 -0.883696735
vn 0.724755883 -0.366806597 0.583251119
vn 0.403570592 -0.710989773 0.575868309
vn 0.570964217 -0.764848113 0.298340827
vn 0.520362377 -0.326870918 0.788909554
vn 0.757594764 0.0109793954 0.652632833
vn 0.434406936 -0.0497832969 0.899339855
vn 0.483455002 0.229795843 0.844668686
vn 0.656755447 0.478663087 0.582712471
vn 0.379465133 0.641516626 0.666680217
vn 0.414863944 0.846847057 0.332773179
vn 0.164164856 0.87826395 0.449112922
vn 0.281905651 0.952489138 -0.115297891
vn 0.592635334 0.0390189588 0.804525256
vn 0.552357674 -0.371738225 0.746131182
vn 0.883593321 -0.307761073 0.352910519
vn 0.842396498 0.197224513 0.50146842
vn 0.471934795 0.549233735 0.689651906
vn 0.693870366 0.71783483 0.05706992
vn 0.366970807 0.878238082 0.306643575
vn 0.435379803 -0.749667168 0.49844107
vn 0.795143962 -0.602280378 -0.07074292
vn 0.425233573 -0.8910532 0.158747226
vn -0.200434908 -0.891209483 -0.406904846
vn 0.0105821602 0.908497572 -0.417756021
vn -0.280838609 0.86539942 -0.414986193
vn 0.215556875 0.974650681 0.0599262118
vn 0.510209084 0.776310325 0.370174408
vn 0.641272008 0.382143259 0.66538465
vn 0.836962581 -0.0490807928 0.545054793
vn 0.638461351 -0.465587974 0.612858057
vn 0.481220126 -0.838629425 0.255201668
vn 0.170285299 -0.944517672 -0.280872405
vn -0.0647449195 0.360691518 -0.93043524
vn 0.292403996 0.441190094 -0.848440468
vn 0.292403996 0.441190094 -0.848440468
vn 0.589576006 0.461901933 -0.662606001
vn 0.692259073 0.411875635 -0.592567027
vn 0.761076331 -0.0177140739 -0.648420393
vn 0.513764739 -0.393357575 -0.762440622
vn 0.664291739 -0.40098986 -0.63081187
vn 0.340195984 0.764795125 -0.547133386
vn 0.340195984 0.764795125 -0.547133386
vn 0.302490622 -0.902277946 -0.307235777
vn -0.406001776 -0.221328303 -0.886665821
vn 0.318088144 -0.616554022 -0.720195174
vn 0.0187238455 -0.249087349 -0.968300045
vn 0.513764739 -0.393357575 -0.762440622
vn 0.302490622 -0.902277946 -0.307235777
vn -0.444156975 0.478787929 -0.757289112
vn -0.193620622 0.752238035 -0.629800737
vn -0.0383747146 0.886447787 -0.461235046
vn 0.450264394 0.891598582 -0.0481024981
vn 0.539747834 0.840264559 -0.0512625761
vn 0.829859734 0.461158931 0.31411007
vn 0.806479573 0.572757065 0.146765143
vn 0.887972236 -0.00227868138 0.459891289
vn 0.778591573 -0.0703671202 0.623573184
vn 0.659983099 0.723183155 -0.203539714
vn 0.947156489 0.319784611 0.0251490809
vn 0.896583378 -0.00355333928 0.442860812
vn 0.81129986 -0.580394268 0.0702492893
vn 0.662521422 -0.691569865 0.287743777
vn 0.420266032 -0.496369064 0.759601414
vn -0.520741224 -0.0242987219 -0.85336864
vn -0.414821833 -0.0722517222 -0.90702951
vn 0.523645699 -0.823588729 -0.217937246
vn 0.320425153 -0.862384677 -0.391944557
vn 0.70506525 -0.682114065 0.193916231
vn 0.529687524 -0.714974225 -0.456336439
vn 0.0989803597 -0.73585248 -0.669868588
vn -0.188747227 -0.591420174 -0.783962131
vn -0.289175093 -0.394851357 -0.872049451
vn -0.414821833 -0.0722517222 -0.90702951
vn -0.520741224 -0.0242987219 -0.85336864
vn 0.316047221 -0.674833894 -0.666868389
vn 0.41511476 -0.869960785 0.266172826
vn 0.619703233 -0.448920101 0.643768966
vn 0.828116834 -0.0952922925 0.552396476
vn 0.701616585 0.381116688 0.602066636
vn 0.415689439 0.830867171 0.369948655
vn -0.0915044993 0.995547056 -0.0226503834
vn -0.710211933 0.590965748 -0.38256827
vn -0.819917977 -0.0771845654 -0.567253888
vn -0.881226122 0.439604759 -0.173747405
vn -0.985985756 -0.0860867053 -0.142902866
vn 0.137146384 0.408953071 -0.902190804
vn -0.285926223 0.944441617 0.162099198
vn -0.187279686 0.400024861 -0.897165716
vn -0.187279686 0.400024861 -0.897165716
vn 0.237618744 0.616120636 -0.750954509
vn 0.314807683 0.774278879 0.548988402
vn 0.237618744 0.616120636 -0.750954509
vn 0.63628763 0.467396349 -0.613741636
vn 0.560942173 0.173513651 0.809467018
vn 0.63628763 0.467396349 -0.613741636
vn -0.819917977 -0.0771845654 -0.567253888
vn 0.137146384 0.408953071 -0.902190804
vn 0.340195984 0.764795125 -0.547133386
vn 0.880930722 -0.0978644863 -0.463015825
vn 0.805844784 0.23521246 -0.543405294
vn 0.298261613 -0.0624001734 0.952442229
vn 0.42332688 -0.23498258 0.87497288
vn 0.775197446 -0.339523047 -0.532722116
vn 0.619703233 -0.448920101 0.643768966
vn 0.353297234 -0.719332576 0.598115146
vn 0.648552477 -0.432670832 -0.626239359
vn 0.41511476 -0.869960785 0.266172826
vn -0.0172118526 -0.583131075 -0.812195778
vn -0.332730889 -0.940272987 0.0719505847
vn -0.142585367 -0.949964583 -0.277914792
vn -0.651390314 -0.534861505 -0.53815794
vn -0.819917977 -0.0771845654 -0.567253888
vn -0.848572314 -0.496839583 -0.181866914
vn -0.532102048 -0.232382447 -0.814165711
vn -0.532102048 -0.232382447 -0.814165711
vn 0.29950422 -0.521758258 -0.798789978
vn -0.985985756 -0.0860867053 -0.142902866
vn -0.819917977 -0.0771845654 -0.567253888
vn 0.29950422 -0.521758258 -0.798789978
vn 0.318088144 -0.616554022 -0.720195174
vn 0.137146384 0.408953071 -0.902190804
vn -0.258601248 -0.2565777 -0.931285799
vn 0.179698661 -0.566105485 -0.804507911
vn -0.520741224 -0.0242987219 -0.85336864
vn 0.619703233 -0.448920101 0.643768966
vn 0.63628763 0.467396349 -0.613741636
vn 0.775197446 -0.339523047 -0.532722116
vn 0.513764739 -0.393357575 -0.762440622
vn 0.664291739 -0.40098986 -0.63081187
vn 0.648552477 -0.432670832 -0.626239359
vn 0.0187238455 -0.249087349 -0.968300045
vn -0.0172118526 -0.583131075 -0.812195778
vn -0.406001776 -0.221328303 -0.886665821
vn -0.532102048 -0.232382447 -0.814165711
vn 0.318088144 -0.616554022 -0.720195174
vn 0.880930722 -0.0978644863 -0.463015825
vn 0.761076331 -0.0177140739 -0.648420393
vn 0.775197446 -0.339523047 -0.532722116
vn 0.692259073 0.411875635 -0.592567027
vn 0.880930722 -0.0978644863 -0.463015825
vn 0.805844784 0.23521246 -0.543405294
vn 0.589576006 0.461901933 -0.662606001
vn 0.805844784 0.23521246 -0.543405294
vn 0.63628763 0.467396349 -0.613741636
vn 0.292403996 0.441190094 -0.848440468
vn 0.237618744 0.616120636 -0.750954509
vn 0.63628763 0.467396349 -0.613741636
vn -0.0647449195 0.360691518 -0.93043524
vn -0.187279686 0.400024861 -0.897165716
vn 0.340195984 0.764795125 -0.547133386
vn 0.210874483 0.788187742 -0.578179896
vn -0.2915214 0.335061193 -0.895962775
vn -0.520741224 -0.0242987219 -0.85336864
vn -0.258601248 -0.2565777 -0.931285799
vn -0.724755883 -0.366806597 0.583251059
vn -0.403570622 -0.710989714 0.575868309
vn -0.520362437 -0.326870948 0.788909674
vn -0.570964217 -0.764848113 0.298340827
vn -0.757594764 0.0109793954 0.652632892
vn -0.434406906 -0.0497832932 0.899339855
vn -0.483455002 0.229795843 0.844668686
vn -0.656755447 0.478663087 0.582712471
vn -0.379465103 0.641516685 0.666680276
vn -0.414863944 0.846847057 0.332773179
vn -0.164164856 0.87826395 0.449112922
vn -0.281905651 0.952489138 -0.115297891
vn -0.592635334 0.03901897 0.804525256
vn -0.552357674 -0.371738225 0.746131182
vn -0.88359344 -0.307761043 0.352910519
vn -0.842396617 0.197224542 0.50146836
vn -0.471934855 0.549233675 0.689651966
vn -0.693870366 0.71783483 0.05706992
vn -0.366970807 0.878238082 0.306643575
vn -0.435379803 -0.749667168 0.49844107
vn -0.795143962 -0.602280378 -0.0707429275
vn -0.425233513 -0.8910532 0.158747211
vn 0.200434908 -0.891209483 -0.406904846
vn -0.0105821593 0.908497691 -0.417755961
vn 0.280838639 0.86539942 -0.414986223
vn -0.215556875 0.974650681 0.0599262118
vn -0.510209084 0.776310325 0.370174408
vn -0.641272008 0.382143229 0.66538471
vn -0.836962461 -0.0490807891 0.545054853
vn -0.638461351 -0.465588063 0.612858057
vn -0.481220126 -0.838629425 0.255201668
vn -0.170285299 -0.944517672 -0.280872434
vn 0.0647449195 0.360691518 -0.93043524
vn -0.340195984 0.764795125 -0.547133386
vn -0.589576006 0.461901963 -0.662605941
vn -0.292403996 0.441190094 -0.848440468
vn -0.692259073 0.411875695 -0.592567146
vn -0.761076331 -0.0177140739 -0.648420393
vn -0.513764739 -0.393357575 -0.762440622
vn -0.664291739 -0.40098986 -0.63081187
vn -0.292403996 0.441190094 -0.848440468
vn 0.406001776 -0.221328288 -0.886665821
vn -0.318088114 -0.616554022 -0.720195174
vn -0.0187238455 -0.249087349 -0.968300045
vn -0.513764739 -0.393357575 -0.762440622
vn -0.302490622 -0.902277946 -0.307235777
vn -0.302490622 -0.902277946 -0.307235777
vn 0.444156975 0.478787869 -0.757289112
vn 0.0383747146 0.886447728 -0.461235046
vn 0.193620652 0.752238035 -0.629800797
vn -0.450264394 0.891598582 -0.0481024981
vn -0.539747655 0.840264559 -0.051262591
vn -0.829859734 0.461158931 0.31411007
vn -0.806479573 0.572757065 0.146765143
vn -0.887972236 -0.00227868138 0.459891289
vn -0.778591573 -0.0703671202 0.623573184
vn -0.659983099 0.723183155 -0.203539714
vn -0.947156489 0.319784611 0.0251490809
vn -0.896583378 -0.00355333043 0.442860812
vn -0.81129986 -0.580394268 0.0702492967
vn -0.662521422 -0.691569924 0.287743807
vn -0.420266032 -0.496369064 0.759601414
vn 0.520741224 -0.0242987219 -0.85336864
vn 0.414821893 -0.0722517222 -0.90702951
vn -0.523645759 -0.823588729 -0.217937246
vn -0.320425153 -0.862384677 -0.391944557
vn -0.70506525 -0.682114065 0.193916231
vn -0.529687524 -0.714974225 -0.456336439
vn -0.0989803523 -0.73585254 -0.669868648
vn 0.188747227 -0.591420174 -0.783962131
vn 0.289175093 -0.394851357 -0.872049451
vn 0.414821893 -0.0722517222 -0.90702951
vn 0.520741224 -0.0242987219 -0.85336864
vn -0.316047221 -0.674833894 -0.666868389
vn -0.415114671 -0.869960785 0.266172826
vn -0.619703293 -0.448920071 0.643769026
vn -0.828116834 -0.0952923 0.552396476
vn -0.701616585 0.381116629 0.602066576
vn -0.415689439 0.830867171 0.369948655
vn 0.0915045142 0.995547056 -0.0226503909
vn 0.710211873 0.590965748 -0.38256821
vn 0.819917977 -0.0771845728 -0.567253888
vn 0.881226182 0.4396047 -0.173747405
vn 0.985985756 -0.0860867053 -0.142902851
vn -0.137146398 0.40895313 -0.902190804
vn 0.285926223 0.944441617 0.162099198
vn 0.187279686 0.400024861 -0.897165716
vn 0.187279686 0.400024861 -0.897165716
vn -0.340195984 0.764795125 -0.547133386
vn -0.237618804 0.616120696 -0.750954509
vn -0.314807683 0.774278879 0.548988402
vn -0.63628763 0.467396349 -0.613741636
vn -0.237618804 0.616120696 -0.750954509
vn 0.819917977 -0.0771845728 -0.567253888
vn -0.63628763 0.467396349 -0.613741636
vn -0.560942173 0.173513621 0.809467018
vn -0.298261613 -0.0624001734 0.952442229
vn -0.880930722 -0.0978645086 -0.463015825
vn -0.42332691 -0.23498261 0.87497288
vn -0.775197446 -0.339523107 -0.532722116
vn -0.619703293 -0.448920071 0.643769026
vn -0.353297234 -0.719332695 0.598115087
vn -0.648552477 -0.432670772 -0.6262393
vn -0.415114671 -0.869960785 0.266172826
vn 0.0172118489 -0.583131075 -0.812195778
vn 0.332730889 -0.940272987 0.0719505847
vn 0.142585367 -0.949964583 -0.277914792
vn 0.651390314 -0.534861445 -0.538158
vn 0.819917977 -0.0771845728 -0.567253888
vn 0.848572314 -0.496839553 -0.181866914
vn 0.532102108 -0.232382447 -0.814165711
vn 0.532102108 -0.232382447 -0.814165711
vn -0.29950422 -0.521758258 -0.798789978
vn 0.985985756 -0.0860867053 -0.142902851
vn 0.819917977 -0.0771845728 -0.567253888
vn -0.29950422 -0.521758258 -0.798789978
vn -0.318088114 -0.616554022 -0.720195174
vn -0.137146398 0.40895313 -0.902190804
vn 0.258601248 -0.2565777 -0.931285799
vn 0.520741224 -0.0242987219 -0.85336864
vn -0.179698661 -0.566105485 -0.804507911
vn -0.619703293 -0.448920071 0.643769026
vn -0.775197446 -0.339523107 -0.532722116
vn -0.513764739 -0.393357575 -0.762440622
vn -0.648552477 -0.432670772 -0.6262393
vn -0.664291739 -0.40098986 -0.63081187
vn -0.0187238455 -0.249087349 -0.968300045
vn 0.0172118489 -0.583131075 -0.812195778
vn 0.406001776 -0.221328288 -0.886665821
vn 0.532102108 -0.232382447 -0.814165711
vn -0.318088114 -0.616554022 -0.720195174
vn -0.880930722 -0.0978645086 -0.463015825
vn -0.775197446 -0.339523107 -0.532722116
vn -0.761076331 -0.0177140739 -0.648420393
vn -0.880930722 -0.0978645086 -0.463015825
vn -0.692259073 0.411875695 -0.592567146
vn -0.805844784 0.23521243 -0.543405294
vn -0.805844784 0.23521243 -0.543405294
vn -0.589576006 0.461901963 -0.662605941
vn -0.63628763 0.467396349 -0.613741636
vn -0.63628763 0.467396349 -0.613741636
vn -0.292403996 0.441190094 -0.848440468
vn -0.237618804 0.616120696 -0.750954509
vn 0.0647449195 0.360691518 -0.93043524
vn 0.187279686 0.400024861 -0.897165716
vn -0.340195984 0.764795125 -0.547133386
vn -0.805844784 0.23521243 -0.543405294
vn -0.63628763 0.467396349 -0.613741636
vn -0.210874483 0.788187742 -0.578179896
vn 0.29152146 0.335061193 -0.895962775
vn 0.520741224 -0.0242987219 -0.85336864
vn 0.258601248 -0.2565777 -0.931285799
g blue_war_m_pve_3_torso_0
f 3/3/3 2/2/2 1/1/1
f 4/4/4 1/1/1 2/2/2
f 1/1/1 4/4/4 5/5/5
f 6/6/6 5/5/5 4/4/4
f 6/6/6 7/7/7 5/5/5
f 6/6/6 8/8/8 7/7/7
f 5/5/5 7/7/7 9/9/9
f 5/5/5 9/9/9 1/1/1
f 10/10/10 9/9/9 7/7/7
f 7/7/7 11/11/11 10/10/10
f 12/12/12 11/11/11 7/7/7
f 10/10/10 11/11/11 13/13/13
f 14/14/14 13/13/13 11/11/11
f 13/13/13 14/14/14 15/15/15
f 13/13/13 15/15/15 16/16/16
f 13/13/13 16/16/16 10/10/10
f 17/17/17 16/16/16 15/15/15
f 15/15/15 18/18/18 17/17/17
f 19/19/19 17/17/17 18/18/18
f 19/19/19 20/20/20 17/17/17
f 21/21/21 17/17/17 20/20/20
f 9/9/9 10/10/10 22/22/22
f 16/16/16 17/17/17 22/22/22
f 22/22/22 10/10/10 16/16/16
f 9/9/9 22/22/22 23/23/23
f 23/23/23 22/22/22 17/17/17
f 17/17/17 21/21/21 23/23/23
f 24/24/24 23/23/23 21/21/21
f 23/23/23 24/24/24 25/25/25
f 24/24/24 21/21/21 26/26/26
f 24/24/24 26/26/26 25/25/25
f 23/23/23 25/25/25 9/9/9
f 27/27/27 25/25/25 26/26/26
f 26/26/26 28/28/28 27/27/27
f 29/29/29 27/27/27 28/28/28
f 25/25/25 27/27/27 30/30/30
f 30/30/30 9/9/9 25/25/25
f 30/30/30 1/1/1 9/9/9
f 1/1/1 30/30/30 3/3/3
f 29/29/29 3/3/3 27/27/27
f 30/30/30 27/27/27 3/3/3
f 3/3/3 29/29/29 31/31/31
f 3/3/3 31/31/31 2/2/2
f 32/32/32 2/2/2 31/31/31
f 33/33/33 32/32/32 31/31/31
f 31/31/31 34/34/34 33/33/33
f 35/35/35 33/33/33 34/34/34
f 36/36/36 28/28/28 26/26/26
f 36/36/36 37/37/37 28/28/28
f 38/38/38 28/28/28 37/37/37
f 38/38/38 39/39/39 28/28/28
f 29/29/29 28/28/28 39/39/39
f 29/29/29 39/39/39 31/31/31
f 34/34/34 31/31/31 39/39/39
f 36/36/36 40/40/40 37/37/37
f 40/40/40 36/36/36 21/21/21
f 26/26/26 21/21/21 36/36/36
f 41/41/41 37/37/37 40/40/40
f 40/40/40 42/42/42 41/41/41
f 42/42/42 40/40/40 20/20/20
f 21/21/21 43/43/43 40/40/40
f 41/41/41 42/42/42 44/44/44
f 41/41/41 44/44/44 45/45/45
f 41/41/41 45/45/45 37/37/37
f 46/46/46 45/45/45 44/44/44
f 37/37/37 47/47/47 38/38/38
f 47/47/47 37/37/37 45/45/45
f 48/48/48 38/38/38 47/47/47
f 48/48/48 39/39/39 38/38/38
f 47/47/47 49/49/49 48/48/48
f 50/50/50 48/48/48 49/49/49
f 49/49/49 51/51/51 50/50/50
f 52/52/52 50/50/50 51/51/51
f 50/50/50 52/52/52 53/53/53
f 50/50/50 53/53/53 48/48/48
f 54/54/54 53/53/53 52/52/52
f 51/51/51 49/49/49 55/55/55
f 47/47/47 55/55/55 49/49/49
f 47/47/47 45/45/45 55/55/55
f 56/56/56 55/55/55 45/45/45
f 45/45/45 46/46/46 57/57/57
f 58/58/58 57/57/57 46/46/46
f 39/39/39 48/48/48 53/53/53
f 39/39/39 53/53/53 59/59/59
f 53/53/53 54/54/54 59/59/59
f 59/59/59 60/60/60 39/39/39
f 61/61/61 39/39/39 60/60/60
f 62/62/62 59/59/59 54/54/54
f 62/62/62 60/60/60 59/59/59
f 54/54/54 63/63/63 62/62/62
f 64/64/64 62/62/62 63/63/63
f 63/63/63 65/65/65 64/64/64
f 66/66/66 64/64/64 65/65/65
f 34/34/34 39/39/39 61/61/61
f 60/60/60 62/62/62 67/67/67
f 64/64/64 67/67/67 62/62/62
f 64/64/64 68/68/68 67/67/67
f 69/69/69 67/67/67 68/68/68
f 69/69/69 70/70/70 67/67/67
f 71/71/71 67/67/67 70/70/70
f 34/34/34 61/61/61 35/35/35
f 72/72/72 35/35/35 61/61/61
f 61/61/61 60/60/60 73/73/73
f 61/61/61 73/73/73 74/74/74
f 74/74/74 72/72/72 61/61/61
f 75/75/75 74/74/74 73/73/73
f 76/76/76 74/74/74 75/75/75
f 75/75/75 77/77/77 76/76/76
f 75/75/75 73/73/73 77/77/77
f 78/78/78 76/76/76 77/77/77
f 79/79/79 77/77/77 73/73/73
f 71/71/71 80/80/80 67/67/67
f 80/80/80 73/73/73 60/60/60
f 60/60/60 67/67/67 80/80/80
f 80/80/80 81/81/81 73/73/73
f 79/79/79 73/73/73 81/81/81
f 81/81/81 80/80/80 82/82/82
f 83/83/83 82/82/82 80/80/80
f 72/72/72 84/84/84 35/35/35
f 72/72/72 74/74/74 84/84/84
f 85/85/85 35/35/35 84/84/84
f 35/35/35 85/85/85 33/33/33
f 86/86/86 33/33/33 85/85/85
f 32/32/32 33/33/33 86/86/86
f 32/32/32 86/86/86 2/2/2
f 87/87/87 2/2/2 86/86/86
f 87/87/87 88/88/88 2/2/2
f 4/4/4 2/2/2 88/88/88
f 88/88/88 89/89/89 4/4/4
f 6/6/6 4/4/4 89/89/89
f 90/90/90 6/6/6 89/89/89
f 8/8/8 6/6/6 90/90/90
f 89/89/89 91/91/91 90/90/90
f 89/89/89 88/88/88 91/91/91
f 92/92/92 90/90/90 91/91/91
f 93/93/93 90/90/90 92/92/92
f 93/93/93 94/94/94 90/90/90
f 92/92/92 95/95/95 93/93/93
f 96/96/96 93/93/93 95/95/95
f 96/96/96 95/95/95 97/97/97
f 95/95/95 98/98/98 97/97/97
f 95/95/95 92/92/92 98/98/98
f 99/99/99 97/97/97 98/98/98
f 97/97/97 99/99/99 100/100/100
f 101/101/101 100/100/100 99/99/99
f 101/101/101 99/99/99 102/102/102
f 103/103/103 102/102/102 99/99/99
f 92/92/92 91/91/91 104/104/104
f 98/98/98 104/104/104 99/99/99
f 104/104/104 98/98/98 92/92/92
f 104/104/104 91/91/91 105/105/105
f 105/105/105 99/99/99 104/104/104
f 99/99/99 105/105/105 103/103/103
f 106/106/106 103/103/103 105/105/105
f 106/106/106 105/105/105 107/107/107
f 103/103/103 106/106/106 108/108/108
f 106/106/106 107/107/107 108/108/108
f 107/107/107 105/105/105 91/91/91
f 109/109/109 108/108/108 107/107/107
f 108/108/108 109/109/109 110/110/110
f 111/111/111 110/110/110 109/109/109
f 109/109/109 107/107/107 112/112/112
f 91/91/91 112/112/112 107/107/107
f 112/112/112 91/91/91 88/88/88
f 112/112/112 88/88/88 87/87/87
f 112/112/112 87/87/87 109/109/109
f 111/111/111 109/109/109 87/87/87
f 111/111/111 87/87/87 86/86/86
f 110/110/110 113/113/113 108/108/108
f 108/108/108 113/113/113 103/103/103
f 113/113/113 110/110/110 114/114/114
f 115/115/115 114/114/114 110/110/110
f 111/111/111 116/116/116 110/110/110
f 115/115/115 110/110/110 116/116/116
f 111/111/111 86/86/86 116/116/116
f 85/85/85 116/116/116 86/86/86
f 113/113/113 114/114/114 117/117/117
f 117/117/117 103/103/103 113/113/113
f 118/118/118 117/117/117 114/114/114
f 119/119/119 117/117/117 118/118/118
f 103/103/103 117/117/117 120/120/120
f 119/119/119 102/102/102 117/117/117
f 119/119/119 118/118/118 121/121/121
f 118/118/118 122/122/122 121/121/121
f 118/118/118 114/114/114 122/122/122
f 123/123/123 121/121/121 122/122/122
f 114/114/114 115/115/115 124/124/124
f 124/124/124 122/122/122 114/114/114
f 125/125/125 124/124/124 115/115/115
f 116/116/116 125/125/125 115/115/115
f 124/124/124 125/125/125 126/126/126
f 127/127/127 126/126/126 125/125/125
f 126/126/126 127/127/127 128/128/128
f 129/129/129 128/128/128 127/127/127
f 127/127/127 130/130/130 129/129/129
f 127/127/127 125/125/125 130/130/130
f 131/131/131 129/129/129 130/130/130
f 126/126/126 128/128/128 132/132/132
f 132/132/132 124/124/124 126/126/126
f 124/124/124 132/132/132 122/122/122
f 133/133/133 122/122/122 132/132/132
f 122/122/122 133/133/133 123/123/123
f 116/116/116 130/130/130 125/125/125
f 130/130/130 116/116/116 134/134/134
f 130/130/130 134/134/134 131/131/131
f 134/134/134 116/116/116 135/135/135
f 84/84/84 135/135/135 116/116/116
f 136/136/136 131/131/131 134/134/134
f 135/135/135 136/136/136 134/134/134
f 131/131/131 136/136/136 137/137/137
f 138/138/138 137/137/137 136/136/136
f 137/137/137 138/138/138 139/139/139
f 116/116/116 85/85/85 84/84/84
f 138/138/138 136/136/136 140/140/140
f 135/135/135 140/140/140 136/136/136
f 138/138/138 140/140/140 141/141/141
f 142/142/142 141/141/141 140/140/140
f 142/142/142 140/140/140 143/143/143
f 144/144/144 143/143/143 140/140/140
f 84/84/84 145/145/145 135/135/135
f 84/84/84 74/74/74 145/145/145
f 146/146/146 145/145/145 74/74/74
f 74/74/74 76/76/76 146/146/146
f 146/146/146 76/76/76 147/147/147
f 146/146/146 147/147/147 145/145/145
f 78/78/78 147/147/147 76/76/76
f 148/148/148 145/145/145 147/147/147
f 144/144/144 140/140/140 149/149/149
f 149/149/149 135/135/135 145/145/145
f 135/135/135 149/149/149 140/140/140
f 148/148/148 150/150/150 145/145/145
f 149/149/149 145/145/145 150/150/150
f 150/150/150 151/151/151 149/149/149
f 152/152/152 149/149/149 151/151/151
f 154/154/154 151/151/151 153/153/153
f 156/156/156 155/155/155 151/151/151
f 158/158/158 18/18/18 157/157/157
f 157/157/157 159/159/159 158/158/158
f 160/160/160 158/158/158 159/159/159
f 157/157/157 14/14/14 159/159/159
f 161/161/161 159/159/159 14/14/14
f 161/161/161 14/14/14 162/162/162
f 11/11/11 162/162/162 14/14/14
f 162/162/162 11/11/11 163/163/163
f 12/12/12 163/163/163 11/11/11
f 163/163/163 12/12/12 164/164/164
f 165/165/165 164/164/164 12/12/12
f 12/12/12 7/7/7 165/165/165
f 8/8/8 165/165/165 7/7/7
f 14/14/14 157/157/157 15/15/15
f 18/18/18 15/15/15 157/157/157
f 8/8/8 90/90/90 165/165/165
f 94/94/94 165/165/165 90/90/90
f 165/165/165 94/94/94 164/164/164
f 166/166/166 164/164/164 94/94/94
f 94/94/94 93/93/93 166/166/166
f 167/167/167 166/166/166 93/93/93
f 93/93/93 96/96/96 167/167/167
f 168/168/168 167/167/167 96/96/96
f 168/168/168 96/96/96 169/169/169
f 170/170/170 169/169/169 96/96/96
f 170/170/170 171/171/171 169/169/169
f 100/100/100 171/171/171 170/170/170
f 172/172/172 169/169/169 171/171/171
f 100/100/100 170/170/170 97/97/97
f 96/96/96 97/97/97 170/170/170
f 175/175/175 174/174/174 173/173/173
f 176/176/176 173/173/173 174/174/174
f 173/173/173 177/177/177 175/175/175
f 178/178/178 175/175/175 177/177/177
f 178/178/178 179/179/179 175/175/175
f 180/180/180 175/175/175 179/179/179
f 175/175/175 180/180/180 174/174/174
f 180/180/180 179/179/179 181/181/181
f 182/182/182 181/181/181 179/179/179
f 183/183/183 174/174/174 180/180/180
f 183/183/183 180/180/180 184/184/184
f 181/181/181 184/184/184 180/180/180
f 182/182/182 185/185/185 181/181/181
f 186/186/186 181/181/181 185/185/185
f 181/181/181 186/186/186 187/187/187
f 188/188/188 184/184/184 186/186/186
f 188/188/188 186/186/186 189/189/189
f 190/190/190 189/189/189 186/186/186
f 186/186/186 185/185/185 190/190/190
f 191/191/191 190/190/190 185/185/185
f 191/191/191 192/192/192 190/190/190
f 193/193/193 190/190/190 192/192/192
f 190/190/190 193/193/193 194/194/194
f 195/195/195 189/189/189 193/193/193
f 193/193/193 192/192/192 196/196/196
f 197/197/197 196/196/196 192/192/192
f 196/196/196 197/197/197 198/198/198
f 199/199/199 198/198/198 197/197/197
f 199/199/199 197/197/197 200/200/200
f 201/201/201 200/200/200 197/197/197
f 198/198/198 202/202/202 196/196/196
f 203/203/203 196/196/196 202/202/202
f 204/204/204 202/202/202 198/198/198
f 193/193/193 196/196/196 205/205/205
f 203/203/203 205/205/205 196/196/196
f 193/193/193 206/206/206 195/195/195
f 207/207/207 195/195/195 206/206/206
f 201/201/201 197/197/197 208/208/208
f 192/192/192 208/208/208 197/197/197
f 192/192/192 191/191/191 208/208/208
f 209/209/209 208/208/208 191/191/191
f 209/209/209 191/191/191 210/210/210
f 185/185/185 210/210/210 191/191/191
f 185/185/185 182/182/182 210/210/210
f 211/211/211 210/210/210 182/182/182
f 211/211/211 182/182/182 212/212/212
f 179/179/179 212/212/212 182/182/182
f 179/179/179 178/178/178 212/212/212
f 213/213/213 212/212/212 178/178/178
f 213/213/213 178/178/178 214/214/214
f 177/177/177 214/214/214 178/178/178
f 177/177/177 215/215/215 214/214/214
f 216/216/216 215/215/215 177/177/177
f 216/216/216 177/177/177 217/217/217
f 173/173/173 217/217/217 177/177/177
f 217/217/217 173/173/173 218/218/218
f 176/176/176 218/218/218 173/173/173
f 219/219/219 214/214/214 215/215/215
f 219/219/219 220/220/220 214/214/214
f 213/213/213 221/221/221 212/212/212
f 213/213/213 214/214/214 221/221/221
f 222/222/222 212/212/212 221/221/221
f 221/221/221 223/223/223 222/222/222
f 221/221/221 224/224/224 223/223/223
f 224/224/224 221/221/221 214/214/214
f 225/225/225 223/223/223 224/224/224
f 223/223/223 225/225/225 226/226/226
f 227/227/227 226/226/226 225/225/225
f 228/228/228 222/222/222 223/223/223
f 223/223/223 226/226/226 228/228/228
f 228/228/228 229/229/229 222/222/222
f 230/230/230 222/222/222 229/229/229
f 231/231/231 228/228/228 226/226/226
f 229/229/229 228/228/228 232/232/232
f 231/231/231 232/232/232 228/228/228
f 230/230/230 229/229/229 233/233/233
f 234/234/234 233/233/233 229/229/229
f 235/235/235 234/234/234 232/232/232
f 229/229/229 236/236/236 234/234/234
f 235/235/235 237/237/237 234/234/234
f 238/238/238 234/234/234 237/237/237
f 234/234/234 238/238/238 233/233/233
f 239/239/239 233/233/233 238/238/238
f 239/239/239 238/238/238 240/240/240
f 241/241/241 240/240/240 238/238/238
f 242/242/242 241/241/241 237/237/237
f 238/238/238 243/243/243 241/241/241
f 241/241/241 244/244/244 240/240/240
f 245/245/245 240/240/240 244/244/244
f 244/244/244 246/246/246 245/245/245
f 247/247/247 245/245/245 246/246/246
f 247/247/247 200/200/200 245/245/245
f 201/201/201 245/245/245 200/200/200
f 246/246/246 244/244/244 248/248/248
f 249/249/249 248/248/248 244/244/244
f 248/248/248 250/250/250 246/246/246
f 249/249/249 244/244/244 251/251/251
f 241/241/241 251/251/251 244/244/244
f 241/241/241 242/242/242 251/251/251
f 240/240/240 208/208/208 239/239/239
f 240/240/240 245/245/245 208/208/208
f 201/201/201 208/208/208 245/245/245
f 209/209/209 239/239/239 208/208/208
f 246/246/246 250/250/250 252/252/252
f 253/253/253 252/252/252 250/250/250
f 250/250/250 254/254/254 253/253/253
f 252/252/252 255/255/255 246/246/246
f 247/247/247 246/246/246 255/255/255
f 200/200/200 247/247/247 256/256/256
f 255/255/255 256/256/256 247/247/247
f 200/200/200 256/256/256 199/199/199
f 257/257/257 199/199/199 256/256/256
f 199/199/199 257/257/257 198/198/198
f 258/258/258 198/198/198 257/257/257
f 198/198/198 258/258/258 204/204/204
f 259/259/259 204/204/204 258/258/258
f 204/204/204 259/259/259 260/260/260
f 258/258/258 257/257/257 261/261/261
f 262/262/262 261/261/261 257/257/257
f 257/257/257 256/256/256 262/262/262
f 263/263/263 261/261/261 262/262/262
f 259/259/259 258/258/258 264/264/264
f 261/261/261 264/264/264 258/258/258
f 264/264/264 265/265/265 259/259/259
f 266/266/266 259/259/259 265/265/265
f 263/263/263 267/267/267 261/261/261
f 268/268/268 261/261/261 267/267/267
f 268/268/268 269/269/269 261/261/261
f 270/270/270 261/261/261 269/269/269
f 270/270/270 264/264/264 261/261/261
f 264/264/264 270/270/270 265/265/265
f 270/270/270 269/269/269 271/271/271
f 272/272/272 271/271/271 269/269/269
f 268/268/268 273/273/273 269/269/269
f 274/274/274 269/269/269 273/273/273
f 269/269/269 274/274/274 275/275/275
f 276/276/276 275/275/275 274/274/274
f 267/267/267 277/277/277 268/268/268
f 273/273/273 268/268/268 277/277/277
f 263/263/263 278/278/278 267/267/267
f 279/279/279 267/267/267 278/278/278
f 280/280/280 265/265/265 270/270/270
f 267/267/267 281/281/281 277/277/277
f 282/282/282 277/277/277 281/281/281
f 277/277/277 282/282/282 283/283/283
f 284/284/284 283/283/283 282/282/282
f 277/277/277 285/285/285 273/273/273
f 283/283/283 285/285/285 277/277/277
f 286/286/286 273/273/273 285/285/285
f 273/273/273 286/286/286 274/274/274
f 287/287/287 274/274/274 286/286/286
f 274/274/274 287/287/287 276/276/276
f 288/288/288 276/276/276 287/287/287
f 279/279/279 278/278/278 289/289/289
f 290/290/290 289/289/289 278/278/278
f 290/290/290 291/291/291 289/289/289
f 291/291/291 290/290/290 292/292/292
f 292/292/292 255/255/255 291/291/291
f 252/252/252 291/291/291 255/255/255
f 291/291/291 252/252/252 293/293/293
f 253/253/253 293/293/293 252/252/252
f 293/293/293 253/253/253 294/294/294
f 295/295/295 294/294/294 253/253/253
f 296/296/296 289/289/289 291/291/291
f 296/296/296 291/291/291 297/297/297
f 298/298/298 297/297/297 291/291/291
f 293/293/293 298/298/298 291/291/291
f 293/293/293 294/294/294 298/298/298
f 298/298/298 299/299/299 297/297/297
f 296/296/296 297/297/297 300/300/300
f 301/301/301 300/300/300 297/297/297
f 297/297/297 302/302/302 301/301/301
f 303/303/303 301/301/301 302/302/302
f 300/300/300 304/304/304 296/296/296
f 289/289/289 296/296/296 304/304/304
f 305/305/305 298/298/298 294/294/294
f 289/289/289 304/304/304 281/281/281
f 282/282/282 281/281/281 304/304/304
f 304/304/304 306/306/306 282/282/282
f 284/284/284 282/282/282 306/306/306
f 304/304/304 300/300/300 307/307/307
f 307/307/307 306/306/306 304/304/304
f 308/308/308 307/307/307 300/300/300
f 300/300/300 301/301/301 308/308/308
f 309/309/309 308/308/308 301/301/301
f 301/301/301 303/303/303 309/309/309
f 310/310/310 309/309/309 303/303/303
f 312/312/312 311/311/311 259/259/259
f 315/315/315 314/314/314 313/313/313
f 316/316/316 313/313/313 314/314/314
f 314/314/314 315/315/315 317/317/317
f 318/318/318 317/317/317 315/315/315
f 313/313/313 316/316/316 319/319/319
f 320/320/320 319/319/319 316/316/316
f 319/319/319 320/320/320 321/321/321
f 320/320/320 322/322/322 321/321/321
f 323/323/323 321/321/321 322/322/322
f 324/324/324 314/314/314 317/317/317
f 323/323/323 322/322/322 325/325/325
f 326/326/326 325/325/325 322/322/322
f 326/326/326 327/327/327 325/325/325
f 326/326/326 328/328/328 327/327/327
f 329/329/329 327/327/327 328/328/328
f 328/328/328 330/330/330 329/329/329
f 331/331/331 329/329/329 330/330/330
f 330/330/330 332/332/332 331/331/331
f 333/333/333 331/331/331 332/332/332
f 330/330/330 334/334/334 332/332/332
f 336/336/336 82/82/82 335/335/335
f 337/337/337 335/335/335 82/82/82
f 278/278/278 263/263/263 338/338/338
f 262/262/262 338/338/338 263/263/263
f 338/338/338 262/262/262 256/256/256
f 278/278/278 338/338/338 290/290/290
f 292/292/292 290/290/290 338/338/338
f 338/338/338 256/256/256 292/292/292
f 255/255/255 292/292/292 256/256/256
f 340/340/340 339/339/339 242/242/242
f 342/342/342 123/123/123 341/341/341
f 222/222/222 230/230/230 212/212/212
f 211/211/211 212/212/212 230/230/230
f 211/211/211 230/230/230 210/210/210
f 233/233/233 210/210/210 230/230/230
f 233/233/233 239/239/239 210/210/210
f 209/209/209 210/210/210 239/239/239
f 344/344/344 343/343/343 138/138/138
f 346/346/346 253/253/253 345/345/345
f 348/348/348 297/297/297 347/347/347
f 350/350/350 349/349/349 225/225/225
f 227/227/227 225/225/225 349/349/349
f 225/225/225 224/224/224 350/350/350
f 351/351/351 350/350/350 224/224/224
f 352/352/352 351/351/351 224/224/224
f 224/224/224 214/214/214 352/352/352
f 353/353/353 352/352/352 214/214/214
f 220/220/220 353/353/353 214/214/214
f 356/356/356 355/355/355 354/354/354
f 357/357/357 354/354/354 355/355/355
f 354/354/354 357/357/357 358/358/358
f 359/359/359 358/358/358 357/357/357
f 359/359/359 360/360/360 358/358/358
f 361/361/361 358/358/358 360/360/360
f 360/360/360 362/362/362 361/361/361
f 363/363/363 361/361/361 362/362/362
f 362/362/362 364/364/364 363/363/363
f 365/365/365 363/363/363 364/364/364
f 358/358/358 366/366/366 354/354/354
f 358/358/358 361/361/361 366/366/366
f 367/367/367 354/354/354 366/366/366
f 354/354/354 367/367/367 356/356/356
f 367/367/367 366/366/366 368/368/368
f 369/369/369 368/368/368 366/366/366
f 366/366/366 370/370/370 369/369/369
f 361/361/361 363/363/363 370/370/370
f 370/370/370 366/366/366 361/361/361
f 371/371/371 369/369/369 370/370/370
f 365/365/365 372/372/372 363/363/363
f 371/371/371 370/370/370 372/372/372
f 372/372/372 370/370/370 363/363/363
f 367/367/367 368/368/368 373/373/373
f 373/373/373 356/356/356 367/367/367
f 374/374/374 373/373/373 368/368/368
f 374/374/374 375/375/375 373/373/373
f 373/373/373 375/375/375 356/356/356
f 376/376/376 356/356/356 375/375/375
f 364/364/364 377/377/377 365/365/365
f 378/378/378 365/365/365 377/377/377
f 377/377/377 364/364/364 379/379/379
f 364/364/364 362/362/362 379/379/379
f 380/380/380 379/379/379 362/362/362
f 362/362/362 360/360/360 380/380/380
f 381/381/381 380/380/380 360/360/360
f 360/360/360 359/359/359 381/381/381
f 382/382/382 381/381/381 359/359/359
f 382/382/382 359/359/359 383/383/383
f 357/357/357 383/383/383 359/359/359
f 383/383/383 357/357/357 384/384/384
f 355/355/355 384/384/384 357/357/357
f 385/385/385 384/384/384 355/355/355
f 385/385/385 355/355/355 376/376/376
f 356/356/356 376/376/376 355/355/355
f 377/377/377 386/386/386 378/378/378
f 379/379/379 387/387/387 377/377/377
f 386/386/386 377/377/377 387/387/387
f 379/379/379 380/380/380 388/388/388
f 389/389/389 388/388/388 380/380/380
f 390/390/390 389/389/389 381/381/381
f 381/381/381 382/382/382 390/390/390
f 380/380/380 381/381/381 389/389/389
f 391/391/391 390/390/390 382/382/382
f 384/384/384 392/392/392 383/383/383
f 384/384/384 385/385/385 392/392/392
f 393/393/393 383/383/383 392/392/392
f 391/391/391 382/382/382 393/393/393
f 383/383/383 393/393/393 382/382/382
f 394/394/394 378/378/378 386/386/386
f 365/365/365 378/378/378 395/395/395
f 396/396/396 376/376/376 375/375/375
f 376/376/376 398/398/398 397/397/397
f 376/376/376 397/397/397 385/385/385
f 399/399/399 385/385/385 397/397/397
f 399/399/399 400/400/400 385/385/385
f 401/401/401 398/398/398 376/376/376
f 404/404/404 403/403/403 402/402/402
f 403/403/403 404/404/404 405/405/405
f 406/406/406 405/405/405 404/404/404
f 405/405/405 406/406/406 407/407/407
f 408/408/408 407/407/407 406/406/406
f 408/408/408 409/409/409 407/407/407
f 410/410/410 407/407/407 409/409/409
f 405/405/405 407/407/407 411/411/411
f 412/412/412 411/411/411 407/407/407
f 412/412/412 407/407/407 413/413/413
f 410/410/410 413/413/413 407/407/407
f 409/409/409 414/414/414 410/410/410
f 415/415/415 410/410/410 414/414/414
f 413/413/413 410/410/410 416/416/416
f 403/403/403 417/417/417 402/402/402
f 418/418/418 402/402/402 417/417/417
f 414/414/414 419/419/419 415/415/415
f 420/420/420 415/415/415 419/419/419
f 415/415/415 420/420/420 421/421/421
f 415/415/415 421/421/421 410/410/410
f 416/416/416 410/410/410 421/421/421
f 422/422/422 421/421/421 420/420/420
f 419/419/419 423/423/423 420/420/420
f 420/420/420 423/423/423 424/424/424
f 425/425/425 424/424/424 423/423/423
f 425/425/425 426/426/426 424/424/424
f 427/427/427 424/424/424 426/426/426
f 422/422/422 420/420/420 428/428/428
f 420/420/420 424/424/424 428/428/428
f 419/419/419 429/429/429 423/423/423
f 414/414/414 430/430/430 419/419/419
f 429/429/429 419/419/419 430/430/430
f 430/430/430 414/414/414 431/431/431
f 409/409/409 431/431/431 414/414/414
f 409/409/409 408/408/408 431/431/431
f 432/432/432 431/431/431 408/408/408
f 408/408/408 406/406/406 432/432/432
f 433/433/433 432/432/432 406/406/406
f 433/433/433 406/406/406 434/434/434
f 404/404/404 434/434/434 406/406/406
f 434/434/434 404/404/404 435/435/435
f 402/402/402 435/435/435 404/404/404
f 435/435/435 402/402/402 436/436/436
f 435/435/435 436/436/436 437/437/437
f 438/438/438 437/437/437 436/436/436
f 438/438/438 439/439/439 437/437/437
f 437/437/437 440/440/440 435/435/435
f 434/434/434 435/435/435 440/440/440
f 440/440/440 437/437/437 441/441/441
f 439/439/439 442/442/442 437/437/437
f 442/442/442 443/443/443 440/440/440
f 440/440/440 444/444/444 434/434/434
f 433/433/433 434/434/434 444/444/444
f 440/440/440 445/445/445 444/444/444
f 446/446/446 444/444/444 443/443/443
f 444/444/444 447/447/447 433/433/433
f 444/444/444 448/448/448 447/447/447
f 418/418/418 449/449/449 402/402/402
f 451/451/451 441/441/441 450/450/450
f 453/453/453 452/452/452 447/447/447
f 454/454/454 447/447/447 452/452/452
f 454/454/454 452/452/452 455/455/455
f 456/456/456 455/455/455 452/452/452
f 455/455/455 457/457/457 454/454/454
f 455/455/455 456/456/456 458/458/458
f 459/459/459 458/458/458 456/456/456
f 458/458/458 460/460/460 455/455/455
f 457/457/457 455/455/455 460/460/460
f 459/459/459 461/461/461 458/458/458
f 462/462/462 458/458/458 461/461/461
f 458/458/458 462/462/462 460/460/460
f 463/463/463 460/460/460 462/462/462
f 463/463/463 423/423/423 460/460/460
f 463/463/463 464/464/464 423/423/423
f 463/463/463 462/462/462 464/464/464
f 425/425/425 423/423/423 464/464/464
f 464/464/464 465/465/465 425/425/425
f 426/426/426 425/425/425 465/465/465
f 466/466/466 464/464/464 462/462/462
f 466/466/466 462/462/462 467/467/467
f 461/461/461 468/468/468 462/462/462
f 466/466/466 468/468/468 469/469/469
f 466/466/466 470/470/470 464/464/464
f 471/471/471 464/464/464 470/470/470
f 466/466/466 472/472/472 470/470/470
f 473/473/473 472/472/472 467/467/467
f 472/472/472 474/474/474 470/470/470
f 476/476/476 424/424/424 475/475/475
f 477/477/477 475/475/475 424/424/424
f 476/476/476 428/428/428 424/424/424
f 431/431/431 454/454/454 478/478/478
f 431/431/431 432/432/432 454/454/454
f 447/447/447 454/454/454 432/432/432
f 432/432/432 433/433/433 447/447/447
f 453/453/453 447/447/447 479/479/479
f 482/482/482 481/481/481 480/480/480
f 483/483/483 480/480/480 481/481/481
f 481/481/481 484/484/484 483/483/483
f 485/485/485 483/483/483 484/484/484
f 484/484/484 486/486/486 485/485/485
f 487/487/487 485/485/485 486/486/486
f 486/486/486 488/488/488 487/487/487
f 490/490/490 482/482/482 489/489/489
f 491/491/491 489/489/489 482/482/482
f 490/490/490 493/493/493 492/492/492
f 494/494/494 492/492/492 493/493/493
f 492/492/492 496/496/496 495/495/495
f 497/497/497 495/495/495 496/496/496
f 499/499/499 498/498/498 497/497/497
f 495/495/495 500/500/500 498/498/498
f 498/498/498 499/499/499 501/501/501
f 502/502/502 501/501/501 499/499/499
f 503/503/503 501/501/501 502/502/502
f 411/411/411 504/504/504 405/405/405
f 403/403/403 405/405/405 504/504/504
f 504/504/504 505/505/505 403/403/403
f 403/403/403 505/505/505 417/417/417
f 507/507/507 506/506/506 505/505/505
f 510/510/510 509/509/509 508/508/508
f 511/511/511 508/508/508 509/509/509
f 508/508/508 512/512/512 510/510/510
f 513/513/513 510/510/510 512/512/512
f 513/513/513 512/512/512 514/514/514
f 515/515/515 514/514/514 512/512/512
f 514/514/514 515/515/515 516/516/516
f 517/517/517 516/516/516 515/515/515
f 516/516/516 517/517/517 518/518/518
f 519/519/519 518/518/518 517/517/517
f 512/512/512 508/508/508 520/520/520
f 512/512/512 520/520/520 515/515/515
f 521/521/521 520/520/520 508/508/508
f 508/508/508 511/511/511 521/521/521
f 521/521/521 522/522/522 520/520/520
f 523/523/523 520/520/520 522/522/522
f 520/520/520 523/523/523 524/524/524
f 515/515/515 524/524/524 517/517/517
f 524/524/524 515/515/515 520/520/520
f 525/525/525 524/524/524 523/523/523
f 526/526/526 519/519/519 517/517/517
f 524/524/524 525/525/525 526/526/526
f 526/526/526 517/517/517 524/524/524
f 527/527/527 521/521/521 511/511/511
f 521/521/521 527/527/527 522/522/522
f 528/528/528 522/522/522 527/527/527
f 529/529/529 528/528/528 527/527/527
f 527/527/527 511/511/511 529/529/529
f 530/530/530 529/529/529 511/511/511
f 518/518/518 519/519/519 531/531/531
f 532/532/532 531/531/531 519/519/519
f 518/518/518 531/531/531 533/533/533
f 518/518/518 533/533/533 516/516/516
f 534/534/534 516/516/516 533/533/533
f 516/516/516 534/534/534 514/514/514
f 535/535/535 514/514/514 534/534/534
f 514/514/514 535/535/535 513/513/513
f 536/536/536 513/513/513 535/535/535
f 536/536/536 537/537/537 513/513/513
f 510/510/510 513/513/513 537/537/537
f 537/537/537 538/538/538 510/510/510
f 509/509/509 510/510/510 538/538/538
f 511/511/511 509/509/509 530/530/530
f 538/538/538 539/539/539 509/509/509
f 539/539/539 530/530/530 509/509/509
f 531/531/531 532/532/532 540/540/540
f 541/541/541 540/540/540 532/532/532
f 532/532/532 519/519/519 541/541/541
f 534/534/534 542/542/542 535/535/535
f 542/542/542 534/534/534 543/543/543
f 533/533/533 543/543/543 534/534/534
f 544/544/544 535/535/535 542/542/542
f 535/535/535 544/544/544 536/536/536
f 545/545/545 536/536/536 544/544/544
f 538/538/538 537/537/537 546/546/546
f 538/538/538 546/546/546 539/539/539
f 547/547/547 546/546/546 537/537/537
f 545/545/545 547/547/547 536/536/536
f 537/537/537 536/536/536 547/547/547
f 540/540/540 548/548/548 531/531/531
f 533/533/533 531/531/531 548/548/548
f 530/530/530 539/539/539 549/549/549
f 550/550/550 530/530/530 549/549/549
f 551/551/551 549/549/549 539/539/539
f 551/551/551 539/539/539 552/552/552
f 550/550/550 553/553/553 530/530/530
f 530/530/530 554/554/554 529/529/529
f 557/557/557 556/556/556 555/555/555
f 557/557/557 558/558/558 556/556/556
f 559/559/559 556/556/556 558/558/558
f 558/558/558 560/560/560 559/559/559
f 561/561/561 559/559/559 560/560/560
f 561/561/561 560/560/560 562/562/562
f 563/563/563 562/562/562 560/560/560
f 558/558/558 564/564/564 560/560/560
f 565/565/565 560/560/560 564/564/564
f 563/563/563 560/560/560 566/566/566
f 565/565/565 566/566/566 560/560/560
f 562/562/562 563/563/563 567/567/567
f 568/568/568 567/567/567 563/563/563
f 563/563/563 566/566/566 569/569/569
f 557/557/557 555/555/555 570/570/570
f 571/571/571 570/570/570 555/555/555
f 567/567/567 568/568/568 572/572/572
f 573/573/573 572/572/572 568/568/568
f 568/568/568 574/574/574 573/573/573
f 569/569/569 574/574/574 563/563/563
f 568/568/568 563/563/563 574/574/574
f 575/575/575 573/573/573 574/574/574
f 576/576/576 572/572/572 573/573/573
f 573/573/573 577/577/577 576/576/576
f 578/578/578 576/576/576 577/577/577
f 578/578/578 577/577/577 579/579/579
f 580/580/580 579/579/579 577/577/577
f 573/573/573 575/575/575 581/581/581
f 573/573/573 581/581/581 577/577/577
f 572/572/572 576/576/576 582/582/582
f 582/582/582 583/583/583 572/572/572
f 567/567/567 572/572/572 583/583/583
f 583/583/583 584/584/584 567/567/567
f 562/562/562 567/567/567 584/584/584
f 562/562/562 584/584/584 561/561/561
f 585/585/585 561/561/561 584/584/584
f 561/561/561 585/585/585 559/559/559
f 586/586/586 559/559/559 585/585/585
f 586/586/586 587/587/587 559/559/559
f 556/556/556 559/559/559 587/587/587
f 587/587/587 588/588/588 556/556/556
f 555/555/555 556/556/556 588/588/588
f 588/588/588 589/589/589 555/555/555
f 588/588/588 590/590/590 589/589/589
f 591/591/591 589/589/589 590/590/590
f 592/592/592 591/591/591 590/590/590
f 587/587/587 593/593/593 588/588/588
f 590/590/590 588/588/588 593/593/593
f 592/592/592 590/590/590 594/594/594
f 593/593/593 595/595/595 590/590/590
f 595/595/595 596/596/596 592/592/592
f 597/597/597 594/594/594 593/593/593
f 586/586/586 598/598/598 587/587/587
f 593/593/593 587/587/587 598/598/598
f 599/599/599 597/597/597 598/598/598
f 593/593/593 598/598/598 600/600/600
f 571/571/571 555/555/555 601/601/601
f 598/598/598 603/603/603 602/602/602
f 598/598/598 586/586/586 603/603/603
f 585/585/585 603/603/603 586/586/586
f 603/603/603 585/585/585 604/604/604
f 604/604/604 605/605/605 603/603/603
f 604/604/604 606/606/606 605/605/605
f 607/607/607 605/605/605 606/606/606
f 606/606/606 604/604/604 608/608/608
f 606/606/606 609/609/609 607/607/607
f 610/610/610 607/607/607 609/609/609
f 608/608/608 611/611/611 606/606/606
f 609/609/609 606/606/606 611/611/611
f 610/610/610 609/609/609 612/612/612
f 613/613/613 612/612/612 609/609/609
f 609/609/609 611/611/611 613/613/613
f 614/614/614 613/613/613 611/611/611
f 614/614/614 611/611/611 576/576/576
f 614/614/614 576/576/576 615/615/615
f 614/614/614 615/615/615 613/613/613
f 578/578/578 615/615/615 576/576/576
f 615/615/615 578/578/578 616/616/616
f 579/579/579 616/616/616 578/578/578
f 617/617/617 613/613/613 615/615/615
f 612/612/612 613/613/613 618/618/618
f 617/617/617 619/619/619 613/613/613
f 617/617/617 620/620/620 618/618/618
f 617/617/617 615/615/615 621/621/621
f 622/622/622 621/621/621 615/615/615
f 623/623/623 617/617/617 621/621/621
f 624/624/624 619/619/619 623/623/623
f 625/625/625 623/623/623 621/621/621
f 627/627/627 577/577/577 626/626/626
f 628/628/628 626/626/626 577/577/577
f 628/628/628 577/577/577 581/581/581
f 584/584/584 629/629/629 604/604/604
f 584/584/584 604/604/604 585/585/585
f 632/632/632 631/631/631 630/630/630
f 633/633/633 630/630/630 631/631/631
f 631/631/631 632/632/632 634/634/634
f 635/635/635 634/634/634 632/632/632
f 634/634/634 635/635/635 636/636/636
f 637/637/637 636/636/636 635/635/635
f 638/638/638 636/636/636 637/637/637
f 640/640/640 633/633/633 639/639/639
f 641/641/641 639/639/639 633/633/633
f 641/641/641 643/643/643 642/642/642
f 644/644/644 642/642/642 643/643/643
f 643/643/643 646/646/646 645/645/645
f 647/647/647 645/645/645 646/646/646
f 646/646/646 649/649/649 648/648/648
f 650/650/650 647/647/647 649/649/649
f 649/649/649 651/651/651 650/650/650
f 652/652/652 650/650/650 651/651/651
f 651/651/651 653/653/653 652/652/652
f 654/654/654 603/603/603 605/605/605
f 654/654/654 655/655/655 603/603/603
f 557/557/557 656/656/656 558/558/558
f 564/564/564 558/558/558 656/656/656
f 657/657/657 656/656/656 557/557/557
f 557/557/557 570/570/570 657/657/657
f 659/659/659 657/657/657 658/658/658
