g BLUE_2_HAMR
v 0.011451032 -0.0546656772 1.22969699
v 0.0678223893 -1.87790022E-06 1.42403805
v 0.0686435848 -5.26505983E-06 1.23611307
v 0.011451032 -0.0546656772 1.22969699
v 0.011451032 -0.0565595962 1.42403805
v 0.011451032 0.0542961881 1.22969735
v 0.011451032 0.056183137 1.42403805
v 0.011451032 0.0542961881 1.22969735
v 0.0686435848 -5.26505983E-06 1.23611307
v -0.0449203327 -1.87790022E-06 1.42403805
v -0.045741532 -5.26505937E-06 1.23611307
v 0.011451032 0.0542961881 1.22969735
v 0.011451032 -0.0546656772 1.22969699
v 0.011451032 -0.0565595962 1.42403805
v 0.011451032 -0.0546656772 1.22969699
v -0.045741532 -5.26505937E-06 1.23611307
v 0.011451032 -0.0546656772 1.22969699
v 0.0686435848 -5.26505983E-06 1.23611307
v 0.011451032 -0.0668295398 1.21420622
v 0.0731231123 -0.056461595 1.17554474
v 0.0871305093 -1.07337723E-06 1.22120941
v 0.011451032 -0.0693216771 1.19740343
v 0.0730344951 -0.0563764311 1.15936196
v 0.116133489 -1.05976994E-06 1.24074411
v 0.116229877 -1.05977051E-06 1.22560203
v 0.116133489 -1.05976994E-06 1.24074411
v -0.045741532 -5.26505937E-06 1.23611307
v -0.0502210669 -0.056461595 1.17554474
v -0.0642284453 -1.07337723E-06 1.22120941
v -0.0501324311 -0.0563764311 1.15936196
v -0.0932314098 -1.05977051E-06 1.24074411
v -0.0933277979 -1.05976994E-06 1.22560203
v -0.0932314098 -1.05977051E-06 1.24074411
v 0.073122859 0.0564577505 1.17554486
v 0.0686435848 -5.26505983E-06 1.23611307
v 0.011451032 0.0664603859 1.21420634
v 0.011451032 0.0542961881 1.22969735
v 0.011451032 0.0689470321 1.19740307
v 0.0730342418 0.0563725829 1.15936208
v 0.116133489 -1.05976994E-06 1.24074411
v 0.116229877 -1.05977051E-06 1.22560203
v -0.045741532 -5.26505937E-06 1.23611307
v -0.0502208062 0.0564577505 1.17554486
v -0.0501321778 0.0563725792 1.15936208
v -0.0932314098 -1.05977051E-06 1.24074411
v -0.0933277979 -1.05976994E-06 1.22560203
v 0.0730344951 -0.0563764311 1.15936196
v 0.116229877 -1.05977051E-06 1.22560203
v 0.0730342418 0.0563725829 1.15936208
v 0.011451032 0.0689470321 1.19740307
v 0.011451032 -0.0693216771 1.19740343
v -0.0501324311 -0.0563764311 1.15936196
v -0.0501321778 0.0563725792 1.15936208
v -0.0933277979 -1.05976994E-06 1.22560203
v 0.011451032 -0.0567775629 1.12252665
v 0.0678223893 -1.87365333E-06 1.21949029
v 0.0708569512 -1.79376389E-06 1.12919116
v 0.011451032 -0.0567775629 1.12252665
v 0.011451032 -0.0565595962 1.21949029
v 0.011451032 0.0564011186 1.122527
v 0.011451032 0.056183137 1.21949029
v 0.011451032 0.0564011186 1.122527
v 0.0708569512 -1.79376389E-06 1.12919116
v 0.011451032 0.0564011186 1.122527
v -0.044920329 -1.87365333E-06 1.21949029
v 0.011451032 -0.0567775629 1.12252665
v 0.011451032 -0.0565595962 1.21949029
v 0.011451032 -0.0567775629 1.12252665
v -0.0479548834 -1.79376445E-06 1.12919116
v 0.011451032 0.0564011186 1.122527
v -0.0479548834 -1.79376445E-06 1.12919116
v 0.011451032 -0.0567775629 1.12252665
v 0.0708569512 -1.79376389E-06 1.12919116
v 0.011451032 -0.0694121644 1.10643649
v 0.0731231198 -0.056461595 1.06834865
v 0.0871305093 -1.07337723E-06 1.11401343
v 0.011451032 -0.0693216771 1.09020734
v 0.0730344877 -0.0563764311 1.05216587
v 0.116133496 -1.05976994E-06 1.13354814
v 0.116229877 -1.05977051E-06 1.11840594
v 0.116133496 -1.05976994E-06 1.13354814
v -0.0479548834 -1.79376445E-06 1.12919116
v -0.0502210557 -0.056461595 1.06834865
v -0.0642284453 -1.07337723E-06 1.11401343
v -0.0501324348 -0.0563764311 1.05216599
v -0.0932314023 -1.05977051E-06 1.13354814
v -0.0933277979 -1.05976994E-06 1.11840594
v -0.0932314023 -1.05977051E-06 1.13354814
v 0.0708569512 -1.79376389E-06 1.12919116
v 0.073122859 0.0564577505 1.06834877
v 0.011451032 0.0690360889 1.10643661
v 0.011451032 0.0564011186 1.122527
v 0.011451032 0.0689470321 1.09020698
v 0.0730342343 0.0563725829 1.0521661
v 0.116133496 -1.05976994E-06 1.13354814
v 0.116229877 -1.05977051E-06 1.11840594
v -0.0479548834 -1.79376445E-06 1.12919116
v -0.0502208062 0.0564577505 1.06834877
v -0.0501321815 0.0563725792 1.0521661
v -0.0932314023 -1.05977051E-06 1.13354814
v -0.0933277979 -1.05976994E-06 1.11840594
v 0.116133496 -1.05976994E-06 1.13354814
v -0.0932314023 -1.05977051E-06 1.13354814
v 0.0730344877 -0.0563764311 1.05216587
v 0.116229877 -1.05977051E-06 1.11840594
v 0.0730342343 0.0563725829 1.0521661
v 0.0730344877 -0.0563764311 1.05216587
v 0.011451032 0.0689470321 1.09020698
v 0.011451032 -0.0693216771 1.09020734
v 0.0730342343 0.0563725829 1.0521661
v -0.0501324348 -0.0563764311 1.05216599
v -0.0501321815 0.0563725792 1.0521661
v -0.0933277979 -1.05976994E-06 1.11840594
v -0.0501324348 -0.0563764311 1.05216599
v 0.011451032 0.0689470321 1.09020698
v -0.0501321815 0.0563725792 1.0521661
v 0.011451032 -0.0693216771 1.09020734
v 0.011451032 -0.0403668024 1.02033758
v 0.0515094921 -2.10285198E-05 1.1584214
v 0.053665895 -2.09687641E-05 1.02507341
v 0.011451032 -0.0403668024 1.02033758
v 0.011451032 -0.0402119085 1.1584214
v 0.011451032 0.0400599129 1.02033782
v 0.011451032 0.0399050117 1.1584214
v 0.011451032 0.0400599129 1.02033782
v 0.053665895 -2.09687641E-05 1.02507341
v 0.011451032 0.0400599129 1.02033782
v -0.0286074337 -2.10285198E-05 1.1584214
v 0.011451032 -0.0403668024 1.02033758
v 0.011451032 -0.0402119085 1.1584214
v 0.011451032 -0.0403668024 1.02033758
v -0.0307638347 -2.09687641E-05 1.02507341
v 0.011451032 0.0400599129 1.02033782
v -0.0307638347 -2.09687641E-05 1.02507341
v 0.011451032 -0.0403668024 1.02033758
v 0.053665895 -2.09687641E-05 1.02507341
v 0.011451032 -0.049253013 1.0091871
v -0.0307638347 -2.09687641E-05 1.02507341
v -0.0579375215 -1.07224616E-06 1.00524902
v 0.011451032 -0.0637017563 0.998119056
v 0.053665895 -2.09687641E-05 1.02507341
v 0.067996569 -0.0517682582 0.963380098
v 0.0808395743 -1.07224616E-06 1.00524902
v 0.011451032 -0.0635593385 0.983421862
v 0.0679153055 -0.0516901761 0.948542595
v 0.107431658 -1.05977051E-06 1.02315986
v 0.107520021 -1.05977051E-06 1.00927639
v 0.107431658 -1.05977051E-06 1.02315986
v -0.0450945087 -0.0517682619 0.963380098
v -0.0450132452 -0.0516901761 0.948542595
v -0.0845295861 -1.05977119E-06 1.02315986
v -0.0846179575 -1.05976994E-06 1.00927639
v -0.0845295861 -1.05977119E-06 1.02315986
v 0.011451032 0.063357085 0.998119056
v 0.0679963306 0.051764559 0.963380277
v 0.011451032 0.0489458628 1.00918734
v 0.053665895 -2.09687641E-05 1.02507341
v 0.011451032 0.0632156506 0.983421504
v 0.067915082 0.0516864769 0.948542774
v 0.107431658 -1.05977051E-06 1.02315986
v 0.107520021 -1.05977051E-06 1.00927639
v -0.0450942777 0.051764559 0.963380277
v -0.0307638347 -2.09687641E-05 1.02507341
v 0.011451032 0.0400599129 1.02033782
v 0.053665895 -2.09687641E-05 1.02507341
v -0.0450130254 0.0516864657 0.948542774
v -0.0845295861 -1.05977119E-06 1.02315986
v -0.0846179575 -1.05976994E-06 1.00927639
v -0.0845295861 -1.05977119E-06 1.02315986
v 0.107431658 -1.05977051E-06 1.02315986
v 0.0679153055 -0.0516901761 0.948542595
v 0.107520021 -1.05977051E-06 1.00927639
v 0.067915082 0.0516864769 0.948542774
v 0.0679153055 -0.0516901761 0.948542595
v 0.011451032 0.0632156506 0.983421504
v 0.011451032 -0.0635593385 0.983421862
v 0.067915082 0.0516864769 0.948542774
v -0.0450132452 -0.0516901761 0.948542595
v -0.0450130254 0.0516864657 0.948542774
v -0.0846179575 -1.05976994E-06 1.00927639
v -0.0450132452 -0.0516901761 0.948542595
v 0.011451032 0.0632156506 0.983421504
v -0.0450130254 0.0516864657 0.948542774
v 0.011451032 -0.0635593385 0.983421862
v 0.0653925315 -0.0657588467 1.44281173
v 0.012761008 -0.0776418 1.43209648
v 0.0652144328 -0.0428866297 1.58835089
v 0.012761008 -0.101947322 1.4132638
v 0.10393814 -0.0685294494 1.41320431
v 0.0826413706 -0.0567597561 1.38379359
v 0.012761008 -0.0813271254 1.39451063
v 0.012761008 -0.0734692812 1.37637138
v 0.0900214165 -0.0433112122 1.34867811
v -0.0571193621 -0.0567597561 1.38379359
v -0.078416124 -0.068529442 1.41320431
v -0.0398705192 -0.0657588467 1.44281173
v 0.012761008 -0.0727945417 1.37342942
v 0.0762956813 -0.0429875329 1.33286691
v -0.064499408 -0.0433112122 1.34867811
v -0.0396924205 -0.0428866297 1.58835089
v -0.0507736802 -0.0429875255 1.33286691
v -0.0396924205 -0.0428866297 1.58835089
v 0.012761008 -0.0554265305 1.61135983
v 0.0652144328 -0.0428866297 1.58835089
v 0.0900214165 -0.0433112122 1.34867811
v 0.0903694332 -1.05976994E-06 1.34856462
v 0.0763157904 -1.05977051E-06 1.3327136
v 0.0762956813 -0.0429875329 1.33286691
v 0.0900214165 0.0433090962 1.34867799
v 0.0762956887 0.0429854095 1.33286691
v 0.0900214165 0.0433090962 1.34867799
v 0.0829908103 -1.05977051E-06 1.38370693
v 0.0900214165 -0.0433112122 1.34867811
v 0.082641378 0.0567576364 1.38379359
v 0.0826413706 -0.0567597561 1.38379359
v 0.082641378 0.0567576364 1.38379359
v 0.104429878 -1.05977051E-06 1.41318619
v 0.0826413706 -0.0567597561 1.38379359
v 0.10393814 0.0685273185 1.41320431
v 0.10393814 -0.0685294494 1.41320431
v 0.10393814 0.0685273185 1.41320431
v 0.0653925315 0.0657567307 1.44281173
v 0.0657250509 -1.05976994E-06 1.44288421
v 0.0653925315 -0.0657588467 1.44281173
v 0.10393814 -0.0685294494 1.41320431
v 0.0653925315 0.0657567307 1.44281173
v 0.0652144328 0.0428845175 1.58835089
v 0.0654417723 -1.05964023E-06 1.58838427
v 0.0652144328 -0.0428866297 1.58835089
v 0.0653925315 -0.0657588467 1.44281173
v -0.064499408 -0.0433112122 1.34867811
v -0.0507736802 -0.0429875255 1.33286691
v -0.0507937819 -1.05976994E-06 1.3327136
v -0.0648474172 -1.05977051E-06 1.34856462
v -0.0644994006 0.0433090962 1.34867811
v -0.0507736765 0.0429854095 1.33286691
v -0.0574688055 -1.05976994E-06 1.38370693
v -0.064499408 -0.0433112122 1.34867811
v -0.0644994006 0.0433090962 1.34867811
v -0.0571193695 0.0567576364 1.38379359
v -0.0571193621 -0.0567597561 1.38379359
v -0.0789078474 -1.05977051E-06 1.41318619
v -0.0571193621 -0.0567597561 1.38379359
v -0.0571193695 0.0567576364 1.38379359
v -0.078416124 0.0685273334 1.41320419
v -0.078416124 -0.068529442 1.41320431
v -0.0398705192 0.0657567233 1.44281173
v -0.0402030423 -1.05976994E-06 1.44288421
v -0.0398705192 -0.0657588467 1.44281173
v -0.078416124 0.0685273334 1.41320419
v -0.078416124 -0.068529442 1.41320431
v -0.0399197601 -1.05964023E-06 1.58838439
v -0.0398705192 -0.0657588467 1.44281173
v -0.0398705192 0.0657567233 1.44281173
v -0.0396924242 0.04288451 1.58835089
v -0.0396924205 -0.0428866297 1.58835089
v 0.012761008 0.0776396841 1.43209648
v 0.0652144328 0.0428845175 1.58835089
v 0.012761008 0.0554244108 1.61135983
v -0.0396924242 0.04288451 1.58835089
v -0.0398705192 0.0657567233 1.44281173
v -0.0396924242 0.04288451 1.58835089
v 0.012761008 0.101945199 1.4132638
v 0.0653925315 0.0657567307 1.44281173
v 0.10393814 0.0685273185 1.41320431
v 0.082641378 0.0567576364 1.38379359
v 0.0652144328 0.0428845175 1.58835089
v 0.012761008 0.081325002 1.39451063
v 0.012761008 0.0734671578 1.37637138
v -0.0571193695 0.0567576364 1.38379359
v -0.0644994006 0.0433090962 1.34867811
v 0.0900214165 0.0433090962 1.34867799
v 0.012761008 0.0727924183 1.37342942
v -0.0507736765 0.0429854095 1.33286691
v 0.0762956887 0.0429854095 1.33286691
v -0.078416124 0.0685273334 1.41320419
v 0.0762956813 -0.0429875329 1.33286691
v 0.0763157904 -1.05977051E-06 1.3327136
v 0.012761008 -0.0727945417 1.37342942
v 0.012761008 -1.05977051E-06 1.37304771
v -0.0507937819 -1.05976994E-06 1.3327136
v -0.0507736765 0.0429854095 1.33286691
v 0.0762956887 0.0429854095 1.33286691
v -0.0507736802 -0.0429875255 1.33286691
v 0.012761008 0.0727924183 1.37342942
v 0.073726818 0.000184559394 1.61969876
v 0.0839554369 -0.0562753342 1.59358847
v 0.011451032 -0.0692258999 1.61732662
v 0.0871305093 0.000185190467 1.61887228
v 0.0839554369 -0.0562753342 1.59358847
v 0.011451032 -0.0691354126 1.60109758
v 0.011451032 -0.0692258999 1.61732662
v 0.0838512406 -0.0561901703 1.57740581
v 0.116133489 0.000185204364 1.63200951
v 0.0838512406 -0.0561901703 1.57740581
v 0.0839554369 -0.0562753342 1.59358847
v 0.116133489 0.000185204364 1.63200951
v 0.116229877 0.00018520435 1.6168673
v 0.0839554369 -0.0562753342 1.59358847
v 0.0871305093 0.000185190467 1.61887228
v 0.116133489 0.000185204364 1.63200951
v 0.0838512406 -0.0561901703 1.57740581
v 0.116229877 0.00018520435 1.6168673
v 0.0838509426 0.0565588512 1.57740593
v 0.0838512406 -0.0561901703 1.57740581
v 0.011451032 0.0691332892 1.60109723
v 0.011451032 -0.0691354126 1.60109758
v 0.0838509426 0.0565588512 1.57740593
v 0.011451032 -0.000221140988 1.66717875
v 0.011451032 -0.0692258999 1.61732662
v -0.0508247502 0.000184559394 1.61969876
v 0.073726818 0.000184559394 1.61969876
v 0.011451032 0.0692223459 1.61732674
v -0.0508247502 0.000184559394 1.61969876
v -0.0610533766 -0.0562753342 1.59358847
v -0.0642284453 0.000185190467 1.61887228
v 0.011451032 -0.0692258999 1.61732662
v -0.0610533766 -0.0562753342 1.59358847
v 0.011451032 -0.0691354126 1.60109758
v -0.0609491877 -0.0561901741 1.57740581
v 0.011451032 -0.0692258999 1.61732662
v -0.0932314098 0.000185204364 1.63200951
v -0.0609491877 -0.0561901741 1.57740581
v -0.0933277979 0.000185204393 1.6168673
v -0.0932314098 0.000185204364 1.63200951
v -0.0610533766 -0.0562753342 1.59358847
v -0.0610533766 -0.0562753342 1.59358847
v -0.0932314098 0.000185204364 1.63200951
v -0.0642284453 0.000185190467 1.61887228
v -0.0609491877 -0.0561901741 1.57740581
v -0.0609488823 0.0565588474 1.57740593
v -0.0933277979 0.000185204393 1.6168673
v -0.0609491877 -0.0561901741 1.57740581
v 0.011451032 0.0691332892 1.60109723
v -0.0609488823 0.0565588474 1.57740593
v 0.011451032 -0.0691354126 1.60109758
v 0.073726818 0.000184559394 1.61969876
v 0.0839551315 0.0566440076 1.59358871
v 0.0871305093 0.000185190467 1.61887228
v 0.011451032 0.0692223459 1.61732674
v 0.0839551315 0.0566440076 1.59358871
v 0.011451032 0.0691332892 1.60109723
v 0.0838509426 0.0565588512 1.57740593
v 0.011451032 0.0692223459 1.61732674
v 0.116133489 0.000185204364 1.63200951
v 0.0838509426 0.0565588512 1.57740593
v 0.116229877 0.00018520435 1.6168673
v 0.116133489 0.000185204364 1.63200951
v 0.0839551315 0.0566440076 1.59358871
v 0.0839551315 0.0566440076 1.59358871
v 0.116133489 0.000185204364 1.63200951
v 0.0871305093 0.000185190467 1.61887228
v -0.0508247502 0.000184559394 1.61969876
v -0.0610530786 0.0566440076 1.59358871
v 0.011451032 0.0692223459 1.61732674
v -0.0642284453 0.000185190467 1.61887228
v -0.0610530786 0.0566440076 1.59358871
v 0.011451032 0.0691332892 1.60109723
v 0.011451032 0.0692223459 1.61732674
v -0.0609488823 0.0565588474 1.57740593
v -0.0932314098 0.000185204364 1.63200951
v -0.0609488823 0.0565588474 1.57740593
v -0.0610530786 0.0566440076 1.59358871
v -0.0932314098 0.000185204364 1.63200951
v -0.0933277979 0.000185204393 1.6168673
v -0.0610530786 0.0566440076 1.59358871
v -0.0642284453 0.000185190467 1.61887228
v -0.0932314098 0.000185204364 1.63200951
v -0.369472176 0.204957694 1.41704392
v -0.281441331 0.115552001 1.66299438
v -0.369471669 0.115575418 1.66303885
v -0.281440318 0.204915881 1.41704226
v -0.407738328 0.173535898 1.41702724
v -0.407739669 0.0998702198 1.63584912
v -0.407739758 -0.0998725072 1.63584912
v -0.407738298 -0.173538223 1.41702724
v -0.407740355 -0.0999397859 1.28967464
v -0.407740355 0.0999375135 1.28967476
v -0.369471699 -0.11557775 1.66303885
v -0.369471669 0.115575418 1.66303885
v -0.281441331 -0.115554281 1.66299438
v -0.281441331 0.115552001 1.66299438
v -0.218434498 -0.0825362504 1.60574746
v -0.218434498 0.0825339556 1.60574734
v -0.217742682 -0.0703190938 1.58463252
v -0.217742682 0.0703168139 1.58463252
v -0.369472176 -0.204960018 1.41704392
v -0.369471699 -0.11557775 1.66303885
v -0.281440318 -0.204918146 1.41704226
v -0.281441331 -0.115554281 1.66299438
v -0.369471341 -0.115650333 1.26246321
v -0.369472176 -0.204960018 1.41704392
v -0.28144154 -0.115627877 1.26250207
v -0.281440318 -0.204918146 1.41704226
v -0.281441331 -0.115554281 1.66299438
v -0.21843785 -0.138924807 1.41702342
v -0.218434498 -0.0825362504 1.60574746
v -0.217742682 -0.114437938 1.41703701
v -0.21843785 -0.138924807 1.41702342
v -0.217742682 -0.0703190938 1.58463252
v -0.217742682 -0.114437938 1.41703701
v -0.218434542 -0.082617633 1.30030227
v -0.28144154 -0.115627877 1.26250207
v -0.21843785 -0.138924807 1.41702342
v -0.21843785 -0.138924807 1.41702342
v -0.217742682 -0.0703845173 1.32149065
v -0.217742682 -0.114437938 1.41703701
v -0.21843785 0.138922513 1.41702342
v -0.217742682 0.0703168139 1.58463252
v -0.218434498 0.0825339556 1.60574734
v -0.217742682 0.114435658 1.41703701
v -0.217742682 0.0703168139 1.58463252
v -0.21843785 0.138922513 1.41702342
v -0.281441331 0.115552001 1.66299438
v -0.217742682 0.114435658 1.41703701
v -0.15243727 0.0698627681 1.58391345
v -0.217742682 0.0703168139 1.58463252
v -0.15243727 -0.0698650032 1.58391345
v -0.217742682 -0.0703190938 1.58463252
v -0.217742682 0.114435658 1.41703701
v -0.152421594 0.113690816 1.41704857
v -0.110289559 0.0428536683 1.53712547
v -0.110298872 0.0596261621 1.41704845
v -0.110289574 -0.0428559184 1.53712547
v -0.217742682 0.0703822747 1.32149065
v -0.152430773 0.0699873194 1.32217467
v -0.152430773 0.0699873194 1.32217467
v -0.110289387 0.0429599658 1.35835826
v -0.110289574 -0.0428559184 1.53712547
v -0.15243727 -0.0698650032 1.58391345
v -0.110298872 0.0596261621 1.41704845
v -0.0355540179 0.0426525287 1.53685236
v -0.110289559 0.0428536683 1.53712547
v -0.0374466367 0.0593217164 1.41706645
v -0.0355540141 -0.0426547341 1.53685248
v -0.110289574 -0.0428559184 1.53712547
v -0.110289387 0.0429599658 1.35835826
v -0.0402460247 0.0427969061 1.35864067
v -0.217742682 -0.0703190938 1.58463252
v -0.152421594 -0.113693051 1.41704857
v -0.217742682 -0.114437938 1.41703701
v -0.152430743 -0.0699895397 1.32217467
v -0.110289387 -0.0429621972 1.35835826
v -0.110298872 -0.0596284233 1.41704845
v -0.15243727 -0.0698650032 1.58391345
v -0.110289387 0.0429599658 1.35835826
v -0.152430773 0.0699873194 1.32217467
v -0.217742682 -0.0703190938 1.58463252
v -0.15243727 -0.0698650032 1.58391345
v -0.110289574 -0.0428559184 1.53712547
v -0.217742682 -0.114437938 1.41703701
v -0.217742682 -0.0703845173 1.32149065
v -0.217742682 -0.0703845173 1.32149065
v -0.152430773 0.0699873194 1.32217467
v -0.217742682 0.0703822747 1.32149065
v -0.110289574 -0.0428559184 1.53712547
v -0.0374466404 -0.0593239665 1.41706645
v -0.110298872 -0.0596284233 1.41704845
v -0.0355540141 -0.0426547341 1.53685248
v -0.0402460247 -0.0427991189 1.35864067
v -0.110289387 -0.0429621972 1.35835826
v -0.0402460247 0.0427969061 1.35864067
v -0.110289387 0.0429599658 1.35835826
v -0.369471341 -0.115650333 1.26246321
v -0.28144154 0.11562562 1.26250207
v -0.369471312 0.115648098 1.26246321
v -0.28144154 -0.115627877 1.26250207
v -0.218434542 0.0826154202 1.30030227
v -0.218434542 -0.082617633 1.30030227
v -0.217742682 0.0703822747 1.32149065
v -0.217742682 -0.0703845173 1.32149065
v -0.369472176 0.204957694 1.41704392
v -0.369471312 0.115648098 1.26246321
v -0.281440318 0.204915881 1.41704226
v -0.28144154 0.11562562 1.26250207
v -0.28144154 0.11562562 1.26250207
v -0.21843785 0.138922513 1.41702342
v -0.218434542 0.0826154202 1.30030227
v -0.217742682 0.114435658 1.41703701
v -0.21843785 0.138922513 1.41702342
v -0.217742682 0.0703822747 1.32149065
v 0.369472563 0.204960003 1.41704369
v 0.281441599 0.115554616 1.66299415
v 0.281440586 0.204918176 1.4170419
v 0.369472086 0.115578055 1.66303873
v 0.407738686 0.173538208 1.41702712
v 0.407740057 0.0998727977 1.635849
v 0.407740086 -0.0998699293 1.63584924
v 0.407738686 -0.173535913 1.41702759
v 0.407740653 -0.099937655 1.289675
v 0.407740742 0.0999396518 1.28967464
v 0.369472086 -0.11557512 1.66303909
v 0.369472086 0.115578055 1.66303873
v 0.281441629 -0.115551658 1.6629945
v 0.281441599 0.115554616 1.66299415
v 0.218434826 -0.0825336799 1.6057477
v 0.218434826 0.0825365111 1.60574734
v 0.217743009 -0.070316568 1.58463264
v 0.217743009 0.0703193471 1.58463252
v 0.369472563 -0.204957753 1.41704416
v 0.369472086 -0.11557512 1.66303909
v 0.281440645 -0.204915822 1.41704249
v 0.281441629 -0.115551658 1.6629945
v 0.369471669 -0.115648203 1.26246345
v 0.369472563 -0.204957753 1.41704416
v 0.281441867 -0.115625769 1.26250231
v 0.281440645 -0.204915822 1.41704249
v 0.281441867 -0.115625769 1.26250231
v 0.21843484 -0.0826154798 1.30030239
v 0.281440645 -0.204915822 1.41704249
v 0.218438163 -0.138922468 1.41702354
v 0.218438163 -0.138922468 1.41702354
v 0.217742994 -0.0703823119 1.32149076
v 0.217742994 -0.114435606 1.41703737
v 0.218438163 0.138924822 1.4170233
v 0.217743009 0.0703193471 1.58463252
v 0.217742994 0.114437968 1.41703701
v 0.218434826 0.0825365111 1.60574734
v 0.281441599 0.115554616 1.66299415
v 0.218438163 0.138924822 1.4170233
v 0.217742994 0.114437968 1.41703701
v 0.152437583 0.0698652938 1.58391345
v 0.152421921 0.113693133 1.41704845
v 0.217742994 0.0703844652 1.32149041
v 0.217742994 0.114437968 1.41703701
v 0.217743009 0.0703193471 1.58463252
v 0.110289887 0.0428561382 1.53712547
v 0.110299192 0.0596284866 1.41704845
v 0.152437583 0.0698652938 1.58391345
v 0.152431101 0.0699895099 1.32217467
v 0.217742994 0.0703844652 1.32149041
v 0.110289693 0.0429622084 1.35835814
v 0.152431101 -0.0699873418 1.32217479
v 0.217742994 -0.0703823119 1.32149076
v 0.152431101 -0.0699873418 1.32217479
v 0.217742994 0.0703844652 1.32149041
v 0.110289693 -0.0429599546 1.35835826
v 0.110299192 0.0596284866 1.41704845
v -0.0184490029 0.0426549911 1.53685236
v 0.0421220586 0.0593240261 1.41706645
v 0.110289887 0.0428561382 1.53712547
v -0.0184490029 -0.0426522829 1.53685248
v 0.110289879 -0.0428534485 1.53712571
v 0.110289693 0.0429622084 1.35835814
v 0.042122066 0.0427991301 1.35864067
v 0.217743009 0.0703193471 1.58463252
v 0.152437583 -0.0698624775 1.58391356
v 0.152437583 0.0698652938 1.58391345
v 0.217743009 -0.070316568 1.58463264
v 0.152421921 -0.113690734 1.41704881
v 0.110299192 -0.0596261024 1.41704857
v 0.110289879 -0.0428534485 1.53712571
v 0.152437583 0.0698652938 1.58391345
v 0.110289887 0.0428561382 1.53712547
v 0.110289693 -0.0429599546 1.35835826
v 0.217743009 -0.070316568 1.58463264
v 0.217742994 -0.114435606 1.41703737
v 0.152431101 -0.0699873418 1.32217479
v 0.217742994 -0.0703823119 1.32149076
v 0.152431101 -0.0699873418 1.32217479
v 0.110289693 -0.0429599546 1.35835826
v 0.281441629 -0.115551658 1.6629945
v 0.218438163 -0.138922468 1.41702354
v 0.218434826 -0.0825336799 1.6057477
v 0.281440645 -0.204915822 1.41704249
v 0.218438163 -0.138922468 1.41702354
v 0.217742994 -0.114435606 1.41703737
v 0.217743009 -0.070316568 1.58463264
v 0.110289879 -0.0428534485 1.53712571
v 0.0421220586 -0.0593216531 1.41706657
v -0.0184490029 -0.0426522829 1.53685248
v 0.110299192 -0.0596261024 1.41704857
v 0.0421220623 -0.0427968763 1.35864067
v 0.110289693 -0.0429599546 1.35835826
v 0.042122066 0.0427991301 1.35864067
v 0.110289693 0.0429622084 1.35835814
v 0.369471669 -0.115648203 1.26246345
v 0.281441867 0.115627728 1.26250207
v 0.281441867 -0.115625769 1.26250231
v 0.369471699 0.115650222 1.26246309
v 0.21843484 0.082617566 1.30030215
v 0.21843484 -0.0826154798 1.30030239
v 0.217742994 0.0703844652 1.32149041
v 0.217742994 -0.0703823119 1.32149076
v 0.369472563 0.204960003 1.41704369
v 0.369471699 0.115650222 1.26246309
v 0.281440586 0.204918176 1.4170419
v 0.281441867 0.115627728 1.26250207
v 0.21843484 0.082617566 1.30030215
v 0.281441867 0.115627728 1.26250207
v 0.218438163 0.138924822 1.4170233
v 0.217742994 0.114437968 1.41703701
v 0.217742994 0.0703844652 1.32149041
v 0.218438163 0.138924822 1.4170233
v -0.0273303352 -1.06763207E-06 -0.347708434
v -0.0360362679 -0.0476597808 -0.372155458
v -0.055777166 -1.06555854E-06 -0.372155458
v -0.0159213152 -0.0269245952 -0.347708434
v -0.0373533517 -0.0489768647 -0.382028043
v -0.0576398112 -1.06589391E-06 -0.382028043
v -0.0303894747 -0.042012997 -0.39390716
v -0.0477913953 -1.05621666E-06 -0.39390716
v -0.0314557515 -0.0430792645 -0.404371798
v -0.0492993295 -1.05669801E-06 -0.404371798
v -0.0399130732 -0.0515365787 -0.408515781
v -0.0612597726 -1.06589107E-06 -0.408515781
v -0.0431730449 -0.0547965653 -0.417691946
v -0.0658700913 -1.0561688E-06 -0.417691946
v -0.0395825617 -0.0512060709 -0.428348064
v -0.0607923791 -1.06502409E-06 -0.428348064
v -0.0324923843 -0.0441158824 -0.433972299
v -0.0507653467 -1.05540414E-06 -0.433972299
v -0.0328678079 -0.0444912985 -0.450719595
v -0.0512962751 -1.05466074E-06 -0.450719595
v -0.0499251485 -0.0615486689 -0.474121839
v -0.0754190013 -1.06407424E-06 -0.474121988
v -0.0506237485 -0.0622472689 -0.49273771
v -0.0764069557 -1.06326047E-06 -0.49273771
v -0.00697344868 -0.018596936 -0.565575719
v -0.0146760968 -1.06008997E-06 -0.565575719
v 0.0116224391 -0.0774935931 -0.417691946
v 0.0116224391 -0.0724158958 -0.428348064
v 0.0116224485 -0.0623888448 -0.433972299
v 0.0116224485 -0.0629197955 -0.450719595
v 0.0116224438 -0.0870425105 -0.474121988
v 0.0116224252 -0.0880304798 -0.49273771
v 0.0116224159 -0.0262996182 -0.565575719
v -0.0324923992 0.044113759 -0.433972299
v -0.0395825952 0.0512039475 -0.428348213
v 0.0116224391 0.0724137723 -0.428348213
v 0.0116224298 0.0774914697 -0.417691946
v 0.0664179251 0.0547944494 -0.417691946
v 0.0631579533 0.0515344851 -0.40851593
v 0.0845046863 -1.03776847E-06 -0.408515781
v 0.0725442246 -1.04732385E-06 -0.404371798
v 0.054700654 -0.0430792384 -0.404371798
v 0.0536343791 -0.0420129783 -0.39390716
v 0.0116224438 -0.0594148748 -0.39390716
v 0.0116224634 -0.0692633018 -0.382028043
v 0.0605982617 -0.0489768647 -0.382028043
v 0.0116224634 -0.0674006566 -0.372155458
v 0.0592811815 -0.0476597771 -0.372155458
v 0.0116224485 -0.060922835 -0.404371798
v 0.0631579831 -0.0515365675 -0.408515781
v 0.0116224485 -0.0728832707 -0.40851593
v 0.0664179474 -0.0547965504 -0.417691946
v 0.0116224391 -0.0774935931 -0.417691946
v 0.0628274754 -0.0512060821 -0.428348064
v 0.0116224391 -0.0724158958 -0.428348064
v 0.0557372794 -0.0441158824 -0.433972299
v 0.0116224485 -0.0623888448 -0.433972299
v 0.0561126918 -0.0444913134 -0.450719744
v 0.0116224485 -0.0629197955 -0.450719595
v 0.0731700435 -0.0615486652 -0.474121988
v 0.0116224438 -0.0870425105 -0.474121988
v 0.0738686174 -0.0622472689 -0.49273771
v 0.0116224252 -0.0880304798 -0.49273771
v 0.0302183051 -0.0185969714 -0.565575719
v 0.0891149864 -1.03794912E-06 -0.417691946
v 0.0840372667 -1.04627577E-06 -0.428348213
v 0.0740102306 -1.04602987E-06 -0.433972299
v 0.0745411739 -1.05466074E-06 -0.450719595
v 0.0986638591 -1.06407424E-06 -0.474121988
v 0.0996518433 -1.06326047E-06 -0.49273771
v 0.0379209742 -1.09126211E-06 -0.565575719
v 0.0628274381 0.0512039848 -0.428348213
v 0.0557372421 0.0441137776 -0.433972299
v 0.0561126843 0.0444892049 -0.450719744
v 0.0731700063 0.0615465343 -0.474121988
v 0.0738686025 0.0622451231 -0.492737859
v 0.0302183144 0.0185947847 -0.565575719
v 0.0379209742 -1.09126211E-06 -0.565575719
v 0.0116224298 0.0623867363 -0.433972299
v 0.0116224391 0.0629176572 -0.450719744
v 0.0116224438 0.0870403945 -0.474121988
v 0.0116224345 0.0880283341 -0.492737859
v 0.0116224587 0.0262974594 -0.565575719
v -0.0328678265 0.0444891714 -0.450719744
v -0.0499251634 0.0615465119 -0.474121988
v -0.0506237559 0.062245097 -0.492737859
v -0.00697343238 0.0185947996 -0.565575719
v -0.0146760968 -1.06008997E-06 -0.565575719
v -0.0146760968 -1.06008997E-06 -0.565575719
v -0.00697344868 -0.018596936 -0.565575719
v 0.0116224345 -1.07953326E-06 -0.577290475
v 0.0116224159 -0.0262996182 -0.565575719
v 0.0302183051 -0.0185969714 -0.565575719
v 0.0379209742 -1.09126211E-06 -0.565575719
v 0.0302183144 0.0185947847 -0.565575719
v 0.0116224587 0.0262974594 -0.565575719
v -0.00697343238 0.0185947996 -0.565575719
v 0.0116224634 -0.0674006566 -0.372155458
v -0.0159213152 -0.0269245952 -0.347708434
v 0.0116224485 -0.038468793 -0.347708434
v 0.0116224634 -0.0692633018 -0.382028043
v 0.0116224634 -0.0674006566 -0.372155458
v 0.0116224438 -0.0594148748 -0.39390716
v 0.0116224485 -0.060922835 -0.404371798
v 0.0116224485 -0.0728832707 -0.40851593
v 0.0116224485 -0.038468793 -0.347708434
v 0.0116224634 -0.0674006566 -0.372155458
v 0.0391333811 -0.0272018481 -0.347708434
v 0.079022035 -1.03041202E-06 -0.372155458
v 0.0505287685 -1.04720095E-06 -0.347708434
v 0.0808847249 -1.03825903E-06 -0.382028043
v 0.0710362718 -1.03763216E-06 -0.39390716
v 0.0592811629 0.0476576835 -0.372155458
v 0.0391662046 0.0269224737 -0.347708434
v 0.060598243 0.0489747748 -0.382028043
v 0.0536343716 0.0420108922 -0.39390716
v 0.0547006354 0.0430771634 -0.404371798
v 0.0116224252 0.0692612082 -0.382028043
v 0.0116224252 0.0673985556 -0.372155458
v 0.0391662046 0.0269224737 -0.347708434
v 0.0116224252 0.0380745456 -0.347708434
v 0.0116224252 0.0594127849 -0.39390716
v 0.0116224391 0.0609207265 -0.404371798
v 0.0116224298 0.0728811696 -0.40851593
v -0.0360363014 0.0476576425 -0.372155458
v -0.015921345 0.0269224402 -0.347708434
v -0.0373533852 0.0489747338 -0.382028043
v -0.0303895045 0.0420108512 -0.39390716
v -0.0314557776 0.0430771261 -0.404371798
v -0.0399130844 0.0515344404 -0.408515781
v -0.0431730673 0.0547944121 -0.417691946
v 0.0116224252 -0.0880304798 -0.49273771
v 0.0116224159 -0.0262996182 -0.565575719
v -0.0241303537 -1.11581062E-06 1.00313866
v -0.0139048751 -0.0255285297 0.853383899
v -0.024478687 -1.11034899E-06 0.853383899
v -0.0136585599 -0.0252821967 1.00313866
v 0.011622536 -0.0361023098 0.853383899
v 0.0116225407 -0.0357539728 1.00313866
v -0.0136586009 0.0252799839 1.00313866
v -0.0139048966 0.0255262945 0.853383899
v 0.0116224885 0.0357517824 1.00313866
v 0.0116224978 0.0361001156 0.853383899
v 0.0369036049 0.0252800174 1.00313878
v 0.0371498987 0.025526328 0.853383899
v 0.0473753884 -1.07057917E-06 1.00313878
v 0.0477237254 -1.07447966E-06 0.853383899
v 0.0369036384 -0.0252821669 1.00313878
v 0.0371499322 -0.0255284868 0.853383899
v 0.0116225407 -0.0357539728 1.00313866
v 0.011622536 -0.0361023098 0.853383899
v -0.024478687 -1.11034899E-06 0.853383899
v -0.0336330608 -0.0452567153 0.835729718
v -0.0523785613 -1.11244094E-06 0.835729718
v -0.0139048751 -0.0255285297 0.853383899
v 0.0116225453 -0.0640021712 0.835729718
v 0.011622536 -0.0361023098 0.853383899
v -0.0139048966 0.0255262945 0.853383899
v -0.0336331017 0.0452544689 0.835729718
v 0.0116224978 0.0361001156 0.853383899
v 0.0116224885 0.0639999732 0.835729718
v 0.0371498987 0.025526328 0.853383899
v 0.0568781011 0.0452545099 0.835729659
v 0.0477237254 -1.07447966E-06 0.853383899
v 0.0756235793 -1.06866707E-06 0.835729718
v 0.0371499322 -0.0255284868 0.853383899
v 0.0568781309 -0.0452566743 0.835729659
v 0.011622536 -0.0361023098 0.853383899
v 0.0116225453 -0.0640021712 0.835729718
v 0.0597946718 -0.0481732488 0.818406522
v 0.0116225267 -0.0681267977 0.818406403
v 0.0558466502 -0.0442252308 0.802415609
v 0.011622536 -0.0625434443 0.802415669
v 0.0391005799 -0.0274791662 0.788175941
v 0.0116225071 -0.0388609581 0.788175941
v 0.0741648674 -1.08255597E-06 0.802415669
v 0.0797482133 -1.07319443E-06 0.818406403
v 0.0504823625 -1.0859477E-06 0.788175941
v 0.0391005799 -0.0274791662 0.788175941
v 0.0558466315 0.0442230292 0.802415609
v 0.0597946458 0.0481710769 0.818406403
v 0.0391005799 0.0274769869 0.788175881
v 0.0116225025 0.0625412464 0.802415669
v 0.0116224978 0.0681246147 0.818406403
v 0.0116225025 0.0388587639 0.788175941
v -0.0326016285 0.044223018 0.802415669
v -0.0365496576 0.0481710136 0.818406343
v -0.015855575 0.0274769682 0.788175941
v -0.0509198271 -1.10751012E-06 0.802415609
v -0.056503199 -1.10871974E-06 0.818406403
v -0.0326015987 -0.0442252234 0.802415669
v -0.0365496241 -0.0481732599 0.818406343
v -0.0158555619 -0.0274791718 0.788175941
v -0.027237352 -1.09810264E-06 0.788175941
v 0.011622536 -0.0625434443 0.802415669
v 0.0116225267 -0.0681267977 0.818406403
v 0.0116225071 -0.0388609581 0.788175941
v -0.015921345 0.0269224402 -0.347708434
v -0.027237352 -1.09810264E-06 0.788175941
v -0.0273303352 -1.06763207E-06 -0.347708434
v -0.015855575 0.0274769682 0.788175941
v -0.0158555619 -0.0274791718 0.788175941
v -0.0159213152 -0.0269245952 -0.347708434
v 0.0116225071 -0.0388609581 0.788175941
v 0.0116224485 -0.038468793 -0.347708434
v 0.0116224252 0.0380745456 -0.347708434
v 0.0116225025 0.0388587639 0.788175941
v 0.0391662046 0.0269224737 -0.347708434
v 0.0391005799 0.0274769869 0.788175881
v 0.0505287685 -1.04720095E-06 -0.347708434
v 0.0504823625 -1.0859477E-06 0.788175941
v 0.0391333811 -0.0272018481 -0.347708434
v 0.0391005799 -0.0274791662 0.788175941
v 0.0116224485 -0.038468793 -0.347708434
v 0.0116225071 -0.0388609581 0.788175941
vt 0.727423608 0.415655315
vt 0.681043267 0.301528305
vt 0.680639744 0.411862999
vt 0.727423608 0.415655315
vt 0.728267193 0.301551461
vt 0.633978128 0.415317237
vt 0.633978128 0.301210344
vt 0.633978128 0.415317237
vt 0.680639744 0.411862999
vt 0.586913228 0.301528245
vt 0.587316632 0.411863059
vt 0.633978128 0.415317237
vt 0.540532768 0.415655315
vt 0.539689362 0.301551461
vt 0.540532768 0.415655315
vt 0.587316632 0.411863059
vt 0.919262886 0.385036439
vt 0.962453127 0.402818203
vt 0.919262886 0.374009043
vt 0.959375858 0.359065711
vt 0.974297166 0.402831644
vt 0.919262886 0.364324093
vt 0.960906267 0.349606782
vt 0.995223105 0.402857244
vt 0.996638954 0.394156992
vt 0.995223105 0.402857244
vt 0.876072824 0.402818203
vt 0.879150093 0.359065711
vt 0.864228845 0.402831644
vt 0.877619684 0.349606782
vt 0.843303084 0.402857125
vt 0.841887116 0.394157231
vt 0.843303084 0.402857125
vt 0.959265292 0.44655636
vt 0.962453127 0.402818203
vt 0.919262886 0.431373447
vt 0.919262886 0.420344859
vt 0.919262886 0.441070318
vt 0.960759819 0.456019104
vt 0.995223105 0.402857244
vt 0.996614993 0.411561906
vt 0.876072824 0.402818203
vt 0.879260898 0.446556479
vt 0.877766192 0.456019104
vt 0.843303084 0.402857125
vt 0.841911018 0.411561906
vt 0.858838797 0.925798535
vt 0.81206733 0.958896339
vt 0.85883826 0.991995752
vt 0.901650012 0.99937886
vt 0.901650012 0.918198287
vt 0.944461763 0.925798893
vt 0.944462001 0.99199599
vt 0.991232634 0.958897173
vt 0.725208282 0.292734116
vt 0.675103426 0.238203809
vt 0.676475406 0.291230053
vt 0.725208282 0.292734116
vt 0.722268999 0.235881865
vt 0.628038108 0.295211822
vt 0.628038108 0.238284841
vt 0.628038108 0.295211822
vt 0.676475406 0.291230053
vt 0.628038108 0.295211822
vt 0.580973446 0.238203868
vt 0.53086853 0.292733997
vt 0.533808053 0.235881805
vt 0.53086853 0.292733997
vt 0.579601169 0.291230112
vt 0.628038108 0.295211822
vt 0.579601169 0.291230112
vt 0.809686482 0.397294044
vt 0.79188782 0.442332029
vt 0.821194828 0.397294044
vt 0.835689008 0.437340021
vt 0.791876495 0.452797115
vt 0.830465496 0.397294104
vt 0.845212936 0.438816041
vt 0.791849613 0.473460734
vt 0.800682664 0.474733949
vt 0.791849613 0.473460734
vt 0.791888058 0.35225603
vt 0.835689247 0.357248276
vt 0.791876614 0.341790944
vt 0.845213294 0.355772167
vt 0.79185009 0.321127355
vt 0.800683022 0.31985414
vt 0.79185009 0.321127355
vt 0.79188782 0.442332029
vt 0.748109639 0.437225282
vt 0.762851179 0.397293866
vt 0.774359226 0.397293925
vt 0.753564537 0.397293806
vt 0.738581717 0.438665718
vt 0.791849613 0.473460734
vt 0.783012629 0.474709243
vt 0.791888058 0.35225603
vt 0.748109639 0.357362598
vt 0.738581836 0.355921865
vt 0.79185009 0.321127355
vt 0.783012986 0.319878727
vt 0.791849613 0.473460734
vt 0.79185009 0.321127355
vt 0.858715892 0.926287234
vt 0.811944604 0.959385037
vt 0.858715415 0.99248451
vt 0.858715892 0.926287234
vt 0.901527286 0.99986738
vt 0.901527286 0.918686986
vt 0.858715415 0.99248451
vt 0.944338679 0.926287532
vt 0.944339156 0.992484748
vt 0.991109967 0.959385753
vt 0.944338679 0.926287532
vt 0.901527286 0.99986738
vt 0.944339156 0.992484748
vt 0.901527286 0.918686986
vt 0.702439547 0.230608597
vt 0.666872263 0.150356486
vt 0.667848766 0.228651896
vt 0.702439547 0.230608597
vt 0.70042038 0.149561465
vt 0.633427799 0.231456682
vt 0.633427799 0.150384903
vt 0.633427799 0.231456682
vt 0.667848766 0.228651896
vt 0.633427799 0.231456682
vt 0.599983215 0.150356427
vt 0.564415991 0.230608419
vt 0.566435099 0.149561346
vt 0.564415991 0.230608419
vt 0.599006593 0.228651837
vt 0.633427799 0.231456682
vt 0.599006593 0.228651837
vt 0.485346675 0.26468733
vt 0.469174951 0.2938371
vt 0.493234277 0.264687359
vt 0.46917516 0.235537902
vt 0.469154984 0.217252553
vt 0.503148377 0.26468727
vt 0.469174951 0.2938371
vt 0.511600912 0.302283436
vt 0.469154537 0.312119514
vt 0.511164546 0.264687181
vt 0.520335972 0.304413885
vt 0.46913752 0.331532806
vt 0.476831377 0.33358264
vt 0.46913752 0.331532806
vt 0.511600912 0.227088735
vt 0.520335615 0.224958181
vt 0.469138265 0.197837353
vt 0.476832479 0.195787057
vt 0.469138265 0.197837353
vt 0.43538183 0.264687032
vt 0.426728308 0.302209765
vt 0.445289314 0.264687181
vt 0.469174951 0.2938371
vt 0.427348822 0.264686882
vt 0.417988092 0.304315627
vt 0.46913752 0.331532806
vt 0.461439282 0.333568007
vt 0.426729083 0.227161929
vt 0.46917516 0.235537902
vt 0.453182697 0.26468721
vt 0.469174951 0.2938371
vt 0.417989194 0.225055724
vt 0.469138265 0.197837353
vt 0.46143955 0.195801869
vt 0.469138265 0.197837353
vt 0.46913752 0.331532806
vt 0.86097753 0.928917229
vt 0.818094373 0.959265172
vt 0.86097765 0.989611626
vt 0.86097753 0.928917229
vt 0.900230706 0.996380746
vt 0.900230706 0.921948552
vt 0.86097765 0.989611626
vt 0.939483404 0.928917229
vt 0.939483166 0.989611626
vt 0.982366621 0.959265172
vt 0.939483404 0.928917229
vt 0.900230706 0.996380746
vt 0.939483166 0.989611626
vt 0.900230706 0.921948552
vt 0.350474626 0.336940616
vt 0.317031384 0.330592662
vt 0.349875212 0.424870044
vt 0.317031384 0.314343244
vt 0.373675793 0.314608097
vt 0.361603916 0.290918827
vt 0.317031384 0.299757987
vt 0.317031384 0.28876394
vt 0.365332037 0.268478155
vt 0.272458881 0.290918708
vt 0.260387123 0.314608097
vt 0.283588409 0.336940616
vt 0.317031384 0.286882937
vt 0.356809527 0.259334892
vt 0.268730998 0.268478036
vt 0.284187973 0.424870163
vt 0.277253419 0.259334773
vt 0.284187973 0.424870163
vt 0.317031384 0.437627912
vt 0.349875212 0.424870044
vt 0.704363763 0.442977488
vt 0.704392612 0.468382776
vt 0.71689558 0.468382776
vt 0.716750562 0.44313693
vt 0.704363763 0.493788034
vt 0.716750562 0.493628591
vt 0.704363763 0.493788034
vt 0.683181405 0.468382776
vt 0.704363763 0.442977488
vt 0.683155119 0.501756132
vt 0.683155119 0.43500939
vt 0.683155119 0.501756132
vt 0.661679864 0.468382776
vt 0.683155119 0.43500939
vt 0.661552072 0.508602679
vt 0.661552072 0.428162754
vt 0.661552072 0.508602679
vt 0.632746577 0.506994903
vt 0.632801831 0.468382776
vt 0.632746577 0.429770708
vt 0.661552072 0.428162754
vt 0.632746577 0.506994903
vt 0.546732843 0.493514508
vt 0.546735525 0.468382776
vt 0.546732843 0.443251044
vt 0.632746577 0.429770708
vt 0.465209901 0.51543045
vt 0.452822387 0.515589595
vt 0.452676892 0.54083544
vt 0.465180546 0.54083544
vt 0.465209901 0.566240489
vt 0.452822387 0.566081285
vt 0.486392647 0.54083544
vt 0.465209901 0.51543045
vt 0.465209901 0.566240489
vt 0.486418456 0.574208736
vt 0.486418456 0.507462144
vt 0.507895589 0.54083544
vt 0.486418456 0.507462144
vt 0.486418456 0.574208736
vt 0.508021951 0.581056714
vt 0.508021712 0.500614107
vt 0.53682667 0.57945174
vt 0.536782086 0.54083544
vt 0.536826432 0.502219081
vt 0.508021951 0.581056714
vt 0.508021712 0.500614107
vt 0.622888982 0.54083544
vt 0.536826432 0.502219081
vt 0.53682667 0.57945174
vt 0.622887611 0.566008031
vt 0.622887611 0.515662909
vt 0.390553683 0.436258316
vt 0.423397481 0.341980815
vt 0.390553683 0.329223096
vt 0.357710302 0.341980815
vt 0.357110709 0.429910183
vt 0.357710302 0.341980815
vt 0.390553683 0.452507615
vt 0.423996836 0.429910183
vt 0.447198123 0.452242672
vt 0.435126364 0.475931942
vt 0.423397481 0.341980815
vt 0.390553683 0.467092663
vt 0.390553683 0.478086859
vt 0.345981061 0.475931942
vt 0.342253059 0.498372197
vt 0.438854456 0.498372078
vt 0.390553683 0.479967922
vt 0.35077545 0.507515728
vt 0.430332214 0.50751549
vt 0.333909422 0.452242792
vt 0.0487167239 0.469642758
vt 0.0486868918 0.494880438
vt 0.0932701305 0.452141702
vt 0.0932701305 0.49487865
vt 0.137853488 0.494880438
vt 0.137777507 0.520116746
vt 0.0487628728 0.520116746
vt 0.137823284 0.469642758
vt 0.0932701305 0.537617028
vt 0.956081629 0.515185833
vt 0.960229814 0.477643341
vt 0.915757179 0.474046677
vt 0.963668287 0.515185118
vt 0.960229814 0.477643341
vt 0.915757179 0.465582907
vt 0.915757179 0.474046677
vt 0.963858604 0.468819857
vt 0.983028948 0.515188873
vt 0.963858604 0.468819857
vt 0.960229814 0.477643341
vt 0.983028948 0.515188873
vt 0.987310648 0.507366657
vt 0.960229814 0.477643341
vt 0.963668287 0.515185118
vt 0.983028948 0.515188873
vt 0.855480671 0.926347136
vt 0.82529068 0.959446907
vt 0.855481327 0.992544293
vt 0.855480671 0.926347136
vt 0.900535583 0.999927223
vt 0.900535583 0.91874671
vt 0.855481327 0.992544293
vt 0.915757179 0.514968276
vt 0.915757179 0.474046677
vt 0.875433028 0.515185714
vt 0.956081629 0.515185833
vt 0.915757179 0.556116045
vt 0.875433028 0.515185714
vt 0.871284902 0.477643222
vt 0.867846668 0.515184879
vt 0.915757179 0.474046677
vt 0.871284902 0.477643222
vt 0.915757179 0.465582907
vt 0.867656291 0.468819737
vt 0.915757179 0.474046677
vt 0.848485589 0.515188634
vt 0.867656291 0.468819737
vt 0.84420377 0.507366419
vt 0.848485589 0.515188634
vt 0.871284902 0.477643222
vt 0.871284902 0.477643222
vt 0.848485589 0.515188634
vt 0.867846668 0.515184879
vt 0.945590436 0.926347256
vt 0.94558996 0.992544532
vt 0.975780606 0.959446907
vt 0.945590436 0.926347256
vt 0.900535583 0.999927223
vt 0.94558996 0.992544532
vt 0.900535583 0.91874671
vt 0.956081629 0.515185833
vt 0.960214257 0.552721858
vt 0.963668287 0.515185118
vt 0.915757179 0.556116045
vt 0.960214257 0.552721858
vt 0.915757179 0.564600766
vt 0.963823974 0.561549425
vt 0.915757179 0.556116045
vt 0.983028948 0.515188873
vt 0.963823974 0.561549425
vt 0.987305701 0.523014843
vt 0.983028948 0.515188873
vt 0.960214257 0.552721858
vt 0.960214257 0.552721858
vt 0.983028948 0.515188873
vt 0.963668287 0.515185118
vt 0.875433028 0.515185714
vt 0.871299922 0.55272162
vt 0.915757179 0.556116045
vt 0.867846668 0.515184879
vt 0.871299922 0.55272162
vt 0.915757179 0.564600766
vt 0.915757179 0.556116045
vt 0.867690384 0.561549306
vt 0.848485589 0.515188634
vt 0.867690384 0.561549306
vt 0.871299922 0.55272162
vt 0.848485589 0.515188634
vt 0.844209015 0.523014486
vt 0.871299922 0.55272162
vt 0.867846668 0.515184879
vt 0.848485589 0.515188634
vt 0.616528928 0.728991449
vt 0.61321491 0.889419794
vt 0.662345707 0.874178588
vt 0.567404449 0.744269431
vt 0.645309567 0.726613939
vt 0.683951557 0.855144978
vt 0.800796151 0.859193861
vt 0.848371923 0.733650208
vt 0.807897449 0.658260643
vt 0.690980732 0.654209733
vt 0.809057832 0.886677027
vt 0.673779547 0.881989896
vt 0.807249188 0.937731445
vt 0.671998382 0.933045268
vt 0.786189377 0.986462414
vt 0.68958503 0.983115435
vt 0.778608561 0.998468757
vt 0.696304023 0.995617151
vt 0.876915932 0.738014638
vt 0.821012139 0.879676819
vt 0.924847662 0.75665617
vt 0.868952155 0.898281753
vt 0.827751577 0.637380004
vt 0.876903296 0.728974164
vt 0.873197794 0.613377035
vt 0.9223243 0.704937696
vt 0.868952155 0.898281753
vt 0.968162775 0.78750062
vt 0.921970189 0.892398417
vt 0.979097068 0.796690106
vt 0.968162775 0.78750062
vt 0.9354074 0.887621641
vt 0.979097068 0.796690106
vt 0.918321788 0.600133657
vt 0.873197794 0.613377035
vt 0.957137167 0.664843798
vt 0.957137167 0.664843798
vt 0.932608128 0.600991845
vt 0.965049624 0.652988434
vt 0.522028208 0.772040129
vt 0.547670424 0.874184728
vt 0.56073916 0.879880428
vt 0.510474861 0.780450106
vt 0.547670424 0.874184728
vt 0.522028208 0.772040129
vt 0.61321491 0.889419794
vt 0.00909065455 0.196355939
vt 0.0378646068 0.094069384
vt 0.00259267841 0.0873109996
vt 0.077709496 0.0269598439
vt 0.0413288139 0.00878448691
vt 0.00909065455 0.196355939
vt 0.0459131375 0.18895413
vt 0.0741088465 0.106580921
vt 0.0848042145 0.181416705
vt 0.102392539 0.060991291
vt 0.0319173485 0.256999969
vt 0.0698712021 0.243092805
vt 0.0698712021 0.243092805
vt 0.0967417732 0.216477424
vt 0.102392539 0.060991291
vt 0.077709496 0.0269598439
vt 0.00164813059 0.386827916
vt 0.0454080775 0.315519214
vt 0.0012059795 0.315643638
vt 0.0447352976 0.386525482
vt 0.0454076342 0.265437335
vt 0.00120542408 0.265319228
vt 0.00194271654 0.422647148
vt 0.0433674157 0.422184914
vt 0.341245621 0.25504297
vt 0.358100355 0.150631845
vt 0.320263177 0.15265739
vt 0.361880809 0.0951096043
vt 0.395851642 0.103517354
vt 0.3973701 0.14445731
vt 0.380166799 0.246912464
vt 0.422474325 0.057333976
vt 0.401072294 0.0263532363
vt 0.341245621 0.25504297
vt 0.380166799 0.246912464
vt 0.408410013 0.217045724
vt 0.320263177 0.15265739
vt 0.326316416 0.0851354152
vt 0.326316416 0.0851354152
vt 0.401072294 0.0263532363
vt 0.365293413 0.00816482212
vt 0.136736795 0.420719057
vt 0.179355726 0.34929198
vt 0.136268035 0.349538833
vt 0.180937007 0.420292825
vt 0.177523598 0.313644886
vt 0.136096582 0.313728422
vt 0.177524731 0.263384193
vt 0.136097685 0.26328823
vt 0.818076313 0.631395459
vt 0.684521258 0.575640261
vt 0.682712913 0.626705527
vt 0.819858134 0.580329061
vt 0.705338657 0.533671916
vt 0.802038312 0.537022233
vt 0.712930143 0.521620452
vt 0.795311332 0.524475098
vt 0.617175937 0.719974101
vt 0.672642231 0.632005513
vt 0.573553681 0.692851424
vt 0.628992975 0.604914725
vt 0.628992975 0.604914725
vt 0.541642249 0.650444865
vt 0.584909558 0.588579476
vt 0.534582317 0.638070643
vt 0.541642249 0.650444865
vt 0.570597649 0.588446438
vt 0.392732173 0.720855713
vt 0.383494973 0.892735183
vt 0.44440043 0.741627872
vt 0.333023638 0.872474134
vt 0.361526668 0.715539515
vt 0.312204927 0.850655854
vt 0.187605545 0.848496854
vt 0.143063813 0.711754203
vt 0.191802189 0.63436377
vt 0.315538585 0.636507869
vt 0.176987812 0.877369523
vt 0.321801513 0.8798787
vt 0.176042199 0.931992471
vt 0.320826292 0.934501052
vt 0.19579792 0.985210657
vt 0.299211472 0.987002611
vt 0.203221157 0.998452902
vt 0.291327208 0.999979556
vt 0.111690104 0.715986013
vt 0.166032404 0.869580388
vt 0.059323255 0.734955549
vt 0.114880033 0.888080657
vt 0.175486296 0.610739887
vt 0.111824863 0.702019095
vt 0.132870197 0.579166889
vt 0.0663664341 0.668391466
vt 0.132870197 0.579166889
vt 0.0884913877 0.557614446
vt 0.0663664341 0.668391466
vt 0.0362599678 0.619303823
vt 0.0362599678 0.619303823
vt 0.0735142082 0.55594939
vt 0.0300731435 0.605174959
vt 0.4905819 0.77546221
vt 0.45428136 0.882290959
vt 0.502177417 0.785546422
vt 0.439924657 0.887160778
vt 0.383494973 0.892735183
vt 0.4905819 0.77546221
vt 0.308935046 0.110480286
vt 0.249030933 0.0162247196
vt 0.271097988 0.112505704
vt 0.302884638 0.178001687
vt 0.308935046 0.110480286
vt 0.287952513 0.00809438713
vt 0.220787853 0.0460917018
vt 0.231828466 0.11868111
vt 0.249030933 0.0162247196
vt 0.267319411 0.16802907
vt 0.302884638 0.178001687
vt 0.233348414 0.159622893
vt 0.228132263 0.236787856
vt 0.263912082 0.254974216
vt 0.228132263 0.236787856
vt 0.302884638 0.178001687
vt 0.206728473 0.205808684
vt 0.129472166 0.386801094
vt 0.0535917133 0.315484077
vt 0.0891494825 0.386615068
vt 0.129734024 0.315612197
vt 0.0535924807 0.265403837
vt 0.129734799 0.26528573
vt 0.1292613 0.422622263
vt 0.0889453515 0.422261566
vt 0.16477488 0.257009029
vt 0.172530457 0.171924829
vt 0.129386052 0.236962035
vt 0.207450956 0.180688202
vt 0.169962138 0.0768360347
vt 0.130535677 0.0814168006
vt 0.137008578 0.157402247
vt 0.129386052 0.236962035
vt 0.106464818 0.201686278
vt 0.121936381 0.0448492281
vt 0.207450956 0.180688202
vt 0.207404271 0.071892634
vt 0.15101032 0.020840086
vt 0.189673454 0.00992775802
vt 0.15101032 0.020840086
vt 0.121936381 0.0448492281
vt 0.114880033 0.888080657
vt 0.0119805718 0.767169476
vt 0.0586801767 0.880554855
vt 0.059323255 0.734955549
vt 0.0119805718 0.767169476
vt 3.72667164E-05 0.776845932
vt 0.0445034727 0.875190854
vt 0.182497621 0.264763176
vt 0.225767151 0.334179938
vt 0.258579373 0.261754423
vt 0.185480595 0.335887313
vt 0.227337182 0.36978969
vt 0.187064543 0.371672928
vt 0.229842633 0.419982046
vt 0.189579248 0.422057986
vt 0.181724802 0.605359375
vt 0.327572852 0.553415
vt 0.182696462 0.550904453
vt 0.326629579 0.607870281
vt 0.307692826 0.507543743
vt 0.204177052 0.50575006
vt 0.30025959 0.494288981
vt 0.212071821 0.492760867
vt 0.393088669 0.706892788
vt 0.33267501 0.613463461
vt 0.439701587 0.674860477
vt 0.376375228 0.583386242
vt 0.421485037 0.563384414
vt 0.376375228 0.583386242
vt 0.471515477 0.626845598
vt 0.478195339 0.612940013
vt 0.436511308 0.56223923
vt 0.471515477 0.626845598
vt 0.911242366 0.307519376
vt 0.94302243 0.291318089
vt 0.914983988 0.286441088
vt 0.933590353 0.311400354
vt 0.945172608 0.285890371
vt 0.916527748 0.281075686
vt 0.947275102 0.277343452
vt 0.918199301 0.273051649
vt 0.949528277 0.270535916
vt 0.919683397 0.267282069
vt 0.95262444 0.26283145
vt 0.921238244 0.260657191
vt 0.954586387 0.256451935
vt 0.922361732 0.255345404
vt 0.95511651 0.249232754
vt 0.923076451 0.249221265
vt 0.955214262 0.242036745
vt 0.923656464 0.243411183
vt 0.956489682 0.230824396
vt 0.924343884 0.234291226
vt 0.957921684 0.211016834
vt 0.924226463 0.216868445
vt 0.956534147 0.200951114
vt 0.923268259 0.207734391
vt 0.930167496 0.152062953
vt 0.90978986 0.154739827
vt 0.987793565 0.262663722
vt 0.987379134 0.252259791
vt 0.984831035 0.243007377
vt 0.986602485 0.230431959
vt 0.994300783 0.205065191
vt 0.989708066 0.185279682
vt 0.943236709 0.145750314
vt 0.891409874 0.244662255
vt 0.891034961 0.249754459
vt 0.85898459 0.250243634
vt 0.858951986 0.255883753
vt 0.827305913 0.255168647
vt 0.827818334 0.260095507
vt 0.796614408 0.260165423
vt 0.798093557 0.26673615
vt 0.76819694 0.26947844
vt 0.770377159 0.276346624
vt 0.74376595 0.285077661
vt 0.744512022 0.296645343
vt 0.772381127 0.284938276
vt 0.74863863 0.304539233
vt 0.774475932 0.290407747
vt 0.740798712 0.27767989
vt 0.76518929 0.261676639
vt 0.73399055 0.269855231
vt 0.763310075 0.255241156
vt 0.730039895 0.261126161
vt 0.762873054 0.248033747
vt 0.730576873 0.250720382
vt 0.762861729 0.2408548
vt 0.733236611 0.24149327
vt 0.761728942 0.229645059
vt 0.731619835 0.228899062
vt 0.76053983 0.209838629
vt 0.724233687 0.203448519
vt 0.762045681 0.19980298
vt 0.729067266 0.18372792
vt 0.789008617 0.151244238
vt 0.795536518 0.254785985
vt 0.7949121 0.248540789
vt 0.794395089 0.242701322
vt 0.793828011 0.233561486
vt 0.794156015 0.21613653
vt 0.795221031 0.207008228
vt 0.809339345 0.154173583
vt 0.826941788 0.249494493
vt 0.826625943 0.244375885
vt 0.826462448 0.235980242
vt 0.826883733 0.218846366
vt 0.82750535 0.209577054
vt 0.833513021 0.155607417
vt 0.809339345 0.154173583
vt 0.859016478 0.245143965
vt 0.859067202 0.236823112
vt 0.859165788 0.219651833
vt 0.859223068 0.210283846
vt 0.859538794 0.156103641
vt 0.891680062 0.236289561
vt 0.89146018 0.219167903
vt 0.890949368 0.209911153
vt 0.885579586 0.155890405
vt 0.90978986 0.154739827
vt 0.937712014 0.33961755
vt 0.932815492 0.327880681
vt 0.9210307 0.339617491
vt 0.9210307 0.323066264
vt 0.909246087 0.327880681
vt 0.904349387 0.339617491
vt 0.909246087 0.351354271
vt 0.9210307 0.356168628
vt 0.932815373 0.351354212
vt 0.968657196 0.305801392
vt 0.933590353 0.311400354
vt 0.950253248 0.32105574
vt 0.972882688 0.297966689
vt 0.968657196 0.305801392
vt 0.973772943 0.286417276
vt 0.976831019 0.279069036
vt 0.983736336 0.27133745
vt 0.766826808 0.320050269
vt 0.74863863 0.304539233
vt 0.783507288 0.310592473
vt 0.802578628 0.285888463
vt 0.806085765 0.307000965
vt 0.801099002 0.280541986
vt 0.799510598 0.272502631
vt 0.830689788 0.285001874
vt 0.831552565 0.306220949
vt 0.829957902 0.279599756
vt 0.829168856 0.271564156
vt 0.828466535 0.266175449
vt 0.858816326 0.279739529
vt 0.858787239 0.285055369
vt 0.831552565 0.306220949
vt 0.858671308 0.306333184
vt 0.858861506 0.271726072
vt 0.858890831 0.266465038
vt 0.858924389 0.26063168
vt 0.886882365 0.285315037
vt 0.885792196 0.306508362
vt 0.887677848 0.279945999
vt 0.888549268 0.271913975
vt 0.889317691 0.266529918
vt 0.890035391 0.260483325
vt 0.89058733 0.255494505
vt 0.729067266 0.18372792
vt 0.776020944 0.144770056
vt 0.0453206189 0.908238709
vt 0.0290273726 0.996163964
vt 0.0453206189 0.996163964
vt 0.029106278 0.90823859
vt 0.0126888268 0.996135116
vt 0.012925297 0.908210039
vt 0.0615696684 0.90823859
vt 0.0615696684 0.996163964
vt 0.077816166 0.90823859
vt 0.0778162852 0.996163845
vt 0.0940627754 0.908238471
vt 0.0940627754 0.996163845
vt 0.110312082 0.90823859
vt 0.110312082 0.996163845
vt 0.1265264 0.90823859
vt 0.126605213 0.996163964
vt 0.142707512 0.908210039
vt 0.142943978 0.996135116
vt 0.444542497 0.925280333
vt 0.416990548 0.943555355
vt 0.443757087 0.943387806
vt 0.421218872 0.925222278
vt 0.389852673 0.937422872
vt 0.403099746 0.920306027
vt 0.469982564 0.924761593
vt 0.470022619 0.94301939
vt 0.495999694 0.924348116
vt 0.496175617 0.942629397
vt 0.522117972 0.92417711
vt 0.522354007 0.942319453
vt 0.547700584 0.924462378
vt 0.548654139 0.942557633
vt 0.571050346 0.924294293
vt 0.575424433 0.942637861
vt 0.58911097 0.919236064
vt 0.602497041 0.936235905
vt 0.576746464 0.952095926
vt 0.606151819 0.950574934
vt 0.575683415 0.960904419
vt 0.602983713 0.964362204
vt 0.573103428 0.976152241
vt 0.593002439 0.97973299
vt 0.548929572 0.961523533
vt 0.549148738 0.95225805
vt 0.548706412 0.976641655
vt 0.573103428 0.976152241
vt 0.522585094 0.962003589
vt 0.522554159 0.952353776
vt 0.522779405 0.977299929
vt 0.496317714 0.962618053
vt 0.496249527 0.952913046
vt 0.496467739 0.977832019
vt 0.470018983 0.962713063
vt 0.469938338 0.953141391
vt 0.470057338 0.977906466
vt 0.443636924 0.962357581
vt 0.443340302 0.953089178
vt 0.416873753 0.961820245
vt 0.415741205 0.952983439
vt 0.419575155 0.977088869
vt 0.443995893 0.977469921
vt 0.389613301 0.96555829
vt 0.386322469 0.95180124
vt 0.399726689 0.980837345
vt 0.436637551 0.0521222241
vt 0.999993145 0.0349265821
vt 0.436637193 0.034924645
vt 0.999993742 0.0523289219
vt 0.999992728 0.0174642727
vt 0.436636835 0.0177773423
vt 0.999987721 5.35022082E-06
vt 0.436631709 0.000246379263
vt 0.436640263 0.0696614161
vt 0.999996543 0.0696628615
vt 0.436639041 0.0872004703
vt 0.999995172 0.0869972855
vt 0.436639667 0.104392737
vt 0.999995768 0.104394667
vt 0.436640024 0.121692479
vt 0.999996185 0.121852279
vt 0.43663767 0.139143661
vt 0.999993861 0.13931109
vn -0 -0.916233003 0.400645733
vn 0.999994397 0.00166068051 -0.00291725341
vn 0.865492165 0.00138690625 0.500920594
vn -0 -0.916233003 0.400645733
vn -1.60050774E-07 -0.999995947 -0.00284136925
vn -0 0.916326582 0.400431842
vn -1.59531325E-07 0.999995947 -0.00285470765
vn -0 0.916326582 0.400431842
vn 0.865492165 0.00138690625 0.500920594
vn -0.999994397 0.00166073558 -0.00291724107
vn -0.865492165 0.00138695294 0.500920475
vn -0 0.916326582 0.400431842
vn -0 -0.916233003 0.400645733
vn -1.60050774E-07 -0.999995947 -0.00284136925
vn -0 -0.916233003 0.400645733
vn -0.865492165 0.00138695294 0.500920475
vn -0 -0.916233003 0.400645733
vn 0.865492165 0.00138690625 0.500920594
vn -0 -0.887650013 0.460518569
vn 0.523327649 -0.818964303 0.235426575
vn -0.0555751808 0.000365971326 0.998454452
vn -0 -0.888974965 -0.457955778
vn 0.298668414 -0.584462047 -0.754454255
vn 0.49709326 5.29291083E-06 0.86769706
vn 0.989701986 8.34095226E-06 -0.143143669
vn 0.49709326 5.29291083E-06 0.86769706
vn -0.865492165 0.00138695294 0.500920475
vn -0.523327887 -0.818964124 0.235426426
vn 0.055575069 0.000366241002 0.998454452
vn -0.298668295 -0.584462047 -0.754454315
vn -0.497093588 5.43926262E-06 0.867697001
vn -0.989701867 8.41586825E-06 -0.143144011
vn -0.497093588 5.43926262E-06 0.867697001
vn 0.520947993 0.820454419 0.235516116
vn 0.865492165 0.00138690625 0.500920594
vn -0 0.887419999 0.460961848
vn -0 0.916326582 0.400431842
vn -0 0.888592005 -0.458698452
vn 0.297807306 0.585617721 -0.753898263
vn 0.49709326 5.29291083E-06 0.86769706
vn 0.989701986 8.34095226E-06 -0.143143669
vn -0.865492165 0.00138695294 0.500920475
vn -0.520948172 0.820454299 0.235515788
vn -0.297807276 0.585617721 -0.753898323
vn -0.497093588 5.43926262E-06 0.867697001
vn -0.989701867 8.41586825E-06 -0.143144011
vn 0.298668414 -0.584462047 -0.754454255
vn 0.989701986 8.34095226E-06 -0.143143669
vn 0.297807306 0.585617721 -0.753898263
vn -0 0.888592005 -0.458698452
vn -0 -0.888974965 -0.457955778
vn -0.298668295 -0.584462047 -0.754454315
vn -0.297807276 0.585617721 -0.753898323
vn -0.989701867 8.41586825E-06 -0.143144011
vn -0 -0.912958622 0.408052176
vn 0.999847293 0.00167451683 0.0173964016
vn 0.872018218 0.00140082021 0.489471436
vn -0 -0.912958622 0.408052176
vn -1.06032466E-07 -0.999855399 0.0170079637
vn -0 0.913066268 0.407811344
vn -1.05692514E-07 0.999857068 0.016904708
vn -0 0.913066268 0.407811344
vn 0.872018218 0.00140082021 0.489471436
vn -0 0.913066268 0.407811344
vn -0.999847293 0.00167451729 0.0173963737
vn -0 -0.912958622 0.408052176
vn -1.06032466E-07 -0.999855399 0.0170079637
vn -0 -0.912958622 0.408052176
vn -0.872018039 0.00140070159 0.489471614
vn -0 0.913066268 0.407811344
vn -0.872018039 0.00140070159 0.489471614
vn -0 -0.912958622 0.408052176
vn 0.872018218 0.00140082021 0.489471436
vn -0 -0.904114842 0.427289575
vn 0.523322821 -0.826991916 0.205469504
vn -0.0336411744 0.000365255692 0.999433815
vn -0 -0.86566633 -0.500621378
vn 0.282225102 -0.574931145 -0.767986476
vn 0.497093588 5.36608923E-06 0.867697001
vn 0.989701867 8.44084025E-06 -0.143144041
vn 0.497093588 5.36608923E-06 0.867697001
vn -0.872018039 0.00140070159 0.489471614
vn -0.523322582 -0.826991916 0.205469847
vn 0.0336414725 0.00036533465 0.999433815
vn -0.282225132 -0.574931264 -0.767986238
vn -0.49709326 5.29290855E-06 0.86769706
vn -0.989701986 8.26603446E-06 -0.143143654
vn -0.49709326 5.29290855E-06 0.86769706
vn 0.872018218 0.00140082021 0.489471436
vn 0.520910561 0.828484833 0.205584511
vn -0 0.903874218 0.42779839
vn -0 0.913066268 0.407811344
vn -0 0.865223646 -0.501386046
vn 0.281372666 0.576037169 -0.767470241
vn 0.497093588 5.36608923E-06 0.867697001
vn 0.989701867 8.44084025E-06 -0.143144041
vn -0.872018039 0.00140070159 0.489471614
vn -0.520910382 0.828484833 0.20558466
vn -0.281372905 0.576037288 -0.767470062
vn -0.49709326 5.29290855E-06 0.86769706
vn -0.989701986 8.26603446E-06 -0.143143654
vn 0.497093588 5.36608923E-06 0.867697001
vn -0.49709326 5.29290855E-06 0.86769706
vn 0.282225102 -0.574931145 -0.767986476
vn 0.989701867 8.44084025E-06 -0.143144041
vn 0.281372666 0.576037169 -0.767470241
vn 0.282225102 -0.574931145 -0.767986476
vn -0 0.865223646 -0.501386046
vn -0 -0.86566633 -0.500621378
vn 0.281372666 0.576037169 -0.767470241
vn -0.282225132 -0.574931264 -0.767986238
vn -0.281372905 0.576037288 -0.767470062
vn -0.989701986 8.26603446E-06 -0.143143654
vn -0.282225132 -0.574931264 -0.767986238
vn -0 0.865223646 -0.501386046
vn -0.281372905 0.576037288 -0.767470062
vn -0 -0.86566633 -0.500621378
vn -0 -0.91214776 0.409861475
vn 0.99996233 0.00166163617 0.00852939393
vn 0.851492941 0.00133145438 0.524364352
vn -0 -0.91214776 0.409861475
vn 1.06118428E-07 -0.999965191 0.00834315363
vn -0 0.912258565 0.409614891
vn 1.5866668E-07 0.999965668 0.00829251669
vn -0 0.912258565 0.409614891
vn 0.851492941 0.00133145438 0.524364352
vn -0 0.912258565 0.409614891
vn -0.99996233 0.00166158192 0.00852939859
vn -0 -0.91214776 0.409861475
vn 1.06118428E-07 -0.999965191 0.00834315363
vn -0 -0.91214776 0.409861475
vn -0.851492941 0.00133145438 0.524364293
vn -0 0.912258565 0.409614891
vn -0.851492941 0.00133145438 0.524364293
vn -0 -0.91214776 0.409861475
vn 0.851492941 0.00133145438 0.524364352
vn -0 -0.71349746 0.700657845
vn -0.851492941 0.00133145438 0.524364293
vn 0.0659739226 0.000455169851 0.997821212
vn -0 -0.881798744 0.471625865
vn 0.851492941 0.00133145438 0.524364352
vn 0.51852721 -0.826909661 0.217600495
vn -0.0659731999 0.000455058587 0.997821331
vn -0 -0.865009606 -0.501755297
vn 0.281798035 -0.574659884 -0.768346131
vn 0.49709326 5.31730257E-06 0.86769706
vn 0.989701986 8.51575987E-06 -0.143143803
vn 0.49709326 5.31730257E-06 0.86769706
vn -0.51852721 -0.826909661 0.21760042
vn -0.281798214 -0.574659824 -0.76834619
vn -0.49709335 5.36609377E-06 0.86769706
vn -0.989701867 8.41586643E-06 -0.143144101
vn -0.49709335 5.36609377E-06 0.86769706
vn -0 0.881567895 0.472057253
vn 0.516125083 0.828404129 0.21762687
vn -0 0.713745832 0.700404763
vn 0.851492941 0.00133145438 0.524364352
vn -0 0.864560187 -0.502529263
vn 0.280942947 0.575762451 -0.76783371
vn 0.49709326 5.31730257E-06 0.86769706
vn 0.989701986 8.51575987E-06 -0.143143803
vn -0.516125202 0.828404188 0.217626631
vn -0.851492941 0.00133145438 0.524364293
vn -0 0.912258565 0.409614891
vn 0.851492941 0.00133145438 0.524364352
vn -0.280943155 0.575762331 -0.76783371
vn -0.49709335 5.36609377E-06 0.86769706
vn -0.989701867 8.41586643E-06 -0.143144101
vn -0.49709335 5.36609377E-06 0.86769706
vn 0.49709326 5.31730257E-06 0.86769706
vn 0.281798035 -0.574659884 -0.768346131
vn 0.989701986 8.51575987E-06 -0.143143803
vn 0.280942947 0.575762451 -0.76783371
vn 0.281798035 -0.574659884 -0.768346131
vn -0 0.864560187 -0.502529263
vn -0 -0.865009606 -0.501755297
vn 0.280942947 0.575762451 -0.76783371
vn -0.281798214 -0.574659824 -0.76834619
vn -0.280943155 0.575762331 -0.76783371
vn -0.989701867 8.41586643E-06 -0.143144101
vn -0.281798214 -0.574659824 -0.76834619
vn -0 0.864560187 -0.502529263
vn -0.280943155 0.575762331 -0.76783371
vn -0 -0.865009606 -0.501755297
vn 0.588001311 -0.637409568 0.497959495
vn -1.96861322E-07 -0.826135993 0.563470721
vn 0.76664865 -0.636643708 0.0832751095
vn -1.29692694E-07 -0.999982476 0.00592578296
vn 0.848178625 -0.524507046 0.0740624517
vn 0.662596345 -0.594648898 -0.455366671
vn -1.7557106E-07 -0.787400842 -0.616441429
vn -0 -0.946529388 -0.322617561
vn 0.837491333 -0.467843473 -0.282366484
vn -0.662596405 -0.594648719 -0.455366582
vn -0.848178744 -0.524506867 0.0740632266
vn -0.588000417 -0.637420416 0.49794656
vn -0 -0.808523595 -0.588463724
vn 0.173127711 -0.446736187 -0.877754927
vn -0.837491333 -0.467843622 -0.282366276
vn -0.766627133 -0.636662722 0.0833270028
vn -0.173128188 -0.446736187 -0.877754807
vn -0.766627133 -0.636662722 0.0833270028
vn -0 -0.992408514 0.122984551
vn 0.76664865 -0.636643708 0.0832751095
vn 0.837491333 -0.467843473 -0.282366484
vn 0.966559231 -1.69828809E-07 -0.256443739
vn 0.140763715 -0.000267658907 -0.990043163
vn 0.173127711 -0.446736187 -0.877754927
vn 0.837490916 0.467843562 -0.282367319
vn 0.173569247 0.446896195 -0.877586246
vn 0.837490916 0.467843562 -0.282367319
vn 0.977760613 0 -0.209723979
vn 0.837491333 -0.467843473 -0.282366484
vn 0.662596405 0.594648957 -0.455366403
vn 0.662596345 -0.594648898 -0.455366671
vn 0.662596405 0.594648957 -0.455366403
vn 0.989769936 1.77098087E-07 0.142672554
vn 0.662596345 -0.594648898 -0.455366671
vn 0.848178625 0.524506986 0.0740628242
vn 0.848178625 -0.524507046 0.0740624517
vn 0.848178625 0.524506986 0.0740628242
vn 0.588000894 0.637409329 0.497960031
vn 0.896268129 2.57249496E-07 0.443512797
vn 0.588001311 -0.637409568 0.497959495
vn 0.848178625 -0.524507046 0.0740624517
vn 0.588000894 0.637409329 0.497960031
vn 0.76664865 0.636643648 0.0832750648
vn 0.999998093 0 0.00194693357
vn 0.76664865 -0.636643708 0.0832751095
vn 0.588001311 -0.637409568 0.497959495
vn -0.837491333 -0.467843622 -0.282366276
vn -0.173128188 -0.446736187 -0.877754807
vn -0.140763819 -0.000267507829 -0.990043163
vn -0.966559112 0 -0.256444067
vn -0.837491155 0.467843682 -0.282366604
vn -0.173570007 0.446896136 -0.877586067
vn -0.977760613 0 -0.20972383
vn -0.837491333 -0.467843622 -0.282366276
vn -0.837491155 0.467843682 -0.282366604
vn -0.662596166 0.594648719 -0.455367059
vn -0.662596405 -0.594648719 -0.455366582
vn -0.989770055 0 0.14267166
vn -0.662596405 -0.594648719 -0.455366582
vn -0.662596166 0.594648719 -0.455367059
vn -0.848178744 0.524507165 0.0740615278
vn -0.848178744 -0.524506867 0.0740632266
vn -0.588000834 0.637420416 0.497946054
vn -0.896281421 -1.31801954E-07 0.443485618
vn -0.588000417 -0.637420416 0.49794656
vn -0.848178744 0.524507165 0.0740615278
vn -0.848178744 -0.524506867 0.0740632266
vn -0.999997973 0 0.00202728156
vn -0.588000417 -0.637420416 0.49794656
vn -0.588000834 0.637420416 0.497946054
vn -0.766627073 0.636662841 0.0833269805
vn -0.766627133 -0.636662722 0.0833270028
vn 3.97496677E-07 0.826135039 0.563472271
vn 0.76664865 0.636643648 0.0832750648
vn -0 0.992408514 0.122984521
vn -0.766627073 0.636662841 0.0833269805
vn -0.588000834 0.637420416 0.497946054
vn -0.766627073 0.636662841 0.0833269805
vn 1.2769739E-07 0.999982476 0.00592820765
vn 0.588000894 0.637409329 0.497960031
vn 0.848178625 0.524506986 0.0740628242
vn 0.662596405 0.594648957 -0.455366403
vn 0.76664865 0.636643648 0.0832750648
vn -1.68355797E-07 0.787401974 -0.616439879
vn -1.02147446E-07 0.946529269 -0.322618037
vn -0.662596166 0.594648719 -0.455367059
vn -0.837491155 0.467843682 -0.282366604
vn 0.837490916 0.467843562 -0.282367319
vn -0 0.80866462 -0.588269889
vn -0.173570007 0.446896136 -0.877586067
vn 0.173569247 0.446896195 -0.877586246
vn -0.848178744 0.524507165 0.0740615278
vn 0.173127711 -0.446736187 -0.877754927
vn 0.140763715 -0.000267658907 -0.990043163
vn -0 -0.808523595 -0.588463724
vn -0 -0.000326868816 -1
vn -0.140763819 -0.000267507829 -0.990043163
vn -0.173570007 0.446896136 -0.877586067
vn 0.173569247 0.446896195 -0.877586246
vn -0.173128188 -0.446736187 -0.877754807
vn -0 0.80866462 -0.588269889
vn 0.306044936 -0.353369713 0.884005904
vn 0.306044906 -0.353369683 0.884005904
vn 0.306044936 -0.353369683 0.884005845
vn 0.306044936 -0.353369713 0.884005845
vn 0.174048632 -0.984719396 -0.00589611335
vn 0.174048662 -0.984719396 -0.00589611428
vn 0.174048647 -0.984719396 -0.00589611381
vn 0.174048647 -0.984719396 -0.00589611381
vn 0.868445158 -0.495782673 -0.00156444078
vn 0.868445277 -0.495782703 -0.00156444102
vn 0.868445158 -0.495782673 -0.00156444078
vn 0.868445158 -0.495782673 -0.00156444078
vn 0.868445277 -0.495782703 -0.00156444102
vn -0.385089099 -0.35906148 0.850165427
vn -0.385089099 -0.359061539 0.850165367
vn -0.385089129 -0.35906148 0.850165367
vn 0.773072541 3.10013183E-06 -0.634317577
vn 0.773072541 3.10013229E-06 -0.634317577
vn 0.773072541 3.10013229E-06 -0.634317636
vn -0.311002523 -9.45097497E-07 -0.950409055
vn -0.311002493 -9.45097497E-07 -0.950409055
vn -0.311002523 -9.45097497E-07 -0.950409055
vn -0.311002553 -9.45097383E-07 -0.950409055
vn 1.42930773E-07 -0.0026998017 0.999996424
vn 2.909822E-07 -0.585608602 0.810593903
vn -0.606291771 0.00161276618 0.795240641
vn 0.606292009 0.00161269982 0.795240402
vn 2.32078875E-07 0.583168924 0.812350929
vn -0.306046009 -0.353370309 0.884005249
vn -0.306046009 -0.353370309 0.884005249
vn -0.306046009 -0.353370309 0.884005249
vn -0.306046009 -0.353370309 0.884005249
vn -0.174048662 -0.984719396 -0.00589590101
vn -0.174048662 -0.984719396 -0.00589590101
vn -0.174048647 -0.984719396 -0.00589590101
vn -0.174048662 -0.984719396 -0.00589590101
vn -0.868445158 -0.495782673 -0.00156411354
vn -0.868445158 -0.495782673 -0.00156411354
vn -0.868445158 -0.495782733 -0.00156411354
vn -0.868445158 -0.495782673 -0.00156411354
vn -0.868445158 -0.495782733 -0.00156411366
vn 0.385090083 -0.35906136 0.850165009
vn 0.385090083 -0.35906136 0.850165009
vn 0.385090083 -0.35906136 0.850165009
vn -0.773072541 2.95091013E-06 -0.634317636
vn -0.773072541 2.95091013E-06 -0.634317636
vn -0.773072541 2.95091013E-06 -0.634317577
vn 0.311002731 -1.10219787E-06 -0.950408995
vn 0.311002731 -1.10219787E-06 -0.950408995
vn 0.311002731 -1.10219776E-06 -0.950408995
vn 0.311002731 -1.10219787E-06 -0.950408995
vn 0.304659367 0.353770494 0.884324193
vn 0.304659367 0.353770465 0.884324074
vn 0.304659337 0.353770465 0.884324074
vn 0.304659337 0.353770465 0.884324074
vn 0.169165686 0.985570312 -0.00584112108
vn 0.169165686 0.985570312 -0.00584112108
vn 0.169165701 0.985570312 -0.00584112154
vn 0.169165686 0.985570312 -0.00584112108
vn 0.868436515 0.495797873 -0.00156412658
vn 0.868436515 0.495797873 -0.00156412635
vn 0.868436515 0.495797932 -0.00156412635
vn 0.868436515 0.495797873 -0.00156412658
vn 0.868436515 0.495797873 -0.00156412635
vn -0.385088325 0.359067619 0.850163221
vn -0.385088265 0.359067589 0.850163221
vn -0.385088265 0.359067589 0.850163221
vn -0.304659635 0.353770345 0.884324074
vn -0.304659605 0.353770286 0.884324074
vn -0.304659665 0.353770286 0.884324074
vn -0.304659635 0.353770286 0.884324074
vn -0.169165656 0.985570312 -0.00584128592
vn -0.169165656 0.985570312 -0.00584128592
vn -0.169165656 0.985570312 -0.00584128639
vn -0.169165641 0.985570312 -0.00584128639
vn -0.868436813 0.495797545 -0.00156447198
vn -0.868436813 0.495797545 -0.00156447198
vn -0.868436694 0.495797515 -0.00156447175
vn -0.868436813 0.495797545 -0.00156447198
vn -0.868436694 0.495797515 -0.00156447175
vn 0.385089487 0.359066486 0.850163102
vn 0.385089487 0.359066516 0.850163102
vn 0.385089487 0.359066516 0.850163102
vn -0.298799753 0.951117039 -0.0780707151
vn 0.36103636 0.529738009 0.767483115
vn -0.314108521 0.538404047 0.78195709
vn 0.337332129 0.938310564 -0.0760283694
vn -0.85054189 0.522900939 -0.0561521761
vn -0.846865773 0.317023814 0.42698279
vn -0.846865952 -0.317023396 0.426982671
vn -0.85054189 -0.522900879 -0.0561525114
vn -0.848679364 -0.264362693 -0.45810023
vn -0.848679245 0.264362752 -0.45810014
vn -0.314108521 -0.538404226 0.781956911
vn -0.314108521 0.538404047 0.78195709
vn 0.361036599 -0.529738069 0.767483056
vn 0.36103636 0.529738009 0.767483115
vn 0.877904356 -0.290590912 0.380579561
vn 0.877904356 0.290591031 0.380579412
vn 0.865688145 -0.306345075 0.395899922
vn 0.865688026 0.306345016 0.395900011
vn -0.298799574 -0.951117158 -0.0780706406
vn -0.314108521 -0.538404226 0.781956911
vn 0.337332278 -0.938310564 -0.0760284588
vn 0.361036599 -0.529738069 0.767483056
vn -0.306829572 -0.475763142 -0.824320912
vn -0.298799574 -0.951117158 -0.0780706406
vn 0.312249273 -0.486075878 -0.816229522
vn 0.337332278 -0.938310564 -0.0760284588
vn 0.361036599 -0.529738069 0.767483056
vn 0.876869857 -0.478221893 -0.0490212813
vn 0.877904356 -0.290590912 0.380579561
vn 0.782792091 -0.619903922 -0.0543672815
vn 0.876869857 -0.478221893 -0.0490212813
vn 0.865688145 -0.306345075 0.395899922
vn 0.782792091 -0.619903922 -0.0543672815
vn 0.839427471 -0.251051724 -0.482010841
vn 0.312249273 -0.486075878 -0.816229522
vn 0.876869857 -0.478221893 -0.0490212813
vn 0.876869857 -0.478221893 -0.0490212813
vn 0.842741191 -0.290378332 -0.453285456
vn 0.782792091 -0.619903922 -0.0543672815
vn 0.876869977 0.478221744 -0.0490212105
vn 0.865688026 0.306345016 0.395900011
vn 0.877904356 0.290591031 0.380579412
vn 0.782791853 0.61990416 -0.0543672033
vn 0.865688026 0.306345016 0.395900011
vn 0.876869977 0.478221744 -0.0490212105
vn 0.36103636 0.529738009 0.767483115
vn 0.782791853 0.61990416 -0.0543672033
vn 0.405153483 0.550268352 0.730106473
vn 0.865688026 0.306345016 0.395900011
vn 0.405153692 -0.550268114 0.730106473
vn 0.865688145 -0.306345075 0.395899922
vn 0.782791853 0.61990416 -0.0543672033
vn 0.379777044 0.922093391 -0.0742515698
vn 0.560277641 0.551878214 0.617672622
vn 0.426687747 0.901573539 -0.071433194
vn 0.560278058 -0.551877677 0.617672741
vn 0.842741191 0.290378332 -0.453285396
vn 0.37568441 0.506176233 -0.776303351
vn 0.37568441 0.506176233 -0.776303351
vn 0.494713604 0.495964259 -0.713637114
vn 0.560278058 -0.551877677 0.617672741
vn 0.405153692 -0.550268114 0.730106473
vn 0.426687747 0.901573539 -0.071433194
vn 0.00482891127 0.653308094 0.75707674
vn 0.560277641 0.551878214 0.617672622
vn 0.00375577947 0.997900128 -0.0646622255
vn 0.00482919393 -0.653307438 0.757077217
vn 0.560278058 -0.551877677 0.617672741
vn 0.494713604 0.495964259 -0.713637114
vn 0.00485654594 0.611843765 -0.790963769
vn 0.865688145 -0.306345075 0.395899922
vn 0.379777133 -0.922093272 -0.074251689
vn 0.782792091 -0.619903922 -0.0543672815
vn 0.375684589 -0.506176114 -0.776303351
vn 0.494713575 -0.495964229 -0.713637114
vn 0.426687807 -0.90157342 -0.0714333355
vn 0.405153692 -0.550268114 0.730106473
vn 0.494713604 0.495964259 -0.713637114
vn 0.37568441 0.506176233 -0.776303351
vn 0.865688145 -0.306345075 0.395899922
vn 0.405153692 -0.550268114 0.730106473
vn 0.560278058 -0.551877677 0.617672741
vn 0.782792091 -0.619903922 -0.0543672815
vn 0.842741191 -0.290378332 -0.453285456
vn 0.842741191 -0.290378332 -0.453285456
vn 0.37568441 0.506176233 -0.776303351
vn 0.842741191 0.290378332 -0.453285396
vn 0.560278058 -0.551877677 0.617672741
vn 0.00375611382 -0.997900128 -0.0646624267
vn 0.426687807 -0.90157342 -0.0714333355
vn 0.00482919393 -0.653307438 0.757077217
vn 0.00485668704 -0.611843467 -0.790963888
vn 0.494713575 -0.495964229 -0.713637114
vn 0.00485654594 0.611843765 -0.790963769
vn 0.494713604 0.495964259 -0.713637114
vn -0.306829572 -0.475763142 -0.824320912
vn 0.312249154 0.486075759 -0.816229582
vn -0.306829602 0.47576341 -0.824320793
vn 0.312249273 -0.486075878 -0.816229522
vn 0.839427412 0.251051843 -0.482010901
vn 0.839427471 -0.251051724 -0.482010841
vn 0.842741191 0.290378332 -0.453285396
vn 0.842741191 -0.290378332 -0.453285456
vn -0.298799753 0.951117039 -0.0780707151
vn -0.306829602 0.47576341 -0.824320793
vn 0.337332129 0.938310564 -0.0760283694
vn 0.312249154 0.486075759 -0.816229582
vn 0.312249154 0.486075759 -0.816229582
vn 0.876869977 0.478221744 -0.0490212105
vn 0.839427412 0.251051843 -0.482010901
vn 0.782791853 0.61990416 -0.0543672033
vn 0.876869977 0.478221744 -0.0490212105
vn 0.842741191 0.290378332 -0.453285396
vn 0.298799813 0.95111692 -0.0780718848
vn -0.36103636 0.529738843 0.767482519
vn -0.337332189 0.938310444 -0.076029554
vn 0.31410867 0.53840524 0.781956196
vn 0.850542068 0.522900701 -0.0561528802
vn 0.846865892 0.317023993 0.426982462
vn 0.846865952 -0.3170228 0.426983178
vn 0.850541949 -0.52290082 -0.0561519675
vn 0.848679185 -0.264363438 -0.458099902
vn 0.848679423 0.264361918 -0.458100557
vn 0.31410861 -0.538403213 0.781957746
vn 0.31410867 0.53840524 0.781956196
vn -0.361036569 -0.529737055 0.767483711
vn -0.36103636 0.529738843 0.767482519
vn -0.877904356 -0.290590465 0.380579799
vn -0.877904475 0.290591419 0.380579054
vn -0.865688205 -0.30634442 0.395900339
vn -0.865688026 0.306345433 0.395899683
vn 0.298799664 -0.951117277 -0.0780694783
vn 0.31410861 -0.538403213 0.781957746
vn -0.337332338 -0.938310564 -0.0760271847
vn -0.361036569 -0.529737055 0.767483711
vn 0.306829453 -0.475764036 -0.824320436
vn 0.298799664 -0.951117277 -0.0780694783
vn -0.312249243 -0.486076832 -0.816228867
vn -0.337332338 -0.938310564 -0.0760271847
vn -0.312249243 -0.486076832 -0.816228867
vn -0.839427412 -0.25105232 -0.482010663
vn -0.337332338 -0.938310564 -0.0760271847
vn -0.876869977 -0.478221864 -0.0490206704
vn -0.876869977 -0.478221864 -0.0490206704
vn -0.842741191 -0.290378958 -0.453285098
vn -0.782792091 -0.619903982 -0.0543664768
vn -0.876869977 0.478221714 -0.0490218811
vn -0.865688026 0.306345433 0.395899683
vn -0.782791793 0.619904101 -0.0543680377
vn -0.877904475 0.290591419 0.380579054
vn -0.36103636 0.529738843 0.767482519
vn -0.876869977 0.478221714 -0.0490218811
vn -0.782791793 0.619904101 -0.0543680377
vn -0.405153513 0.550269186 0.730105758
vn -0.379776925 0.922093272 -0.0742526874
vn -0.842741191 0.290377766 -0.453285813
vn -0.782791793 0.619904101 -0.0543680377
vn -0.865688026 0.306345433 0.395899683
vn -0.5597018 0.552259862 0.617853463
vn -0.426520377 0.901640594 -0.0715863928
vn -0.405153513 0.550269186 0.730105758
vn -0.375684232 0.50617522 -0.776304066
vn -0.842741191 0.290377766 -0.453285813
vn -0.4947896 0.495950699 -0.713593841
vn -0.375684291 -0.506177187 -0.776302814
vn -0.842741191 -0.290378958 -0.453285098
vn -0.375684291 -0.506177187 -0.776302814
vn -0.842741191 0.290377766 -0.453285813
vn -0.494789511 -0.495952427 -0.713592649
vn -0.426520377 0.901640594 -0.0715863928
vn -0.00310703972 0.536993325 0.843580782
vn -0.00330419419 0.999106705 -0.0421289355
vn -0.5597018 0.552259862 0.617853463
vn -0.00310701132 -0.536990762 0.843582392
vn -0.559701681 -0.552258551 0.617854834
vn -0.4947896 0.495950699 -0.713593841
vn -0.00504178414 0.603221297 -0.79755801
vn -0.865688026 0.306345433 0.395899683
vn -0.405153692 -0.550267339 0.730107069
vn -0.405153513 0.550269186 0.730105758
vn -0.865688205 -0.30634442 0.395900339
vn -0.379777074 -0.922093391 -0.0742505416
vn -0.426520288 -0.901640773 -0.0715842098
vn -0.559701681 -0.552258551 0.617854834
vn -0.405153513 0.550269186 0.730105758
vn -0.5597018 0.552259862 0.617853463
vn -0.494789511 -0.495952427 -0.713592649
vn -0.865688205 -0.30634442 0.395900339
vn -0.782792091 -0.619903982 -0.0543664768
vn -0.375684291 -0.506177187 -0.776302814
vn -0.842741191 -0.290378958 -0.453285098
vn -0.375684291 -0.506177187 -0.776302814
vn -0.494789511 -0.495952427 -0.713592649
vn -0.361036569 -0.529737055 0.767483711
vn -0.876869977 -0.478221864 -0.0490206704
vn -0.877904356 -0.290590465 0.380579799
vn -0.337332338 -0.938310564 -0.0760271847
vn -0.876869977 -0.478221864 -0.0490206704
vn -0.782792091 -0.619903982 -0.0543664768
vn -0.865688205 -0.30634442 0.395900339
vn -0.559701681 -0.552258551 0.617854834
vn -0.00330415135 -0.999106824 -0.0421263799
vn -0.00310701132 -0.536990762 0.843582392
vn -0.426520288 -0.901640773 -0.0715842098
vn -0.00504176458 -0.603223383 -0.797556341
vn -0.494789511 -0.495952427 -0.713592649
vn -0.00504178414 0.603221297 -0.79755801
vn -0.4947896 0.495950699 -0.713593841
vn 0.306829453 -0.475764036 -0.824320436
vn -0.312249184 0.486074835 -0.816230178
vn -0.312249243 -0.486076832 -0.816228867
vn 0.306829691 0.475762457 -0.82432133
vn -0.839427412 0.251051188 -0.482011318
vn -0.839427412 -0.25105232 -0.482010663
vn -0.842741191 0.290377766 -0.453285813
vn -0.842741191 -0.290378958 -0.453285098
vn 0.298799813 0.95111692 -0.0780718848
vn 0.306829691 0.475762457 -0.82432133
vn -0.337332189 0.938310444 -0.076029554
vn -0.312249184 0.486074835 -0.816230178
vn -0.839427412 0.251051188 -0.482011318
vn -0.312249184 0.486074835 -0.816230178
vn -0.876869977 0.478221714 -0.0490218811
vn -0.782791793 0.619904101 -0.0543680377
vn -0.842741191 0.290377766 -0.453285813
vn -0.876869977 0.478221714 -0.0490218811
vn -0.885895729 -2.92019422E-07 0.463884413
vn -0.623575091 -0.624738872 0.469952643
vn -0.883201003 -2.40903148E-07 0.468994647
vn -0.627014816 -0.62589556 0.463796437
vn -0.688447893 -0.688448191 -0.228206858
vn -0.973612666 -3.10506778E-07 -0.228206858
vn -0.6743083 -0.674308717 -0.301025033
vn -0.953616202 -1.51083299E-07 -0.301025271
vn -0.500106215 -0.500108063 0.706955254
vn -0.707257271 0 0.706956208
vn -0.498943806 -0.498944491 0.708596826
vn -0.705613852 -2.38632111E-07 0.708596587
vn -0.707074821 -0.707075119 0.00948601589
vn -0.999955058 1.01019218E-07 0.00948578026
vn -0.538508892 -0.538508832 -0.648086667
vn -0.761566579 -8.93290405E-07 -0.648086667
vn -0.58813715 -0.588136852 -0.555148363
vn -0.831750333 -1.10489293E-06 -0.555149853
vn -0.634100676 -0.634100378 0.442530125
vn -0.896753967 6.49041169E-07 0.44252947
vn -0.652988195 -0.652988136 0.383683234
vn -0.923465192 4.24682725E-07 0.38368234
vn -0.675641656 -0.675641596 -0.294986099
vn -0.955501556 0 -0.294986159
vn -0.447557926 -0.44755739 -0.774199128
vn -0.63294214 -1.17146733E-07 -0.774199128
vn -1.1364682E-07 -0.999955058 0.00948673114
vn -1.1028277E-07 -0.761566639 -0.648086488
vn -0 -0.831751347 -0.555148423
vn 6.29070712E-07 -0.896753669 0.442529947
vn 4.95463041E-07 -0.923465073 0.383682609
vn -2.26234462E-07 -0.955501556 -0.294986099
vn -3.98298965E-07 -0.63294208 -0.774199128
vn -0.588135421 0.588133872 -0.55515337
vn -0.538508952 0.538507938 -0.648087502
vn -0 0.761565804 -0.648087561
vn -3.47253433E-07 0.999954939 0.00948981848
vn 0.70707494 0.707075 0.00948931277
vn 0.498944283 0.498945832 0.708595514
vn 0.70561403 8.6362104E-07 0.708596349
vn 0.707258105 1.16453361E-06 0.706955373
vn 0.500106394 -0.500107706 0.706955373
vn 0.67430836 -0.674308419 -0.301025569
vn -1.00722204E-07 -0.953616321 -0.301024973
vn 1.49043217E-07 -0.973612607 -0.228207022
vn 0.688448131 -0.688448191 -0.228206858
vn -0.000301479566 -0.882111549 0.471040606
vn 0.623822451 -0.624724925 0.469642848
vn 1.25330885E-07 -0.707259774 0.706953764
vn 0.498944014 -0.49894467 0.708596528
vn 1.59087406E-07 -0.705614388 0.708595991
vn 0.707074821 -0.707075 0.00948663801
vn -1.1364682E-07 -0.999955058 0.00948673114
vn 0.538508534 -0.538509369 -0.648086667
vn -1.1028277E-07 -0.761566639 -0.648086488
vn 0.588135779 -0.588136792 -0.555149972
vn -0 -0.831751347 -0.555148423
vn 0.634100556 -0.634100378 0.442530513
vn 6.29070712E-07 -0.896753669 0.442529947
vn 0.652988553 -0.652988255 0.3836824
vn 4.95463041E-07 -0.923465073 0.383682609
vn 0.675641537 -0.675641716 -0.294986129
vn -2.26234462E-07 -0.955501556 -0.294986099
vn 0.447557539 -0.447557807 -0.774199069
vn 0.999955058 2.84116311E-07 0.00948711112
vn 0.761565566 -5.01788122E-07 -0.648087919
vn 0.831748128 -7.08800371E-07 -0.555153251
vn 0.896754086 1.79734528E-07 0.44252938
vn 0.923464954 1.88747848E-07 0.383682638
vn 0.955501556 0 -0.29498595
vn 0.63294214 -3.85282647E-07 -0.774199128
vn 0.538507819 0.538508534 -0.648087919
vn 0.588133872 0.588134229 -0.555154622
vn 0.634100258 0.634100616 0.442530543
vn 0.652988315 0.652988493 0.383682519
vn 0.675641596 0.675641298 -0.294986963
vn 0.447557747 0.447557002 -0.774199426
vn 0.63294214 -3.85282647E-07 -0.774199128
vn -3.75247367E-07 0.831746936 -0.55515492
vn -1.09837742E-07 0.89675343 0.442530543
vn -0 0.923464954 0.383682698
vn -1.42884886E-07 0.955501199 -0.294987172
vn 1.82228234E-07 0.632941604 -0.774199486
vn -0.634100556 0.634100497 0.442530304
vn -0.652988493 0.652988434 0.383682489
vn -0.675641596 0.675641179 -0.294987142
vn -0.447557658 0.447557241 -0.774199367
vn -0.63294214 -1.17146733E-07 -0.774199128
vn -0.63294214 -1.17146733E-07 -0.774199128
vn -0.447557926 -0.44755739 -0.774199128
vn -0 0 -1
vn -3.98298965E-07 -0.63294208 -0.774199128
vn 0.447557539 -0.447557807 -0.774199069
vn 0.63294214 -3.85282647E-07 -0.774199128
vn 0.447557747 0.447557002 -0.774199426
vn 1.82228234E-07 0.632941604 -0.774199486
vn -0.447557658 0.447557241 -0.774199367
vn -0.000301479566 -0.882111549 0.471040606
vn -0.627014816 -0.62589556 0.463796437
vn -0.00165582774 -0.884791493 0.465984255
vn 1.49043217E-07 -0.973612607 -0.228207022
vn -0.000301479566 -0.882111549 0.471040606
vn -1.00722204E-07 -0.953616321 -0.301024973
vn 1.25330885E-07 -0.707259774 0.706953764
vn 1.59087406E-07 -0.705614388 0.708595991
vn -0.00165582774 -0.884791493 0.465984255
vn -0.000301479566 -0.882111549 0.471040606
vn 0.625801265 -0.626966119 0.463989466
vn 0.883233786 9.54400821E-05 0.468932927
vn 0.886084497 0.000524368486 0.463523388
vn 0.973612666 0 -0.2282065
vn 0.953616083 2.92094398E-07 -0.30102548
vn 0.622961342 0.624683797 0.470839053
vn 0.624772847 0.626707077 0.465722084
vn 0.688447773 0.688448489 -0.22820659
vn 0.67430824 0.674308538 -0.30102548
vn 0.500108123 0.50011009 0.706952393
vn -3.78818328E-07 0.973612666 -0.228206754
vn -3.90880842E-07 0.881349862 0.472464055
vn 0.624772847 0.626707077 0.465722084
vn -4.64189952E-07 0.884165466 0.467174053
vn -6.24477707E-07 0.953616202 -0.301025271
vn 1.08620031E-06 0.707261086 0.706952393
vn 3.97718594E-07 0.705614924 0.708595514
vn -0.622958958 0.624756575 0.470745444
vn -0.624640286 0.626991928 0.465516657
vn -0.68844831 0.688447952 -0.228206798
vn -0.674308717 0.674308181 -0.301025242
vn -0.500106633 0.500107884 0.706955075
vn -0.498943865 0.498944789 0.708596587
vn -0.707075179 0.707074642 0.00948788878
vn -2.26234462E-07 -0.955501556 -0.294986099
vn -3.98298965E-07 -0.63294208 -0.774199128
vn -0.999997377 -5.54156543E-07 0.00232603098
vn -0.594699025 -0.594699681 0.540985584
vn -0.841031909 -3.74579997E-07 0.540985465
vn -0.707104564 -0.70710516 0.00232610013
vn 8.72309727E-07 -0.841031849 0.540985644
vn 7.7992388E-07 -0.999997377 0.00232607638
vn -0.707105577 0.707104146 0.00232599303
vn -0.594699681 0.594699085 0.540985465
vn -6.56777218E-07 0.999997377 0.00232600863
vn -2.36036684E-07 0.841031849 0.540985584
vn 0.707104683 0.707104981 0.00232600165
vn 0.594698966 0.594699621 0.540985703
vn 0.999997377 6.36253901E-07 0.00232599326
vn 0.84103173 4.82335849E-07 0.540985763
vn 0.707105398 -0.707104266 0.00232601142
vn 0.5946998 -0.594698906 0.540985703
vn 7.7992388E-07 -0.999997377 0.00232607638
vn 8.72309727E-07 -0.841031849 0.540985644
vn -0.841031909 -3.74579997E-07 0.540985465
vn -0.594610035 -0.594610691 0.541181266
vn -0.840906143 -2.56968178E-07 0.541180968
vn -0.594699025 -0.594699681 0.540985584
vn 4.90575587E-07 -0.840905905 0.541181326
vn 8.72309727E-07 -0.841031849 0.540985644
vn -0.594699681 0.594699085 0.540985465
vn -0.594610572 0.594610155 0.541181147
vn -2.36036684E-07 0.841031849 0.540985584
vn -4.08813065E-07 0.840905964 0.541181266
vn 0.594698966 0.594699621 0.540985703
vn 0.594610274 0.594610274 0.541181266
vn 0.84103173 4.82335849E-07 0.540985763
vn 0.840905786 4.43854162E-07 0.541181564
vn 0.5946998 -0.594698906 0.540985703
vn 0.594610572 -0.594609797 0.541181505
vn 8.72309727E-07 -0.841031849 0.540985644
vn 4.90575587E-07 -0.840905905 0.541181326
vn 0.706295371 -0.706295371 -0.0478927717
vn -0 -0.998852491 -0.0478940383
vn 0.569426358 -0.569426239 -0.592880607
vn 2.72262241E-07 -0.805290341 -0.592880666
vn 0.588818491 -0.590270698 -0.552153349
vn -0.00102652435 -0.833686531 -0.552236974
vn 0.805290699 0 -0.59288007
vn 0.998852491 3.31113938E-07 -0.0478937775
vn 0.833608568 0.000324416382 -0.552355647
vn 0.588818491 -0.590270698 -0.552153349
vn 0.569426477 0.569426239 -0.592880607
vn 0.706295013 0.706295609 -0.0478940345
vn 0.588171005 0.590823948 -0.552251518
vn -3.63016056E-07 0.80529058 -0.592880368
vn -3.99620461E-07 0.998852372 -0.0478943177
vn -6.075486E-07 0.83387655 -0.551951051
vn -0.569426477 0.569426358 -0.592880428
vn -0.706295729 0.706294894 -0.0478946604
vn -0.588059723 0.590970337 -0.55221349
vn -0.805290103 -1.81508057E-07 -0.592880964
vn -0.998852372 -2.05519058E-07 -0.0478945822
vn -0.569426 -0.569426298 -0.592880845
vn -0.706295133 -0.706295431 -0.0478947386
vn -0.589291334 -0.59004283 -0.5518924
vn -0.833523154 -2.16562412E-07 -0.552484512
vn 2.72262241E-07 -0.805290341 -0.592880666
vn -0 -0.998852491 -0.0478940383
vn -0.00102652435 -0.833686531 -0.552236974
vn -0.624640286 0.626991928 0.465516657
vn -0.833523154 -2.16562412E-07 -0.552484512
vn -0.885895729 -2.92019422E-07 0.463884413
vn -0.588059723 0.590970337 -0.55221349
vn -0.589291334 -0.59004283 -0.5518924
vn -0.627014816 -0.62589556 0.463796437
vn -0.00102652435 -0.833686531 -0.552236974
vn -0.00165582774 -0.884791493 0.465984255
vn -4.64189952E-07 0.884165466 0.467174053
vn -6.075486E-07 0.83387655 -0.551951051
vn 0.624772847 0.626707077 0.465722084
vn 0.588171005 0.590823948 -0.552251518
vn 0.886084497 0.000524368486 0.463523388
vn 0.833608568 0.000324416382 -0.552355647
vn 0.625801265 -0.626966119 0.463989466
vn 0.588818491 -0.590270698 -0.552153349
vn -0.00165582774 -0.884791493 0.465984255
vn -0.00102652435 -0.833686531 -0.552236974
g BLUE_2_HAMR_0
f 3/3/3 2/2/2 1/1/1
f 2/2/2 5/5/5 4/4/4
f 7/7/7 2/2/2 6/6/6
f 2/2/2 9/9/9 8/8/8
f 11/11/11 10/10/10 8/8/8
f 10/10/10 7/7/7 12/12/12
f 14/14/14 10/10/10 13/13/13
f 10/10/10 16/16/16 15/15/15
f 19/19/19 18/18/18 17/17/17
f 19/19/19 20/20/20 18/18/18
f 20/20/20 21/21/21 18/18/18
f 19/19/19 22/22/22 20/20/20
f 22/22/22 23/23/23 20/20/20
f 20/20/20 23/23/23 24/24/24
f 23/23/23 25/25/25 24/24/24
f 26/26/26 21/21/21 20/20/20
f 19/19/19 17/17/17 27/27/27
f 28/28/28 19/19/19 27/27/27
f 22/22/22 19/19/19 28/28/28
f 29/29/29 28/28/28 27/27/27
f 30/30/30 22/22/22 28/28/28
f 30/30/30 28/28/28 31/31/31
f 32/32/32 30/30/30 31/31/31
f 29/29/29 33/33/33 28/28/28
f 21/21/21 26/26/26 34/34/34
f 21/21/21 34/34/34 35/35/35
f 34/34/34 36/36/36 35/35/35
f 36/36/36 37/37/37 35/35/35
f 38/38/38 36/36/36 34/34/34
f 39/39/39 38/38/38 34/34/34
f 39/39/39 34/34/34 40/40/40
f 41/41/41 39/39/39 40/40/40
f 37/37/37 36/36/36 42/42/42
f 36/36/36 43/43/43 42/42/42
f 43/43/43 29/29/29 42/42/42
f 36/36/36 38/38/38 43/43/43
f 33/33/33 29/29/29 43/43/43
f 38/38/38 44/44/44 43/43/43
f 43/43/43 44/44/44 45/45/45
f 44/44/44 46/46/46 45/45/45
f 49/49/49 48/48/48 47/47/47
f 50/50/50 49/49/49 47/47/47
f 51/51/51 50/50/50 47/47/47
f 50/50/50 51/51/51 52/52/52
f 53/53/53 50/50/50 52/52/52
f 54/54/54 53/53/53 52/52/52
f 57/57/57 56/56/56 55/55/55
f 56/56/56 59/59/59 58/58/58
f 61/61/61 56/56/56 60/60/60
f 56/56/56 63/63/63 62/62/62
f 65/65/65 61/61/61 64/64/64
f 67/67/67 65/65/65 66/66/66
f 65/65/65 69/69/69 68/68/68
f 71/71/71 65/65/65 70/70/70
f 74/74/74 73/73/73 72/72/72
f 74/74/74 75/75/75 73/73/73
f 75/75/75 76/76/76 73/73/73
f 74/74/74 77/77/77 75/75/75
f 77/77/77 78/78/78 75/75/75
f 75/75/75 78/78/78 79/79/79
f 78/78/78 80/80/80 79/79/79
f 81/81/81 76/76/76 75/75/75
f 74/74/74 72/72/72 82/82/82
f 83/83/83 74/74/74 82/82/82
f 77/77/77 74/74/74 83/83/83
f 84/84/84 83/83/83 82/82/82
f 85/85/85 77/77/77 83/83/83
f 85/85/85 83/83/83 86/86/86
f 87/87/87 85/85/85 86/86/86
f 84/84/84 88/88/88 83/83/83
f 76/76/76 90/90/90 89/89/89
f 90/90/90 91/91/91 89/89/89
f 91/91/91 92/92/92 89/89/89
f 93/93/93 91/91/91 90/90/90
f 94/94/94 93/93/93 90/90/90
f 94/94/94 90/90/90 95/95/95
f 96/96/96 94/94/94 95/95/95
f 92/92/92 91/91/91 97/97/97
f 91/91/91 98/98/98 97/97/97
f 98/98/98 84/84/84 97/97/97
f 91/91/91 93/93/93 98/98/98
f 93/93/93 99/99/99 98/98/98
f 98/98/98 99/99/99 100/100/100
f 99/99/99 101/101/101 100/100/100
f 76/76/76 102/102/102 90/90/90
f 103/103/103 84/84/84 98/98/98
f 106/106/106 105/105/105 104/104/104
f 109/109/109 108/108/108 107/107/107
f 108/108/108 110/110/110 107/107/107
f 113/113/113 112/112/112 111/111/111
f 116/116/116 115/115/115 114/114/114
f 115/115/115 117/117/117 114/114/114
f 120/120/120 119/119/119 118/118/118
f 119/119/119 122/122/122 121/121/121
f 124/124/124 119/119/119 123/123/123
f 119/119/119 126/126/126 125/125/125
f 128/128/128 124/124/124 127/127/127
f 130/130/130 128/128/128 129/129/129
f 128/128/128 132/132/132 131/131/131
f 134/134/134 128/128/128 133/133/133
f 137/137/137 136/136/136 135/135/135
f 137/137/137 135/135/135 138/138/138
f 137/137/137 138/138/138 139/139/139
f 140/140/140 137/137/137 139/139/139
f 141/141/141 137/137/137 140/140/140
f 141/141/141 140/140/140 142/142/142
f 142/142/142 143/143/143 136/136/136
f 140/140/140 144/144/144 142/142/142
f 144/144/144 145/145/145 142/142/142
f 142/142/142 145/145/145 146/146/146
f 145/145/145 147/147/147 146/146/146
f 148/148/148 143/143/143 142/142/142
f 139/139/139 149/149/149 140/140/140
f 144/144/144 140/140/140 149/149/149
f 150/150/150 144/144/144 149/149/149
f 150/150/150 149/149/149 151/151/151
f 152/152/152 150/150/150 151/151/151
f 139/139/139 153/153/153 149/149/149
f 143/143/143 155/155/155 154/154/154
f 154/154/154 156/156/156 143/143/143
f 156/156/156 157/157/157 143/143/143
f 158/158/158 154/154/154 155/155/155
f 159/159/159 158/158/158 155/155/155
f 159/159/159 155/155/155 160/160/160
f 161/161/161 159/159/159 160/160/160
f 156/156/156 154/154/154 162/162/162
f 154/154/154 158/158/158 162/162/162
f 162/162/162 163/163/163 156/156/156
f 164/164/164 156/156/156 163/163/163
f 156/156/156 164/164/164 165/165/165
f 162/162/162 139/139/139 163/163/163
f 158/158/158 166/166/166 162/162/162
f 162/162/162 166/166/166 167/167/167
f 166/166/166 168/168/168 167/167/167
f 169/169/169 139/139/139 162/162/162
f 143/143/143 170/170/170 155/155/155
f 173/173/173 172/172/172 171/171/171
f 176/176/176 175/175/175 174/174/174
f 175/175/175 177/177/177 174/174/174
f 180/180/180 179/179/179 178/178/178
f 183/183/183 182/182/182 181/181/181
f 182/182/182 184/184/184 181/181/181
f 187/187/187 186/186/186 185/185/185
f 185/185/185 186/186/186 188/188/188
f 189/189/189 185/185/185 188/188/188
f 189/189/189 188/188/188 190/190/190
f 190/190/190 188/188/188 191/191/191
f 191/191/191 192/192/192 190/190/190
f 192/192/192 193/193/193 190/190/190
f 192/192/192 191/191/191 194/194/194
f 191/191/191 188/188/188 194/194/194
f 195/195/195 194/194/194 188/188/188
f 196/196/196 195/195/195 188/188/188
f 186/186/186 196/196/196 188/188/188
f 192/192/192 197/197/197 193/193/193
f 197/197/197 198/198/198 193/193/193
f 197/197/197 192/192/192 199/199/199
f 199/199/199 192/192/192 194/194/194
f 196/196/196 186/186/186 200/200/200
f 201/201/201 197/197/197 199/199/199
f 203/203/203 202/202/202 186/186/186
f 203/203/203 186/186/186 204/204/204
f 207/207/207 206/206/206 205/205/205
f 208/208/208 207/207/207 205/205/205
f 206/206/206 207/207/207 209/209/209
f 207/207/207 210/210/210 209/209/209
f 212/212/212 206/206/206 211/211/211
f 213/213/213 206/206/206 212/212/212
f 214/214/214 212/212/212 211/211/211
f 215/215/215 213/213/213 212/212/212
f 217/217/217 212/212/212 216/216/216
f 218/218/218 212/212/212 217/217/217
f 219/219/219 217/217/217 216/216/216
f 220/220/220 218/218/218 217/217/217
f 222/222/222 217/217/217 221/221/221
f 223/223/223 217/217/217 222/222/222
f 224/224/224 217/217/217 223/223/223
f 225/225/225 217/217/217 224/224/224
f 227/227/227 223/223/223 226/226/226
f 228/228/228 223/223/223 227/227/227
f 229/229/229 223/223/223 228/228/228
f 230/230/230 223/223/223 229/229/229
f 233/233/233 232/232/232 231/231/231
f 234/234/234 233/233/233 231/231/231
f 233/233/233 234/234/234 235/235/235
f 236/236/236 233/233/233 235/235/235
f 238/238/238 237/237/237 234/234/234
f 234/234/234 237/237/237 239/239/239
f 239/239/239 237/237/237 240/240/240
f 241/241/241 237/237/237 238/238/238
f 243/243/243 242/242/242 237/237/237
f 237/237/237 242/242/242 244/244/244
f 244/244/244 242/242/242 245/245/245
f 246/246/246 242/242/242 243/243/243
f 242/242/242 248/248/248 247/247/247
f 249/249/249 248/248/248 242/242/242
f 250/250/250 242/242/242 247/247/247
f 251/251/251 249/249/249 242/242/242
f 253/253/253 252/252/252 248/248/248
f 248/248/248 252/252/252 254/254/254
f 254/254/254 252/252/252 255/255/255
f 256/256/256 252/252/252 253/253/253
f 259/259/259 258/258/258 257/257/257
f 259/259/259 257/257/257 260/260/260
f 262/262/262 257/257/257 261/261/261
f 261/261/261 257/257/257 263/263/263
f 257/257/257 264/264/264 263/263/263
f 264/264/264 265/265/265 263/263/263
f 265/265/265 266/266/266 263/263/263
f 264/264/264 257/257/257 267/267/267
f 268/268/268 263/263/263 266/266/266
f 269/269/269 268/268/268 266/266/266
f 270/270/270 263/263/263 268/268/268
f 268/268/268 269/269/269 270/270/270
f 269/269/269 271/271/271 270/270/270
f 272/272/272 269/269/269 266/266/266
f 273/273/273 269/269/269 272/272/272
f 269/269/269 273/273/273 271/271/271
f 273/273/273 274/274/274 271/271/271
f 275/275/275 273/273/273 272/272/272
f 276/276/276 261/261/261 263/263/263
f 276/276/276 263/263/263 270/270/270
f 279/279/279 278/278/278 277/277/277
f 280/280/280 278/278/278 279/279/279
f 281/281/281 280/280/280 279/279/279
f 282/282/282 280/280/280 281/281/281
f 283/283/283 278/278/278 280/280/280
f 284/284/284 281/281/281 279/279/279
f 285/285/285 280/280/280 282/282/282
f 285/285/285 283/283/283 280/280/280
f 288/288/288 287/287/287 286/286/286
f 287/287/287 289/289/289 286/286/286
f 292/292/292 291/291/291 290/290/290
f 291/291/291 293/293/293 290/290/290
f 296/296/296 295/295/295 294/294/294
f 295/295/295 298/298/298 297/297/297
f 301/301/301 300/300/300 299/299/299
f 304/304/304 303/303/303 302/302/302
f 307/307/307 306/306/306 305/305/305
f 306/306/306 308/308/308 305/305/305
f 311/311/311 310/310/310 309/309/309
f 312/312/312 309/309/309 310/310/310
f 312/312/312 313/313/313 309/309/309
f 311/311/311 309/309/309 313/313/313
f 316/316/316 315/315/315 314/314/314
f 315/315/315 317/317/317 314/314/314
f 320/320/320 319/319/319 318/318/318
f 319/319/319 321/321/321 318/318/318
f 324/324/324 323/323/323 322/322/322
f 323/323/323 326/326/326 325/325/325
f 329/329/329 328/328/328 327/327/327
f 332/332/332 331/331/331 330/330/330
f 335/335/335 334/334/334 333/333/333
f 334/334/334 336/336/336 333/333/333
f 339/339/339 338/338/338 337/337/337
f 338/338/338 340/340/340 337/337/337
f 343/343/343 342/342/342 341/341/341
f 342/342/342 344/344/344 341/341/341
f 347/347/347 346/346/346 345/345/345
f 346/346/346 349/349/349 348/348/348
f 352/352/352 351/351/351 350/350/350
f 355/355/355 354/354/354 353/353/353
f 354/354/354 356/356/356 353/353/353
f 359/359/359 358/358/358 357/357/357
f 358/358/358 360/360/360 357/357/357
f 363/363/363 362/362/362 361/361/361
f 362/362/362 365/365/365 364/364/364
f 368/368/368 367/367/367 366/366/366
f 371/371/371 370/370/370 369/369/369
f 370/370/370 372/372/372 369/369/369
f 369/369/369 373/373/373 371/371/371
f 373/373/373 374/374/374 371/371/371
f 375/375/375 374/374/374 373/373/373
f 376/376/376 375/375/375 373/373/373
f 377/377/377 376/376/376 373/373/373
f 378/378/378 377/377/377 373/373/373
f 374/374/374 375/375/375 379/379/379
f 380/380/380 374/374/374 379/379/379
f 379/379/379 381/381/381 380/380/380
f 381/381/381 382/382/382 380/380/380
f 381/381/381 383/383/383 382/382/382
f 383/383/383 384/384/384 382/382/382
f 383/383/383 385/385/385 384/384/384
f 385/385/385 386/386/386 384/384/384
f 375/375/375 376/376/376 387/387/387
f 388/388/388 375/375/375 387/387/387
f 387/387/387 389/389/389 388/388/388
f 389/389/389 390/390/390 388/388/388
f 376/376/376 377/377/377 391/391/391
f 392/392/392 376/376/376 391/391/391
f 391/391/391 393/393/393 392/392/392
f 393/393/393 394/394/394 392/392/392
f 389/389/389 396/396/396 395/395/395
f 396/396/396 397/397/397 395/395/395
f 399/399/399 398/398/398 397/397/397
f 401/401/401 400/400/400 397/397/397
f 403/403/403 402/402/402 394/394/394
f 402/402/402 404/404/404 394/394/394
f 402/402/402 406/406/406 405/405/405
f 406/406/406 407/407/407 405/405/405
f 410/410/410 409/409/409 408/408/408
f 412/412/412 411/411/411 408/408/408
f 413/413/413 372/372/372 410/410/410
f 372/372/372 414/414/414 410/410/410
f 417/417/417 416/416/416 415/415/415
f 418/418/418 416/416/416 417/417/417
f 419/419/419 418/418/418 417/417/417
f 416/416/416 421/421/421 420/420/420
f 416/416/416 422/422/422 421/421/421
f 422/422/422 423/423/423 421/421/421
f 424/424/424 422/422/422 416/416/416
f 420/420/420 421/421/421 425/425/425
f 421/421/421 426/426/426 425/425/425
f 421/421/421 423/423/423 427/427/427
f 423/423/423 428/428/428 427/427/427
f 430/430/430 429/429/429 416/416/416
f 433/433/433 432/432/432 431/431/431
f 432/432/432 434/434/434 431/431/431
f 435/435/435 432/432/432 433/433/433
f 436/436/436 435/435/435 433/433/433
f 431/431/431 434/434/434 437/437/437
f 434/434/434 438/438/438 437/437/437
f 441/441/441 440/440/440 439/439/439
f 442/442/442 440/440/440 441/441/441
f 442/442/442 443/443/443 440/440/440
f 443/443/443 444/444/444 440/440/440
f 440/440/440 444/444/444 445/445/445
f 446/446/446 443/443/443 442/442/442
f 447/447/447 446/446/446 442/442/442
f 440/440/440 449/449/449 448/448/448
f 444/444/444 450/450/450 449/449/449
f 452/452/452 442/442/442 451/451/451
f 454/454/454 442/442/442 453/453/453
f 455/455/455 454/454/454 453/453/453
f 458/458/458 457/457/457 456/456/456
f 457/457/457 459/459/459 456/456/456
f 460/460/460 457/457/457 458/458/458
f 461/461/461 460/460/460 458/458/458
f 462/462/462 460/460/460 461/461/461
f 463/463/463 462/462/462 461/461/461
f 466/466/466 465/465/465 464/464/464
f 465/465/465 467/467/467 464/464/464
f 465/465/465 468/468/468 467/467/467
f 468/468/468 469/469/469 467/467/467
f 468/468/468 470/470/470 469/469/469
f 470/470/470 471/471/471 469/469/469
f 464/464/464 377/377/377 466/466/466
f 377/377/377 378/378/378 466/466/466
f 473/473/473 378/378/378 472/472/472
f 472/472/472 474/474/474 473/473/473
f 474/474/474 475/475/475 473/473/473
f 378/378/378 373/373/373 472/472/472
f 474/474/474 477/477/477 476/476/476
f 477/477/477 478/478/478 476/476/476
f 480/480/480 479/479/479 478/478/478
f 479/479/479 481/481/481 478/478/478
f 484/484/484 483/483/483 482/482/482
f 483/483/483 485/485/485 482/482/482
f 486/486/486 482/482/482 485/485/485
f 487/487/487 486/486/486 485/485/485
f 487/487/487 488/488/488 486/486/486
f 488/488/488 489/489/489 486/486/486
f 489/489/489 490/490/490 486/486/486
f 490/490/490 491/491/491 486/486/486
f 488/488/488 487/487/487 492/492/492
f 487/487/487 493/493/493 492/492/492
f 494/494/494 492/492/492 493/493/493
f 495/495/495 494/494/494 493/493/493
f 496/496/496 494/494/494 495/495/495
f 497/497/497 496/496/496 495/495/495
f 498/498/498 496/496/496 497/497/497
f 499/499/499 498/498/498 497/497/497
f 489/489/489 488/488/488 500/500/500
f 488/488/488 501/501/501 500/500/500
f 502/502/502 500/500/500 501/501/501
f 503/503/503 502/502/502 501/501/501
f 490/490/490 489/489/489 504/504/504
f 489/489/489 505/505/505 504/504/504
f 506/506/506 504/504/504 505/505/505
f 507/507/507 506/506/506 505/505/505
f 509/509/509 508/508/508 507/507/507
f 511/511/511 509/509/509 510/510/510
f 513/513/513 509/509/509 512/512/512
f 514/514/514 513/513/513 512/512/512
f 517/517/517 516/516/516 515/515/515
f 516/516/516 518/518/518 515/515/515
f 520/520/520 518/518/518 519/519/519
f 484/484/484 520/520/520 519/519/519
f 523/523/523 522/522/522 521/521/521
f 523/523/523 521/521/521 524/524/524
f 522/522/522 526/526/526 525/525/525
f 528/528/528 527/527/527 523/523/523
f 527/527/527 529/529/529 523/523/523
f 528/528/528 523/523/523 530/530/530
f 530/530/530 523/523/523 531/531/531
f 532/532/532 528/528/528 530/530/530
f 532/532/532 530/530/530 533/533/533
f 535/535/535 530/530/530 534/534/534
f 530/530/530 536/536/536 534/534/534
f 537/537/537 532/532/532 535/535/535
f 540/540/540 539/539/539 538/538/538
f 539/539/539 541/541/541 538/538/538
f 539/539/539 542/542/542 541/541/541
f 542/542/542 543/543/543 541/541/541
f 540/540/540 538/538/538 544/544/544
f 545/545/545 540/540/540 544/544/544
f 548/548/548 547/547/547 546/546/546
f 547/547/547 549/549/549 546/546/546
f 547/547/547 550/550/550 549/549/549
f 551/551/551 550/550/550 547/547/547
f 552/552/552 551/551/551 547/547/547
f 552/552/552 547/547/547 553/553/553
f 554/554/554 552/552/552 553/553/553
f 551/551/551 555/555/555 550/550/550
f 550/550/550 557/557/557 556/556/556
f 550/550/550 558/558/558 557/557/557
f 558/558/558 559/559/559 557/557/557
f 561/561/561 560/560/560 550/550/550
f 564/564/564 563/563/563 562/562/562
f 566/566/566 565/565/565 562/562/562
f 567/567/567 566/566/566 564/564/564
f 568/568/568 567/567/567 564/564/564
f 571/571/571 570/570/570 569/569/569
f 570/570/570 572/572/572 569/569/569
f 570/570/570 573/573/573 572/572/572
f 573/573/573 574/574/574 572/572/572
f 573/573/573 575/575/575 574/574/574
f 575/575/575 576/576/576 574/574/574
f 579/579/579 578/578/578 577/577/577
f 578/578/578 580/580/580 577/577/577
f 581/581/581 578/578/578 579/579/579
f 582/582/582 581/581/581 579/579/579
f 583/583/583 581/581/581 582/582/582
f 584/584/584 583/583/583 582/582/582
f 490/490/490 577/577/577 580/580/580
f 491/491/491 490/490/490 580/580/580
f 486/486/486 491/491/491 585/585/585
f 491/491/491 586/586/586 585/585/585
f 587/587/587 585/585/585 586/586/586
f 588/588/588 587/587/587 586/586/586
f 590/590/590 589/589/589 587/587/587
f 589/589/589 591/591/591 587/587/587
f 593/593/593 592/592/592 589/589/589
f 592/592/592 594/594/594 589/589/589
f 597/597/597 596/596/596 595/595/595
f 596/596/596 598/598/598 595/595/595
f 599/599/599 596/596/596 597/597/597
f 600/600/600 599/599/599 597/597/597
f 601/601/601 599/599/599 600/600/600
f 602/602/602 601/601/601 600/600/600
f 603/603/603 601/601/601 602/602/602
f 604/604/604 603/603/603 602/602/602
f 605/605/605 603/603/603 604/604/604
f 606/606/606 605/605/605 604/604/604
f 607/607/607 605/605/605 606/606/606
f 608/608/608 607/607/607 606/606/606
f 609/609/609 607/607/607 608/608/608
f 610/610/610 609/609/609 608/608/608
f 611/611/611 609/609/609 610/610/610
f 612/612/612 611/611/611 610/610/610
f 613/613/613 611/611/611 612/612/612
f 614/614/614 613/613/613 612/612/612
f 615/615/615 613/613/613 614/614/614
f 616/616/616 615/615/615 614/614/614
f 617/617/617 615/615/615 616/616/616
f 618/618/618 617/617/617 616/616/616
f 619/619/619 617/617/617 618/618/618
f 620/620/620 619/619/619 618/618/618
f 607/607/607 621/621/621 605/605/605
f 609/609/609 622/622/622 607/607/607
f 622/622/622 621/621/621 607/607/607
f 611/611/611 623/623/623 609/609/609
f 623/623/623 622/622/622 609/609/609
f 613/613/613 624/624/624 611/611/611
f 624/624/624 623/623/623 611/611/611
f 615/615/615 625/625/625 613/613/613
f 625/625/625 624/624/624 613/613/613
f 617/617/617 626/626/626 615/615/615
f 626/626/626 625/625/625 615/615/615
f 619/619/619 627/627/627 617/617/617
f 627/627/627 626/626/626 617/617/617
f 614/614/614 612/612/612 628/628/628
f 628/628/628 612/612/612 629/629/629
f 628/628/628 629/629/629 630/630/630
f 630/630/630 629/629/629 631/631/631
f 630/630/630 631/631/631 632/632/632
f 632/632/632 631/631/631 633/633/633
f 632/632/632 633/633/633 634/634/634
f 634/634/634 633/633/633 635/635/635
f 634/634/634 635/635/635 636/636/636
f 636/636/636 635/635/635 637/637/637
f 636/636/636 637/637/637 638/638/638
f 638/638/638 637/637/637 639/639/639
f 637/637/637 640/640/640 639/639/639
f 639/639/639 640/640/640 641/641/641
f 640/640/640 642/642/642 641/641/641
f 643/643/643 636/636/636 638/638/638
f 644/644/644 636/636/636 643/643/643
f 644/644/644 634/634/634 636/636/636
f 645/645/645 644/644/644 643/643/643
f 646/646/646 644/644/644 645/645/645
f 647/647/647 646/646/646 645/645/645
f 648/648/648 646/646/646 647/647/647
f 649/649/649 648/648/648 647/647/647
f 650/650/650 648/648/648 649/649/649
f 651/651/651 650/650/650 649/649/649
f 652/652/652 650/650/650 651/651/651
f 653/653/653 652/652/652 651/651/651
f 654/654/654 652/652/652 653/653/653
f 655/655/655 654/654/654 653/653/653
f 656/656/656 654/654/654 655/655/655
f 657/657/657 656/656/656 655/655/655
f 658/658/658 656/656/656 657/657/657
f 646/646/646 659/659/659 644/644/644
f 659/659/659 634/634/634 644/644/644
f 648/648/648 660/660/660 646/646/646
f 660/660/660 659/659/659 646/646/646
f 650/650/650 661/661/661 648/648/648
f 661/661/661 660/660/660 648/648/648
f 652/652/652 662/662/662 650/650/650
f 662/662/662 661/661/661 650/650/650
f 654/654/654 663/663/663 652/652/652
f 663/663/663 662/662/662 652/652/652
f 656/656/656 664/664/664 654/654/654
f 664/664/664 663/663/663 654/654/654
f 658/658/658 665/665/665 656/656/656
f 665/665/665 664/664/664 656/656/656
f 659/659/659 632/632/632 634/634/634
f 660/660/660 666/666/666 659/659/659
f 666/666/666 632/632/632 659/659/659
f 661/661/661 667/667/667 660/660/660
f 667/667/667 666/666/666 660/660/660
f 662/662/662 668/668/668 661/661/661
f 668/668/668 667/667/667 661/661/661
f 663/663/663 669/669/669 662/662/662
f 669/669/669 668/668/668 662/662/662
f 664/664/664 670/670/670 663/663/663
f 670/670/670 669/669/669 663/663/663
f 671/671/671 670/670/670 664/664/664
f 672/672/672 671/671/671 664/664/664
f 666/666/666 630/630/630 632/632/632
f 667/667/667 673/673/673 666/666/666
f 673/673/673 630/630/630 666/666/666
f 668/668/668 674/674/674 667/667/667
f 674/674/674 673/673/673 667/667/667
f 669/669/669 675/675/675 668/668/668
f 675/675/675 674/674/674 668/668/668
f 670/670/670 676/676/676 669/669/669
f 676/676/676 675/675/675 669/669/669
f 671/671/671 677/677/677 670/670/670
f 677/677/677 676/676/676 670/670/670
f 673/673/673 628/628/628 630/630/630
f 674/674/674 678/678/678 673/673/673
f 678/678/678 628/628/628 673/673/673
f 675/675/675 679/679/679 674/674/674
f 679/679/679 678/678/678 674/674/674
f 676/676/676 680/680/680 675/675/675
f 680/680/680 679/679/679 675/675/675
f 677/677/677 681/681/681 676/676/676
f 681/681/681 680/680/680 676/676/676
f 678/678/678 614/614/614 628/628/628
f 679/679/679 616/616/616 678/678/678
f 616/616/616 614/614/614 678/678/678
f 680/680/680 618/618/618 679/679/679
f 618/618/618 616/616/616 679/679/679
f 681/681/681 682/682/682 680/680/680
f 682/682/682 618/618/618 680/680/680
f 685/685/685 684/684/684 683/683/683
f 685/685/685 686/686/686 684/684/684
f 685/685/685 687/687/687 686/686/686
f 685/685/685 688/688/688 687/687/687
f 685/685/685 689/689/689 688/688/688
f 685/685/685 690/690/690 689/689/689
f 685/685/685 691/691/691 690/690/690
f 685/685/685 683/683/683 691/691/691
f 596/596/596 692/692/692 598/598/598
f 692/692/692 694/694/694 693/693/693
f 599/599/599 695/695/695 596/596/596
f 695/695/695 696/696/696 596/596/596
f 697/697/697 695/695/695 599/599/599
f 601/601/601 697/697/697 599/599/599
f 698/698/698 697/697/697 601/601/601
f 603/603/603 698/698/698 601/601/601
f 699/699/699 698/698/698 603/603/603
f 605/605/605 699/699/699 603/603/603
f 621/621/621 699/699/699 605/605/605
f 701/701/701 642/642/642 700/700/700
f 642/642/642 702/702/702 700/700/700
f 642/642/642 703/703/703 702/702/702
f 703/703/703 704/704/704 702/702/702
f 705/705/705 703/703/703 642/642/642
f 640/640/640 705/705/705 642/642/642
f 706/706/706 705/705/705 640/640/640
f 637/637/637 706/706/706 640/640/640
f 635/635/635 706/706/706 637/637/637
f 703/703/703 707/707/707 704/704/704
f 707/707/707 708/708/708 704/704/704
f 705/705/705 709/709/709 703/703/703
f 709/709/709 707/707/707 703/703/703
f 706/706/706 710/710/710 705/705/705
f 710/710/710 709/709/709 705/705/705
f 635/635/635 711/711/711 706/706/706
f 711/711/711 710/710/710 706/706/706
f 633/633/633 711/711/711 635/635/635
f 709/709/709 712/712/712 707/707/707
f 712/712/712 713/713/713 707/707/707
f 707/707/707 713/713/713 714/714/714
f 713/713/713 715/715/715 714/714/714
f 710/710/710 716/716/716 709/709/709
f 716/716/716 712/712/712 709/709/709
f 711/711/711 717/717/717 710/710/710
f 717/717/717 716/716/716 710/710/710
f 633/633/633 718/718/718 711/711/711
f 718/718/718 717/717/717 711/711/711
f 631/631/631 718/718/718 633/633/633
f 713/713/713 719/719/719 715/715/715
f 719/719/719 720/720/720 715/715/715
f 712/712/712 721/721/721 713/713/713
f 721/721/721 719/719/719 713/713/713
f 716/716/716 722/722/722 712/712/712
f 722/722/722 721/721/721 712/712/712
f 717/717/717 723/723/723 716/716/716
f 723/723/723 722/722/722 716/716/716
f 718/718/718 724/724/724 717/717/717
f 724/724/724 723/723/723 717/717/717
f 631/631/631 725/725/725 718/718/718
f 725/725/725 724/724/724 718/718/718
f 629/629/629 725/725/725 631/631/631
f 719/719/719 597/597/597 720/720/720
f 597/597/597 595/595/595 720/720/720
f 721/721/721 600/600/600 719/719/719
f 600/600/600 597/597/597 719/719/719
f 722/722/722 602/602/602 721/721/721
f 602/602/602 600/600/600 721/721/721
f 723/723/723 604/604/604 722/722/722
f 604/604/604 602/602/602 722/722/722
f 724/724/724 606/606/606 723/723/723
f 606/606/606 604/604/604 723/723/723
f 725/725/725 608/608/608 724/724/724
f 608/608/608 606/606/606 724/724/724
f 629/629/629 610/610/610 725/725/725
f 610/610/610 608/608/608 725/725/725
f 612/612/612 610/610/610 629/629/629
f 727/727/727 658/658/658 726/726/726
f 730/730/730 729/729/729 728/728/728
f 729/729/729 731/731/731 728/728/728
f 729/729/729 732/732/732 731/731/731
f 732/732/732 733/733/733 731/731/731
f 730/730/730 728/728/728 734/734/734
f 735/735/735 730/730/730 734/734/734
f 735/735/735 734/734/734 736/736/736
f 737/737/737 735/735/735 736/736/736
f 737/737/737 736/736/736 738/738/738
f 739/739/739 737/737/737 738/738/738
f 739/739/739 738/738/738 740/740/740
f 741/741/741 739/739/739 740/740/740
f 741/741/741 740/740/740 742/742/742
f 743/743/743 741/741/741 742/742/742
f 743/743/743 742/742/742 744/744/744
f 745/745/745 743/743/743 744/744/744
f 748/748/748 747/747/747 746/746/746
f 747/747/747 749/749/749 746/746/746
f 747/747/747 750/750/750 749/749/749
f 750/750/750 751/751/751 749/749/749
f 748/748/748 746/746/746 752/752/752
f 753/753/753 748/748/748 752/752/752
f 753/753/753 752/752/752 754/754/754
f 755/755/755 753/753/753 754/754/754
f 755/755/755 754/754/754 756/756/756
f 757/757/757 755/755/755 756/756/756
f 757/757/757 756/756/756 758/758/758
f 759/759/759 757/757/757 758/758/758
f 759/759/759 758/758/758 760/760/760
f 761/761/761 759/759/759 760/760/760
f 761/761/761 760/760/760 762/762/762
f 763/763/763 761/761/761 762/762/762
f 764/764/764 761/761/761 763/763/763
f 765/765/765 764/764/764 763/763/763
f 766/766/766 764/764/764 765/765/765
f 767/767/767 766/766/766 765/765/765
f 768/768/768 766/766/766 767/767/767
f 769/769/769 768/768/768 767/767/767
f 766/766/766 770/770/770 764/764/764
f 770/770/770 771/771/771 764/764/764
f 764/764/764 771/771/771 761/761/761
f 771/771/771 759/759/759 761/761/761
f 772/772/772 770/770/770 766/766/766
f 773/773/773 772/772/772 766/766/766
f 770/770/770 774/774/774 771/771/771
f 774/774/774 775/775/775 771/771/771
f 772/772/772 776/776/776 770/770/770
f 776/776/776 774/774/774 770/770/770
f 774/774/774 777/777/777 775/775/775
f 777/777/777 778/778/778 775/775/775
f 776/776/776 779/779/779 774/774/774
f 779/779/779 777/777/777 774/774/774
f 777/777/777 780/780/780 778/778/778
f 780/780/780 781/781/781 778/778/778
f 779/779/779 782/782/782 777/777/777
f 782/782/782 780/780/780 777/777/777
f 780/780/780 783/783/783 781/781/781
f 783/783/783 784/784/784 781/781/781
f 783/783/783 785/785/785 784/784/784
f 785/785/785 786/786/786 784/784/784
f 787/787/787 785/785/785 783/783/783
f 788/788/788 787/787/787 783/783/783
f 782/782/782 788/788/788 780/780/780
f 788/788/788 783/783/783 780/780/780
f 785/785/785 789/789/789 786/786/786
f 789/789/789 790/790/790 786/786/786
f 787/787/787 791/791/791 785/785/785
f 791/791/791 789/789/789 785/785/785
f 784/784/784 786/786/786 748/748/748
f 786/786/786 747/747/747 748/748/748
f 786/786/786 790/790/790 747/747/747
f 790/790/790 750/750/750 747/747/747
f 781/781/781 784/784/784 753/753/753
f 784/784/784 748/748/748 753/753/753
f 781/781/781 753/753/753 755/755/755
f 778/778/778 781/781/781 755/755/755
f 778/778/778 755/755/755 757/757/757
f 775/775/775 778/778/778 757/757/757
f 775/775/775 757/757/757 759/759/759
f 771/771/771 775/775/775 759/759/759
f 794/794/794 793/793/793 792/792/792
f 793/793/793 795/795/795 792/792/792
f 796/796/796 793/793/793 794/794/794
f 797/797/797 796/796/796 794/794/794
f 798/798/798 796/796/796 797/797/797
f 799/799/799 798/798/798 797/797/797
f 792/792/792 795/795/795 800/800/800
f 795/795/795 801/801/801 800/800/800
f 800/800/800 801/801/801 802/802/802
f 801/801/801 803/803/803 802/802/802
f 802/802/802 803/803/803 804/804/804
f 803/803/803 805/805/805 804/804/804
f 804/804/804 805/805/805 806/806/806
f 805/805/805 807/807/807 806/806/806
f 806/806/806 807/807/807 808/808/808
f 807/807/807 809/809/809 808/808/808
