g blue_war_m_pve_3_shoulderstrap
v 0.223797947 -0.00363952992 1.90987349
v 0.203760922 -0.0648213476 1.86587179
v 0.216598257 -0.00310067995 1.91012812
v 0.211083949 -0.0659326687 1.8645997
v 0.183319584 -0.112751901 1.79273951
v 0.189643383 -0.114045382 1.79015779
v 0.211660787 -0.00515118008 1.82548559
v 0.193629235 -0.0678292885 1.77147961
v 0.17062448 -0.138542831 1.72048819
v 0.164062321 -0.138213083 1.7218895
v 0.17166695 -0.100146517 1.70120871
v 0.183409646 -0.144476265 1.71064544
v 0.181816161 -0.102631792 1.68986356
v 0.198450908 -0.140186265 1.68423295
v 0.192694217 -0.108273081 1.65688753
v 0.223085403 0.0809428841 1.92823088
v 0.22935231 0.080440931 1.92762899
v 0.223183155 0.160421848 1.91348732
v 0.217171893 0.159707129 1.91291463
v 0.210942 0.228440493 1.86696136
v 0.221722007 0.0811201334 1.85496962
v 0.214879408 0.160762459 1.82939398
v 0.201339662 0.221220374 1.78536451
v 0.193899527 0.270824134 1.8060751
v 0.188201264 0.270135105 1.80770397
v 0.204305664 0.227240488 1.86739564
v 0.217171893 0.159707129 1.91291463
v 0.16987507 0.303418726 1.71878612
v 0.164004594 0.30294022 1.72058618
v 0.176322967 0.265835971 1.69513369
v 0.164004594 0.30294022 1.72058618
v 0.188201264 0.270135105 1.80770397
v 0.151816458 0.313122004 1.71778703
v 0.164004594 0.30294022 1.72058618
v 0.191250548 0.314467371 1.70306671
v 0.15798831 0.325380713 1.67577422
v 0.123428695 0.302986085 1.70035911
v 0.191250548 0.314467371 1.70306671
v 0.202222094 0.306106389 1.66836739
v 0.147070721 0.316389948 1.64245987
v 0.123428695 0.302986085 1.70035911
v 0.108869053 0.288022429 1.65544963
v 0.121821441 0.277677536 1.61624992
v 0.157634243 0.281446606 1.60448205
v 0.19010812 0.294182956 1.62904406
v 0.182594925 0.274269849 1.62209189
v 0.199660033 0.294343829 1.63875329
v 0.119718708 -0.120924242 1.61469948
v 0.105745181 -0.12671347 1.64873242
v 0.14485766 -0.151805058 1.6367842
v 0.15418683 -0.160208583 1.67825818
v 0.117369808 -0.137346208 1.697595
v 0.144750297 -0.142964423 1.71956253
v 0.183409646 -0.144476265 1.71064544
v 0.188774452 -0.128798708 1.62619567
v 0.158996955 -0.12217737 1.60275674
v 0.119718708 -0.120924242 1.61469948
v 0.183409646 -0.144476265 1.71064544
v 0.164062321 -0.138213083 1.7218895
v 0.196314737 -0.13015978 1.63992941
v 0.192694217 -0.108273081 1.65688753
v 0.196314737 -0.13015978 1.63992941
v 0.119718708 -0.120924242 1.61469948
v 0.122235239 -0.113345869 1.62707078
v 0.105745181 -0.12671347 1.64873242
v 0.143590286 -0.122392736 1.67459333
v 0.105745181 -0.12671347 1.64873242
v 0.117369808 -0.137346208 1.697595
v 0.158198044 -0.129773617 1.70648003
v 0.144750297 -0.142964423 1.71956253
v 0.142865837 -0.0920592099 1.70995021
v 0.164062321 -0.138213083 1.7218895
v 0.122235239 -0.113345869 1.62707078
v 0.164062321 -0.138213083 1.7218895
v 0.1578006 -0.0668215305 1.76279998
v 0.183319584 -0.112751901 1.79273951
v 0.176894113 0.0020746754 1.82252908
v 0.203760922 -0.0648213476 1.86587179
v 0.216598257 -0.00310067995 1.91012812
v 0.186387137 0.0806167126 1.84722853
v 0.223085403 0.0809428841 1.92823088
v 0.217171893 0.159707129 1.91291463
v 0.177599177 0.160816208 1.82393229
v 0.204305664 0.227240488 1.86739564
v 0.188201264 0.270135105 1.80770397
v 0.160422951 0.226769716 1.77050245
v 0.164004594 0.30294022 1.72058618
v 0.164004594 0.30294022 1.72058618
v 0.145101994 0.253975719 1.71849358
v 0.153778702 0.29072234 1.69189942
v 0.128140911 0.27309826 1.65569115
v 0.151816458 0.313122004 1.71778703
v 0.128140911 0.27309826 1.65569115
v 0.123428695 0.302986085 1.70035911
v 0.151816458 0.313122004 1.71778703
v 0.121821441 0.277677536 1.61624992
v 0.108869053 0.288022429 1.65544963
v 0.157634243 0.281446606 1.60448205
v 0.123428695 0.302986085 1.70035911
v 0.108869053 0.288022429 1.65544963
v 0.164062321 -0.138213083 1.7218895
v 0.183319584 -0.112751901 1.79273951
v 0.188774452 -0.128798708 1.62619567
v 0.182963863 -0.117996179 1.62805855
v 0.158996955 -0.12217737 1.60275674
v 0.188774452 -0.128798708 1.62619567
v 0.196314737 -0.13015978 1.63992941
v 0.158996955 -0.12217737 1.60275674
v 0.15811637 -0.11216148 1.62297618
v 0.119718708 -0.120924242 1.61469948
v 0.122235239 -0.113345869 1.62707078
v 0.18619661 -0.108923547 1.62167144
v 0.15811637 -0.11216148 1.62297618
v 0.182963863 -0.117996179 1.62805855
v 0.196314737 -0.13015978 1.63992941
v 0.265529841 -0.103137165 1.60652053
v 0.273410797 -0.124784708 1.62631238
v 0.192694217 -0.108273081 1.65688753
v 0.181816161 -0.102631792 1.68986356
v 0.337512821 -0.0634464175 1.75765634
v 0.415098548 -0.0746147111 1.67287719
v 0.345739663 -0.114246145 1.57366467
v 0.193629235 -0.0678292885 1.77147961
v 0.331299841 -0.0155125698 1.80817413
v 0.211660787 -0.00515118008 1.82548559
v 0.338749409 0.0394514203 1.83149695
v 0.17166695 -0.100146517 1.70120871
v 0.330497772 -0.0934884921 1.56222236
v 0.4187406 -0.0958756432 1.5475297
v 0.409275591 -0.0746186227 1.53391767
v 0.496382475 -0.0687195212 1.55635583
v 0.510608613 -0.0526467599 1.60880876
v 0.55531472 -0.0359693766 1.56465542
v 0.571281552 0.00603460008 1.6509105
v 0.58972168 0.00617509009 1.55654573
v 0.594207108 0.0837651417 1.63974774
v 0.612030745 0.0808913708 1.51849937
v 0.599013507 0.138458118 1.54777443
v 0.563273668 0.15203616 1.64762497
v 0.565931618 0.19047901 1.56415415
v 0.547418177 0.181670815 1.62795043
v 0.489969581 0.218207672 1.61290598
v 0.499770522 0.232030973 1.5575341
v 0.422542632 0.259208083 1.54737282
v 0.396850646 0.248710737 1.66224468
v 0.367383569 0.273945123 1.56054902
v 0.412087709 0.23995918 1.53475487
v 0.356717139 0.253622383 1.54779625
v 0.257364452 0.268173099 1.60972607
v 0.268324375 0.290138841 1.62777674
v 0.199660033 0.294343829 1.63875329
v 0.182594925 0.274269849 1.62209189
v 0.195004284 0.272335857 1.65760779
v 0.285515904 0.259837836 1.7006923
v 0.323827535 0.229947463 1.758883
v 0.176322967 0.265835971 1.69513369
v 0.201339662 0.221220374 1.78536451
v 0.330478251 0.178720817 1.80936062
v 0.214879408 0.160762459 1.82939398
v 0.221722007 0.0811201334 1.85496962
v 0.336829662 0.085176453 1.8473233
v 0.492088914 0.0435853004 1.79855466
v 0.46190241 -0.0296262782 1.74157202
v 0.43893981 -0.0181060117 1.78295839
v 0.526060402 0.0157421101 1.73321784
v 0.525464594 -0.0241166539 1.66288269
v 0.459777743 -0.0574574731 1.68793011
v 0.394803047 -0.0646877885 1.73087263
v 0.573215842 0.0455943681 1.66991496
v 0.563912868 0.0820493177 1.72913337
v 0.594207108 0.0837651417 1.63974774
v 0.513592422 0.0811579078 1.7992835
v 0.563273668 0.15203616 1.64762497
v 0.512995005 0.155617625 1.74048805
v 0.500245452 0.0971075073 1.8081913
v 0.473541439 0.219285548 1.67174757
v 0.500946879 0.220235407 1.64468944
v 0.569254875 0.159143791 1.64896822
v 0.443407893 0.158084288 1.78771651
v 0.399745822 0.230398893 1.72403717
v 0.369680882 0.219065279 1.77421474
v 0.410172939 0.160727918 1.80027723
v 0.441956043 0.226734534 1.69493294
v 0.468549401 0.104862504 1.81211865
v 0.473541439 0.219285548 1.67174757
v 0.571281552 0.00603460008 1.6509105
v 0.525464594 -0.0241166539 1.66288269
v 0.367941856 -0.0507194698 1.77839947
v 0.43893981 -0.0181060117 1.78295839
v 0.402131498 -0.01095019 1.79342628
v 0.547418177 0.181670815 1.62795043
v 0.563273668 0.15203616 1.64762497
v 0.569254875 0.159143791 1.64896822
v 0.199660033 0.294343829 1.63875329
v 0.195004284 0.272335857 1.65760779
v 0.202222094 0.306106389 1.66836739
v 0.202222094 0.306106389 1.66836739
v 0.176322967 0.265835971 1.69513369
v 0.191250548 0.314467371 1.70306671
v 0.16987507 0.303418726 1.71878612
v 0.575159669 0.0132893799 1.54952872
v 0.186387137 0.0806167126 1.84722853
v 0.176894113 0.0020746754 1.82252908
v 0.594285369 0.0821015835 1.51557457
v 0.543001533 -0.0217671599 1.5553236
v 0.580736279 0.137469172 1.54443574
v 0.177599177 0.160816208 1.82393229
v 0.550944924 0.17764017 1.5549401
v 0.489974588 0.21241194 1.54545915
v 0.160422951 0.226769716 1.77050245
v 0.490138799 -0.0466516502 1.54513514
v 0.1578006 -0.0668215305 1.76279998
v 0.330497772 -0.0934884921 1.56222236
v 0.409275591 -0.0746186227 1.53391767
v 0.265529841 -0.103137165 1.60652053
v 0.18619661 -0.108923547 1.62167144
v 0.142865837 -0.0920592099 1.70995021
v 0.122235239 -0.113345869 1.62707078
v 0.15811637 -0.11216148 1.62297618
v 0.257364452 0.268173099 1.60972607
v 0.356717139 0.253622383 1.54779625
v 0.182594925 0.274269849 1.62209189
v 0.145101994 0.253975719 1.71849358
v 0.128140911 0.27309826 1.65569115
v 0.157634243 0.281446606 1.60448205
v 0.412087709 0.23995918 1.53475487
v 0.575159669 0.0132893799 1.54952872
v 0.594285369 0.0821015835 1.51557457
v 0.543001533 -0.0217671599 1.5553236
v 0.594285369 0.0821015835 1.51557457
v 0.580736279 0.137469172 1.54443574
v 0.550944924 0.17764017 1.5549401
v 0.489974588 0.21241194 1.54545915
v 0.490138799 -0.0466516502 1.54513514
v 0.543001533 -0.0217671599 1.5553236
v 0.306046754 -0.0382436179 1.99742103
v 0.298902869 -0.0819890276 2.08346391
v 0.255348414 -0.0836877823 1.98204982
v 0.32570824 -0.0434155315 2.04689336
v 0.385460734 -0.031593509 2.11915135
v 0.229022503 -0.124563947 2.02438235
v 0.188050672 -0.158239082 1.9307003
v 0.248227477 -0.0933516845 1.86539292
v 0.190062612 -0.177384302 1.82762253
v 0.330700099 -0.0475894585 2.04574084
v 0.309603006 -0.0430048183 1.99682999
v 0.391643554 -0.0383655317 2.11629915
v 0.310152739 -0.0178359598 1.95422769
v 0.314348578 -0.0212561488 1.95307958
v 0.309603006 -0.0430048183 1.99682999
v 0.306046754 -0.0382436179 1.99742103
v 0.303352296 -0.01585613 1.89704216
v 0.331299841 -0.0155125698 1.80817413
v 0.290637314 -0.0955828279 1.77602947
v 0.2331011 -0.182858095 1.72525704
v 0.318920553 -0.165169507 1.63953459
v 0.415098548 -0.0746147111 1.67287719
v 0.337512821 -0.0634464175 1.75765634
v 0.419060498 -0.120348111 1.6015141
v 0.510608613 -0.0526467599 1.60880876
v 0.332618475 0.0236955583 1.93475282
v 0.314348578 -0.0212561488 1.95307958
v 0.338749409 0.0394514203 1.83149695
v 0.347507328 0.061328318 1.93286788
v 0.350670844 0.0558556579 1.93036401
v 0.337171286 0.0217605587 1.93353009
v 0.314348578 -0.0212561488 1.95307958
v 0.336829662 0.085176453 1.8473233
v 0.348278612 0.0830293372 1.93271232
v 0.333117396 0.138720497 1.93386686
v 0.315613359 0.164129764 1.88778818
v 0.330478251 0.178720817 1.80936062
v 0.317805231 0.167225093 1.94139695
v 0.277173877 0.236279964 1.83490837
v 0.236534759 0.263353318 1.93639433
v 0.184368491 0.327738464 1.9103024
v 0.220116958 0.295485556 2.01037979
v 0.307588309 0.204898536 2.00653172
v 0.283639729 0.255446702 2.07419086
v 0.326759547 0.20747675 2.04774618
v 0.386541784 0.19549875 2.11912036
v 0.306436807 0.191664219 1.96964407
v 0.193416148 0.343143165 1.80998468
v 0.323827535 0.229947463 1.758883
v 0.240342855 0.346495211 1.71298814
v 0.327908427 0.327633291 1.63587582
v 0.396850646 0.248710737 1.66224468
v 0.418904752 0.28524971 1.60229075
v 0.489969581 0.218207672 1.61290598
v 0.492444634 0.233311266 1.6043061
v 0.547418177 0.181670815 1.62795043
v 0.391558498 0.202211797 2.11662245
v 0.328287244 0.212646917 2.04271841
v 0.310122818 0.207743824 1.99939001
v 0.311252683 0.191200867 1.95791197
v 0.306436807 0.191664219 1.96964407
v 0.307588309 0.204898536 2.00653172
v 0.317805231 0.167225093 1.94139695
v 0.328287244 0.212646917 2.04271841
v 0.644225478 0.0203368794 1.76612699
v 0.617549896 -0.0156735089 1.75484204
v 0.668130875 0.000432026485 1.83139873
v 0.613596976 0.0189849492 1.70244932
v 0.577937365 -0.00507726008 1.65433836
v 0.552833557 -0.0418873206 1.71487057
v 0.516141236 -0.0641552582 1.61875582
v 0.471626908 -0.0709494501 1.70442224
v 0.424931467 -0.128171071 1.61418104
v 0.419060498 -0.120348111 1.6015141
v 0.318920553 -0.165169507 1.63953459
v 0.327472866 -0.169909269 1.65445065
v 0.2331011 -0.182858095 1.72525704
v 0.247567281 -0.184522703 1.73430741
v 0.20631358 -0.179302841 1.83064973
v 0.190062612 -0.177384302 1.82762253
v 0.205322444 -0.160142899 1.92747235
v 0.188050672 -0.158239082 1.9307003
v 0.243025184 -0.128817409 2.01422334
v 0.229022503 -0.124563947 2.02438235
v 0.314348578 -0.0212561488 1.95307958
v 0.309603006 -0.0430048183 1.99682999
v 0.307406723 -0.0879649594 2.07390356
v 0.298902869 -0.0819890276 2.08346391
v 0.385460734 -0.031593509 2.11915135
v 0.391643554 -0.0383655317 2.11629915
v 0.330700099 -0.0475894585 2.04574084
v 0.304028988 -0.0504986607 1.86023688
v 0.367941856 -0.0507194698 1.77839947
v 0.397503465 -0.0743066221 1.73863137
v 0.339491755 0.02010726 1.87711346
v 0.337171286 0.0217605587 1.93353009
v 0.34199971 0.0360103585 1.91034603
v 0.350670844 0.0558556579 1.93036401
v 0.357381582 -0.00163030997 1.8166008
v 0.402131498 -0.01095019 1.79342628
v 0.339491755 0.02010726 1.87711346
v 0.402131498 -0.01095019 1.79342628
v 0.510608613 -0.0526467599 1.60880876
v 0.571281552 0.00603460008 1.6509105
v 0.605831146 0.0288893189 1.70448625
v 0.637044251 0.0251920782 1.76961839
v 0.668130875 0.000432026485 1.83139873
v 0.665795863 0.00244920002 1.83363402
v 0.5498721 -0.0385698788 1.71693945
v 0.471626908 -0.0709494501 1.70442224
v 0.470261216 -0.065771088 1.70608115
v 0.552833557 -0.0418873206 1.71487057
v 0.617549896 -0.0156735089 1.75484204
v 0.459777743 -0.0574574731 1.68793011
v 0.525464594 -0.0241166539 1.66288269
v 0.571281552 0.00603460008 1.6509105
v 0.605831146 0.0288893189 1.70448625
v 0.61501056 -0.0132522592 1.75802028
v 0.637044251 0.0251920782 1.76961839
v 0.665795863 0.00244920002 1.83363402
v 0.617549896 -0.0156735089 1.75484204
v 0.668130875 0.000432026485 1.83139873
v 0.665795863 0.00244920002 1.83363402
v 0.394803047 -0.0646877885 1.73087263
v 0.397503465 -0.0743066221 1.73863137
v 0.367941856 -0.0507194698 1.77839947
v 0.397503465 -0.0743066221 1.73863137
v 0.349629551 0.113271892 1.93055677
v 0.330150187 0.156820014 1.93502784
v 0.34500283 0.123796873 1.90394938
v 0.341015816 0.147036105 1.87086952
v 0.311252683 0.191200867 1.95791197
v 0.312296093 0.208053201 1.85362589
v 0.202092126 0.329454035 1.90923834
v 0.211278722 0.345348924 1.81446564
v 0.193416148 0.343143165 1.80998468
v 0.184368491 0.327738464 1.9103024
v 0.235053822 0.29900676 2.00123024
v 0.310122818 0.207743824 1.99939001
v 0.295075893 0.260279864 2.06364036
v 0.328287244 0.212646917 2.04271841
v 0.391558498 0.202211797 2.11662245
v 0.255140036 0.348395675 1.72238028
v 0.369680882 0.219065279 1.77421474
v 0.337762207 0.331639737 1.64932108
v 0.404203176 0.240835339 1.732463
v 0.427180558 0.292783231 1.61621976
v 0.454825342 0.238845617 1.70805693
v 0.498362899 0.242567018 1.61423659
v 0.510316968 0.222297117 1.70554101
v 0.553980231 0.195563629 1.63619483
v 0.571180344 0.197183609 1.72387815
v 0.594968617 0.158491164 1.67367446
v 0.622714162 0.177414432 1.76107621
v 0.633247435 0.141562283 1.73977602
v 0.668666601 0.163775474 1.8312037
v 0.62651825 0.134929612 1.74546826
v 0.665575862 0.161620095 1.83323574
v 0.586929381 0.145773202 1.67142868
v 0.569254875 0.159143791 1.64896822
v 0.547418177 0.181670815 1.62795043
v 0.492444634 0.233311266 1.6043061
v 0.418904752 0.28524971 1.60229075
v 0.327908427 0.327633291 1.63587582
v 0.240342855 0.346495211 1.71298814
v 0.358606935 0.140077963 1.82718492
v 0.410172939 0.160727918 1.80027723
v 0.62651825 0.134929612 1.74546826
v 0.620618105 0.17575863 1.76374984
v 0.665575862 0.161620095 1.83323574
v 0.668666601 0.163775474 1.8312037
v 0.571368217 0.193551093 1.72559249
v 0.586929381 0.145773202 1.67142868
v 0.569254875 0.159143791 1.64896822
v 0.500946879 0.220235407 1.64468944
v 0.509171426 0.218046471 1.70720243
v 0.473541439 0.219285548 1.67174757
v 0.668666601 0.163775474 1.8312037
v 0.622714162 0.177414432 1.76107621
v 0.571180344 0.197183609 1.72387815
v 0.509171426 0.218046471 1.70720243
v 0.571368217 0.193551093 1.72559249
v 0.571180344 0.197183609 1.72387815
v 0.510316968 0.222297117 1.70554101
v 0.454825342 0.238845617 1.70805693
v 0.473541439 0.219285548 1.67174757
v 0.454825342 0.238845617 1.70805693
v 0.441956043 0.226734534 1.69493294
v 0.404203176 0.240835339 1.732463
v 0.399745822 0.230398893 1.72403717
v 0.369680882 0.219065279 1.77421474
v 0.404203176 0.240835339 1.732463
v 0.283639729 0.255446702 2.07419086
v 0.386541784 0.19549875 2.11912036
v 0.220116958 0.295485556 2.01037979
v 0.348278612 0.0830293372 1.93271232
v 0.330150187 0.156820014 1.93502784
v 0.349629551 0.113271892 1.93055677
v 0.330150187 0.156820014 1.93502784
v 0.311252683 0.191200867 1.95791197
v 0.489760548 0.093895331 1.88987088
v 0.491523623 0.0804206356 1.90777612
v 0.489935786 0.0941097811 1.90790784
v 0.477093995 0.0922531933 1.90895486
v 0.478174001 0.0795138702 1.90887189
v 0.491523623 0.0804206356 1.90777612
v 0.490552574 0.0796464682 1.89043188
v 0.475569934 0.0922317132 1.89251935
v 0.477093995 0.0922531933 1.90895486
v 0.478174001 0.0795138702 1.90887189
v 0.475948185 0.0794573128 1.89174521
v 0.498193502 0.0927472636 1.84099042
v 0.487254888 0.0715605766 1.84155905
v 0.505060196 0.0661414117 1.85153091
v 0.49095577 0.0447859801 1.82541311
v 0.480498046 0.0490681864 1.83839369
v 0.465751052 0.0337296985 1.8394897
v 0.503370166 0.0990613475 1.82462776
v 0.490362436 0.108773515 1.83325374
v 0.501684725 0.092849493 1.86390853
v 0.505060196 0.0661414117 1.85153091
v 0.509118378 0.0692835301 1.86994064
v 0.502849162 0.0784746483 1.88838315
v 0.489760548 0.093895331 1.88987088
v 0.491903484 0.12064261 1.86199081
v 0.460529208 0.105063729 1.89213681
v 0.475569934 0.0922317132 1.89251935
v 0.468514532 0.127764553 1.86945343
v 0.454218388 0.141634077 1.89751232
v 0.457218021 0.169495299 1.85884988
v 0.428640962 0.196335599 1.88761854
v 0.449256569 0.197574586 1.84453881
v 0.411187351 0.183542594 1.92472363
v 0.381682336 0.19443576 1.91321313
v 0.409711182 0.210716799 1.85863721
v 0.387666911 0.162355378 1.93742025
v 0.418276161 0.114908896 1.93102431
v 0.39625442 0.124600224 1.95278931
v 0.415205836 0.095862709 1.94792068
v 0.419389486 0.0868610963 1.92855287
v 0.419052005 0.0881852582 1.93972409
v 0.4051525 0.111559257 1.96795356
v 0.378339648 0.11219795 1.95886838
v 0.389629364 0.105856605 1.97726774
v 0.372766703 0.0846567303 1.9615562
v 0.382490158 0.0851252079 1.98013031
v 0.446500033 0.206566006 1.81025946
v 0.469057798 0.187417611 1.84461713
v 0.474813253 0.180125773 1.81156123
v 0.44027549 0.195341602 1.79689205
v 0.443407893 0.158084288 1.78771651
v 0.414296687 0.0761488006 1.94903755
v 0.364181668 0.118392237 1.94622278
v 0.357315391 0.0834016129 1.94505751
v 0.361339867 0.158340201 1.92541778
v 0.349629551 0.113271892 1.93055677
v 0.36582011 0.169315711 1.87923276
v 0.394818604 0.192077309 1.83859992
v 0.44027549 0.195341602 1.79689205
v 0.358606935 0.140077963 1.82718492
v 0.347462088 0.14928624 1.89707899
v 0.341015816 0.147036105 1.87086952
v 0.341015816 0.147036105 1.87086952
v 0.34500283 0.123796873 1.90394938
v 0.349629551 0.113271892 1.93055677
v 0.410172939 0.160727918 1.80027723
v 0.44027549 0.195341602 1.79689205
v 0.443407893 0.158084288 1.78771651
v 0.348278612 0.0830293372 1.93271232
v 0.490552574 0.0796464682 1.89043188
v 0.489760548 0.093895331 1.88987088
v 0.481158137 0.0617670827 1.8809638
v 0.48067984 0.0678066015 1.89129817
v 0.484511167 0.0579107516 1.85734189
v 0.462135345 0.0689146966 1.86087883
v 0.490552574 0.0796464682 1.89043188
v 0.475948185 0.0794573128 1.89174521
v 0.459405541 0.068737559 1.89080119
v 0.454062194 0.0876329765 1.89234459
v 0.475569934 0.0922317132 1.89251935
v 0.417312831 0.0584107004 1.93199706
v 0.410689652 0.0623729602 1.96559715
v 0.394397765 0.0475102067 1.95407009
v 0.393376142 0.0623116307 1.97617829
v 0.475948185 0.0794573128 1.89174521
v 0.453650504 0.0344061479 1.89992881
v 0.42596671 -0.0066706948 1.91512573
v 0.414411306 0.00654763961 1.93667281
v 0.440567613 0.00260090991 1.88426125
v 0.454514593 0.0316877775 1.86237299
v 0.39157775 0.0168881193 1.945925
v 0.365538627 0.0450576283 1.94706035
v 0.381229997 0.0569404066 1.9586767
v 0.393376142 0.0623116307 1.97617829
v 0.372766703 0.0846567303 1.9615562
v 0.382490158 0.0851252079 1.98013031
v 0.360595345 0.00907573011 1.92258537
v 0.390898585 -0.00286404998 1.93351686
v 0.34199971 0.0360103585 1.91034603
v 0.339491755 0.02010726 1.87711346
v 0.350670844 0.0558556579 1.93036401
v 0.357315391 0.0834016129 1.94505751
v 0.347507328 0.061328318 1.93286788
v 0.394462168 -0.0232676398 1.91706109
v 0.366438717 -0.00578790018 1.88977337
v 0.339491755 0.02010726 1.87711346
v 0.402085334 -0.0416127667 1.87711442
v 0.380094111 -0.0367775001 1.85482383
v 0.411018014 -0.0434460305 1.8387326
v 0.399023503 -0.0392969698 1.81203687
v 0.402131498 -0.01095019 1.79342628
v 0.339491755 0.02010726 1.87711346
v 0.434134126 -0.00399854966 1.84030926
v 0.422109544 -0.0421668813 1.82048416
v 0.453347087 -0.0198611896 1.82999694
v 0.492088914 0.0435853004 1.79855466
v 0.500245452 0.0971075073 1.8081913
v 0.468549401 0.104862504 1.81211865
v 0.45476374 -0.02270565 1.79758048
v 0.46986109 0.0518789105 1.83591425
v 0.462135345 0.0689146966 1.86087883
v 0.424428582 -0.0415736288 1.7988553
v 0.462135345 0.0689146966 1.86087883
v 0.43893981 -0.0181060117 1.78295839
v 0.505060196 0.0661414117 1.85153091
v 0.426183611 -0.0205081701 1.88064647
v 0.402131498 -0.01095019 1.79342628
v 0.43893981 -0.0181060117 1.78295839
v 0.475569934 0.0922317132 1.89251935
v 0.489935786 0.0941097811 1.90790784
v 0.477093995 0.0922531933 1.90895486
v 0.489760548 0.093895331 1.88987088
v 0.446819454 0.087065421 1.95302546
v 0.443897009 0.0788301975 1.95793545
v 0.453957587 0.0868592039 1.95534813
v 0.43413192 0.0784563795 1.93702483
v 0.444202185 0.0931720808 1.95842505
v 0.455220491 0.0861677378 1.97183168
v 0.455220491 0.0861677378 1.97183168
v 0.434408247 0.0947946161 1.93737543
v 0.419052005 0.0881852582 1.93972409
v 0.423366994 0.102949448 1.94780731
v 0.434729517 0.109539121 1.9701426
v 0.449708432 0.105040528 1.99264491
v 0.459228367 0.085703522 1.99597895
v 0.442949772 0.103075244 2.01482558
v 0.432419837 0.112523533 2.00007939
v 0.450467825 0.0858408809 2.01610351
v 0.428682238 0.0863949731 2.0277915
v 0.425565392 0.0699433386 1.9477905
v 0.414296687 0.0761488006 1.94903755
v 0.435252666 0.0640966818 1.96746337
v 0.449656099 0.0675304681 1.99245429
v 0.424825937 0.0595145077 2.00002384
v 0.414630413 0.0610222481 1.97496605
v 0.399279386 0.0659156293 2.00434613
v 0.393376142 0.0623116307 1.97617829
v 0.412681341 0.0680120587 2.02077103
v 0.400446147 0.0857314691 2.02092123
v 0.390384614 0.0853567496 2.00530505
v 0.382490158 0.0851252079 1.98013031
v 0.393376142 0.0623116307 1.97617829
v 0.44268626 0.0696308911 2.01542926
v 0.412681341 0.0680120587 2.02077103
v 0.410689652 0.0623729602 1.96559715
v 0.419052005 0.0881852582 1.93972409
v 0.412681341 0.0680120587 2.02077103
v 0.400446147 0.0857314691 2.02092123
v 0.41499266 0.103978343 2.02133584
v 0.442949772 0.103075244 2.01482558
v 0.419052005 0.0881852582 1.93972409
v 0.415205836 0.095862709 1.94792068
v 0.4051525 0.111559257 1.96795356
v 0.421907425 0.113463983 1.97718239
v 0.389629364 0.105856605 1.97726774
v 0.397802949 0.105123267 2.00500846
v 0.41499266 0.103978343 2.02133584
v 0.442949772 0.103075244 2.01482558
v 0.400446147 0.0857314691 2.02092123
v 0.390384614 0.0853567496 2.00530505
v 0.382490158 0.0851252079 1.98013031
v 0.478174001 0.0795138702 1.90887189
v 0.490552574 0.0796464682 1.89043188
v 0.475948185 0.0794573128 1.89174521
v 0.490552574 0.0796464682 1.89043188
v 0.478174001 0.0795138702 1.90887189
v 0.491523623 0.0804206356 1.90777612
v 0.348278612 0.0830293372 1.93271232
v 0.347507328 0.061328318 1.93286788
v 0.459405541 0.068737559 1.89080119
v -0.223797947 -0.00363952992 1.90987349
v -0.203760922 -0.0648213476 1.86587179
v -0.211083949 -0.0659326687 1.8645997
v -0.216598257 -0.00310067995 1.91012812
v -0.183319584 -0.112751901 1.79273951
v -0.189643383 -0.114045382 1.79015779
v -0.211660787 -0.00515118008 1.82548559
v -0.193629235 -0.0678292885 1.77147961
v -0.17062448 -0.138542831 1.72048819
v -0.164062321 -0.138213083 1.7218895
v -0.17166695 -0.100146517 1.70120871
v -0.183409646 -0.144476265 1.71064544
v -0.181816161 -0.102631792 1.68986356
v -0.198450908 -0.140186265 1.68423295
v -0.192694217 -0.108273081 1.65688753
v -0.223085403 0.0809428841 1.92823088
v -0.22935231 0.080440931 1.92762899
v -0.223183155 0.160421848 1.91348732
v -0.217171893 0.159707129 1.91291463
v -0.210942 0.228440493 1.86696136
v -0.221722007 0.0811201334 1.85496962
v -0.214879408 0.160762459 1.82939398
v -0.201339662 0.221220374 1.78536451
v -0.193899527 0.270824134 1.8060751
v -0.188201264 0.270135105 1.80770397
v -0.204305664 0.227240488 1.86739564
v -0.217171893 0.159707129 1.91291463
v -0.16987507 0.303418726 1.71878612
v -0.164004594 0.30294022 1.72058618
v -0.176322967 0.265835971 1.69513369
v -0.164004594 0.30294022 1.72058618
v -0.188201264 0.270135105 1.80770397
v -0.151816458 0.313122004 1.71778703
v -0.191250548 0.314467371 1.70306671
v -0.164004594 0.30294022 1.72058618
v -0.15798831 0.325380713 1.67577422
v -0.123428695 0.302986085 1.70035911
v -0.191250548 0.314467371 1.70306671
v -0.202222094 0.306106389 1.66836739
v -0.147070721 0.316389948 1.64245987
v -0.123428695 0.302986085 1.70035911
v -0.108869053 0.288022429 1.65544963
v -0.121821441 0.277677536 1.61624992
v -0.157634243 0.281446606 1.60448205
v -0.19010812 0.294182956 1.62904406
v -0.182594925 0.274269849 1.62209189
v -0.199660033 0.294343829 1.63875329
v -0.119718708 -0.120924242 1.61469948
v -0.14485766 -0.151805058 1.6367842
v -0.105745181 -0.12671347 1.64873242
v -0.15418683 -0.160208583 1.67825818
v -0.117369808 -0.137346208 1.697595
v -0.144750297 -0.142964423 1.71956253
v -0.183409646 -0.144476265 1.71064544
v -0.188774452 -0.128798708 1.62619567
v -0.158996955 -0.12217737 1.60275674
v -0.119718708 -0.120924242 1.61469948
v -0.183409646 -0.144476265 1.71064544
v -0.164062321 -0.138213083 1.7218895
v -0.196314737 -0.13015978 1.63992941
v -0.192694217 -0.108273081 1.65688753
v -0.196314737 -0.13015978 1.63992941
v -0.119718708 -0.120924242 1.61469948
v -0.105745181 -0.12671347 1.64873242
v -0.122235239 -0.113345869 1.62707078
v -0.105745181 -0.12671347 1.64873242
v -0.143590286 -0.122392736 1.67459333
v -0.117369808 -0.137346208 1.697595
v -0.158198044 -0.129773617 1.70648003
v -0.144750297 -0.142964423 1.71956253
v -0.142865837 -0.0920592099 1.70995021
v -0.164062321 -0.138213083 1.7218895
v -0.122235239 -0.113345869 1.62707078
v -0.164062321 -0.138213083 1.7218895
v -0.1578006 -0.0668215305 1.76279998
v -0.183319584 -0.112751901 1.79273951
v -0.176894113 0.0020746754 1.82252908
v -0.203760922 -0.0648213476 1.86587179
v -0.216598257 -0.00310067995 1.91012812
v -0.186387137 0.0806167126 1.84722853
v -0.223085403 0.0809428841 1.92823088
v -0.217171893 0.159707129 1.91291463
v -0.177599177 0.160816208 1.82393229
v -0.204305664 0.227240488 1.86739564
v -0.188201264 0.270135105 1.80770397
v -0.160422951 0.226769716 1.77050245
v -0.164004594 0.30294022 1.72058618
v -0.164004594 0.30294022 1.72058618
v -0.145101994 0.253975719 1.71849358
v -0.153778702 0.29072234 1.69189942
v -0.128140911 0.27309826 1.65569115
v -0.151816458 0.313122004 1.71778703
v -0.123428695 0.302986085 1.70035911
v -0.128140911 0.27309826 1.65569115
v -0.151816458 0.313122004 1.71778703
v -0.108869053 0.288022429 1.65544963
v -0.121821441 0.277677536 1.61624992
v -0.157634243 0.281446606 1.60448205
v -0.123428695 0.302986085 1.70035911
v -0.108869053 0.288022429 1.65544963
v -0.164062321 -0.138213083 1.7218895
v -0.183319584 -0.112751901 1.79273951
v -0.188774452 -0.128798708 1.62619567
v -0.158996955 -0.12217737 1.60275674
v -0.182963863 -0.117996179 1.62805855
v -0.188774452 -0.128798708 1.62619567
v -0.196314737 -0.13015978 1.63992941
v -0.158996955 -0.12217737 1.60275674
v -0.15811637 -0.11216148 1.62297618
v -0.119718708 -0.120924242 1.61469948
v -0.122235239 -0.113345869 1.62707078
v -0.18619661 -0.108923547 1.62167144
v -0.182963863 -0.117996179 1.62805855
v -0.15811637 -0.11216148 1.62297618
v -0.196314737 -0.13015978 1.63992941
v -0.265529841 -0.103137165 1.60652053
v -0.273410797 -0.124784708 1.62631238
v -0.192694217 -0.108273081 1.65688753
v -0.181816161 -0.102631792 1.68986356
v -0.337512821 -0.0634464175 1.75765634
v -0.415098548 -0.0746147111 1.67287719
v -0.345739663 -0.114246145 1.57366467
v -0.193629235 -0.0678292885 1.77147961
v -0.331299841 -0.0155125698 1.80817413
v -0.211660787 -0.00515118008 1.82548559
v -0.338749409 0.0394514203 1.83149695
v -0.17166695 -0.100146517 1.70120871
v -0.330497772 -0.0934884921 1.56222236
v -0.4187406 -0.0958756432 1.5475297
v -0.409275591 -0.0746186227 1.53391767
v -0.496382475 -0.0687195212 1.55635583
v -0.510608613 -0.0526467599 1.60880876
v -0.55531472 -0.0359693766 1.56465542
v -0.571281552 0.00603460008 1.6509105
v -0.58972168 0.00617509009 1.55654573
v -0.594207108 0.0837651417 1.63974774
v -0.612030745 0.0808913708 1.51849937
v -0.599013507 0.138458118 1.54777443
v -0.563273668 0.15203616 1.64762497
v -0.565931618 0.19047901 1.56415415
v -0.547418177 0.181670815 1.62795043
v -0.489969581 0.218207672 1.61290598
v -0.499770522 0.232030973 1.5575341
v -0.422542632 0.259208083 1.54737282
v -0.396850646 0.248710737 1.66224468
v -0.367383569 0.273945123 1.56054902
v -0.412087709 0.23995918 1.53475487
v -0.356717139 0.253622383 1.54779625
v -0.257364452 0.268173099 1.60972607
v -0.268324375 0.290138841 1.62777674
v -0.199660033 0.294343829 1.63875329
v -0.182594925 0.274269849 1.62209189
v -0.195004284 0.272335857 1.65760779
v -0.285515904 0.259837836 1.7006923
v -0.323827535 0.229947463 1.758883
v -0.176322967 0.265835971 1.69513369
v -0.201339662 0.221220374 1.78536451
v -0.330478251 0.178720817 1.80936062
v -0.214879408 0.160762459 1.82939398
v -0.221722007 0.0811201334 1.85496962
v -0.336829662 0.085176453 1.8473233
v -0.492088914 0.0435853004 1.79855466
v -0.46190241 -0.0296262782 1.74157202
v -0.526060402 0.0157421101 1.73321784
v -0.43893981 -0.0181060117 1.78295839
v -0.525464594 -0.0241166539 1.66288269
v -0.459777743 -0.0574574731 1.68793011
v -0.394803047 -0.0646877885 1.73087263
v -0.573215842 0.0455943681 1.66991496
v -0.563912868 0.0820493177 1.72913337
v -0.594207108 0.0837651417 1.63974774
v -0.513592422 0.0811579078 1.7992835
v -0.563273668 0.15203616 1.64762497
v -0.512995005 0.155617625 1.74048805
v -0.500245452 0.0971075073 1.8081913
v -0.473541439 0.219285548 1.67174757
v -0.500946879 0.220235407 1.64468944
v -0.569254875 0.159143791 1.64896822
v -0.443407893 0.158084288 1.78771651
v -0.399745822 0.230398893 1.72403717
v -0.369680882 0.219065279 1.77421474
v -0.410172939 0.160727918 1.80027723
v -0.441956043 0.226734534 1.69493294
v -0.468549401 0.104862504 1.81211865
v -0.473541439 0.219285548 1.67174757
v -0.571281552 0.00603460008 1.6509105
v -0.525464594 -0.0241166539 1.66288269
v -0.367941856 -0.0507194698 1.77839947
v -0.402131498 -0.01095019 1.79342628
v -0.43893981 -0.0181060117 1.78295839
v -0.547418177 0.181670815 1.62795043
v -0.569254875 0.159143791 1.64896822
v -0.563273668 0.15203616 1.64762497
v -0.199660033 0.294343829 1.63875329
v -0.202222094 0.306106389 1.66836739
v -0.195004284 0.272335857 1.65760779
v -0.202222094 0.306106389 1.66836739
v -0.176322967 0.265835971 1.69513369
v -0.191250548 0.314467371 1.70306671
v -0.16987507 0.303418726 1.71878612
v -0.575159669 0.0132893799 1.54952872
v -0.186387137 0.0806167126 1.84722853
v -0.594285369 0.0821015835 1.51557457
v -0.176894113 0.0020746754 1.82252908
v -0.543001533 -0.0217671599 1.5553236
v -0.580736279 0.137469172 1.54443574
v -0.177599177 0.160816208 1.82393229
v -0.550944924 0.17764017 1.5549401
v -0.489974588 0.21241194 1.54545915
v -0.160422951 0.226769716 1.77050245
v -0.490138799 -0.0466516502 1.54513514
v -0.1578006 -0.0668215305 1.76279998
v -0.330497772 -0.0934884921 1.56222236
v -0.409275591 -0.0746186227 1.53391767
v -0.265529841 -0.103137165 1.60652053
v -0.18619661 -0.108923547 1.62167144
v -0.142865837 -0.0920592099 1.70995021
v -0.122235239 -0.113345869 1.62707078
v -0.15811637 -0.11216148 1.62297618
v -0.257364452 0.268173099 1.60972607
v -0.356717139 0.253622383 1.54779625
v -0.182594925 0.274269849 1.62209189
v -0.145101994 0.253975719 1.71849358
v -0.128140911 0.27309826 1.65569115
v -0.157634243 0.281446606 1.60448205
v -0.412087709 0.23995918 1.53475487
v -0.575159669 0.0132893799 1.54952872
v -0.594285369 0.0821015835 1.51557457
v -0.543001533 -0.0217671599 1.5553236
v -0.594285369 0.0821015835 1.51557457
v -0.580736279 0.137469172 1.54443574
v -0.550944924 0.17764017 1.5549401
v -0.489974588 0.21241194 1.54545915
v -0.490138799 -0.0466516502 1.54513514
v -0.543001533 -0.0217671599 1.5553236
v -0.306046754 -0.0382436179 1.99742103
v -0.298902869 -0.0819890276 2.08346391
v -0.32570824 -0.0434155315 2.04689336
v -0.255348414 -0.0836877823 1.98204982
v -0.385460734 -0.031593509 2.11915135
v -0.229022503 -0.124563947 2.02438235
v -0.188050672 -0.158239082 1.9307003
v -0.248227477 -0.0933516845 1.86539292
v -0.190062612 -0.177384302 1.82762253
v -0.330700099 -0.0475894585 2.04574084
v -0.309603006 -0.0430048183 1.99682999
v -0.391643554 -0.0383655317 2.11629915
v -0.310152739 -0.0178359598 1.95422769
v -0.314348578 -0.0212561488 1.95307958
v -0.309603006 -0.0430048183 1.99682999
v -0.306046754 -0.0382436179 1.99742103
v -0.303352296 -0.01585613 1.89704216
v -0.331299841 -0.0155125698 1.80817413
v -0.290637314 -0.0955828279 1.77602947
v -0.2331011 -0.182858095 1.72525704
v -0.318920553 -0.165169507 1.63953459
v -0.415098548 -0.0746147111 1.67287719
v -0.337512821 -0.0634464175 1.75765634
v -0.419060498 -0.120348111 1.6015141
v -0.510608613 -0.0526467599 1.60880876
v -0.332618475 0.0236955583 1.93475282
v -0.314348578 -0.0212561488 1.95307958
v -0.338749409 0.0394514203 1.83149695
v -0.347507328 0.061328318 1.93286788
v -0.350670844 0.0558556579 1.93036401
v -0.337171286 0.0217605587 1.93353009
v -0.314348578 -0.0212561488 1.95307958
v -0.336829662 0.085176453 1.8473233
v -0.348278612 0.0830293372 1.93271232
v -0.333117396 0.138720497 1.93386686
v -0.315613359 0.164129764 1.88778818
v -0.330478251 0.178720817 1.80936062
v -0.317805231 0.167225093 1.94139695
v -0.277173877 0.236279964 1.83490837
v -0.236534759 0.263353318 1.93639433
v -0.184368491 0.327738464 1.9103024
v -0.220116958 0.295485556 2.01037979
v -0.307588309 0.204898536 2.00653172
v -0.283639729 0.255446702 2.07419086
v -0.326759547 0.20747675 2.04774618
v -0.386541784 0.19549875 2.11912036
v -0.306436807 0.191664219 1.96964407
v -0.193416148 0.343143165 1.80998468
v -0.323827535 0.229947463 1.758883
v -0.240342855 0.346495211 1.71298814
v -0.327908427 0.327633291 1.63587582
v -0.396850646 0.248710737 1.66224468
v -0.418904752 0.28524971 1.60229075
v -0.489969581 0.218207672 1.61290598
v -0.492444634 0.233311266 1.6043061
v -0.547418177 0.181670815 1.62795043
v -0.391558498 0.202211797 2.11662245
v -0.328287244 0.212646917 2.04271841
v -0.310122818 0.207743824 1.99939001
v -0.311252683 0.191200867 1.95791197
v -0.306436807 0.191664219 1.96964407
v -0.307588309 0.204898536 2.00653172
v -0.317805231 0.167225093 1.94139695
v -0.328287244 0.212646917 2.04271841
v -0.644225478 0.0203368794 1.76612699
v -0.668130875 0.000432026485 1.83139873
v -0.617549896 -0.0156735089 1.75484204
v -0.613596976 0.0189849492 1.70244932
v -0.577937365 -0.00507726008 1.65433836
v -0.552833557 -0.0418873206 1.71487057
v -0.516141236 -0.0641552582 1.61875582
v -0.471626908 -0.0709494501 1.70442224
v -0.424931467 -0.128171071 1.61418104
v -0.419060498 -0.120348111 1.6015141
v -0.318920553 -0.165169507 1.63953459
v -0.327472866 -0.169909269 1.65445065
v -0.2331011 -0.182858095 1.72525704
v -0.247567281 -0.184522703 1.73430741
v -0.20631358 -0.179302841 1.83064973
v -0.190062612 -0.177384302 1.82762253
v -0.205322444 -0.160142899 1.92747235
v -0.188050672 -0.158239082 1.9307003
v -0.243025184 -0.128817409 2.01422334
v -0.229022503 -0.124563947 2.02438235
v -0.314348578 -0.0212561488 1.95307958
v -0.309603006 -0.0430048183 1.99682999
v -0.307406723 -0.0879649594 2.07390356
v -0.298902869 -0.0819890276 2.08346391
v -0.385460734 -0.031593509 2.11915135
v -0.391643554 -0.0383655317 2.11629915
v -0.330700099 -0.0475894585 2.04574084
v -0.304028988 -0.0504986607 1.86023688
v -0.367941856 -0.0507194698 1.77839947
v -0.397503465 -0.0743066221 1.73863137
v -0.339491755 0.02010726 1.87711346
v -0.337171286 0.0217605587 1.93353009
v -0.34199971 0.0360103585 1.91034603
v -0.350670844 0.0558556579 1.93036401
v -0.357381582 -0.00163030997 1.8166008
v -0.402131498 -0.01095019 1.79342628
v -0.339491755 0.02010726 1.87711346
v -0.402131498 -0.01095019 1.79342628
v -0.510608613 -0.0526467599 1.60880876
v -0.571281552 0.00603460008 1.6509105
v -0.605831146 0.0288893189 1.70448625
v -0.637044251 0.0251920782 1.76961839
v -0.668130875 0.000432026485 1.83139873
v -0.665795863 0.00244920002 1.83363402
v -0.5498721 -0.0385698788 1.71693945
v -0.471626908 -0.0709494501 1.70442224
v -0.552833557 -0.0418873206 1.71487057
v -0.470261216 -0.065771088 1.70608115
v -0.617549896 -0.0156735089 1.75484204
v -0.459777743 -0.0574574731 1.68793011
v -0.525464594 -0.0241166539 1.66288269
v -0.571281552 0.00603460008 1.6509105
v -0.605831146 0.0288893189 1.70448625
v -0.61501056 -0.0132522592 1.75802028
v -0.637044251 0.0251920782 1.76961839
v -0.665795863 0.00244920002 1.83363402
v -0.617549896 -0.0156735089 1.75484204
v -0.668130875 0.000432026485 1.83139873
v -0.665795863 0.00244920002 1.83363402
v -0.394803047 -0.0646877885 1.73087263
v -0.397503465 -0.0743066221 1.73863137
v -0.367941856 -0.0507194698 1.77839947
v -0.397503465 -0.0743066221 1.73863137
v -0.349629551 0.113271892 1.93055677
v -0.34500283 0.123796873 1.90394938
v -0.330150187 0.156820014 1.93502784
v -0.341015816 0.147036105 1.87086952
v -0.311252683 0.191200867 1.95791197
v -0.312296093 0.208053201 1.85362589
v -0.202092126 0.329454035 1.90923834
v -0.211278722 0.345348924 1.81446564
v -0.193416148 0.343143165 1.80998468
v -0.184368491 0.327738464 1.9103024
v -0.235053822 0.29900676 2.00123024
v -0.310122818 0.207743824 1.99939001
v -0.295075893 0.260279864 2.06364036
v -0.328287244 0.212646917 2.04271841
v -0.391558498 0.202211797 2.11662245
v -0.255140036 0.348395675 1.72238028
v -0.369680882 0.219065279 1.77421474
v -0.337762207 0.331639737 1.64932108
v -0.404203176 0.240835339 1.732463
v -0.427180558 0.292783231 1.61621976
v -0.454825342 0.238845617 1.70805693
v -0.498362899 0.242567018 1.61423659
v -0.510316968 0.222297117 1.70554101
v -0.553980231 0.195563629 1.63619483
v -0.571180344 0.197183609 1.72387815
v -0.594968617 0.158491164 1.67367446
v -0.622714162 0.177414432 1.76107621
v -0.633247435 0.141562283 1.73977602
v -0.668666601 0.163775474 1.8312037
v -0.62651825 0.134929612 1.74546826
v -0.665575862 0.161620095 1.83323574
v -0.586929381 0.145773202 1.67142868
v -0.569254875 0.159143791 1.64896822
v -0.547418177 0.181670815 1.62795043
v -0.492444634 0.233311266 1.6043061
v -0.418904752 0.28524971 1.60229075
v -0.327908427 0.327633291 1.63587582
v -0.240342855 0.346495211 1.71298814
v -0.358606935 0.140077963 1.82718492
v -0.410172939 0.160727918 1.80027723
v -0.62651825 0.134929612 1.74546826
v -0.665575862 0.161620095 1.83323574
v -0.620618105 0.17575863 1.76374984
v -0.668666601 0.163775474 1.8312037
v -0.571368217 0.193551093 1.72559249
v -0.586929381 0.145773202 1.67142868
v -0.569254875 0.159143791 1.64896822
v -0.500946879 0.220235407 1.64468944
v -0.509171426 0.218046471 1.70720243
v -0.473541439 0.219285548 1.67174757
v -0.668666601 0.163775474 1.8312037
v -0.622714162 0.177414432 1.76107621
v -0.571368217 0.193551093 1.72559249
v -0.571180344 0.197183609 1.72387815
v -0.509171426 0.218046471 1.70720243
v -0.571180344 0.197183609 1.72387815
v -0.510316968 0.222297117 1.70554101
v -0.454825342 0.238845617 1.70805693
v -0.454825342 0.238845617 1.70805693
v -0.473541439 0.219285548 1.67174757
v -0.441956043 0.226734534 1.69493294
v -0.404203176 0.240835339 1.732463
v -0.369680882 0.219065279 1.77421474
v -0.399745822 0.230398893 1.72403717
v -0.404203176 0.240835339 1.732463
v -0.283639729 0.255446702 2.07419086
v -0.386541784 0.19549875 2.11912036
v -0.220116958 0.295485556 2.01037979
v -0.330150187 0.156820014 1.93502784
v -0.311252683 0.191200867 1.95791197
v -0.330150187 0.156820014 1.93502784
v -0.348278612 0.0830293372 1.93271232
v -0.349629551 0.113271892 1.93055677
v -0.489760548 0.093895331 1.88987088
v -0.491523623 0.0804206356 1.90777612
v -0.490552574 0.0796464682 1.89043188
v -0.491523623 0.0804206356 1.90777612
v -0.489935786 0.0941097811 1.90790784
v -0.477093995 0.0922531933 1.90895486
v -0.478174001 0.0795138702 1.90887189
v -0.475569934 0.0922317132 1.89251935
v -0.477093995 0.0922531933 1.90895486
v -0.478174001 0.0795138702 1.90887189
v -0.475948185 0.0794573128 1.89174521
v -0.498193502 0.0927472636 1.84099042
v -0.505060196 0.0661414117 1.85153091
v -0.487254888 0.0715605766 1.84155905
v -0.49095577 0.0447859801 1.82541311
v -0.480498046 0.0490681864 1.83839369
v -0.465751052 0.0337296985 1.8394897
v -0.503370166 0.0990613475 1.82462776
v -0.490362436 0.108773515 1.83325374
v -0.501684725 0.092849493 1.86390853
v -0.505060196 0.0661414117 1.85153091
v -0.509118378 0.0692835301 1.86994064
v -0.502849162 0.0784746483 1.88838315
v -0.489760548 0.093895331 1.88987088
v -0.491903484 0.12064261 1.86199081
v -0.460529208 0.105063729 1.89213681
v -0.475569934 0.0922317132 1.89251935
v -0.468514532 0.127764553 1.86945343
v -0.454218388 0.141634077 1.89751232
v -0.457218021 0.169495299 1.85884988
v -0.428640962 0.196335599 1.88761854
v -0.449256569 0.197574586 1.84453881
v -0.411187351 0.183542594 1.92472363
v -0.381682336 0.19443576 1.91321313
v -0.409711182 0.210716799 1.85863721
v -0.387666911 0.162355378 1.93742025
v -0.418276161 0.114908896 1.93102431
v -0.39625442 0.124600224 1.95278931
v -0.415205836 0.095862709 1.94792068
v -0.419389486 0.0868610963 1.92855287
v -0.419052005 0.0881852582 1.93972409
v -0.4051525 0.111559257 1.96795356
v -0.378339648 0.11219795 1.95886838
v -0.389629364 0.105856605 1.97726774
v -0.372766703 0.0846567303 1.9615562
v -0.382490158 0.0851252079 1.98013031
v -0.446500033 0.206566006 1.81025946
v -0.469057798 0.187417611 1.84461713
v -0.474813253 0.180125773 1.81156123
v -0.44027549 0.195341602 1.79689205
v -0.443407893 0.158084288 1.78771651
v -0.414296687 0.0761488006 1.94903755
v -0.417312831 0.0584107004 1.93199706
v -0.410689652 0.0623729602 1.96559715
v -0.394397765 0.0475102067 1.95407009
v -0.393376142 0.0623116307 1.97617829
v -0.459405541 0.068737559 1.89080119
v -0.454062194 0.0876329765 1.89234459
v -0.475569934 0.0922317132 1.89251935
v -0.475948185 0.0794573128 1.89174521
v -0.475948185 0.0794573128 1.89174521
v -0.48067984 0.0678066015 1.89129817
v -0.490552574 0.0796464682 1.89043188
v -0.481158137 0.0617670827 1.8809638
v -0.484511167 0.0579107516 1.85734189
v -0.462135345 0.0689146966 1.86087883
v -0.459405541 0.068737559 1.89080119
v -0.489760548 0.093895331 1.88987088
v -0.490552574 0.0796464682 1.89043188
v -0.505060196 0.0661414117 1.85153091
v -0.462135345 0.0689146966 1.86087883
v -0.46986109 0.0518789105 1.83591425
v -0.480498046 0.0490681864 1.83839369
v -0.454514593 0.0316877775 1.86237299
v -0.434134126 -0.00399854966 1.84030926
v -0.453347087 -0.0198611896 1.82999694
v -0.492088914 0.0435853004 1.79855466
v -0.500245452 0.0971075073 1.8081913
v -0.468549401 0.104862504 1.81211865
v -0.45476374 -0.02270565 1.79758048
v -0.422109544 -0.0421668813 1.82048416
v -0.411018014 -0.0434460305 1.8387326
v -0.424428582 -0.0415736288 1.7988553
v -0.426183611 -0.0205081701 1.88064647
v -0.440567613 0.00260090991 1.88426125
v -0.453650504 0.0344061479 1.89992881
v -0.42596671 -0.0066706948 1.91512573
v -0.414411306 0.00654763961 1.93667281
v -0.390898585 -0.00286404998 1.93351686
v -0.39157775 0.0168881193 1.945925
v -0.360595345 0.00907573011 1.92258537
v -0.365538627 0.0450576283 1.94706035
v -0.381229997 0.0569404066 1.9586767
v -0.393376142 0.0623116307 1.97617829
v -0.372766703 0.0846567303 1.9615562
v -0.382490158 0.0851252079 1.98013031
v -0.34199971 0.0360103585 1.91034603
v -0.339491755 0.02010726 1.87711346
v -0.350670844 0.0558556579 1.93036401
v -0.357315391 0.0834016129 1.94505751
v -0.347507328 0.061328318 1.93286788
v -0.394462168 -0.0232676398 1.91706109
v -0.366438717 -0.00578790018 1.88977337
v -0.339491755 0.02010726 1.87711346
v -0.402085334 -0.0416127667 1.87711442
v -0.380094111 -0.0367775001 1.85482383
v -0.399023503 -0.0392969698 1.81203687
v -0.402131498 -0.01095019 1.79342628
v -0.339491755 0.02010726 1.87711346
v -0.402131498 -0.01095019 1.79342628
v -0.43893981 -0.0181060117 1.78295839
v -0.43893981 -0.0181060117 1.78295839
v -0.475569934 0.0922317132 1.89251935
v -0.489935786 0.0941097811 1.90790784
v -0.489760548 0.093895331 1.88987088
v -0.477093995 0.0922531933 1.90895486
v -0.446819454 0.087065421 1.95302546
v -0.453957587 0.0868592039 1.95534813
v -0.443897009 0.0788301975 1.95793545
v -0.43413192 0.0784563795 1.93702483
v -0.444202185 0.0931720808 1.95842505
v -0.455220491 0.0861677378 1.97183168
v -0.455220491 0.0861677378 1.97183168
v -0.434408247 0.0947946161 1.93737543
v -0.419052005 0.0881852582 1.93972409
v -0.423366994 0.102949448 1.94780731
v -0.434729517 0.109539121 1.9701426
v -0.449708432 0.105040528 1.99264491
v -0.459228367 0.085703522 1.99597895
v -0.442949772 0.103075244 2.01482558
v -0.432419837 0.112523533 2.00007939
v -0.450467825 0.0858408809 2.01610351
v -0.428682238 0.0863949731 2.0277915
v -0.425565392 0.0699433386 1.9477905
v -0.419052005 0.0881852582 1.93972409
v -0.414296687 0.0761488006 1.94903755
v -0.449656099 0.0675304681 1.99245429
v -0.435252666 0.0640966818 1.96746337
v -0.424825937 0.0595145077 2.00002384
v -0.414630413 0.0610222481 1.97496605
v -0.399279386 0.0659156293 2.00434613
v -0.393376142 0.0623116307 1.97617829
v -0.412681341 0.0680120587 2.02077103
v -0.400446147 0.0857314691 2.02092123
v -0.390384614 0.0853567496 2.00530505
v -0.382490158 0.0851252079 1.98013031
v -0.393376142 0.0623116307 1.97617829
v -0.44268626 0.0696308911 2.01542926
v -0.412681341 0.0680120587 2.02077103
v -0.412681341 0.0680120587 2.02077103
v -0.400446147 0.0857314691 2.02092123
v -0.41499266 0.103978343 2.02133584
v -0.442949772 0.103075244 2.01482558
v -0.410689652 0.0623729602 1.96559715
v -0.419052005 0.0881852582 1.93972409
v -0.415205836 0.095862709 1.94792068
v -0.4051525 0.111559257 1.96795356
v -0.421907425 0.113463983 1.97718239
v -0.389629364 0.105856605 1.97726774
v -0.397802949 0.105123267 2.00500846
v -0.41499266 0.103978343 2.02133584
v -0.442949772 0.103075244 2.01482558
v -0.400446147 0.0857314691 2.02092123
v -0.390384614 0.0853567496 2.00530505
v -0.382490158 0.0851252079 1.98013031
v -0.462135345 0.0689146966 1.86087883
v -0.478174001 0.0795138702 1.90887189
v -0.490552574 0.0796464682 1.89043188
v -0.491523623 0.0804206356 1.90777612
v -0.490552574 0.0796464682 1.89043188
v -0.478174001 0.0795138702 1.90887189
v -0.475948185 0.0794573128 1.89174521
v -0.394818604 0.192077309 1.83859992
v -0.44027549 0.195341602 1.79689205
v -0.36582011 0.169315711 1.87923276
v -0.358606935 0.140077963 1.82718492
v -0.361339867 0.158340201 1.92541778
v -0.364181668 0.118392237 1.94622278
v -0.357315391 0.0834016129 1.94505751
v -0.349629551 0.113271892 1.93055677
v -0.347462088 0.14928624 1.89707899
v -0.341015816 0.147036105 1.87086952
v -0.341015816 0.147036105 1.87086952
v -0.34500283 0.123796873 1.90394938
v -0.349629551 0.113271892 1.93055677
v -0.348278612 0.0830293372 1.93271232
v -0.410172939 0.160727918 1.80027723
v -0.44027549 0.195341602 1.79689205
v -0.443407893 0.158084288 1.78771651
v -0.348278612 0.0830293372 1.93271232
v -0.347507328 0.061328318 1.93286788
vt 0.265255243 0.527966976
vt 0.231752813 0.49033165
vt 0.263776362 0.534151912
vt 0.234166592 0.485017776
vt 0.205615461 0.417321801
vt 0.208092958 0.412655592
vt 0.263336778 0.443835139
vt 0.230381742 0.391559005
vt 0.19177407 0.344534755
vt 0.188186631 0.349314094
vt 0.211667776 0.321738958
vt 0.190172955 0.330019474
vt 0.209283516 0.302799344
vt 0.190277144 0.302907348
vt 0.200466141 0.270254493
vt 0.306078285 0.551277757
vt 0.305916011 0.545250058
vt 0.34476155 0.533331871
vt 0.345854998 0.538650513
vt 0.379093438 0.490998149
vt 0.306669205 0.47304225
vt 0.346930265 0.449697614
vt 0.379075944 0.409606695
vt 0.402739674 0.433946133
vt 0.404993862 0.437625766
vt 0.381207705 0.495875835
vt 0.345854998 0.538650513
vt 0.424562097 0.349318981
vt 0.42744574 0.354802251
vt 0.405188024 0.320896268
vt 0.42744574 0.354802251
vt 0.404993862 0.437625766
vt 0.437783301 0.360672712
vt 0.42744574 0.354802251
vt 0.428370923 0.325901628
vt 0.446633935 0.319618106
vt 0.45904538 0.357077599
vt 0.428370923 0.325901628
vt 0.428061098 0.293637514
vt 0.455474168 0.293457747
vt 0.45904538 0.357077599
vt 0.476831585 0.31431222
vt 0.476573288 0.266422987
vt 0.458526969 0.242767334
vt 0.438074201 0.258278966
vt 0.441426426 0.238059044
vt 0.430565745 0.263571262
vt 0.140105948 0.265879273
vt 0.13941811 0.307228208
vt 0.159638152 0.283833742
vt 0.169935688 0.31712079
vt 0.156448409 0.352433562
vt 0.177411988 0.359600306
vt 0.190172955 0.330019474
vt 0.17862913 0.249089837
vt 0.157814413 0.2386868
vt 0.140105948 0.265879273
vt 0.190172955 0.330019474
vt 0.188186631 0.349314094
vt 0.186582565 0.260520816
vt 0.200466141 0.270254493
vt 0.186582565 0.260520816
vt 0.968123972 0.0264545679
vt 0.967121661 0.0409446955
vt 0.980890095 0.0525157452
vt 0.970433772 0.0930783749
vt 0.980890095 0.0525157452
vt 0.988719523 0.100496173
vt 0.97312206 0.128296137
vt 0.984018743 0.13384819
vt 0.953169048 0.123558044
vt 0.976312459 0.145521879
vt 0.967121661 0.0409446955
vt 0.976312459 0.145521879
vt 0.938719809 0.176076531
vt 0.960922539 0.215782046
vt 0.903295517 0.234668016
vt 0.935148776 0.287712455
vt 0.903750002 0.330093384
vt 0.864123821 0.2575109
vt 0.862133563 0.345507503
vt 0.823821187 0.326114893
vt 0.825212479 0.229694724
vt 0.791447222 0.277069211
vt 0.77113235 0.214876533
vt 0.793860197 0.171833992
vt 0.755507767 0.124951959
vt 0.755507767 0.124951959
vt 0.78128165 0.117473841
vt 0.761658907 0.0961228609
vt 0.770448565 0.0532983541
vt 0.748866618 0.116554141
vt 0.770448565 0.0532983541
vt 0.747276783 0.081786871
vt 0.748866618 0.116554141
vt 0.777899861 0.0164163113
vt 0.760509193 0.039809823
vt 0.796067119 0.0245534182
vt 0.747276783 0.081786871
vt 0.760509193 0.039809823
vt 0.188186631 0.349314094
vt 0.205615461 0.417321801
vt 0.931826651 0.0331223011
vt 0.936598122 0.0407680273
vt 0.9487167 0.0160384178
vt 0.931826651 0.0331223011
vt 0.926069319 0.043509841
vt 0.9487167 0.0160384178
vt 0.949331224 0.0383695364
vt 0.968123972 0.0264545679
vt 0.967121661 0.0409446955
vt 0.0104107801 0.869819403
vt 0.00283927098 0.893674135
vt 0.0136487782 0.879395723
vt 0.0244223252 0.879750967
vt 0.0291949213 0.797168612
vt 0.043037992 0.810719132
vt 0.035458453 0.899224877
vt 0.0474314801 0.931087255
vt 0.119862497 0.840210915
vt 0.110973798 0.735696316
vt 0.0495136753 0.719228268
vt 0.091846779 0.971907616
vt 0.146225646 0.868042231
vt 0.138022274 0.988891363
vt 0.171300218 0.871302485
vt 0.0508635715 0.949168444
vt 0.0362081192 0.714628935
vt 0.0671759471 0.64729178
vt 0.0572750941 0.631412506
vt 0.100599736 0.597962737
vt 0.121663988 0.629733324
vt 0.132478356 0.572369218
vt 0.161872402 0.648902893
vt 0.158303127 0.552802086
vt 0.19752194 0.633458614
vt 0.195872679 0.513097763
vt 0.224495336 0.541053891
vt 0.229821697 0.647294044
vt 0.252704233 0.570070744
vt 0.243401363 0.633975148
vt 0.271700293 0.650974751
vt 0.287745863 0.604308605
vt 0.320014685 0.655811787
vt 0.28529796 0.748287797
vt 0.334004849 0.708280206
vt 0.330168575 0.642886281
vt 0.345923632 0.700771928
vt 0.35373655 0.822068095
vt 0.338986725 0.830481887
vt 0.354460925 0.89285624
vt 0.369964868 0.891413093
vt 0.342931956 0.912514448
vt 0.301408917 0.859311104
vt 0.265452892 0.856469393
vt 0.330308765 0.950252414
vt 0.277532309 0.977962375
vt 0.235444024 0.870572805
vt 0.235154584 0.988872051
vt 0.188474134 0.991031647
vt 0.190272093 0.876005769
vt 0.0878963023 0.223766685
vt 0.0391772278 0.215790868
vt 0.0502142198 0.258127928
vt 0.0652983785 0.159683228
vt 0.032246884 0.115135074
vt 0.0138129406 0.184481978
vt 0.0097556375 0.262284517
vt 0.0696567744 0.0759238005
vt 0.095382452 0.120232821
vt 0.0847930908 0.0312330723
vt 0.10625793 0.201281071
vt 0.123067588 0.0324753523
vt 0.13753657 0.132689834
vt 0.116230533 0.212054968
vt 0.176503003 0.0710904598
vt 0.168847442 0.0366493464
vt 0.124542221 0.0254017115
vt 0.158960909 0.202769279
vt 0.203672379 0.147194505
vt 0.206658751 0.205752492
vt 0.171255529 0.227272153
vt 0.189344138 0.103301406
vt 0.130221888 0.229587555
vt 0.176503003 0.0710904598
vt 0.0484312586 0.0684207678
vt 0.032246884 0.115135074
vt 0.0229306594 0.312289834
vt 0.0502142198 0.258127928
vt 0.0479276218 0.29451251
vt 0.10816367 0.00834584236
vt 0.123067588 0.0324753523
vt 0.124542221 0.0254017115
vt 0.430565745 0.263571262
vt 0.41374433 0.275274992
vt 0.428061098 0.293637514
vt 0.428061098 0.293637514
vt 0.405188024 0.320896268
vt 0.428370923 0.325901628
vt 0.424562097 0.349318981
vt 0.106731452 0.289749503
vt 0.0890168473 0.531894684
vt 0.108682021 0.528732419
vt 0.0902028978 0.271806121
vt 0.115917005 0.304545879
vt 0.0767744258 0.285334349
vt 0.0690124407 0.527885795
vt 0.0665597394 0.300003052
vt 0.052976422 0.321650147
vt 0.0482767001 0.519104362
vt 0.126877546 0.323428512
vt 0.131053299 0.520165682
vt 0.148794323 0.393429518
vt 0.142084524 0.35316813
vt 0.150013536 0.432492018
vt 0.157865137 0.469252229
vt 0.145220935 0.511535048
vt 0.16559498 0.497025967
vt 0.161548629 0.481113672
vt 0.0278571006 0.433332086
vt 0.031522572 0.375462055
vt 0.0195589047 0.466938257
vt 0.0341433287 0.510011077
vt 0.0185042303 0.498536587
vt 0.0122458916 0.47182107
vt 0.0379123241 0.349534154
vt 0.155354202 0.535945415
vt 0.19596675 0.500064492
vt 0.128456026 0.553842545
vt 0.19596675 0.500064492
vt 0.230454773 0.527018905
vt 0.257872969 0.551973939
vt 0.294565648 0.584990621
vt 0.0957849324 0.575772405
vt 0.128456026 0.553842545
vt 0.576543808 0.849494696
vt 0.603355706 0.932658792
vt 0.608864963 0.820279241
vt 0.576632679 0.904822111
vt 0.55919975 0.995032072
vt 0.636704862 0.85471046
vt 0.655082226 0.751179934
vt 0.605916262 0.704866171
vt 0.651777685 0.649591208
vt 0.573339224 0.905218005
vt 0.574083865 0.852260232
vt 0.554513216 0.992462873
vt 0.562691391 0.807936907
vt 0.561162412 0.812063217
vt 0.574083865 0.852260232
vt 0.576543808 0.849494696
vt 0.561225474 0.750947952
vt 0.547541678 0.663821697
vt 0.58654511 0.615100741
vt 0.632286072 0.54871881
vt 0.590962708 0.462359548
vt 0.52835536 0.506045341
vt 0.558341324 0.600965142
vt 0.537488043 0.432139277
vt 0.483420849 0.454381943
vt 0.537376344 0.793952107
vt 0.561162412 0.812063217
vt 0.524584889 0.695288301
vt 0.516136169 0.79530406
vt 0.51886189 0.800623536
vt 0.536795735 0.798734665
vt 0.561162412 0.812063217
vt 0.5018996 0.711691618
vt 0.502791703 0.796114683
vt 0.473022044 0.792640567
vt 0.459595531 0.741844177
vt 0.460509092 0.660714746
vt 0.455756873 0.796575427
vt 0.421591252 0.680594087
vt 0.392514974 0.775123954
vt 0.353578389 0.740047455
vt 0.370308399 0.842989326
vt 0.431725115 0.856898189
vt 0.399220437 0.918778181
vt 0.433514506 0.903118253
vt 0.453910351 0.987951875
vt 0.438962251 0.818095326
vt 0.356182784 0.641496658
vt 0.441800773 0.600672364
vt 0.373673052 0.543172359
vt 0.408498049 0.453652859
vt 0.455335885 0.470131516
vt 0.454203904 0.400579691
vt 0.501667142 0.411868095
vt 0.497909665 0.396792769
vt 0.524157524 0.393683195
vt 0.458021879 0.984728456
vt 0.436144531 0.898298383
vt 0.434968203 0.852336049
vt 0.443951637 0.813129187
vt 0.438962251 0.818095326
vt 0.431725115 0.856898189
vt 0.455756873 0.796575427
vt 0.436144531 0.898298383
vt 0.816948712 0.951614141
vt 0.833882749 0.920786262
vt 0.788077533 0.910854101
vt 0.849147797 0.974790931
vt 0.880188763 0.974515796
vt 0.872733712 0.902917624
vt 0.921414673 0.940448642
vt 0.906142712 0.850404382
vt 0.962484896 0.869496822
vt 0.968376935 0.879656315
vt 0.994315863 0.77594173
vt 0.986192882 0.769475698
vt 0.995642722 0.654310107
vt 0.987353086 0.657561421
vt 0.969578028 0.560467362
vt 0.976505399 0.551613331
vt 0.938538253 0.485470176
vt 0.943997025 0.471806288
vt 0.896108627 0.436395049
vt 0.898212671 0.419258475
vt 0.858268857 0.55540359
vt 0.855079949 0.507158041
vt 0.849339604 0.419440866
vt 0.849185169 0.405588269
vt 0.797178149 0.414125443
vt 0.797082365 0.423264503
vt 0.837467372 0.467745543
vt 0.894333363 0.620383978
vt 0.902578294 0.723096728
vt 0.915061057 0.771106601
vt 0.856090605 0.643272877
vt 0.842305601 0.59516418
vt 0.841341496 0.622370005
vt 0.82728833 0.615379333
vt 0.876070797 0.693802476
vt 0.8760885 0.743593931
vt 0.856090605 0.643272877
vt 0.8760885 0.743593931
vt 0.925313771 0.954109669
vt 0.881619394 0.987328291
vt 0.84814167 0.987064838
vt 0.814945102 0.959794879
vt 0.788077533 0.910854101
vt 0.786706507 0.913503647
vt 0.563752949 0.182874441
vt 0.558902502 0.266965032
vt 0.561476231 0.268169165
vt 0.561528683 0.182820916
vt 0.549008727 0.108959794
vt 0.571474612 0.277262926
vt 0.590463758 0.210799456
vt 0.603006959 0.16165936
vt 0.584782422 0.106025577
vt 0.550755084 0.106305838
vt 0.556888223 0.0634028912
vt 0.524342835 0.0312182903
vt 0.549008727 0.108959794
vt 0.523063242 0.0338513851
vt 0.524342835 0.0312182903
vt 0.554999113 0.346039414
vt 0.54901129 0.344580293
vt 0.547384024 0.399309278
vt 0.54901129 0.344580293
vt 0.654090703 0.781553388
vt 0.673024833 0.809466481
vt 0.665594816 0.764806509
vt 0.683614612 0.748379469
vt 0.683914185 0.849358439
vt 0.716356695 0.766358852
vt 0.769813061 0.89937973
vt 0.797528327 0.824152708
vt 0.805499852 0.833404422
vt 0.775940299 0.912241578
vt 0.728036165 0.953721285
vt 0.67890203 0.892131448
vt 0.682673693 0.97488153
vt 0.663852155 0.927316308
vt 0.62178117 0.973446369
vt 0.813841105 0.730573535
vt 0.730839133 0.671356678
vt 0.811578274 0.622170568
vt 0.743298948 0.616194248
vt 0.791320622 0.531158805
vt 0.739389539 0.558287144
vt 0.764128029 0.467480183
vt 0.722979069 0.509252787
vt 0.733679593 0.426869988
vt 0.695507765 0.469681978
vt 0.703561544 0.405494332
vt 0.664154649 0.452044845
vt 0.665910065 0.410215139
vt 0.6226179 0.456300616
vt 0.663450539 0.400899529
vt 0.621558368 0.452545643
vt 0.705001891 0.391006112
vt 0.72031951 0.396853685
vt 0.737418413 0.411464691
vt 0.769045234 0.456719875
vt 0.798929214 0.522562146
vt 0.819814444 0.61838305
vt 0.822396457 0.734203339
vt 0.686882555 0.703433752
vt 0.696142972 0.645554304
vt 0.628818989 0.348020792
vt 0.610716522 0.323487759
vt 0.583648026 0.38647306
vt 0.582137465 0.383591175
vt 0.624300838 0.265210986
vt 0.658382058 0.289903998
vt 0.665621102 0.262840867
vt 0.655020237 0.174850583
vt 0.625927687 0.195974708
vt 0.639252365 0.154313445
vt 0.582137465 0.383591175
vt 0.609583497 0.321128964
vt 0.622963607 0.262400985
vt 0.625927687 0.195974708
vt 0.624300838 0.265210986
vt 0.622963607 0.262400985
vt 0.623664021 0.195891857
vt 0.617924809 0.140574217
vt 0.639252365 0.154313445
vt 0.617924809 0.140574217
vt 0.625864565 0.127191544
vt 0.606122375 0.0902407169
vt 0.612380385 0.084343195
vt 0.594890952 0.0370689631
vt 0.606122375 0.0902407169
vt 0.683628321 0.990655899
vt 0.621539414 0.981433749
vt 0.730639458 0.970664501
vt 0.502791703 0.796114683
vt 0.464974284 0.797803879
vt 0.487853706 0.805081964
vt 0.464974284 0.797803879
vt 0.443951637 0.813129187
vt 0.782335937 0.330530405
vt 0.77569741 0.34831214
vt 0.78246367 0.348390341
vt 0.782248378 0.361281276
vt 0.775972128 0.36158967
vt 0.77569741 0.34831214
vt 0.775330782 0.331116915
vt 0.782446921 0.377619863
vt 0.782248378 0.361281276
vt 0.775972128 0.36158967
vt 0.776183009 0.378681064
vt 0.346327424 0.0512185097
vt 0.332738996 0.0585414171
vt 0.336513937 0.0705673695
vt 0.319767535 0.0483061075
vt 0.321437776 0.0657296181
vt 0.311029136 0.0759587288
vt 0.348078102 0.0348454714
vt 0.357591003 0.0451034307
vt 0.347386092 0.0749597549
vt 0.336513937 0.0705673695
vt 0.338068962 0.0804042816
vt 0.341371804 0.0941592455
vt 0.345994592 0.104749322
vt 0.359251112 0.080852747
vt 0.350613892 0.13333571
vt 0.344853878 0.119968772
vt 0.363144964 0.106070518
vt 0.366406083 0.138000607
vt 0.384980172 0.105665684
vt 0.395193428 0.141123533
vt 0.400960565 0.0985273123
vt 0.388457209 0.177025795
vt 0.400520414 0.181131124
vt 0.410877109 0.128543735
vt 0.386597037 0.205972791
vt 0.356564552 0.19625473
vt 0.369638473 0.228904724
vt 0.348491371 0.217340708
vt 0.340211421 0.194598556
vt 0.340723336 0.207834244
vt 0.359840065 0.239919305
vt 0.374750197 0.253238082
vt 0.363325864 0.258880258
vt 0.374058008 0.282843471
vt 0.363516033 0.281318784
vt 0.413129956 0.0723025799
vt 0.39347744 0.0881826878
vt 0.396464974 0.0588965416
vt 0.418525219 0.0613256693
vt 0.402190596 0.0190380812
vt 0.33037436 0.217229009
vt 0.386499107 0.253976941
vt 0.385560632 0.289117813
vt 0.400870293 0.216795444
vt 0.399837941 0.262977958
vt 0.420777649 0.183842063
vt 0.423151761 0.128057957
vt 0.418525219 0.0613256693
vt 0.450124741 0.161469102
vt 0.418456465 0.217051148
vt 0.43192187 0.207439065
vt 0.43192187 0.207439065
vt 0.417166948 0.244683981
vt 0.399837941 0.262977958
vt 0.438389719 0.0924111605
vt 0.418525219 0.0613256693
vt 0.438397646 0.0548422337
vt 0.393475175 0.293578744
vt 0.341770291 0.105607748
vt 0.345994592 0.104749322
vt 0.334002733 0.106090903
vt 0.336767465 0.114080787
vt 0.328870565 0.0816904306
vt 0.323841393 0.102665067
vt 0.341770291 0.105607748
vt 0.340271443 0.120068073
vt 0.331432223 0.131779194
vt 0.341248304 0.141392589
vt 0.344853878 0.119968772
vt 0.323563039 0.195849657
vt 0.320947081 0.233999014
vt 0.308891922 0.226116061
vt 0.315117419 0.250979543
vt 0.340271443 0.120068073
vt 0.315359026 0.141173363
vt 0.294326574 0.161799431
vt 0.29799816 0.183702707
vt 0.297329485 0.130446196
vt 0.30888924 0.103441358
vt 0.295034647 0.207106113
vt 0.290667266 0.24285531
vt 0.304049134 0.245353699
vt 0.315117419 0.250979543
vt 0.303720623 0.276378632
vt 0.314133078 0.276523709
vt 0.273609191 0.212137222
vt 0.28663829 0.192395449
vt 0.263456881 0.239024758
vt 0.244617835 0.204445601
vt 0.279795468 0.258592486
vt 0.292143017 0.281300306
vt 0.28053388 0.265966415
vt 0.280498832 0.174367309
vt 0.261343837 0.183888793
vt 0.244617835 0.204445601
vt 0.27105853 0.138276577
vt 0.258153528 0.134606004
vt 0.26519075 0.102867603
vt 0.252202749 0.0863634348
vt 0.234170943 0.088634491
vt 0.244617835 0.204445601
vt 0.287414521 0.0912261009
vt 0.26565218 0.0821911097
vt 0.283991426 0.0697267056
vt 0.315109611 0.0210156441
vt 0.346273392 0.0193376541
vt 0.365454525 0.0159569979
vt 0.277452797 0.0437631607
vt 0.319308281 0.0747417212
vt 0.323841393 0.102665067
vt 0.262580037 0.0629950762
vt 0.323841393 0.102665067
vt 0.26859197 0.0311166048
vt 0.336513937 0.0705673695
vt 0.284613103 0.132578373
vt 0.247719288 0.0474170446
vt 0.26859197 0.0311166048
vt 0.78938216 0.332787514
vt 0.78246367 0.348390341
vt 0.788846731 0.349095225
vt 0.782335937 0.330530405
vt 0.723976552 0.261929989
vt 0.719040751 0.263290167
vt 0.723832428 0.265885711
vt 0.720392346 0.243124962
vt 0.72802937 0.263590336
vt 0.72375083 0.278014779
vt 0.72375083 0.278014779
vt 0.726572454 0.24297297
vt 0.72431469 0.228603125
vt 0.734071076 0.244020104
vt 0.737229705 0.269840598
vt 0.733097076 0.295653939
vt 0.723746121 0.298813105
vt 0.735039711 0.318584085
vt 0.740980089 0.298275828
vt 0.723870516 0.316656709
vt 0.724208534 0.338240027
vt 0.713437617 0.246109724
vt 0.711427927 0.234294891
vt 0.710921884 0.268550634
vt 0.71486491 0.295830846
vt 0.703447461 0.297804356
vt 0.700890601 0.268489599
vt 0.691288829 0.297630429
vt 0.690436363 0.266865015
vt 0.696147561 0.317322254
vt 0.684930682 0.319648504
vt 0.681065738 0.301628113
vt 0.677795768 0.27480793
vt 0.690436363 0.266865015
vt 0.713313639 0.319389462
vt 0.696147561 0.317322254
vt 0.701209128 0.255212784
vt 0.72431469 0.228603125
vt 0.713952124 0.353261232
vt 0.723815978 0.366975665
vt 0.733953118 0.350880504
vt 0.735039711 0.318584085
vt 0.72431469 0.228603125
vt 0.735352159 0.234363794
vt 0.748598099 0.255902529
vt 0.74319452 0.27097857
vt 0.75908953 0.264695048
vt 0.757654786 0.294242144
vt 0.751668036 0.315452337
vt 0.735039711 0.318584085
vt 0.763844013 0.315544486
vt 0.767692566 0.297442079
vt 0.770337105 0.270130873
vt 0.769122243 0.349197865
vt 0.775330782 0.331116915
vt 0.768151581 0.332212567
vt 0.775330782 0.331116915
vt 0.769122243 0.349197865
vt 0.77569741 0.34831214
vt 0.284779042 0.286594272
vt 0.28053388 0.265966415
vt 0.331432223 0.131779194
vt 0.265255243 0.527966976
vt 0.231752813 0.49033165
vt 0.234166592 0.485017776
vt 0.263776362 0.534151912
vt 0.205615461 0.417321801
vt 0.208092958 0.412655592
vt 0.263336778 0.443835139
vt 0.230381742 0.391559005
vt 0.19177407 0.344534755
vt 0.188186631 0.349314094
vt 0.211667776 0.321738958
vt 0.190172955 0.330019474
vt 0.209283516 0.302799344
vt 0.190277144 0.302907348
vt 0.200466141 0.270254493
vt 0.306078285 0.551277757
vt 0.305916011 0.545250058
vt 0.34476155 0.533331871
vt 0.345854998 0.538650513
vt 0.379093438 0.490998149
vt 0.306669205 0.47304225
vt 0.346930265 0.449697614
vt 0.379075944 0.409606695
vt 0.402739674 0.433946133
vt 0.404993862 0.437625766
vt 0.381207705 0.495875835
vt 0.345854998 0.538650513
vt 0.424562097 0.349318981
vt 0.42744574 0.354802251
vt 0.405188024 0.320896268
vt 0.42744574 0.354802251
vt 0.404993862 0.437625766
vt 0.437783301 0.360672712
vt 0.428370923 0.325901628
vt 0.42744574 0.354802251
vt 0.446633935 0.319618106
vt 0.45904538 0.357077599
vt 0.428370923 0.325901628
vt 0.428061098 0.293637514
vt 0.455474168 0.293457747
vt 0.45904538 0.357077599
vt 0.476831585 0.31431222
vt 0.476573288 0.266422987
vt 0.458526969 0.242767334
vt 0.438074201 0.258278966
vt 0.441426426 0.238059044
vt 0.430565745 0.263571262
vt 0.140105948 0.265879273
vt 0.159638152 0.283833742
vt 0.13941811 0.307228208
vt 0.169935688 0.31712079
vt 0.156448409 0.352433562
vt 0.177411988 0.359600306
vt 0.190172955 0.330019474
vt 0.17862913 0.249089837
vt 0.157814413 0.2386868
vt 0.140105948 0.265879273
vt 0.190172955 0.330019474
vt 0.188186631 0.349314094
vt 0.186582565 0.260520816
vt 0.200466141 0.270254493
vt 0.186582565 0.260520816
vt 0.968123972 0.0264545679
vt 0.980890095 0.0525157452
vt 0.967121661 0.0409446955
vt 0.980890095 0.0525157452
vt 0.970433772 0.0930783749
vt 0.988719523 0.100496173
vt 0.97312206 0.128296137
vt 0.984018743 0.13384819
vt 0.953169048 0.123558044
vt 0.976312459 0.145521879
vt 0.967121661 0.0409446955
vt 0.976312459 0.145521879
vt 0.938719809 0.176076531
vt 0.960922539 0.215782046
vt 0.903295517 0.234668016
vt 0.935148776 0.287712455
vt 0.903750002 0.330093384
vt 0.864123821 0.2575109
vt 0.862133563 0.345507503
vt 0.823821187 0.326114893
vt 0.825212479 0.229694724
vt 0.791447222 0.277069211
vt 0.77113235 0.214876533
vt 0.793860197 0.171833992
vt 0.755507767 0.124951959
vt 0.755507767 0.124951959
vt 0.78128165 0.117473841
vt 0.761658907 0.0961228609
vt 0.770448565 0.0532983541
vt 0.748866618 0.116554141
vt 0.747276783 0.081786871
vt 0.770448565 0.0532983541
vt 0.748866618 0.116554141
vt 0.760509193 0.039809823
vt 0.777899861 0.0164163113
vt 0.796067119 0.0245534182
vt 0.747276783 0.081786871
vt 0.760509193 0.039809823
vt 0.188186631 0.349314094
vt 0.205615461 0.417321801
vt 0.931826651 0.0331223011
vt 0.9487167 0.0160384178
vt 0.936598122 0.0407680273
vt 0.931826651 0.0331223011
vt 0.926069319 0.043509841
vt 0.9487167 0.0160384178
vt 0.949331224 0.0383695364
vt 0.968123972 0.0264545679
vt 0.967121661 0.0409446955
vt 0.0104107801 0.869819403
vt 0.0136487782 0.879395723
vt 0.00283927098 0.893674135
vt 0.0244223252 0.879750967
vt 0.0291949213 0.797168612
vt 0.043037992 0.810719132
vt 0.035458453 0.899224877
vt 0.0474314801 0.931087255
vt 0.119862497 0.840210915
vt 0.110973798 0.735696316
vt 0.0495136753 0.719228268
vt 0.091846779 0.971907616
vt 0.146225646 0.868042231
vt 0.138022274 0.988891363
vt 0.171300218 0.871302485
vt 0.0508635715 0.949168444
vt 0.0362081192 0.714628935
vt 0.0671759471 0.64729178
vt 0.0572750941 0.631412506
vt 0.100599736 0.597962737
vt 0.121663988 0.629733324
vt 0.132478356 0.572369218
vt 0.161872402 0.648902893
vt 0.158303127 0.552802086
vt 0.19752194 0.633458614
vt 0.195872679 0.513097763
vt 0.224495336 0.541053891
vt 0.229821697 0.647294044
vt 0.252704233 0.570070744
vt 0.243401363 0.633975148
vt 0.271700293 0.650974751
vt 0.287745863 0.604308605
vt 0.320014685 0.655811787
vt 0.28529796 0.748287797
vt 0.334004849 0.708280206
vt 0.330168575 0.642886281
vt 0.345923632 0.700771928
vt 0.35373655 0.822068095
vt 0.338986725 0.830481887
vt 0.354460925 0.89285624
vt 0.369964868 0.891413093
vt 0.342931956 0.912514448
vt 0.301408917 0.859311104
vt 0.265452892 0.856469393
vt 0.330308765 0.950252414
vt 0.277532309 0.977962375
vt 0.235444024 0.870572805
vt 0.235154584 0.988872051
vt 0.188474134 0.991031647
vt 0.190272093 0.876005769
vt 0.0878963023 0.223766685
vt 0.0391772278 0.215790868
vt 0.0652983785 0.159683228
vt 0.0502142198 0.258127928
vt 0.032246884 0.115135074
vt 0.0138129406 0.184481978
vt 0.0097556375 0.262284517
vt 0.0696567744 0.0759238005
vt 0.095382452 0.120232821
vt 0.0847930908 0.0312330723
vt 0.10625793 0.201281071
vt 0.123067588 0.0324753523
vt 0.13753657 0.132689834
vt 0.116230533 0.212054968
vt 0.176503003 0.0710904598
vt 0.168847442 0.0366493464
vt 0.124542221 0.0254017115
vt 0.158960909 0.202769279
vt 0.203672379 0.147194505
vt 0.206658751 0.205752492
vt 0.171255529 0.227272153
vt 0.189344138 0.103301406
vt 0.130221888 0.229587555
vt 0.176503003 0.0710904598
vt 0.0484312586 0.0684207678
vt 0.032246884 0.115135074
vt 0.0229306594 0.312289834
vt 0.0479276218 0.29451251
vt 0.0502142198 0.258127928
vt 0.10816367 0.00834584236
vt 0.124542221 0.0254017115
vt 0.123067588 0.0324753523
vt 0.430565745 0.263571262
vt 0.428061098 0.293637514
vt 0.41374433 0.275274992
vt 0.428061098 0.293637514
vt 0.405188024 0.320896268
vt 0.428370923 0.325901628
vt 0.424562097 0.349318981
vt 0.106731452 0.289749503
vt 0.0890168473 0.531894684
vt 0.0902028978 0.271806121
vt 0.108682021 0.528732419
vt 0.115917005 0.304545879
vt 0.0767744258 0.285334349
vt 0.0690124407 0.527885795
vt 0.0665597394 0.300003052
vt 0.052976422 0.321650147
vt 0.0482767001 0.519104362
vt 0.126877546 0.323428512
vt 0.131053299 0.520165682
vt 0.148794323 0.393429518
vt 0.142084524 0.35316813
vt 0.150013536 0.432492018
vt 0.157865137 0.469252229
vt 0.145220935 0.511535048
vt 0.16559498 0.497025967
vt 0.161548629 0.481113672
vt 0.0278571006 0.433332086
vt 0.031522572 0.375462055
vt 0.0195589047 0.466938257
vt 0.0341433287 0.510011077
vt 0.0185042303 0.498536587
vt 0.0122458916 0.47182107
vt 0.0379123241 0.349534154
vt 0.155354202 0.535945415
vt 0.19596675 0.500064492
vt 0.128456026 0.553842545
vt 0.19596675 0.500064492
vt 0.230454773 0.527018905
vt 0.257872969 0.551973939
vt 0.294565648 0.584990621
vt 0.0957849324 0.575772405
vt 0.128456026 0.553842545
vt 0.576543808 0.849494696
vt 0.603355706 0.932658792
vt 0.576632679 0.904822111
vt 0.608864963 0.820279241
vt 0.55919975 0.995032072
vt 0.636704862 0.85471046
vt 0.655082226 0.751179934
vt 0.605916262 0.704866171
vt 0.651777685 0.649591208
vt 0.573339224 0.905218005
vt 0.574083865 0.852260232
vt 0.554513216 0.992462873
vt 0.562691391 0.807936907
vt 0.561162412 0.812063217
vt 0.574083865 0.852260232
vt 0.576543808 0.849494696
vt 0.561225474 0.750947952
vt 0.547541678 0.663821697
vt 0.58654511 0.615100741
vt 0.632286072 0.54871881
vt 0.590962708 0.462359548
vt 0.52835536 0.506045341
vt 0.558341324 0.600965142
vt 0.537488043 0.432139277
vt 0.483420849 0.454381943
vt 0.537376344 0.793952107
vt 0.561162412 0.812063217
vt 0.524584889 0.695288301
vt 0.516136169 0.79530406
vt 0.51886189 0.800623536
vt 0.536795735 0.798734665
vt 0.561162412 0.812063217
vt 0.5018996 0.711691618
vt 0.502791703 0.796114683
vt 0.473022044 0.792640567
vt 0.459595531 0.741844177
vt 0.460509092 0.660714746
vt 0.455756873 0.796575427
vt 0.421591252 0.680594087
vt 0.392514974 0.775123954
vt 0.353578389 0.740047455
vt 0.370308399 0.842989326
vt 0.431725115 0.856898189
vt 0.399220437 0.918778181
vt 0.433514506 0.903118253
vt 0.453910351 0.987951875
vt 0.438962251 0.818095326
vt 0.356182784 0.641496658
vt 0.441800773 0.600672364
vt 0.373673052 0.543172359
vt 0.408498049 0.453652859
vt 0.455335885 0.470131516
vt 0.454203904 0.400579691
vt 0.501667142 0.411868095
vt 0.497909665 0.396792769
vt 0.524157524 0.393683195
vt 0.458021879 0.984728456
vt 0.436144531 0.898298383
vt 0.434968203 0.852336049
vt 0.443951637 0.813129187
vt 0.438962251 0.818095326
vt 0.431725115 0.856898189
vt 0.455756873 0.796575427
vt 0.436144531 0.898298383
vt 0.816948712 0.951614141
vt 0.788077533 0.910854101
vt 0.833882749 0.920786262
vt 0.849147797 0.974790931
vt 0.880188763 0.974515796
vt 0.872733712 0.902917624
vt 0.921414673 0.940448642
vt 0.906142712 0.850404382
vt 0.962484896 0.869496822
vt 0.968376935 0.879656315
vt 0.994315863 0.77594173
vt 0.986192882 0.769475698
vt 0.995642722 0.654310107
vt 0.987353086 0.657561421
vt 0.969578028 0.560467362
vt 0.976505399 0.551613331
vt 0.938538253 0.485470176
vt 0.943997025 0.471806288
vt 0.896108627 0.436395049
vt 0.898212671 0.419258475
vt 0.858268857 0.55540359
vt 0.855079949 0.507158041
vt 0.849339604 0.419440866
vt 0.849185169 0.405588269
vt 0.797178149 0.414125443
vt 0.797082365 0.423264503
vt 0.837467372 0.467745543
vt 0.894333363 0.620383978
vt 0.902578294 0.723096728
vt 0.915061057 0.771106601
vt 0.856090605 0.643272877
vt 0.842305601 0.59516418
vt 0.841341496 0.622370005
vt 0.82728833 0.615379333
vt 0.876070797 0.693802476
vt 0.8760885 0.743593931
vt 0.856090605 0.643272877
vt 0.8760885 0.743593931
vt 0.925313771 0.954109669
vt 0.881619394 0.987328291
vt 0.84814167 0.987064838
vt 0.814945102 0.959794879
vt 0.788077533 0.910854101
vt 0.786706507 0.913503647
vt 0.563752949 0.182874441
vt 0.558902502 0.266965032
vt 0.561528683 0.182820916
vt 0.561476231 0.268169165
vt 0.549008727 0.108959794
vt 0.571474612 0.277262926
vt 0.590463758 0.210799456
vt 0.603006959 0.16165936
vt 0.584782422 0.106025577
vt 0.550755084 0.106305838
vt 0.556888223 0.0634028912
vt 0.524342835 0.0312182903
vt 0.549008727 0.108959794
vt 0.523063242 0.0338513851
vt 0.524342835 0.0312182903
vt 0.554999113 0.346039414
vt 0.54901129 0.344580293
vt 0.547384024 0.399309278
vt 0.54901129 0.344580293
vt 0.654090703 0.781553388
vt 0.665594816 0.764806509
vt 0.673024833 0.809466481
vt 0.683614612 0.748379469
vt 0.683914185 0.849358439
vt 0.716356695 0.766358852
vt 0.769813061 0.89937973
vt 0.797528327 0.824152708
vt 0.805499852 0.833404422
vt 0.775940299 0.912241578
vt 0.728036165 0.953721285
vt 0.67890203 0.892131448
vt 0.682673693 0.97488153
vt 0.663852155 0.927316308
vt 0.62178117 0.973446369
vt 0.813841105 0.730573535
vt 0.730839133 0.671356678
vt 0.811578274 0.622170568
vt 0.743298948 0.616194248
vt 0.791320622 0.531158805
vt 0.739389539 0.558287144
vt 0.764128029 0.467480183
vt 0.722979069 0.509252787
vt 0.733679593 0.426869988
vt 0.695507765 0.469681978
vt 0.703561544 0.405494332
vt 0.664154649 0.452044845
vt 0.665910065 0.410215139
vt 0.6226179 0.456300616
vt 0.663450539 0.400899529
vt 0.621558368 0.452545643
vt 0.705001891 0.391006112
vt 0.72031951 0.396853685
vt 0.737418413 0.411464691
vt 0.769045234 0.456719875
vt 0.798929214 0.522562146
vt 0.819814444 0.61838305
vt 0.822396457 0.734203339
vt 0.686882555 0.703433752
vt 0.696142972 0.645554304
vt 0.628818989 0.348020792
vt 0.583648026 0.38647306
vt 0.610716522 0.323487759
vt 0.582137465 0.383591175
vt 0.624300838 0.265210986
vt 0.658382058 0.289903998
vt 0.665621102 0.262840867
vt 0.655020237 0.174850583
vt 0.625927687 0.195974708
vt 0.639252365 0.154313445
vt 0.582137465 0.383591175
vt 0.609583497 0.321128964
vt 0.624300838 0.265210986
vt 0.622963607 0.262400985
vt 0.625927687 0.195974708
vt 0.622963607 0.262400985
vt 0.623664021 0.195891857
vt 0.617924809 0.140574217
vt 0.617924809 0.140574217
vt 0.639252365 0.154313445
vt 0.625864565 0.127191544
vt 0.606122375 0.0902407169
vt 0.594890952 0.0370689631
vt 0.612380385 0.084343195
vt 0.606122375 0.0902407169
vt 0.683628321 0.990655899
vt 0.621539414 0.981433749
vt 0.730639458 0.970664501
vt 0.464974284 0.797803879
vt 0.443951637 0.813129187
vt 0.464974284 0.797803879
vt 0.502791703 0.796114683
vt 0.487853706 0.805081964
vt 0.782335937 0.330530405
vt 0.77569741 0.34831214
vt 0.775330782 0.331116915
vt 0.77569741 0.34831214
vt 0.78246367 0.348390341
vt 0.782248378 0.361281276
vt 0.775972128 0.36158967
vt 0.782446921 0.377619863
vt 0.782248378 0.361281276
vt 0.775972128 0.36158967
vt 0.776183009 0.378681064
vt 0.346327424 0.0512185097
vt 0.336513937 0.0705673695
vt 0.332738996 0.0585414171
vt 0.319767535 0.0483061075
vt 0.321437776 0.0657296181
vt 0.311029136 0.0759587288
vt 0.348078102 0.0348454714
vt 0.357591003 0.0451034307
vt 0.347386092 0.0749597549
vt 0.336513937 0.0705673695
vt 0.338068962 0.0804042816
vt 0.341371804 0.0941592455
vt 0.345994592 0.104749322
vt 0.359251112 0.080852747
vt 0.350613892 0.13333571
vt 0.344853878 0.119968772
vt 0.363144964 0.106070518
vt 0.366406083 0.138000607
vt 0.384980172 0.105665684
vt 0.395193428 0.141123533
vt 0.400960565 0.0985273123
vt 0.388457209 0.177025795
vt 0.400520414 0.181131124
vt 0.410877109 0.128543735
vt 0.386597037 0.205972791
vt 0.356564552 0.19625473
vt 0.369638473 0.228904724
vt 0.348491371 0.217340708
vt 0.340211421 0.194598556
vt 0.340723336 0.207834244
vt 0.359840065 0.239919305
vt 0.374750197 0.253238082
vt 0.363325864 0.258880258
vt 0.374058008 0.282843471
vt 0.363516033 0.281318784
vt 0.413129956 0.0723025799
vt 0.39347744 0.0881826878
vt 0.396464974 0.0588965416
vt 0.418525219 0.0613256693
vt 0.402190596 0.0190380812
vt 0.33037436 0.217229009
vt 0.323563039 0.195849657
vt 0.320947081 0.233999014
vt 0.308891922 0.226116061
vt 0.315117419 0.250979543
vt 0.331432223 0.131779194
vt 0.341248304 0.141392589
vt 0.344853878 0.119968772
vt 0.340271443 0.120068073
vt 0.340271443 0.120068073
vt 0.336767465 0.114080787
vt 0.341770291 0.105607748
vt 0.334002733 0.106090903
vt 0.328870565 0.0816904306
vt 0.323841393 0.102665067
vt 0.331432223 0.131779194
vt 0.345994592 0.104749322
vt 0.341770291 0.105607748
vt 0.336513937 0.0705673695
vt 0.323841393 0.102665067
vt 0.319308281 0.0747417212
vt 0.321437776 0.0657296181
vt 0.30888924 0.103441358
vt 0.287414521 0.0912261009
vt 0.283991426 0.0697267056
vt 0.315109611 0.0210156441
vt 0.346273392 0.0193376541
vt 0.365454525 0.0159569979
vt 0.277452797 0.0437631607
vt 0.26565218 0.0821911097
vt 0.26519075 0.102867603
vt 0.262580037 0.0629950762
vt 0.284613103 0.132578373
vt 0.297329485 0.130446196
vt 0.315359026 0.141173363
vt 0.294326574 0.161799431
vt 0.29799816 0.183702707
vt 0.28663829 0.192395449
vt 0.295034647 0.207106113
vt 0.273609191 0.212137222
vt 0.290667266 0.24285531
vt 0.304049134 0.245353699
vt 0.315117419 0.250979543
vt 0.303720623 0.276378632
vt 0.314133078 0.276523709
vt 0.263456881 0.239024758
vt 0.244617835 0.204445601
vt 0.279795468 0.258592486
vt 0.292143017 0.281300306
vt 0.28053388 0.265966415
vt 0.280498832 0.174367309
vt 0.261343837 0.183888793
vt 0.244617835 0.204445601
vt 0.27105853 0.138276577
vt 0.258153528 0.134606004
vt 0.252202749 0.0863634348
vt 0.234170943 0.088634491
vt 0.244617835 0.204445601
vt 0.247719288 0.0474170446
vt 0.26859197 0.0311166048
vt 0.26859197 0.0311166048
vt 0.78938216 0.332787514
vt 0.78246367 0.348390341
vt 0.782335937 0.330530405
vt 0.788846731 0.349095225
vt 0.723976552 0.261929989
vt 0.723832428 0.265885711
vt 0.719040751 0.263290167
vt 0.720392346 0.243124962
vt 0.72802937 0.263590336
vt 0.72375083 0.278014779
vt 0.72375083 0.278014779
vt 0.726572454 0.24297297
vt 0.72431469 0.228603125
vt 0.734071076 0.244020104
vt 0.737229705 0.269840598
vt 0.733097076 0.295653939
vt 0.723746121 0.298813105
vt 0.735039711 0.318584085
vt 0.740980089 0.298275828
vt 0.723870516 0.316656709
vt 0.724208534 0.338240027
vt 0.713437617 0.246109724
vt 0.72431469 0.228603125
vt 0.711427927 0.234294891
vt 0.71486491 0.295830846
vt 0.710921884 0.268550634
vt 0.703447461 0.297804356
vt 0.700890601 0.268489599
vt 0.691288829 0.297630429
vt 0.690436363 0.266865015
vt 0.696147561 0.317322254
vt 0.684930682 0.319648504
vt 0.681065738 0.301628113
vt 0.677795768 0.27480793
vt 0.690436363 0.266865015
vt 0.713313639 0.319389462
vt 0.696147561 0.317322254
vt 0.713952124 0.353261232
vt 0.723815978 0.366975665
vt 0.733953118 0.350880504
vt 0.735039711 0.318584085
vt 0.701209128 0.255212784
vt 0.72431469 0.228603125
vt 0.735352159 0.234363794
vt 0.748598099 0.255902529
vt 0.74319452 0.27097857
vt 0.75908953 0.264695048
vt 0.757654786 0.294242144
vt 0.751668036 0.315452337
vt 0.735039711 0.318584085
vt 0.763844013 0.315544486
vt 0.767692566 0.297442079
vt 0.770337105 0.270130873
vt 0.323841393 0.102665067
vt 0.769122243 0.349197865
vt 0.775330782 0.331116915
vt 0.77569741 0.34831214
vt 0.775330782 0.331116915
vt 0.769122243 0.349197865
vt 0.768151581 0.332212567
vt 0.423151761 0.128057957
vt 0.418525219 0.0613256693
vt 0.420777649 0.183842063
vt 0.450124741 0.161469102
vt 0.400870293 0.216795444
vt 0.386499107 0.253976941
vt 0.385560632 0.289117813
vt 0.399837941 0.262977958
vt 0.418456465 0.217051148
vt 0.43192187 0.207439065
vt 0.43192187 0.207439065
vt 0.417166948 0.244683981
vt 0.399837941 0.262977958
vt 0.393475175 0.293578744
vt 0.438389719 0.0924111605
vt 0.418525219 0.0613256693
vt 0.438397646 0.0548422337
vt 0.284779042 0.286594272
vt 0.28053388 0.265966415
vn 0.700763345 -0.359824657 0.616000831
vn -0.519128144 -0.538792193 0.663482487
vn -0.50357461 -0.290314317 0.813713789
vn 0.675424039 -0.620456994 0.3985416
vn -0.52308929 -0.681534469 0.511750281
vn 0.640333533 -0.747003019 0.178772047
vn 0.782356918 -0.420871645 0.459112912
vn 0.745941401 -0.633816421 0.204568118
vn 0.561949432 -0.636613488 0.528144121
vn -0.399893016 -0.621108234 0.674025297
vn 0.822638988 -0.415223867 0.388399422
vn 0.641586006 -0.471012145 0.605404794
vn 0.632585883 -0.498576969 0.592668712
vn 0.90663594 -0.391012251 0.158494964
vn 0.641982257 -0.652971864 0.401853889
vn -0.453942418 -0.00543594221 0.891014457
vn 0.74660331 -0.0142908962 0.665115952
vn 0.642187893 0.354015708 0.679902554
vn -0.562765539 0.2552616 0.786216617
vn 0.636012137 0.614218295 0.467144907
vn 0.833565176 -0.00116010278 0.55241996
vn 0.7741189 0.371005446 0.512927651
vn 0.729952455 0.624921203 0.276844501
vn 0.634336233 0.743878901 0.210384592
vn -0.512231052 0.680044055 0.524556398
vn -0.556071103 0.499155641 0.664551437
vn -0.562765539 0.2552616 0.786216617
vn 0.604811668 0.514384925 0.60795635
vn -0.481570095 0.480920434 0.732670307
vn 0.783872902 0.499566317 0.368750185
vn -0.481570095 0.480920434 0.732670307
vn -0.512231052 0.680044055 0.524556398
vn -0.383842915 0.375983 0.843386829
vn -0.481570095 0.480920434 0.732670307
vn 0.723660767 0.485894054 0.490124553
vn -0.073343046 0.996012926 -0.0507849008
vn -0.774078786 0.0516528599 0.630978644
vn 0.723660767 0.485894054 0.490124553
vn 0.905579269 0.424168915 -0.00264674006
vn -0.205550283 0.891131282 -0.404517084
vn -0.774078786 0.0516528599 0.630978644
vn -0.999402285 -0.0248270165 0.0240535736
vn -0.623511076 -0.336237788 -0.705817282
vn 0.0134694921 -0.192864209 -0.981132925
vn 0.539510489 0.496694028 -0.679870307
vn 0.148795277 -0.601957738 -0.784542382
vn 0.522769153 0.8038764 -0.283716708
vn -0.626787961 0.106718563 -0.771847188
vn -0.994734406 0.0901280716 0.0487898737
vn -0.135659561 -0.917197943 -0.374625772
vn -0.0364900641 -0.999214172 0.0154751576
vn -0.864519417 0.0205938853 0.502177358
vn -0.388447851 -0.18355757 0.903003275
vn 0.641586006 -0.471012145 0.605404794
vn 0.748281896 -0.263938814 -0.608613551
vn 0.151673064 0.103802048 -0.982965171
vn -0.626787961 0.106718563 -0.771847188
vn 0.641586006 -0.471012145 0.605404794
vn -0.399893016 -0.621108234 0.674025297
vn 0.474385858 -0.85924077 -0.191476405
vn 0.641982257 -0.652971864 0.401853889
vn 0.474385858 -0.85924077 -0.191476405
vn -0.626787961 0.106718563 -0.771847188
vn -0.447865814 0.869591475 -0.207910717
vn -0.994734406 0.0901280716 0.0487898737
vn -0.819306076 0.370794594 0.437320143
vn -0.994734406 0.0901280716 0.0487898737
vn -0.864519417 0.0205938853 0.502177358
vn -0.843766212 0.271409482 0.463028669
vn -0.388447851 -0.18355757 0.903003275
vn -0.913651884 0.404711276 0.0380672477
vn -0.399893016 -0.621108234 0.674025297
vn -0.447865814 0.869591475 -0.207910717
vn -0.399893016 -0.621108234 0.674025297
vn -0.942192376 0.334893733 -0.0109469378
vn -0.52308929 -0.681534469 0.511750281
vn -0.964662433 0.223324135 -0.139830962
vn -0.519128144 -0.538792193 0.663482487
vn -0.50357461 -0.290314317 0.813713789
vn -0.988673151 0.00304670539 -0.150053978
vn -0.453942418 -0.00543594221 0.891014457
vn -0.562765539 0.2552616 0.786216617
vn -0.967294812 -0.208591074 -0.144327521
vn -0.556071103 0.499155641 0.664551437
vn -0.512231052 0.680044055 0.524556398
vn -0.945960999 -0.323669553 -0.0198954847
vn -0.481570095 0.480920434 0.732670307
vn -0.481570095 0.480920434 0.732670307
vn -0.928781211 -0.367710859 0.0464123376
vn -0.773715019 -0.244260117 0.584552944
vn -0.440369844 -0.894322455 0.07913059
vn -0.383842915 0.375983 0.843386829
vn -0.440369844 -0.894322455 0.07913059
vn -0.774078786 0.0516528599 0.630978644
vn -0.383842915 0.375983 0.843386829
vn -0.623511076 -0.336237788 -0.705817282
vn -0.999402285 -0.0248270165 0.0240535736
vn 0.0134694921 -0.192864209 -0.981132925
vn -0.774078786 0.0516528599 0.630978644
vn -0.999402285 -0.0248270165 0.0240535736
vn -0.399893016 -0.621108234 0.674025297
vn -0.52308929 -0.681534469 0.511750281
vn 0.748281896 -0.263938814 -0.608613551
vn 0.428357333 -0.093530044 -0.898755968
vn 0.151673064 0.103802048 -0.982965171
vn 0.748281896 -0.263938814 -0.608613551
vn 0.474385858 -0.85924077 -0.191476405
vn 0.151673064 0.103802048 -0.982965171
vn -0.00456875656 0.741831124 -0.670571208
vn -0.626787961 0.106718563 -0.771847188
vn -0.447865814 0.869591475 -0.207910717
vn -0.118716836 0.303315639 -0.945465982
vn -0.00456875656 0.741831124 -0.670571208
vn 0.428357333 -0.093530044 -0.898755968
vn 0.474385858 -0.85924077 -0.191476405
vn -0.466411442 0.0937762856 -0.87958312
vn -0.0117304847 -0.992258966 -0.123630457
vn 0.641982257 -0.652971864 0.401853889
vn 0.632585883 -0.498576969 0.592668712
vn 0.122375228 -0.86171037 0.492422134
vn 0.273727804 -0.934315443 0.228314787
vn 0.000724005513 -0.925612748 -0.378471166
vn 0.745941401 -0.633816421 0.204568118
vn 0.0874022245 -0.570621908 0.816548526
vn 0.782356918 -0.420871645 0.459112912
vn 0.0821625888 -0.353978038 0.931637645
vn 0.822638988 -0.415223867 0.388399422
vn -0.456871301 0.170333579 -0.873072207
vn 0.212429345 -0.855438054 -0.472334117
vn -0.194515973 0.303129166 -0.932886004
vn 0.407491803 -0.801080942 -0.43842876
vn 0.443974555 -0.872602701 0.203595862
vn 0.591059625 -0.71604538 -0.371385932
vn 0.753205121 -0.448440135 0.481231183
vn 0.764373541 -0.515178502 -0.387716651
vn 0.964005589 0.0496871024 0.261197925
vn 0.76047188 -0.0273247473 -0.648795664
vn 0.766563177 0.496429473 -0.407355666
vn 0.84139359 0.395500422 0.368288457
vn 0.645909548 0.688863337 -0.329041362
vn 0.677519202 0.699042559 0.228707656
vn 0.407063127 0.879925966 0.245009974
vn 0.442995995 0.821529627 -0.358947873
vn 0.266758233 0.848461032 -0.457114697
vn 0.280713886 0.933848381 0.221645936
vn 0.0242367778 0.911412716 -0.410779029
vn -0.147949979 -0.295913279 -0.943687499
vn -0.418735325 -0.232632503 -0.87780571
vn -0.390992284 -0.18452315 -0.90170747
vn -0.0323091149 0.991173446 -0.128574401
vn 0.522769153 0.8038764 -0.283716708
vn 0.148795277 -0.601957738 -0.784542382
vn 0.633381724 0.58335048 0.508458197
vn 0.0978613049 0.922632217 0.373058856
vn 0.113569424 0.848958313 0.516112149
vn 0.783872902 0.499566317 0.368750185
vn 0.729952455 0.624921203 0.276844501
vn 0.0808402076 0.534251451 0.841451287
vn 0.7741189 0.371005446 0.512927651
vn 0.833565176 -0.00116010278 0.55241996
vn 0.0653678179 0.0254327208 0.997537136
vn 0.623286426 -0.500594974 0.600765049
vn 0.479020566 -0.753491521 0.450321943
vn 0.42608422 -0.718081832 0.550282478
vn 0.682709336 -0.568133175 0.45949176
vn 0.630922735 -0.640149236 0.438343912
vn 0.464571208 -0.793425918 0.39325422
vn 0.361391991 -0.82449609 0.435433239
vn 0.851073086 -0.344955713 0.395828485
vn 0.879580379 0.0216528121 0.475257307
vn 0.964005589 0.0496871024 0.261197925
vn 0.694276869 -0.0455991514 0.718262017
vn 0.84139359 0.395500422 0.368288457
vn 0.611423194 0.622549474 0.48846069
vn 0.576219738 0.373616666 0.726898432
vn 0.555787385 0.707278371 0.436872691
vn 0.555519223 0.535080373 0.636464775
vn 0.688490093 -0.642835438 0.335773706
vn 0.407420725 0.664759099 0.62618196
vn 0.454496086 0.733380497 0.505555451
vn 0.48105222 0.698811054 0.529388368
vn 0.330369055 0.566561639 0.754893541
vn 0.447073966 0.754429638 0.480583787
vn 0.224562421 0.491795987 0.841254056
vn 0.555787385 0.707278371 0.436872691
vn 0.753205121 -0.448440135 0.481231183
vn 0.630922735 -0.640149236 0.438343912
vn 0.314272344 -0.754637599 0.575981855
vn 0.42608422 -0.718081832 0.550282478
vn 0.157484129 -0.464641571 0.871382177
vn 0.677519202 0.699042559 0.228707656
vn 0.84139359 0.395500422 0.368288457
vn 0.688490093 -0.642835438 0.335773706
vn 0.522769153 0.8038764 -0.283716708
vn 0.633381724 0.58335048 0.508458197
vn 0.905579269 0.424168915 -0.00264674006
vn 0.905579269 0.424168915 -0.00264674006
vn 0.783872902 0.499566317 0.368750185
vn 0.723660767 0.485894054 0.490124553
vn 0.604811668 0.514384925 0.60795635
vn -0.16912134 -0.277435988 -0.945741594
vn -0.988673151 0.00304670539 -0.150053978
vn -0.964662433 0.223324135 -0.139830962
vn -0.182673156 0.0231278725 -0.982901573
vn -0.079170242 0.0549948104 -0.99534297
vn -0.211510554 0.297669351 -0.930943727
vn -0.967294812 -0.208591074 -0.144327521
vn -0.109794721 0.0244360697 -0.993653893
vn -0.0179534927 -0.251917571 -0.967582107
vn -0.945960999 -0.323669553 -0.0198954847
vn -0.00298539596 0.306259304 -0.951943517
vn -0.942192376 0.334893733 -0.0109469378
vn -0.456871301 0.170333579 -0.873072207
vn -0.194515973 0.303129166 -0.932886004
vn -0.466411442 0.0937762856 -0.87958312
vn -0.118716836 0.303315639 -0.945465982
vn -0.913651884 0.404711276 0.0380672477
vn -0.447865814 0.869591475 -0.207910717
vn -0.00456875656 0.741831124 -0.670571208
vn -0.390992284 -0.18452315 -0.90170747
vn -0.418735325 -0.232632503 -0.87780571
vn 0.148795277 -0.601957738 -0.784542382
vn -0.928781211 -0.367710859 0.0464123376
vn -0.440369844 -0.894322455 0.07913059
vn 0.0134694921 -0.192864209 -0.981132925
vn -0.147949979 -0.295913279 -0.943687499
vn -0.16912134 -0.277435988 -0.945741594
vn -0.182673156 0.0231278725 -0.982901573
vn -0.079170242 0.0549948104 -0.99534297
vn -0.182673156 0.0231278725 -0.982901573
vn -0.211510554 0.297669351 -0.930943727
vn -0.109794721 0.0244360697 -0.993653893
vn -0.0179534927 -0.251917571 -0.967582107
vn -0.00298539596 0.306259304 -0.951943517
vn -0.079170242 0.0549948104 -0.99534297
vn -0.0235755723 0.956135094 0.291975766
vn -0.486766577 -0.085390456 0.869348526
vn -0.735536456 0.660903573 0.148971796
vn -0.0819470957 0.996002018 0.0355627127
vn 0.281827718 0.663974047 0.692612231
vn -0.715822339 -0.246365607 0.653377652
vn -0.901074886 -0.346163183 0.261218607
vn -0.763158739 0.619537055 -0.183745831
vn -0.912990034 -0.372741252 -0.165870756
vn 0.839101315 0.0300067794 -0.543146968
vn 0.976638854 -0.100107305 -0.190144628
vn 0.935687184 -0.119596541 0.331942886
vn -0.271261245 0.790643334 0.548908472
vn 0.920635641 -0.160920396 0.355717063
vn 0.976638854 -0.100107305 -0.190144628
vn -0.0235755723 0.956135094 0.291975766
vn -0.823059082 0.566280484 -0.043591585
vn -0.803493023 0.474339306 -0.359723806
vn -0.655344725 0.613225818 -0.440995693
vn -0.762519181 -0.376136869 -0.526389062
vn -0.453963846 -0.270459265 -0.848980904
vn -0.511044145 0.703994334 -0.493179351
vn -0.598204792 0.527864337 -0.602918148
vn -0.134548247 -0.0565822609 -0.989290297
vn 0.42272824 -0.182347134 -0.887722015
vn -0.460774064 0.465618342 0.755570471
vn 0.920635641 -0.160920396 0.355717063
vn -0.969830394 0.23244448 -0.073474355
vn -0.681921721 -0.130742848 0.719645083
vn -0.212966383 -0.315607429 0.9246822
vn 0.79534632 -0.207942978 0.569371641
vn 0.920635641 -0.160920396 0.355717063
vn -0.986703157 -0.155209616 0.0482365489
vn -0.905471563 -0.0256778225 0.423629642
vn -0.720600307 -0.284938395 0.632096052
vn -0.918872237 -0.394296765 -0.014280051
vn -0.839920461 -0.447430998 -0.307146877
vn -0.535984159 -0.666786432 0.517800033
vn -0.752877951 -0.608252287 -0.251404017
vn -0.757846057 -0.652213514 0.0169379395
vn -0.918976128 0.35638386 0.168740794
vn -0.753702462 0.270085514 0.59915477
vn -0.11083813 -0.983519971 0.142840892
vn -0.527345419 0.145062342 0.837176085
vn -0.0383858941 -0.99768734 -0.0560940467
vn 0.321418196 -0.686903477 0.651808262
vn -0.0799939483 -0.905254424 0.417271286
vn -0.904474437 0.367720008 -0.216120511
vn -0.662222028 -0.605332017 -0.44162792
vn -0.728399873 0.382589966 -0.568382323
vn -0.417832226 0.312303483 -0.85316056
vn -0.52318418 -0.642508984 -0.559875488
vn -0.135929674 0.133818969 -0.981639266
vn -0.222757861 -0.512337923 -0.829390585
vn 0.178072527 0.022394482 -0.983762503
vn 0.61861074 0.10291978 -0.778927684
vn 0.932995141 0.143090621 0.330219716
vn 0.85703367 0.0608421639 -0.511655569
vn 0.985158861 0.0816459581 -0.150982842
vn 0.936385632 0.293646157 0.19223386
vn -0.0799939483 -0.905254424 0.417271286
vn -0.11083813 -0.983519971 0.142840892
vn -0.535984159 -0.666786432 0.517800033
vn 0.85703367 0.0608421639 -0.511655569
vn 0.888251781 0.316263705 -0.333145589
vn 0.445085675 -0.895041466 0.028274009
vn 0.810646832 -0.376337022 0.44857797
vn 0.843591571 0.140418857 -0.518300951
vn 0.771560371 -0.248546213 -0.585593104
vn 0.309577882 -0.881710231 0.356017739
vn 0.616381228 -0.676868558 -0.402396798
vn 0.328213215 -0.711553752 0.621262789
vn 0.43632713 -0.881216288 -0.181869209
vn -0.134548247 -0.0565822609 -0.989290297
vn -0.453963846 -0.270459265 -0.848980904
vn 0.300151139 -0.953558028 0.025228003
vn -0.762519181 -0.376136869 -0.526389062
vn 0.276934862 -0.949297488 0.148799539
vn 0.288945794 -0.939363778 0.184678331
vn -0.912990034 -0.372741252 -0.165870756
vn 0.353495449 -0.915969014 0.189846933
vn -0.901074886 -0.346163183 0.261218607
vn 0.411406606 -0.896885037 0.162301302
vn -0.715822339 -0.246365607 0.653377652
vn 0.920635641 -0.160920396 0.355717063
vn 0.976638854 -0.100107305 -0.190144628
vn 0.444478244 -0.879243493 0.171376884
vn -0.486766577 -0.085390456 0.869348526
vn 0.281827718 0.663974047 0.692612231
vn 0.935687184 -0.119596541 0.331942886
vn 0.839101315 0.0300067794 -0.543146968
vn 0.770197272 -0.570945501 0.284284085
vn 0.554034114 -0.57257545 0.604320705
vn 0.589459717 -0.271033973 0.760971606
vn 0.195539489 -0.946400285 0.25708124
vn 0.79534632 -0.207942978 0.569371641
vn 0.247255266 -0.809267342 0.53287065
vn -0.212966383 -0.315607429 0.9246822
vn 0.428018868 -0.714875221 0.552949607
vn -0.516624272 -0.807174742 -0.285601467
vn 0.195539489 -0.946400285 0.25708124
vn -0.516624272 -0.807174742 -0.285601467
vn 0.42272824 -0.182347134 -0.887722015
vn 0.226249233 0.768704236 -0.5982517
vn -0.0377381854 0.994078994 -0.101896293
vn -0.208541662 0.941464007 0.264869481
vn 0.810646832 -0.376337022 0.44857797
vn 0.0856861398 0.196242854 0.976804316
vn -0.417895824 0.155871704 0.895023406
vn 0.328213215 -0.711553752 0.621262789
vn 0.0491984412 0.389841437 0.91956687
vn 0.309577882 -0.881710231 0.356017739
vn 0.445085675 -0.895041466 0.028274009
vn -0.10971123 0.897400022 0.427360147
vn -0.366072148 0.844429493 0.391062796
vn 0.226249233 0.768704236 -0.5982517
vn -0.0377381854 0.994078994 -0.101896293
vn -0.672502458 -0.283072412 0.683820426
vn -0.208541662 0.941464007 0.264869481
vn 0.0856861398 0.196242854 0.976804316
vn 0.445085675 -0.895041466 0.028274009
vn 0.810646832 -0.376337022 0.44857797
vn 0.0856861398 0.196242854 0.976804316
vn 0.512891471 0.652861416 0.557417572
vn 0.589459717 -0.271033973 0.760971606
vn 0.554034114 -0.57257545 0.604320705
vn 0.589459717 -0.271033973 0.760971606
vn -0.260637164 0.292241603 0.920142889
vn 0.807353556 0.240607172 0.538784206
vn 0.0180216003 0.852879524 0.521796763
vn 0.312451214 0.93157196 0.185870677
vn 0.936385632 0.293646157 0.19223386
vn 0.745962262 0.583118021 0.321735442
vn 0.334184945 0.922589064 0.19274281
vn 0.289712787 0.940013409 0.180115119
vn -0.904474437 0.367720008 -0.216120511
vn -0.918976128 0.35638386 0.168740794
vn 0.411575764 0.896077096 0.166286603
vn 0.985158861 0.0816459581 -0.150982842
vn 0.458160549 0.87940836 0.129343718
vn 0.85703367 0.0608421639 -0.511655569
vn 0.932995141 0.143090621 0.330219716
vn 0.272328049 0.952991426 0.132833838
vn 0.549112916 0.589007139 0.592912853
vn 0.316533953 0.948468983 0.0145846494
vn 0.624177456 0.204034567 0.754170001
vn 0.453160048 0.876002073 -0.165125251
vn 0.440580726 0.116804056 0.890081704
vn 0.588150561 0.729963183 -0.348184794
vn 0.283514291 0.784922183 0.550923526
vn 0.713915527 0.512249947 -0.477414489
vn 0.270186365 0.867165804 0.418357372
vn 0.843504727 0.135721296 -0.519691765
vn 0.433265597 0.901132107 -0.015551216
vn 0.855568588 -0.289202362 -0.429376781
vn 0.806057394 0.317293406 0.499596238
vn -0.105839185 -0.979382277 0.172071084
vn 0.0144736851 -0.218515411 0.975726068
vn -0.0209414121 -0.94178468 -0.335563749
vn 0.169656947 -0.741647422 -0.648980379
vn 0.61861074 0.10291978 -0.778927684
vn 0.178072527 0.022394482 -0.983762503
vn -0.135929674 0.133818969 -0.981639266
vn -0.417832226 0.312303483 -0.85316056
vn -0.728399873 0.382589966 -0.568382323
vn 0.247406974 0.942884743 0.223065123
vn -0.494766712 0.760039628 -0.421361685
vn -0.105839185 -0.979382277 0.172071084
vn -0.636268854 0.372698605 0.675468624
vn 0.0144736851 -0.218515411 0.975726068
vn 0.806057394 0.317293406 0.499596238
vn -0.645771384 -0.195140526 0.738173127
vn -0.0209414121 -0.94178468 -0.335563749
vn 0.169656947 -0.741647422 -0.648980379
vn -0.343695045 -0.932151437 0.113874584
vn -0.253076136 -0.518389344 0.816838443
vn -0.1035299 -0.97561872 0.193518683
vn 0.806057394 0.317293406 0.499596238
vn 0.433265597 0.901132107 -0.015551216
vn 0.270186365 0.867165804 0.418357372
vn -0.253076136 -0.518389344 0.816838443
vn -0.645771384 -0.195140526 0.738173127
vn 0.270186365 0.867165804 0.418357372
vn 0.283514291 0.784922183 0.550923526
vn 0.440580726 0.116804056 0.890081704
vn -0.1035299 -0.97561872 0.193518683
vn 0.440580726 0.116804056 0.890081704
vn 0.229647338 -0.804490685 0.547774434
vn 0.624177456 0.204034567 0.754170001
vn 0.561867058 -0.651512921 0.509741485
vn 0.549112916 0.589007139 0.592912853
vn 0.624177456 0.204034567 0.754170001
vn -0.527345419 0.145062342 0.837176085
vn 0.321418196 -0.686903477 0.651808262
vn -0.753702462 0.270085514 0.59915477
vn -0.905471563 -0.0256778225 0.423629642
vn 0.807353556 0.240607172 0.538784206
vn -0.260637164 0.292241603 0.920142889
vn 0.807353556 0.240607172 0.538784206
vn 0.936385632 0.293646157 0.19223386
vn 0.626511276 0.62308681 0.468237638
vn 0.659834266 -0.515478313 0.54671818
vn 0.523214519 0.651043534 0.549899042
vn -0.584587395 0.507532477 0.632983804
vn -0.479246199 -0.607792079 0.63317591
vn 0.659834266 -0.515478313 0.54671818
vn 0.432656169 -0.278850526 0.857351124
vn -0.277911395 0.371375203 0.885915101
vn -0.584587395 0.507532477 0.632983804
vn -0.479246199 -0.607792079 0.63317591
vn -0.260394633 -0.33496213 0.905535758
vn 0.989473879 0.144633964 -0.00474214973
vn 0.831742883 -0.554817319 -0.0195326582
vn 0.733055949 -0.521221519 -0.436986208
vn 0.856894195 -0.373412162 0.355380923
vn 0.426760495 -0.532085121 0.731273532
vn 0.697556734 -0.374343246 0.610967815
vn 0.926359832 0.375544578 0.0286998469
vn 0.831034184 0.499476135 -0.24475643
vn 0.938698828 0.340592563 0.0533025004
vn 0.733055949 -0.521221519 -0.436986208
vn 0.900954008 -0.404776096 0.156327099
vn 0.716711164 -0.0651416853 0.694321036
vn 0.626511276 0.62308681 0.468237638
vn 0.825989187 0.458042115 0.328541279
vn 0.551068723 0.15262197 0.820383847
vn -0.277911395 0.371375203 0.885915101
vn 0.640372634 0.387111276 0.663376093
vn 0.798807025 0.22354579 0.558511078
vn 0.667593181 0.416331112 0.617242038
vn 0.529360414 0.745492041 0.404992878
vn 0.491185158 0.797829211 0.349579334
vn 0.370813847 0.565441728 0.736731112
vn -0.435621321 0.816635668 0.378603071
vn -0.199553326 0.97985667 -0.00770693924
vn -0.0361998193 0.40527311 0.913478673
vn 0.730997682 0.159601763 0.663452744
vn 0.31287241 0.594689548 0.740577638
vn 0.408598185 0.813025236 -0.41477403
vn 0.874294102 -0.0143474797 0.485184401
vn 0.620980442 0.156284824 -0.768087447
vn 0.0752353519 0.990328729 0.116571203
vn -0.482437789 0.527990997 0.698912919
vn -0.588805258 0.71849978 0.370224714
vn -0.776630282 -0.059548676 0.627135873
vn -0.924073219 -0.0517386347 0.378697604
vn 0.206081793 0.910418212 -0.358704656
vn 0.674598992 0.591956079 0.441026241
vn 0.830123365 0.354453862 -0.43041563
vn -0.0601762161 0.561280608 -0.825435042
vn 0.297555387 0.120300546 -0.947094798
vn 0.630289733 -0.601841152 -0.490430474
vn -0.591936231 0.29978019 0.748159945
vn -0.740291834 -0.0151431598 0.672115028
vn -0.722715437 0.465526432 0.510849774
vn -0.260637164 0.292241603 0.920142889
vn -0.734400153 0.670949519 -0.102387153
vn -0.63456732 0.667052805 -0.390339404
vn -0.0601762161 0.561280608 -0.825435042
vn 0.247406974 0.942884743 0.223065123
vn -0.865964532 0.447401106 0.223467171
vn 0.312451214 0.93157196 0.185870677
vn 0.312451214 0.93157196 0.185870677
vn 0.0180216003 0.852879524 0.521796763
vn -0.260637164 0.292241603 0.920142889
vn -0.494766712 0.760039628 -0.421361685
vn -0.0601762161 0.561280608 -0.825435042
vn 0.297555387 0.120300546 -0.947094798
vn -0.905471563 -0.0256778225 0.423629642
vn 0.432656169 -0.278850526 0.857351124
vn 0.626511276 0.62308681 0.468237638
vn 0.048719544 -0.953383625 0.29780215
vn 0.15088509 -0.53828752 0.829144299
vn 0.151573807 -0.984997749 0.0824915171
vn 0.42638585 -0.851099432 0.30630824
vn 0.432656169 -0.278850526 0.857351124
vn -0.260394633 -0.33496213 0.905535758
vn 0.594802916 -0.306499302 0.743147135
vn 0.457659692 -0.0529592372 0.887548864
vn -0.277911395 0.371375203 0.885915101
vn 0.809252441 -0.10279461 0.578397572
vn 0.288806528 -0.957360268 0.00722180214
vn 0.21530509 -0.567602158 0.794651866
vn -0.442168474 -0.799040914 0.407456458
vn -0.260394633 -0.33496213 0.905535758
vn 0.87772882 -0.195216894 0.437587082
vn 0.652943671 -0.548410177 0.522408664
vn 0.551850617 -0.381609023 0.741508901
vn 0.865587175 -0.496320546 0.0665192232
vn 0.914193332 -0.366932571 0.17207852
vn -0.104112841 -0.403119177 0.909205854
vn -0.566792727 -0.276165009 0.776195168
vn -0.497724205 -0.465645611 0.731740952
vn -0.442168474 -0.799040914 0.407456458
vn -0.776630282 -0.059548676 0.627135873
vn -0.924073219 -0.0517386347 0.378697604
vn -0.680220008 -0.540671825 0.494949073
vn -0.146293148 -0.611809611 0.777359188
vn 0.247255266 -0.809267342 0.53287065
vn 0.195539489 -0.946400285 0.25708124
vn -0.212966383 -0.315607429 0.9246822
vn -0.740291834 -0.0151431598 0.672115028
vn -0.681921721 -0.130742848 0.719645083
vn -0.106374986 -0.833665311 0.54192853
vn -0.689492106 -0.682861626 0.241455242
vn 0.195539489 -0.946400285 0.25708124
vn 0.104322061 -0.954557359 0.279172242
vn -0.648650944 -0.758989632 -0.056449838
vn 0.333180666 -0.932264149 0.140976012
vn -0.585082114 -0.698306859 -0.412366897
vn -0.516624272 -0.807174742 -0.285601467
vn 0.195539489 -0.946400285 0.25708124
vn 0.687584043 -0.523543417 0.50312072
vn 0.32570073 -0.925706744 0.192317814
vn 0.569312215 -0.573798537 0.588760495
vn 0.934577823 -0.355656147 -0.0085458653
vn 0.878918588 0.401996285 -0.256712049
vn 0.620643139 0.344588816 -0.704315722
vn 0.694757819 -0.636676311 -0.334596485
vn 0.256973267 -0.406498343 0.876769066
vn 0.42638585 -0.851099432 0.30630824
vn 0.050778944 -0.864351749 -0.500317514
vn 0.42638585 -0.851099432 0.30630824
vn 0.256707549 -0.524224877 -0.811966419
vn 0.733055949 -0.521221519 -0.436986208
vn 0.719279289 -0.686928272 0.103762709
vn -0.516624272 -0.807174742 -0.285601467
vn 0.256707549 -0.524224877 -0.811966419
vn -0.277911395 0.371375203 0.885915101
vn 0.523214519 0.651043534 0.549899042
vn -0.584587395 0.507532477 0.632983804
vn 0.626511276 0.62308681 0.468237638
vn 0.685892761 0.0863405764 -0.722562373
vn 0.655535698 -0.666816413 -0.354441434
vn 0.832008064 0.0550138354 -0.552029073
vn 0.295675635 -0.479480654 -0.826240957
vn 0.6180861 0.720972419 -0.313318282
vn 0.959697783 0.00308643933 -0.281017035
vn 0.959697783 0.00308643933 -0.281017035
vn 0.344568282 0.504715085 -0.791539907
vn 0.620980442 0.156284824 -0.768087447
vn -0.0337276161 0.801480293 -0.597069204
vn 0.432324588 0.850048721 -0.300853312
vn 0.710138083 0.704061687 0.000947169028
vn 0.991128087 -0.024992086 0.130539507
vn 0.513305724 0.632367015 0.580197573
vn 0.15695703 0.970259428 0.184285104
vn 0.772571445 -0.0190213919 0.63464278
vn 0.15359655 0.00162958645 0.988132298
vn 0.00832927041 -0.798602283 -0.601801455
vn 0.630289733 -0.601841152 -0.490430474
vn 0.418541849 -0.862065732 -0.285771519
vn 0.676790595 -0.73594892 0.0182638746
vn 0.0651162192 -0.98532778 0.157762274
vn -0.0073256474 -0.99781251 -0.0656993166
vn -0.574920297 -0.746421039 0.335145175
vn -0.442168474 -0.799040914 0.407456458
vn -0.223799288 -0.653173149 0.723380029
vn -0.618840575 -0.0070480709 0.78548497
vn -0.909696817 -0.0371319801 0.413609654
vn -0.924073219 -0.0517386347 0.378697604
vn -0.442168474 -0.799040914 0.407456458
vn 0.504344404 -0.647759378 0.571003079
vn -0.223799288 -0.653173149 0.723380029
vn 0.288806528 -0.957360268 0.00722180214
vn 0.620980442 0.156284824 -0.768087447
vn -0.223799288 -0.653173149 0.723380029
vn -0.618840575 -0.0070480709 0.78548497
vn -0.187704846 0.662367225 0.725283802
vn 0.513305724 0.632367015 0.580197573
vn 0.620980442 0.156284824 -0.768087447
vn 0.408598185 0.813025236 -0.41477403
vn 0.0752353519 0.990328729 0.116571203
vn 0.0129571809 0.996611536 -0.0812241584
vn -0.588805258 0.71849978 0.370224714
vn -0.594364762 0.718896091 0.360442668
vn -0.187704846 0.662367225 0.725283802
vn 0.513305724 0.632367015 0.580197573
vn -0.618840575 -0.0070480709 0.78548497
vn -0.909696817 -0.0371319801 0.413609654
vn -0.924073219 -0.0517386347 0.378697604
vn -0.479246199 -0.607792079 0.63317591
vn 0.432656169 -0.278850526 0.857351124
vn -0.260394633 -0.33496213 0.905535758
vn 0.432656169 -0.278850526 0.857351124
vn -0.479246199 -0.607792079 0.63317591
vn 0.659834266 -0.515478313 0.54671818
vn -0.905471563 -0.0256778225 0.423629642
vn -0.681921721 -0.130742848 0.719645083
vn 0.594802916 -0.306499302 0.743147135
vn -0.700763345 -0.359824628 0.616000831
vn 0.519128025 -0.538792193 0.663482487
vn -0.675424039 -0.620456994 0.3985416
vn 0.50357461 -0.290314317 0.813713789
vn 0.52308929 -0.681534469 0.51175034
vn -0.640333533 -0.747003019 0.178772047
vn -0.782356918 -0.420871645 0.459113002
vn -0.745941401 -0.633816421 0.204568118
vn -0.561949432 -0.636613488 0.528144062
vn 0.399893016 -0.621108234 0.674025297
vn -0.822638988 -0.415223867 0.388399422
vn -0.641586006 -0.471012145 0.605404794
vn -0.632585883 -0.498576969 0.592668712
vn -0.90663594 -0.391012251 0.158494964
vn -0.641982257 -0.652971864 0.401853889
vn 0.453942358 -0.0054359436 0.891014457
vn -0.74660331 -0.0142908962 0.665115952
vn -0.642187893 0.354015708 0.679902554
vn 0.562765539 0.2552616 0.786216617
vn -0.636012137 0.614218295 0.467144907
vn -0.833565176 -0.00116010278 0.55241996
vn -0.7741189 0.371005446 0.512927651
vn -0.729952455 0.624921203 0.276844501
vn -0.634336233 0.743878901 0.210384548
vn 0.512231052 0.680044055 0.524556398
vn 0.556071103 0.499155641 0.664551437
vn 0.562765539 0.2552616 0.786216617
vn -0.604811668 0.514384925 0.60795635
vn 0.481570095 0.480920434 0.732670307
vn -0.783872902 0.499566317 0.368750155
vn 0.481570095 0.480920434 0.732670307
vn 0.512231052 0.680044055 0.524556398
vn 0.383842975 0.375983 0.843386829
vn -0.723660767 0.485894054 0.490124553
vn 0.481570095 0.480920434 0.732670307
vn 0.073343046 0.996012926 -0.0507849008
vn 0.774078846 0.051652886 0.630978584
vn -0.723660767 0.485894054 0.490124553
vn -0.905579269 0.424168944 -0.00264674006
vn 0.205550283 0.891131341 -0.404517114
vn 0.774078846 0.051652886 0.630978584
vn 0.999402285 -0.0248270165 0.0240535922
vn 0.623511076 -0.336237788 -0.705817401
vn -0.013469466 -0.192864195 -0.981132925
vn -0.539510489 0.496694028 -0.679870307
vn -0.148795277 -0.601957738 -0.784542382
vn -0.522769153 0.8038764 -0.283716619
vn 0.626787961 0.106718563 -0.771847188
vn 0.135659605 -0.917197943 -0.374625802
vn 0.994734406 0.090128094 0.0487898663
vn 0.0364900604 -0.999214172 0.0154751614
vn 0.864519417 0.0205938853 0.502177298
vn 0.388447821 -0.1835576 0.903003275
vn -0.641586006 -0.471012145 0.605404794
vn -0.748281956 -0.263938904 -0.608613491
vn -0.151673034 0.103802048 -0.982965171
vn 0.626787961 0.106718563 -0.771847188
vn -0.641586006 -0.471012145 0.605404794
vn 0.399893016 -0.621108234 0.674025297
vn -0.474385858 -0.85924077 -0.19147636
vn -0.641982257 -0.652971864 0.401853889
vn -0.474385858 -0.85924077 -0.19147636
vn 0.626787961 0.106718563 -0.771847188
vn 0.994734406 0.090128094 0.0487898663
vn 0.447865874 0.869591475 -0.207910717
vn 0.994734406 0.090128094 0.0487898663
vn 0.819306076 0.370794505 0.437320203
vn 0.864519417 0.0205938853 0.502177298
vn 0.843766212 0.271409422 0.463028669
vn 0.388447821 -0.1835576 0.903003275
vn 0.913651884 0.404711276 0.0380672477
vn 0.399893016 -0.621108234 0.674025297
vn 0.447865874 0.869591475 -0.207910717
vn 0.399893016 -0.621108234 0.674025297
vn 0.942192376 0.334893733 -0.0109469322
vn 0.52308929 -0.681534469 0.51175034
vn 0.964662433 0.223324105 -0.139830962
vn 0.519128025 -0.538792193 0.663482487
vn 0.50357461 -0.290314317 0.813713789
vn 0.988673151 0.00304670422 -0.150053948
vn 0.453942358 -0.0054359436 0.891014457
vn 0.562765539 0.2552616 0.786216617
vn 0.967294812 -0.208591044 -0.144327521
vn 0.556071103 0.499155641 0.664551437
vn 0.512231052 0.680044055 0.524556398
vn 0.945960999 -0.323669583 -0.0198954865
vn 0.481570095 0.480920434 0.732670307
vn 0.481570095 0.480920434 0.732670307
vn 0.928781211 -0.367710859 0.0464123376
vn 0.773715019 -0.244260073 0.584553003
vn 0.440369904 -0.894322455 0.0791305676
vn 0.383842975 0.375983 0.843386829
vn 0.774078846 0.051652886 0.630978584
vn 0.440369904 -0.894322455 0.0791305676
vn 0.383842975 0.375983 0.843386829
vn 0.999402285 -0.0248270165 0.0240535922
vn 0.623511076 -0.336237788 -0.705817401
vn -0.013469466 -0.192864195 -0.981132925
vn 0.774078846 0.051652886 0.630978584
vn 0.999402285 -0.0248270165 0.0240535922
vn 0.399893016 -0.621108234 0.674025297
vn 0.52308929 -0.681534469 0.51175034
vn -0.748281956 -0.263938904 -0.608613491
vn -0.151673034 0.103802048 -0.982965171
vn -0.428357333 -0.093530044 -0.898755968
vn -0.748281956 -0.263938904 -0.608613491
vn -0.474385858 -0.85924077 -0.19147636
vn -0.151673034 0.103802048 -0.982965171
vn 0.00456875656 0.741831124 -0.670571208
vn 0.626787961 0.106718563 -0.771847188
vn 0.447865874 0.869591475 -0.207910717
vn 0.118716851 0.303315639 -0.945465982
vn -0.428357333 -0.093530044 -0.898755968
vn 0.00456875656 0.741831124 -0.670571208
vn -0.474385858 -0.85924077 -0.19147636
vn 0.466411442 0.0937762856 -0.87958312
vn 0.0117304726 -0.992258966 -0.123630457
vn -0.641982257 -0.652971864 0.401853889
vn -0.632585883 -0.498576969 0.592668712
vn -0.122375228 -0.86171037 0.492422134
vn -0.273727804 -0.934315503 0.228314802
vn -0.000723987643 -0.925612748 -0.378471166
vn -0.745941401 -0.633816421 0.204568118
vn -0.0874022245 -0.570621908 0.816548526
vn -0.782356918 -0.420871645 0.459113002
vn -0.0821625963 -0.353978097 0.931637645
vn -0.822638988 -0.415223867 0.388399422
vn 0.456871301 0.170333579 -0.873072207
vn -0.212429389 -0.855438054 -0.472334117
vn 0.194515973 0.303129166 -0.932886004
vn -0.407491803 -0.801080942 -0.43842876
vn -0.443974555 -0.872602701 0.203595862
vn -0.591059625 -0.71604538 -0.371385932
vn -0.753205121 -0.448440135 0.481231183
vn -0.764373541 -0.515178561 -0.387716681
vn -0.964005589 0.0496871062 0.261197925
vn -0.76047188 -0.0273247473 -0.648795664
vn -0.766563177 0.496429473 -0.407355666
vn -0.84139359 0.395500422 0.368288457
vn -0.645909548 0.688863337 -0.329041362
vn -0.677519202 0.699042559 0.228707656
vn -0.407063156 0.879925966 0.245010018
vn -0.442995995 0.821529627 -0.358947873
vn -0.266758233 0.848461032 -0.457114697
vn -0.280713886 0.933848381 0.221645936
vn -0.0242367778 0.911412716 -0.410779029
vn 0.147949994 -0.295913368 -0.943687499
vn 0.418735325 -0.232632518 -0.87780571
vn 0.390992284 -0.18452315 -0.90170747
vn 0.0323091187 0.991173446 -0.128574401
vn -0.522769153 0.8038764 -0.283716619
vn -0.148795277 -0.601957738 -0.784542382
vn -0.633381724 0.58335048 0.508458197
vn -0.0978613049 0.922632217 0.373058856
vn -0.113569424 0.848958313 0.516112149
vn -0.783872902 0.499566317 0.368750155
vn -0.729952455 0.624921203 0.276844501
vn -0.0808402076 0.534251451 0.841451287
vn -0.7741189 0.371005446 0.512927651
vn -0.833565176 -0.00116010278 0.55241996
vn -0.0653678179 0.0254327208 0.997537136
vn -0.623286426 -0.500594974 0.600765109
vn -0.479020566 -0.753491521 0.450321943
vn -0.682709396 -0.568133116 0.45949164
vn -0.42608428 -0.718081832 0.550282419
vn -0.630922735 -0.640149236 0.438343912
vn -0.464571208 -0.793425918 0.39325422
vn -0.361391991 -0.82449609 0.435433239
vn -0.851073086 -0.344955713 0.395828485
vn -0.879580379 0.0216528028 0.475257307
vn -0.964005589 0.0496871062 0.261197925
vn -0.694276869 -0.0455991514 0.718262017
vn -0.84139359 0.395500422 0.368288457
vn -0.611423194 0.622549415 0.48846066
vn -0.576219797 0.373616666 0.726898432
vn -0.555787325 0.707278371 0.436872721
vn -0.555519223 0.535080373 0.636464775
vn -0.688490093 -0.642835438 0.335773706
vn -0.407420725 0.664759099 0.62618196
vn -0.454496115 0.733380437 0.505555451
vn -0.48105222 0.698811054 0.529388368
vn -0.330369055 0.566561639 0.754893541
vn -0.447073966 0.754429638 0.480583787
vn -0.224562451 0.491795987 0.841254056
vn -0.555787325 0.707278371 0.436872721
vn -0.753205121 -0.448440135 0.481231183
vn -0.630922735 -0.640149236 0.438343912
vn -0.314272285 -0.754637599 0.575981796
vn -0.157484129 -0.464641571 0.871382177
vn -0.42608428 -0.718081832 0.550282419
vn -0.677519202 0.699042559 0.228707656
vn -0.688490093 -0.642835438 0.335773706
vn -0.84139359 0.395500422 0.368288457
vn -0.522769153 0.8038764 -0.283716619
vn -0.905579269 0.424168944 -0.00264674006
vn -0.633381724 0.58335048 0.508458197
vn -0.905579269 0.424168944 -0.00264674006
vn -0.783872902 0.499566317 0.368750155
vn -0.723660767 0.485894054 0.490124553
vn -0.604811668 0.514384925 0.60795635
vn 0.16912134 -0.277435929 -0.945741594
vn 0.988673151 0.00304670422 -0.150053948
vn 0.182673156 0.0231278725 -0.982901573
vn 0.964662433 0.223324105 -0.139830962
vn 0.0791702569 0.0549948215 -0.99534297
vn 0.211510569 0.297669441 -0.930943727
vn 0.967294812 -0.208591044 -0.144327521
vn 0.109794743 0.024436241 -0.993653893
vn 0.0179534927 -0.251917511 -0.967582107
vn 0.945960999 -0.323669583 -0.0198954865
vn 0.00298539596 0.306259304 -0.951943517
vn 0.942192376 0.334893733 -0.0109469322
vn 0.456871301 0.170333579 -0.873072207
vn 0.194515973 0.303129166 -0.932886004
vn 0.466411442 0.0937762856 -0.87958312
vn 0.118716851 0.303315639 -0.945465982
vn 0.913651884 0.404711276 0.0380672477
vn 0.447865874 0.869591475 -0.207910717
vn 0.00456875656 0.741831124 -0.670571208
vn 0.390992284 -0.18452315 -0.90170747
vn 0.418735325 -0.232632518 -0.87780571
vn -0.148795277 -0.601957738 -0.784542382
vn 0.928781211 -0.367710859 0.0464123376
vn 0.440369904 -0.894322455 0.0791305676
vn -0.013469466 -0.192864195 -0.981132925
vn 0.147949994 -0.295913368 -0.943687499
vn 0.16912134 -0.277435929 -0.945741594
vn 0.182673156 0.0231278725 -0.982901573
vn 0.0791702569 0.0549948215 -0.99534297
vn 0.182673156 0.0231278725 -0.982901573
vn 0.211510569 0.297669441 -0.930943727
vn 0.109794743 0.024436241 -0.993653893
vn 0.0179534927 -0.251917511 -0.967582107
vn 0.00298539596 0.306259304 -0.951943517
vn 0.0791702569 0.0549948215 -0.99534297
vn 0.0235755723 0.956135094 0.291975766
vn 0.486766577 -0.0853905305 0.869348526
vn 0.0819470957 0.996002018 0.0355627127
vn 0.735536456 0.660903573 0.148971796
vn -0.281827718 0.663973987 0.692612231
vn 0.715822339 -0.246365651 0.653377712
vn 0.901074886 -0.346163183 0.261218607
vn 0.763158739 0.619537055 -0.183745831
vn 0.912990093 -0.372741163 -0.165870786
vn -0.839101315 0.0300067719 -0.543147027
vn -0.976638854 -0.100107297 -0.190144613
vn -0.935687184 -0.119596541 0.331942886
vn 0.271261245 0.790643334 0.548908472
vn -0.920635641 -0.160920396 0.355717123
vn -0.976638854 -0.100107297 -0.190144613
vn 0.0235755723 0.956135094 0.291975766
vn 0.823059082 0.566280484 -0.043591585
vn 0.803493023 0.474339306 -0.359723806
vn 0.655344725 0.613225818 -0.440995723
vn 0.762519181 -0.376136869 -0.526389062
vn 0.453963846 -0.270459294 -0.848980904
vn 0.511044145 0.703994334 -0.493179381
vn 0.598204792 0.527864337 -0.602918148
vn 0.134548262 -0.0565823428 -0.989290297
vn -0.42272833 -0.182347164 -0.887722015
vn 0.460774064 0.465618461 0.755570412
vn -0.920635641 -0.160920396 0.355717123
vn 0.969830394 0.23244448 -0.073474355
vn 0.681921721 -0.130742878 0.719645083
vn 0.212966383 -0.315607458 0.9246822
vn -0.79534632 -0.207942963 0.569371581
vn -0.920635641 -0.160920396 0.355717123
vn 0.986703157 -0.155209616 0.0482365452
vn 0.905471563 -0.0256778225 0.423629642
vn 0.720600307 -0.284938395 0.632096052
vn 0.918872118 -0.394296825 -0.0142800566
vn 0.839920461 -0.447430998 -0.307146877
vn 0.535984159 -0.666786492 0.517799973
vn 0.752877951 -0.608252287 -0.251404017
vn 0.757846057 -0.652213514 0.0169379357
vn 0.918976128 0.35638389 0.168740794
vn 0.753702521 0.270085484 0.599154711
vn 0.110838115 -0.983519971 0.142840892
vn 0.527345419 0.145062327 0.837175965
vn 0.0383859575 -0.99768734 -0.0560940467
vn -0.321418196 -0.686903477 0.651808262
vn 0.0799939334 -0.905254424 0.417271376
vn 0.904474437 0.367720008 -0.216120511
vn 0.662222028 -0.605332017 -0.44162792
vn 0.728399873 0.382589966 -0.568382323
vn 0.417832226 0.312303424 -0.85316056
vn 0.52318418 -0.642508984 -0.559875488
vn 0.135929689 0.133818969 -0.981639266
vn 0.222757861 -0.512337923 -0.829390585
vn -0.178072542 0.0223944485 -0.983762503
vn -0.61861074 0.10291978 -0.778927684
vn -0.932995141 0.143090501 0.330219686
vn -0.85703367 0.0608421639 -0.511655569
vn -0.98515898 0.0816459805 -0.150982797
vn -0.936385632 0.293646157 0.19223386
vn 0.0799939334 -0.905254424 0.417271376
vn 0.110838115 -0.983519971 0.142840892
vn 0.535984159 -0.666786492 0.517799973
vn -0.85703367 0.0608421639 -0.511655569
vn -0.888251841 0.316263735 -0.333145559
vn -0.810646892 -0.376336962 0.448578
vn -0.445085675 -0.895041466 0.0282740202
vn -0.843591571 0.140418857 -0.518300951
vn -0.771560371 -0.248546213 -0.585593104
vn -0.309577882 -0.881710231 0.356017739
vn -0.616381228 -0.676868558 -0.402396798
vn -0.328213215 -0.711553752 0.621262789
vn -0.436327189 -0.881216288 -0.181869224
vn 0.134548262 -0.0565823428 -0.989290297
vn 0.453963846 -0.270459294 -0.848980904
vn -0.300151139 -0.953558028 0.0252279993
vn 0.762519181 -0.376136869 -0.526389062
vn -0.276934862 -0.949297488 0.148799539
vn -0.288945794 -0.939363778 0.184678331
vn 0.912990093 -0.372741163 -0.165870786
vn -0.353495449 -0.915969014 0.189846918
vn 0.901074886 -0.346163183 0.261218607
vn -0.411406606 -0.896885037 0.162301287
vn 0.715822339 -0.246365651 0.653377712
vn -0.920635641 -0.160920396 0.355717123
vn -0.976638854 -0.100107297 -0.190144613
vn -0.444478184 -0.879243493 0.171376869
vn 0.486766577 -0.0853905305 0.869348526
vn -0.281827718 0.663973987 0.692612231
vn -0.935687184 -0.119596541 0.331942886
vn -0.839101315 0.0300067719 -0.543147027
vn -0.770197272 -0.570945501 0.284284025
vn -0.554034114 -0.57257545 0.604320705
vn -0.589459717 -0.271033973 0.760971606
vn -0.19553946 -0.946400285 0.25708124
vn -0.79534632 -0.207942963 0.569371581
vn -0.247255385 -0.809267342 0.532870591
vn 0.212966383 -0.315607458 0.9246822
vn -0.428018868 -0.714875221 0.552949667
vn 0.516624331 -0.807174742 -0.285601497
vn -0.19553946 -0.946400285 0.25708124
vn 0.516624331 -0.807174742 -0.285601497
vn -0.42272833 -0.182347164 -0.887722015
vn -0.226249233 0.768704236 -0.5982517
vn 0.0377381854 0.994078994 -0.101896293
vn 0.208541676 0.941464007 0.264869481
vn -0.810646892 -0.376336962 0.448578
vn -0.0856861398 0.196242854 0.976804316
vn 0.417895824 0.155871719 0.895023525
vn -0.328213215 -0.711553752 0.621262789
vn -0.309577882 -0.881710231 0.356017739
vn -0.0491984412 0.389841437 0.91956687
vn -0.445085675 -0.895041466 0.0282740202
vn 0.10971123 0.897400022 0.427360147
vn 0.366072208 0.844429493 0.391062796
vn -0.226249233 0.768704236 -0.5982517
vn 0.0377381854 0.994078994 -0.101896293
vn 0.672502458 -0.283072442 0.683820367
vn 0.208541676 0.941464007 0.264869481
vn -0.0856861398 0.196242854 0.976804316
vn -0.445085675 -0.895041466 0.0282740202
vn -0.810646892 -0.376336962 0.448578
vn -0.0856861398 0.196242854 0.976804316
vn -0.512891471 0.652861416 0.557417572
vn -0.589459717 -0.271033973 0.760971606
vn -0.554034114 -0.57257545 0.604320705
vn -0.589459717 -0.271033973 0.760971606
vn 0.260637164 0.292241603 0.920142889
vn -0.0180215985 0.852879524 0.521796763
vn -0.807353556 0.240607172 0.538784206
vn -0.312451154 0.93157196 0.185870633
vn -0.936385632 0.293646157 0.19223386
vn -0.745962262 0.583118021 0.321735442
vn -0.334184885 0.922589064 0.19274281
vn -0.289712787 0.940013409 0.180115119
vn 0.904474437 0.367720008 -0.216120511
vn 0.918976128 0.35638389 0.168740794
vn -0.411575764 0.896077096 0.166286618
vn -0.98515898 0.0816459805 -0.150982797
vn -0.458160549 0.87940836 0.129343688
vn -0.85703367 0.0608421639 -0.511655569
vn -0.932995141 0.143090501 0.330219686
vn -0.272328049 0.952991426 0.132833824
vn -0.549112916 0.589007139 0.592912853
vn -0.316533953 0.948468983 0.0145846615
vn -0.624177456 0.204034582 0.75417006
vn -0.453159958 0.876002073 -0.165125236
vn -0.440580726 0.116804041 0.890081704
vn -0.58815062 0.729963124 -0.348184764
vn -0.283514291 0.784922183 0.550923526
vn -0.713915527 0.512250006 -0.477414459
vn -0.270186365 0.867165804 0.418357372
vn -0.843504727 0.135721296 -0.519691765
vn -0.433265597 0.901132107 -0.015551216
vn -0.855568588 -0.289202362 -0.429376781
vn -0.806057334 0.317293406 0.499596179
vn 0.105839171 -0.979382277 0.172071069
vn -0.0144737586 -0.218515411 0.975726068
vn 0.0209414121 -0.94178468 -0.335563749
vn -0.169656947 -0.741647422 -0.648980379
vn -0.61861074 0.10291978 -0.778927684
vn -0.178072542 0.0223944485 -0.983762503
vn 0.135929689 0.133818969 -0.981639266
vn 0.417832226 0.312303424 -0.85316056
vn 0.728399873 0.382589966 -0.568382323
vn -0.247406974 0.942884743 0.223065123
vn 0.494766712 0.760039628 -0.421361685
vn 0.105839171 -0.979382277 0.172071069
vn -0.0144737586 -0.218515411 0.975726068
vn 0.636268854 0.372698516 0.675468624
vn -0.806057334 0.317293406 0.499596179
vn 0.645771325 -0.195140526 0.738173127
vn 0.0209414121 -0.94178468 -0.335563749
vn -0.169656947 -0.741647422 -0.648980379
vn 0.343695045 -0.932151437 0.113874584
vn 0.253076106 -0.518389344 0.816838324
vn 0.1035299 -0.97561872 0.193518683
vn -0.806057334 0.317293406 0.499596179
vn -0.433265597 0.901132107 -0.015551216
vn 0.645771325 -0.195140526 0.738173127
vn -0.270186365 0.867165804 0.418357372
vn 0.253076106 -0.518389344 0.816838324
vn -0.270186365 0.867165804 0.418357372
vn -0.283514291 0.784922183 0.550923526
vn -0.440580726 0.116804041 0.890081704
vn -0.440580726 0.116804041 0.890081704
vn 0.1035299 -0.97561872 0.193518683
vn -0.229647338 -0.804490685 0.547774434
vn -0.624177456 0.204034582 0.75417006
vn -0.549112916 0.589007139 0.592912853
vn -0.561867058 -0.651512921 0.509741485
vn -0.624177456 0.204034582 0.75417006
vn 0.527345419 0.145062327 0.837175965
vn -0.321418196 -0.686903477 0.651808262
vn 0.753702521 0.270085484 0.599154711
vn -0.807353556 0.240607172 0.538784206
vn -0.936385632 0.293646157 0.19223386
vn -0.807353556 0.240607172 0.538784206
vn 0.905471563 -0.0256778225 0.423629642
vn 0.260637164 0.292241603 0.920142889
vn -0.626511276 0.62308681 0.468237638
vn -0.659834266 -0.515478313 0.54671818
vn -0.43265608 -0.278850555 0.857351184
vn -0.659834266 -0.515478313 0.54671818
vn -0.523214519 0.651043534 0.549899042
vn 0.584587395 0.507532477 0.632983804
vn 0.479246199 -0.607792079 0.63317591
vn 0.277911395 0.371375203 0.885915101
vn 0.584587395 0.507532477 0.632983804
vn 0.479246199 -0.607792079 0.63317591
vn 0.260394663 -0.334962159 0.905535758
vn -0.989473879 0.144633949 -0.00474212877
vn -0.733055949 -0.521221519 -0.436986208
vn -0.831742823 -0.554817438 -0.0195326526
vn -0.856894195 -0.373412162 0.355380923
vn -0.426760495 -0.532085121 0.731273532
vn -0.697556734 -0.374343246 0.610967875
vn -0.926359832 0.375544578 0.0286998469
vn -0.831034303 0.499476135 -0.244756415
vn -0.938698828 0.340592474 0.0533025004
vn -0.733055949 -0.521221519 -0.436986208
vn -0.900954008 -0.404776096 0.156327099
vn -0.716711164 -0.0651416853 0.694321036
vn -0.626511276 0.62308681 0.468237638
vn -0.825989187 0.458042115 0.328541279
vn -0.551068783 0.152621999 0.820383966
vn 0.277911395 0.371375203 0.885915101
vn -0.640372634 0.387111276 0.663376093
vn -0.798807025 0.22354579 0.558511078
vn -0.667593181 0.416331112 0.617242038
vn -0.529360414 0.745492041 0.404992878
vn -0.491185129 0.797829211 0.349579275
vn -0.370813906 0.565441787 0.736731112
vn 0.435621321 0.816635668 0.378603071
vn 0.199553326 0.97985667 -0.00770693924
vn 0.0361998267 0.40527305 0.913478673
vn -0.730997682 0.159601748 0.663452744
vn -0.31287241 0.594689548 0.740577638
vn -0.408598214 0.813025296 -0.414773971
vn -0.874294102 -0.0143474825 0.485184401
vn -0.620980382 0.156284824 -0.768087447
vn -0.0752353519 0.990328729 0.116571203
vn 0.482437789 0.527990997 0.698912919
vn 0.588805377 0.71849978 0.370224714
vn 0.776630282 -0.059548676 0.627135932
vn 0.924073219 -0.0517386347 0.378697604
vn -0.206081823 0.910418212 -0.358704656
vn -0.674598992 0.591956079 0.441026241
vn -0.830123365 0.354453862 -0.43041563
vn 0.0601762161 0.561280608 -0.825435042
vn -0.297555327 0.120300546 -0.947094798
vn -0.630289733 -0.601841092 -0.490430504
vn -0.809252441 -0.10279461 0.578397572
vn -0.288806498 -0.957360268 0.00722180167
vn -0.21530509 -0.567602158 0.794651866
vn 0.442168474 -0.799040914 0.407456458
vn -0.594802916 -0.306499302 0.743147135
vn -0.457659692 -0.0529592372 0.887548864
vn 0.277911395 0.371375203 0.885915101
vn 0.260394663 -0.334962159 0.905535758
vn 0.260394663 -0.334962159 0.905535758
vn -0.15088509 -0.53828752 0.829144299
vn -0.43265608 -0.278850555 0.857351184
vn -0.0487195328 -0.953383625 0.29780215
vn -0.151573807 -0.984997749 0.0824915171
vn -0.42638585 -0.851099432 0.30630824
vn -0.594802916 -0.306499302 0.743147135
vn -0.626511276 0.62308681 0.468237638
vn -0.43265608 -0.278850555 0.857351184
vn -0.733055949 -0.521221519 -0.436986208
vn -0.42638585 -0.851099432 0.30630824
vn -0.256973296 -0.406498343 0.876769066
vn -0.426760495 -0.532085121 0.731273532
vn -0.914193332 -0.366932571 0.172078535
vn -0.687584043 -0.523543417 0.50312072
vn -0.569312215 -0.573798537 0.588760495
vn -0.934577823 -0.355656177 -0.00854587089
vn -0.878918588 0.401996285 -0.256712049
vn -0.620643139 0.344588816 -0.704315722
vn -0.694757819 -0.636676311 -0.334596515
vn -0.32570076 -0.925706744 0.192317814
vn -0.333180666 -0.932264149 0.140975997
vn -0.050778944 -0.864351749 -0.500317514
vn -0.719279408 -0.686928332 0.103762724
vn -0.865587175 -0.496320546 0.0665192083
vn -0.87772882 -0.195216894 0.437587082
vn -0.652943671 -0.548410237 0.522408664
vn -0.551850617 -0.381609023 0.741508901
vn 0.146293163 -0.611809671 0.777359188
vn 0.104112849 -0.403119177 0.909205854
vn 0.680220008 -0.540671825 0.494949073
vn 0.566792727 -0.276165009 0.776195168
vn 0.497724265 -0.465645611 0.731740892
vn 0.442168474 -0.799040914 0.407456458
vn 0.776630282 -0.059548676 0.627135932
vn 0.924073219 -0.0517386347 0.378697604
vn -0.247255385 -0.809267342 0.532870591
vn -0.19553946 -0.946400285 0.25708124
vn 0.212966383 -0.315607458 0.9246822
vn 0.740291834 -0.0151431635 0.672115028
vn 0.681921721 -0.130742878 0.719645083
vn 0.106374986 -0.833665311 0.54192853
vn 0.689491987 -0.682861626 0.241455242
vn -0.19553946 -0.946400285 0.25708124
vn -0.104322061 -0.954557359 0.279172242
vn 0.648650944 -0.758989632 -0.056449838
vn 0.585082114 -0.698306859 -0.412366807
vn 0.516624331 -0.807174742 -0.285601497
vn -0.19553946 -0.946400285 0.25708124
vn 0.516624331 -0.807174742 -0.285601497
vn -0.256707549 -0.524224877 -0.811966419
vn -0.256707549 -0.524224877 -0.811966419
vn 0.277911395 0.371375203 0.885915101
vn -0.523214519 0.651043534 0.549899042
vn -0.626511276 0.62308681 0.468237638
vn 0.584587395 0.507532477 0.632983804
vn -0.685892761 0.0863405615 -0.722562373
vn -0.832008064 0.0550137311 -0.552029014
vn -0.655535698 -0.666816413 -0.354441404
vn -0.295675635 -0.479480654 -0.826240957
vn -0.6180861 0.720972419 -0.313318282
vn -0.959697783 0.00308644539 -0.281017035
vn -0.959697783 0.00308644539 -0.281017035
vn -0.344568342 0.504715085 -0.791539848
vn -0.620980382 0.156284824 -0.768087447
vn 0.0337276198 0.801480412 -0.597069204
vn -0.432324588 0.850048602 -0.300853252
vn -0.710138083 0.704061687 0.000947163673
vn -0.991128087 -0.024992086 0.130539522
vn -0.513305724 0.632367015 0.580197573
vn -0.156957 0.970259428 0.184285089
vn -0.772571445 -0.0190213919 0.63464278
vn -0.15359658 0.00162957783 0.988132298
vn -0.00832927041 -0.798602283 -0.601801455
vn -0.620980382 0.156284824 -0.768087447
vn -0.630289733 -0.601841092 -0.490430504
vn -0.676790595 -0.73594892 0.0182638783
vn -0.418541849 -0.862065732 -0.285771549
vn -0.0651162192 -0.98532778 0.157762259
vn 0.0073256474 -0.99781251 -0.0656993166
vn 0.574920297 -0.746421039 0.335145175
vn 0.442168474 -0.799040914 0.407456458
vn 0.223799303 -0.653173089 0.723380089
vn 0.618840575 -0.00704809511 0.78548497
vn 0.909696817 -0.0371319801 0.413609684
vn 0.924073219 -0.0517386347 0.378697604
vn 0.442168474 -0.799040914 0.407456458
vn -0.504344404 -0.647759378 0.571003079
vn 0.223799303 -0.653173089 0.723380089
vn 0.223799303 -0.653173089 0.723380089
vn 0.618840575 -0.00704809511 0.78548497
vn 0.187704816 0.662367284 0.725283742
vn -0.513305724 0.632367015 0.580197573
vn -0.288806498 -0.957360268 0.00722180167
vn -0.620980382 0.156284824 -0.768087447
vn -0.408598214 0.813025296 -0.414773971
vn -0.0752353519 0.990328729 0.116571203
vn -0.0129571874 0.996611536 -0.0812241584
vn 0.588805377 0.71849978 0.370224714
vn 0.594364822 0.718896091 0.360442668
vn 0.187704816 0.662367284 0.725283742
vn -0.513305724 0.632367015 0.580197573
vn 0.618840575 -0.00704809511 0.78548497
vn 0.909696817 -0.0371319801 0.413609684
vn 0.924073219 -0.0517386347 0.378697604
vn -0.42638585 -0.851099432 0.30630824
vn 0.479246199 -0.607792079 0.63317591
vn -0.43265608 -0.278850555 0.857351184
vn -0.659834266 -0.515478313 0.54671818
vn -0.43265608 -0.278850555 0.857351184
vn 0.479246199 -0.607792079 0.63317591
vn 0.260394663 -0.334962159 0.905535758
vn 0.63456732 0.667052805 -0.390339404
vn 0.0601762161 0.561280608 -0.825435042
vn 0.734400153 0.670949459 -0.10238716
vn -0.247406974 0.942884743 0.223065123
vn 0.722715437 0.465526432 0.510849833
vn 0.59193629 0.29978019 0.748159945
vn 0.740291834 -0.0151431635 0.672115028
vn 0.260637164 0.292241603 0.920142889
vn 0.865964532 0.447401106 0.223467171
vn -0.312451154 0.93157196 0.185870633
vn -0.312451154 0.93157196 0.185870633
vn -0.0180215985 0.852879524 0.521796763
vn 0.260637164 0.292241603 0.920142889
vn 0.905471563 -0.0256778225 0.423629642
vn 0.494766712 0.760039628 -0.421361685
vn 0.0601762161 0.561280608 -0.825435042
vn -0.297555327 0.120300546 -0.947094798
vn 0.905471563 -0.0256778225 0.423629642
vn 0.681921721 -0.130742878 0.719645083
g blue_war_m_pve_3_shoulderstrap_0
f 3/3/3 2/2/2 1/1/1
f 4/4/4 1/1/1 2/2/2
f 2/2/2 5/5/5 4/4/4
f 6/6/6 4/4/4 5/5/5
f 1/1/1 4/4/4 7/7/7
f 8/8/8 7/7/7 4/4/4
f 4/4/4 6/6/6 8/8/8
f 6/6/6 9/9/9 8/8/8
f 9/9/9 6/6/6 10/10/10
f 11/11/11 8/8/8 9/9/9
f 12/12/12 11/11/11 9/9/9
f 11/11/11 12/12/12 13/13/13
f 14/14/14 13/13/13 12/12/12
f 13/13/13 14/14/14 15/15/15
f 3/3/3 1/1/1 16/16/16
f 17/17/17 16/16/16 1/1/1
f 17/17/17 18/18/18 16/16/16
f 19/19/19 16/16/16 18/18/18
f 18/18/18 20/20/20 19/19/19
f 17/17/17 21/21/21 18/18/18
f 7/7/7 21/21/21 1/1/1
f 17/17/17 1/1/1 21/21/21
f 22/22/22 18/18/18 21/21/21
f 18/18/18 22/22/22 20/20/20
f 22/22/22 23/23/23 20/20/20
f 24/24/24 20/20/20 23/23/23
f 24/24/24 25/25/25 20/20/20
f 26/26/26 20/20/20 25/25/25
f 26/26/26 27/27/27 20/20/20
f 28/28/28 24/24/24 23/23/23
f 28/28/28 29/29/29 24/24/24
f 28/28/28 23/23/23 30/30/30
f 32/32/32 24/24/24 31/31/31
f 34/34/34 28/28/28 33/33/33
f 35/35/35 33/33/33 28/28/28
f 37/37/37 33/33/33 36/36/36
f 38/38/38 36/36/36 33/33/33
f 38/38/38 39/39/39 36/36/36
f 36/36/36 39/39/39 40/40/40
f 36/36/36 40/40/40 41/41/41
f 42/42/42 41/41/41 40/40/40
f 42/42/42 40/40/40 43/43/43
f 44/44/44 43/43/43 40/40/40
f 45/45/45 44/44/44 40/40/40
f 45/45/45 40/40/40 39/39/39
f 45/45/45 46/46/46 44/44/44
f 45/45/45 47/47/47 46/46/46
f 45/45/45 39/39/39 47/47/47
f 50/50/50 49/49/49 48/48/48
f 50/50/50 51/51/51 49/49/49
f 52/52/52 49/49/49 51/51/51
f 53/53/53 52/52/52 51/51/51
f 51/51/51 54/54/54 53/53/53
f 50/50/50 55/55/55 51/51/51
f 55/55/55 50/50/50 56/56/56
f 50/50/50 57/57/57 56/56/56
f 14/14/14 51/51/51 55/55/55
f 58/58/58 51/51/51 14/14/14
f 53/53/53 58/58/58 59/59/59
f 9/9/9 59/59/59 58/58/58
f 14/14/14 55/55/55 60/60/60
f 62/62/62 61/61/61 14/14/14
f 65/65/65 64/64/64 63/63/63
f 64/64/64 67/67/67 66/66/66
f 68/68/68 66/66/66 67/67/67
f 66/66/66 68/68/68 69/69/69
f 70/70/70 69/69/69 68/68/68
f 66/66/66 69/69/69 71/71/71
f 72/72/72 71/71/71 69/69/69
f 73/73/73 66/66/66 71/71/71
f 69/69/69 70/70/70 74/74/74
f 71/71/71 74/74/74 75/75/75
f 76/76/76 75/75/75 74/74/74
f 75/75/75 76/76/76 77/77/77
f 78/78/78 77/77/77 76/76/76
f 79/79/79 77/77/77 78/78/78
f 77/77/77 79/79/79 80/80/80
f 81/81/81 80/80/80 79/79/79
f 81/81/81 82/82/82 80/80/80
f 83/83/83 80/80/80 82/82/82
f 82/82/82 84/84/84 83/83/83
f 84/84/84 85/85/85 83/83/83
f 86/86/86 83/83/83 85/85/85
f 85/85/85 87/87/87 86/86/86
f 89/89/89 86/86/86 88/88/88
f 89/89/89 88/88/88 90/90/90
f 91/91/91 89/89/89 90/90/90
f 87/87/87 92/92/92 90/90/90
f 90/90/90 94/94/94 93/93/93
f 94/94/94 90/90/90 95/95/95
f 97/97/97 96/96/96 93/93/93
f 93/93/93 96/96/96 98/98/98
f 100/100/100 93/93/93 99/99/99
f 102/102/102 101/101/101 6/6/6
f 105/105/105 104/104/104 103/103/103
f 104/104/104 107/107/107 106/106/106
f 109/109/109 104/104/104 108/108/108
f 108/108/108 110/110/110 109/109/109
f 111/111/111 109/109/109 110/110/110
f 114/114/114 113/113/113 112/112/112
f 114/114/114 112/112/112 115/115/115
f 112/112/112 116/116/116 115/115/115
f 117/117/117 115/115/115 116/116/116
f 115/115/115 117/117/117 118/118/118
f 118/118/118 117/117/117 119/119/119
f 120/120/120 119/119/119 117/117/117
f 121/121/121 120/120/120 117/117/117
f 122/122/122 121/121/121 117/117/117
f 117/117/117 116/116/116 122/122/122
f 120/120/120 123/123/123 119/119/119
f 120/120/120 124/124/124 123/123/123
f 125/125/125 123/123/123 124/124/124
f 126/126/126 125/125/125 124/124/124
f 127/127/127 119/119/119 123/123/123
f 128/128/128 122/122/122 116/116/116
f 122/122/122 129/129/129 121/121/121
f 129/129/129 122/122/122 130/130/130
f 128/128/128 130/130/130 122/122/122
f 129/129/129 131/131/131 121/121/121
f 132/132/132 121/121/121 131/131/131
f 131/131/131 133/133/133 132/132/132
f 132/132/132 133/133/133 134/134/134
f 135/135/135 134/134/134 133/133/133
f 134/134/134 135/135/135 136/136/136
f 137/137/137 136/136/136 135/135/135
f 137/137/137 138/138/138 136/136/136
f 139/139/139 136/136/136 138/138/138
f 138/138/138 140/140/140 139/139/139
f 141/141/141 139/139/139 140/140/140
f 141/141/141 140/140/140 142/142/142
f 143/143/143 142/142/142 140/140/140
f 143/143/143 144/144/144 142/142/142
f 145/145/145 142/142/142 144/144/144
f 144/144/144 146/146/146 145/145/145
f 144/144/144 147/147/147 146/146/146
f 148/148/148 146/146/146 147/147/147
f 148/148/148 149/149/149 146/146/146
f 150/150/150 146/146/146 149/149/149
f 146/146/146 150/150/150 145/145/145
f 150/150/150 149/149/149 151/151/151
f 152/152/152 151/151/151 149/149/149
f 151/151/151 153/153/153 150/150/150
f 150/150/150 153/153/153 154/154/154
f 154/154/154 145/145/145 150/150/150
f 145/145/145 154/154/154 155/155/155
f 156/156/156 154/154/154 153/153/153
f 157/157/157 154/154/154 156/156/156
f 157/157/157 155/155/155 154/154/154
f 155/155/155 157/157/157 158/158/158
f 159/159/159 158/158/158 157/157/157
f 159/159/159 160/160/160 158/158/158
f 161/161/161 158/158/158 160/160/160
f 161/161/161 160/160/160 126/126/126
f 125/125/125 126/126/126 160/160/160
f 164/164/164 163/163/163 162/162/162
f 165/165/165 162/162/162 163/163/163
f 165/165/165 163/163/163 166/166/166
f 167/167/167 166/166/166 163/163/163
f 168/168/168 167/167/167 163/163/163
f 166/166/166 169/169/169 165/165/165
f 170/170/170 165/165/165 169/169/169
f 171/171/171 170/170/170 169/169/169
f 162/162/162 165/165/165 172/172/172
f 170/170/170 172/172/172 165/165/165
f 171/171/171 173/173/173 170/170/170
f 174/174/174 170/170/170 173/173/173
f 170/170/170 174/174/174 172/172/172
f 162/162/162 172/172/172 175/175/175
f 174/174/174 175/175/175 172/172/172
f 173/173/173 176/176/176 174/174/174
f 176/176/176 173/173/173 177/177/177
f 178/178/178 177/177/177 173/173/173
f 174/174/174 179/179/179 175/175/175
f 174/174/174 180/180/180 179/179/179
f 180/180/180 181/181/181 179/179/179
f 182/182/182 179/179/179 181/181/181
f 180/180/180 174/174/174 183/183/183
f 179/179/179 184/184/184 175/175/175
f 185/185/185 183/183/183 174/174/174
f 171/171/171 169/169/169 186/186/186
f 187/187/187 186/186/186 169/169/169
f 163/163/163 189/189/189 188/188/188
f 188/188/188 168/168/168 163/163/163
f 190/190/190 188/188/188 164/164/164
f 193/193/193 192/192/192 191/191/191
f 196/196/196 195/195/195 194/194/194
f 195/195/195 197/197/197 30/30/30
f 199/199/199 198/198/198 197/197/197
f 200/200/200 198/198/198 199/199/199
f 203/203/203 202/202/202 201/201/201
f 204/204/204 201/201/201 202/202/202
f 201/201/201 205/205/205 203/203/203
f 204/204/204 202/202/202 206/206/206
f 207/207/207 206/206/206 202/202/202
f 206/206/206 207/207/207 208/208/208
f 208/208/208 207/207/207 209/209/209
f 210/210/210 209/209/209 207/207/207
f 205/205/205 211/211/211 203/203/203
f 212/212/212 203/203/203 211/211/211
f 211/211/211 213/213/213 212/212/212
f 214/214/214 213/213/213 211/211/211
f 215/215/215 212/212/212 213/213/213
f 215/215/215 216/216/216 212/212/212
f 217/217/217 212/212/212 216/216/216
f 217/217/217 216/216/216 218/218/218
f 219/219/219 218/218/218 216/216/216
f 210/210/210 220/220/220 209/209/209
f 221/221/221 209/209/209 220/220/220
f 220/220/220 210/210/210 222/222/222
f 223/223/223 222/222/222 210/210/210
f 223/223/223 224/224/224 222/222/222
f 225/225/225 222/222/222 224/224/224
f 226/226/226 209/209/209 221/221/221
f 135/135/135 227/227/227 137/137/137
f 228/228/228 137/137/137 227/227/227
f 227/227/227 135/135/135 229/229/229
f 133/133/133 229/229/229 135/135/135
f 133/133/133 131/131/131 229/229/229
f 137/137/137 230/230/230 138/138/138
f 231/231/231 138/138/138 230/230/230
f 138/138/138 231/231/231 140/140/140
f 232/232/232 140/140/140 231/231/231
f 140/140/140 232/232/232 143/143/143
f 233/233/233 143/143/143 232/232/232
f 143/143/143 233/233/233 144/144/144
f 147/147/147 144/144/144 233/233/233
f 131/131/131 129/129/129 234/234/234
f 130/130/130 234/234/234 129/129/129
f 234/234/234 235/235/235 131/131/131
f 238/238/238 237/237/237 236/236/236
f 239/239/239 236/236/236 237/237/237
f 239/239/239 237/237/237 240/240/240
f 241/241/241 237/237/237 238/238/238
f 241/241/241 238/238/238 242/242/242
f 243/243/243 242/242/242 238/238/238
f 244/244/244 242/242/242 243/243/243
f 239/239/239 240/240/240 245/245/245
f 245/245/245 246/246/246 239/239/239
f 247/247/247 245/245/245 240/240/240
f 236/236/236 248/248/248 238/238/238
f 248/248/248 236/236/236 249/249/249
f 250/250/250 249/249/249 236/236/236
f 251/251/251 239/239/239 250/250/250
f 252/252/252 238/238/238 248/248/248
f 243/243/243 238/238/238 252/252/252
f 252/252/252 253/253/253 243/243/243
f 254/254/254 243/243/243 253/253/253
f 243/243/243 254/254/254 244/244/244
f 255/255/255 244/244/244 254/254/254
f 255/255/255 254/254/254 256/256/256
f 257/257/257 256/256/256 254/254/254
f 254/254/254 258/258/258 257/257/257
f 254/254/254 253/253/253 258/258/258
f 259/259/259 256/256/256 257/257/257
f 260/260/260 259/259/259 257/257/257
f 248/248/248 261/261/261 252/252/252
f 248/248/248 262/262/262 261/261/261
f 263/263/263 252/252/252 261/261/261
f 263/263/263 253/253/253 252/252/252
f 261/261/261 264/264/264 263/263/263
f 264/264/264 261/261/261 265/265/265
f 266/266/266 265/265/265 261/261/261
f 266/266/266 261/261/261 267/267/267
f 263/263/263 264/264/264 268/268/268
f 269/269/269 268/268/268 264/264/264
f 270/270/270 268/268/268 269/269/269
f 268/268/268 270/270/270 271/271/271
f 271/271/271 272/272/272 268/268/268
f 273/273/273 271/271/271 270/270/270
f 271/271/271 273/273/273 274/274/274
f 272/272/272 271/271/271 274/274/274
f 274/274/274 273/273/273 275/275/275
f 275/275/275 276/276/276 274/274/274
f 276/276/276 275/275/275 277/277/277
f 277/277/277 275/275/275 278/278/278
f 277/277/277 278/278/278 279/279/279
f 280/280/280 279/279/279 278/278/278
f 281/281/281 279/279/279 280/280/280
f 282/282/282 278/278/278 275/275/275
f 282/282/282 275/275/275 273/273/273
f 283/283/283 274/274/274 276/276/276
f 274/274/274 283/283/283 284/284/284
f 284/284/284 272/272/272 274/274/274
f 285/285/285 284/284/284 283/283/283
f 285/285/285 286/286/286 284/284/284
f 287/287/287 284/284/284 286/286/286
f 287/287/287 286/286/286 288/288/288
f 287/287/287 288/288/288 289/289/289
f 290/290/290 289/289/289 288/288/288
f 291/291/291 289/289/289 290/290/290
f 281/281/281 280/280/280 292/292/292
f 293/293/293 292/292/292 280/280/280
f 294/294/294 293/293/293 278/278/278
f 295/295/295 294/294/294 282/282/282
f 297/297/297 296/296/296 294/294/294
f 295/295/295 296/296/296 298/298/298
f 280/280/280 297/297/297 299/299/299
f 302/302/302 301/301/301 300/300/300
f 300/300/300 301/301/301 303/303/303
f 303/303/303 301/301/301 304/304/304
f 305/305/305 304/304/304 301/301/301
f 304/304/304 305/305/305 306/306/306
f 307/307/307 306/306/306 305/305/305
f 306/306/306 307/307/307 308/308/308
f 308/308/308 309/309/309 306/306/306
f 309/309/309 308/308/308 310/310/310
f 311/311/311 310/310/310 308/308/308
f 310/310/310 311/311/311 312/312/312
f 313/313/313 312/312/312 311/311/311
f 313/313/313 314/314/314 312/312/312
f 315/315/315 312/312/312 314/314/314
f 314/314/314 316/316/316 315/315/315
f 317/317/317 315/315/315 316/316/316
f 316/316/316 318/318/318 317/317/317
f 319/319/319 317/317/317 318/318/318
f 316/316/316 320/320/320 318/318/318
f 321/321/321 318/318/318 320/320/320
f 318/318/318 322/322/322 319/319/319
f 318/318/318 321/321/321 322/322/322
f 323/323/323 319/319/319 322/322/322
f 323/323/323 322/322/322 324/324/324
f 325/325/325 324/324/324 322/322/322
f 325/325/325 322/322/322 326/326/326
f 326/326/326 322/322/322 321/321/321
f 314/314/314 313/313/313 327/327/327
f 314/314/314 327/327/327 316/316/316
f 320/320/320 316/316/316 327/327/327
f 328/328/328 327/327/327 313/313/313
f 313/313/313 311/311/311 328/328/328
f 329/329/329 328/328/328 311/311/311
f 311/311/311 308/308/308 329/329/329
f 307/307/307 329/329/329 308/308/308
f 327/327/327 330/330/330 320/320/320
f 331/331/331 320/320/320 330/330/330
f 330/330/330 332/332/332 331/331/331
f 331/331/331 332/332/332 333/333/333
f 330/330/330 327/327/327 334/334/334
f 328/328/328 334/334/334 327/327/327
f 334/334/334 328/328/328 335/335/335
f 334/334/334 337/337/337 336/336/336
f 338/338/338 306/306/306 309/309/309
f 306/306/306 338/338/338 304/304/304
f 339/339/339 304/304/304 338/338/338
f 339/339/339 340/340/340 304/304/304
f 303/303/303 304/304/304 340/340/340
f 340/340/340 341/341/341 303/303/303
f 300/300/300 303/303/303 341/341/341
f 300/300/300 341/341/341 342/342/342
f 343/343/343 342/342/342 341/341/341
f 346/346/346 345/345/345 344/344/344
f 347/347/347 344/344/344 345/345/345
f 347/347/347 348/348/348 344/344/344
f 344/344/344 349/349/349 346/346/346
f 349/349/349 344/344/344 350/350/350
f 344/344/344 351/351/351 350/350/350
f 352/352/352 351/351/351 344/344/344
f 344/344/344 353/353/353 352/352/352
f 354/354/354 352/352/352 353/353/353
f 355/355/355 354/354/354 353/353/353
f 353/353/353 344/344/344 356/356/356
f 356/356/356 357/357/357 353/353/353
f 358/358/358 353/353/353 357/357/357
f 349/349/349 359/359/359 346/346/346
f 360/360/360 346/346/346 359/359/359
f 359/359/359 361/361/361 360/360/360
f 362/362/362 345/345/345 346/346/346
f 365/365/365 364/364/364 363/363/363
f 366/366/366 364/364/364 365/365/365
f 364/364/364 366/366/366 367/367/367
f 368/368/368 367/367/367 366/366/366
f 368/368/368 369/369/369 367/367/367
f 370/370/370 369/369/369 368/368/368
f 370/370/370 371/371/371 369/369/369
f 372/372/372 369/369/369 371/371/371
f 373/373/373 367/367/367 369/369/369
f 367/367/367 373/373/373 374/374/374
f 373/373/373 375/375/375 374/374/374
f 376/376/376 374/374/374 375/375/375
f 377/377/377 376/376/376 375/375/375
f 370/370/370 368/368/368 378/378/378
f 379/379/379 378/378/378 368/368/368
f 368/368/368 366/366/366 379/379/379
f 378/378/378 379/379/379 380/380/380
f 381/381/381 380/380/380 379/379/379
f 380/380/380 381/381/381 382/382/382
f 383/383/383 382/382/382 381/381/381
f 382/382/382 383/383/383 384/384/384
f 385/385/385 384/384/384 383/383/383
f 386/386/386 384/384/384 385/385/385
f 385/385/385 387/387/387 386/386/386
f 388/388/388 386/386/386 387/387/387
f 387/387/387 389/389/389 388/388/388
f 390/390/390 388/388/388 389/389/389
f 391/391/391 390/390/390 389/389/389
f 390/390/390 391/391/391 392/392/392
f 390/390/390 392/392/392 388/388/388
f 393/393/393 392/392/392 391/391/391
f 394/394/394 388/388/388 392/392/392
f 394/394/394 395/395/395 388/388/388
f 388/388/388 395/395/395 386/386/386
f 396/396/396 386/386/386 395/395/395
f 384/384/384 397/397/397 382/382/382
f 384/384/384 386/386/386 397/397/397
f 396/396/396 397/397/397 386/386/386
f 398/398/398 382/382/382 397/397/397
f 399/399/399 380/380/380 398/398/398
f 382/382/382 398/398/398 380/380/380
f 380/380/380 399/399/399 378/378/378
f 400/400/400 378/378/378 399/399/399
f 378/378/378 400/400/400 370/370/370
f 371/371/371 370/370/370 400/400/400
f 401/401/401 379/379/379 366/366/366
f 402/402/402 379/379/379 401/401/401
f 405/405/405 404/404/404 403/403/403
f 405/405/405 406/406/406 404/404/404
f 404/404/404 407/407/407 403/403/403
f 408/408/408 403/403/403 407/407/407
f 408/408/408 407/407/407 409/409/409
f 410/410/410 409/409/409 407/407/407
f 407/407/407 411/411/411 410/410/410
f 412/412/412 410/410/410 411/411/411
f 414/414/414 404/404/404 413/413/413
f 415/415/415 407/407/407 414/414/414
f 407/407/407 415/415/415 416/416/416
f 404/404/404 414/414/414 417/417/417
f 419/419/419 416/416/416 418/418/418
f 420/420/420 416/416/416 419/419/419
f 411/411/411 422/422/422 421/421/421
f 423/423/423 421/421/421 422/422/422
f 422/422/422 424/424/424 423/423/423
f 426/426/426 425/425/425 424/424/424
f 425/425/425 423/423/423 427/427/427
f 375/375/375 428/428/428 377/377/377
f 429/429/429 377/377/377 428/428/428
f 375/375/375 373/373/373 428/428/428
f 430/430/430 428/428/428 373/373/373
f 373/373/373 369/369/369 430/430/430
f 372/372/372 430/430/430 369/369/369
f 433/433/433 432/432/432 431/431/431
f 270/270/270 432/432/432 273/273/273
f 270/270/270 269/269/269 434/434/434
f 435/435/435 273/273/273 434/434/434
f 438/438/438 437/437/437 436/436/436
f 438/438/438 439/439/439 437/437/437
f 440/440/440 437/437/437 439/439/439
f 442/442/442 436/436/436 441/441/441
f 444/444/444 443/443/443 440/440/440
f 446/446/446 445/445/445 443/443/443
f 449/449/449 448/448/448 447/447/447
f 447/447/447 448/448/448 450/450/450
f 451/451/451 450/450/450 448/448/448
f 451/451/451 452/452/452 450/450/450
f 453/453/453 447/447/447 450/450/450
f 447/447/447 453/453/453 454/454/454
f 447/447/447 454/454/454 455/455/455
f 447/447/447 455/455/455 456/456/456
f 457/457/457 456/456/456 455/455/455
f 457/457/457 455/455/455 458/458/458
f 459/459/459 458/458/458 455/455/455
f 459/459/459 455/455/455 460/460/460
f 455/455/455 454/454/454 460/460/460
f 459/459/459 460/460/460 461/461/461
f 459/459/459 461/461/461 462/462/462
f 463/463/463 461/461/461 460/460/460
f 463/463/463 464/464/464 461/461/461
f 463/463/463 465/465/465 464/464/464
f 464/464/464 465/465/465 466/466/466
f 467/467/467 466/466/466 465/465/465
f 466/466/466 468/468/468 464/464/464
f 468/468/468 466/466/466 469/469/469
f 470/470/470 469/469/469 466/466/466
f 466/466/466 467/467/467 470/470/470
f 468/468/468 469/469/469 471/471/471
f 468/468/468 471/471/471 472/472/472
f 461/461/461 464/464/464 472/472/472
f 468/468/468 472/472/472 464/464/464
f 473/473/473 472/472/472 471/471/471
f 472/472/472 473/473/473 474/474/474
f 472/472/472 474/474/474 475/475/475
f 472/472/472 475/475/475 461/461/461
f 476/476/476 475/475/475 474/474/474
f 477/477/477 474/474/474 473/473/473
f 473/473/473 478/478/478 477/477/477
f 479/479/479 477/477/477 478/478/478
f 478/478/478 480/480/480 479/479/479
f 481/481/481 479/479/479 480/480/480
f 482/482/482 470/470/470 467/467/467
f 467/467/467 483/483/483 482/482/482
f 484/484/484 482/482/482 483/483/483
f 467/467/467 465/465/465 483/483/483
f 485/485/485 482/482/482 484/484/484
f 484/484/484 483/483/483 454/454/454
f 460/460/460 454/454/454 483/483/483
f 486/486/486 485/485/485 484/484/484
f 484/484/484 454/454/454 486/486/486
f 476/476/476 487/487/487 475/475/475
f 478/478/478 488/488/488 480/480/480
f 473/473/473 488/488/488 478/478/478
f 489/489/489 480/480/480 488/488/488
f 471/471/471 488/488/488 473/473/473
f 488/488/488 471/471/471 490/490/490
f 488/488/488 490/490/490 491/491/491
f 488/488/488 491/491/491 489/489/489
f 469/469/469 490/490/490 471/471/471
f 469/469/469 492/492/492 490/490/490
f 469/469/469 470/470/470 492/492/492
f 493/493/493 492/492/492 470/470/470
f 470/470/470 482/482/482 493/493/493
f 494/494/494 493/493/493 482/482/482
f 493/493/493 495/495/495 492/492/492
f 496/496/496 490/490/490 492/492/492
f 496/496/496 492/492/492 497/497/497
f 495/495/495 498/498/498 492/492/492
f 497/497/497 499/499/499 496/496/496
f 496/496/496 499/499/499 490/490/490
f 500/500/500 490/490/490 499/499/499
f 495/495/495 493/493/493 501/501/501
f 494/494/494 501/501/501 493/493/493
f 503/503/503 501/501/501 502/502/502
f 504/504/504 489/489/489 491/491/491
f 506/506/506 505/505/505 458/458/458
f 508/508/508 507/507/507 458/458/458
f 457/457/457 458/458/458 507/507/507
f 507/507/507 509/509/509 457/457/457
f 449/449/449 457/457/457 509/509/509
f 507/507/507 510/510/510 509/509/509
f 458/458/458 511/511/511 508/508/508
f 511/511/511 512/512/512 508/508/508
f 508/508/508 512/512/512 513/513/513
f 508/508/508 513/513/513 507/507/507
f 513/513/513 512/512/512 514/514/514
f 514/514/514 475/475/475 513/513/513
f 514/514/514 461/461/461 475/475/475
f 461/461/461 514/514/514 515/515/515
f 516/516/516 513/513/513 475/475/475
f 516/516/516 475/475/475 487/487/487
f 487/487/487 517/517/517 516/516/516
f 518/518/518 516/516/516 517/517/517
f 517/517/517 519/519/519 518/518/518
f 515/515/515 514/514/514 520/520/520
f 513/513/513 516/516/516 521/521/521
f 521/521/521 516/516/516 522/522/522
f 523/523/523 522/522/522 516/516/516
f 516/516/516 518/518/518 523/523/523
f 522/522/522 524/524/524 521/521/521
f 525/525/525 521/521/521 524/524/524
f 521/521/521 525/525/525 513/513/513
f 526/526/526 523/523/523 518/518/518
f 526/526/526 518/518/518 527/527/527
f 528/528/528 527/527/527 518/518/518
f 528/528/528 518/518/518 529/529/529
f 528/528/528 529/529/529 530/530/530
f 531/531/531 530/530/530 529/529/529
f 527/527/527 532/532/532 526/526/526
f 533/533/533 526/526/526 532/532/532
f 526/526/526 533/533/533 523/523/523
f 523/523/523 533/533/533 522/522/522
f 532/532/532 527/527/527 534/534/534
f 534/534/534 535/535/535 532/532/532
f 536/536/536 534/534/534 527/527/527
f 527/527/527 528/528/528 537/537/537
f 530/530/530 537/537/537 528/528/528
f 527/527/527 537/537/537 536/536/536
f 536/536/536 537/537/537 538/538/538
f 533/533/533 532/532/532 539/539/539
f 540/540/540 539/539/539 532/532/532
f 540/540/540 532/532/532 541/541/541
f 539/539/539 522/522/522 533/533/533
f 539/539/539 540/540/540 542/542/542
f 543/543/543 542/542/542 540/540/540
f 540/540/540 541/541/541 543/543/543
f 542/542/542 543/543/543 544/544/544
f 545/545/545 544/544/544 543/543/543
f 545/545/545 543/543/543 546/546/546
f 547/547/547 546/546/546 543/543/543
f 544/544/544 548/548/548 542/542/542
f 544/544/544 549/549/549 548/548/548
f 544/544/544 545/545/545 549/549/549
f 550/550/550 548/548/548 549/549/549
f 550/550/550 450/450/450 548/548/548
f 450/450/450 550/550/550 551/551/551
f 551/551/551 552/552/552 450/450/450
f 453/453/453 450/450/450 552/552/552
f 453/453/453 552/552/552 454/454/454
f 553/553/553 454/454/454 552/552/552
f 554/554/554 551/551/551 550/550/550
f 550/550/550 549/549/549 554/554/554
f 452/452/452 548/548/548 450/450/450
f 525/525/525 548/548/548 452/452/452
f 452/452/452 555/555/555 525/525/525
f 451/451/451 555/555/555 452/452/452
f 555/555/555 451/451/451 556/556/556
f 509/509/509 556/556/556 451/451/451
f 557/557/557 554/554/554 549/549/549
f 558/558/558 525/525/525 555/555/555
f 558/558/558 513/513/513 525/525/525
f 554/554/554 559/559/559 551/551/551
f 557/557/557 559/559/559 554/554/554
f 553/553/553 486/486/486 454/454/454
f 451/451/451 448/448/448 509/509/509
f 509/509/509 448/448/448 560/560/560
f 524/524/524 561/561/561 525/525/525
f 524/524/524 522/522/522 561/561/561
f 548/548/548 525/525/525 561/561/561
f 561/561/561 542/542/542 548/548/548
f 542/542/542 561/561/561 539/539/539
f 522/522/522 539/539/539 561/561/561
f 557/557/557 549/549/549 545/545/545
f 545/545/545 562/562/562 557/557/557
f 563/563/563 557/557/557 562/562/562
f 566/566/566 565/565/565 564/564/564
f 567/567/567 564/564/564 565/565/565
f 570/570/570 569/569/569 568/568/568
f 569/569/569 571/571/571 568/568/568
f 570/570/570 568/568/568 572/572/572
f 570/570/570 572/572/572 573/573/573
f 570/570/570 574/574/574 569/569/569
f 568/568/568 575/575/575 572/572/572
f 568/568/568 571/571/571 575/575/575
f 575/575/575 571/571/571 576/576/576
f 575/575/575 576/576/576 577/577/577
f 575/575/575 577/577/577 572/572/572
f 578/578/578 572/572/572 577/577/577
f 572/572/572 578/578/578 574/574/574
f 579/579/579 574/574/574 578/578/578
f 574/574/574 579/579/579 580/580/580
f 579/579/579 581/581/581 580/580/580
f 579/579/579 582/582/582 581/581/581
f 579/579/579 578/578/578 582/582/582
f 583/583/583 580/580/580 581/581/581
f 583/583/583 581/581/581 584/584/584
f 571/571/571 569/569/569 585/585/585
f 586/586/586 576/576/576 585/585/585
f 587/587/587 585/585/585 569/569/569
f 569/569/569 574/574/574 587/587/587
f 588/588/588 587/587/587 574/574/574
f 574/574/574 580/580/580 588/588/588
f 580/580/580 583/583/583 588/588/588
f 588/588/588 589/589/589 587/587/587
f 590/590/590 587/587/587 589/589/589
f 589/589/589 591/591/591 590/590/590
f 592/592/592 590/590/590 591/591/591
f 591/591/591 589/589/589 593/593/593
f 593/593/593 594/594/594 591/591/591
f 595/595/595 591/591/591 594/594/594
f 595/595/595 596/596/596 591/591/591
f 597/597/597 591/591/591 596/596/596
f 583/583/583 584/584/584 598/598/598
f 598/598/598 588/588/588 583/583/583
f 588/588/588 598/598/598 589/589/589
f 598/598/598 599/599/599 589/589/589
f 592/592/592 600/600/600 590/590/590
f 590/590/590 600/600/600 587/587/587
f 585/585/585 587/587/587 600/600/600
f 585/585/585 600/600/600 586/586/586
f 571/571/571 585/585/585 601/601/601
f 602/602/602 598/598/598 584/584/584
f 603/603/603 602/602/602 584/584/584
f 603/603/603 584/584/584 604/604/604
f 604/604/604 584/584/584 605/605/605
f 607/607/607 577/577/577 606/606/606
f 607/607/607 608/608/608 577/577/577
f 609/609/609 577/577/577 608/608/608
f 578/578/578 577/577/577 609/609/609
f 609/609/609 582/582/582 578/578/578
f 608/608/608 610/610/610 609/609/609
f 611/611/611 609/609/609 610/610/610
f 611/611/611 582/582/582 609/609/609
f 611/611/611 612/612/612 582/582/582
f 613/613/613 582/582/582 612/612/612
f 612/612/612 611/611/611 614/614/614
f 615/615/615 614/614/614 611/611/611
f 611/611/611 610/610/610 615/615/615
f 616/616/616 615/615/615 610/610/610
f 619/619/619 618/618/618 617/617/617
f 622/622/622 621/621/621 620/620/620
f 624/624/624 537/537/537 623/623/623
f 465/465/465 463/463/463 483/483/483
f 460/460/460 483/483/483 463/463/463
f 510/510/510 507/507/507 625/625/625
f 628/628/628 627/627/627 626/626/626
f 629/629/629 626/626/626 627/627/627
f 627/627/627 628/628/628 630/630/630
f 631/631/631 630/630/630 628/628/628
f 626/626/626 632/632/632 628/628/628
f 633/633/633 628/628/628 632/632/632
f 631/631/631 628/628/628 633/633/633
f 631/631/631 633/633/633 634/634/634
f 634/634/634 635/635/635 631/631/631
f 636/636/636 634/634/634 633/633/633
f 636/636/636 637/637/637 634/634/634
f 636/636/636 638/638/638 637/637/637
f 639/639/639 637/637/637 638/638/638
f 638/638/638 640/640/640 639/639/639
f 629/629/629 641/641/641 626/626/626
f 642/642/642 626/626/626 641/641/641
f 642/642/642 641/641/641 643/643/643
f 644/644/644 643/643/643 641/641/641
f 643/643/643 644/644/644 645/645/645
f 642/642/642 643/643/643 646/646/646
f 642/642/642 646/646/646 626/626/626
f 632/632/632 626/626/626 646/646/646
f 647/647/647 646/646/646 643/643/643
f 647/647/647 643/643/643 645/645/645
f 647/647/647 645/645/645 648/648/648
f 649/649/649 648/648/648 645/645/645
f 649/649/649 645/645/645 650/650/650
f 651/651/651 650/650/650 645/645/645
f 651/651/651 645/645/645 652/652/652
f 649/649/649 653/653/653 648/648/648
f 653/653/653 649/649/649 654/654/654
f 648/648/648 653/653/653 655/655/655
f 657/657/657 656/656/656 649/649/649
f 659/659/659 653/653/653 658/658/658
f 660/660/660 658/658/658 653/653/653
f 658/658/658 662/662/662 661/661/661
f 661/661/661 663/663/663 658/658/658
f 664/664/664 663/663/663 661/661/661
f 661/661/661 665/665/665 664/664/664
f 661/661/661 666/666/666 665/665/665
f 667/667/667 665/665/665 666/666/666
f 665/665/665 667/667/667 668/668/668
f 668/668/668 669/669/669 665/665/665
f 669/669/669 670/670/670 665/665/665
f 670/670/670 664/664/664 665/665/665
f 671/671/671 670/670/670 669/669/669
f 672/672/672 670/670/670 671/671/671
f 664/664/664 670/670/670 672/672/672
f 675/675/675 674/674/674 673/673/673
f 674/674/674 675/675/675 676/676/676
f 677/677/677 676/676/676 675/675/675
f 677/677/677 678/678/678 676/676/676
f 679/679/679 676/676/676 678/678/678
f 674/674/674 676/676/676 680/680/680
f 674/674/674 680/680/680 681/681/681
f 682/682/682 674/674/674 681/681/681
f 639/639/639 680/680/680 676/676/676
f 676/676/676 683/683/683 639/639/639
f 678/678/678 684/684/684 683/683/683
f 634/634/634 683/683/683 684/684/684
f 680/680/680 639/639/639 685/685/685
f 687/687/687 639/639/639 686/686/686
f 690/690/690 689/689/689 688/688/688
f 690/690/690 692/692/692 691/691/691
f 693/693/693 691/691/691 692/692/692
f 692/692/692 694/694/694 693/693/693
f 695/695/695 693/693/693 694/694/694
f 694/694/694 692/692/692 696/696/696
f 696/696/696 697/697/697 694/694/694
f 692/692/692 698/698/698 696/696/696
f 695/695/695 694/694/694 699/699/699
f 696/696/696 700/700/700 699/699/699
f 701/701/701 699/699/699 700/700/700
f 700/700/700 702/702/702 701/701/701
f 703/703/703 701/701/701 702/702/702
f 702/702/702 704/704/704 703/703/703
f 702/702/702 705/705/705 704/704/704
f 706/706/706 704/704/704 705/705/705
f 706/706/706 705/705/705 707/707/707
f 708/708/708 707/707/707 705/705/705
f 709/709/709 707/707/707 708/708/708
f 709/709/709 708/708/708 710/710/710
f 711/711/711 710/710/710 708/708/708
f 710/710/710 711/711/711 712/712/712
f 714/714/714 713/713/713 711/711/711
f 713/713/713 714/714/714 715/715/715
f 714/714/714 716/716/716 715/715/715
f 712/712/712 715/715/715 717/717/717
f 715/715/715 719/719/719 718/718/718
f 718/718/718 720/720/720 715/715/715
f 722/722/722 721/721/721 719/719/719
f 722/722/722 719/719/719 723/723/723
f 725/725/725 724/724/724 719/719/719
f 727/727/727 631/631/631 726/726/726
f 730/730/730 729/729/729 728/728/728
f 732/732/732 730/730/730 731/731/731
f 730/730/730 734/734/734 733/733/733
f 733/733/733 734/734/734 735/735/735
f 736/736/736 735/735/735 734/734/734
f 739/739/739 738/738/738 737/737/737
f 737/737/737 738/738/738 740/740/740
f 737/737/737 740/740/740 741/741/741
f 742/742/742 741/741/741 740/740/740
f 742/742/742 740/740/740 743/743/743
f 743/743/743 744/744/744 742/742/742
f 745/745/745 742/742/742 744/744/744
f 745/745/745 746/746/746 742/742/742
f 746/746/746 747/747/747 742/742/742
f 742/742/742 747/747/747 741/741/741
f 745/745/745 744/744/744 748/748/748
f 745/745/745 748/748/748 749/749/749
f 750/750/750 749/749/749 748/748/748
f 750/750/750 751/751/751 749/749/749
f 752/752/752 748/748/748 744/744/744
f 753/753/753 741/741/741 747/747/747
f 754/754/754 747/747/747 746/746/746
f 753/753/753 747/747/747 755/755/755
f 754/754/754 755/755/755 747/747/747
f 754/754/754 746/746/746 756/756/756
f 757/757/757 756/756/756 746/746/746
f 758/758/758 756/756/756 757/757/757
f 757/757/757 759/759/759 758/758/758
f 760/760/760 758/758/758 759/759/759
f 759/759/759 761/761/761 760/760/760
f 762/762/762 760/760/760 761/761/761
f 762/762/762 761/761/761 763/763/763
f 764/764/764 763/763/763 761/761/761
f 763/763/763 764/764/764 765/765/765
f 766/766/766 765/765/765 764/764/764
f 766/766/766 767/767/767 765/765/765
f 768/768/768 765/765/765 767/767/767
f 768/768/768 767/767/767 769/769/769
f 770/770/770 769/769/769 767/767/767
f 771/771/771 769/769/769 770/770/770
f 769/769/769 771/771/771 772/772/772
f 773/773/773 772/772/772 771/771/771
f 773/773/773 771/771/771 774/774/774
f 775/775/775 774/774/774 771/771/771
f 771/771/771 770/770/770 775/775/775
f 775/775/775 776/776/776 774/774/774
f 777/777/777 774/774/774 776/776/776
f 778/778/778 776/776/776 775/775/775
f 775/775/775 779/779/779 778/778/778
f 779/779/779 775/775/775 770/770/770
f 779/779/779 770/770/770 780/780/780
f 781/781/781 778/778/778 779/779/779
f 779/779/779 782/782/782 781/781/781
f 780/780/780 782/782/782 779/779/779
f 780/780/780 783/783/783 782/782/782
f 784/784/784 782/782/782 783/783/783
f 784/784/784 783/783/783 785/785/785
f 786/786/786 785/785/785 783/783/783
f 786/786/786 751/751/751 785/785/785
f 750/750/750 785/785/785 751/751/751
f 789/789/789 788/788/788 787/787/787
f 790/790/790 787/787/787 788/788/788
f 789/789/789 791/791/791 788/788/788
f 792/792/792 788/788/788 791/791/791
f 792/792/792 793/793/793 788/788/788
f 791/791/791 789/789/789 794/794/794
f 795/795/795 794/794/794 789/789/789
f 795/795/795 796/796/796 794/794/794
f 795/795/795 789/789/789 797/797/797
f 787/787/787 797/797/797 789/789/789
f 796/796/796 795/795/795 798/798/798
f 799/799/799 798/798/798 795/795/795
f 799/799/799 795/795/795 797/797/797
f 797/797/797 787/787/787 800/800/800
f 800/800/800 799/799/799 797/797/797
f 801/801/801 798/798/798 799/799/799
f 801/801/801 802/802/802 798/798/798
f 803/803/803 798/798/798 802/802/802
f 804/804/804 799/799/799 800/800/800
f 805/805/805 799/799/799 804/804/804
f 805/805/805 804/804/804 806/806/806
f 807/807/807 806/806/806 804/804/804
f 799/799/799 805/805/805 808/808/808
f 809/809/809 804/804/804 800/800/800
f 808/808/808 810/810/810 799/799/799
f 794/794/794 796/796/796 811/811/811
f 811/811/811 812/812/812 794/794/794
f 814/814/814 790/790/790 813/813/813
f 788/788/788 813/813/813 815/815/815
f 793/793/793 813/813/813 788/788/788
f 818/818/818 817/817/817 816/816/816
f 821/821/821 820/820/820 819/819/819
f 821/821/821 655/655/655 822/822/822
f 824/824/824 822/822/822 823/823/823
f 823/823/823 825/825/825 824/824/824
f 828/828/828 827/827/827 826/826/826
f 829/829/829 826/826/826 827/827/827
f 830/830/830 826/826/826 829/829/829
f 828/828/828 831/831/831 827/827/827
f 832/832/832 827/827/827 831/831/831
f 832/832/832 831/831/831 833/833/833
f 833/833/833 834/834/834 832/832/832
f 835/835/835 832/832/832 834/834/834
f 830/830/830 829/829/829 836/836/836
f 837/837/837 836/836/836 829/829/829
f 836/836/836 837/837/837 838/838/838
f 838/838/838 839/839/839 836/836/836
f 840/840/840 838/838/838 837/837/837
f 840/840/840 837/837/837 841/841/841
f 842/842/842 841/841/841 837/837/837
f 842/842/842 843/843/843 841/841/841
f 844/844/844 841/841/841 843/843/843
f 835/835/835 834/834/834 845/845/845
f 846/846/846 845/845/845 834/834/834
f 845/845/845 847/847/847 835/835/835
f 848/848/848 835/835/835 847/847/847
f 848/848/848 847/847/847 849/849/849
f 850/850/850 849/849/849 847/847/847
f 834/834/834 851/851/851 846/846/846
f 853/853/853 852/852/852 762/762/762
f 760/760/760 762/762/762 852/852/852
f 852/852/852 854/854/854 760/760/760
f 758/758/758 760/760/760 854/854/854
f 758/758/758 854/854/854 756/756/756
f 762/762/762 763/763/763 855/855/855
f 856/856/856 855/855/855 763/763/763
f 763/763/763 765/765/765 856/856/856
f 857/857/857 856/856/856 765/765/765
f 765/765/765 768/768/768 857/857/857
f 858/858/858 857/857/857 768/768/768
f 768/768/768 769/769/769 858/858/858
f 772/772/772 858/858/858 769/769/769
f 756/756/756 859/859/859 754/754/754
f 755/755/755 754/754/754 859/859/859
f 859/859/859 756/756/756 860/860/860
f 863/863/863 862/862/862 861/861/861
f 864/864/864 861/861/861 862/862/862
f 862/862/862 863/863/863 865/865/865
f 862/862/862 866/866/866 864/864/864
f 866/866/866 867/867/867 864/864/864
f 868/868/868 864/864/864 867/867/867
f 867/867/867 869/869/869 868/868/868
f 863/863/863 870/870/870 865/865/865
f 870/870/870 863/863/863 871/871/871
f 872/872/872 865/865/865 870/870/870
f 861/861/861 864/864/864 873/873/873
f 873/873/873 874/874/874 861/861/861
f 875/875/875 861/861/861 874/874/874
f 876/876/876 875/875/875 863/863/863
f 877/877/877 873/873/873 864/864/864
f 864/864/864 868/868/868 877/877/877
f 877/877/877 868/868/868 878/878/878
f 879/879/879 878/878/878 868/868/868
f 868/868/868 869/869/869 879/879/879
f 880/880/880 879/879/879 869/869/869
f 880/880/880 881/881/881 879/879/879
f 882/882/882 879/879/879 881/881/881
f 883/883/883 879/879/879 882/882/882
f 878/878/878 879/879/879 883/883/883
f 881/881/881 884/884/884 882/882/882
f 884/884/884 885/885/885 882/882/882
f 873/873/873 877/877/877 886/886/886
f 873/873/873 886/886/886 887/887/887
f 888/888/888 886/886/886 877/877/877
f 878/878/878 888/888/888 877/877/877
f 889/889/889 886/886/886 888/888/888
f 889/889/889 890/890/890 886/886/886
f 891/891/891 886/886/886 890/890/890
f 891/891/891 892/892/892 886/886/886
f 888/888/888 893/893/893 889/889/889
f 894/894/894 889/889/889 893/893/893
f 893/893/893 895/895/895 894/894/894
f 893/893/893 896/896/896 895/895/895
f 897/897/897 896/896/896 893/893/893
f 898/898/898 895/895/895 896/896/896
f 898/898/898 896/896/896 899/899/899
f 896/896/896 897/897/897 899/899/899
f 899/899/899 900/900/900 898/898/898
f 900/900/900 899/899/899 901/901/901
f 900/900/900 901/901/901 902/902/902
f 902/902/902 903/903/903 900/900/900
f 902/902/902 904/904/904 903/903/903
f 905/905/905 903/903/903 904/904/904
f 904/904/904 906/906/906 905/905/905
f 907/907/907 900/900/900 903/903/903
f 907/907/907 898/898/898 900/900/900
f 908/908/908 901/901/901 899/899/899
f 899/899/899 909/909/909 908/908/908
f 897/897/897 909/909/909 899/899/899
f 910/910/910 908/908/908 909/909/909
f 910/910/910 909/909/909 911/911/911
f 912/912/912 911/911/911 909/909/909
f 911/911/911 912/912/912 913/913/913
f 912/912/912 914/914/914 913/913/913
f 915/915/915 913/913/913 914/914/914
f 914/914/914 916/916/916 915/915/915
f 906/906/906 917/917/917 905/905/905
f 918/918/918 905/905/905 917/917/917
f 919/919/919 903/903/903 918/918/918
f 920/920/920 907/907/907 919/919/919
f 922/922/922 919/919/919 921/921/921
f 921/921/921 920/920/920 923/923/923
f 905/905/905 924/924/924 922/922/922
f 927/927/927 926/926/926 925/925/925
f 927/927/927 925/925/925 928/928/928
f 928/928/928 929/929/929 927/927/927
f 930/930/930 927/927/927 929/929/929
f 929/929/929 931/931/931 930/930/930
f 932/932/932 930/930/930 931/931/931
f 932/932/932 931/931/931 933/933/933
f 933/933/933 931/931/931 934/934/934
f 934/934/934 935/935/935 933/933/933
f 936/936/936 933/933/933 935/935/935
f 935/935/935 937/937/937 936/936/936
f 938/938/938 936/936/936 937/937/937
f 938/938/938 937/937/937 939/939/939
f 940/940/940 939/939/939 937/937/937
f 939/939/939 940/940/940 941/941/941
f 942/942/942 941/941/941 940/940/940
f 941/941/941 942/942/942 943/943/943
f 944/944/944 943/943/943 942/942/942
f 941/941/941 943/943/943 945/945/945
f 946/946/946 945/945/945 943/943/943
f 943/943/943 944/944/944 947/947/947
f 943/943/943 947/947/947 946/946/946
f 948/948/948 947/947/947 944/944/944
f 948/948/948 949/949/949 947/947/947
f 950/950/950 947/947/947 949/949/949
f 947/947/947 950/950/950 951/951/951
f 951/951/951 946/946/946 947/947/947
f 939/939/939 952/952/952 938/938/938
f 945/945/945 952/952/952 941/941/941
f 939/939/939 941/941/941 952/952/952
f 953/953/953 938/938/938 952/952/952
f 938/938/938 953/953/953 936/936/936
f 954/954/954 936/936/936 953/953/953
f 936/936/936 954/954/954 933/933/933
f 932/932/932 933/933/933 954/954/954
f 952/952/952 945/945/945 955/955/955
f 956/956/956 955/955/955 945/945/945
f 957/957/957 955/955/955 956/956/956
f 957/957/957 956/956/956 958/958/958
f 953/953/953 952/952/952 959/959/959
f 955/955/955 959/959/959 952/952/952
f 953/953/953 959/959/959 960/960/960
f 962/962/962 959/959/959 961/961/961
f 963/963/963 934/934/934 931/931/931
f 931/931/931 929/929/929 963/963/963
f 964/964/964 963/963/963 929/929/929
f 964/964/964 929/929/929 965/965/965
f 928/928/928 965/965/965 929/929/929
f 965/965/965 928/928/928 966/966/966
f 925/925/925 966/966/966 928/928/928
f 925/925/925 967/967/967 966/966/966
f 968/968/968 966/966/966 967/967/967
f 971/971/971 970/970/970 969/969/969
f 972/972/972 969/969/969 970/970/970
f 971/971/971 969/969/969 973/973/973
f 974/974/974 969/969/969 972/972/972
f 969/969/969 974/974/974 975/975/975
f 976/976/976 969/969/969 975/975/975
f 976/976/976 977/977/977 969/969/969
f 969/969/969 977/977/977 978/978/978
f 979/979/979 978/978/978 977/977/977
f 979/979/979 980/980/980 978/978/978
f 978/978/978 981/981/981 969/969/969
f 981/981/981 978/978/978 982/982/982
f 983/983/983 982/982/982 978/978/978
f 974/974/974 972/972/972 984/984/984
f 985/985/985 984/984/984 972/972/972
f 986/986/986 984/984/984 985/985/985
f 970/970/970 987/987/987 972/972/972
f 990/990/990 989/989/989 988/988/988
f 990/990/990 991/991/991 989/989/989
f 990/990/990 992/992/992 991/991/991
f 993/993/993 991/991/991 992/992/992
f 993/993/993 992/992/992 994/994/994
f 994/994/994 995/995/995 993/993/993
f 995/995/995 994/994/994 996/996/996
f 997/997/997 996/996/996 994/994/994
f 998/998/998 994/994/994 992/992/992
f 998/998/998 992/992/992 999/999/999
f 998/998/998 999/999/999 1000/1000/1000
f 1001/1001/1001 1000/1000/1000 999/999/999
f 1001/1001/1001 1002/1002/1002 1000/1000/1000
f 995/995/995 1003/1003/1003 993/993/993
f 1004/1004/1004 993/993/993 1003/1003/1003
f 993/993/993 1004/1004/1004 991/991/991
f 1003/1003/1003 1005/1005/1005 1004/1004/1004
f 1006/1006/1006 1004/1004/1004 1005/1005/1005
f 1005/1005/1005 1007/1007/1007 1006/1006/1006
f 1008/1008/1008 1006/1006/1006 1007/1007/1007
f 1007/1007/1007 1009/1009/1009 1008/1008/1008
f 1010/1010/1010 1008/1008/1008 1009/1009/1009
f 1009/1009/1009 1011/1011/1011 1010/1010/1010
f 1010/1010/1010 1011/1011/1011 1012/1012/1012
f 1013/1013/1013 1012/1012/1012 1011/1011/1011
f 1012/1012/1012 1013/1013/1013 1014/1014/1014
f 1015/1015/1015 1014/1014/1014 1013/1013/1013
f 1015/1015/1015 1016/1016/1016 1014/1014/1014
f 1015/1015/1015 1017/1017/1017 1016/1016/1016
f 1015/1015/1015 1013/1013/1013 1017/1017/1017
f 1018/1018/1018 1016/1016/1016 1017/1017/1017
f 1019/1019/1019 1017/1017/1017 1013/1013/1013
f 1020/1020/1020 1019/1019/1019 1013/1013/1013
f 1013/1013/1013 1011/1011/1011 1020/1020/1020
f 1021/1021/1021 1020/1020/1020 1011/1011/1011
f 1009/1009/1009 1007/1007/1007 1022/1022/1022
f 1021/1021/1021 1011/1011/1011 1022/1022/1022
f 1009/1009/1009 1022/1022/1022 1011/1011/1011
f 1023/1023/1023 1022/1022/1022 1007/1007/1007
f 1007/1007/1007 1005/1005/1005 1023/1023/1023
f 1024/1024/1024 1023/1023/1023 1005/1005/1005
f 1005/1005/1005 1003/1003/1003 1024/1024/1024
f 1025/1025/1025 1024/1024/1024 1003/1003/1003
f 1003/1003/1003 995/995/995 1025/1025/1025
f 996/996/996 1025/1025/1025 995/995/995
f 1026/1026/1026 991/991/991 1004/1004/1004
f 1004/1004/1004 1027/1027/1027 1026/1026/1026
f 1030/1030/1030 1029/1029/1029 1028/1028/1028
f 1029/1029/1029 1030/1030/1030 1031/1031/1031
f 1030/1030/1030 1028/1028/1028 1032/1032/1032
f 1033/1033/1033 1032/1032/1032 1028/1028/1028
f 1033/1033/1033 1034/1034/1034 1032/1032/1032
f 1035/1035/1035 1032/1032/1032 1034/1034/1034
f 1036/1036/1036 1032/1032/1032 1035/1035/1035
f 1035/1035/1035 1037/1037/1037 1036/1036/1036
f 1039/1039/1039 1038/1038/1038 1030/1030/1030
f 1030/1030/1030 1040/1040/1040 1039/1039/1039
f 1041/1041/1041 1039/1039/1039 1032/1032/1032
f 1032/1032/1032 1042/1042/1042 1041/1041/1041
f 1044/1044/1044 1043/1043/1043 1042/1042/1042
f 1042/1042/1042 1045/1045/1045 1044/1044/1044
f 1036/1036/1036 1047/1047/1047 1046/1046/1046
f 1048/1048/1048 1046/1046/1046 1047/1047/1047
f 1046/1046/1046 1048/1048/1048 1049/1049/1049
f 1051/1051/1051 1050/1050/1050 1049/1049/1049
f 1051/1051/1051 1052/1052/1052 1048/1048/1048
f 1054/1054/1054 1053/1053/1053 1002/1002/1002
f 1000/1000/1000 1002/1002/1002 1053/1053/1053
f 1000/1000/1000 1053/1053/1053 998/998/998
f 1055/1055/1055 998/998/998 1053/1053/1053
f 998/998/998 1055/1055/1055 994/994/994
f 997/997/997 994/994/994 1055/1055/1055
f 895/895/895 1056/1056/1056 894/894/894
f 1057/1057/1057 1056/1056/1056 898/898/898
f 895/895/895 898/898/898 1058/1058/1058
f 1060/1060/1060 1059/1059/1059 1058/1058/1058
f 1063/1063/1063 1062/1062/1062 1061/1061/1061
f 1065/1065/1065 1061/1061/1061 1064/1064/1064
f 1065/1065/1065 1064/1064/1064 1066/1066/1066
f 1067/1067/1067 1066/1066/1066 1064/1064/1064
f 1069/1069/1069 1067/1067/1067 1068/1068/1068
f 1071/1071/1071 1068/1068/1068 1070/1070/1070
f 1074/1074/1074 1073/1073/1073 1072/1072/1072
f 1072/1072/1072 1075/1075/1075 1074/1074/1074
f 1076/1076/1076 1074/1074/1074 1075/1075/1075
f 1077/1077/1077 1076/1076/1076 1075/1075/1075
f 1072/1072/1072 1078/1078/1078 1075/1075/1075
f 1078/1078/1078 1072/1072/1072 1079/1079/1079
f 1079/1079/1079 1072/1072/1072 1080/1080/1080
f 1072/1072/1072 1081/1081/1081 1080/1080/1080
f 1082/1082/1082 1080/1080/1080 1081/1081/1081
f 1082/1082/1082 1083/1083/1083 1080/1080/1080
f 1084/1084/1084 1080/1080/1080 1083/1083/1083
f 1080/1080/1080 1084/1084/1084 1085/1085/1085
f 1079/1079/1079 1080/1080/1080 1085/1085/1085
f 1084/1084/1084 1086/1086/1086 1085/1085/1085
f 1086/1086/1086 1084/1084/1084 1087/1087/1087
f 1088/1088/1088 1085/1085/1085 1086/1086/1086
f 1089/1089/1089 1088/1088/1088 1086/1086/1086
f 1090/1090/1090 1088/1088/1088 1089/1089/1089
f 1089/1089/1089 1091/1091/1091 1090/1090/1090
f 1092/1092/1092 1090/1090/1090 1091/1091/1091
f 1093/1093/1093 1091/1091/1091 1089/1089/1089
f 1093/1093/1093 1094/1094/1094 1091/1091/1091
f 1095/1095/1095 1091/1091/1091 1094/1094/1094
f 1091/1091/1091 1095/1095/1095 1092/1092/1092
f 1094/1094/1094 1093/1093/1093 1096/1096/1096
f 1093/1093/1093 1097/1097/1097 1096/1096/1096
f 1089/1089/1089 1086/1086/1086 1097/1097/1097
f 1097/1097/1097 1093/1093/1093 1089/1089/1089
f 1098/1098/1098 1096/1096/1096 1097/1097/1097
f 1097/1097/1097 1099/1099/1099 1098/1098/1098
f 1097/1097/1097 1100/1100/1100 1099/1099/1099
f 1097/1097/1097 1086/1086/1086 1100/1100/1100
f 1101/1101/1101 1099/1099/1099 1100/1100/1100
f 1102/1102/1102 1098/1098/1098 1099/1099/1099
f 1098/1098/1098 1102/1102/1102 1103/1103/1103
f 1104/1104/1104 1103/1103/1103 1102/1102/1102
f 1103/1103/1103 1104/1104/1104 1105/1105/1105
f 1106/1106/1106 1105/1105/1105 1104/1104/1104
f 1107/1107/1107 1092/1092/1092 1095/1095/1095
f 1092/1092/1092 1107/1107/1107 1108/1108/1108
f 1109/1109/1109 1108/1108/1108 1107/1107/1107
f 1090/1090/1090 1092/1092/1092 1108/1108/1108
f 1107/1107/1107 1110/1110/1110 1109/1109/1109
f 1109/1109/1109 1079/1079/1079 1108/1108/1108
f 1085/1085/1085 1108/1108/1108 1079/1079/1079
f 1110/1110/1110 1111/1111/1111 1109/1109/1109
f 1109/1109/1109 1111/1111/1111 1079/1079/1079
f 1101/1101/1101 1100/1100/1100 1112/1112/1112
f 1113/1113/1113 1112/1112/1112 1100/1100/1100
f 1112/1112/1112 1113/1113/1113 1114/1114/1114
f 1115/1115/1115 1114/1114/1114 1113/1113/1113
f 1114/1114/1114 1115/1115/1115 1116/1116/1116
f 1113/1113/1113 1100/1100/1100 1117/1117/1117
f 1118/1118/1118 1117/1117/1117 1100/1100/1100
f 1118/1118/1118 1100/1100/1100 1086/1086/1086
f 1118/1118/1118 1086/1086/1086 1119/1119/1119
f 1119/1119/1119 1120/1120/1120 1118/1118/1118
f 1117/1117/1117 1118/1118/1118 1121/1121/1121
f 1121/1121/1121 1122/1122/1122 1117/1117/1117
f 1121/1121/1121 1123/1123/1123 1122/1122/1122
f 1123/1123/1123 1083/1083/1083 1122/1122/1122
f 1122/1122/1122 1083/1083/1083 1124/1124/1124
f 1122/1122/1122 1124/1124/1124 1117/1117/1117
f 1082/1082/1082 1124/1124/1124 1083/1083/1083
f 1124/1124/1124 1082/1082/1082 1125/1125/1125
f 1073/1073/1073 1125/1125/1125 1082/1082/1082
f 1126/1126/1126 1124/1124/1124 1125/1125/1125
f 1126/1126/1126 1127/1127/1127 1124/1124/1124
f 1129/1129/1129 1128/1128/1128 1083/1083/1083
f 1074/1074/1074 1125/1125/1125 1130/1130/1130
f 1074/1074/1074 1076/1076/1076 1125/1125/1125
f 1125/1125/1125 1076/1076/1076 1131/1131/1131
f 1132/1132/1132 1131/1131/1131 1076/1076/1076
f 1132/1132/1132 1133/1133/1133 1077/1077/1077
f 1132/1132/1132 1077/1077/1077 1134/1134/1134
f 1135/1135/1135 1134/1134/1134 1077/1077/1077
f 1077/1077/1077 1075/1075/1075 1135/1135/1135
f 1136/1136/1136 1135/1135/1135 1075/1075/1075
f 1075/1075/1075 1137/1137/1137 1136/1136/1136
f 1137/1137/1137 1075/1075/1075 1138/1138/1138
f 1078/1078/1078 1138/1138/1138 1075/1075/1075
f 1078/1078/1078 1079/1079/1079 1138/1138/1138
f 1139/1139/1139 1138/1138/1138 1079/1079/1079
f 1140/1140/1140 1136/1136/1136 1137/1137/1137
f 1135/1135/1135 1136/1136/1136 1141/1141/1141
f 1136/1136/1136 1140/1140/1140 1141/1141/1141
f 1141/1141/1141 1142/1142/1142 1135/1135/1135
f 1143/1143/1143 1141/1141/1141 1140/1140/1140
f 1135/1135/1135 1144/1144/1144 1134/1134/1134
f 1145/1145/1145 1134/1134/1134 1144/1144/1144
f 1146/1146/1146 1134/1134/1134 1145/1145/1145
f 1145/1145/1145 1147/1147/1147 1146/1146/1146
f 1147/1147/1147 1145/1145/1145 1144/1144/1144
f 1146/1146/1146 1147/1147/1147 1113/1113/1113
f 1148/1148/1148 1113/1113/1113 1147/1147/1147
f 1148/1148/1148 1147/1147/1147 1149/1149/1149
f 1149/1149/1149 1150/1150/1150 1148/1148/1148
f 1149/1149/1149 1151/1151/1151 1150/1150/1150
f 1152/1152/1152 1150/1150/1150 1151/1151/1151
f 1150/1150/1150 1152/1152/1152 1115/1115/1115
f 1148/1148/1148 1150/1150/1150 1115/1115/1115
f 1115/1115/1115 1113/1113/1113 1148/1148/1148
f 1153/1153/1153 1115/1115/1115 1152/1152/1152
f 1153/1153/1153 1154/1154/1154 1115/1115/1115
f 1153/1153/1153 1155/1155/1155 1154/1154/1154
f 1156/1156/1156 1154/1154/1154 1155/1155/1155
f 1151/1151/1151 1157/1157/1157 1152/1152/1152
f 1157/1157/1157 1151/1151/1151 1158/1158/1158
f 1159/1159/1159 1152/1152/1152 1157/1157/1157
f 1155/1155/1155 1153/1153/1153 1160/1160/1160
f 1152/1152/1152 1160/1160/1160 1153/1153/1153
f 1160/1160/1160 1152/1152/1152 1159/1159/1159
f 1160/1160/1160 1159/1159/1159 1161/1161/1161
f 1149/1149/1149 1162/1162/1162 1151/1151/1151
f 1163/1163/1163 1151/1151/1151 1162/1162/1162
f 1163/1163/1163 1164/1164/1164 1151/1151/1151
f 1162/1162/1162 1165/1165/1165 1163/1163/1163
f 1166/1166/1166 1163/1163/1163 1165/1165/1165
f 1164/1164/1164 1163/1163/1163 1166/1166/1166
f 1165/1165/1165 1142/1142/1142 1166/1166/1166
f 1167/1167/1167 1166/1166/1166 1142/1142/1142
f 1167/1167/1167 1168/1168/1168 1166/1166/1166
f 1169/1169/1169 1166/1166/1166 1168/1168/1168
f 1142/1142/1142 1165/1165/1165 1135/1135/1135
f 1144/1144/1144 1135/1135/1135 1165/1165/1165
f 1165/1165/1165 1162/1162/1162 1144/1144/1144
f 1147/1147/1147 1144/1144/1144 1162/1162/1162
f 1162/1162/1162 1149/1149/1149 1147/1147/1147
f 1142/1142/1142 1141/1141/1141 1167/1167/1167
f 1143/1143/1143 1167/1167/1167 1141/1141/1141
f 1167/1167/1167 1143/1143/1143 1170/1170/1170
f 1171/1171/1171 1170/1170/1170 1143/1143/1143
f 1172/1172/1172 1143/1143/1143 1140/1140/1140
f 1172/1172/1172 1140/1140/1140 1137/1137/1137
f 1175/1175/1175 1174/1174/1174 1173/1173/1173
f 1176/1176/1176 1173/1173/1173 1174/1174/1174
f 1179/1179/1179 1178/1178/1178 1177/1177/1177
f 1180/1180/1180 1179/1179/1179 1177/1177/1177
f 1177/1177/1177 1178/1178/1178 1181/1181/1181
f 1181/1181/1181 1178/1178/1178 1182/1182/1182
f 1183/1183/1183 1178/1178/1178 1179/1179/1179
f 1184/1184/1184 1177/1177/1177 1181/1181/1181
f 1180/1180/1180 1177/1177/1177 1184/1184/1184
f 1180/1180/1180 1184/1184/1184 1185/1185/1185
f 1184/1184/1184 1186/1186/1186 1185/1185/1185
f 1184/1184/1184 1181/1181/1181 1186/1186/1186
f 1187/1187/1187 1186/1186/1186 1181/1181/1181
f 1181/1181/1181 1183/1183/1183 1187/1187/1187
f 1188/1188/1188 1187/1187/1187 1183/1183/1183
f 1188/1188/1188 1183/1183/1183 1189/1189/1189
f 1188/1188/1188 1189/1189/1189 1190/1190/1190
f 1191/1191/1191 1188/1188/1188 1190/1190/1190
f 1188/1188/1188 1191/1191/1191 1187/1187/1187
f 1192/1192/1192 1190/1190/1190 1189/1189/1189
f 1192/1192/1192 1193/1193/1193 1190/1190/1190
f 1180/1180/1180 1194/1194/1194 1179/1179/1179
f 1180/1180/1180 1195/1195/1195 1194/1194/1194
f 1196/1196/1196 1194/1194/1194 1185/1185/1185
f 1189/1189/1189 1183/1183/1183 1197/1197/1197
f 1189/1189/1189 1197/1197/1197 1192/1192/1192
f 1197/1197/1197 1183/1183/1183 1198/1198/1198
f 1198/1198/1198 1179/1179/1179 1194/1194/1194
f 1179/1179/1179 1198/1198/1198 1183/1183/1183
f 1197/1197/1197 1198/1198/1198 1199/1199/1199
f 1200/1200/1200 1199/1199/1199 1198/1198/1198
f 1199/1199/1199 1200/1200/1200 1201/1201/1201
f 1202/1202/1202 1201/1201/1201 1200/1200/1200
f 1201/1201/1201 1203/1203/1203 1199/1199/1199
f 1203/1203/1203 1201/1201/1201 1204/1204/1204
f 1205/1205/1205 1204/1204/1204 1201/1201/1201
f 1205/1205/1205 1201/1201/1201 1206/1206/1206
f 1207/1207/1207 1206/1206/1206 1201/1201/1201
f 1208/1208/1208 1197/1197/1197 1199/1199/1199
f 1208/1208/1208 1199/1199/1199 1209/1209/1209
f 1208/1208/1208 1192/1192/1192 1197/1197/1197
f 1192/1192/1192 1208/1208/1208 1193/1193/1193
f 1210/1210/1210 1193/1193/1193 1208/1208/1208
f 1210/1210/1210 1211/1211/1211 1193/1193/1193
f 1193/1193/1193 1211/1211/1211 1212/1212/1212
f 1212/1212/1212 1213/1213/1213 1193/1193/1193
f 1214/1214/1214 1202/1202/1202 1200/1200/1200
f 1194/1194/1194 1214/1214/1214 1198/1198/1198
f 1200/1200/1200 1198/1198/1198 1214/1214/1214
f 1214/1214/1214 1194/1194/1194 1196/1196/1196
f 1216/1216/1216 1215/1215/1215 1186/1186/1186
f 1216/1216/1216 1186/1186/1186 1217/1217/1217
f 1218/1218/1218 1217/1217/1217 1186/1186/1186
f 1186/1186/1186 1187/1187/1187 1218/1218/1218
f 1218/1218/1218 1187/1187/1187 1191/1191/1191
f 1217/1217/1217 1218/1218/1218 1219/1219/1219
f 1220/1220/1220 1219/1219/1219 1218/1218/1218
f 1191/1191/1191 1220/1220/1220 1218/1218/1218
f 1220/1220/1220 1191/1191/1191 1221/1221/1221
f 1222/1222/1222 1221/1221/1221 1191/1191/1191
f 1221/1221/1221 1223/1223/1223 1220/1220/1220
f 1224/1224/1224 1220/1220/1220 1223/1223/1223
f 1220/1220/1220 1224/1224/1224 1219/1219/1219
f 1225/1225/1225 1219/1219/1219 1224/1224/1224
f 1134/1134/1134 1226/1226/1226 1132/1132/1132
f 1226/1226/1226 1134/1134/1134 1117/1117/1117
f 1146/1146/1146 1117/1117/1117 1134/1134/1134
f 1113/1113/1113 1117/1117/1117 1146/1146/1146
f 1229/1229/1229 1228/1228/1228 1227/1227/1227
f 1232/1232/1232 1231/1231/1231 1230/1230/1230
f 1095/1095/1095 1233/1233/1233 1107/1107/1107
f 1234/1234/1234 1107/1107/1107 1233/1233/1233
f 1233/1233/1233 1095/1095/1095 1235/1235/1235
f 1094/1094/1094 1235/1235/1235 1095/1095/1095
f 1236/1236/1236 1233/1233/1233 1235/1235/1235
f 1094/1094/1094 1237/1237/1237 1235/1235/1235
f 1094/1094/1094 1096/1096/1096 1237/1237/1237
f 1238/1238/1238 1237/1237/1237 1096/1096/1096
f 1238/1238/1238 1096/1096/1096 1098/1098/1098
f 1238/1238/1238 1098/1098/1098 1103/1103/1103
f 1103/1103/1103 1105/1105/1105 1238/1238/1238
f 1239/1239/1239 1238/1238/1238 1105/1105/1105
f 1237/1237/1237 1238/1238/1238 1240/1240/1240
f 1238/1238/1238 1239/1239/1239 1240/1240/1240
f 1241/1241/1241 1235/1235/1235 1237/1237/1237
f 1236/1236/1236 1235/1235/1235 1242/1242/1242
f 1241/1241/1241 1243/1243/1243 1235/1235/1235
f 1244/1244/1244 1243/1243/1243 1241/1241/1241
f 1241/1241/1241 1237/1237/1237 1244/1244/1244
f 1245/1245/1245 1244/1244/1244 1237/1237/1237
f 1246/1246/1246 1240/1240/1240 1239/1239/1239
f 1236/1236/1236 1247/1247/1247 1233/1233/1233
f 1234/1234/1234 1233/1233/1233 1247/1247/1247
f 1247/1247/1247 1249/1249/1249 1248/1248/1248
f 1160/1160/1160 1251/1251/1251 1250/1250/1250
f 1085/1085/1085 1088/1088/1088 1108/1108/1108
f 1090/1090/1090 1108/1108/1108 1088/1088/1088
f 1139/1139/1139 1079/1079/1079 1111/1111/1111
