g blue_mag_m_pve_3_shoulderstrap
v 0.210624009 0.0784679949 1.9917829
v 0.19066 0.0834269971 1.8965379
v 0.196587995 0.0402840003 1.91333604
v 0.180362999 0.0616249964 1.84129691
v 0.19565399 0.000671999936 1.90684795
v 0.181599006 -0.0310750008 1.81108797
v 0.19565399 0.000671999936 1.90684795
v 0.19565399 0.000671999936 1.90684795
v 0.183693007 -0.0529179983 1.83180404
v 0.189901009 -0.0784099996 1.77438498
v 0.171228006 0.0768189952 1.99968398
v 0.210624009 0.0784679949 1.9917829
v 0.156207994 0.037264999 1.91703904
v 0.168096989 -0.12538299 1.82001686
v 0.143427998 -0.0568450019 1.83623195
v 0.209602997 -0.122143 1.81589699
v 0.183693007 -0.0529179983 1.83180404
v 0.189901009 -0.0784099996 1.77438498
v 0.182990998 -0.123875998 1.64147091
v 0.18036899 -0.15309599 1.63043785
v 0.145206004 -0.138612002 1.61413407
v 0.149201006 -0.150812 1.63134396
v 0.168096989 -0.12538299 1.82001686
v 0.18036899 -0.15309599 1.63043785
v 0.187425002 0.325581014 1.63656485
v 0.166071996 0.305703998 1.81876993
v 0.147523999 0.321684003 1.63992286
v 0.209892988 0.303234994 1.81716502
v 0.185377002 0.250049978 1.75714993
v 0.184113994 0.209407002 1.83159602
v 0.187425002 0.325581014 1.63656485
v 0.184159994 0.295688987 1.64916503
v 0.144410998 0.311028004 1.62413096
v 0.184113994 0.209407002 1.83159602
v 0.166071996 0.305703998 1.81876993
v 0.185377002 0.250049978 1.75714993
v 0.182731986 0.195923001 1.81487107
v 0.177770004 0.109340996 1.84003007
v 0.195904002 0.155181989 1.90667295
v 0.19580099 0.116503 1.91284299
v 0.19066 0.0834269971 1.8965379
v 0.210624009 0.0784679949 1.9917829
v 0.166071996 0.305703998 1.81876993
v 0.145022005 0.213962004 1.83598685
v 0.354626 0.258522004 1.68489301
v 0.355853975 0.255021989 1.74607408
v 0.323433995 0.326875985 1.6128819
v 0.383625984 0.219668001 1.73234403
v 0.326503962 0.312909991 1.59098494
v 0.306991994 0.28767401 1.64721799
v 0.323184997 0.234172985 1.74326289
v 0.415535003 0.198696002 1.79134703
v 0.35718599 0.168015987 1.7811079
v 0.291462004 0.112959996 1.84156287
v 0.340395987 0.0896619931 1.91292989
v 0.27443099 0.167702004 1.81533396
v 0.256289989 0.233325005 1.75901902
v 0.267658979 0.277047992 1.67357993
v 0.281398982 0.298785985 1.62936997
v 0.187425002 0.325581014 1.63656485
v 0.184159994 0.295688987 1.64916503
v 0.184159994 0.295688987 1.64916503
v 0.182731986 0.195923001 1.81487107
v 0.185377002 0.250049978 1.75714993
v 0.19066 0.0834269971 1.8965379
v 0.177770004 0.109340996 1.84003007
v 0.177770004 0.109340996 1.84003007
v 0.432850987 0.0943739936 1.82874691
v 0.340395987 0.0896619931 1.91292989
v 0.433582991 -0.0250449982 1.79107797
v 0.456472993 0.0644560009 1.76629889
v 0.433360994 -0.0120909996 1.75355101
v 0.390812993 -0.0512099974 1.73064697
v 0.358089983 -0.0867090002 1.74149191
v 0.359292984 -0.0885809958 1.68501687
v 0.327944964 -0.143070996 1.58915794
v 0.358415991 0.00465799961 1.77589798
v 0.331525981 -0.0670849979 1.73822403
v 0.264140993 -0.0784059986 1.73408794
v 0.26948899 -0.00645900005 1.80999696
v 0.290263981 0.0658129975 1.84132004
v 0.181599006 -0.0310750008 1.81108797
v 0.180362999 0.0616249964 1.84129691
v 0.308144003 -0.118887991 1.6444509
v 0.27293399 -0.106201999 1.67134202
v 0.320674002 -0.154700994 1.61535203
v 0.280010998 -0.126498997 1.62895906
v 0.182990998 -0.123875998 1.64147091
v 0.18036899 -0.15309599 1.63043785
v 0.182990998 -0.123875998 1.64147091
v 0.189901009 -0.0784099996 1.77438498
v 0.189901009 -0.0784099996 1.77438498
v 0.340395987 0.0896619931 1.91292989
v 0.19066 0.0834269971 1.8965379
v 0.180362999 0.0616249964 1.84129691
v 0.340395987 0.0896619931 1.91292989
v 0.327944964 -0.143070996 1.58915794
v 0.18036899 -0.15309599 1.63043785
v 0.18036899 -0.15309599 1.63043785
v 0.145206004 -0.138612002 1.61413407
v 0.489942014 0.0982789993 1.76617599
v 0.452322006 0.12824899 1.76670301
v 0.422913998 0.180555984 1.75146496
v 0.19565399 0.000671999936 1.90684795
v 0.156207994 0.037264999 1.91703904
v 0.196587995 0.0402840003 1.91333604
v 0.153472006 -0.00406900002 1.9091419
v 0.19565399 0.000671999936 1.90684795
v 0.143427998 -0.0568450019 1.83623195
v 0.19565399 0.000671999936 1.90684795
v 0.183693007 -0.0529179983 1.83180404
v 0.144410998 0.311028004 1.62413096
v 0.323433995 0.326875985 1.6128819
v 0.187425002 0.325581014 1.63656485
v 0.147523999 0.321684003 1.63992286
v 0.150016993 0.235998988 1.70522797
v 0.144410998 0.311028004 1.62413096
v 0.166071996 0.305703998 1.81876993
v 0.145022005 0.213962004 1.83598685
v 0.150016993 0.235998988 1.70522797
v 0.151715994 0.159180999 1.75160086
v 0.148938 0.0819629952 1.77493191
v 0.155067995 0.120279998 1.91518199
v 0.148938 0.0819629952 1.77493191
v 0.156207994 0.037264999 1.91703904
v 0.171228006 0.0768189952 1.99968398
v 0.153472006 -0.00406900002 1.9091419
v 0.143427998 -0.0568450019 1.83623195
v 0.151584998 0.00102299999 1.75232601
v 0.168096989 -0.12538299 1.82001686
v 0.145022005 0.213962004 1.83598685
v 0.154357001 0.159429997 1.90951788
v 0.149201006 -0.150812 1.63134396
v 0.151749998 -0.0588369966 1.71486998
v 0.145206004 -0.138612002 1.61413407
v 0.151584998 0.00102299999 1.75232601
v 0.195904002 0.155181989 1.90667295
v 0.145022005 0.213962004 1.83598685
v 0.184113994 0.209407002 1.83159602
v 0.195904002 0.155181989 1.90667295
v 0.154357001 0.159429997 1.90951788
v 0.155067995 0.120279998 1.91518199
v 0.154357001 0.159429997 1.90951788
v 0.19580099 0.116503 1.91284299
v 0.19580099 0.116503 1.91284299
v 0.171228006 0.0768189952 1.99968398
v 0.155067995 0.120279998 1.91518199
v 0.19580099 0.116503 1.91284299
v 0.210624009 0.0784679949 1.9917829
v 0.354626 0.258522004 1.68489301
v 0.151715994 0.159180999 1.75160086
v 0.383625984 0.219668001 1.73234403
v 0.151715994 0.159180999 1.75160086
v 0.150016993 0.235998988 1.70522797
v 0.144410998 0.311028004 1.62413096
v 0.326503962 0.312909991 1.59098494
v 0.422913998 0.180555984 1.75146496
v 0.452322006 0.12824899 1.76670301
v 0.148938 0.0819629952 1.77493191
v 0.456472993 0.0644560009 1.76629889
v 0.489942014 0.0982789993 1.76617599
v 0.151584998 0.00102299999 1.75232601
v 0.433360994 -0.0120909996 1.75355101
v 0.390812993 -0.0512099974 1.73064697
v 0.151584998 0.00102299999 1.75232601
v 0.359292984 -0.0885809958 1.68501687
v 0.151749998 -0.0588369966 1.71486998
v 0.327944964 -0.143070996 1.58915794
v 0.145206004 -0.138612002 1.61413407
v 0.18324399 0.00979200006 1.80784094
v 0.282738984 -0.0637609959 1.68024194
v 0.165158004 -0.0398009978 1.74797499
v 0.308722973 -0.00426699966 1.74252391
v 0.366842002 -0.0540239997 1.61552894
v 0.393189013 0.00292799994 1.68339205
v 0.162774995 -0.0602429993 1.73900688
v 0.278721005 -0.0896409974 1.66893196
v 0.385550976 -0.0747889951 1.590114
v 0.149110004 -0.0621949993 1.71144187
v 0.262656003 -0.0905070007 1.63963497
v 0.366374016 -0.0756020024 1.56472194
v 0.381032974 -0.0697029978 1.55780303
v 0.391712993 -0.0582040027 1.56869698
v 0.422719002 -0.00472099986 1.67664087
v 0.424165994 -0.006941 1.63934898
v 0.435371995 0.00871999934 1.65102994
v 0.331846982 0.0692859963 1.77367795
v 0.181546003 0.064052999 1.83540797
v 0.435679018 0.0731320009 1.69399703
v 0.488712996 0.108101994 1.68136084
v 0.503019989 0.0938129947 1.65137994
v 0.34404701 0.0983230025 1.79275203
v 0.50830698 0.109278001 1.65118384
v 0.500392973 0.123526998 1.65143096
v 0.430633008 0.194727004 1.65331399
v 0.413730979 0.210666001 1.67793
v 0.417622983 0.208131 1.64135802
v 0.429416001 0.133597001 1.69618094
v 0.389705002 0.197571993 1.68254495
v 0.353716999 0.237985983 1.62051797
v 0.37232101 0.260910004 1.59385896
v 0.381220996 0.246802002 1.5710479
v 0.371192992 0.253488988 1.56076396
v 0.361581981 0.255571008 1.56465995
v 0.253868014 0.260294974 1.67421091
v 0.245171994 0.253751993 1.64612901
v 0.261236995 0.237672985 1.68813288
v 0.330978006 0.122310996 1.775859
v 0.302578986 0.191348001 1.74451089
v 0.151409999 0.221497983 1.75530386
v 0.168494999 0.189126998 1.81010604
v 0.134743989 0.237565994 1.70916498
v 0.144968003 0.244058982 1.73848403
v 0.175854996 0.115626 1.83502305
v 0.184524 0.0892609954 1.85749793
v 0.149110004 -0.0621949993 1.71144187
v 0.302197993 0.00595799973 1.73119199
v 0.158978999 -0.034312997 1.74012697
v 0.262656003 -0.0905070007 1.63963497
v 0.366374016 -0.0756020024 1.56472194
v 0.391712993 -0.0582040027 1.56869698
v 0.424165994 -0.006941 1.63934898
v 0.435371995 0.00871999934 1.65102994
v 0.324770987 0.0954319909 1.76282692
v 0.177970991 0.0193419997 1.79532897
v 0.173307985 0.0899330005 1.82240999
v 0.503019989 0.0938129947 1.65137994
v 0.163092986 0.178985998 1.79812491
v 0.29686898 0.180140987 1.73367906
v 0.430633008 0.194727004 1.65331399
v 0.500392973 0.123526998 1.65143096
v 0.50830698 0.109278001 1.65118384
v 0.417622983 0.208131 1.64135802
v 0.381220996 0.246802002 1.5710479
v 0.361581981 0.255571008 1.56465995
v 0.371192992 0.253488988 1.56076396
v 0.245171994 0.253751993 1.64612901
v 0.147055 0.212126002 1.74779797
v 0.134743989 0.237565994 1.70916498
v 0.163092986 0.178985998 1.79812491
v 0.381032974 -0.0697029978 1.55780303
v 0.158978999 -0.034312997 1.74012697
v 0.18324399 0.00979200006 1.80784094
v 0.165158004 -0.0398009978 1.74797499
v 0.149110004 -0.0621949993 1.71144187
v 0.162774995 -0.0602429993 1.73900688
v 0.18324399 0.00979200006 1.80784094
v 0.177970991 0.0193419997 1.79532897
v 0.181546003 0.064052999 1.83540797
v 0.173307985 0.0899330005 1.82240999
v 0.184524 0.0892609954 1.85749793
v 0.175854996 0.115626 1.83502305
v 0.181546003 0.064052999 1.83540797
v 0.168494999 0.189126998 1.81010604
v 0.163092986 0.178985998 1.79812491
v 0.147055 0.212126002 1.74779797
v 0.151409999 0.221497983 1.75530386
v 0.144968003 0.244058982 1.73848403
v 0.134743989 0.237565994 1.70916498
v 0.178446993 -0.0954959914 1.66696393
v 0.257344991 -0.0920960009 1.57236099
v 0.167075992 -0.0964059979 1.64284897
v 0.277244002 -0.0928390026 1.59413695
v 0.365256995 -0.0607019998 1.47728598
v 0.376759976 -0.0638360009 1.50523496
v 0.374272972 -0.0541529991 1.477561
v 0.421836019 0.00283799996 1.55096102
v 0.422233999 0.000846999988 1.57872999
v 0.432913989 0.0164619982 1.55592597
v 0.491668999 0.0883329958 1.54790199
v 0.483216017 0.101484999 1.57619989
v 0.497242987 0.101167001 1.54682291
v 0.489928991 0.116739996 1.54699397
v 0.415711999 0.197094992 1.57848001
v 0.427755982 0.182681993 1.55275297
v 0.419690013 0.190586999 1.54870999
v 0.37173301 0.230962992 1.47803605
v 0.368910998 0.243588999 1.50547385
v 0.36036399 0.236342996 1.47583604
v 0.363275975 -0.0475909971 1.52811706
v 0.395451993 0.00915599987 1.5889169
v 0.435990959 0.0738210008 1.59328198
v 0.362519979 0.0938360021 1.68880796
v 0.345848978 0.067181997 1.67564499
v 0.281888992 -0.0667459965 1.60501397
v 0.313394994 -0.0102009997 1.65271807
v 0.182970002 -0.0693150014 1.67385995
v 0.224426985 0.064462997 1.7572639
v 0.231100991 0.0926739946 1.7778759
v 0.205687001 -0.0119309993 1.72330594
v 0.257292002 0.250326991 1.56918895
v 0.223873988 0.117844999 1.76026297
v 0.346352994 0.121473998 1.67535591
v 0.430503994 0.128795996 1.593256
v 0.393482 0.186566994 1.58536398
v 0.356517971 0.223749995 1.53160286
v 0.274204999 0.256736994 1.59028792
v 0.176123008 0.257690996 1.66579401
v 0.164087996 0.253446996 1.64071596
v 0.319507003 0.184799984 1.65319395
v 0.275976002 0.233119994 1.60708094
v 0.184943005 0.232156992 1.67774093
v 0.207775995 0.183903992 1.72843087
v 0.365256995 -0.0607019998 1.47728598
v 0.304766983 -0.000541999994 1.64233398
v 0.257344991 -0.0920960009 1.57236099
v 0.374272972 -0.0541529991 1.477561
v 0.421836019 0.00283799996 1.55096102
v 0.432913989 0.0164619982 1.55592597
v 0.491668999 0.0883329958 1.54790199
v 0.34227699 0.0942389965 1.66833198
v 0.497242987 0.101167001 1.54682291
v 0.489928991 0.116739996 1.54699397
v 0.311661988 0.173960984 1.64336896
v 0.427755982 0.182681993 1.55275297
v 0.419690013 0.190586999 1.54870999
v 0.37173301 0.230962992 1.47803605
v 0.36036399 0.236342996 1.47583604
v 0.218119994 0.0915459991 1.75280392
v 0.198015988 -0.00254400005 1.71196592
v 0.167075992 -0.0964059979 1.64284897
v 0.257292002 0.250326991 1.56918895
v 0.200387001 0.173607007 1.7177099
v 0.164087996 0.253446996 1.64071596
v 0.200387001 0.173607007 1.7177099
v 0.178446993 -0.0954959914 1.66696393
v 0.167075992 -0.0964059979 1.64284897
v 0.182970002 -0.0693150014 1.67385995
v 0.198015988 -0.00254400005 1.71196592
v 0.205687001 -0.0119309993 1.72330594
v 0.224426985 0.064462997 1.7572639
v 0.218119994 0.0915459991 1.75280392
v 0.182970002 -0.0693150014 1.67385995
v 0.231100991 0.0926739946 1.7778759
v 0.223873988 0.117844999 1.76026297
v 0.207775995 0.183903992 1.72843087
v 0.224426985 0.064462997 1.7572639
v 0.207775995 0.183903992 1.72843087
v 0.200387001 0.173607007 1.7177099
v 0.184943005 0.232156992 1.67774093
v 0.164087996 0.253446996 1.64071596
v 0.176123008 0.257690996 1.66579401
v 0.200370997 -0.135593995 1.51147902
v 0.288863987 -0.101767994 1.47952807
v 0.293296993 -0.0962329954 1.45781398
v 0.211480007 -0.137151003 1.52484596
v 0.128677994 -0.141529992 1.56526089
v 0.107754998 -0.142077997 1.55906296
v 0.126182005 -0.139352992 1.57122695
v 0.105143003 -0.139996007 1.56520796
v 0.184615001 -0.0653299987 1.68853807
v 0.164004996 -0.0591620021 1.69764602
v 0.271177977 -0.0522800013 1.64246202
v 0.360231012 -0.0217759982 1.59455705
v 0.294910997 -0.097517997 1.48090303
v 0.299414009 -0.0920899957 1.45917797
v 0.373106986 -0.00730299996 1.58574402
v 0.212394997 0.247368991 1.56205904
v 0.31280899 0.225461006 1.57446694
v 0.242954001 0.235979006 1.61716294
v 0.278353006 0.237660006 1.52102089
v 0.247856006 0.23715499 1.470523
v 0.254074991 0.226863995 1.45313895
v 0.287283003 0.226028994 1.51007998
v 0.180587992 0.255405992 1.50140786
v 0.241142005 0.238295004 1.46859407
v 0.247381985 0.228050992 1.45112097
v 0.173348993 0.247766986 1.48993695
v 0.114946 0.264064997 1.52934289
v 0.0958819911 0.258920997 1.52288795
v 0.325704008 0.212384999 1.56890786
v 0.140303999 0.265781999 1.59213996
v 0.16762501 0.254162997 1.65414989
v 0.152840003 0.246560991 1.663607
v 0.123460993 0.259435982 1.59365702
v 0.093479 0.259556979 1.52923203
v 0.112624995 0.26473698 1.53564799
v 0.200370997 -0.135593995 1.51147902
v 0.293296993 -0.0962329954 1.45781398
v 0.269887 -0.0495819971 1.64132285
v 0.107754998 -0.142077997 1.55906296
v 0.105143003 -0.139996007 1.56520796
v 0.164004996 -0.0591620021 1.69764602
v 0.299414009 -0.0920899957 1.45917797
v 0.373106986 -0.00730299996 1.58574402
v 0.287283003 0.226028994 1.51007998
v 0.242217004 0.232873991 1.61692894
v 0.325704008 0.212384999 1.56890786
v 0.211667001 0.244255006 1.56196189
v 0.254074991 0.226863995 1.45313895
v 0.247381985 0.228050992 1.45112097
v 0.152840003 0.246560991 1.663607
v 0.123460993 0.259435982 1.59365702
v 0.0958819911 0.258920997 1.52288795
v 0.173348993 0.247766986 1.48993695
v 0.093479 0.259556979 1.52923203
v -0.210624009 0.0784679949 1.9917829
v -0.196587995 0.0402840003 1.91333604
v -0.19066 0.0834269971 1.8965379
v -0.180362999 0.0616249964 1.84129691
v -0.19565399 0.000671999936 1.90684795
v -0.19565399 0.000671999936 1.90684795
v -0.181599006 -0.0310750008 1.81108797
v -0.19565399 0.000671999936 1.90684795
v -0.183693007 -0.0529179983 1.83180404
v -0.189901009 -0.0784099996 1.77438498
v -0.210624009 0.0784679949 1.9917829
v -0.156207994 0.037264999 1.91703904
v -0.171228006 0.0768189952 1.99968398
v -0.168096989 -0.12538299 1.82001686
v -0.143427998 -0.0568450019 1.83623195
v -0.209602997 -0.122143 1.81589699
v -0.189901009 -0.0784099996 1.77438498
v -0.183693007 -0.0529179983 1.83180404
v -0.182990998 -0.123875998 1.64147091
v -0.18036899 -0.15309599 1.63043785
v -0.149201006 -0.150812 1.63134396
v -0.145206004 -0.138612002 1.61413407
v -0.18036899 -0.15309599 1.63043785
v -0.168096989 -0.12538299 1.82001686
v -0.166071996 0.305703998 1.81876993
v -0.187425002 0.325581014 1.63656485
v -0.147523999 0.321684003 1.63992286
v -0.209892988 0.303234994 1.81716502
v -0.184113994 0.209407002 1.83159602
v -0.185377002 0.250049978 1.75714993
v -0.187425002 0.325581014 1.63656485
v -0.184159994 0.295688987 1.64916503
v -0.144410998 0.311028004 1.62413096
v -0.145022005 0.213962004 1.83598685
v -0.166071996 0.305703998 1.81876993
v -0.184113994 0.209407002 1.83159602
v -0.185377002 0.250049978 1.75714993
v -0.182731986 0.195923001 1.81487107
v -0.195904002 0.155181989 1.90667295
v -0.354626 0.258522004 1.68489301
v -0.323433995 0.326875985 1.6128819
v -0.355853975 0.255021989 1.74607408
v -0.383625984 0.219668001 1.73234403
v -0.326503962 0.312909991 1.59098494
v -0.306991994 0.28767401 1.64721799
v -0.323184997 0.234172985 1.74326289
v -0.415535003 0.198696002 1.79134703
v -0.35718599 0.168015987 1.7811079
v -0.340395987 0.0896619931 1.91292989
v -0.291462004 0.112959996 1.84156287
v -0.27443099 0.167702004 1.81533396
v -0.267658979 0.277047992 1.67357993
v -0.281398982 0.298785985 1.62936997
v -0.184159994 0.295688987 1.64916503
v -0.187425002 0.325581014 1.63656485
v -0.184159994 0.295688987 1.64916503
v -0.256289989 0.233325005 1.75901902
v -0.182731986 0.195923001 1.81487107
v -0.185377002 0.250049978 1.75714993
v -0.182731986 0.195923001 1.81487107
v -0.177770004 0.109340996 1.84003007
v -0.19066 0.0834269971 1.8965379
v -0.177770004 0.109340996 1.84003007
v -0.180362999 0.0616249964 1.84129691
v -0.340395987 0.0896619931 1.91292989
v -0.19066 0.0834269971 1.8965379
v -0.340395987 0.0896619931 1.91292989
v -0.290263981 0.0658129975 1.84132004
v -0.433582991 -0.0250449982 1.79107797
v -0.358415991 0.00465799961 1.77589798
v -0.26948899 -0.00645900005 1.80999696
v -0.181599006 -0.0310750008 1.81108797
v -0.180362999 0.0616249964 1.84129691
v -0.264140993 -0.0784059986 1.73408794
v -0.331525981 -0.0670849979 1.73822403
v -0.308144003 -0.118887991 1.6444509
v -0.27293399 -0.106201999 1.67134202
v -0.320674002 -0.154700994 1.61535203
v -0.280010998 -0.126498997 1.62895906
v -0.182990998 -0.123875998 1.64147091
v -0.18036899 -0.15309599 1.63043785
v -0.182990998 -0.123875998 1.64147091
v -0.189901009 -0.0784099996 1.77438498
v -0.189901009 -0.0784099996 1.77438498
v -0.358089983 -0.0867090002 1.74149191
v -0.327944964 -0.143070996 1.58915794
v -0.390812993 -0.0512099974 1.73064697
v -0.359292984 -0.0885809958 1.68501687
v -0.327944964 -0.143070996 1.58915794
v -0.433360994 -0.0120909996 1.75355101
v -0.432850987 0.0943739936 1.82874691
v -0.340395987 0.0896619931 1.91292989
v -0.456472993 0.0644560009 1.76629889
v -0.489942014 0.0982789993 1.76617599
v -0.422913998 0.180555984 1.75146496
v -0.452322006 0.12824899 1.76670301
v -0.320674002 -0.154700994 1.61535203
v -0.145206004 -0.138612002 1.61413407
v -0.18036899 -0.15309599 1.63043785
v -0.153472006 -0.00406900002 1.9091419
v -0.196587995 0.0402840003 1.91333604
v -0.156207994 0.037264999 1.91703904
v -0.19565399 0.000671999936 1.90684795
v -0.143427998 -0.0568450019 1.83623195
v -0.19565399 0.000671999936 1.90684795
v -0.19565399 0.000671999936 1.90684795
v -0.183693007 -0.0529179983 1.83180404
v -0.187425002 0.325581014 1.63656485
v -0.323433995 0.326875985 1.6128819
v -0.144410998 0.311028004 1.62413096
v -0.144410998 0.311028004 1.62413096
v -0.166071996 0.305703998 1.81876993
v -0.147523999 0.321684003 1.63992286
v -0.150016993 0.235998988 1.70522797
v -0.145022005 0.213962004 1.83598685
v -0.150016993 0.235998988 1.70522797
v -0.151715994 0.159180999 1.75160086
v -0.148938 0.0819629952 1.77493191
v -0.155067995 0.120279998 1.91518199
v -0.148938 0.0819629952 1.77493191
v -0.154357001 0.159429997 1.90951788
v -0.156207994 0.037264999 1.91703904
v -0.171228006 0.0768189952 1.99968398
v -0.153472006 -0.00406900002 1.9091419
v -0.143427998 -0.0568450019 1.83623195
v -0.151584998 0.00102299999 1.75232601
v -0.151749998 -0.0588369966 1.71486998
v -0.168096989 -0.12538299 1.82001686
v -0.151749998 -0.0588369966 1.71486998
v -0.149201006 -0.150812 1.63134396
v -0.145206004 -0.138612002 1.61413407
v -0.184113994 0.209407002 1.83159602
v -0.154357001 0.159429997 1.90951788
v -0.195904002 0.155181989 1.90667295
v -0.145022005 0.213962004 1.83598685
v -0.154357001 0.159429997 1.90951788
v -0.19580099 0.116503 1.91284299
v -0.155067995 0.120279998 1.91518199
v -0.210624009 0.0784679949 1.9917829
v -0.155067995 0.120279998 1.91518199
v -0.171228006 0.0768189952 1.99968398
v -0.210624009 0.0784679949 1.9917829
v -0.19580099 0.116503 1.91284299
v -0.177770004 0.109340996 1.84003007
v -0.195904002 0.155181989 1.90667295
v -0.19066 0.0834269971 1.8965379
v -0.210624009 0.0784679949 1.9917829
v -0.182731986 0.195923001 1.81487107
v -0.150016993 0.235998988 1.70522797
v -0.383625984 0.219668001 1.73234403
v -0.151715994 0.159180999 1.75160086
v -0.354626 0.258522004 1.68489301
v -0.144410998 0.311028004 1.62413096
v -0.150016993 0.235998988 1.70522797
v -0.326503962 0.312909991 1.59098494
v -0.422913998 0.180555984 1.75146496
v -0.151715994 0.159180999 1.75160086
v -0.148938 0.0819629952 1.77493191
v -0.452322006 0.12824899 1.76670301
v -0.456472993 0.0644560009 1.76629889
v -0.489942014 0.0982789993 1.76617599
v -0.433360994 -0.0120909996 1.75355101
v -0.151584998 0.00102299999 1.75232601
v -0.390812993 -0.0512099974 1.73064697
v -0.359292984 -0.0885809958 1.68501687
v -0.151749998 -0.0588369966 1.71486998
v -0.151584998 0.00102299999 1.75232601
v -0.327944964 -0.143070996 1.58915794
v -0.151749998 -0.0588369966 1.71486998
v -0.145206004 -0.138612002 1.61413407
v -0.282738984 -0.0637609959 1.68024194
v -0.18324399 0.00979200006 1.80784094
v -0.165158004 -0.0398009978 1.74797499
v -0.308722973 -0.00426699966 1.74252391
v -0.393189013 0.00292799994 1.68339205
v -0.366842002 -0.0540239997 1.61552894
v -0.162774995 -0.0602429993 1.73900688
v -0.278721005 -0.0896409974 1.66893196
v -0.385550976 -0.0747889951 1.590114
v -0.149110004 -0.0621949993 1.71144187
v -0.262656003 -0.0905070007 1.63963497
v -0.366374016 -0.0756020024 1.56472194
v -0.381032974 -0.0697029978 1.55780303
v -0.391712993 -0.0582040027 1.56869698
v -0.422719002 -0.00472099986 1.67664087
v -0.424165994 -0.006941 1.63934898
v -0.435371995 0.00871999934 1.65102994
v -0.181546003 0.064052999 1.83540797
v -0.331846982 0.0692859963 1.77367795
v -0.435679018 0.0731320009 1.69399703
v -0.488712996 0.108101994 1.68136084
v -0.503019989 0.0938129947 1.65137994
v -0.34404701 0.0983230025 1.79275203
v -0.50830698 0.109278001 1.65118384
v -0.500392973 0.123526998 1.65143096
v -0.413730979 0.210666001 1.67793
v -0.430633008 0.194727004 1.65331399
v -0.417622983 0.208131 1.64135802
v -0.429416001 0.133597001 1.69618094
v -0.389705002 0.197571993 1.68254495
v -0.37232101 0.260910004 1.59385896
v -0.353716999 0.237985983 1.62051797
v -0.381220996 0.246802002 1.5710479
v -0.371192992 0.253488988 1.56076396
v -0.361581981 0.255571008 1.56465995
v -0.253868014 0.260294974 1.67421091
v -0.245171994 0.253751993 1.64612901
v -0.261236995 0.237672985 1.68813288
v -0.302578986 0.191348001 1.74451089
v -0.330978006 0.122310996 1.775859
v -0.168494999 0.189126998 1.81010604
v -0.151409999 0.221497983 1.75530386
v -0.144968003 0.244058982 1.73848403
v -0.134743989 0.237565994 1.70916498
v -0.184524 0.0892609954 1.85749793
v -0.175854996 0.115626 1.83502305
v -0.158978999 -0.034312997 1.74012697
v -0.262656003 -0.0905070007 1.63963497
v -0.149110004 -0.0621949993 1.71144187
v -0.302197993 0.00595799973 1.73119199
v -0.366374016 -0.0756020024 1.56472194
v -0.391712993 -0.0582040027 1.56869698
v -0.424165994 -0.006941 1.63934898
v -0.435371995 0.00871999934 1.65102994
v -0.324770987 0.0954319909 1.76282692
v -0.177970991 0.0193419997 1.79532897
v -0.173307985 0.0899330005 1.82240999
v -0.503019989 0.0938129947 1.65137994
v -0.163092986 0.178985998 1.79812491
v -0.29686898 0.180140987 1.73367906
v -0.430633008 0.194727004 1.65331399
v -0.500392973 0.123526998 1.65143096
v -0.50830698 0.109278001 1.65118384
v -0.417622983 0.208131 1.64135802
v -0.381220996 0.246802002 1.5710479
v -0.361581981 0.255571008 1.56465995
v -0.371192992 0.253488988 1.56076396
v -0.245171994 0.253751993 1.64612901
v -0.147055 0.212126002 1.74779797
v -0.134743989 0.237565994 1.70916498
v -0.163092986 0.178985998 1.79812491
v -0.381032974 -0.0697029978 1.55780303
v -0.18324399 0.00979200006 1.80784094
v -0.158978999 -0.034312997 1.74012697
v -0.165158004 -0.0398009978 1.74797499
v -0.149110004 -0.0621949993 1.71144187
v -0.162774995 -0.0602429993 1.73900688
v -0.18324399 0.00979200006 1.80784094
v -0.177970991 0.0193419997 1.79532897
v -0.173307985 0.0899330005 1.82240999
v -0.181546003 0.064052999 1.83540797
v -0.184524 0.0892609954 1.85749793
v -0.175854996 0.115626 1.83502305
v -0.168494999 0.189126998 1.81010604
v -0.168494999 0.189126998 1.81010604
v -0.163092986 0.178985998 1.79812491
v -0.147055 0.212126002 1.74779797
v -0.151409999 0.221497983 1.75530386
v -0.134743989 0.237565994 1.70916498
v -0.144968003 0.244058982 1.73848403
v -0.257344991 -0.0920960009 1.57236099
v -0.178446993 -0.0954959914 1.66696393
v -0.167075992 -0.0964059979 1.64284897
v -0.277244002 -0.0928390026 1.59413695
v -0.376759976 -0.0638360009 1.50523496
v -0.365256995 -0.0607019998 1.47728598
v -0.374272972 -0.0541529991 1.477561
v -0.421836019 0.00283799996 1.55096102
v -0.422233999 0.000846999988 1.57872999
v -0.432913989 0.0164619982 1.55592597
v -0.483216017 0.101484999 1.57619989
v -0.491668999 0.0883329958 1.54790199
v -0.497242987 0.101167001 1.54682291
v -0.489928991 0.116739996 1.54699397
v -0.427755982 0.182681993 1.55275297
v -0.415711999 0.197094992 1.57848001
v -0.419690013 0.190586999 1.54870999
v -0.368910998 0.243588999 1.50547385
v -0.37173301 0.230962992 1.47803605
v -0.36036399 0.236342996 1.47583604
v -0.363275975 -0.0475909971 1.52811706
v -0.395451993 0.00915599987 1.5889169
v -0.435990959 0.0738210008 1.59328198
v -0.281888992 -0.0667459965 1.60501397
v -0.345848978 0.067181997 1.67564499
v -0.313394994 -0.0102009997 1.65271807
v -0.182970002 -0.0693150014 1.67385995
v -0.224426985 0.064462997 1.7572639
v -0.231100991 0.0926739946 1.7778759
v -0.362519979 0.0938360021 1.68880796
v -0.205687001 -0.0119309993 1.72330594
v -0.430503994 0.128795996 1.593256
v -0.393482 0.186566994 1.58536398
v -0.356517971 0.223749995 1.53160286
v -0.346352994 0.121473998 1.67535591
v -0.319507003 0.184799984 1.65319395
v -0.275976002 0.233119994 1.60708094
v -0.274204999 0.256736994 1.59028792
v -0.257292002 0.250326991 1.56918895
v -0.164087996 0.253446996 1.64071596
v -0.176123008 0.257690996 1.66579401
v -0.184943005 0.232156992 1.67774093
v -0.207775995 0.183903992 1.72843087
v -0.223873988 0.117844999 1.76026297
v -0.365256995 -0.0607019998 1.47728598
v -0.257344991 -0.0920960009 1.57236099
v -0.304766983 -0.000541999994 1.64233398
v -0.374272972 -0.0541529991 1.477561
v -0.421836019 0.00283799996 1.55096102
v -0.432913989 0.0164619982 1.55592597
v -0.34227699 0.0942389965 1.66833198
v -0.491668999 0.0883329958 1.54790199
v -0.497242987 0.101167001 1.54682291
v -0.489928991 0.116739996 1.54699397
v -0.427755982 0.182681993 1.55275297
v -0.311661988 0.173960984 1.64336896
v -0.419690013 0.190586999 1.54870999
v -0.37173301 0.230962992 1.47803605
v -0.36036399 0.236342996 1.47583604
v -0.198015988 -0.00254400005 1.71196592
v -0.218119994 0.0915459991 1.75280392
v -0.167075992 -0.0964059979 1.64284897
v -0.257292002 0.250326991 1.56918895
v -0.200387001 0.173607007 1.7177099
v -0.164087996 0.253446996 1.64071596
v -0.200387001 0.173607007 1.7177099
v -0.178446993 -0.0954959914 1.66696393
v -0.182970002 -0.0693150014 1.67385995
v -0.167075992 -0.0964059979 1.64284897
v -0.205687001 -0.0119309993 1.72330594
v -0.198015988 -0.00254400005 1.71196592
v -0.218119994 0.0915459991 1.75280392
v -0.224426985 0.064462997 1.7572639
v -0.182970002 -0.0693150014 1.67385995
v -0.231100991 0.0926739946 1.7778759
v -0.223873988 0.117844999 1.76026297
v -0.200387001 0.173607007 1.7177099
v -0.224426985 0.064462997 1.7572639
v -0.200387001 0.173607007 1.7177099
v -0.207775995 0.183903992 1.72843087
v -0.184943005 0.232156992 1.67774093
v -0.184943005 0.232156992 1.67774093
v -0.164087996 0.253446996 1.64071596
v -0.176123008 0.257690996 1.66579401
v -0.288863987 -0.101767994 1.47952807
v -0.200370997 -0.135593995 1.51147902
v -0.293296993 -0.0962329954 1.45781398
v -0.211480007 -0.137151003 1.52484596
v -0.128677994 -0.141529992 1.56526089
v -0.107754998 -0.142077997 1.55906296
v -0.126182005 -0.139352992 1.57122695
v -0.105143003 -0.139996007 1.56520796
v -0.164004996 -0.0591620021 1.69764602
v -0.184615001 -0.0653299987 1.68853807
v -0.271177977 -0.0522800013 1.64246202
v -0.294910997 -0.097517997 1.48090303
v -0.360231012 -0.0217759982 1.59455705
v -0.299414009 -0.0920899957 1.45917797
v -0.373106986 -0.00730299996 1.58574402
v -0.212394997 0.247368991 1.56205904
v -0.31280899 0.225461006 1.57446694
v -0.278353006 0.237660006 1.52102089
v -0.242954001 0.235979006 1.61716294
v -0.247856006 0.23715499 1.470523
v -0.287283003 0.226028994 1.51007998
v -0.254074991 0.226863995 1.45313895
v -0.241142005 0.238295004 1.46859407
v -0.180587992 0.255405992 1.50140786
v -0.247381985 0.228050992 1.45112097
v -0.173348993 0.247766986 1.48993695
v -0.114946 0.264064997 1.52934289
v -0.0958819911 0.258920997 1.52288795
v -0.325704008 0.212384999 1.56890786
v -0.140303999 0.265781999 1.59213996
v -0.16762501 0.254162997 1.65414989
v -0.152840003 0.246560991 1.663607
v -0.123460993 0.259435982 1.59365702
v -0.093479 0.259556979 1.52923203
v -0.112624995 0.26473698 1.53564799
v -0.200370997 -0.135593995 1.51147902
v -0.269887 -0.0495819971 1.64132285
v -0.293296993 -0.0962329954 1.45781398
v -0.107754998 -0.142077997 1.55906296
v -0.105143003 -0.139996007 1.56520796
v -0.164004996 -0.0591620021 1.69764602
v -0.299414009 -0.0920899957 1.45917797
v -0.373106986 -0.00730299996 1.58574402
v -0.211667001 0.244255006 1.56196189
v -0.325704008 0.212384999 1.56890786
v -0.242217004 0.232873991 1.61692894
v -0.287283003 0.226028994 1.51007998
v -0.247381985 0.228050992 1.45112097
v -0.254074991 0.226863995 1.45313895
v -0.152840003 0.246560991 1.663607
v -0.123460993 0.259435982 1.59365702
v -0.0958819911 0.258920997 1.52288795
v -0.173348993 0.247766986 1.48993695
v -0.093479 0.259556979 1.52923203
v 0.437895 0.0899249986 1.93071198
v 0.434360981 0.0945489928 1.83126199
v 0.407410979 0.0431619957 1.83983302
v 0.435526013 0.0945489928 1.82841897
v 0.40662998 0.0390900001 1.83795893
v 0.437895 0.0899249986 1.93071198
v 0.35433799 0.0899249986 1.90504098
v 0.40662998 0.0390900001 1.83795893
v 0.35433799 0.0899249986 1.90504098
v 0.349020988 0.0899249986 1.90765703
v 0.43294701 0.0945489928 1.82432091
v 0.403381974 0.0390900001 1.83384597
v 0.344488978 0.0899249986 1.90722299
v 0.437895 0.0899249986 1.93071198
v 0.407410979 0.136688992 1.83983302
v 0.434360981 0.0945489928 1.83126199
v 0.40793699 0.140761003 1.83869004
v 0.35433799 0.0899249986 1.90504098
v 0.437895 0.0899249986 1.93071198
v 0.35433799 0.0899249986 1.90504098
v 0.40793699 0.140761003 1.83869004
v 0.435526013 0.0945489928 1.82841897
v 0.349020988 0.0899249986 1.90765703
v 0.43294701 0.0945489928 1.82432091
v 0.403381974 0.140761003 1.83384597
v 0.349020988 0.0899249986 1.90765703
v 0.344488978 0.0899249986 1.90722299
vt 0.507000029 0.602599978
vt 0.564800024 0.541599989
vt 0.526899993 0.528800011
vt 0.582499981 0.492700011
vt 0.504700005 0.502200007
vt 0.538600028 0.421000004
vt 0.504700005 0.502200007
vt 0.504700005 0.502200007
vt 0.512799978 0.422399998
vt 0.527800024 0.370000005
vt 0.473500013 0.593500018
vt 0.507000029 0.602599978
vt 0.494199991 0.516099989
vt 0.452100009 0.399899989
vt 0.491899997 0.450599998
vt 0.473199993 0.370700002
vt 0.512799978 0.422399998
vt 0.527800024 0.370000005
vt 0.576699972 0.259000003
vt 0.565500021 0.234899998
vt 0.55400002 0.201100007
vt 0.545099974 0.217299998
vt 0.444900006 0.348500013
vt 0.565500021 0.234899998
vt 0.595899999 0.237000003
vt 0.721499979 0.334800005
vt 0.622399986 0.214699998
vt 0.694199979 0.360900015
vt 0.621999979 0.356999993
vt 0.641600013 0.42750001
vt 0.595899999 0.237000003
vt 0.584999979 0.262800008
vt 0.613699973 0.200499997
vt 0.641600013 0.42750001
vt 0.718299985 0.390199989
vt 0.621999979 0.356999993
vt 0.623399973 0.425199986
vt 0.583999991 0.4921
vt 0.653900027 0.507200003
vt 0.633400023 0.534300029
vt 0.602800012 0.54339999
vt 0.657400012 0.607299984
vt 0.718299985 0.390199989
vt 0.664499998 0.452800006
vt 0.605000019 0.752300024
vt 0.559400022 0.779900014
vt 0.691699982 0.776000023
vt 0.542500019 0.741999984
vt 0.70599997 0.761200011
vt 0.654600024 0.803799987
vt 0.560199976 0.817499995
vt 0.484100014 0.753600001
vt 0.4912 0.811699986
vt 0.442000002 0.887399971
vt 0.382400006 0.857900023
vt 0.493499994 0.889500022
vt 0.568000019 0.880500019
vt 0.64289999 0.843599975
vt 0.678499997 0.819000006
vt 0.717800021 0.891200006
vt 0.691600025 0.902899981
vt 0.691600025 0.902899981
vt 0.532100022 0.962100029
vt 0.596700013 0.93690002
vt 0.382800013 0.980199993
vt 0.450100005 0.986299992
vt 0.450100005 0.986299992
vt 0.3847 0.754599988
vt 0.382400006 0.857900023
vt 0.275200009 0.745500028
vt 0.346300006 0.703299999
vt 0.267399997 0.717499971
vt 0.209900007 0.745700002
vt 0.191799998 0.785700023
vt 0.149900004 0.761600018
vt 0.0480999984 0.775399983
vt 0.264299989 0.815999985
vt 0.193499997 0.818599999
vt 0.169200003 0.876699984
vt 0.256700009 0.898000002
vt 0.324000001 0.891799986
vt 0.228200004 0.971000016
vt 0.317999989 0.986999989
vt 0.0995000005 0.814700007
vt 0.115099996 0.851100028
vt 0.0653000027 0.792699993
vt 0.0785000026 0.833999991
vt 0.0626000017 0.916000009
vt 0.0359999985 0.910099983
vt 0.0626000017 0.916000009
vt 0.178299993 0.950600028
vt 0.178299993 0.950600028
vt 0.382400006 0.857900023
vt 0.382800013 0.980199993
vt 0.317999989 0.986999989
vt 0.382400006 0.857900023
vt 0.0480999984 0.775399983
vt 0.0359999985 0.910099983
vt 0.0359999985 0.910099983
vt 0.00829999987 0.931699991
vt 0.387499988 0.682200015
vt 0.42719999 0.70660001
vt 0.488099992 0.718599975
vt 0.486600012 0.535399973
vt 0.445100009 0.558099985
vt 0.478399992 0.569100022
vt 0.452300012 0.522400022
vt 0.486600012 0.535399973
vt 0.470200002 0.4463
vt 0.486600012 0.535399973
vt 0.503600001 0.456999987
vt 0.746599972 0.918799996
vt 0.691699982 0.776000023
vt 0.717800021 0.891200006
vt 0.71509999 0.594099998
vt 0.761300027 0.513499975
vt 0.700200021 0.586700022
vt 0.8671 0.560199976
vt 0.870400012 0.477999985
vt 0.761300027 0.513499975
vt 0.791100025 0.442799985
vt 0.800300002 0.373899996
vt 0.925199986 0.386900008
vt 0.800300002 0.373899996
vt 0.915099978 0.315899998
vt 0.992200017 0.337700009
vt 0.902400017 0.281699985
vt 0.832400024 0.246900007
vt 0.769500017 0.308400005
vt 0.805700004 0.188899994
vt 0.870400012 0.477999985
vt 0.925800025 0.421000004
vt 0.641200006 0.202800006
vt 0.728699982 0.264699996
vt 0.628700018 0.216499999
vt 0.769500017 0.308400005
vt 0.677999973 0.538399994
vt 0.681400001 0.44780001
vt 0.650699973 0.462599993
vt 0.677999973 0.538399994
vt 0.710099995 0.521799982
vt 0.72240001 0.55369997
vt 0.710099995 0.521799982
vt 0.690800011 0.569700003
vt 0.633400023 0.534300029
vt 0.690599978 0.59740001
vt 0.664900005 0.518299997
vt 0.633400023 0.534300029
vt 0.657400012 0.607299984
vt 0.902199984 0.232099995
vt 0.989899993 0.176300004
vt 0.888000011 0.205899999
vt 0.989899993 0.176300004
vt 0.99180001 0.215299994
vt 0.996399999 0.263599992
vt 0.916299999 0.279199988
vt 0.870299995 0.186499998
vt 0.85710001 0.161899999
vt 0.990999997 0.141200006
vt 0.855199993 0.133499995
vt 0.840399981 0.148499995
vt 0.989799976 0.104800001
vt 0.865400016 0.0987000018
vt 0.884599984 0.0785000026
vt 0.989799976 0.104800001
vt 0.899299979 0.053199999
vt 0.9903 0.074000001
vt 0.914399981 0.00499999989
vt 0.994799972 0.0175000001
vt 0.147100002 0.68779999
vt 0.0579000004 0.561600029
vt 0.0772999972 0.679400027
vt 0.134200007 0.565599978
vt 0.0513000004 0.469799995
vt 0.131300002 0.475899994
vt 0.057 0.676900029
vt 0.0339000002 0.560500026
vt 0.0295000002 0.44659999
vt 0.0299999993 0.67900002
vt 0.0055999998 0.56099999
vt 0.00230000005 0.44659999
vt 0.00710000005 0.430000007
vt 0.0245999992 0.423700005
vt 0.129500002 0.448500007
vt 0.107699998 0.425399989
vt 0.130400002 0.421999991
vt 0.203400001 0.559000015
vt 0.200800002 0.699500024
vt 0.197300002 0.44600001
vt 0.230599999 0.400900006
vt 0.214499995 0.374900013
vt 0.232099995 0.556800008
vt 0.230100006 0.370400012
vt 0.245700002 0.37470001
vt 0.324699998 0.415600002
vt 0.330000013 0.443399996
vt 0.348100007 0.418199986
vt 0.263300002 0.448300004
vt 0.327699989 0.467400014
vt 0.399300009 0.464899987
vt 0.419999987 0.438300014
vt 0.427100003 0.415399998
vt 0.442200005 0.4199
vt 0.44569999 0.430599988
vt 0.419400007 0.561399996
vt 0.444499999 0.555199981
vt 0.395900011 0.563499987
vt 0.256799996 0.557699978
vt 0.324499995 0.560800016
vt 0.391299993 0.675700009
vt 0.335000008 0.689499974
vt 0.443599999 0.666899979
vt 0.416299999 0.671000004
vt 0.2667 0.700800002
vt 0.232800007 0.704200029
vt 0.833299994 0.166199997
vt 0.787699997 0.107600003
vt 0.814999998 0.167300001
vt 0.848699987 0.1074
vt 0.852199972 0.0502000004
vt 0.842199981 0.0405000001
vt 0.800700009 0.0414000005
vt 0.790499985 0.0390000008
vt 0.745800018 0.103699997
vt 0.779600024 0.169100001
vt 0.745999992 0.174899995
vt 0.75029999 0.0114000002
vt 0.704400003 0.173299998
vt 0.705299973 0.107600003
vt 0.700500011 0.0384000018
vt 0.736599982 0.0120000001
vt 0.743300021 0.00879999995
vt 0.690699995 0.0410999991
vt 0.651499987 0.0406999998
vt 0.64380002 0.0471000001
vt 0.644699991 0.0423999988
vt 0.650099993 0.109700002
vt 0.676999986 0.169200003
vt 0.656000018 0.166099995
vt 0.704400003 0.173299998
vt 0.850499988 0.0427000001
vt 0.67019999 0.625699997
vt 0.636600018 0.641900003
vt 0.670000017 0.630699992
vt 0.687699974 0.620800018
vt 0.679899991 0.632000029
vt 0.636600018 0.641900003
vt 0.636300027 0.634599984
vt 0.609899998 0.638300002
vt 0.603799999 0.62650001
vt 0.595000029 0.640100002
vt 0.591300011 0.624599993
vt 0.609899998 0.638300002
vt 0.57160002 0.596199989
vt 0.578700006 0.594200015
vt 0.581499994 0.566900015
vt 0.575900018 0.567300022
vt 0.573000014 0.554799974
vt 0.583700001 0.545799971
vt 0.0428000018 0.339100003
vt 0.0216000006 0.233199999
vt 0.0200999994 0.333400011
vt 0.0467999987 0.233899996
vt 0.0366999991 0.104500003
vt 0.0588999987 0.117600001
vt 0.0458000004 0.0964000002
vt 0.137999997 0.1021
vt 0.150600001 0.122000001
vt 0.155900002 0.0974999964
vt 0.228400007 0.0582999997
vt 0.242500007 0.0816999972
vt 0.241799995 0.0542000011
vt 0.258100003 0.0579000004
vt 0.333499998 0.120999999
vt 0.330199987 0.0944000036
vt 0.344000012 0.0973000005
vt 0.428200006 0.0925000012
vt 0.416599989 0.115500003
vt 0.43900001 0.100599997
vt 0.0754999965 0.137999997
vt 0.152400002 0.148000002
vt 0.214100003 0.122299999
vt 0.2403 0.223299995
vt 0.212799996 0.227899998
vt 0.0710000023 0.2359
vt 0.139699996 0.238900006
vt 0.0670000017 0.340200007
vt 0.210600004 0.354400009
vt 0.242799997 0.359600008
vt 0.135399997 0.349999994
vt 0.445199996 0.223100007
vt 0.271600008 0.354799986
vt 0.268700004 0.225999996
vt 0.274399996 0.124499999
vt 0.332100004 0.143000007
vt 0.397300005 0.138099998
vt 0.421499997 0.225199997
vt 0.425999999 0.33160001
vt 0.449699998 0.325300008
vt 0.32980001 0.230199993
vt 0.397899985 0.233400002
vt 0.400099993 0.333099991
vt 0.337199986 0.346300006
vt 0.636200011 0.0441000015
vt 0.585399985 0.108499996
vt 0.640399992 0.108999997
vt 0.632499993 0.0408000015
vt 0.586300015 0.0428000018
vt 0.578700006 0.0399999991
vt 0.544700027 0.0163000003
vt 0.539699972 0.100900002
vt 0.538699985 0.0138999997
vt 0.531199992 0.0164999999
vt 0.500800014 0.104599997
vt 0.497999996 0.0394000001
vt 0.492900014 0.0412000008
vt 0.451200008 0.0397999994
vt 0.446700007 0.0432000011
vt 0.539600015 0.166999996
vt 0.585900009 0.164800003
vt 0.638999999 0.159600005
vt 0.448000014 0.104999997
vt 0.49939999 0.163800001
vt 0.448300004 0.156900004
vt 0.49939999 0.163800001
vt 0.703100026 0.621599972
vt 0.709599972 0.611800015
vt 0.691399992 0.618600011
vt 0.656799972 0.617900014
vt 0.657000005 0.625100017
vt 0.619300008 0.620899975
vt 0.611100018 0.611599982
vt 0.691399992 0.618600011
vt 0.603500009 0.621399999
vt 0.599399984 0.60799998
vt 0.585699975 0.577600002
vt 0.619300008 0.620899975
vt 0.585699975 0.577600002
vt 0.592800021 0.575999975
vt 0.585600019 0.5449
vt 0.591199994 0.524600029
vt 0.581499994 0.532500029
vt 0.864000022 0.587400019
vt 0.972800016 0.596099973
vt 0.990100026 0.573300004
vt 0.867500007 0.608500004
vt 0.759500027 0.612500012
vt 0.74180001 0.594500005
vt 0.753400028 0.618099988
vt 0.735499978 0.600300014
vt 0.744199991 0.783800006
vt 0.717899978 0.783699989
vt 0.859399974 0.775300026
vt 0.978200018 0.765900016
vt 0.978200018 0.600799978
vt 0.995500028 0.578100026
vt 0.996500015 0.762399971
vt 0.852599978 0.912599981
vt 0.767499983 0.980300009
vt 0.858399987 0.986999989
vt 0.76639998 0.905499995
vt 0.763400018 0.836000025
vt 0.746900022 0.821200013
vt 0.751399994 0.898899972
vt 0.844600022 0.831799984
vt 0.768400013 0.830299973
vt 0.751800001 0.815400004
vt 0.844200015 0.815800011
vt 0.922500014 0.825299978
vt 0.936100006 0.808200002
vt 0.752200007 0.98150003
vt 0.93779999 0.904900014
vt 0.950800002 0.984799981
vt 0.970300019 0.986599982
vt 0.954299986 0.897300005
vt 0.942200005 0.813499987
vt 0.928499997 0.83069998
vt 0.935899973 0.493299991
vt 0.987999976 0.489499986
vt 0.930899978 0.569800019
vt 0.885500014 0.494399995
vt 0.8829 0.496699989
vt 0.872799993 0.57190001
vt 0.990199983 0.49149999
vt 0.987800002 0.567399979
vt 0.961399972 0.395500004
vt 0.996900022 0.439599991
vt 0.995100021 0.395999998
vt 0.966600001 0.437099993
vt 0.929700017 0.3935
vt 0.927399993 0.395500004
vt 0.996800005 0.485100001
vt 0.960399985 0.478300005
vt 0.924000025 0.470699996
vt 0.927299976 0.433200002
vt 0.926199973 0.473199993
vt 0.507000029 0.602599978
vt 0.526899993 0.528800011
vt 0.564800024 0.541599989
vt 0.582499981 0.492700011
vt 0.504700005 0.502200007
vt 0.504700005 0.502200007
vt 0.538600028 0.421000004
vt 0.504700005 0.502200007
vt 0.512799978 0.422399998
vt 0.527800024 0.370000005
vt 0.507000029 0.602599978
vt 0.494199991 0.516099989
vt 0.473500013 0.593500018
vt 0.452100009 0.399899989
vt 0.491899997 0.450599998
vt 0.473199993 0.370700002
vt 0.527800024 0.370000005
vt 0.512799978 0.422399998
vt 0.576699972 0.259000003
vt 0.565500021 0.234899998
vt 0.545099974 0.217299998
vt 0.55400002 0.201100007
vt 0.565500021 0.234899998
vt 0.444900006 0.348500013
vt 0.721499979 0.334800005
vt 0.595899999 0.237000003
vt 0.622399986 0.214699998
vt 0.694199979 0.360900015
vt 0.641600013 0.42750001
vt 0.621999979 0.356999993
vt 0.595899999 0.237000003
vt 0.584999979 0.262800008
vt 0.613699973 0.200499997
vt 0.664499998 0.452800006
vt 0.718299985 0.390199989
vt 0.641600013 0.42750001
vt 0.621999979 0.356999993
vt 0.623399973 0.425199986
vt 0.653900027 0.507200003
vt 0.605000019 0.752300024
vt 0.691699982 0.776000023
vt 0.559400022 0.779900014
vt 0.542500019 0.741999984
vt 0.70599997 0.761200011
vt 0.654600024 0.803799987
vt 0.560199976 0.817499995
vt 0.484100014 0.753600001
vt 0.4912 0.811699986
vt 0.382400006 0.857900023
vt 0.442000002 0.887399971
vt 0.493499994 0.889500022
vt 0.64289999 0.843599975
vt 0.678499997 0.819000006
vt 0.691600025 0.902899981
vt 0.717800021 0.891200006
vt 0.691600025 0.902899981
vt 0.568000019 0.880500019
vt 0.532100022 0.962100029
vt 0.596700013 0.93690002
vt 0.532100022 0.962100029
vt 0.450100005 0.986299992
vt 0.382800013 0.980199993
vt 0.450100005 0.986299992
vt 0.317999989 0.986999989
vt 0.382400006 0.857900023
vt 0.382800013 0.980199993
vt 0.382400006 0.857900023
vt 0.324000001 0.891799986
vt 0.275200009 0.745500028
vt 0.264299989 0.815999985
vt 0.256700009 0.898000002
vt 0.228200004 0.971000016
vt 0.317999989 0.986999989
vt 0.169200003 0.876699984
vt 0.193499997 0.818599999
vt 0.0995000005 0.814700007
vt 0.115099996 0.851100028
vt 0.0653000027 0.792699993
vt 0.0785000026 0.833999991
vt 0.0626000017 0.916000009
vt 0.0359999985 0.910099983
vt 0.0626000017 0.916000009
vt 0.178299993 0.950600028
vt 0.178299993 0.950600028
vt 0.191799998 0.785700023
vt 0.0480999984 0.775399983
vt 0.209900007 0.745700002
vt 0.149900004 0.761600018
vt 0.0480999984 0.775399983
vt 0.267399997 0.717499971
vt 0.3847 0.754599988
vt 0.382400006 0.857900023
vt 0.346300006 0.703299999
vt 0.387499988 0.682200015
vt 0.488099992 0.718599975
vt 0.42719999 0.70660001
vt 0.0653000027 0.792699993
vt 0.00829999987 0.931699991
vt 0.0359999985 0.910099983
vt 0.452300012 0.522400022
vt 0.478399992 0.569100022
vt 0.445100009 0.558099985
vt 0.486600012 0.535399973
vt 0.470200002 0.4463
vt 0.486600012 0.535399973
vt 0.486600012 0.535399973
vt 0.503600001 0.456999987
vt 0.717800021 0.891200006
vt 0.691699982 0.776000023
vt 0.746599972 0.918799996
vt 0.700200021 0.586700022
vt 0.8671 0.560199976
vt 0.71509999 0.594099998
vt 0.761300027 0.513499975
vt 0.870400012 0.477999985
vt 0.761300027 0.513499975
vt 0.791100025 0.442799985
vt 0.800300002 0.373899996
vt 0.925199986 0.386900008
vt 0.800300002 0.373899996
vt 0.925800025 0.421000004
vt 0.915099978 0.315899998
vt 0.992200017 0.337700009
vt 0.902400017 0.281699985
vt 0.832400024 0.246900007
vt 0.769500017 0.308400005
vt 0.728699982 0.264699996
vt 0.805700004 0.188899994
vt 0.728699982 0.264699996
vt 0.641200006 0.202800006
vt 0.628700018 0.216499999
vt 0.650699973 0.462599993
vt 0.710099995 0.521799982
vt 0.677999973 0.538399994
vt 0.681400001 0.44780001
vt 0.710099995 0.521799982
vt 0.690800011 0.569700003
vt 0.72240001 0.55369997
vt 0.657400012 0.607299984
vt 0.664900005 0.518299997
vt 0.690599978 0.59740001
vt 0.657400012 0.607299984
vt 0.633400023 0.534300029
vt 0.583999991 0.4921
vt 0.653900027 0.507200003
vt 0.602800012 0.54339999
vt 0.657400012 0.607299984
vt 0.623399973 0.425199986
vt 0.99180001 0.215299994
vt 0.888000011 0.205899999
vt 0.989899993 0.176300004
vt 0.902199984 0.232099995
vt 0.996399999 0.263599992
vt 0.99180001 0.215299994
vt 0.916299999 0.279199988
vt 0.870299995 0.186499998
vt 0.989899993 0.176300004
vt 0.990999997 0.141200006
vt 0.85710001 0.161899999
vt 0.855199993 0.133499995
vt 0.840399981 0.148499995
vt 0.865400016 0.0987000018
vt 0.989799976 0.104800001
vt 0.884599984 0.0785000026
vt 0.899299979 0.053199999
vt 0.9903 0.074000001
vt 0.989799976 0.104800001
vt 0.914399981 0.00499999989
vt 0.9903 0.074000001
vt 0.994799972 0.0175000001
vt 0.0579000004 0.561600029
vt 0.147100002 0.68779999
vt 0.0772999972 0.679400027
vt 0.134200007 0.565599978
vt 0.131300002 0.475899994
vt 0.0513000004 0.469799995
vt 0.057 0.676900029
vt 0.0339000002 0.560500026
vt 0.0295000002 0.44659999
vt 0.0299999993 0.67900002
vt 0.0055999998 0.56099999
vt 0.00230000005 0.44659999
vt 0.00710000005 0.430000007
vt 0.0245999992 0.423700005
vt 0.129500002 0.448500007
vt 0.107699998 0.425399989
vt 0.130400002 0.421999991
vt 0.200800002 0.699500024
vt 0.203400001 0.559000015
vt 0.197300002 0.44600001
vt 0.230599999 0.400900006
vt 0.214499995 0.374900013
vt 0.232099995 0.556800008
vt 0.230100006 0.370400012
vt 0.245700002 0.37470001
vt 0.330000013 0.443399996
vt 0.324699998 0.415600002
vt 0.348100007 0.418199986
vt 0.263300002 0.448300004
vt 0.327699989 0.467400014
vt 0.419999987 0.438300014
vt 0.399300009 0.464899987
vt 0.427100003 0.415399998
vt 0.442200005 0.4199
vt 0.44569999 0.430599988
vt 0.419400007 0.561399996
vt 0.444499999 0.555199981
vt 0.395900011 0.563499987
vt 0.324499995 0.560800016
vt 0.256799996 0.557699978
vt 0.335000008 0.689499974
vt 0.391299993 0.675700009
vt 0.416299999 0.671000004
vt 0.443599999 0.666899979
vt 0.232800007 0.704200029
vt 0.2667 0.700800002
vt 0.814999998 0.167300001
vt 0.848699987 0.1074
vt 0.833299994 0.166199997
vt 0.787699997 0.107600003
vt 0.852199972 0.0502000004
vt 0.842199981 0.0405000001
vt 0.800700009 0.0414000005
vt 0.790499985 0.0390000008
vt 0.745800018 0.103699997
vt 0.779600024 0.169100001
vt 0.745999992 0.174899995
vt 0.75029999 0.0114000002
vt 0.704400003 0.173299998
vt 0.705299973 0.107600003
vt 0.700500011 0.0384000018
vt 0.736599982 0.0120000001
vt 0.743300021 0.00879999995
vt 0.690699995 0.0410999991
vt 0.651499987 0.0406999998
vt 0.64380002 0.0471000001
vt 0.644699991 0.0423999988
vt 0.650099993 0.109700002
vt 0.676999986 0.169200003
vt 0.656000018 0.166099995
vt 0.704400003 0.173299998
vt 0.850499988 0.0427000001
vt 0.636600018 0.641900003
vt 0.67019999 0.625699997
vt 0.670000017 0.630699992
vt 0.687699974 0.620800018
vt 0.679899991 0.632000029
vt 0.636600018 0.641900003
vt 0.636300027 0.634599984
vt 0.603799999 0.62650001
vt 0.609899998 0.638300002
vt 0.595000029 0.640100002
vt 0.591300011 0.624599993
vt 0.57160002 0.596199989
vt 0.57160002 0.596199989
vt 0.578700006 0.594200015
vt 0.581499994 0.566900015
vt 0.575900018 0.567300022
vt 0.583700001 0.545799971
vt 0.573000014 0.554799974
vt 0.0216000006 0.233199999
vt 0.0428000018 0.339100003
vt 0.0200999994 0.333400011
vt 0.0467999987 0.233899996
vt 0.0588999987 0.117600001
vt 0.0366999991 0.104500003
vt 0.0458000004 0.0964000002
vt 0.137999997 0.1021
vt 0.150600001 0.122000001
vt 0.155900002 0.0974999964
vt 0.242500007 0.0816999972
vt 0.228400007 0.0582999997
vt 0.241799995 0.0542000011
vt 0.258100003 0.0579000004
vt 0.330199987 0.0944000036
vt 0.333499998 0.120999999
vt 0.344000012 0.0973000005
vt 0.416599989 0.115500003
vt 0.428200006 0.0925000012
vt 0.43900001 0.100599997
vt 0.0754999965 0.137999997
vt 0.152400002 0.148000002
vt 0.214100003 0.122299999
vt 0.0710000023 0.2359
vt 0.212799996 0.227899998
vt 0.139699996 0.238900006
vt 0.0670000017 0.340200007
vt 0.210600004 0.354400009
vt 0.242799997 0.359600008
vt 0.2403 0.223299995
vt 0.135399997 0.349999994
vt 0.274399996 0.124499999
vt 0.332100004 0.143000007
vt 0.397300005 0.138099998
vt 0.268700004 0.225999996
vt 0.32980001 0.230199993
vt 0.397899985 0.233400002
vt 0.421499997 0.225199997
vt 0.445199996 0.223100007
vt 0.449699998 0.325300008
vt 0.425999999 0.33160001
vt 0.400099993 0.333099991
vt 0.337199986 0.346300006
vt 0.271600008 0.354799986
vt 0.636200011 0.0441000015
vt 0.640399992 0.108999997
vt 0.585399985 0.108499996
vt 0.632499993 0.0408000015
vt 0.586300015 0.0428000018
vt 0.578700006 0.0399999991
vt 0.539699972 0.100900002
vt 0.544700027 0.0163000003
vt 0.538699985 0.0138999997
vt 0.531199992 0.0164999999
vt 0.497999996 0.0394000001
vt 0.500800014 0.104599997
vt 0.492900014 0.0412000008
vt 0.451200008 0.0397999994
vt 0.446700007 0.0432000011
vt 0.585900009 0.164800003
vt 0.539600015 0.166999996
vt 0.638999999 0.159600005
vt 0.448000014 0.104999997
vt 0.49939999 0.163800001
vt 0.448300004 0.156900004
vt 0.49939999 0.163800001
vt 0.703100026 0.621599972
vt 0.691399992 0.618600011
vt 0.709599972 0.611800015
vt 0.657000005 0.625100017
vt 0.656799972 0.617900014
vt 0.611100018 0.611599982
vt 0.619300008 0.620899975
vt 0.691399992 0.618600011
vt 0.603500009 0.621399999
vt 0.599399984 0.60799998
vt 0.592800021 0.575999975
vt 0.619300008 0.620899975
vt 0.592800021 0.575999975
vt 0.585699975 0.577600002
vt 0.585600019 0.5449
vt 0.585600019 0.5449
vt 0.591199994 0.524600029
vt 0.581499994 0.532500029
vt 0.972800016 0.596099973
vt 0.864000022 0.587400019
vt 0.990100026 0.573300004
vt 0.867500007 0.608500004
vt 0.759500027 0.612500012
vt 0.74180001 0.594500005
vt 0.753400028 0.618099988
vt 0.735499978 0.600300014
vt 0.717899978 0.783699989
vt 0.744199991 0.783800006
vt 0.859399974 0.775300026
vt 0.978200018 0.600799978
vt 0.978200018 0.765900016
vt 0.995500028 0.578100026
vt 0.996500015 0.762399971
vt 0.852599978 0.912599981
vt 0.767499983 0.980300009
vt 0.76639998 0.905499995
vt 0.858399987 0.986999989
vt 0.763400018 0.836000025
vt 0.751399994 0.898899972
vt 0.746900022 0.821200013
vt 0.768400013 0.830299973
vt 0.844600022 0.831799984
vt 0.751800001 0.815400004
vt 0.844200015 0.815800011
vt 0.922500014 0.825299978
vt 0.936100006 0.808200002
vt 0.752200007 0.98150003
vt 0.93779999 0.904900014
vt 0.950800002 0.984799981
vt 0.970300019 0.986599982
vt 0.954299986 0.897300005
vt 0.942200005 0.813499987
vt 0.928499997 0.83069998
vt 0.935899973 0.493299991
vt 0.930899978 0.569800019
vt 0.987999976 0.489499986
vt 0.885500014 0.494399995
vt 0.8829 0.496699989
vt 0.872799993 0.57190001
vt 0.990199983 0.49149999
vt 0.987800002 0.567399979
vt 0.966600001 0.437099993
vt 0.995100021 0.395999998
vt 0.996900022 0.439599991
vt 0.961399972 0.395500004
vt 0.927399993 0.395500004
vt 0.929700017 0.3935
vt 0.996800005 0.485100001
vt 0.960399985 0.478300005
vt 0.924000025 0.470699996
vt 0.927299976 0.433200002
vt 0.926199973 0.473199993
vt 0.533699989 0.71450001
vt 0.538900018 0.615199983
vt 0.565699995 0.624199986
vt 0.537800014 0.612299979
vt 0.566500008 0.622300029
vt 0.533699989 0.71450001
vt 0.617699981 0.690299988
vt 0.566500008 0.622300029
vt 0.617699981 0.690299988
vt 0.622900009 0.693000019
vt 0.540499985 0.608200014
vt 0.569899976 0.618300021
vt 0.627499998 0.692700028
vt 0.533500016 0.714299977
vt 0.505599976 0.623199999
vt 0.531700015 0.614799976
vt 0.505200028 0.621800005
vt 0.450399995 0.68720001
vt 0.533500016 0.714299977
vt 0.450399995 0.68720001
vt 0.505200028 0.621800005
vt 0.532899976 0.611999989
vt 0.444999993 0.689700007
vt 0.530399978 0.607900023
vt 0.500699997 0.616900027
vt 0.444999993 0.689700007
vt 0.440499991 0.689199984
vn 0.701436162 0.02287554 0.71236515
vn 0.999225974 -0.00157233095 0.0393059142
vn 0.90283227 -0.333892196 0.270942658
vn 0.701755881 -0.514661133 0.49260813
vn 0.73103267 -0.383362293 0.564468324
vn 0.825776517 -0.262634665 0.499115348
vn 0.73103267 -0.383362293 0.564468324
vn 0.73103267 -0.383362293 0.564468324
vn 0.835431755 -0.245032609 0.491947979
vn 0.908943117 -0.268552482 0.31890741
vn -0.379847109 -0.0218702238 0.92479068
vn 0.701436162 0.02287554 0.71236515
vn -0.773889661 -0.321423173 0.545693934
vn -0.4643628 -0.657014489 0.593884706
vn -0.796365321 -0.452844262 0.400916845
vn 0.769288838 -0.427732289 0.474594384
vn 0.835431755 -0.245032609 0.491947979
vn 0.908943117 -0.268552482 0.31890741
vn 0.682297349 -0.561799705 0.467815459
vn 0.168778986 -0.98530978 -0.0260438565
vn -0.672373235 -0.0359303579 -0.739339828
vn -0.628115654 -0.770133197 -0.111201011
vn -0.4643628 -0.657014489 0.593884706
vn 0.168778986 -0.98530978 -0.0260438565
vn 0.198741257 0.979931116 -0.015391754
vn -0.480578363 0.649690807 0.589021564
vn -0.659453213 0.744190037 -0.106314719
vn 0.737172365 0.459086746 0.495798558
vn 0.887827218 0.379434854 0.260368854
vn 0.863105774 0.225353748 0.451955855
vn 0.198741257 0.979931116 -0.015391754
vn 0.734561026 0.465540022 0.493652403
vn -0.668744922 0.0394642241 -0.74244386
vn 0.863105774 0.225353748 0.451955855
vn -0.480578363 0.649690807 0.589021564
vn 0.887827218 0.379434854 0.260368854
vn 0.82333988 0.288008124 0.489042819
vn 0.699540794 0.501853228 0.508710206
vn 0.746215582 0.36458388 0.556992769
vn 0.900635481 0.338341087 0.27272892
vn 0.999225974 -0.00157233095 0.0393059142
vn 0.701436162 0.02287554 0.71236515
vn -0.480578363 0.649690807 0.589021564
vn -0.777472496 0.363046438 0.513550162
vn 0.796038687 -0.247897208 -0.552149773
vn 0.173373893 0.816810191 0.550238669
vn 0.387924254 0.921459913 0.0206473451
vn 0.67605716 0.105628356 -0.729238927
vn 0.445272684 0.0131976465 -0.895297766
vn -0.0772728324 0.733050466 0.675770581
vn -0.109421656 0.699723423 0.705984354
vn 0.547625899 0.694883347 0.466093391
vn -0.201123774 0.701563418 0.683635771
vn -0.0717885122 0.768045723 0.63635838
vn 0.0171942785 -0.000188820137 0.99985218
vn 0.223220661 0.550767839 0.804255664
vn 0.152406633 0.786150038 0.598949313
vn 0.0534654297 0.877471864 0.476638973
vn -0.111777149 0.72374177 0.680957854
vn 0.198741257 0.979931116 -0.015391754
vn 0.734561026 0.465540022 0.493652403
vn 0.734561026 0.465540022 0.493652403
vn 0.82333988 0.288008124 0.489042819
vn 0.887827218 0.379434854 0.260368854
vn 0.999225974 -0.00157233095 0.0393059142
vn 0.699540794 0.501853228 0.508710206
vn 0.699540794 0.501853228 0.508710206
vn 0.762331963 0.0852734447 0.641543746
vn 0.0171942785 -0.000188820137 0.99985218
vn 0.582581222 -0.670590222 0.459247142
vn 0.756375611 -0.261960417 -0.599393547
vn 0.673266232 -0.20272848 -0.711065173
vn 0.643090487 -0.105313696 -0.758514106
vn 0.113292575 -0.811626017 0.573086321
vn 0.824104369 0.180081591 -0.537049949
vn 0.508230627 -0.111728862 -0.853942811
vn -0.141187742 -0.651729465 0.745194316
vn -0.209157035 -0.600050747 0.77213496
vn 0.217420176 -0.803496897 0.554185152
vn 0.264829427 -0.553900957 0.789340973
vn -0.00961634703 -0.782852173 0.622133374
vn 0.825776517 -0.262634665 0.499115348
vn 0.701755881 -0.514661133 0.49260813
vn -0.0777169839 -0.713623822 0.696204841
vn 0.021933049 -0.907325685 0.419855803
vn 0.317193955 -0.939323545 0.130611077
vn -0.130793899 -0.704741299 0.697303891
vn 0.682297349 -0.561799705 0.467815459
vn 0.168778986 -0.98530978 -0.0260438565
vn 0.682297349 -0.561799705 0.467815459
vn 0.908943117 -0.268552482 0.31890741
vn 0.908943117 -0.268552482 0.31890741
vn 0.0171942785 -0.000188820137 0.99985218
vn 0.999225974 -0.00157233095 0.0393059142
vn 0.701755881 -0.514661133 0.49260813
vn 0.0171942785 -0.000188820137 0.99985218
vn 0.508230627 -0.111728862 -0.853942811
vn 0.168778986 -0.98530978 -0.0260438565
vn 0.168778986 -0.98530978 -0.0260438565
vn -0.672373235 -0.0359303579 -0.739339828
vn 0.950596035 0.0585359633 -0.304861724
vn 0.669119239 0.539424658 -0.511175692
vn 0.728998542 0.162510991 -0.664944589
vn 0.73103267 -0.383362293 0.564468324
vn -0.773889661 -0.321423173 0.545693934
vn 0.90283227 -0.333892196 0.270942658
vn -0.574641228 -0.417441279 0.703939199
vn 0.73103267 -0.383362293 0.564468324
vn -0.796365321 -0.452844262 0.400916845
vn 0.73103267 -0.383362293 0.564468324
vn 0.835431755 -0.245032609 0.491947979
vn -0.668744922 0.0394642241 -0.74244386
vn 0.387924254 0.921459913 0.0206473451
vn 0.198741257 0.979931116 -0.015391754
vn -0.659453213 0.744190037 -0.106314719
vn -0.767411411 -0.387414813 -0.510871351
vn -0.668744922 0.0394642241 -0.74244386
vn -0.480578363 0.649690807 0.589021564
vn -0.777472496 0.363046438 0.513550162
vn -0.767411411 -0.387414813 -0.510871351
vn -0.699486494 -0.288828492 -0.653679371
vn -0.782978237 0.000533422979 -0.622048914
vn -0.7822662 0.292945564 0.549765944
vn -0.782978237 0.000533422979 -0.622048914
vn -0.773889661 -0.321423173 0.545693934
vn -0.379847109 -0.0218702238 0.92479068
vn -0.574641228 -0.417441279 0.703939199
vn -0.796365321 -0.452844262 0.400916845
vn -0.726746023 0.223946929 -0.649375081
vn -0.4643628 -0.657014489 0.593884706
vn -0.777472496 0.363046438 0.513550162
vn -0.539594293 0.419871628 0.729757428
vn -0.628115654 -0.770133197 -0.111201011
vn -0.80074805 0.413045615 -0.43381542
vn -0.672373235 -0.0359303579 -0.739339828
vn -0.726746023 0.223946929 -0.649375081
vn 0.746215582 0.36458388 0.556992769
vn -0.777472496 0.363046438 0.513550162
vn 0.863105774 0.225353748 0.451955855
vn 0.746215582 0.36458388 0.556992769
vn -0.539594293 0.419871628 0.729757428
vn -0.7822662 0.292945564 0.549765944
vn -0.539594293 0.419871628 0.729757428
vn 0.900635481 0.338341087 0.27272892
vn 0.900635481 0.338341087 0.27272892
vn -0.379847109 -0.0218702238 0.92479068
vn -0.7822662 0.292945564 0.549765944
vn 0.900635481 0.338341087 0.27272892
vn 0.701436162 0.02287554 0.71236515
vn 0.796038687 -0.247897208 -0.552149773
vn -0.699486494 -0.288828492 -0.653679371
vn 0.67605716 0.105628356 -0.729238927
vn -0.699486494 -0.288828492 -0.653679371
vn -0.767411411 -0.387414813 -0.510871351
vn -0.668744922 0.0394642241 -0.74244386
vn 0.445272684 0.0131976465 -0.895297766
vn 0.728998542 0.162510991 -0.664944589
vn 0.669119239 0.539424658 -0.511175692
vn -0.782978237 0.000533422979 -0.622048914
vn 0.756375611 -0.261960417 -0.599393547
vn 0.950596035 0.0585359633 -0.304861724
vn -0.726746023 0.223946929 -0.649375081
vn 0.673266232 -0.20272848 -0.711065173
vn 0.643090487 -0.105313696 -0.758514106
vn -0.726746023 0.223946929 -0.649375081
vn 0.824104369 0.180081591 -0.537049949
vn -0.80074805 0.413045615 -0.43381542
vn 0.508230627 -0.111728862 -0.853942811
vn -0.672373235 -0.0359303579 -0.739339828
vn -0.367113918 -0.51708287 0.773209393
vn 0.434901506 -0.586742818 0.683076501
vn -0.417053074 -0.528722227 0.739269555
vn 0.398890644 -0.622543275 0.673294961
vn 0.346697569 -0.64761132 0.67852807
vn 0.331020147 -0.593322694 0.733753204
vn -0.344136387 -0.625513732 0.700216174
vn 0.268132269 -0.840672612 0.470504582
vn 0.555202842 -0.820917904 0.133579865
vn -0.871811867 -0.245279342 -0.424007118
vn -0.517367959 -0.469985694 -0.715153039
vn -0.358769357 -0.370794117 -0.856619
vn 0.137776494 -0.0810575336 -0.987141013
vn 0.566181839 0.319663644 -0.759771824
vn 0.478316396 -0.587637722 0.652606606
vn 0.708624184 0.292197347 -0.642240226
vn 0.594855428 -0.085275434 -0.799296677
vn 0.438756168 -0.538702309 0.719230711
vn -0.478803664 -0.488548875 0.729429245
vn 0.501143873 -0.468802392 0.727378249
vn 0.702816904 0.0367864668 0.710419118
vn 0.562232316 -0.584774017 -0.584751487
vn 0.497365385 0.0247063432 0.867189288
vn 0.904733956 0.077878274 -0.418797612
vn 0.472791344 0.638703763 -0.607063293
vn 0.597268939 0.163166642 -0.785268366
vn 0.346138716 0.698608756 0.626205862
vn 0.741174579 -0.150472179 -0.654231071
vn 0.413620412 0.481702358 0.772580802
vn 0.1745231 0.638560891 0.749520957
vn 0.234977871 0.721610069 0.651202142
vn 0.37774685 0.920163393 0.102988608
vn 0.674263418 -0.235165253 -0.700047255
vn 0.165094227 0.0362442508 -0.985611558
vn -0.367908388 0.222722635 -0.90279454
vn 0.136988595 0.933374405 0.331732541
vn -0.540320814 0.222741261 -0.811443031
vn 0.33627069 0.713694394 0.614461005
vn 0.382220507 0.579869151 0.719485283
vn 0.344600797 0.68469137 0.642221034
vn -0.484126985 0.567838609 0.665718019
vn -0.367577881 0.519302428 0.771499455
vn -0.837601721 0.0880127251 -0.539144933
vn -0.469342798 0.72422868 0.50518328
vn -0.57029736 0.329241425 0.752569675
vn -0.288489431 -0.033291366 0.956904113
vn -0.871811867 -0.245279342 -0.424007118
vn -0.383555353 0.58533591 -0.714329839
vn -0.899521589 0.420078605 -0.11997848
vn -0.517367959 -0.469985694 -0.715153039
vn -0.358769357 -0.370794117 -0.856619
vn 0.566181839 0.319663644 -0.759771824
vn 0.708624184 0.292197347 -0.642240226
vn 0.594855428 -0.085275434 -0.799296677
vn -0.457976937 -0.00228339247 -0.888961136
vn -0.922064781 0.265391767 -0.281715602
vn -0.945358992 -0.0742719471 -0.31745863
vn 0.562232316 -0.584774017 -0.584751487
vn -0.934729695 -0.329875141 -0.132146984
vn -0.342147678 -0.638153672 -0.689706326
vn 0.597268939 0.163166642 -0.785268366
vn 0.472791344 0.638703763 -0.607063293
vn 0.904733956 0.077878274 -0.418797612
vn 0.741174579 -0.150472179 -0.654231071
vn 0.674263418 -0.235165253 -0.700047255
vn -0.367908388 0.222722635 -0.90279454
vn 0.165094227 0.0362442508 -0.985611558
vn -0.540320814 0.222741261 -0.811443031
vn -0.828680456 -0.551500022 -0.0955847129
vn -0.837601721 0.0880127251 -0.539144933
vn -0.934729695 -0.329875141 -0.132146984
vn 0.137776494 -0.0810575336 -0.987141013
vn -0.899521589 0.420078605 -0.11997848
vn -0.367113918 -0.51708287 0.773209393
vn -0.417053074 -0.528722227 0.739269555
vn -0.871811867 -0.245279342 -0.424007118
vn -0.344136387 -0.625513732 0.700216174
vn -0.367113918 -0.51708287 0.773209393
vn -0.922064781 0.265391767 -0.281715602
vn -0.478803664 -0.488548875 0.729429245
vn -0.945358992 -0.0742719471 -0.31745863
vn -0.288489431 -0.033291366 0.956904113
vn -0.57029736 0.329241425 0.752569675
vn -0.478803664 -0.488548875 0.729429245
vn -0.367577881 0.519302428 0.771499455
vn -0.934729695 -0.329875141 -0.132146984
vn -0.828680456 -0.551500022 -0.0955847129
vn -0.484126985 0.567838609 0.665718019
vn -0.469342798 0.72422868 0.50518328
vn -0.837601721 0.0880127251 -0.539144933
vn -0.283272117 -0.634353518 0.719272196
vn -0.538545907 -0.436969191 -0.720434725
vn -0.840139151 -0.402429581 -0.36361596
vn 0.414367467 -0.840625465 0.348781437
vn -0.205412522 -0.290577769 -0.934542716
vn 0.585192919 -0.809903145 0.0400769301
vn 0.342821985 0.141517073 -0.928679705
vn 0.571331859 0.195707887 -0.797043502
vn 0.539717853 -0.606791556 0.583531141
vn 0.312464833 -0.232981786 -0.920915484
vn 0.543639839 -0.355849087 -0.760149479
vn 0.775677145 0.0274869073 0.630531013
vn 0.73112464 -0.0169311278 -0.682033837
vn 0.532863677 0.354274958 -0.768469691
vn 0.417683214 0.704805136 0.573402643
vn 0.335715473 0.225969553 -0.914457619
vn 0.61518085 -0.0964867994 -0.782459497
vn 0.462653935 -0.144033119 -0.874760449
vn 0.428282559 0.903542638 0.0135964984
vn -0.200799689 0.182175979 -0.962544262
vn 0.462163895 -0.636637509 0.61733073
vn 0.436668038 -0.559033453 0.704842269
vn 0.552511096 -0.48628372 0.676948667
vn 0.630173266 -0.0163485743 0.77628237
vn 0.537682712 -0.533152342 0.653181255
vn 0.55930835 -0.560055614 0.611156166
vn 0.520901442 -0.583713949 0.622848094
vn -0.317276835 -0.409286052 0.855465055
vn -0.24426356 -0.427783519 0.87025094
vn -0.126949593 -0.00987064373 0.991860092
vn -0.248495683 -0.457067609 0.854013562
vn -0.594481349 0.266147971 -0.758786678
vn -0.298196346 0.416150719 0.859009624
vn 0.517068028 0.53768146 0.665987432
vn 0.493774265 0.461514443 0.737015247
vn 0.275788307 0.649808466 0.708300591
vn 0.331806064 0.725988507 0.602366507
vn 0.299676925 0.914310217 0.272452623
vn -0.359034032 0.695528686 0.622361958
vn -0.882408738 0.274088353 -0.382400841
vn 0.472640246 0.652966559 0.59181577
vn 0.496868849 0.656423151 0.567653
vn -0.285750449 0.52156359 0.803939044
vn -0.252726614 0.508614302 0.823067844
vn -0.205412522 -0.290577769 -0.934542716
vn -0.514665663 0.565414846 -0.644534886
vn -0.538545907 -0.436969191 -0.720434725
vn 0.342821985 0.141517073 -0.928679705
vn 0.571331859 0.195707887 -0.797043502
vn 0.312464833 -0.232981786 -0.920915484
vn 0.543639839 -0.355849087 -0.760149479
vn -0.585317373 -0.00621963106 -0.810780406
vn 0.73112464 -0.0169311278 -0.682033837
vn 0.532863677 0.354274958 -0.768469691
vn -0.456971794 -0.626527011 -0.631379962
vn 0.335715473 0.225969553 -0.914457619
vn 0.61518085 -0.0964867994 -0.782459497
vn 0.462653935 -0.144033119 -0.874760449
vn -0.200799689 0.182175979 -0.962544262
vn -0.998263299 -0.0247887392 -0.0534413569
vn -0.947524607 0.307254076 -0.0882718563
vn -0.840139151 -0.402429581 -0.36361596
vn -0.594481349 0.266147971 -0.758786678
vn -0.944659948 -0.325502723 -0.0408098921
vn -0.882408738 0.274088353 -0.382400841
vn -0.944659948 -0.325502723 -0.0408098921
vn -0.283272117 -0.634353518 0.719272196
vn -0.840139151 -0.402429581 -0.36361596
vn -0.317276835 -0.409286052 0.855465055
vn -0.947524607 0.307254076 -0.0882718563
vn -0.248495683 -0.457067609 0.854013562
vn -0.24426356 -0.427783519 0.87025094
vn -0.998263299 -0.0247887392 -0.0534413569
vn -0.317276835 -0.409286052 0.855465055
vn -0.126949593 -0.00987064373 0.991860092
vn -0.298196346 0.416150719 0.859009624
vn -0.252726614 0.508614302 0.823067844
vn -0.24426356 -0.427783519 0.87025094
vn -0.252726614 0.508614302 0.823067844
vn -0.944659948 -0.325502723 -0.0408098921
vn -0.285750449 0.52156359 0.803939044
vn -0.882408738 0.274088353 -0.382400841
vn -0.359034032 0.695528686 0.622361958
vn -0.414407939 -0.279933155 -0.865969718
vn 0.459599435 -0.887828171 0.0230098572
vn -0.0172138419 -0.135155261 -0.990674913
vn 0.285419524 -0.9541682 0.0899934098
vn 0.110885203 -0.966676414 0.230740741
vn -0.76918906 -0.323608577 -0.55102247
vn 0.048363544 -0.886198521 0.460774511
vn -0.990297854 -0.138078466 0.015636107
vn 0.151953757 -0.871930897 0.465453207
vn -0.933639705 0.230207279 0.27444756
vn 0.403220952 -0.843208611 0.355544776
vn 0.638812184 -0.757041037 0.137142047
vn 0.630350292 -0.772684157 0.0749511048
vn 0.45512557 0.175588042 -0.872943103
vn 0.518375218 0.539674938 -0.663353741
vn 0.212301642 0.976933002 0.0230193101
vn 0.459526002 0.883037567 -0.0952917263
vn 0.233079404 0.969658852 0.0737266317
vn 0.389895499 0.910713255 -0.136318848
vn 0.320451647 0.913150311 -0.251926959
vn 0.511815071 -0.326321274 -0.794707358
vn 0.749141872 -0.406109333 -0.523317993
vn 0.0728517696 0.964494824 -0.253854781
vn 0.128324464 0.925923765 -0.355243653
vn -0.0517926253 -0.233538523 -0.970967174
vn -0.457789779 -0.21318692 -0.863122225
vn -0.0427109562 0.965953648 -0.255165458
vn -0.781256795 -0.0833932087 -0.618614137
vn 0.592606485 -0.61091572 -0.524975777
vn -0.0402095914 0.993457973 0.106885053
vn -0.0270102136 0.980314732 0.195585266
vn -0.888897002 -0.316787928 0.330919266
vn -0.921250224 -0.0694481879 0.38272047
vn -0.998961091 -0.0309201386 -0.0334754921
vn -0.106837332 0.994152248 -0.0157226212
vn -0.414407939 -0.279933155 -0.865969718
vn -0.0172138419 -0.135155261 -0.990674913
vn -0.399874449 0.851617157 -0.338893086
vn -0.76918906 -0.323608577 -0.55102247
vn -0.990297854 -0.138078466 0.015636107
vn -0.933639705 0.230207279 0.27444756
vn 0.45512557 0.175588042 -0.872943103
vn 0.518375218 0.539674938 -0.663353741
vn 0.749141872 -0.406109333 -0.523317993
vn -0.232887313 -0.969909012 -0.0709929839
vn 0.592606485 -0.61091572 -0.524975777
vn -0.204724997 -0.9787516 -0.0115324957
vn 0.511815071 -0.326321274 -0.794707358
vn -0.0517926253 -0.233538523 -0.970967174
vn -0.888897002 -0.316787928 0.330919266
vn -0.921250224 -0.0694481879 0.38272047
vn -0.781256795 -0.0833932087 -0.618614137
vn -0.457789779 -0.21318692 -0.863122225
vn -0.998961091 -0.0309201386 -0.0334754921
vn -0.703351319 0.0125502022 0.710731685
vn -0.900199175 -0.338957131 0.273403466
vn -0.998244405 -0.00455930177 0.0590531901
vn -0.697647929 -0.522659123 0.490015119
vn -0.728615165 -0.379100591 0.570440888
vn -0.728615165 -0.379100591 0.570440888
vn -0.825776517 -0.262634665 0.499115348
vn -0.728615165 -0.379100591 0.570440888
vn -0.835431755 -0.245032609 0.491947949
vn -0.912941635 -0.270345658 0.305697143
vn -0.703351319 0.0125502022 0.710731685
vn 0.770152628 -0.327402979 0.547423244
vn 0.381912857 -0.0316186696 0.923657358
vn 0.431837708 -0.685481608 0.586200655
vn 0.781836092 -0.406412512 0.472822487
vn -0.768253386 -0.43560186 0.469081879
vn -0.912941635 -0.270345658 0.305697143
vn -0.835431755 -0.245032609 0.491947949
vn -0.685649514 -0.551131308 0.475540668
vn -0.17518577 -0.983865678 -0.0363063477
vn 0.624047816 -0.774723172 -0.101824917
vn 0.669270098 -0.0371146202 -0.742091656
vn -0.17518577 -0.983865678 -0.0363063477
vn 0.431837708 -0.685481608 0.586200655
vn 0.483010054 0.656413317 0.579502165
vn -0.189519092 0.981816411 -0.010907108
vn 0.643606663 0.756868184 -0.113670737
vn -0.739875317 0.463631958 0.487472892
vn -0.856458008 0.25312525 0.449896991
vn -0.879686415 0.380578876 0.28515175
vn -0.189519092 0.981816411 -0.010907108
vn -0.730132103 0.47632122 0.489923686
vn 0.662128091 0.0398506187 -0.748330355
vn 0.780116677 0.352546662 0.516844928
vn 0.483010054 0.656413317 0.579502165
vn -0.856458008 0.25312525 0.449896991
vn -0.879686415 0.380578876 0.28515175
vn -0.83764255 0.311594933 0.448624045
vn -0.742703557 0.366251051 0.560581446
vn -0.789975286 -0.297287285 -0.536245584
vn -0.391190708 0.920063794 0.0212742779
vn -0.173373893 0.816810191 0.550238609
vn -0.652886629 0.11282336 -0.749005914
vn -0.446736246 0.0122207031 -0.894582272
vn 0.0779879689 0.731827915 0.677012444
vn 0.11117249 0.700632989 0.704807818
vn -0.539640486 0.692418814 0.478899151
vn 0.170555472 0.656086028 0.735161185
vn -0.0302938893 0.0211948399 0.999316335
vn 0.0295389388 0.78325671 0.620996296
vn -0.223220721 0.550767839 0.804255664
vn -0.0780732185 0.880387723 0.467784047
vn 0.10266982 0.713382065 0.693213582
vn -0.730132103 0.47632122 0.489923686
vn -0.189519092 0.981816411 -0.010907108
vn -0.730132103 0.47632122 0.489923686
vn -0.16417332 0.775585055 0.609520137
vn -0.83764255 0.311594933 0.448624045
vn -0.879686415 0.380578876 0.28515175
vn -0.83764255 0.311594933 0.448624045
vn -0.69871664 0.503984213 0.507735133
vn -0.998244405 -0.00455930177 0.0590531901
vn -0.69871664 0.503984213 0.507735133
vn -0.697647929 -0.522659123 0.490015119
vn -0.0302938893 0.0211948399 0.999316335
vn -0.998244405 -0.00455930177 0.0590531901
vn -0.0302938893 0.0211948399 0.999316335
vn 0.020383615 -0.788141131 0.615156949
vn -0.64184171 -0.625278234 0.443921536
vn 0.153796196 -0.678438127 0.71837908
vn -0.264829427 -0.553900957 0.789340973
vn -0.825776517 -0.262634665 0.499115348
vn -0.697647929 -0.522659123 0.490015119
vn -0.182111219 -0.826608479 0.532497883
vn 0.202274203 -0.598152339 0.775434673
vn 0.0777169466 -0.713623822 0.696204841
vn 0.00193256454 -0.900111794 0.43565473
vn -0.30884856 -0.942968249 0.124191247
vn 0.13079384 -0.704741359 0.697303832
vn -0.685649514 -0.551131308 0.475540668
vn -0.17518577 -0.983865678 -0.0363063477
vn -0.685649514 -0.551131308 0.475540668
vn -0.912941635 -0.270345658 0.305697143
vn -0.912941635 -0.270345658 0.305697143
vn -0.113278233 -0.80597949 0.581003487
vn -0.501522362 -0.116336346 -0.857287169
vn -0.643090487 -0.105313696 -0.758514106
vn -0.824104369 0.180081591 -0.537049949
vn -0.501522362 -0.116336346 -0.857287169
vn -0.735272884 -0.132378384 -0.664717793
vn -0.77017355 0.0706579462 0.633908629
vn -0.0302938893 0.0211948399 0.999316335
vn -0.734704614 -0.388839275 -0.555889547
vn -0.950596035 0.0585359633 -0.304861844
vn -0.728621721 0.160160691 -0.665927172
vn -0.667806447 0.540478885 -0.511778295
vn -0.30884856 -0.942968249 0.124191247
vn 0.669270098 -0.0371146202 -0.742091656
vn -0.17518577 -0.983865678 -0.0363063477
vn 0.572187126 -0.414066106 0.707920313
vn -0.900199175 -0.338957131 0.273403466
vn 0.770152628 -0.327402979 0.547423244
vn -0.728615165 -0.379100591 0.570440888
vn 0.781836092 -0.406412512 0.472822487
vn -0.728615165 -0.379100591 0.570440888
vn -0.728615165 -0.379100591 0.570440888
vn -0.835431755 -0.245032609 0.491947949
vn -0.189519092 0.981816411 -0.010907108
vn -0.391190708 0.920063794 0.0212742779
vn 0.662128091 0.0398506187 -0.748330355
vn 0.662128091 0.0398506187 -0.748330355
vn 0.483010054 0.656413317 0.579502165
vn 0.643606663 0.756868184 -0.113670737
vn 0.751729012 -0.41681245 -0.511048853
vn 0.780116677 0.352546662 0.516844928
vn 0.751729012 -0.41681245 -0.511048853
vn 0.689470053 -0.278102785 -0.668797314
vn 0.779087186 -0.00401698612 -0.62690264
vn 0.786352813 0.292159438 0.544327199
vn 0.779087186 -0.00401698612 -0.62690264
vn 0.539093256 0.42622754 0.726435542
vn 0.770152628 -0.327402979 0.547423244
vn 0.381912857 -0.0316186696 0.923657358
vn 0.572187126 -0.414066106 0.707920313
vn 0.781836092 -0.406412512 0.472822487
vn 0.704391122 0.282132596 -0.651332736
vn 0.782504022 0.392330259 -0.483491987
vn 0.431837708 -0.685481608 0.586200655
vn 0.782504022 0.392330259 -0.483491987
vn 0.624047816 -0.774723172 -0.101824917
vn 0.669270098 -0.0371146202 -0.742091656
vn -0.856458008 0.25312525 0.449896991
vn 0.539093256 0.42622754 0.726435542
vn -0.742703557 0.366251051 0.560581446
vn 0.780116677 0.352546662 0.516844928
vn 0.539093256 0.42622754 0.726435542
vn -0.903421462 0.337682873 0.264196903
vn 0.786352813 0.292159438 0.544327199
vn -0.703351319 0.0125502022 0.710731685
vn 0.786352813 0.292159438 0.544327199
vn 0.381912857 -0.0316186696 0.923657358
vn -0.703351319 0.0125502022 0.710731685
vn -0.903421462 0.337682873 0.264196903
vn -0.69871664 0.503984213 0.507735133
vn -0.742703557 0.366251051 0.560581446
vn -0.998244405 -0.00455930177 0.0590531901
vn -0.703351319 0.0125502022 0.710731685
vn -0.83764255 0.311594933 0.448624045
vn 0.751729012 -0.41681245 -0.511048853
vn -0.652886629 0.11282336 -0.749005914
vn 0.689470053 -0.278102785 -0.668797314
vn -0.789975286 -0.297287285 -0.536245584
vn 0.662128091 0.0398506187 -0.748330355
vn 0.751729012 -0.41681245 -0.511048853
vn -0.446736246 0.0122207031 -0.894582272
vn -0.728621721 0.160160691 -0.665927172
vn 0.689470053 -0.278102785 -0.668797314
vn 0.779087186 -0.00401698612 -0.62690264
vn -0.667806447 0.540478885 -0.511778295
vn -0.734704614 -0.388839275 -0.555889547
vn -0.950596035 0.0585359633 -0.304861844
vn -0.735272884 -0.132378384 -0.664717793
vn 0.704391122 0.282132596 -0.651332736
vn -0.643090487 -0.105313696 -0.758514106
vn -0.824104369 0.180081591 -0.537049949
vn 0.782504022 0.392330259 -0.483491987
vn 0.704391122 0.282132596 -0.651332736
vn -0.501522362 -0.116336346 -0.857287169
vn 0.782504022 0.392330259 -0.483491987
vn 0.669270098 -0.0371146202 -0.742091656
vn -0.426688254 -0.592847705 0.682985127
vn 0.359673887 -0.513130307 0.779315054
vn 0.417053074 -0.528722227 0.739269555
vn -0.393081546 -0.615991771 0.682672024
vn -0.339757651 -0.587520123 0.734428287
vn -0.350055277 -0.651493669 0.673065543
vn 0.344136387 -0.625513732 0.700216174
vn -0.268679112 -0.840999544 0.469607621
vn -0.554169714 -0.821601689 0.133666009
vn 0.8695274 -0.24048312 -0.431381524
vn 0.518128753 -0.469449848 -0.714954019
vn 0.36070323 -0.371983737 -0.855290174
vn -0.13777639 -0.0810576379 -0.987141013
vn -0.566181779 0.319663614 -0.759771943
vn -0.478316396 -0.587637663 0.652606547
vn -0.708624184 0.292197406 -0.642240226
vn -0.594855428 -0.0852753296 -0.799296677
vn 0.478318125 -0.494895607 0.725458503
vn -0.437012255 -0.542264163 0.717613876
vn -0.501143873 -0.468802392 0.727378249
vn -0.700393379 0.0150948707 0.713597357
vn -0.562232435 -0.584774017 -0.584751427
vn -0.500452638 0.0269494802 0.865344346
vn -0.904733956 0.0778783336 -0.418797523
vn -0.528704286 0.566056192 -0.632496655
vn -0.3178927 0.711138129 0.627078056
vn -0.47552976 0.231593698 -0.848667085
vn -0.751553059 -0.188612983 -0.632133842
vn -0.407769054 0.481254101 0.775963247
vn -0.173696026 0.639966607 0.74851352
vn -0.363796204 0.925258875 0.107463345
vn -0.238115489 0.727643073 0.643301308
vn -0.663538456 -0.230932355 -0.711608708
vn -0.165094227 0.0362440199 -0.985611558
vn 0.367908359 0.22272262 -0.90279454
vn -0.144946605 0.932314098 0.331332028
vn 0.542034209 0.223022074 -0.810222268
vn -0.343408495 0.721534312 0.601214468
vn -0.359018326 0.678005934 0.641415477
vn -0.386134654 0.58388871 0.71412462
vn 0.371094912 0.509396434 0.77640444
vn 0.513282239 0.576045752 0.636170208
vn 0.484726667 0.70952183 0.511486828
vn 0.84069109 0.087746717 -0.534358501
vn 0.290851921 -0.0311047453 0.95626229
vn 0.57029736 0.329241425 0.752569616
vn 0.898805737 0.419025034 -0.12871027
vn 0.518128753 -0.469449848 -0.714954019
vn 0.8695274 -0.24048312 -0.431381524
vn 0.384434968 0.584548712 -0.71450156
vn 0.36070323 -0.371983737 -0.855290174
vn -0.566181779 0.319663614 -0.759771943
vn -0.708624184 0.292197406 -0.642240226
vn -0.594855428 -0.0852753296 -0.799296677
vn 0.457976937 -0.00228339457 -0.888961136
vn 0.922098637 0.265561461 -0.281444907
vn 0.945352077 -0.074344404 -0.317462355
vn -0.562232435 -0.584774017 -0.584751427
vn 0.934729695 -0.329875141 -0.132146955
vn 0.342147678 -0.638153672 -0.689706326
vn -0.47552976 0.231593698 -0.848667085
vn -0.528704286 0.566056192 -0.632496655
vn -0.904733956 0.0778783336 -0.418797523
vn -0.751553059 -0.188612983 -0.632133842
vn -0.663538456 -0.230932355 -0.711608708
vn 0.367908359 0.22272262 -0.90279454
vn -0.165094227 0.0362440199 -0.985611558
vn 0.542034209 0.223022074 -0.810222268
vn 0.841400504 -0.530479789 -0.103133328
vn 0.84069109 0.087746717 -0.534358501
vn 0.934729695 -0.329875141 -0.132146955
vn -0.13777639 -0.0810576379 -0.987141013
vn 0.359673887 -0.513130307 0.779315054
vn 0.898805737 0.419025034 -0.12871027
vn 0.417053074 -0.528722227 0.739269555
vn 0.8695274 -0.24048312 -0.431381524
vn 0.344136387 -0.625513732 0.700216174
vn 0.359673887 -0.513130307 0.779315054
vn 0.922098637 0.265561461 -0.281444907
vn 0.945352077 -0.074344404 -0.317462355
vn 0.478318125 -0.494895607 0.725458503
vn 0.290851921 -0.0311047453 0.95626229
vn 0.57029736 0.329241425 0.752569616
vn 0.371094912 0.509396434 0.77640444
vn 0.371094912 0.509396434 0.77640444
vn 0.934729695 -0.329875141 -0.132146955
vn 0.841400504 -0.530479789 -0.103133328
vn 0.513282239 0.576045752 0.636170208
vn 0.84069109 0.087746717 -0.534358501
vn 0.484726667 0.70952183 0.511486828
vn 0.517621934 -0.44392544 -0.731435359
vn 0.283272117 -0.634353518 0.719272196
vn 0.842105508 -0.415829241 -0.34343043
vn -0.414229691 -0.840566993 0.349085987
vn -0.585574925 -0.809626043 0.0400978662
vn 0.205061495 -0.290276647 -0.934713542
vn -0.342821866 0.141516998 -0.928679705
vn -0.571331859 0.195707843 -0.797043502
vn -0.554689288 -0.596190095 0.580411255
vn -0.435900986 -0.144740641 -0.888279498
vn -0.778872728 0.0320068374 0.626364768
vn -0.488964826 -0.461940706 -0.73994875
vn -0.73112458 -0.016931681 -0.682033896
vn -0.474833101 0.461839318 -0.749158144
vn -0.4562518 0.161392808 -0.875092447
vn -0.434073925 0.670235574 0.601966798
vn -0.637018383 -0.139701948 -0.758083701
vn -0.408333123 0.912652493 0.0181515533
vn -0.446939945 -0.13893801 -0.883708596
vn 0.200799629 0.182175905 -0.962544262
vn -0.462163895 -0.636637509 0.61733073
vn -0.436668038 -0.559033453 0.704842269
vn -0.552329183 -0.48406288 0.678686738
vn -0.55930835 -0.560055614 0.611156166
vn -0.537787914 -0.53217411 0.6538921
vn -0.520901382 -0.583713889 0.622848034
vn 0.317276835 -0.409286052 0.855465055
vn 0.232091561 -0.422764868 0.876015663
vn 0.126532316 -0.0110458592 0.99190098
vn -0.630495965 -0.0175758377 0.775993466
vn 0.247109786 -0.462277502 0.851608098
vn -0.516174376 0.507971168 0.689586282
vn -0.303060025 0.645328283 0.701217473
vn -0.34382084 0.724210382 0.597751141
vn -0.516999662 0.539085984 0.664904177
vn -0.479837686 0.648172379 0.591293752
vn -0.49934274 0.66280514 0.557983994
vn -0.308584094 0.911446989 0.272103339
vn 0.588039517 0.262994617 -0.764881253
vn 0.886850953 0.267477155 -0.376764387
vn 0.358355492 0.691653311 0.627054274
vn 0.296551019 0.525785506 0.797249734
vn 0.254263908 0.501242816 0.827106595
vn 0.296060413 0.415999919 0.8598212
vn 0.205061495 -0.290276647 -0.934713542
vn 0.517621934 -0.44392544 -0.731435359
vn 0.499839038 0.572646677 -0.649797499
vn -0.342821866 0.141516998 -0.928679705
vn -0.571331859 0.195707843 -0.797043502
vn -0.435900986 -0.144740641 -0.888279498
vn 0.580487609 -0.00825533178 -0.814227164
vn -0.488964826 -0.461940706 -0.73994875
vn -0.73112458 -0.016931681 -0.682033896
vn -0.474833101 0.461839318 -0.749158144
vn -0.4562518 0.161392808 -0.875092447
vn 0.457431048 -0.626115263 -0.631455839
vn -0.637018383 -0.139701948 -0.758083701
vn -0.446939945 -0.13893801 -0.883708596
vn 0.200799629 0.182175905 -0.962544262
vn 0.949049234 0.304932684 -0.0795082226
vn 0.998529553 -0.0210003611 -0.0499765053
vn 0.842105508 -0.415829241 -0.34343043
vn 0.588039517 0.262994617 -0.764881253
vn 0.945058107 -0.324129313 -0.0424889587
vn 0.886850953 0.267477155 -0.376764387
vn 0.945058107 -0.324129313 -0.0424889587
vn 0.283272117 -0.634353518 0.719272196
vn 0.317276835 -0.409286052 0.855465055
vn 0.842105508 -0.415829241 -0.34343043
vn 0.247109786 -0.462277502 0.851608098
vn 0.949049234 0.304932684 -0.0795082226
vn 0.998529553 -0.0210003611 -0.0499765053
vn 0.232091561 -0.422764868 0.876015663
vn 0.317276835 -0.409286052 0.855465055
vn 0.126532316 -0.0110458592 0.99190098
vn 0.296060413 0.415999919 0.8598212
vn 0.945058107 -0.324129313 -0.0424889587
vn 0.232091561 -0.422764868 0.876015663
vn 0.945058107 -0.324129313 -0.0424889587
vn 0.254263908 0.501242816 0.827106595
vn 0.296551019 0.525785506 0.797249734
vn 0.296551019 0.525785506 0.797249734
vn 0.886850953 0.267477155 -0.376764387
vn 0.358355492 0.691653311 0.627054274
vn -0.463890433 -0.885431111 0.0285906661
vn 0.414407849 -0.279933155 -0.865969718
vn 0.0172137208 -0.135155141 -0.990674913
vn -0.285419524 -0.9541682 0.0899934098
vn -0.110885203 -0.966676414 0.230740741
vn 0.769187629 -0.323609054 -0.551024139
vn -0.0533027686 -0.890067279 0.452702105
vn 0.989747763 -0.142795458 0.00299981982
vn 0.920123041 0.247411937 0.303580105
vn -0.159323782 -0.868791997 0.468845904
vn -0.403656363 -0.843340695 0.354736626
vn -0.621405602 -0.77745086 0.0970838368
vn -0.637882531 -0.757912338 0.136655748
vn -0.455125451 0.175588191 -0.872943103
vn -0.518375218 0.539674938 -0.663353741
vn -0.228388876 0.973179758 0.027561523
vn -0.459526002 0.883037567 -0.0952917263
vn -0.389742792 0.909975588 -0.141580448
vn -0.233079404 0.969658852 0.0737266317
vn -0.320889115 0.915323853 -0.243335962
vn -0.736047268 -0.399477601 -0.546490669
vn -0.52454567 -0.338067651 -0.781384706
vn -0.13083306 0.938842237 -0.318524629
vn -0.0823200345 0.958443522 -0.273147374
vn 0.0407779291 -0.240942061 -0.969682515
vn 0.457789719 -0.213186771 -0.863122225
vn 0.0430076234 0.965963662 -0.25507766
vn 0.781713426 -0.0830101967 -0.618088543
vn -0.591638505 -0.611110806 -0.525839746
vn 0.0482914038 0.990606785 0.127930596
vn 0.0270102136 0.980314732 0.195585266
vn 0.888897002 -0.316787928 0.330919266
vn 0.921250224 -0.0694481879 0.38272047
vn 0.998942554 -0.0306794718 -0.0342438072
vn 0.127464101 0.991585135 -0.0226258896
vn 0.414407849 -0.279933155 -0.865969718
vn 0.399874479 0.851617157 -0.338893086
vn 0.0172137208 -0.135155141 -0.990674913
vn 0.769187629 -0.323609054 -0.551024139
vn 0.989747763 -0.142795458 0.00299981982
vn 0.920123041 0.247411937 0.303580105
vn -0.455125451 0.175588191 -0.872943103
vn -0.518375218 0.539674938 -0.663353741
vn 0.204399034 -0.978819013 -0.0115994774
vn -0.591638505 -0.611110806 -0.525839746
vn 0.23273395 -0.9699108 -0.0714709535
vn -0.736047268 -0.399477601 -0.546490669
vn 0.0407779291 -0.240942061 -0.969682515
vn -0.52454567 -0.338067651 -0.781384706
vn 0.888897002 -0.316787928 0.330919266
vn 0.921250224 -0.0694481879 0.38272047
vn 0.781713426 -0.0830101967 -0.618088543
vn 0.457789719 -0.213186771 -0.863122225
vn 0.998942554 -0.0306794718 -0.0342438072
vn 0.53267175 -0.00339065469 0.846315145
vn 0.975146174 0.0354239158 0.21871233
vn 0.680908918 -0.525272489 0.510344863
vn 0.992901504 0.0262875445 -0.115997367
vn 0.450571597 -0.87846601 0.15900524
vn 0.53267175 -0.00339065469 0.846315145
vn 0.28309235 -0.00763485581 0.959062278
vn 0.450571597 -0.87846601 0.15900524
vn 0.28309235 -0.00763485581 0.959062278
vn 0.0662831962 -0.000659660611 0.997800648
vn 0.840811491 0.0370141119 -0.540061116
vn 0.232383475 -0.956999719 -0.173635542
vn -0.0953183696 -2.77878371E-06 0.995446861
vn 0.53267175 -0.00339065469 0.846315145
vn 0.654988587 0.342206687 0.673709512
vn 0.975146174 0.0354239158 0.21871233
vn 0.49185288 0.840570629 0.226984069
vn 0.28309235 -0.00763485581 0.959062278
vn 0.53267175 -0.00339065469 0.846315145
vn 0.28309235 -0.00763485581 0.959062278
vn 0.49185288 0.840570629 0.226984069
vn 0.992901504 0.0262875445 -0.115997367
vn 0.0662831962 -0.000659660611 0.997800648
vn 0.840811491 0.0370141119 -0.540061116
vn 0.160342425 0.976878703 -0.141415089
vn 0.0662831962 -0.000659660611 0.997800648
vn -0.0953183696 -2.77878371E-06 0.995446861
g blue_mag_m_pve_3_shoulderstrap_0
f 3/3/3 2/2/2 1/1/1
f 2/2/2 3/3/3 4/4/4
f 5/5/5 4/4/4 3/3/3
f 4/4/4 7/7/7 6/6/6
f 9/9/9 6/6/6 8/8/8
f 6/6/6 9/9/9 10/10/10
f 12/12/12 11/11/11 3/3/3
f 13/13/13 3/3/3 11/11/11
f 15/15/15 14/14/14 9/9/9
f 16/16/16 9/9/9 14/14/14
f 16/16/16 18/18/18 17/17/17
f 18/18/18 16/16/16 19/19/19
f 20/20/20 19/19/19 16/16/16
f 22/22/22 21/21/21 20/20/20
f 22/22/22 24/24/24 23/23/23
f 16/16/16 23/23/23 24/24/24
f 27/27/27 26/26/26 25/25/25
f 28/28/28 25/25/25 26/26/26
f 28/28/28 30/30/30 29/29/29
f 28/28/28 29/29/29 31/31/31
f 32/32/32 31/31/31 29/29/29
f 31/31/31 33/33/33 27/27/27
f 28/28/28 35/35/35 34/34/34
f 37/37/37 36/36/36 34/34/34
f 37/37/37 34/34/34 38/38/38
f 39/39/39 38/38/38 34/34/34
f 39/39/39 40/40/40 38/38/38
f 41/41/41 38/38/38 40/40/40
f 42/42/42 41/41/41 40/40/40
f 44/44/44 34/34/34 43/43/43
f 47/47/47 46/46/46 45/45/45
f 48/48/48 45/45/45 46/46/46
f 49/49/49 47/47/47 45/45/45
f 47/47/47 50/50/50 46/46/46
f 51/51/51 46/46/46 50/50/50
f 46/46/46 51/51/51 52/52/52
f 46/46/46 52/52/52 48/48/48
f 53/53/53 52/52/52 51/51/51
f 53/53/53 54/54/54 52/52/52
f 55/55/55 52/52/52 54/54/54
f 54/54/54 53/53/53 56/56/56
f 53/53/53 51/51/51 56/56/56
f 51/51/51 50/50/50 57/57/57
f 57/57/57 56/56/56 51/51/51
f 58/58/58 57/57/57 50/50/50
f 58/58/58 50/50/50 47/47/47
f 58/58/58 47/47/47 59/59/59
f 47/47/47 60/60/60 59/59/59
f 61/61/61 59/59/59 60/60/60
f 59/59/59 62/62/62 58/58/58
f 58/58/58 62/62/62 57/57/57
f 56/56/56 57/57/57 63/63/63
f 56/56/56 63/63/63 54/54/54
f 63/63/63 57/57/57 64/64/64
f 64/64/64 57/57/57 62/62/62
f 55/55/55 54/54/54 65/65/65
f 66/66/66 65/65/65 54/54/54
f 67/67/67 54/54/54 63/63/63
f 69/69/69 68/68/68 52/52/52
f 69/69/69 70/70/70 68/68/68
f 68/68/68 70/70/70 71/71/71
f 72/72/72 71/71/71 70/70/70
f 72/72/72 70/70/70 73/73/73
f 74/74/74 73/73/73 70/70/70
f 73/73/73 74/74/74 75/75/75
f 75/75/75 74/74/74 76/76/76
f 70/70/70 77/77/77 74/74/74
f 78/78/78 74/74/74 77/77/77
f 78/78/78 77/77/77 79/79/79
f 80/80/80 79/79/79 77/77/77
f 81/81/81 80/80/80 77/77/77
f 80/80/80 81/81/81 82/82/82
f 83/83/83 82/82/82 81/81/81
f 78/78/78 79/79/79 84/84/84
f 78/78/78 84/84/84 74/74/74
f 85/85/85 84/84/84 79/79/79
f 84/84/84 85/85/85 86/86/86
f 86/86/86 74/74/74 84/84/84
f 87/87/87 86/86/86 85/85/85
f 87/87/87 88/88/88 86/86/86
f 89/89/89 86/86/86 88/88/88
f 87/87/87 85/85/85 90/90/90
f 90/90/90 85/85/85 91/91/91
f 79/79/79 91/91/91 85/85/85
f 79/79/79 80/80/80 91/91/91
f 82/82/82 92/92/92 80/80/80
f 81/81/81 77/77/77 93/93/93
f 70/70/70 93/93/93 77/77/77
f 95/95/95 81/81/81 94/94/94
f 96/96/96 94/94/94 81/81/81
f 86/86/86 97/97/97 74/74/74
f 86/86/86 98/98/98 76/76/76
f 100/100/100 76/76/76 99/99/99
f 101/101/101 68/68/68 71/71/71
f 101/101/101 102/102/102 68/68/68
f 102/102/102 103/103/103 68/68/68
f 52/52/52 68/68/68 103/103/103
f 103/103/103 48/48/48 52/52/52
f 106/106/106 105/105/105 104/104/104
f 107/107/107 104/104/104 105/105/105
f 107/107/107 109/109/109 108/108/108
f 111/111/111 110/110/110 109/109/109
f 114/114/114 113/113/113 112/112/112
f 49/49/49 112/112/112 113/113/113
f 117/117/117 116/116/116 115/115/115
f 118/118/118 115/115/115 116/116/116
f 118/118/118 116/116/116 119/119/119
f 121/121/121 119/119/119 120/120/120
f 121/121/121 122/122/122 119/119/119
f 124/124/124 123/123/123 119/119/119
f 123/123/123 124/124/124 125/125/125
f 126/126/126 123/123/123 125/125/125
f 125/125/125 124/124/124 127/127/127
f 128/128/128 127/127/127 124/124/124
f 122/122/122 129/129/129 128/128/128
f 128/128/128 129/129/129 130/130/130
f 132/132/132 131/131/131 123/123/123
f 130/130/130 134/134/134 133/133/133
f 135/135/135 133/133/133 134/134/134
f 134/134/134 130/130/130 136/136/136
f 139/139/139 138/138/138 137/137/137
f 141/141/141 140/140/140 138/138/138
f 143/143/143 142/142/142 140/140/140
f 144/144/144 140/140/140 142/142/142
f 147/147/147 146/146/146 145/145/145
f 149/149/149 148/148/148 146/146/146
f 152/152/152 151/151/151 150/150/150
f 154/154/154 150/150/150 153/153/153
f 154/154/154 155/155/155 150/150/150
f 156/156/156 150/150/150 155/155/155
f 157/157/157 153/153/153 152/152/152
f 157/157/157 158/158/158 153/153/153
f 159/159/159 153/153/153 158/158/158
f 160/160/160 159/159/159 158/158/158
f 161/161/161 160/160/160 158/158/158
f 159/159/159 160/160/160 162/162/162
f 163/163/163 162/162/162 160/160/160
f 164/164/164 162/162/162 163/163/163
f 164/164/164 166/166/166 165/165/165
f 167/167/167 162/162/162 166/166/166
f 166/166/166 168/168/168 167/167/167
f 169/169/169 167/167/167 168/168/168
f 172/172/172 171/171/171 170/170/170
f 173/173/173 170/170/170 171/171/171
f 171/171/171 174/174/174 173/173/173
f 175/175/175 173/173/173 174/174/174
f 172/172/172 176/176/176 171/171/171
f 177/177/177 171/171/171 176/176/176
f 171/171/171 177/177/177 174/174/174
f 178/178/178 174/174/174 177/177/177
f 176/176/176 179/179/179 177/177/177
f 180/180/180 177/177/177 179/179/179
f 177/177/177 180/180/180 178/178/178
f 181/181/181 178/178/178 180/180/180
f 178/178/178 181/181/181 182/182/182
f 182/182/182 183/183/183 178/178/178
f 175/175/175 174/174/174 184/184/184
f 178/178/178 184/184/184 174/174/174
f 184/184/184 178/178/178 185/185/185
f 183/183/183 185/185/185 178/178/178
f 185/185/185 186/186/186 184/184/184
f 173/173/173 175/175/175 187/187/187
f 173/173/173 187/187/187 170/170/170
f 188/188/188 170/170/170 187/187/187
f 189/189/189 187/187/187 175/175/175
f 184/184/184 190/190/190 175/175/175
f 184/184/184 186/186/186 190/190/190
f 189/189/189 190/190/190 187/187/187
f 189/189/189 175/175/175 190/190/190
f 191/191/191 190/190/190 186/186/186
f 192/192/192 187/187/187 190/190/190
f 187/187/187 192/192/192 188/188/188
f 193/193/193 190/190/190 191/191/191
f 190/190/190 193/193/193 194/194/194
f 194/194/194 195/195/195 190/190/190
f 196/196/196 190/190/190 195/195/195
f 195/195/195 197/197/197 196/196/196
f 190/190/190 196/196/196 198/198/198
f 190/190/190 198/198/198 192/192/192
f 199/199/199 198/198/198 196/196/196
f 199/199/199 196/196/196 200/200/200
f 201/201/201 200/200/200 196/196/196
f 201/201/201 196/196/196 202/202/202
f 197/197/197 202/202/202 196/196/196
f 202/202/202 203/203/203 201/201/201
f 203/203/203 204/204/204 201/201/201
f 201/201/201 204/204/204 205/205/205
f 206/206/206 205/205/205 204/204/204
f 205/205/205 207/207/207 201/201/201
f 200/200/200 201/201/201 207/207/207
f 200/200/200 207/207/207 199/199/199
f 208/208/208 192/192/192 198/198/198
f 198/198/198 199/199/199 208/208/208
f 209/209/209 208/208/208 199/199/199
f 209/209/209 199/199/199 207/207/207
f 207/207/207 210/210/210 209/209/209
f 207/207/207 205/205/205 210/210/210
f 211/211/211 209/209/209 210/210/210
f 209/209/209 211/211/211 208/208/208
f 206/206/206 212/212/212 205/205/205
f 213/213/213 205/205/205 212/212/212
f 213/213/213 210/210/210 205/205/205
f 214/214/214 208/208/208 211/211/211
f 214/214/214 215/215/215 208/208/208
f 192/192/192 208/208/208 215/215/215
f 215/215/215 188/188/188 192/192/192
f 218/218/218 217/217/217 216/216/216
f 219/219/219 216/216/216 217/217/217
f 220/220/220 219/219/219 217/217/217
f 220/220/220 217/217/217 221/221/221
f 222/222/222 221/221/221 217/217/217
f 222/222/222 217/217/217 223/223/223
f 217/217/217 224/224/224 223/223/223
f 217/217/217 225/225/225 224/224/224
f 225/225/225 217/217/217 218/218/218
f 226/226/226 224/224/224 225/225/225
f 227/227/227 223/223/223 224/224/224
f 226/226/226 228/228/228 224/224/224
f 229/229/229 224/224/224 228/228/228
f 229/229/229 230/230/230 224/224/224
f 231/231/231 224/224/224 230/230/230
f 224/224/224 231/231/231 227/227/227
f 227/227/227 231/231/231 232/232/232
f 230/230/230 229/229/229 233/233/233
f 234/234/234 233/233/233 229/229/229
f 234/234/234 229/229/229 235/235/235
f 236/236/236 234/234/234 235/235/235
f 235/235/235 229/229/229 237/237/237
f 229/229/229 238/238/238 237/237/237
f 239/239/239 237/237/237 238/238/238
f 240/240/240 238/238/238 229/229/229
f 241/241/241 220/220/220 221/221/221
f 244/244/244 243/243/243 242/242/242
f 242/242/242 245/245/245 244/244/244
f 246/246/246 244/244/244 245/245/245
f 248/248/248 242/242/242 247/247/247
f 247/247/247 249/249/249 248/248/248
f 250/250/250 248/248/248 249/249/249
f 252/252/252 250/250/250 251/251/251
f 251/251/251 250/250/250 253/253/253
f 252/252/252 254/254/254 250/250/250
f 255/255/255 250/250/250 254/254/254
f 255/255/255 254/254/254 256/256/256
f 257/257/257 256/256/256 254/254/254
f 257/257/257 258/258/258 256/256/256
f 259/259/259 256/256/256 258/258/258
f 262/262/262 261/261/261 260/260/260
f 263/263/263 260/260/260 261/261/261
f 261/261/261 264/264/264 263/263/263
f 265/265/265 263/263/263 264/264/264
f 264/264/264 266/266/266 265/265/265
f 266/266/266 267/267/267 265/265/265
f 268/268/268 265/265/265 267/267/267
f 267/267/267 269/269/269 268/268/268
f 269/269/269 270/270/270 268/268/268
f 271/271/271 268/268/268 270/270/270
f 270/270/270 272/272/272 271/271/271
f 272/272/272 273/273/273 271/271/271
f 271/271/271 273/273/273 274/274/274
f 275/275/275 274/274/274 273/273/273
f 276/276/276 274/274/274 275/275/275
f 276/276/276 277/277/277 274/274/274
f 278/278/278 274/274/274 277/277/277
f 277/277/277 279/279/279 278/278/278
f 265/265/265 268/268/268 280/280/280
f 281/281/281 280/280/280 268/268/268
f 268/268/268 271/271/271 281/281/281
f 282/282/282 281/281/281 271/271/271
f 271/271/271 283/283/283 282/282/282
f 284/284/284 282/282/282 283/283/283
f 280/280/280 281/281/281 285/285/285
f 280/280/280 285/285/285 265/265/265
f 263/263/263 265/265/265 285/285/285
f 286/286/286 285/285/285 281/281/281
f 281/281/281 282/282/282 286/286/286
f 284/284/284 286/286/286 282/282/282
f 263/263/263 285/285/285 260/260/260
f 287/287/287 260/260/260 285/285/285
f 285/285/285 286/286/286 287/287/287
f 284/284/284 283/283/283 288/288/288
f 284/284/284 288/288/288 286/286/286
f 289/289/289 288/288/288 283/283/283
f 290/290/290 286/286/286 288/288/288
f 290/290/290 287/287/287 286/286/286
f 279/279/279 291/291/291 278/278/278
f 289/289/289 283/283/283 292/292/292
f 293/293/293 292/292/292 283/283/283
f 293/293/293 283/283/283 294/294/294
f 271/271/271 294/294/294 283/283/283
f 271/271/271 274/274/274 294/294/294
f 295/295/295 294/294/294 274/274/274
f 294/294/294 295/295/295 293/293/293
f 295/295/295 274/274/274 296/296/296
f 278/278/278 296/296/296 274/274/274
f 297/297/297 278/278/278 291/291/291
f 297/297/297 291/291/291 298/298/298
f 299/299/299 298/298/298 291/291/291
f 295/295/295 296/296/296 300/300/300
f 300/300/300 293/293/293 295/295/295
f 293/293/293 300/300/300 292/292/292
f 301/301/301 300/300/300 296/296/296
f 296/296/296 278/278/278 301/301/301
f 297/297/297 301/301/301 278/278/278
f 297/297/297 298/298/298 301/301/301
f 302/302/302 301/301/301 298/298/298
f 303/303/303 292/292/292 300/300/300
f 302/302/302 303/303/303 301/301/301
f 300/300/300 301/301/301 303/303/303
f 306/306/306 305/305/305 304/304/304
f 304/304/304 305/305/305 307/307/307
f 305/305/305 308/308/308 307/307/307
f 308/308/308 305/305/305 309/309/309
f 309/309/309 305/305/305 310/310/310
f 311/311/311 310/310/310 305/305/305
f 310/310/310 311/311/311 312/312/312
f 312/312/312 311/311/311 313/313/313
f 311/311/311 314/314/314 313/313/313
f 315/315/315 313/313/313 314/314/314
f 316/316/316 315/315/315 314/314/314
f 316/316/316 314/314/314 317/317/317
f 317/317/317 314/314/314 318/318/318
f 311/311/311 305/305/305 319/319/319
f 311/311/311 319/319/319 314/314/314
f 320/320/320 319/319/319 305/305/305
f 320/320/320 305/305/305 321/321/321
f 306/306/306 321/321/321 305/305/305
f 318/318/318 314/314/314 322/322/322
f 323/323/323 314/314/314 319/319/319
f 324/324/324 322/322/322 323/323/323
f 314/314/314 325/325/325 322/322/322
f 328/328/328 327/327/327 326/326/326
f 330/330/330 329/329/329 328/328/328
f 330/330/330 331/331/331 329/329/329
f 332/332/332 329/329/329 331/331/331
f 329/329/329 327/327/327 333/333/333
f 335/335/335 332/332/332 334/334/334
f 335/335/335 336/336/336 332/332/332
f 334/334/334 332/332/332 337/337/337
f 339/339/339 332/332/332 338/338/338
f 340/340/340 339/339/339 338/338/338
f 341/341/341 339/339/339 340/340/340
f 342/342/342 341/341/341 340/340/340
f 345/345/345 344/344/344 343/343/343
f 346/346/346 343/343/343 344/344/344
f 346/346/346 347/347/347 343/343/343
f 348/348/348 343/343/343 347/347/347
f 347/347/347 349/349/349 348/348/348
f 350/350/350 348/348/348 349/349/349
f 349/349/349 351/351/351 350/350/350
f 352/352/352 350/350/350 351/351/351
f 353/353/353 351/351/351 349/349/349
f 346/346/346 344/344/344 353/353/353
f 346/346/346 353/353/353 347/347/347
f 349/349/349 347/347/347 353/353/353
f 353/353/353 344/344/344 354/354/354
f 355/355/355 354/354/354 344/344/344
f 355/355/355 356/356/356 354/354/354
f 355/355/355 344/344/344 356/356/356
f 345/345/345 356/356/356 344/344/344
f 357/357/357 354/354/354 356/356/356
f 360/360/360 359/359/359 358/358/358
f 361/361/361 358/358/358 359/359/359
f 361/361/361 362/362/362 358/358/358
f 362/362/362 361/361/361 363/363/363
f 364/364/364 363/363/363 361/361/361
f 365/365/365 358/358/358 362/362/362
f 366/366/366 365/365/365 362/362/362
f 362/362/362 363/363/363 366/366/366
f 366/366/366 367/367/367 365/365/365
f 367/367/367 366/366/366 363/363/363
f 368/368/368 365/365/365 367/367/367
f 365/365/365 368/368/368 369/369/369
f 370/370/370 369/369/369 368/368/368
f 359/359/359 371/371/371 361/361/361
f 364/364/364 361/361/361 371/371/371
f 358/358/358 372/372/372 360/360/360
f 373/373/373 360/360/360 372/372/372
f 373/373/373 372/372/372 374/374/374
f 375/375/375 374/374/374 372/372/372
f 375/375/375 372/372/372 376/376/376
f 377/377/377 376/376/376 372/372/372
f 369/369/369 377/377/377 365/365/365
f 376/376/376 377/377/377 370/370/370
f 369/369/369 370/370/370 377/377/377
f 372/372/372 358/358/358 377/377/377
f 365/365/365 377/377/377 358/358/358
f 380/380/380 379/379/379 378/378/378
f 381/381/381 380/380/380 378/378/378
f 380/380/380 381/381/381 382/382/382
f 380/380/380 382/382/382 383/383/383
f 380/380/380 384/384/384 379/379/379
f 380/380/380 385/385/385 384/384/384
f 388/388/388 387/387/387 386/386/386
f 389/389/389 386/386/386 387/387/387
f 386/386/386 389/389/389 390/390/390
f 391/391/391 390/390/390 389/389/389
f 387/387/387 392/392/392 389/389/389
f 393/393/393 389/389/389 392/392/392
f 389/389/389 393/393/393 394/394/394
f 389/389/389 394/394/394 395/395/395
f 395/395/395 391/391/391 389/389/389
f 396/396/396 394/394/394 393/393/393
f 399/399/399 398/398/398 397/397/397
f 398/398/398 399/399/399 400/400/400
f 400/400/400 401/401/401 398/398/398
f 400/400/400 403/403/403 402/402/402
f 405/405/405 404/404/404 403/403/403
f 403/403/403 406/406/406 405/405/405
f 398/398/398 408/408/408 407/407/407
f 409/409/409 407/407/407 408/408/408
f 411/411/411 405/405/405 410/410/410
f 412/412/412 410/410/410 405/405/405
f 412/412/412 414/414/414 413/413/413
f 413/413/413 415/415/415 412/412/412
f 416/416/416 412/412/412 415/415/415
f 418/418/418 417/417/417 416/416/416
f 419/419/419 417/417/417 412/412/412
f 420/420/420 412/412/412 417/417/417
f 423/423/423 422/422/422 421/421/421
f 424/424/424 421/421/421 422/422/422
f 424/424/424 426/426/426 425/425/425
f 424/424/424 427/427/427 426/426/426
f 428/428/428 426/426/426 427/427/427
f 429/429/429 427/427/427 423/423/423
f 431/431/431 424/424/424 430/430/430
f 432/432/432 430/430/430 424/424/424
f 434/434/434 432/432/432 433/433/433
f 432/432/432 434/434/434 435/435/435
f 438/438/438 437/437/437 436/436/436
f 436/436/436 439/439/439 438/438/438
f 437/437/437 440/440/440 436/436/436
f 437/437/437 438/438/438 441/441/441
f 442/442/442 441/441/441 438/438/438
f 438/438/438 443/443/443 442/442/442
f 438/438/438 439/439/439 443/443/443
f 444/444/444 442/442/442 443/443/443
f 443/443/443 445/445/445 444/444/444
f 446/446/446 444/444/444 445/445/445
f 444/444/444 446/446/446 447/447/447
f 444/444/444 447/447/447 442/442/442
f 441/441/441 442/442/442 448/448/448
f 441/441/441 448/448/448 437/437/437
f 437/437/437 448/448/448 449/449/449
f 449/449/449 450/450/450 437/437/437
f 451/451/451 437/437/437 450/450/450
f 452/452/452 449/449/449 448/448/448
f 453/453/453 448/448/448 442/442/442
f 453/453/453 442/442/442 447/447/447
f 453/453/453 447/447/447 454/454/454
f 447/447/447 446/446/446 454/454/454
f 453/453/453 455/455/455 448/448/448
f 452/452/452 448/448/448 455/455/455
f 453/453/453 456/456/456 455/455/455
f 446/446/446 445/445/445 457/457/457
f 458/458/458 457/457/457 445/445/445
f 459/459/459 454/454/454 446/446/446
f 462/462/462 461/461/461 460/460/460
f 464/464/464 460/460/460 463/463/463
f 461/461/461 465/465/465 464/464/464
f 466/466/466 464/464/464 465/465/465
f 467/467/467 464/464/464 466/466/466
f 467/467/467 468/468/468 464/464/464
f 469/469/469 464/464/464 468/468/468
f 467/467/467 466/466/466 470/470/470
f 471/471/471 470/470/470 466/466/466
f 466/466/466 465/465/465 471/471/471
f 471/471/471 472/472/472 470/470/470
f 473/473/473 470/470/470 472/472/472
f 473/473/473 472/472/472 474/474/474
f 474/474/474 475/475/475 473/473/473
f 475/475/475 474/474/474 476/476/476
f 477/477/477 476/476/476 474/474/474
f 473/473/473 475/475/475 478/478/478
f 473/473/473 478/478/478 470/470/470
f 479/479/479 470/470/470 478/478/478
f 470/470/470 479/479/479 467/467/467
f 468/468/468 467/467/467 480/480/480
f 474/474/474 472/472/472 481/481/481
f 471/471/471 481/481/481 472/472/472
f 474/474/474 481/481/481 482/482/482
f 481/481/481 471/471/471 465/465/465
f 481/481/481 465/465/465 483/483/483
f 481/481/481 483/483/483 484/484/484
f 484/484/484 485/485/485 481/481/481
f 486/486/486 483/483/483 465/465/465
f 465/465/465 487/487/487 486/486/486
f 465/465/465 488/488/488 487/487/487
f 487/487/487 488/488/488 443/443/443
f 489/489/489 486/486/486 487/487/487
f 487/487/487 490/490/490 489/489/489
f 443/443/443 491/491/491 487/487/487
f 491/491/491 443/443/443 439/439/439
f 492/492/492 487/487/487 491/491/491
f 492/492/492 490/490/490 487/487/487
f 485/485/485 494/494/494 493/493/493
f 495/495/495 493/493/493 494/494/494
f 498/498/498 497/497/497 496/496/496
f 499/499/499 496/496/496 497/497/497
f 496/496/496 501/501/501 500/500/500
f 503/503/503 500/500/500 502/502/502
f 505/505/505 504/504/504 440/440/440
f 506/506/506 440/440/440 504/504/504
f 509/509/509 508/508/508 507/507/507
f 510/510/510 507/507/507 508/508/508
f 508/508/508 511/511/511 510/510/510
f 513/513/513 512/512/512 511/511/511
f 514/514/514 513/513/513 511/511/511
f 516/516/516 511/511/511 515/515/515
f 517/517/517 515/515/515 511/511/511
f 516/516/516 515/515/515 518/518/518
f 515/515/515 519/519/519 518/518/518
f 518/518/518 520/520/520 516/516/516
f 521/521/521 516/516/516 520/520/520
f 522/522/522 514/514/514 521/521/521
f 522/522/522 521/521/521 523/523/523
f 524/524/524 523/523/523 521/521/521
f 524/524/524 526/526/526 525/525/525
f 527/527/527 525/525/525 526/526/526
f 530/530/530 529/529/529 528/528/528
f 531/531/531 528/528/528 529/529/529
f 530/530/530 533/533/533 532/532/532
f 534/534/534 532/532/532 533/533/533
f 537/537/537 536/536/536 535/535/535
f 539/539/539 538/538/538 536/536/536
f 539/539/539 541/541/541 540/540/540
f 540/540/540 542/542/542 539/539/539
f 542/542/542 543/543/543 539/539/539
f 540/540/540 541/541/541 544/544/544
f 547/547/547 546/546/546 545/545/545
f 548/548/548 545/545/545 546/546/546
f 550/550/550 548/548/548 549/549/549
f 551/551/551 549/549/549 548/548/548
f 553/553/553 552/552/552 546/546/546
f 553/553/553 554/554/554 552/552/552
f 555/555/555 552/552/552 554/554/554
f 554/554/554 556/556/556 555/555/555
f 556/556/556 557/557/557 555/555/555
f 556/556/556 554/554/554 558/558/558
f 559/559/559 558/558/558 554/554/554
f 559/559/559 560/560/560 558/558/558
f 562/562/562 561/561/561 559/559/559
f 560/560/560 563/563/563 561/561/561
f 561/561/561 565/565/565 564/564/564
f 566/566/566 564/564/564 562/562/562
f 569/569/569 568/568/568 567/567/567
f 570/570/570 567/567/567 568/568/568
f 570/570/570 571/571/571 567/567/567
f 572/572/572 567/567/567 571/571/571
f 569/569/569 567/567/567 573/573/573
f 574/574/574 573/573/573 567/567/567
f 567/567/567 572/572/572 574/574/574
f 575/575/575 574/574/574 572/572/572
f 573/573/573 574/574/574 576/576/576
f 577/577/577 576/576/576 574/574/574
f 575/575/575 578/578/578 574/574/574
f 577/577/577 574/574/574 578/578/578
f 578/578/578 575/575/575 579/579/579
f 580/580/580 579/579/579 575/575/575
f 571/571/571 581/581/581 572/572/572
f 575/575/575 572/572/572 581/581/581
f 580/580/580 575/575/575 582/582/582
f 581/581/581 582/582/582 575/575/575
f 583/583/583 582/582/582 581/581/581
f 568/568/568 584/584/584 570/570/570
f 585/585/585 570/570/570 584/584/584
f 586/586/586 571/571/571 585/585/585
f 581/581/581 587/587/587 583/583/583
f 586/586/586 585/585/585 587/587/587
f 581/581/581 571/571/571 587/587/587
f 586/586/586 587/587/587 571/571/571
f 570/570/570 585/585/585 571/571/571
f 588/588/588 583/583/583 587/587/587
f 589/589/589 587/587/587 585/585/585
f 587/587/587 590/590/590 588/588/588
f 590/590/590 587/587/587 591/591/591
f 587/587/587 592/592/592 591/591/591
f 593/593/593 591/591/591 592/592/592
f 594/594/594 593/593/593 592/592/592
f 587/587/587 595/595/595 592/592/592
f 596/596/596 592/592/592 595/595/595
f 592/592/592 596/596/596 597/597/597
f 592/592/592 597/597/597 594/594/594
f 598/598/598 597/597/597 596/596/596
f 599/599/599 594/594/594 597/597/597
f 600/600/600 599/599/599 597/597/597
f 601/601/601 600/600/600 597/597/597
f 597/597/597 602/602/602 601/601/601
f 597/597/597 598/598/598 602/602/602
f 603/603/603 601/601/601 602/602/602
f 604/604/604 602/602/602 598/598/598
f 598/598/598 596/596/596 604/604/604
f 596/596/596 595/595/595 605/605/605
f 605/605/605 604/604/604 596/596/596
f 606/606/606 605/605/605 595/595/595
f 595/595/595 587/587/587 606/606/606
f 589/589/589 606/606/606 587/587/587
f 605/605/605 607/607/607 604/604/604
f 605/605/605 606/606/606 607/607/607
f 608/608/608 604/604/604 607/607/607
f 604/604/604 608/608/608 602/602/602
f 602/602/602 609/609/609 603/603/603
f 609/609/609 602/602/602 608/608/608
f 610/610/610 603/603/603 609/609/609
f 589/589/589 611/611/611 606/606/606
f 589/589/589 585/585/585 611/611/611
f 584/584/584 611/611/611 585/585/585
f 612/612/612 606/606/606 611/611/611
f 612/612/612 607/607/607 606/606/606
f 615/615/615 614/614/614 613/613/613
f 616/616/616 613/613/613 614/614/614
f 614/614/614 617/617/617 616/616/616
f 616/616/616 617/617/617 618/618/618
f 618/618/618 619/619/619 616/616/616
f 616/616/616 619/619/619 620/620/620
f 616/616/616 620/620/620 621/621/621
f 616/616/616 621/621/621 622/622/622
f 616/616/616 622/622/622 613/613/613
f 623/623/623 622/622/622 621/621/621
f 624/624/624 621/621/621 620/620/620
f 623/623/623 621/621/621 625/625/625
f 626/626/626 625/625/625 621/621/621
f 626/626/626 621/621/621 627/627/627
f 628/628/628 627/627/627 621/621/621
f 628/628/628 621/621/621 624/624/624
f 628/628/628 624/624/624 629/629/629
f 626/626/626 627/627/627 630/630/630
f 630/630/630 631/631/631 626/626/626
f 626/626/626 631/631/631 632/632/632
f 631/631/631 633/633/633 632/632/632
f 626/626/626 632/632/632 634/634/634
f 626/626/626 634/634/634 635/635/635
f 636/636/636 635/635/635 634/634/634
f 635/635/635 637/637/637 626/626/626
f 617/617/617 638/638/638 618/618/618
f 641/641/641 640/640/640 639/639/639
f 640/640/640 641/641/641 642/642/642
f 643/643/643 642/642/642 641/641/641
f 645/645/645 644/644/644 640/640/640
f 645/645/645 646/646/646 644/644/644
f 647/647/647 644/644/644 646/646/646
f 646/646/646 648/648/648 647/647/647
f 646/646/646 649/649/649 648/648/648
f 649/649/649 646/646/646 650/650/650
f 652/652/652 651/651/651 646/646/646
f 652/652/652 653/653/653 651/651/651
f 654/654/654 651/651/651 653/653/653
f 653/653/653 655/655/655 654/654/654
f 656/656/656 654/654/654 655/655/655
f 659/659/659 658/658/658 657/657/657
f 660/660/660 657/657/657 658/658/658
f 660/660/660 661/661/661 657/657/657
f 662/662/662 657/657/657 661/661/661
f 663/663/663 662/662/662 661/661/661
f 663/663/663 661/661/661 664/664/664
f 665/665/665 664/664/664 661/661/661
f 666/666/666 664/664/664 665/665/665
f 665/665/665 667/667/667 666/666/666
f 668/668/668 666/666/666 667/667/667
f 669/669/669 668/668/668 667/667/667
f 670/670/670 669/669/669 667/667/667
f 670/670/670 667/667/667 671/671/671
f 672/672/672 671/671/671 667/667/667
f 672/672/672 673/673/673 671/671/671
f 672/672/672 674/674/674 673/673/673
f 675/675/675 673/673/673 674/674/674
f 676/676/676 675/675/675 674/674/674
f 661/661/661 677/677/677 665/665/665
f 678/678/678 665/665/665 677/677/677
f 665/665/665 678/678/678 667/667/667
f 679/679/679 667/667/667 678/678/678
f 677/677/677 661/661/661 680/680/680
f 677/677/677 680/680/680 678/678/678
f 660/660/660 680/680/680 661/661/661
f 679/679/679 681/681/681 667/667/667
f 682/682/682 678/678/678 680/680/680
f 681/681/681 679/679/679 682/682/682
f 678/678/678 682/682/682 679/679/679
f 660/660/660 658/658/658 680/680/680
f 683/683/683 680/680/680 658/658/658
f 680/680/680 683/683/683 682/682/682
f 681/681/681 682/682/682 684/684/684
f 684/684/684 685/685/685 681/681/681
f 686/686/686 681/681/681 685/685/685
f 686/686/686 667/667/667 681/681/681
f 687/687/687 684/684/684 682/682/682
f 687/687/687 682/682/682 683/683/683
f 667/667/667 686/686/686 688/688/688
f 688/688/688 689/689/689 667/667/667
f 672/672/672 667/667/667 689/689/689
f 672/672/672 689/689/689 674/674/674
f 690/690/690 674/674/674 689/689/689
f 691/691/691 688/688/688 686/686/686
f 686/686/686 685/685/685 691/691/691
f 689/689/689 692/692/692 690/690/690
f 691/691/691 692/692/692 688/688/688
f 689/689/689 688/688/688 692/692/692
f 693/693/693 690/690/690 692/692/692
f 693/693/693 694/694/694 690/690/690
f 674/674/674 690/690/690 694/694/694
f 694/694/694 695/695/695 674/674/674
f 695/695/695 694/694/694 696/696/696
f 697/697/697 696/696/696 694/694/694
f 676/676/676 674/674/674 695/695/695
f 697/697/697 694/694/694 698/698/698
f 693/693/693 698/698/698 694/694/694
f 693/693/693 692/692/692 698/698/698
f 692/692/692 691/691/691 699/699/699
f 699/699/699 698/698/698 692/692/692
f 700/700/700 699/699/699 691/691/691
f 700/700/700 691/691/691 685/685/685
f 703/703/703 702/702/702 701/701/701
f 703/703/703 701/701/701 704/704/704
f 705/705/705 703/703/703 704/704/704
f 703/703/703 705/705/705 706/706/706
f 703/703/703 706/706/706 707/707/707
f 708/708/708 707/707/707 706/706/706
f 707/707/707 708/708/708 709/709/709
f 707/707/707 709/709/709 710/710/710
f 710/710/710 711/711/711 707/707/707
f 712/712/712 707/707/707 711/711/711
f 711/711/711 713/713/713 712/712/712
f 712/712/712 713/713/713 714/714/714
f 712/712/712 714/714/714 715/715/715
f 703/703/703 707/707/707 716/716/716
f 703/703/703 716/716/716 702/702/702
f 717/717/717 716/716/716 707/707/707
f 718/718/718 702/702/702 716/716/716
f 712/712/712 715/715/715 719/719/719
f 717/717/717 707/707/707 720/720/720
f 712/712/712 720/720/720 707/707/707
f 721/721/721 720/720/720 719/719/719
f 712/712/712 719/719/719 722/722/722
f 725/725/725 724/724/724 723/723/723
f 727/727/727 726/726/726 724/724/724
f 727/727/727 728/728/728 726/726/726
f 729/729/729 726/726/726 728/728/728
f 725/725/725 727/727/727 730/730/730
f 728/728/728 732/732/732 731/731/731
f 728/728/728 733/733/733 732/732/732
f 728/728/728 731/731/731 734/734/734
f 736/736/736 732/732/732 735/735/735
f 735/735/735 737/737/737 736/736/736
f 735/735/735 739/739/739 738/738/738
f 739/739/739 740/740/740 737/737/737
f 743/743/743 742/742/742 741/741/741
f 744/744/744 741/741/741 742/742/742
f 744/744/744 742/742/742 745/745/745
f 746/746/746 745/745/745 742/742/742
f 745/745/745 746/746/746 747/747/747
f 748/748/748 747/747/747 746/746/746
f 748/748/748 749/749/749 747/747/747
f 750/750/750 747/747/747 749/749/749
f 750/750/750 751/751/751 747/747/747
f 741/741/741 744/744/744 751/751/751
f 747/747/747 751/751/751 745/745/745
f 744/744/744 745/745/745 751/751/751
f 741/741/741 751/751/751 752/752/752
f 753/753/753 752/752/752 751/751/751
f 752/752/752 753/753/753 754/754/754
f 743/743/743 741/741/741 754/754/754
f 752/752/752 754/754/754 741/741/741
f 755/755/755 754/754/754 753/753/753
f 758/758/758 757/757/757 756/756/756
f 759/759/759 756/756/756 757/757/757
f 760/760/760 758/758/758 756/756/756
f 758/758/758 760/760/760 761/761/761
f 762/762/762 761/761/761 760/760/760
f 760/760/760 756/756/756 763/763/763
f 764/764/764 763/763/763 756/756/756
f 763/763/763 764/764/764 765/765/765
f 763/763/763 765/765/765 760/760/760
f 762/762/762 760/760/760 765/765/765
f 766/766/766 765/765/765 764/764/764
f 764/764/764 767/767/767 766/766/766
f 768/768/768 766/766/766 767/767/767
f 757/757/757 758/758/758 769/769/769
f 761/761/761 769/769/769 758/758/758
f 756/756/756 759/759/759 770/770/770
f 764/764/764 756/756/756 770/770/770
f 771/771/771 770/770/770 759/759/759
f 771/771/771 772/772/772 770/770/770
f 773/773/773 770/770/770 772/772/772
f 773/773/773 774/774/774 770/770/770
f 768/768/768 767/767/767 774/774/774
f 775/775/775 770/770/770 774/774/774
f 767/767/767 764/764/764 775/775/775
f 770/770/770 775/775/775 764/764/764
f 775/775/775 774/774/774 767/767/767
f 778/778/778 777/777/777 776/776/776
f 777/777/777 779/779/779 776/776/776
f 779/779/779 777/777/777 780/780/780
f 780/780/780 777/777/777 781/781/781
f 782/782/782 777/777/777 778/778/778
f 783/783/783 777/777/777 782/782/782
f 786/786/786 785/785/785 784/784/784
f 787/787/787 784/784/784 785/785/785
f 784/784/784 787/787/787 788/788/788
f 789/789/789 788/788/788 787/787/787
f 786/786/786 784/784/784 790/790/790
f 791/791/791 790/790/790 784/784/784
f 784/784/784 792/792/792 791/791/791
f 792/792/792 784/784/784 793/793/793
f 788/788/788 793/793/793 784/784/784
f 794/794/794 791/791/791 792/792/792
f 797/797/797 796/796/796 795/795/795
f 796/796/796 797/797/797 798/798/798
f 799/799/799 798/798/798 797/797/797
f 801/801/801 797/797/797 800/800/800
f 797/797/797 803/803/803 802/802/802
f 804/804/804 802/802/802 803/803/803
f 798/798/798 802/802/802 805/805/805
f 806/806/806 805/805/805 802/802/802
f 802/802/802 804/804/804 806/806/806
f 807/807/807 806/806/806 804/804/804
f 810/810/810 809/809/809 808/808/808
f 809/809/809 810/810/810 811/811/811
f 809/809/809 811/811/811 812/812/812
f 809/809/809 814/814/814 813/813/813
f 816/816/816 815/815/815 810/810/810
f 817/817/817 814/814/814 815/815/815
f 816/816/816 818/818/818 815/815/815
f 819/819/819 815/815/815 818/818/818
f 815/815/815 819/819/819 820/820/820
f 821/821/821 820/820/820 819/819/819
