g Blue_mag_f_pve_2_shoulderstrap
v 0.287477553 0.106745377 1.54972136
v 0.235178426 0.107419647 1.44201052
v 0.300763547 0.0995587334 1.46125543
v 0.168648779 0.125431836 1.53798807
v 0.171554923 0.119258069 1.50090265
v 0.16787447 0.114750132 1.53963375
v 0.170519888 0.108565643 1.50248408
v 0.170519888 0.108565643 1.50248408
v 0.234776199 0.0967340544 1.44374478
v 0.274290353 0.105320543 1.54758942
v 0.16787447 0.114750132 1.53963375
v 0.234776199 0.0967340544 1.44374478
v 0.216997162 0.0582271405 1.5657872
v 0.227959231 0.0581115596 1.56960475
v 0.294532686 -0.00560876075 1.58896852
v 0.30523771 -0.00653121341 1.5934664
v 0.329120547 -0.00589114474 1.46425533
v 0.282745838 0.0510839075 1.4611721
v 0.294325709 0.0528762378 1.46399355
v 0.28686446 0.0918181017 1.46208489
v 0.300763547 0.0995587334 1.46125543
v 0.234776199 0.0967340544 1.44374478
v 0.227959231 0.0581115596 1.56960475
v 0.287477553 0.106745377 1.54972136
v 0.227959231 0.0581115596 1.56960475
v 0.300763547 0.0995587334 1.46125543
v 0.329120547 -0.00589114474 1.46425533
v 0.316960126 -0.00552708795 1.46466219
v 0.211187258 -0.0642440692 1.56930172
v 0.292294502 -0.0576942638 1.46568966
v 0.281096101 -0.0571099333 1.46093905
v 0.301477253 -0.106927544 1.46219194
v 0.286493272 -0.102696493 1.45642424
v 0.289430857 -0.120572649 1.55884004
v 0.301477253 -0.106927544 1.46219194
v 0.158430874 -0.133557782 1.50062573
v 0.235072032 -0.120841652 1.44255555
v 0.156102553 -0.140529603 1.53835201
v 0.211187258 -0.0642440692 1.56930172
v 0.286493272 -0.102696493 1.45642424
v 0.234060839 -0.110406995 1.44496
v 0.15727289 -0.122952856 1.50213742
v 0.15727289 -0.122952856 1.50213742
v 0.154278547 -0.133284628 1.54030573
v 0.154278547 -0.133284628 1.54030573
v 0.289430857 -0.120572649 1.55884004
v 0.281187683 -0.11789827 1.55544078
v 0.211187258 -0.0642440692 1.56930172
v 0.329120547 -0.00589114474 1.46425533
v 0.30523771 -0.00653121341 1.5934664
v 0.20038496 -0.0639494881 1.56511331
v 0.294532686 -0.00560876075 1.58896852
v 0.316960126 -0.00552708795 1.46466219
v 0.234776199 0.0967340544 1.44374478
v 0.274290353 0.105320543 1.54758942
v 0.28686446 0.0918181017 1.46208489
v 0.16787447 0.114750132 1.53963375
v 0.170519888 0.108565643 1.50248408
v 0.286493272 -0.102696493 1.45642424
v 0.15727289 -0.122952856 1.50213742
v 0.234060839 -0.110406995 1.44496
v 0.281187683 -0.11789827 1.55544078
v 0.281187683 -0.11789827 1.55544078
v 0.154278547 -0.133284628 1.54030573
v 0.28686446 0.0918181017 1.46208489
v 0.216997162 0.0582271405 1.5657872
v 0.282745838 0.0510839075 1.4611721
v 0.316960126 -0.00552708795 1.46466219
v 0.216997162 0.0582271405 1.5657872
v 0.274290353 0.105320543 1.54758942
v 0.316960126 -0.00552708795 1.46466219
v 0.20038496 -0.0639494881 1.56511331
v 0.281096101 -0.0571099333 1.46093905
v 0.281187683 -0.11789827 1.55544078
v 0.286493272 -0.102696493 1.45642424
v 0.281187683 -0.11789827 1.55544078
v 0.20038496 -0.0639494881 1.56511331
v 0.20038496 -0.0639494881 1.56511331
v 0.316960126 -0.00552708795 1.46466219
v 0.294532686 -0.00560876075 1.58896852
v 0.316960126 -0.00552708795 1.46466219
v 0.216997162 0.0582271405 1.5657872
v 0.294532686 -0.00560876075 1.58896852
v 0.281187683 -0.11789827 1.55544078
v 0.20038496 -0.0639494881 1.56511331
v 0.234292045 0.123628415 1.75754631
v 0.187988341 0.0909699872 1.81805444
v 0.197751015 0.115288638 1.81392777
v 0.208279625 0.0987342745 1.74616981
v 0.149714142 0.0886768401 1.80434561
v 0.164593443 0.0958548561 1.8244071
v 0.178184792 0.0977013484 1.89349258
v 0.218889251 0.117405564 1.85096359
v 0.19230935 0.112916961 1.91321635
v 0.136684775 0.105272807 1.95564604
v 0.154296473 0.108464971 1.89228034
v 0.144465268 0.0973022655 1.80027413
v 0.158221528 0.10933321 1.80630779
v 0.179390311 0.13423571 1.81312537
v 0.189384058 0.135522842 1.75225723
v 0.19230935 0.112916961 1.91321635
v 0.173767939 0.122010179 1.89085233
v 0.136684775 0.105272807 1.95564604
v 0.127184153 0.130662471 1.76900208
v 0.15801695 0.12259753 1.81505764
v 0.154296473 0.108464971 1.89228034
v 0.158221528 0.10933321 1.80630779
v 0.126995713 0.120862998 1.76813889
v 0.136055321 0.131200433 1.76615536
v 0.136055321 0.131200433 1.76615536
v 0.189368993 0.127712026 1.74952328
v 0.189368993 0.127712026 1.74952328
v 0.229013532 0.121455036 1.7515204
v 0.204699725 0.101221882 1.74469697
v 0.229013532 0.121455036 1.7515204
v 0.126995713 0.120862998 1.76813889
v 0.127184153 0.130662471 1.76900208
v 0.136055321 0.131200433 1.76615536
v 0.138046399 0.120759353 1.76701534
v 0.158221528 0.10933321 1.80630779
v 0.151834428 0.0985488966 1.79225981
v 0.287427813 0.126774594 1.65993667
v 0.144465268 0.0973022655 1.80027413
v 0.122867607 0.0575646572 1.74414182
v 0.209450662 0.0573773757 1.62064636
v 0.126995713 0.120862998 1.76813889
v 0.158221528 0.10933321 1.80630779
v 0.138046399 0.120759353 1.76701534
v 0.287427813 0.126774594 1.65993667
v 0.075328283 0.152228564 1.6560874
v 0.075328283 0.152228564 1.6560874
v 0.142219096 0.149159431 1.58610976
v 0.122867785 -0.0658834204 1.7441417
v 0.30930388 -0.00825206656 1.67153955
v 0.158773586 -0.028751893 1.80715537
v 0.206676036 -0.0738650709 1.62404191
v 0.184395745 -0.00225511356 1.85212159
v 0.122867607 0.0575646572 1.74414182
v 0.30930388 -0.00825206656 1.67153955
v 0.209450662 0.0573773757 1.62064636
v 0.159183383 0.0222572088 1.80787468
v 0.184395745 -0.00225511356 1.85212159
v 0.287427813 0.126774594 1.65993667
v 0.222077772 0.058077585 1.63189971
v 0.298754871 0.131792232 1.67132843
v 0.209450662 0.0573773757 1.62064636
v 0.229013532 0.121455036 1.7515204
v 0.204699725 0.101221882 1.74469697
v 0.135203496 0.0586584918 1.75638473
v 0.154561713 0.0911871567 1.79661047
v 0.151834428 0.0985488966 1.79225981
v 0.154561713 0.0911871567 1.79661047
v 0.122867607 0.0575646572 1.74414182
v 0.143769607 0.16457656 1.58697212
v 0.075328283 0.152228564 1.6560874
v 0.142219096 0.149159431 1.58610976
v 0.075328283 0.152228564 1.6560874
v 0.0766259879 0.167402744 1.65797162
v 0.142219096 0.149159431 1.58610976
v 0.298754871 0.131792232 1.67132843
v 0.143769607 0.16457656 1.58697212
v 0.287427813 0.126774594 1.65993667
v 0.189368993 0.127712026 1.74952328
v 0.0766259879 0.167402744 1.65797162
v 0.136055321 0.131200433 1.76615536
v 0.229013532 0.121455036 1.7515204
v 0.138046399 0.120759353 1.76701534
v 0.138046399 0.120759353 1.76701534
v 0.075328283 0.152228564 1.6560874
v 0.282623231 -0.134843349 1.6564312
v 0.147378758 -0.175868645 1.58718836
v 0.297337919 -0.139803648 1.66388106
v 0.145557925 -0.160612747 1.58627224
v 0.0768170133 -0.178687856 1.65813625
v 0.188747123 -0.138627633 1.75119305
v 0.227369666 -0.128752753 1.76579154
v 0.134665057 -0.14517951 1.76302075
v 0.131999254 -0.135740295 1.75866556
v 0.0750866979 -0.163508475 1.65596366
v 0.0768170133 -0.178687856 1.65813625
v 0.0750866979 -0.163508475 1.65596366
v 0.30930388 -0.00825206656 1.67153955
v 0.222073376 -0.0745817646 1.63190377
v 0.322647989 -0.00980407931 1.67906713
v 0.206676036 -0.0738650709 1.62404191
v 0.174570963 -0.0443022996 1.76833797
v 0.244465217 -0.024314303 1.73707044
v 0.130651295 -0.0670008585 1.75914896
v 0.294162393 -0.0204017106 1.68554366
v 0.322647989 -0.00980407931 1.67906713
v 0.159574166 -0.0362892672 1.81003582
v 0.122867785 -0.0658834204 1.7441417
v 0.159574166 -0.0362892672 1.81003582
v 0.158773586 -0.028751893 1.80715537
v 0.135203496 0.0586584918 1.75638473
v 0.159183383 0.0222572088 1.80787468
v 0.122867607 0.0575646572 1.74414182
v 0.159183383 0.0222572088 1.80787468
v 0.163796648 0.0308591258 1.8110652
v 0.188336596 0.0291963331 1.76691771
v 0.242228881 0.0105331903 1.73798132
v 0.222077772 0.058077585 1.63189971
v 0.297784448 0.00144671451 1.68314815
v 0.322647989 -0.00980407931 1.67906713
v 0.209450662 0.0573773757 1.62064636
v 0.322647989 -0.00980407931 1.67906713
v 0.209450662 0.0573773757 1.62064636
v 0.30930388 -0.00825206656 1.67153955
v 0.297337919 -0.139803648 1.66388106
v 0.206676036 -0.0738650709 1.62404191
v 0.282623231 -0.134843349 1.6564312
v 0.222073376 -0.0745817646 1.63190377
v 0.202922717 -0.111699119 1.75952637
v 0.151852399 -0.0910098404 1.79514802
v 0.130651295 -0.0670008585 1.75914896
v 0.227369666 -0.128752753 1.76579154
v 0.130651295 -0.0670008585 1.75914896
v 0.147874728 -0.0951806679 1.78817666
v 0.122867785 -0.0658834204 1.7441417
v 0.151852399 -0.0910098404 1.79514802
v 0.131999254 -0.135740295 1.75866556
v 0.282623231 -0.134843349 1.6564312
v 0.203120857 -0.123436354 1.77160704
v 0.0750866979 -0.163508475 1.65596366
v 0.126411185 -0.135659352 1.75975883
v 0.15534322 -0.116814338 1.81587327
v 0.0750866979 -0.163508475 1.65596366
v 0.145557925 -0.160612747 1.58627224
v 0.147874728 -0.0951806679 1.78817666
v 0.206676036 -0.0738650709 1.62404191
v 0.122867785 -0.0658834204 1.7441417
v 0.282623231 -0.134843349 1.6564312
v 0.203120857 -0.123436354 1.77160704
v 0.15534322 -0.116814338 1.81587327
v 0.142524466 -0.0941148996 1.79562485
v 0.234087914 -0.133189291 1.77157807
v 0.187087461 -0.0920922533 1.81804991
v 0.206949741 -0.106796637 1.76060569
v 0.146740243 -0.0871029422 1.80045986
v 0.160449773 -0.0944940075 1.82440674
v 0.178184256 -0.0970447436 1.89349198
v 0.221975386 -0.12612097 1.85213864
v 0.189478427 -0.118200079 1.91311598
v 0.136684209 -0.107800141 1.95564556
v 0.150652975 -0.112846702 1.89227998
v 0.142524466 -0.0941148996 1.79562485
v 0.15534322 -0.116814338 1.81587327
v 0.202922717 -0.111699119 1.75952637
v 0.151852399 -0.0910098404 1.79514802
v 0.142524466 -0.0941148996 1.79562485
v 0.147874728 -0.0951806679 1.78817666
v 0.150652975 -0.112846702 1.89227998
v 0.197750524 -0.122028016 1.81392705
v 0.234087914 -0.133189291 1.77157807
v 0.17938967 -0.148942843 1.81312501
v 0.221975386 -0.12612097 1.85213864
v 0.189383402 -0.15077129 1.75225675
v 0.234087914 -0.133189291 1.77157807
v 0.131242588 -0.148013622 1.76532722
v 0.152275488 -0.132610917 1.81505716
v 0.173767403 -0.131576166 1.89085174
v 0.189478427 -0.118200079 1.91311598
v 0.221975386 -0.12612097 1.85213864
v 0.136684209 -0.107800141 1.95564556
v 0.150652975 -0.112846702 1.89227998
v 0.126411185 -0.135659352 1.75975883
v 0.188747123 -0.138627633 1.75119305
v 0.227369666 -0.128752753 1.76579154
v 0.134665057 -0.14517951 1.76302075
v 0.126411185 -0.135659352 1.75975883
v 0.131999254 -0.135740295 1.75866556
v 0.188747123 -0.138627633 1.75119305
v 0.15534322 -0.116814338 1.81587327
v 0.150652975 -0.112846702 1.89227998
v 0.126411185 -0.135659352 1.75975883
v 0.234087914 -0.133189291 1.77157807
v 0.202922717 -0.111699119 1.75952637
v 0.227369666 -0.128752753 1.76579154
v 0.234292045 0.123628415 1.75754631
v 0.204699725 0.101221882 1.74469697
v 0.154561713 0.0911871567 1.79661047
v 0.154561713 0.0911871567 1.79661047
v 0.144465268 0.0973022655 1.80027413
v 0.151834428 0.0985488966 1.79225981
v 0.24142696 0.0102064991 1.89586234
v 0.26979512 -0.0063671004 1.92100251
v 0.246308625 0.00504462328 1.92181885
v 0.270422459 -0.00635922467 1.88739347
v 0.225639492 -0.00557343708 1.90179861
v 0.266462624 -0.00623816671 1.95865107
v 0.250873059 0.00141607667 1.95466638
v 0.23408924 -0.00569216348 1.92808008
v 0.238911316 -0.00574311614 1.95603848
v 0.244564205 -0.00572891021 2.0022378
v 0.225639492 -0.00557343708 1.90179861
v 0.244564205 -0.00572891021 2.0022378
v 0.233291194 0.0135277044 1.86360359
v 0.206262007 -0.00497322856 1.87111044
v 0.219649732 0.0141941076 1.84614706
v 0.243001431 0.00958766509 1.84334898
v 0.237800866 0.0109936902 1.81616867
v 0.188336596 0.0291963331 1.76691771
v 0.242228881 0.0105331903 1.73798132
v 0.285652339 8.21297144E-05 1.78557539
v 0.373063654 -0.0071812761 1.7559123
v 0.163796648 0.0308591258 1.8110652
v 0.187853545 -0.00271601975 1.86200404
v 0.184395745 -0.00225511356 1.85212159
v 0.159183383 0.0222572088 1.80787468
v 0.238630295 -0.00566421682 1.8163749
v 0.286100954 -0.00616178801 1.785689
v 0.373063654 -0.0071812761 1.7559123
v 0.380321175 0.00822835043 1.67285967
v 0.393288493 -0.00672710128 1.77132308
v 0.440270156 0.00168225181 1.65955257
v 0.472341895 -0.00511565385 1.67548013
v 0.465347439 -0.0042913924 1.63125372
v 0.297784448 0.00144671451 1.68314815
v 0.26979512 -0.0063671004 1.92100251
v 0.240748584 -0.0210964009 1.89577985
v 0.245833397 -0.0161198024 1.92172241
v 0.270422459 -0.00635922467 1.88739347
v 0.225639492 -0.00557343708 1.90179861
v 0.23408924 -0.00569216348 1.92808008
v 0.250617057 -0.0134290606 1.95461726
v 0.238911316 -0.00574311614 1.95603848
v 0.244564205 -0.00572891021 2.0022378
v 0.266462624 -0.00623816671 1.95865107
v 0.244564205 -0.00572891021 2.0022378
v 0.231322244 -0.0238786042 1.86243081
v 0.206262007 -0.00497322856 1.87111044
v 0.242471799 -0.0212634895 1.84322441
v 0.223601103 -0.0283410493 1.84253943
v 0.239459753 -0.0223221201 1.81658113
v 0.174570963 -0.0443022996 1.76833797
v 0.244465217 -0.024314303 1.73707044
v 0.286549598 -0.0124057056 1.7858026
v 0.373063654 -0.0071812761 1.7559123
v 0.159574166 -0.0362892672 1.81003582
v 0.238630295 -0.00566421682 1.8163749
v 0.286100954 -0.00616178801 1.785689
v 0.159574166 -0.0362892672 1.81003582
v 0.286100954 -0.00616178801 1.785689
v 0.379776448 -0.022812942 1.67270076
v 0.393288493 -0.00672710128 1.77132308
v 0.294162393 -0.0204017106 1.68554366
v 0.440892845 -0.00981426798 1.66085231
v 0.472341895 -0.00511565385 1.67548013
v 0.393288493 -0.00672710128 1.77132308
v 0.472341895 -0.00511565385 1.67548013
v 0.465347439 -0.0042913924 1.63125372
v 0.242471799 -0.0212634895 1.84322441
v 0.238630295 -0.00566421682 1.8163749
v 0.239459753 -0.0223221201 1.81658113
v 0.242736623 -0.00583791174 1.84328675
v 0.243001431 0.00958766509 1.84334898
v 0.237800866 0.0109936902 1.81616867
v 0.257773042 -0.00610107183 1.83337748
v 0.243001431 0.00958766509 1.84334898
v 0.242471799 -0.0212634895 1.84322441
v 0.379776448 -0.022812942 1.67270076
v 0.440892845 -0.00981426798 1.66085231
v 0.379192412 -0.00721027376 1.67712212
v 0.322647989 -0.00980407931 1.67906713
v 0.294162393 -0.0204017106 1.68554366
v 0.440270156 0.00168225181 1.65955257
v 0.380321175 0.00822835043 1.67285967
v 0.297784448 0.00144671451 1.68314815
v 0.465347439 -0.0042913924 1.63125372
v 0.440270156 0.00168225181 1.65955257
v 0.159574166 -0.0362892672 1.81003582
v 0.187853545 -0.00271601975 1.86200404
v 0.159574166 -0.0362892672 1.81003582
v 0.184395745 -0.00225511356 1.85212159
v 0.159574166 -0.0362892672 1.81003582
v 0.158773586 -0.028751893 1.80715537
v 0.257773042 -0.00610107183 1.83337748
v 0.257773042 -0.00610107183 1.83337748
v 0.263502777 0.0576435998 1.52500486
v 0.25286147 0.120563924 1.6871562
v 0.308575869 0.11409229 1.53836727
v 0.18066667 0.0616324618 1.67314291
v 0.294067472 0.111108653 1.53537142
v 0.249899 0.0575906038 1.52264893
v 0.168620542 0.0613495037 1.66565335
v 0.18066667 0.0616324618 1.67314291
v 0.153495297 0.145554155 1.60630047
v 0.308575869 0.11409229 1.53836727
v 0.25286147 0.120563924 1.6871562
v 0.161019385 0.137535229 1.50715661
v 0.240998015 0.117206849 1.68016708
v 0.152273506 0.132532388 1.60674405
v 0.15991278 0.124526516 1.50806117
v 0.294067472 0.111108653 1.53537142
v 0.168620542 0.0613495037 1.66565335
v 0.240998015 0.117206849 1.68016708
v 0.308889478 -0.124667175 1.53841269
v 0.153874114 -0.161392629 1.60643137
v 0.253145963 -0.131323844 1.68716371
v 0.161389291 -0.152960688 1.50722015
v 0.152282432 -0.148405328 1.60674691
v 0.29437378 -0.121696591 1.53542066
v 0.159921288 -0.139980748 1.5080626
v 0.152282432 -0.148405328 1.60674691
v 0.241292134 -0.127895117 1.68019986
v 0.180660456 -0.0687515512 1.67312896
v 0.253145963 -0.131323844 1.68716371
v 0.339506209 -0.00425698375 1.53961742
v 0.263498545 -0.0649126545 1.52499688
v 0.283759028 -0.00505180284 1.70579278
v 0.168617994 -0.0681892484 1.6656518
v 0.275279194 -0.00490951538 1.69918144
v 0.326029509 -0.00418996718 1.53688788
v 0.263498545 -0.0649126545 1.52499688
v 0.249896288 -0.0645395517 1.52264833
v 0.18066667 0.0616324618 1.67314291
v 0.339506209 -0.00425698375 1.53961742
v 0.283759028 -0.00505180284 1.70579278
v 0.263502777 0.0576435998 1.52500486
v 0.275279194 -0.00490951538 1.69918144
v 0.168620542 0.0613495037 1.66565335
v 0.249899 0.0575906038 1.52264893
v 0.326029509 -0.00418996718 1.53688788
v 0.253145963 -0.131323844 1.68716371
v 0.263498545 -0.0649126545 1.52499688
v 0.308889478 -0.124667175 1.53841269
v 0.263498545 -0.0649126545 1.52499688
v 0.180660456 -0.0687515512 1.67312896
v 0.249896288 -0.0645395517 1.52264833
v 0.29437378 -0.121696591 1.53542066
v 0.240998015 0.117206849 1.68016708
v 0.249899 0.0575906038 1.52264893
v 0.294067472 0.111108653 1.53537142
v 0.240998015 0.117206849 1.68016708
v 0.168620542 0.0613495037 1.66565335
v 0.326029509 -0.00418996718 1.53688788
v 0.326029509 -0.00418996718 1.53688788
v 0.275279194 -0.00490951538 1.69918144
v 0.294067472 0.111108653 1.53537142
v 0.152273506 0.132532388 1.60674405
v 0.240998015 0.117206849 1.68016708
v 0.15991278 0.124526516 1.50806117
v 0.152282432 -0.148405328 1.60674691
v 0.29437378 -0.121696591 1.53542066
v 0.241292134 -0.127895117 1.68019986
v 0.29437378 -0.121696591 1.53542066
v 0.159921288 -0.139980748 1.5080626
v 0.249896288 -0.0645395517 1.52264833
v 0.241292134 -0.127895117 1.68019986
v 0.168617994 -0.0681892484 1.6656518
v 0.326029509 -0.00418996718 1.53688788
v 0.275279194 -0.00490951538 1.69918144
v 0.152273506 0.132532388 1.60674405
v 0.161019385 0.137535229 1.50715661
v 0.153495297 0.145554155 1.60630047
v 0.152273506 0.132532388 1.60674405
v 0.15991278 0.124526516 1.50806117
v 0.159921288 -0.139980748 1.5080626
v 0.153874114 -0.161392629 1.60643137
v 0.161389291 -0.152960688 1.50722015
v 0.159921288 -0.139980748 1.5080626
v 0.152282432 -0.148405328 1.60674691
v 0.180660456 -0.0687515512 1.67312896
v 0.241292134 -0.127895117 1.68019986
v 0.168617994 -0.0681892484 1.6656518
v -0.168648809 0.125431776 1.53798807
v -0.235178471 0.107419565 1.44201052
v -0.171554968 0.119258001 1.50090265
v -0.287477612 0.106745273 1.54972136
v -0.300763607 0.0995586067 1.46125567
v -0.167874485 0.114750065 1.53963375
v -0.170519903 0.108565576 1.50248408
v -0.170519903 0.108565576 1.50248408
v -0.234776229 0.096733965 1.44374478
v -0.274290413 0.105320439 1.54758942
v -0.167874485 0.114750065 1.53963375
v -0.234776229 0.096733965 1.44374478
v -0.210957482 0.0582270622 1.5657872
v -0.221919551 0.0581114814 1.56960475
v -0.294532716 -0.00560886366 1.58896852
v -0.30523771 -0.00653132051 1.5934664
v -0.329120636 -0.00589126023 1.46425533
v -0.282745838 0.0510838069 1.4611721
v -0.294325739 0.0528761297 1.46399355
v -0.286864489 0.0918179974 1.46208489
v -0.300763607 0.0995586067 1.46125567
v -0.234776229 0.096733965 1.44374478
v -0.300763607 0.0995586067 1.46125567
v -0.221919551 0.0581114814 1.56960475
v -0.329120636 -0.00589126023 1.46425533
v -0.316960126 -0.00552719925 1.46466219
v -0.221919551 0.0581114814 1.56960475
v -0.287477612 0.106745273 1.54972136
v -0.211187199 -0.0642441437 1.56930172
v -0.292294472 -0.0576943606 1.46568966
v -0.281096071 -0.0571100228 1.46093905
v -0.301477224 -0.106927663 1.46219194
v -0.286493212 -0.102696575 1.45642424
v -0.289430797 -0.120572738 1.55884004
v -0.211187199 -0.0642441437 1.56930172
v -0.301477224 -0.106927663 1.46219194
v -0.158430845 -0.133557826 1.50062573
v -0.156102479 -0.140529647 1.53835201
v -0.235071972 -0.120841719 1.44255555
v -0.286493212 -0.102696575 1.45642424
v -0.234060779 -0.110407062 1.44496
v -0.157272846 -0.122952908 1.50213742
v -0.157272846 -0.122952908 1.50213742
v -0.154278517 -0.133284673 1.54030573
v -0.289430797 -0.120572738 1.55884004
v -0.154278517 -0.133284673 1.54030573
v -0.281187624 -0.117898367 1.55544078
v -0.211187199 -0.0642441437 1.56930172
v -0.329120636 -0.00589126023 1.46425533
v -0.30523771 -0.00653132051 1.5934664
v -0.2003849 -0.0639495477 1.56511331
v -0.294532716 -0.00560886366 1.58896852
v -0.316960126 -0.00552719925 1.46466219
v -0.234776229 0.096733965 1.44374478
v -0.167874485 0.114750065 1.53963375
v -0.170519903 0.108565576 1.50248408
v -0.274290413 0.105320439 1.54758942
v -0.286864489 0.0918179974 1.46208489
v -0.281187624 -0.117898367 1.55544078
v -0.157272846 -0.122952908 1.50213742
v -0.154278517 -0.133284673 1.54030573
v -0.286493212 -0.102696575 1.45642424
v -0.234060779 -0.110407062 1.44496
v -0.281187624 -0.117898367 1.55544078
v -0.286864489 0.0918179974 1.46208489
v -0.210957482 0.0582270622 1.5657872
v -0.274290413 0.105320439 1.54758942
v -0.210957482 0.0582270622 1.5657872
v -0.282745838 0.0510838069 1.4611721
v -0.316960126 -0.00552719925 1.46466219
v -0.316960126 -0.00552719925 1.46466219
v -0.2003849 -0.0639495477 1.56511331
v -0.294532716 -0.00560886366 1.58896852
v -0.2003849 -0.0639495477 1.56511331
v -0.316960126 -0.00552719925 1.46466219
v -0.281096071 -0.0571100228 1.46093905
v -0.281187624 -0.117898367 1.55544078
v -0.2003849 -0.0639495477 1.56511331
v -0.281187624 -0.117898367 1.55544078
v -0.286493212 -0.102696575 1.45642424
v -0.210957482 0.0582270622 1.5657872
v -0.316960126 -0.00552719925 1.46466219
v -0.294532716 -0.00560886366 1.58896852
v -0.281187624 -0.117898367 1.55544078
v -0.2003849 -0.0639495477 1.56511331
v -0.234292075 0.123628326 1.75754631
v -0.187988356 0.0909699202 1.81805444
v -0.208279669 0.0987341926 1.74616981
v -0.19775106 0.115288548 1.81392777
v -0.149714187 0.088676773 1.80434561
v -0.164593458 0.0958547965 1.8244071
v -0.178184807 0.0977012813 1.89349234
v -0.218889296 0.117405482 1.85096335
v -0.19230938 0.112916879 1.91321635
v -0.13668482 0.10527274 1.95564604
v -0.154296488 0.108464904 1.89228034
v -0.144465297 0.0973021984 1.80027413
v -0.158221543 0.109333143 1.80630779
v -0.179390326 0.134235635 1.81312537
v -0.189384088 0.135522783 1.75225723
v -0.19230938 0.112916879 1.91321635
v -0.173767999 0.122010112 1.89085221
v -0.13668482 0.10527274 1.95564604
v -0.127184197 0.130662426 1.76900208
v -0.15801698 0.122597463 1.81505764
v -0.154296488 0.108464904 1.89228034
v -0.158221543 0.109333143 1.80630779
v -0.126995742 0.120862946 1.76813865
v -0.136055335 0.131200388 1.76615536
v -0.136055335 0.131200388 1.76615536
v -0.189369023 0.127711967 1.74952316
v -0.189369023 0.127711967 1.74952316
v -0.229013547 0.121454954 1.7515204
v -0.204699755 0.1012218 1.74469697
v -0.229013547 0.121454954 1.7515204
v -0.126995742 0.120862946 1.76813865
v -0.127184197 0.130662426 1.76900208
v -0.136055335 0.131200388 1.76615536
v -0.138046429 0.120759286 1.76701534
v -0.158221543 0.109333143 1.80630779
v -0.287427813 0.12677449 1.65993643
v -0.151834443 0.0985488296 1.79225981
v -0.144465297 0.0973021984 1.80027413
v -0.122867607 0.057564605 1.74414182
v -0.209450692 0.0573772937 1.62064636
v -0.126995742 0.120862946 1.76813865
v -0.138046429 0.120759286 1.76701534
v -0.158221543 0.109333143 1.80630779
v -0.287427813 0.12677449 1.65993643
v -0.0753283575 0.152228519 1.6560874
v -0.0753283575 0.152228519 1.6560874
v -0.142219126 0.149159357 1.58610976
v -0.122867741 -0.0658834651 1.7441417
v -0.30930391 -0.00825217552 1.67153955
v -0.206675977 -0.073865138 1.62404191
v -0.158773571 -0.0287519451 1.80715537
v -0.18439573 -0.00225517876 1.85212159
v -0.122867607 0.057564605 1.74414182
v -0.30930391 -0.00825217552 1.67153955
v -0.159183368 0.0222571511 1.80787468
v -0.209450692 0.0573772937 1.62064636
v -0.18439573 -0.00225517876 1.85212159
v -0.287427813 0.12677449 1.65993643
v -0.222077802 0.0580775067 1.63189948
v -0.209450692 0.0573772937 1.62064636
v -0.298754871 0.131792128 1.67132843
v -0.229013547 0.121454954 1.7515204
v -0.204699755 0.1012218 1.74469697
v -0.135203525 0.0586584397 1.75638473
v -0.154561758 0.0911870971 1.79661047
v -0.151834443 0.0985488296 1.79225981
v -0.122867607 0.057564605 1.74414182
v -0.154561758 0.0911870971 1.79661047
v -0.143769652 0.164576501 1.58697212
v -0.0753283575 0.152228519 1.6560874
v -0.0766260475 0.167402685 1.65797162
v -0.0753283575 0.152228519 1.6560874
v -0.142219126 0.149159357 1.58610976
v -0.142219126 0.149159357 1.58610976
v -0.298754871 0.131792128 1.67132843
v -0.287427813 0.12677449 1.65993643
v -0.143769652 0.164576501 1.58697212
v -0.189369023 0.127711967 1.74952316
v -0.0766260475 0.167402685 1.65797162
v -0.136055335 0.131200388 1.76615536
v -0.229013547 0.121454954 1.7515204
v -0.138046429 0.120759286 1.76701534
v -0.138046429 0.120759286 1.76701534
v -0.0753283575 0.152228519 1.6560874
v -0.282623202 -0.134843439 1.6564312
v -0.147378683 -0.17586866 1.58718836
v -0.145557851 -0.160612777 1.58627224
v -0.29733789 -0.139803737 1.66388106
v -0.0768169463 -0.178687871 1.65813625
v -0.188747063 -0.138627678 1.75119305
v -0.227369621 -0.128752813 1.76579154
v -0.134664983 -0.14517954 1.76302075
v -0.13199921 -0.135740325 1.75866556
v -0.0750866458 -0.163508505 1.65596366
v -0.0768169463 -0.178687871 1.65813625
v -0.0750866458 -0.163508505 1.65596366
v -0.30930391 -0.00825217552 1.67153955
v -0.222073317 -0.0745818391 1.63190377
v -0.206675977 -0.073865138 1.62404191
v -0.322647989 -0.00980419293 1.67906713
v -0.174570963 -0.0443023518 1.76833797
v -0.13065128 -0.0670009032 1.75914896
v -0.244465187 -0.0243143886 1.73707032
v -0.294162422 -0.0204018168 1.68554366
v -0.322647989 -0.00980419293 1.67906713
v -0.159574136 -0.0362893231 1.81003582
v -0.159574136 -0.0362893231 1.81003582
v -0.122867741 -0.0658834651 1.7441417
v -0.158773571 -0.0287519451 1.80715537
v -0.135203525 0.0586584397 1.75638473
v -0.159183368 0.0222571511 1.80787468
v -0.163796633 0.0308590643 1.8110652
v -0.122867607 0.057564605 1.74414182
v -0.188336596 0.0291962624 1.76691771
v -0.163796633 0.0308590643 1.8110652
v -0.242228866 0.0105331028 1.73798132
v -0.222077802 0.0580775067 1.63189948
v -0.297784448 0.00144660927 1.68314815
v -0.322647989 -0.00980419293 1.67906713
v -0.209450692 0.0573772937 1.62064636
v -0.322647989 -0.00980419293 1.67906713
v -0.30930391 -0.00825217552 1.67153955
v -0.29733789 -0.139803737 1.66388106
v -0.206675977 -0.073865138 1.62404191
v -0.222073317 -0.0745818391 1.63190377
v -0.282623202 -0.134843439 1.6564312
v -0.202922657 -0.111699186 1.75952637
v -0.15185234 -0.0910098925 1.79514802
v -0.13065128 -0.0670009032 1.75914896
v -0.227369621 -0.128752813 1.76579154
v -0.13065128 -0.0670009032 1.75914896
v -0.147874683 -0.0951807201 1.78817666
v -0.15185234 -0.0910098925 1.79514802
v -0.122867741 -0.0658834651 1.7441417
v -0.0750866458 -0.163508505 1.65596366
v -0.282623202 -0.134843439 1.6564312
v -0.145557851 -0.160612777 1.58627224
v -0.13199921 -0.135740325 1.75866556
v -0.0750866458 -0.163508505 1.65596366
v -0.203120798 -0.123436421 1.77160692
v -0.12641114 -0.135659382 1.75975883
v -0.155343175 -0.116814382 1.81587327
v -0.206675977 -0.073865138 1.62404191
v -0.147874683 -0.0951807201 1.78817666
v -0.122867741 -0.0658834651 1.7441417
v -0.282623202 -0.134843439 1.6564312
v -0.203120798 -0.123436421 1.77160692
v -0.155343175 -0.116814382 1.81587327
v -0.142524406 -0.0941149518 1.79562485
v -0.23408787 -0.133189365 1.77157784
v -0.187087417 -0.0920923054 1.81804991
v -0.197750464 -0.122028083 1.81392705
v -0.179389626 -0.148942903 1.81312501
v -0.221975327 -0.126121044 1.85213864
v -0.178184196 -0.0970447883 1.89349198
v -0.189478397 -0.118200131 1.91311598
v -0.136684179 -0.107800186 1.95564556
v -0.160449728 -0.0944940671 1.82440674
v -0.150652945 -0.112846754 1.89227974
v -0.146740183 -0.0871029943 1.80045986
v -0.206949681 -0.106796704 1.76060569
v -0.23408787 -0.133189365 1.77157784
v -0.142524406 -0.0941149518 1.79562485
v -0.155343175 -0.116814382 1.81587327
v -0.202922657 -0.111699186 1.75952637
v -0.15185234 -0.0910098925 1.79514802
v -0.142524406 -0.0941149518 1.79562485
v -0.147874683 -0.0951807201 1.78817666
v -0.150652945 -0.112846754 1.89227974
v -0.23408787 -0.133189365 1.77157784
v -0.202922657 -0.111699186 1.75952637
v -0.227369621 -0.128752813 1.76579154
v -0.189383373 -0.150771335 1.75225663
v -0.23408787 -0.133189365 1.77157784
v -0.131242514 -0.148013651 1.76532722
v -0.152275428 -0.132610962 1.81505704
v -0.173767358 -0.131576225 1.89085174
v -0.189478397 -0.118200131 1.91311598
v -0.221975327 -0.126121044 1.85213864
v -0.136684179 -0.107800186 1.95564556
v -0.150652945 -0.112846754 1.89227974
v -0.12641114 -0.135659382 1.75975883
v -0.188747063 -0.138627678 1.75119305
v -0.134664983 -0.14517954 1.76302075
v -0.12641114 -0.135659382 1.75975883
v -0.13199921 -0.135740325 1.75866556
v -0.188747063 -0.138627678 1.75119305
v -0.150652945 -0.112846754 1.89227974
v -0.155343175 -0.116814382 1.81587327
v -0.12641114 -0.135659382 1.75975883
v -0.227369621 -0.128752813 1.76579154
v -0.221975327 -0.126121044 1.85213864
v -0.204699755 0.1012218 1.74469697
v -0.234292075 0.123628326 1.75754631
v -0.154561758 0.0911870971 1.79661047
v -0.154561758 0.0911870971 1.79661047
v -0.144465297 0.0973021984 1.80027413
v -0.151834443 0.0985488296 1.79225981
v -0.24142696 0.0102064135 1.89586234
v -0.26979512 -0.00636719447 1.92100251
v -0.270422488 -0.00635931967 1.88739347
v -0.24630861 0.00504453527 1.92181885
v -0.225639492 -0.00557351625 1.90179849
v -0.23408924 -0.00569224637 1.92808008
v -0.250873089 0.00141598785 1.95466638
v -0.238911316 -0.00574319996 1.95603848
v -0.24456422 -0.00572899682 2.0022378
v -0.266462594 -0.00623826031 1.95865095
v -0.233291179 0.0135276206 1.86360359
v -0.206261992 -0.00497330166 1.87111044
v -0.219649747 0.0141940294 1.84614694
v -0.243001431 0.00958757754 1.84334886
v -0.237800837 0.0109936045 1.81616867
v -0.188336596 0.0291962624 1.76691771
v -0.242228866 0.0105331028 1.73798132
v -0.285652339 8.20286295E-05 1.78557539
v -0.373063713 -0.00718140649 1.7559123
v -0.163796633 0.0308590643 1.8110652
v -0.380321264 0.00822821725 1.67285967
v -0.393288553 -0.00672723865 1.77132308
v -0.440270156 0.00168209651 1.65955257
v -0.472341895 -0.00511582009 1.67548013
v -0.465347439 -0.00429155538 1.63125372
v -0.187853545 -0.00271608587 1.86200404
v -0.163796633 0.0308590643 1.8110652
v -0.297784448 0.00144660927 1.68314815
v -0.238630265 -0.00566430064 1.81637478
v -0.286100924 -0.0061618886 1.785689
v -0.18439573 -0.00225517876 1.85212159
v -0.187853545 -0.00271608587 1.86200404
v -0.26979512 -0.00636719447 1.92100251
v -0.240748584 -0.0210964866 1.89577985
v -0.270422488 -0.00635931967 1.88739347
v -0.245833397 -0.0161198881 1.92172241
v -0.225639492 -0.00557351625 1.90179849
v -0.23408924 -0.00569224637 1.92808008
v -0.250617087 -0.0134291491 1.95461714
v -0.238911316 -0.00574319996 1.95603848
v -0.24456422 -0.00572899682 2.0022378
v -0.266462594 -0.00623826031 1.95865095
v -0.231322244 -0.0238786861 1.86243069
v -0.206261992 -0.00497330166 1.87111044
v -0.242471784 -0.0212635752 1.84322441
v -0.223601103 -0.0283411257 1.84253943
v -0.239459738 -0.0223222058 1.81658113
v -0.174570963 -0.0443023518 1.76833797
v -0.244465187 -0.0243143886 1.73707032
v -0.286549568 -0.0124058053 1.7858026
v -0.373063713 -0.00718140649 1.7559123
v -0.159574136 -0.0362893231 1.81003582
v -0.238630265 -0.00566430064 1.81637478
v -0.286100924 -0.0061618886 1.785689
v -0.159574136 -0.0362893231 1.81003582
v -0.379776448 -0.0228130762 1.67270076
v -0.393288553 -0.00672723865 1.77132308
v -0.294162422 -0.0204018168 1.68554366
v -0.440892845 -0.00981442165 1.66085231
v -0.472341895 -0.00511582009 1.67548013
v -0.465347439 -0.00429155538 1.63125372
v -0.242471784 -0.0212635752 1.84322441
v -0.238630265 -0.00566430064 1.81637478
v -0.242736623 -0.00583799649 1.84328675
v -0.239459738 -0.0223222058 1.81658113
v -0.243001431 0.00958757754 1.84334886
v -0.237800837 0.0109936045 1.81616867
v -0.257773042 -0.0061011631 1.83337748
v -0.243001431 0.00958757754 1.84334886
v -0.242471784 -0.0212635752 1.84322441
v -0.379776448 -0.0228130762 1.67270076
v -0.379192501 -0.00721040647 1.67712212
v -0.440892845 -0.00981442165 1.66085231
v -0.322647989 -0.00980419293 1.67906713
v -0.294162422 -0.0204018168 1.68554366
v -0.440270156 0.00168209651 1.65955257
v -0.465347439 -0.00429155538 1.63125372
v -0.380321264 0.00822821725 1.67285967
v -0.297784448 0.00144660927 1.68314815
v -0.187853545 -0.00271608587 1.86200404
v -0.159574136 -0.0362893231 1.81003582
v -0.257773042 -0.0061011631 1.83337748
v -0.257773042 -0.0061011631 1.83337748
v -0.159574136 -0.0362893231 1.81003582
v -0.18439573 -0.00225517876 1.85212159
v -0.158773571 -0.0287519451 1.80715537
v -0.159574136 -0.0362893231 1.81003582
v -0.187853545 -0.00271608587 1.86200404
v -0.18439573 -0.00225517876 1.85212159
v -0.163796633 0.0308590643 1.8110652
v -0.159183368 0.0222571511 1.80787468
v -0.263502806 0.0576434992 1.52500486
v -0.2528615 0.12056382 1.6871562
v -0.180666685 0.0616323873 1.67314291
v -0.308575898 0.114092164 1.53836727
v -0.294067502 0.111108549 1.53537142
v -0.249899015 0.0575905107 1.52264893
v -0.168620557 0.0613494441 1.66565335
v -0.180666685 0.0616323873 1.67314291
v -0.153495342 0.145554081 1.60630047
v -0.308575898 0.114092164 1.53836727
v -0.16101943 0.13753517 1.50715661
v -0.2528615 0.12056382 1.6871562
v -0.24099803 0.11720676 1.68016708
v -0.152273521 0.132532328 1.60674405
v -0.159912795 0.124526449 1.50806117
v -0.294067502 0.111108549 1.53537142
v -0.168620557 0.0613494441 1.66565335
v -0.24099803 0.11720676 1.68016708
v -0.308889419 -0.124667279 1.53841269
v -0.153874055 -0.161392644 1.60643137
v -0.161389232 -0.152960733 1.50722015
v -0.253145903 -0.131323919 1.68716371
v -0.152282357 -0.148405373 1.60674691
v -0.294373721 -0.121696681 1.53542066
v -0.159921229 -0.139980793 1.5080626
v -0.152282357 -0.148405373 1.60674691
v -0.241292074 -0.127895176 1.68019986
v -0.180660412 -0.0687516108 1.67312896
v -0.253145903 -0.131323919 1.68716371
v -0.339506209 -0.00425710296 1.53961742
v -0.283759028 -0.0050519025 1.70579278
v -0.263498515 -0.0649127439 1.52499688
v -0.168617949 -0.0681893006 1.6656518
v -0.275279194 -0.00490961224 1.69918144
v -0.263498515 -0.0649127439 1.52499688
v -0.326029509 -0.00419008173 1.53688788
v -0.249896273 -0.0645396337 1.52264833
v -0.180666685 0.0616323873 1.67314291
v -0.339506209 -0.00425710296 1.53961742
v -0.263502806 0.0576434992 1.52500486
v -0.283759028 -0.0050519025 1.70579278
v -0.275279194 -0.00490961224 1.69918144
v -0.168620557 0.0613494441 1.66565335
v -0.249899015 0.0575905107 1.52264893
v -0.326029509 -0.00419008173 1.53688788
v -0.253145903 -0.131323919 1.68716371
v -0.263498515 -0.0649127439 1.52499688
v -0.180660412 -0.0687516108 1.67312896
v -0.263498515 -0.0649127439 1.52499688
v -0.308889419 -0.124667279 1.53841269
v -0.249896273 -0.0645396337 1.52264833
v -0.294373721 -0.121696681 1.53542066
v -0.24099803 0.11720676 1.68016708
v -0.249899015 0.0575905107 1.52264893
v -0.168620557 0.0613494441 1.66565335
v -0.326029509 -0.00419008173 1.53688788
v -0.24099803 0.11720676 1.68016708
v -0.294067502 0.111108549 1.53537142
v -0.326029509 -0.00419008173 1.53688788
v -0.275279194 -0.00490961224 1.69918144
v -0.294067502 0.111108549 1.53537142
v -0.152273521 0.132532328 1.60674405
v -0.159912795 0.124526449 1.50806117
v -0.24099803 0.11720676 1.68016708
v -0.152282357 -0.148405373 1.60674691
v -0.294373721 -0.121696681 1.53542066
v -0.159921229 -0.139980793 1.5080626
v -0.294373721 -0.121696681 1.53542066
v -0.241292074 -0.127895176 1.68019986
v -0.241292074 -0.127895176 1.68019986
v -0.249896273 -0.0645396337 1.52264833
v -0.168617949 -0.0681893006 1.6656518
v -0.326029509 -0.00419008173 1.53688788
v -0.275279194 -0.00490961224 1.69918144
v -0.152273521 0.132532328 1.60674405
v -0.16101943 0.13753517 1.50715661
v -0.159912795 0.124526449 1.50806117
v -0.152273521 0.132532328 1.60674405
v -0.153495342 0.145554081 1.60630047
v -0.159921229 -0.139980793 1.5080626
v -0.153874055 -0.161392644 1.60643137
v -0.152282357 -0.148405373 1.60674691
v -0.159921229 -0.139980793 1.5080626
v -0.161389232 -0.152960733 1.50722015
v -0.241292074 -0.127895176 1.68019986
v -0.180660412 -0.0687516108 1.67312896
v -0.168617949 -0.0681893006 1.6656518
vt 0.0694300607 0.295859694
vt 0.0699132308 0.438408554
vt 0.098889336 0.38454771
vt 0.00711734453 0.370046318
vt 0.0187678952 0.410363466
vt 0.00146379881 0.376953632
vt 0.0129733626 0.416837156
vt 0.0175353531 0.423701376
vt 0.0717172325 0.44825545
vt 0.0652864426 0.290340275
vt 0.00506214844 0.357085079
vt 0.0717172325 0.44825545
vt 0.0949852988 0.203241527
vt 0.0987404436 0.213903412
vt 0.164180011 0.201659948
vt 0.164363861 0.208963603
vt 0.164643139 0.365841448
vt 0.124677606 0.378449082
vt 0.123567663 0.364157349
vt 0.101189047 0.399011284
vt 0.098889336 0.38454771
vt 0.0717172325 0.44825545
vt 0.0987404436 0.213903412
vt 0.0694300607 0.295859694
vt 0.0987404436 0.213903412
vt 0.098889336 0.38454771
vt 0.164643139 0.365841448
vt 0.164760426 0.376627475
vt 0.231541112 0.210710868
vt 0.202896222 0.3602148
vt 0.20230031 0.373677492
vt 0.228013456 0.387149751
vt 0.226538092 0.403603017
vt 0.267377317 0.300290793
vt 0.228013456 0.387149751
vt 0.312173724 0.449994415
vt 0.253463626 0.450865149
vt 0.327149689 0.413412899
vt 0.231541112 0.210710868
vt 0.226538092 0.403603017
vt 0.250955999 0.459862649
vt 0.311789364 0.463398486
vt 0.31718713 0.458484352
vt 0.331007659 0.4187769
vt 0.329812855 0.406298012
vt 0.267377317 0.300290793
vt 0.269857615 0.296663463
vt 0.231541112 0.210710868
vt 0.164643139 0.365841448
vt 0.164363861 0.208963603
vt 0.234652296 0.1999439
vt 0.164180011 0.201659948
vt 0.164760426 0.376627475
vt 0.344284356 0.0145962667
vt 0.35169214 0.0666144043
vt 0.336209863 0.0362815969
vt 0.371921271 0.0332488567
vt 0.365917474 0.0195238385
vt 0.284276217 0.041917704
vt 0.250493109 0.0287302434
vt 0.27420184 0.0238857605
vt 0.270472825 0.0833632722
vt 0.270472825 0.0833632722
vt 0.244773179 0.0450373776
vt 0.336209863 0.0362815969
vt 0.342236608 0.101617351
vt 0.327282876 0.0455374718
vt 0.310755312 0.0487488769
vt 0.342236608 0.101617351
vt 0.35169214 0.0666144043
vt 0.310755312 0.0487488769
vt 0.288298905 0.116230406
vt 0.294990867 0.0522883125
vt 0.270472825 0.0833632722
vt 0.284276217 0.041917704
vt 0.270472825 0.0833632722
vt 0.288298905 0.116230406
vt 0.288298905 0.116230406
vt 0.310755312 0.0487488769
vt 0.315625221 0.110123977
vt 0.310755312 0.0487488769
vt 0.342236608 0.101617351
vt 0.315625221 0.110123977
vt 0.269857615 0.296663463
vt 0.234652296 0.1999439
vt 0.839964628 0.607550979
vt 0.782413423 0.564598322
vt 0.790332139 0.612378359
vt 0.837332547 0.557128727
vt 0.785299957 0.506874442
vt 0.771408796 0.530534446
vt 0.726462305 0.578792453
vt 0.761175632 0.616732419
vt 0.715197384 0.612444043
vt 0.673886001 0.553483903
vt 0.721016049 0.544313848
vt 0.78624922 0.494557112
vt 0.775037706 0.497060716
vt 0.790524662 0.663476467
vt 0.835458815 0.670868635
vt 0.716362417 0.635145485
vt 0.731946409 0.664948046
vt 0.681187153 0.707796276
vt 0.815582216 0.751979709
vt 0.78504163 0.698986888
vt 0.727965713 0.696418524
vt 0.784832239 0.720613182
vt 0.811794698 0.76243943
vt 0.818630457 0.740606189
vt 0.818630457 0.740606189
vt 0.840998709 0.673186064
vt 0.840998709 0.673186064
vt 0.843955398 0.614978969
vt 0.839490652 0.551888943
vt 0.842638135 0.598548353
vt 0.821551561 0.75953263
vt 0.815582216 0.751979709
vt 0.818630457 0.740606189
vt 0.8257792 0.746086895
vt 0.63559556 0.0982965529
vt 0.638774991 0.0953721255
vt 0.630354702 0.026367737
vt 0.639137805 0.099371314
vt 0.65098381 0.0868801326
vt 0.651012421 0.0309612751
vt 0.626172125 0.0976748317
vt 0.63559556 0.0982965529
vt 0.627345622 0.0942793638
vt 0.630354702 0.026367737
vt 0.603413761 0.084687531
vt 0.603413761 0.084687531
vt 0.601934493 0.0489740074
vt 0.698397338 0.0867618695
vt 0.675067067 0.0251814406
vt 0.68446064 0.0983234569
vt 0.699215233 0.0324116051
vt 0.674542487 0.106627055
vt 0.65098381 0.0868801326
vt 0.675067067 0.0251814406
vt 0.651012421 0.0309612751
vt 0.664915085 0.0985057205
vt 0.674542487 0.106627055
vt 0.446589828 0.224691749
vt 0.375804126 0.247734606
vt 0.445666999 0.230153993
vt 0.376436472 0.235275969
vt 0.440427363 0.361422986
vt 0.419874728 0.373519003
vt 0.377462983 0.439022124
vt 0.413064182 0.462465405
vt 0.413029969 0.472163379
vt 0.413064182 0.462465405
vt 0.377575666 0.444810361
vt 0.551219463 0.274677217
vt 0.561094642 0.396938771
vt 0.556039512 0.264795184
vt 0.561094642 0.396938771
vt 0.555393994 0.390231967
vt 0.556039512 0.264795184
vt 0.445666999 0.230153993
vt 0.551219463 0.274677217
vt 0.446589828 0.224691749
vt 0.46149841 0.393500179
vt 0.555393994 0.390231967
vt 0.482298613 0.452235758
vt 0.440427363 0.361422986
vt 0.483044297 0.465268344
vt 0.483044297 0.465268344
vt 0.561094642 0.396938771
vt 0.534245133 0.467228591
vt 0.430580646 0.49171719
vt 0.534946561 0.472973853
vt 0.426570863 0.480645031
vt 0.415919572 0.608411551
vt 0.50976181 0.64119035
vt 0.536779046 0.628893375
vt 0.482312202 0.689127028
vt 0.476610512 0.698094606
vt 0.409499019 0.613205016
vt 0.415919572 0.608411551
vt 0.409499019 0.613205016
vt 0.676658154 0.464056224
vt 0.600242496 0.494581968
vt 0.683785796 0.473113239
vt 0.599452853 0.483728558
vt 0.633134544 0.668476462
vt 0.66006428 0.58672142
vt 0.603354871 0.694957733
vt 0.667695105 0.498907357
vt 0.683785796 0.473113239
vt 0.646799862 0.718095601
vt 0.603548706 0.700362384
vt 0.646799862 0.718095601
vt 0.647488892 0.727812231
vt 0.377462983 0.439022124
vt 0.335980862 0.481039375
vt 0.377575666 0.444810361
vt 0.335980862 0.481039375
vt 0.334695935 0.469945222
vt 0.340911806 0.409553707
vt 0.319803178 0.344376445
vt 0.375804126 0.247734606
vt 0.307608247 0.250675827
vt 0.292227805 0.230975524
vt 0.376436472 0.235275969
vt 0.292227805 0.230975524
vt 0.376436472 0.235275969
vt 0.299955904 0.224855289
vt 0.534946561 0.472973853
vt 0.599452853 0.483728558
vt 0.534245133 0.467228591
vt 0.600242496 0.494581968
vt 0.555272996 0.639957666
vt 0.57123369 0.713767767
vt 0.603354871 0.694957733
vt 0.536779046 0.628893375
vt 0.603354871 0.694957733
vt 0.573873162 0.720555544
vt 0.603548706 0.700362384
vt 0.57123369 0.713767767
vt 0.727605581 0.0917276219
vt 0.718361259 0.0262034796
vt 0.716354966 0.0775887221
vt 0.748832583 0.0753939524
vt 0.72795701 0.0940153226
vt 0.715739191 0.101290874
vt 0.748832583 0.0753939524
vt 0.746976376 0.0388544649
vt 0.708783448 0.09536504
vt 0.699215233 0.0324116051
vt 0.698397338 0.0867618695
vt 0.718361259 0.0262034796
vt 0.716354966 0.0775887221
vt 0.715739191 0.101290874
vt 0.709173024 0.0992250666
vt 0.687717974 0.175857529
vt 0.705986619 0.280133963
vt 0.710491538 0.192240551
vt 0.737995327 0.277864963
vt 0.723398328 0.30561313
vt 0.692820728 0.385679007
vt 0.671378851 0.314112931
vt 0.674323678 0.406102061
vt 0.697915554 0.490679085
vt 0.711685181 0.40343827
vt 0.744063616 0.277590245
vt 0.740033746 0.319142073
vt 0.714212477 0.187490448
vt 0.736604452 0.267572761
vt 0.743247926 0.269795388
vt 0.740693748 0.258104712
vt 0.711685181 0.40343827
vt 0.680548608 0.255026728
vt 0.687717974 0.175857529
vt 0.651559174 0.242596552
vt 0.671378851 0.314112931
vt 0.656047702 0.15370068
vt 0.687717974 0.175857529
vt 0.616320789 0.173289105
vt 0.627876461 0.248326182
vt 0.639197528 0.355421633
vt 0.648462236 0.392802775
vt 0.671378851 0.314112931
vt 0.608796895 0.447346717
vt 0.619204998 0.35891819
vt 0.606450975 0.171486601
vt 0.661125958 0.139210939
vt 0.6897282 0.169994354
vt 0.618196964 0.168103486
vt 0.612555087 0.154239804
vt 0.616557598 0.153610989
vt 0.654020667 0.137178972
vt 0.617560685 0.257129401
vt 0.619204998 0.35891819
vt 0.606450975 0.171486601
vt 0.687717974 0.175857529
vt 0.712464273 0.184473544
vt 0.6897282 0.169994354
vt 0.839964628 0.607550979
vt 0.839490652 0.551888943
vt 0.791340828 0.509939253
vt 0.791340828 0.509939253
vt 0.789200366 0.493226588
vt 0.796058178 0.501045704
vt 0.900350094 0.671818733
vt 0.874079704 0.650390565
vt 0.882525861 0.682406068
vt 0.893929243 0.626438856
vt 0.90131557 0.703188121
vt 0.852383316 0.679137528
vt 0.860622644 0.697285175
vt 0.88229382 0.706561506
vt 0.863328218 0.715699553
vt 0.832357943 0.733201683
vt 0.90131557 0.703188121
vt 0.832357943 0.733201683
vt 0.922828317 0.661093056
vt 0.926365197 0.706419587
vt 0.938506007 0.66528523
vt 0.931152463 0.634676516
vt 0.948316455 0.62054348
vt 0.99704802 0.637539446
vt 0.989546061 0.551036596
vt 0.944699049 0.540864229
vt 0.925754488 0.418679416
vt 0.982498169 0.699866354
vt 0.938220203 0.7202878
vt 0.944981277 0.721021116
vt 0.983904719 0.704877019
vt 0.936933219 0.617687941
vt 0.940387309 0.540916324
vt 0.925754488 0.418679416
vt 0.970894754 0.344166577
vt 0.909125686 0.40731883
vt 0.954127133 0.266017735
vt 0.931902945 0.242379948
vt 0.959501684 0.214421764
vt 0.99897778 0.444511533
vt 0.0427421369 0.256818891
vt 0.0308536198 0.20516625
vt 0.0262250882 0.241566822
vt 0.0539970808 0.21621646
vt 0.0152861644 0.204702288
vt 0.0143070435 0.243222252
vt 0.019869199 0.286416262
vt 0.0103507452 0.281979084
vt 0.00343858986 0.34559384
vt 0.0295577236 0.301957816
vt 0.00343858986 0.34559384
vt 0.0349040218 0.157145619
vt 0.0120944409 0.154318556
vt 0.0485271588 0.141458049
vt 0.0369230956 0.126351625
vt 0.0566410311 0.109229937
vt 0.037033543 5.18222987E-06
vt 0.0913699344 0.0229508914
vt 0.0966358706 0.113555118
vt 0.158683315 0.147094995
vt 0.0120777171 0.0386630744
vt 0.0574439056 0.132259816
vt 0.0962147191 0.122183144
vt 0.0120777171 0.0386630744
vt 0.0962147191 0.122183144
vt 0.195069432 0.0536729619
vt 0.16470848 0.180421174
vt 0.140386954 0.0017317353
vt 0.235620335 0.0902078897
vt 0.248137161 0.132111534
vt 0.16470848 0.180421174
vt 0.248137161 0.132111534
vt 0.261796653 0.0760017559
vt 0.0260198135 0.465885013
vt 0.0496299192 0.492925227
vt 0.0493566766 0.464037359
vt 0.0259336252 0.492623508
vt 0.0258426201 0.51936233
vt 0.0499292426 0.521812141
vt 0.0102545973 0.492339909
vt 0.0258426201 0.51936233
vt 0.0260198135 0.465885013
vt 0.285627842 0.147826597
vt 0.249229982 0.16551885
vt 0.285975695 0.169062734
vt 0.319650561 0.165532783
vt 0.336614966 0.151108131
vt 0.249600694 0.181166694
vt 0.285303414 0.190076634
vt 0.334457755 0.180845976
vt 0.23466602 0.173035756
vt 0.249600694 0.181166694
vt 0.0120777171 0.0386630744
vt 0.0031237728 0.131726578
vt 0.0120777171 0.0386630744
vt 7.83192809E-06 0.125434637
vt 0.0120777171 0.0386630744
vt 0.00667591393 0.0500306264
vt 0.0650752336 0.142239109
vt 0.93024683 0.602064013
vt 0.145514965 0.937025249
vt 0.0776034147 0.779892385
vt 0.103475593 0.958824158
vt 0.127897114 0.736446083
vt 0.103036247 0.965943992
vt 0.145445511 0.948621213
vt 0.125853941 0.722907782
vt 0.127897114 0.736446083
vt 0.014438672 0.862363279
vt 0.103475593 0.958824158
vt 0.0776034147 0.779892385
vt 0.0153089799 0.981257796
vt 0.0756188184 0.775091946
vt 0.0118485978 0.846993387
vt 0.0181128085 0.996430099
vt 0.103036247 0.965943992
vt 0.125853941 0.722907782
vt 0.0756188184 0.775091946
vt 0.307169497 0.95259887
vt 0.395201892 0.850028813
vt 0.329952151 0.772031963
vt 0.396144837 0.969025493
vt 0.397432595 0.834387958
vt 0.307717502 0.96012789
vt 0.393600345 0.984399676
vt 0.397432595 0.834387958
vt 0.331898272 0.766635656
vt 0.277402908 0.73137778
vt 0.329952151 0.772031963
vt 0.204651132 0.944287121
vt 0.263146251 0.932966888
vt 0.203145042 0.73827064
vt 0.279200643 0.717703581
vt 0.203064144 0.730762184
vt 0.204722524 0.952492118
vt 0.263146251 0.932966888
vt 0.263380498 0.944598496
vt 0.127897114 0.736446083
vt 0.204651132 0.944287121
vt 0.203145042 0.73827064
vt 0.145514965 0.937025249
vt 0.203064144 0.730762184
vt 0.125853941 0.722907782
vt 0.145445511 0.948621213
vt 0.204722524 0.952492118
vt 0.329952151 0.772031963
vt 0.263146251 0.932966888
vt 0.307169497 0.95259887
vt 0.263146251 0.932966888
vt 0.277402908 0.73137778
vt 0.263380498 0.944598496
vt 0.307717502 0.96012789
vt 0.857409 0.542581499
vt 0.882294059 0.455401927
vt 0.894711375 0.488877803
vt 0.857409 0.542581499
vt 0.83910656 0.501712441
vt 0.876007318 0.398105234
vt 0.876007318 0.398105234
vt 0.827617526 0.42814362
vt 0.894711375 0.488877803
vt 0.885681152 0.582345963
vt 0.857409 0.542581499
vt 0.913385689 0.561564267
vt 0.831101477 0.233977631
vt 0.865396678 0.301036894
vt 0.819409966 0.299557269
vt 0.865396678 0.301036894
vt 0.859809935 0.219626948
vt 0.864836872 0.344441533
vt 0.819409966 0.299557269
vt 0.816127241 0.355521142
vt 0.876007318 0.398105234
vt 0.827617526 0.42814362
vt 0.00665513193 0.863484859
vt 0.0153089799 0.981257796
vt 0.014438672 0.862363279
vt 0.00665513193 0.863484859
vt 0.00751076452 0.981272936
vt 0.403941542 0.968677819
vt 0.395201892 0.850028813
vt 0.396144837 0.969025493
vt 0.403941542 0.968677819
vt 0.402996838 0.850849211
vt 0.277402908 0.73137778
vt 0.331898272 0.766635656
vt 0.279200643 0.717703581
vt 0.00711734453 0.370046318
vt 0.0699132308 0.438408554
vt 0.0187678952 0.410363466
vt 0.0694300607 0.295859694
vt 0.098889336 0.38454771
vt 0.00146379881 0.376953632
vt 0.0129733626 0.416837156
vt 0.0175353531 0.423701376
vt 0.0717172325 0.44825545
vt 0.0652864426 0.290340275
vt 0.00506214844 0.357085079
vt 0.0717172325 0.44825545
vt 0.0949852988 0.203241527
vt 0.0987404436 0.213903412
vt 0.164180011 0.201659948
vt 0.164363861 0.208963603
vt 0.164643139 0.365841448
vt 0.124677606 0.378449082
vt 0.123567663 0.364157349
vt 0.101189047 0.399011284
vt 0.098889336 0.38454771
vt 0.0717172325 0.44825545
vt 0.098889336 0.38454771
vt 0.0987404436 0.213903412
vt 0.164643139 0.365841448
vt 0.164760426 0.376627475
vt 0.0987404436 0.213903412
vt 0.0694300607 0.295859694
vt 0.231541112 0.210710868
vt 0.202896222 0.3602148
vt 0.20230031 0.373677492
vt 0.228013456 0.387149751
vt 0.226538092 0.403603017
vt 0.267377317 0.300290793
vt 0.231541112 0.210710868
vt 0.228013456 0.387149751
vt 0.312173724 0.449994415
vt 0.327149689 0.413412899
vt 0.253463626 0.450865149
vt 0.226538092 0.403603017
vt 0.250955999 0.459862649
vt 0.311789364 0.463398486
vt 0.31718713 0.458484352
vt 0.331007659 0.4187769
vt 0.267377317 0.300290793
vt 0.329812855 0.406298012
vt 0.269857615 0.296663463
vt 0.231541112 0.210710868
vt 0.164643139 0.365841448
vt 0.164363861 0.208963603
vt 0.234652296 0.1999439
vt 0.164180011 0.201659948
vt 0.164760426 0.376627475
vt 0.344284356 0.0145962667
vt 0.371921271 0.0332488567
vt 0.365917474 0.0195238385
vt 0.35169214 0.0666144043
vt 0.336209863 0.0362815969
vt 0.270472825 0.0833632722
vt 0.250493109 0.0287302434
vt 0.244773179 0.0450373776
vt 0.284276217 0.041917704
vt 0.27420184 0.0238857605
vt 0.270472825 0.0833632722
vt 0.336209863 0.0362815969
vt 0.342236608 0.101617351
vt 0.35169214 0.0666144043
vt 0.342236608 0.101617351
vt 0.327282876 0.0455374718
vt 0.310755312 0.0487488769
vt 0.310755312 0.0487488769
vt 0.288298905 0.116230406
vt 0.315625221 0.110123977
vt 0.288298905 0.116230406
vt 0.310755312 0.0487488769
vt 0.294990867 0.0522883125
vt 0.270472825 0.0833632722
vt 0.288298905 0.116230406
vt 0.270472825 0.0833632722
vt 0.284276217 0.041917704
vt 0.342236608 0.101617351
vt 0.310755312 0.0487488769
vt 0.315625221 0.110123977
vt 0.269857615 0.296663463
vt 0.234652296 0.1999439
vt 0.839964628 0.607550979
vt 0.782413423 0.564598322
vt 0.837332547 0.557128727
vt 0.790332139 0.612378359
vt 0.785299957 0.506874442
vt 0.771408796 0.530534446
vt 0.726462305 0.578792453
vt 0.761175632 0.616732419
vt 0.715197384 0.612444043
vt 0.673886001 0.553483903
vt 0.721016049 0.544313848
vt 0.78624922 0.494557112
vt 0.775037706 0.497060716
vt 0.790524662 0.663476467
vt 0.835458815 0.670868635
vt 0.716362417 0.635145485
vt 0.731946409 0.664948046
vt 0.681187153 0.707796276
vt 0.815582216 0.751979709
vt 0.78504163 0.698986888
vt 0.727965713 0.696418524
vt 0.784832239 0.720613182
vt 0.811794698 0.76243943
vt 0.818630457 0.740606189
vt 0.818630457 0.740606189
vt 0.840998709 0.673186064
vt 0.840998709 0.673186064
vt 0.843955398 0.614978969
vt 0.839490652 0.551888943
vt 0.842638135 0.598548353
vt 0.821551561 0.75953263
vt 0.815582216 0.751979709
vt 0.818630457 0.740606189
vt 0.8257792 0.746086895
vt 0.63559556 0.0982965529
vt 0.630354702 0.026367737
vt 0.638774991 0.0953721255
vt 0.639137805 0.099371314
vt 0.65098381 0.0868801326
vt 0.651012421 0.0309612751
vt 0.626172125 0.0976748317
vt 0.627345622 0.0942793638
vt 0.63559556 0.0982965529
vt 0.630354702 0.026367737
vt 0.603413761 0.084687531
vt 0.603413761 0.084687531
vt 0.601934493 0.0489740074
vt 0.698397338 0.0867618695
vt 0.675067067 0.0251814406
vt 0.699215233 0.0324116051
vt 0.68446064 0.0983234569
vt 0.674542487 0.106627055
vt 0.65098381 0.0868801326
vt 0.675067067 0.0251814406
vt 0.664915085 0.0985057205
vt 0.651012421 0.0309612751
vt 0.674542487 0.106627055
vt 0.812106967 0.995065272
vt 0.74113059 0.974484742
vt 0.741871536 0.986920059
vt 0.811136663 0.989635944
vt 0.804747522 0.858568907
vt 0.78409189 0.847188413
vt 0.741112769 0.78316927
vt 0.776503146 0.758492351
vt 0.776383996 0.748796999
vt 0.741174519 0.777377367
vt 0.776503146 0.758492351
vt 0.916283071 0.941453695
vt 0.925085068 0.818867326
vt 0.919444144 0.82577008
vt 0.925085068 0.818867326
vt 0.921188772 0.95116657
vt 0.921188772 0.95116657
vt 0.811136663 0.989635944
vt 0.812106967 0.995065272
vt 0.916283071 0.941453695
vt 0.825534046 0.825764835
vt 0.919444144 0.82577008
vt 0.845816731 0.766315639
vt 0.804747522 0.858568907
vt 0.846448362 0.753259301
vt 0.846448362 0.753259301
vt 0.925085068 0.818867326
vt 0.534033 0.737793028
vt 0.430368572 0.762281775
vt 0.42635861 0.751209617
vt 0.534734488 0.743538916
vt 0.415707916 0.878976345
vt 0.509549618 0.911755204
vt 0.536566913 0.89945817
vt 0.482100338 0.959690988
vt 0.476398915 0.968658864
vt 0.409286797 0.883769572
vt 0.415707916 0.878976345
vt 0.409286797 0.883769572
vt 0.676445961 0.734620869
vt 0.600030363 0.765146434
vt 0.599240661 0.754293263
vt 0.68357408 0.743678033
vt 0.632922292 0.939040482
vt 0.603142679 0.965521991
vt 0.659852266 0.857286572
vt 0.667482853 0.769471824
vt 0.68357408 0.743678033
vt 0.64658761 0.988660038
vt 0.64658761 0.988660038
vt 0.60333693 0.970927179
vt 0.64727664 0.998377085
vt 0.741112769 0.78316927
vt 0.699269176 0.742598951
vt 0.698081493 0.7537359
vt 0.741174519 0.777377367
vt 0.704825044 0.813902438
vt 0.698081493 0.7537359
vt 0.684291184 0.879802644
vt 0.74113059 0.974484742
vt 0.672918677 0.973912835
vt 0.657713652 0.994144559
vt 0.741871536 0.986920059
vt 0.657713652 0.994144559
vt 0.665493786 0.999994099
vt 0.534734488 0.743538916
vt 0.599240661 0.754293263
vt 0.600030363 0.765146434
vt 0.534033 0.737793028
vt 0.555060685 0.91052264
vt 0.571021557 0.984332681
vt 0.603142679 0.965521991
vt 0.536566913 0.89945817
vt 0.603142679 0.965521991
vt 0.573661089 0.991120279
vt 0.571021557 0.984332681
vt 0.60333693 0.970927179
vt 0.748832583 0.0753939524
vt 0.718361259 0.0262034796
vt 0.746976376 0.0388544649
vt 0.727605581 0.0917276219
vt 0.748832583 0.0753939524
vt 0.716354966 0.0775887221
vt 0.72795701 0.0940153226
vt 0.715739191 0.101290874
vt 0.699215233 0.0324116051
vt 0.708783448 0.09536504
vt 0.698397338 0.0867618695
vt 0.718361259 0.0262034796
vt 0.716354966 0.0775887221
vt 0.715739191 0.101290874
vt 0.709173024 0.0992250666
vt 0.687717974 0.175857529
vt 0.705986619 0.280133963
vt 0.680548608 0.255026728
vt 0.651559174 0.242596552
vt 0.671378851 0.314112931
vt 0.692820728 0.385679007
vt 0.674323678 0.406102061
vt 0.697915554 0.490679085
vt 0.723398328 0.30561313
vt 0.711685181 0.40343827
vt 0.737995327 0.277864963
vt 0.710491538 0.192240551
vt 0.687717974 0.175857529
vt 0.744063616 0.277590245
vt 0.740033746 0.319142073
vt 0.714212477 0.187490448
vt 0.736604452 0.267572761
vt 0.743247926 0.269795388
vt 0.740693748 0.258104712
vt 0.711685181 0.40343827
vt 0.687717974 0.175857529
vt 0.712464273 0.184473544
vt 0.6897282 0.169994354
vt 0.656047702 0.15370068
vt 0.687717974 0.175857529
vt 0.616320789 0.173289105
vt 0.627876461 0.248326182
vt 0.639197528 0.355421633
vt 0.648462236 0.392802775
vt 0.671378851 0.314112931
vt 0.608796895 0.447346717
vt 0.619204998 0.35891819
vt 0.606450975 0.171486601
vt 0.661125958 0.139210939
vt 0.618196964 0.168103486
vt 0.612555087 0.154239804
vt 0.616557598 0.153610989
vt 0.654020667 0.137178972
vt 0.619204998 0.35891819
vt 0.617560685 0.257129401
vt 0.606450975 0.171486601
vt 0.6897282 0.169994354
vt 0.671378851 0.314112931
vt 0.839490652 0.551888943
vt 0.839964628 0.607550979
vt 0.791340828 0.509939253
vt 0.791340828 0.509939253
vt 0.789200366 0.493226588
vt 0.796058178 0.501045704
vt 0.575961292 0.214896888
vt 0.565199554 0.26720342
vt 0.553170025 0.227681518
vt 0.58127892 0.250386357
vt 0.59171617 0.212974191
vt 0.593410552 0.250848264
vt 0.588751793 0.293997407
vt 0.598000109 0.288610429
vt 0.606790423 0.35027504
vt 0.579637289 0.310403109
vt 0.570574343 0.170140609
vt 0.593339324 0.163098723
vt 0.572680056 0.138924927
vt 0.557307184 0.153566673
vt 0.550208807 0.119391739
vt 0.55874455 0.0223626662
vt 0.515299678 0.0373005159
vt 0.510190845 0.126594529
vt 0.448825151 0.16431503
vt 0.590047717 0.0513319522
vt 0.411402017 0.0744374692
vt 0.443119496 0.197424948
vt 0.372152597 0.107823305
vt 0.360280812 0.152073726
vt 0.346239299 0.0971221477
vt 0.600304365 0.139493942
vt 0.590047717 0.0513319522
vt 0.461798847 0.0185210109
vt 0.548774779 0.142056614
vt 0.51021713 0.135179803
vt 0.600672424 0.126032233
vt 0.600304365 0.139493942
vt 0.780941606 0.306319863
vt 0.769053102 0.254666775
vt 0.792196989 0.265717566
vt 0.764424562 0.291067213
vt 0.753486156 0.254202664
vt 0.752506495 0.292723089
vt 0.75806874 0.335917234
vt 0.748550236 0.33147946
vt 0.741638124 0.395094365
vt 0.767757058 0.351458341
vt 0.773103952 0.206646115
vt 0.750293791 0.203819171
vt 0.786726534 0.190958902
vt 0.775122583 0.175852492
vt 0.794840813 0.158730432
vt 0.775232911 0.0495056771
vt 0.829569876 0.0724513903
vt 0.834835351 0.163055614
vt 0.896882772 0.196595609
vt 0.750277638 0.0881635696
vt 0.79564333 0.181760192
vt 0.834414721 0.171683758
vt 0.750277638 0.0881635696
vt 0.933269262 0.103173457
vt 0.902907848 0.229922026
vt 0.878586829 0.0512324125
vt 0.973819852 0.139708385
vt 0.986336589 0.18161203
vt 0.999996543 0.125502735
vt 0.0260198135 0.465885013
vt 0.0496299192 0.492925227
vt 0.0259336252 0.492623508
vt 0.0493566766 0.464037359
vt 0.0258426201 0.51936233
vt 0.0499292426 0.521812141
vt 0.0102545973 0.492339909
vt 0.0258426201 0.51936233
vt 0.0260198135 0.465885013
vt 0.285627842 0.147826597
vt 0.285975695 0.169062734
vt 0.249229982 0.16551885
vt 0.319650561 0.165532783
vt 0.336614966 0.151108131
vt 0.249600694 0.181166694
vt 0.23466602 0.173035756
vt 0.285303414 0.190076634
vt 0.334457755 0.180845976
vt 0.741323352 0.181227207
vt 0.750277638 0.0881635696
vt 0.803275108 0.191739485
vt 0.540927887 0.155369893
vt 0.750277638 0.0881635696
vt 0.738207579 0.174935505
vt 0.744875371 0.0995314792
vt 0.750277638 0.0881635696
vt 0.741323352 0.181227207
vt 0.600672424 0.126032233
vt 0.590047717 0.0513319522
vt 0.592564106 0.0485320278
vt 0.142156735 0.687194228
vt 0.0742451623 0.530061722
vt 0.124538518 0.486614466
vt 0.100117408 0.708993375
vt 0.0996781588 0.716113091
vt 0.14208734 0.698790252
vt 0.122495793 0.473077595
vt 0.124538518 0.486614466
vt 0.0110807447 0.612532854
vt 0.100117408 0.708993375
vt 0.0119507685 0.73142761
vt 0.0742451623 0.530061722
vt 0.0722605735 0.525261045
vt 0.00849048328 0.597162306
vt 0.0147545552 0.746599495
vt 0.0996781588 0.716113091
vt 0.122495793 0.473077595
vt 0.0722605735 0.525261045
vt 0.303811371 0.702768981
vt 0.391843975 0.600198328
vt 0.392786652 0.719194591
vt 0.326593906 0.522200942
vt 0.3940745 0.584556639
vt 0.304359138 0.710296929
vt 0.390242249 0.734568417
vt 0.3940745 0.584556639
vt 0.328539968 0.516804993
vt 0.274044693 0.48154676
vt 0.326593906 0.522200942
vt 0.201293081 0.694456816
vt 0.199786708 0.488439769
vt 0.259787947 0.683135986
vt 0.275842577 0.467872292
vt 0.199705824 0.480931312
vt 0.259787947 0.683135986
vt 0.201364428 0.702661753
vt 0.260022253 0.694767416
vt 0.124538518 0.486614466
vt 0.201293081 0.694456816
vt 0.142156735 0.687194228
vt 0.199786708 0.488439769
vt 0.199705824 0.480931312
vt 0.122495793 0.473077595
vt 0.14208734 0.698790252
vt 0.201364428 0.702661753
vt 0.326593906 0.522200942
vt 0.259787947 0.683135986
vt 0.274044693 0.48154676
vt 0.259787947 0.683135986
vt 0.303811371 0.702768981
vt 0.260022253 0.694767416
vt 0.304359138 0.710296929
vt 0.857409 0.542581499
vt 0.882294059 0.455401927
vt 0.83910656 0.501712441
vt 0.876007318 0.398105234
vt 0.857409 0.542581499
vt 0.894711375 0.488877803
vt 0.876007318 0.398105234
vt 0.827617526 0.42814362
vt 0.894711375 0.488877803
vt 0.885681152 0.582345963
vt 0.913385689 0.561564267
vt 0.857409 0.542581499
vt 0.831101477 0.233977631
vt 0.865396678 0.301036894
vt 0.859809935 0.219626948
vt 0.865396678 0.301036894
vt 0.819409966 0.299557269
vt 0.819409966 0.299557269
vt 0.864836872 0.344441533
vt 0.816127241 0.355521142
vt 0.876007318 0.398105234
vt 0.827617526 0.42814362
vt 0.00329682999 0.613653243
vt 0.0119507685 0.73142761
vt 0.00415265001 0.731441736
vt 0.00329682999 0.613653243
vt 0.0110807447 0.612532854
vt 0.400583208 0.718846977
vt 0.391843975 0.600198328
vt 0.399638772 0.601018488
vt 0.400583208 0.718846977
vt 0.392786652 0.719194591
vt 0.328539968 0.516804993
vt 0.274044693 0.48154676
vt 0.275842577 0.467872292
vn 0.749509633 0.315926373 0.581743777
vn -0.124463059 0.534573019 -0.835907042
vn 0.816372693 0.37250039 -0.441337794
vn -0.554797292 0.705988646 0.440204561
vn -0.657610238 0.618003666 -0.430836886
vn -0.659164846 -0.441269696 0.608919322
vn -0.737057388 -0.632466495 -0.238185763
vn -0.737057388 -0.632466495 -0.238185763
vn -0.23744449 -0.694744229 -0.678933322
vn -0.430855215 0.0737246051 0.899404466
vn -0.659164846 -0.441269696 0.608919322
vn -0.23744449 -0.694744229 -0.678933322
vn -0.948052049 0.0523831621 0.313772708
vn 0.0538066961 0.336073965 0.940297365
vn -0.639831424 0.0594695061 0.766210914
vn 0.644625068 -0.0519403517 0.762732387
vn 0.882363498 -0.0630240217 -0.466328859
vn -0.464616328 -0.135495439 -0.8750844
vn 0.857517302 0.222511679 -0.463845402
vn -0.203084752 -0.458649129 -0.865099728
vn 0.816372693 0.37250039 -0.441337794
vn -0.23744449 -0.694744229 -0.678933322
vn 0.0538066961 0.336073965 0.940297365
vn 0.749509633 0.315926373 0.581743777
vn 0.0538066961 0.336073965 0.940297365
vn 0.816372693 0.37250039 -0.441337794
vn 0.882363498 -0.0630240217 -0.466328859
vn -0.378734678 -0.0201312304 -0.925286353
vn -0.0786962658 -0.239931494 0.967594862
vn 0.908241272 -0.0790354162 -0.410915166
vn -0.456563264 0.071315892 -0.886828005
vn 0.789565027 -0.423782289 -0.443841845
vn -0.0533964559 0.30990088 -0.949268281
vn 0.610907197 -0.391650319 0.688042462
vn 0.789565027 -0.423782289 -0.443841845
vn -0.604523122 -0.644235671 -0.468521386
vn -0.0733186826 -0.57490015 -0.814932048
vn -0.503252327 -0.787285149 0.35625723
vn -0.0786962658 -0.239931494 0.967594862
vn -0.0533964559 0.30990088 -0.949268281
vn -0.254833132 0.684822798 -0.682698905
vn -0.751625836 0.606809855 -0.258535177
vn -0.751625836 0.606809855 -0.258535177
vn -0.726997077 0.304270416 0.6155442
vn -0.726997077 0.304270416 0.6155442
vn 0.610907197 -0.391650319 0.688042462
vn -0.675177395 0.0116703073 0.737563133
vn -0.0786962658 -0.239931494 0.967594862
vn 0.882363498 -0.0630240217 -0.466328859
vn 0.644625068 -0.0519403517 0.762732387
vn -0.976198673 -0.0476133525 0.211586967
vn -0.639831424 0.0594695061 0.766210914
vn -0.378734678 -0.0201312304 -0.925286353
vn -0.23744449 -0.694744229 -0.678933322
vn -0.430855215 0.0737246051 0.899404466
vn -0.203084752 -0.458649129 -0.865099728
vn -0.659164846 -0.441269696 0.608919322
vn -0.737057388 -0.632466495 -0.238185763
vn -0.0533964559 0.30990088 -0.949268281
vn -0.751625836 0.606809855 -0.258535177
vn -0.254833132 0.684822798 -0.682698905
vn -0.675177395 0.0116703073 0.737563133
vn -0.675177395 0.0116703073 0.737563133
vn -0.726997077 0.304270416 0.6155442
vn -0.203084752 -0.458649129 -0.865099728
vn -0.948052049 0.0523831621 0.313772708
vn -0.464616328 -0.135495439 -0.8750844
vn -0.378734678 -0.0201312304 -0.925286353
vn -0.948052049 0.0523831621 0.313772708
vn -0.430855215 0.0737246051 0.899404466
vn -0.378734678 -0.0201312304 -0.925286353
vn -0.976198673 -0.0476133525 0.211586967
vn -0.456563264 0.071315892 -0.886828005
vn -0.675177395 0.0116703073 0.737563133
vn -0.0533964559 0.30990088 -0.949268281
vn -0.675177395 0.0116703073 0.737563133
vn -0.976198673 -0.0476133525 0.211586967
vn -0.976198673 -0.0476133525 0.211586967
vn -0.378734678 -0.0201312304 -0.925286353
vn -0.639831424 0.0594695061 0.766210914
vn -0.378734678 -0.0201312304 -0.925286353
vn -0.948052049 0.0523831621 0.313772708
vn -0.639831424 0.0594695061 0.766210914
vn -0.675177395 0.0116703073 0.737563133
vn -0.976198673 -0.0476133525 0.211586967
vn 0.955318511 0.255840421 -0.148027569
vn 0.395245403 -0.915729702 0.0722505599
vn 0.975280046 0.209169537 0.0712527633
vn 0.35667786 -0.716723323 -0.599240065
vn -0.591820538 -0.794873655 0.13388136
vn -0.572788835 -0.784098268 0.238962144
vn 0.138192192 -0.978102148 0.155624524
vn 0.982033849 0.164939165 0.0916762576
vn 0.757003605 0.141714633 0.637857795
vn -0.549144506 -0.0687564835 0.832894266
vn -0.99450171 -0.0882598907 -0.0563602261
vn -0.988697767 0.091910027 -0.118445694
vn -0.987358987 -0.0164601859 0.157642305
vn 0.0760633573 0.985075355 0.154405221
vn 0.0365251862 0.814285636 -0.579313993
vn 0.757003605 0.141714633 0.637857795
vn -0.135077789 0.979627967 0.148603827
vn -0.549144506 -0.0687564835 0.832894266
vn -0.798359036 0.557136416 -0.228521198
vn -0.823455513 0.49365446 0.279689789
vn -0.99450171 -0.0882598907 -0.0563602261
vn -0.987358987 -0.0164601859 0.157642305
vn -0.781676054 -0.497982413 -0.375494391
vn -0.464583516 0.841667354 -0.27524206
vn -0.464583516 0.841667354 -0.27524206
vn 0.0897639692 0.902939796 -0.420288175
vn 0.0897639692 0.902939796 -0.420288175
vn 0.953576624 0.25302738 -0.163305417
vn 0.412314653 -0.90711987 -0.0844410732
vn 0.953576624 0.25302738 -0.163305417
vn -0.781676054 -0.497982413 -0.375494391
vn -0.798359036 0.557136416 -0.228521198
vn -0.464583516 0.841667354 -0.27524206
vn -0.2764 -0.895233393 -0.349514514
vn -0.987358987 -0.0164601859 0.157642305
vn -0.815988541 0.489676952 -0.307211846
vn 0.50084573 -0.0116863139 -0.865457714
vn -0.988697767 0.091910027 -0.118445694
vn -0.983422875 -0.069864966 -0.167326778
vn -0.35677439 -0.0584412292 -0.932360828
vn -0.781676054 -0.497982413 -0.375494391
vn -0.987358987 -0.0164601859 0.157642305
vn -0.2764 -0.895233393 -0.349514514
vn 0.50084573 -0.0116863139 -0.865457714
vn -0.862098753 -0.476368725 -0.172796041
vn -0.862098753 -0.476368725 -0.172796041
vn -0.184322774 -0.524389386 -0.831288695
vn -0.964730322 0.0494319312 -0.25855729
vn 0.250439644 -0.00786179677 -0.96810025
vn -0.795438349 0.597534537 0.101144776
vn -0.44419378 0.0195156727 -0.895718217
vn -0.980697513 0.0307868645 0.193091825
vn -0.983422875 -0.069864966 -0.167326778
vn 0.250439644 -0.00786179677 -0.96810025
vn -0.35677439 -0.0584412292 -0.932360828
vn -0.860526264 -0.460052192 0.218738586
vn -0.980697513 0.0307868645 0.193091825
vn 0.50084573 -0.0116863139 -0.865457714
vn 0.89663893 0.0745438859 -0.436442047
vn 0.964721799 0.253590137 0.0707386658
vn -0.35677439 -0.0584412292 -0.932360828
vn 0.953576624 0.25302738 -0.163305417
vn 0.412314653 -0.90711987 -0.0844410732
vn -0.302667022 0.107197881 0.947048724
vn -0.495415032 -0.836882651 -0.232790381
vn -0.815988541 0.489676952 -0.307211846
vn -0.495415032 -0.836882651 -0.232790381
vn -0.983422875 -0.069864966 -0.167326778
vn -0.0373591855 0.684961498 -0.72762084
vn -0.862098753 -0.476368725 -0.172796041
vn -0.184322774 -0.524389386 -0.831288695
vn -0.862098753 -0.476368725 -0.172796041
vn -0.696843326 0.717221856 0.00147979276
vn -0.184322774 -0.524389386 -0.831288695
vn 0.964721799 0.253590137 0.0707386658
vn -0.0373591855 0.684961498 -0.72762084
vn 0.50084573 -0.0116863139 -0.865457714
vn 0.0897639692 0.902939796 -0.420288175
vn -0.696843326 0.717221856 0.00147979276
vn -0.464583516 0.841667354 -0.27524206
vn 0.953576624 0.25302738 -0.163305417
vn -0.2764 -0.895233393 -0.349514514
vn -0.2764 -0.895233393 -0.349514514
vn -0.862098753 -0.476368725 -0.172796041
vn 0.292695224 0.132627457 -0.94696331
vn -0.0274008531 -0.693401277 -0.720030487
vn 0.974907279 -0.212561399 -0.0661320761
vn -0.195346326 0.509791315 -0.837826073
vn -0.688470662 -0.725223958 -0.00764721865
vn 0.22266303 -0.842059612 -0.491280764
vn 0.924431324 0.258181542 -0.280658305
vn -0.348287225 -0.740549505 -0.574702024
vn -0.478011191 0.754632771 -0.449482679
vn -0.868972719 0.455870152 -0.192533001
vn -0.688470662 -0.725223958 -0.00764721865
vn -0.868972719 0.455870152 -0.192533001
vn 0.250439644 -0.00786179677 -0.96810025
vn 0.754839122 0.000959450263 -0.6559093
vn 0.0505242385 -0.0626703948 -0.996754587
vn -0.44419378 0.0195156727 -0.895718217
vn 0.319876403 -0.916144729 0.241573885
vn 0.27720511 -0.942848921 0.184914038
vn -0.643767416 -0.0294507276 0.764654338
vn 0.223750234 -0.969763756 0.0974367857
vn 0.0505242385 -0.0626703948 -0.996754587
vn -0.575888097 -0.609580517 0.544761002
vn -0.964730322 0.0494319312 -0.25855729
vn -0.575888097 -0.609580517 0.544761002
vn -0.795438349 0.597534537 0.101144776
vn -0.302667022 0.107197881 0.947048724
vn -0.860526264 -0.460052192 0.218738586
vn -0.983422875 -0.069864966 -0.167326778
vn -0.860526264 -0.460052192 0.218738586
vn -0.361275941 0.777393758 0.514916062
vn 0.379607499 0.910912514 0.161668137
vn 0.303102285 0.940712154 0.15228121
vn 0.89663893 0.0745438859 -0.436442047
vn 0.22680743 0.973925829 -0.00519313989
vn 0.0505242385 -0.0626703948 -0.996754587
vn -0.35677439 -0.0584412292 -0.932360828
vn 0.0505242385 -0.0626703948 -0.996754587
vn -0.35677439 -0.0584412292 -0.932360828
vn 0.250439644 -0.00786179677 -0.96810025
vn 0.974907279 -0.212561399 -0.0661320761
vn -0.44419378 0.0195156727 -0.895718217
vn 0.292695224 0.132627457 -0.94696331
vn 0.754839122 0.000959450263 -0.6559093
vn 0.42119053 0.843546867 -0.333207577
vn -0.230883628 0.888045549 -0.397577345
vn -0.643767416 -0.0294507276 0.764654338
vn 0.924431324 0.258181542 -0.280658305
vn -0.643767416 -0.0294507276 0.764654338
vn -0.873489022 -0.457526594 -0.166392267
vn -0.964730322 0.0494319312 -0.25855729
vn -0.230883628 0.888045549 -0.397577345
vn -0.478011191 0.754632771 -0.449482679
vn 0.292695224 0.132627457 -0.94696331
vn -0.76221478 0.18469739 -0.620415628
vn -0.868972719 0.455870152 -0.192533001
vn -0.819916725 0.261125118 -0.509460807
vn -0.987903774 0.154730827 -0.0102248341
vn -0.868972719 0.455870152 -0.192533001
vn -0.195346326 0.509791315 -0.837826073
vn -0.873489022 -0.457526594 -0.166392267
vn -0.44419378 0.0195156727 -0.895718217
vn -0.964730322 0.0494319312 -0.25855729
vn 0.292695224 0.132627457 -0.94696331
vn -0.76221478 0.18469739 -0.620415628
vn -0.987903774 0.154730827 -0.0102248341
vn -0.961432457 0.116216242 -0.249281779
vn 0.971984148 -0.209020466 -0.107505411
vn 0.440743834 0.897105157 0.0307770055
vn 0.34346056 0.642299533 -0.685190618
vn -0.561067462 0.827724159 0.00871285424
vn -0.589476287 0.767976642 0.250458777
vn 0.188419104 0.956576884 0.222393468
vn 0.976390839 -0.194319218 0.0943453908
vn 0.735281229 -0.179109365 0.653667569
vn -0.525298417 0.0951838717 0.845577717
vn -0.997837961 0.0656781793 -0.00243139919
vn -0.961432457 0.116216242 -0.249281779
vn -0.987903774 0.154730827 -0.0102248341
vn 0.42119053 0.843546867 -0.333207577
vn -0.230883628 0.888045549 -0.397577345
vn -0.961432457 0.116216242 -0.249281779
vn -0.873489022 -0.457526594 -0.166392267
vn -0.997837961 0.0656781793 -0.00243139919
vn 0.985700488 -0.116183229 0.122049421
vn 0.971984148 -0.209020466 -0.107505411
vn 0.0978612974 -0.972484529 0.211416543
vn 0.976390839 -0.194319218 0.0943453908
vn 0.170505896 -0.719479322 -0.673258722
vn 0.971984148 -0.209020466 -0.107505411
vn -0.655442238 -0.734113574 -0.177405804
vn -0.850234449 -0.421996891 0.314674437
vn -0.0809679031 -0.969535589 0.231181607
vn 0.735281229 -0.179109365 0.653667569
vn 0.976390839 -0.194319218 0.0943453908
vn -0.525298417 0.0951838717 0.845577717
vn -0.997837961 0.0656781793 -0.00243139919
vn -0.819916725 0.261125118 -0.509460807
vn 0.22266303 -0.842059612 -0.491280764
vn 0.924431324 0.258181542 -0.280658305
vn -0.348287225 -0.740549505 -0.574702024
vn -0.819916725 0.261125118 -0.509460807
vn -0.478011191 0.754632771 -0.449482679
vn 0.22266303 -0.842059612 -0.491280764
vn -0.987903774 0.154730827 -0.0102248341
vn -0.997837961 0.0656781793 -0.00243139919
vn -0.819916725 0.261125118 -0.509460807
vn 0.971984148 -0.209020466 -0.107505411
vn 0.42119053 0.843546867 -0.333207577
vn 0.924431324 0.258181542 -0.280658305
vn 0.955318511 0.255840421 -0.148027569
vn 0.412314653 -0.90711987 -0.0844410732
vn -0.495415032 -0.836882651 -0.232790381
vn -0.495415032 -0.836882651 -0.232790381
vn -0.988697767 0.091910027 -0.118445694
vn -0.815988541 0.489676952 -0.307211846
vn -0.0861070231 0.982703626 0.163948178
vn 0.994703948 -0.0320190825 0.0976664498
vn -0.0927153379 0.982852995 0.159386203
vn 0.99924612 -0.026226785 -0.0286234282
vn -0.918161869 0.00451879995 0.396179676
vn 0.963952839 -0.018445231 0.265433043
vn -0.020430902 0.993738174 0.10984987
vn -0.963134646 0.0038711119 0.268991709
vn -0.989059091 0.020241756 0.146124244
vn -0.157403901 0.00588856731 0.987516701
vn -0.918161869 0.00451879995 0.396179676
vn -0.157403901 0.00588856731 0.987516701
vn -0.047623165 0.988642991 0.142538249
vn -0.638409436 0.0110102585 0.769618094
vn -0.00299519883 0.968165934 0.250291377
vn 0.546459377 0.805042326 -0.230843917
vn 0.604964375 0.775571585 0.18029657
vn 0.379607499 0.910912514 0.161668137
vn 0.303102285 0.940712154 0.15228121
vn 0.395031214 0.684160888 0.613085866
vn -0.0597806834 -0.0111404182 0.998149395
vn -0.361275941 0.777393758 0.514916062
vn -0.575410843 0.123722889 0.808452249
vn -0.980697513 0.0307868645 0.193091825
vn -0.860526264 -0.460052192 0.218738586
vn 0.911403477 0.0387071483 0.409689397
vn 0.436536551 0.0477112122 0.898420632
vn -0.0597806834 -0.0111404182 0.998149395
vn -0.0461438857 0.705106735 -0.707598209
vn 0.137999728 0.00187073112 0.990430534
vn -0.225272283 0.800270557 -0.555715203
vn 0.954942465 -0.0212689545 0.296027839
vn 0.400556773 0.00172320718 -0.916270256
vn 0.22680743 0.973925829 -0.00519313989
vn 0.994703948 -0.0320190825 0.0976664498
vn -0.120092236 -0.978729546 0.166332021
vn -0.128200144 -0.979982972 0.152309403
vn 0.99924612 -0.026226785 -0.0286234282
vn -0.918161869 0.00451879995 0.396179676
vn -0.963134646 0.0038711119 0.268991709
vn -0.0505505204 -0.993426442 0.102705933
vn -0.989059091 0.020241756 0.146124244
vn -0.157403901 0.00588856731 0.987516701
vn 0.963952839 -0.018445231 0.265433043
vn -0.157403901 0.00588856731 0.987516701
vn -0.124026224 -0.973118782 0.194054797
vn -0.638409436 0.0110102585 0.769618094
vn 0.588219225 -0.786200464 -0.189438418
vn 0.0741625056 -0.969096303 0.235270515
vn 0.662769794 -0.722108185 0.198232025
vn 0.319876403 -0.916144729 0.241573885
vn 0.27720511 -0.942848921 0.184914038
vn 0.399286509 -0.637215912 0.659185946
vn -0.0597806834 -0.0111404182 0.998149395
vn -0.575888097 -0.609580517 0.544761002
vn 0.911403477 0.0387071483 0.409689397
vn 0.436536551 0.0477112122 0.898420632
vn -0.575888097 -0.609580517 0.544761002
vn 0.436536551 0.0477112122 0.898420632
vn 0.000729376625 -0.705852091 -0.708358943
vn 0.137999728 0.00187073112 0.990430534
vn 0.223750234 -0.969763756 0.0974367857
vn -0.182035044 -0.846479714 -0.500335336
vn 0.954942465 -0.0212689545 0.296027839
vn 0.137999728 0.00187073112 0.990430534
vn 0.954942465 -0.0212689545 0.296027839
vn 0.400556773 0.00172320718 -0.916270256
vn 0.588219225 -0.786200464 -0.189438418
vn 0.911403477 0.0387071483 0.409689397
vn 0.662769794 -0.722108185 0.198232025
vn 0.406249166 -0.00328640686 -0.913756371
vn 0.546459377 0.805042326 -0.230843917
vn 0.604964375 0.775571585 0.18029657
vn 0.507921636 -0.00747869816 -0.861370742
vn 0.546459377 0.805042326 -0.230843917
vn 0.588219225 -0.786200464 -0.189438418
vn 0.000729376625 -0.705852091 -0.708358943
vn -0.182035044 -0.846479714 -0.500335336
vn -0.134232983 0.00123538321 -0.990948975
vn 0.0505242385 -0.0626703948 -0.996754587
vn 0.223750234 -0.969763756 0.0974367857
vn -0.225272283 0.800270557 -0.555715203
vn -0.0461438857 0.705106735 -0.707598209
vn 0.22680743 0.973925829 -0.00519313989
vn 0.400556773 0.00172320718 -0.916270256
vn -0.225272283 0.800270557 -0.555715203
vn -0.575888097 -0.609580517 0.544761002
vn -0.575410843 0.123722889 0.808452249
vn -0.575888097 -0.609580517 0.544761002
vn -0.980697513 0.0307868645 0.193091825
vn -0.575888097 -0.609580517 0.544761002
vn -0.795438349 0.597534537 0.101144776
vn 0.507921636 -0.00747869816 -0.861370742
vn 0.507921636 -0.00747869816 -0.861370742
vn 0.636734366 0.0868662074 -0.766174555
vn 0.477710992 0.269410759 0.83618784
vn 0.909841955 0.258091122 -0.324925661
vn -0.197889328 0.0354738757 0.97958231
vn -0.0469997153 -0.027973935 -0.998503089
vn -0.591033816 -0.048992116 -0.805157721
vn -0.989431024 -0.0168328211 0.144024253
vn -0.197889328 0.0354738757 0.97958231
vn -0.614987254 0.732170582 0.292774528
vn 0.909841955 0.258091122 -0.324925661
vn 0.477710992 0.269410759 0.83618784
vn -0.423396468 0.586765885 -0.690247178
vn -0.713778615 0.396663427 0.577216029
vn -0.797770739 -0.506424427 0.327255428
vn -0.548370302 -0.564012945 -0.617397249
vn -0.0469997153 -0.027973935 -0.998503089
vn -0.989431024 -0.0168328211 0.144024253
vn -0.713778615 0.396663427 0.577216029
vn 0.9103778 -0.252517939 -0.327790856
vn -0.589884937 -0.748789907 0.302240789
vn 0.471155673 -0.267889261 0.840385497
vn -0.406849116 -0.600770831 -0.68814832
vn -0.814803421 0.477777392 0.328365952
vn -0.0614601262 0.0503697023 -0.996837735
vn -0.565803766 0.545403779 -0.618385613
vn -0.814803421 0.477777392 0.328365952
vn -0.725366235 -0.378910184 0.574692011
vn -0.196074262 -0.0510747209 0.979258001
vn 0.471155673 -0.267889261 0.840385497
vn 0.949544787 -0.00313125621 -0.313615859
vn 0.638089359 -0.100727342 -0.763345242
vn 0.532336235 -0.00860879105 0.846489191
vn -0.988699019 0.0347593389 0.145828202
vn -0.815198541 0.0138435299 0.579016089
vn -0.104637191 0.00478910701 -0.994498909
vn 0.638089359 -0.100727342 -0.763345242
vn -0.589554667 0.0651488826 -0.805096805
vn -0.197889328 0.0354738757 0.97958231
vn 0.949544787 -0.00313125621 -0.313615859
vn 0.532336235 -0.00860879105 0.846489191
vn 0.636734366 0.0868662074 -0.766174555
vn -0.815198541 0.0138435299 0.579016089
vn -0.989431024 -0.0168328211 0.144024253
vn -0.591033816 -0.048992116 -0.805157721
vn -0.104637191 0.00478910701 -0.994498909
vn 0.471155673 -0.267889261 0.840385497
vn 0.638089359 -0.100727342 -0.763345242
vn 0.9103778 -0.252517939 -0.327790856
vn 0.638089359 -0.100727342 -0.763345242
vn -0.196074262 -0.0510747209 0.979258001
vn -0.589554667 0.0651488826 -0.805096805
vn -0.0614601262 0.0503697023 -0.996837735
vn -0.713778615 0.396663427 0.577216029
vn -0.591033816 -0.048992116 -0.805157721
vn -0.0469997153 -0.027973935 -0.998503089
vn -0.713778615 0.396663427 0.577216029
vn -0.989431024 -0.0168328211 0.144024253
vn -0.104637191 0.00478910701 -0.994498909
vn -0.104637191 0.00478910701 -0.994498909
vn -0.815198541 0.0138435299 0.579016089
vn -0.0469997153 -0.027973935 -0.998503089
vn -0.797770739 -0.506424427 0.327255428
vn -0.713778615 0.396663427 0.577216029
vn -0.548370302 -0.564012945 -0.617397249
vn -0.814803421 0.477777392 0.328365952
vn -0.0614601262 0.0503697023 -0.996837735
vn -0.725366235 -0.378910184 0.574692011
vn -0.0614601262 0.0503697023 -0.996837735
vn -0.565803766 0.545403779 -0.618385613
vn -0.589554667 0.0651488826 -0.805096805
vn -0.725366235 -0.378910184 0.574692011
vn -0.988699019 0.0347593389 0.145828202
vn -0.104637191 0.00478910701 -0.994498909
vn -0.815198541 0.0138435299 0.579016089
vn -0.797770739 -0.506424427 0.327255428
vn -0.423396468 0.586765885 -0.690247178
vn -0.614987254 0.732170582 0.292774528
vn -0.797770739 -0.506424427 0.327255428
vn -0.548370302 -0.564012945 -0.617397249
vn -0.565803766 0.545403779 -0.618385613
vn -0.589884937 -0.748789907 0.302240789
vn -0.406849116 -0.600770831 -0.68814832
vn -0.565803766 0.545403779 -0.618385613
vn -0.814803421 0.477777392 0.328365952
vn -0.196074262 -0.0510747209 0.979258001
vn -0.725366235 -0.378910184 0.574692011
vn -0.988699019 0.0347593389 0.145828202
vn 0.554796696 0.705990076 0.440202862
vn 0.124461882 0.534572899 -0.8359074
vn 0.657609463 0.618004382 -0.430836886
vn -0.75566572 0.293517053 0.585505903
vn -0.823850811 0.366674513 -0.432226241
vn 0.659165382 -0.4412691 0.608919203
vn 0.737058043 -0.632465661 -0.238186181
vn 0.737058043 -0.632465661 -0.238186181
vn 0.237444311 -0.69474411 -0.678933561
vn 0.419437438 0.0993935391 0.902326465
vn 0.659165382 -0.4412691 0.608919203
vn 0.237444311 -0.69474411 -0.678933561
vn 0.952726066 0.05296221 0.299179077
vn -0.029293729 0.32898891 0.943879366
vn 0.637387037 0.0328918621 0.769841492
vn -0.64847225 -0.0401802734 0.760177135
vn -0.884984493 -0.0551314466 -0.462345093
vn 0.446375817 -0.132243946 -0.885019898
vn -0.866729379 0.227543965 -0.443851233
vn 0.196279511 -0.45032987 -0.871020913
vn -0.823850811 0.366674513 -0.432226241
vn 0.237444311 -0.69474411 -0.678933561
vn -0.823850811 0.366674513 -0.432226241
vn -0.029293729 0.32898891 0.943879366
vn -0.884984493 -0.0551314466 -0.462345093
vn 0.373223603 -0.023726536 -0.927438021
vn -0.029293729 0.32898891 0.943879366
vn -0.75566572 0.293517053 0.585505903
vn 0.0786964297 -0.239931598 0.967594743
vn -0.908241153 -0.0790361315 -0.410915107
vn 0.456563056 0.0713161528 -0.886828065
vn -0.789564848 -0.423782617 -0.443841875
vn 0.0533967093 0.309901625 -0.949267983
vn -0.610906839 -0.391650409 0.6880427
vn 0.0786964297 -0.239931598 0.967594743
vn -0.789564848 -0.423782617 -0.443841875
vn 0.604523003 -0.644235492 -0.468521565
vn 0.503254414 -0.787283719 0.35625729
vn 0.0733189583 -0.574899793 -0.814932168
vn 0.0533967093 0.309901625 -0.949267983
vn 0.254833043 0.684822977 -0.682698846
vn 0.751625538 0.606810153 -0.258535206
vn 0.751625538 0.606810153 -0.258535206
vn 0.726995826 0.304272205 0.615544915
vn -0.610906839 -0.391650409 0.6880427
vn 0.726995826 0.304272205 0.615544915
vn 0.675177038 0.0116720051 0.737563491
vn 0.0786964297 -0.239931598 0.967594743
vn -0.884984493 -0.0551314466 -0.462345093
vn -0.64847225 -0.0401802734 0.760177135
vn 0.976198673 -0.0476128235 0.211586952
vn 0.637387037 0.0328918621 0.769841492
vn 0.373223603 -0.023726536 -0.927438021
vn 0.237444311 -0.69474411 -0.678933561
vn 0.659165382 -0.4412691 0.608919203
vn 0.737058043 -0.632465661 -0.238186181
vn 0.419437438 0.0993935391 0.902326465
vn 0.196279511 -0.45032987 -0.871020913
vn 0.675177038 0.0116720051 0.737563491
vn 0.751625538 0.606810153 -0.258535206
vn 0.726995826 0.304272205 0.615544915
vn 0.0533967093 0.309901625 -0.949267983
vn 0.254833043 0.684822977 -0.682698846
vn 0.675177038 0.0116720051 0.737563491
vn 0.196279511 -0.45032987 -0.871020913
vn 0.952726066 0.05296221 0.299179077
vn 0.419437438 0.0993935391 0.902326465
vn 0.952726066 0.05296221 0.299179077
vn 0.446375817 -0.132243946 -0.885019898
vn 0.373223603 -0.023726536 -0.927438021
vn 0.373223603 -0.023726536 -0.927438021
vn 0.976198673 -0.0476128235 0.211586952
vn 0.637387037 0.0328918621 0.769841492
vn 0.976198673 -0.0476128235 0.211586952
vn 0.373223603 -0.023726536 -0.927438021
vn 0.456563056 0.0713161528 -0.886828065
vn 0.675177038 0.0116720051 0.737563491
vn 0.976198673 -0.0476128235 0.211586952
vn 0.675177038 0.0116720051 0.737563491
vn 0.0533967093 0.309901625 -0.949267983
vn 0.952726066 0.05296221 0.299179077
vn 0.373223603 -0.023726536 -0.927438021
vn 0.637387037 0.0328918621 0.769841492
vn 0.675177038 0.0116720051 0.737563491
vn 0.976198673 -0.0476128235 0.211586952
vn -0.955318749 0.255839825 -0.148027256
vn -0.395244956 -0.91572994 0.0722507015
vn -0.35667938 -0.716722786 -0.599239826
vn -0.975280285 0.209168941 0.0712517649
vn 0.591819584 -0.79487443 0.133881092
vn 0.572788894 -0.784098148 0.238962203
vn -0.138191432 -0.978102386 0.155623943
vn -0.982034087 0.164938509 0.0916751251
vn -0.757003486 0.14171347 0.637858033
vn 0.549145103 -0.0687557161 0.832893968
vn 0.994501829 -0.0882591382 -0.0563609861
vn 0.988697886 0.0919090509 -0.118445672
vn 0.987359107 -0.0164591223 0.15764226
vn -0.0760631412 0.985075355 0.154405445
vn -0.0365259238 0.814290702 -0.579306841
vn -0.757003486 0.14171347 0.637858033
vn 0.135077387 0.979627967 0.148603916
vn 0.549145103 -0.0687557161 0.832893968
vn 0.798359334 0.557138562 -0.228514984
vn 0.823455334 0.493654788 0.27968961
vn 0.994501829 -0.0882591382 -0.0563609861
vn 0.987359107 -0.0164591223 0.15764226
vn 0.781673133 -0.497980744 -0.375502646
vn 0.464579463 0.841671288 -0.275236934
vn 0.464579463 0.841671288 -0.275236934
vn -0.0897651464 0.902943611 -0.420279652
vn -0.0897651464 0.902943611 -0.420279652
vn -0.953575969 0.253027231 -0.163309827
vn -0.412314653 -0.90711987 -0.0844407752
vn -0.953575969 0.253027231 -0.163309827
vn 0.781673133 -0.497980744 -0.375502646
vn 0.798359334 0.557138562 -0.228514984
vn 0.464579463 0.841671288 -0.275236934
vn 0.276396066 -0.895234346 -0.349514812
vn 0.987359107 -0.0164591223 0.15764226
vn -0.500848472 -0.011682773 -0.865456104
vn 0.815989137 0.489676178 -0.307211548
vn 0.988697886 0.0919090509 -0.118445672
vn 0.983422995 -0.0698646605 -0.16732645
vn 0.356776178 -0.0584415942 -0.932360113
vn 0.781673133 -0.497980744 -0.375502646
vn 0.276396066 -0.895234346 -0.349514812
vn 0.987359107 -0.0164591223 0.15764226
vn -0.500848472 -0.011682773 -0.865456104
vn 0.862098753 -0.476368874 -0.172796026
vn 0.862098753 -0.476368874 -0.172796026
vn 0.184323236 -0.524389863 -0.831288278
vn 0.964730322 0.0494322143 -0.258557022
vn -0.25044027 -0.00786176603 -0.968100131
vn 0.44419381 0.019515831 -0.895718217
vn 0.795437574 0.597535789 0.101143837
vn 0.980697274 0.0307872798 0.193093255
vn 0.983422995 -0.0698646605 -0.16732645
vn -0.25044027 -0.00786176603 -0.968100131
vn 0.860526383 -0.460051984 0.218738526
vn 0.356776178 -0.0584415942 -0.932360113
vn 0.980697274 0.0307872798 0.193093255
vn -0.500848472 -0.011682773 -0.865456104
vn -0.896636009 0.0745416656 -0.436448634
vn 0.356776178 -0.0584415942 -0.932360113
vn -0.96472156 0.253590047 0.0707416385
vn -0.953575969 0.253027231 -0.163309827
vn -0.412314653 -0.90711987 -0.0844407752
vn 0.302666157 0.107197866 0.947049022
vn 0.495414197 -0.836883426 -0.232789665
vn 0.815989137 0.489676178 -0.307211548
vn 0.983422995 -0.0698646605 -0.16732645
vn 0.495414197 -0.836883426 -0.232789665
vn 0.0373591147 0.684961557 -0.72762078
vn 0.862098753 -0.476368874 -0.172796026
vn 0.696843386 0.717221797 0.00147982908
vn 0.862098753 -0.476368874 -0.172796026
vn 0.184323236 -0.524389863 -0.831288278
vn 0.184323236 -0.524389863 -0.831288278
vn -0.96472156 0.253590047 0.0707416385
vn -0.500848472 -0.011682773 -0.865456104
vn 0.0373591147 0.684961557 -0.72762078
vn -0.0897651464 0.902943611 -0.420279652
vn 0.696843386 0.717221797 0.00147982908
vn 0.464579463 0.841671288 -0.275236934
vn -0.953575969 0.253027231 -0.163309827
vn 0.276396066 -0.895234346 -0.349514812
vn 0.276396066 -0.895234346 -0.349514812
vn 0.862098753 -0.476368874 -0.172796026
vn -0.292695135 0.132627502 -0.94696331
vn 0.0274009891 -0.693401337 -0.720030367
vn 0.195346519 0.509791553 -0.837825894
vn -0.974907279 -0.212561518 -0.0661321208
vn 0.688471198 -0.725223303 -0.00764715392
vn -0.222662404 -0.842056513 -0.491286486
vn -0.924427748 0.258191049 -0.280660987
vn 0.348289073 -0.740547836 -0.574703097
vn 0.478010625 0.75463295 -0.449483007
vn 0.868972421 0.455870628 -0.192533046
vn 0.688471198 -0.725223303 -0.00764715392
vn 0.868972421 0.455870628 -0.192533046
vn -0.25044027 -0.00786176603 -0.968100131
vn -0.754839242 0.000959025754 -0.655909121
vn 0.44419381 0.019515831 -0.895718217
vn -0.050524421 -0.0626703575 -0.996754587
vn -0.319876254 -0.916144848 0.241573781
vn 0.643766046 -0.0294506643 0.764655411
vn -0.277204931 -0.942848921 0.184914261
vn -0.223749653 -0.969763994 0.0974363163
vn -0.050524421 -0.0626703575 -0.996754587
vn 0.575889409 -0.609579325 0.544760942
vn 0.575889409 -0.609579325 0.544760942
vn 0.964730322 0.0494322143 -0.258557022
vn 0.795437574 0.597535789 0.101143837
vn 0.302666157 0.107197866 0.947049022
vn 0.860526383 -0.460051984 0.218738526
vn 0.361275822 0.777393758 0.514916241
vn 0.983422995 -0.0698646605 -0.16732645
vn -0.379607767 0.910912395 0.161668152
vn 0.361275822 0.777393758 0.514916241
vn -0.303102523 0.940712154 0.15228115
vn -0.896636009 0.0745416656 -0.436448634
vn -0.226807669 0.97392571 -0.00519331498
vn -0.050524421 -0.0626703575 -0.996754587
vn 0.356776178 -0.0584415942 -0.932360113
vn -0.050524421 -0.0626703575 -0.996754587
vn -0.25044027 -0.00786176603 -0.968100131
vn -0.974907279 -0.212561518 -0.0661321208
vn 0.44419381 0.019515831 -0.895718217
vn -0.754839242 0.000959025754 -0.655909121
vn -0.292695135 0.132627502 -0.94696331
vn -0.421189696 0.843547106 -0.333207846
vn 0.230883285 0.888045728 -0.397577286
vn 0.643766046 -0.0294506643 0.764655411
vn -0.924427748 0.258191049 -0.280660987
vn 0.643766046 -0.0294506643 0.764655411
vn 0.873489439 -0.45752576 -0.166392282
vn 0.230883285 0.888045728 -0.397577286
vn 0.964730322 0.0494322143 -0.258557022
vn 0.868972421 0.455870628 -0.192533046
vn -0.292695135 0.132627502 -0.94696331
vn 0.195346519 0.509791553 -0.837825894
vn 0.478010625 0.75463295 -0.449483007
vn 0.868972421 0.455870628 -0.192533046
vn 0.762214541 0.184698313 -0.620415509
vn 0.819916606 0.261125743 -0.509460568
vn 0.987903774 0.154730543 -0.0102248518
vn 0.44419381 0.019515831 -0.895718217
vn 0.873489439 -0.45752576 -0.166392282
vn 0.964730322 0.0494322143 -0.258557022
vn -0.292695135 0.132627502 -0.94696331
vn 0.762214541 0.184698313 -0.620415509
vn 0.987903774 0.154730543 -0.0102248518
vn 0.961432457 0.11621616 -0.249281585
vn -0.971983671 -0.209020332 -0.107509278
vn -0.440744191 0.897104979 0.0307768695
vn -0.985700607 -0.116183557 0.122048199
vn -0.0978611708 -0.972484529 0.211416379
vn -0.976390719 -0.194319561 0.0943454802
vn -0.188418835 0.956577063 0.222393066
vn -0.735281408 -0.179109097 0.65366751
vn 0.525297046 0.0951836556 0.845578492
vn 0.589476228 0.767976582 0.250459045
vn 0.997837961 0.0656784177 -0.00243034796
vn 0.561067581 0.827724099 0.00871338788
vn -0.343459815 0.642300367 -0.685190141
vn -0.971983671 -0.209020332 -0.107509278
vn 0.961432457 0.11621616 -0.249281585
vn 0.987903774 0.154730543 -0.0102248518
vn -0.421189696 0.843547106 -0.333207846
vn 0.230883285 0.888045728 -0.397577286
vn 0.961432457 0.11621616 -0.249281585
vn 0.873489439 -0.45752576 -0.166392282
vn 0.997837961 0.0656784177 -0.00243034796
vn -0.971983671 -0.209020332 -0.107509278
vn -0.421189696 0.843547106 -0.333207846
vn -0.924427748 0.258191049 -0.280660987
vn -0.170505077 -0.719475389 -0.673263192
vn -0.971983671 -0.209020332 -0.107509278
vn 0.655443549 -0.734112501 -0.177405119
vn 0.850233972 -0.421996713 0.314675927
vn 0.0809685662 -0.969535589 0.231181398
vn -0.735281408 -0.179109097 0.65366751
vn -0.976390719 -0.194319561 0.0943454802
vn 0.525297046 0.0951836556 0.845578492
vn 0.997837961 0.0656784177 -0.00243034796
vn 0.819916606 0.261125743 -0.509460568
vn -0.222662404 -0.842056513 -0.491286486
vn 0.348289073 -0.740547836 -0.574703097
vn 0.819916606 0.261125743 -0.509460568
vn 0.478010625 0.75463295 -0.449483007
vn -0.222662404 -0.842056513 -0.491286486
vn 0.997837961 0.0656784177 -0.00243034796
vn 0.987903774 0.154730543 -0.0102248518
vn 0.819916606 0.261125743 -0.509460568
vn -0.924427748 0.258191049 -0.280660987
vn -0.976390719 -0.194319561 0.0943454802
vn -0.412314653 -0.90711987 -0.0844407752
vn -0.955318749 0.255839825 -0.148027256
vn 0.495414197 -0.836883426 -0.232789665
vn 0.495414197 -0.836883426 -0.232789665
vn 0.988697886 0.0919090509 -0.118445672
vn 0.815989137 0.489676178 -0.307211548
vn 0.0861074999 0.982703626 0.163948476
vn -0.994703948 -0.0320193693 0.09766718
vn -0.99924612 -0.0262270086 -0.0286233556
vn 0.0927159712 0.982852876 0.159386337
vn 0.918161988 0.00451876363 0.396179497
vn 0.963134766 0.00387069257 0.26899153
vn 0.0204291847 0.993738294 0.109849952
vn 0.989059091 0.02024162 0.146124363
vn 0.157401532 0.00588859618 0.987517178
vn -0.963953197 -0.0184460469 0.265431672
vn 0.0476240292 0.988642871 0.142538518
vn 0.63840884 0.0110107148 0.76961875
vn 0.00299377623 0.968166292 0.250290006
vn -0.546461344 0.805040777 -0.23084496
vn -0.604965568 0.775570869 0.180295363
vn -0.379607767 0.910912395 0.161668152
vn -0.303102523 0.940712154 0.15228115
vn -0.395030707 0.684160531 0.613086462
vn 0.0597807989 -0.0111405328 0.998149395
vn 0.361275822 0.777393758 0.514916241
vn 0.0461436547 0.705106676 -0.707598209
vn -0.137999997 0.00187135406 0.990430415
vn 0.225272119 0.800270498 -0.555715382
vn -0.954942584 -0.0212691128 0.296027631
vn -0.400557816 0.00172334665 -0.916269839
vn 0.575410187 0.123724125 0.808452547
vn 0.361275822 0.777393758 0.514916241
vn -0.226807669 0.97392571 -0.00519331498
vn -0.911402345 0.0387068726 0.409692228
vn -0.436535418 0.0477111489 0.898421109
vn 0.980697274 0.0307872798 0.193093255
vn 0.575410187 0.123724125 0.808452547
vn -0.994703948 -0.0320193693 0.09766718
vn 0.120093666 -0.978729367 0.166331932
vn -0.99924612 -0.0262270086 -0.0286233556
vn 0.128200695 -0.979982853 0.152309462
vn 0.918161988 0.00451876363 0.396179497
vn 0.963134766 0.00387069257 0.26899153
vn 0.0505495481 -0.993426561 0.102705732
vn 0.989059091 0.02024162 0.146124363
vn 0.157401532 0.00588859618 0.987517178
vn -0.963953197 -0.0184460469 0.265431672
vn 0.124025069 -0.973118901 0.194055289
vn 0.63840884 0.0110107148 0.76961875
vn -0.588218987 -0.786200762 -0.189438269
vn -0.0741624609 -0.969096303 0.235270903
vn -0.662771046 -0.722107232 0.198231354
vn -0.319876254 -0.916144848 0.241573781
vn -0.277204931 -0.942848921 0.184914261
vn -0.399285704 -0.637215972 0.659186423
vn 0.0597807989 -0.0111405328 0.998149395
vn 0.575889409 -0.609579325 0.544760942
vn -0.911402345 0.0387068726 0.409692228
vn -0.436535418 0.0477111489 0.898421109
vn 0.575889409 -0.609579325 0.544760942
vn -0.000729233667 -0.705851912 -0.708359122
vn -0.137999997 0.00187135406 0.990430415
vn -0.223749653 -0.969763994 0.0974363163
vn 0.182035461 -0.846479535 -0.500335276
vn -0.954942584 -0.0212691128 0.296027631
vn -0.400557816 0.00172334665 -0.916269839
vn -0.588218987 -0.786200762 -0.189438269
vn -0.911402345 0.0387068726 0.409692228
vn -0.406247616 -0.00329115521 -0.913757086
vn -0.662771046 -0.722107232 0.198231354
vn -0.546461344 0.805040777 -0.23084496
vn -0.604965568 0.775570869 0.180295363
vn -0.507921875 -0.00748032425 -0.861370742
vn -0.546461344 0.805040777 -0.23084496
vn -0.588218987 -0.786200762 -0.189438269
vn -0.000729233667 -0.705851912 -0.708359122
vn 0.134233251 0.00123567972 -0.990948975
vn 0.182035461 -0.846479535 -0.500335276
vn -0.050524421 -0.0626703575 -0.996754587
vn -0.223749653 -0.969763994 0.0974363163
vn 0.225272119 0.800270498 -0.555715382
vn -0.400557816 0.00172334665 -0.916269839
vn 0.0461436547 0.705106676 -0.707598209
vn -0.226807669 0.97392571 -0.00519331498
vn 0.575410187 0.123724125 0.808452547
vn 0.575889409 -0.609579325 0.544760942
vn -0.507921875 -0.00748032425 -0.861370742
vn -0.507921875 -0.00748032425 -0.861370742
vn 0.575889409 -0.609579325 0.544760942
vn 0.980697274 0.0307872798 0.193093255
vn 0.795437574 0.597535789 0.101143837
vn 0.575889409 -0.609579325 0.544760942
vn 0.575410187 0.123724125 0.808452547
vn 0.980697274 0.0307872798 0.193093255
vn 0.361275822 0.777393758 0.514916241
vn 0.860526383 -0.460051984 0.218738526
vn -0.636734426 0.0868660137 -0.766174555
vn -0.477711737 0.269410461 0.836187482
vn 0.197889119 0.0354740843 0.97958231
vn -0.909842253 0.258090794 -0.324925125
vn 0.0469998345 -0.0279743616 -0.998503089
vn 0.591033816 -0.0489920042 -0.805157542
vn 0.989431024 -0.0168327186 0.144023851
vn 0.197889119 0.0354740843 0.97958231
vn 0.614986658 0.732171178 0.29277429
vn -0.909842253 0.258090794 -0.324925125
vn 0.423395365 0.586766541 -0.690247416
vn -0.477711737 0.269410461 0.836187482
vn 0.713777721 0.396663725 0.577216804
vn 0.797771037 -0.50642395 0.327255428
vn 0.548371375 -0.564012527 -0.617396772
vn 0.0469998345 -0.0279743616 -0.998503089
vn 0.989431024 -0.0168327186 0.144023851
vn 0.713777721 0.396663725 0.577216804
vn -0.910377681 -0.252518386 -0.327790797
vn 0.58988446 -0.748790324 0.3022407
vn 0.406848729 -0.600770533 -0.688148916
vn -0.471154869 -0.26788947 0.840385854
vn 0.814803779 0.477776736 0.328365862
vn 0.061460238 0.0503696427 -0.996837735
vn 0.565803468 0.545404017 -0.618385732
vn 0.814803779 0.477776736 0.328365862
vn 0.725366592 -0.378909737 0.574691832
vn 0.196074441 -0.0510749929 0.979258001
vn -0.471154869 -0.26788947 0.840385854
vn -0.949544787 -0.00313144363 -0.313615859
vn -0.532335699 -0.00860850606 0.846489608
vn -0.63808924 -0.100727573 -0.763345242
vn 0.988699138 0.0347590335 0.145827651
vn 0.815199256 0.0138440663 0.579015136
vn -0.63808924 -0.100727573 -0.763345242
vn 0.104637116 0.00478910701 -0.994498909
vn 0.589554608 0.0651492253 -0.805096805
vn 0.197889119 0.0354740843 0.97958231
vn -0.949544787 -0.00313144363 -0.313615859
vn -0.636734426 0.0868660137 -0.766174555
vn -0.532335699 -0.00860850606 0.846489608
vn 0.815199256 0.0138440663 0.579015136
vn 0.989431024 -0.0168327186 0.144023851
vn 0.591033816 -0.0489920042 -0.805157542
vn 0.104637116 0.00478910701 -0.994498909
vn -0.471154869 -0.26788947 0.840385854
vn -0.63808924 -0.100727573 -0.763345242
vn 0.196074441 -0.0510749929 0.979258001
vn -0.63808924 -0.100727573 -0.763345242
vn -0.910377681 -0.252518386 -0.327790797
vn 0.589554608 0.0651492253 -0.805096805
vn 0.061460238 0.0503696427 -0.996837735
vn 0.713777721 0.396663725 0.577216804
vn 0.591033816 -0.0489920042 -0.805157542
vn 0.989431024 -0.0168327186 0.144023851
vn 0.104637116 0.00478910701 -0.994498909
vn 0.713777721 0.396663725 0.577216804
vn 0.0469998345 -0.0279743616 -0.998503089
vn 0.104637116 0.00478910701 -0.994498909
vn 0.815199256 0.0138440663 0.579015136
vn 0.0469998345 -0.0279743616 -0.998503089
vn 0.797771037 -0.50642395 0.327255428
vn 0.548371375 -0.564012527 -0.617396772
vn 0.713777721 0.396663725 0.577216804
vn 0.814803779 0.477776736 0.328365862
vn 0.061460238 0.0503696427 -0.996837735
vn 0.565803468 0.545404017 -0.618385732
vn 0.061460238 0.0503696427 -0.996837735
vn 0.725366592 -0.378909737 0.574691832
vn 0.725366592 -0.378909737 0.574691832
vn 0.589554608 0.0651492253 -0.805096805
vn 0.988699138 0.0347590335 0.145827651
vn 0.104637116 0.00478910701 -0.994498909
vn 0.815199256 0.0138440663 0.579015136
vn 0.797771037 -0.50642395 0.327255428
vn 0.423395365 0.586766541 -0.690247416
vn 0.548371375 -0.564012527 -0.617396772
vn 0.797771037 -0.50642395 0.327255428
vn 0.614986658 0.732171178 0.29277429
vn 0.565803468 0.545404017 -0.618385732
vn 0.58988446 -0.748790324 0.3022407
vn 0.814803779 0.477776736 0.328365862
vn 0.565803468 0.545404017 -0.618385732
vn 0.406848729 -0.600770533 -0.688148916
vn 0.725366592 -0.378909737 0.574691832
vn 0.196074441 -0.0510749929 0.979258001
vn 0.988699138 0.0347590335 0.145827651
g Blue_mag_f_pve_2_shoulderstrap_0
f 3/3/3 2/2/2 1/1/1
f 1/1/1 2/2/2 4/4/4
f 2/2/2 5/5/5 4/4/4
f 4/4/4 5/5/5 6/6/6
f 7/7/7 6/6/6 5/5/5
f 5/5/5 2/2/2 8/8/8
f 9/9/9 8/8/8 2/2/2
f 1/1/1 4/4/4 10/10/10
f 11/11/11 10/10/10 4/4/4
f 2/2/2 3/3/3 12/12/12
f 10/10/10 13/13/13 1/1/1
f 14/14/14 1/1/1 13/13/13
f 13/13/13 15/15/15 14/14/14
f 16/16/16 14/14/14 15/15/15
f 16/16/16 17/17/17 14/14/14
f 19/19/19 17/17/17 18/18/18
f 18/18/18 20/20/20 19/19/19
f 21/21/21 19/19/19 20/20/20
f 20/20/20 22/22/22 21/21/21
f 24/24/24 23/23/23 21/21/21
f 19/19/19 26/26/26 25/25/25
f 19/19/19 25/25/25 27/27/27
f 28/28/28 18/18/18 27/27/27
f 30/30/30 27/27/27 29/29/29
f 31/31/31 28/28/28 30/30/30
f 30/30/30 32/32/32 31/31/31
f 33/33/33 31/31/31 32/32/32
f 35/35/35 30/30/30 34/34/34
f 35/35/35 34/34/34 36/36/36
f 37/37/37 35/35/35 36/36/36
f 34/34/34 38/38/38 36/36/36
f 39/39/39 34/34/34 30/30/30
f 35/35/35 37/37/37 40/40/40
f 41/41/41 40/40/40 37/37/37
f 37/37/37 36/36/36 41/41/41
f 42/42/42 41/41/41 36/36/36
f 36/36/36 38/38/38 43/43/43
f 44/44/44 43/43/43 38/38/38
f 38/38/38 46/46/46 45/45/45
f 47/47/47 45/45/45 46/46/46
f 46/46/46 48/48/48 47/47/47
f 50/50/50 48/48/48 49/49/49
f 48/48/48 50/50/50 51/51/51
f 52/52/52 51/51/51 50/50/50
f 49/49/49 30/30/30 53/53/53
f 56/56/56 55/55/55 54/54/54
f 55/55/55 57/57/57 54/54/54
f 57/57/57 58/58/58 54/54/54
f 61/61/61 60/60/60 59/59/59
f 59/59/59 60/60/60 62/62/62
f 60/60/60 64/64/64 63/63/63
f 67/67/67 66/66/66 65/65/65
f 67/67/67 68/68/68 66/66/66
f 70/70/70 65/65/65 69/69/69
f 73/73/73 72/72/72 71/71/71
f 75/75/75 74/74/74 73/73/73
f 77/77/77 73/73/73 76/76/76
f 80/80/80 79/79/79 78/78/78
f 83/83/83 82/82/82 81/81/81
f 85/85/85 84/84/84 29/29/29
f 88/88/88 87/87/87 86/86/86
f 89/89/89 86/86/86 87/87/87
f 87/87/87 90/90/90 89/89/89
f 87/87/87 91/91/91 90/90/90
f 87/87/87 92/92/92 91/91/91
f 87/87/87 93/93/93 92/92/92
f 87/87/87 88/88/88 93/93/93
f 94/94/94 92/92/92 93/93/93
f 92/92/92 94/94/94 95/95/95
f 96/96/96 91/91/91 92/92/92
f 95/95/95 96/96/96 92/92/92
f 90/90/90 91/91/91 97/97/97
f 98/98/98 97/97/97 91/91/91
f 98/98/98 91/91/91 96/96/96
f 99/99/99 88/88/88 86/86/86
f 93/93/93 88/88/88 99/99/99
f 99/99/99 86/86/86 100/100/100
f 93/93/93 99/99/99 101/101/101
f 102/102/102 101/101/101 99/99/99
f 101/101/101 102/102/102 103/103/103
f 104/104/104 99/99/99 100/100/100
f 99/99/99 105/105/105 102/102/102
f 104/104/104 105/105/105 99/99/99
f 106/106/106 102/102/102 105/105/105
f 106/106/106 103/103/103 102/102/102
f 107/107/107 106/106/106 105/105/105
f 107/107/107 105/105/105 108/108/108
f 104/104/104 108/108/108 105/105/105
f 104/104/104 100/100/100 109/109/109
f 111/111/111 110/110/110 100/100/100
f 100/100/100 86/86/86 111/111/111
f 113/113/113 112/112/112 86/86/86
f 115/115/115 86/86/86 114/114/114
f 117/117/117 110/110/110 116/116/116
f 119/119/119 116/116/116 118/118/118
f 122/122/122 121/121/121 120/120/120
f 121/121/121 123/123/123 120/120/120
f 121/121/121 122/122/122 124/124/124
f 125/125/125 124/124/124 122/122/122
f 128/128/128 127/127/127 126/126/126
f 128/128/128 129/129/129 127/127/127
f 128/128/128 130/130/130 129/129/129
f 132/132/132 129/129/129 131/131/131
f 135/135/135 134/134/134 133/133/133
f 136/136/136 133/133/133 134/134/134
f 135/135/135 137/137/137 134/134/134
f 140/140/140 139/139/139 138/138/138
f 141/141/141 138/138/138 139/139/139
f 139/139/139 142/142/142 141/141/141
f 145/145/145 144/144/144 143/143/143
f 146/146/146 143/143/143 144/144/144
f 145/145/145 147/147/147 144/144/144
f 148/148/148 144/144/144 147/147/147
f 144/144/144 148/148/148 149/149/149
f 150/150/150 149/149/149 148/148/148
f 152/152/152 151/151/151 149/149/149
f 153/153/153 149/149/149 151/151/151
f 156/156/156 155/155/155 154/154/154
f 158/158/158 154/154/154 157/157/157
f 161/161/161 160/160/160 159/159/159
f 162/162/162 159/159/159 160/160/160
f 161/161/161 163/163/163 160/160/160
f 161/161/161 164/164/164 163/163/163
f 165/165/165 163/163/163 164/164/164
f 166/166/166 160/160/160 163/163/163
f 165/165/165 164/164/164 167/167/167
f 169/169/169 168/168/168 164/164/164
f 172/172/172 171/171/171 170/170/170
f 173/173/173 170/170/170 171/171/171
f 171/171/171 174/174/174 173/173/173
f 171/171/171 172/172/172 175/175/175
f 171/171/171 175/175/175 174/174/174
f 176/176/176 175/175/175 172/172/172
f 177/177/177 174/174/174 175/175/175
f 177/177/177 178/178/178 174/174/174
f 179/179/179 174/174/174 178/178/178
f 181/181/181 173/173/173 180/180/180
f 184/184/184 183/183/183 182/182/182
f 185/185/185 182/182/182 183/183/183
f 187/187/187 186/186/186 183/183/183
f 188/188/188 183/183/183 186/186/186
f 183/183/183 189/189/189 187/187/187
f 183/183/183 190/190/190 189/189/189
f 186/186/186 191/191/191 188/188/188
f 188/188/188 193/193/193 192/192/192
f 194/194/194 192/192/192 193/193/193
f 197/197/197 196/196/196 195/195/195
f 199/199/199 195/195/195 198/198/198
f 195/195/195 199/199/199 200/200/200
f 200/200/200 201/201/201 195/195/195
f 202/202/202 195/195/195 201/201/201
f 203/203/203 202/202/202 201/201/201
f 203/203/203 204/204/204 202/202/202
f 202/202/202 206/206/206 205/205/205
f 208/208/208 207/207/207 206/206/206
f 211/211/211 210/210/210 209/209/209
f 212/212/212 209/209/209 210/210/210
f 212/212/212 213/213/213 209/209/209
f 213/213/213 212/212/212 214/214/214
f 215/215/215 214/214/214 212/212/212
f 216/216/216 209/209/209 213/213/213
f 219/219/219 218/218/218 217/217/217
f 220/220/220 217/217/217 218/218/218
f 223/223/223 222/222/222 221/221/221
f 222/222/222 224/224/224 221/221/221
f 221/221/221 225/225/225 223/223/223
f 226/226/226 223/223/223 225/225/225
f 228/228/228 227/227/227 222/222/222
f 231/231/231 230/230/230 229/229/229
f 230/230/230 232/232/232 229/229/229
f 229/229/229 232/232/232 233/233/233
f 233/233/233 234/234/234 229/229/229
f 235/235/235 229/229/229 234/234/234
f 238/238/238 237/237/237 236/236/236
f 239/239/239 237/237/237 238/238/238
f 240/240/240 237/237/237 239/239/239
f 237/237/237 240/240/240 241/241/241
f 237/237/237 241/241/241 242/242/242
f 243/243/243 242/242/242 241/241/241
f 243/243/243 241/241/241 244/244/244
f 245/245/245 241/241/241 240/240/240
f 245/245/245 244/244/244 241/241/241
f 239/239/239 246/246/246 240/240/240
f 247/247/247 240/240/240 246/246/246
f 238/238/238 248/248/248 239/239/239
f 249/249/249 239/239/239 248/248/248
f 239/239/239 249/249/249 250/250/250
f 251/251/251 250/250/250 249/249/249
f 252/252/252 240/240/240 247/247/247
f 242/242/242 253/253/253 237/237/237
f 253/253/253 254/254/254 237/237/237
f 253/253/253 255/255/255 254/254/254
f 255/255/255 253/253/253 256/256/256
f 258/258/258 255/255/255 257/257/257
f 255/255/255 259/259/259 257/257/257
f 260/260/260 259/259/259 255/255/255
f 255/255/255 261/261/261 260/260/260
f 261/261/261 255/255/255 262/262/262
f 263/263/263 262/262/262 255/255/255
f 261/261/261 262/262/262 264/264/264
f 265/265/265 260/260/260 261/261/261
f 264/264/264 265/265/265 261/261/261
f 259/259/259 260/260/260 266/266/266
f 257/257/257 267/267/267 258/258/258
f 268/268/268 254/254/254 267/267/267
f 259/259/259 269/269/269 257/257/257
f 259/259/259 270/270/270 269/269/269
f 271/271/271 269/269/269 270/270/270
f 272/272/272 257/257/257 269/269/269
f 274/274/274 273/273/273 260/260/260
f 273/273/273 275/275/275 260/260/260
f 278/278/278 277/277/277 276/276/276
f 238/238/238 276/276/276 277/277/277
f 89/89/89 280/280/280 279/279/279
f 280/280/280 89/89/89 281/281/281
f 90/90/90 281/281/281 89/89/89
f 90/90/90 283/283/283 282/282/282
f 284/284/284 282/282/282 283/283/283
f 287/287/287 286/286/286 285/285/285
f 288/288/288 285/285/285 286/286/286
f 285/285/285 289/289/289 287/287/287
f 286/286/286 287/287/287 290/290/290
f 291/291/291 290/290/290 287/287/287
f 287/287/287 292/292/292 291/291/291
f 293/293/293 291/291/291 292/292/292
f 294/294/294 291/291/291 293/293/293
f 292/292/292 287/287/287 295/295/295
f 290/290/290 291/291/291 296/296/296
f 285/285/285 297/297/297 295/295/295
f 298/298/298 289/289/289 297/297/297
f 298/298/298 297/297/297 299/299/299
f 297/297/297 300/300/300 299/299/299
f 297/297/297 285/285/285 300/300/300
f 288/288/288 300/300/300 285/285/285
f 301/301/301 299/299/299 300/300/300
f 302/302/302 299/299/299 301/301/301
f 302/302/302 301/301/301 303/303/303
f 304/304/304 303/303/303 301/301/301
f 305/305/305 303/303/303 304/304/304
f 306/306/306 299/299/299 302/302/302
f 306/306/306 307/307/307 299/299/299
f 298/298/298 299/299/299 307/307/307
f 307/307/307 306/306/306 308/308/308
f 309/309/309 308/308/308 306/306/306
f 301/301/301 310/310/310 304/304/304
f 311/311/311 304/304/304 310/310/310
f 304/304/304 311/311/311 312/312/312
f 313/313/313 303/303/303 312/312/312
f 314/314/314 313/313/313 312/312/312
f 315/315/315 313/313/313 314/314/314
f 316/316/316 315/315/315 314/314/314
f 317/317/317 315/315/315 316/316/316
f 313/313/313 318/318/318 303/303/303
f 321/321/321 320/320/320 319/319/319
f 322/322/322 319/319/319 320/320/320
f 320/320/320 321/321/321 323/323/323
f 324/324/324 323/323/323 321/321/321
f 321/321/321 325/325/325 324/324/324
f 326/326/326 324/324/324 325/325/325
f 325/325/325 327/327/327 326/326/326
f 325/325/325 321/321/321 328/328/328
f 319/319/319 328/328/328 321/321/321
f 325/325/325 328/328/328 329/329/329
f 320/320/320 323/323/323 330/330/330
f 331/331/331 330/330/330 323/323/323
f 332/332/332 320/320/320 330/330/330
f 322/322/322 320/320/320 332/332/332
f 330/330/330 333/333/333 332/332/332
f 331/331/331 333/333/333 330/330/330
f 334/334/334 332/332/332 333/333/333
f 333/333/333 335/335/335 334/334/334
f 335/335/335 336/336/336 334/334/334
f 337/337/337 334/334/334 336/336/336
f 336/336/336 338/338/338 337/337/337
f 333/333/333 339/339/339 335/335/335
f 334/334/334 337/337/337 340/340/340
f 341/341/341 340/340/340 337/337/337
f 331/331/331 342/342/342 333/333/333
f 343/343/343 337/337/337 338/338/338
f 344/344/344 338/338/338 336/336/336
f 344/344/344 345/345/345 338/338/338
f 346/346/346 344/344/344 336/336/336
f 348/348/348 345/345/345 347/347/347
f 347/347/347 349/349/349 344/344/344
f 347/347/347 351/351/351 350/350/350
f 354/354/354 353/353/353 352/352/352
f 355/355/355 352/352/352 353/353/353
f 355/355/355 353/353/353 356/356/356
f 357/357/357 356/356/356 353/353/353
f 355/355/355 359/359/359 358/358/358
f 360/360/360 355/355/355 358/358/358
f 363/363/363 362/362/362 361/361/361
f 363/363/363 361/361/361 364/364/364
f 365/365/365 364/364/364 361/361/361
f 362/362/362 363/363/363 366/366/366
f 367/367/367 366/366/366 363/363/363
f 363/363/363 364/364/364 367/367/367
f 368/368/368 367/367/367 364/364/364
f 362/362/362 370/370/370 369/369/369
f 372/372/372 371/371/371 331/331/331
f 372/372/372 374/374/374 373/373/373
f 376/376/376 375/375/375 374/374/374
f 377/377/377 322/322/322 332/332/332
f 378/378/378 300/300/300 288/288/288
f 381/381/381 380/380/380 379/379/379
f 382/382/382 379/379/379 380/380/380
f 381/381/381 379/379/379 383/383/383
f 384/384/384 383/383/383 379/379/379
f 386/386/386 380/380/380 385/385/385
f 389/389/389 388/388/388 387/387/387
f 390/390/390 387/387/387 388/388/388
f 389/389/389 387/387/387 391/391/391
f 392/392/392 391/391/391 387/387/387
f 390/390/390 388/388/388 393/393/393
f 394/394/394 393/393/393 388/388/388
f 396/396/396 395/395/395 389/389/389
f 399/399/399 398/398/398 397/397/397
f 400/400/400 397/397/397 398/398/398
f 398/398/398 399/399/399 401/401/401
f 397/397/397 400/400/400 402/402/402
f 403/403/403 402/402/402 400/400/400
f 405/405/405 404/404/404 399/399/399
f 407/407/407 406/406/406 405/405/405
f 409/409/409 408/408/408 406/406/406
f 410/410/410 406/406/406 408/408/408
f 406/406/406 410/410/410 411/411/411
f 412/412/412 411/411/411 410/410/410
f 408/408/408 414/414/414 413/413/413
f 415/415/415 413/413/413 414/414/414
f 418/418/418 417/417/417 416/416/416
f 419/419/419 416/416/416 417/417/417
f 418/418/418 416/416/416 420/420/420
f 421/421/421 420/420/420 416/416/416
f 419/419/419 417/417/417 422/422/422
f 423/423/423 422/422/422 417/417/417
f 426/426/426 425/425/425 424/424/424
f 428/428/428 424/424/424 427/427/427
f 427/427/427 426/426/426 429/429/429
f 430/430/430 429/429/429 426/426/426
f 433/433/433 432/432/432 431/431/431
f 435/435/435 434/434/434 432/432/432
f 432/432/432 436/436/436 435/435/435
f 438/438/438 435/435/435 437/437/437
f 441/441/441 440/440/440 439/439/439
f 442/442/442 439/439/439 440/440/440
f 445/445/445 444/444/444 443/443/443
f 447/447/447 443/443/443 446/446/446
f 444/444/444 449/449/449 448/448/448
f 450/450/450 448/448/448 449/449/449
f 448/448/448 450/450/450 451/451/451
f 452/452/452 451/451/451 450/450/450
f 455/455/455 454/454/454 453/453/453
f 457/457/457 456/456/456 454/454/454
f 460/460/460 459/459/459 458/458/458
f 462/462/462 461/461/461 459/459/459
f 465/465/465 464/464/464 463/463/463
f 468/468/468 467/467/467 466/466/466
f 467/467/467 469/469/469 466/466/466
f 470/470/470 469/469/469 467/467/467
f 466/466/466 471/471/471 468/468/468
f 472/472/472 468/468/468 471/471/471
f 468/468/468 473/473/473 467/467/467
f 474/474/474 467/467/467 473/473/473
f 469/469/469 475/475/475 466/466/466
f 476/476/476 466/466/466 475/475/475
f 467/467/467 477/477/477 470/470/470
f 475/475/475 469/469/469 478/478/478
f 479/479/479 478/478/478 469/469/469
f 478/478/478 479/479/479 480/480/480
f 481/481/481 480/480/480 479/479/479
f 481/481/481 479/479/479 482/482/482
f 484/484/484 483/483/483 482/482/482
f 483/483/483 484/484/484 485/485/485
f 486/486/486 485/485/485 484/484/484
f 485/485/485 486/486/486 487/487/487
f 484/484/484 489/489/489 488/488/488
f 484/484/484 490/490/490 489/489/489
f 491/491/491 490/490/490 483/483/483
f 493/493/493 486/486/486 492/492/492
f 495/495/495 494/494/494 490/490/490
f 496/496/496 495/495/495 491/491/491
f 495/495/495 496/496/496 497/497/497
f 498/498/498 497/497/497 496/496/496
f 500/500/500 495/495/495 499/499/499
f 501/501/501 499/499/499 495/495/495
f 499/499/499 501/501/501 502/502/502
f 503/503/503 499/499/499 502/502/502
f 501/501/501 504/504/504 502/502/502
f 501/501/501 505/505/505 504/504/504
f 506/506/506 504/504/504 505/505/505
f 504/504/504 506/506/506 502/502/502
f 507/507/507 502/502/502 506/506/506
f 502/502/502 508/508/508 503/503/503
f 509/509/509 503/503/503 508/508/508
f 503/503/503 511/511/511 510/510/510
f 512/512/512 510/510/510 511/511/511
f 510/510/510 512/512/512 513/513/513
f 515/515/515 514/514/514 513/513/513
f 513/513/513 516/516/516 515/515/515
f 517/517/517 515/515/515 516/516/516
f 514/514/514 518/518/518 495/495/495
f 521/521/521 520/520/520 519/519/519
f 520/520/520 522/522/522 519/519/519
f 522/522/522 523/523/523 519/519/519
f 526/526/526 525/525/525 524/524/524
f 528/528/528 527/527/527 525/525/525
f 525/525/525 527/527/527 529/529/529
f 532/532/532 531/531/531 530/530/530
f 534/534/534 530/530/530 533/533/533
f 534/534/534 533/533/533 535/535/535
f 538/538/538 537/537/537 536/536/536
f 541/541/541 540/540/540 539/539/539
f 543/543/543 542/542/542 541/541/541
f 545/545/545 541/541/541 544/544/544
f 548/548/548 547/547/547 546/546/546
f 550/550/550 494/494/494 549/549/549
f 553/553/553 552/552/552 551/551/551
f 554/554/554 551/551/551 552/552/552
f 555/555/555 552/552/552 553/553/553
f 556/556/556 552/552/552 555/555/555
f 552/552/552 556/556/556 557/557/557
f 552/552/552 557/557/557 558/558/558
f 554/554/554 552/552/552 558/558/558
f 559/559/559 558/558/558 557/557/557
f 559/559/559 557/557/557 560/560/560
f 561/561/561 557/557/557 556/556/556
f 561/561/561 560/560/560 557/557/557
f 555/555/555 562/562/562 556/556/556
f 563/563/563 556/556/556 562/562/562
f 556/556/556 563/563/563 561/561/561
f 554/554/554 564/564/564 551/551/551
f 554/554/554 558/558/558 564/564/564
f 551/551/551 564/564/564 565/565/565
f 558/558/558 566/566/566 564/564/564
f 567/567/567 564/564/564 566/566/566
f 567/567/567 566/566/566 568/568/568
f 564/564/564 569/569/569 565/565/565
f 564/564/564 567/567/567 570/570/570
f 570/570/570 569/569/569 564/564/564
f 571/571/571 570/570/570 567/567/567
f 568/568/568 571/571/571 567/567/567
f 571/571/571 572/572/572 570/570/570
f 569/569/569 570/570/570 573/573/573
f 572/572/572 573/573/573 570/570/570
f 569/569/569 574/574/574 565/565/565
f 576/576/576 565/565/565 575/575/575
f 565/565/565 576/576/576 551/551/551
f 578/578/578 551/551/551 577/577/577
f 580/580/580 579/579/579 551/551/551
f 582/582/582 581/581/581 575/575/575
f 584/584/584 583/583/583 581/581/581
f 587/587/587 586/586/586 585/585/585
f 588/588/588 587/587/587 585/585/585
f 587/587/587 589/589/589 586/586/586
f 590/590/590 586/586/586 589/589/589
f 593/593/593 592/592/592 591/591/591
f 594/594/594 592/592/592 593/593/593
f 592/592/592 594/594/594 595/595/595
f 597/597/597 596/596/596 594/594/594
f 600/600/600 599/599/599 598/598/598
f 601/601/601 598/598/598 599/599/599
f 602/602/602 601/601/601 599/599/599
f 605/605/605 604/604/604 603/603/603
f 606/606/606 603/603/603 604/604/604
f 607/607/607 604/604/604 605/605/605
f 610/610/610 609/609/609 608/608/608
f 611/611/611 608/608/608 609/609/609
f 611/611/611 609/609/609 612/612/612
f 613/613/613 612/612/612 609/609/609
f 609/609/609 614/614/614 613/613/613
f 615/615/615 613/613/613 614/614/614
f 617/617/617 616/616/616 614/614/614
f 618/618/618 614/614/614 616/616/616
f 621/621/621 620/620/620 619/619/619
f 623/623/623 619/619/619 622/622/622
f 626/626/626 625/625/625 624/624/624
f 627/627/627 624/624/624 625/625/625
f 627/627/627 625/625/625 628/628/628
f 627/627/627 628/628/628 629/629/629
f 630/630/630 629/629/629 628/628/628
f 631/631/631 628/628/628 625/625/625
f 630/630/630 632/632/632 629/629/629
f 634/634/634 629/629/629 633/633/633
f 637/637/637 636/636/636 635/635/635
f 638/638/638 635/635/635 636/636/636
f 636/636/636 637/637/637 639/639/639
f 636/636/636 640/640/640 638/638/638
f 636/636/636 639/639/639 640/640/640
f 641/641/641 638/638/638 640/640/640
f 642/642/642 640/640/640 639/639/639
f 642/642/642 639/639/639 643/643/643
f 644/644/644 643/643/643 639/639/639
f 646/646/646 645/645/645 637/637/637
f 649/649/649 648/648/648 647/647/647
f 650/650/650 647/647/647 648/648/648
f 652/652/652 651/651/651 648/648/648
f 653/653/653 648/648/648 651/651/651
f 654/654/654 648/648/648 653/653/653
f 655/655/655 648/648/648 654/654/654
f 656/656/656 651/651/651 652/652/652
f 652/652/652 658/658/658 657/657/657
f 659/659/659 657/657/657 658/658/658
f 662/662/662 661/661/661 660/660/660
f 663/663/663 660/660/660 661/661/661
f 665/665/665 660/660/660 664/664/664
f 664/664/664 660/660/660 666/666/666
f 667/667/667 666/666/666 660/660/660
f 667/667/667 668/668/668 666/666/666
f 669/669/669 668/668/668 667/667/667
f 667/667/667 670/670/670 669/669/669
f 672/672/672 671/671/671 670/670/670
f 675/675/675 674/674/674 673/673/673
f 676/676/676 673/673/673 674/674/674
f 675/675/675 673/673/673 677/677/677
f 677/677/677 678/678/678 675/675/675
f 679/679/679 675/675/675 678/678/678
f 680/680/680 677/677/677 673/673/673
f 683/683/683 682/682/682 681/681/681
f 684/684/684 681/681/681 682/682/682
f 687/687/687 686/686/686 685/685/685
f 689/689/689 686/686/686 688/688/688
f 686/686/686 690/690/690 688/688/688
f 688/688/688 690/690/690 691/691/691
f 692/692/692 691/691/691 690/690/690
f 695/695/695 694/694/694 693/693/693
f 693/693/693 694/694/694 696/696/696
f 696/696/696 694/694/694 697/697/697
f 697/697/697 694/694/694 698/698/698
f 699/699/699 698/698/698 694/694/694
f 702/702/702 701/701/701 700/700/700
f 703/703/703 702/702/702 700/700/700
f 702/702/702 704/704/704 701/701/701
f 701/701/701 704/704/704 705/705/705
f 706/706/706 705/705/705 704/704/704
f 705/705/705 706/706/706 707/707/707
f 701/701/701 705/705/705 708/708/708
f 709/709/709 708/708/708 705/705/705
f 707/707/707 709/709/709 705/705/705
f 701/701/701 708/708/708 710/710/710
f 701/701/701 710/710/710 711/711/711
f 711/711/711 712/712/712 701/701/701
f 710/710/710 708/708/708 713/713/713
f 714/714/714 713/713/713 708/708/708
f 711/711/711 710/710/710 715/715/715
f 716/716/716 715/715/715 710/710/710
f 710/710/710 717/717/717 716/716/716
f 718/718/718 716/716/716 717/717/717
f 708/708/708 719/719/719 714/714/714
f 711/711/711 721/721/721 720/720/720
f 722/722/722 720/720/720 721/721/721
f 703/703/703 724/724/724 723/723/723
f 725/725/725 703/703/703 723/723/723
f 725/725/725 726/726/726 703/703/703
f 703/703/703 726/726/726 727/727/727
f 727/727/727 728/728/728 703/703/703
f 729/729/729 703/703/703 728/728/728
f 728/728/728 727/727/727 730/730/730
f 731/731/731 727/727/727 726/726/726
f 731/731/731 730/730/730 727/727/727
f 725/725/725 732/732/732 726/726/726
f 723/723/723 724/724/724 733/733/733
f 725/725/725 723/723/723 734/734/734
f 725/725/725 734/734/734 735/735/735
f 736/736/736 735/735/735 734/734/734
f 737/737/737 734/734/734 723/723/723
f 739/739/739 738/738/738 726/726/726
f 739/739/739 726/726/726 740/740/740
f 741/741/741 733/733/733 700/700/700
f 702/702/702 703/703/703 742/742/742
f 553/553/553 744/744/744 743/743/743
f 743/743/743 745/745/745 553/553/553
f 555/555/555 553/553/553 746/746/746
f 555/555/555 745/745/745 747/747/747
f 748/748/748 747/747/747 745/745/745
f 751/751/751 750/750/750 749/749/749
f 752/752/752 749/749/749 750/750/750
f 749/749/749 752/752/752 753/753/753
f 754/754/754 753/753/753 752/752/752
f 752/752/752 755/755/755 754/754/754
f 756/756/756 754/754/754 755/755/755
f 755/755/755 757/757/757 756/756/756
f 755/755/755 752/752/752 758/758/758
f 750/750/750 758/758/758 752/752/752
f 755/755/755 758/758/758 757/757/757
f 749/749/749 753/753/753 759/759/759
f 760/760/760 759/759/759 753/753/753
f 759/759/759 760/760/760 761/761/761
f 759/759/759 761/761/761 762/762/762
f 751/751/751 749/749/749 762/762/762
f 759/759/759 762/762/762 749/749/749
f 763/763/763 762/762/762 761/761/761
f 761/761/761 764/764/764 763/763/763
f 764/764/764 765/765/765 763/763/763
f 766/766/766 763/763/763 765/765/765
f 765/765/765 767/767/767 766/766/766
f 761/761/761 768/768/768 764/764/764
f 765/765/765 769/769/769 767/767/767
f 769/769/769 770/770/770 767/767/767
f 769/769/769 771/771/771 770/770/770
f 771/771/771 772/772/772 770/770/770
f 771/771/771 773/773/773 772/772/772
f 760/760/760 774/774/774 761/761/761
f 775/775/775 761/761/761 774/774/774
f 776/776/776 769/769/769 765/765/765
f 763/763/763 766/766/766 777/777/777
f 778/778/778 777/777/777 766/766/766
f 778/778/778 766/766/766 767/767/767
f 780/780/780 779/779/779 768/768/768
f 783/783/783 782/782/782 781/781/781
f 784/784/784 781/781/781 782/782/782
f 782/782/782 785/785/785 784/784/784
f 786/786/786 784/784/784 785/785/785
f 784/784/784 786/786/786 787/787/787
f 788/788/788 787/787/787 786/786/786
f 789/789/789 787/787/787 788/788/788
f 781/781/781 784/784/784 790/790/790
f 787/787/787 790/790/790 784/784/784
f 790/790/790 787/787/787 789/789/789
f 782/782/782 791/791/791 785/785/785
f 792/792/792 785/785/785 791/791/791
f 782/782/782 793/793/793 791/791/791
f 782/782/782 783/783/783 793/793/793
f 791/791/791 793/793/793 794/794/794
f 794/794/794 792/792/792 791/791/791
f 795/795/795 794/794/794 793/793/793
f 796/796/796 794/794/794 795/795/795
f 796/796/796 795/795/795 797/797/797
f 798/798/798 797/797/797 795/795/795
f 799/799/799 797/797/797 798/798/798
f 800/800/800 794/794/794 796/796/796
f 795/795/795 801/801/801 798/798/798
f 802/802/802 798/798/798 801/801/801
f 798/798/798 802/802/802 799/799/799
f 803/803/803 792/792/792 794/794/794
f 799/799/799 804/804/804 797/797/797
f 805/805/805 804/804/804 799/799/799
f 804/804/804 806/806/806 797/797/797
f 805/805/805 807/807/807 804/804/804
f 805/805/805 808/808/808 807/807/807
f 809/809/809 807/807/807 808/808/808
f 812/812/812 811/811/811 810/810/810
f 813/813/813 810/810/810 811/811/811
f 812/812/812 814/814/814 811/811/811
f 815/815/815 811/811/811 814/814/814
f 817/817/817 812/812/812 816/816/816
f 812/812/812 818/818/818 816/816/816
f 821/821/821 820/820/820 819/819/819
f 820/820/820 822/822/822 819/819/819
f 823/823/823 819/819/819 822/822/822
f 821/821/821 824/824/824 820/820/820
f 824/824/824 821/821/821 825/825/825
f 826/826/826 820/820/820 824/824/824
f 820/820/820 826/826/826 822/822/822
f 827/827/827 822/822/822 826/826/826
f 829/829/829 828/828/828 792/792/792
f 783/783/783 830/830/830 793/793/793
f 762/762/762 831/831/831 751/751/751
f 834/834/834 833/833/833 832/832/832
f 836/836/836 835/835/835 833/833/833
f 839/839/839 838/838/838 837/837/837
f 842/842/842 841/841/841 840/840/840
f 843/843/843 840/840/840 841/841/841
f 843/843/843 844/844/844 840/840/840
f 845/845/845 840/840/840 844/844/844
f 847/847/847 846/846/846 841/841/841
f 850/850/850 849/849/849 848/848/848
f 851/851/851 848/848/848 849/849/849
f 851/851/851 852/852/852 848/848/848
f 853/853/853 848/848/848 852/852/852
f 850/850/850 854/854/854 849/849/849
f 855/855/855 849/849/849 854/854/854
f 857/857/857 851/851/851 856/856/856
f 860/860/860 859/859/859 858/858/858
f 861/861/861 858/858/858 859/859/859
f 859/859/859 862/862/862 861/861/861
f 858/858/858 863/863/863 860/860/860
f 864/864/864 860/860/860 863/863/863
f 866/866/866 861/861/861 865/865/865
f 868/868/868 866/866/866 867/867/867
f 870/870/870 869/869/869 867/867/867
f 871/871/871 867/867/867 869/869/869
f 867/867/867 872/872/872 870/870/870
f 873/873/873 870/870/870 872/872/872
f 869/869/869 875/875/875 874/874/874
f 876/876/876 874/874/874 875/875/875
f 879/879/879 878/878/878 877/877/877
f 880/880/880 877/877/877 878/878/878
f 880/880/880 881/881/881 877/877/877
f 882/882/882 877/877/877 881/881/881
f 879/879/879 883/883/883 878/878/878
f 884/884/884 878/878/878 883/883/883
f 887/887/887 886/886/886 885/885/885
f 889/889/889 885/885/885 888/888/888
f 886/886/886 890/890/890 889/889/889
f 891/891/891 889/889/889 890/890/890
f 894/894/894 893/893/893 892/892/892
f 893/893/893 894/894/894 895/895/895
f 897/897/897 896/896/896 893/893/893
f 899/899/899 898/898/898 894/894/894
f 902/902/902 901/901/901 900/900/900
f 903/903/903 900/900/900 901/901/901
f 906/906/906 905/905/905 904/904/904
f 908/908/908 904/904/904 907/907/907
f 907/907/907 910/910/910 909/909/909
f 911/911/911 909/909/909 910/910/910
f 910/910/910 912/912/912 911/911/911
f 913/913/913 911/911/911 912/912/912
f 916/916/916 915/915/915 914/914/914
f 918/918/918 917/917/917 915/915/915
f 921/921/921 920/920/920 919/919/919
f 923/923/923 922/922/922 920/920/920
f 926/926/926 925/925/925 924/924/924
