g blue_asn_m_pve_1_hand_l
v 0.701094925 -0.0139849996 1.03786004
v 0.70368892 -0.0295279995 1.04882002
v 0.695691943 -0.0259969998 1.03664005
v 0.672389984 -0.0343189985 1.00954998
v 0.701094925 -0.0139849996 1.03786004
v 0.715345979 -0.0123699997 1.05571997
v 0.712702036 0.00391099975 1.04110992
v 0.704366982 0.000260000001 1.03267992
v 0.712702036 0.00391099975 1.04110992
v 0.685001969 0.00257099979 1.00588
v 0.663170993 0.00323299994 0.976993024
v 0.66385597 -0.000337999983 0.980230033
v 0.719067991 -0.00625800015 1.00427997
v 0.667342961 -0.00111900002 0.96300298
v 0.712702036 0.00391099975 1.04110992
v 0.722447932 -0.0242729988 1.01216006
v 0.715345979 -0.0123699997 1.05571997
v 0.70368892 -0.0295279995 1.04882002
v 0.710362017 -0.0397550017 1.01208997
v 0.672389984 -0.0343189985 1.00954998
v 0.674246967 -0.0386919975 0.983638942
v 0.717546999 -0.0100699998 1.0042299
v 0.682297945 -0.0040889997 0.975372016
v 0.667342961 -0.00111900002 0.96300298
v 0.674246967 -0.0386919975 0.983638942
v 0.656167984 -0.0306189992 0.985381007
v 0.656611979 -0.0258179996 0.984302938
v 0.717546999 -0.0100699998 1.0042299
v 0.712281048 -0.0354459994 1.01101995
v 0.672389984 -0.0343189985 1.00954998
v 0.676809967 -0.0286410023 1.01288009
v 0.695691943 -0.0259969998 1.03664005
v 0.712281048 -0.0354459994 1.01101995
v 0.674246967 -0.0386919975 0.983638942
v 0.656167984 -0.0306189992 0.985381007
v 0.660336971 -0.0349749997 0.971389949
v 0.651341021 -0.0133429999 0.972449005
v 0.655445993 -0.017794 0.957946956
v 0.667342961 -0.00111900002 0.96300298
v 0.667342961 -0.00111900002 0.96300298
v 0.663170993 0.00323299994 0.976993024
v 0.66385597 -0.000337999983 0.980230033
v 0.656611979 -0.0258179996 0.984302938
v 0.682297945 -0.0040889997 0.975372016
v 0.667342961 -0.00111900002 0.96300298
v 0.655445993 -0.017794 0.957946956
v 0.660336971 -0.0349749997 0.971389949
v 0.656611979 -0.0258179996 0.984302938
v 0.656167984 -0.0306189992 0.985381007
v 0.717546999 -0.0100699998 1.0042299
v 0.716368973 -0.043265 0.987875938
v 0.712281048 -0.0354459994 1.01101995
v 0.722057045 -0.0133659989 0.981755972
v 0.720959008 -0.0531419963 0.966001928
v 0.72824502 -0.0148450006 0.958163977
v 0.681241989 -0.0509740002 0.964280963
v 0.674246967 -0.0386919975 0.983638942
v 0.690306008 -0.00333400001 0.954531014
v 0.682297945 -0.0040889997 0.975372016
v 0.691946983 -0.0107829999 0.925781965
v 0.734272003 -0.0228769984 0.930242956
v 0.683326006 -0.0560979992 0.935056984
v 0.727398992 -0.0590010025 0.937636018
v 0.728700995 -0.0353530012 0.891125023
v 0.723779976 -0.0612179972 0.896417975
v 0.711425006 -0.043012999 0.866540968
v 0.708591998 -0.0579039976 0.869588971
v 0.684497952 -0.0491099954 0.850941956
v 0.691605985 -0.0591679998 0.904588997
v 0.691946983 -0.0107829999 0.925781965
v 0.698553979 -0.0226480011 0.897114992
v 0.690306008 -0.00333400001 0.954531014
v 0.681241989 -0.0509740002 0.964280963
v 0.696355939 -0.0322939977 0.876500964
v 0.698553979 -0.0226480011 0.897114992
v 0.691470981 -0.0579710007 0.881755948
v 0.696355939 -0.0322939977 0.876500964
v 0.691605985 -0.0591679998 0.904588997
v 0.684497952 -0.0491099954 0.850941956
v 0.682297945 -0.0040889997 0.975372016
v 0.674246967 -0.0386919975 0.983638942
v 0.681241989 -0.0509740002 0.964280963
v 0.691470981 -0.0579710007 0.881755948
v 0.684497952 -0.0491099954 0.850941956
v 0.684497952 -0.0491099954 0.850941956
v 0.717546999 -0.0100699998 1.0042299
v 0.710362017 -0.0397550017 1.01208997
v 0.722447932 -0.0242729988 1.01216006
v 0.712281048 -0.0354459994 1.01101995
v 0.706811965 0.0246679988 1.03285003
v 0.711897969 0.0416359976 1.03242993
v 0.716172993 0.0254110005 1.04593003
v 0.711897969 0.0416359976 1.03242993
v 0.707082987 0.03737 1.02736998
v 0.707349002 0.0070279995 1.03876996
v 0.716172993 0.0254110005 1.04593003
v 0.706811965 0.0246679988 1.03285003
v 0.702938974 0.00947600044 1.03175008
v 0.711897969 0.0416359976 1.03242993
v 0.724644005 0.0157829989 1.00109994
v 0.716172993 0.0254110005 1.04593003
v 0.718091965 0.0333619975 0.993142962
v 0.67019695 0.0362569988 0.974552989
v 0.67572701 0.0328889973 0.960675955
v 0.681060016 0.0276720002 0.965388
v 0.718489945 0.0266159996 0.994569004
v 0.687437952 0.036412999 0.999394953
v 0.707082987 0.03737 1.02736998
v 0.66958195 0.0301229991 0.976381958
v 0.724644005 0.0157829989 1.00109994
v 0.707349002 0.0070279995 1.03876996
v 0.71361196 -0.00128500001 0.999311984
v 0.666087031 0.00137299998 0.979772031
v 0.671615958 -0.00199799985 0.965895951
v 0.678753972 -0.000529999961 0.971032023
v 0.666924953 0.0148419999 0.955334008
v 0.707349002 0.0070279995 1.03876996
v 0.685463011 0.00667200005 1.00698996
v 0.666173995 0.00946899969 0.978390992
v 0.661265016 0.0183029994 0.969600976
v 0.671615958 -0.00199799985 0.965895951
v 0.666924953 0.0148419999 0.955334008
v 0.67572701 0.0328889973 0.960675955
v 0.67019695 0.0362569988 0.974552989
v 0.66958195 0.0301229991 0.976381958
v 0.678753972 -0.000529999961 0.971032023
v 0.714730978 0.00353199989 0.99822098
v 0.678753972 -0.000529999961 0.971032023
v 0.681060016 0.0276720002 0.965388
v 0.67572701 0.0328889973 0.960675955
v 0.685463011 0.00667200005 1.00698996
v 0.702938974 0.00947600044 1.03175008
v 0.681060016 0.0276720002 0.965388
v 0.724554956 0.0242379997 0.970781982
v 0.718489945 0.0266159996 0.994569004
v 0.686831951 0.0277290009 0.960654974
v 0.694862962 0.0295709986 0.946128964
v 0.729345977 0.0239099991 0.950789034
v 0.699016035 0.0236879978 0.921854973
v 0.736231983 0.0180019997 0.926978946
v 0.727124035 -0.00958099961 0.957068026
v 0.734135926 -0.0135899996 0.932901978
v 0.722810984 -0.00203699991 0.975708008
v 0.692170978 -0.0110010002 0.953735948
v 0.696386993 -0.0159409996 0.92928493
v 0.734088957 0.00714099966 0.893162012
v 0.732587934 -0.0154789994 0.897401929
v 0.720132947 -0.0140690003 0.873907983
v 0.720996976 -0.00104599993 0.871466935
v 0.70668 0.006329 0.879588008
v 0.706843019 0.0145869991 0.897401929
v 0.705189943 -0.0161259994 0.883797944
v 0.704723954 -0.0173509996 0.903388977
v 0.706843019 0.0145869991 0.897401929
v 0.699016035 0.0236879978 0.921854973
v 0.692170978 -0.0110010002 0.953735948
v 0.694862962 0.0295709986 0.946128964
v 0.70668 0.006329 0.879588008
v 0.705189943 -0.0161259994 0.883797944
v 0.699240029 -0.00904999953 0.857179999
v 0.699240029 -0.00904999953 0.857179999
v 0.699240029 -0.00904999953 0.857179999
v 0.699240029 -0.00904999953 0.857179999
v 0.684778988 -0.00321399979 0.966455996
v 0.686831951 0.0277290009 0.960654974
v 0.692170978 -0.0110010002 0.953735948
v 0.678753972 -0.000529999961 0.971032023
v 0.681060016 0.0276720002 0.965388
v 0.722810984 -0.00203699991 0.975708008
v 0.714730978 0.00353199989 0.99822098
v 0.718489945 0.0266159996 0.994569004
v 0.714730978 0.00353199989 0.99822098
v 0.678753972 -0.000529999961 0.971032023
v 0.718489945 0.0266159996 0.994569004
v 0.718489945 0.0266159996 0.994569004
v 0.714730978 0.00353199989 0.99822098
v 0.724644005 0.0157829989 1.00109994
v 0.706873 0.0466729999 1.02779996
v 0.693368971 0.041683998 1.01341999
v 0.686743975 0.0428049974 1.00546002
v 0.714191973 0.0465250015 1.03661001
v 0.715150952 0.035335999 0.99810499
v 0.675233006 0.0328539982 0.975934982
v 0.672083974 0.0372859985 0.990234971
v 0.667788982 0.0557429977 0.980324984
v 0.670987964 0.0518730022 0.965763986
v 0.682161987 0.0684689954 0.968638957
v 0.679006994 0.0717119947 0.982705951
v 0.67305398 0.0457259975 0.989037991
v 0.676514983 0.0650750026 0.984344006
v 0.709802687 0.060716752 1.02760994
v 0.722605944 0.0652429983 1.0400399
v 0.72498399 0.0542629994 0.996342957
v 0.719886005 0.0444509983 0.997256994
v 0.721558988 0.0649369955 0.992358983
v 0.683609009 0.0663390011 0.96992892
v 0.680967987 0.0396919996 0.976520002
v 0.680967987 0.0396919996 0.976520002
v 0.717738032 0.0811439976 1.02696002
v 0.709802687 0.060716752 1.02760994
v 0.709720969 0.0731019974 1.02111995
v 0.71885097 0.0733790025 0.989208937
v 0.700123966 0.0783099979 0.976984978
v 0.683609009 0.0663390011 0.96992892
v 0.698116004 0.0834269971 1.00299001
v 0.679006994 0.0717119947 0.982705951
v 0.682161987 0.0684689954 0.968638957
v 0.697817981 0.0798889995 1.0037899
v 0.676514983 0.0650750026 0.984344006
v 0.683609009 0.0663390011 0.96992892
v 0.721558988 0.0649369955 0.992358983
v 0.719150007 0.0369249992 0.966425002
v 0.719886005 0.0444509983 0.997256994
v 0.720720947 0.0603 0.961785972
v 0.718273997 0.0301519986 0.94926697
v 0.720287025 0.0600910001 0.943324924
v 0.687904954 0.0291449986 0.953112006
v 0.686662972 0.036774002 0.968068004
v 0.690410018 0.0663889945 0.945719957
v 0.68857801 0.065248996 0.962416947
v 0.688394964 0.0611719973 0.923533022
v 0.721729934 0.0547149964 0.921188951
v 0.71983099 0.026473999 0.926792979
v 0.713243008 0.0452950001 0.891942978
v 0.711883962 0.0250749979 0.89595592
v 0.696708977 0.0269390009 0.877646983
v 0.69749099 0.0385800004 0.875335991
v 0.685360014 0.0255669989 0.889065981
v 0.688506961 0.0243569985 0.906328917
v 0.68670994 0.0456409976 0.885082006
v 0.690427005 0.0529079996 0.900662959
v 0.67551595 0.0322909988 0.866816998
v 0.686013043 0.0257459991 0.930563927
v 0.67551595 0.0322909988 0.866816998
v 0.67551595 0.0322909988 0.866816998
v 0.688506961 0.0243569985 0.906328917
v 0.688394964 0.0611719973 0.923533022
v 0.690427005 0.0529079996 0.900662959
v 0.68670994 0.0456409976 0.885082006
v 0.685360014 0.0255669989 0.889065981
v 0.67551595 0.0322909988 0.866816998
v 0.690410018 0.0663889945 0.945719957
v 0.687904954 0.0291449986 0.953112006
v 0.68857801 0.065248996 0.962416947
v 0.683609009 0.0663390011 0.96992892
v 0.680967987 0.0396919996 0.976520002
v 0.680967987 0.0396919996 0.976520002
v 0.680967987 0.0396919996 0.976520002
v 0.683609009 0.0663390011 0.96992892
v 0.680967987 0.0396919996 0.976520002
v 0.719886005 0.0444509983 0.997256994
v 0.680967987 0.0396919996 0.976520002
v 0.678360939 -0.0292619988 1.02092004
v 0.689507961 -0.0339390002 1.04316998
v 0.672592998 -0.0315459967 1.01302993
v 0.689507961 -0.0339390002 1.04316998
v 0.696894944 -0.0310570002 1.05318999
v 0.683833003 -0.0498489998 1.04547
v 0.65842694 -0.0323950015 0.989459991
v 0.684198976 -0.0364819989 0.99574697
v 0.663658977 -0.0369540006 0.975875974
v 0.703125 -0.040755 1.01700997
v 0.696894944 -0.0310570002 1.05318999
v 0.705350041 -0.0604239963 1.02680993
v 0.697377026 -0.0490579978 1.06821001
v 0.685207963 -0.0677689984 1.0610199
v 0.691439986 -0.077463001 1.02484
v 0.694331944 -0.0730760023 1.0247699
v 0.662810981 -0.0781090036 1.03132999
v 0.668646991 -0.0853359997 1.0061599
v 0.694331944 -0.0730760023 1.0247699
v 0.657323003 -0.0751889944 0.989742935
v 0.672927082 -0.0708339959 1.04279995
v 0.646738946 -0.069110997 0.997286975
v 0.651968956 -0.0736740008 0.983703971
v 0.646402955 -0.0505889989 0.984915972
v 0.649854958 -0.0585589968 0.995378017
v 0.65842694 -0.0323950015 0.989459991
v 0.651821971 -0.0552960001 0.970929027
v 0.657323003 -0.0751889944 0.989742935
v 0.669775009 -0.0388489999 0.982524991
v 0.663658977 -0.0369540006 0.975875974
v 0.669775009 -0.0388489999 0.982524991
v 0.65842694 -0.0323950015 0.989459991
v 0.657274008 -0.0381850004 0.992604971
v 0.655978024 -0.0716800019 1.01489997
v 0.655978024 -0.0716800019 1.01489997
v 0.683833003 -0.0498489998 1.04547
v 0.697377026 -0.0490579978 1.06821001
v 0.672592998 -0.0315459967 1.01302993
v 0.657274008 -0.0381850004 0.992604971
v 0.684198976 -0.0364819989 0.99574697
v 0.70261699 -0.0491979979 1.01969993
v 0.669775009 -0.0388489999 0.982524991
v 0.663658977 -0.0369540006 0.975875974
v 0.70261699 -0.0491979979 1.01969993
v 0.669775009 -0.0388489999 0.982524991
v 0.70528394 -0.0532119982 0.992676973
v 0.70261699 -0.0491979979 1.01969993
v 0.695291936 -0.0819189996 0.998988986
v 0.694331944 -0.0730760023 1.0247699
v 0.674798965 -0.0393470004 0.962182999
v 0.710501969 -0.055443 0.969350934
v 0.677833021 -0.0479339957 0.933869004
v 0.717724979 -0.0651350021 0.942252994
v 0.685195982 -0.0615259968 0.906167984
v 0.713837922 -0.0781499967 0.903106987
v 0.683479965 -0.0715219975 0.885675967
v 0.697807014 -0.0844030008 0.877312005
v 0.671698987 -0.0875729993 0.859593928
v 0.697704017 -0.092211999 0.977435946
v 0.658878982 -0.0850870013 0.972240984
v 0.657323003 -0.0751889944 0.989742935
v 0.694331944 -0.0730760023 1.0247699
v 0.662689984 -0.0914420038 0.943435967
v 0.705653012 -0.0998179987 0.949879944
v 0.672991991 -0.096588999 0.913878977
v 0.70519501 -0.102982998 0.908567965
v 0.674898982 -0.0961750001 0.891097009
v 0.69283092 -0.0987010002 0.880455971
v 0.671698987 -0.0875729993 0.859593928
v 0.677833021 -0.0479339957 0.933869004
v 0.685195982 -0.0615259968 0.906167984
v 0.672991991 -0.096588999 0.913878977
v 0.683479965 -0.0715219975 0.885675967
v 0.671698987 -0.0875729993 0.859593928
v 0.674798965 -0.0393470004 0.962182999
v 0.662689984 -0.0914420038 0.943435967
v 0.658878982 -0.0850870013 0.972240984
v 0.669775009 -0.0388489999 0.982524991
v 0.657323003 -0.0751889944 0.989742935
v 0.671698987 -0.0875729993 0.859593928
v 0.683833003 -0.0498489998 1.04547
v 0.672927082 -0.0708339959 1.04279995
v 0.463303983 0.084092997 1.44546998
v 0.460018992 0.130735993 1.43906999
v 0.467934966 0.088496998 1.45604002
v 0.457878977 0.123682 1.42425001
v 0.44739899 0.143307999 1.40499997
v 0.44036898 0.160778999 1.41071999
v 0.457405984 0.0633659959 1.44626009
v 0.458178997 0.0508900024 1.45381999
v 0.443838984 0.166702986 1.3859899
v 0.501429975 0.134804994 1.38689995
v 0.508669019 0.147438005 1.35134995
v 0.498974979 0.125562996 1.41154003
v 0.415556967 0.167546004 1.38229001
v 0.439436972 0.157484993 1.39050996
v 0.495875001 0.161653996 1.34798992
v 0.524738014 0.147348002 1.31095004
v 0.468628973 0.142894998 1.26666999
v 0.428940982 0.157055989 1.30623984
v 0.438380003 0.0697419941 1.26365995
v 0.400415987 0.0800520033 1.3089
v 0.452863991 0.0082729999 1.29320991
v 0.500828981 0.00774500007 1.23731005
v 0.497099966 0.0582589991 1.21717
v 0.505191982 0.050146997 1.19149995
v 0.507694006 -0.00489800004 1.21427
v 0.505775988 0.0364149995 1.16569996
v 0.534861982 0.0994530022 1.16884995
v 0.528167009 0.0989760011 1.19695997
v 0.511460006 -0.0230730008 1.18383002
v 0.542674005 -0.0400879979 1.20784998
v 0.538787007 -0.0167309996 1.24457002
v 0.533106983 -0.00738300011 1.2690599
v 0.494554996 -0.00352899986 1.33370996
v 0.565053999 -0.00296199997 1.30445004
v 0.535522997 0.0265030004 1.36563015
v 0.486952007 0.026368998 1.40233004
v 0.461092979 0.00466399966 1.37664986
v 0.472526997 0.0401754975 1.42264998
v 0.43294397 0.0330279991 1.43481004
v 0.558191001 -0.0139579996 1.23977995
v 0.58662498 -0.0256520025 1.21983993
v 0.422650963 0.0167110004 1.34367001
v 0.381428987 0.0680160001 1.37765002
v 0.403151006 0.0410639979 1.40457988
v 0.392742991 0.0686289966 1.38038993
v 0.382831007 0.100459993 1.36082995
v 0.376297981 0.104121998 1.35649002
v 0.396930009 0.139961004 1.35768008
v 0.394261986 0.153688997 1.35576987
v 0.416931003 0.158585995 1.36895001
v 0.419055998 0.0478789993 1.40768003
v 0.431496978 0.0444139987 1.42159998
v 0.443374991 0.17696698 1.37468004
v 0.444518983 0.046203997 1.43824005
v 0.458178997 0.0508900024 1.45381999
v 0.457405984 0.0633659959 1.44626009
v 0.458178997 0.0508900024 1.45381999
v 0.469139993 0.0491255 1.44212997
v 0.469139993 0.0491255 1.44212997
v 0.458178997 0.0508900024 1.45381999
v 0.486418992 0.0612879992 1.43451989
v 0.489768982 0.0417259969 1.42484999
v 0.491036981 0.0870075002 1.43195009
v 0.486418992 0.0612879992 1.43451989
v 0.611113012 0.119518995 1.22519004
v 0.548219979 0.133893996 1.25574994
v 0.558685005 0.126266003 1.22281992
v 0.58802098 0.122898497 1.29067993
v 0.51730901 0.107065 1.21931994
v 0.538796008 0.136634991 1.31424999
v 0.576038003 0.125712991 1.19000995
v 0.554311991 0.115909338 1.35321009
v 0.566430986 0.104915999 1.17683995
v 0.54212898 0.083340995 1.16496003
v 0.595385969 0.109155998 1.18735003
v 0.513434947 0.0347849987 1.16277003
v 0.524771988 -0.0183879994 1.18343997
v 0.524771988 -0.0183879994 1.18343997
v 0.542674005 -0.0400879979 1.20784998
v 0.581314981 -0.0702819973 1.04363
v 0.625981987 -0.104811996 1.05105007
v 0.611876965 -0.0969929993 1.06769991
v 0.585195959 -0.0722339973 1.02400994
v 0.631496012 -0.114584997 1.02640998
v 0.593613982 -0.0843269974 1.00128996
v 0.59740895 -0.106649995 0.981522977
v 0.627092004 -0.130359992 1.00120997
v 0.605906963 -0.119622998 0.967637002
v 0.626299024 -0.135910988 0.981157959
v 0.60838902 -0.153010994 0.973944008
v 0.626214981 -0.134775996 0.950704992
v 0.596267998 -0.159467995 0.998840034
v 0.590138972 -0.152159989 1.03147995
v 0.631496012 -0.114584997 1.02640998
v 0.596693993 -0.143669993 0.966188967
v 0.575385034 -0.142787993 0.984992981
v 0.59740895 -0.106649995 0.981522977
v 0.559943974 -0.128040999 1.01144993
v 0.589415967 -0.138939992 1.0524199
v 0.556715965 -0.112819992 1.03073001
v 0.580843985 -0.128659993 1.06710994
v 0.611876965 -0.0969929993 1.06769991
v 0.625981987 -0.104811996 1.05105007
v 0.554919004 -0.10795299 1.04991996
v 0.581314981 -0.0702819973 1.04363
v 0.585195959 -0.0722339973 1.02400994
v 0.593613982 -0.0843269974 1.00128996
v 0.605906963 -0.119622998 0.967637002
v 0.626214981 -0.134775996 0.950704992
v 0.567417979 -0.119088002 1.09273994
v 0.545535982 -0.101594999 1.07779992
v 0.545535982 -0.101594999 1.07779992
v 0.567417979 -0.119088002 1.09273994
v 0.626214981 -0.134775996 0.950704992
v 0.626299024 -0.135910988 0.981157959
v 0.626214981 -0.134775996 0.950704992
v 0.610798955 -0.0312449988 1.23982
v 0.58662498 -0.0256520025 1.21983993
v 0.565053999 -0.00296199997 1.30445004
v 0.59246397 -0.00499799987 1.3129499
v 0.635728002 -0.0323259979 1.25064003
v 0.616477966 0.031630002 1.30723
v 0.668139994 0.000264999981 1.24743998
v 0.643799961 -0.0152649991 1.23459995
v 0.676575005 0.0145299993 1.23293996
v 0.684409976 0.0340219997 1.24030995
v 0.685970962 0.0307919998 1.21338999
v 0.683598995 0.0530189984 1.22872996
v 0.68066299 0.0718989968 1.23971999
v 0.644123971 0.0616379976 1.28176999
v 0.639868975 0.0367249995 1.28588998
v 0.652449012 0.0571850017 1.32616997
v 0.685154021 0.0453779958 1.20899999
v 0.700540006 0.0261459984 1.19520998
v 0.699330986 0.0451109968 1.16857004
v 0.680498958 0.0160349999 1.21176004
v 0.691769004 0.00367000001 1.17309999
v 0.668012977 -0.030261999 1.16267002
v 0.66426003 -0.0382170007 1.18992996
v 0.662294984 -0.0384559967 1.14140999
v 0.715159953 -0.00890200026 1.1085099
v 0.688537955 0.0822150037 1.15037
v 0.688714981 0.0951329991 1.17338991
v 0.676530004 0.109972 1.16317999
v 0.679683983 0.0956589952 1.13865995
v 0.658060968 0.0935519934 1.13546991
v 0.654300988 0.114455 1.16788995
v 0.633955956 0.107018992 1.15458
v 0.678580999 0.098108992 1.18862998
v 0.667617023 0.114629999 1.17752993
v 0.655761003 0.108572997 1.19898999
v 0.723154962 0.0349099971 1.10371995
v 0.664415956 0.0944800004 1.22182
v 0.664026022 0.109983996 1.23383999
v 0.642746925 0.119006 1.19134998
v 0.63825798 0.119233996 1.22335994
v 0.611113012 0.119518995 1.22519004
v 0.615145981 0.116969995 1.17779994
v 0.614719987 0.116967998 1.29962003
v 0.58802098 0.122898497 1.29067993
v 0.53528899 0.138046995 1.42779005
v 0.526458025 0.141341999 1.42067993
v 0.585218966 0.110027999 1.35238004
v 0.563907981 0.101584993 1.38862002
v 0.530654967 0.118023992 1.45558
v 0.521336973 0.118936002 1.45324993
v 0.520097017 0.0962539911 1.48311996
v 0.510820985 0.0978529975 1.48294997
v 0.624180973 0.0787419975 1.30145991
v 0.597193003 0.0984840021 1.33632004
v 0.597276986 0.0803479925 1.34043002
v 0.591956973 0.0656879991 1.35251009
v 0.585327983 0.0775129944 1.35998988
v 0.570073009 0.0803979933 1.38401985
v 0.558403015 0.0916399956 1.39983988
v 0.580159009 0.0768119991 1.41843987
v 0.537608981 0.0828999951 1.43636
v 0.604119956 0.098631002 1.36852002
v 0.567478955 0.062624 1.38554001
v 0.581031978 0.0539549999 1.36257005
v 0.590403974 0.0430729985 1.34458995
v 0.582893968 0.0266260002 1.34613001
v 0.591571987 0.0298709981 1.37603998
v 0.553972006 0.0453219973 1.39428997
v 0.552901983 0.0600029975 1.40348995
v 0.578898966 0.0699109957 1.41919994
v 0.519342005 0.0560260005 1.46235991
v 0.51562798 0.0303039998 1.43956995
v 0.510209978 0.0579599999 1.45992005
v 0.518109977 0.0853629932 1.48432004
v 0.508858979 0.0871039927 1.48412001
v 0.505936027 0.0288890004 1.43298006
v 0.569314957 0.0227620006 1.36194003
v 0.58792901 0.0239339992 1.37492001
v 0.510820985 0.0978529975 1.48294997
v 0.508858979 0.0871039927 1.48412001
v 0.627841949 -0.0353459977 1.21336997
v 0.652072966 -0.0315149985 1.20458996
v 0.636461973 -0.0450190008 1.19782996
v 0.643335044 -0.0473919995 1.18090999
v 0.625369966 -0.0440889969 1.18523002
v 0.613492012 -0.0398739986 1.20886004
v 0.599394977 -0.0347249992 1.20054996
v 0.640392005 -0.0359480008 1.15060997
v 0.651948094 -0.0294819996 1.13074994
v 0.617734969 -0.039065998 1.17818999
v 0.687682986 -0.0415229984 1.10335994
v 0.695327997 -0.0283229984 1.08554995
v 0.718873978 -0.00989099964 1.08636999
v 0.724478006 0.0291569997 1.08123004
v 0.710011959 0.055004999 1.07659996
v 0.706945002 0.0644529983 1.09206998
v 0.696949959 0.0709429979 1.11935997
v 0.691764951 0.0774669945 1.11478996
v 0.684641004 0.0763920024 1.1126101
v 0.714209974 -0.0102129998 1.08555996
v 0.718263984 0.0337329991 1.08008003
v 0.707623959 0.0147309992 1.08149993
v 0.591571987 0.0298709981 1.37603998
v 0.582893968 0.0266260002 1.34613001
v 0.58792901 0.0239339992 1.37492001
v 0.553972006 0.0453219973 1.39428997
v 0.537608981 0.0828999951 1.43636
v 0.580159009 0.0768119991 1.41843987
v 0.578898966 0.0699109957 1.41919994
v 0.570073009 0.0803979933 1.38401985
v 0.597193003 0.0984840021 1.33632004
v 0.604119956 0.098631002 1.36852002
v 0.602738976 0.105090998 1.36603999
v 0.563907981 0.101584993 1.38862002
v 0.602738976 0.105090998 1.36603999
v 0.591956973 0.0656879991 1.35251009
v 0.652449012 0.0571850017 1.32616997
v 0.650562942 0.0468439981 1.32729995
v 0.639868975 0.0367249995 1.28588998
v 0.650562942 0.0468439981 1.32729995
v 0.508669019 0.147438005 1.35134995
v 0.508068979 0.141870007 1.38968003
v 0.501429975 0.134804994 1.38689995
v 0.538796008 0.136634991 1.31424999
v 0.554311991 0.115909338 1.35321009
v 0.507025957 0.132122993 1.41420996
v 0.520573974 0.102728993 1.42205
v 0.504250944 0.121536992 1.43271995
v 0.479355991 0.144409999 1.44642997
v 0.498974979 0.125562996 1.41154003
v 0.496583998 0.116997004 1.42842996
v 0.486716986 0.107215002 1.45592999
v 0.494372994 0.111163996 1.46076
v 0.459702969 0.102938004 1.50356996
v 0.461865991 0.102861002 1.50600004
v 0.513437986 0.0873029977 1.45126009
v 0.461865991 0.102861002 1.50600004
v 0.479355991 0.144409999 1.44642997
v 0.501429975 0.134804994 1.38689995
v 0.474548966 0.143953994 1.45085001
v 0.479355991 0.144409999 1.44642997
v 0.498974979 0.125562996 1.41154003
v 0.474548966 0.143953994 1.45085001
v 0.479355991 0.144409999 1.44642997
v 0.487619996 0.0741529986 1.46481001
v 0.461865991 0.102861002 1.50600004
v 0.513437986 0.0873029977 1.45126009
v 0.492174983 0.0553620011 1.43994987
v 0.481644988 0.0794229954 1.45896995
v 0.459702969 0.102938004 1.50356996
v 0.486418992 0.0612879992 1.43451989
v 0.489768982 0.0417259969 1.42484999
v 0.514481962 0.0629730001 1.42354
v 0.535522997 0.0265030004 1.36563015
v 0.486952007 0.026368998 1.40233004
v 0.461519003 0.0451879986 1.45678997
v 0.459702969 0.102938004 1.50356996
v 0.461865991 0.102861002 1.50600004
v 0.461519003 0.0451879986 1.45678997
v 0.469139993 0.0491255 1.44212997
v 0.455952972 0.0491509996 1.46059
v 0.472526997 0.0401754975 1.42264998
v 0.461519003 0.0451879986 1.45678997
v 0.455952972 0.0491509996 1.46059
v 0.710011959 0.055004999 1.07659996
v 0.725300968 0.0476249978 1.03214991
v 0.720057964 0.047265999 1.03808999
v 0.730393946 0.0423390009 1.03959
v 0.718263984 0.0337329991 1.08008003
v 0.73556602 0.0242449995 1.04350996
v 0.720283926 0.00585999992 1.04720998
v 0.707623959 0.0147309992 1.08149993
v 0.70381695 0.0402099974 1.03578997
v 0.70558995 0.0477959998 1.03172994
v 0.704730988 0.026393 1.03850996
v 0.70381695 0.0402099974 1.03578997
v 0.707794011 0.00832000002 1.04489994
v 0.70112896 0.0114909988 1.03807998
v 0.700995982 0.00239700009 1.03986001
v 0.706772983 -0.0139040006 1.04958999
v 0.699573934 -0.0130329998 1.04084992
v 0.690883994 -0.0224219989 1.0457499
v 0.687564015 -0.0319499969 1.04858994
v 0.710141957 -0.0358069986 1.05788994
v 0.731821954 -0.021466 1.05563998
v 0.714209974 -0.0102129998 1.08555996
v 0.714209974 -0.0102129998 1.08555996
v 0.695327997 -0.0283229984 1.08554995
v 0.714039981 -0.0583809987 1.06513
v 0.680740952 -0.0468060002 1.05397999
v 0.699861944 -0.0741899982 1.06622994
v 0.667613029 -0.0677589998 1.05664003
v 0.675103009 -0.0616960004 1.10210001
v 0.646259964 -0.0575269982 1.08741999
v 0.637708008 -0.0462379977 1.12322998
v 0.651723027 -0.0521199964 1.13533998
v 0.662294984 -0.0384559967 1.14140999
v 0.687682986 -0.0415229984 1.10335994
v 0.687564015 -0.0319499969 1.04858994
v 0.714209974 -0.0102129998 1.08555996
v 0.731821954 -0.021466 1.05563998
v 0.651948094 -0.0294819996 1.13074994
v 0.662294984 -0.0384559967 1.14140999
v 0.651723027 -0.0521199964 1.13533998
v 0.637708008 -0.0462379977 1.12322998
v 0.687861025 0.0826850012 1.02160001
v 0.700199962 0.0932429954 1.0646199
v 0.676678002 0.089541994 1.06052995
v 0.716374934 0.0840159953 1.02304995
v 0.715103984 0.0740099996 1.07228994
v 0.731427968 0.0654919967 1.02787995
v 0.70757401 0.0739049986 1.02535999
v 0.709802687 0.060716752 1.02760994
v 0.70558995 0.0477959998 1.03172994
v 0.697614968 0.0892859995 1.11478996
v 0.683393002 0.101617999 1.10610998
v 0.706945002 0.0644529983 1.09206998
v 0.696949959 0.0709429979 1.11935997
v 0.661484003 0.0978650004 1.09753001
v 0.684641004 0.0763920024 1.1126101
v 0.691764951 0.0774669945 1.11478996
v 0.730393946 0.0423390009 1.03959
v 0.552626967 -0.0823889971 1.15981996
v 0.524771988 -0.0183879994 1.18343997
v 0.542674005 -0.0400879979 1.20784998
v 0.519786954 -0.0536219962 1.13055992
v 0.537720978 -0.100214005 1.07740998
v 0.562223971 -0.122756004 1.09774005
v 0.595661998 -0.0838329941 1.15102994
v 0.597738981 -0.123129994 1.09162998
v 0.638276994 -0.0592129976 1.11615992
v 0.625009954 -0.0903029963 1.06148994
v 0.611876965 -0.0969929993 1.06769991
v 0.567417979 -0.119088002 1.09273994
v 0.545535982 -0.101594999 1.07779992
v 0.545535982 -0.101594999 1.07779992
v 0.581314981 -0.0702819973 1.04363
v 0.531943977 -0.0288439989 1.09334993
v 0.581314981 -0.0702819973 1.04363
v 0.587917984 -0.0208769981 1.07488
v 0.598419964 -0.0658370033 1.03944004
v 0.595070004 -0.0281819999 1.07851994
v 0.614359975 -0.0472319983 1.08913004
v 0.598419964 -0.0658370033 1.03944004
v 0.595070004 -0.0281819999 1.07851994
v 0.611876965 -0.0969929993 1.06769991
v 0.631511986 -0.0519869998 1.11331999
v 0.573665023 0.0179349985 1.09908998
v 0.513434947 0.0347849987 1.16277003
v 0.640392005 -0.0359480008 1.15060997
v 0.611876965 -0.0969929993 1.06769991
v 0.581314981 -0.0702819973 1.04363
v 0.640392005 -0.0359480008 1.15060997
v 0.617734969 -0.039065998 1.17818999
v 0.599394977 -0.0347249992 1.20054996
v 0.58662498 -0.0256520025 1.21983993
v 0.558191001 -0.0139579996 1.23977995
v 0.614359975 -0.0472319983 1.08913004
v 0.611033976 -0.029219998 1.06007004
v 0.595070004 -0.0281819999 1.07851994
v 0.634916008 -0.053760998 1.07450998
v 0.629765987 -0.040835999 1.03347003
v 0.645268977 -0.0603020005 1.05244005
v 0.641610026 -0.0225760005 1.02662003
v 0.618444979 -0.00233099982 1.05815995
v 0.641235948 -0.0122319991 1.02293003
v 0.669633985 -0.0215119999 1.03551996
v 0.668669939 -0.0247769989 1.03630996
v 0.647598028 0.0115660001 1.01925004
v 0.66385597 -0.000337999983 0.980230033
v 0.685001969 0.00257099979 1.00588
v 0.678882003 0.00948200002 1.02586997
v 0.624858975 0.0322769992 1.05525005
v 0.649717033 0.021639999 1.01846004
v 0.652408004 0.0432199985 1.01771998
v 0.66958195 0.0301229991 0.976381958
v 0.666173995 0.00946899969 0.978390992
v 0.628578007 0.0625960007 1.04694998
v 0.659542978 0.054808002 1.02136004
v 0.678955972 0.0451520011 1.02247
v 0.687437952 0.036412999 0.999394953
v 0.66958195 0.0301229991 0.976381958
v 0.65842694 0.0725150034 1.02444994
v 0.676514983 0.0650750026 0.984344006
v 0.687861025 0.0826850012 1.02160001
v 0.697817981 0.0798889995 1.0037899
v 0.67305398 0.0457259975 0.989037991
v 0.641053975 0.0912320018 1.0467
v 0.625027001 0.0705619976 1.07419002
v 0.638996959 0.0944859982 1.07015002
v 0.619826972 0.107707992 1.09828997
v 0.596237957 0.0844099969 1.10064995
v 0.581668019 0.051122997 1.10017991
v 0.563293993 0.0539249964 1.1228199
v 0.573665023 0.0179349985 1.09908998
v 0.614009023 0.0372699983 1.07521999
v 0.60936296 0.00176999997 1.07814002
v 0.58079201 0.0950839967 1.13047993
v 0.513434947 0.0347849987 1.16277003
v 0.661484003 0.0978650004 1.09753001
v 0.652829945 0.104908995 1.11416996
v 0.676678002 0.089541994 1.06052995
v 0.605029941 0.106599994 1.12933993
v 0.626747012 0.108168997 1.13592994
v 0.658060968 0.0935519934 1.13546991
v 0.684641004 0.0763920024 1.1126101
v 0.595385969 0.109155998 1.18735003
v 0.615145981 0.116969995 1.17779994
v 0.633955956 0.107018992 1.15458
v 0.611113012 0.119518995 1.22519004
v 0.566430986 0.104915999 1.17683995
v 0.54212898 0.083340995 1.16496003
v 0.676809967 -0.0286410023 1.01288009
v 0.641235948 -0.0122319991 1.02293003
v 0.656611979 -0.0258179996 0.984302938
v 0.66385597 -0.000337999983 0.980230033
v 0.656611979 -0.0258179996 0.984302938
v 0.685463011 0.00667200005 1.00698996
v 0.649717033 0.021639999 1.01846004
v 0.679229975 0.012711999 1.02537
v 0.649717033 0.021639999 1.01846004
v 0.685463011 0.00667200005 1.00698996
v 0.666173995 0.00946899969 0.978390992
v 0.678955972 0.0451520011 1.02247
v 0.680315018 0.0479599983 1.02262998
v 0.659542978 0.054808002 1.02136004
v 0.686743975 0.0428049974 1.00546002
v 0.659542978 0.054808002 1.02136004
v 0.680315018 0.0479599983 1.02262998
v 0.709720969 0.0731019974 1.02111995
v 0.70757401 0.0739049986 1.02535999
v 0.709720969 0.0731019974 1.02111995
v 0.709802687 0.060716752 1.02760994
v 0.679229975 0.012711999 1.02537
v 0.646259964 -0.0575269982 1.08741999
v 0.614359975 -0.0472319983 1.08913004
v 0.631511986 -0.0519869998 1.11331999
v 0.637708008 -0.0462379977 1.12322998
v 0.614359975 -0.0472319983 1.08913004
v 0.667613029 -0.0677589998 1.05664003
v 0.672927082 -0.0708339959 1.04279995
v 0.655978024 -0.0716800019 1.01489997
v 0.649854958 -0.0585589968 0.995378017
v 0.657274008 -0.0381850004 0.992604971
v 0.672592998 -0.0315459967 1.01302993
v 0.640392005 -0.0359480008 1.15060997
v 0.637708008 -0.0462379977 1.12322998
v 0.651948094 -0.0294819996 1.13074994
v 0.678882003 0.00948200002 1.02586997
v 0.704366982 0.000260000001 1.03267992
v 0.700995982 0.00239700009 1.03986001
v 0.685001969 0.00257099979 1.00588
v 0.70112896 0.0114909988 1.03807998
v 0.679229975 0.012711999 1.02537
v 0.704366982 0.000260000001 1.03267992
v 0.699573934 -0.0130329998 1.04084992
v 0.702938974 0.00947600044 1.03175008
v 0.70112896 0.0114909988 1.03807998
v 0.685463011 0.00667200005 1.00698996
v 0.699573934 -0.0130329998 1.04084992
v 0.704366982 0.000260000001 1.03267992
v 0.701094925 -0.0139849996 1.03786004
v 0.695691943 -0.0259969998 1.03664005
v 0.690883994 -0.0224219989 1.0457499
v 0.695691943 -0.0259969998 1.03664005
v 0.669633985 -0.0215119999 1.03551996
v 0.676809967 -0.0286410023 1.01288009
v 0.668669939 -0.0247769989 1.03630996
v 0.668669939 -0.0247769989 1.03630996
v 0.687564015 -0.0319499969 1.04858994
v 0.689507961 -0.0339390002 1.04316998
v 0.687564015 -0.0319499969 1.04858994
v 0.672592998 -0.0315459967 1.01302993
v 0.683833003 -0.0498489998 1.04547
v 0.687564015 -0.0319499969 1.04858994
v 0.680740952 -0.0468060002 1.05397999
v 0.683833003 -0.0498489998 1.04547
v 0.667613029 -0.0677589998 1.05664003
v 0.672927082 -0.0708339959 1.04279995
v 0.70381695 0.0402099974 1.03578997
v 0.680315018 0.0479599983 1.02262998
v 0.678955972 0.0451520011 1.02247
v 0.70558995 0.0477959998 1.03172994
v 0.678955972 0.0451520011 1.02247
v 0.707082987 0.03737 1.02736998
v 0.687437952 0.036412999 0.999394953
v 0.704730988 0.026393 1.03850996
v 0.707082987 0.03737 1.02736998
v 0.706811965 0.0246679988 1.03285003
v 0.70381695 0.0402099974 1.03578997
v 0.70112896 0.0114909988 1.03807998
v 0.706811965 0.0246679988 1.03285003
v 0.702938974 0.00947600044 1.03175008
v 0.680315018 0.0479599983 1.02262998
v 0.70558995 0.0477959998 1.03172994
v 0.706873 0.0466729999 1.02779996
v 0.686743975 0.0428049974 1.00546002
v 0.709802687 0.060716752 1.02760994
v 0.70558995 0.0477959998 1.03172994
v 0.526458025 0.141341999 1.42067993
v 0.520573974 0.102728993 1.42205
v 0.554311991 0.115909338 1.35321009
v 0.521336973 0.118936002 1.45324993
v 0.513437986 0.0873029977 1.45126009
v 0.510209978 0.0579599999 1.45992005
v 0.510820985 0.0978529975 1.48294997
v 0.508858979 0.0871039927 1.48412001
v 0.514481962 0.0629730001 1.42354
v 0.505936027 0.0288890004 1.43298006
v 0.58802098 0.122898497 1.29067993
v 0.565053999 -0.00296199997 1.30445004
v 0.535522997 0.0265030004 1.36563015
v 0.514481962 0.0629730001 1.42354
v 0.496583998 0.116997004 1.42842996
v 0.491036981 0.0870075002 1.43195009
v 0.498974979 0.125562996 1.41154003
v 0.486716986 0.107215002 1.45592999
v 0.481644988 0.0794229954 1.45896995
v 0.459702969 0.102938004 1.50356996
v 0.486418992 0.0612879992 1.43451989
v 0.469139993 0.0491255 1.44212997
v 0.455952972 0.0491509996 1.46059
v 0.472526997 0.0401754975 1.42264998
v 0.501429975 0.134804994 1.38689995
v 0.474548966 0.143953994 1.45085001
v 0.498974979 0.125562996 1.41154003
vt 0.995717108 0.532753646
vt 0.983447611 0.562300384
vt 0.994102657 0.578297436
vt 0.986995161 0.649916351
vt 0.995717108 0.532753646
vt 0.981854618 0.539548934
vt 0.975501835 0.518865287
vt 0.978941262 0.499105632
vt 0.975501835 0.518865287
vt 0.952843487 0.451006234
vt 0.931677997 0.397030771
vt 0.936065733 0.397264302
vt 0.939136446 0.523471177
vt 0.916248977 0.405053079
vt 0.975501835 0.518865287
vt 0.945622861 0.563161314
vt 0.981854618 0.539548934
vt 0.983447611 0.562300384
vt 0.950971425 0.604471862
vt 0.986995161 0.649916351
vt 0.970803559 0.686085165
vt 0.93713516 0.531634033
vt 0.922026217 0.444007576
vt 0.916248977 0.405053079
vt 0.970803559 0.686085165
vt 0.992108047 0.708427846
vt 0.99693352 0.70543927
vt 0.93713516 0.531634033
vt 0.942608654 0.589338124
vt 0.986995161 0.649916351
vt 0.992554605 0.639400184
vt 0.994102657 0.578297436
vt 0.946924746 0.608853757
vt 0.970803559 0.686085165
vt 0.992108047 0.708427846
vt 0.978493631 0.715064347
vt 0.983382761 0.750774443
vt 0.973835289 0.749484599
vt 0.963087618 0.770021141
vt 0.963087618 0.770021141
vt 0.981152833 0.790759504
vt 0.989602864 0.783141434
vt 0.994576752 0.726968944
vt 0.949887097 0.742746651
vt 0.963087618 0.770021141
vt 0.973835289 0.749484599
vt 0.978493631 0.715064347
vt 0.994576752 0.726968944
vt 0.992108047 0.708427846
vt 0.685358465 0.430839598
vt 0.656987906 0.38491863
vt 0.656497896 0.430411756
vt 0.68896389 0.38776499
vt 0.656887889 0.343903482
vt 0.693684876 0.344240248
vt 0.620077968 0.339476287
vt 0.613848388 0.382444799
vt 0.73065424 0.348513782
vt 0.728847086 0.397844732
vt 0.731076121 0.275845826
vt 0.692395091 0.293581069
vt 0.623166442 0.284131229
vt 0.660616219 0.297249973
vt 0.684831679 0.223718584
vt 0.66277504 0.229810536
vt 0.674257219 0.174408138
vt 0.661118031 0.180322587
vt 0.656439245 0.125951469
vt 0.63352561 0.227392614
vt 0.583679199 0.251732171
vt 0.603129148 0.191034973
vt 0.575082421 0.315523922
vt 0.620077968 0.339476287
vt 0.690957427 0.158905447
vt 0.712064564 0.204588354
vt 0.642246723 0.185209453
vt 0.62306565 0.154591501
vt 0.63352561 0.227392614
vt 0.656439245 0.125951469
vt 0.577649534 0.361562669
vt 0.613848388 0.382444799
vt 0.620077968 0.339476287
vt 0.642246723 0.185209453
vt 0.656439245 0.125951469
vt 0.656439245 0.125951469
vt 0.685358465 0.430839598
vt 0.950971425 0.604471862
vt 0.945622861 0.563161314
vt 0.942608654 0.589338124
vt 0.295008212 0.292429268
vt 0.276850671 0.285202444
vt 0.287554294 0.307656825
vt 0.276850671 0.285202444
vt 0.277612418 0.272798121
vt 0.293996871 0.337318003
vt 0.287554294 0.307656825
vt 0.295008212 0.292429268
vt 0.303660899 0.326608121
vt 0.276850671 0.285202444
vt 0.251500547 0.353093565
vt 0.287554294 0.307656825
vt 0.241327211 0.31815511
vt 0.215241194 0.234557569
vt 0.202892661 0.252196133
vt 0.205286294 0.269722402
vt 0.241238236 0.330988467
vt 0.243213609 0.251847804
vt 0.277612418 0.272798121
vt 0.218231127 0.22366637
vt 0.251500547 0.353093565
vt 0.293996871 0.337318003
vt 0.262462556 0.388274491
vt 0.286239922 0.473187506
vt 0.272075146 0.48602587
vt 0.265269786 0.480784714
vt 0.28007403 0.515889943
vt 0.293996871 0.337318003
vt 0.293298542 0.411951005
vt 0.292973101 0.482788265
vt 0.290879935 0.50880295
vt 0.272075146 0.48602587
vt 0.28007403 0.515889943
vt 0.282907993 0.550298989
vt 0.30181396 0.541450679
vt 0.303160936 0.523174584
vt 0.265269786 0.480784714
vt 0.258013904 0.386322439
vt 0.265269786 0.480784714
vt 0.269341946 0.544506848
vt 0.282907993 0.550298989
vt 0.293298542 0.411951005
vt 0.296765924 0.353652298
vt 0.858584702 0.248119652
vt 0.8181445 0.23342222
vt 0.814819276 0.279245079
vt 0.855995417 0.234802186
vt 0.855274022 0.198015034
vt 0.822280645 0.196864188
vt 0.854067266 0.137018144
vt 0.820905387 0.153289258
vt 0.790368736 0.196926892
vt 0.793579876 0.156741083
vt 0.791050851 0.231290877
vt 0.757542193 0.192085326
vt 0.761411607 0.145239651
vt 0.81431824 0.0932709575
vt 0.795434177 0.0986406207
vt 0.794012666 0.056052506
vt 0.805254996 0.0509284139
vt 0.819576263 0.0375596881
vt 0.837658644 0.0765531659
vt 0.777847409 0.0602374673
vt 0.770369589 0.096480906
vt 0.744355619 0.0649968982
vt 0.727659047 0.116556346
vt 0.757542193 0.192085326
vt 0.720023572 0.16993624
vt 0.761404216 0.0338979363
vt 0.777847409 0.0602374673
vt 0.789989412 0.00932759047
vt 0.789989412 0.00932759047
vt 0.789989412 0.00932759047
vt 0.789989412 0.00932759047
vt 0.752255142 0.221545279
vt 0.722411335 0.204810321
vt 0.757542193 0.192085326
vt 0.748833179 0.234980762
vt 0.722390234 0.219308555
vt 0.791050851 0.231290877
vt 0.788922608 0.276029766
vt 0.814819276 0.279245079
vt 0.788922608 0.276029766
vt 0.748833179 0.234980762
vt 0.814819276 0.279245079
vt 0.241238236 0.330988467
vt 0.241464198 0.376974046
vt 0.251500547 0.353093565
vt 0.606246591 0.117815673
vt 0.590197444 0.0823733211
vt 0.581020057 0.0766155124
vt 0.613598406 0.109975755
vt 0.603850245 0.0349330306
vt 0.562738299 0.0213020444
vt 0.566717207 0.0488999486
vt 0.548171163 0.0536229014
vt 0.54648149 0.0306865573
vt 0.530322552 0.0363933444
vt 0.532402754 0.0711365342
vt 0.560938835 0.0607420802
vt 0.541054666 0.072388351
vt 0.625595748 0.138723075
vt 0.627152026 0.114331424
vt 0.628890336 0.0353876948
vt 0.617469728 0.0316572785
vt 0.64096266 0.0319278836
vt 0.53232789 0.0276001096
vt 0.560144365 0.00687462091
vt 0.560144365 0.00687462091
vt 0.640756547 0.10934943
vt 0.625595748 0.138723075
vt 0.646262586 0.1255247
vt 0.649513006 0.0403020978
vt 0.66975528 0.0362381339
vt 0.683854759 0.00866323709
vt 0.665082574 0.0855676532
vt 0.688097894 0.051328361
vt 0.687665522 0.0187825561
vt 0.66669482 0.0924959779
vt 0.693767548 0.0589264035
vt 0.683854759 0.00866323709
vt 0.961744368 0.265288413
vt 0.938298881 0.209041178
vt 0.939695418 0.267837584
vt 0.962724149 0.206902683
vt 0.936408222 0.17811352
vt 0.965195715 0.173179924
vt 0.9078632 0.177859843
vt 0.905118525 0.208839476
vt 0.99396342 0.168853581
vt 0.994244754 0.205804765
vt 0.991121829 0.114244998
vt 0.962175906 0.134249628
vt 0.937896311 0.141455948
vt 0.95394057 0.0815519691
vt 0.937308133 0.0891957879
vt 0.93438369 0.0513671041
vt 0.944213569 0.0450953841
vt 0.92010814 0.057510078
vt 0.914824784 0.0909157395
vt 0.956482112 0.0309695601
vt 0.974109948 0.0629735589
vt 0.929011762 0.0102565885
vt 0.908702135 0.135510147
vt 0.929011762 0.0102565885
vt 0.929011762 0.0102565885
vt 0.914824784 0.0909157395
vt 0.877380311 0.115449607
vt 0.890369833 0.0667937398
vt 0.904426038 0.0364803672
vt 0.92010814 0.057510078
vt 0.929011762 0.0102565885
vt 0.872779071 0.165165842
vt 0.9078632 0.177859843
vt 0.87654084 0.199540198
vt 0.876434624 0.216683686
vt 0.901765108 0.227796495
vt 0.901765108 0.227796495
vt 0.901765108 0.227796495
vt 0.998257339 0.221245944
vt 0.560144365 0.00687462091
vt 0.607365608 0.0174377561
vt 0.560144365 0.00687462091
vt 0.862708807 0.408696711
vt 0.865359247 0.353818357
vt 0.857630134 0.420549214
vt 0.865359247 0.353818357
vt 0.873333812 0.353781164
vt 0.875716448 0.310823262
vt 0.852484763 0.469643772
vt 0.872787118 0.45042628
vt 0.860558212 0.492046654
vt 0.888324618 0.414453089
vt 0.873333812 0.353781164
vt 0.903107882 0.389704645
vt 0.883318901 0.338575423
vt 0.895411253 0.328818262
vt 0.919802725 0.366647303
vt 0.916862488 0.378326952
vt 0.922072828 0.29481405
vt 0.939118624 0.335152447
vt 0.916862488 0.378326952
vt 0.958607674 0.345810115
vt 0.904824078 0.29860884
vt 0.955542982 0.311870635
vt 0.961923838 0.335941851
vt 0.973916531 0.306112587
vt 0.964158118 0.296706378
vt 0.990185142 0.289840162
vt 0.977339566 0.324173391
vt 0.958607674 0.345810115
vt 0.995345652 0.344466269
vt 0.993992209 0.320770442
vt 0.995345652 0.344466269
vt 0.990185142 0.289840162
vt 0.983510196 0.288318455
vt 0.94064033 0.296794116
vt 0.927248716 0.263228714
vt 0.875716448 0.310823262
vt 0.883318901 0.338575423
vt 0.85863483 0.423960626
vt 0.847566009 0.46338743
vt 0.872787118 0.45042628
vt 0.896984041 0.411651909
vt 0.866611183 0.480870903
vt 0.860558212 0.492046654
vt 0.896984041 0.411651909
vt 0.566525817 0.302146852
vt 0.527831674 0.302635252
vt 0.523738801 0.354166687
vt 0.495689571 0.302151382
vt 0.496899605 0.352636397
vt 0.569703937 0.256545842
vt 0.532186985 0.258738697
vt 0.568003893 0.185612261
vt 0.529738009 0.207505047
vt 0.547891736 0.116620481
vt 0.521044314 0.137724578
vt 0.526244402 0.0724163651
vt 0.509796977 0.0888827443
vt 0.491403908 0.0413252711
vt 0.494689643 0.26095587
vt 0.45779866 0.254841149
vt 0.455227196 0.291279852
vt 0.496899605 0.352636397
vt 0.460454017 0.200488508
vt 0.498046935 0.213211358
vt 0.470019162 0.143768132
vt 0.49923116 0.14511174
vt 0.478090584 0.101276696
vt 0.496828258 0.095513165
vt 0.491403908 0.0413252711
vt 0.420550287 0.169684589
vt 0.439198136 0.108704984
vt 0.470019162 0.143768132
vt 0.458538264 0.0715937018
vt 0.491403908 0.0413252711
vt 0.412793487 0.233295023
vt 0.460454017 0.200488508
vt 0.45779866 0.254841149
vt 0.415384591 0.27652353
vt 0.455227196 0.291279852
vt 0.491403908 0.0413252711
vt 0.875716448 0.310823262
vt 0.904824078 0.29860884
vt 0.423592061 0.971983731
vt 0.454763561 0.916809618
vt 0.420419961 0.952199399
vt 0.461948365 0.942022145
vt 0.488306731 0.930083334
vt 0.492483765 0.897422254
vt 0.406696171 0.992908776
vt 0.393492252 0.991746128
vt 0.502048373 0.857917488
vt 0.45124957 0.799828351
vt 0.470694691 0.736003101
vt 0.43716225 0.841365039
vt 0.524647474 0.883180439
vt 0.507918596 0.916928589
vt 0.486266941 0.748453677
vt 0.49279961 0.660830319
vt 0.553080201 0.676673472
vt 0.550924897 0.77145344
vt 0.619150639 0.687296808
vt 0.616382003 0.790080249
vt 0.676345468 0.700805485
vt 0.675995588 0.571541607
vt 0.621578336 0.556165993
vt 0.625300646 0.507508099
vt 0.679579616 0.521880448
vt 0.634678245 0.459996521
vt 0.578182817 0.455043495
vt 0.575068235 0.504341543
vt 0.684251547 0.461195171
vt 0.717703104 0.467145383
vt 0.718576789 0.544866621
vt 0.722022772 0.591685474
vt 0.724828959 0.723253429
vt 0.762199283 0.622463763
vt 0.774775028 0.747292936
vt 0.750519037 0.850327194
vt 0.718383074 0.81854099
vt 0.745446324 0.907203376
vt 0.712206244 0.940021813
vt 0.734606028 0.52866894
vt 0.749755621 0.470392406
vt 0.677003264 0.801985562
vt 0.638375282 0.905243099
vt 0.676080465 0.919199288
vt 0.640362263 0.924051702
vt 0.603973866 0.901150167
vt 0.601852655 0.887004435
vt 0.56341517 0.88965553
vt 0.555459619 0.872371018
vt 0.535682559 0.898748338
vt 0.680389643 0.94789964
vt 0.69935894 0.956708729
vt 0.508549333 0.842948973
vt 0.719307303 0.966454566
vt 0.738298774 0.973074496
vt 0.732841492 0.996622741
vt 0.738298774 0.973074496
vt 0.746584654 0.947804391
vt 0.384986788 0.966605723
vt 0.393492252 0.991746128
vt 0.389093578 0.925830066
vt 0.369584978 0.927229702
vt 0.408959389 0.898752511
vt 0.389093578 0.925830066
vt 0.494743615 0.443625629
vt 0.517223597 0.56351012
vt 0.530589819 0.506832063
vt 0.469939202 0.549932539
vt 0.568570375 0.548868358
vt 0.481080443 0.643016756
vt 0.535965443 0.443775594
vt 0.442298681 0.658035219
vt 0.555228353 0.423144281
vt 0.586304069 0.429549277
vt 0.527690291 0.405127943
vt 0.635005474 0.445569932
vt 0.686917782 0.44064945
vt 0.686917782 0.44064945
vt 0.717703104 0.467145383
vt 0.471768171 0.508457482
vt 0.420893371 0.466717422
vt 0.418933004 0.509105504
vt 0.477841735 0.46179074
vt 0.422060877 0.425851882
vt 0.47118625 0.403188288
vt 0.454828739 0.347470462
vt 0.417544752 0.380536497
vt 0.439203471 0.314426005
vt 0.413873196 0.345984519
vt 0.393862993 0.342437923
vt 0.406019837 0.28383261
vt 0.388560027 0.375769317
vt 0.384922534 0.415412486
vt 0.422060877 0.425851882
vt 0.38348484 0.330843627
vt 0.372092158 0.360818446
vt 0.347934991 0.306540549
vt 0.358462095 0.395182431
vt 0.383112073 0.452695787
vt 0.346660823 0.42555064
vt 0.376412362 0.483735144
vt 0.418933004 0.509105504
vt 0.420893371 0.466717422
vt 0.341562927 0.46096617
vt 0.298772544 0.423557341
vt 0.304380119 0.384096682
vt 0.319370776 0.336699784
vt 0.369453579 0.289490163
vt 0.406019837 0.28383261
vt 0.364604682 0.540061891
vt 0.334162444 0.519541085
vt 0.334162444 0.519541085
vt 0.364604682 0.540061891
vt 0.406019837 0.28383261
vt 0.413873196 0.345984519
vt 0.406019837 0.28383261
vt 0.0307732299 0.458289683
vt 0.00551381567 0.438677013
vt 0.0123202037 0.604928553
vt 0.0380989537 0.603893936
vt 0.0515163876 0.465390384
vt 0.077071175 0.603598177
vt 0.0880785063 0.457600296
vt 0.0663728043 0.437319815
vt 0.104470335 0.438006461
vt 0.11986462 0.458317816
vt 0.12496344 0.415766895
vt 0.138209134 0.454778016
vt 0.1485416 0.487254083
vt 0.123234279 0.564323485
vt 0.097699061 0.555034101
vt 0.101601265 0.614769161
vt 0.139096856 0.420703709
vt 0.129413664 0.379260719
vt 0.153027013 0.352029502
vt 0.111023314 0.405540645
vt 0.114848182 0.333238542
vt 0.0798589736 0.302969992
vt 0.0695313886 0.34641999
vt 0.0715568662 0.263797462
vt 0.128991961 0.216980159
vt 0.191192016 0.358453929
vt 0.189763293 0.403074086
vt 0.206247538 0.40871197
vt 0.209906161 0.360831559
vt 0.229965061 0.371324956
vt 0.219160959 0.437866628
vt 0.240240142 0.43545264
vt 0.187529758 0.432739437
vt 0.205954745 0.437777698
vt 0.196387723 0.476471484
vt 0.167681977 0.235949218
vt 0.173764333 0.491035521
vt 0.17690967 0.523273528
vt 0.213286564 0.485693634
vt 0.198913574 0.539789736
vt 0.214687929 0.573410928
vt 0.239505112 0.497316778
vt 0.159406677 0.663167775
vt 0.182384819 0.687564075
vt 0.118396632 0.918838203
vt 0.127445444 0.925205171
vt 0.130091295 0.755856693
vt 0.104983106 0.819366992
vt 0.0900234357 0.948126018
vt 0.0943950936 0.962196052
vt 0.0614551939 0.979040682
vt 0.061590869 0.993617594
vt 0.129164502 0.628972113
vt 0.128159255 0.710757315
vt 0.109410957 0.701638162
vt 0.0907204598 0.714972794
vt 0.0975033343 0.739832819
vt 0.0903755352 0.784584224
vt 0.0939541906 0.831131518
vt 0.0734621957 0.823936999
vt 0.0674460605 0.892265737
vt 0.11742565 0.752091944
vt 0.0718743578 0.774465978
vt 0.0749694258 0.72904402
vt 0.0730169043 0.684358418
vt 0.0545492843 0.678686321
vt 0.054521516 0.721705258
vt 0.0498328358 0.791539013
vt 0.0576527715 0.81363529
vt 0.0770759955 0.825636089
vt 0.0335678756 0.921279252
vt 0.0145813599 0.868805587
vt 0.0264005307 0.929588139
vt 0.0520570874 0.974558532
vt 0.0486107729 0.987414539
vt 0.00522156758 0.866283715
vt 0.0425025001 0.713038504
vt 0.0555747002 0.72193855
vt 0.061590869 0.993617594
vt 0.0486107729 0.987414539
vt 0.0447030552 0.400777757
vt 0.0645218417 0.377510726
vt 0.0473094061 0.366014779
vt 0.0514248051 0.33470422
vt 0.0361371525 0.349966586
vt 0.0295670591 0.397516191
vt 0.0148005858 0.390967667
vt 0.0465959646 0.280812681
vt 0.05856077 0.242056072
vt 0.0278317537 0.339698613
vt 0.0939482599 0.191084087
vt 0.111406222 0.166206181
vt 0.136139601 0.18132931
vt 0.169758275 0.196484387
vt 0.195141643 0.208544314
vt 0.198312163 0.242514431
vt 0.196199179 0.298806608
vt 0.207118884 0.304628313
vt 0.21473521 0.306031287
vt 0.135198191 0.174179852
vt 0.175232768 0.190385282
vt 0.158715948 0.166427791
vt 0.054521516 0.721705258
vt 0.0545492843 0.678686321
vt 0.0555747002 0.72193855
vt 0.0498328358 0.791539013
vt 0.0674460605 0.892265737
vt 0.0734621957 0.823936999
vt 0.0770759955 0.825636089
vt 0.0903755352 0.784584224
vt 0.128159255 0.710757315
vt 0.11742565 0.752091944
vt 0.116497844 0.751214325
vt 0.104983106 0.819366992
vt 0.116497844 0.751214325
vt 0.0907204598 0.714972794
vt 0.101601265 0.614769161
vt 0.104188025 0.616355598
vt 0.097699061 0.555034101
vt 0.104188025 0.616355598
vt 0.426591486 0.0959851146
vt 0.403532058 0.146343768
vt 0.411481917 0.154172838
vt 0.426740944 0.0113230348
vt 0.388856292 0.0374814868
vt 0.385218024 0.174750865
vt 0.358036906 0.156341851
vt 0.369038999 0.198193967
vt 0.38670525 0.253470123
vt 0.383303106 0.182361066
vt 0.375036865 0.21044296
vt 0.35500899 0.248594224
vt 0.34848842 0.236432612
vt 0.320718378 0.316491544
vt 0.318401277 0.315432727
vt 0.334990203 0.186802208
vt 0.318401277 0.315432727
vt 0.38670525 0.253470123
vt 0.411481917 0.154172838
vt 0.386892825 0.264711082
vt 0.38670525 0.253470123
vt 0.383303106 0.182361066
vt 0.384667307 0.264962256
vt 0.38670525 0.253470123
vt 0.311994284 0.217950523
vt 0.318401277 0.315432727
vt 0.334990203 0.186802208
vt 0.301509112 0.166484296
vt 0.303763598 0.222802341
vt 0.315787554 0.315190613
vt 0.293677717 0.174150288
vt 0.291278571 0.136867464
vt 0.319331437 0.131005466
vt 0.308180243 0.00813490152
vt 0.278608859 0.0963792205
vt 0.27753225 0.206308305
vt 0.315787554 0.315190613
vt 0.318401277 0.315432727
vt 0.27753225 0.206308305
vt 0.287896246 0.185126007
vt 0.278361052 0.219817102
vt 0.271735877 0.144153297
vt 0.27753225 0.206308305
vt 0.27407971 0.217934906
vt 0.193088099 0.134961545
vt 0.185571104 0.0475937724
vt 0.181353852 0.0532942414
vt 0.175351918 0.0660101771
vt 0.168623164 0.146097124
vt 0.161943451 0.0793048739
vt 0.143116295 0.076908052
vt 0.144995227 0.151391566
vt 0.17087914 0.0226966739
vt 0.179597333 0.0128077865
vt 0.158898607 0.0295613408
vt 0.17087914 0.0226966739
vt 0.143097758 0.0468472838
vt 0.145446345 0.0286824107
vt 0.137651518 0.0306430459
vt 0.121725447 0.0460096002
vt 0.123461835 0.0262722373
vt 0.110505648 0.0221568942
vt 0.101021163 0.0228253007
vt 0.101213075 0.0711075664
vt 0.119248353 0.0849866271
vt 0.117334865 0.142709434
vt 0.117334865 0.142709434
vt 0.0900317952 0.135061204
vt 0.0857955664 0.0736251473
vt 0.0849010646 0.0126308799
vt 0.0740820318 0.0661938787
vt 0.0552752838 0.026948154
vt 0.0474431366 0.1182639
vt 0.0236962512 0.0794170499
vt 0.00848128367 0.150179923
vt 0.022427842 0.167480886
vt 0.0285527483 0.195925891
vt 0.0658892319 0.148731053
vt 0.101021163 0.0228253007
vt 0.117334865 0.142709434
vt 0.119248353 0.0849866271
vt 0.0112406192 0.195532143
vt 0.0285527483 0.195925891
vt 0.022427842 0.167480886
vt 0.00848128367 0.150179923
vt 0.239635408 0.0194475055
vt 0.233874559 0.106919825
vt 0.255611062 0.0965071321
vt 0.216965675 0.0344566703
vt 0.210786402 0.122488558
vt 0.19940643 0.04366225
vt 0.214830175 0.0112270713
vt 0.196346149 0.00942891836
vt 0.179597333 0.0128077865
vt 0.232937038 0.19550091
vt 0.247517288 0.180637419
vt 0.205526248 0.163837492
vt 0.220188081 0.215743482
vt 0.267065108 0.176033795
vt 0.240782917 0.224568784
vt 0.231542125 0.217163503
vt 0.175351918 0.0660101771
vt 0.851449132 0.803515494
vt 0.792434812 0.72927767
vt 0.790645242 0.809526145
vt 0.85202992 0.720135391
vt 0.902994871 0.734946668
vt 0.905294538 0.789771736
vt 0.868004441 0.868306458
vt 0.914488435 0.835835636
vt 0.901378393 0.950721323
vt 0.941173315 0.882773578
vt 0.937375665 0.861105502
vt 0.910984397 0.791627705
vt 0.907702446 0.74056524
vt 0.907702446 0.74056524
vt 0.940419078 0.663504303
vt 0.866524577 0.650110781
vt 0.940419078 0.663504303
vt 0.903484344 0.573049724
vt 0.951952457 0.635968864
vt 0.91263783 0.561699212
vt 0.938675523 0.972205937
vt 0.972824216 0.882100165
vt 0.966609836 0.992381513
vt 0.937375665 0.861105502
vt 0.907436371 0.967010915
vt 0.859787822 0.53616327
vt 0.779764175 0.614949405
vt 0.865825415 0.994511902
vt 0.937375665 0.861105502
vt 0.976650298 0.852657855
vt 0.865825415 0.994511902
vt 0.833416939 0.950164616
vt 0.806768298 0.920484364
vt 0.783127427 0.906606734
vt 0.753219366 0.858243644
vt 0.337622046 0.893172562
vt 0.339476109 0.83883363
vt 0.324437857 0.864287078
vt 0.356749743 0.891592681
vt 0.372407287 0.816776931
vt 0.375932634 0.877116621
vt 0.376343161 0.75544554
vt 0.324235022 0.798068941
vt 0.367111593 0.727800786
vt 0.408155143 0.72224611
vt 0.409056157 0.72887224
vt 0.342587948 0.667614758
vt 0.386745363 0.62416023
vt 0.373280644 0.596858561
vt 0.357625186 0.593928158
vt 0.296540469 0.75569731
vt 0.328804195 0.651923239
vt 0.297346354 0.637513578
vt 0.315569341 0.551167905
vt 0.329704821 0.551436245
vt 0.271183521 0.722982943
vt 0.276894212 0.627396882
vt 0.284959495 0.579086483
vt 0.297359824 0.553477585
vt 0.315569341 0.551167905
vt 0.256949186 0.648384273
vt 0.244326249 0.571857274
vt 0.230747893 0.624037564
vt 0.226006761 0.597331941
vt 0.257576346 0.561839521
vt 0.246612772 0.707027614
vt 0.256497025 0.7656129
vt 0.235794708 0.738978207
vt 0.224120632 0.790985286
vt 0.240768358 0.825264752
vt 0.264649063 0.851697147
vt 0.256772012 0.892030299
vt 0.286822915 0.872257531
vt 0.28414315 0.792697728
vt 0.309965909 0.824877203
vt 0.225603744 0.867727578
vt 0.260235339 0.988108933
vt 0.206770599 0.741177738
vt 0.201555997 0.767934859
vt 0.217870578 0.684145868
vt 0.213398144 0.836132467
vt 0.199369609 0.816729605
vt 0.18440263 0.775319636
vt 0.183848903 0.717664421
vt 0.184703678 0.900891602
vt 0.179836258 0.868644893
vt 0.185037956 0.824238241
vt 0.155195102 0.916739404
vt 0.203630581 0.925215423
vt 0.226395771 0.945058405
vt 0.410494328 0.687276542
vt 0.367111593 0.727800786
vt 0.399763554 0.650598228
vt 0.386745363 0.62416023
vt 0.399763554 0.650598228
vt 0.347213924 0.565710127
vt 0.328804195 0.651923239
vt 0.354380399 0.591164172
vt 0.328804195 0.651923239
vt 0.347213924 0.565710127
vt 0.329704821 0.551436245
vt 0.284959495 0.579086483
vt 0.282360673 0.577237666
vt 0.276894212 0.627396882
vt 0.271655649 0.556535661
vt 0.276894212 0.627396882
vt 0.282360673 0.577237666
vt 0.214648768 0.617527902
vt 0.215676621 0.623843491
vt 0.214648768 0.617527902
vt 0.206635565 0.628299177
vt 0.354380399 0.591164172
vt 0.357926458 0.917442143
vt 0.337622046 0.893172562
vt 0.338557243 0.935466588
vt 0.337754428 0.953762949
vt 0.337622046 0.893172562
vt 0.385471225 0.908664286
vt 0.3959454 0.902532995
vt 0.40559414 0.86149174
vt 0.413585216 0.830061972
vt 0.417250931 0.797349274
vt 0.417234361 0.760055602
vt 0.327448577 0.989669859
vt 0.337754428 0.953762949
vt 0.34402746 0.984031379
vt 0.426868051 0.628785074
vt 0.431210488 0.59564656
vt 0.426066011 0.594481885
vt 0.440489322 0.632256091
vt 0.420417875 0.599231541
vt 0.425089628 0.630124986
vt 0.431210488 0.59564656
vt 0.430509537 0.575070322
vt 0.417278558 0.604904473
vt 0.420417875 0.599231541
vt 0.413790196 0.641726196
vt 0.430509537 0.575070322
vt 0.431210488 0.59564656
vt 0.431775361 0.577719152
vt 0.439483732 0.578024328
vt 0.43835327 0.564467728
vt 0.439483732 0.578024328
vt 0.453109056 0.559944689
vt 0.457515031 0.589618981
vt 0.453094095 0.555850327
vt 0.453094095 0.555850327
vt 0.438388199 0.550933421
vt 0.439778358 0.5437693
vt 0.438388199 0.550933421
vt 0.459907144 0.528279722
vt 0.430926651 0.532761872
vt 0.438388199 0.550933421
vt 0.428054303 0.543272078
vt 0.430926651 0.532761872
vt 0.414499789 0.52764374
vt 0.420120567 0.512340963
vt 0.403476208 0.580294073
vt 0.385826439 0.582937896
vt 0.385648042 0.586539447
vt 0.401391059 0.570038378
vt 0.385648042 0.586539447
vt 0.403677076 0.592123568
vt 0.387202352 0.619019926
vt 0.412948817 0.584082186
vt 0.403677076 0.592123568
vt 0.41165629 0.59122771
vt 0.403476208 0.580294073
vt 0.420417875 0.599231541
vt 0.41165629 0.59122771
vt 0.417278558 0.604904473
vt 0.385826439 0.582937896
vt 0.401391059 0.570038378
vt 0.400266618 0.565133631
vt 0.381376654 0.560804665
vt 0.409028083 0.560967028
vt 0.401391059 0.570038378
vt 0.779517293 0.31499368
vt 0.784855485 0.382685721
vt 0.847010136 0.326650798
vt 0.755277693 0.365336716
vt 0.762221873 0.4209041
vt 0.758822322 0.474417865
vt 0.732350349 0.413433015
vt 0.732975423 0.432663023
vt 0.78972441 0.454924643
vt 0.786019623 0.518292487
vt 0.90557754 0.282685816
vt 0.913112223 0.518293083
vt 0.849368215 0.493945658
vt 0.78972441 0.454924643
vt 0.421071529 0.684814632
vt 0.446519077 0.702299774
vt 0.416663587 0.652522385
vt 0.425346613 0.738160431
vt 0.448964149 0.753954113
vt 0.422316432 0.834296882
vt 0.468412876 0.716473758
vt 0.327235579 0.0668686032
vt 0.333043873 0.104911029
vt 0.333043993 0.0306203961
vt 0.35200578 0.015788734
vt 0.352005541 0.138471901
vt 0.364500105 0.0548015237
vn 0.0284481086 0.116068982 0.992833734
vn -0.153894678 -0.544525385 0.824505031
vn -0.76718235 0.269666374 0.58198905
vn -0.678556442 -0.522254646 0.516537607
vn 0.0284481086 0.116068982 0.992833734
vn 0.322576731 0.127810806 0.937874556
vn 0.213563025 0.84197551 0.495447248
vn -0.270706028 0.741393387 0.614047289
vn 0.213563025 0.84197551 0.495447248
vn -0.378168523 0.89374423 0.241267428
vn -0.463590801 0.884313345 0.0554391555
vn -0.801750124 0.517503738 0.298976243
vn 0.775657594 0.437170833 -0.455232888
vn 0.112842858 0.546581686 -0.829767942
vn 0.213563025 0.84197551 0.495447248
vn 0.911204815 -0.306882501 -0.274825245
vn 0.322576731 0.127810806 0.937874556
vn -0.153894678 -0.544525385 0.824505031
vn 0.457247794 -0.877725124 -0.143258691
vn -0.678556442 -0.522254646 0.516537607
vn -0.38014403 -0.91876477 -0.106592059
vn 0.808862746 -0.0452207625 -0.586255968
vn 0.31924662 0.177001491 -0.930995286
vn 0.112842858 0.546581686 -0.829767942
vn -0.38014403 -0.91876477 -0.106592059
vn -0.847366333 -0.430178821 0.311314255
vn -0.783476591 0.222446889 0.580242872
vn 0.808862746 -0.0452207625 -0.586255968
vn 0.677616239 -0.557532907 -0.479576051
vn -0.678556442 -0.522254646 0.516537607
vn -0.735612452 -0.424519569 0.527880073
vn -0.76718235 0.269666374 0.58198905
vn 0.677616239 -0.557532907 -0.479576051
vn -0.38014403 -0.91876477 -0.106592059
vn -0.847366333 -0.430178821 0.311314255
vn -0.265662551 -0.810406148 -0.522173584
vn -0.971901238 0.230107099 0.0495849289
vn -0.373486549 -0.121833168 -0.919600129
vn 0.112842858 0.546581686 -0.829767942
vn 0.112842858 0.546581686 -0.829767942
vn -0.463590801 0.884313345 0.0554391555
vn -0.801750124 0.517503738 0.298976243
vn -0.783476591 0.222446889 0.580242872
vn 0.31924662 0.177001491 -0.930995286
vn 0.112842858 0.546581686 -0.829767942
vn -0.373486549 -0.121833168 -0.919600129
vn -0.265662551 -0.810406148 -0.522173584
vn -0.783476591 0.222446889 0.580242872
vn -0.847366333 -0.430178821 0.311314255
vn 0.808862746 -0.0452207625 -0.586255968
vn 0.578512013 -0.705744743 0.408960074
vn 0.677616239 -0.557532907 -0.479576051
vn 0.81996727 0.552679241 0.148994043
vn 0.567769766 -0.743545532 0.353238732
vn 0.817593634 0.56956023 0.0845086724
vn -0.732272446 -0.671046913 0.116073169
vn -0.38014403 -0.91876477 -0.106592059
vn -0.441868782 0.875603199 -0.195118114
vn 0.31924662 0.177001491 -0.930995286
vn -0.517946541 0.790189445 -0.327615678
vn 0.87102747 0.479859024 -0.105102263
vn -0.785723627 -0.617311299 -0.0395610407
vn 0.635575354 -0.757688105 0.148164868
vn 0.822777331 0.377547204 -0.424847811
vn 0.603587925 -0.774556756 -0.189059392
vn 0.603328168 0.310780466 -0.73444581
vn 0.400087506 -0.757553756 -0.515792847
vn -0.585854053 -0.0540429205 -0.808612704
vn -0.729810297 -0.678343475 -0.08501257
vn -0.517946541 0.790189445 -0.327615678
vn -0.447518796 0.80538559 -0.388691455
vn -0.441868782 0.875603199 -0.195118114
vn -0.732272446 -0.671046913 0.116073169
vn -0.488261819 0.812510192 -0.318477035
vn -0.447518796 0.80538559 -0.388691455
vn -0.765235126 -0.643424153 -0.0205068327
vn -0.488261819 0.812510192 -0.318477035
vn -0.729810297 -0.678343475 -0.08501257
vn -0.585854053 -0.0540429205 -0.808612704
vn 0.31924662 0.177001491 -0.930995286
vn -0.38014403 -0.91876477 -0.106592059
vn -0.732272446 -0.671046913 0.116073169
vn -0.765235126 -0.643424153 -0.0205068327
vn -0.585854053 -0.0540429205 -0.808612704
vn -0.585854053 -0.0540429205 -0.808612704
vn 0.808862746 -0.0452207625 -0.586255968
vn 0.457247794 -0.877725124 -0.143258691
vn 0.911204815 -0.306882501 -0.274825245
vn 0.677616239 -0.557532907 -0.479576051
vn 0.0852352232 0.16017355 0.983401895
vn 0.104180276 0.844426155 0.525443614
vn 0.293350339 0.136772022 0.946170747
vn 0.104180276 0.844426155 0.525443614
vn -0.344492078 0.752527654 0.561272979
vn -0.0873560011 -0.600402117 0.794912696
vn 0.293350339 0.136772022 0.946170747
vn 0.0852352232 0.16017355 0.983401895
vn -0.591409862 -0.371817559 0.715532064
vn 0.104180276 0.844426155 0.525443614
vn 0.94611305 -0.173795536 -0.273249447
vn 0.293350339 0.136772022 0.946170747
vn 0.691000283 0.552659214 -0.465925306
vn -0.593232095 0.803324163 0.052402962
vn 0.0175722111 0.603887498 -0.796875894
vn 0.366312236 0.116939597 -0.923114598
vn 0.800216794 0.0693347305 -0.595689297
vn -0.644519925 0.708426774 0.287620723
vn -0.344492078 0.752527654 0.561272979
vn -0.88293153 0.386288464 0.266857833
vn 0.94611305 -0.173795536 -0.273249447
vn -0.0873560011 -0.600402117 0.794912696
vn 0.510801673 -0.835805774 -0.201271713
vn -0.761086762 -0.580761075 0.288900435
vn -0.153430983 -0.817105472 -0.555695653
vn 0.297040761 -0.510608971 -0.806873739
vn -0.318356574 -0.118114844 -0.940583825
vn -0.0873560011 -0.600402117 0.794912696
vn -0.716123402 -0.503238559 0.483650923
vn -0.924960852 -0.0415767841 0.377781361
vn -0.991967976 0.126046792 0.010571735
vn -0.153430983 -0.817105472 -0.555695653
vn -0.318356574 -0.118114844 -0.940583825
vn 0.0175722111 0.603887498 -0.796875894
vn -0.593232095 0.803324163 0.052402962
vn -0.88293153 0.386288464 0.266857833
vn 0.297040761 -0.510608971 -0.806873739
vn 0.73825413 -0.48847878 -0.465155274
vn 0.297040761 -0.510608971 -0.806873739
vn 0.366312236 0.116939597 -0.923114598
vn 0.0175722111 0.603887498 -0.796875894
vn -0.716123402 -0.503238559 0.483650923
vn -0.591409862 -0.371817559 0.715532064
vn 0.366312236 0.116939597 -0.923114598
vn 0.741841495 0.650113821 0.164387077
vn 0.800216794 0.0693347305 -0.595689297
vn -0.533468008 0.762789905 -0.365463257
vn -0.529746473 0.81487596 -0.235256955
vn 0.733274221 0.672930062 0.0973346159
vn -0.593825519 0.721434951 -0.356234521
vn 0.805419147 0.588644028 -0.0692686439
vn 0.634425402 -0.685291886 0.357602477
vn 0.721799195 -0.67165041 0.167007849
vn 0.662334085 -0.636638105 0.394975394
vn -0.653106868 -0.754420817 0.065579161
vn -0.690045297 -0.719827771 -0.0754020959
vn 0.782378912 0.484567225 -0.391251475
vn 0.704531372 -0.688687682 -0.17130281
vn 0.512526512 -0.694231749 -0.505330384
vn 0.584708154 0.393735528 -0.709287524
vn -0.576647341 0.746800184 -0.331311375
vn -0.532812953 0.745735765 -0.399985611
vn -0.675029933 -0.735859931 -0.0533374324
vn -0.633075058 -0.765241563 -0.116709955
vn -0.532812953 0.745735765 -0.399985611
vn -0.593825519 0.721434951 -0.356234521
vn -0.653106868 -0.754420817 0.065579161
vn -0.529746473 0.81487596 -0.235256955
vn -0.576647341 0.746800184 -0.331311375
vn -0.675029933 -0.735859931 -0.0533374324
vn -0.544281304 -0.1195575 -0.830339611
vn -0.544281304 -0.1195575 -0.830339611
vn -0.544281304 -0.1195575 -0.830339611
vn -0.544281304 -0.1195575 -0.830339611
vn -0.636939108 -0.757410169 -0.143660292
vn -0.533468008 0.762789905 -0.365463257
vn -0.653106868 -0.754420817 0.065579161
vn 0.297040761 -0.510608971 -0.806873739
vn 0.366312236 0.116939597 -0.923114598
vn 0.662334085 -0.636638105 0.394975394
vn 0.73825413 -0.48847878 -0.465155274
vn 0.800216794 0.0693347305 -0.595689297
vn 0.73825413 -0.48847878 -0.465155274
vn 0.297040761 -0.510608971 -0.806873739
vn 0.800216794 0.0693347305 -0.595689297
vn 0.800216794 0.0693347305 -0.595689297
vn 0.73825413 -0.48847878 -0.465155274
vn 0.94611305 -0.173795536 -0.273249447
vn -0.489673734 -0.298123509 0.819354594
vn -0.565868318 -0.540712416 0.622433066
vn -0.757327139 -0.294315279 0.582952976
vn 0.0569065288 -0.527644515 0.847557068
vn 0.515740275 -0.828099966 -0.219687134
vn -0.290800989 -0.815524101 -0.500355184
vn -0.739311099 -0.531575084 0.413336575
vn -0.957580149 0.244284436 0.152857527
vn -0.456007183 -0.0738275796 -0.88690865
vn -0.141130224 0.466800928 -0.873028696
vn -0.694038451 0.71737349 0.0607129782
vn -0.900149167 -0.0150054684 0.435323328
vn -0.828118622 0.490084618 0.272096723
vn -0.898006499 0.0275633 -0.439118117
vn 0.40816626 0.198903531 0.890975773
vn 0.874441206 -0.191233948 -0.445850074
vn 0.852864206 -0.513154328 -0.0964119136
vn 0.928243816 0.258893877 -0.267090559
vn 0.22521989 0.0920447409 -0.969950378
vn 0.188034505 -0.563293099 -0.804576814
vn 0.188034505 -0.563293099 -0.804576814
vn 0.215784043 0.823496282 0.524681985
vn -0.898006499 0.0275633 -0.439118117
vn -0.218748465 0.707446814 0.672062635
vn 0.728091478 0.450633794 -0.516538441
vn 0.246649995 0.642912328 -0.725139678
vn 0.22521989 0.0920447409 -0.969950378
vn -0.388063222 0.881928563 0.267598569
vn -0.694038451 0.71737349 0.0607129782
vn -0.141130224 0.466800928 -0.873028696
vn -0.768745899 0.213552848 0.602847397
vn -0.828118622 0.490084618 0.272096723
vn 0.22521989 0.0920447409 -0.969950378
vn 0.928243816 0.258893877 -0.267090559
vn 0.711961269 -0.672838211 0.200997427
vn 0.852864206 -0.513154328 -0.0964119136
vn 0.797960639 0.600270987 -0.0541631207
vn 0.669736564 -0.716057897 0.196759164
vn 0.761230946 0.644332826 -0.0732306093
vn -0.656977415 -0.717558444 0.231280223
vn -0.664175987 -0.742397606 0.0878408775
vn -0.552896976 0.829791903 -0.0758314356
vn -0.560484588 0.798957944 -0.217997938
vn -0.630310237 0.747010469 -0.211386442
vn 0.797355056 0.556451976 -0.233636752
vn 0.71279341 -0.701192975 0.0159390755
vn 0.704544246 0.45577842 -0.54395169
vn 0.625841975 -0.715003371 -0.311596066
vn 0.369353145 -0.71040684 -0.599083006
vn 0.44234243 0.375248522 -0.8145684
vn -0.700966537 -0.707865417 0.0870198682
vn -0.674122989 -0.738436401 0.016427258
vn -0.601476312 0.771705866 -0.206630975
vn -0.57273066 0.769407094 -0.282828987
vn -0.707396388 -0.0915305912 -0.700865448
vn -0.72648859 -0.683345437 0.0724807754
vn -0.707396388 -0.0915305912 -0.700865448
vn -0.707396388 -0.0915305912 -0.700865448
vn -0.674122989 -0.738436401 0.016427258
vn -0.630310237 0.747010469 -0.211386442
vn -0.57273066 0.769407094 -0.282828987
vn -0.601476312 0.771705866 -0.206630975
vn -0.700966537 -0.707865417 0.0870198682
vn -0.707396388 -0.0915305912 -0.700865448
vn -0.552896976 0.829791903 -0.0758314356
vn -0.656977415 -0.717558444 0.231280223
vn -0.560484588 0.798957944 -0.217997938
vn 0.22521989 0.0920447409 -0.969950378
vn 0.188034505 -0.563293099 -0.804576814
vn 0.188034505 -0.563293099 -0.804576814
vn 0.188034505 -0.563293099 -0.804576814
vn 0.22521989 0.0920447409 -0.969950378
vn 0.188034505 -0.563293099 -0.804576814
vn 0.852864206 -0.513154328 -0.0964119136
vn 0.188034505 -0.563293099 -0.804576814
vn -0.307166189 0.930733383 0.19845435
vn -0.302009016 0.749904156 0.588586628
vn -0.438839108 0.886664808 0.145759255
vn -0.302009016 0.749904156 0.588586628
vn 0.211701438 0.812606096 0.543004632
vn -0.00657193875 0.0120849954 0.999905348
vn -0.503042459 0.863680303 -0.0316965319
vn 0.645129263 0.466153979 -0.605399668
vn 0.142214119 0.523842454 -0.839859664
vn 0.84670049 0.378863126 -0.373578668
vn 0.211701438 0.812606096 0.543004632
vn 0.919076622 -0.339110762 -0.200753927
vn 0.24896501 0.125607505 0.960332811
vn -0.182433814 -0.484183282 0.855736256
vn 0.567462146 -0.817631781 -0.0972874537
vn 0.707638323 -0.53792721 -0.458129227
vn -0.659137368 -0.525653601 0.537797511
vn 0.115131371 -0.942612231 -0.313411623
vn 0.707638323 -0.53792721 -0.458129227
vn 0.215479702 -0.74248153 -0.634263158
vn -0.679631054 -0.271336228 0.681526542
vn -0.947293162 -0.263677299 0.181960821
vn -0.29039672 -0.725907743 -0.62348038
vn -0.954009235 0.296627522 -0.0433416925
vn -0.960686862 0.186737657 0.205450371
vn -0.503042459 0.863680303 -0.0316965319
vn -0.254987538 -0.125238463 -0.95879966
vn 0.215479702 -0.74248153 -0.634263158
vn 0.532870829 0.260853261 -0.804987133
vn 0.142214119 0.523842454 -0.839859664
vn 0.532870829 0.260853261 -0.804987133
vn -0.503042459 0.863680303 -0.0316965319
vn -0.83816421 0.379622132 0.391622066
vn -0.806030452 0.353610367 0.474630952
vn -0.806030452 0.353610367 0.474630952
vn -0.00657193875 0.0120849954 0.999905348
vn 0.24896501 0.125607505 0.960332811
vn -0.438839108 0.886664808 0.145759255
vn -0.83816421 0.379622132 0.391622066
vn 0.645129263 0.466153979 -0.605399668
vn 0.847602606 -0.156814441 -0.506930947
vn 0.532870829 0.260853261 -0.804987133
vn 0.142214119 0.523842454 -0.839859664
vn 0.847602606 -0.156814441 -0.506930947
vn 0.532870829 0.260853261 -0.804987133
vn 0.898900509 0.426122904 0.101966113
vn 0.847602606 -0.156814441 -0.506930947
vn 0.473235786 -0.799168944 0.370643854
vn 0.707638323 -0.53792721 -0.458129227
vn -0.347541332 0.912455857 -0.215961367
vn 0.877506077 0.46858263 0.102045752
vn -0.382600963 0.837670863 -0.389774203
vn 0.931428671 0.361623585 -0.0408515297
vn -0.306009501 0.841698647 -0.444861233
vn 0.896936476 0.255249709 -0.361043841
vn -0.351118237 0.856363058 -0.378626823
vn 0.69703126 0.206192747 -0.686754704
vn -0.519111276 -0.00726548582 -0.85467571
vn 0.430153549 -0.81670326 0.384660721
vn -0.846916437 -0.522326648 0.0995361507
vn 0.215479702 -0.74248153 -0.634263158
vn 0.707638323 -0.53792721 -0.458129227
vn -0.8529495 -0.513710022 -0.0926241279
vn 0.517872095 -0.82657218 0.220424563
vn -0.801833212 -0.582874715 -0.131607965
vn 0.511942208 -0.850904405 -0.117799625
vn -0.83766973 -0.54151237 -0.0712302849
vn 0.340029806 -0.819558561 -0.461197972
vn -0.519111276 -0.00726548582 -0.85467571
vn -0.382600963 0.837670863 -0.389774203
vn -0.306009501 0.841698647 -0.444861233
vn -0.801833212 -0.582874715 -0.131607965
vn -0.351118237 0.856363058 -0.378626823
vn -0.519111276 -0.00726548582 -0.85467571
vn -0.347541332 0.912455857 -0.215961367
vn -0.8529495 -0.513710022 -0.0926241279
vn -0.846916437 -0.522326648 0.0995361507
vn 0.532870829 0.260853261 -0.804987133
vn 0.215479702 -0.74248153 -0.634263158
vn -0.519111276 -0.00726548582 -0.85467571
vn -0.00657193875 0.0120849954 0.999905348
vn -0.679631054 -0.271336228 0.681526542
vn -0.921521783 0.156288713 0.355487674
vn -0.311586261 0.44888255 0.837507308
vn -0.105718181 0.185006797 0.97703439
vn -0.94464463 -0.225764737 0.238068774
vn -0.91179502 -0.39886263 0.0976650715
vn -0.407381892 0.557670712 0.723217249
vn -0.80645448 0.269231439 0.526446164
vn -0.0972299278 -0.315044045 0.944083512
vn 0.272737175 0.835186005 0.477576137
vn 0.388721347 0.842102408 0.373843908
vn 0.577526331 0.722575486 0.379931509
vn -0.457934737 0.417679608 0.784754515
vn -0.771737874 0.315104038 0.552385747
vn -0.607707322 -0.766977727 0.206002489
vn 0.381077677 0.906537652 0.181574568
vn 0.386055499 0.920028985 -0.0671400875
vn -0.234591037 0.733621478 -0.637782454
vn -0.436783135 0.779724658 -0.448608726
vn -0.709442794 -0.0792878568 -0.700288773
vn -0.852115571 -0.131593511 -0.506539643
vn -0.541300237 -0.778005958 -0.318905592
vn -0.719442427 -0.652489364 -0.238033965
vn -0.807396114 0.0702705383 -0.585810363
vn -0.953332722 0.186689541 -0.237284079
vn -0.876655221 -0.470622778 0.0999493748
vn -0.800762236 0.00619932683 -0.598950326
vn -0.43675071 0.575786173 -0.691172302
vn -0.711082041 0.625057817 -0.321970582
vn -0.582142532 -0.64492023 -0.495164514
vn -0.436785877 -0.84758389 0.30136314
vn -0.182723761 -0.897191703 0.402068526
vn -0.190734968 -0.976998091 0.0953674838
vn 0.000762939802 -0.981641293 0.190734968
vn -0.0979879349 -0.970282674 0.22124593
vn -0.558890402 -0.825609863 0.0775234178
vn 0.273894578 -0.826785922 0.491331756
vn -0.075530991 -0.957247317 0.27923575
vn -0.32313323 -0.912583888 0.250550628
vn -0.490867883 -0.412513018 0.767386317
vn -0.241089076 -0.968814671 0.0572205111
vn -0.210954517 -0.968750358 0.130463734
vn -0.660317779 -0.744609952 -0.0976553261
vn -0.893398941 -0.171994552 0.415037602
vn -0.79279232 -0.25747627 0.55243665
vn -0.221239209 0.603639722 0.765945315
vn -0.371034622 0.334236234 0.866383016
vn -0.970304668 0.168106034 0.173922524
vn -0.231486186 0.0900965631 0.968657196
vn -0.786556602 0.587819457 0.189200819
vn -0.308244377 -0.737230539 0.601229072
vn -0.402448624 0.636812985 0.657650709
vn -0.559246242 0.596917212 0.575268269
vn 0.0732401907 0.994273722 0.0778177008
vn -0.725868344 0.470260024 0.501966715
vn -0.0972299278 -0.315044045 0.944083512
vn -0.80645448 0.269231439 0.526446164
vn -0.0972299278 -0.315044045 0.944083512
vn 0.429743528 -0.381786853 0.818266034
vn 0.429743528 -0.381786853 0.818266034
vn -0.0972299278 -0.315044045 0.944083512
vn -0.247406334 -0.476135135 0.843851566
vn 0.550972998 -0.292895168 0.78143537
vn -0.502671421 0.520190179 0.690451801
vn -0.247406334 -0.476135135 0.843851566
vn 0.152454108 0.982833385 -0.103905179
vn -0.0335693508 0.985241354 -0.167846739
vn -0.168612763 0.962084472 -0.214389965
vn 0.207051903 0.977723181 0.0344485082
vn -0.477228254 0.654233754 -0.586712301
vn 0.472595721 0.86703366 0.157816261
vn 0.0907928199 0.870924413 -0.482956737
vn -0.28983438 0.943561792 -0.160272419
vn 0.171337277 0.447328478 -0.877804518
vn -0.070503287 0.20928964 -0.975308716
vn 0.460787833 0.637779117 -0.617181003
vn -0.37269038 -0.0912284628 -0.923460364
vn 0.127019793 -0.491975248 -0.861293375
vn 0.127019793 -0.491975248 -0.861293375
vn -0.436785817 -0.84758389 0.30136317
vn -0.244985133 0.95578593 -0.162651658
vn 0.912787557 0.119390935 0.390595257
vn 0.807904184 0.0633201525 0.585902154
vn -0.118637726 0.942378342 -0.312806845
vn 0.998886526 0.0200235005 0.0427168012
vn 0.0286094174 0.796295524 -0.60423094
vn -0.0400534086 0.682147741 -0.730116487
vn 0.988260806 -0.143700227 -0.0518732034
vn -0.00228883582 0.728422046 -0.685124934
vn 0.996811569 -0.078966707 -0.0114444485
vn 0.209813088 -0.93424052 -0.28839764
vn 0.576577425 0.0444548503 -0.815832317
vn 0.0183111727 -0.999389529 0.0297556575
vn -0.0591259599 -0.920266986 0.386798233
vn 0.998886526 0.0200235005 0.0427168012
vn -0.521093667 -0.352195948 -0.777444184
vn -0.787808537 -0.357852042 -0.50129807
vn -0.0400534086 0.682147741 -0.730116487
vn -0.955926061 -0.20617637 -0.209037289
vn 0.0118251313 -0.838535309 0.544718921
vn -0.992368519 -0.0396794826 -0.116749242
vn -0.0568413287 -0.893057346 0.446337938
vn 0.807904184 0.0633201525 0.585902154
vn 0.912787557 0.119390935 0.390595257
vn -0.972594023 -0.167057335 -0.161717609
vn -0.244985133 0.95578593 -0.162651658
vn -0.118637726 0.942378342 -0.312806845
vn 0.0286094174 0.796295524 -0.60423094
vn -0.00228883582 0.728422046 -0.685124934
vn 0.576577425 0.0444548503 -0.815832317
vn -0.236120299 -0.944385827 0.228872672
vn -0.875244439 -0.443302333 -0.193468839
vn -0.875244439 -0.443302333 -0.193468839
vn -0.236120299 -0.944385827 0.228872672
vn 0.576577425 0.0444548503 -0.815832317
vn 0.996811569 -0.078966707 -0.0114444485
vn 0.576577425 0.0444548503 -0.815832317
vn -0.246046498 -0.939959645 0.236509845
vn -0.098746784 -0.891194701 0.442742705
vn -0.0979879349 -0.970282674 0.22124593
vn 0.339120001 -0.788765728 0.512685359
vn 0.443264127 -0.847427964 0.292203397
vn 0.531351209 -0.605971158 0.592000782
vn 0.775903225 -0.574363291 0.260923207
vn 0.724789143 -0.67665267 -0.129699111
vn 0.835468113 -0.54663074 0.0564608537
vn 0.918230355 -0.1221193 0.376749068
vn 0.935936213 -0.163378835 0.311978757
vn 0.977216482 0.211167634 -0.0213599242
vn 0.930942953 0.298311919 0.210606769
vn 0.881068766 0.15008682 0.448544085
vn 0.808046997 -0.331774235 0.486812055
vn 0.849346519 0.346310943 0.398345828
vn 0.93147558 0.280930281 0.231152415
vn 0.906406105 -0.203712493 0.370039523
vn 0.947460651 0.214551777 0.237246588
vn 0.827052712 -0.482502997 0.288400292
vn 0.826251149 -0.455158144 0.331873715
vn 0.699634552 -0.696654201 0.158695728
vn 0.675204813 -0.692776382 0.25329718
vn 0.313565552 -0.949374974 -0.0190733299
vn 0.861288607 -0.422502995 0.28226465
vn 0.927617073 0.37322095 0.0152568603
vn 0.912561178 0.391233891 0.119029716
vn 0.514992118 0.828755915 -0.21896705
vn 0.460052639 0.799942195 -0.385284513
vn 0.0205999408 0.837349355 -0.546279848
vn 0.054930713 0.936206341 -0.34713164
vn 0.00627416186 0.908351898 -0.418159544
vn 0.672149479 0.502300143 0.54397577
vn 0.425718367 0.894256532 0.13809146
vn 0.709529161 0.679011703 0.188444838
vn 0.966466248 0.196325362 0.165527359
vn 0.915339947 0.327043325 -0.234937251
vn 0.746199548 0.653115273 0.128944501
vn 0.181585163 0.983268321 -0.0144962939
vn 0.180048212 0.9824453 0.0488266386
vn -0.00267024222 0.999147415 -0.0411980227
vn 0.0284834765 0.978342414 -0.205024227
vn 0.6122576 0.718687415 0.329589128
vn 0.207051903 0.977723181 0.0344485082
vn 0.457000315 0.775908768 0.434875101
vn -0.538639307 0.841528594 -0.0411990434
vn 0.731606483 0.58808881 0.344823927
vn 0.814452291 0.127222419 0.566111088
vn 0.55957216 0.543647051 0.625561237
vn -0.665021062 0.666478634 0.336976707
vn 0.533159316 0.306147128 0.788679242
vn -0.636640012 0.504944444 0.582855582
vn 0.727393866 0.505733311 0.463823229
vn 0.927189291 0.240950972 0.2868146
vn 0.910280883 -0.0189800803 0.41355589
vn 0.769306839 -0.0384748802 0.637719929
vn 0.787297606 -0.205502212 0.581318557
vn 0.939461648 0.152858004 0.306669593
vn 0.820843995 0.418146014 0.389061749
vn 0.861364007 0.355198264 0.363161445
vn 0.84027791 -0.10203103 0.532468498
vn 0.850305855 -0.125218883 0.511175334
vn 0.847511768 -0.375315756 0.375315756
vn 0.8369205 0.0670890585 0.543197215
vn 0.877805054 -0.200806022 0.434896916
vn 0.794166327 -0.509585321 0.331093371
vn 0.86515063 -0.0843264386 0.494371802
vn 0.735386729 -0.27820161 0.617907941
vn 0.577920794 -0.618403852 0.532526314
vn 0.697358966 -0.545050085 0.465414643
vn 0.360537052 -0.56159848 0.744728327
vn 0.173564479 -0.776486516 0.605759084
vn -0.845625281 -0.307430744 0.436353296
vn 0.423000425 -0.301802576 0.854392111
vn -0.750790298 -0.117120221 0.650074422
vn -0.806665003 -0.576835871 0.128654167
vn 0.50545454 -0.716577232 0.48065868
vn 0.438689768 -0.816487491 0.375365883
vn -0.636640012 0.504944444 0.582855582
vn -0.750790298 -0.117120221 0.650074422
vn 0.376131505 -0.882273495 0.283052295
vn 0.42340675 -0.526898146 0.736956596
vn 0.00915505737 -0.918223679 0.395956248
vn 0.092317231 -0.993411601 -0.0679027513
vn -0.268171102 -0.958864272 -0.0930778757
vn -0.140763164 -0.978332579 0.151825845
vn -0.369755208 -0.927646697 0.0524662584
vn -0.255585521 -0.901725709 -0.348664433
vn -0.283050328 -0.851320624 -0.441741616
vn -0.343767405 -0.914233208 -0.214479655
vn 0.715772986 -0.645115256 0.267386317
vn 0.726807058 -0.67988652 -0.0974979922
vn 0.770486474 -0.409857333 -0.488229096
vn 0.797380209 0.0416097008 -0.602041125
vn 0.88152653 0.445574462 -0.156122953
vn 0.866398573 0.496479392 0.0534950383
vn 0.851178348 0.511849582 0.116212763
vn 0.521950185 0.784864426 -0.333999693
vn 0.275358498 0.887359798 -0.369824588
vn 0.170475841 -0.170834258 -0.970439911
vn 0.0902126953 -0.12860316 -0.987584412
vn 0.105300009 -0.132610857 -0.985558867
vn 0.86515063 -0.0843264386 0.494371802
vn 0.794166327 -0.509585261 0.331093311
vn 0.438689768 -0.816487491 0.375365883
vn 0.735386729 -0.27820161 0.617907941
vn 0.84027791 -0.10203103 0.532468498
vn 0.861364007 0.355198264 0.363161445
vn 0.697358966 -0.545050085 0.465414643
vn 0.939461648 0.152858004 0.306669593
vn 0.927189291 0.240951002 0.2868146
vn 0.850305855 -0.125218883 0.511175334
vn 0.699596643 0.675850809 0.23192738
vn 0.814452291 0.127222419 0.566111088
vn 0.699596643 0.675850809 0.23192738
vn 0.769306839 -0.0384748802 0.637719929
vn 0.849346519 0.346310943 0.398345828
vn 0.692787111 -0.524978876 0.494411975
vn 0.808046997 -0.331774235 0.486812055
vn 0.692787111 -0.524978876 0.494411975
vn 0.382673979 0.913416326 0.138677254
vn 0.0514969341 0.992269635 0.112911791
vn -0.80149895 0.57202822 -0.1743076
vn 0.559238136 0.81120038 0.170899495
vn -0.28983438 0.943561792 -0.160272419
vn 0.609186769 0.556927145 0.564556301
vn 0.776340961 0.459128439 0.431851566
vn 0.1899793 0.874076486 0.447099864
vn 0.477246106 0.69784373 0.534088373
vn -0.457934737 0.417679608 0.784754515
vn -0.852148175 0.522006869 0.0367727093
vn -0.795526266 0.565750957 -0.216942087
vn 0.26779148 0.874518514 0.404357553
vn -0.920476377 0.228021026 0.317379355
vn -0.166287735 0.167241201 0.971791565
vn -0.430088013 0.167879477 0.887040377
vn -0.166287735 0.167241201 0.971791565
vn 0.477246106 0.69784373 0.534088373
vn -0.80149895 0.57202822 -0.1743076
vn -0.555386186 0.147228763 0.818455696
vn 0.477246106 0.69784373 0.534088373
vn -0.457934737 0.417679608 0.784754515
vn -0.555386186 0.147228763 0.818455696
vn 0.477246106 0.69784373 0.534088373
vn -0.0316622593 -0.808627427 0.587468505
vn -0.166287735 0.167241201 0.971791565
vn -0.430088013 0.167879477 0.887040377
vn -0.105666049 -0.752536774 0.650017798
vn -0.950799227 -0.284369171 -0.122943059
vn -0.920476377 0.228021026 0.317379355
vn -0.247406334 -0.476135135 0.843851566
vn 0.434347451 -0.706563354 0.558668494
vn -0.526441634 -0.692239821 0.493622571
vn -0.558890402 -0.825609863 0.0775234178
vn 0.302881837 -0.832913935 0.46315971
vn 0.186892733 -0.611406267 0.768930137
vn -0.920476377 0.228021026 0.317379355
vn -0.166287735 0.167241201 0.971791565
vn 0.186892733 -0.611406267 0.768930137
vn 0.0499736778 0.998186171 0.0335701071
vn -0.590959251 0.254526079 0.765495598
vn -0.32313323 -0.912583888 0.250550628
vn 0.186892733 -0.611406267 0.768930137
vn -0.590959251 0.254526079 0.765495598
vn 0.943171322 0.0419219062 0.329652101
vn 0.653832078 -0.655214906 -0.378413886
vn 0.659936547 -0.706237078 -0.256345332
vn 0.721799493 0.389273852 -0.572251141
vn 0.90679419 -0.0222837627 0.420984328
vn 0.899410963 -0.247810051 -0.360069573
vn 0.741488695 -0.287045568 -0.606464505
vn 0.925952852 -0.092600055 0.366109848
vn 0.180897146 -0.373663068 -0.909753919
vn 0.0160210188 -0.400287092 -0.916249752
vn 0.238564298 -0.209569618 -0.948244512
vn 0.180897146 -0.373663068 -0.909753919
vn 0.3981601 -0.230627269 -0.887851179
vn 0.672747612 -0.145966485 -0.725330591
vn 0.694210529 -0.158744395 -0.702048481
vn 0.383052349 -0.317107916 -0.867590606
vn 0.671378434 -0.440699369 -0.595848382
vn 0.380755335 -0.42830205 -0.81950146
vn 0.288362205 -0.403959781 -0.868138075
vn 0.740011811 -0.478933513 -0.472234339
vn 0.90630728 -0.338315606 -0.253277779
vn 0.868999898 -0.145198897 0.473028928
vn 0.868999898 -0.145198897 0.473028928
vn 0.842107952 -0.193412125 0.503434002
vn 0.924185395 -0.324008644 -0.202237114
vn 0.239694223 -0.310363203 -0.91990298
vn 0.432594627 -0.875727594 -0.21438995
vn 0.327254593 -0.941141427 -0.0846009701
vn 0.269311368 -0.860051274 0.433339596
vn -0.238994285 -0.950263083 0.199704394
vn -0.65615505 -0.586724758 0.47456798
vn -0.254834116 -0.614100575 0.746953785
vn 0.011697365 -0.348896414 0.937088251
vn 0.760510862 -0.318230331 0.565997064
vn 0.288362205 -0.403959781 -0.868138075
vn 0.868999898 -0.145198897 0.473028928
vn 0.90630728 -0.338315606 -0.253277779
vn -0.0849707872 -0.366951406 0.926351249
vn 0.011697365 -0.348896414 0.937088251
vn -0.254834116 -0.614100575 0.746953785
vn -0.65615505 -0.586724699 0.47456795
vn -0.0419595055 0.882103264 -0.469183564
vn 0.36926806 0.927366316 -0.0602730885
vn -0.106811628 0.968647897 -0.224304423
vn 0.43338263 0.580927312 -0.688986838
vn 0.931523621 0.254910171 0.259392321
vn 0.873549104 0.0383846611 -0.485220313
vn 0.0434830375 -0.237726361 -0.970358312
vn -0.898006499 0.0275633 -0.439118117
vn 0.0160210188 -0.400287092 -0.916249752
vn 0.444066912 0.485459775 0.753082573
vn -0.00839245133 0.866139174 0.499732375
vn 0.935515463 -0.094810605 0.34032616
vn 0.686524212 0.133490816 0.714748025
vn -0.24157387 0.949195445 0.20166786
vn -0.357917517 0.197035864 0.912727773
vn -0.385386556 0.19088082 0.902796566
vn 0.721799493 0.389273852 -0.572251141
vn -0.388324231 -0.757957041 0.524123311
vn -0.948136449 -0.293509334 0.122022435
vn -0.405822128 -0.725945234 0.555258334
vn -0.957063377 -0.285993725 0.0473000631
vn -0.720586538 -0.510494947 -0.469201356
vn -0.312043101 -0.950052917 0.00534059107
vn 0.398276299 -0.736277044 0.547057748
vn 0.315095872 -0.94175899 -0.117493376
vn 0.996439755 -0.074389644 -0.0396744795
vn 0.740816295 -0.351811469 -0.572206199
vn -0.0188501906 -0.669591963 -0.742489934
vn -0.123039804 -0.719611287 -0.683389246
vn -0.0881143659 -0.699956119 -0.708729386
vn -0.0881143659 -0.699956119 -0.708729386
vn -0.379082412 0.107451171 -0.919103205
vn -0.738583565 0.272796154 -0.616503596
vn -0.379082412 0.107451171 -0.919103205
vn 0.275426418 0.616300106 -0.737776697
vn 0.260473907 0.107116565 -0.9595204
vn 0.190333769 0.364313722 -0.91161865
vn 0.436847776 -0.375898927 -0.817229569
vn 0.260473907 0.107116565 -0.9595204
vn 0.190333769 0.364313722 -0.91161865
vn -0.0188501906 -0.669591963 -0.742489934
vn 0.908254027 -0.361575514 -0.210565403
vn -0.499798447 0.321518719 -0.804255784
vn -0.839649677 0.27741155 -0.466938317
vn 0.724717736 -0.608617604 0.323061556
vn -0.0188501906 -0.669591963 -0.742489934
vn -0.379082412 0.107451171 -0.919103205
vn 0.724717736 -0.608617604 0.323061556
vn 0.600830257 -0.621454 0.502790034
vn 0.482930332 -0.639544129 0.598131716
vn -0.098746784 -0.891194701 0.442742705
vn 0.0868623331 -0.759860694 0.644256711
vn 0.436847776 -0.375898927 -0.817229569
vn -0.777524889 -0.2918818 -0.557009935
vn 0.190333769 0.364313722 -0.91161865
vn -0.483705103 -0.871899426 -0.0762941837
vn -0.877059996 -0.232426614 -0.420408934
vn -0.535581589 -0.844284892 0.0183104835
vn -0.51505971 0.238405854 -0.823332369
vn -0.82205224 0.16073589 -0.546254694
vn -0.778974295 -0.280599564 -0.560769975
vn -0.0328954197 -0.837528646 -0.545402348
vn 0.340211421 0.384478003 -0.858156621
vn -0.601939678 0.316454649 -0.733161032
vn -0.801750124 0.517503738 0.298976243
vn -0.378168523 0.89374423 0.241267428
vn 0.208745986 0.536781013 -0.817490757
vn -0.860269487 0.0930130705 -0.501283467
vn -0.744814932 -0.16268979 -0.647134244
vn -0.578307688 0.415801704 -0.70190388
vn -0.88293153 0.386288464 0.266857833
vn -0.924960852 -0.0415767841 0.377781361
vn -0.863546193 0.194288373 -0.465338498
vn -0.617247045 0.0377195925 -0.785864651
vn 0.118267916 0.496534526 -0.859922171
vn -0.644519925 0.708426774 0.287620723
vn -0.88293153 0.386288464 0.266857833
vn -0.588939428 0.43836695 -0.678958654
vn -0.828118622 0.490084618 0.272096723
vn -0.0700047016 0.961163342 -0.266953826
vn -0.0442505777 0.98223877 -0.182342887
vn -0.900149167 -0.0150054684 0.435323328
vn -0.492860883 0.769236803 -0.406648368
vn -0.782803893 0.308906168 -0.540180445
vn -0.370796025 0.853460252 -0.366218328
vn -0.294115663 0.864226997 -0.408176064
vn -0.620320439 0.461711466 -0.634054482
vn -0.642046392 0.221454516 -0.733985245
vn -0.698045909 0.360466331 -0.618705153
vn -0.499798447 0.321518719 -0.804255784
vn -0.732293665 0.138806835 -0.666692317
vn -0.708283961 0.201271325 -0.676626623
vn -0.61725831 0.688502431 -0.380731642
vn -0.839649677 0.27741155 -0.466938317
vn 0.364701897 0.917763174 -0.157172784
vn 0.407399535 0.912452936 0.0381460264
vn 0.0883428827 0.983270049 -0.159297496
vn -0.328052878 0.922267318 -0.204460874
vn 0.174715981 0.983444989 -0.0480659716
vn 0.539390564 0.822811544 0.178994626
vn 0.275358498 0.887359798 -0.369824588
vn -0.328929096 0.935540915 -0.128719553
vn -0.28267926 0.951896608 -0.118259877
vn 0.394039303 0.914052963 -0.0961257592
vn 0.152454108 0.982833385 -0.103905179
vn -0.312790602 0.864751577 -0.39289549
vn -0.460835546 0.602557778 -0.651578784
vn -0.735612452 -0.424519569 0.527880073
vn -0.778974295 -0.280599564 -0.560769975
vn -0.902324259 -0.360419601 -0.236450151
vn -0.801750124 0.517503738 0.298976243
vn -0.902324259 -0.360419601 -0.236450151
vn -0.716123402 -0.503238559 0.483650923
vn -0.744814932 -0.16268979 -0.647134244
vn -0.0942571461 -0.803804696 -0.587378502
vn -0.744814932 -0.16268979 -0.647134244
vn -0.716123402 -0.503238559 0.483650923
vn -0.924960852 -0.0415767841 0.377781361
vn 0.118267916 0.496534526 -0.859922171
vn -0.181578174 -0.827687502 -0.531001747
vn -0.617247045 0.0377195925 -0.785864651
vn -0.757327139 -0.294315279 0.582952976
vn -0.617247045 0.0377195925 -0.785864651
vn -0.181578174 -0.827687502 -0.531001747
vn -0.218748465 0.707446814 0.672062635
vn 0.692477405 0.686899304 0.220555097
vn -0.218748465 0.707446814 0.672062635
vn -0.898006499 0.0275633 -0.439118117
vn -0.0942571461 -0.803804696 -0.587378502
vn -0.286866635 -0.955395639 0.0701907799
vn 0.436847776 -0.375898927 -0.817229569
vn 0.908254027 -0.361575514 -0.210565403
vn 0.415161967 -0.862272799 0.290045232
vn 0.436847776 -0.375898927 -0.817229569
vn -0.329586357 -0.940455914 0.0831595138
vn -0.679631054 -0.271336228 0.681526542
vn -0.676716745 -0.736034393 -0.0175473355
vn -0.960686862 0.186737657 0.205450371
vn -0.585942686 0.599937975 -0.544743598
vn -0.438839108 0.886664808 0.145759255
vn 0.724717736 -0.608617604 0.323061556
vn 0.415161967 -0.862272799 0.290045232
vn -0.0849707872 -0.366951406 0.926351249
vn 0.576127648 0.444370627 -0.686011553
vn -0.270706028 0.741393387 0.614047289
vn 0.877292275 0.411877394 -0.246404678
vn -0.378168523 0.89374423 0.241267428
vn 0.726324618 -0.668781817 -0.158692777
vn 0.186157867 -0.89302367 -0.409699887
vn -0.270706028 0.741393387 0.614047289
vn 0.832372367 -0.234074384 0.502359748
vn -0.591409862 -0.371817559 0.715532064
vn 0.726324618 -0.668781817 -0.158692777
vn -0.716123402 -0.503238559 0.483650923
vn 0.832372367 -0.234074384 0.502359748
vn -0.270706028 0.741393387 0.614047289
vn 0.0284481086 0.116068982 0.992833734
vn 0.238799229 -0.859639108 0.451658636
vn 0.418364942 -0.90769428 -0.0325869396
vn 0.238799229 -0.859639108 0.451658636
vn 0.165558249 -0.898458719 -0.406647682
vn -0.735612452 -0.424519569 0.527880073
vn 0.587939858 0.398541659 -0.703911364
vn 0.587939858 0.398541659 -0.703911364
vn 0.95958364 0.112841338 -0.257810384
vn -0.302009016 0.749904156 0.588586628
vn 0.95958364 0.112841338 -0.257810384
vn -0.438839108 0.886664808 0.145759255
vn -0.00657193875 0.0120849954 0.999905348
vn 0.95958364 0.112841338 -0.257810384
vn 0.831592083 -0.360293001 0.422662377
vn -0.00657193875 0.0120849954 0.999905348
vn 0.327254593 -0.941141427 -0.0846009701
vn -0.679631054 -0.271336228 0.681526542
vn 0.859145284 0.341063887 -0.381503224
vn 0.281385243 -0.782197177 -0.555868685
vn 0.466939151 0.569843531 -0.676199794
vn 0.537696779 -0.834545553 -0.120065793
vn 0.466939151 0.569843531 -0.676199794
vn -0.344492078 0.752527654 0.561272979
vn 0.299833536 0.92555964 -0.231169373
vn 0.934903324 -0.033103209 0.353355289
vn -0.344492078 0.752527654 0.561272979
vn 0.0852352232 0.16017355 0.983401895
vn 0.859145284 0.341063887 -0.381503224
vn 0.726324618 -0.668781817 -0.158692777
vn 0.0852352232 0.16017355 0.983401895
vn -0.591409862 -0.371817559 0.715532064
vn 0.281385243 -0.782197177 -0.555868685
vn 0.537696779 -0.834545553 -0.120065793
vn -0.489673734 -0.298123509 0.819354594
vn -0.0961312503 -0.962600052 0.253298223
vn -0.898006499 0.0275633 -0.439118117
vn 0.537696779 -0.834545553 -0.120065793
vn -0.94669342 0.143521413 -0.288397431
vn -0.962752163 0.169746652 -0.210461944
vn -0.28983438 0.943561792 -0.160272419
vn -0.665021062 0.666478634 0.336976707
vn -0.430088013 0.167879477 0.887040377
vn -0.982900679 0.150845245 -0.105602711
vn -0.960649908 0.149760023 -0.233931169
vn -0.960594416 0.149855226 -0.234097511
vn -0.526441634 -0.692239821 0.493622571
vn -0.806665003 -0.576835871 0.128654167
vn 0.207051903 0.977723181 0.0344485082
vn -0.0979879349 -0.970282674 0.22124593
vn -0.558890402 -0.825609863 0.0775234178
vn -0.526441634 -0.692239821 0.493622571
vn -0.852148175 0.522006869 0.0367727093
vn -0.502671421 0.520190179 0.690451801
vn -0.457934737 0.417679608 0.784754515
vn -0.795526266 0.565750957 -0.216942087
vn -0.950799227 -0.284369171 -0.122943059
vn -0.86904788 0.105734311 -0.48329711
vn -0.247406334 -0.476135135 0.843851566
vn 0.429743528 -0.381786853 0.818266034
vn -0.590959251 0.254526079 0.765495598
vn -0.32313323 -0.912583888 0.250550628
vn -0.80149895 0.57202822 -0.1743076
vn -0.555386186 0.147228763 0.818455696
vn -0.457934737 0.417679608 0.784754515
g blue_asn_m_pve_1_hand_l_0
f 3/3/3 2/2/2 1/1/1
f 4/4/4 2/2/2 3/3/3
f 6/6/6 5/5/5 2/2/2
f 6/6/6 7/7/7 5/5/5
f 8/8/8 5/5/5 7/7/7
f 10/10/10 8/8/8 9/9/9
f 10/10/10 9/9/9 11/11/11
f 11/11/11 12/12/12 10/10/10
f 14/14/14 11/11/11 13/13/13
f 15/15/15 13/13/13 11/11/11
f 13/13/13 15/15/15 16/16/16
f 17/17/17 16/16/16 15/15/15
f 17/17/17 18/18/18 16/16/16
f 19/19/19 16/16/16 18/18/18
f 18/18/18 20/20/20 19/19/19
f 21/21/21 19/19/19 20/20/20
f 22/22/22 13/13/13 16/16/16
f 22/22/22 23/23/23 13/13/13
f 24/24/24 13/13/13 23/23/23
f 20/20/20 26/26/26 25/25/25
f 27/27/27 26/26/26 20/20/20
f 16/16/16 29/29/29 28/28/28
f 31/31/31 27/27/27 30/30/30
f 32/32/32 31/31/31 30/30/30
f 34/34/34 33/33/33 19/19/19
f 36/36/36 34/34/34 35/35/35
f 35/35/35 37/37/37 36/36/36
f 38/38/38 36/36/36 37/37/37
f 38/38/38 37/37/37 39/39/39
f 41/41/41 40/40/40 37/37/37
f 42/42/42 41/41/41 37/37/37
f 43/43/43 42/42/42 37/37/37
f 45/45/45 44/44/44 34/34/34
f 46/46/46 45/45/45 34/34/34
f 47/47/47 46/46/46 34/34/34
f 37/37/37 49/49/49 48/48/48
f 52/52/52 51/51/51 50/50/50
f 53/53/53 50/50/50 51/51/51
f 51/51/51 54/54/54 53/53/53
f 55/55/55 53/53/53 54/54/54
f 54/54/54 51/51/51 56/56/56
f 57/57/57 56/56/56 51/51/51
f 57/57/57 51/51/51 52/52/52
f 55/55/55 58/58/58 53/53/53
f 59/59/59 53/53/53 58/58/58
f 58/58/58 55/55/55 60/60/60
f 61/61/61 60/60/60 55/55/55
f 55/55/55 54/54/54 61/61/61
f 56/56/56 62/62/62 54/54/54
f 63/63/63 54/54/54 62/62/62
f 63/63/63 61/61/61 54/54/54
f 61/61/61 63/63/63 64/64/64
f 65/65/65 64/64/64 63/63/63
f 64/64/64 65/65/65 66/66/66
f 67/67/67 66/66/66 65/65/65
f 67/67/67 68/68/68 66/66/66
f 62/62/62 69/69/69 63/63/63
f 65/65/65 63/63/63 69/69/69
f 62/62/62 70/70/70 69/69/69
f 71/71/71 69/69/69 70/70/70
f 70/70/70 62/62/62 72/72/72
f 73/73/73 72/72/72 62/62/62
f 66/66/66 74/74/74 64/64/64
f 75/75/75 64/64/64 74/74/74
f 64/64/64 75/75/75 61/61/61
f 60/60/60 61/61/61 75/75/75
f 69/69/69 76/76/76 65/65/65
f 67/67/67 65/65/65 76/76/76
f 77/77/77 76/76/76 71/71/71
f 78/78/78 71/71/71 76/76/76
f 79/79/79 74/74/74 66/66/66
f 81/81/81 80/80/80 73/73/73
f 72/72/72 82/82/82 80/80/80
f 84/84/84 67/67/67 83/83/83
f 77/77/77 85/85/85 83/83/83
f 86/86/86 53/53/53 59/59/59
f 89/89/89 88/88/88 87/87/87
f 92/92/92 91/91/91 90/90/90
f 94/94/94 90/90/90 93/93/93
f 96/96/96 90/90/90 95/95/95
f 98/98/98 95/95/95 97/97/97
f 101/101/101 100/100/100 99/99/99
f 102/102/102 99/99/99 100/100/100
f 99/99/99 102/102/102 103/103/103
f 104/104/104 103/103/103 102/102/102
f 104/104/104 102/102/102 105/105/105
f 106/106/106 105/105/105 102/102/102
f 106/106/106 102/102/102 100/100/100
f 103/103/103 107/107/107 99/99/99
f 108/108/108 99/99/99 107/107/107
f 103/103/103 109/109/109 107/107/107
f 101/101/101 111/111/111 110/110/110
f 112/112/112 110/110/110 111/111/111
f 111/111/111 113/113/113 112/112/112
f 114/114/114 112/112/112 113/113/113
f 114/114/114 115/115/115 112/112/112
f 115/115/115 114/114/114 116/116/116
f 118/118/118 113/113/113 117/117/117
f 113/113/113 118/118/118 119/119/119
f 119/119/119 120/120/120 113/113/113
f 113/113/113 120/120/120 121/121/121
f 122/122/122 121/121/121 120/120/120
f 122/122/122 120/120/120 123/123/123
f 124/124/124 123/123/123 120/120/120
f 125/125/125 124/124/124 120/120/120
f 120/120/120 119/119/119 125/125/125
f 127/127/127 112/112/112 126/126/126
f 100/100/100 112/112/112 127/127/127
f 116/116/116 129/129/129 128/128/128
f 116/116/116 130/130/130 129/129/129
f 117/117/117 132/132/132 131/131/131
f 135/135/135 134/134/134 133/133/133
f 136/136/136 133/133/133 134/134/134
f 136/136/136 134/134/134 137/137/137
f 138/138/138 137/137/137 134/134/134
f 137/137/137 138/138/138 139/139/139
f 140/140/140 139/139/139 138/138/138
f 138/138/138 141/141/141 140/140/140
f 138/138/138 134/134/134 141/141/141
f 142/142/142 140/140/140 141/141/141
f 143/143/143 141/141/141 134/134/134
f 141/141/141 143/143/143 144/144/144
f 144/144/144 145/145/145 141/141/141
f 142/142/142 141/141/141 145/145/145
f 140/140/140 142/142/142 146/146/146
f 147/147/147 146/146/146 142/142/142
f 147/147/147 148/148/148 146/146/146
f 149/149/149 146/146/146 148/148/148
f 149/149/149 150/150/150 146/146/146
f 151/151/151 146/146/146 150/150/150
f 146/146/146 151/151/151 140/140/140
f 139/139/139 140/140/140 151/151/151
f 148/148/148 147/147/147 152/152/152
f 153/153/153 152/152/152 147/147/147
f 147/147/147 142/142/142 153/153/153
f 145/145/145 153/153/153 142/142/142
f 153/153/153 145/145/145 154/154/154
f 155/155/155 154/154/154 145/145/145
f 145/145/145 156/156/156 155/155/155
f 157/157/157 155/155/155 156/156/156
f 154/154/154 158/158/158 153/153/153
f 159/159/159 153/153/153 158/158/158
f 160/160/160 148/148/148 152/152/152
f 148/148/148 161/161/161 149/149/149
f 162/162/162 150/150/150 149/149/149
f 158/158/158 163/163/163 159/159/159
f 165/165/165 157/157/157 164/164/164
f 166/166/166 164/164/164 157/157/157
f 164/164/164 167/167/167 165/165/165
f 168/168/168 165/165/165 167/167/167
f 164/164/164 144/144/144 169/169/169
f 143/143/143 170/170/170 164/164/164
f 170/170/170 143/143/143 171/171/171
f 173/173/173 164/164/164 172/172/172
f 134/134/134 174/174/174 143/143/143
f 177/177/177 176/176/176 175/175/175
f 180/180/180 179/179/179 178/178/178
f 181/181/181 178/178/178 179/179/179
f 181/181/181 179/179/179 182/182/182
f 183/183/183 182/182/182 179/179/179
f 184/184/184 183/183/183 179/179/179
f 180/180/180 184/184/184 179/179/179
f 184/184/184 185/185/185 183/183/183
f 186/186/186 183/183/183 185/185/185
f 186/186/186 185/185/185 187/187/187
f 188/188/188 187/187/187 185/185/185
f 184/184/184 180/180/180 189/189/189
f 189/189/189 185/185/185 184/184/184
f 189/189/189 190/190/190 185/185/185
f 190/190/190 188/188/188 185/185/185
f 178/178/178 181/181/181 191/191/191
f 192/192/192 191/191/191 181/181/181
f 192/192/192 181/181/181 193/193/193
f 194/194/194 193/193/193 181/181/181
f 181/181/181 182/182/182 194/194/194
f 195/195/195 193/193/193 194/194/194
f 187/187/187 196/196/196 186/186/186
f 197/197/197 186/186/186 196/196/196
f 183/183/183 198/198/198 182/182/182
f 192/192/192 193/193/193 199/199/199
f 193/193/193 195/195/195 199/199/199
f 192/192/192 199/199/199 200/200/200
f 201/201/201 200/200/200 199/199/199
f 195/195/195 202/202/202 199/199/199
f 202/202/202 195/195/195 203/203/203
f 204/204/204 203/203/203 195/195/195
f 199/199/199 202/202/202 205/205/205
f 203/203/203 205/205/205 202/202/202
f 199/199/199 205/205/205 201/201/201
f 205/205/205 203/203/203 206/206/206
f 207/207/207 206/206/206 203/203/203
f 205/205/205 206/206/206 208/208/208
f 208/208/208 201/201/201 205/205/205
f 209/209/209 208/208/208 206/206/206
f 210/210/210 207/207/207 203/203/203
f 213/213/213 212/212/212 211/211/211
f 214/214/214 211/211/211 212/212/212
f 212/212/212 215/215/215 214/214/214
f 216/216/216 214/214/214 215/215/215
f 215/215/215 212/212/212 217/217/217
f 218/218/218 217/217/217 212/212/212
f 216/216/216 219/219/219 214/214/214
f 220/220/220 214/214/214 219/219/219
f 219/219/219 216/216/216 221/221/221
f 222/222/222 221/221/221 216/216/216
f 216/216/216 215/215/215 222/222/222
f 223/223/223 222/222/222 215/215/215
f 222/222/222 223/223/223 224/224/224
f 225/225/225 224/224/224 223/223/223
f 225/225/225 226/226/226 224/224/224
f 227/227/227 224/224/224 226/226/226
f 226/226/226 225/225/225 228/228/228
f 229/229/229 228/228/228 225/225/225
f 225/225/225 223/223/223 229/229/229
f 227/227/227 230/230/230 224/224/224
f 231/231/231 224/224/224 230/230/230
f 224/224/224 231/231/231 222/222/222
f 221/221/221 222/222/222 231/231/231
f 232/232/232 230/230/230 227/227/227
f 233/233/233 229/229/229 223/223/223
f 223/223/223 215/215/215 233/233/233
f 217/217/217 233/233/233 215/215/215
f 234/234/234 226/226/226 228/228/228
f 226/226/226 235/235/235 227/227/227
f 233/233/233 237/237/237 236/236/236
f 238/238/238 236/236/236 237/237/237
f 238/238/238 239/239/239 236/236/236
f 240/240/240 236/236/236 239/239/239
f 239/239/239 241/241/241 240/240/240
f 237/237/237 233/233/233 242/242/242
f 243/243/243 242/242/242 233/233/233
f 243/243/243 218/218/218 242/242/242
f 244/244/244 242/242/242 218/218/218
f 244/244/244 218/218/218 245/245/245
f 246/246/246 245/245/245 218/218/218
f 218/218/218 212/212/212 247/247/247
f 213/213/213 248/248/248 212/212/212
f 211/211/211 214/214/214 249/249/249
f 220/220/220 249/249/249 214/214/214
f 251/251/251 182/182/182 250/250/250
f 252/252/252 183/183/183 186/186/186
f 255/255/255 254/254/254 253/253/253
f 257/257/257 253/253/253 256/256/256
f 256/256/256 258/258/258 257/257/257
f 253/253/253 260/260/260 259/259/259
f 261/261/261 259/259/259 260/260/260
f 260/260/260 253/253/253 262/262/262
f 263/263/263 262/262/262 253/253/253
f 262/262/262 263/263/263 264/264/264
f 265/265/265 264/264/264 263/263/263
f 265/265/265 266/266/266 264/264/264
f 267/267/267 264/264/264 266/266/266
f 264/264/264 267/267/267 268/268/268
f 266/266/266 269/269/269 267/267/267
f 270/270/270 267/267/267 269/269/269
f 267/267/267 270/270/270 271/271/271
f 272/272/272 271/271/271 270/270/270
f 273/273/273 269/269/269 266/266/266
f 269/269/269 274/274/274 270/270/270
f 275/275/275 270/270/270 274/274/274
f 272/272/272 270/270/270 275/275/275
f 274/274/274 276/276/276 275/275/275
f 277/277/277 276/276/276 274/274/274
f 277/277/277 278/278/278 276/276/276
f 279/279/279 275/275/275 276/276/276
f 280/280/280 275/275/275 279/279/279
f 279/279/279 281/281/281 280/280/280
f 279/279/279 276/276/276 282/282/282
f 279/279/279 282/282/282 283/283/283
f 284/284/284 282/282/282 276/276/276
f 277/277/277 285/285/285 284/284/284
f 286/286/286 277/277/277 274/274/274
f 286/286/286 274/274/274 269/269/269
f 269/269/269 273/273/273 287/287/287
f 289/289/289 263/263/263 288/288/288
f 259/259/259 291/291/291 290/290/290
f 290/290/290 253/253/253 259/259/259
f 262/262/262 293/293/293 292/292/292
f 293/293/293 262/262/262 264/264/264
f 294/294/294 260/260/260 293/293/293
f 295/295/295 260/260/260 294/294/294
f 268/268/268 296/296/296 264/264/264
f 299/299/299 298/298/298 297/297/297
f 298/298/298 299/299/299 300/300/300
f 301/301/301 300/300/300 299/299/299
f 297/297/297 298/298/298 302/302/302
f 303/303/303 302/302/302 298/298/298
f 302/302/302 303/303/303 304/304/304
f 305/305/305 304/304/304 303/303/303
f 304/304/304 305/305/305 306/306/306
f 307/307/307 306/306/306 305/305/305
f 306/306/306 307/307/307 308/308/308
f 309/309/309 308/308/308 307/307/307
f 310/310/310 308/308/308 309/309/309
f 303/303/303 311/311/311 305/305/305
f 303/303/303 298/298/298 311/311/311
f 300/300/300 311/311/311 298/298/298
f 311/311/311 300/300/300 312/312/312
f 313/313/313 312/312/312 300/300/300
f 300/300/300 314/314/314 313/313/313
f 312/312/312 315/315/315 311/311/311
f 316/316/316 311/311/311 315/315/315
f 316/316/316 305/305/305 311/311/311
f 305/305/305 316/316/316 307/307/307
f 315/315/315 317/317/317 316/316/316
f 318/318/318 316/316/316 317/317/317
f 318/318/318 307/307/307 316/316/316
f 317/317/317 319/319/319 318/318/318
f 320/320/320 318/318/318 319/319/319
f 318/318/318 320/320/320 307/307/307
f 309/309/309 307/307/307 320/320/320
f 321/321/321 320/320/320 319/319/319
f 315/315/315 322/322/322 317/317/317
f 323/323/323 317/317/317 322/322/322
f 324/324/324 323/323/323 319/319/319
f 325/325/325 319/319/319 323/323/323
f 325/325/325 326/326/326 319/319/319
f 322/322/322 328/328/328 327/327/327
f 329/329/329 327/327/327 328/328/328
f 327/327/327 329/329/329 330/330/330
f 331/331/331 330/330/330 329/329/329
f 320/320/320 332/332/332 309/309/309
f 334/334/334 266/266/266 333/333/333
f 265/265/265 333/333/333 266/266/266
f 337/337/337 336/336/336 335/335/335
f 338/338/338 335/335/335 336/336/336
f 338/338/338 336/336/336 339/339/339
f 340/340/340 339/339/339 336/336/336
f 335/335/335 341/341/341 337/337/337
f 342/342/342 337/337/337 341/341/341
f 343/343/343 340/340/340 336/336/336
f 336/336/336 344/344/344 343/343/343
f 345/345/345 343/343/343 344/344/344
f 346/346/346 344/344/344 336/336/336
f 343/343/343 347/347/347 340/340/340
f 347/347/347 348/348/348 340/340/340
f 339/339/339 340/340/340 348/348/348
f 345/345/345 349/349/349 343/343/343
f 349/349/349 345/345/345 350/350/350
f 350/350/350 351/351/351 349/349/349
f 352/352/352 349/349/349 351/351/351
f 351/351/351 353/353/353 352/352/352
f 354/354/354 352/352/352 353/353/353
f 353/353/353 355/355/355 354/354/354
f 355/355/355 353/353/353 356/356/356
f 357/357/357 356/356/356 353/353/353
f 357/357/357 358/358/358 356/356/356
f 359/359/359 356/356/356 358/358/358
f 358/358/358 360/360/360 359/359/359
f 360/360/360 358/358/358 361/361/361
f 362/362/362 361/361/361 358/358/358
f 358/358/358 357/357/357 362/362/362
f 363/363/363 359/359/359 360/360/360
f 363/363/363 364/364/364 359/359/359
f 365/365/365 359/359/359 364/364/364
f 359/359/359 365/365/365 356/356/356
f 366/366/366 356/356/356 365/365/365
f 356/356/356 366/366/366 355/355/355
f 367/367/367 355/355/355 366/366/366
f 366/366/366 368/368/368 367/367/367
f 369/369/369 367/367/367 368/368/368
f 369/369/369 370/370/370 367/367/367
f 371/371/371 367/367/367 370/370/370
f 370/370/370 372/372/372 371/371/371
f 373/373/373 371/371/371 372/372/372
f 366/366/366 374/374/374 368/368/368
f 366/366/366 365/365/365 374/374/374
f 375/375/375 368/368/368 374/374/374
f 371/371/371 376/376/376 367/367/367
f 355/355/355 367/367/367 376/376/376
f 376/376/376 354/354/354 355/355/355
f 354/354/354 376/376/376 377/377/377
f 378/378/378 377/377/377 376/376/376
f 376/376/376 371/371/371 378/378/378
f 373/373/373 378/378/378 371/371/371
f 377/377/377 378/378/378 379/379/379
f 379/379/379 380/380/380 377/377/377
f 381/381/381 377/377/377 380/380/380
f 377/377/377 381/381/381 354/354/354
f 380/380/380 382/382/382 381/381/381
f 383/383/383 381/381/381 382/382/382
f 381/381/381 383/383/383 354/354/354
f 382/382/382 384/384/384 383/383/383
f 347/347/347 383/383/383 384/384/384
f 385/385/385 379/379/379 378/378/378
f 373/373/373 386/386/386 378/378/378
f 385/385/385 378/378/378 386/386/386
f 352/352/352 354/354/354 383/383/383
f 383/383/383 387/387/387 352/352/352
f 387/387/387 383/383/383 347/347/347
f 349/349/349 352/352/352 387/387/387
f 387/387/387 343/343/343 349/349/349
f 347/347/347 343/343/343 387/387/387
f 386/386/386 373/373/373 388/388/388
f 389/389/389 388/388/388 373/373/373
f 389/389/389 390/390/390 388/388/388
f 384/384/384 348/348/348 347/347/347
f 373/373/373 372/372/372 391/391/391
f 392/392/392 391/391/391 372/372/372
f 337/337/337 394/394/394 393/393/393
f 337/337/337 393/393/393 395/395/395
f 396/396/396 395/395/395 393/393/393
f 337/337/337 397/397/397 336/336/336
f 346/346/346 336/336/336 397/397/397
f 398/398/398 397/397/397 337/337/337
f 401/401/401 400/400/400 399/399/399
f 402/402/402 399/399/399 400/400/400
f 400/400/400 401/401/401 403/403/403
f 403/403/403 351/351/351 400/400/400
f 351/351/351 403/403/403 353/353/353
f 357/357/357 353/353/353 403/403/403
f 350/350/350 400/400/400 351/351/351
f 400/400/400 350/350/350 404/404/404
f 400/400/400 404/404/404 402/402/402
f 403/403/403 362/362/362 357/357/357
f 362/362/362 403/403/403 401/401/401
f 401/401/401 405/405/405 362/362/362
f 399/399/399 405/405/405 401/401/401
f 361/361/361 362/362/362 405/405/405
f 404/404/404 350/350/350 345/345/345
f 406/406/406 402/402/402 404/404/404
f 405/405/405 407/407/407 361/361/361
f 408/408/408 361/361/361 407/407/407
f 405/405/405 409/409/409 407/407/407
f 361/361/361 408/408/408 360/360/360
f 410/410/410 360/360/360 408/408/408
f 410/410/410 411/411/411 360/360/360
f 363/363/363 360/360/360 411/411/411
f 399/399/399 409/409/409 405/405/405
f 413/413/413 363/363/363 412/412/412
f 374/374/374 365/365/365 413/413/413
f 416/416/416 415/415/415 414/414/414
f 417/417/417 414/414/414 415/415/415
f 415/415/415 418/418/418 417/417/417
f 419/419/419 417/417/417 418/418/418
f 419/419/419 418/418/418 420/420/420
f 421/421/421 420/420/420 418/418/418
f 420/420/420 421/421/421 422/422/422
f 423/423/423 422/422/422 421/421/421
f 423/423/423 421/421/421 424/424/424
f 424/424/424 425/425/425 423/423/423
f 426/426/426 424/424/424 421/421/421
f 426/426/426 421/421/421 427/427/427
f 428/428/428 427/427/427 421/421/421
f 424/424/424 426/426/426 429/429/429
f 430/430/430 429/429/429 426/426/426
f 430/430/430 431/431/431 429/429/429
f 430/430/430 432/432/432 431/431/431
f 430/430/430 426/426/426 432/432/432
f 427/427/427 432/432/432 426/426/426
f 427/427/427 433/433/433 432/432/432
f 427/427/427 428/428/428 433/433/433
f 434/434/434 432/432/432 433/433/433
f 433/433/433 435/435/435 434/434/434
f 435/435/435 433/433/433 436/436/436
f 437/437/437 436/436/436 433/433/433
f 437/437/437 433/433/433 428/428/428
f 438/438/438 434/434/434 435/435/435
f 438/438/438 439/439/439 434/434/434
f 440/440/440 434/434/434 439/439/439
f 440/440/440 441/441/441 434/434/434
f 432/432/432 434/434/434 441/441/441
f 441/441/441 431/431/431 432/432/432
f 442/442/442 429/429/429 431/431/431
f 443/443/443 429/429/429 442/442/442
f 435/435/435 444/444/444 438/438/438
f 445/445/445 438/438/438 444/444/444
f 439/439/439 438/438/438 446/446/446
f 447/447/447 435/435/435 436/436/436
f 449/449/449 448/448/448 422/422/422
f 429/429/429 450/450/450 424/424/424
f 453/453/453 452/452/452 451/451/451
f 453/453/453 451/451/451 454/454/454
f 455/455/455 454/454/454 451/451/451
f 454/454/454 455/455/455 456/456/456
f 457/457/457 456/456/456 455/455/455
f 455/455/455 458/458/458 457/457/457
f 459/459/459 457/457/457 458/458/458
f 459/459/459 460/460/460 457/457/457
f 460/460/460 459/459/459 461/461/461
f 460/460/460 461/461/461 462/462/462
f 460/460/460 462/462/462 463/463/463
f 463/463/463 464/464/464 460/460/460
f 465/465/465 460/460/460 464/464/464
f 457/457/457 460/460/460 465/465/465
f 457/457/457 465/465/465 456/456/456
f 464/464/464 466/466/466 465/465/465
f 467/467/467 462/462/462 461/461/461
f 461/461/461 468/468/468 467/467/467
f 469/469/469 467/467/467 468/468/468
f 461/461/461 470/470/470 468/468/468
f 470/470/470 461/461/461 459/459/459
f 459/459/459 458/458/458 470/470/470
f 471/471/471 468/468/468 470/470/470
f 468/468/468 471/471/471 469/469/469
f 472/472/472 471/471/471 470/470/470
f 473/473/473 472/472/472 470/470/470
f 472/472/472 474/474/474 471/471/471
f 475/475/475 471/471/471 474/474/474
f 469/469/469 476/476/476 467/467/467
f 477/477/477 467/467/467 476/476/476
f 477/477/477 476/476/476 478/478/478
f 479/479/479 478/478/478 476/476/476
f 479/479/479 480/480/480 478/478/478
f 481/481/481 478/478/478 480/480/480
f 481/481/481 480/480/480 482/482/482
f 477/477/477 478/478/478 483/483/483
f 484/484/484 483/483/483 478/478/478
f 484/484/484 478/478/478 481/481/481
f 483/483/483 484/484/484 485/485/485
f 483/483/483 485/485/485 467/467/467
f 483/483/483 467/467/467 477/477/477
f 475/475/475 486/486/486 471/471/471
f 485/485/485 487/487/487 467/467/467
f 488/488/488 487/487/487 485/485/485
f 485/485/485 489/489/489 488/488/488
f 485/485/485 484/484/484 489/489/489
f 484/484/484 481/481/481 489/489/489
f 481/481/481 482/482/482 489/489/489
f 489/489/489 490/490/490 488/488/488
f 490/490/490 489/489/489 491/491/491
f 492/492/492 491/491/491 489/489/489
f 492/492/492 489/489/489 482/482/482
f 488/488/488 490/490/490 493/493/493
f 494/494/494 493/493/493 490/490/490
f 494/494/494 490/490/490 491/491/491
f 493/493/493 494/494/494 495/495/495
f 496/496/496 495/495/495 494/494/494
f 497/497/497 493/493/493 495/495/495
f 497/497/497 495/495/495 498/498/498
f 499/499/499 498/498/498 495/495/495
f 499/499/499 495/495/495 500/500/500
f 496/496/496 500/500/500 495/495/495
f 499/499/499 500/500/500 501/501/501
f 502/502/502 501/501/501 500/500/500
f 488/488/488 463/463/463 487/487/487
f 463/463/463 488/488/488 503/503/503
f 493/493/493 503/503/503 488/488/488
f 504/504/504 503/503/503 493/493/493
f 497/497/497 504/504/504 493/493/493
f 503/503/503 504/504/504 505/505/505
f 505/505/505 506/506/506 503/503/503
f 506/506/506 505/505/505 507/507/507
f 507/507/507 498/498/498 508/508/508
f 507/507/507 508/508/508 506/506/506
f 509/509/509 508/508/508 498/498/498
f 508/508/508 509/509/509 510/510/510
f 509/509/509 511/511/511 510/510/510
f 509/509/509 498/498/498 511/511/511
f 499/499/499 511/511/511 498/498/498
f 499/499/499 501/501/501 511/511/511
f 505/505/505 504/504/504 512/512/512
f 507/507/507 505/505/505 512/512/512
f 466/466/466 503/503/503 506/506/506
f 464/464/464 463/463/463 503/503/503
f 464/464/464 503/503/503 466/466/466
f 512/512/512 498/498/498 507/507/507
f 508/508/508 513/513/513 506/506/506
f 514/514/514 506/506/506 513/513/513
f 514/514/514 515/515/515 506/506/506
f 515/515/515 456/456/456 506/506/506
f 515/515/515 516/516/516 456/456/456
f 515/515/515 517/517/517 516/516/516
f 515/515/515 514/514/514 517/517/517
f 514/514/514 513/513/513 518/518/518
f 514/514/514 518/518/518 517/517/517
f 519/519/519 518/518/518 513/513/513
f 519/519/519 511/511/511 518/518/518
f 519/519/519 513/513/513 520/520/520
f 520/520/520 511/511/511 519/519/519
f 513/513/513 508/508/508 520/520/520
f 521/521/521 518/518/518 511/511/511
f 518/518/518 521/521/521 522/522/522
f 521/521/521 523/523/523 522/522/522
f 521/521/521 524/524/524 523/523/523
f 525/525/525 523/523/523 524/524/524
f 526/526/526 522/522/522 523/523/523
f 527/527/527 518/518/518 522/522/522
f 522/522/522 454/454/454 527/527/527
f 454/454/454 516/516/516 527/527/527
f 454/454/454 456/456/456 516/516/516
f 516/516/516 528/528/528 527/527/527
f 528/528/528 518/518/518 527/527/527
f 524/524/524 521/521/521 511/511/511
f 511/511/511 501/501/501 524/524/524
f 501/501/501 529/529/529 524/524/524
f 454/454/454 522/522/522 453/453/453
f 526/526/526 453/453/453 522/522/522
f 530/530/530 524/524/524 502/502/502
f 532/532/532 470/470/470 531/531/531
f 532/532/532 531/531/531 533/533/533
f 533/533/533 534/534/534 532/532/532
f 473/473/473 532/532/532 534/534/534
f 532/532/532 473/473/473 470/470/470
f 533/533/533 535/535/535 534/534/534
f 535/535/535 533/533/533 536/536/536
f 531/531/531 536/536/536 533/533/533
f 536/536/536 531/531/531 455/455/455
f 473/473/473 534/534/534 472/472/472
f 474/474/474 472/472/472 534/534/534
f 458/458/458 455/455/455 531/531/531
f 531/531/531 470/470/470 458/458/458
f 451/451/451 536/536/536 455/455/455
f 451/451/451 452/452/452 536/536/536
f 537/537/537 536/536/536 452/452/452
f 534/534/534 538/538/538 474/474/474
f 539/539/539 474/474/474 538/538/538
f 535/535/535 536/536/536 540/540/540
f 537/537/537 540/540/540 536/536/536
f 538/538/538 534/534/534 540/540/540
f 535/535/535 540/540/540 534/534/534
f 541/541/541 475/475/475 474/474/474
f 541/541/541 542/542/542 475/475/475
f 543/543/543 475/475/475 542/542/542
f 543/543/543 544/544/544 475/475/475
f 486/486/486 475/475/475 544/544/544
f 544/544/544 545/545/545 486/486/486
f 546/546/546 486/486/486 545/545/545
f 547/547/547 486/486/486 546/546/546
f 486/486/486 547/547/547 469/469/469
f 469/469/469 471/471/471 486/486/486
f 476/476/476 469/469/469 547/547/547
f 476/476/476 547/547/547 479/479/479
f 548/548/548 479/479/479 547/547/547
f 548/548/548 549/549/549 479/479/479
f 480/480/480 479/479/479 549/549/549
f 544/544/544 543/543/543 550/550/550
f 550/550/550 543/543/543 542/542/542
f 551/551/551 544/544/544 550/550/550
f 545/545/545 544/544/544 551/551/551
f 552/552/552 551/551/551 550/550/550
f 555/555/555 554/554/554 553/553/553
f 556/556/556 555/555/555 553/553/553
f 559/559/559 558/558/558 557/557/557
f 558/558/558 559/559/559 560/560/560
f 563/563/563 562/562/562 561/561/561
f 564/564/564 562/562/562 563/563/563
f 565/565/565 504/504/504 497/497/497
f 498/498/498 565/565/565 497/497/497
f 568/568/568 567/567/567 566/566/566
f 568/568/568 569/569/569 567/567/567
f 462/462/462 467/467/467 487/487/487
f 462/462/462 487/487/487 463/463/463
f 456/456/456 465/465/465 570/570/570
f 456/456/456 570/570/570 506/506/506
f 573/573/573 572/572/572 571/571/571
f 572/572/572 574/574/574 571/571/571
f 574/574/574 572/572/572 575/575/575
f 576/576/576 575/575/575 572/572/572
f 575/575/575 576/576/576 577/577/577
f 578/578/578 577/577/577 576/576/576
f 572/572/572 579/579/579 576/576/576
f 576/576/576 580/580/580 578/578/578
f 581/581/581 578/578/578 580/580/580
f 581/581/581 582/582/582 578/578/578
f 583/583/583 578/578/578 582/582/582
f 582/582/582 584/584/584 583/583/583
f 585/585/585 583/583/583 584/584/584
f 577/577/577 578/578/578 586/586/586
f 583/583/583 586/586/586 578/578/578
f 586/586/586 583/583/583 587/587/587
f 572/572/572 589/589/589 588/588/588
f 590/590/590 588/588/588 573/573/573
f 593/593/593 592/592/592 591/591/591
f 576/576/576 594/594/594 592/592/592
f 597/597/597 596/596/596 595/595/595
f 595/595/595 598/598/598 597/597/597
f 595/595/595 599/599/599 598/598/598
f 599/599/599 595/595/595 600/600/600
f 601/601/601 598/598/598 599/599/599
f 602/602/602 598/598/598 601/601/601
f 598/598/598 602/602/602 603/603/603
f 603/603/603 597/597/597 598/598/598
f 604/604/604 603/603/603 602/602/602
f 604/604/604 602/602/602 605/605/605
f 606/606/606 605/605/605 602/602/602
f 608/608/608 607/607/607 595/595/595
f 602/602/602 610/610/610 609/609/609
f 611/611/611 609/609/609 610/610/610
f 605/605/605 613/613/613 612/612/612
f 614/614/614 612/612/612 613/613/613
f 617/617/617 616/616/616 615/615/615
f 618/618/618 617/617/617 615/615/615
f 615/615/615 619/619/619 618/618/618
f 620/620/620 618/618/618 619/619/619
f 620/620/620 619/619/619 621/621/621
f 622/622/622 621/621/621 619/619/619
f 616/616/616 617/617/617 623/623/623
f 624/624/624 616/616/616 623/623/623
f 617/617/617 620/620/620 625/625/625
f 620/620/620 621/621/621 625/625/625
f 617/617/617 625/625/625 626/626/626
f 627/627/627 625/625/625 621/621/621
f 627/627/627 628/628/628 625/625/625
f 629/629/629 628/628/628 627/627/627
f 627/627/627 630/630/630 629/629/629
f 627/627/627 621/621/621 630/630/630
f 631/631/631 629/629/629 630/630/630
f 632/632/632 631/631/631 630/630/630
f 632/632/632 630/630/630 633/633/633
f 634/634/634 633/633/633 630/630/630
f 635/635/635 630/630/630 621/621/621
f 635/635/635 634/634/634 630/630/630
f 635/635/635 621/621/621 636/636/636
f 622/622/622 637/637/637 621/621/621
f 638/638/638 634/634/634 637/637/637
f 634/634/634 638/638/638 639/639/639
f 639/639/639 640/640/640 634/634/634
f 640/640/640 639/639/639 641/641/641
f 642/642/642 640/640/640 641/641/641
f 641/641/641 643/643/643 642/642/642
f 644/644/644 642/642/642 643/643/643
f 644/644/644 643/643/643 645/645/645
f 646/646/646 645/645/645 643/643/643
f 646/646/646 643/643/643 647/647/647
f 648/648/648 647/647/647 643/643/643
f 639/639/639 648/648/648 641/641/641
f 643/643/643 641/641/641 648/648/648
f 648/648/648 639/639/639 638/638/638
f 640/640/640 649/649/649 634/634/634
f 651/651/651 650/650/650 634/634/634
f 653/653/653 652/652/652 646/646/646
f 655/655/655 654/654/654 652/652/652
f 658/658/658 657/657/657 656/656/656
f 659/659/659 656/656/656 657/657/657
f 657/657/657 660/660/660 659/659/659
f 661/661/661 659/659/659 660/660/660
f 662/662/662 659/659/659 661/661/661
f 656/656/656 659/659/659 662/662/662
f 661/661/661 663/663/663 662/662/662
f 661/661/661 616/616/616 663/663/663
f 661/661/661 660/660/660 616/616/616
f 664/664/664 663/663/663 616/616/616
f 660/660/660 657/657/657 665/665/665
f 666/666/666 665/665/665 657/657/657
f 657/657/657 658/658/658 666/666/666
f 660/660/660 665/665/665 667/667/667
f 668/668/668 667/667/667 665/665/665
f 669/669/669 666/666/666 658/658/658
f 670/670/670 666/666/666 669/669/669
f 670/670/670 665/665/665 666/666/666
f 615/615/615 616/616/616 660/660/660
f 667/667/667 615/615/615 660/660/660
f 670/670/670 671/671/671 665/665/665
f 671/671/671 668/668/668 665/665/665
f 617/617/617 672/672/672 620/620/620
f 675/675/675 674/674/674 673/673/673
f 676/676/676 673/673/673 674/674/674
f 676/676/676 677/677/677 673/673/673
f 678/678/678 673/673/673 677/677/677
f 673/673/673 678/678/678 679/679/679
f 680/680/680 679/679/679 678/678/678
f 679/679/679 680/680/680 681/681/681
f 682/682/682 681/681/681 680/680/680
f 683/683/683 682/682/682 680/680/680
f 683/683/683 680/680/680 684/684/684
f 678/678/678 684/684/684 680/680/680
f 677/677/677 685/685/685 678/678/678
f 684/684/684 678/678/678 686/686/686
f 687/687/687 685/685/685 677/677/677
f 688/688/688 677/677/677 676/676/676
f 676/676/676 674/674/674 688/688/688
f 689/689/689 677/677/677 688/688/688
f 689/689/689 688/688/688 690/690/690
f 690/690/690 691/691/691 689/689/689
f 691/691/691 690/690/690 692/692/692
f 682/682/682 693/693/693 681/681/681
f 682/682/682 694/694/694 693/693/693
f 695/695/695 693/693/693 694/694/694
f 682/682/682 696/696/696 694/694/694
f 697/697/697 681/681/681 693/693/693
f 698/698/698 690/690/690 688/688/688
f 690/690/690 698/698/698 692/692/692
f 688/688/688 699/699/699 698/698/698
f 699/699/699 688/688/688 674/674/674
f 700/700/700 681/681/681 697/697/697
f 702/702/702 694/694/694 701/701/701
f 681/681/681 703/703/703 679/679/679
f 704/704/704 679/679/679 703/703/703
f 704/704/704 705/705/705 679/679/679
f 705/705/705 706/706/706 679/679/679
f 679/679/679 706/706/706 673/673/673
f 707/707/707 673/673/673 706/706/706
f 673/673/673 707/707/707 675/675/675
f 710/710/710 709/709/709 708/708/708
f 711/711/711 708/708/708 709/709/709
f 709/709/709 712/712/712 711/711/711
f 713/713/713 711/711/711 712/712/712
f 712/712/712 709/709/709 714/714/714
f 715/715/715 714/714/714 709/709/709
f 714/714/714 715/715/715 716/716/716
f 716/716/716 717/717/717 714/714/714
f 718/718/718 714/714/714 717/717/717
f 716/716/716 715/715/715 719/719/719
f 719/719/719 720/720/720 716/716/716
f 720/720/720 719/719/719 721/721/721
f 722/722/722 721/721/721 719/719/719
f 723/723/723 719/719/719 715/715/715
f 719/719/719 723/723/723 724/724/724
f 724/724/724 723/723/723 725/725/725
f 725/725/725 726/726/726 724/724/724
f 727/727/727 724/724/724 726/726/726
f 728/728/728 725/725/725 723/723/723
f 725/725/725 728/728/728 729/729/729
f 725/725/725 729/729/729 730/730/730
f 730/730/730 731/731/731 725/725/725
f 732/732/732 725/725/725 731/731/731
f 729/729/729 728/728/728 733/733/733
f 733/733/733 734/734/734 729/729/729
f 733/733/733 735/735/735 734/734/734
f 736/736/736 734/734/734 735/735/735
f 737/737/737 729/729/729 734/734/734
f 738/738/738 733/733/733 728/728/728
f 733/733/733 738/738/738 735/735/735
f 728/728/728 739/739/739 738/738/738
f 740/740/740 738/738/738 739/739/739
f 740/740/740 735/735/735 738/738/738
f 740/740/740 739/739/739 741/741/741
f 742/742/742 741/741/741 739/739/739
f 742/742/742 739/739/739 743/743/743
f 743/743/743 744/744/744 742/742/742
f 744/744/744 743/743/743 745/745/745
f 743/743/743 746/746/746 745/745/745
f 746/746/746 743/743/743 739/739/739
f 747/747/747 745/745/745 746/746/746
f 746/746/746 723/723/723 747/747/747
f 715/715/715 747/747/747 723/723/723
f 748/748/748 742/742/742 744/744/744
f 745/745/745 749/749/749 744/744/744
f 710/710/710 745/745/745 747/747/747
f 740/740/740 741/741/741 750/750/750
f 751/751/751 750/750/750 741/741/741
f 740/740/740 750/750/750 752/752/752
f 741/741/741 742/742/742 753/753/753
f 748/748/748 753/753/753 742/742/742
f 753/753/753 754/754/754 741/741/741
f 751/751/751 741/741/741 754/754/754
f 723/723/723 746/746/746 728/728/728
f 739/739/739 728/728/728 746/746/746
f 715/715/715 709/709/709 747/747/747
f 710/710/710 747/747/747 709/709/709
f 751/751/751 755/755/755 750/750/750
f 751/751/751 754/754/754 755/755/755
f 756/756/756 750/750/750 755/755/755
f 748/748/748 757/757/757 753/753/753
f 758/758/758 753/753/753 757/757/757
f 758/758/758 754/754/754 753/753/753
f 758/758/758 759/759/759 754/754/754
f 759/759/759 755/755/755 754/754/754
f 760/760/760 758/758/758 757/757/757
f 748/748/748 761/761/761 757/757/757
f 761/761/761 748/748/748 762/762/762
f 744/744/744 762/762/762 748/748/748
f 762/762/762 744/744/744 749/749/749
f 717/717/717 764/764/764 763/763/763
f 765/765/765 763/763/763 716/716/716
f 767/767/767 716/716/716 766/766/766
f 770/770/770 769/769/769 768/768/768
f 773/773/773 772/772/772 771/771/771
f 775/775/775 774/774/774 729/729/729
f 737/737/737 777/777/777 776/776/776
f 779/779/779 778/778/778 777/777/777
f 781/781/781 780/780/780 735/735/735
f 736/736/736 735/735/735 780/780/780
f 783/783/783 782/782/782 781/781/781
f 735/735/735 740/740/740 752/752/752
f 724/724/724 784/784/784 719/719/719
f 722/722/722 719/719/719 784/784/784
f 787/787/787 786/786/786 785/785/785
f 788/788/788 787/787/787 785/785/785
f 711/711/711 785/785/785 789/789/789
f 711/711/711 713/713/713 785/785/785
f 790/790/790 785/785/785 713/713/713
f 790/790/790 713/713/713 791/791/791
f 792/792/792 791/791/791 713/713/713
f 713/713/713 712/712/712 792/792/792
f 793/793/793 792/792/792 712/712/712
f 712/712/712 714/714/714 793/793/793
f 794/794/794 793/793/793 714/714/714
f 794/794/794 714/714/714 795/795/795
f 718/718/718 795/795/795 714/714/714
f 787/787/787 797/797/797 796/796/796
f 796/796/796 797/797/797 798/798/798
f 801/801/801 800/800/800 799/799/799
f 802/802/802 799/799/799 800/800/800
f 801/801/801 799/799/799 803/803/803
f 804/804/804 803/803/803 799/799/799
f 801/801/801 806/806/806 805/805/805
f 808/808/808 804/804/804 807/807/807
f 809/809/809 807/807/807 804/804/804
f 812/812/812 811/811/811 810/810/810
f 812/812/812 810/810/810 813/813/813
f 814/814/814 813/813/813 810/810/810
f 814/814/814 816/816/816 815/815/815
f 817/817/817 815/815/815 816/816/816
f 816/816/816 814/814/814 818/818/818
f 820/820/820 819/819/819 814/814/814
f 822/822/822 821/821/821 818/818/818
f 823/823/823 818/818/818 821/821/821
f 821/821/821 825/825/825 824/824/824
f 826/826/826 824/824/824 825/825/825
f 826/826/826 828/828/828 827/827/827
f 829/829/829 827/827/827 828/828/828
f 832/832/832 831/831/831 830/830/830
f 833/833/833 830/830/830 831/831/831
f 830/830/830 835/835/835 834/834/834
f 836/836/836 834/834/834 835/835/835
f 839/839/839 838/838/838 837/837/837
f 840/840/840 837/837/837 838/838/838
f 837/837/837 841/841/841 839/839/839
f 843/843/843 842/842/842 841/841/841
f 846/846/846 845/845/845 844/844/844
f 846/846/846 844/844/844 847/847/847
f 849/849/849 846/846/846 848/848/848
f 852/852/852 851/851/851 850/850/850
f 850/850/850 851/851/851 853/853/853
f 854/854/854 853/853/853 851/851/851
f 854/854/854 855/855/855 853/853/853
f 853/853/853 855/855/855 856/856/856
f 857/857/857 856/856/856 855/855/855
f 854/854/854 858/858/858 855/855/855
f 859/859/859 855/855/855 858/858/858
f 850/850/850 860/860/860 852/852/852
f 859/859/859 862/862/862 861/861/861
f 859/859/859 863/863/863 862/862/862
f 866/866/866 865/865/865 864/864/864
f 865/865/865 867/867/867 864/864/864
f 868/868/868 867/867/867 865/865/865
f 868/868/868 869/869/869 867/867/867
f 865/865/865 870/870/870 868/868/868
f 873/873/873 872/872/872 871/871/871
f 876/876/876 875/875/875 874/874/874
