g Green_war_m_pve_3_shoulderstrap
v -0.330576062 -0.112506479 1.86792648
v -0.297202557 -0.139735863 1.8121295
v -0.336124599 -0.104404062 1.8561691
v -0.291837335 -0.147834778 1.82416821
v -0.310568333 -0.141723484 1.8011682
v -0.351168692 -0.106407009 1.84394705
v -0.345402479 -0.144289315 1.77274978
v -0.384486884 -0.107829817 1.81623733
v -0.290018886 -0.160424337 1.83690453
v -0.32848689 -0.124907069 1.8803556
v -0.311765403 -0.177530974 1.86931336
v -0.3264983 -0.165486142 1.88440025
v -0.324378312 -0.186056286 1.88521206
v -0.285556048 -0.123288341 1.80830026
v -0.314332902 -0.0996886417 1.87135601
v -0.324415237 -0.0878890976 1.85233116
v -0.275749177 -0.135453716 1.82781363
v -0.27250576 -0.150840521 1.84433377
v -0.311016649 -0.115106121 1.88750565
v -0.29458195 -0.173223421 1.88096094
v -0.309322 -0.161257237 1.89610529
v -0.308160961 -0.184450224 1.89831603
v -0.285556048 -0.123288341 1.80830026
v -0.291837335 -0.147834778 1.82416821
v -0.275749177 -0.135453716 1.82781363
v -0.297202557 -0.139735863 1.8121295
v -0.30087024 -0.119144745 1.79106057
v -0.310568333 -0.141723484 1.8011682
v -0.33887431 -0.12695609 1.76356244
v -0.345402479 -0.144289315 1.77274978
v -0.290018886 -0.160424337 1.83690453
v -0.27250576 -0.150840521 1.84433377
v -0.27250576 -0.150840521 1.84433377
v -0.311765403 -0.177530974 1.86931336
v -0.29458195 -0.173223421 1.88096094
v -0.324378312 -0.186056286 1.88521206
v -0.308160961 -0.184450224 1.89831603
v -0.314332902 -0.0996886417 1.87135601
v -0.336124599 -0.104404062 1.8561691
v -0.324415237 -0.0878890976 1.85233116
v -0.330576062 -0.112506479 1.86792648
v -0.351168692 -0.106407009 1.84394705
v -0.339901239 -0.0837297067 1.83511984
v -0.384486884 -0.107829817 1.81623733
v -0.377785981 -0.0905605331 1.80711746
v -0.311016649 -0.115106121 1.88750565
v -0.32848689 -0.124907069 1.8803556
v -0.309322 -0.161257237 1.89610529
v -0.311016649 -0.115106121 1.88750565
v -0.3264983 -0.165486142 1.88440025
v -0.308160961 -0.184450224 1.89831603
v -0.324378312 -0.186056286 1.88521206
v -0.377785981 -0.0905605331 1.80711746
v -0.345402479 -0.144289315 1.77274978
v -0.33887431 -0.12695609 1.76356244
v -0.384486884 -0.107829817 1.81623733
v -0.330901682 0.277698666 1.86817992
v -0.298603624 0.307159275 1.81321776
v -0.292322814 0.313358516 1.82454586
v -0.337299764 0.271358937 1.85708201
v -0.310796171 0.306805104 1.80182707
v -0.349704862 0.270889282 1.84566522
v -0.345055491 0.30933851 1.77269638
v -0.384139955 0.272878796 1.81618369
v -0.290019482 0.324942172 1.83690596
v -0.328486651 0.289423287 1.88035619
v -0.311765254 0.342047125 1.86931419
v -0.326498061 0.330002278 1.88440108
v -0.324378073 0.350572497 1.88521278
v -0.286384612 0.289524078 1.80894434
v -0.314286292 0.26442489 1.8715862
v -0.275732011 0.300050497 1.82789826
v -0.325055718 0.25373444 1.85282898
v -0.272289068 0.316385269 1.84540629
v -0.310744733 0.280912846 1.88885128
v -0.294533789 0.337967515 1.88119924
v -0.309280813 0.325968176 1.89630902
v -0.308160722 0.348966211 1.8983171
v -0.286384612 0.289524078 1.80894434
v -0.292322814 0.313358516 1.82454586
v -0.298603624 0.307159275 1.81321776
v -0.275732011 0.300050497 1.82789826
v -0.303456068 0.289025962 1.79306817
v -0.310796171 0.306805104 1.80182707
v -0.338432729 0.291809082 1.76343548
v -0.345055491 0.30933851 1.77269638
v -0.290019482 0.324942172 1.83690596
v -0.272289068 0.316385269 1.84540629
v -0.272289068 0.316385269 1.84540629
v -0.311765254 0.342047125 1.86931419
v -0.294533789 0.337967515 1.88119924
v -0.324378073 0.350572497 1.88521278
v -0.308160722 0.348966211 1.8983171
v -0.314286292 0.26442489 1.8715862
v -0.337299764 0.271358937 1.85708201
v -0.330901682 0.277698666 1.86817992
v -0.325055718 0.25373444 1.85282898
v -0.349704862 0.270889282 1.84566522
v -0.342266351 0.253152996 1.83695626
v -0.384139955 0.272878796 1.81618369
v -0.377332121 0.255387634 1.80698085
v -0.310744733 0.280912846 1.88885128
v -0.328486651 0.289423287 1.88035619
v -0.309280813 0.325968176 1.89630902
v -0.326498061 0.330002278 1.88440108
v -0.308160722 0.348966211 1.8983171
v -0.324378073 0.350572497 1.88521278
v -0.310744733 0.280912846 1.88885128
v -0.377332121 0.255387634 1.80698085
v -0.345055491 0.30933851 1.77269638
v -0.384139955 0.272878796 1.81618369
v -0.338432729 0.291809082 1.76343548
v -0.413476735 0.115179457 1.93516815
v -0.415216863 0.0257937908 1.91615319
v -0.415596724 0.115536734 1.91865325
v -0.413186908 0.0258040894 1.93284678
v -0.430272788 0.025538478 1.90470588
v -0.432366699 0.115508281 1.90571153
v -0.460720062 0.0268381964 1.87967157
v -0.460635811 0.117051259 1.8809365
v -0.416894376 0.0258705467 1.9520601
v -0.416902304 0.114927575 1.95407975
v -0.439066291 0.0563387796 1.98391068
v -0.440419763 0.0880897716 1.9844178
v -0.451676399 0.0726493746 1.99908364
v -0.395626009 0.0255648568 1.90550148
v -0.390701711 0.114820115 1.93414152
v -0.395911247 0.115301095 1.90796769
v -0.39077574 0.0254276358 1.93224037
v -0.394228786 0.0255156327 1.95679224
v -0.394195765 0.114532001 1.95842826
v -0.419129997 0.0559240244 1.99546921
v -0.42052725 0.0876714885 1.99607313
v -0.43397063 0.0722321421 2.01333642
v -0.395626009 0.0255648568 1.90550148
v -0.413186908 0.0258040894 1.93284678
v -0.39077574 0.0254276358 1.93224037
v -0.415216863 0.0257937908 1.91615319
v -0.409793615 0.0260125343 1.88434029
v -0.430272788 0.025538478 1.90470588
v -0.446095139 0.0267335121 1.86260557
v -0.460720062 0.0268381964 1.87967157
v -0.416894376 0.0258705467 1.9520601
v -0.394228786 0.0255156327 1.95679224
v -0.394228786 0.0255156327 1.95679224
v -0.439066291 0.0563387796 1.98391068
v -0.419129997 0.0559240244 1.99546921
v -0.451676399 0.0726493746 1.99908364
v -0.43397063 0.0722321421 2.01333642
v -0.390701711 0.114820115 1.93414152
v -0.415596724 0.115536734 1.91865325
v -0.395911247 0.115301095 1.90796769
v -0.413476735 0.115179457 1.93516815
v -0.432366699 0.115508281 1.90571153
v -0.410207778 0.115911976 1.8867718
v -0.460635811 0.117051259 1.8809365
v -0.445890486 0.116826572 1.86401534
v -0.394195765 0.114532001 1.95842826
v -0.416902304 0.114927575 1.95407975
v -0.42052725 0.0876714885 1.99607313
v -0.394195765 0.114532001 1.95842826
v -0.440419763 0.0880897716 1.9844178
v -0.43397063 0.0722321421 2.01333642
v -0.451676399 0.0726493746 1.99908364
v -0.445890486 0.116826572 1.86401534
v -0.460720062 0.0268381964 1.87967157
v -0.446095139 0.0267335121 1.86260557
v -0.460635811 0.117051259 1.8809365
v -0.398147762 -0.0637255087 1.8568753
v -0.383402675 0.0607086159 1.94831228
v -0.346105009 -0.0110223386 1.92823148
v -0.437060267 0.0653102547 1.88952994
v -0.402003884 0.213288575 1.85747659
v -0.348605692 0.15265502 1.93106866
v -0.250219464 0.178875729 1.94737148
v -0.242226064 0.229363471 1.9330157
v -0.331747323 0.30511871 1.75620794
v -0.207091257 0.298874646 1.81862223
v -0.290651113 0.326583982 1.66103578
v -0.250745028 -0.0511209853 1.94012785
v -0.244997442 -0.100659028 1.91639793
v -0.204410657 -0.145891726 1.81632102
v -0.321123064 -0.148709103 1.74860191
v -0.495125026 0.0732984617 1.82654512
v -0.456102699 -0.0513920188 1.79440916
v -0.460922182 0.197633743 1.79980254
v -0.38044402 -0.135370627 1.71627891
v -0.389628798 0.295649141 1.72614634
v -0.327074885 0.323256671 1.6510042
v -0.290873855 -0.160012573 1.65569031
v -0.142900571 -0.158357769 1.66332424
v -0.26951316 -0.166075796 1.59962976
v -0.322731167 -0.15720357 1.64785135
v -0.140774041 0.325040877 1.65993226
v -0.272378474 0.337290078 1.59458935
v -0.346105009 -0.0110223386 1.92823148
v -0.362930417 0.062764436 1.90927303
v -0.325280726 0.0090764612 1.89103401
v -0.383402675 0.0607086159 1.94831228
v -0.348605692 0.15265502 1.93106866
v -0.326172739 0.139549181 1.88950837
v -0.250219464 0.178875729 1.94737148
v -0.230238914 0.158707112 1.90582418
v -0.250745028 -0.0511209853 1.94012785
v -0.228560209 -0.0307284538 1.90058041
v -0.206682697 0.247962341 1.8110522
v -0.140774041 0.325040877 1.65993226
v -0.143278003 0.266091675 1.65302002
v -0.207091257 0.298874646 1.81862223
v -0.228992566 0.193742216 1.90257812
v -0.242226064 0.229363471 1.9330157
v -0.250219464 0.178875729 1.94737148
v -0.228992566 0.193742216 1.90257812
v -0.230238914 0.158707112 1.90582418
v -0.148538545 -0.108547129 1.66627574
v -0.204410657 -0.145891726 1.81632102
v -0.199989125 -0.0930627435 1.80509329
v -0.142900571 -0.158357769 1.66332424
v -0.244997442 -0.100659028 1.91639793
v -0.227148697 -0.066758424 1.89121592
v -0.250745028 -0.0511209853 1.94012785
v -0.228560209 -0.0307284538 1.90058041
v -0.469182372 -0.0630626678 1.80479169
v -0.495125026 0.0732984617 1.82654512
v -0.456102699 -0.0513920188 1.79440916
v -0.504589081 0.0750820935 1.83342326
v -0.460922182 0.197633743 1.79980254
v -0.477003813 0.20732902 1.81290579
v -0.393908173 -0.148376003 1.73026776
v -0.38044402 -0.135370627 1.71627891
v -0.325114697 -0.172300786 1.64868462
v -0.322731167 -0.15720357 1.64785135
v -0.404835612 0.311069489 1.74045706
v -0.389628798 0.295649141 1.72614634
v -0.331554592 0.342020035 1.65264153
v -0.327074885 0.323256671 1.6510042
v -0.294259757 -0.181118459 1.65681028
v -0.322731167 -0.15720357 1.64785135
v -0.290873855 -0.160012573 1.65569031
v -0.325114697 -0.172300786 1.64868462
v -0.331554592 0.342020035 1.65264153
v -0.290651113 0.326583982 1.66103578
v -0.327074885 0.323256671 1.6510042
v -0.29522419 0.347037107 1.6628387
v -0.552517593 0.0773838013 1.7716285
v -0.477003813 0.20732902 1.81290579
v -0.504589081 0.0750820935 1.83342326
v -0.526046991 0.202055663 1.74814832
v -0.469182372 -0.0630626678 1.80479169
v -0.514965177 -0.0661965907 1.73746634
v -0.452912092 -0.143048242 1.67562294
v -0.393908173 -0.148376003 1.73026776
v -0.325114697 -0.172300786 1.64868462
v -0.388848454 -0.16189903 1.60359848
v -0.344349563 -0.168316185 1.54937172
v -0.26858899 -0.184611812 1.59158766
v -0.404835612 0.311069489 1.74045706
v -0.465937138 0.300664604 1.68249583
v -0.393042564 0.331816405 1.60520136
v -0.331554592 0.342020035 1.65264153
v -0.343622625 0.341746897 1.54269862
v -0.271819115 0.349123061 1.58532524
v -0.29522419 0.347037107 1.6628387
v -0.294259757 -0.181118459 1.65681028
v -0.26951316 -0.166075796 1.59962976
v -0.294259757 -0.181118459 1.65681028
v -0.290873855 -0.160012573 1.65569031
v -0.26858899 -0.184611812 1.59158766
v -0.29522419 0.347037107 1.6628387
v -0.272378474 0.337290078 1.59458935
v -0.290651113 0.326583982 1.66103578
v -0.271819115 0.349123061 1.58532524
v -0.514965177 -0.0661965907 1.73746634
v -0.517248034 0.0765895098 1.73521364
v -0.552517593 0.0773838013 1.7716285
v -0.481170535 -0.036177177 1.70902801
v -0.452912092 -0.143048242 1.67562294
v -0.440528661 -0.0833633617 1.66597986
v -0.384846836 -0.130671248 1.60229278
v -0.388848454 -0.16189903 1.60359848
v -0.341383785 -0.132610038 1.55074883
v -0.344349563 -0.168316185 1.54937172
v -0.526046991 0.202055663 1.74814832
v -0.492300361 0.193217695 1.71907604
v -0.44678688 0.247694373 1.67326856
v -0.465937138 0.300664604 1.68249583
v -0.3882339 0.288219601 1.60564268
v -0.393042564 0.331816405 1.60520136
v -0.343622625 0.341746897 1.54269862
v -0.336385906 0.295474529 1.54323912
v -0.336385906 0.295474529 1.54323912
v -0.271819115 0.349123061 1.58532524
v -0.343622625 0.341746897 1.54269862
v -0.262422949 0.289256841 1.58598185
v -0.264310628 0.287938237 1.59391367
v -0.248187751 0.286257207 1.60187864
v -0.272378474 0.337290078 1.59458935
v -0.140774041 0.325040877 1.65993226
v -0.143278003 0.266091675 1.65302002
v -0.248120993 0.277394742 1.60108542
v -0.262422949 0.289256841 1.58598185
v -0.272378474 0.337290078 1.59458935
v -0.271819115 0.349123061 1.58532524
v -0.264310628 0.287938237 1.59391367
v -0.341383785 -0.132610038 1.55074883
v -0.26858899 -0.184611812 1.59158766
v -0.263326913 -0.127686009 1.59288585
v -0.344349563 -0.168316185 1.54937172
v -0.267406106 -0.126665205 1.60484433
v -0.26858899 -0.184611812 1.59158766
v -0.26951316 -0.166075796 1.59962976
v -0.263326913 -0.127686009 1.59288585
v -0.344577283 -0.0165783577 1.74578285
v -0.227148697 -0.066758424 1.89121592
v -0.228560209 -0.0307284538 1.90058041
v -0.325280726 0.0090764612 1.89103401
v -0.386686087 0.0641800985 1.77296197
v -0.362930417 0.062764436 1.90927303
v -0.326172739 0.139549181 1.88950837
v -0.356881678 0.163747638 1.75771356
v -0.230238914 0.158707112 1.90582418
v -0.228992566 0.193742216 1.90257812
v -0.379577905 0.00943987258 1.65572226
v -0.412036538 0.0777221322 1.66635346
v -0.385768056 0.142824262 1.66117823
v -0.321856022 -0.0396076329 1.61463618
v -0.28660351 -0.0801534653 1.68353903
v -0.273863792 -0.0681822225 1.56670284
v -0.326931268 0.198227912 1.61581147
v -0.294160336 0.234387219 1.68506789
v -0.228992566 0.193742216 1.90257812
v -0.206682697 0.247962341 1.8110522
v -0.143278003 0.266091675 1.65302002
v -0.248120993 0.277394742 1.60108542
v -0.412147164 0.0125471493 1.57213318
v -0.366786152 -0.0295838919 1.54402316
v -0.274520218 -0.0230150595 1.5619067
v -0.318608582 -0.0318408199 1.50383043
v -0.438093662 0.0293827709 1.49142838
v -0.403111815 -0.0146068949 1.47374296
v -0.430683702 -0.00261444086 1.43554986
v -0.458068937 0.028651122 1.44626093
v -0.449303925 0.0755902082 1.50285149
v -0.466070116 0.0751031488 1.45531189
v -0.439544886 0.122976378 1.49335968
v -0.459336817 0.11635147 1.44702172
v -0.406029195 0.169888839 1.47808564
v -0.432671756 0.153518215 1.4362607
v -0.339260757 0.177270889 1.44317102
v -0.394870251 0.169152975 1.41983604
v -0.34565258 0.188326523 1.45280206
v -0.371451765 0.186630473 1.5438906
v -0.313719898 0.197040707 1.4995538
v -0.41647166 0.13978073 1.57196748
v -0.43962267 0.0781046301 1.58036673
v -0.270482749 0.186982423 1.55672812
v -0.272031844 0.232293054 1.56314373
v -0.232195616 0.233125761 1.55867898
v -0.272031844 0.232293054 1.56314373
v -0.252823949 -0.115374193 1.61333764
v -0.142900571 -0.158357769 1.66332424
v -0.148538545 -0.108547129 1.66627574
v -0.251771748 -0.125376567 1.61274505
v -0.26951316 -0.166075796 1.59962976
v -0.267406106 -0.126665205 1.60484433
v -0.384846836 -0.130671248 1.60229278
v -0.3914361 -0.128926277 1.53044081
v -0.444485605 -0.0994029343 1.58233917
v -0.440528661 -0.0833633617 1.66597986
v -0.508272529 -0.0438658223 1.6354506
v -0.481170535 -0.036177177 1.70902801
v -0.517248034 0.0765895098 1.73521364
v -0.542879999 0.0742214471 1.66123986
v -0.507426858 0.187152013 1.63770998
v -0.492300361 0.193217695 1.71907604
v -0.44678688 0.247694373 1.67326856
v -0.44223991 0.271858871 1.57867944
v -0.3882339 0.288219601 1.60564268
v -0.368546963 0.295090735 1.54370522
v -0.395883977 0.289027244 1.5334965
v -0.336385906 0.295474529 1.54323912
v -0.384846836 -0.130671248 1.60229278
v -0.367070943 -0.132573172 1.53854346
v -0.341383785 -0.132610038 1.55074883
v -0.349800318 -0.135770202 1.50489914
v -0.263326913 -0.127686009 1.59288585
v -0.231848329 -0.128711417 1.57076442
v -0.267406106 -0.126665205 1.60484433
v -0.251771748 -0.125376567 1.61274505
v -0.371380717 0.309009552 1.54450667
v -0.352129728 0.300926805 1.499336
v -0.368546963 0.295090735 1.54370522
v -0.349347115 0.310850978 1.48880219
v -0.399176985 0.304611504 1.5345602
v -0.368546963 0.295090735 1.54370522
v -0.395883977 0.289027244 1.5334965
v -0.371380717 0.309009552 1.54450667
v -0.399176985 0.304611504 1.5345602
v -0.44223991 0.271858871 1.57867944
v -0.460520118 0.277501285 1.5945214
v -0.395883977 0.289027244 1.5334965
v -0.507426858 0.187152013 1.63770998
v -0.517682433 0.191463053 1.64064908
v -0.553136766 0.0717656687 1.6681776
v -0.542879999 0.0742214471 1.66123986
v -0.508272529 -0.0438658223 1.6354506
v -0.519424379 -0.0517827831 1.63957191
v -0.45252499 -0.121392362 1.58741605
v -0.444485605 -0.0994029343 1.58233917
v -0.3914361 -0.128926277 1.53044081
v -0.393439054 -0.144844592 1.53075469
v -0.519424379 -0.0517827831 1.63957191
v -0.490867496 -0.119239882 1.54314482
v -0.547367513 -0.0503502637 1.58938956
v -0.45252499 -0.121392362 1.58741605
v -0.578301907 0.0724457502 1.61480093
v -0.553136766 0.0717656687 1.6681776
v -0.393439054 -0.144844592 1.53075469
v -0.440526366 -0.139248803 1.49515665
v -0.369365871 -0.148090124 1.53891933
v -0.345383644 -0.152444452 1.49136972
v -0.404123783 -0.144040301 1.45814788
v -0.517682433 0.191463053 1.64064908
v -0.552464187 0.185908124 1.59142101
v -0.460520118 0.277501285 1.5945214
v -0.498999655 0.269370258 1.54813659
v -0.443270147 0.295513749 1.49482787
v -0.399176985 0.304611504 1.5345602
v -0.403167516 0.304390103 1.45256317
v -0.373648942 0.309258342 1.47382593
v -0.371380717 0.309009552 1.54450667
v -0.349347115 0.310850978 1.48880219
v -0.367070943 -0.132573172 1.53854346
v -0.393439054 -0.144844592 1.53075469
v -0.3914361 -0.128926277 1.53044081
v -0.369365871 -0.148090124 1.53891933
v -0.349800318 -0.135770202 1.50489914
v -0.369365871 -0.148090124 1.53891933
v -0.367070943 -0.132573172 1.53854346
v -0.345383644 -0.152444452 1.49136972
v -0.318985611 0.249546826 1.5050602
v -0.272031844 0.232293054 1.56314373
v -0.232195616 0.233125761 1.55867898
v -0.30684799 -0.0855620876 1.52437806
v -0.349800318 -0.135770202 1.50489914
v -0.231848329 -0.128711417 1.57076442
v -0.342802852 -0.0853511244 1.50340724
v -0.234769478 -0.0696226507 1.56539595
v -0.306922376 -0.0769137964 1.52372277
v -0.32123363 -0.0884051472 1.50593019
v -0.350993723 -0.0255838484 1.45658731
v -0.318608582 -0.0318408199 1.50383043
v -0.355279386 -0.0818781927 1.45649135
v -0.306922376 -0.0769137964 1.52372277
v -0.32123363 -0.0884051472 1.50593019
v -0.273863792 -0.0681822225 1.56670284
v -0.234769478 -0.0696226507 1.56539595
v -0.148538545 -0.108547129 1.66627574
v -0.199989125 -0.0930627435 1.80509329
v -0.252823949 -0.115374193 1.61333764
v -0.45567745 0.181593105 1.51824844
v -0.443270147 0.295513749 1.49482787
v -0.498999655 0.269370258 1.54813659
v -0.43113932 0.229381591 1.48705268
v -0.47019276 0.160333127 1.53087962
v -0.479815841 0.129227623 1.54077315
v -0.552464187 0.185908124 1.59142101
v -0.578301907 0.0724457502 1.61480093
v -0.492123455 0.0780970156 1.55312455
v -0.547367513 -0.0503502637 1.58938956
v -0.474052727 0.0206767395 1.53837883
v -0.46120882 -0.0175833683 1.52349818
v -0.490867496 -0.119239882 1.54314482
v -0.403167516 0.304390103 1.45256317
v -0.395455658 0.248639688 1.45375836
v -0.428699821 -0.0787473693 1.48532128
v -0.440526366 -0.139248803 1.49515665
v -0.404123783 -0.144040301 1.45814788
v -0.400256425 -0.0932962894 1.45900023
v -0.428699821 -0.0787473693 1.48532128
v -0.47100237 -0.0109990202 1.50565934
v -0.46120882 -0.0175833683 1.52349818
v -0.474052727 0.0206767395 1.53837883
v -0.495951653 0.0747274905 1.52000761
v -0.492123455 0.0780970156 1.55312455
v -0.476140231 0.155277118 1.50791037
v -0.479815841 0.129227623 1.54077315
v -0.47019276 0.160333127 1.53087962
v -0.45567745 0.181593105 1.51824844
v -0.43113932 0.229381591 1.48705268
v -0.367762178 0.241386756 1.47274196
v -0.340853065 0.248032331 1.49068201
v -0.349347115 0.310850978 1.48880219
v -0.373648942 0.309258342 1.47382593
v -0.367762178 0.241386756 1.47274196
v -0.369843811 0.254296303 1.47226965
v -0.395455658 0.248639688 1.45375836
v -0.403167516 0.304390103 1.45256317
v -0.352129728 0.300926805 1.499336
v -0.349347115 0.310850978 1.48880219
v -0.340853065 0.248032331 1.49068201
v -0.342802852 -0.0853511244 1.50340724
v -0.345383644 -0.152444452 1.49136972
v -0.349800318 -0.135770202 1.50489914
v -0.340481192 -0.0851854309 1.4926132
v -0.326931268 0.198227912 1.61581147
v -0.272031844 0.232293054 1.56314373
v -0.270482749 0.186982423 1.55672812
v -0.270482749 0.186982423 1.55672812
v -0.318985611 0.249546826 1.5050602
v -0.313719898 0.197040707 1.4995538
v -0.272031844 0.232293054 1.56314373
v -0.354601204 0.243954882 1.45437372
v -0.34565258 0.188326523 1.45280206
v -0.354601204 0.243954882 1.45437372
v -0.369843811 0.254296303 1.47226965
v -0.345278442 0.255729526 1.43883729
v -0.367762178 0.241386756 1.47274196
v -0.369843811 0.254296303 1.47226965
v -0.395455658 0.248639688 1.45375836
v -0.345278442 0.255729526 1.43883729
v -0.376043946 0.250822216 1.40384459
v -0.413150966 0.24385871 1.42388821
v -0.43113932 0.229381591 1.48705268
v -0.46083048 0.224128723 1.450804
v -0.395455658 0.248639688 1.45375836
v -0.502957284 0.160186306 1.46969581
v -0.487780094 0.160334781 1.51267684
v -0.529971123 0.0725541636 1.47997749
v -0.515073061 0.0720366687 1.52740729
v -0.482126862 -0.0211074818 1.51089478
v -0.502282739 -0.0207477566 1.46591473
v -0.458215982 -0.0752853379 1.4488951
v -0.428699821 -0.0787473693 1.48532128
v -0.400256425 -0.0932962894 1.45900023
v -0.411560625 -0.0909159854 1.42602754
v -0.428699821 -0.0787473693 1.48532128
v -0.369944036 -0.0997633338 1.47054183
v -0.378279537 -0.0939211249 1.40695035
v -0.400256425 -0.0932962894 1.45900023
v -0.344648838 -0.10310974 1.44196534
v -0.378279537 -0.0939211249 1.40695035
v -0.32123363 -0.0884051472 1.50593019
v -0.342802852 -0.0853511244 1.50340724
v -0.30684799 -0.0855620876 1.52437806
v -0.32123363 -0.0884051472 1.50593019
v -0.340481192 -0.0851854309 1.4926132
v -0.342802852 -0.0853511244 1.50340724
v -0.366900891 -0.0811101645 1.46952283
v -0.32123363 -0.0884051472 1.50593019
v -0.355279386 -0.0818781927 1.45649135
v -0.306922376 -0.0769137964 1.52372277
v -0.274520218 -0.0230150595 1.5619067
v -0.318608582 -0.0318408199 1.50383043
v -0.273863792 -0.0681822225 1.56670284
v -0.321856022 -0.0396076329 1.61463618
v -0.274520218 -0.0230150595 1.5619067
v -0.273863792 -0.0681822225 1.56670284
v -0.394870251 0.169152975 1.41983604
v -0.339260757 0.177270889 1.44317102
v -0.368359476 0.172819212 1.40720975
v -0.339260757 0.177270889 1.44317102
v -0.354601204 0.243954882 1.45437372
v -0.345278442 0.255729526 1.43883729
v -0.34565258 0.188326523 1.45280206
v -0.354601204 0.243954882 1.45437372
v -0.368359476 0.172819212 1.40720975
v -0.345278442 0.255729526 1.43883729
v -0.376043946 0.250822216 1.40384459
v -0.339260757 0.177270889 1.44317102
v -0.394870251 0.169152975 1.41983604
v -0.376043946 0.250822216 1.40384459
v -0.413150966 0.24385871 1.42388821
v -0.368359476 0.172819212 1.40720975
v -0.432671756 0.153518215 1.4362607
v -0.46083048 0.224128723 1.450804
v -0.502957284 0.160186306 1.46969581
v -0.459336817 0.11635147 1.44702172
v -0.529971123 0.0725541636 1.47997749
v -0.466070116 0.0751031488 1.45531189
v -0.502282739 -0.0207477566 1.46591473
v -0.458068937 0.028651122 1.44626093
v -0.458215982 -0.0752853379 1.4488951
v -0.430683702 -0.00261444086 1.43554986
v -0.411560625 -0.0909159854 1.42602754
v -0.396515459 -0.0151081849 1.41993904
v -0.378279537 -0.0939211249 1.40695035
v -0.373591572 -0.0177099612 1.40720701
v -0.515073061 0.0720366687 1.52740729
v -0.476140231 0.155277118 1.50791037
v -0.495951653 0.0747274905 1.52000761
v -0.487780094 0.160334781 1.51267684
v -0.482126862 -0.0211074818 1.51089478
v -0.47100237 -0.0109990202 1.50565934
v -0.428699821 -0.0787473693 1.48532128
v -0.43113932 0.229381591 1.48705268
v -0.34217602 -0.0246165469 1.4433428
v -0.378279537 -0.0939211249 1.40695035
v -0.344648838 -0.10310974 1.44196534
v -0.373591572 -0.0177099612 1.40720701
v -0.355279386 -0.0818781927 1.45649135
v -0.369944036 -0.0997633338 1.47054183
v -0.366900891 -0.0811101645 1.46952283
v -0.344648838 -0.10310974 1.44196534
v -0.344648838 -0.10310974 1.44196534
v -0.350993723 -0.0255838484 1.45658731
v -0.34217602 -0.0246165469 1.4433428
v -0.355279386 -0.0818781927 1.45649135
v -0.350993723 -0.0255838484 1.45658731
v -0.396515459 -0.0151081849 1.41993904
v -0.318608582 -0.0318408199 1.50383043
v -0.373591572 -0.0177099612 1.40720701
v -0.350993723 -0.0255838484 1.45658731
v -0.396515459 -0.0151081849 1.41993904
v -0.373591572 -0.0177099612 1.40720701
v -0.34217602 -0.0246165469 1.4433428
v -0.248120993 0.277394742 1.60108542
v -0.231173202 0.291820049 1.56736708
v -0.232195616 0.233125761 1.55867898
v -0.248187751 0.286257207 1.60187864
v -0.294160336 0.234387219 1.68506789
v -0.262422949 0.289256841 1.58598185
v -0.352129728 0.300926805 1.499336
v -0.231173202 0.291820049 1.56736708
v -0.336385906 0.295474529 1.54323912
v -0.368546963 0.295090735 1.54370522
v -0.248187751 0.286257207 1.60187864
v -0.252823949 -0.115374193 1.61333764
v -0.28660351 -0.0801534653 1.68353903
v -0.234769478 -0.0696226507 1.56539595
v -0.318985611 0.249546826 1.5050602
v -0.232195616 0.233125761 1.55867898
v -0.231173202 0.291820049 1.56736708
v -0.352129728 0.300926805 1.499336
v -0.340853065 0.248032331 1.49068201
v -0.340853065 0.248032331 1.49068201
v -0.354601204 0.243954882 1.45437372
v -0.318985611 0.249546826 1.5050602
v -0.340853065 0.248032331 1.49068201
v -0.367762178 0.241386756 1.47274196
v -0.354601204 0.243954882 1.45437372
v -0.262422949 0.289256841 1.58598185
v -0.248187751 0.286257207 1.60187864
v -0.264310628 0.287938237 1.59391367
v -0.252823949 -0.115374193 1.61333764
v -0.231848329 -0.128711417 1.57076442
v -0.251771748 -0.125376567 1.61274505
v -0.234769478 -0.0696226507 1.56539595
v -0.234769478 -0.0696226507 1.56539595
v -0.273863792 -0.0681822225 1.56670284
v -0.306922376 -0.0769137964 1.52372277
v -0.404123783 -0.144040301 1.45814788
v -0.369944036 -0.0997633338 1.47054183
v -0.400256425 -0.0932962894 1.45900023
v -0.345383644 -0.152444452 1.49136972
v -0.340481192 -0.0851854309 1.4926132
v -0.366900891 -0.0811101645 1.46952283
v -0.369944036 -0.0997633338 1.47054183
v -0.345383644 -0.152444452 1.49136972
v 0.27247715 0.32734862 1.76431572
v 0.289872169 0.29788819 1.82564628
v 0.263542771 0.33354798 1.77369416
v 0.29886204 0.291547835 1.81652021
v 0.28714785 0.326994628 1.75636756
v 0.313745022 0.291078478 1.80860054
v 0.327645838 0.329527587 1.736817
v 0.354501516 0.293067634 1.7887547
v 0.258197218 0.345131218 1.78507376
v 0.284464985 0.309611797 1.83682001
v 0.271068156 0.362236321 1.82191825
v 0.281520635 0.350191653 1.84023261
v 0.27926448 0.370761096 1.84048367
v 0.272934914 0.284614265 1.82475245
v 0.261730522 0.309713125 1.75709927
v 0.246642724 0.320239246 1.77275443
v 0.288086057 0.273923337 1.80931699
v 0.238896295 0.336574078 1.78882849
v 0.265154213 0.301101059 1.84056664
v 0.251396596 0.358156741 1.82907438
v 0.261857033 0.346157223 1.84741426
v 0.2602669 0.369155258 1.84907472
v 0.263542771 0.33354798 1.77369416
v 0.261730522 0.309713125 1.75709927
v 0.27247715 0.32734862 1.76431572
v 0.246642724 0.320239246 1.77275443
v 0.282253593 0.309215069 1.74604094
v 0.28714785 0.326994628 1.75636756
v 0.323572218 0.311998278 1.72618568
v 0.327645838 0.329527587 1.736817
v 0.258197218 0.345131218 1.78507376
v 0.238896295 0.336574078 1.78882849
v 0.271068156 0.362236321 1.82191825
v 0.238896295 0.336574078 1.78882849
v 0.251396596 0.358156741 1.82907438
v 0.27926448 0.370761096 1.84048367
v 0.2602669 0.369155258 1.84907472
v 0.29886204 0.291547835 1.81652021
v 0.272934914 0.284614265 1.82475245
v 0.289872169 0.29788819 1.82564628
v 0.288086057 0.273923337 1.80931699
v 0.313745022 0.291078478 1.80860054
v 0.30874294 0.273342282 1.79829729
v 0.354501516 0.293067634 1.7887547
v 0.35023421 0.275576174 1.7781328
v 0.265154213 0.301101059 1.84056664
v 0.284464985 0.309611797 1.83682001
v 0.261857033 0.346157223 1.84741426
v 0.281520635 0.350191653 1.84023261
v 0.2602669 0.369155258 1.84907472
v 0.27926448 0.370761096 1.84048367
v 0.265154213 0.301101059 1.84056664
v 0.327645838 0.329527587 1.736817
v 0.35023421 0.275576174 1.7781328
v 0.354501516 0.293067634 1.7887547
v 0.323572218 0.311998278 1.72618568
v 0.344763666 0.0254956055 1.92935884
v 0.337174952 0.11469055 1.94095457
v 0.34381029 0.114650875 1.92829192
v 0.338074327 0.0259082019 1.9420588
v 0.358859897 0.0253515616 1.92042542
v 0.358038574 0.114721067 1.91923594
v 0.398928374 0.0248748772 1.89985633
v 0.398144066 0.114459835 1.89801323
v 0.336599231 0.0263812244 1.95908546
v 0.335740834 0.11483337 1.9579742
v 0.349498868 0.0571990944 1.99132264
v 0.350447416 0.0887255818 1.99102533
v 0.357468724 0.0736547858 2.00705934
v 0.316517204 0.114417724 1.93485725
v 0.328683496 0.0251550283 1.91452134
v 0.327706754 0.114301145 1.91347802
v 0.31744194 0.0256323237 1.93589842
v 0.315173358 0.0262207016 1.95997846
v 0.314328194 0.114628904 1.95889938
v 0.329162776 0.0570996068 1.99774587
v 0.330134243 0.0886242688 1.99749625
v 0.338583052 0.0735980198 2.01603866
v 0.338074327 0.0259082019 1.9420588
v 0.328683496 0.0251550283 1.91452134
v 0.31744194 0.0256323237 1.93589842
v 0.344763666 0.0254956055 1.92935884
v 0.348391861 0.0250146482 1.90205979
v 0.358859897 0.0253515616 1.92042542
v 0.389344782 0.0244812015 1.88127792
v 0.398928374 0.0248748772 1.89985633
v 0.336599231 0.0263812244 1.95908546
v 0.315173358 0.0262207016 1.95997846
v 0.349498868 0.0571990944 1.99132264
v 0.329162776 0.0570996068 1.99774587
v 0.357468724 0.0736547858 2.00705934
v 0.338583052 0.0735980198 2.01603866
v 0.34381029 0.114650875 1.92829192
v 0.316517204 0.114417724 1.93485725
v 0.327706754 0.114301145 1.91347802
v 0.337174952 0.11469055 1.94095457
v 0.358038574 0.114721067 1.91923594
v 0.34749034 0.114322506 1.90094411
v 0.398144066 0.114459835 1.89801323
v 0.388404697 0.113951415 1.87951875
v 0.314328194 0.114628904 1.95889938
v 0.335740834 0.11483337 1.9579742
v 0.330134243 0.0886242688 1.99749625
v 0.314328194 0.114628904 1.95889938
v 0.350447416 0.0887255818 1.99102533
v 0.338583052 0.0735980198 2.01603866
v 0.357468724 0.0736547858 2.00705934
v 0.398928374 0.0248748772 1.89985633
v 0.388404697 0.113951415 1.87951875
v 0.389344782 0.0244812015 1.88127792
v 0.398144066 0.114459835 1.89801323
v 0.29736346 -0.15555419 1.78230917
v 0.314758569 -0.126093745 1.84363973
v 0.32374838 -0.119753413 1.83451366
v 0.288429111 -0.161753535 1.79168761
v 0.31203419 -0.155200198 1.77436113
v 0.338631392 -0.119284056 1.826594
v 0.352532059 -0.157733157 1.75481045
v 0.379387856 -0.12127319 1.80674803
v 0.283083528 -0.1733374 1.80306745
v 0.309351355 -0.137817994 1.85481346
v 0.295954555 -0.190441892 1.83991182
v 0.306407034 -0.178397208 1.85822618
v 0.304150879 -0.198967278 1.85847712
v 0.297821313 -0.112819821 1.8427459
v 0.286616862 -0.137918696 1.77509272
v 0.312972397 -0.102128901 1.82731044
v 0.271529049 -0.148444816 1.790748
v 0.26378265 -0.164780274 1.80682218
v 0.290040612 -0.129307255 1.85856009
v 0.276282966 -0.186362296 1.84706783
v 0.286743432 -0.174362794 1.86540771
v 0.2851533 -0.197361439 1.86706829
v 0.288429111 -0.161753535 1.79168761
v 0.286616862 -0.137918696 1.77509272
v 0.271529049 -0.148444816 1.790748
v 0.29736346 -0.15555419 1.78230917
v 0.307139933 -0.137420654 1.76403439
v 0.31203419 -0.155200198 1.77436113
v 0.348458499 -0.140203848 1.74417937
v 0.352532059 -0.157733157 1.75481045
v 0.283083528 -0.1733374 1.80306745
v 0.26378265 -0.164780274 1.80682218
v 0.295954555 -0.190441892 1.83991182
v 0.26378265 -0.164780274 1.80682218
v 0.276282966 -0.186362296 1.84706783
v 0.304150879 -0.198967278 1.85847712
v 0.2851533 -0.197361439 1.86706829
v 0.32374838 -0.119753413 1.83451366
v 0.297821313 -0.112819821 1.8427459
v 0.312972397 -0.102128901 1.82731044
v 0.314758569 -0.126093745 1.84363973
v 0.338631392 -0.119284056 1.826594
v 0.333629251 -0.101547852 1.81629074
v 0.379387856 -0.12127319 1.80674803
v 0.37512055 -0.103782348 1.79612601
v 0.290040612 -0.129307255 1.85856009
v 0.309351355 -0.137817994 1.85481346
v 0.286743432 -0.174362794 1.86540771
v 0.290040612 -0.129307255 1.85856009
v 0.306407034 -0.178397208 1.85822618
v 0.2851533 -0.197361439 1.86706829
v 0.304150879 -0.198967278 1.85847712
v 0.352532059 -0.157733157 1.75481045
v 0.37512055 -0.103782348 1.79612601
v 0.348458499 -0.140203848 1.74417937
v 0.379387856 -0.12127319 1.80674803
v 0.329436749 -0.0677069053 1.85687816
v 0.317165792 0.0616564937 1.94559383
v 0.391342044 0.065019533 1.88033783
v 0.284858674 -0.0111865234 1.91430771
v 0.335973114 0.211347654 1.85953104
v 0.288068116 0.15265502 1.91765714
v 0.218301952 -0.0555517562 1.91006267
v 0.212745085 -0.103469849 1.88039243
v 0.448774219 0.0723089576 1.83738458
v 0.425246298 -0.0630572513 1.79573107
v 0.435233325 0.203637689 1.79900205
v 0.332799703 0.302230835 1.74834716
v 0.211535335 0.232212514 1.89334929
v 0.196263507 0.296196878 1.79101455
v 0.388530612 0.297672719 1.7314651
v 0.385669708 -0.141943961 1.72553003
v 0.320923388 -0.15049988 1.74242127
v 0.49713397 -0.0649395734 1.7543515
v 0.457853675 -0.14027527 1.69578469
v 0.512608647 0.0738983154 1.79391623
v 0.49713397 -0.0649395734 1.7543515
v 0.499540597 0.203475341 1.75762963
v 0.457651764 0.293803096 1.6953671
v 0.352970302 0.342020243 1.65634751
v 0.315464616 0.347037345 1.66049623
v 0.316587985 -0.180520624 1.65651166
v 0.194526553 -0.141787723 1.78832901
v 0.164234191 -0.15906249 1.636338
v 0.301034033 -0.170324698 1.59458888
v 0.349463761 -0.177720949 1.65387535
v 0.419415742 -0.166956782 1.6196835
v 0.383459926 -0.17152831 1.55817437
v 0.300997168 -0.185147092 1.58610618
v 0.304986835 0.349122912 1.58020687
v 0.163547054 0.325040281 1.63249326
v 0.382770389 0.341746807 1.54983425
v 0.421359122 0.331816405 1.61954665
v 0.457651764 0.293803096 1.6953671
v 0.194526553 -0.141787723 1.78832901
v 0.212745085 -0.103469849 1.88039243
v 0.284858674 -0.0111865234 1.91430771
v 0.299226612 0.0627929643 1.90098464
v 0.317165792 0.0616564937 1.94559383
v 0.273361921 0.00907653756 1.87472808
v 0.218301952 -0.0555517562 1.91006267
v 0.20821701 -0.0308551025 1.8623271
v 0.288068116 0.15265502 1.91765714
v 0.274395585 0.139548942 1.87306452
v 0.317165792 0.0616564937 1.94559383
v 0.218456641 0.178874508 1.91246808
v 0.208898962 0.158707276 1.86788476
v 0.288068116 0.15265502 1.91765714
v 0.198431507 0.247962639 1.78325903
v 0.163547054 0.325040281 1.63249326
v 0.196263507 0.296196878 1.79101455
v 0.1671426 0.266091317 1.62608075
v 0.206354901 0.19705078 1.85266244
v 0.218456641 0.178874508 1.91246808
v 0.211535335 0.232212514 1.89334929
v 0.208898962 0.158707276 1.86788476
v 0.196263507 0.296196878 1.79101455
v 0.167828023 -0.0996569768 1.63284421
v 0.194526553 -0.141787723 1.78832901
v 0.164234191 -0.15906249 1.636338
v 0.194453076 -0.0916143805 1.7783488
v 0.212745085 -0.103469849 1.88039243
v 0.209454194 -0.0688897669 1.84742117
v 0.218301952 -0.0555517562 1.91006267
v 0.20821701 -0.0308551025 1.8623271
v 0.218456641 0.178874508 1.91246808
v 0.288068116 0.15265502 1.91765714
v 0.211535335 0.232212514 1.89334929
v 0.457853675 -0.14027527 1.69578469
v 0.419415742 -0.166956782 1.6196835
v 0.301034033 -0.170324698 1.59458888
v 0.316587985 -0.180520624 1.65651166
v 0.300997168 -0.185147092 1.58610618
v 0.294938773 -0.122746579 1.58636701
v 0.294938773 -0.122746579 1.58636701
v 0.296230495 -0.122232661 1.59402382
v 0.196263507 0.296196878 1.79101455
v 0.383459926 -0.17152831 1.55817437
v 0.294938773 -0.122746579 1.58636701
v 0.300997168 -0.185147092 1.58610618
v 0.379282266 -0.129793704 1.56120908
v 0.246291235 0.27678588 1.60214806
v 0.1671426 0.266091317 1.62608075
v 0.251783371 0.24204284 1.6882937
v 0.198431507 0.247962639 1.78325903
v 0.206354901 0.19705078 1.85266244
v 0.327896595 0.154649049 1.73901701
v 0.208898962 0.158707276 1.86788476
v 0.332161903 0.198764041 1.62257171
v 0.372606844 0.154573977 1.64613068
v 0.409193605 0.0784106404 1.66210139
v 0.349891841 0.0751629621 1.7681973
v 0.299226612 0.0627929643 1.90098464
v 0.274395585 0.139548942 1.87306452
v 0.208898962 0.158707276 1.86788476
v 0.332251996 -0.00870361272 1.74227226
v 0.273361921 0.00907653756 1.87472808
v 0.20821701 -0.0308551025 1.8623271
v 0.209454194 -0.0688897669 1.84742117
v 0.194453076 -0.0916143805 1.7783488
v 0.240564004 -0.0828643814 1.68227077
v 0.380037248 0.189727172 1.53907883
v 0.410653919 0.139766231 1.57314909
v 0.428717941 0.0780908167 1.58526075
v 0.407343596 0.0125329588 1.57268846
v 0.376018941 0.00789672788 1.65090406
v 0.335086703 -0.0331866443 1.62558103
v 0.450652122 0.0292468257 1.47795105
v 0.45882076 0.0754675269 1.48748958
v 0.426221788 -0.00206359848 1.46086025
v 0.374590755 -0.0295989979 1.5353173
v 0.377023727 -0.0178283695 1.42897868
v 0.328982085 -0.0318566896 1.49517488
v 0.452846944 0.116728514 1.47642052
v 0.425393015 0.156674802 1.46054411
v 0.327532977 0.196824342 1.49572992
v 0.370172083 0.172699586 1.42836714
v 0.274365574 0.232624501 1.5631268
v 0.275770158 -0.0656536818 1.56526816
v 0.242510408 0.236298829 1.55315721
v 0.242510408 0.236298829 1.55315721
v 0.240564004 -0.0828643814 1.68227077
v 0.243343428 -0.0701513663 1.55321801
v 0.24044098 -0.106058955 1.61061919
v 0.167828023 -0.0996569768 1.63284421
v 0.457853675 -0.14027527 1.69578469
v 0.448767573 -0.014539184 1.67825508
v 0.432438225 -0.0618811026 1.65155494
v 0.49713397 -0.0649395734 1.7543515
v 0.462941349 0.0788024887 1.70152605
v 0.512608647 0.0738983154 1.79391623
v 0.448587894 0.174021602 1.67770636
v 0.419415742 -0.166956782 1.6196835
v 0.413281292 -0.106601559 1.61754119
v 0.379282266 -0.129793704 1.56120908
v 0.383459926 -0.17152831 1.55817437
v 0.512608647 0.0738983154 1.79391623
v 0.499540597 0.203475341 1.75762963
v 0.428649485 0.237832025 1.64313042
v 0.457651764 0.293803096 1.6953671
v 0.421359122 0.331816405 1.61954665
v 0.40826121 0.267936409 1.61062789
v 0.382770389 0.341746807 1.54983425
v 0.375303656 0.293947756 1.54916847
v 0.304986835 0.349122912 1.58020687
v 0.375303656 0.293947756 1.54916847
v 0.382770389 0.341746807 1.54983425
v 0.295575261 0.286571026 1.58333802
v 0.246291235 0.27678588 1.60214806
v 0.163547054 0.325040281 1.63249326
v 0.1671426 0.266091317 1.62608075
v 0.240564004 -0.0828643814 1.68227077
v 0.24044098 -0.106058955 1.61061919
v 0.243343428 -0.0701513663 1.55321801
v 0.240163222 -0.119924925 1.55596066
v 0.23975651 -0.11676269 1.61126018
v 0.294938773 -0.122746579 1.58636701
v 0.379282266 -0.129793704 1.56120908
v 0.337621868 -0.13144958 1.53230011
v 0.43954891 -0.12271484 1.49658382
v 0.461279005 -0.118884273 1.53707898
v 0.487243533 -0.0836767554 1.58812773
v 0.413281292 -0.106601559 1.61754119
v 0.432438225 -0.0618811026 1.65155494
v 0.448767573 -0.014539184 1.67825508
v 0.513617456 -0.0195526127 1.63222933
v 0.52438122 0.0793627948 1.65508568
v 0.462941349 0.0788024887 1.70152605
v 0.448587894 0.174021602 1.67770636
v 0.510950506 0.183973998 1.63234401
v 0.428649485 0.237832025 1.64313042
v 0.487661988 0.242179558 1.59031093
v 0.40826121 0.267936409 1.61062789
v 0.441398263 0.292388916 1.49139595
v 0.375303656 0.293947756 1.54916847
v 0.441398263 0.292388916 1.49139595
v 0.337465078 0.299256593 1.52941465
v 0.295575261 0.286571026 1.58333802
v 0.337465078 0.299256593 1.52941465
v 0.239780456 0.285690904 1.55271089
v 0.239780456 0.285690904 1.55271089
v 0.246291235 0.27678588 1.60214806
v 0.296230495 -0.122232661 1.59402382
v 0.164234191 -0.15906249 1.636338
v 0.301034033 -0.170324698 1.59458888
v 0.23975651 -0.11676269 1.61126018
v 0.167828023 -0.0996569768 1.63284421
v 0.24044098 -0.106058955 1.61061919
v 0.239780456 0.285690904 1.55271089
v 0.246291235 0.27678588 1.60214806
v 0.242510408 0.236298829 1.55315721
v 0.251783371 0.24204284 1.6882937
v 0.240163222 -0.119924925 1.55596066
v 0.23975651 -0.11676269 1.61126018
v 0.296230495 -0.122232661 1.59402382
v 0.337228537 -0.0844268799 1.53066123
v 0.240163222 -0.119924925 1.55596066
v 0.337621868 -0.13144958 1.53230011
v 0.296597332 -0.0825634748 1.54059792
v 0.432650775 -0.071754761 1.49725246
v 0.43954891 -0.12271484 1.49658382
v 0.296257973 -0.0762976035 1.54043484
v 0.243343428 -0.0701513663 1.55321801
v 0.45887664 0.0149346916 1.5845505
v 0.487243533 -0.0836767554 1.58812773
v 0.513617456 -0.0195526127 1.63222933
v 0.459124714 -0.0236181635 1.55556154
v 0.52438122 0.0793627948 1.65508568
v 0.473345608 0.0772308335 1.60273707
v 0.459637314 0.157849118 1.57475412
v 0.510950506 0.183973998 1.63234401
v 0.461279005 -0.118884273 1.53707898
v 0.445493698 -0.0502532944 1.52326822
v 0.432650775 -0.071754761 1.49725246
v 0.43954891 -0.12271484 1.49658382
v 0.441501468 0.193537593 1.54722714
v 0.487661988 0.242179558 1.59031093
v 0.42710939 0.226320803 1.48754609
v 0.441398263 0.292388916 1.49139595
v 0.335372537 0.246495351 1.52682829
v 0.441398263 0.292388916 1.49139595
v 0.337465078 0.299256593 1.52941465
v 0.42710939 0.226320803 1.48754609
v 0.297816128 0.246565551 1.53797364
v 0.239780456 0.285690904 1.55271089
v 0.337465078 0.299256593 1.52941465
v 0.242510408 0.236298829 1.55315721
v 0.29613179 0.237222895 1.53797257
v 0.239780456 0.285690904 1.55271089
v 0.275770158 -0.0656536818 1.56526816
v 0.296257973 -0.0762976035 1.54043484
v 0.328982085 -0.0318566896 1.49517488
v 0.296597332 -0.0825634748 1.54059792
v 0.381608754 -0.0940386951 1.4300375
v 0.377023727 -0.0178283695 1.42897868
v 0.332077891 -0.0886669904 1.49727917
v 0.296597332 -0.0825634748 1.54059792
v 0.332077891 -0.0886669904 1.49727917
v 0.296597332 -0.0825634748 1.54059792
v 0.337228537 -0.0844268799 1.53066123
v 0.332077891 -0.0886669904 1.49727917
v 0.432650775 -0.071754761 1.49725246
v 0.447114438 -0.0689233392 1.4793942
v 0.381608754 -0.0940386951 1.4300375
v 0.493177444 -0.0141656492 1.51150179
v 0.432650775 -0.071754761 1.49725246
v 0.445493698 -0.0502532944 1.52326822
v 0.459124714 -0.0236181635 1.55556154
v 0.45887664 0.0149346916 1.5845505
v 0.511686683 0.0719470233 1.52582872
v 0.473345608 0.0772308335 1.60273707
v 0.459637314 0.157849118 1.57475412
v 0.492584258 0.157792971 1.51156342
v 0.450918198 0.215945423 1.48041499
v 0.441501468 0.193537593 1.54722714
v 0.42710939 0.226320803 1.48754609
v 0.333497941 0.252943099 1.49648619
v 0.37847349 0.250697613 1.42692626
v 0.335372537 0.246495351 1.52682829
v 0.335372537 0.246495351 1.52682829
v 0.297816128 0.246565551 1.53797364
v 0.42710939 0.226320803 1.48754609
v 0.333497941 0.252943099 1.49648619
v 0.493177444 -0.0141656492 1.51150179
v 0.45882076 0.0754675269 1.48748958
v 0.450652122 0.0292468257 1.47795105
v 0.511686683 0.0719470233 1.52582872
v 0.447114438 -0.0689233392 1.4793942
v 0.426221788 -0.00206359848 1.46086025
v 0.381608754 -0.0940386951 1.4300375
v 0.377023727 -0.0178283695 1.42897868
v 0.452846944 0.116728514 1.47642052
v 0.492584258 0.157792971 1.51156342
v 0.425393015 0.156674802 1.46054411
v 0.450918198 0.215945423 1.48041499
v 0.37847349 0.250697613 1.42692626
v 0.370172083 0.172699586 1.42836714
v 0.370172083 0.172699586 1.42836714
v 0.333497941 0.252943099 1.49648619
v 0.327532977 0.196824342 1.49572992
v 0.37847349 0.250697613 1.42692626
v 0.29613179 0.237222895 1.53797257
v 0.274365574 0.232624501 1.5631268
v 0.297816128 0.246565551 1.53797364
v 0.242510408 0.236298829 1.55315721
v 0.274365574 0.232624501 1.5631268
v 0.29613179 0.237222895 1.53797257
v 0.275770158 -0.0656536818 1.56526816
v 0.243343428 -0.0701513663 1.55321801
v 0.296257973 -0.0762976035 1.54043484
vt 0.202205226 0.531722188
vt 0.190291882 0.491078734
vt 0.192137465 0.53264004
vt 0.200516328 0.491413116
vt 0.179154798 0.492358983
vt 0.179729968 0.532079577
vt 0.152476862 0.493701279
vt 0.154043764 0.533522069
vt 0.211425379 0.491954565
vt 0.21279268 0.530689716
vt 0.232666373 0.504821122
vt 0.233244941 0.518897593
vt 0.243254825 0.512304664
vt 0.267003864 0.385775626
vt 0.268979609 0.342344612
vt 0.255098224 0.346836835
vt 0.281086743 0.38104856
vt 0.293905467 0.376645893
vt 0.281721205 0.338149965
vt 0.313339949 0.35556975
vt 0.309409171 0.34169808
vt 0.322987288 0.344492108
vt 0.189716235 0.478588849
vt 0.200516328 0.491413116
vt 0.201944381 0.479292601
vt 0.190291882 0.491078734
vt 0.178210795 0.477136195
vt 0.179154798 0.492358983
vt 0.151608542 0.482081264
vt 0.152476862 0.493701279
vt 0.211425379 0.491954565
vt 0.214241013 0.480799854
vt 0.213825405 0.479772389
vt 0.232666373 0.504821122
vt 0.238298088 0.493805945
vt 0.243254825 0.512304664
vt 0.250077397 0.502177477
vt 0.204323664 0.543956637
vt 0.192137465 0.53264004
vt 0.192508698 0.545172155
vt 0.202205226 0.531722188
vt 0.179729968 0.532079577
vt 0.181177303 0.547419608
vt 0.154043764 0.533522069
vt 0.154187441 0.545176983
vt 0.216291949 0.541563869
vt 0.21279268 0.530689716
vt 0.238593161 0.52996707
vt 0.214322478 0.543055236
vt 0.233244941 0.518897593
vt 0.250150681 0.52251941
vt 0.243254825 0.512304664
vt 0.141973764 0.533965945
vt 0.152476862 0.493701279
vt 0.140374541 0.49377048
vt 0.154043764 0.533522069
vt 0.0854710564 0.518137634
vt 0.0758854374 0.552473664
vt 0.0839123428 0.55249697
vt 0.0775294825 0.517676771
vt 0.0667920709 0.551694214
vt 0.0683623552 0.517757058
vt 0.0441292785 0.550681949
vt 0.0455549248 0.516879857
vt 0.0926836506 0.551980793
vt 0.0941073671 0.519135773
vt 0.110792287 0.541210949
vt 0.111377597 0.529277682
vt 0.119826347 0.534935117
vt 0.275607347 0.450988263
vt 0.291643322 0.41354984
vt 0.265899301 0.441639155
vt 0.301444948 0.42277509
vt 0.256223023 0.432230175
vt 0.281878352 0.404281914
vt 0.248604953 0.406952828
vt 0.257521421 0.396757036
vt 0.244968772 0.393789947
vt 0.0752369761 0.563578367
vt 0.0839123428 0.55249697
vt 0.0758854374 0.552473664
vt 0.0854604468 0.563278496
vt 0.0654512793 0.562014997
vt 0.0667920709 0.551694214
vt 0.0433231629 0.560647249
vt 0.0441292785 0.550681949
vt 0.0926836506 0.551980793
vt 0.0964606255 0.561094463
vt 0.0952649564 0.562277019
vt 0.110792287 0.541210949
vt 0.115635239 0.550597489
vt 0.119826347 0.534935117
vt 0.125542432 0.54357779
vt 0.0877466872 0.507470787
vt 0.0775294825 0.517676771
vt 0.0854710564 0.518137634
vt 0.0776586905 0.506536305
vt 0.0683623552 0.517757058
vt 0.0678262264 0.50741744
vt 0.0455549248 0.516879857
vt 0.0455703549 0.506811678
vt 0.0985207483 0.510351181
vt 0.0941073671 0.519135773
vt 0.1161111 0.519918501
vt 0.111377597 0.529277682
vt 0.12574251 0.526310503
vt 0.119826347 0.534935117
vt 0.0963073075 0.508700013
vt 0.0351892225 0.516479313
vt 0.0441292785 0.550681949
vt 0.0455549248 0.516879857
vt 0.0337505639 0.550575256
vt 0.131268159 0.45858556
vt 0.135650665 0.412215322
vt 0.122172385 0.456421435
vt 0.144517928 0.415599555
vt 0.125534728 0.409939349
vt 0.111494265 0.452167809
vt 0.106287785 0.404507309
vt 0.0930867121 0.44704482
vt 0.153934807 0.41937682
vt 0.140854746 0.460848987
vt 0.167779043 0.439598918
vt 0.163086027 0.454622746
vt 0.174317151 0.450667739
vt 0.34581691 0.366479278
vt 0.329804063 0.416509002
vt 0.344751388 0.416700929
vt 0.330596656 0.366482526
vt 0.316710979 0.366603255
vt 0.316060603 0.41641736
vt 0.29098618 0.383670032
vt 0.290304959 0.40143913
vt 0.278016061 0.392849296
vt 0.138936847 0.401078969
vt 0.144517928 0.415599555
vt 0.149440423 0.405405849
vt 0.135650665 0.412215322
vt 0.129273117 0.396285355
vt 0.125534728 0.409939349
vt 0.108965032 0.394086212
vt 0.106287785 0.404507309
vt 0.153934807 0.41937682
vt 0.159767568 0.41043824
vt 0.160780028 0.410126656
vt 0.167779043 0.439598918
vt 0.176770687 0.432473868
vt 0.174317151 0.450667739
vt 0.183924928 0.444669098
vt 0.129514664 0.469961643
vt 0.122172385 0.456421435
vt 0.118736751 0.467567325
vt 0.131268159 0.45858556
vt 0.111494265 0.452167809
vt 0.108062975 0.466077656
vt 0.0930867121 0.44704482
vt 0.0896626487 0.457220882
vt 0.140719756 0.471422136
vt 0.140854746 0.460848987
vt 0.165494248 0.465750486
vt 0.139659554 0.472337693
vt 0.163086027 0.454622746
vt 0.178250328 0.461401641
vt 0.174317151 0.450667739
vt 0.0823859349 0.44373852
vt 0.106287785 0.404507309
vt 0.0956882611 0.400814533
vt 0.0930867121 0.44704482
vt 0.389725477 0.887443423
vt 0.315184027 0.843778133
vt 0.361966729 0.836876571
vt 0.312880546 0.889262915
vt 0.226639241 0.888636291
vt 0.25876826 0.836514533
vt 0.223870218 0.784534872
vt 0.1992255 0.795662701
vt 0.141379923 0.896330357
vt 0.128535241 0.819898784
vt 0.0832083449 0.910550892
vt 0.403780669 0.790591478
vt 0.429338336 0.804027915
vt 0.488978922 0.823073864
vt 0.477153599 0.897043943
vt 0.308671117 0.938796341
vt 0.386637598 0.935091794
vt 0.232425541 0.934556067
vt 0.466341943 0.933289111
vt 0.150418103 0.931109846
vt 0.0938049629 0.929530144
vt 0.52890408 0.918063283
vt 0.576682508 0.848502398
vt 0.563493073 0.927045107
vt 0.517940521 0.934326649
vt 0.0344485641 0.840675592
vt 0.0440932177 0.923306763
vt 0.176931903 0.36009118
vt 0.13169311 0.369312167
vt 0.168048739 0.386454821
vt 0.130634367 0.343307108
vt 0.0763990954 0.36657536
vt 0.0861814171 0.393801987
vt 0.025397934 0.3999587
vt 0.037809778 0.426933557
vt 0.231695563 0.388280302
vt 0.222568944 0.416214406
vt 0.127232015 0.79131943
vt 0.0344485641 0.840675592
vt 0.029924348 0.806971133
vt 0.128535241 0.819898784
vt 0.191100881 0.772203684
vt 0.1992255 0.795662701
vt 0.223870218 0.784534872
vt 0.191100881 0.772203684
vt 0.207587466 0.757112861
vt 0.579135835 0.819480956
vt 0.488978922 0.823073864
vt 0.496676326 0.794333994
vt 0.576682508 0.848502398
vt 0.429338336 0.804027915
vt 0.4395926 0.782564878
vt 0.403780669 0.790591478
vt 0.422798812 0.766320407
vt 0.38686651 0.945740521
vt 0.308671117 0.938796341
vt 0.386637598 0.935091794
vt 0.307436705 0.946241021
vt 0.232425541 0.934556067
vt 0.233135596 0.946522713
vt 0.460539818 0.943808496
vt 0.466341943 0.933289111
vt 0.521488428 0.941840529
vt 0.517940521 0.934326649
vt 0.154777572 0.943422079
vt 0.150418103 0.931109846
vt 0.0894191563 0.938220918
vt 0.0938049629 0.929530144
vt 0.53148365 0.927275717
vt 0.517940521 0.934326649
vt 0.52890408 0.918063283
vt 0.521488428 0.941840529
vt 0.0894191563 0.938220918
vt 0.0832083449 0.910550892
vt 0.0938049629 0.929530144
vt 0.0807674155 0.919344783
vt 0.30648309 0.99082154
vt 0.233135596 0.946522713
vt 0.307436705 0.946241021
vt 0.231935948 0.991780102
vt 0.38686651 0.945740521
vt 0.393274337 0.990715504
vt 0.460758001 0.988622308
vt 0.460539818 0.943808496
vt 0.521488428 0.941840529
vt 0.516864538 0.986235321
vt 0.556390703 0.987027466
vt 0.567104816 0.938671231
vt 0.154777572 0.943422079
vt 0.153826103 0.990310311
vt 0.0895286724 0.982403457
vt 0.0894191563 0.938220918
vt 0.0438795984 0.979706943
vt 0.039302215 0.93258363
vt 0.0807674155 0.919344783
vt 0.53148365 0.927275717
vt 0.563493073 0.927045107
vt 0.53148365 0.927275717
vt 0.52890408 0.918063283
vt 0.567104816 0.938671231
vt 0.0807674155 0.919344783
vt 0.0440932177 0.923306763
vt 0.0832083449 0.910550892
vt 0.039302215 0.93258363
vt 0.43989107 0.35690555
vt 0.524479032 0.338373899
vt 0.517243385 0.308724016
vt 0.462948233 0.379370093
vt 0.404008389 0.41692248
vt 0.441138804 0.419871211
vt 0.421437204 0.475056112
vt 0.402438611 0.475944787
vt 0.426601738 0.515433848
vt 0.405148119 0.518285573
vt 0.594218493 0.307763189
vt 0.598353267 0.334777057
vt 0.644685507 0.357583165
vt 0.669447899 0.333657235
vt 0.688842416 0.397134244
vt 0.712317109 0.384915054
vt 0.73740977 0.426350921
vt 0.712712467 0.440092057
vt 0.0175724868 0.980771124
vt 0.039302215 0.93258363
vt 0.0438795984 0.979706943
vt 0.00528411008 0.934268713
vt 0.0160174388 0.92007941
vt 0.014660893 0.909927368
vt 0.0440932177 0.923306763
vt 0.0344485641 0.840675592
vt 0.00142955966 0.844634593
vt 0.00952531584 0.91014266
vt 0.00528411008 0.934268713
vt 0.0324709713 0.927612364
vt 0.039302215 0.93258363
vt 0.00444066245 0.929708123
vt 0.5755651 0.993228137
vt 0.567104816 0.938671231
vt 0.597697318 0.948508263
vt 0.556390703 0.987027466
vt 0.600363553 0.941906035
vt 0.567104816 0.938671231
vt 0.578417003 0.937550843
vt 0.597697318 0.948508263
vt 0.134768322 0.0620416775
vt 0.136737064 0.000122856349
vt 0.127581879 0.000745693222
vt 0.10701105 0.0236085951
vt 0.10513591 0.0694042295
vt 0.0873115361 0.0287392959
vt 0.0647110865 0.0430030338
vt 0.0755104646 0.0853315368
vt 0.0349505991 0.0373442285
vt 0.0296654738 0.0428729318
vt 0.139858246 0.0936268345
vt 0.115857348 0.103246219
vt 0.0937788114 0.112588719
vt 0.168885008 0.0905725658
vt 0.168903261 0.061285466
vt 0.192808717 0.0887932554
vt 0.0708516315 0.13393195
vt 0.0504591241 0.113930933
vt 0.0296654738 0.0428729318
vt 0.019231433 0.0752034932
vt 7.60671683E-05 0.125727832
vt 0.0322675519 0.14228487
vt 0.148113355 0.121257737
vt 0.16909191 0.118322
vt 0.190769762 0.100038327
vt 0.188558772 0.121182024
vt 0.153465882 0.148559257
vt 0.171730712 0.144015312
vt 0.171226129 0.15950802
vt 0.158688292 0.163553193
vt 0.138052166 0.152077243
vt 0.144579783 0.166901052
vt 0.124591768 0.16052112
vt 0.133872449 0.173917204
vt 0.108436361 0.170462683
vt 0.121275395 0.18105109
vt 0.0913260505 0.18729201
vt 0.110384054 0.189462066
vt 0.0914973766 0.183368668
vt 0.0914985389 0.153017327
vt 0.0780797675 0.17177403
vt 0.108613998 0.138944834
vt 0.127252355 0.129596531
vt 0.0610932708 0.159067318
vt 0.0510950163 0.152504727
vt 0.0419250354 0.157813504
vt 0.0510950163 0.152504727
vt 0.593248308 0.918538451
vt 0.576682508 0.848502398
vt 0.604416549 0.853707254
vt 0.587675333 0.917524397
vt 0.563493073 0.927045107
vt 0.58585155 0.927211046
vt 0.530226827 0.728560388
vt 0.541938126 0.689025342
vt 0.497787476 0.702804327
vt 0.474513739 0.74604243
vt 0.438304633 0.711464703
vt 0.431468099 0.756779432
vt 0.361404657 0.761786103
vt 0.362396389 0.7167418
vt 0.289525539 0.71200031
vt 0.292514741 0.760417759
vt 0.24686709 0.746116161
vt 0.217755362 0.697979808
vt 0.193916664 0.725158632
vt 0.168461412 0.696714282
vt 0.180646151 0.686028957
vt 0.151447669 0.704286039
vt 0.530226827 0.728560388
vt 0.555209637 0.697972298
vt 0.567847013 0.710493863
vt 0.5755741 0.683386683
vt 0.604174197 0.748712718
vt 0.625985086 0.743119836
vt 0.599622965 0.754475415
vt 0.606621504 0.761855841
vt 0.163792983 0.689478636
vt 0.139012203 0.670591176
vt 0.155972913 0.693691134
vt 0.142381772 0.664281607
vt 0.178365707 0.677861512
vt 0.168461412 0.696714282
vt 0.180646151 0.686028957
vt 0.163792983 0.689478636
vt 0.178365707 0.677861512
vt 0.217755362 0.697979808
vt 0.228351519 0.691680491
vt 0.180646151 0.686028957
vt 0.289525539 0.71200031
vt 0.290939122 0.705034852
vt 0.363364011 0.710704505
vt 0.362396389 0.7167418
vt 0.438304633 0.711464703
vt 0.437054992 0.703258634
vt 0.496795177 0.690001011
vt 0.497787476 0.702804327
vt 0.541938126 0.689025342
vt 0.543761969 0.680288434
vt 0.437054992 0.703258634
vt 0.48986122 0.657427013
vt 0.434534401 0.669871509
vt 0.496795177 0.690001011
vt 0.362747878 0.676852882
vt 0.363364011 0.710704505
vt 0.543761969 0.680288434
vt 0.530258596 0.64799279
vt 0.553761303 0.690590858
vt 0.574240446 0.67493403
vt 0.560788691 0.639731109
vt 0.290939122 0.705034852
vt 0.297189415 0.67025739
vt 0.228351519 0.691680491
vt 0.237178266 0.658228159
vt 0.192004085 0.645413637
vt 0.178365707 0.677861512
vt 0.159921497 0.632783651
vt 0.150500298 0.651239574
vt 0.163792983 0.689478636
vt 0.142381772 0.664281607
vt 0.555209637 0.697972298
vt 0.543761969 0.680288434
vt 0.541938126 0.689025342
vt 0.553761303 0.690590858
vt 0.5755741 0.683386683
vt 0.553761303 0.690590858
vt 0.555209637 0.697972298
vt 0.574240446 0.67493403
vt 0.330366731 0.494028926
vt 0.350848883 0.45449248
vt 0.338159323 0.434602827
vt 0.615360558 0.687006593
vt 0.5755741 0.683386683
vt 0.625985086 0.743119836
vt 0.60754621 0.673611701
vt 0.652126431 0.720196545
vt 0.619666874 0.68620348
vt 0.616703689 0.680817962
vt 0.652075291 0.656525731
vt 0.642589986 0.689233243
vt 0.619558871 0.648923039
vt 0.619666874 0.68620348
vt 0.616703689 0.680817962
vt 0.192808717 0.0887932554
vt 0.202200815 0.0853570849
vt 0.205017269 0.0313756056
vt 0.161843628 0.0135326739
vt 0.196037561 0.0663897768
vt 0.603467643 0.419061512
vt 0.671739519 0.401082486
vt 0.636472046 0.366894186
vt 0.640115917 0.426897436
vt 0.5867697 0.414516658
vt 0.566263914 0.415641844
vt 0.572783709 0.352569938
vt 0.502177835 0.36471042
vt 0.533987105 0.42026335
vt 0.44679749 0.419532835
vt 0.509332657 0.448375642
vt 0.493827403 0.469149649
vt 0.4293648 0.477500767
vt 0.692652166 0.429806799
vt 0.663861573 0.447795898
vt 0.474023134 0.512534678
vt 0.437189698 0.520427287
vt 0.448462278 0.54976964
vt 0.476550937 0.537357926
vt 0.319239378 0.600869
vt 0.273393571 0.603047788
vt 0.27705726 0.613956153
vt 0.253789395 0.619342625
vt 0.221858233 0.605300426
vt 0.220401242 0.623682439
vt 0.173830822 0.604936481
vt 0.19125773 0.620915651
vt 0.172765791 0.618118882
vt 0.157301635 0.615133643
vt 0.124207079 0.605615199
vt 0.114846632 0.633871794
vt 0.110363349 0.653550744
vt 0.142381772 0.664281607
vt 0.150500298 0.651239574
vt 0.114846632 0.633871794
vt 0.122410685 0.636072874
vt 0.12985906 0.618637979
vt 0.159921497 0.632783651
vt 0.139012203 0.670591176
vt 0.142381772 0.664281607
vt 0.110363349 0.653550744
vt 0.60754621 0.673611701
vt 0.574240446 0.67493403
vt 0.5755741 0.683386683
vt 0.610222995 0.668892443
vt 0.0708516315 0.13393195
vt 0.0510950163 0.152504727
vt 0.0610932708 0.159067318
vt 0.375941545 0.463350177
vt 0.330366731 0.494028926
vt 0.36008063 0.502284348
vt 0.350848883 0.45449248
vt 0.324812651 0.529724181
vt 0.35707888 0.535416245
vt 0.075772278 0.621307552
vt 0.0897818804 0.619495571
vt 0.068148911 0.612192154
vt 0.0872719288 0.626236141
vt 0.0897818804 0.619495571
vt 0.0956324711 0.602861524
vt 0.068148911 0.612192154
vt 0.0710763782 0.586601734
vt 0.0944845229 0.583649337
vt 0.124207079 0.605615199
vt 0.12640509 0.579780579
vt 0.0956324711 0.602861524
vt 0.169750109 0.572915316
vt 0.173739702 0.597594559
vt 0.221672133 0.567619801
vt 0.222744375 0.594614148
vt 0.275288343 0.594773948
vt 0.277350903 0.567976654
vt 0.317080408 0.574973404
vt 0.319239378 0.600869
vt 0.341811568 0.598146439
vt 0.346581668 0.579559386
vt 0.319239378 0.600869
vt 0.352445781 0.61289084
vt 0.36770311 0.580937684
vt 0.341811568 0.598146439
vt 0.372840643 0.607602119
vt 0.36770311 0.580937684
vt 0.616703689 0.680817962
vt 0.60754621 0.673611701
vt 0.615360558 0.687006593
vt 0.616703689 0.680817962
vt 0.610222995 0.668892443
vt 0.60754621 0.673611701
vt 0.608386099 0.648157954
vt 0.616703689 0.680817962
vt 0.619558871 0.648923039
vt 0.239098862 0.480392754
vt 0.280539989 0.492211342
vt 0.256620258 0.456483781
vt 0.25802663 0.506382406
vt 0.168885008 0.0905725658
vt 0.190769762 0.100038327
vt 0.192808717 0.0887932554
vt 0.0129942279 0.575623155
vt 0.0251404196 0.606791079
vt 0.028203845 0.581429541
vt 0.0251404196 0.606791079
vt 0.0604455024 0.621223748
vt 0.068148911 0.612192154
vt 0.0303189307 0.613882899
vt 0.0604455024 0.621223748
vt 0.028203845 0.581429541
vt 0.068148911 0.612192154
vt 0.0710763782 0.586601734
vt 0.0251404196 0.606791079
vt 0.645099163 0.51140976
vt 0.694518983 0.525875211
vt 0.690262258 0.500450313
vt 0.647275507 0.529112279
vt 0.635697186 0.486584574
vt 0.678308904 0.467478931
vt 0.639699876 0.439650029
vt 0.613253832 0.46926406
vt 0.586789966 0.422249734
vt 0.588344336 0.46350807
vt 0.530436218 0.440941364
vt 0.560234427 0.470117062
vt 0.497495472 0.469414681
vt 0.541366935 0.487851679
vt 0.488057345 0.500755727
vt 0.533826947 0.510495782
vt 0.486234903 0.523905635
vt 0.532263398 0.526293874
vt 0.222744375 0.594614148
vt 0.173830822 0.604936481
vt 0.221858233 0.605300426
vt 0.173739702 0.597594559
vt 0.275288343 0.594773948
vt 0.273393571 0.603047788
vt 0.319239378 0.600869
vt 0.124207079 0.605615199
vt 0.413544565 0.593113363
vt 0.36770311 0.580937684
vt 0.372840643 0.607602119
vt 0.407412916 0.567241251
vt 0.365063012 0.620781064
vt 0.352445781 0.61289084
vt 0.35565865 0.62278527
vt 0.372840643 0.607602119
vt 0.372840643 0.607602119
vt 0.415960014 0.601524174
vt 0.413544565 0.593113363
vt 0.387132317 0.613076508
vt 0.188820198 0.138916731
vt 0.183464855 0.156962827
vt 0.188558772 0.121182024
vt 0.407412916 0.567241251
vt 0.422296137 0.593484402
vt 0.420442849 0.560902834
vt 0.407412916 0.567241251
vt 0.413544565 0.593113363
vt 0.0667049512 0.745081127
vt 0.0860391557 0.731840253
vt 0.0605188087 0.708370924
vt 0.070736967 0.748068392
vt 0.00988598727 0.785131037
vt 0.105267763 0.741681039
vt 0.139012203 0.670591176
vt 0.0860391557 0.731840253
vt 0.138088942 0.697705507
vt 0.155972913 0.693691134
vt 0.070736967 0.748068392
vt 0.196037561 0.0663897768
vt 0.168903261 0.061285466
vt 0.202200815 0.0853570849
vt 0.103670001 0.666679084
vt 0.0605188087 0.708370924
vt 0.0860391557 0.731840253
vt 0.139012203 0.670591176
vt 0.110363349 0.653550744
vt 0.110363349 0.653550744
vt 0.102152258 0.630831599
vt 0.103670001 0.666679084
vt 0.110363349 0.653550744
vt 0.114846632 0.633871794
vt 0.102152258 0.630831599
vt 0.105267763 0.741681039
vt 0.070736967 0.748068392
vt 0.0785994679 0.755025446
vt 0.296559095 0.539370477
vt 0.268437654 0.532813489
vt 0.293218881 0.544230878
vt 0.283349782 0.501403451
vt 0.283349782 0.501403451
vt 0.271232039 0.481957078
vt 0.239098862 0.480392754
vt 0.560788691 0.639731109
vt 0.595855713 0.648540676
vt 0.590147316 0.629032552
vt 0.574240446 0.67493403
vt 0.610222995 0.668892443
vt 0.608386099 0.648157954
vt 0.595855713 0.648540676
vt 0.574240446 0.67493403
vt 0.761396289 0.368293375
vt 0.772666395 0.322493911
vt 0.752063334 0.363190651
vt 0.782170117 0.327093184
vt 0.772441745 0.373295903
vt 0.792726696 0.333146244
vt 0.799211323 0.387007117
vt 0.819614828 0.347018987
vt 0.742265522 0.356938452
vt 0.762023985 0.318064004
vt 0.728375554 0.332728058
vt 0.73546952 0.318566144
vt 0.722028792 0.319610715
vt 0.723778963 0.624626458
vt 0.73950398 0.576922715
vt 0.722890854 0.577663064
vt 0.740379512 0.62407732
vt 0.706257522 0.57848388
vt 0.707175493 0.625245094
vt 0.678569973 0.595658064
vt 0.678493798 0.61235559
vt 0.664459109 0.604869425
vt 0.752063334 0.363190651
vt 0.755065978 0.381556451
vt 0.761396289 0.368293375
vt 0.743380189 0.374763429
vt 0.767261803 0.386020392
vt 0.772441745 0.373295903
vt 0.793516457 0.399059623
vt 0.799211323 0.387007117
vt 0.742265522 0.356938452
vt 0.73201555 0.365127593
vt 0.728375554 0.332728058
vt 0.732579648 0.367148459
vt 0.716668546 0.340418756
vt 0.722028792 0.319610715
vt 0.709800184 0.325874925
vt 0.782170117 0.327093184
vt 0.776963174 0.308688968
vt 0.772666395 0.322493911
vt 0.789258301 0.314141214
vt 0.792726696 0.333146244
vt 0.800076246 0.321557641
vt 0.819614828 0.347018987
vt 0.8261621 0.335377216
vt 0.762630522 0.305044651
vt 0.762023985 0.318064004
vt 0.736092448 0.304682225
vt 0.73546952 0.318566144
vt 0.720809042 0.305808157
vt 0.722028792 0.319610715
vt 0.766266704 0.304580718
vt 0.799211323 0.387007117
vt 0.831832886 0.353318155
vt 0.819614828 0.347018987
vt 0.811272204 0.393614829
vt 0.685187399 0.813928008
vt 0.688992321 0.874149561
vt 0.69927597 0.871931434
vt 0.674913228 0.816788614
vt 0.697081447 0.811580539
vt 0.710915446 0.868484914
vt 0.726274133 0.804294109
vt 0.740245163 0.861098707
vt 0.663868785 0.820547342
vt 0.677620888 0.87587899
vt 0.645831466 0.844991446
vt 0.650752008 0.864983737
vt 0.637201428 0.858418345
vt 0.76651299 0.696751475
vt 0.750464022 0.635289013
vt 0.749901831 0.696606994
vt 0.767089665 0.635682046
vt 0.783741295 0.636066437
vt 0.783133805 0.696874619
vt 0.81156671 0.657165349
vt 0.811754704 0.67885381
vt 0.825753629 0.668482661
vt 0.674913228 0.816788614
vt 0.681961 0.799550295
vt 0.669075668 0.803584039
vt 0.685187399 0.813928008
vt 0.694913745 0.79799509
vt 0.697081447 0.811580539
vt 0.723460376 0.791262448
vt 0.726274133 0.804294109
vt 0.663868785 0.820547342
vt 0.655148983 0.809520066
vt 0.645831466 0.844991446
vt 0.635022163 0.836093426
vt 0.637201428 0.858418345
vt 0.625804961 0.850752652
vt 0.69927597 0.871931434
vt 0.689870715 0.888583481
vt 0.703137875 0.886187434
vt 0.688992321 0.874149561
vt 0.710915446 0.868484914
vt 0.715404093 0.881460249
vt 0.740245163 0.861098707
vt 0.743965209 0.873936653
vt 0.675064683 0.888669252
vt 0.677620888 0.87587899
vt 0.646193027 0.878093898
vt 0.676413655 0.889959037
vt 0.650752008 0.864983737
vt 0.631044686 0.870836675
vt 0.637201428 0.858418345
vt 0.726274133 0.804294109
vt 0.753640532 0.857994497
vt 0.739601016 0.80087328
vt 0.740245163 0.861098707
vt 0.702322125 0.909507811
vt 0.713595152 0.955305994
vt 0.723098755 0.950706303
vt 0.692988098 0.914611161
vt 0.713367581 0.904504418
vt 0.733654439 0.944653034
vt 0.740136147 0.890791953
vt 0.760542631 0.930778921
vt 0.683189392 0.920864522
vt 0.702952683 0.959736526
vt 0.669302225 0.945077181
vt 0.676398158 0.959238052
vt 0.662957549 0.958195746
vt 0.706862509 0.74516958
vt 0.691123068 0.697470546
vt 0.69026196 0.744625509
vt 0.707736135 0.698206007
vt 0.724369466 0.69902128
vt 0.723465979 0.745782912
vt 0.752060771 0.716187656
vt 0.752142787 0.732885122
vt 0.766175568 0.725394726
vt 0.692988098 0.914611161
vt 0.695991755 0.896245182
vt 0.684305072 0.903038442
vt 0.702322125 0.909507811
vt 0.708186626 0.891780138
vt 0.713367581 0.904504418
vt 0.73444128 0.878739953
vt 0.740136147 0.890791953
vt 0.683189392 0.920864522
vt 0.672940373 0.912674904
vt 0.669302225 0.945077181
vt 0.673501611 0.910656273
vt 0.657595336 0.937387884
vt 0.662957549 0.958195746
vt 0.650727868 0.951932967
vt 0.723098755 0.950706303
vt 0.717891872 0.969110847
vt 0.730187058 0.963658452
vt 0.713595152 0.955305994
vt 0.733654439 0.944653034
vt 0.741004944 0.956241429
vt 0.760542631 0.930778921
vt 0.767089903 0.942419887
vt 0.70355922 0.972755432
vt 0.702952683 0.959736526
vt 0.677024007 0.973121881
vt 0.707197368 0.973219037
vt 0.676398158 0.959238052
vt 0.661739647 0.971998274
vt 0.662957549 0.958195746
vt 0.740136147 0.890791953
vt 0.772759676 0.924479365
vt 0.752197027 0.884183645
vt 0.760542631 0.930778921
vt 0.865230501 0.593942702
vt 0.826066136 0.679328263
vt 0.8867836 0.681223869
vt 0.820690453 0.627834737
vt 0.867183268 0.774326861
vt 0.821101487 0.739107549
vt 0.787988842 0.586053967
vt 0.80206418 0.556984544
vt 0.931575418 0.686279416
vt 0.933888316 0.598782301
vt 0.937738776 0.769888461
vt 0.901433945 0.853837669
vt 0.795322716 0.800676942
vt 0.816613317 0.867551446
vt 0.935563803 0.845686615
vt 0.939410329 0.530480146
vt 0.901506186 0.515942156
vt 0.984117687 0.600052774
vt 0.986035585 0.538648188
vt 0.978914976 0.687408268
vt 0.984117687 0.600052774
vt 0.984410822 0.770249426
vt 0.982803822 0.843390703
vt 0.937712729 0.90237534
vt 0.916825533 0.910734653
vt 0.926411152 0.467953324
vt 0.82172662 0.501822472
vt 0.850128412 0.412356138
vt 0.935945392 0.427820683
vt 0.944414437 0.478394181
vt 0.991909862 0.484742492
vt 0.993463755 0.44007057
vt 0.9422791 0.430270523
vt 0.930843949 0.955925763
vt 0.838471234 0.963745713
vt 0.980987489 0.953578889
vt 0.984917343 0.902200997
vt 0.982803822 0.843390703
vt 0.82172662 0.501822472
vt 0.80206418 0.556984544
vt 0.688367605 0.140424073
vt 0.748770416 0.147091314
vt 0.74859637 0.10893926
vt 0.7041623 0.17326133
vt 0.631295741 0.168467969
vt 0.652400494 0.206376269
vt 0.821478665 0.139485165
vt 0.810002327 0.176144302
vt 0.74859637 0.10893926
vt 0.872344911 0.169704244
vt 0.855663836 0.205525279
vt 0.821478665 0.139485165
vt 0.787630081 0.86793679
vt 0.838471234 0.963745713
vt 0.816613317 0.867551446
vt 0.800821304 0.967419088
vt 0.76772362 0.813073635
vt 0.783199131 0.771432221
vt 0.795322716 0.800676942
vt 0.753856242 0.788332582
vt 0.816613317 0.867551446
vt 0.813870966 0.40466097
vt 0.82172662 0.501822472
vt 0.850128412 0.412356138
vt 0.791998625 0.494275689
vt 0.80206418 0.556984544
vt 0.778898656 0.542870402
vt 0.787988842 0.586053967
vt 0.7602126 0.562892914
vt 0.783199131 0.771432221
vt 0.821101487 0.739107549
vt 0.795322716 0.800676942
vt 0.986035585 0.538648188
vt 0.991909862 0.484742492
vt 0.935945392 0.427820683
vt 0.926411152 0.467953324
vt 0.9422791 0.430270523
vt 0.945679307 0.395244569
vt 0.945679307 0.395244569
vt 0.937758863 0.396460474
vt 0.816613317 0.867551446
vt 0.993463755 0.44007057
vt 0.945679307 0.395244569
vt 0.9422791 0.430270523
vt 0.997742355 0.413837284
vt 0.0261202417 0.260777235
vt 0.00808407273 0.279412717
vt 0.0410540774 0.285563886
vt 0.0383635908 0.319406748
vt 0.0578543618 0.337880701
vt 0.0803820342 0.289697945
vt 0.0678220764 0.342918396
vt 0.0601705462 0.256205678
vt 0.0798905939 0.257732451
vt 0.105731189 0.257242292
vt 0.10754925 0.294593692
vt 0.112636678 0.338709056
vt 0.0862180069 0.33422327
vt 0.0678220764 0.342918396
vt 0.134866223 0.288363576
vt 0.132283941 0.333378434
vt 0.155323371 0.338443011
vt 0.165111899 0.332342267
vt 0.17907764 0.313774765
vt 0.175083935 0.280689538
vt 0.0649313033 0.226703182
vt 0.0848525912 0.232270032
vt 0.105095625 0.233160228
vt 0.126805454 0.231060922
vt 0.129365742 0.257181376
vt 0.148553222 0.253815085
vt 0.120094821 0.19896473
vt 0.104715958 0.201398447
vt 0.133821175 0.196352914
vt 0.145341054 0.223388359
vt 0.152074873 0.191045091
vt 0.161952093 0.215116665
vt 0.0906922147 0.199224278
vt 0.0741063356 0.1983044
vt 0.0455237553 0.219006822
vt 0.0537370183 0.194026649
vt 0.034386795 0.246066779
vt 0.174007505 0.242088884
vt 0.0243190937 0.246714979
vt 0.0243190937 0.246714979
vt 0.175083935 0.280689538
vt 0.184274867 0.241793171
vt 0.18367961 0.258901179
vt 0.202094615 0.273836941
vt 0.454827905 0.0414150842
vt 0.384203285 0.0703101605
vt 0.416163385 0.0819913596
vt 0.401088268 0.0107853692
vt 0.325990468 0.0674275979
vt 0.314196736 0.00565920956
vt 0.274405926 0.0969622806
vt 0.482253134 0.0873711854
vt 0.447635591 0.0985632539
vt 0.470142156 0.133785009
vt 0.494734406 0.128274411
vt 0.314196736 0.00565920956
vt 0.243889302 0.0459360741
vt 0.242847919 0.129183277
vt 0.201804578 0.102326743
vt 0.191415742 0.156575993
vt 0.230843961 0.155737758
vt 0.196904257 0.204362676
vt 0.225586876 0.200016171
vt 0.930843949 0.955925763
vt 0.978964269 0.984062433
vt 0.980987489 0.953578889
vt 0.925052524 0.992918789
vt 0.890658438 0.996619046
vt 0.838471234 0.963745713
vt 0.839856207 0.99998337
vt 0.567573607 0.188617095
vt 0.538529217 0.152918771
vt 0.497102439 0.15225853
vt 0.515105844 0.127578452
vt 0.542410076 0.147661984
vt 0.549913108 0.111267805
vt 0.566848934 0.0598435178
vt 0.538152516 0.0707030147
vt 0.555216491 0.00704489369
vt 0.583713293 0.0100393686
vt 0.624891877 0.014304718
vt 0.608495712 0.0620576665
vt 0.644305348 0.0636318475
vt 0.678325593 0.0641504899
vt 0.675932825 0.015579965
vt 0.739332914 0.020271631
vt 0.736376822 0.0671871528
vt 0.796315014 0.0704802424
vt 0.805662513 0.0239701606
vt 0.842435241 0.0718106776
vt 0.851381302 0.0242347382
vt 0.872403085 0.0722153783
vt 0.924101591 0.0147833731
vt 0.917722702 0.0682124346
vt 0.924101591 0.0147833731
vt 0.941034675 0.0799309015
vt 0.929499328 0.120470271
vt 0.941034675 0.0799309015
vt 0.965120554 0.136580721
vt 0.965120554 0.136580721
vt 0.938272834 0.152064651
vt 0.937758863 0.396460474
vt 0.850128412 0.412356138
vt 0.935945392 0.427820683
vt 0.90092212 0.391045541
vt 0.856257856 0.376609713
vt 0.901866972 0.384657502
vt 0.965120554 0.136580721
vt 0.938272834 0.152064651
vt 0.974919975 0.165170029
vt 0.8958022 0.189870998
vt 0.515105844 0.127578452
vt 0.542410076 0.147661984
vt 0.554130852 0.113410167
vt 0.510975182 0.0620861351
vt 0.515105844 0.127578452
vt 0.538152516 0.0707030147
vt 0.502720058 0.0869190618
vt 0.52415967 0.000735039823
vt 0.555216491 0.00704489369
vt 0.498972952 0.0861468464
vt 0.486418486 0.117168874
vt 0.417726398 0.159225062
vt 0.478601515 0.169122308
vt 0.453416258 0.127096221
vt 0.436059713 0.180879563
vt 0.403808445 0.0912963375
vt 0.388366878 0.132287949
vt 0.336579889 0.130313963
vt 0.339871824 0.0816510618
vt 0.487247944 0.208445147
vt 0.444293469 0.205924809
vt 0.450723112 0.226578638
vt 0.480330437 0.235189155
vt 0.309121877 0.140107423
vt 0.296414942 0.0941668525
vt 0.274360597 0.162830725
vt 0.241016805 0.140047699
vt 0.971970618 0.0714596584
vt 0.924101591 0.0147833731
vt 0.941034675 0.0799309015
vt 0.965285599 0.0093044173
vt 0.978429258 0.0948677212
vt 0.965120554 0.136580721
vt 0.941034675 0.0799309015
vt 0.993827105 0.126980022
vt 0.984169364 0.094332017
vt 0.965120554 0.136580721
vt 0.884018838 0.183494464
vt 0.87650919 0.203285083
vt 0.902665496 0.239483759
vt 0.872634888 0.203113079
vt 0.861354113 0.2899822
vt 0.909160733 0.29096505
vt 0.867005587 0.237928927
vt 0.872634888 0.203113079
vt 0.867005587 0.237928927
vt 0.872634888 0.203113079
vt 0.85372299 0.22129494
vt 0.867005587 0.237928927
vt 0.810990274 0.268665403
vt 0.808224797 0.282828659
vt 0.861354113 0.2899822
vt 0.759187818 0.280360758
vt 0.810990274 0.268665403
vt 0.790634036 0.258749992
vt 0.766320407 0.24578914
vt 0.740632713 0.229980513
vt 0.703348994 0.278268695
vt 0.699391723 0.224560425
vt 0.646837115 0.237094671
vt 0.647547841 0.281681657
vt 0.598851204 0.287780493
vt 0.618379235 0.247486025
vt 0.586609066 0.276602149
vt 0.536990702 0.241185799
vt 0.538502574 0.292998165
vt 0.548116207 0.225362867
vt 0.548116207 0.225362867
vt 0.530752957 0.207311168
vt 0.586609066 0.276602149
vt 0.536990702 0.241185799
vt 0.397627562 0.160250902
vt 0.343883097 0.185326025
vt 0.371596664 0.192694813
vt 0.345971674 0.146237642
vt 0.430486351 0.193880767
vt 0.390375435 0.21053575
vt 0.445532531 0.243008494
vt 0.399844378 0.245614111
vt 0.319118232 0.192254856
vt 0.294481665 0.160534918
vt 0.295112252 0.211077824
vt 0.259605646 0.191729158
vt 0.238711298 0.245617002
vt 0.285550714 0.249292701
vt 0.489386529 0.292237014
vt 0.536990702 0.241185799
vt 0.501737654 0.241724864
vt 0.538502574 0.292998165
vt 0.524614453 0.207113758
vt 0.520394027 0.186582953
vt 0.530752957 0.207311168
vt 0.993827105 0.126980022
vt 0.999979675 0.107406534
vt 0.984169364 0.094332017
vt 0.481046915 0.0965618119
vt 0.486418486 0.117168874
vt 0.498972952 0.0861468464
vn -0.785609126 -0.573708534 -0.231682599
vn -0.532536447 -0.824310899 0.192136824
vn -0.540291846 -0.821358383 0.182907179
vn -0.784366608 -0.576827943 -0.228119642
vn -0.278818905 -0.851512253 0.444057375
vn -0.279506296 -0.851515174 0.44361937
vn -0.302997351 -0.851272702 0.428401053
vn -0.302997351 -0.851272583 0.428401053
vn -0.821469963 -0.34564358 -0.453561097
vn -0.820998609 -0.335349679 -0.462062716
vn -0.772623062 -0.114802688 -0.624398887
vn -0.771617115 -0.114237644 -0.625744879
vn -0.751555979 -0.103168547 -0.651551962
vn 0.714039266 0.697084427 0.0649714842
vn 0.772733748 0.605574965 0.190162003
vn 0.714039266 0.697084427 0.0649714768
vn 0.771569967 0.607974231 0.187208757
vn 0.821625412 0.37220484 0.431735069
vn 0.821503758 0.363688439 0.439161032
vn 0.778190136 0.138578638 0.612548828
vn 0.776786268 0.136456907 0.614802897
vn 0.751290143 0.0997930914 0.652383685
vn 0.567630172 -0.539733768 -0.621677995
vn 0.56245178 -0.54628551 -0.620660961
vn 0.562468529 -0.546253443 -0.620674074
vn 0.567317843 -0.540112853 -0.621633887
vn 0.566584527 -0.534393907 -0.627220213
vn 0.566169441 -0.534355342 -0.62762779
vn 0.561432123 -0.533903956 -0.632250309
vn 0.561432123 -0.533903956 -0.632250309
vn 0.524276793 -0.74780786 -0.40732944
vn 0.53436482 -0.716836989 -0.447882801
vn 0.53436482 -0.716836989 -0.447882801
vn 0.401639283 -0.885543942 -0.233447671
vn 0.408960164 -0.883159816 -0.229739636
vn 0.350806236 -0.900108814 -0.258339345
vn 0.350806206 -0.900108695 -0.258339345
vn -0.558015645 0.539099038 0.630865037
vn -0.561806262 0.537091553 0.629210889
vn -0.562110424 0.536944449 0.629064918
vn -0.558077753 0.539079189 0.63082701
vn -0.561814845 0.535302401 0.630726099
vn -0.562536836 0.535221756 0.630150735
vn -0.557983577 0.535721838 0.633763611
vn -0.557983577 0.535721838 0.633763611
vn -0.553186476 0.35768488 0.752360404
vn -0.547158003 0.3066881 0.778819919
vn -0.551297724 0.0595849454 0.832178056
vn -0.553186476 0.35768488 0.752360404
vn -0.556651473 0.0540839136 0.828983724
vn -0.59751606 0.0105775958 0.801787198
vn -0.597516 0.0105775949 0.801787257
vn -0.763734519 -0.0485758446 -0.643700123
vn -0.763734519 -0.0485758409 -0.643700182
vn -0.763734519 -0.0485758409 -0.643700123
vn -0.763734519 -0.0485758446 -0.643700123
vn -0.765434504 0.620793343 -0.169486418
vn -0.54572475 0.817164838 0.185542673
vn -0.763596296 0.62424916 -0.165026337
vn -0.548965573 0.815873563 0.181623697
vn -0.339992046 0.851599336 0.398978621
vn -0.340291381 0.851613879 0.398692369
vn -0.309129089 0.849345207 0.427845776
vn -0.309129059 0.849345207 0.427845716
vn -0.82226485 0.362855613 -0.438424826
vn -0.821999669 0.351657122 -0.447944015
vn -0.772625685 0.114806272 -0.624394953
vn -0.771619618 0.114241049 -0.625741303
vn -0.751554489 0.103168093 -0.651553631
vn 0.688842356 -0.72472471 0.0164405461
vn 0.764489412 -0.622590899 0.167141795
vn 0.76274538 -0.625836194 0.162937626
vn 0.688842356 -0.72472471 0.0164405461
vn 0.822072029 -0.368866712 0.433745295
vn 0.821911097 -0.358798862 0.4424088
vn 0.775853634 -0.12777102 0.617839456
vn 0.774474382 -0.125972673 0.619935632
vn 0.748690069 -0.0937638357 0.656255662
vn 0.56547147 0.543363869 -0.620481908
vn 0.564394593 0.546369135 -0.618821025
vn 0.565471351 0.543363512 -0.620482266
vn 0.564401031 0.546366155 -0.618817866
vn 0.566346884 0.54114759 -0.621619344
vn 0.566346288 0.54114753 -0.621619761
vn 0.567938685 0.54110992 -0.620198071
vn 0.567938745 0.541109979 -0.620198071
vn 0.517067373 0.744512022 -0.422307193
vn 0.523125947 0.728469729 -0.442347169
vn 0.523125947 0.728469729 -0.442347169
vn 0.390348643 0.889673889 -0.236872032
vn 0.396189779 0.887858629 -0.233967155
vn 0.346213132 0.90192616 -0.25819695
vn 0.346213132 0.90192616 -0.25819692
vn -0.55948323 -0.539203703 0.629474223
vn -0.559245765 -0.540498376 0.628574431
vn -0.559483767 -0.539202929 0.629474461
vn -0.559245765 -0.540497959 0.628574729
vn -0.561784923 -0.542695105 0.624403536
vn -0.561791599 -0.542698443 0.624394596
vn -0.564317584 -0.543971539 0.620999634
vn -0.564317584 -0.543971598 0.620999753
vn -0.561665773 -0.340314627 0.754133642
vn -0.559673309 -0.313354373 0.767186344
vn -0.562112808 -0.0521712154 0.825413465
vn -0.566204607 -0.0474241525 0.822899342
vn -0.59978354 -0.00718174595 0.80013001
vn -0.599783659 -0.00718174689 0.80013001
vn -0.561665773 -0.340314627 0.754133642
vn -0.763206065 0.0470696203 -0.644438386
vn -0.763206065 0.0470696203 -0.644438386
vn -0.763206065 0.0470696203 -0.644438446
vn -0.763206065 0.0470696203 -0.644438446
vn -0.9995116 -0.0021047655 -0.0311810263
vn -0.863737285 -0.0169046745 0.503658593
vn -0.868759334 -0.0166863408 0.494953275
vn -0.999616861 -0.00222001644 -0.027589649
vn -0.62755239 -0.0203901976 0.778307259
vn -0.628199279 -0.0202746131 0.777788341
vn -0.647278547 -0.0168224368 0.762067974
vn -0.647278547 -0.0168224368 0.762067974
vn -0.941340923 0.00307287415 -0.337443084
vn -0.93693316 0.00308885192 -0.349494904
vn -0.799291611 -0.00388383167 -0.60093087
vn -0.798583448 -0.00465865759 -0.601866126
vn -0.781043708 -0.0233250242 -0.624040544
vn 0.982398927 0.00571018551 -0.186707765
vn 0.999743521 0.00116028881 -0.0226188768
vn 0.982398927 0.00571018504 -0.186707765
vn 0.999676347 0.00123773969 -0.0254077241
vn 0.952061057 -0.00252622878 0.305897743
vn 0.948618829 -0.00246736151 0.316411465
vn 0.815838337 0.00591477519 0.578249872
vn 0.814232528 0.00666366983 0.580500543
vn 0.778998852 0.0223642308 0.626626432
vn -0.00618841918 -0.999973178 -0.00391951436
vn -0.0154697793 -0.999880314 0.000150726351
vn -0.0154344691 -0.99988091 0.000120554338
vn -0.00674095564 -0.999970436 -0.00370170642
vn -0.00643406156 -0.999870777 -0.0147324111
vn -0.00716306083 -0.99985373 -0.0155271208
vn -0.0140911108 -0.999634385 -0.0230792053
vn -0.0140911117 -0.999634385 -0.0230792053
vn -0.135723278 -0.93995893 0.313139796
vn -0.11637944 -0.957966745 0.262213141
vn -0.11637944 -0.957966745 0.262213141
vn -0.29421851 -0.802872896 0.518488705
vn -0.285564333 -0.803600132 0.522187531
vn -0.354373962 -0.795730412 0.491153985
vn -0.354373991 -0.795730412 0.491153985
vn 0.0170422141 0.999731123 0.0157227628
vn 0.0116428304 0.999827087 0.0144993095
vn 0.0112166628 0.999833703 0.0143790776
vn 0.016960375 0.99973315 0.0156833641
vn 0.013120993 0.999721229 0.0196281709
vn 0.0117932614 0.999759495 0.0184923429
vn 0.0196618959 0.999488473 0.0252233017
vn 0.0196618978 0.999488473 0.0252233017
vn -0.0749626979 0.964889765 0.251730621
vn -0.0968312323 0.946316957 0.308395743
vn -0.254177481 0.816188872 0.518873334
vn -0.0749626979 0.964889765 0.251730621
vn -0.262417763 0.814094961 0.518060207
vn -0.333370805 0.793345451 0.50937897
vn -0.333370805 0.793345451 0.50937885
vn -0.756531954 0.0109117506 -0.653865695
vn -0.756531954 0.0109117506 -0.653865695
vn -0.756531894 0.0109117497 -0.653865755
vn -0.756531894 0.0109117497 -0.653865755
vn -0.52672255 -0.641920686 0.5572263
vn -0.686017513 -0.0583610907 0.725240588
vn -0.511030078 -0.47558552 0.716007471
vn -0.718103528 -0.039953839 0.694788575
vn -0.516409099 0.597828627 0.613125145
vn -0.513914108 0.411759466 0.75255996
vn -0.362671763 0.482721478 0.797150612
vn -0.323311388 0.677113056 0.661050439
vn -0.248597637 0.911718607 0.327060401
vn -0.153431475 0.922255874 0.35482794
vn -0.0638842657 0.983306468 0.170373723
vn -0.381949306 -0.530712485 0.756610155
vn -0.344895184 -0.74190408 0.575000525
vn -0.16694887 -0.951945364 0.256764621
vn -0.236280277 -0.943653286 0.231711075
vn -0.74607414 -0.00931898504 0.665797651
vn -0.620046079 -0.601480782 0.503749609
vn -0.62239033 0.533531606 0.572690427
vn -0.367119819 -0.8962304 0.248986319
vn -0.37688309 0.867039859 0.325884879
vn -0.198414877 0.967305839 0.15795891
vn -0.0709345937 -0.992903888 0.0954467729
vn -0.00578745268 -0.995274901 0.096924305
vn 0.00546212867 -0.993962586 0.10958346
vn -0.210127547 -0.973931015 0.0854678228
vn 0.0113730915 0.98609817 0.165774122
vn 0.0113730906 0.98609817 0.165774122
vn 0.581138313 0.573288441 0.577597201
vn 0.851595461 0.0351774916 0.523017764
vn 0.538726091 0.610477388 0.580595791
vn 0.851987779 0.0303842854 0.52267915
vn 0.594856203 -0.613415241 0.519488096
vn 0.504758179 -0.694884241 0.512206137
vn 0.13688463 -0.893538475 0.42761144
vn 0.13688463 -0.893538475 0.42761144
vn 0.26358968 0.784338951 0.561545014
vn 0.26358968 0.784338951 0.561545014
vn 0.946163416 -0.0154581629 0.323320299
vn 0.926569104 -0.066474013 0.370203853
vn 0.926569104 -0.066474013 0.370203853
vn 0.942306638 -0.0265958589 0.33369258
vn 0.931270301 0.00596593693 0.364280105
vn 0.937793612 0.0104396837 0.347036183
vn 0.904927075 -0.0102036428 0.425444186
vn 0.931270301 0.00596593693 0.364280105
vn 0.904927075 -0.0102036437 0.425444245
vn 0.933106005 0.0398758426 0.357383698
vn 0.931277812 -0.0210731123 0.363699734
vn 0.931314409 -0.0204464048 0.363641679
vn 0.933106005 0.0398758464 0.357383668
vn 0.905973911 -0.0930990279 0.41296947
vn 0.904400229 -0.0938489661 0.416236222
vn 0.882450044 -0.103633665 0.458848715
vn 0.882450044 -0.103633665 0.458848715
vn 0.652702689 -0.0215392094 0.757307887
vn 0.612780333 -0.00687444257 0.79022342
vn 0.653310597 -0.0217079036 0.756778717
vn 0.613315046 -0.00603807298 0.789815247
vn 0.6504848 0.0239582118 0.759141326
vn 0.646243632 0.0206432119 0.762851834
vn 0.710635424 -0.0462100282 0.702041268
vn 0.73087275 -0.0615656264 0.679731309
vn 0.750482857 -0.0770181939 0.656386793
vn 0.750482857 -0.0770181939 0.656386793
vn 0.701971352 0.0720582306 0.708550572
vn 0.718593717 0.0912269279 0.689420581
vn 0.741303623 0.118728571 0.660584867
vn 0.741303623 0.118728571 0.660584927
vn -0.230198622 0.0889696181 0.96906811
vn -0.230198577 0.0889696106 0.96906811
vn -0.230198592 0.0889696181 0.96906811
vn -0.230198592 0.0889696181 0.96906811
vn -0.250051439 -0.141748354 0.957800448
vn -0.250051409 -0.141748339 0.957800448
vn -0.250051379 -0.141748339 0.957800448
vn -0.250051379 -0.141748339 0.957800448
vn -0.802147985 -0.0271447208 0.596507967
vn -0.697313428 0.487055033 0.525862575
vn -0.802088201 -0.0361120999 0.596112788
vn -0.696837008 0.48814106 0.525486946
vn -0.66469276 -0.547230422 0.508647501
vn -0.643300176 -0.582291067 0.497093469
vn -0.362465054 -0.893627882 0.264666408
vn -0.357153088 -0.897439659 0.25892815
vn -0.210625038 -0.977378845 0.0191753861
vn -0.19519788 -0.979504287 0.0496900827
vn -0.185912147 -0.982560456 -0.0034146877
vn -0.204724178 -0.978701234 -0.0152225671
vn -0.437455058 0.852220535 0.286972225
vn -0.447351515 0.84368974 0.296756238
vn -0.206891552 0.975779772 0.0710610449
vn -0.18321237 0.982041717 0.0450260006
vn -0.139260665 0.990172625 0.0128262257
vn -0.137780175 0.990441561 0.00649585389
vn -0.133063644 0.991015494 -0.0135093154
vn -0.261864752 -0.963732243 -0.0514487065
vn 0.932968497 -0.105584756 0.344124317
vn 0.922197282 -0.121382646 0.367176324
vn 0.922197282 -0.121382646 0.367176354
vn 0.927270353 -0.114106387 0.356580138
vn 0.93977505 0.183470979 0.288376719
vn 0.947985828 0.167936802 0.270407081
vn 0.939775169 0.183470994 0.288376719
vn 0.946772814 0.170311928 0.273157746
vn -0.683311641 0.0115227755 -0.730035961
vn -0.682769418 0.00115825038 -0.73063302
vn -0.683040738 0.00312499958 -0.730373561
vn -0.683377504 0.0121444957 -0.729964137
vn -0.715681672 0.0488810949 -0.696714044
vn -0.706733346 0.0477808043 -0.705864727
vn -0.74887073 0.0645857975 -0.659561396
vn -0.750268281 0.0660695583 -0.65782392
vn -0.763270855 0.0801355541 -0.641089559
vn -0.763270855 0.080135569 -0.641089559
vn -0.675101578 -0.0201945435 -0.737448394
vn -0.668406904 -0.0458368585 -0.742382109
vn -0.678287446 -0.10258764 -0.727600098
vn -0.685650766 -0.104953848 -0.720324695
vn -0.733731329 -0.11103981 -0.670304716
vn -0.739559114 -0.110761724 -0.663915813
vn -0.764694512 -0.109430939 -0.63503319
vn -0.764694512 -0.109430939 -0.63503319
vn 0.503745139 0.0692300722 -0.861073732
vn 0.503745139 0.0692300647 -0.861073732
vn 0.503745139 0.0692300647 -0.861073732
vn 0.503745139 0.0692300722 -0.861073732
vn 0.448444247 0.0854906142 -0.88971287
vn 0.449357122 0.0854440853 -0.889256656
vn 0.449235648 0.085928835 -0.889271379
vn 0.449673563 0.0851656571 -0.88912338
vn 0.449739933 0.0848657414 -0.889118612
vn 0.449739933 0.0848657489 -0.889118612
vn 0.955398262 0.1527244 0.252763629
vn 0.947985828 0.167936802 0.270407081
vn 0.946772814 0.170311928 0.273157746
vn 0.955398262 0.1527244 0.252763629
vn 0.479784399 -0.017280696 -0.87721622
vn 0.47978434 -0.0172806941 -0.87721622
vn 0.47978434 -0.0172806941 -0.87721622
vn 0.47978434 -0.0172806941 -0.87721622
vn 0.940272152 -0.0940431431 0.327176005
vn 0.927270353 -0.114106387 0.356580138
vn 0.932968497 -0.105584756 0.344124317
vn 0.940272152 -0.0940431356 0.327175975
vn 0.704343438 0.6853742 -0.184830964
vn 0.621790469 0.737862527 -0.26255551
vn 0.688057899 0.659073651 -0.303641587
vn 0.728330195 0.640653014 -0.243102565
vn 0.958682418 0.133930579 -0.250979215
vn 0.971529484 0.124295659 -0.201695397
vn 0.719664097 -0.601727188 -0.346421599
vn 0.764598966 -0.600025356 -0.235282719
vn 0.48205477 -0.758797228 -0.438006848
vn 0.511575937 -0.769441783 -0.382425785
vn 0.772391975 0.611432314 -0.171933755
vn 0.962166607 0.0361709185 -0.270050496
vn 0.810604751 -0.554169059 -0.189252928
vn 0.444826633 0.895599127 -0.00561478222
vn 0.446033776 0.890712678 -0.0876636058
vn 0.223136321 0.974072576 -0.037319757
vn 0.471547604 -0.88110441 -0.0360269807
vn 0.459632754 -0.879108608 -0.126118213
vn 0.511575937 -0.769441783 -0.382425785
vn 0.434429109 -0.859224498 -0.270193607
vn 0.16809848 -0.971122682 -0.16930382
vn 0.168098465 -0.971122682 -0.16930382
vn 0.772817612 0.59752512 -0.213814899
vn 0.355463803 0.932863712 -0.0584024079
vn -0.0838137195 0.994210839 0.067231752
vn 0.0507236198 0.996076882 0.0725112185
vn 0.824679136 0.506934881 -0.250841379
vn 0.46784091 0.880530894 -0.0760933831
vn 0.53613764 0.826100349 -0.173535407
vn 0.805098534 0.489365876 -0.335167706
vn 0.964996994 0.02171674 -0.26135993
vn 0.933160484 0.0150692826 -0.359144151
vn 0.854966342 -0.468571335 -0.222426534
vn 0.854706526 -0.426708877 -0.295628458
vn 0.538896441 -0.842111886 -0.0209343452
vn 0.580547154 -0.804637313 -0.124594495
vn 0.272696465 -0.956036866 0.107842587
vn 0.215586066 -0.975427389 0.0454335511
vn 0.320747375 -0.934098303 0.156785041
vn 0.428410739 -0.901600838 -0.0598340705
vn 0.107305214 -0.99388808 0.0259243213
vn 0.804628372 -0.556576848 -0.206870705
vn 0.96838814 0.019965075 -0.248648018
vn 0.00215601805 -0.999943018 0.0104563171
vn 0.209613502 -0.973890662 -0.0871730074
vn 0.235613957 -0.969784975 -0.0632712767
vn 0.209613502 -0.973890662 -0.0871730074
vn 0.444695443 0.102464043 -0.889801681
vn 0.444303721 0.100759968 -0.890191913
vn 0.444695443 0.102464035 -0.889801681
vn 0.443576574 0.0976122767 -0.890904963
vn 0.442807406 0.0943036675 -0.891643703
vn 0.442807406 0.0943036675 -0.891643703
vn -0.385723174 -0.919491172 0.0758526176
vn -0.295909792 -0.955207765 0.00393889612
vn -0.510215402 -0.849386454 0.134992391
vn -0.550560176 -0.805238724 0.220168695
vn -0.724097848 -0.625640988 0.290268123
vn -0.783378899 -0.526836336 0.329789281
vn -0.954852998 -0.0197222792 0.296423554
vn -0.953247964 -0.0387261547 0.299697667
vn -0.841881871 0.513671994 0.165456951
vn -0.86850071 0.464758515 0.172354266
vn -0.668543637 0.730957985 0.136930555
vn -0.448507696 0.883761704 0.133439004
vn -0.290414006 0.949438572 0.119272485
vn -0.103939854 0.990472436 0.090337418
vn -0.282789618 0.958317578 0.0407137908
vn -0.00201168563 0.992293835 0.1238904
vn -0.385723174 -0.919491172 0.0758526176
vn -0.0682612434 -0.997223377 0.0297672115
vn -0.000454823399 -0.998319089 0.0579547063
vn -0.00282598427 -0.997406662 0.071916908
vn 0.0292584114 -0.996051371 0.0838188231
vn 0.0265033115 -0.996638894 0.0775137916
vn 0.0344312601 -0.994818985 0.0956546813
vn 0.0344312601 -0.994818985 0.0956546664
vn 0.918863475 0.150804967 0.36462009
vn 0.918960452 0.143795311 0.367198378
vn 0.918863416 0.150804967 0.364620119
vn 0.918973327 0.142435834 0.367695779
vn -0.31949389 -0.12572135 0.939211309
vn -0.31949389 -0.12572135 0.939211309
vn -0.31949392 -0.125721335 0.939211309
vn -0.31949389 -0.125721321 0.939211309
vn 0.67339021 0.101123765 0.732338428
vn 0.646297276 0.0994086191 0.756582916
vn 0.592431664 0.0957848504 0.799906194
vn 0.67339021 0.101123758 0.732338369
vn 0.511187315 0.0804264098 0.855698049
vn 0.500118196 0.0778575689 0.862450004
vn 0.464054555 -0.00906280801 0.885760188
vn 0.458146393 0.00783275906 0.888842165
vn 0.522326291 -0.0844110027 0.848557591
vn 0.521204174 -0.0837583989 0.849311948
vn 0.622611701 -0.0898454413 0.777356088
vn 0.61643213 -0.0915611014 0.782066524
vn 0.675228775 -0.0745207891 0.733834267
vn 0.675228775 -0.0745207891 0.733834267
vn -0.733401477 -0.542020679 0.410287499
vn -0.403622329 -0.875786304 0.264740169
vn -0.719526172 -0.562629998 0.407098919
vn -0.40178737 -0.876981795 0.263571382
vn -0.881568491 0.00464611314 0.472033262
vn -0.881723881 0.000255925959 0.471765697
vn -0.169499621 -0.983767271 0.0589229502
vn -0.19051227 -0.977473021 0.0908384398
vn -0.137533501 -0.990436852 0.0109280441
vn -0.137533486 -0.990436852 0.0109280432
vn -0.137533486 -0.990436852 0.0109280441
vn -0.748273015 0.493037432 0.44384867
vn -0.753378689 0.483596116 0.445595413
vn -0.498169899 0.824753642 0.267597169
vn -0.507103384 0.816702366 0.275396883
vn -0.258388966 0.963916063 0.0640384629
vn -0.209740639 0.97672981 0.0448078364
vn -0.191736743 0.981423676 0.00668126019
vn -0.159015805 0.987251639 0.00694766594
vn -0.117665075 0.993026733 0.00727143185
vn -0.117665075 0.993026733 0.00727143139
vn -0.309641033 0.0631503761 0.948754132
vn -0.309641033 0.0631503761 0.948754132
vn -0.309641033 0.0631503761 0.948754132
vn -0.309641063 0.0631503686 0.948754132
vn 0.912744045 -0.112279087 0.392799795
vn 0.879107833 -0.129483372 0.458697557
vn 0.879107833 -0.129483387 0.458697557
vn 0.911082566 -0.113213286 0.396372616
vn -0.0109160477 -0.960918069 -0.276617616
vn 0.209613502 -0.973890662 -0.0871730074
vn 0.235613957 -0.969784975 -0.0632712767
vn 0.581841528 -0.0690344125 -0.810366988
vn 0.492478848 -0.0852794573 -0.866136193
vn 0.49952665 -0.0646882504 -0.863879979
vn 0.492478848 -0.0852794498 -0.866136193
vn 0.502931833 -0.0544689223 -0.862608075
vn 0.731501877 -0.0563849919 -0.679504156
vn 0.807425678 -0.0584574118 -0.587066054
vn 0.81895566 -0.0602796786 -0.570681989
vn 0.808341086 -0.0578416213 -0.585866094
vn 0.81895566 -0.0602796711 -0.570681989
vn 0.731501877 -0.0563849919 -0.679504156
vn 0.807425678 -0.0584574118 -0.587066054
vn 0.223136321 0.974072576 -0.037319757
vn 0.277350605 0.960619509 0.0169359874
vn 0.179258659 0.970323443 -0.162292033
vn 0.420101792 0.886730015 -0.192936093
vn 0.179258659 0.970323443 -0.162292048
vn -0.639215112 -0.0531492271 -0.767189145
vn -0.690445423 -0.073133789 -0.719678104
vn -0.650682747 -0.0574334785 -0.757174611
vn -0.690479457 -0.0730337799 -0.719655693
vn -0.603915691 -0.0402393937 -0.796031833
vn -0.59359467 -0.0401531756 -0.80376178
vn -0.595263541 -0.0401675142 -0.802525938
vn -0.584974587 -0.0079467427 -0.811012626
vn -0.585011125 -0.00939389598 -0.810970783
vn -0.602635026 0.0358550921 -0.797211051
vn -0.598596931 0.0328436568 -0.800376773
vn -0.642714679 0.0478109121 -0.764612198
vn -0.663880587 0.0479923412 -0.746297061
vn -0.690312207 -0.0735270157 -0.719765842
vn -0.690312207 -0.0735270157 -0.719765842
vn -0.695015907 0.044718042 -0.717602372
vn -0.694625974 0.0440079719 -0.718023658
vn -0.692104995 0.0394410193 -0.720718443
vn -0.692105055 0.0394410156 -0.720718384
vn -0.793793917 -0.56398356 0.227625906
vn -0.876348972 -0.431029975 0.215001434
vn -0.861791849 -0.458072454 0.217909247
vn -0.920757473 -0.333041966 0.203196198
vn -0.9851408 -0.0540255569 0.163030431
vn -0.987674057 -0.0127659831 0.156003475
vn -0.901470363 0.41157186 0.134014085
vn -0.958596051 0.266137719 0.101313032
vn -0.900668263 0.413206786 0.134375453
vn -0.809054017 0.563536704 0.166906938
vn -0.809054017 0.563536704 0.166906968
vn 0.534624457 0.0537817292 -0.843376756
vn 0.534624457 0.0537817292 -0.843376756
vn 0.534624398 0.0537817292 -0.843376756
vn 0.554807186 0.0580498539 -0.829951286
vn 0.534624457 0.0537817292 -0.843376756
vn 0.549722195 0.0569711104 -0.833402514
vn 0.576050162 0.0625819787 -0.815015256
vn 0.576050162 0.0625819862 -0.815015256
vn 0.918960452 0.143795311 0.367198378
vn 0.918973327 0.142435834 0.367695779
vn 0.919009149 0.135344669 0.370275646
vn 0.941045105 -0.0944755077 0.324820727
vn 0.911082566 -0.113213286 0.396372616
vn 0.912744045 -0.112279087 0.392799795
vn 0.941045105 -0.0944755077 0.324820727
vn 0.713963747 -0.0741719529 0.696242869
vn 0.713963747 -0.0741719604 0.696242869
vn 0.713963747 -0.0741719604 0.696242869
vn 0.795553327 0.127614677 -0.592291534
vn 0.799626946 0.135783464 -0.584944129
vn 0.799577951 0.135684103 -0.585034132
vn 0.795553327 0.127614677 -0.592291534
vn 0.803350151 0.143433064 -0.577975452
vn 0.803350091 0.143433079 -0.577975392
vn 0.815490305 0.130367979 0.563896894
vn 0.793717504 0.14955312 0.589615405
vn 0.825665355 0.120939165 0.551044881
vn 0.793717504 0.149553135 0.589615464
vn -0.161828712 0.983831048 -0.0767319798
vn -0.239868104 0.970622957 0.0188236125
vn -0.165497169 0.985311389 -0.042098254
vn -0.167526066 0.985620916 -0.0220545437
vn -0.266006619 0.962768316 0.0481408536
vn -0.526031435 0.819242895 0.228324428
vn -0.5648579 0.784637928 0.255497366
vn -0.239868104 0.970622957 0.0188236125
vn -0.808391571 0.486774534 0.330989033
vn -0.813466787 0.479082555 0.329775065
vn -0.942380786 -0.0123134991 0.334315449
vn -0.942343831 -0.0135534778 0.334371686
vn -0.776011109 -0.524185061 0.350765824
vn -0.776408613 -0.523623049 0.350725859
vn -0.513327777 -0.818955779 0.256526977
vn -0.47696355 -0.848794341 0.228153661
vn -0.256977499 -0.965199888 0.0484950393
vn -0.238157183 -0.971039712 0.0190535951
vn -0.47696355 -0.848794341 0.228153661
vn -0.173746437 -0.983374476 -0.0527912714
vn -0.162909508 -0.984220624 -0.0690672994
vn -0.256977499 -0.965199888 0.0484950393
vn -0.162909508 -0.984220624 -0.0690672994
vn -0.162909508 -0.984220624 -0.0690672994
vn -0.153125957 -0.979395092 0.131672576
vn -0.156134278 -0.975696385 0.153748393
vn -0.156134292 -0.975696385 0.153748408
vn -0.153125957 -0.979395092 0.131672576
vn -0.136173904 -0.990563869 0.0154923396
vn -0.156134278 -0.975696385 0.153748393
vn -0.127673849 -0.991071224 -0.0384356119
vn -0.153125957 -0.979395092 0.131672576
vn -0.127673849 -0.991071224 -0.0384356156
vn 0.731501877 -0.0563849919 -0.679504156
vn 0.79823631 -0.0549280047 -0.599834621
vn 0.808341086 -0.0578416213 -0.585866094
vn 0.79823631 -0.0549280085 -0.599834621
vn 0.728493631 0.0827975422 0.680030525
vn 0.728493631 0.0827975422 0.680030525
vn 0.728493631 0.0827975497 0.680030584
vn 0.215586066 -0.975427389 0.0454335511
vn 0.272696465 -0.956036866 0.107842587
vn 0.140952706 -0.989979863 0.00849588308
vn 0.842198372 0.104897656 0.528865218
vn 0.815490305 0.130367979 0.563896894
vn 0.825665355 0.120939165 0.551044881
vn 0.842198372 0.104897656 0.528865218
vn 0.815490305 0.130367979 0.563896894
vn 0.761573434 0.0348512456 -0.647140861
vn 0.761573434 0.0348512456 -0.647140861
vn 0.761573434 0.0348512456 -0.647140861
vn 0.761573434 0.0348512456 -0.647140861
vn -0.444745123 -0.049372267 -0.894295275
vn -0.446114898 -0.0718403012 -0.892087638
vn -0.444766521 -0.0496967398 -0.894266725
vn -0.446114898 -0.0718403012 -0.892087638
vn -0.434539109 0.00251066941 -0.900649488
vn -0.436844796 -0.00523765013 -0.899521649
vn -0.420651287 0.00547390617 -0.90720588
vn -0.417772114 -0.00297094672 -0.908546984
vn -0.404915839 0.0139039466 -0.914248228
vn -0.405190825 0.0121345511 -0.914151609
vn -0.391135722 0.00600757683 -0.920313418
vn -0.393651307 0.0192923192 -0.919057369
vn -0.410084546 -0.00722198281 -0.912018836
vn -0.405107707 -0.0103936391 -0.914209902
vn -0.459083617 0.0172073469 -0.88822639
vn -0.459599108 0.0174215641 -0.887955606
vn -0.490033448 0.030189503 -0.871180713
vn -0.490033448 0.0301894993 -0.871180713
vn 0.38470602 0.00362273399 0.923031986
vn 0.379330039 0.0337116197 0.924647033
vn 0.38278982 0.00914815068 0.923790097
vn 0.37811178 0.0351276919 0.925093174
vn 0.413622677 -0.0159155037 0.910309255
vn 0.410307765 -0.0186208431 0.911757052
vn 0.428536117 -0.00365391606 0.903517187
vn 0.38771984 0.0239113104 0.921467125
vn 0.734761238 -0.0268500075 -0.677794218
vn 0.734761238 -0.0268500112 -0.677794158
vn 0.734761298 -0.0268500131 -0.677794158
vn 0.734761238 -0.0268500075 -0.677794218
vn 0.77300632 -0.0653932393 0.631019115
vn 0.741175294 -0.0845358223 0.665967643
vn 0.741175294 -0.0845358148 0.665967643
vn 0.770955145 -0.0666694939 0.633390367
vn 0.770955145 -0.0666694939 0.633390367
vn 0.801876247 -0.0467195325 0.595660746
vn 0.801876247 -0.0467195399 0.595660746
vn 0.77300632 -0.0653932393 0.631019115
vn 0.181111425 0.98083514 0.0718411803
vn 0.22073786 0.974000096 0.0509763658
vn 0.0507236198 0.996076882 0.0725112185
vn 0.130629361 0.98662138 0.0975409299
vn 0.181111425 0.98083514 0.0718411803
vn 0.22073786 0.974000096 0.0509763658
vn 0.130629361 0.98662138 0.0975409299
vn 0.130629346 0.98662138 0.0975409299
vn 0.89883244 -0.08412233 0.430143923
vn 0.903203309 -0.0721569434 0.423104316
vn 0.897905707 -0.0865919739 0.431586802
vn 0.903203309 -0.0721569434 0.423104346
vn 0.893083155 -0.0990994647 0.438841343
vn 0.0127115082 0.988649964 0.149698168
vn -0.00239522592 0.991823852 0.127592683
vn 0.0101290923 0.989733398 0.142566144
vn -0.00201168563 0.992293835 0.1238904
vn -0.103939854 0.990472436 0.090337418
vn 0.0195231736 0.985511959 0.168478042
vn 0.907618046 0.0736605674 0.413284004
vn 0.91161406 0.0654828623 0.40579769
vn 0.907474279 0.0739498883 0.413547993
vn 0.502979696 0.208691671 -0.838724673
vn 0.537703276 0.11428415 -0.835352719
vn 0.526288748 0.147128314 -0.837480366
vn 0.495794058 0.226420611 -0.838404477
vn 0.495794028 0.226420611 -0.838404357
vn -0.122795224 0.99031961 -0.0647173896
vn -0.122795224 0.99031961 -0.0647173896
vn -0.122795209 0.99031961 -0.0647173822
vn -0.122795224 0.99031961 -0.0647173896
vn -0.122795224 0.99031961 -0.0647173896
vn -0.122795224 0.99031961 -0.0647173896
vn 0.0127115082 0.988649964 0.149698168
vn 0.0195231736 0.985511959 0.168478042
vn 0.0195231754 0.985511959 0.168478057
vn 0.907618046 0.0736605674 0.413284004
vn 0.9039132 0.0810129493 0.419973731
vn 0.9039132 0.0810129642 0.419973761
vn 0.907474279 0.0739498883 0.413547993
vn 0.277350605 0.960619509 0.0169359874
vn 0.223136321 0.974072576 -0.037319757
vn 0.0285696443 0.975067019 -0.220063731
vn 0.435986429 -0.0857948661 -0.895854354
vn 0.532989383 -0.0700609684 -0.84321636
vn 0.4359864 -0.0857948586 -0.895854414
vn 0.511485934 -0.0737200007 -0.856123567
vn 0.615907967 -0.0549090095 -0.785902202
vn 0.615907967 -0.0549090095 -0.785902202
vn 0.532989383 -0.0700609684 -0.84321636
vn 0.511485934 -0.0737200007 -0.856123567
vn 0.481306136 0.817162693 0.31715849
vn 0.783439636 0.62079078 0.029002279
vn 0.780535519 0.624247372 0.0328556113
vn 0.485430002 0.815871596 0.314183563
vn 0.228398919 0.851597607 0.471821398
vn 0.228760734 0.851612151 0.471619844
vn 0.191263467 0.849344313 0.491968006
vn 0.191263452 0.849344254 0.491968006
vn 0.906246185 0.362860769 -0.216909826
vn 0.908390045 0.351662248 -0.226188466
vn 0.905106068 0.114807658 -0.409392565
vn 0.904471695 0.114242435 -0.410949469
vn 0.891563833 0.103172667 -0.440986693
vn -0.781930208 -0.622593105 -0.0310328398
vn -0.670729697 -0.724724531 -0.157785103
vn -0.779181361 -0.625839412 -0.0346625373
vn -0.670729637 -0.724724531 -0.157785088
vn -0.904879451 -0.368870169 0.212433502
vn -0.906908214 -0.358803034 0.220857039
vn -0.90657568 -0.127767608 0.402238756
vn -0.905769646 -0.12596938 0.404614776
vn -0.889974177 -0.0937547758 0.446269006
vn -0.390122533 0.546364963 -0.741140783
vn -0.390745044 0.543358743 -0.743020654
vn -0.390744835 0.543358445 -0.743020952
vn -0.390129596 0.546362042 -0.741139293
vn -0.391299933 0.541141152 -0.744345784
vn -0.391299188 0.541141152 -0.744346142
vn -0.393194854 0.541102886 -0.743374348
vn -0.393194914 0.541102946 -0.743374348
vn -0.393876016 0.744508505 -0.539044261
vn -0.394685715 0.728464782 -0.559966207
vn -0.318000585 0.889676332 -0.327645689
vn -0.394685715 0.728464782 -0.559966207
vn -0.324386477 0.887860596 -0.326308191
vn -0.269904464 0.901932657 -0.337148339
vn -0.269904464 0.901932657 -0.337148309
vn 0.382667452 -0.540500998 0.749282598
vn 0.382673442 -0.539213538 0.750206411
vn 0.382673949 -0.539212883 0.750206769
vn 0.382667333 -0.540500522 0.749282897
vn 0.386180133 -0.542696118 0.745885968
vn 0.386188716 -0.542699516 0.745879054
vn 0.389485747 -0.543968201 0.743235767
vn 0.389485747 -0.54396826 0.743235767
vn 0.353357673 -0.340325892 0.87138778
vn 0.348137259 -0.313363463 0.883517861
vn 0.335804611 -0.0521692 0.940485835
vn 0.34039861 -0.0474212542 0.939084709
vn 0.378630519 -0.00717925979 0.925520003
vn 0.378630489 -0.00717925886 0.925520003
vn 0.353357673 -0.340325892 0.87138778
vn 0.901043594 0.0470626578 -0.431167662
vn 0.901043594 0.0470626578 -0.431167662
vn 0.901043594 0.0470626578 -0.431167662
vn 0.901043594 0.0470626503 -0.431167632
vn 0.733542681 0.0159891751 0.679455161
vn 0.959663093 0.0131813111 0.280843318
vn 0.735276341 0.0159837604 0.677578926
vn 0.959086716 0.0132016521 0.28280431
vn 0.49938339 0.0176105127 0.866202116
vn 0.49968949 0.0175973456 0.866025805
vn 0.462287754 0.0191705786 0.88652277
vn 0.462287694 0.0191705767 0.88652277
vn 0.996455729 0.00539066782 -0.0839457065
vn 0.995586753 0.00506250747 -0.0937088802
vn 0.916996121 -0.0120615819 -0.398713708
vn 0.916657746 -0.0126029048 -0.399474442
vn 0.904460192 -0.031224139 -0.425413579
vn -0.958802819 -0.0132282432 -0.283764511
vn -0.885520816 -0.0149028394 -0.464360625
vn -0.885520816 -0.0149028394 -0.464360565
vn -0.958352089 -0.0132439462 -0.285282105
vn -0.996900439 -0.00523344986 0.078500405
vn -0.996204913 -0.0049411892 0.0868985429
vn -0.923244596 0.0124732535 0.384010077
vn -0.9225685 0.0130513804 0.385612458
vn -0.899772406 0.0311735757 0.435244471
vn 0.00425019115 -0.999635696 0.026653843
vn 0.00220654556 -0.999745905 0.0224341769
vn 0.00423949677 -0.999635696 0.0266546067
vn 0.00220657839 -0.999745905 0.0224339906
vn 0.000566144066 -0.999811828 0.0193952546
vn 0.000566737202 -0.999811828 0.0193949156
vn -0.00185912009 -0.999782383 0.02078031
vn -0.00185912009 -0.999782383 0.02078031
vn 0.06691695 -0.930566013 0.359956801
vn 0.0624020249 -0.940240443 0.334744513
vn 0.182612702 -0.762607932 0.6205495
vn 0.175360143 -0.763232112 0.621872604
vn 0.241922483 -0.75588429 0.608368754
vn 0.241922498 -0.75588429 0.608368754
vn -0.0111553706 0.999866486 -0.0119449021
vn -0.0106049553 0.999894381 -0.00994317699
vn -0.0111553594 0.999866486 -0.0119447513
vn -0.0106038628 0.999894381 -0.00994210038
vn -0.00765037956 0.999809325 -0.0179704595
vn -0.00764076412 0.999809086 -0.0179822575
vn -0.00400874158 0.999740183 -0.0224381853
vn -0.00400874158 0.999740183 -0.0224381853
vn 0.0404696986 0.961533666 0.271689475
vn 0.0460712239 0.95202148 0.302543461
vn 0.156352058 0.806129515 0.570709348
vn 0.0404696986 0.961533666 0.271689475
vn 0.163176447 0.804012716 0.571784139
vn 0.225558147 0.782567084 0.580269277
vn 0.225558147 0.782567084 0.580269277
vn 0.886783361 -0.000758203038 -0.462184727
vn 0.886783361 -0.000758202979 -0.462184727
vn 0.886783361 -0.000758202979 -0.462184668
vn 0.886783361 -0.000758202863 -0.462184727
vn 0.481306374 -0.817162752 0.317157924
vn 0.783442974 -0.620786905 0.0289969463
vn 0.485430181 -0.815871656 0.314182967
vn 0.780539811 -0.624242365 0.0328490138
vn 0.228399456 -0.851597548 0.471821249
vn 0.228761271 -0.851612091 0.471619666
vn 0.191264585 -0.849344194 0.491967887
vn 0.191264585 -0.849344194 0.491967887
vn 0.906247437 -0.362853467 -0.216916621
vn 0.908390939 -0.351656348 -0.226194113
vn 0.905105591 -0.114806935 -0.409393936
vn 0.904471338 -0.114241652 -0.410950571
vn 0.891563356 -0.103169568 -0.440988451
vn -0.781932831 0.622590065 -0.0310284439
vn -0.670729637 0.72472471 -0.157784343
vn -0.670729637 0.72472465 -0.157784358
vn -0.779184699 0.625835598 -0.0346573032
vn -0.904880226 0.368865162 0.212438658
vn -0.906908691 0.35879904 0.22086145
vn -0.906575084 0.127768993 0.402239561
vn -0.90576905 0.125970781 0.404615462
vn -0.889973462 0.0937552825 0.446270138
vn -0.390120924 -0.546361506 -0.741144359
vn -0.390745044 -0.543358684 -0.743020654
vn -0.390127987 -0.546358526 -0.74114275
vn -0.390744835 -0.543358445 -0.743020952
vn -0.391299874 -0.541139901 -0.744346678
vn -0.391299158 -0.54113996 -0.744347095
vn -0.393194824 -0.541100383 -0.743376195
vn -0.393194824 -0.541100383 -0.743376195
vn -0.393874645 -0.744510353 -0.539042711
vn -0.394684404 -0.728464603 -0.559967399
vn -0.318003684 -0.889673352 -0.327650964
vn -0.394684404 -0.728464603 -0.559967399
vn -0.32438916 -0.887858331 -0.326311558
vn -0.269911826 -0.901923358 -0.337167293
vn -0.269911855 -0.901923478 -0.337167293
vn 0.38266772 0.540501356 0.749282181
vn 0.382671058 0.539208174 0.750211596
vn 0.382667631 0.540500879 0.749282479
vn 0.382671446 0.539207399 0.750211954
vn 0.386182159 0.542699695 0.745882273
vn 0.386190742 0.542703032 0.745875418
vn 0.389489651 0.543974996 0.743228734
vn 0.389489651 0.543974996 0.743228734
vn 0.353354454 0.340320706 0.871391118
vn 0.348133981 0.313357055 0.883521378
vn 0.335806608 0.0521711707 0.94048512
vn 0.353354454 0.340320706 0.871391118
vn 0.340400785 0.0474232808 0.939083755
vn 0.378633887 0.00718192989 0.925518572
vn 0.378633916 0.00718193082 0.925518692
vn 0.90104264 -0.0470639132 -0.43116951
vn 0.90104264 -0.0470639095 -0.43116951
vn 0.90104264 -0.0470639095 -0.43116951
vn 0.90104264 -0.0470639095 -0.431169569
vn 0.399918705 -0.621684015 0.67347914
vn 0.605598629 -0.0551768504 0.793855011
vn 0.584051311 -0.0432970077 0.81056118
vn 0.450381219 -0.483807981 0.750391066
vn 0.386853963 0.571606219 0.723609149
vn 0.429963022 0.422062457 0.798119724
vn 0.316345453 -0.535087466 0.783330619
vn 0.274822682 -0.730708122 0.624930561
vn 0.553045869 -0.0138544962 0.833035529
vn 0.439035475 -0.543237448 0.715640247
vn 0.466956496 0.489441514 0.736477196
vn 0.174199268 0.855985463 0.486768425
vn 0.230386168 0.667828858 0.707761884
vn 0.0799224153 0.888690829 0.451487482
vn 0.316032261 0.790157795 0.525142252
vn 0.27049163 -0.838489711 0.473042697
vn 0.153620064 -0.912510812 0.379110664
vn 0.419989228 -0.520480633 0.743443906
vn 0.274121106 -0.827563643 0.489893854
vn 0.539873421 -0.0100346263 0.841686368
vn 0.419989228 -0.520480633 0.743443906
vn 0.471400946 0.478938341 0.740539789
vn 0.346806318 0.782630682 0.516927958
vn 0.19050777 0.953237057 0.23461844
vn 0.024685299 0.978263795 0.205889776
vn 0.0309450403 -0.985540807 0.166588411
vn 0.0863818228 -0.940023065 0.329992026
vn -0.0947136432 -0.986162603 0.136061236
vn -0.0947136432 -0.986162603 0.136061251
vn 0.166101366 -0.968812227 0.183883771
vn 0.18626368 -0.97133249 0.147712305
vn 0.154343918 -0.98797518 -0.00910189468
vn 0.138542831 -0.990347743 0.00413812278
vn 0.0129842144 0.999257982 0.0362605713
vn -0.100376301 0.969275653 0.224564657
vn 0.135316506 0.990172744 0.0353166647
vn 0.211621776 0.956659198 0.200048149
vn 0.346806318 0.782630682 0.516927958
vn 0.0863818228 -0.940023065 0.329992026
vn 0.274822682 -0.730708122 0.624930561
vn -0.742401183 0.493588477 0.453001946
vn -0.928055584 0.0359232239 0.370705217
vn -0.928690135 0.0246067438 0.370039552
vn -0.726599991 0.512467921 0.457634181
vn -0.513076365 0.704892218 0.489775002
vn -0.513076365 0.704892218 0.489775062
vn -0.730686367 -0.539304018 0.418627203
vn -0.651640832 -0.628003299 0.425412625
vn -0.928690135 0.0246067438 0.370039552
vn -0.319019228 -0.857731819 0.403141171
vn -0.319019228 -0.857731819 0.403141201
vn -0.730686367 -0.539304018 0.418627203
vn -0.987940788 -0.0510363616 0.146179304
vn -0.979301453 -0.0773824602 0.187031358
vn -0.986033976 -0.057544969 0.156286687
vn -0.979301453 -0.0773824528 0.187031344
vn -0.987808824 -0.0303589422 0.152683049
vn -0.981437683 -0.0303982086 0.18935658
vn -0.988057971 -0.0303562488 0.151062772
vn -0.981437683 -0.0303982068 0.189356595
vn -0.986033976 -0.057544969 0.156286687
vn -0.981588364 0.0540610999 0.18319869
vn -0.981696546 0.0537239872 0.18271707
vn -0.981588364 0.0540610999 0.18319869
vn -0.981700361 0.0537122935 0.182700366
vn -0.986572027 0.0119161746 0.162891746
vn -0.986380517 0.0140226632 0.163880974
vn -0.989079893 -0.025566753 0.145146087
vn -0.989079893 -0.0255667549 0.145146087
vn 0.242294714 0.489094079 0.837902308
vn 0.429963022 0.422062457 0.798119724
vn 0.230386168 0.667828858 0.707761884
vn 0.274121106 -0.827563643 0.489893854
vn 0.18626368 -0.97133249 0.147712305
vn -0.975142658 -0.108226165 0.193348885
vn -0.966948032 -0.124828517 0.222326994
vn -0.971979737 -0.114930809 0.205051959
vn -0.980443835 -0.0959089771 0.171846896
vn -0.980443835 -0.0959089771 0.171846896
vn -0.980443835 -0.0959089771 0.171846911
vn 0.0799224153 0.888690829 0.451487482
vn -0.303293854 0.000342657469 -0.952897012
vn -0.303293824 0.00034265744 -0.952897012
vn -0.303293824 0.00034265744 -0.952897012
vn -0.303293854 0.000342657499 -0.952897012
vn 0.0119789382 -0.927084088 -0.374662161
vn -0.0919361785 -0.964456677 -0.247732058
vn -0.409586877 -0.884335339 -0.224030375
vn -0.542666018 -0.785005212 -0.298798352
vn -0.55668056 -0.725123942 -0.405341864
vn -0.7207762 -0.579683244 -0.380064547
vn -0.49995774 -0.747044623 -0.438139915
vn -0.547771037 -0.820861518 -0.161657706
vn -0.7505458 -0.574396193 -0.326726258
vn -0.924368918 -0.0190933682 -0.381021738
vn -0.907655537 -0.0167092085 -0.419383258
vn -0.918377578 0.0265796576 -0.394811422
vn -0.696094096 -0.584536612 -0.416857213
vn -0.49995774 -0.747044623 -0.438139915
vn -0.712599635 0.634499192 -0.29935348
vn -0.734202623 0.529236555 -0.425270528
vn -0.585416138 0.649703443 -0.484946907
vn -0.574306548 0.74113214 -0.347699642
vn -0.477596939 0.86736083 -0.139951423
vn -0.352877885 0.927614272 -0.122510798
vn -0.555761158 -0.828794241 -0.0650354773
vn -0.819705486 -0.505128086 -0.27005285
vn -0.948320806 0.00170669204 -0.317308486
vn -0.788447618 0.555313945 -0.264531076
vn -0.771092892 0.57082653 -0.282086343
vn -0.521737456 0.845196128 -0.115903437
vn -0.817649186 0.50762403 -0.271602273
vn -0.945634067 0.0091681825 -0.325103343
vn -0.519439757 0.851518869 -0.0714000762
vn -0.485612333 0.871326268 -0.070506826
vn -0.258903325 0.960669696 0.100412987
vn -0.296118617 0.952962339 0.0646263361
vn -0.859412014 -0.444036543 -0.253461182
vn -0.604205132 -0.796225727 -0.0309979506
vn -0.345960945 -0.932729065 0.101623893
vn -0.320416212 -0.931562662 0.17182678
vn -0.277357727 -0.958627641 -0.0640771315
vn -0.296736866 0.943087876 -0.150108084
vn -0.278845817 -0.957566679 -0.0728760436
vn -0.278845817 -0.957566679 -0.0728760436
vn -0.352877885 0.927614272 -0.122510798
vn -0.31520161 0.929985344 -0.189143673
vn -0.0103783999 0.951347232 -0.307945907
vn -0.106788181 0.978695452 -0.175361156
vn 0.861119628 0.012049363 -0.508259654
vn 0.857575238 0.00609692512 -0.514322281
vn 0.85820806 0.00700024329 -0.513254225
vn 0.857204795 0.00545685552 -0.514946699
vn 0.866476238 -0.00302721723 -0.499209136
vn 0.866548955 -0.00150536408 -0.499089867
vn 0.858208954 -0.00641236501 -0.513260484
vn 0.860616505 0.065891929 -0.504972756
vn 0.865554333 0.0566724502 -0.497598141
vn 0.846933007 0.0901290551 -0.524004996
vn 0.846933007 0.0901290476 -0.524004996
vn 0.866548955 -0.00150536408 -0.499089867
vn 0.859560132 -0.0106736906 -0.510923028
vn 0.861435294 -0.0209859256 -0.507433534
vn 0.860423505 -0.0171954595 -0.509289265
vn 0.864347756 -0.0866287947 -0.495377094
vn 0.865540504 -0.0803558305 -0.494350612
vn 0.858451247 -0.115182415 -0.499794364
vn 0.858451366 -0.115182444 -0.499794364
vn -0.366111785 0.0207289904 -0.930339932
vn -0.378899425 0.0372946374 -0.924686074
vn -0.378899425 0.0372946374 -0.924686074
vn -0.361461163 0.0147566507 -0.932270348
vn -0.339148372 0.016701322 -0.94058466
vn -0.319532067 0.0505497418 -0.946226239
vn -0.298907697 0.0851615891 -0.950474441
vn -0.998357594 0.0549849086 -0.0160851926
vn -0.998165786 0.059001185 -0.0135631654
vn -0.998088419 0.0604989305 -0.0126223629
vn -0.997943342 0.0631586835 -0.0109512554
vn -0.997943342 0.0631586835 -0.0109512564
vn -0.0825717822 -0.993623972 0.0767680109
vn 0.132855996 -0.984739304 0.112418346
vn -0.0134437606 -0.997076273 0.0752204657
vn 0.101625994 -0.994721532 -0.0141869402
vn 0.221350864 -0.958659828 0.17881611
vn 0.40568918 -0.751168013 0.520733058
vn 0.378277391 -0.80104202 0.463937432
vn 0.460251898 -0.613063335 0.642122626
vn 0.525300324 -0.435998291 0.730729043
vn 0.518974781 -0.45735091 0.722146273
vn 0.582629442 -0.000781909854 0.812737525
vn 0.582633257 -0.00136847072 0.812734067
vn 0.527460098 0.412395149 0.742775977
vn 0.517981589 0.445476443 0.730236769
vn 0.432989538 0.680294633 0.591370523
vn 0.404919684 0.769711554 0.493542552
vn 0.343715191 0.868179321 0.357944995
vn 0.271405667 0.933467746 0.23447156
vn 0.166679099 0.967676878 0.189260438
vn 0.271405667 0.933467746 0.23447156
vn 0.0104714939 0.983377576 0.181270123
vn -0.0874499753 0.980076969 0.178330183
vn 0.0104714939 0.983377576 0.181270123
vn -0.111417532 0.978268564 0.174861819
vn -0.111417532 0.978268564 0.174861819
vn -0.120386444 0.974116802 0.191320226
vn -0.294843197 -0.0401620232 -0.954701304
vn -0.295289576 -0.0389472209 -0.954613626
vn -0.294843227 -0.0401620269 -0.954701304
vn -0.295160949 -0.0392974615 -0.954639018
vn -0.295541018 -0.0382623076 -0.954563439
vn -0.295540988 -0.0382623039 -0.954563439
vn -0.991215229 -0.0536932461 0.120869115
vn -0.996459901 -0.00819062069 0.0836696029
vn -0.994752049 -0.0266411994 0.0987857282
vn -0.997626364 0.0108869905 0.0679935217
vn -0.0877153128 -0.993756175 0.0689547211
vn -0.0811672136 -0.994938612 0.0592374243
vn -0.0811672136 -0.994938612 0.059237428
vn -0.284757495 -0.035033524 -0.957959175
vn -0.239155889 -0.0374245308 -0.970259666
vn -0.284094542 -0.0350537933 -0.958155274
vn -0.399764776 -0.0465084687 -0.915437102
vn -0.327130288 -0.0336941518 -0.944378376
vn -0.327130258 -0.0336941518 -0.944378376
vn -0.65434438 -0.0568045862 -0.754060149
vn -0.238846883 -0.0382038206 -0.970305443
vn 0.747721851 0.138934806 -0.649314284
vn 0.83148551 0.158014357 -0.532600582
vn 0.749092638 0.140865907 -0.647315323
vn 0.824268937 0.167554051 -0.540838599
vn 0.720881522 -0.00267085456 -0.693053126
vn 0.720096529 5.49948745E-05 -0.693873942
vn 0.751567125 -0.109006047 -0.650587916
vn 0.749254107 -0.102264263 -0.654339552
vn 0.862753451 0.112634391 -0.492919922
vn 0.862371743 0.11336372 -0.493420422
vn 0.86415422 0.109943911 -0.491070062
vn 0.86415422 0.109943926 -0.491070122
vn 0.815017462 -0.205502093 -0.541770577
vn 0.80282867 -0.188627124 -0.56558454
vn 0.849093735 -0.259107381 -0.460329503
vn 0.849093735 -0.259107351 -0.460329413
vn -0.304768503 0.0666253641 -0.950093269
vn -0.353732288 0.0991413742 -0.930077732
vn -0.304403007 0.0663845986 -0.95022738
vn -0.353732318 0.0991413742 -0.930077732
vn -0.41351366 0.0372884013 -0.90973407
vn -0.257061154 0.00635437667 -0.966374278
vn -0.304403007 0.0663845986 -0.95022738
vn -0.262653679 -0.0119898152 -0.964815676
vn -0.642685413 0.0622734725 -0.763595164
vn -0.257061154 0.00635437667 -0.966374278
vn -0.78189522 -0.056534633 -0.620841205
vn -0.65434438 -0.0568045862 -0.754060149
vn -0.793502033 -0.0614182167 -0.605460525
vn -0.399764776 -0.0465084687 -0.915437102
vn -0.803865612 -0.0604875684 -0.591727436
vn -0.803865552 -0.0604875721 -0.591727436
vn -0.791365862 -0.0625441968 -0.608135045
vn -0.399764776 -0.0465084687 -0.915437102
vn 0.133639723 -0.980026126 0.14727281
vn -0.0141411778 -0.99165535 0.128139481
vn 0.0775955915 -0.987055182 0.140360326
vn 0.133639723 -0.980026126 0.14727281
vn 0.375520259 -0.89683646 0.233814076
vn 0.428117603 -0.866884649 0.255394459
vn 0.185221493 -0.970672727 0.153256461
vn 0.751733124 -0.505752444 0.423215955
vn 0.375520259 -0.89683646 0.233814076
vn 0.613398433 -0.718294859 0.328321278
vn 0.761700749 -0.484327644 0.430393696
vn 0.8240695 -0.304220736 0.477869391
vn 0.88003844 -0.0251789466 0.474234641
vn 0.881104767 -0.00884266291 0.472838372
vn 0.79432112 0.456054002 0.40133357
vn 0.769955993 0.50412792 0.391181439
vn 0.566636682 0.770997047 0.290665507
vn 0.64698416 0.683621526 0.337747276
vn 0.429125011 0.878170133 0.211350307
vn 0.249921501 0.955425799 0.157164678
vn 0.306296378 0.941364706 0.141474426
vn 0.165529191 0.969793916 0.17916438
vn 0.165529191 0.969793916 0.17916438
vn 0.0622980446 0.977034032 0.203772709
vn 0.429125011 0.878170133 0.211350307
vn 0.249921501 0.955425799 0.157164678
vn 0.603323162 -0.00940177403 -0.797441363
vn 0.619118094 -0.00593294483 -0.785275578
vn 0.604239643 -0.00397641351 -0.796792746
vn 0.618339181 -0.00401124312 -0.785901129
vn 0.588561416 -0.0194971319 -0.808217406
vn 0.590320289 -0.0217991453 -0.806874692
vn 0.579914868 -0.00828998815 -0.81463486
vn 0.579914808 -0.00828998722 -0.81463486
vn 0.618154287 0.00253779488 -0.786052704
vn 0.615304887 0.0109540662 -0.788213134
vn 0.578835368 0.0114532756 -0.815363944
vn 0.575658977 0.00742807426 -0.8176561
vn 0.550545096 -0.023630647 -0.834470928
vn 0.550545037 -0.0236306433 -0.834470987
vn -0.831647813 0.0856639445 -0.548656106
vn -0.79843837 0.0906568095 -0.595212162
vn -0.80340606 0.0887500197 -0.588780224
vn -0.831647933 0.0856639519 -0.548656106
vn -0.642685413 0.0622734725 -0.763595164
vn -0.761004686 0.081470713 -0.643610358
vn -0.41351366 0.0372884013 -0.90973407
vn -0.278845817 -0.957566679 -0.0728760436
vn -0.277357727 -0.958627641 -0.0640771315
vn -0.044608295 -0.975180626 -0.216870293
vn -0.296736866 0.943087876 -0.150108084
vn -0.31520161 0.929985344 -0.189143673
vn 0.0145398313 0.923321426 -0.383752584
g Green_war_m_pve_3_shoulderstrap_0
f 3/3/3 2/2/2 1/1/1
f 2/2/2 4/4/4 1/1/1
f 2/2/2 3/3/3 5/5/5
f 3/3/3 6/6/6 5/5/5
f 5/5/5 6/6/6 7/7/7
f 6/6/6 8/8/8 7/7/7
f 4/4/4 9/9/9 1/1/1
f 9/9/9 10/10/10 1/1/1
f 9/9/9 11/11/11 10/10/10
f 11/11/11 12/12/12 10/10/10
f 13/13/13 12/12/12 11/11/11
f 16/16/16 15/15/15 14/14/14
f 15/15/15 17/17/17 14/14/14
f 17/17/17 15/15/15 18/18/18
f 15/15/15 19/19/19 18/18/18
f 18/18/18 19/19/19 20/20/20
f 19/19/19 21/21/21 20/20/20
f 22/22/22 20/20/20 21/21/21
f 25/25/25 24/24/24 23/23/23
f 24/24/24 26/26/26 23/23/23
f 23/23/23 26/26/26 27/27/27
f 26/26/26 28/28/28 27/27/27
f 27/27/27 28/28/28 29/29/29
f 28/28/28 30/30/30 29/29/29
f 31/31/31 24/24/24 25/25/25
f 32/32/32 31/31/31 25/25/25
f 34/34/34 31/31/31 33/33/33
f 35/35/35 34/34/34 33/33/33
f 36/36/36 34/34/34 35/35/35
f 37/37/37 36/36/36 35/35/35
f 40/40/40 39/39/39 38/38/38
f 39/39/39 41/41/41 38/38/38
f 42/42/42 39/39/39 40/40/40
f 43/43/43 42/42/42 40/40/40
f 44/44/44 42/42/42 43/43/43
f 45/45/45 44/44/44 43/43/43
f 38/38/38 41/41/41 46/46/46
f 41/41/41 47/47/47 46/46/46
f 49/49/49 47/47/47 48/48/48
f 47/47/47 50/50/50 48/48/48
f 48/48/48 50/50/50 51/51/51
f 50/50/50 52/52/52 51/51/51
f 55/55/55 54/54/54 53/53/53
f 54/54/54 56/56/56 53/53/53
f 59/59/59 58/58/58 57/57/57
f 58/58/58 60/60/60 57/57/57
f 60/60/60 58/58/58 61/61/61
f 62/62/62 60/60/60 61/61/61
f 62/62/62 61/61/61 63/63/63
f 64/64/64 62/62/62 63/63/63
f 65/65/65 59/59/59 57/57/57
f 66/66/66 65/65/65 57/57/57
f 67/67/67 65/65/65 66/66/66
f 68/68/68 67/67/67 66/66/66
f 68/68/68 69/69/69 67/67/67
f 72/72/72 71/71/71 70/70/70
f 71/71/71 73/73/73 70/70/70
f 71/71/71 72/72/72 74/74/74
f 75/75/75 71/71/71 74/74/74
f 75/75/75 74/74/74 76/76/76
f 77/77/77 75/75/75 76/76/76
f 76/76/76 78/78/78 77/77/77
f 81/81/81 80/80/80 79/79/79
f 80/80/80 82/82/82 79/79/79
f 81/81/81 79/79/79 83/83/83
f 84/84/84 81/81/81 83/83/83
f 84/84/84 83/83/83 85/85/85
f 86/86/86 84/84/84 85/85/85
f 80/80/80 87/87/87 82/82/82
f 87/87/87 88/88/88 82/82/82
f 87/87/87 90/90/90 89/89/89
f 90/90/90 91/91/91 89/89/89
f 90/90/90 92/92/92 91/91/91
f 92/92/92 93/93/93 91/91/91
f 96/96/96 95/95/95 94/94/94
f 95/95/95 97/97/97 94/94/94
f 95/95/95 98/98/98 97/97/97
f 98/98/98 99/99/99 97/97/97
f 98/98/98 100/100/100 99/99/99
f 100/100/100 101/101/101 99/99/99
f 96/96/96 94/94/94 102/102/102
f 103/103/103 96/96/96 102/102/102
f 105/105/105 103/103/103 104/104/104
f 105/105/105 104/104/104 106/106/106
f 107/107/107 105/105/105 106/106/106
f 103/103/103 108/108/108 104/104/104
f 111/111/111 110/110/110 109/109/109
f 110/110/110 112/112/112 109/109/109
f 115/115/115 114/114/114 113/113/113
f 114/114/114 116/116/116 113/113/113
f 114/114/114 115/115/115 117/117/117
f 115/115/115 118/118/118 117/117/117
f 117/117/117 118/118/118 119/119/119
f 118/118/118 120/120/120 119/119/119
f 116/116/116 121/121/121 113/113/113
f 121/121/121 122/122/122 113/113/113
f 121/121/121 123/123/123 122/122/122
f 123/123/123 124/124/124 122/122/122
f 125/125/125 124/124/124 123/123/123
f 128/128/128 127/127/127 126/126/126
f 127/127/127 129/129/129 126/126/126
f 129/129/129 127/127/127 130/130/130
f 127/127/127 131/131/131 130/130/130
f 130/130/130 131/131/131 132/132/132
f 131/131/131 133/133/133 132/132/132
f 134/134/134 132/132/132 133/133/133
f 137/137/137 136/136/136 135/135/135
f 136/136/136 138/138/138 135/135/135
f 135/135/135 138/138/138 139/139/139
f 138/138/138 140/140/140 139/139/139
f 139/139/139 140/140/140 141/141/141
f 140/140/140 142/142/142 141/141/141
f 143/143/143 136/136/136 137/137/137
f 144/144/144 143/143/143 137/137/137
f 146/146/146 143/143/143 145/145/145
f 147/147/147 146/146/146 145/145/145
f 148/148/148 146/146/146 147/147/147
f 149/149/149 148/148/148 147/147/147
f 152/152/152 151/151/151 150/150/150
f 151/151/151 153/153/153 150/150/150
f 154/154/154 151/151/151 152/152/152
f 155/155/155 154/154/154 152/152/152
f 156/156/156 154/154/154 155/155/155
f 157/157/157 156/156/156 155/155/155
f 150/150/150 153/153/153 158/158/158
f 153/153/153 159/159/159 158/158/158
f 161/161/161 159/159/159 160/160/160
f 159/159/159 162/162/162 160/160/160
f 160/160/160 162/162/162 163/163/163
f 162/162/162 164/164/164 163/163/163
f 167/167/167 166/166/166 165/165/165
f 166/166/166 168/168/168 165/165/165
f 171/171/171 170/170/170 169/169/169
f 170/170/170 172/172/172 169/169/169
f 173/173/173 172/172/172 170/170/170
f 174/174/174 173/173/173 170/170/170
f 173/173/173 174/174/174 175/175/175
f 176/176/176 173/173/173 175/175/175
f 177/177/177 173/173/173 176/176/176
f 178/178/178 177/177/177 176/176/176
f 178/178/178 179/179/179 177/177/177
f 180/180/180 171/171/171 169/169/169
f 181/181/181 180/180/180 169/169/169
f 181/181/181 169/169/169 182/182/182
f 169/169/169 183/183/183 182/182/182
f 172/172/172 184/184/184 169/169/169
f 184/184/184 185/185/185 169/169/169
f 184/184/184 172/172/172 186/186/186
f 172/172/172 173/173/173 186/186/186
f 173/173/173 177/177/177 186/186/186
f 169/169/169 185/185/185 183/183/183
f 185/185/185 187/187/187 183/183/183
f 177/177/177 188/188/188 186/186/186
f 188/188/188 177/177/177 179/179/179
f 189/189/189 188/188/188 179/179/179
f 183/183/183 190/190/190 182/182/182
f 190/190/190 191/191/191 182/182/182
f 190/190/190 192/192/192 191/191/191
f 187/187/187 193/193/193 183/183/183
f 193/193/193 190/190/190 183/183/183
f 195/195/195 179/179/179 194/194/194
f 179/179/179 178/178/178 194/194/194
f 198/198/198 197/197/197 196/196/196
f 197/197/197 199/199/199 196/196/196
f 199/199/199 197/197/197 200/200/200
f 197/197/197 201/201/201 200/200/200
f 200/200/200 201/201/201 202/202/202
f 201/201/201 203/203/203 202/202/202
f 198/198/198 196/196/196 204/204/204
f 205/205/205 198/198/198 204/204/204
f 208/208/208 207/207/207 206/206/206
f 207/207/207 209/209/209 206/206/206
f 206/206/206 209/209/209 210/210/210
f 209/209/209 211/211/211 210/210/210
f 213/213/213 211/211/211 212/212/212
f 214/214/214 213/213/213 212/212/212
f 217/217/217 216/216/216 215/215/215
f 216/216/216 218/218/218 215/215/215
f 219/219/219 216/216/216 217/217/217
f 220/220/220 219/219/219 217/217/217
f 219/219/219 220/220/220 221/221/221
f 220/220/220 222/222/222 221/221/221
f 225/225/225 224/224/224 223/223/223
f 224/224/224 226/226/226 223/223/223
f 224/224/224 227/227/227 226/226/226
f 227/227/227 228/228/228 226/226/226
f 225/225/225 223/223/223 229/229/229
f 230/230/230 225/225/225 229/229/229
f 230/230/230 229/229/229 231/231/231
f 232/232/232 230/230/230 231/231/231
f 233/233/233 228/228/228 227/227/227
f 234/234/234 233/233/233 227/227/227
f 235/235/235 233/233/233 234/234/234
f 236/236/236 235/235/235 234/234/234
f 239/239/239 238/238/238 237/237/237
f 238/238/238 240/240/240 237/237/237
f 243/243/243 242/242/242 241/241/241
f 242/242/242 244/244/244 241/241/241
f 247/247/247 246/246/246 245/245/245
f 246/246/246 248/248/248 245/245/245
f 249/249/249 247/247/247 245/245/245
f 250/250/250 249/249/249 245/245/245
f 250/250/250 251/251/251 249/249/249
f 251/251/251 252/252/252 249/249/249
f 253/253/253 252/252/252 251/251/251
f 254/254/254 253/253/253 251/251/251
f 254/254/254 255/255/255 253/253/253
f 255/255/255 256/256/256 253/253/253
f 248/248/248 246/246/246 257/257/257
f 258/258/258 248/248/248 257/257/257
f 258/258/258 257/257/257 259/259/259
f 257/257/257 260/260/260 259/259/259
f 259/259/259 260/260/260 261/261/261
f 260/260/260 262/262/262 261/261/261
f 262/262/262 260/260/260 263/263/263
f 256/256/256 264/264/264 253/253/253
f 267/267/267 266/266/266 265/265/265
f 266/266/266 268/268/268 265/265/265
f 271/271/271 270/270/270 269/269/269
f 270/270/270 272/272/272 269/269/269
f 275/275/275 274/274/274 273/273/273
f 274/274/274 276/276/276 273/273/273
f 273/273/273 276/276/276 277/277/277
f 276/276/276 278/278/278 277/277/277
f 277/277/277 278/278/278 279/279/279
f 280/280/280 277/277/277 279/279/279
f 280/280/280 279/279/279 281/281/281
f 282/282/282 280/280/280 281/281/281
f 275/275/275 283/283/283 274/274/274
f 283/283/283 284/284/284 274/274/274
f 284/284/284 283/283/283 285/285/285
f 283/283/283 286/286/286 285/285/285
f 285/285/285 286/286/286 287/287/287
f 286/286/286 288/288/288 287/287/287
f 288/288/288 289/289/289 287/287/287
f 289/289/289 290/290/290 287/287/287
f 293/293/293 292/292/292 291/291/291
f 292/292/292 294/294/294 291/291/291
f 297/297/297 296/296/296 295/295/295
f 298/298/298 296/296/296 297/297/297
f 296/296/296 298/298/298 299/299/299
f 300/300/300 296/296/296 299/299/299
f 303/303/303 302/302/302 301/301/301
f 302/302/302 304/304/304 301/301/301
f 307/307/307 306/306/306 305/305/305
f 306/306/306 308/308/308 305/305/305
f 311/311/311 310/310/310 309/309/309
f 310/310/310 312/312/312 309/309/309
f 315/315/315 314/314/314 313/313/313
f 313/313/313 316/316/316 315/315/315
f 313/313/313 317/317/317 316/316/316
f 316/316/316 317/317/317 318/318/318
f 318/318/318 317/317/317 319/319/319
f 317/317/317 320/320/320 319/319/319
f 319/319/319 320/320/320 321/321/321
f 320/320/320 322/322/322 321/321/321
f 313/313/313 323/323/323 317/317/317
f 323/323/323 324/324/324 317/317/317
f 317/317/317 324/324/324 320/320/320
f 324/324/324 325/325/325 320/320/320
f 326/326/326 323/323/323 313/313/313
f 327/327/327 326/326/326 313/313/313
f 326/326/326 327/327/327 328/328/328
f 320/320/320 325/325/325 329/329/329
f 330/330/330 320/320/320 329/329/329
f 331/331/331 320/320/320 330/330/330
f 332/332/332 331/331/331 330/330/330
f 332/332/332 330/330/330 333/333/333
f 330/330/330 334/334/334 333/333/333
f 323/323/323 326/326/326 335/335/335
f 323/323/323 335/335/335 324/324/324
f 326/326/326 336/336/336 335/335/335
f 336/336/336 326/326/326 337/337/337
f 338/338/338 336/336/336 337/337/337
f 339/339/339 335/335/335 336/336/336
f 340/340/340 339/339/339 336/336/336
f 339/339/339 340/340/340 341/341/341
f 342/342/342 339/339/339 341/341/341
f 343/343/343 339/339/339 342/342/342
f 344/344/344 343/343/343 342/342/342
f 345/345/345 343/343/343 344/344/344
f 346/346/346 345/345/345 344/344/344
f 347/347/347 345/345/345 346/346/346
f 348/348/348 347/347/347 346/346/346
f 349/349/349 347/347/347 348/348/348
f 350/350/350 349/349/349 348/348/348
f 349/349/349 351/351/351 347/347/347
f 351/351/351 352/352/352 347/347/347
f 345/345/345 347/347/347 352/352/352
f 353/353/353 352/352/352 351/351/351
f 354/354/354 345/345/345 352/352/352
f 343/343/343 345/345/345 355/355/355
f 345/345/345 354/354/354 355/355/355
f 324/324/324 355/355/355 354/354/354
f 325/325/325 324/324/324 354/354/354
f 325/325/325 354/354/354 352/352/352
f 335/335/335 355/355/355 324/324/324
f 329/329/329 325/325/325 352/352/352
f 335/335/335 339/339/339 355/355/355
f 339/339/339 343/343/343 355/355/355
f 329/329/329 352/352/352 356/356/356
f 352/352/352 353/353/353 356/356/356
f 329/329/329 357/357/357 330/330/330
f 359/359/359 358/358/358 330/330/330
f 362/362/362 361/361/361 360/360/360
f 361/361/361 363/363/363 360/360/360
f 363/363/363 361/361/361 364/364/364
f 365/365/365 363/363/363 364/364/364
f 368/368/368 367/367/367 366/366/366
f 368/368/368 366/366/366 369/369/369
f 370/370/370 368/368/368 369/369/369
f 371/371/371 370/370/370 369/369/369
f 370/370/370 371/371/371 372/372/372
f 373/373/373 370/370/370 372/372/372
f 373/373/373 372/372/372 374/374/374
f 372/372/372 375/375/375 374/374/374
f 375/375/375 376/376/376 374/374/374
f 374/374/374 376/376/376 377/377/377
f 377/377/377 376/376/376 378/378/378
f 378/378/378 379/379/379 377/377/377
f 379/379/379 380/380/380 377/377/377
f 378/378/378 381/381/381 379/379/379
f 367/367/367 383/383/383 382/382/382
f 382/382/382 383/383/383 384/384/384
f 383/383/383 385/385/385 384/384/384
f 386/386/386 384/384/384 385/385/385
f 387/387/387 386/386/386 385/385/385
f 388/388/388 386/386/386 387/387/387
f 389/389/389 388/388/388 387/387/387
f 392/392/392 391/391/391 390/390/390
f 391/391/391 393/393/393 390/390/390
f 396/396/396 395/395/395 394/394/394
f 395/395/395 397/397/397 394/394/394
f 400/400/400 399/399/399 398/398/398
f 399/399/399 401/401/401 398/398/398
f 402/402/402 399/399/399 400/400/400
f 403/403/403 402/402/402 400/400/400
f 402/402/402 403/403/403 404/404/404
f 405/405/405 402/402/402 404/404/404
f 406/406/406 405/405/405 404/404/404
f 407/407/407 406/406/406 404/404/404
f 406/406/406 407/407/407 408/408/408
f 409/409/409 406/406/406 408/408/408
f 409/409/409 408/408/408 410/410/410
f 408/408/408 411/411/411 410/410/410
f 414/414/414 413/413/413 412/412/412
f 413/413/413 415/415/415 412/412/412
f 416/416/416 414/414/414 412/412/412
f 417/417/417 416/416/416 412/412/412
f 418/418/418 415/415/415 413/413/413
f 419/419/419 418/418/418 413/413/413
f 420/420/420 418/418/418 419/419/419
f 421/421/421 420/420/420 419/419/419
f 419/419/419 422/422/422 421/421/421
f 416/416/416 417/417/417 423/423/423
f 424/424/424 416/416/416 423/423/423
f 424/424/424 423/423/423 425/425/425
f 426/426/426 424/424/424 425/425/425
f 427/427/427 426/426/426 425/425/425
f 428/428/428 427/427/427 425/425/425
f 429/429/429 427/427/427 428/428/428
f 430/430/430 429/429/429 428/428/428
f 430/430/430 428/428/428 431/431/431
f 432/432/432 430/430/430 431/431/431
f 435/435/435 434/434/434 433/433/433
f 434/434/434 436/436/436 433/433/433
f 439/439/439 438/438/438 437/437/437
f 438/438/438 440/440/440 437/437/437
f 443/443/443 442/442/442 441/441/441
f 446/446/446 445/445/445 444/444/444
f 445/445/445 447/447/447 444/444/444
f 448/448/448 446/446/446 444/444/444
f 449/449/449 448/448/448 444/444/444
f 444/444/444 450/450/450 449/449/449
f 452/452/452 450/450/450 451/451/451
f 450/450/450 453/453/453 451/451/451
f 455/455/455 452/452/452 454/454/454
f 327/327/327 457/457/457 456/456/456
f 459/459/459 458/458/458 327/327/327
f 458/458/458 460/460/460 327/327/327
f 327/327/327 313/313/313 459/459/459
f 313/313/313 314/314/314 459/459/459
f 463/463/463 462/462/462 461/461/461
f 462/462/462 464/464/464 461/461/461
f 463/463/463 461/461/461 465/465/465
f 465/465/465 466/466/466 463/463/463
f 466/466/466 467/467/467 463/463/463
f 467/467/467 466/466/466 468/468/468
f 466/466/466 469/469/469 468/468/468
f 468/468/468 469/469/469 470/470/470
f 469/469/469 471/471/471 470/470/470
f 471/471/471 472/472/472 470/470/470
f 472/472/472 473/473/473 470/470/470
f 464/464/464 462/462/462 474/474/474
f 475/475/475 464/464/464 474/474/474
f 473/473/473 472/472/472 476/476/476
f 477/477/477 473/473/473 476/476/476
f 477/477/477 476/476/476 478/478/478
f 476/476/476 479/479/479 478/478/478
f 482/482/482 481/481/481 480/480/480
f 481/481/481 482/482/482 483/483/483
f 483/483/483 484/484/484 481/481/481
f 483/483/483 485/485/485 484/484/484
f 486/486/486 484/484/484 485/485/485
f 485/485/485 487/487/487 486/486/486
f 487/487/487 488/488/488 486/486/486
f 488/488/488 489/489/489 486/486/486
f 489/489/489 490/490/490 486/486/486
f 493/493/493 492/492/492 491/491/491
f 495/495/495 494/494/494 493/493/493
f 491/491/491 496/496/496 494/494/494
f 494/494/494 496/496/496 497/497/497
f 498/498/498 494/494/494 497/497/497
f 501/501/501 500/500/500 499/499/499
f 504/504/504 503/503/503 502/502/502
f 503/503/503 505/505/505 502/502/502
f 508/508/508 507/507/507 506/506/506
f 511/511/511 510/510/510 509/509/509
f 510/510/510 512/512/512 509/509/509
f 510/510/510 511/511/511 513/513/513
f 511/511/511 514/514/514 513/513/513
f 517/517/517 516/516/516 515/515/515
f 516/516/516 518/518/518 515/515/515
f 521/521/521 520/520/520 519/519/519
f 521/521/521 522/522/522 520/520/520
f 522/522/522 523/523/523 520/520/520
f 525/525/525 524/524/524 523/523/523
f 524/524/524 526/526/526 523/523/523
f 525/525/525 527/527/527 524/524/524
f 527/527/527 528/528/528 524/524/524
f 528/528/528 527/527/527 529/529/529
f 530/530/530 528/528/528 529/529/529
f 531/531/531 530/530/530 529/529/529
f 532/532/532 531/531/531 529/529/529
f 531/531/531 532/532/532 533/533/533
f 534/534/534 531/531/531 533/533/533
f 536/536/536 535/535/535 533/533/533
f 535/535/535 537/537/537 533/533/533
f 536/536/536 539/539/539 538/538/538
f 538/538/538 540/540/540 536/536/536
f 542/542/542 541/541/541 538/538/538
f 545/545/545 544/544/544 543/543/543
f 548/548/548 547/547/547 546/546/546
f 546/546/546 547/547/547 549/549/549
f 551/551/551 550/550/550 549/549/549
f 554/554/554 553/553/553 552/552/552
f 553/553/553 555/555/555 552/552/552
f 558/558/558 557/557/557 556/556/556
f 561/561/561 560/560/560 559/559/559
f 564/564/564 563/563/563 562/562/562
f 566/566/566 565/565/565 562/562/562
f 569/569/569 568/568/568 567/567/567
f 568/568/568 570/570/570 567/567/567
f 573/573/573 572/572/572 571/571/571
f 572/572/572 574/574/574 571/571/571
f 573/573/573 571/571/571 575/575/575
f 576/576/576 573/573/573 575/575/575
f 576/576/576 575/575/575 577/577/577
f 575/575/575 578/578/578 577/577/577
f 579/579/579 577/577/577 578/578/578
f 580/580/580 579/579/579 578/578/578
f 581/581/581 579/579/579 580/580/580
f 582/582/582 581/581/581 580/580/580
f 583/583/583 581/581/581 582/582/582
f 584/584/584 583/583/583 582/582/582
f 585/585/585 583/583/583 584/584/584
f 586/586/586 585/585/585 584/584/584
f 587/587/587 585/585/585 586/586/586
f 588/588/588 587/587/587 586/586/586
f 591/591/591 590/590/590 589/589/589
f 590/590/590 592/592/592 589/589/589
f 591/591/591 589/589/589 593/593/593
f 594/594/594 591/591/591 593/593/593
f 593/593/593 595/595/595 594/594/594
f 590/590/590 596/596/596 592/592/592
f 599/599/599 598/598/598 597/597/597
f 598/598/598 600/600/600 597/597/597
f 603/603/603 602/602/602 601/601/601
f 602/602/602 604/604/604 601/601/601
f 607/607/607 606/606/606 605/605/605
f 606/606/606 608/608/608 605/605/605
f 609/609/609 340/340/340 338/338/338
f 340/340/340 609/609/609 341/341/341
f 609/609/609 610/610/610 341/341/341
f 340/340/340 336/336/336 611/611/611
f 614/614/614 613/613/613 612/612/612
f 613/613/613 616/616/616 615/615/615
f 619/619/619 618/618/618 617/617/617
f 618/618/618 620/620/620 617/617/617
f 621/621/621 619/619/619 617/617/617
f 624/624/624 623/623/623 622/622/622
f 623/623/623 625/625/625 622/622/622
f 626/626/626 625/625/625 623/623/623
f 627/627/627 624/624/624 622/622/622
f 630/630/630 629/629/629 628/628/628
f 633/633/633 632/632/632 631/631/631
f 634/634/634 633/633/633 631/631/631
f 635/635/635 634/634/634 631/631/631
f 638/638/638 637/637/637 636/636/636
f 641/641/641 640/640/640 639/639/639
f 644/644/644 643/643/643 642/642/642
f 647/647/647 646/646/646 645/645/645
f 646/646/646 648/648/648 645/645/645
f 651/651/651 650/650/650 649/649/649
f 654/654/654 653/653/653 652/652/652
f 653/653/653 655/655/655 652/652/652
f 657/657/657 656/656/656 653/653/653
f 656/656/656 659/659/659 658/658/658
f 662/662/662 661/661/661 660/660/660
f 661/661/661 663/663/663 660/660/660
f 664/664/664 660/660/660 663/663/663
f 665/665/665 664/664/664 663/663/663
f 666/666/666 664/664/664 665/665/665
f 667/667/667 666/666/666 665/665/665
f 661/661/661 662/662/662 668/668/668
f 669/669/669 661/661/661 668/668/668
f 669/669/669 668/668/668 670/670/670
f 671/671/671 669/669/669 670/670/670
f 672/672/672 671/671/671 670/670/670
f 675/675/675 674/674/674 673/673/673
f 674/674/674 676/676/676 673/673/673
f 677/677/677 675/675/675 673/673/673
f 678/678/678 677/677/677 673/673/673
f 679/679/679 677/677/677 678/678/678
f 680/680/680 679/679/679 678/678/678
f 681/681/681 679/679/679 680/680/680
f 684/684/684 683/683/683 682/682/682
f 683/683/683 685/685/685 682/682/682
f 686/686/686 683/683/683 684/684/684
f 687/687/687 686/686/686 684/684/684
f 688/688/688 686/686/686 687/687/687
f 689/689/689 688/688/688 687/687/687
f 682/682/682 685/685/685 690/690/690
f 685/685/685 691/691/691 690/690/690
f 690/690/690 693/693/693 692/692/692
f 693/693/693 694/694/694 692/692/692
f 692/692/692 694/694/694 695/695/695
f 694/694/694 696/696/696 695/695/695
f 699/699/699 698/698/698 697/697/697
f 698/698/698 700/700/700 697/697/697
f 697/697/697 700/700/700 701/701/701
f 700/700/700 702/702/702 701/701/701
f 701/701/701 702/702/702 703/703/703
f 702/702/702 704/704/704 703/703/703
f 705/705/705 698/698/698 699/699/699
f 706/706/706 705/705/705 699/699/699
f 708/708/708 707/707/707 706/706/706
f 709/709/709 707/707/707 708/708/708
f 710/710/710 709/709/709 708/708/708
f 707/707/707 711/711/711 706/706/706
f 714/714/714 713/713/713 712/712/712
f 713/713/713 715/715/715 712/712/712
f 718/718/718 717/717/717 716/716/716
f 717/717/717 719/719/719 716/716/716
f 716/716/716 720/720/720 718/718/718
f 720/720/720 721/721/721 718/718/718
f 720/720/720 722/722/722 721/721/721
f 722/722/722 723/723/723 721/721/721
f 719/719/719 717/717/717 724/724/724
f 717/717/717 725/725/725 724/724/724
f 724/724/724 725/725/725 726/726/726
f 725/725/725 727/727/727 726/726/726
f 727/727/727 728/728/728 726/726/726
f 731/731/731 730/730/730 729/729/729
f 730/730/730 732/732/732 729/729/729
f 732/732/732 733/733/733 729/729/729
f 733/733/733 734/734/734 729/729/729
f 733/733/733 735/735/735 734/734/734
f 735/735/735 736/736/736 734/734/734
f 735/735/735 737/737/737 736/736/736
f 740/740/740 739/739/739 738/738/738
f 739/739/739 741/741/741 738/738/738
f 739/739/739 742/742/742 741/741/741
f 742/742/742 743/743/743 741/741/741
f 742/742/742 744/744/744 743/743/743
f 744/744/744 745/745/745 743/743/743
f 740/740/740 738/738/738 746/746/746
f 747/747/747 740/740/740 746/746/746
f 747/747/747 746/746/746 748/748/748
f 749/749/749 747/747/747 748/748/748
f 749/749/749 748/748/748 750/750/750
f 751/751/751 749/749/749 750/750/750
f 754/754/754 753/753/753 752/752/752
f 753/753/753 755/755/755 752/752/752
f 754/754/754 752/752/752 756/756/756
f 757/757/757 754/754/754 756/756/756
f 757/757/757 756/756/756 758/758/758
f 759/759/759 757/757/757 758/758/758
f 753/753/753 760/760/760 755/755/755
f 760/760/760 761/761/761 755/755/755
f 763/763/763 762/762/762 761/761/761
f 762/762/762 764/764/764 761/761/761
f 762/762/762 765/765/765 764/764/764
f 765/765/765 766/766/766 764/764/764
f 769/769/769 768/768/768 767/767/767
f 768/768/768 770/770/770 767/767/767
f 773/773/773 772/772/772 771/771/771
f 772/772/772 774/774/774 771/771/771
f 771/771/771 775/775/775 773/773/773
f 775/775/775 776/776/776 773/773/773
f 775/775/775 777/777/777 776/776/776
f 777/777/777 778/778/778 776/776/776
f 774/774/774 772/772/772 779/779/779
f 772/772/772 780/780/780 779/779/779
f 779/779/779 780/780/780 781/781/781
f 780/780/780 782/782/782 781/781/781
f 782/782/782 783/783/783 781/781/781
f 786/786/786 785/785/785 784/784/784
f 785/785/785 787/787/787 784/784/784
f 787/787/787 788/788/788 784/784/784
f 788/788/788 789/789/789 784/784/784
f 788/788/788 790/790/790 789/789/789
f 790/790/790 791/791/791 789/789/789
f 790/790/790 792/792/792 791/791/791
f 795/795/795 794/794/794 793/793/793
f 794/794/794 796/796/796 793/793/793
f 794/794/794 797/797/797 796/796/796
f 797/797/797 798/798/798 796/796/796
f 797/797/797 799/799/799 798/798/798
f 799/799/799 800/800/800 798/798/798
f 795/795/795 793/793/793 801/801/801
f 802/802/802 795/795/795 801/801/801
f 804/804/804 801/801/801 803/803/803
f 805/805/805 804/804/804 803/803/803
f 805/805/805 803/803/803 806/806/806
f 807/807/807 805/805/805 806/806/806
f 810/810/810 809/809/809 808/808/808
f 809/809/809 811/811/811 808/808/808
f 810/810/810 808/808/808 812/812/812
f 813/813/813 810/810/810 812/812/812
f 813/813/813 812/812/812 814/814/814
f 815/815/815 813/813/813 814/814/814
f 809/809/809 816/816/816 811/811/811
f 816/816/816 817/817/817 811/811/811
f 819/819/819 818/818/818 817/817/817
f 818/818/818 820/820/820 817/817/817
f 818/818/818 821/821/821 820/820/820
f 821/821/821 822/822/822 820/820/820
f 825/825/825 824/824/824 823/823/823
f 824/824/824 826/826/826 823/823/823
f 829/829/829 828/828/828 827/827/827
f 828/828/828 830/830/830 827/827/827
f 829/829/829 831/831/831 828/828/828
f 831/831/831 832/832/832 828/828/828
f 830/830/830 833/833/833 827/827/827
f 833/833/833 834/834/834 827/827/827
f 829/829/829 827/827/827 835/835/835
f 831/831/831 829/829/829 835/835/835
f 827/827/827 836/836/836 835/835/835
f 837/837/837 831/831/831 835/835/835
f 838/838/838 831/831/831 837/837/837
f 831/831/831 838/838/838 839/839/839
f 838/838/838 840/840/840 839/839/839
f 841/841/841 838/838/838 837/837/837
f 842/842/842 836/836/836 827/827/827
f 843/843/843 842/842/842 827/827/827
f 844/844/844 836/836/836 842/842/842
f 835/835/835 836/836/836 844/844/844
f 845/845/845 844/844/844 842/842/842
f 837/837/837 835/835/835 846/846/846
f 846/846/846 835/835/835 847/847/847
f 848/848/848 837/837/837 846/846/846
f 848/848/848 849/849/849 837/837/837
f 849/849/849 841/841/841 837/837/837
f 850/850/850 841/841/841 849/849/849
f 850/850/850 851/851/851 841/841/841
f 851/851/851 838/838/838 841/841/841
f 843/843/843 852/852/852 842/842/842
f 852/852/852 843/843/843 853/853/853
f 852/852/852 853/853/853 854/854/854
f 854/854/854 855/855/855 852/852/852
f 843/843/843 827/827/827 853/853/853
f 852/852/852 856/856/856 842/842/842
f 856/856/856 857/857/857 842/842/842
f 857/857/857 856/856/856 858/858/858
f 856/856/856 859/859/859 858/858/858
f 852/852/852 859/859/859 856/856/856
f 851/851/851 850/850/850 860/860/860
f 851/851/851 860/860/860 861/861/861
f 862/862/862 860/860/860 850/850/850
f 863/863/863 862/862/862 850/850/850
f 863/863/863 850/850/850 864/864/864
f 861/861/861 840/840/840 851/851/851
f 827/827/827 866/866/866 865/865/865
f 869/869/869 868/868/868 867/867/867
f 868/868/868 870/870/870 867/867/867
f 867/867/867 870/870/870 871/871/871
f 870/870/870 872/872/872 871/871/871
f 874/874/874 868/868/868 873/873/873
f 868/868/868 875/875/875 873/873/873
f 877/877/877 874/874/874 876/876/876
f 874/874/874 878/878/878 876/876/876
f 881/881/881 880/880/880 879/879/879
f 880/880/880 882/882/882 879/879/879
f 881/881/881 879/879/879 883/883/883
f 885/885/885 883/883/883 884/884/884
f 883/883/883 886/886/886 884/884/884
f 885/885/885 887/887/887 883/883/883
f 890/890/890 889/889/889 888/888/888
f 889/889/889 891/891/891 888/888/888
f 889/889/889 892/892/892 891/891/891
f 892/892/892 893/893/893 891/891/891
f 893/893/893 892/892/892 894/894/894
f 895/895/895 893/893/893 894/894/894
f 897/897/897 831/831/831 896/896/896
f 831/831/831 898/898/898 896/896/896
f 900/900/900 899/899/899 842/842/842
f 903/903/903 902/902/902 901/901/901
f 904/904/904 903/903/903 901/901/901
f 906/906/906 905/905/905 901/901/901
f 907/907/907 838/838/838 851/851/851
f 910/910/910 909/909/909 908/908/908
f 909/909/909 911/911/911 908/908/908
f 914/914/914 913/913/913 912/912/912
f 915/915/915 913/913/913 914/914/914
f 915/915/915 914/914/914 916/916/916
f 914/914/914 917/917/917 916/916/916
f 918/918/918 916/916/916 917/917/917
f 917/917/917 914/914/914 919/919/919
f 920/920/920 917/917/917 919/919/919
f 920/920/920 921/921/921 917/917/917
f 921/921/921 922/922/922 917/917/917
f 922/922/922 923/923/923 917/917/917
f 923/923/923 924/924/924 917/917/917
f 924/924/924 925/925/925 917/917/917
f 923/923/923 922/922/922 926/926/926
f 926/926/926 922/922/922 921/921/921
f 927/927/927 923/923/923 926/926/926
f 927/927/927 926/926/926 928/928/928
f 926/926/926 929/929/929 928/928/928
f 930/930/930 929/929/929 926/926/926
f 931/931/931 930/930/930 926/926/926
f 919/919/919 932/932/932 920/920/920
f 932/932/932 933/933/933 920/920/920
f 920/920/920 933/933/933 921/921/921
f 933/933/933 934/934/934 921/921/921
f 934/934/934 935/935/935 921/921/921
f 935/935/935 936/936/936 921/921/921
f 936/936/936 926/926/926 921/921/921
f 926/926/926 936/936/936 937/937/937
f 937/937/937 936/936/936 935/935/935
f 931/931/931 926/926/926 937/937/937
f 935/935/935 934/934/934 938/938/938
f 934/934/934 939/939/939 938/938/938
f 934/934/934 933/933/933 939/939/939
f 938/938/938 940/940/940 935/935/935
f 940/940/940 941/941/941 935/935/935
f 941/941/941 937/937/937 935/935/935
f 940/940/940 942/942/942 941/941/941
f 942/942/942 943/943/943 941/941/941
f 933/933/933 944/944/944 939/939/939
f 933/933/933 932/932/932 944/944/944
f 932/932/932 945/945/945 944/944/944
f 932/932/932 946/946/946 945/945/945
f 946/946/946 947/947/947 945/945/945
f 946/946/946 932/932/932 948/948/948
f 932/932/932 919/919/919 948/948/948
f 943/943/943 949/949/949 941/941/941
f 949/949/949 937/937/937 941/941/941
f 948/948/948 919/919/919 950/950/950
f 931/931/931 937/937/937 949/949/949
f 919/919/919 914/914/914 951/951/951
f 949/949/949 953/953/953 952/952/952
f 955/955/955 952/952/952 954/954/954
f 930/930/930 952/952/952 955/955/955
f 958/958/958 957/957/957 956/956/956
f 957/957/957 959/959/959 956/956/956
f 959/959/959 957/957/957 960/960/960
f 961/961/961 959/959/959 960/960/960
f 961/961/961 960/960/960 962/962/962
f 956/956/956 963/963/963 958/958/958
f 963/963/963 964/964/964 958/958/958
f 965/965/965 964/964/964 963/963/963
f 966/966/966 965/965/965 963/963/963
f 968/968/968 967/967/967 962/962/962
f 968/968/968 962/962/962 969/969/969
f 970/970/970 968/968/968 969/969/969
f 971/971/971 970/970/970 969/969/969
f 972/972/972 971/971/971 969/969/969
f 971/971/971 972/972/972 973/973/973
f 972/972/972 974/974/974 973/973/973
f 977/977/977 976/976/976 975/975/975
f 976/976/976 978/978/978 975/975/975
f 978/978/978 979/979/979 975/975/975
f 979/979/979 980/980/980 975/975/975
f 980/980/980 979/979/979 981/981/981
f 984/984/984 983/983/983 982/982/982
f 983/983/983 984/984/984 985/985/985
f 986/986/986 983/983/983 985/985/985
f 989/989/989 988/988/988 987/987/987
f 988/988/988 989/989/989 990/990/990
f 991/991/991 988/988/988 990/990/990
f 991/991/991 992/992/992 988/988/988
f 992/992/992 993/993/993 988/988/988
f 994/994/994 993/993/993 992/992/992
f 995/995/995 994/994/994 992/992/992
f 992/992/992 996/996/996 995/995/995
f 995/995/995 996/996/996 997/997/997
f 998/998/998 995/995/995 997/997/997
f 999/999/999 998/998/998 997/997/997
f 1000/1000/1000 999/999/999 997/997/997
f 1001/1001/1001 999/999/999 1000/1000/1000
f 1002/1002/1002 1001/1001/1001 1000/1000/1000
f 1003/1003/1003 1001/1001/1001 1002/1002/1002
f 1003/1003/1003 1002/1002/1002 1004/1004/1004
f 1005/1005/1005 1003/1003/1003 1004/1004/1004
f 1007/1007/1007 1005/1005/1005 1006/1006/1006
f 1008/1008/1008 1005/1005/1005 1007/1007/1007
f 1010/1010/1010 1008/1008/1008 1009/1009/1009
f 1012/1012/1012 1008/1008/1008 1011/1011/1011
f 1015/1015/1015 1014/1014/1014 1013/1013/1013
f 1014/1014/1014 1016/1016/1016 1013/1013/1013
f 1016/1016/1016 1014/1014/1014 1017/1017/1017
f 1018/1018/1018 1016/1016/1016 1017/1017/1017
f 1021/1021/1021 1020/1020/1020 1019/1019/1019
f 1022/1022/1022 1020/1020/1020 1021/1021/1021
f 1023/1023/1023 989/989/989 987/987/987
f 1024/1024/1024 1023/1023/1023 987/987/987
f 1025/1025/1025 1024/1024/1024 987/987/987
f 1028/1028/1028 1027/1027/1027 1026/1026/1026
f 1027/1027/1027 1029/1029/1029 1026/1026/1026
f 1028/1028/1028 1026/1026/1026 1030/1030/1030
f 1031/1031/1031 1028/1028/1028 1030/1030/1030
f 1032/1032/1032 1029/1029/1029 1027/1027/1027
f 1033/1033/1033 1032/1032/1032 1027/1027/1027
f 1036/1036/1036 1035/1035/1035 1034/1034/1034
f 1035/1035/1035 1037/1037/1037 1034/1034/1034
f 1038/1038/1038 1036/1036/1036 1034/1034/1034
f 1039/1039/1039 1038/1038/1038 1034/1034/1034
f 1038/1038/1038 1039/1039/1039 1040/1040/1040
f 1041/1041/1041 1038/1038/1038 1040/1040/1040
f 1035/1035/1035 1042/1042/1042 1037/1037/1037
f 1042/1042/1042 1043/1043/1043 1037/1037/1037
f 1044/1044/1044 1043/1043/1043 1042/1042/1042
f 1045/1045/1045 1044/1044/1044 1042/1042/1042
f 1040/1040/1040 1046/1046/1046 1041/1041/1041
f 1046/1046/1046 1047/1047/1047 1041/1041/1041
f 1046/1046/1046 1048/1048/1048 1047/1047/1047
f 1048/1048/1048 1049/1049/1049 1047/1047/1047
f 1052/1052/1052 1051/1051/1051 1050/1050/1050
f 1051/1051/1051 1053/1053/1053 1050/1050/1050
f 1055/1055/1055 1052/1052/1052 1054/1054/1054
f 1056/1056/1056 1050/1050/1050 1054/1054/1054
f 1058/1058/1058 1057/1057/1057 1054/1054/1054
f 1057/1057/1057 1059/1059/1059 1054/1054/1054
f 1062/1062/1062 1061/1061/1061 1060/1060/1060
f 1063/1063/1063 1061/1061/1061 1062/1062/1062
f 1065/1065/1065 1064/1064/1064 1062/1062/1062
f 1064/1064/1064 1066/1066/1066 1062/1062/1062
f 1066/1066/1066 1067/1067/1067 1062/1062/1062
f 1070/1070/1070 1069/1069/1069 1068/1068/1068
f 1072/1072/1072 1070/1070/1070 1071/1071/1071
f 1073/1073/1073 1072/1072/1072 1071/1071/1071
f 1071/1071/1071 1074/1074/1074 1073/1073/1073
f 1076/1076/1076 1073/1073/1073 1075/1075/1075
f 1075/1075/1075 1077/1077/1077 1076/1076/1076
f 1075/1075/1075 1078/1078/1078 1077/1077/1077
f 1079/1079/1079 1078/1078/1078 1075/1075/1075
f 1075/1075/1075 1080/1080/1080 1079/1079/1079
f 1080/1080/1080 1081/1081/1081 1079/1079/1079
f 1081/1081/1081 1080/1080/1080 1082/1082/1082
f 1080/1080/1080 1083/1083/1083 1082/1082/1082
f 1082/1082/1082 1083/1083/1083 1084/1084/1084
f 1084/1084/1084 1085/1085/1085 1082/1082/1082
f 1084/1084/1084 1086/1086/1086 1085/1085/1085
f 1084/1084/1084 1088/1088/1088 1087/1087/1087
f 1087/1087/1087 1089/1089/1089 1086/1086/1086
f 1087/1087/1087 1091/1091/1091 1090/1090/1090
f 1093/1093/1093 1092/1092/1092 1084/1084/1084
f 1096/1096/1096 1095/1095/1095 1094/1094/1094
f 1095/1095/1095 1097/1097/1097 1094/1094/1094
f 1096/1096/1096 1094/1094/1094 1098/1098/1098
f 1099/1099/1099 1096/1096/1096 1098/1098/1098
f 1099/1099/1099 1098/1098/1098 1100/1100/1100
f 1101/1101/1101 1099/1099/1099 1100/1100/1100
f 1095/1095/1095 1102/1102/1102 1097/1097/1097
f 1102/1102/1102 1103/1103/1103 1097/1097/1097
f 1102/1102/1102 1104/1104/1104 1103/1103/1103
f 1104/1104/1104 1105/1105/1105 1103/1103/1103
f 1106/1106/1106 1105/1105/1105 1104/1104/1104
f 1107/1107/1107 1106/1106/1106 1104/1104/1104
f 1110/1110/1110 1109/1109/1109 1108/1108/1108
f 1109/1109/1109 1111/1111/1111 1108/1108/1108
f 1109/1109/1109 1110/1110/1110 1112/1112/1112
f 1110/1110/1110 1113/1113/1113 1112/1112/1112
f 1114/1114/1114 1109/1109/1109 1112/1112/1112
f 1117/1117/1117 1116/1116/1116 1115/1115/1115
f 1120/1120/1120 1119/1119/1119 1118/1118/1118
