g green_mag_m_4_torso
v 0.15241231 -0.0785694271 1.42867303
v 0.103615128 -0.112489603 1.40301251
v 0.111609437 -0.109601609 1.46188021
v 0.140669942 -0.0861821696 1.35167909
v 0.062425483 -0.131820336 1.43519056
v 0.0642524064 -0.132498801 1.48799944
v 0.0635616854 -0.125402614 1.49155128
v 0.109309889 -0.101556569 1.46577609
v 0.143563628 -0.0713569224 1.43247437
v 0.0281862542 -0.145370439 1.44467378
v 0.0321830139 -0.146347746 1.51173067
v 0.0330662541 -0.134535119 1.51359534
v 0.00170572812 -0.169668421 1.51459861
v 0.00170572812 -0.162297681 1.42644334
v 0.0198031105 -0.154770777 1.55341244
v 0.00170572812 -0.168260366 1.5529114
v 0.0197710767 -0.144841418 1.55452633
v 0.00170572812 -0.160289779 1.57985163
v 0.0225434154 -0.138273165 1.43410921
v 0.0581050627 -0.123412147 1.42839718
v 0.0963648781 -0.105813406 1.39917445
v 0.0542080328 -0.121552005 1.37991822
v 0.090925768 -0.105585441 1.36222649
v 0.115698352 -0.0949608013 1.37357879
v 0.111979969 -0.095947437 1.34710991
v 0.00169562863 -0.146224171 1.41867077
v 0.0188133493 -0.13583155 1.39455879
v 0.00170241413 -0.143655285 1.39457428
v 0.00170572812 -0.160289779 1.57985163
v 0.00170572812 -0.152045146 1.58423173
v 0.114696756 -0.0868664309 1.37001038
v 0.110650927 -0.0649758875 1.35597801
v 0.100912541 -0.0682682768 1.36676896
v 0.169843748 -0.0317889787 1.3715806
v 0.180896655 -0.031433221 1.43075502
v 0.218089536 0.0258665942 1.3740027
v 0.223725423 0.0372748524 1.43677211
v 0.248362631 0.0518105216 1.36363792
v 0.233022779 0.0648066923 1.47185791
v 0.135849118 -0.0134506319 1.37547863
v 0.173584387 -0.0288389195 1.43136895
v 0.213044792 0.0399875566 1.43749845
v 0.222132027 0.0659791678 1.47063231
v 0.133906841 -0.0786123425 1.50553191
v 0.185027227 -0.0129758548 1.50310695
v 0.202367067 0.0222087279 1.49678636
v 0.218729675 0.0557878576 1.48995662
v 0.139890224 -0.082190685 1.51270139
v 0.113399118 -0.0786676779 1.56111169
v 0.115153141 -0.0808637962 1.57680416
v 0.162051082 -0.059069518 1.56761384
v 0.197908849 -0.0211642161 1.51160431
v 0.197974831 -0.00225921627 1.55616784
v 0.215215027 0.0121788308 1.49434388
v 0.212042645 0.0261829849 1.54352915
v 0.228840247 0.0630433634 1.52085602
v 0.231718585 0.0457974896 1.48658824
v 0.225925341 0.0211651232 1.55168235
v 0.12924087 -0.0587017797 1.61057127
v 0.0906029046 -0.071172826 1.62555039
v 0.0846106783 -0.0880571753 1.59490263
v 0.132012382 -0.0652176067 1.60947645
v 0.0812034756 -0.0722380653 1.64562404
v 0.0420739911 -0.0865048394 1.64291465
v 0.0499215461 -0.0754497722 1.66462922
v 0.0173107181 -0.105441548 1.68304992
v 0.00170572812 -0.132075265 1.65390921
v 0.0323240906 -0.106808238 1.58788133
v 0.00170572812 -0.148024693 1.60971284
v 0.0142489607 -0.120748214 1.52432764
v 0.0709628016 -0.0573673062 1.68240499
v 0.0526094586 -0.081662707 1.66874802
v 0.0709628016 -0.0573673062 1.68240499
v 0.0745743588 -0.0694038346 1.68800879
v 0.016724309 -0.107705399 1.68920493
v 0.00170572812 -0.13484022 1.6588093
v 0.0482808352 -0.0767564774 1.68910885
v 0.0745743588 -0.0694038346 1.68800879
v 0.0693820566 -0.0655586794 1.70189345
v 0.0243752301 -0.0777581036 1.71168792
v 0.00170572812 -0.116618134 1.7019912
v 0.00170572812 -0.0744052306 1.74961615
v 0.00170572812 -0.0623118207 1.74050057
v 0.0221346989 -0.0670075938 1.69905102
v 0.0422720425 -0.0660478547 1.68980157
v 0.0622192286 -0.0546608157 1.70170319
v 0.0422720425 -0.0660478547 1.68980157
v 0.00170572812 -0.13484022 1.6588093
v 0.00170572812 -0.116618134 1.7019912
v -0.0133134853 -0.107705399 1.68920493
v 0.00170572812 -0.13484022 1.6588093
v -0.0138998935 -0.105441548 1.68304992
v -0.0491986312 -0.081662707 1.66874802
v -0.0465107188 -0.0754497722 1.66462922
v -0.0386633277 -0.0865048394 1.64291465
v 0.00170572812 -0.132075265 1.65390921
v -0.0289127938 -0.106808238 1.58788133
v 0.00170572812 -0.148024693 1.60971284
v 0.00170572812 -0.152045146 1.58423173
v -0.0108381351 -0.120748214 1.52432764
v -0.0163602512 -0.144841418 1.55452633
v 0.00170572812 -0.160289779 1.57985163
v -0.016392285 -0.154770777 1.55341244
v -0.0287721884 -0.146347746 1.51173067
v -0.0247755852 -0.145370439 1.44467378
v -0.0608417392 -0.132498801 1.48799944
v -0.0590148158 -0.131820336 1.43519056
v -0.108198777 -0.109601609 1.46188021
v -0.100204304 -0.112489603 1.40301251
v -0.149001479 -0.0785694271 1.42867303
v -0.137259111 -0.0861821696 1.35167909
v -0.0601503886 -0.125402614 1.49155128
v -0.105899215 -0.101556569 1.46577609
v -0.140152812 -0.0713569224 1.43247437
v -0.0296549574 -0.134535119 1.51359534
v 0.00170572812 -0.160289779 1.57985163
v -0.0547423698 -0.123415813 1.42839658
v -0.0931860358 -0.105820939 1.39916801
v -0.0508639626 -0.121554621 1.37991142
v -0.0877724811 -0.105580769 1.36220634
v -0.112754323 -0.0949624404 1.37355876
v -0.109010682 -0.095928058 1.34707177
v -0.0154145174 -0.135833278 1.3945576
v -0.0191507395 -0.138274416 1.43410897
v -0.0828478187 -0.104964614 1.32098079
v -0.102297291 -0.0967834815 1.31743157
v -0.107832976 -0.0872569233 1.34141481
v -0.111749567 -0.0868662074 1.36998761
v -0.112754323 -0.0949624404 1.37355876
v -0.0978334248 -0.0682668686 1.36674345
v -0.0966759175 -0.0751062185 1.33808029
v -0.101094805 -0.0878351033 1.31148756
v -0.101094805 -0.0878351033 1.31148756
v -0.0844718143 -0.0873896927 1.3178345
v -0.0738976821 -0.0930700079 1.3214761
v -0.0478061512 -0.1193268 1.33468437
v -0.0441463068 -0.105252795 1.33357644
v -0.0115717771 -0.119186535 1.3437134
v -0.0110656926 -0.132481232 1.34796095
v -0.00498431129 -0.124407612 1.33115625
v 0.00189036143 -0.125286087 1.32888329
v 0.00175906671 -0.139620259 1.35928619
v 0.0146537339 -0.132484287 1.347965
v 0.00873946957 -0.124410987 1.33115935
v 0.0152111053 -0.11919006 1.34371793
v 0.0126339709 -0.116239697 1.328493
v 0.00191971345 -0.118761308 1.32496643
v 0.0513891429 -0.119346999 1.33470583
v 0.0477854759 -0.105269752 1.33359706
v 0.0774672627 -0.0931083858 1.32152081
v 0.0863061473 -0.105014361 1.32102978
v 0.0879897848 -0.0874359906 1.31788993
v 0.104498528 -0.0879024118 1.31156158
v 0.0440606214 -0.0964821801 1.2853055
v 0.0814496577 -0.0832841694 1.274616
v 0.0110058831 -0.103452697 1.29417443
v 0.00217930484 -0.106301114 1.29391479
v 0.00603987742 -0.0974112675 1.28310227
v 0.00232022582 -0.0974240452 1.28228116
v 0.0410488881 -0.0654718801 1.28704095
v 0.0712683126 -0.057888791 1.27854049
v 0.011491769 -0.0769807026 1.29222047
v 0.00575472182 -0.0817262083 1.2818737
v 0.00236378028 -0.0825524479 1.28066552
v 0.0300745629 -0.0829802081 1.26050615
v 0.0646306723 -0.0771698952 1.23981464
v 0.0976939276 -0.0542445555 1.25348818
v 0.0970656946 -0.0759325027 1.20037544
v 0.137432396 -0.0270298943 1.22547853
v 0.120125927 -0.0174104217 1.27545929
v 0.165599853 0.0207075011 1.23584795
v 0.147833079 0.0291728582 1.27834499
v 0.167661279 0.068987757 1.26578665
v 0.193016812 0.069860667 1.21830881
v 0.160766095 0.0950842649 1.2462734
v 0.146814451 0.0905883163 1.29349542
v 0.158801883 0.0264892858 1.28106952
v 0.176668718 0.0710907057 1.26564097
v 0.168398708 0.0751756802 1.30842555
v 0.154406503 0.0964035615 1.2961458
v 0.153073519 0.0928227007 1.33803535
v 0.148740306 0.0334204957 1.31757534
v 0.122376718 -0.0147642223 1.31297863
v 0.130313113 -0.0223962404 1.27739871
v 0.09399084 -0.0582934953 1.29308057
v 0.107927501 -0.0653737262 1.25523508
v 0.164004907 0.0987809151 1.33851922
v 0.17647855 0.0767615512 1.31108272
v 0.156088248 0.0326449089 1.32384944
v 0.17647855 0.0767615512 1.31108272
v 0.176101878 0.082197167 1.35670197
v 0.164869383 0.0997237116 1.37765622
v 0.158202216 0.0463688932 1.36526215
v 0.127883524 -0.00577528961 1.35428011
v 0.128293037 -0.0183824152 1.31566465
v 0.10101606 -0.0618514232 1.32759821
v 0.10417819 -0.0721618086 1.29122245
v 0.169151127 0.0371676236 1.36592555
v 0.191181198 0.0833204612 1.35136318
v 0.169784576 0.0422802903 1.3849566
v 0.198619574 0.0854475647 1.39160228
v 0.198619574 0.0854475647 1.39160228
v 0.248362631 0.0518105216 1.36363792
v 0.17896305 0.106918961 1.37641323
v 0.137349382 -0.0177067555 1.3548131
v 0.106232822 -0.070216313 1.32839203
v 0.150961429 0.146007463 1.39805138
v 0.158230945 0.139853925 1.43432784
v 0.219585076 0.0869593322 1.40021753
v 0.248362631 0.0518105216 1.36363792
v 0.233022779 0.0648066923 1.47185791
v 0.172673851 0.144200191 1.43437648
v 0.230143011 0.0833004862 1.44441032
v 0.194150805 0.131361827 1.45667875
v 0.233022779 0.0648066923 1.47185791
v 0.190795243 0.122424468 1.45624936
v 0.221489504 0.0802533999 1.44434655
v 0.222132027 0.0659791678 1.47063231
v 0.225412905 0.0744081065 1.47153687
v 0.203506812 0.119019866 1.49412656
v 0.2200315 0.127535969 1.48634636
v 0.169675201 0.176654831 1.55823839
v 0.180781439 0.18993175 1.55758774
v 0.131170794 0.21974948 1.57148314
v 0.137604088 0.236190662 1.56711423
v 0.0900319591 0.227317229 1.60672331
v 0.0894430205 0.244776562 1.60964382
v 0.148111612 0.234953225 1.60583079
v 0.0887044892 0.241493523 1.63004029
v 0.146095321 0.235504493 1.61799109
v 0.0768996328 0.247526005 1.64089751
v 0.0770326629 0.243183926 1.66546988
v 0.0509367138 0.231863052 1.61165559
v 0.049868837 0.24769251 1.61520708
v 0.00170572812 0.234568521 1.6120584
v 0.00170572812 0.247942269 1.61708188
v 0.00170572812 0.244258448 1.63396263
v 0.0540335029 0.243935794 1.63116312
v 0.195809096 0.188034594 1.59301817
v 0.194294527 0.179286152 1.61472678
v 0.214590132 0.157234564 1.58435082
v 0.222190812 0.126100928 1.53190362
v 0.234480396 0.0895313546 1.49151731
v 0.242899016 0.0736970976 1.46797025
v 0.242899016 0.0736970976 1.46797025
v 0.225412905 0.0744081065 1.47153687
v 0.222190812 0.126100928 1.53190362
v 0.230293363 0.150714502 1.53372252
v 0.0383230969 -0.100100935 1.57767117
v 0.0824155957 -0.083182998 1.58310854
v 0.0142489607 -0.120748214 1.52432764
v 0.0142489607 -0.120748214 1.52432764
v 0.127638608 -0.0631795079 1.65671563
v 0.0860512927 -0.0645989403 1.71606207
v 0.10683769 -0.0495787598 1.7072072
v 0.110414535 -0.0882800445 1.63360047
v 0.109964147 0.00846515596 1.79564726
v 0.0892738476 0.00952521339 1.798419
v 0.12939468 0.0173401441 1.77978313
v 0.137533709 -0.0829494447 1.6232394
v 0.136391163 -0.0745459124 1.61423028
v 0.0917605683 -0.0799247548 1.62710464
v 0.0856701955 -0.0777922198 1.64380491
v 0.1762539 -0.0669735298 1.61322951
v 0.232398883 -0.028162403 1.64333045
v 0.22655353 -0.0461263061 1.60914791
v 0.238513887 -0.00189827918 1.70454133
v 0.204951033 -0.0413368233 1.57581818
v 0.170382261 -0.0565516092 1.60082042
v 0.221355662 -0.024807319 1.57452035
v 0.235271111 -0.0236395076 1.54219508
v 0.230185032 0.000554714177 1.64246988
v 0.257597566 0.00994811952 1.60737395
v 0.198353365 -0.0269457716 1.57923234
v 0.234799221 -0.0149848461 1.52150679
v 0.256612301 0.020852251 1.59027374
v 0.284690857 -0.00853818841 1.50622392
v 0.307205409 0.015737256 1.5716598
v 0.286083221 0.000803680392 1.50196016
v 0.230056018 -0.00453953724 1.5218817
v 0.167016461 -0.0493032262 1.59609687
v 0.239317447 0.0405657366 1.71125817
v 0.246589229 0.0315303653 1.75134063
v 0.2874448 0.0413304232 1.66510797
v 0.278091192 0.0474971458 1.64092767
v 0.278091192 0.0474971458 1.64092767
v 0.278091192 0.0474971458 1.64092767
v 0.336665094 0.0474337861 1.62153411
v 0.24506177 0.0951036438 1.73686385
v 0.251453072 0.0951904953 1.76745331
v 0.13664493 0.0951703638 1.79657805
v 0.118327729 0.0955209509 1.81992352
v 0.0892738476 0.00952521339 1.798419
v 0.300552249 0.0934111103 1.68993044
v 0.297664404 0.0947438851 1.67141461
v 0.247761339 0.155034214 1.74924314
v 0.129445344 0.177171499 1.76993144
v 0.277453333 0.145470068 1.65351343
v 0.236382023 0.150169596 1.70972562
v 0.247761339 0.155034214 1.74924314
v 0.270540446 0.140261501 1.63019919
v 0.329785466 0.14137134 1.61714745
v 0.246046826 0.18608056 1.57642496
v 0.246474683 0.177176714 1.56048143
v 0.224727437 0.189355269 1.62335229
v 0.238928452 0.189718559 1.69887817
v 0.108061634 0.240978509 1.70514345
v 0.0859731734 0.255870432 1.71631002
v 0.1103421 0.18284668 1.79567277
v 0.303565592 0.169763982 1.56517458
v 0.218979776 0.203120932 1.57907224
v 0.239748925 0.211603165 1.54033446
v 0.212134734 0.214375868 1.57351279
v 0.282070011 0.194448352 1.50260544
v 0.229586273 0.202871531 1.52799654
v 0.230960235 0.234500274 1.59998941
v 0.144774169 0.272928536 1.62916255
v 0.127362922 0.254731774 1.66013062
v 0.109593779 0.27927956 1.63987184
v 0.144934028 0.263831198 1.61845839
v 0.0920966864 0.271508574 1.63198054
v 0.232836932 0.21973905 1.63445568
v 0.0785973072 0.264378816 1.67030966
v 0.0770326629 0.243183926 1.66546988
v 0.0887044892 0.241493523 1.63004029
v 0.146352857 0.245522231 1.60856223
v 0.211448833 0.203454778 1.57117963
v 0.229586273 0.202871531 1.52799654
v 0.239748925 0.211603165 1.54033446
v 0.146095321 0.235504493 1.61799109
v 0.194294527 0.179286152 1.61472678
v 0.0887044892 0.241493523 1.63004029
v 0.214590132 0.157234564 1.58435082
v 0.230293363 0.150714502 1.53372252
v 0.230980158 0.197169796 1.52204859
v 0.258274198 0.190367192 1.49644279
v 0.282037497 0.18421562 1.4928869
v 0.288882166 0.171780393 1.51165092
v 0.280434877 0.163863063 1.48367035
v 0.250711352 0.154394716 1.50151777
v 0.288882166 0.171780393 1.51165092
v 0.293296933 0.153913081 1.54541564
v 0.280434877 0.163863063 1.48367035
v 0.0658337846 -0.0617130063 1.7135489
v 0.0693820566 -0.0655586794 1.70189345
v 0.0622192286 -0.0546608157 1.70170319
v 0.0843376741 0.0163018033 1.76699018
v 0.0658337846 -0.0617130063 1.7135489
v 0.0745743588 -0.0694038346 1.68800879
v 0.0658337846 -0.0617130063 1.7135489
v 0.0693820566 -0.0655586794 1.70189345
v 0.0812034756 -0.0722380653 1.64562404
v 0.0906029046 -0.071172826 1.62555039
v 0.0709628016 -0.0573673062 1.68240499
v 0.132012382 -0.0652176067 1.60947645
v 0.323181599 0.0519188978 1.59406602
v 0.307205409 0.015737256 1.5716598
v 0.336665094 0.0474337861 1.62153411
v 0.294059962 0.0235834159 1.53927028
v 0.284690857 -0.00853818841 1.50622392
v 0.338379622 0.0931895524 1.61731076
v 0.323181599 0.0519188978 1.59406602
v 0.349749595 0.0949915871 1.63644433
v 0.329785466 0.14137134 1.61714745
v 0.315989196 0.129206896 1.59143829
v 0.303565592 0.169763982 1.56517458
v 0.336665094 0.0474337861 1.62153411
v 0.329785466 0.14137134 1.61714745
v 0.293296933 0.153913081 1.54541564
v 0.282070011 0.194448352 1.50260544
v 0.315989196 0.129206896 1.59143829
v 0.323181599 0.0519188978 1.59406602
v 0.294059962 0.0235834159 1.53927028
v 0.294059962 0.0235834159 1.53927028
v 0.286083221 0.000803680392 1.50196016
v 0.283207417 0.0114496993 1.50870299
v 0.230569676 0.0085873222 1.57485318
v 0.286083221 0.000803680392 1.50196016
v 0.283207417 0.0114496993 1.50870299
v 0.230569676 0.0085873222 1.57485318
v 0.195157006 -0.0119453138 1.61946487
v 0.167016461 -0.0493032262 1.59609687
v 0.0961843506 0.0962200686 1.82583916
v 0.0890060589 0.181093171 1.79909837
v 0.0829870105 0.207363918 1.77550936
v 0.0681849346 0.25300625 1.71503258
v 0.0785973072 0.264378816 1.67030966
v 0.246474683 0.177176714 1.56048143
v 0.239748925 0.211603165 1.54033446
v 0.229586273 0.202871531 1.52799654
v 0.0426174812 0.258606941 1.67902374
v 0.00170572812 0.235526711 1.72466958
v 0.02400502 0.261595249 1.66104424
v 0.0408532023 0.235378295 1.72417319
v 0.00170572812 0.25971663 1.66041076
v 0.0534672923 0.244174689 1.72636735
v 0.0592242219 0.265362859 1.6667918
v 0.0681849346 0.25300625 1.71503258
v 0.0785973072 0.264378816 1.67030966
v 0.00170572812 0.215929672 1.75784624
v 0.0444305167 0.215254858 1.7616688
v 0.0655855536 0.210634038 1.77639937
v 0.0280245021 0.202886343 1.7775321
v 0.0450892001 0.191134751 1.79208207
v 0.00170572812 0.268446296 1.64319694
v 0.0424902923 0.268537313 1.64501572
v 0.00170572812 0.269793361 1.63050687
v 0.0531270653 0.269803166 1.63044953
v 0.0770326629 0.243183926 1.66546988
v 0.0540335029 0.243935794 1.63116312
v 0.00170572812 0.244258448 1.63396263
v 0.00170572812 0.202484548 1.7759794
v 0.00170572812 0.190593854 1.79149914
v 0.0613039546 0.182958886 1.79456389
v 0.0829870105 0.207363918 1.77550936
v 0.00170572812 0.184036002 1.79367661
v 0.0378870778 0.169767663 1.78010535
v 0.00170572812 0.175122216 1.78602135
v 0.0619471744 0.169038564 1.77484345
v -0.0497162379 0.269803166 1.63044953
v -0.0506228358 0.243935794 1.63116312
v -0.0390796214 0.268537313 1.64501572
v -0.0205941927 0.261595249 1.66104424
v -0.039206814 0.258606941 1.67902374
v -0.0374423787 0.235378295 1.72417319
v -0.050056465 0.244174689 1.72636735
v -0.0558133982 0.265362859 1.6667918
v -0.0647742748 0.25300625 1.71503258
v -0.075186491 0.264378816 1.67030966
v -0.041019693 0.215254858 1.7616688
v -0.06217473 0.210634038 1.77639937
v -0.0246136785 0.202886343 1.7775321
v -0.041678533 0.191134751 1.79208207
v -0.0795761868 0.207363918 1.77550936
v -0.0825625136 0.255870432 1.71631002
v -0.075186491 0.264378816 1.67030966
v -0.0886860266 0.271508574 1.63313103
v -0.106183119 0.27927956 1.64100218
v -0.141523197 0.263831198 1.61957633
v -0.141363338 0.272928536 1.63025451
v -0.123952098 0.254731774 1.66078162
v -0.228138849 0.234517187 1.60132301
v -0.229864523 0.219733119 1.63443613
v -0.209330663 0.21440734 1.57498872
v -0.218927205 0.203254804 1.58384895
v -0.244817749 0.212054595 1.55345762
v -0.249869868 0.186311066 1.58234191
v -0.224431574 0.189424112 1.62669563
v -0.274727434 0.145396188 1.65218914
v -0.268276602 0.140201271 1.63018048
v -0.2944493 0.0946732387 1.67053938
v -0.295953959 0.0933515131 1.68838036
v -0.278574318 0.0412628464 1.65819395
v -0.242810279 0.0951269791 1.73709226
v -0.236993104 0.0405901037 1.71142101
v -0.253448695 0.00984680187 1.60414195
v -0.22769016 0.00058295246 1.64257979
v -0.230442658 -0.0237527173 1.5413183
v -0.217481032 -0.0248559192 1.57540047
v -0.202070728 -0.0413127132 1.57748055
v -0.222852439 -0.0461571477 1.6092788
v -0.173252463 -0.0669504702 1.61455381
v -0.228798941 -0.0281695556 1.64299726
v -0.124227308 -0.0631795079 1.65790462
v -0.134582594 -0.0829224735 1.62462747
v -0.107003704 -0.0882800445 1.63473952
v -0.0826404765 -0.0645989403 1.71606207
v -0.103426866 -0.0495787598 1.7080853
v -0.106553324 0.00846515596 1.79564726
v -0.085863024 0.00952521339 1.798419
v -0.125983372 0.0173401441 1.77978313
v -0.133440614 -0.0745188892 1.61561453
v -0.0883499011 -0.0799247548 1.62841666
v -0.0822593644 -0.0777922198 1.64505124
v -0.236353889 -0.00186502456 1.70535326
v -0.167431712 -0.0565246008 1.60220456
v -0.244182259 0.0315563902 1.75177574
v -0.114916906 0.0955209509 1.81992352
v -0.085863024 0.00952521339 1.798419
v -0.0624229573 -0.0617130063 1.7135489
v -0.0927736834 0.0962200686 1.82583916
v -0.133234113 0.0951703638 1.79657805
v -0.249258995 0.0952110589 1.76781738
v -0.245668784 0.155062675 1.75011778
v -0.126034513 0.177171499 1.76993144
v -0.23670657 0.189748779 1.6997534
v -0.10465081 0.240978509 1.70751238
v -0.106931277 0.18284668 1.79567277
v -0.0855952352 0.181093171 1.79909837
v -0.234076336 0.150194228 1.71110451
v -0.245668784 0.155062675 1.75011778
v -0.0578931272 0.182958886 1.79456389
v -0.0585358739 0.169038564 1.77484345
v -0.0344762541 0.169767663 1.78010535
v -0.0795761868 0.207363918 1.77550936
v -0.0755727962 0.188922599 1.75024438
v 0.0829870105 0.207363918 1.77550936
v 0.0829870105 0.207363918 1.77550936
v 0.0869231671 0.167271107 1.76498485
v 0.0789836273 0.188922599 1.75024438
v 0.0829870105 0.207363918 1.77550936
v 0.0890060589 0.181093171 1.79909837
v 0.0951993242 0.0933765396 1.78054225
v 0.0961843506 0.0962200686 1.82583916
v 0.0892738476 0.00952521339 1.798419
v 0.0829870105 0.207363918 1.77550936
v 0.0619471744 0.169038564 1.77484345
v 0.0829870105 0.207363918 1.77550936
v 0.0789836273 0.188922599 1.75024438
v 0.0869231671 0.167271107 1.76498485
v 0.0619471744 0.169038564 1.77484345
v 0.0789836273 0.188922599 1.75024438
v 0.0728668943 0.0886295661 1.78774047
v 0.0619471744 0.169038564 1.77484345
v 0.0951993242 0.0933765396 1.78054225
v 0.0378870778 0.169767663 1.78010535
v 0.0951993242 0.0933765396 1.78054225
v 0.0843376741 0.0163018033 1.76699018
v 0.0951993242 0.0933765396 1.78054225
v 0.0892738476 0.00952521339 1.798419
v 0.0843376741 0.0163018033 1.76699018
v 0.0658337846 -0.0617130063 1.7135489
v 0.0843376741 0.0163018033 1.76699018
v 0.414199084 0.0955946296 1.57117617
v 0.473146439 0.0317150839 1.48184717
v 0.431276172 0.0359885208 1.51440609
v 0.522518873 0.0935746357 1.50384903
v 0.372106612 0.0486656651 1.55673003
v 0.376123875 0.0958117023 1.58326626
v 0.414631426 -0.00576856593 1.47390318
v 0.442007631 -0.00806731172 1.44205904
v 0.37914589 -0.0250014104 1.45049989
v 0.429744124 -0.0382333919 1.38785899
v 0.352765203 0.0120090675 1.52446795
v 0.330708504 -0.00428142538 1.48515165
v 0.362305909 -0.00617737742 1.38439667
v 0.343726844 -0.00062105176 1.40759933
v 0.303959668 0.0169464964 1.45883751
v 0.335103422 0.0209167898 1.36272883
v 0.309351325 0.0314409547 1.39086878
v 0.283867955 0.0446398444 1.43082237
v 0.308393121 0.0739407614 1.34580016
v 0.276259273 0.0842248872 1.3969754
v 0.261396885 0.0905646607 1.42613065
v 0.283207417 0.0114496993 1.50870299
v 0.271583796 0.0264973249 1.48140872
v 0.250106215 0.0562917329 1.45890224
v 0.238280639 0.0982979462 1.46790087
v 0.32126227 0.12373364 1.37637293
v 0.303226292 0.121889934 1.39707184
v 0.345193774 0.160692349 1.41085386
v 0.324911833 0.158908173 1.42503715
v 0.337633938 0.178342208 1.47547328
v 0.385840356 0.203117862 1.43252993
v 0.411138803 0.172617227 1.48139822
v 0.378037065 0.168752253 1.51191497
v 0.404267579 0.146633089 1.53576112
v 0.441556931 0.146689758 1.50763392
v 0.414199084 0.0955946296 1.57117617
v 0.522518873 0.0935746357 1.50384903
v 0.281838417 0.124602042 1.42937148
v 0.292606562 0.162692428 1.46398735
v 0.313367575 0.171598285 1.48441148
v 0.33079192 0.161145911 1.53069639
v 0.35130775 0.13703917 1.55680418
v 0.376123875 0.0958117023 1.58326626
v 0.315989196 0.129206896 1.59143829
v 0.288882166 0.171780393 1.51165092
v 0.293296933 0.153913081 1.54541564
v 0.315989196 0.129206896 1.59143829
v 0.280434877 0.163863063 1.48367035
v 0.241284028 0.126539543 1.47326994
v 0.250711352 0.154394716 1.50151777
v 0.234480396 0.0895313546 1.49151731
v 0.228840247 0.0630433634 1.52085602
v 0.225925341 0.0211651232 1.55168235
v 0.230569676 0.0085873222 1.57485318
v 0.222190812 0.126100928 1.53190362
v 0.230293363 0.150714502 1.53372252
v 0.230293363 0.150714502 1.53372252
v 0.294059962 0.0235834159 1.53927028
v 0.294059962 0.0235834159 1.53927028
v 0.323181599 0.0519188978 1.59406602
v 0.294059962 0.0235834159 1.53927028
v 0.323181599 0.0519188978 1.59406602
v 0.323181599 0.0519188978 1.59406602
v 0.338379622 0.0931895524 1.61731076
v 0.280434877 0.163863063 1.48367035
v 0.288882166 0.171780393 1.51165092
v 0.442715526 0.159369349 1.37910366
v 0.49186039 0.134162828 1.40632188
v 0.466286749 0.128359482 1.42371821
v 0.45997709 0.167935058 1.35713029
v 0.500316203 0.0856357962 1.45968652
v 0.409261078 0.131126359 1.33807647
v 0.391977698 0.131084174 1.35654235
v 0.360098869 0.079706952 1.33318758
v 0.375206947 0.0806169286 1.30961084
v 0.416652411 0.0195227619 1.33415377
v 0.396374881 0.0233668517 1.35678041
v 0.450662762 -0.00814030599 1.37538362
v 0.469174564 -0.0161483567 1.35175073
v 0.494142413 0.0285510719 1.40051055
v 0.473279953 0.0309033729 1.42454612
v 0.500316203 0.0856357962 1.45968652
v 0.52526474 0.0892641991 1.43390322
v 0.388092339 0.0781254321 1.31072664
v 0.422369689 0.0226033591 1.33222556
v 0.414629966 0.126267061 1.33429313
v 0.460278124 0.157770365 1.35010886
v 0.488871098 0.125499725 1.39671886
v 0.52289331 0.0858711451 1.4307543
v 0.52289331 0.0858711451 1.4307543
v 0.474749148 -0.00490235304 1.35037065
v 0.497849196 0.0362502374 1.39811432
v 0.52289331 0.0858711451 1.4307543
v 0.431539983 0.127560809 1.3144027
v 0.398581773 0.0790562034 1.28545535
v 0.480894983 0.164812431 1.33409727
v 0.51147002 0.133093014 1.38032258
v 0.52289331 0.0858711451 1.4307543
v 0.518197298 0.0350770988 1.37610853
v 0.543588102 0.0875522494 1.4056958
v 0.491911203 -0.0150927156 1.32412982
v 0.441356599 0.0208257008 1.30999637
v 0.544655502 0.0858549103 1.40281379
v 0.521495819 0.0388864689 1.37413597
v 0.495806545 -0.00358147616 1.32532024
v 0.445211947 0.0270433892 1.30588913
v 0.417602479 0.0793919563 1.29075706
v 0.436086118 0.121460281 1.30989802
v 0.481382579 0.158309385 1.32817972
v 0.465995789 0.123924188 1.28661323
v 0.507222652 0.167328656 1.30974519
v 0.549004018 0.134527475 1.3439914
v 0.513218582 0.125854075 1.37488687
v 0.544655502 0.0858549103 1.40281379
v 0.543588102 0.0875522494 1.4056958
v 0.52289331 0.0858711451 1.4307543
v 0.58280617 0.0882562026 1.37169838
v 0.484943151 0.0255806446 1.28838706
v 0.431865424 0.0820222422 1.2548486
v 0.487636417 0.0399756804 1.292063
v 0.505414903 0.162384942 1.30426967
v 0.476593971 0.110139139 1.2843622
v 0.475365728 0.0767303854 1.28317487
v 0.431865424 0.0820222422 1.2548486
v 0.580233932 0.105316728 1.35294855
v 0.575320184 0.0579981729 1.34429324
v 0.561266065 0.0376271419 1.35333681
v 0.502703011 0.0161561295 1.30251741
v 0.521211922 -0.00194857595 1.31568229
v 0.52526474 0.0892641991 1.43390322
v 0.500316203 0.0856357962 1.45968652
v 0.417602479 0.0793919563 1.29075706
v 0.431865424 0.0820222422 1.2548486
v 0.531275988 -0.00463844277 1.31277132
v 0.561266065 0.0376271419 1.35333681
v 0.58280617 0.0882562026 1.37169838
v 0.575320184 0.0579981729 1.34429324
v 0.495806545 -0.00358147616 1.32532024
v 0.531275988 -0.00463844277 1.31277132
v 0.491911203 -0.0150927156 1.32412982
v 0.468066216 0.138729975 1.43509734
v 0.441836923 0.173528001 1.38241792
v 0.500316203 0.0856357962 1.45968652
v 0.389767826 0.140743926 1.36204255
v 0.351521939 0.080344148 1.33169293
v 0.38990432 0.0181646254 1.35860038
v 0.449321687 -0.021076126 1.376827
v 0.471877426 0.0207503028 1.42922366
v 0.500316203 0.0856357962 1.45968652
v 0.508042037 0.0897061154 1.4667846
v 0.428840369 -0.0154599277 1.3961364
v 0.452520669 0.0220058821 1.4496628
v 0.48350054 0.086481303 1.49264097
v 0.508042037 0.0897061154 1.4667846
v 0.370540351 0.022487592 1.37973142
v 0.328381687 0.0794088617 1.3609947
v 0.36832729 0.135191903 1.37906861
v 0.4258717 0.165799707 1.40698457
v 0.447265029 0.135509074 1.45709586
v 0.508042037 0.0897061154 1.4667846
v 0.48350054 0.086481303 1.49264097
v 0.438575268 0.155713096 1.45408654
v 0.42127654 0.179149553 1.41098416
v 0.391567081 0.169658929 1.4387902
v 0.410631299 0.15301846 1.47392821
v 0.435672522 0.129622743 1.49655449
v 0.489186734 0.0939213932 1.49876463
v 0.522518873 0.0935746357 1.50384903
v 0.464718044 0.124029845 1.48590696
v 0.48350054 0.086481303 1.49264097
v 0.373392373 0.148985714 1.38850212
v 0.353507847 0.147343874 1.41185391
v 0.333171904 0.114860274 1.38183105
v 0.328381687 0.0794088617 1.3609947
v 0.348351955 0.121714562 1.37007439
v 0.339988172 0.0413543023 1.38350236
v 0.366595745 0.0127545353 1.39501321
v 0.428840369 -0.0154599277 1.3961364
v 0.429744124 -0.0382333919 1.38785899
v 0.391567081 0.169658929 1.4387902
v 0.385840356 0.203117862 1.43252993
v 0.391567081 0.169658929 1.4387902
v 0.48350054 0.086481303 1.49264097
v 0.522518873 0.0935746357 1.50384903
v 0.520180583 0.165256023 1.30934405
v 0.554109097 0.145133495 1.33116758
v 0.338379622 0.0931895524 1.61731076
v 0.114696756 -0.0868664309 1.37001038
v 0.110849924 -0.0872805417 1.34145916
v 0.115698352 -0.0949608013 1.37357879
v 0.100912541 -0.0682682768 1.36676896
v 0.0998596549 -0.0751277879 1.33812571
v 0.10557919 -0.0968464985 1.31749749
v 0.104498528 -0.0879024118 1.31156158
v 0.16835089 -0.0693695247 1.57203186
v 0.132012382 -0.0652176067 1.60947645
v 0.167016461 -0.0493032262 1.59609687
v 0.210767001 -0.00410308829 1.5543853
v 0.195157006 -0.0119453138 1.61946487
v 0.230569676 0.0085873222 1.57485318
v 0.230569676 0.0085873222 1.57485318
v 0.0494509637 0.224299446 1.51850307
v 0.00170572812 0.225951567 1.51884425
v 0.0813922212 0.222360834 1.51702201
v 0.119590968 0.221772373 1.51554728
v 0.0495978817 0.229531974 1.5147624
v 0.00170572812 0.231058463 1.5148778
v 0.0819713697 0.227614567 1.51423705
v 0.120275535 0.223807678 1.51203942
v 0.0456705578 0.228371084 1.46323085
v 0.00170572812 0.229218096 1.4635483
v 0.0766422525 0.226647064 1.46059048
v 0.111182421 0.22029762 1.44634485
v 0.144932449 0.185397014 1.45445573
v 0.161822453 0.173658326 1.48066545
v 0.108232379 0.210137635 1.44256186
v 0.13564381 0.186327875 1.44472301
v 0.158443183 0.168236539 1.48037624
v 0.0208402127 0.181094721 1.46764338
v 0.0442091115 0.177871108 1.46920168
v 0.0783047378 0.178618461 1.46483183
v 0.0195957534 0.185119361 1.45564973
v 0.0425461531 0.185086891 1.44926262
v 0.12584199 0.193357527 1.39163935
v 0.0197971128 0.167703316 1.44832587
v 0.0439296365 0.164104387 1.44290781
v 0.0134203192 0.173685566 1.4041934
v 0.0321795419 0.173244327 1.39980567
v 0.0977270678 0.173457116 1.42099547
v 0.0778545141 0.17800051 1.38502312
v 0.121590838 0.182152346 1.39057946
v 0.114323393 0.187981367 1.35010123
v 0.137864307 0.137561545 1.35682452
v 0.140690297 0.141710684 1.39511836
v 0.0147856604 0.156894743 1.39998138
v 0.0345210694 0.157011867 1.39530694
v 0.0156333949 0.161700442 1.35338748
v 0.0373446979 0.160682529 1.35320091
v 0.0791494772 0.158919871 1.3818661
v 0.0755934715 0.168100104 1.33536196
v 0.111431599 0.172739178 1.34777713
v 0.108834103 0.179971278 1.30457902
v 0.111431599 0.172739178 1.34777713
v 0.114323393 0.187981367 1.35010123
v 0.128792495 0.131774664 1.35340846
v 0.130869702 0.128291711 1.3100605
v 0.108834103 0.179971278 1.30457902
v 0.0165893845 0.148960248 1.34846675
v 0.0393952355 0.142955571 1.3509866
v 0.0363478363 0.155163303 1.29537868
v 0.0122055262 0.15350531 1.29650581
v 0.0782629177 0.15002431 1.3327167
v 0.0735165849 0.163253337 1.28274012
v 0.103212729 0.161181107 1.3062048
v 0.103599355 0.168989733 1.24344409
v 0.103212729 0.161181107 1.3062048
v 0.108834103 0.179971278 1.30457902
v 0.125778541 0.122435309 1.30456519
v 0.130888164 0.126243249 1.25888157
v 0.103599355 0.168989733 1.24344409
v 0.00111837313 0.153082401 1.33242059
v 0.00103457796 0.16589877 1.33829439
v 0.00126923586 0.159545481 1.37913597
v 0.00123294047 0.17678149 1.38479006
v 0.00157553784 0.170554653 1.42973137
v 0.167661279 0.068987757 1.26578665
v 0.176101878 0.082197167 1.35670197
v 0.191181198 0.0833204612 1.35136318
v 0.133565038 0.0829898939 1.2516923
v 0.11800991 0.106819957 1.25884843
v 0.0975195467 0.128189117 1.24668801
v 0.144632608 0.0584676452 1.23279703
v 0.193016812 0.069860667 1.21830881
v 0.135093376 0.0897836313 1.19008827
v 0.100694932 0.120137528 1.18542576
v 0.0329035558 0.160294771 1.19073689
v 0.0365626104 0.128635615 1.25012183
v 0.0745625198 0.12464793 1.28183115
v 0.0364216901 0.126615033 1.29308259
v 0.0133126955 0.12583378 1.29145479
v 0.00121163658 0.154816598 1.28872406
v 0.00153166777 0.125128165 1.28229606
v 0.0975195467 0.128189117 1.24668801
v 0.00130316429 0.163524032 1.19338334
v 0.0019515903 0.126301318 1.24798656
v 0.0975195467 0.128189117 1.24668801
v 0.103599355 0.168989733 1.24344409
v 0.0977720395 0.189927921 1.42439425
v 0.12584199 0.193357527 1.39163935
v 0.121590838 0.182152346 1.39057946
v 0.00170478132 0.183636129 1.46642041
v 0.00160836161 0.188205257 1.43826962
v 0.00157553784 0.170554653 1.42973137
v 0.0122820623 -0.0860267058 1.2687242
v 0.0026022254 -0.0889716521 1.26237869
v 0.0026729228 -0.0754735321 1.25953758
v 0.0105261523 -0.0717095956 1.26636291
v 0.0283582639 -0.0721956268 1.25804293
v 0.0616787411 -0.0721681938 1.23612189
v 0.0921189487 -0.0703506097 1.19883394
v 0.0379806571 -0.0884067342 1.21235323
v 0.0921189487 -0.0703506097 1.19883394
v 0.0305023752 -0.0883743465 1.17147505
v 0.00362402131 -0.0917790011 1.21276677
v 0.00161435828 -0.086201705 1.16906404
v 0.0927672088 -0.0667366758 1.17493582
v 0.142790228 -0.0271042343 1.18946624
v -0.0272960681 -0.0883743465 1.17147505
v -0.030673122 -0.0882676095 1.21226716
v -0.0840077028 -0.0700343475 1.19859314
v -0.0895609036 -0.0667422116 1.17493582
v -0.139561504 -0.0271042343 1.18946624
v -0.0555675365 -0.0720297769 1.23600602
v -0.0229836963 -0.0721521154 1.25800276
v -0.0587156154 -0.0770222619 1.23969781
v -0.0248232428 -0.082929112 1.26046526
v -0.0667091385 -0.0578209683 1.2784512
v -0.0924577489 -0.0541064441 1.25332189
v -0.0890977457 -0.0755765885 1.20012414
v -0.130899519 -0.0268361662 1.22514987
v -0.115997396 -0.0173385907 1.27525675
v -0.160123363 0.0208095256 1.23537743
v -0.14442037 0.0292145815 1.27798736
v -0.164400861 0.0690179169 1.26518631
v -0.1869075 0.0699261203 1.21758556
v -0.15684697 0.0951080471 1.24556708
v -0.144401267 0.0905979127 1.29293406
v -0.15563865 0.0265342612 1.28069818
v -0.173544303 0.0711215958 1.26499498
v -0.166450441 0.0751863122 1.30790675
v -0.152223095 0.0964119732 1.29552913
v -0.151112288 0.0928249508 1.33760285
v -0.146283582 0.0334358402 1.31730282
v -0.119244896 -0.0147341536 1.31283808
v -0.126373962 -0.0223150048 1.27718914
v -0.0900338516 -0.0582260899 1.29298151
v -0.102881804 -0.0652008057 1.2550596
v -0.162240177 0.0987829641 1.33802485
v -0.174730062 0.0767716691 1.3105377
v -0.153819621 0.0326583646 1.32358277
v -0.174730062 0.0767716691 1.3105377
v -0.17426832 0.0821982771 1.35634208
v -0.162622213 0.0997236297 1.37736404
v -0.155914813 0.0463696383 1.36507928
v -0.125147164 -0.00577084534 1.3541913
v -0.125286356 -0.0183515642 1.31552684
v -0.0977447405 -0.0618228726 1.32753694
v -0.100320764 -0.072068803 1.29111588
v -0.1669873 0.0371684916 1.36575258
v -0.189670846 0.0833223909 1.35093355
v -0.167362884 0.042279128 1.38482785
v -0.196390867 0.0854469761 1.39137316
v -0.133112758 -0.013451633 1.37542236
v -0.163842544 -0.0315395631 1.37169445
v -0.107663184 -0.0649686977 1.35594082
v -0.111749567 -0.0868662074 1.36998761
v -0.0978334248 -0.0682668686 1.36674345
v -0.176511049 -0.0311715212 1.43206298
v -0.207694679 0.0278383717 1.37498176
v -0.21943216 0.0380619131 1.4370358
v -0.244951963 0.0518105216 1.36363792
v -0.229738578 0.0647967383 1.47434235
v -0.170173571 -0.0288389195 1.43264413
v -0.209633976 0.0399875566 1.43801963
v -0.218848035 0.0659692213 1.47310698
v -0.13049601 -0.0786123425 1.50705349
v -0.181616575 -0.0129758548 1.50462151
v -0.199493423 0.022317132 1.49793911
v -0.215422466 0.0557711683 1.49367249
v -0.136479393 -0.082190685 1.51422203
v -0.109988458 -0.0786676779 1.56289947
v -0.11174231 -0.0808637962 1.57850182
v -0.158346102 -0.0591431968 1.56727707
v -0.193822965 -0.0213006306 1.51250243
v -0.192098677 -0.00255146972 1.55643892
v -0.211696029 0.0121921636 1.49609387
v -0.206880122 0.0259570312 1.54390991
v -0.225758493 0.0630728826 1.52220285
v -0.228454694 0.0457801521 1.48618925
v -0.221966967 0.0209666528 1.55487764
v -0.126000434 -0.0586771183 1.61207068
v -0.0871920735 -0.071172826 1.62688935
v -0.0811998546 -0.0880571753 1.59507561
v -0.129436463 -0.0651628077 1.61119533
v -0.0777926594 -0.0722380653 1.64692068
v -0.0675521344 -0.0573673062 1.68240499
v -0.0711630583 -0.0694038346 1.68800879
v -0.204889581 -0.00440505007 1.55449617
v -0.165038526 -0.0693984032 1.57355309
v -0.164440528 -0.0492484272 1.59788728
v -0.129436463 -0.0651628077 1.61119533
v -0.191775426 -0.0120143602 1.62081313
v -0.225347728 0.00830476731 1.57582307
v -0.0108381351 -0.120748214 1.52432764
v -0.0349122733 -0.100100935 1.57767117
v -0.0790047646 -0.083182998 1.58310854
v -0.0108381351 -0.120748214 1.52432764
v 0.0760597885 -0.0696951821 1.28477263
v 0.0760597885 -0.0696951821 1.28477263
v 0.0786361322 -0.0589992329 1.31061709
v 0.0879743174 -0.0761245936 1.30954409
v 0.09399084 -0.0582934953 1.29308057
v 0.10417819 -0.0721618086 1.29122245
v 0.0879743174 -0.0761245936 1.30954409
v 0.0925734192 -0.0641521215 1.33638346
v 0.0925734192 -0.0641521215 1.33638346
v 0.0998596549 -0.0751277879 1.33812571
v 0.0998596549 -0.0751277879 1.33812571
v 0.0998596549 -0.0751277879 1.33812571
v 0.0879743174 -0.0761245936 1.30954409
v 0.0814496577 -0.0832841694 1.274616
v 0.0879897848 -0.0874359906 1.31788993
v 0.104498528 -0.0879024118 1.31156158
v 0.0760597885 -0.0696951821 1.28477263
v 0.0879743174 -0.0761245936 1.30954409
v 0.0786361322 -0.0589992329 1.31061709
v 0.0814496577 -0.0832841694 1.274616
v 0.0712683126 -0.057888791 1.27854049
v 0.144632608 0.0584676452 1.23279703
v 0.132928744 0.0210973639 1.24039698
v 0.108302295 -0.022414837 1.22876489
v 0.168316334 0.0322563052 1.19553208
v 0.0921189487 -0.0703506097 1.19883394
v 0.0221346989 -0.0670075938 1.69905102
v 0.00134036469 -0.0592007451 1.63494873
v 0.0221346989 -0.0670081154 1.63213789
v 0.00134036469 -0.0592007451 1.63494873
v 0.0221346989 -0.0670075938 1.69905102
v 0.00170572812 -0.0623118207 1.74050057
v 0.0422720425 -0.0660478547 1.68980157
v 0.0221346989 -0.0670081154 1.63213789
v 0.0422720425 -0.0660478547 1.62288845
v 0.0221346989 -0.0670081154 1.63213789
v 0.0221346989 -0.0670075938 1.69905102
v 0.0422720425 -0.0660478547 1.68980157
v 0.062220335 -0.0546597652 1.6321342
v 0.0622192286 -0.0546608157 1.70170319
v 0.0422720425 -0.0660478547 1.62288845
v 0.0378870778 0.169767663 1.78010535
v 0.00170572812 0.175121725 1.74915838
v 0.00170572812 0.175122216 1.78602135
v 0.0378875546 0.169768184 1.74324274
v 0.0728668943 0.0886295661 1.78774047
v 0.0378875546 0.169768184 1.74324274
v 0.0378870778 0.169767663 1.78010535
v 0.0728673711 0.0886295661 1.72576749
v 0.0622192286 -0.0546608157 1.70170319
v 0.0843386278 0.0163018033 1.68631744
v 0.0843376741 0.0163018033 1.76699018
v 0.062220335 -0.0546597652 1.6321342
v 0.0843376741 0.0163018033 1.76699018
v 0.0728673711 0.0886295661 1.72576749
v 0.0728668943 0.0886295661 1.78774047
v 0.0843376741 0.0163018033 1.76699018
v 0.0843386278 0.0163018033 1.68631744
v 0.0843386278 0.0163018033 1.68631744
v 0.04519023 -0.027847575 1.65357566
v 0.0656327307 0.0313405208 1.69319808
v 0.062220335 -0.0546597652 1.6321342
v 0.04519023 -0.027847575 1.65357566
v 0.0422720425 -0.0660478547 1.62288845
v 0.0843386278 0.0163018033 1.68631744
v 0.0593065545 0.0608113669 1.71270037
v 0.0728673711 0.0886295661 1.72576749
v 0.0656327307 0.0313405208 1.69319808
v 0.0378875546 0.169768184 1.74324274
v 0.00130323821 0.103932396 1.73510265
v 0.00170572812 0.175121725 1.74915838
v 0.00130323821 0.103932396 1.73510265
v 0.0426340848 0.0903118476 1.72801638
v -0.0344768837 0.169768184 1.74324274
v -0.0400269292 0.0903127268 1.72801638
v 0.00130323821 0.103932396 1.73510265
v 0.00170572812 0.175121725 1.74915838
v 0.0728673711 0.0886295661 1.72576749
v 0.0426340848 0.0903118476 1.72801638
v 0.0378875546 0.169768184 1.74324274
v 0.0593065545 0.0608113669 1.71270037
v 0.04519023 -0.027847575 1.65357566
v 0.0221346989 -0.0670081154 1.63213789
v 0.00134036469 -0.0592007451 1.63494873
v 0.04519023 -0.027847575 1.65357566
v 0.0422720425 -0.0660478547 1.62288845
v 0.0221346989 -0.0670081154 1.63213789
v -0.00883778278 -0.116234303 1.32848787
v -0.00664806273 -0.103442073 1.29416656
v -0.0395934395 -0.0964252427 1.28526151
v -0.0769212544 -0.0831687525 1.27451622
v -0.0014197831 -0.0974059254 1.2830981
v -0.0365343653 -0.0654367208 1.28699768
v -0.00702679809 -0.0769721195 1.29221129
v -0.00105588185 -0.0817220286 1.28186989
v -0.00725514395 -0.0860103816 1.26871121
v -0.0843089446 -0.076072745 1.30947721
v -0.0892891586 -0.0641332418 1.33633661
v -0.0966759175 -0.0751062185 1.33808029
v -0.00538371922 -0.0716979802 1.26635158
v -0.0717278495 -0.0696207583 1.28468823
v -0.0717278495 -0.0696207583 1.28468823
v -0.0748770311 -0.0589629151 1.31055355
v -0.0843089446 -0.076072745 1.30947721
v -0.100320764 -0.072068803 1.29111588
v -0.0843089446 -0.076072745 1.30947721
v -0.134720966 -0.0177012533 1.35473144
v -0.103040561 -0.0701839626 1.32833159
v -0.0892891586 -0.0641332418 1.33633661
v -0.0966759175 -0.0751062185 1.33808029
v 0.00170572812 -0.13484022 1.6588093
v -0.0448700078 -0.0767564774 1.68910885
v -0.0209645648 -0.0777581036 1.71168792
v -0.0711630583 -0.0694038346 1.68800879
v -0.0659713894 -0.0655586794 1.70189345
v 0.00170572812 -0.116618134 1.7019912
v 0.00170572812 -0.0744052306 1.74961615
v 0.00170572812 -0.0623118207 1.74050057
v -0.0187238734 -0.0670075938 1.69905102
v -0.0388613753 -0.0660478547 1.68980157
v -0.058808405 -0.0546608157 1.70170319
v -0.0388613753 -0.0660478547 1.68980157
v -0.282252103 -0.00857719406 1.50446379
v -0.252661496 0.0207295325 1.58664286
v -0.232232109 -0.0149337575 1.52406561
v -0.303066254 0.0155277345 1.56723273
v -0.195821002 -0.0269029327 1.58228385
v -0.283726305 0.000762615178 1.50005281
v -0.227962807 -0.00445988635 1.5240097
v -0.164440528 -0.0492484272 1.59788728
v -0.270528704 0.0473765917 1.63530397
v -0.270528704 0.0473765917 1.63530397
v -0.331632763 0.0473207571 1.61913443
v -0.225347728 0.00830476731 1.57582307
v -0.129436463 -0.0651628077 1.61119533
v -0.0871920735 -0.071172826 1.62688935
v -0.0777926594 -0.0722380653 1.64692068
v -0.0711630583 -0.0694038346 1.68800879
v -0.0675521344 -0.0573673062 1.68240499
v -0.270528704 0.0473765917 1.63530397
v -0.331632763 0.0473207571 1.61913443
v -0.34889546 0.0948584825 1.63594508
v -0.331632763 0.0473207571 1.61913443
v -0.335733026 0.0930865332 1.61616325
v -0.331632763 0.0473207571 1.61913443
v -0.318736672 0.0517670698 1.59128809
v -0.318736672 0.0517670698 1.59128809
v -0.318736672 0.0517670698 1.59128809
v -0.293636024 0.0235439539 1.53566432
v -0.283726305 0.000762615178 1.50005281
v -0.282252103 -0.00857719406 1.50446379
v -0.293636024 0.0235439539 1.53566432
v -0.324680924 0.141158044 1.6116482
v -0.324680924 0.141158044 1.6116482
v -0.29977569 0.169497788 1.55880952
v -0.250197381 0.177485496 1.56700981
v -0.279426813 0.194385722 1.49879789
v -0.229876474 0.203153625 1.53516662
v -0.244817749 0.212054595 1.55345762
v -0.244817749 0.212054595 1.55345762
v -0.207528189 0.203440011 1.57118475
v -0.254181981 0.1904248 1.4967382
v -0.280086845 0.184162647 1.48763382
v -0.229527816 0.197389215 1.52900875
v -0.286374062 0.17162928 1.50767851
v -0.142942041 0.245522231 1.60971284
v -0.0852931961 0.241493523 1.63060164
v -0.0736218393 0.243183926 1.66546988
v -0.142684653 0.235504493 1.61769485
v -0.190133378 0.179192469 1.61510527
v -0.0852931961 0.241493523 1.63060164
v -0.212227821 0.157291278 1.58824337
v -0.278067619 0.163942367 1.48333573
v -0.286374062 0.17162928 1.50767851
v -0.229994819 0.150953904 1.54049003
v -0.248699009 0.154515535 1.50290573
v -0.142684653 0.235504493 1.61769485
v -0.144700781 0.234953225 1.60584271
v -0.0852931961 0.241493523 1.63060164
v -0.192774802 0.188064948 1.59477234
v -0.177830353 0.190005228 1.5589577
v -0.134193256 0.236190662 1.56565905
v -0.0860321969 0.244776562 1.60989404
v -0.0852931961 0.241493523 1.63060164
v -0.0734889656 0.247526005 1.64089751
v -0.0736218393 0.243183926 1.66546988
v -0.086621128 0.227317229 1.60672331
v -0.0475258864 0.231863052 1.61165559
v -0.0464580096 0.24769251 1.61520708
v 0.00170572812 0.234568521 1.6120584
v 0.00170572812 0.247942269 1.61708188
v 0.00170572812 0.244258448 1.63396263
v -0.0506228358 0.243935794 1.63116312
v -0.127760127 0.21974948 1.56736887
v -0.0506228358 0.243935794 1.63116312
v -0.166441232 0.176703811 1.55947399
v -0.216679573 0.127544597 1.48773897
v -0.200133905 0.119027868 1.49574029
v -0.217742577 0.125994444 1.52989089
v -0.232452706 0.0897102356 1.49626029
v -0.239156395 0.0736839846 1.46916556
v -0.212227821 0.157291278 1.58824337
v -0.190133378 0.179192469 1.61510527
v -0.221699655 0.0744021609 1.47374475
v -0.116180144 0.221772373 1.51554728
v -0.0779813975 0.222360834 1.51702201
v -0.0460403003 0.224299446 1.51850307
v 0.00170572812 0.225951567 1.51884425
v -0.0461870581 0.229531974 1.5147624
v 0.00170572812 0.231058463 1.5148778
v -0.0785605386 0.227614567 1.51423705
v -0.116864704 0.223807678 1.51203942
v -0.0422592647 0.228371084 1.46323085
v 0.00170572812 0.229218096 1.4635483
v -0.073230952 0.226647064 1.46059048
v -0.107771598 0.22029762 1.44634485
v -0.141521618 0.185397014 1.45445573
v -0.158411622 0.173658326 1.48211575
v -0.104821563 0.210137635 1.44256186
v -0.132362068 0.186327875 1.44467103
v -0.155032367 0.168236539 1.48180127
v -0.187464103 0.122446515 1.45810473
v -0.218157694 0.0802752674 1.44639492
v -0.226807907 0.0833214819 1.44649804
v -0.190769166 0.131369919 1.45849204
v -0.16926302 0.144200191 1.43616819
v -0.21617426 0.0869593322 1.40021753
v -0.229738578 0.0647967383 1.47434235
v -0.155055717 0.139853925 1.43425143
v -0.196390867 0.0854469761 1.39137316
v -0.229738578 0.0647967383 1.47434235
v -0.218848035 0.0659692213 1.47310698
v -0.239156395 0.0736839846 1.46916556
v -0.221699655 0.0744021609 1.47374475
v -0.123493351 0.193357527 1.39122128
v -0.148371994 0.146007404 1.39776826
v -0.119197868 0.182152331 1.39020658
v -0.138102591 0.141710654 1.39484894
v -0.135865062 0.137561634 1.35633624
v -0.112723708 0.187981337 1.34942365
v -0.0754574388 0.178000465 1.38477242
v -0.0947252735 0.173457161 1.42087853
v -0.0294630639 0.173244357 1.39973617
v -0.0406377986 0.164104328 1.44289267
v -0.0106336186 0.173685506 1.40416896
v -0.0164650343 0.167703316 1.4483217
v -0.0119631356 0.156894743 1.39995551
v -0.0317701921 0.157011881 1.3952353
v -0.0134024881 0.161700487 1.35332274
v -0.0351292565 0.160682529 1.3530401
v -0.0766632408 0.158919945 1.38163877
v -0.0737304091 0.168100148 1.3349371
v -0.109682783 0.172739178 1.34718406
v -0.107413687 0.179971486 1.30376458
v -0.109682783 0.172739178 1.34718406
v -0.112723708 0.187981337 1.34942365
v -0.0142352311 0.148960292 1.34840202
v -0.0369890034 0.142955601 1.3508383
v -0.0340550691 0.155163676 1.29515636
v -0.00985310879 0.153505385 1.29643738
v -0.0761782974 0.150024518 1.33233178
v -0.0713541657 0.163254127 1.2822386
v -0.101448923 0.161181599 1.30554307
v -0.10064064 0.168992341 1.24274564
v -0.101448923 0.161181599 1.30554307
v -0.107413687 0.179971486 1.30376458
v 0.00111837313 0.153082401 1.33242059
v 0.00103457796 0.16589877 1.33829439
v 0.00126923586 0.159545481 1.37913597
v 0.00123294047 0.17678149 1.38479006
v 0.00157553784 0.170554653 1.42973137
v 0.00121163658 0.154816598 1.28872406
v -0.127830669 0.126250967 1.25817728
v -0.123650841 0.122438028 1.30396938
v -0.10064064 0.168992341 1.24274564
v -0.164400861 0.0690179169 1.26518631
v -0.173544303 0.0711215958 1.26499498
v -0.128919527 0.128293827 1.3094244
v -0.107413687 0.179971486 1.30376458
v -0.126715928 0.131774977 1.35296106
v -0.109682783 0.172739178 1.34718406
v -0.176895335 0.106918924 1.37605894
v -0.17426832 0.0821982771 1.35634208
v -0.189670846 0.0833223909 1.35093355
v -0.196390867 0.0854469761 1.39137316
v -0.286374062 0.17162928 1.50767851
v -0.292019427 0.153838024 1.54303384
v -0.29977569 0.169497788 1.55880952
v -0.311724454 0.128991291 1.58718121
v -0.279426813 0.194385722 1.49879789
v -0.292019427 0.153838024 1.54303384
v -0.0736218393 0.243183926 1.66546988
v -0.0506228358 0.243935794 1.63116312
v -0.075186491 0.264378816 1.67030966
v -0.0835123435 0.167271107 1.76498485
v -0.0795761868 0.207363918 1.77550936
v -0.0755727962 0.188922599 1.75024438
v -0.0795761868 0.207363918 1.77550936
v -0.0855952352 0.181093171 1.79909837
v -0.0917885005 0.0933765396 1.78054225
v -0.0927736834 0.0962200686 1.82583916
v -0.085863024 0.00952521339 1.798419
v -0.0755727962 0.188922599 1.75024438
v -0.0585358739 0.169038564 1.77484345
v -0.0835123435 0.167271107 1.76498485
v -0.0694560707 0.0886295661 1.78774047
v -0.0917885005 0.0933765396 1.78054225
v -0.0344762541 0.169767663 1.78010535
v -0.0809268579 0.0163018033 1.76699018
v -0.0917885005 0.0933765396 1.78054225
v -0.085863024 0.00952521339 1.798419
v -0.0917885005 0.0933765396 1.78054225
v -0.0809268579 0.0163018033 1.76699018
v -0.0809268579 0.0163018033 1.76699018
v -0.058808405 -0.0546608157 1.70170319
v -0.0659713894 -0.0655586794 1.70189345
v -0.0809268579 0.0163018033 1.76699018
v -0.415310621 0.096042119 1.56131744
v -0.468535036 0.0394926816 1.46940672
v -0.513724387 0.0963568091 1.49399734
v -0.431303561 0.041093152 1.50070643
v -0.37742117 0.04960474 1.54289818
v -0.379835963 0.0950569808 1.57427025
v -0.414057106 0.00406294828 1.46070385
v -0.43765831 0.00463888142 1.4308902
v -0.379082054 -0.0132978726 1.43756294
v -0.427264839 -0.0197688285 1.38182461
v -0.357996821 0.0156225581 1.50882661
v -0.334846407 0.000889358518 1.47065413
v -0.357356936 0.00776798232 1.37760246
v -0.340502322 0.010855875 1.39980447
v -0.302722454 0.0216097925 1.44431376
v -0.328699172 0.0330329277 1.36173749
v -0.304296672 0.0403197557 1.38531137
v -0.279230446 0.0494511276 1.42636192
v -0.303965956 0.0821685046 1.34579039
v -0.268943697 0.0898625925 1.39673889
v -0.249419793 0.0946014971 1.42850983
v -0.280710608 0.0114027979 1.50658965
v -0.268719107 0.0263639912 1.47763658
v -0.246257141 0.0563515276 1.46078551
v -0.235523969 0.0984605029 1.47324014
v -0.309855431 0.127898172 1.38015103
v -0.293671161 0.126049131 1.40170157
v -0.332300365 0.162283719 1.41488802
v -0.313577533 0.16106686 1.42890465
v -0.326391071 0.179912537 1.48119569
v -0.370913923 0.201885909 1.44508445
v -0.399130017 0.172657341 1.4870584
v -0.368070483 0.169590771 1.5154742
v -0.397320777 0.147310123 1.53375411
v -0.432226598 0.147194549 1.5063144
v -0.415310621 0.096042119 1.56131744
v -0.513724387 0.0963568091 1.49399734
v -0.272536367 0.127940714 1.43426383
v -0.290758669 0.15888378 1.46142757
v -0.302827686 0.173680112 1.49129081
v -0.323694885 0.162420079 1.53495073
v -0.348113656 0.137273595 1.55543792
v -0.379835963 0.0950569808 1.57427025
v -0.311724454 0.128991291 1.58718121
v -0.292019427 0.153838024 1.54303384
v -0.286374062 0.17162928 1.50767851
v -0.278067619 0.163942367 1.48333573
v -0.286374062 0.17162928 1.50767851
v -0.238610476 0.126601025 1.47732568
v -0.248699009 0.154515535 1.50290573
v -0.232452706 0.0897102356 1.49626029
v -0.225758493 0.0630728826 1.52220285
v -0.221966967 0.0209666528 1.55487764
v -0.225347728 0.00830476731 1.57582307
v -0.217742577 0.125994444 1.52989089
v -0.229994819 0.150953904 1.54049003
v -0.229994819 0.150953904 1.54049003
v -0.293636024 0.0235439539 1.53566432
v -0.293636024 0.0235439539 1.53566432
v -0.318736672 0.0517670698 1.59128809
v -0.318736672 0.0517670698 1.59128809
v -0.335733026 0.0930865332 1.61616325
v -0.428313136 0.158256203 1.38136899
v -0.477406502 0.13463749 1.40294075
v -0.445157945 0.164818004 1.35817933
v -0.453352392 0.129988253 1.42280579
v -0.487481475 0.0902290344 1.44412684
v -0.513309777 0.0938586593 1.43006635
v -0.39309603 0.133345008 1.34000182
v -0.3818039 0.133571506 1.36105347
v -0.353066057 0.0876920521 1.33660245
v -0.403851688 0.128663585 1.33655941
v -0.378349423 0.0865744874 1.31322229
v -0.359402925 0.0889916494 1.31196702
v -0.406755596 0.0345229171 1.33256853
v -0.386607617 0.036821954 1.35539687
v -0.438680142 0.00874505006 1.36663604
v -0.461271763 0.00315616606 1.34869957
v -0.484709263 0.0405937098 1.3957659
v -0.462272376 0.0415021889 1.41192412
v -0.487481475 0.0902290344 1.44412684
v -0.513309777 0.0938586593 1.43006635
v -0.410696566 0.037462052 1.33107531
v -0.461050183 0.0132647324 1.34371209
v -0.483602047 0.0475352928 1.38718748
v -0.505756617 0.0906411186 1.41457975
v -0.513309777 0.0938586593 1.43006635
v -0.442731798 -0.0030043982 1.37052763
v -0.464512229 0.0319333039 1.42120516
v -0.487481475 0.0902290344 1.44412684
v -0.497130722 0.0937664211 1.46078277
v -0.38188991 0.0318185613 1.35597801
v -0.337839574 0.0884518474 1.3349762
v -0.376294702 0.142549053 1.36629975
v -0.426936597 0.171204641 1.38713586
v -0.454969615 0.139434829 1.43443847
v -0.420738488 0.000451631524 1.38871026
v -0.447116196 0.0317004435 1.43578851
v -0.476127893 0.0900287032 1.47939146
v -0.362281591 0.0343349501 1.37560117
v -0.319194347 0.0871586129 1.36563182
v -0.356476665 0.137871101 1.38582277
v -0.41174376 0.165149763 1.4133333
v -0.435746521 0.136797041 1.45657778
v -0.497130722 0.0937664211 1.46078277
v -0.476127893 0.0900287032 1.47939146
v -0.476127893 0.0900287032 1.47939146
v -0.513724387 0.0963568091 1.49399734
v -0.425974041 0.155839875 1.45624721
v -0.406696588 0.177663356 1.41844606
v -0.378407419 0.170060843 1.44744241
v -0.39946872 0.153904468 1.47730529
v -0.426985115 0.131079838 1.49482346
v -0.482048035 0.096985884 1.49315977
v -0.513724387 0.0963568091 1.49399734
v -0.343100488 0.149612963 1.42098951
v -0.322322309 0.119357251 1.38719511
v -0.319194347 0.0871586129 1.36563182
v -0.455028117 0.125591949 1.48218405
v -0.476127893 0.0900287032 1.47939146
v -0.337878764 0.12586841 1.37729669
v -0.36052084 0.150752023 1.39736414
v -0.333209693 0.0508398525 1.38195658
v -0.361585885 0.0243584812 1.38930082
v -0.420738488 0.000451631524 1.38871026
v -0.427264839 -0.0197688285 1.38182461
v -0.353066057 0.0876920521 1.33660245
v -0.359402925 0.0889916494 1.31196702
v -0.353066057 0.0876920521 1.33660245
v -0.359402925 0.0889916494 1.31196702
v -0.448438704 0.155750141 1.35349822
v -0.474602282 0.126917869 1.39330685
v -0.505756617 0.0906411186 1.41457975
v -0.415793061 0.129375324 1.31466532
v -0.465438515 0.160672516 1.33371699
v -0.496067405 0.133048058 1.37698662
v -0.529691219 0.0925902724 1.40258753
v -0.525741577 0.090899162 1.38958824
v -0.496551722 0.126454577 1.36936593
v -0.42611137 0.123779923 1.3118608
v -0.406497717 0.0877251253 1.29291129
v -0.383826673 0.0876396 1.2872076
v -0.430677712 0.0367617011 1.30920911
v -0.482380539 0.00583606726 1.32330537
v -0.505779684 0.0473615453 1.37203622
v -0.505756617 0.0906411186 1.41457975
v -0.529691219 0.0925902724 1.40258753
v -0.479838043 0.0157812107 1.31994045
v -0.504270852 0.0506409965 1.36381912
v -0.525741577 0.090899162 1.38958824
v -0.529691219 0.0925902724 1.40258753
v -0.434441328 0.0424305089 1.30765498
v -0.446635038 0.124997668 1.2820034
v -0.469868541 0.154804021 1.33013916
v -0.49194926 0.160896882 1.30682755
v -0.532809675 0.132794529 1.34119654
v -0.56463927 0.0929071978 1.36717832
v -0.518395066 0.0144091416 1.311584
v -0.538744509 0.050060384 1.34002531
v -0.525741577 0.090899162 1.38958824
v -0.56463927 0.0929071978 1.36717832
v -0.475520402 0.126734823 1.28214693
v -0.475046724 0.105121039 1.28086627
v -0.422159046 0.0903734937 1.25853264
v -0.473111868 0.062898308 1.28019071
v -0.463744253 0.0400624648 1.27981031
v -0.487151563 0.144827873 1.29055846
v -0.505787551 0.152948961 1.30218828
v -0.522944152 0.131786183 1.3144809
v -0.540645301 0.101232812 1.32598901
v -0.544874728 0.0415286534 1.33011127
v -0.546995699 0.0686885789 1.33108544
v -0.484578162 0.0322979428 1.28712213
v -0.500844955 0.0164694209 1.29895902
v -0.422159046 0.0903734937 1.25853264
v -0.56463927 0.0929071978 1.36717832
v -0.546995699 0.0686885789 1.33108544
v -0.505756617 0.0906411186 1.41457975
v -0.513309777 0.0938586593 1.43006635
v -0.487481475 0.0902290344 1.44412684
v -0.497130722 0.0937664211 1.46078277
v -0.378349423 0.0865744874 1.31322229
v -0.383826673 0.0876396 1.2872076
v -0.378349423 0.0865744874 1.31322229
v -0.383826673 0.0876396 1.2872076
v -0.497130722 0.0937664211 1.46078277
v -0.406497717 0.0877251253 1.29291129
v -0.422159046 0.0903734937 1.25853264
v -0.546995699 0.0686885789 1.33108544
v -0.56463927 0.0929071978 1.36717832
v -0.335733026 0.0930865332 1.61616325
v -0.311724454 0.128991291 1.58718121
v -0.29977569 0.169497788 1.55880952
v -0.324680924 0.141158044 1.6116482
v -0.324680924 0.141158044 1.6116482
v -0.34889546 0.0948584825 1.63594508
v -0.280710608 0.0114027979 1.50658965
v -0.225347728 0.00830476731 1.57582307
v -0.280710608 0.0114027979 1.50658965
v -0.280710608 0.0114027979 1.50658965
v -0.283726305 0.000762615178 1.50005281
v -0.164440528 -0.0492484272 1.59788728
v -0.191775426 -0.0120143602 1.62081313
v -0.0624229573 -0.0617130063 1.7135489
v -0.0659713894 -0.0655586794 1.70189345
v -0.225347728 0.00830476731 1.57582307
v -0.0174292307 0.181094661 1.46764338
v -0.0407984443 0.177871063 1.46920168
v -0.0748981759 0.178618461 1.46483088
v -0.0162248518 0.185119316 1.45564759
v -0.0392191224 0.185086891 1.44925225
v -0.0947582498 0.189927861 1.42427552
v -0.123493351 0.193357527 1.39122128
v -0.119197868 0.182152331 1.39020658
v 0.00160836161 0.188205257 1.43826962
v 0.00170478132 0.183636129 1.46642041
v 0.00157553784 0.170554653 1.42973137
v -0.129521087 0.0830122754 1.25115609
v -0.114517495 0.106830671 1.25829506
v -0.0938309804 0.128195748 1.24616838
v -0.139302552 0.0585169792 1.23228908
v -0.1869075 0.0699261203 1.21758556
v -0.131953984 0.0897836313 1.19008827
v -0.0975555331 0.120137528 1.18542576
v -0.0303327348 0.160294771 1.19073689
v -0.0328035094 0.128637806 1.24993265
v -0.0716940761 0.124650478 1.28145075
v -0.0336024798 0.126615956 1.29290462
v -0.0104136374 0.125834122 1.29139459
v 0.00153166777 0.125128165 1.28229606
v -0.0938309804 0.128195748 1.24616838
v 0.00130316429 0.163524032 1.19338334
v 0.0019515903 0.126301318 1.24798656
v -0.0938309804 0.128195748 1.24616838
v -0.10064064 0.168992341 1.24274564
v -0.0748770311 -0.0589629151 1.31055355
v -0.0843089446 -0.076072745 1.30947721
v -0.0717278495 -0.0696207583 1.28468823
v -0.0667091385 -0.0578209683 1.2784512
v -0.101094805 -0.0878351033 1.31148756
v -0.0844718143 -0.0873896927 1.3178345
v -0.0840077028 -0.0700343475 1.19859314
v -0.101900406 -0.0222786795 1.22851026
v -0.127551183 0.0211732853 1.24002981
v -0.139302552 0.0585169792 1.23228908
v -0.165087625 0.0322563052 1.19553208
v -0.0840077028 -0.0700343475 1.19859314
v -0.229994819 0.150953904 1.54049003
v -0.217742577 0.125994444 1.52989089
v -0.0187238734 -0.0670075938 1.69905102
v 0.00134036469 -0.0592007451 1.63494873
v 0.00170572812 -0.0623118207 1.74050057
v 0.00134036469 -0.0592007451 1.63494873
v -0.0187238734 -0.0670075938 1.69905102
v -0.0187238734 -0.0670081154 1.63213789
v -0.0388613753 -0.0660478547 1.68980157
v -0.0187238734 -0.0670081154 1.63213789
v -0.0187238734 -0.0670075938 1.69905102
v -0.0187238734 -0.0670081154 1.63213789
v -0.0388613753 -0.0660478547 1.62288845
v -0.0588090345 -0.0546597652 1.6321342
v -0.0388613753 -0.0660478547 1.68980157
v -0.058808405 -0.0546608157 1.70170319
v -0.0388613753 -0.0660478547 1.62288845
v 0.00170572812 0.175121725 1.74915838
v -0.0344762541 0.169767663 1.78010535
v 0.00170572812 0.175122216 1.78602135
v -0.0344768837 0.169768184 1.74324274
v -0.0344768837 0.169768184 1.74324274
v -0.0694560707 0.0886295661 1.78774047
v -0.0344762541 0.169767663 1.78010535
v -0.06945654 0.0886295661 1.72576749
v -0.0809279531 0.0163018033 1.68631744
v -0.058808405 -0.0546608157 1.70170319
v -0.0809268579 0.0163018033 1.76699018
v -0.0588090345 -0.0546597652 1.6321342
v -0.06945654 0.0886295661 1.72576749
v -0.0809268579 0.0163018033 1.76699018
v -0.0694560707 0.0886295661 1.78774047
v -0.0809268579 0.0163018033 1.76699018
v -0.0809279531 0.0163018033 1.68631744
v -0.0809279531 0.0163018033 1.68631744
v -0.0425824448 -0.027847128 1.65357566
v -0.0588090345 -0.0546597652 1.6321342
v -0.0630259365 0.0313411281 1.69319808
v -0.0388613753 -0.0660478547 1.62288845
v -0.0425824448 -0.027847128 1.65357566
v -0.0809279531 0.0163018033 1.68631744
v -0.0566991642 0.0608121902 1.71270037
v -0.0630259365 0.0313411281 1.69319808
v -0.06945654 0.0886295661 1.72576749
v -0.06945654 0.0886295661 1.72576749
v -0.0400269292 0.0903127268 1.72801638
v -0.0566991642 0.0608121902 1.71270037
v -0.0344768837 0.169768184 1.74324274
v 0.00134036469 -0.0592007451 1.63494873
v -0.0187238734 -0.0670081154 1.63213789
v -0.0425824448 -0.027847128 1.65357566
v -0.0187238734 -0.0670081154 1.63213789
v -0.0388613753 -0.0660478547 1.62288845
v -0.0425824448 -0.027847128 1.65357566
vt 0.370700002 0.238100007
vt 0.412699997 0.213799998
vt 0.409500003 0.252099991
vt 0.374500006 0.191
vt 0.449200004 0.227599993
vt 0.4472 0.261299998
vt 0.441900015 0.267199993
vt 0.404500008 0.259200007
vt 0.369899988 0.2456
vt 0.478100002 0.229800001
vt 0.47389999 0.271600008
vt 0.466600001 0.274399996
vt 0.502699971 0.269300014
vt 0.502699971 0.2227
vt 0.489224792 0.291673481
vt 0.502524734 0.288774341
vt 0.486124784 0.294273496
vt 0.502699971 0.304699987
vt 0.48179999 0.223199993
vt 0.452199996 0.220599994
vt 0.418300003 0.206699997
vt 0.454699993 0.191
vt 0.423200011 0.182999998
vt 0.397599995 0.190200001
vt 0.404799998 0.173600003
vt 0.502699971 0.213100001
vt 0.485300004 0.198599994
vt 0.502699971 0.197300002
vt 0.502699971 0.304699987
vt 0.502699971 0.310299993
vt 0.389499992 0.1822
vt 0.367000014 0.171200007
vt 0.377200007 0.172299996
vt 0.331 0.202999994
vt 0.332899988 0.243699998
vt 0.282299995 0.213499993
vt 0.280400008 0.259200007
vt 0.264299989 0.216199994
vt 0.255299985 0.291299999
vt 0.324600011 0.179000005
vt 0.335000008 0.249799997
vt 0.283600003 0.264299989
vt 0.257099986 0.296099991
vt 0.384499997 0.294200003
vt 0.328700006 0.316199988
vt 0.298700005 0.321200013
vt 0.270300001 0.313899994
vt 0.381500006 0.303600013
vt 0.408399999 0.324499995
vt 0.408800006 0.337199986
vt 0.371699989 0.353500009
vt 0.329600006 0.328299999
vt 0.324499995 0.371100008
vt 0.300799996 0.333200008
vt 0.300799996 0.373899996
vt 0.268099993 0.372799993
vt 0.271499991 0.326499999
vt 0.299899995 0.390199989
vt 0.402200013 0.371800005
vt 0.42930001 0.369300008
vt 0.431100011 0.340299994
vt 0.400099993 0.378500015
vt 0.43900001 0.373199999
vt 0.463999987 0.362899989
vt 0.459699988 0.378899992
vt 0.489600003 0.380899996
vt 0.502699971 0.356999993
vt 0.465700001 0.325300008
vt 0.502699971 0.326000005
vt 0.472755522 0.296388835
vt 0.446099997 0.394600004
vt 0.461899996 0.383100003
vt 0.446099997 0.394600004
vt 0.451099992 0.399300009
vt 0.491400003 0.384000003
vt 0.502699971 0.359200001
vt 0.467000008 0.395399988
vt 0.451099992 0.399300009
vt 0.454100013 0.407299995
vt 0.483900011 0.407599986
vt 0.502699971 0.387400001
vt 0.502699971 0.425199986
vt 0.502699971 0.428600013
vt 0.474799991 0.412299991
vt 0.468499988 0.401499987
vt 0.459300011 0.412600011
vt 0.468499988 0.401499987
vt 0.502699971 0.359200001
vt 0.502699971 0.387400001
vt 0.513999999 0.384000003
vt 0.502699971 0.359200001
vt 0.515799999 0.380899996
vt 0.543500006 0.383100003
vt 0.545700014 0.378899992
vt 0.541400015 0.362899989
vt 0.502699971 0.356999993
vt 0.539699972 0.325300008
vt 0.502699971 0.326000005
vt 0.502699971 0.310299993
vt 0.533094883 0.297019601
vt 0.518924773 0.294273496
vt 0.502699971 0.304699987
vt 0.515824735 0.291673481
vt 0.531499982 0.271600008
vt 0.527400017 0.229800001
vt 0.558200002 0.261299998
vt 0.556200027 0.227599993
vt 0.595899999 0.252099991
vt 0.592700005 0.213799998
vt 0.6347 0.238100007
vt 0.630900025 0.191
vt 0.563499987 0.267199993
vt 0.600899994 0.259200007
vt 0.635500014 0.2456
vt 0.538800001 0.274399996
vt 0.502699971 0.304699987
vt 0.553200006 0.220599994
vt 0.587100029 0.206699997
vt 0.550700009 0.191
vt 0.582199991 0.182999998
vt 0.607900023 0.190200001
vt 0.600600004 0.173600003
vt 0.520099998 0.198599994
vt 0.523599982 0.223199993
vt 0.578299999 0.157199994
vt 0.591899991 0.157299995
vt 0.607299984 0.166700006
vt 0.61589998 0.1822
vt 0.607900023 0.190200001
vt 0.628199995 0.172299996
vt 0.620199978 0.157800004
vt 0.594299972 0.153300002
vt 0.594299972 0.153300002
vt 0.597199976 0.146699995
vt 0.577499986 0.148399994
vt 0.549799979 0.163299993
vt 0.549399972 0.154899999
vt 0.523000002 0.160500005
vt 0.5176 0.168200001
vt 0.510399997 0.156599998
vt 0.502699971 0.1567
vt 0.502699971 0.176200002
vt 0.487800002 0.168200001
vt 0.495000005 0.156599998
vt 0.4824 0.160500005
vt 0.488400012 0.152099997
vt 0.502699971 0.150600001
vt 0.455599993 0.163299993
vt 0.456 0.154899999
vt 0.427899987 0.148399994
vt 0.427100003 0.157199994
vt 0.408199996 0.146699995
vt 0.4111 0.153300002
vt 0.452699989 0.126599997
vt 0.419499993 0.122100003
vt 0.486699998 0.129099995
vt 0.502699971 0.130899996
vt 0.496100008 0.121699996
vt 0.502699971 0.1215
vt 0.449299991 0.108499996
vt 0.415100008 0.105999999
vt 0.476500005 0.1131
vt 0.490999997 0.110699996
vt 0.502699971 0.111199997
vt 0.464599997 0.0925000012
vt 0.4296 0.0797000006
vt 0.380600005 0.0921000019
vt 0.398000002 0.0588000007
vt 0.338400006 0.066399999
vt 0.333799988 0.0974999964
vt 0.285400003 0.0692000017
vt 0.287099987 0.0980999991
vt 0.245800003 0.0957000032
vt 0.243699998 0.0693999976
vt 0.214100003 0.0741000026
vt 0.212500006 0.1052
vt 0.284399986 0.106399998
vt 0.246199995 0.101400003
vt 0.243799999 0.128800005
vt 0.215499997 0.1131
vt 0.214100003 0.140799999
vt 0.283499986 0.130400002
vt 0.326799989 0.127900004
vt 0.331999987 0.105099998
vt 0.372000009 0.122000001
vt 0.3759 0.0996999964
vt 0.218500003 0.149800003
vt 0.242899999 0.135600001
vt 0.280999988 0.137700006
vt 0.242899999 0.135600001
vt 0.241099998 0.166199997
vt 0.214599997 0.176100001
vt 0.275999993 0.164800003
vt 0.319200009 0.157499999
vt 0.326799989 0.133599997
vt 0.368200004 0.149700001
vt 0.372799993 0.129500002
vt 0.278200001 0.173500001
vt 0.241999999 0.175799996
vt 0.278400004 0.184900001
vt 0.237299994 0.202900007
vt 0.237299994 0.202900007
vt 0.264299989 0.216199994
vt 0.219099998 0.187199995
vt 0.324999988 0.166099995
vt 0.371100008 0.154699996
vt 0.179199994 0.195299998
vt 0.178000003 0.222599998
vt 0.234300002 0.223399997
vt 0.264299989 0.216199994
vt 0.255299985 0.291299999
vt 0.180199996 0.236900002
vt 0.236900002 0.266400009
vt 0.193599999 0.267800003
vt 0.255299985 0.291299999
vt 0.1998 0.276499987
vt 0.2368 0.273600012
vt 0.257099986 0.296099991
vt 0.247700006 0.30340001
vt 0.205699995 0.323300004
vt 0.210999995 0.338099986
vt 0.157800004 0.336699992
vt 0.158800006 0.349999994
vt 0.116800003 0.333000004
vt 0.117200002 0.344300002
vt 0.0833000019 0.34889999
vt 0.0817999989 0.361000001
vt 0.119000003 0.378399998
vt 0.0788000003 0.376700014
vt 0.115999997 0.387199998
vt 0.0716999993 0.380199999
vt 0.0719999969 0.398000002
vt 0.056499999 0.352600008
vt 0.0549999997 0.362399995
vt 0.0229000002 0.347799987
vt 0.0229000002 0.35679999
vt 0.0229000002 0.367199987
vt 0.0566999987 0.373600006
vt 0.164399996 0.385399997
vt 0.167099997 0.405800015
vt 0.189400002 0.40200001
vt 0.213699996 0.374199986
vt 0.241799995 0.360100001
vt 0.25 0.315200001
vt 0.25 0.315200001
vt 0.247700006 0.30340001
vt 0.213699996 0.374199986
vt 0.217399999 0.398299992
vt 0.460200012 0.320600003
vt 0.430799991 0.330500007
vt 0.472755522 0.296388835
vt 0.472755522 0.296388835
vt 0.265619457 0.550957501
vt 0.310319453 0.558857501
vt 0.294219464 0.568957508
vt 0.264119446 0.523657501
vt 0.31951946 0.639457464
vt 0.334019452 0.637957513
vt 0.301219463 0.642957509
vt 0.246619478 0.534157515
vt 0.241119489 0.528757513
vt 0.269619465 0.509357512
vt 0.280219465 0.514957488
vt 0.219119474 0.557557464
vt 0.186219469 0.607257485
vt 0.182319477 0.585157514
vt 0.195319489 0.638457477
vt 0.177219465 0.566357493
vt 0.211919472 0.54825747
vt 0.163619474 0.581657469
vt 0.140819475 0.578857481
vt 0.173719481 0.622057498
vt 0.129619494 0.634457469
vt 0.171719477 0.553057492
vt 0.129119471 0.575757504
vt 0.118719466 0.634657502
vt 0.0819194689 0.583057463
vt 0.0624194779 0.631657481
vt 0.0775194839 0.579157472
vt 0.12761949 0.566257477
vt 0.207919464 0.543957472
vt 0.185919479 0.663157463
vt 0.202419475 0.663457513
vt 0.125819489 0.665457487
vt 0.116719462 0.66385746
vt 0.116719462 0.66385746
vt 0.116719462 0.66385746
vt 0.0560194589 0.663657486
vt 0.189019486 0.704657495
vt 0.204319462 0.704757512
vt 0.301719457 0.705257475
vt 0.320919454 0.704857469
vt 0.334019452 0.637957513
vt 0.122719474 0.701757491
vt 0.113719471 0.702257514
vt 0.202019468 0.742557466
vt 0.300619453 0.772257507
vt 0.124119468 0.738157511
vt 0.187019482 0.746357501
vt 0.202019468 0.742557466
vt 0.115119465 0.739857495
vt 0.055319462 0.733557463
vt 0.127119496 0.785057485
vt 0.117619462 0.785157502
vt 0.167119488 0.790457487
vt 0.194319472 0.768757463
vt 0.29131946 0.840157509
vt 0.307519466 0.849857509
vt 0.327319473 0.770557463
vt 0.0597194768 0.764257491
vt 0.160219476 0.818057477
vt 0.133319482 0.825457513
vt 0.16401948 0.839557469
vt 0.0727194622 0.8149575
vt 0.12761949 0.834457457
vt 0.179919466 0.821357489
vt 0.239819482 0.870357513
vt 0.263619453 0.857057512
vt 0.260619462 0.883457482
vt 0.231019482 0.874457479
vt 0.263419449 0.893557489
vt 0.184219465 0.802857459
vt 0.290619463 0.885857463
vt 0.282319456 0.900857508
vt 0.25731945 0.910257459
vt 0.220019475 0.882457495
vt 0.157019481 0.85135746
vt 0.12761949 0.834457457
vt 0.133319482 0.825457513
vt 0.214019462 0.889557481
vt 0.15431948 0.881857514
vt 0.25731945 0.910257459
vt 0.130719468 0.880357504
vt 0.104919471 0.868057489
vt 0.12011949 0.837157488
vt 0.0901194885 0.826057494
vt 0.0675194636 0.817857504
vt 0.0564194657 0.80585748
vt 0.0579194762 0.8264575
vt 0.0796194747 0.850857496
vt 0.0564194657 0.80585748
vt 0.0442194678 0.77155751
vt 0.0579194762 0.8264575
vt 0.323119462 0.553357482
vt 0.317819476 0.544357479
vt 0.331319451 0.5491575
vt 0.353919476 0.62835747
vt 0.323119462 0.553357482
vt 0.305119455 0.536257505
vt 0.323119462 0.553357482
vt 0.317819476 0.544357479
vt 0.283619463 0.511657476
vt 0.268819451 0.505057514
vt 0.309719473 0.526657462
vt 0.238419488 0.52095747
vt 0.0405194797 0.654557467
vt 0.0624194779 0.631657481
vt 0.0560194589 0.663657486
vt 0.0516194738 0.612857461
vt 0.0819194689 0.583057463
vt 0.0382194854 0.697457492
vt 0.0405194797 0.654557467
vt 0.0521194674 0.69905746
vt 0.055319462 0.733557463
vt 0.0366194583 0.737157464
vt 0.0597194768 0.764257491
vt 0.0560194589 0.663657486
vt 0.055319462 0.733557463
vt 0.0442194678 0.77155751
vt 0.0727194622 0.8149575
vt 0.0366194583 0.737157464
vt 0.0405194797 0.654557467
vt 0.0516194738 0.612857461
vt 0.0516194738 0.612857461
vt 0.0775194839 0.579157472
vt 0.0714194849 0.577257514
vt 0.137419477 0.5394575
vt 0.0775194839 0.579157472
vt 0.0714194849 0.577257514
vt 0.137419477 0.5394575
vt 0.170019463 0.533157468
vt 0.207919464 0.543957472
vt 0.334819466 0.704157472
vt 0.341619462 0.770857513
vt 0.345719457 0.799257457
vt 0.317019463 0.856257498
vt 0.290619463 0.885857463
vt 0.117619462 0.785157502
vt 0.133319482 0.825457513
vt 0.12761949 0.834457457
vt 0.371100008 0.931200027
vt 0.367399991 0.882000029
vt 0.352100015 0.932699978
vt 0.391400009 0.900900006
vt 0.338499993 0.922399998
vt 0.400700003 0.9102
vt 0.375099987 0.947700024
vt 0.403600007 0.926100016
vt 0.388700008 0.957899988
vt 0.384600013 0.859600008
vt 0.41139999 0.877600014
vt 0.431699991 0.879199982
vt 0.411000013 0.85860002
vt 0.429199994 0.85619998
vt 0.3301 0.935000002
vt 0.355300009 0.950800002
vt 0.323900014 0.944500029
vt 0.354900002 0.963100016
vt 0.388099998 0.976700008
vt 0.352800012 0.98150003
vt 0.312099993 0.961600006
vt 0.395300001 0.846599996
vt 0.405200005 0.835200012
vt 0.442099988 0.859000027
vt 0.4463 0.885900021
vt 0.4102 0.830600023
vt 0.441199988 0.838500023
vt 0.416799992 0.823499978
vt 0.457899988 0.851300001
vt 0.296099991 0.921800017
vt 0.280400008 0.930100024
vt 0.307200015 0.915700018
vt 0.324900001 0.912100017
vt 0.3204 0.893000007
vt 0.343100011 0.862999976
vt 0.332300007 0.855400026
vt 0.30309999 0.895099998
vt 0.317099988 0.856000006
vt 0.290699989 0.885599971
vt 0.360900015 0.836799979
vt 0.354900002 0.814400017
vt 0.379799992 0.833800018
vt 0.378800005 0.816399992
vt 0.345699996 0.799199998
vt 0.307500005 0.849699974
vt 0.290699989 0.885599971
vt 0.263399988 0.893299997
vt 0.260600001 0.88319999
vt 0.231000006 0.874199986
vt 0.239800006 0.870199978
vt 0.263700008 0.856899977
vt 0.179900005 0.821200013
vt 0.184200004 0.802699983
vt 0.164100006 0.839299977
vt 0.1602 0.817900002
vt 0.133300006 0.825299978
vt 0.127100006 0.78490001
vt 0.167099997 0.790300012
vt 0.1241 0.738099992
vt 0.115099996 0.739899993
vt 0.113700002 0.702199996
vt 0.122699998 0.701799989
vt 0.125799999 0.665499985
vt 0.188999996 0.704699993
vt 0.185900003 0.663299978
vt 0.129600003 0.634599984
vt 0.173700005 0.622200012
vt 0.140799999 0.579100013
vt 0.163599998 0.581900001
vt 0.177200004 0.566600025
vt 0.182300001 0.585399985
vt 0.219099998 0.557799995
vt 0.186199993 0.607500017
vt 0.265599996 0.551199973
vt 0.246600002 0.534399986
vt 0.264200002 0.523899972
vt 0.310400009 0.559099972
vt 0.294200003 0.569199979
vt 0.319599986 0.639599979
vt 0.333999991 0.638100028
vt 0.301200002 0.643100023
vt 0.2412 0.529100001
vt 0.269600004 0.5097
vt 0.280200005 0.515200019
vt 0.195299998 0.638599992
vt 0.211899996 0.548500001
vt 0.202399999 0.663600028
vt 0.32100001 0.704900026
vt 0.333999991 0.638100028
vt 0.323100001 0.55369997
vt 0.334899992 0.704200029
vt 0.301699996 0.705299973
vt 0.204300001 0.70480001
vt 0.202000007 0.742500007
vt 0.300700009 0.772199988
vt 0.194299996 0.768700004
vt 0.291399986 0.839999974
vt 0.327399999 0.770500004
vt 0.341699988 0.770799994
vt 0.187000006 0.746399999
vt 0.202000007 0.742500007
vt 0.374199986 0.806200027
vt 0.382999986 0.791999996
vt 0.396600008 0.803300023
vt 0.345699996 0.799199998
vt 0.366899997 0.781899989
vt 0.4463 0.885900021
vt 0.345719457 0.799257457
vt 0.365919471 0.764657497
vt 0.366819471 0.781957507
vt 0.345719457 0.799257457
vt 0.341619462 0.770857513
vt 0.365519464 0.69935751
vt 0.334819466 0.704157472
vt 0.334019452 0.637957513
vt 0.4463 0.885900021
vt 0.457899988 0.851300001
vt 0.4463 0.885900021
vt 0.471500009 0.878400028
vt 0.360399991 0.462900013
vt 0.358799994 0.4815
vt 0.351099998 0.461100012
vt 0.411599994 0.461899996
vt 0.358799994 0.4815
vt 0.407999992 0.445899993
vt 0.350400001 0.494899988
vt 0.407999992 0.445899993
vt 0.467000008 0.441599995
vt 0.365519464 0.69935751
vt 0.334019452 0.637957513
vt 0.353919476 0.62835747
vt 0.323119462 0.553357482
vt 0.353919476 0.62835747
vt 0.515100002 0.77759999
vt 0.551800013 0.714900017
vt 0.554799974 0.750400007
vt 0.50029999 0.696099997
vt 0.560500026 0.796599984
vt 0.524800003 0.807099998
vt 0.591099977 0.744400024
vt 0.592100024 0.716600001
vt 0.620400012 0.752499998
vt 0.620199978 0.708199978
vt 0.597100019 0.792200029
vt 0.625699997 0.794200003
vt 0.657299995 0.732800007
vt 0.656799972 0.754599988
vt 0.657500029 0.801400006
vt 0.682900012 0.738200009
vt 0.684300005 0.765699983
vt 0.685500026 0.80309999
vt 0.716099977 0.730199993
vt 0.718800008 0.779100001
vt 0.719799995 0.80430001
vt 0.638199985 0.845000029
vt 0.662299991 0.840300024
vt 0.689899981 0.836799979
vt 0.721099973 0.834100008
vt 0.747399986 0.745000005
vt 0.747500002 0.770099998
vt 0.779500008 0.748000026
vt 0.779600024 0.773100019
vt 0.809000015 0.783399999
vt 0.811800003 0.740499973
vt 0.843100011 0.742500007
vt 0.842100024 0.772300005
vt 0.871100008 0.768299997
vt 0.875 0.737699986
vt 0.912800014 0.781499982
vt 0.92900002 0.702799976
vt 0.747699976 0.80250001
vt 0.779699981 0.805299997
vt 0.806599975 0.807699978
vt 0.836700022 0.810400009
vt 0.86680001 0.810400009
vt 0.903900027 0.808600008
vt 0.856100023 0.848399997
vt 0.803600013 0.827000022
vt 0.832099974 0.837800026
vt 0.856100023 0.848399997
vt 0.787 0.823099971
vt 0.743700027 0.83920002
vt 0.772000015 0.8477
vt 0.716000021 0.845300019
vt 0.702899992 0.866599977
vt 0.680100024 0.89410001
vt 0.667400002 0.907899976
vt 0.738200009 0.867399991
vt 0.762099981 0.874000013
vt 0.762099981 0.874000013
vt 0.603100002 0.850499988
vt 0.603100002 0.850499988
vt 0.569000006 0.856599987
vt 0.603100002 0.850499988
vt 0.569000006 0.856599987
vt 0.569000006 0.856599987
vt 0.537 0.862500012
vt 0.787 0.823099971
vt 0.803600013 0.827000022
vt 0.807299972 0.664099991
vt 0.847500026 0.644500017
vt 0.849799991 0.665899992
vt 0.80400002 0.642799973
vt 0.890799999 0.661599994
vt 0.762199998 0.654699981
vt 0.764900029 0.674700022
vt 0.720099986 0.678900003
vt 0.721099973 0.658999979
vt 0.672399998 0.6523
vt 0.672299981 0.675199986
vt 0.628899992 0.665000021
vt 0.630599976 0.643000007
vt 0.58859998 0.638899982
vt 0.584399998 0.66170001
vt 0.541899979 0.650300026
vt 0.542200029 0.625899971
vt 0.720300019 0.647599995
vt 0.673799992 0.643899977
vt 0.761600018 0.644999981
vt 0.802399993 0.634000003
vt 0.845000029 0.635299981
vt 0.882499993 0.631600022
vt 0.55339998 0.618600011
vt 0.634000003 0.631399989
vt 0.590900004 0.627699971
vt 0.55339998 0.618600011
vt 0.75940001 0.62470001
vt 0.721599996 0.630100012
vt 0.800700009 0.612900019
vt 0.841899991 0.615400016
vt 0.882499993 0.631600022
vt 0.593999982 0.606599987
vt 0.553799987 0.5977
vt 0.638000011 0.608900011
vt 0.675899982 0.621800005
vt 0.561100006 0.591799974
vt 0.596899986 0.59859997
vt 0.641499996 0.598100007
vt 0.678499997 0.612800002
vt 0.722199976 0.617900014
vt 0.7579 0.615499973
vt 0.799199998 0.604799986
vt 0.753400028 0.586300015
vt 0.797599971 0.579699993
vt 0.839100003 0.576200008
vt 0.841499984 0.60799998
vt 0.877900004 0.606000006
vt 0.883300006 0.612299979
vt 0.882499993 0.631600022
vt 0.880200028 0.573800027
vt 0.682699978 0.584399998
vt 0.725199997 0.595700026
vt 0.697000027 0.571399987
vt 0.784500003 0.569899976
vt 0.760599971 0.567200005
vt 0.734000027 0.563899994
vt 0.725199997 0.595700026
vt 0.854099989 0.557699978
vt 0.877318203 0.547779977
vt 0.886927366 0.541458666
vt 0.671500027 0.576499999
vt 0.6523 0.575800002
vt 0.890399992 0.639800012
vt 0.890799999 0.661599994
vt 0.722199976 0.617900014
vt 0.725199997 0.595700026
vt 0.632300019 0.572000027
vt 0.597500026 0.569800019
vt 0.560000002 0.559000015
vt 0.603699982 0.56400001
vt 0.641499996 0.598100007
vt 0.632300019 0.572000027
vt 0.638000011 0.608900011
vt 0.851499975 0.676199973
vt 0.809300005 0.673099995
vt 0.890799999 0.661599994
vt 0.769299984 0.684499979
vt 0.720700026 0.691500008
vt 0.670899987 0.684400022
vt 0.624199986 0.676699996
vt 0.58130002 0.676500022
vt 0.541899979 0.650300026
vt 0.529399991 0.658599973
vt 0.62349999 0.697300017
vt 0.576099992 0.699699998
vt 0.52759999 0.682600021
vt 0.529399991 0.658599973
vt 0.672399998 0.70480001
vt 0.720099986 0.716000021
vt 0.766799986 0.706200004
vt 0.813300014 0.691900015
vt 0.855099976 0.696099997
vt 0.899900019 0.670899987
vt 0.90109998 0.691999972
vt 0.843299985 0.705299973
vt 0.813799977 0.699800014
vt 0.813000023 0.725399971
vt 0.843599975 0.727500021
vt 0.870599985 0.723699987
vt 0.905099988 0.701699972
vt 0.92900002 0.702799976
vt 0.877200007 0.705299973
vt 0.90109998 0.691999972
vt 0.778500021 0.711099982
vt 0.779699981 0.732900023
vt 0.749599993 0.731100023
vt 0.720099986 0.716000021
vt 0.753400028 0.716400027
vt 0.686200023 0.720700026
vt 0.662899971 0.716899991
vt 0.62349999 0.697300017
vt 0.620199978 0.708199978
vt 0.813000023 0.725399971
vt 0.811800003 0.740499973
vt 0.813000023 0.725399971
vt 0.52759999 0.682600021
vt 0.50029999 0.696099997
vt 0.801500022 0.569999993
vt 0.837400019 0.563899994
vt 0.882799983 0.860000014
vt 0.389499992 0.1822
vt 0.398200005 0.166700006
vt 0.397599995 0.190200001
vt 0.377200007 0.172299996
vt 0.385199994 0.157800004
vt 0.413500011 0.157299995
vt 0.4111 0.153300002
vt 0.371199995 0.362100005
vt 0.400099993 0.378500015
vt 0.367799997 0.39320001
vt 0.322100013 0.3838
vt 0.334399998 0.415100008
vt 0.301699996 0.406399995
vt 0.301699996 0.406399995
vt 0.0588000007 0.289999992
vt 0.0229000002 0.291299999
vt 0.0837000012 0.292600006
vt 0.112499997 0.292899996
vt 0.0588000007 0.288100004
vt 0.0229000002 0.28639999
vt 0.0838999972 0.288800001
vt 0.112599999 0.288899988
vt 0.0581 0.255199999
vt 0.0229000002 0.254000008
vt 0.0834999979 0.254999995
vt 0.109200001 0.248699993
vt 0.1426 0.244200006
vt 0.156200007 0.274899989
vt 0.1096 0.2447
vt 0.134900004 0.230000004
vt 0.158899993 0.282000005
vt 0.0412000008 0.222599998
vt 0.060800001 0.2236
vt 0.0872000009 0.224700004
vt 0.0417000018 0.214699998
vt 0.0653999969 0.210899994
vt 0.144099995 0.193100005
vt 0.0425999984 0.202600002
vt 0.065200001 0.198500007
vt 0.0410999991 0.172700003
vt 0.063500002 0.171000004
vt 0.109499998 0.195099995
vt 0.1052 0.168899998
vt 0.143600002 0.185100004
vt 0.1461 0.156900004
vt 0.180999994 0.157600001
vt 0.177100003 0.185100004
vt 0.0428000018 0.163599998
vt 0.0645999983 0.160999998
vt 0.0439000018 0.132699996
vt 0.069600001 0.134200007
vt 0.103600003 0.157600001
vt 0.109700002 0.1285
vt 0.145799994 0.147400007
vt 0.148000002 0.118600003
vt 0.145799994 0.147400007
vt 0.1461 0.156900004
vt 0.179100007 0.1479
vt 0.182099998 0.117700003
vt 0.148000002 0.118600003
vt 0.0447999984 0.125699997
vt 0.070100002 0.125300005
vt 0.070600003 0.0909999982
vt 0.0419999994 0.0913000032
vt 0.1087 0.118900001
vt 0.109300002 0.0868000016
vt 0.144800007 0.109499998
vt 0.143299997 0.070600003
vt 0.144800007 0.109499998
vt 0.148000002 0.118600003
vt 0.180500001 0.108199999
vt 0.1787 0.075000003
vt 0.143299997 0.070600003
vt 0.0228000004 0.115800001
vt 0.0228000004 0.124399997
vt 0.0228000004 0.150700003
vt 0.0228000004 0.161599994
vt 0.0228000004 0.191400006
vt 0.245800003 0.0957000032
vt 0.241099998 0.166199997
vt 0.241999999 0.175799996
vt 0.207499996 0.055399999
vt 0.177200004 0.0577000007
vt 0.134399995 0.0531000011
vt 0.241600007 0.0472000018
vt 0.243699998 0.0693999976
vt 0.201900005 0.0184000004
vt 0.141299993 0.0135000004
vt 0.0702999979 0.0160000008
vt 0.069600001 0.0513999984
vt 0.102399997 0.070600003
vt 0.0687000006 0.0773999989
vt 0.0414999984 0.0781999975
vt 0.0228000004 0.0887999982
vt 0.0228000004 0.0744000003
vt 0.134399995 0.0531000011
vt 0.0228000004 0.0231999997
vt 0.0228000004 0.0526000001
vt 0.134399995 0.0531000011
vt 0.143299997 0.070600003
vt 0.112300001 0.206599995
vt 0.144099995 0.193100005
vt 0.143600002 0.185100004
vt 0.0229000002 0.224600002
vt 0.0229000002 0.206499994
vt 0.0228000004 0.191400006
vt 0.487599999 0.100100003
vt 0.502699971 0.0998999998
vt 0.502699971 0.0900999978
vt 0.488599986 0.0904999971
vt 0.469700009 0.0886999965
vt 0.436800003 0.0753000006
vt 0.408300012 0.053199999
vt 0.464399993 0.0573000014
vt 0.408300012 0.053199999
vt 0.464899987 0.0344000012
vt 0.502699971 0.0603
vt 0.502699971 0.0384999998
vt 0.402200013 0.0340999998
vt 0.344099998 0.0216000006
vt 0.540499985 0.0344000012
vt 0.541000009 0.0573000014
vt 0.597100019 0.053199999
vt 0.603200018 0.0340999998
vt 0.661300004 0.0216000006
vt 0.568599999 0.0753000006
vt 0.535700023 0.0886999965
vt 0.575800002 0.0797000006
vt 0.540799975 0.0925000012
vt 0.590300024 0.105999999
vt 0.624800026 0.0921000019
vt 0.607500017 0.0588000007
vt 0.667100012 0.066399999
vt 0.671599984 0.0974999964
vt 0.720000029 0.0692000017
vt 0.718299985 0.0980999991
vt 0.759599984 0.0957000032
vt 0.761699975 0.0693999976
vt 0.791299999 0.0741000026
vt 0.792900026 0.1052
vt 0.721000016 0.106399998
vt 0.759199977 0.101400003
vt 0.761600018 0.128800005
vt 0.789900005 0.1131
vt 0.791299999 0.140799999
vt 0.721899986 0.130400002
vt 0.678600013 0.127900004
vt 0.673399985 0.105099998
vt 0.633400023 0.122000001
vt 0.629499972 0.0996999964
vt 0.786899984 0.149800003
vt 0.762499988 0.135600001
vt 0.724399984 0.137700006
vt 0.762499988 0.135600001
vt 0.764299989 0.166199997
vt 0.790799975 0.176100001
vt 0.729399979 0.164800003
vt 0.686200023 0.157499999
vt 0.678600013 0.133599997
vt 0.637199998 0.149700001
vt 0.632600009 0.129500002
vt 0.727199972 0.173500001
vt 0.763400018 0.175799996
vt 0.726999998 0.184900001
vt 0.768100023 0.202900007
vt 0.680800021 0.179000005
vt 0.674399972 0.202999994
vt 0.638499975 0.171200007
vt 0.61589998 0.1822
vt 0.628199995 0.172299996
vt 0.672599971 0.243699998
vt 0.723100007 0.213499993
vt 0.725000024 0.259200007
vt 0.741100013 0.216199994
vt 0.750100017 0.291299999
vt 0.670400023 0.249799997
vt 0.721800029 0.264299989
vt 0.748300016 0.296099991
vt 0.620899975 0.294200003
vt 0.676699996 0.316199988
vt 0.706700027 0.321200013
vt 0.735099971 0.313899994
vt 0.624000013 0.303600013
vt 0.597000003 0.324499995
vt 0.596599996 0.337199986
vt 0.633700013 0.353500009
vt 0.675800025 0.328299999
vt 0.680899978 0.371100008
vt 0.704599977 0.333200008
vt 0.704599977 0.373899996
vt 0.737299979 0.372799993
vt 0.733900011 0.326499999
vt 0.705500007 0.390199989
vt 0.603200018 0.371800005
vt 0.576099992 0.369300008
vt 0.574299991 0.340299994
vt 0.605300009 0.378500015
vt 0.566399992 0.373199999
vt 0.559300005 0.394600004
vt 0.55430001 0.399300009
vt 0.683300018 0.3838
vt 0.634199977 0.362100005
vt 0.637600005 0.39320001
vt 0.605300009 0.378500015
vt 0.671000004 0.415100008
vt 0.703700006 0.406399995
vt 0.533094883 0.297019601
vt 0.54519999 0.320600003
vt 0.574599981 0.330500007
vt 0.533094883 0.297019601
vt 0.40200001 0.116899997
vt 0.40200001 0.116899997
vt 0.387499988 0.128000006
vt 0.392100006 0.137099996
vt 0.372000009 0.122000001
vt 0.372799993 0.129500002
vt 0.392100006 0.137099996
vt 0.380199999 0.151999995
vt 0.380199999 0.151999995
vt 0.385199994 0.157800004
vt 0.385199994 0.157800004
vt 0.385199994 0.157800004
vt 0.392100006 0.137099996
vt 0.419499993 0.122100003
vt 0.408199996 0.146699995
vt 0.4111 0.153300002
vt 0.40200001 0.116899997
vt 0.392100006 0.137099996
vt 0.387499988 0.128000006
vt 0.419499993 0.122100003
vt 0.415100008 0.105999999
vt 0.241600007 0.0472000018
vt 0.286500007 0.0498999991
vt 0.341600001 0.0515000001
vt 0.280200005 0.0225000009
vt 0.408300012 0.053199999
vt 0.603999972 0.49180001
vt 0.564999998 0.526199996
vt 0.561100006 0.514199972
vt 0.564999998 0.526199996
vt 0.603999972 0.49180001
vt 0.606299996 0.500899971
vt 0.587100029 0.476099998
vt 0.561100006 0.514199972
vt 0.555999994 0.508700013
vt 0.561100006 0.514199972
vt 0.603999972 0.49180001
vt 0.587100029 0.476099998
vt 0.547399998 0.502300024
vt 0.56190002 0.459500015
vt 0.555999994 0.508700013
vt 0.350400001 0.494899988
vt 0.333200008 0.521899998
vt 0.326200008 0.498699993
vt 0.359600008 0.509800017
vt 0.411599994 0.461899996
vt 0.359600008 0.509800017
vt 0.350400001 0.494899988
vt 0.426200002 0.504800022
vt 0.56190002 0.459500015
vt 0.487199992 0.493099988
vt 0.467000008 0.441599995
vt 0.547399998 0.502300024
vt 0.467000008 0.441599995
vt 0.426200002 0.504800022
vt 0.411599994 0.461899996
vt 0.467000008 0.441599995
vt 0.487199992 0.493099988
vt 0.487199992 0.493099988
vt 0.524800003 0.516200006
vt 0.473399997 0.507600009
vt 0.547399998 0.502300024
vt 0.524800003 0.516200006
vt 0.555999994 0.508700013
vt 0.487199992 0.493099988
vt 0.443599999 0.522000015
vt 0.426200002 0.504800022
vt 0.473399997 0.507600009
vt 0.359600008 0.509800017
vt 0.362699986 0.556400001
vt 0.333200008 0.521899998
vt 0.362699986 0.556400001
vt 0.405900002 0.536300004
vt 0.359600008 0.509800017
vt 0.405900002 0.536300004
vt 0.362699986 0.556400001
vt 0.333200008 0.521899998
vt 0.426200002 0.504800022
vt 0.405900002 0.536300004
vt 0.359600008 0.509800017
vt 0.443599999 0.522000015
vt 0.524800003 0.516200006
vt 0.561100006 0.514199972
vt 0.564999998 0.526199996
vt 0.524800003 0.516200006
vt 0.555999994 0.508700013
vt 0.561100006 0.514199972
vt 0.51700002 0.152099997
vt 0.518700004 0.129099995
vt 0.552699983 0.126599997
vt 0.585900009 0.122100003
vt 0.509299994 0.121699996
vt 0.556100011 0.108499996
vt 0.528900027 0.1131
vt 0.514400005 0.110699996
vt 0.517799973 0.100100003
vt 0.613300025 0.137099996
vt 0.625199974 0.151999995
vt 0.620199978 0.157800004
vt 0.516799986 0.0904999971
vt 0.603500009 0.116899997
vt 0.603500009 0.116899997
vt 0.617900014 0.128000006
vt 0.613300025 0.137099996
vt 0.632600009 0.129500002
vt 0.613300025 0.137099996
vt 0.680400014 0.166099995
vt 0.634299994 0.154699996
vt 0.625199974 0.151999995
vt 0.620199978 0.157800004
vt 0.502699971 0.359200001
vt 0.538399994 0.395399988
vt 0.521499991 0.407599986
vt 0.55430001 0.399300009
vt 0.551299989 0.407299995
vt 0.502699971 0.387400001
vt 0.502699971 0.425199986
vt 0.502699971 0.428600013
vt 0.530600011 0.412299991
vt 0.536899984 0.401499987
vt 0.54610002 0.412600011
vt 0.536899984 0.401499987
vt 0.0819000006 0.583299994
vt 0.118699998 0.634800017
vt 0.129099995 0.575999975
vt 0.0623999983 0.631799996
vt 0.171800002 0.55339998
vt 0.0773999989 0.579400003
vt 0.127599999 0.566500008
vt 0.207900003 0.544200003
vt 0.116700001 0.663999975
vt 0.116700001 0.663999975
vt 0.0560000017 0.663699985
vt 0.137400001 0.539799988
vt 0.238399997 0.521300018
vt 0.268900007 0.505400002
vt 0.283699989 0.512000024
vt 0.305200011 0.536499977
vt 0.309700012 0.52700001
vt 0.116700001 0.663999975
vt 0.0560000017 0.663699985
vt 0.052099999 0.699100018
vt 0.0560000017 0.663699985
vt 0.0381999984 0.69749999
vt 0.0560000017 0.663699985
vt 0.0405000001 0.654600024
vt 0.0405000001 0.654600024
vt 0.0405000001 0.654600024
vt 0.0516000018 0.612999976
vt 0.0773999989 0.579400003
vt 0.0819000006 0.583299994
vt 0.0516000018 0.612999976
vt 0.0553000011 0.733500004
vt 0.0553000011 0.733500004
vt 0.059700001 0.764199972
vt 0.117600001 0.785099983
vt 0.0727000013 0.814800024
vt 0.127599999 0.834200025
vt 0.133300006 0.825299978
vt 0.133300006 0.825299978
vt 0.157000005 0.851199985
vt 0.0900999978 0.825900018
vt 0.0675000027 0.817700028
vt 0.120099999 0.837000012
vt 0.056400001 0.805700004
vt 0.219999999 0.882200003
vt 0.257299989 0.910000026
vt 0.282400012 0.900600016
vt 0.214100003 0.889299989
vt 0.154300004 0.881600022
vt 0.257299989 0.910000026
vt 0.130700007 0.880100012
vt 0.0579000004 0.826300025
vt 0.056400001 0.805700004
vt 0.104900002 0.867900014
vt 0.0795999989 0.850700021
vt 0.889400005 0.387199998
vt 0.886399984 0.378399998
vt 0.926599979 0.376700014
vt 0.841000021 0.385399997
vt 0.846599996 0.349999994
vt 0.888199985 0.344300002
vt 0.923600018 0.361000001
vt 0.926599979 0.376700014
vt 0.933700025 0.380199999
vt 0.933399975 0.398000002
vt 0.922100008 0.34889999
vt 0.948899984 0.352600008
vt 0.950399995 0.362399995
vt 0.982500017 0.347799987
vt 0.982500017 0.35679999
vt 0.982500017 0.367199987
vt 0.948700011 0.373600006
vt 0.888599992 0.333000004
vt 0.948700011 0.373600006
vt 0.847599983 0.336699992
vt 0.794399977 0.338099986
vt 0.799799979 0.323300004
vt 0.791700006 0.374199986
vt 0.763599992 0.360100001
vt 0.755400002 0.315200001
vt 0.815999985 0.40200001
vt 0.83829999 0.405800015
vt 0.757700026 0.30340001
vt 0.89289999 0.292899996
vt 0.921700001 0.292600006
vt 0.94660002 0.289999992
vt 0.982500017 0.291299999
vt 0.94660002 0.288100004
vt 0.982500017 0.28639999
vt 0.921599984 0.288800001
vt 0.892799973 0.288899988
vt 0.947300017 0.255199999
vt 0.982500017 0.254000008
vt 0.921899974 0.254999995
vt 0.896200001 0.248699993
vt 0.862800002 0.244200006
vt 0.84920001 0.274899989
vt 0.895799994 0.2447
vt 0.870500028 0.230000004
vt 0.846499979 0.282000005
vt 0.805599988 0.276499987
vt 0.768599987 0.273600012
vt 0.76849997 0.266400009
vt 0.811800003 0.267800003
vt 0.825200021 0.236900002
vt 0.771099985 0.223399997
vt 0.750100017 0.291299999
vt 0.827400029 0.222599998
vt 0.768100023 0.202900007
vt 0.750100017 0.291299999
vt 0.748300016 0.296099991
vt 0.755400002 0.315200001
vt 0.757700026 0.30340001
vt 0.861299992 0.193100005
vt 0.826200008 0.195299998
vt 0.861800015 0.185100004
vt 0.828299999 0.185100004
vt 0.824400008 0.157600001
vt 0.859300017 0.156900004
vt 0.900200009 0.168899998
vt 0.895900011 0.195099995
vt 0.941900015 0.171000004
vt 0.940199971 0.198500007
vt 0.964299977 0.172700003
vt 0.962800026 0.202600002
vt 0.962700009 0.163599998
vt 0.940800011 0.160999998
vt 0.961499989 0.132699996
vt 0.935800016 0.134200007
vt 0.901799977 0.157600001
vt 0.895699978 0.1285
vt 0.859600008 0.147400007
vt 0.8574 0.118600003
vt 0.859600008 0.147400007
vt 0.859300017 0.156900004
vt 0.960699975 0.125699997
vt 0.935299993 0.125300005
vt 0.934800029 0.0909999982
vt 0.963400006 0.0913000032
vt 0.896700025 0.118900001
vt 0.896099985 0.0868000016
vt 0.860599995 0.109499998
vt 0.862100005 0.070600003
vt 0.860599995 0.109499998
vt 0.8574 0.118600003
vt 0.982599974 0.115800001
vt 0.982599974 0.124399997
vt 0.982599974 0.150700003
vt 0.982599974 0.161599994
vt 0.982599974 0.191400006
vt 0.982599974 0.0887999982
vt 0.826699972 0.075000003
vt 0.824899971 0.108199999
vt 0.862100005 0.070600003
vt 0.759599984 0.0957000032
vt 0.759199977 0.101400003
vt 0.823300004 0.117700003
vt 0.8574 0.118600003
vt 0.826300025 0.1479
vt 0.859600008 0.147400007
vt 0.786300004 0.187199995
vt 0.764299989 0.166199997
vt 0.763400018 0.175799996
vt 0.768100023 0.202900007
vt 0.056400001 0.805700004
vt 0.0441999994 0.771399975
vt 0.059700001 0.764199972
vt 0.0366000012 0.737200022
vt 0.0727000013 0.814800024
vt 0.0441999994 0.771399975
vt 0.282400012 0.900600016
vt 0.280400008 0.930100024
vt 0.290699989 0.885599971
vt 0.365999997 0.764599979
vt 0.345699996 0.799199998
vt 0.366899997 0.781899989
vt 0.345699996 0.799199998
vt 0.341699988 0.770799994
vt 0.36559999 0.699299991
vt 0.334899992 0.704200029
vt 0.333999991 0.638100028
vt 0.351099998 0.461100012
vt 0.358799994 0.4815
vt 0.360399991 0.462900013
vt 0.411599994 0.461899996
vt 0.407999992 0.445899993
vt 0.350400001 0.494899988
vt 0.467000008 0.441599995
vt 0.407999992 0.445899993
vt 0.333999991 0.638100028
vt 0.36559999 0.699299991
vt 0.354000002 0.628499985
vt 0.354000002 0.628499985
vt 0.331400007 0.549399972
vt 0.317799985 0.54460001
vt 0.354000002 0.628499985
vt 0.515100002 0.77759999
vt 0.551800013 0.714900017
vt 0.50029999 0.696099997
vt 0.554799974 0.750400007
vt 0.560500026 0.796599984
vt 0.524800003 0.807099998
vt 0.591099977 0.744400024
vt 0.592100024 0.716600001
vt 0.620400012 0.752499998
vt 0.620199978 0.708199978
vt 0.597100019 0.792200029
vt 0.625699997 0.794200003
vt 0.657299995 0.732800007
vt 0.656799972 0.754599988
vt 0.657500029 0.801400006
vt 0.682900012 0.738200009
vt 0.684300005 0.765699983
vt 0.685500026 0.80309999
vt 0.716099977 0.730199993
vt 0.718800008 0.779100001
vt 0.719799995 0.80430001
vt 0.638199985 0.845000029
vt 0.662299991 0.840300024
vt 0.689899981 0.836799979
vt 0.721099973 0.834100008
vt 0.747399986 0.745000005
vt 0.747500002 0.770099998
vt 0.779500008 0.748000026
vt 0.779600024 0.773100019
vt 0.809000015 0.783399999
vt 0.811800003 0.740499973
vt 0.843100011 0.742500007
vt 0.842100024 0.772300005
vt 0.871100008 0.768299997
vt 0.875 0.737699986
vt 0.912800014 0.781499982
vt 0.92900002 0.702799976
vt 0.747699976 0.80250001
vt 0.779699981 0.805299997
vt 0.806599975 0.807699978
vt 0.836700022 0.810400009
vt 0.86680001 0.810400009
vt 0.903900027 0.808600008
vt 0.856100023 0.848399997
vt 0.832099974 0.837800026
vt 0.803600013 0.827000022
vt 0.787 0.823099971
vt 0.803600013 0.827000022
vt 0.743700027 0.83920002
vt 0.772000015 0.8477
vt 0.716000021 0.845300019
vt 0.702899992 0.866599977
vt 0.680100024 0.89410001
vt 0.667400002 0.907899976
vt 0.738200009 0.867399991
vt 0.762099981 0.874000013
vt 0.762099981 0.874000013
vt 0.603100002 0.850499988
vt 0.603100002 0.850499988
vt 0.569000006 0.856599987
vt 0.569000006 0.856599987
vt 0.537 0.862500012
vt 0.807299972 0.664099991
vt 0.847500026 0.644500017
vt 0.80400002 0.642799973
vt 0.849799991 0.665899992
vt 0.890799999 0.661599994
vt 0.890399992 0.639800012
vt 0.762199998 0.654699981
vt 0.764900029 0.674700022
vt 0.720099986 0.678900003
vt 0.761600018 0.644999981
vt 0.720300019 0.647599995
vt 0.721099973 0.658999979
vt 0.672399998 0.6523
vt 0.672299981 0.675199986
vt 0.628899992 0.665000021
vt 0.630599976 0.643000007
vt 0.58859998 0.638899982
vt 0.584399998 0.66170001
vt 0.541899979 0.650300026
vt 0.542200029 0.625899971
vt 0.673799992 0.643899977
vt 0.634000003 0.631399989
vt 0.590900004 0.627699971
vt 0.55339998 0.618600011
vt 0.542200029 0.625899971
vt 0.624199986 0.676699996
vt 0.58130002 0.676500022
vt 0.541899979 0.650300026
vt 0.529399991 0.658599973
vt 0.670899987 0.684400022
vt 0.720700026 0.691500008
vt 0.769299984 0.684499979
vt 0.809300005 0.673099995
vt 0.851499975 0.676199973
vt 0.62349999 0.697300017
vt 0.576099992 0.699699998
vt 0.52759999 0.682600021
vt 0.672399998 0.70480001
vt 0.720099986 0.716000021
vt 0.766799986 0.706200004
vt 0.813300014 0.691900015
vt 0.855099976 0.696099997
vt 0.899900019 0.670899987
vt 0.90109998 0.691999972
vt 0.52759999 0.682600021
vt 0.50029999 0.696099997
vt 0.843299985 0.705299973
vt 0.813799977 0.699800014
vt 0.813000023 0.725399971
vt 0.843599975 0.727500021
vt 0.870599985 0.723699987
vt 0.905099988 0.701699972
vt 0.92900002 0.702799976
vt 0.779699981 0.732900023
vt 0.749599993 0.731100023
vt 0.720099986 0.716000021
vt 0.877200007 0.705299973
vt 0.90109998 0.691999972
vt 0.753400028 0.716400027
vt 0.778500021 0.711099982
vt 0.686200023 0.720700026
vt 0.662899971 0.716899991
vt 0.62349999 0.697300017
vt 0.620199978 0.708199978
vt 0.720099986 0.678900003
vt 0.721099973 0.658999979
vt 0.720099986 0.678900003
vt 0.721099973 0.658999979
vt 0.802399993 0.634000003
vt 0.845000029 0.635299981
vt 0.882499993 0.631600022
vt 0.75940001 0.62470001
vt 0.800700009 0.612900019
vt 0.841899991 0.615400016
vt 0.883300006 0.612299979
vt 0.877900004 0.606000006
vt 0.841499984 0.60799998
vt 0.7579 0.615499973
vt 0.722199976 0.617900014
vt 0.721599996 0.630100012
vt 0.675899982 0.621800005
vt 0.638000011 0.608900011
vt 0.593999982 0.606599987
vt 0.55339998 0.618600011
vt 0.553799987 0.5977
vt 0.641499996 0.598100007
vt 0.596899986 0.59859997
vt 0.561100006 0.591799974
vt 0.553799987 0.5977
vt 0.678499997 0.612800002
vt 0.753400028 0.586300015
vt 0.799199998 0.604799986
vt 0.797599971 0.579699993
vt 0.839100003 0.576200008
vt 0.880200028 0.573800027
vt 0.632300019 0.572000027
vt 0.597500026 0.569800019
vt 0.561100006 0.591799974
vt 0.560000002 0.559000015
vt 0.760599971 0.567200005
vt 0.734000027 0.563899994
vt 0.725199997 0.595700026
vt 0.697000027 0.571399987
vt 0.682699978 0.584399998
vt 0.784500003 0.569899976
vt 0.801500022 0.569999993
vt 0.837400019 0.563899994
vt 0.854099989 0.557699978
vt 0.603699982 0.56400001
vt 0.58920002 0.553499997
vt 0.671500027 0.576499999
vt 0.6523 0.575800002
vt 0.725199997 0.595700026
vt 0.880200028 0.573800027
vt 0.87349999 0.544499993
vt 0.882499993 0.631600022
vt 0.890399992 0.639800012
vt 0.890799999 0.661599994
vt 0.899900019 0.670899987
vt 0.720300019 0.647599995
vt 0.721599996 0.630100012
vt 0.720300019 0.647599995
vt 0.721599996 0.630100012
vt 0.529399991 0.658599973
vt 0.722199976 0.617900014
vt 0.725199997 0.595700026
vt 0.58920002 0.553499997
vt 0.560000002 0.559000015
vt 0.882799983 0.860000014
vt 0.0366000012 0.737200022
vt 0.059700001 0.764199972
vt 0.0553000011 0.733500004
vt 0.0553000011 0.733500004
vt 0.052099999 0.699100018
vt 0.0713 0.577499986
vt 0.137400001 0.539799988
vt 0.0713 0.577499986
vt 0.0713 0.577499986
vt 0.0773999989 0.579400003
vt 0.207900003 0.544200003
vt 0.170000002 0.533399999
vt 0.323100001 0.55369997
vt 0.317799985 0.54460001
vt 0.703700006 0.406399995
vt 0.96420002 0.222599998
vt 0.944599986 0.2236
vt 0.918200016 0.224700004
vt 0.963699996 0.214699998
vt 0.939999998 0.210899994
vt 0.893100023 0.206599995
vt 0.861299992 0.193100005
vt 0.861800015 0.185100004
vt 0.982599974 0.206499994
vt 0.982500017 0.224600002
vt 0.982599974 0.191400006
vt 0.797900021 0.055399999
vt 0.828199983 0.0577000007
vt 0.870999992 0.0531000011
vt 0.763800025 0.0472000018
vt 0.761699975 0.0693999976
vt 0.803600013 0.0184000004
vt 0.864099979 0.0135000004
vt 0.935100019 0.0160000008
vt 0.935800016 0.0513999984
vt 0.902999997 0.070600003
vt 0.936699986 0.0773999989
vt 0.96390003 0.0781999975
vt 0.982599974 0.0744000003
vt 0.870999992 0.0531000011
vt 0.982599974 0.0231999997
vt 0.982599974 0.0526000001
vt 0.870999992 0.0531000011
vt 0.862100005 0.070600003
vt 0.617900014 0.128000006
vt 0.613300025 0.137099996
vt 0.603500009 0.116899997
vt 0.590300024 0.105999999
vt 0.594299972 0.153300002
vt 0.597199976 0.146699995
vt 0.597100019 0.053199999
vt 0.663800001 0.0515000001
vt 0.718900025 0.0498999991
vt 0.763800025 0.0472000018
vt 0.725199997 0.0225000009
vt 0.597100019 0.053199999
vt 0.787999988 0.398299992
vt 0.791700006 0.374199986
vt 0.603999972 0.49180001
vt 0.564999998 0.526199996
vt 0.606299996 0.500899971
vt 0.564999998 0.526199996
vt 0.603999972 0.49180001
vt 0.561100006 0.514199972
vt 0.587100029 0.476099998
vt 0.561100006 0.514199972
vt 0.603999972 0.49180001
vt 0.561100006 0.514199972
vt 0.555999994 0.508700013
vt 0.547399998 0.502300024
vt 0.587100029 0.476099998
vt 0.56190002 0.459500015
vt 0.555999994 0.508700013
vt 0.333200008 0.521899998
vt 0.350400001 0.494899988
vt 0.326200008 0.498699993
vt 0.359600008 0.509800017
vt 0.359600008 0.509800017
vt 0.411599994 0.461899996
vt 0.350400001 0.494899988
vt 0.426200002 0.504800022
vt 0.487199992 0.493099988
vt 0.56190002 0.459500015
vt 0.467000008 0.441599995
vt 0.547399998 0.502300024
vt 0.426200002 0.504800022
vt 0.467000008 0.441599995
vt 0.411599994 0.461899996
vt 0.467000008 0.441599995
vt 0.487199992 0.493099988
vt 0.487199992 0.493099988
vt 0.524800003 0.516200006
vt 0.547399998 0.502300024
vt 0.473399997 0.507600009
vt 0.555999994 0.508700013
vt 0.524800003 0.516200006
vt 0.487199992 0.493099988
vt 0.443599999 0.522000015
vt 0.473399997 0.507600009
vt 0.426200002 0.504800022
vt 0.426200002 0.504800022
vt 0.405900002 0.536300004
vt 0.443599999 0.522000015
vt 0.359600008 0.509800017
vt 0.564999998 0.526199996
vt 0.561100006 0.514199972
vt 0.524800003 0.516200006
vt 0.561100006 0.514199972
vt 0.555999994 0.508700013
vt 0.524800003 0.516200006
vn 0.777294576 -0.544835269 0.314591378
vn 0.0890585482 -0.897059917 -0.432841897
vn 0.666794658 -0.536828339 0.516914248
vn 0.0808504969 -0.657829583 -0.748814702
vn 0.228683546 -0.887335896 -0.400423437
vn 0.582538426 -0.695470393 0.42067799
vn 0.53473556 -0.683550835 0.496805996
vn 0.705205441 -0.539534092 0.459987253
vn 0.629742265 -0.296159178 0.718132675
vn 0.490467161 -0.834234655 -0.251981229
vn 0.800658643 -0.547639847 0.242974058
vn 0.671563506 -0.341632694 0.657487273
vn 6.33271111E-06 -0.999788463 -0.0205714442
vn -2.21487498E-05 -0.744452417 -0.667675614
vn 0.797031999 -0.550176263 0.249090582
vn 8.34947696E-06 -0.986695766 0.162577912
vn 0.878700435 0.165572077 0.447740436
vn 9.20623734E-06 -0.657107115 0.753797174
vn 0.435833693 -0.723151684 -0.535817742
vn 0.140301034 -0.880095541 -0.45359394
vn 0.12815927 -0.933718085 -0.334283888
vn 0.353670835 -0.932722747 -0.0703215972
vn 0.384922326 -0.921329975 -0.0546437912
vn 0.165178001 -0.853765905 -0.493760914
vn 0.832849979 -0.539204776 -0.124976508
vn 4.04895582E-05 -0.924623728 -0.380881876
vn 0.387938201 -0.916997135 -0.0928445905
vn 0.000130948451 -0.99395293 -0.109807089
vn 9.20623734E-06 -0.657107115 0.753797174
vn 9.66138759E-06 -0.573387504 0.81928432
vn 0.427710742 -0.267252415 -0.863504291
vn 0.42988351 -0.650209188 -0.626440883
vn 0.887511909 -0.0945004076 -0.45099026
vn 0.50023663 -0.121534534 -0.85731715
vn 0.561415732 -0.413874149 0.716603518
vn 0.439842761 -0.384786099 -0.811466515
vn 0.565246582 -0.670559347 0.480464876
vn 0.859466612 0.107180178 -0.499829561
vn 0.666330576 0.00856720842 0.745607316
vn 0.820088029 -0.326512098 -0.469942063
vn 0.689393938 -0.485345542 0.537750602
vn 0.480503321 -0.595368564 0.643935382
vn 0.907172501 -0.360300541 0.217305198
vn 0.573357463 -0.816535234 -0.0673157126
vn 0.726445794 -0.510807335 -0.459730744
vn 0.455914766 -0.428915709 -0.779854417
vn 0.264977217 -0.563180089 -0.78269738
vn 0.29355824 -0.893284619 -0.340391248
vn 0.0516456552 -0.998219192 0.0298534501
vn 0.226417392 -0.968486845 0.103770815
vn 0.285344392 -0.911120892 -0.297384202
vn 0.639637291 -0.572063804 -0.513427019
vn 0.630477011 -0.514323354 -0.581352115
vn 0.815128565 -0.496033579 -0.299192399
vn 0.611978412 -0.517770588 -0.597826064
vn 0.210808247 -0.874511659 -0.436794221
vn 0.624657929 -0.371163994 -0.687051475
vn -0.0401148126 -0.724686742 -0.687909782
vn -0.132690564 -0.91243428 -0.387113631
vn -0.247203365 -0.875071228 -0.416101754
vn 0.370322973 -0.928823888 0.0121263321
vn -0.353001654 -0.511709809 -0.78328985
vn -0.181575149 -0.971494675 0.152409434
vn 0.539584816 -0.810833871 0.22670874
vn 0.548852265 -0.818499863 -0.169762105
vn 0.719455063 -0.662759006 -0.207689598
vn 4.56655152E-06 -0.991884112 0.127144724
vn 0.694232464 -0.719403148 0.0223712921
vn 1.19985384E-06 -0.968932211 0.247326538
vn 0.866496384 -0.263927639 0.42370522
vn 0.412163824 -0.726772368 -0.549475133
vn 0.59826839 -0.690632463 -0.406327218
vn 0.412163824 -0.726772368 -0.549475133
vn -0.0792252049 -0.993593156 0.0805979297
vn 0.707273185 -0.667691171 0.232278079
vn 9.53769086E-06 -0.999722779 0.0235432815
vn 0.32495001 -0.472871721 0.819023728
vn -0.0792252049 -0.993593156 0.0805979297
vn -0.142506152 -0.831351101 0.537165999
vn 0.820795894 -0.00829201099 0.57116133
vn 9.93897993E-06 -0.819337249 0.573311925
vn 1.15309804E-05 -0.194145977 0.980972648
vn 8.93341439E-06 0.750384092 0.66100204
vn 0.590535879 0.509951115 0.625473619
vn 0.0160664991 -0.0555660985 0.998325765
vn -0.750823259 -0.306542426 0.585060835
vn 0.0160664991 -0.0555660985 0.998325765
vn 9.53769086E-06 -0.999722779 0.0235432815
vn 9.93897993E-06 -0.819337249 0.573311925
vn -0.707266808 -0.66769737 0.232279792
vn 9.53769086E-06 -0.999722779 0.0235432815
vn -0.719450295 -0.662763357 -0.207691669
vn -0.598269165 -0.690634847 -0.406322032
vn -0.545055866 -0.821803927 -0.165989369
vn -0.536643922 -0.812744975 0.226845667
vn 4.56655152E-06 -0.991884112 0.127144724
vn -0.694230139 -0.719400764 0.0225162748
vn 1.19985384E-06 -0.968932211 0.247326538
vn 9.66138759E-06 -0.573387504 0.81928432
vn -0.866490066 -0.263934642 0.423713893
vn -0.878697515 0.165577143 0.44774434
vn 9.20623734E-06 -0.657107115 0.753797174
vn -0.797025323 -0.550184309 0.24909386
vn -0.800661266 -0.547634482 0.242977709
vn -0.490436703 -0.834305882 -0.251804531
vn -0.582542479 -0.695457578 0.420693427
vn -0.228645608 -0.887373507 -0.400361657
vn -0.666795194 -0.536822617 0.516919434
vn -0.086702168 -0.89615953 -0.435178965
vn -0.784082532 -0.537603796 0.310155898
vn -0.0817565098 -0.651157916 -0.75452584
vn -0.532554209 -0.685072839 0.49705258
vn -0.705182493 -0.540378153 0.459030777
vn -0.626482785 -0.304781765 0.717375278
vn -0.671566486 -0.341611475 0.657495379
vn 9.20623734E-06 -0.657107115 0.753797174
vn -0.13946788 -0.879980922 -0.454073012
vn -0.125568107 -0.933513999 -0.335833609
vn -0.352460802 -0.933115125 -0.0711857155
vn -0.382239878 -0.92235589 -0.0561463572
vn -0.15978989 -0.853614509 -0.495791882
vn -0.831450105 -0.540309012 -0.129448608
vn -0.387705833 -0.917027771 -0.093510434
vn -0.43577227 -0.723456085 -0.535456538
vn -0.0542404577 -0.701926947 -0.7101807
vn -0.768396199 -0.477431059 -0.426177174
vn -0.859311283 0.442284435 -0.256843656
vn -0.424995542 -0.265806466 -0.86528933
vn -0.15978989 -0.853614509 -0.495791882
vn -0.884810865 -0.0925079584 -0.456674874
vn -0.795466721 -0.212107643 -0.567664444
vn -0.332096666 0.143297657 -0.932296991
vn -0.332096666 0.143297657 -0.932296991
vn -0.647064745 0.0813754573 -0.758080006
vn -0.0315466747 -0.693891287 -0.719388366
vn 0.00761373201 -0.669482052 -0.742789209
vn -0.109590515 -0.807074368 -0.58019042
vn -0.422693193 -0.527430773 -0.736985207
vn -0.356621236 -0.832936883 -0.423128128
vn -0.595526755 -0.525323093 -0.60776931
vn 0.000284327369 -0.788195968 -0.615424216
vn -1.63941786E-05 -0.97403878 -0.226381168
vn 0.357522011 -0.83374089 -0.420777947
vn 0.597594678 -0.527647316 -0.603712618
vn 0.42514962 -0.529431283 -0.734132409
vn 0.469323635 -0.774798751 -0.423582524
vn 0.000320364605 -0.757007718 -0.653405726
vn -0.00711040013 -0.669577301 -0.742708325
vn 0.110469155 -0.808660805 -0.57780993
vn -0.0437190086 -0.571404278 -0.819503307
vn 0.0556511171 -0.702260017 -0.709742129
vn 0.657351017 -0.10459213 -0.746291041
vn 0.335090965 0.142388731 -0.931364298
vn 0.0797635615 -0.708701134 -0.700985432
vn 0.703758001 -0.0313956924 -0.709745705
vn 0.343583733 -0.768405199 -0.539910913
vn -2.51287429E-06 -0.852257252 -0.523122787
vn 0.533183277 -0.352897704 -0.7688815
vn 0.000499512244 -0.493959785 -0.869484544
vn -0.00981305912 -0.602608144 -0.797976851
vn 0.416514039 -0.89477843 -0.160895705
vn 0.554337502 -0.700624228 -0.449261189
vn 0.573087275 -0.771314621 -0.276847869
vn 0.000423445163 -0.85793072 -0.513765216
vn 0.0326131396 -0.966293037 -0.255370826
vn -0.0418093838 -0.976840973 -0.209841952
vn 0.437887341 -0.807663739 -0.394884765
vn 0.175937727 -0.707925498 -0.684022963
vn 0.696436584 -0.296327263 -0.653579533
vn 0.87001282 -0.434689432 -0.232642934
vn 0.792605519 -0.493811786 -0.357668042
vn 0.671335042 -0.384214371 -0.633789003
vn 0.843373597 0.269581765 -0.464808047
vn 0.705285251 0.3118864 -0.636631429
vn 0.410289109 0.77775234 -0.47619766
vn 0.632507086 0.728396118 -0.26338914
vn 0.797487319 -0.49164176 -0.349717498
vn 0.742476761 0.28677386 -0.605383396
vn 0.860252798 0.252520591 -0.442942947
vn 0.424014419 0.732463896 -0.532642782
vn 0.467268229 0.713332057 -0.522319615
vn 0.808092654 -0.391493112 -0.440135628
vn 0.86667645 -0.433428884 -0.247004718
vn 0.749238074 -0.266614705 -0.606266379
vn 0.403892457 -0.800456703 -0.442876965
vn 0.466063857 -0.800314367 -0.377201974
vn 0.435106546 0.756539524 -0.488190681
vn 0.812076807 0.196932331 -0.549316764
vn 0.82700038 -0.473030895 -0.303829223
vn 0.812076807 0.196932331 -0.549316764
vn 0.563544035 0.277622104 -0.77803874
vn 0.432790875 0.671946168 -0.600982904
vn 0.668127596 -0.375760019 -0.64219147
vn 0.780621588 -0.249180347 -0.573183298
vn 0.795226276 -0.257540703 -0.548897147
vn 0.698442698 -0.616533875 -0.363406003
vn 0.482108444 -0.686275423 -0.544607639
vn 0.544954062 -0.343062192 -0.765070796
vn 0.709551752 0.0448573753 -0.703224123
vn 0.605363727 -0.236197442 -0.760095656
vn 0.53551811 0.554708421 -0.636803567
vn 0.53551811 0.554708421 -0.636803567
vn 0.859466612 0.107180178 -0.499829561
vn 0.16425088 0.712842703 -0.681818843
vn 0.80055064 -0.216902912 -0.558633983
vn 0.250329137 -0.649249554 -0.718199432
vn 0.508642554 0.449983835 -0.73402822
vn 0.544671535 0.597997725 -0.58798945
vn 0.579865813 0.624314666 -0.523437679
vn 0.859466612 0.107180178 -0.499829561
vn 0.666330576 0.00856720842 0.745607316
vn 0.54496336 0.635528624 -0.546917021
vn 0.706669927 0.454723835 0.542073667
vn 0.708865941 0.224208936 0.668759763
vn 0.666330576 0.00856720842 0.745607316
vn 0.744709909 0.297247142 0.597537756
vn 0.533610344 0.577141643 0.618197083
vn 0.907172501 -0.360300541 0.217305198
vn 0.660692275 0.0462383106 -0.749231458
vn 0.364613444 0.696957886 -0.617500424
vn 0.213370353 0.618340433 -0.756391585
vn 0.209465906 0.706983268 -0.675498903
vn 0.379102021 0.62137711 -0.685690939
vn -0.0801400766 0.691125751 -0.718277574
vn -0.234497428 0.52982229 -0.815045595
vn -0.251967371 0.747300088 -0.614861727
vn 0.0173379164 0.864481866 -0.502364933
vn 0.441854894 0.89640069 -0.0350728706
vn -0.0381392986 0.89956075 -0.435127586
vn 0.0124283666 0.379845589 -0.924966514
vn 0.147863552 0.977679908 0.149259612
vn 0.0475985296 0.834170699 -0.54944855
vn -0.0156910978 0.640050471 -0.768172622
vn -0.0623475313 0.900659144 -0.430029929
vn 1.24087975E-07 0.77550298 -0.631343842
vn -1.02243774E-07 0.878495991 -0.477749825
vn -0 0.755285382 -0.655395985
vn 0.102288313 0.95080322 -0.292421371
vn 0.777705312 0.628366888 -0.0181511454
vn 0.113385715 0.607995331 -0.785802424
vn -0.760740936 0.356094152 -0.542651057
vn 0.184604287 0.864027143 -0.468378514
vn -0.116215758 0.637277007 -0.761821389
vn 0.436424762 -0.216870949 -0.873212636
vn 0.436424762 -0.216870949 -0.873212636
vn 0.660692275 0.0462383106 -0.749231458
vn 0.184604287 0.864027143 -0.468378514
vn -0.918441057 0.182584792 -0.350897104
vn 0.362434655 -0.929268479 0.0714217052
vn 0.229235485 -0.971758127 -0.0560115799
vn 0.866496384 -0.263927639 0.42370522
vn 0.866496384 -0.263927639 0.42370522
vn 0.450948596 -0.764288187 0.460986942
vn 0.283349156 -0.813881338 0.507257819
vn 0.487984061 -0.755408525 0.43729797
vn -0.0524913222 -0.998458147 0.0180596597
vn 0.463482201 -0.565112174 0.682519197
vn -0.566159189 -0.365074992 0.73904264
vn 0.512979209 -0.522300422 0.681215525
vn 0.237515301 -0.941449702 -0.239288434
vn -0.0715881959 -0.63470912 -0.769428074
vn -0.457920492 -0.603071928 -0.653156281
vn -0.711654067 -0.684076071 -0.15996401
vn 0.302072853 -0.95193851 -0.0506451651
vn 0.780796289 -0.592726052 0.197567791
vn 0.68517828 -0.705728531 -0.180216819
vn 0.827842772 -0.512592912 0.227870271
vn 0.0657342598 -0.761712909 -0.644571602
vn -0.0896210819 -0.606310189 -0.790162086
vn 0.88146919 -0.467124254 -0.0693327412
vn 0.576392293 -0.803665638 -0.147964075
vn 0.909841537 -0.409755945 0.0654861778
vn 0.815205097 -0.579152226 0.00483404798
vn -0.744183838 -0.00432059541 -0.667960763
vn -0.110053383 -0.75049144 -0.651652515
vn 0.659710228 -0.741684496 0.121187769
vn 0.632237017 -0.748229444 -0.201069638
vn 0.718840718 -0.695127964 0.00807555672
vn 0.248995423 0.0746368393 -0.965624392
vn -0.624886811 0.391106188 -0.675686538
vn 0.366066724 -0.773074687 -0.518025756
vn 0.906108439 -0.391309619 0.16076152
vn 0.84957701 -0.30663994 0.429174483
vn 0.882713497 -0.445841551 0.148466602
vn 0.731677473 -0.665402651 0.147944093
vn 0.731677473 -0.665402651 0.147944093
vn 0.731677473 -0.665402651 0.147944093
vn 0.850946426 -0.506095767 0.140560433
vn 0.970337987 0.0208416749 0.240851894
vn 0.858102381 0.00563575374 0.513447821
vn 0.51403439 0.0646226481 0.855331838
vn 0.512741804 -0.0964052156 0.853112996
vn -0.566159189 -0.365074992 0.73904264
vn 0.945048869 0.10446427 0.309789926
vn 0.930999994 0.0941428542 0.352670014
vn 0.864556909 0.315690905 0.390999466
vn 0.519789577 0.603761137 0.604393303
vn 0.829358339 0.541698456 0.136848554
vn 0.974193156 0.224386722 0.0244587194
vn 0.864556909 0.315690905 0.390999466
vn 0.683613718 0.708415806 0.17555429
vn 0.80612725 0.585201442 0.0877385065
vn 0.829970658 0.555110812 0.0547788441
vn 0.737028003 0.667350054 0.106928132
vn 0.917678952 0.396361202 0.0276246779
vn 0.87056613 0.449423701 0.200331986
vn 0.475605905 0.747429073 0.463841319
vn 0.299188346 0.836601555 0.458894402
vn 0.456234306 0.490003467 0.742796659
vn 0.758203924 0.651873708 -0.0136949988
vn 0.917898357 0.396180838 0.02243324
vn 0.7606287 0.648982644 -0.0162962917
vn -0.0433818363 0.70519048 -0.707689345
vn 0.732853949 0.671409726 -0.110154785
vn -0.574485004 0.609787285 -0.546009481
vn 0.778413832 0.612179637 -0.138953298
vn 0.258506656 0.948116124 -0.185067728
vn 0.466028392 0.740358949 0.484444231
vn 0.0212084595 0.999728143 -0.00968444441
vn -0.0796323344 0.654757977 -0.751632035
vn -0.587399304 0.514231324 -0.624922574
vn 0.893196344 0.428790122 0.13542293
vn -0.176384747 0.984302282 -0.00611875439
vn 0.0475985296 0.834170699 -0.54944855
vn -0.0381392986 0.89956075 -0.435127586
vn -0.383000761 0.00872440543 -0.92370677
vn -0.790948749 -0.187646359 -0.582399249
vn -0.574485004 0.609787285 -0.546009481
vn 0.7606287 0.648982644 -0.0162962917
vn 0.0124283666 0.379845589 -0.924966514
vn 0.113385715 0.607995331 -0.785802424
vn -0.0381392986 0.89956075 -0.435127586
vn -0.760740936 0.356094152 -0.542651057
vn -0.918441057 0.182584792 -0.350897104
vn -0.805713654 0.123593248 -0.579266906
vn -0.355403721 0.474988252 -0.805030704
vn 0.495773733 0.613359451 -0.614815891
vn 0.64231956 0.766271055 -0.0159440283
vn -0.115046464 0.746453226 -0.655417383
vn -0.694256723 0.37292549 -0.615576327
vn 0.64231956 0.766271055 -0.0159440283
vn 0.823770225 0.565207064 0.0440866202
vn -0.115046464 0.746453226 -0.655417383
vn -0.535235643 -0.751614571 0.385484517
vn -0.142506152 -0.831351101 0.537165999
vn -0.750823259 -0.306542426 0.585060835
vn -0.85281378 0.00902109221 0.522137344
vn -0.535235643 -0.751614571 0.385484517
vn -0.0792252049 -0.993593156 0.0805979297
vn -0.535235643 -0.751614571 0.385484517
vn -0.142506152 -0.831351101 0.537165999
vn -0.181575149 -0.971494675 0.152409434
vn -0.247203365 -0.875071228 -0.416101754
vn 0.412163824 -0.726772368 -0.549475133
vn -0.353001654 -0.511709809 -0.78328985
vn 0.86848551 -0.488896132 0.0819350779
vn 0.718840718 -0.695127964 0.00807555672
vn 0.850946426 -0.506095767 0.140560433
vn 0.749744654 -0.650110066 0.123449951
vn 0.632237017 -0.748229444 -0.201069638
vn 0.981293976 0.187422112 -0.0439894386
vn 0.86848551 -0.488896132 0.0819350779
vn 0.983075976 0.0701746047 0.169225127
vn 0.80612725 0.585201442 0.0877385065
vn 0.804931641 0.592626452 0.0296470746
vn 0.758203924 0.651873708 -0.0136949988
vn 0.850946426 -0.506095767 0.140560433
vn 0.80612725 0.585201442 0.0877385065
vn 0.823770225 0.565207064 0.0440866202
vn 0.732853949 0.671409726 -0.110154785
vn 0.804931641 0.592626452 0.0296470746
vn 0.86848551 -0.488896132 0.0819350779
vn 0.749744654 -0.650110066 0.123449951
vn 0.749744654 -0.650110066 0.123449951
vn 0.248995423 0.0746368393 -0.965624392
vn -0.445037901 -0.650499821 -0.615460277
vn -0.546305299 0.00586897833 -0.837565482
vn 0.248995423 0.0746368393 -0.965624392
vn -0.445037901 -0.650499821 -0.615460277
vn -0.546305299 0.00586897833 -0.837565482
vn -0.193286061 -0.352248698 -0.91572994
vn 0.366066724 -0.773074687 -0.518025756
vn -0.435153276 0.0873627812 0.896107852
vn -0.807551086 0.200082242 0.554822862
vn 0.027460793 0.540259898 0.841050029
vn -0.136568695 0.904310226 0.404440224
vn -0.176384747 0.984302282 -0.00611875439
vn 0.737028003 0.667350054 0.106928132
vn 0.7606287 0.648982644 -0.0162962917
vn -0.574485004 0.609787285 -0.546009481
vn -0.199703574 0.917974174 0.342697978
vn -0.017049741 0.904886484 0.425311297
vn -0.0953000188 0.928937137 0.357762128
vn -0.240679607 0.851272523 0.466270834
vn 0.0269124731 0.927256048 0.373459488
vn -0.249141172 0.850688279 0.462880284
vn -0.0965441465 0.968338072 0.230218589
vn -0.136568695 0.904310226 0.404440224
vn -0.176384747 0.984302282 -0.00611875439
vn -2.44612238E-07 0.83971715 0.543024063
vn -0.210413083 0.823628068 0.526652873
vn -0.00906693563 0.727998316 0.68551898
vn -0.0730788782 0.789986312 0.608753741
vn -0.00587807037 0.533120811 0.846018732
vn -5.08905998E-07 0.948789656 0.315908462
vn -0.0477376394 0.976801693 0.208757013
vn -0 0.918562114 -0.395276695
vn 0.38926509 0.666267395 -0.636050582
vn 0.0475985296 0.834170699 -0.54944855
vn 0.102288313 0.95080322 -0.292421371
vn -0 0.755285382 -0.655395985
vn -5.65973266E-07 0.798563838 0.601910174
vn -2.93050448E-07 0.649138033 0.760670602
vn 0.261793733 -0.147229522 0.953827739
vn 0.027460793 0.540259898 0.841050029
vn 0.00448771426 -0.138741255 0.990318537
vn 0.0889414325 -0.553850591 0.827852011
vn 0.0166893452 -0.681824803 0.73132515
vn 0.578297734 -0.161224917 0.799736321
vn -0.389265448 0.666267753 -0.636050165
vn -0.102288917 0.950803757 -0.292419553
vn 0.0477376096 0.976801813 0.208756611
vn 0.0781299993 0.936660528 0.341412783
vn 0.179411516 0.925490916 0.333583623
vn 0.240679637 0.851272702 0.466270417
vn 0.249140844 0.850688457 0.462880224
vn 0.0965440497 0.968338072 0.230218947
vn 0.136568084 0.904310346 0.404440284
vn 0.0590911917 0.99799937 -0.0224818494
vn 0.210412964 0.823628187 0.526652575
vn 0.00906671118 0.727998376 0.68551898
vn 0.0730783716 0.789986253 0.608753979
vn 0.00587765314 0.533120811 0.846018732
vn -0.027459817 0.540258288 0.841051042
vn -0.234708518 0.87272495 0.428092211
vn 0.0590911917 0.99799937 -0.0224818494
vn 0.545998931 0.656297505 -0.520729184
vn -0.0801517516 0.996113181 -0.0365264714
vn 0.0789013728 0.653963447 -0.752400339
vn -0.258449793 0.948422909 -0.183569267
vn -0.460421294 0.744321167 0.483733773
vn -0.775809944 0.61795944 -0.127456576
vn -0.879392445 0.454582423 0.141505033
vn 0.01937747 0.743527353 -0.668424726
vn -0.879470348 0.469142616 0.0802316517
vn -0.709341466 0.704082787 0.0332007967
vn -0.83503598 0.539467275 0.108120374
vn -0.908558309 0.413735867 0.0578309037
vn -0.841006815 0.5178231 0.156738371
vn -0.731433272 0.659649968 0.172821432
vn -0.927636743 0.0635591522 0.368035823
vn -0.943431377 0.0480156094 0.328072727
vn -0.880417824 -0.455132902 0.133110926
vn -0.977635264 0.00781395286 0.210162848
vn -0.922527909 -0.362368047 0.132784486
vn -0.835230291 -0.549845934 0.00772994757
vn -0.912500501 -0.405938148 0.0505665615
vn -0.560985804 -0.812482953 -0.158639103
vn -0.884191692 -0.459783554 -0.0824863315
vn -0.0546591133 -0.750160694 -0.658992648
vn -0.687825501 -0.701462746 -0.186670795
vn -0.305708677 -0.950828552 -0.0496720709
vn -0.778110981 -0.59786278 0.192622408
vn -0.448590249 -0.762841523 0.465660542
vn -0.237770349 -0.941847503 -0.237462983
vn 0.0374129452 -0.999109566 -0.019498067
vn -0.213991135 -0.853338361 0.475416988
vn -0.484469324 -0.756893337 0.438636392
vn -0.460995466 -0.565189421 0.684137523
vn 0.566158772 -0.365074813 0.739043057
vn -0.511099219 -0.520888567 0.683705091
vn 0.0774483755 -0.620646179 -0.78025645
vn 0.456953794 -0.594601452 -0.661545336
vn 0.7121225 -0.68343544 -0.16061607
vn -0.824697256 -0.518535912 0.225820437
vn 0.0987609625 -0.585840344 -0.804386318
vn -0.847581744 -0.307525158 0.432473719
vn -0.512744129 -0.0964058414 0.853111625
vn 0.566158772 -0.365074813 0.739043057
vn 0.612505555 -0.676732183 0.408497989
vn 0.435151517 0.0873627141 0.896108687
vn -0.510749042 0.063551411 0.857377768
vn -0.856686413 0.00185274123 0.515834332
vn -0.864519835 0.315139204 0.391526192
vn -0.511727035 0.602633476 0.612346649
vn -0.865656972 0.456094056 0.206437007
vn -0.463344991 0.755062759 0.463887542
vn -0.456234485 0.490003288 0.7427966
vn 0.807550609 0.200081959 0.554823697
vn -0.976846755 0.212753326 0.0225052182
vn -0.864519835 0.315139204 0.391526192
vn -0.220670551 -0.250709057 0.942575932
vn -0.5782969 -0.16122818 0.799736321
vn -0.121291846 -0.522530198 0.843949318
vn -0.027459817 0.540258288 0.841051042
vn -0.191598237 -0.0216583442 0.981234491
vn 0.027460793 0.540259898 0.841050029
vn 0.027460793 0.540259898 0.841050029
vn -0.534619153 0.17705898 0.826336741
vn 0.191607326 -0.0216521677 0.981232762
vn 0.027460793 0.540259898 0.841050029
vn -0.807551086 0.200082242 0.554822862
vn -0.840149701 0.00791463628 0.542296946
vn -0.435153276 0.0873627812 0.896107852
vn -0.566159189 -0.365074992 0.73904264
vn 0.027460793 0.540259898 0.841050029
vn 0.578297734 -0.161224917 0.799736321
vn 0.027460793 0.540259898 0.841050029
vn 0.191607326 -0.0216521677 0.981232762
vn -0.534619153 0.17705898 0.826336741
vn 0.578297734 -0.161224917 0.799736321
vn 0.191607326 -0.0216521677 0.981232762
vn 0.301065326 0.100968659 0.948243082
vn 0.578297734 -0.161224917 0.799736321
vn -0.840149701 0.00791463628 0.542296946
vn 0.0889414325 -0.553850591 0.827852011
vn -0.840149701 0.00791463628 0.542296946
vn -0.85281378 0.00902109221 0.522137344
vn -0.840149701 0.00791463628 0.542296946
vn -0.566159189 -0.365074992 0.73904264
vn -0.85281378 0.00902109221 0.522137344
vn -0.535235643 -0.751614571 0.385484517
vn -0.85281378 0.00902109221 0.522137344
vn 0.475523382 -0.0735556781 0.876622558
vn 0.803245783 -0.588075161 0.0946776345
vn 0.374953836 -0.655275047 0.655762255
vn 0.630402446 0.469445974 -0.61823386
vn 0.300160617 -0.658259988 0.690360367
vn 0.469803393 0.0742612109 0.87964195
vn 0.315871298 -0.809784591 0.494443357
vn 0.795576632 -0.605013609 0.0318805315
vn -0.10741917 -0.975358725 0.192708313
vn 0.542649806 -0.674735129 -0.500263572
vn 0.109669141 -0.81718272 0.565848887
vn -0.29962939 -0.945416212 0.128103301
vn -0.0805024877 -0.46408993 -0.882122397
vn -0.536564291 -0.822741628 -0.187603116
vn -0.537939191 -0.804775953 -0.250912517
vn 0.290893644 -0.34495604 -0.892404735
vn -0.713842571 -0.621036887 -0.323638707
vn -0.697066069 -0.596157014 -0.398366332
vn -0.344229549 -0.0192988794 -0.938687205
vn -0.851430118 0.10098394 -0.514654219
vn -0.848218501 -0.00297385594 -0.529638052
vn -0.445037901 -0.650499821 -0.615460277
vn -0.588539183 -0.723227084 -0.361336946
vn -0.831059217 -0.39864108 -0.387847573
vn -0.903803527 0.0948477536 -0.417304486
vn -0.0494560748 0.589982927 -0.80589956
vn -0.599229991 0.625604033 -0.499542892
vn 0.0443967842 0.633652151 -0.77234304
vn -0.435755402 0.789117813 -0.432909101
vn -0.210151926 0.976708114 0.0433282219
vn 0.402109206 0.770899832 -0.493985504
vn 0.637211204 0.770362854 0.0224272292
vn 0.114090644 0.889332473 0.442799091
vn 0.28781122 0.719473958 0.632077515
vn 0.689728856 0.668388784 -0.278442979
vn 0.475523382 -0.0735556781 0.876622558
vn 0.630402446 0.469445974 -0.61823386
vn -0.66352284 0.527560055 -0.530488253
vn -0.428456545 0.826863587 -0.364309698
vn -0.150387749 0.988506079 -0.0154657811
vn 0.063976042 0.911476612 0.40634644
vn 0.276663989 0.732420504 0.622107208
vn 0.469803393 0.0742612109 0.87964195
vn 0.804931641 0.592626452 0.0296470746
vn 0.64231956 0.766271055 -0.0159440283
vn 0.823770225 0.565207064 0.0440866202
vn 0.804931641 0.592626452 0.0296470746
vn -0.115046464 0.746453226 -0.655417383
vn -0.81605953 0.395748258 -0.421224594
vn -0.694256723 0.37292549 -0.615576327
vn -0.116215758 0.637277007 -0.761821389
vn 0.210808247 -0.874511659 -0.436794221
vn -0.0401148126 -0.724686742 -0.687909782
vn -0.546305299 0.00586897833 -0.837565482
vn 0.184604287 0.864027143 -0.468378514
vn -0.918441057 0.182584792 -0.350897104
vn -0.918441057 0.182584792 -0.350897104
vn 0.749744654 -0.650110066 0.123449951
vn 0.749744654 -0.650110066 0.123449951
vn 0.86848551 -0.488896132 0.0819350779
vn 0.749744654 -0.650110066 0.123449951
vn 0.86848551 -0.488896132 0.0819350779
vn 0.86848551 -0.488896132 0.0819350779
vn 0.981293976 0.187422112 -0.0439894386
vn -0.115046464 0.746453226 -0.655417383
vn 0.64231956 0.766271055 -0.0159440283
vn 0.306860715 0.873206198 -0.378612489
vn 0.680353343 0.725221694 0.105701648
vn 0.712281287 0.691120863 0.122504428
vn 0.29659155 0.804038048 -0.515321493
vn 0.997182846 0.0749428719 0.00316840853
vn -0.349201858 0.698313951 -0.624832571
vn -0.256400675 0.666025579 -0.700477481
vn -0.382147163 0.0275669154 -0.9236902
vn -0.391219676 0.0252477881 -0.919950962
vn -0.306025654 -0.639907718 -0.704887629
vn -0.271294892 -0.639329135 -0.719484091
vn 0.234623611 -0.901667833 -0.363244951
vn 0.354901582 -0.903454244 -0.240447938
vn 0.768137097 -0.605906963 0.206983566
vn 0.878301561 -0.476958662 0.0331172794
vn 0.997182846 0.0749428719 0.00316840853
vn 0.999854922 0.00071922288 -0.0170200076
vn -0.469231635 0.0234087035 -0.882764816
vn -0.300640404 -0.663586438 -0.685031593
vn -0.30198735 0.641243517 -0.70541501
vn 0.00863606017 0.983847797 -0.17879869
vn 0.781588376 0.622732878 -0.036379952
vn 0.994699001 -0.0137885604 0.101900637
vn 0.994699001 -0.0137885604 0.101900637
vn 0.344661951 -0.911013842 -0.226410776
vn 0.748029828 -0.615518212 0.248170584
vn 0.994699001 -0.0137885604 0.101900637
vn -0.372836143 0.680162132 -0.631167769
vn -0.347432494 0.0656932071 -0.935401022
vn 0.239298493 0.856651723 -0.457038403
vn 0.590368032 0.763433278 0.261983126
vn 0.994699001 -0.0137885604 0.101900637
vn 0.675967097 -0.637636721 0.369442463
vn 0.861544847 0.0167455059 0.507405102
vn 0.456788152 -0.838304162 -0.297641993
vn -0.309690863 -0.621423125 -0.719669938
vn 0.840573967 0.0266890973 0.541038871
vn 0.511324048 -0.70963335 0.484735042
vn 0.257145941 -0.74992919 -0.609493494
vn -0.241762415 -0.560627103 -0.791990042
vn -0.364956945 0.0524279214 -0.929547012
vn -0.308602631 0.612709701 -0.727565289
vn -0.00122419477 0.978185415 -0.207729995
vn -0.317247093 0.589200318 -0.743099749
vn -0.168188483 0.980055451 -0.105849296
vn 0.277737528 0.750660121 0.599475801
vn 0.743971229 0.66730547 0.0347887352
vn 0.840573967 0.0266890973 0.541038871
vn 0.861544847 0.0167455059 0.507405102
vn 0.994699001 -0.0137885604 0.101900637
vn 0.864806712 0.09081126 0.493824452
vn 0.0939110741 -0.475341916 -0.874774694
vn 0.140505269 0.0689330399 -0.987677276
vn 0.597410858 0.0479009822 -0.800503373
vn -0.0851291493 0.627052069 -0.774311841
vn -4.61461241E-05 0.161130697 -0.986933053
vn 0.33424139 0.0670949146 -0.940096319
vn 0.140505269 0.0689330399 -0.987677276
vn 0.753113627 0.505513012 0.421042114
vn 0.923364758 -0.383125782 0.024745129
vn 0.619038701 -0.621848881 0.479682118
vn 0.65303874 0.106454976 -0.749805152
vn 0.0673048794 -0.375647068 -0.924315631
vn 0.999854922 0.00071922288 -0.0170200076
vn 0.997182846 0.0749428719 0.00316840853
vn -0.364956945 0.0524279214 -0.929547012
vn 0.140505269 0.0689330399 -0.987677276
vn 0.373059213 -0.922675252 0.0974539742
vn 0.619038701 -0.621848881 0.479682118
vn 0.864806712 0.09081126 0.493824452
vn 0.923364758 -0.383125782 0.024745129
vn 0.257145941 -0.74992919 -0.609493494
vn 0.373059213 -0.922675252 0.0974539742
vn 0.456788152 -0.838304162 -0.297641993
vn 0.804504871 0.586693168 -0.0925367102
vn 0.361217201 0.851297259 -0.380546004
vn 0.997182846 0.0749428719 0.00316840853
vn -0.182053879 0.65849638 -0.73023212
vn -0.487670541 0.00997384638 -0.872970819
vn -0.189361632 -0.584687889 -0.788848639
vn 0.606734216 -0.686592877 -0.400579363
vn 0.789033353 -0.599803209 0.132900462
vn 0.997182846 0.0749428719 0.00316840853
vn 0.948126495 0.317132294 0.021983074
vn 0.37070483 -0.753677189 -0.542723358
vn 0.874124825 -0.4808065 -0.0687812641
vn 0.909362078 0.141170457 -0.391320109
vn 0.948126495 0.317132294 0.021983074
vn -0.505934656 -0.687128007 -0.521426141
vn 0.119189449 0.123194769 -0.985198915
vn -0.210983798 0.636678874 -0.741704762
vn 0.323545218 0.907365918 -0.268338591
vn 0.749842882 0.653794885 0.10142865
vn 0.948126495 0.317132294 0.021983074
vn 0.909362078 0.141170457 -0.391320109
vn 0.617688 0.764478326 0.184483781
vn 0.290325314 0.906177461 -0.307495713
vn 0.447257727 0.782549918 -0.433100671
vn 0.76105386 0.607841015 -0.226553187
vn 0.592314065 0.802823365 0.0681084543
vn 0.425784737 0.554292083 -0.715169787
vn 0.630402446 0.469445974 -0.61823386
vn 0.802789211 0.589773774 -0.0877278224
vn 0.909362078 0.141170457 -0.391320109
vn -0.190975621 0.744468689 -0.639761388
vn -0.108280472 0.74184525 -0.661771059
vn 0.129317269 0.553143322 -0.822988093
vn 0.119189449 0.123194769 -0.985198915
vn -0.332538038 0.589251637 -0.736343026
vn 0.304317355 -0.296839118 -0.905139446
vn 0.246051058 -0.109354138 -0.963068306
vn 0.37070483 -0.753677189 -0.542723358
vn 0.542649806 -0.674735129 -0.500263572
vn 0.447257727 0.782549918 -0.433100671
vn 0.402109206 0.770899832 -0.493985504
vn 0.447257727 0.782549918 -0.433100671
vn 0.909362078 0.141170457 -0.391320109
vn 0.630402446 0.469445974 -0.61823386
vn 0.117277265 0.965737104 0.231511965
vn 0.218715787 0.707397282 0.67212522
vn 0.981293976 0.187422112 -0.0439894386
vn 0.427710742 -0.267252415 -0.863504291
vn 0.862459302 0.439356476 -0.251256615
vn 0.165178001 -0.853765905 -0.493760914
vn 0.887511909 -0.0945004076 -0.45099026
vn 0.801201344 -0.210887134 -0.560002625
vn 0.772008717 -0.478723168 -0.418122858
vn 0.335090965 0.142388731 -0.931364298
vn 0.27199313 -0.790658593 -0.548524141
vn -0.353001654 -0.511709809 -0.78328985
vn 0.366066724 -0.773074687 -0.518025756
vn 0.571105361 -0.632975399 -0.52266711
vn -0.193286061 -0.352248698 -0.91572994
vn -0.546305299 0.00586897833 -0.837565482
vn -0.546305299 0.00586897833 -0.837565482
vn 0.0656917393 0.966926455 0.246450573
vn 2.44013478E-07 0.822990716 0.568054736
vn 0.0690033063 0.872833967 0.483114272
vn 0.534576416 0.712696433 0.454193681
vn 0.0496924669 0.850260675 0.524011016
vn 1.42201316E-07 0.963196337 0.268798798
vn 0.0803255215 0.857683599 0.507864773
vn 0.491044521 0.865469396 0.0991867632
vn 0.0133300852 0.65760535 -0.753244758
vn 3.29569389E-07 0.385753334 -0.922601938
vn -0.118400618 0.723353386 -0.680250823
vn 0.32176879 0.716348588 -0.619119942
vn 0.671435893 0.609506369 -0.421516031
vn 0.837390184 0.419381052 0.350566894
vn -0.0147751877 0.190047786 -0.981663585
vn 0.369367301 0.746181309 -0.553878427
vn 0.809915066 0.284621447 0.512862682
vn 0.108049698 0.561141729 -0.820637047
vn 0.0190548673 0.781902492 -0.623109519
vn -0.288466334 0.747577369 -0.598260224
vn 0.167951494 0.980780184 -0.0993108302
vn -0.161251351 0.892442405 -0.421360493
vn 0.152002126 0.725795209 -0.670907438
vn 0.259642452 0.716457367 -0.647514164
vn -0.190719783 0.839761019 -0.508357584
vn 0.202615559 0.959665298 -0.194908872
vn -0.190959811 0.832112432 -0.520694911
vn -0.489848047 0.806078911 -0.332092881
vn -0.461286783 0.707900882 -0.534874618
vn 0.317929834 0.763313115 -0.562382162
vn 0.208837211 0.725694001 -0.655557275
vn 0.645649612 0.428912491 -0.631799459
vn 0.639244497 0.424168497 -0.641441703
vn 0.314410776 0.682632148 -0.659665883
vn -0.177354246 0.801425517 -0.571194172
vn 0.198555484 0.953161955 -0.228162318
vn -0.0797931924 0.820254385 -0.566405952
vn -0.372588694 0.872808516 -0.315250725
vn -0.559070408 0.640769839 -0.526169479
vn 0.179185584 0.729427576 -0.660172701
vn 0.0294888392 0.683568776 -0.729290187
vn 0.179185584 0.729427576 -0.660172701
vn 0.208837211 0.725694001 -0.655557275
vn 0.693477392 0.425960481 -0.581073761
vn 0.76085794 0.471299022 -0.44606331
vn 0.0294888392 0.683568776 -0.729290187
vn 0.371840686 0.761343479 -0.531122088
vn -0.173049331 0.670335233 -0.721598566
vn -0.147677019 0.875450671 -0.460192919
vn 0.186568037 0.783597887 -0.592593312
vn -0.439586967 0.863978982 -0.245567769
vn -0.562279642 0.744501412 -0.35994333
vn 0.142679811 0.785024643 -0.602808952
vn 0.165850103 0.735058784 -0.657405734
vn 0.142679811 0.785024643 -0.602808952
vn 0.0294888392 0.683568776 -0.729290187
vn 0.619299471 0.549819171 -0.560506165
vn 0.67438823 0.412031591 -0.612723708
vn 0.165850103 0.735058784 -0.657405734
vn -0.000842699781 0.974941134 -0.222461253
vn -0.00150309165 0.818498909 -0.574506044
vn -0.00143143069 0.99266088 -0.12092267
vn -0.00364014739 0.839538157 -0.543288529
vn -0.000754501147 0.987155437 -0.159760892
vn 0.843373597 0.269581765 -0.464808047
vn 0.563544035 0.277622104 -0.77803874
vn 0.709551752 0.0448573753 -0.703224123
vn 0.291299552 0.513507664 -0.807127297
vn 0.615535676 0.425742805 -0.663218558
vn 0.201126575 0.817949355 -0.538986981
vn 0.439871818 0.387361884 -0.810224414
vn 0.705285251 0.3118864 -0.636631429
vn 0.814258397 0.577935696 0.0545306839
vn 0.586875379 0.806146622 -0.0755309984
vn 0.234404013 0.925560772 0.297308117
vn 0.00643451791 0.967292249 0.253583133
vn -0.402993292 0.613128126 -0.679463208
vn -0.0649484098 0.633359969 -0.771126986
vn 0.23836334 0.796893954 -0.555106282
vn 0.00288649066 0.652080595 -0.758144081
vn 0.00229820283 0.840445697 -0.54189086
vn 0.201126575 0.817949355 -0.538986981
vn -0.000836674881 0.856900156 0.515481591
vn -0.000587443239 0.976268291 0.216563672
vn 0.201126575 0.817949355 -0.538986981
vn 0.165850103 0.735058784 -0.657405734
vn -0.36891219 0.830426395 -0.417487442
vn 0.152002126 0.725795209 -0.670907438
vn 0.317929834 0.763313115 -0.562382162
vn -8.66881055E-06 0.962144852 -0.272538662
vn -0.00154472492 0.811260879 -0.584682286
vn -0.000754501147 0.987155437 -0.159760892
vn 0.326501817 -0.915453374 -0.235248134
vn 0.00257133669 -0.92019701 -0.391447186
vn 0.00325383549 -0.920846224 -0.389912188
vn 0.00314605096 -0.550181508 -0.835039258
vn -0.130830601 -0.974205732 -0.183865532
vn -0.228897408 -0.943567336 -0.239346102
vn 0.439178407 -0.886829019 -0.143724293
vn 0.225737169 -0.956703424 0.183742687
vn 0.439178407 -0.886829019 -0.143724293
vn 0.16957286 -0.981944442 -0.083846733
vn -0.00153325743 -0.990471482 0.137709364
vn -0.000293053774 -0.991956472 -0.126579076
vn 0.491184473 -0.863134801 -0.117201157
vn 0.69012624 -0.58754164 0.422516882
vn -0.174200013 -0.983233154 -0.0539157651
vn -0.231364653 -0.955123067 0.184960306
vn -0.426060796 -0.899844348 -0.0935536847
vn -0.479291022 -0.877603292 -0.00962002948
vn -0.654050946 -0.59131521 0.471766472
vn 0.227950916 -0.945943952 -0.230712816
vn 0.130295873 -0.974278927 -0.183857411
vn 0.0421265066 -0.976574302 -0.211016625
vn -0.0308607332 -0.965228617 -0.259579122
vn -0.412514567 -0.893773735 -0.176068768
vn -0.429598778 -0.804920614 -0.409325868
vn -0.166496798 -0.711542606 -0.682631552
vn -0.680666029 -0.296375692 -0.669966459
vn -0.858877718 -0.440434515 -0.261431545
vn -0.777098119 -0.496184111 -0.387194842
vn -0.659296572 -0.389318287 -0.643241227
vn -0.833748758 0.256165326 -0.489124089
vn -0.692536592 0.295370936 -0.65814054
vn -0.407990813 0.772006214 -0.487391025
vn -0.631015956 0.723916233 -0.278862208
vn -0.787986994 -0.498210698 -0.361749321
vn -0.73465097 0.278876901 -0.618478417
vn -0.854628205 0.246099517 -0.45721522
vn -0.421057731 0.731099427 -0.536846399
vn -0.465841979 0.713430643 -0.523457706
vn -0.798810899 -0.399383038 -0.449882597
vn -0.858939826 -0.440406054 -0.261275679
vn -0.73826462 -0.273331881 -0.616648138
vn -0.394999772 -0.800528705 -0.450698435
vn -0.456103444 -0.801980436 -0.385742307
vn -0.434928715 0.759221971 -0.484168321
vn -0.811378062 0.192770377 -0.551819921
vn -0.821160376 -0.481758118 -0.305948973
vn -0.811378062 0.192770377 -0.551819921
vn -0.564999342 0.274061799 -0.778245389
vn -0.433961928 0.675371587 -0.596280396
vn -0.665010333 -0.382978231 -0.641162157
vn -0.776642263 -0.25495398 -0.576042712
vn -0.788284183 -0.263584524 -0.555995762
vn -0.691694975 -0.619920433 -0.370481819
vn -0.473510623 -0.688955426 -0.548751473
vn -0.544234514 -0.349934548 -0.762466133
vn -0.717433214 0.0411745049 -0.695409358
vn -0.605833411 -0.241527155 -0.758043826
vn -0.542041481 0.565566719 -0.621550679
vn -0.820554018 -0.333306104 -0.464325517
vn -0.506487846 -0.0973963886 -0.856728673
vn -0.427701175 -0.652369797 -0.625687838
vn -0.424995542 -0.265806466 -0.86528933
vn -0.884810865 -0.0925079584 -0.456674874
vn -0.58515209 -0.412157327 0.698371947
vn -0.409267575 -0.366915166 -0.835388064
vn -0.550888896 -0.712872624 0.433974743
vn -0.84220165 0.0754927024 -0.533851266
vn -0.6814996 -0.0186413545 0.731581092
vn -0.688163757 -0.489718795 0.535356045
vn -0.49541223 -0.604364455 0.623947203
vn -0.913747907 -0.340044498 0.222338349
vn -0.572368979 -0.817134023 -0.0684531778
vn -0.719983339 -0.51345855 -0.466887891
vn -0.437181234 -0.41950345 -0.795543551
vn -0.197905198 -0.533001184 -0.822643995
vn -0.293095648 -0.892443538 -0.342986017
vn -0.0488890633 -0.998346806 0.030224653
vn -0.230258346 -0.967730045 0.102369912
vn -0.317466646 -0.914647758 -0.250268668
vn -0.645058751 -0.566926777 -0.512340963
vn -0.656195223 -0.522214472 -0.544701695
vn -0.813007832 -0.513206303 -0.275022835
vn -0.651324868 -0.519821525 -0.552776158
vn -0.228207946 -0.88307488 -0.409999937
vn -0.576326072 -0.360098094 -0.733605981
vn 0.0149536608 -0.731132984 -0.682071209
vn 0.106626637 -0.929814398 -0.352244109
vn 0.241648644 -0.877604127 -0.414025247
vn -0.36702016 -0.930146575 0.0111196069
vn 0.340124637 -0.541378319 -0.768911481
vn 0.18891409 -0.970185399 0.151828125
vn -0.408761203 -0.729961872 -0.547786474
vn 0.0958790034 -0.990178466 0.101753786
vn -0.586461246 -0.619148254 -0.522224665
vn -0.319082379 -0.803300202 -0.502886832
vn -0.367382646 -0.741584361 -0.561322212
vn 0.340124637 -0.541378319 -0.768911481
vn 0.177875564 -0.35680753 -0.917087018
vn 0.563146412 -0.0263772178 -0.825936079
vn -0.866490066 -0.263934642 0.423713893
vn -0.362478584 -0.929170728 0.0724641755
vn -0.231473356 -0.971355319 -0.0537488163
vn -0.866490066 -0.263934642 0.423713893
vn 0.774877548 -0.491972864 -0.396897465
vn 0.774877548 -0.491972864 -0.396897465
vn 0.496195406 -0.675123215 -0.545892537
vn 0.829496384 -0.397764564 -0.392070383
vn 0.403892457 -0.800456703 -0.442876965
vn 0.482108444 -0.686275423 -0.544607639
vn 0.829496384 -0.397764564 -0.392070383
vn 0.397672445 -0.582479835 -0.708924472
vn 0.397672445 -0.582479835 -0.708924472
vn 0.801201344 -0.210887134 -0.560002625
vn 0.801201344 -0.210887134 -0.560002625
vn 0.801201344 -0.210887134 -0.560002625
vn 0.829496384 -0.397764564 -0.392070383
vn 0.703758001 -0.0313956924 -0.709745705
vn 0.657351017 -0.10459213 -0.746291041
vn 0.335090965 0.142388731 -0.931364298
vn 0.774877548 -0.491972864 -0.396897465
vn 0.829496384 -0.397764564 -0.392070383
vn 0.496195406 -0.675123215 -0.545892537
vn 0.703758001 -0.0313956924 -0.709745705
vn 0.416514039 -0.89477843 -0.160895705
vn 0.439871818 0.387361884 -0.810224414
vn 0.813640535 -0.265138805 -0.517388225
vn 0.763764381 -0.00846532546 -0.645439684
vn 0.881809592 -0.0022611781 0.471600235
vn 0.439178407 -0.886829019 -0.143724293
vn 0.351495147 0.936189711 -7.18663205E-06
vn 0.351495147 0.936189711 -7.18663205E-06
vn 0.351495147 0.936189711 -7.18663205E-06
vn 0.276328683 0.960673749 0.0273588449
vn 0.276328683 0.960673749 0.0273588449
vn 0.276328683 0.960673749 0.0273588449
vn -0.0476312526 0.998865008 0
vn -0.0476312526 0.998865008 0
vn -0.0476312526 0.998865008 0
vn -0.0476089679 0.998866081 -7.63514799E-06
vn -0.0476089679 0.998866081 -7.63514799E-06
vn -0.495767206 0.86845541 5.25205451E-06
vn -0.495767206 0.86845541 5.25205451E-06
vn -0.495767206 0.86845541 5.25205451E-06
vn -0.495782465 0.868446767 0
vn -0.146394312 -0.989226401 1.47124265E-05
vn -0.146394312 -0.989226401 1.47124265E-05
vn -0.146394312 -0.989226401 1.47124265E-05
vn -0.14637287 -0.9892295 -1.64100238E-05
vn -0.918297052 -0.395892054 -1.7333783E-05
vn -0.918297052 -0.395892054 -1.7333783E-05
vn -0.918297052 -0.395892054 -1.7333783E-05
vn -0.918298602 -0.395888418 -6.96650159E-06
vn -0.954696298 0.297581881 -1.12919397E-05
vn -0.954696298 0.297581881 -1.12919397E-05
vn -0.954696298 0.297581881 -1.12919397E-05
vn -0.954696715 0.29758057 -1.067823E-05
vn -0.987656713 -0.156634435 -7.58586884E-06
vn -0.987656713 -0.156634435 -7.58586884E-06
vn -0.987656713 -0.156634435 -7.58586884E-06
vn -0.987656355 -0.156636536 -1.16872425E-05
vn -0.987656355 -0.156636536 -1.16872425E-05
vn -0.0413058326 -0.571283638 0.819712639
vn -0.0413058326 -0.571283638 0.819712639
vn -0.112437464 -0.525654852 0.843234658
vn 0.0301436353 -0.612516403 0.789882898
vn -0.00397035293 -0.626084805 0.779744864
vn -0.00397035293 -0.626084805 0.779744864
vn -0.0288189575 -0.521634161 0.852682412
vn -0.0288189575 -0.521634161 0.852682412
vn 0.103122711 -0.463632852 0.880005836
vn -0.160140485 -0.568410277 0.807009816
vn 0.11925485 -0.18683435 0.975126326
vn -0.000158754934 -0.187547326 0.982255578
vn -0.00012559758 -0.193702161 0.981060386
vn -0.000158754934 -0.187547326 0.982255578
vn 0.107997715 -0.180880666 0.97755754
vn -0.119569868 -0.185576379 0.975327909
vn -0.108379081 -0.179793507 0.97771579
vn -0.000158754934 -0.187547326 0.982255578
vn -0.00012559758 -0.193702161 0.981060386
vn 0.0528885573 -0.315801293 0.947350204
vn 0.0528885573 -0.315801293 0.947350204
vn 0.0627058074 -0.184223026 0.980882108
vn 0.0420910865 -0.441526562 0.896260381
vn -0.0511960872 -0.456201106 0.888402879
vn -0.0511960872 -0.456201106 0.888402879
vn -0.0511960872 -0.456201106 0.888402879
vn 0.356961906 -0.601437449 0.714738607
vn 0.356961906 -0.601437449 0.714738607
vn 0.356961906 -0.601437449 0.714738607
vn -0.46821028 -0.772878349 -0.428296924
vn -0.341395915 -0.765480578 -0.545424879
vn -0.00420167623 -0.633864045 -0.77343303
vn -0.698419511 -0.244208619 -0.672734916
vn -0.527202368 -0.349388838 -0.774587035
vn 0.0105758123 -0.601760983 -0.798606157
vn -0.548564494 -0.697969913 -0.460342348
vn -0.569708526 -0.770432472 -0.286122292
vn -0.323166937 -0.915026128 -0.241433874
vn -0.819292188 -0.401094109 -0.409736246
vn -0.39130637 -0.581579566 -0.713193238
vn -0.795466721 -0.212107643 -0.567664444
vn 0.00360685424 -0.550685942 -0.834704697
vn -0.763240933 -0.495165586 -0.415059417
vn -0.763240933 -0.495165586 -0.415059417
vn -0.480623007 -0.675669551 -0.558991969
vn -0.819292188 -0.401094109 -0.409736246
vn -0.473510623 -0.688955426 -0.548751473
vn -0.819292188 -0.401094109 -0.409736246
vn -0.797809005 -0.221404627 -0.560786009
vn -0.246710747 -0.650842249 -0.718009889
vn -0.39130637 -0.581579566 -0.713193238
vn -0.795466721 -0.212107643 -0.567664444
vn 9.53769086E-06 -0.999722779 0.0235432815
vn -0.324951828 -0.472873122 0.819022179
vn -0.820790052 -0.00829084031 0.571169794
vn 0.0958790034 -0.990178466 0.101753786
vn 0.142409161 -0.831336975 0.537213683
vn 9.93897993E-06 -0.819337249 0.573311925
vn 1.15309804E-05 -0.194145977 0.980972648
vn 8.93341439E-06 0.750384092 0.66100204
vn -0.590531349 0.509954989 0.625474811
vn -0.0160632487 -0.0555682033 0.998325646
vn 0.750822842 -0.306545436 0.585059881
vn -0.0160632487 -0.0555682033 0.998325646
vn -0.610749125 -0.772221327 -0.175099224
vn -0.659161091 -0.737714291 0.145891652
vn 0.183634475 -0.74408716 -0.642349243
vn -0.704621971 -0.707765698 0.0507512838
vn 0.757867634 0.0252794158 -0.651918471
vn -0.175377995 0.0504557267 -0.983207464
vn 0.654720426 0.352924615 -0.668419957
vn -0.367382646 -0.741584361 -0.561322212
vn -0.720038235 -0.674081504 0.164800182
vn -0.720038235 -0.674081504 0.164800182
vn -0.824383974 -0.550063789 0.133494839
vn 0.563146412 -0.0263772178 -0.825936079
vn 0.340124637 -0.541378319 -0.768911481
vn 0.241648644 -0.877604127 -0.414025247
vn 0.18891409 -0.970185399 0.151828125
vn 0.0958790034 -0.990178466 0.101753786
vn -0.408761203 -0.729961872 -0.547786474
vn -0.720038235 -0.674081504 0.164800182
vn -0.824383974 -0.550063789 0.133494839
vn -0.989210606 0.065386191 0.131099328
vn -0.824383974 -0.550063789 0.133494839
vn -0.983274281 0.170991838 -0.0627180487
vn -0.824383974 -0.550063789 0.133494839
vn -0.860859454 -0.501371861 0.0868749768
vn -0.860859454 -0.501371861 0.0868749768
vn -0.860859454 -0.501371861 0.0868749768
vn -0.758263707 -0.647108078 0.079292044
vn -0.175377995 0.0504557267 -0.983207464
vn -0.610749125 -0.772221327 -0.175099224
vn -0.758263707 -0.647108078 0.079292044
vn -0.805666387 0.589149654 0.0616800301
vn -0.805666387 0.589149654 0.0616800301
vn -0.792598128 0.609686136 -0.00843142066
vn -0.776540458 0.624794662 0.0813414752
vn -0.644502282 0.745491385 -0.169880509
vn 0.596959472 0.604711771 -0.527221918
vn -0.709341466 0.704082787 0.0332007967
vn -0.709341466 0.704082787 0.0332007967
vn 0.747247458 -0.156536415 -0.645846486
vn 0.444929749 0.469960093 -0.762348413
vn -0.550936162 0.407538205 -0.728273273
vn 0.890524089 0.144872814 -0.43125248
vn -0.610360742 0.792123318 0.000642491214
vn 0.365294188 0.0597659424 -0.928971589
vn 0.0413653366 0.897956073 -0.438136637
vn -0.047553543 0.833299875 -0.550772071
vn 0.00999570731 0.425727218 -0.904796362
vn -0.141419485 0.588228524 -0.796233416
vn 0.0413653366 0.897956073 -0.438136637
vn 0.679419577 0.382407576 -0.626221538
vn 0.22671321 0.635421753 -0.738132954
vn -0.610360742 0.792123318 0.000642491214
vn 0.914965034 0.260760128 -0.307966053
vn 0.744899571 0.321926683 -0.584369779
vn 0.00999570731 0.425727218 -0.904796362
vn -0.441733867 0.896513641 -0.0336833708
vn 0.0413653366 0.897956073 -0.438136637
vn -0.776038229 0.630681098 0.00243025413
vn -0.42023778 0.608381271 -0.673255026
vn 0.191297621 0.583369613 -0.789357424
vn -0.0150501812 0.866816938 -0.498399377
vn 0.0413653366 0.897956073 -0.438136637
vn -0.145365924 0.978133202 0.148741871
vn -0.047553543 0.833299875 -0.550772071
vn 0.254321128 0.766095936 -0.590269268
vn 0.0136859156 0.642344773 -0.766293645
vn 0.0610968582 0.900673866 -0.430178821
vn 1.24087975E-07 0.77550298 -0.631343842
vn -1.02243774E-07 0.878495991 -0.477749825
vn -0 0.755285382 -0.655395985
vn -0.102288917 0.950803757 -0.292419553
vn 0.027058145 0.70951432 -0.7041713
vn -0.102288917 0.950803757 -0.292419553
vn -0.229372621 0.693171561 -0.683301926
vn -0.198693216 0.616865814 -0.761575699
vn -0.364472032 0.693289757 -0.621698797
vn -0.234706104 0.868402481 -0.436795324
vn 0.106608421 0.530681252 -0.840840161
vn -0.349455208 -0.200817838 -0.915179372
vn 0.679419577 0.382407576 -0.626221538
vn -0.141419485 0.588228524 -0.796233416
vn -0.663143277 0.0511707775 -0.746741295
vn -0.532177746 0.714087129 0.45482558
vn -0.067831099 0.872680128 0.483558059
vn -0.0656915605 0.966926575 0.24645035
vn 2.44013478E-07 0.822990716 0.568054736
vn -0.0496923588 0.850261033 0.52401042
vn 1.42201316E-07 0.963196337 0.268798798
vn -0.0803255364 0.857683778 0.507864416
vn -0.490684509 0.865533948 0.100397885
vn -0.0133327944 0.657604992 -0.753244877
vn 3.29569389E-07 0.385753334 -0.922601938
vn 0.118402086 0.723350942 -0.680253267
vn -0.321771353 0.716347516 -0.619119883
vn -0.675737739 0.60669148 -0.418693215
vn -0.83462733 0.420332849 0.355973959
vn 0.0145649249 0.192119688 -0.981263399
vn -0.390871137 0.74584794 -0.539379776
vn -0.806428432 0.287837923 0.516548634
vn -0.742975652 0.297726721 0.59945482
vn -0.529664993 0.582083344 0.6169554
vn -0.703144789 0.459461182 0.542662799
vn -0.706455529 0.227766842 0.670106471
vn -0.565382302 0.636480272 -0.524629176
vn -0.592498779 0.63250035 -0.498887241
vn -0.6814996 -0.0186413545 0.731581092
vn -0.572419465 0.608202875 -0.549932063
vn -0.542041481 0.565566719 -0.621550679
vn -0.6814996 -0.0186413545 0.731581092
vn -0.913747907 -0.340044498 0.222338349
vn -0.349455208 -0.200817838 -0.915179372
vn -0.663143277 0.0511707775 -0.746741295
vn -0.156639561 0.726875544 -0.668667316
vn -0.511484385 0.451639771 -0.731030345
vn -0.322029769 0.7632007 -0.56019783
vn -0.643397987 0.425465018 -0.636410654
vn -0.649583638 0.428394794 -0.628107607
vn -0.212064222 0.7255373 -0.65469414
vn 0.459003627 0.708140075 -0.536519647
vn 0.487093478 0.806036234 -0.33622238
vn 0.19153972 0.832009017 -0.520647109
vn 0.190427214 0.839824259 -0.50836283
vn -0.204074264 0.959878743 -0.192318782
vn -0.261244029 0.717168093 -0.646081626
vn -0.317766607 0.682881653 -0.657796979
vn 0.178056732 0.801552176 -0.570797682
vn -0.198951527 0.953115642 -0.22801061
vn 0.081708245 0.820034623 -0.566451311
vn 0.370304734 0.873026609 -0.317330867
vn 0.557059526 0.643428802 -0.525056183
vn -0.182512879 0.726063848 -0.662963212
vn -0.0288738254 0.683349669 -0.729519963
vn -0.182512879 0.726063848 -0.662963212
vn -0.212064222 0.7255373 -0.65469414
vn -0.372926861 0.759570062 -0.532896817
vn 0.174479663 0.670984924 -0.720649719
vn 0.149889708 0.875726879 -0.45895046
vn -0.183619872 0.782141805 -0.595430791
vn 0.437131822 0.865403891 -0.244932488
vn 0.563810766 0.748116374 -0.349913359
vn -0.142399922 0.779919982 -0.609464586
vn -0.158485323 0.735119879 -0.659151852
vn -0.142399922 0.779919982 -0.609464586
vn -0.0288738254 0.683349669 -0.729519963
vn -0.000842699781 0.974941134 -0.222461253
vn -0.00150309165 0.818498909 -0.574506044
vn -0.00143143069 0.99266088 -0.12092267
vn -0.00364014739 0.839538157 -0.543288529
vn -0.000754501147 0.987155437 -0.159760892
vn 0.00288649066 0.652080595 -0.758144081
vn -0.668573737 0.404955953 -0.623714566
vn -0.615677297 0.543208659 -0.570846617
vn -0.158485323 0.735119879 -0.659151852
vn -0.833748758 0.256165326 -0.489124089
vn -0.73465097 0.278876901 -0.618478417
vn -0.761939704 0.467084229 -0.448642552
vn -0.0288738254 0.683349669 -0.729519963
vn -0.694592774 0.423073262 -0.58185041
vn -0.182512879 0.726063848 -0.662963212
vn -0.165963069 0.715889215 -0.678202629
vn -0.564999342 0.274061799 -0.778245389
vn -0.717433214 0.0411745049 -0.695409358
vn -0.542041481 0.565566719 -0.621550679
vn -0.610360742 0.792123318 0.000642491214
vn -0.804781973 0.590322852 0.0620064959
vn -0.792598128 0.609686136 -0.00843142066
vn -0.799423635 0.596353471 0.0726933032
vn -0.644502282 0.745491385 -0.169880509
vn -0.804781973 0.590322852 0.0620064959
vn -0.047553543 0.833299875 -0.550772071
vn -0.102288917 0.950803757 -0.292419553
vn 0.0590911917 0.99799937 -0.0224818494
vn 0.534620762 0.177059084 0.826335788
vn -0.027459817 0.540258288 0.841051042
vn -0.191598237 -0.0216583442 0.981234491
vn -0.027459817 0.540258288 0.841051042
vn 0.807550609 0.200081959 0.554823697
vn 0.840148807 0.00791455153 0.542298138
vn 0.435151517 0.0873627141 0.896108687
vn 0.566158772 -0.365074813 0.739043057
vn -0.191598237 -0.0216583442 0.981234491
vn -0.5782969 -0.16122818 0.799736321
vn 0.534620762 0.177059084 0.826335788
vn -0.301065385 0.100969426 0.948243022
vn 0.840148807 0.00791455153 0.542298138
vn -0.121291846 -0.522530198 0.843949318
vn 0.85281384 0.00902082399 0.522137105
vn 0.840148807 0.00791455153 0.542298138
vn 0.566158772 -0.365074813 0.739043057
vn 0.840148807 0.00791455153 0.542298138
vn 0.85281384 0.00902082399 0.522137105
vn 0.85281384 0.00902082399 0.522137105
vn 0.750822842 -0.306545436 0.585059881
vn 0.142409161 -0.831336975 0.537213683
vn 0.85281384 0.00902082399 0.522137105
vn -0.513360322 -0.123938903 0.849176228
vn -0.80467397 -0.592146993 0.0431473851
vn -0.626153648 0.600733519 -0.49704212
vn -0.403336316 -0.693205357 0.597315907
vn -0.345516175 -0.695869684 0.629590333
vn -0.502866328 0.0162097756 0.864212215
vn -0.341020107 -0.84000057 0.422024041
vn -0.807699919 -0.586980641 -0.0554491058
vn 0.0596243665 -0.989327312 0.132953271
vn -0.553365707 -0.564823091 -0.612177491
vn -0.170963109 -0.853031874 0.493060052
vn 0.201973423 -0.97553432 0.0868311152
vn 0.0631832927 -0.411438793 -0.909244716
vn 0.476561397 -0.849322677 -0.227024466
vn 0.492757022 -0.823807716 -0.280234516
vn -0.327982306 -0.244128242 -0.912594616
vn 0.674866021 -0.636955082 -0.37261802
vn 0.684412897 -0.59736979 -0.418005139
vn 0.235244542 0.033995524 -0.971341491
vn 0.83737272 0.117624275 -0.533827186
vn 0.883261085 0.0114931948 -0.468740523
vn 0.410369575 -0.653517008 -0.636012912
vn 0.595431507 -0.71443218 -0.367488712
vn 0.857027888 -0.381644607 -0.346194506
vn 0.943960965 0.112367235 -0.310340732
vn -0.00102378463 0.64450115 -0.764602661
vn 0.608821034 0.642789841 -0.46492812
vn -0.0958790258 0.651706874 -0.752386391
vn 0.47726053 0.792532921 -0.379623622
vn 0.221249968 0.974265456 0.0430716276
vn -0.390481025 0.811172426 -0.435343474
vn -0.603328228 0.797370076 0.0140020978
vn -0.149413317 0.867562115 0.474354059
vn -0.322715133 0.680381656 0.657978475
vn -0.638634324 0.713980794 -0.28701511
vn -0.513360322 -0.123938903 0.849176228
vn -0.626153648 0.600733519 -0.49704212
vn 0.683581114 0.57207042 -0.453268409
vn 0.477052242 0.790391028 -0.38432163
vn 0.198527277 0.977742255 -0.0678758621
vn -0.0330887698 0.89431268 0.446217507
vn -0.295999527 0.696305871 0.653867185
vn -0.502866328 0.0162097756 0.864212215
vn -0.799423635 0.596353471 0.0726933032
vn -0.804781973 0.590322852 0.0620064959
vn -0.610360742 0.792123318 0.000642491214
vn 0.22671321 0.635421753 -0.738132954
vn -0.610360742 0.792123318 0.000642491214
vn 0.818422318 0.41384542 -0.398643821
vn 0.744899571 0.321926683 -0.584369779
vn 0.106608421 0.530681252 -0.840840161
vn -0.228207946 -0.88307488 -0.409999937
vn 0.0149536608 -0.731132984 -0.682071209
vn 0.563146412 -0.0263772178 -0.825936079
vn -0.234706104 0.868402481 -0.436795324
vn 0.914965034 0.260760128 -0.307966053
vn 0.914965034 0.260760128 -0.307966053
vn -0.758263707 -0.647108078 0.079292044
vn -0.758263707 -0.647108078 0.079292044
vn -0.860859454 -0.501371861 0.0868749768
vn -0.860859454 -0.501371861 0.0868749768
vn -0.983274281 0.170991838 -0.0627180487
vn -0.285005927 0.896310747 -0.339703649
vn -0.647279799 0.749820292 0.137107044
vn -0.345169008 0.800738156 -0.489568025
vn -0.710378289 0.698252618 0.0883510634
vn -0.982958972 0.112503447 0.145377725
vn -0.979189515 0.0836341307 0.184914023
vn 0.367990851 0.743532896 -0.558338225
vn 0.285297722 0.712097704 -0.641499817
vn 0.441591561 0.0697820783 -0.894498408
vn 0.261493027 0.666484475 -0.698154628
vn 0.492120594 0.0423443764 -0.869496584
vn 0.509244084 0.0385687649 -0.859757483
vn 0.308833003 -0.654258907 -0.690338731
vn 0.231621489 -0.565501451 -0.791555226
vn -0.158762366 -0.872968018 -0.461217284
vn -0.287072241 -0.881697714 -0.374430984
vn -0.790300786 -0.596316099 0.140825242
vn -0.897699833 -0.438091218 -0.0470236987
vn -0.982958972 0.112503447 0.145377725
vn -0.979189515 0.0836341307 0.184914023
vn 0.279001892 -0.633371532 -0.721802175
vn -0.30811438 -0.882355094 -0.355689585
vn -0.792040348 -0.591661632 0.150361672
vn -0.978533447 0.0658671483 0.195278987
vn -0.979189515 0.0836341307 0.184914023
vn -0.546756983 -0.639418423 -0.540556192
vn -0.776181936 -0.61690414 0.130272061
vn -0.982958972 0.112503447 0.145377725
vn -0.934094131 0.300470233 0.192836046
vn 0.166563556 -0.553739607 -0.815860927
vn 0.538009763 0.0484901406 -0.841542721
vn 0.185637802 0.708937287 -0.680401862
vn -0.323917866 0.881461501 -0.343660831
vn -0.757954478 0.648451328 -0.0708233863
vn -0.355967522 -0.695508063 -0.624143958
vn -0.857270241 -0.504437506 -0.103104748
vn -0.923271239 0.291115522 -0.250642955
vn 0.498809606 -0.690931559 -0.523261487
vn -0.173027456 0.220297739 -0.959963799
vn 0.258196801 0.711443722 -0.653591752
vn -0.296917289 0.921651661 -0.249796689
vn -0.712289333 0.695211291 0.0965667218
vn -0.934094131 0.300470233 0.192836046
vn -0.923271239 0.291115522 -0.250642955
vn -0.923271239 0.291115522 -0.250642955
vn -0.626153648 0.600733519 -0.49704212
vn -0.610699475 0.77630192 0.156210005
vn -0.275903612 0.913995922 -0.297470331
vn -0.461512148 0.784008384 -0.415135533
vn -0.701521873 0.667947829 -0.248420611
vn -0.571102321 0.820138276 0.0348618962
vn -0.386739016 0.730136812 -0.563323438
vn -0.626153648 0.600733519 -0.49704212
vn 0.0471743345 0.755952418 -0.652924716
vn -0.210138008 0.576966107 -0.789273202
vn -0.173027456 0.220297739 -0.959963799
vn -0.741591036 0.669103861 -0.048402302
vn -0.923271239 0.291115522 -0.250642955
vn 0.329629272 0.646119535 -0.688385069
vn 0.223076195 0.789966583 -0.571130276
vn -0.249955803 -0.210600808 -0.945076406
vn -0.206291884 -0.0284140874 -0.978077888
vn -0.355967522 -0.695508063 -0.624143958
vn -0.553365707 -0.564823091 -0.612177491
vn 0.441591561 0.0697820783 -0.894498408
vn 0.509244084 0.0385687649 -0.859757483
vn 0.441591561 0.0697820783 -0.894498408
vn 0.509244084 0.0385687649 -0.859757483
vn -0.0820811465 0.987059355 -0.137754917
vn -0.756118536 0.65439266 -0.00741733471
vn -0.978533447 0.0658671483 0.195278987
vn 0.349895388 0.728003621 -0.589562476
vn -0.309368759 0.850875676 -0.424619257
vn -0.596970975 0.770371974 0.223948196
vn -0.94706881 0.0716942921 0.312922448
vn -0.961430252 0.0756336227 0.264445603
vn -0.70085746 0.708311677 0.0842223614
vn 0.244402811 0.634739757 -0.733057082
vn 0.366771936 0.0742409602 -0.927343845
vn 0.411601454 0.0724659637 -0.908478379
vn 0.251072198 -0.618629158 -0.744486868
vn -0.323439419 -0.82823211 -0.457622677
vn -0.790300786 -0.589779139 0.166088164
vn -0.978533447 0.0658671483 0.195278987
vn -0.94706881 0.0716942921 0.312922448
vn -0.231400087 -0.809813917 -0.539124727
vn -0.675555527 -0.670672238 0.306306303
vn -0.961430252 0.0756336227 0.264445603
vn -0.94706881 0.0716942921 0.312922448
vn 0.246948585 -0.558475792 -0.791909873
vn 0.353857696 0.66607523 -0.656603813
vn -0.0509674475 0.990852654 -0.124953136
vn 0.0646720082 0.933424354 -0.352897316
vn -0.617347121 0.765742362 0.180336088
vn -0.996418357 0.0224926341 0.0815134719
vn -0.172967091 -0.857209802 0.48505035
vn -0.578523874 -0.592739463 0.560330272
vn -0.961430252 0.0756336227 0.264445603
vn -0.996418357 0.0224926341 0.0815134719
vn 0.261820167 0.480953068 -0.836740315
vn -0.222084954 0.161490247 -0.961560786
vn 0.107719667 0.0826280341 -0.99074173
vn -0.339580357 -0.0764417648 -0.937465668
vn 0.215883359 -0.629221737 -0.746642053
vn 0.284889549 0.722659051 -0.629763305
vn -0.555274725 0.751225412 -0.356833905
vn -0.842874229 0.427070796 -0.327373624
vn -0.863098145 0.292276263 -0.411869138
vn -0.561807215 -0.422684073 0.71113354
vn -0.985271096 -0.170324445 -0.0151811494
vn -0.202387452 -0.326402694 -0.923309565
vn 0.111688711 -0.870922685 -0.478559554
vn 0.107719667 0.0826280341 -0.99074173
vn -0.996418357 0.0224926341 0.0815134719
vn -0.985271096 -0.170324445 -0.0151811494
vn -0.978533447 0.0658671483 0.195278987
vn -0.979189515 0.0836341307 0.184914023
vn -0.982958972 0.112503447 0.145377725
vn -0.934094131 0.300470233 0.192836046
vn 0.492120594 0.0423443764 -0.869496584
vn 0.411601454 0.0724659637 -0.908478379
vn 0.492120594 0.0423443764 -0.869496584
vn 0.411601454 0.0724659637 -0.908478379
vn -0.934094131 0.300470233 0.192836046
vn 0.366771936 0.0742409602 -0.927343845
vn 0.107719667 0.0826280341 -0.99074173
vn -0.985271096 -0.170324445 -0.0151811494
vn -0.996418357 0.0224926341 0.0815134719
vn -0.983274281 0.170991838 -0.0627180487
vn -0.799423635 0.596353471 0.0726933032
vn -0.792598128 0.609686136 -0.00843142066
vn -0.805666387 0.589149654 0.0616800301
vn -0.805666387 0.589149654 0.0616800301
vn -0.989210606 0.065386191 0.131099328
vn 0.410369575 -0.653517008 -0.636012912
vn 0.563146412 -0.0263772178 -0.825936079
vn 0.410369575 -0.653517008 -0.636012912
vn 0.410369575 -0.653517008 -0.636012912
vn -0.175377995 0.0504557267 -0.983207464
vn -0.367382646 -0.741584361 -0.561322212
vn 0.177875564 -0.35680753 -0.917087018
vn 0.612505555 -0.676732183 0.408497989
vn 0.142409161 -0.831336975 0.537213683
vn 0.563146412 -0.0263772178 -0.825936079
vn -0.108055711 0.561191499 -0.820602298
vn -0.0190447699 0.781950653 -0.623049319
vn 0.28841266 0.747429013 -0.598471522
vn -0.168609902 0.980751276 -0.098476842
vn 0.161120489 0.892364562 -0.421575129
vn 0.367405146 0.830215931 -0.419231266
vn -0.156639561 0.726875544 -0.668667316
vn -0.322029769 0.7632007 -0.56019783
vn -0.00154472492 0.811260879 -0.584682286
vn -8.66881055E-06 0.962144852 -0.272538662
vn -0.000754501147 0.987155437 -0.159760892
vn -0.299156755 0.504842162 -0.809715748
vn -0.616893768 0.422218502 -0.664208949
vn -0.193686202 0.82376641 -0.532817602
vn -0.443281382 0.393446594 -0.805419981
vn -0.692536592 0.295370936 -0.65814054
vn -0.820430875 0.567478478 0.0697226077
vn -0.588451147 0.805429816 -0.0707675889
vn -0.236528084 0.924018562 0.300406843
vn -0.00743348431 0.967127204 0.254184425
vn 0.408158451 0.61748004 -0.672402382
vn 0.0692291856 0.633541822 -0.770605087
vn -0.235558495 0.794674993 -0.559467554
vn 0.00229820283 0.840445697 -0.54189086
vn -0.193686202 0.82376641 -0.532817602
vn -0.000836674881 0.856900156 0.515481591
vn -0.000587443239 0.976268291 0.216563672
vn -0.193686202 0.82376641 -0.532817602
vn -0.158485323 0.735119879 -0.659151852
vn -0.480623007 -0.675669551 -0.558991969
vn -0.819292188 -0.401094109 -0.409736246
vn -0.763240933 -0.495165586 -0.415059417
vn -0.412514567 -0.893773735 -0.176068768
vn -0.332096666 0.143297657 -0.932296991
vn -0.647064745 0.0813754573 -0.758080006
vn -0.426060796 -0.899844348 -0.0935536847
vn -0.752644122 -0.019453017 -0.658140004
vn -0.819991827 -0.27140069 -0.503939509
vn -0.443281382 0.393446594 -0.805419981
vn -0.86152935 0.00352661847 0.507695377
vn -0.426060796 -0.899844348 -0.0935536847
vn 0.914965034 0.260760128 -0.307966053
vn -0.234706104 0.868402481 -0.436795324
vn -0.279909939 0.959580541 0.0292519089
vn -0.279909939 0.959580541 0.0292519089
vn -0.279909939 0.959580541 0.0292519089
vn -0.362629175 0.931933582 -7.14948328E-06
vn -0.362629175 0.931933582 -7.14948328E-06
vn -0.362629175 0.931933582 -7.14948328E-06
vn 0.0476085953 0.998866081 -7.63508888E-06
vn 0.0476085953 0.998866081 -7.63508888E-06
vn 0.0476085953 0.998866081 -7.63508888E-06
vn 0.0476308838 0.998865008 0
vn 0.0476308838 0.998865008 0
vn 0.495771557 0.868452966 8.59434658E-06
vn 0.495771557 0.868452966 8.59434658E-06
vn 0.495771557 0.868452966 8.59434658E-06
vn 0.495794296 0.868440032 0
vn 0.146391779 -0.98922658 1.41463206E-05
vn 0.146391779 -0.98922658 1.41463206E-05
vn 0.146391779 -0.98922658 1.41463206E-05
vn 0.146369815 -0.989229977 -1.69755313E-05
vn 0.918296993 -0.395892233 -2.13158673E-05
vn 0.918296993 -0.395892233 -2.13158673E-05
vn 0.918296993 -0.395892233 -2.13158673E-05
vn 0.918299198 -0.395887017 -6.96650659E-06
vn 0.954695761 0.297583789 -1.29777718E-05
vn 0.954695761 0.297583789 -1.29777718E-05
vn 0.954695761 0.297583789 -1.29777718E-05
vn 0.954695761 0.297583699 -4.14956685E-06
vn 0.987656713 -0.156634435 -7.52282813E-06
vn 0.987656713 -0.156634435 -7.52282813E-06
vn 0.987656713 -0.156634435 -7.52282813E-06
vn 0.987656116 -0.156637982 -1.34144975E-05
vn 0.987656116 -0.156637982 -1.34144975E-05
vn 0.0428157374 -0.570880473 0.81991607
vn 0.0428157374 -0.570880473 0.81991607
vn -0.0311106201 -0.612688065 0.78971225
vn 0.116394207 -0.524434388 0.843457818
vn 0.00403104397 -0.626025915 0.779791832
vn 0.00403104397 -0.626025915 0.779791832
vn 0.0306709167 -0.521953106 0.852422476
vn 0.0306709167 -0.521953106 0.852422476
vn 0.168537155 -0.568862617 0.804978609
vn -0.107914813 -0.462799579 0.879869878
vn -0.0543740429 -0.315145493 0.947484374
vn -0.0543740429 -0.315145493 0.947484374
vn -0.0432737581 -0.440969378 0.896478236
vn -0.064465344 -0.183473632 0.980908632
vn 0.0523950309 -0.454770058 0.889066279
vn 0.0523950309 -0.454770058 0.889066279
vn 0.0523950309 -0.454770058 0.889066279
vn -0.355656624 -0.606134653 0.711413503
vn -0.355656624 -0.606134653 0.711413503
vn -0.355656624 -0.606134653 0.711413503
g green_mag_m_4_torso_0
f 3/3/3 2/2/2 1/1/1
f 4/4/4 1/1/1 2/2/2
f 2/2/2 3/3/3 5/5/5
f 6/6/6 5/5/5 3/3/3
f 6/6/6 3/3/3 7/7/7
f 8/8/8 7/7/7 3/3/3
f 1/1/1 9/9/9 3/3/3
f 8/8/8 3/3/3 9/9/9
f 5/5/5 6/6/6 10/10/10
f 11/11/11 10/10/10 6/6/6
f 7/7/7 12/12/12 6/6/6
f 11/11/11 6/6/6 12/12/12
f 11/11/11 13/13/13 10/10/10
f 14/14/14 10/10/10 13/13/13
f 11/11/11 15/15/15 13/13/13
f 16/16/16 13/13/13 15/15/15
f 12/12/12 17/17/17 11/11/11
f 15/15/15 11/11/11 17/17/17
f 15/15/15 18/18/18 16/16/16
f 10/10/10 19/19/19 5/5/5
f 10/10/10 14/14/14 19/19/19
f 20/20/20 5/5/5 19/19/19
f 5/5/5 20/20/20 2/2/2
f 21/21/21 2/2/2 20/20/20
f 20/20/20 22/22/22 21/21/21
f 23/23/23 21/21/21 22/22/22
f 21/21/21 23/23/23 24/24/24
f 21/21/21 24/24/24 2/2/2
f 25/25/25 24/24/24 23/23/23
f 26/26/26 19/19/19 14/14/14
f 19/19/19 26/26/26 27/27/27
f 19/19/19 27/27/27 20/20/20
f 22/22/22 20/20/20 27/27/27
f 28/28/28 27/27/27 26/26/26
f 15/15/15 17/17/17 29/29/29
f 30/30/30 29/29/29 17/17/17
f 4/4/4 2/2/2 24/24/24
f 24/24/24 31/31/31 4/4/4
f 4/4/4 31/31/31 32/32/32
f 33/33/33 32/32/32 31/31/31
f 4/4/4 32/32/32 34/34/34
f 4/4/4 34/34/34 1/1/1
f 35/35/35 1/1/1 34/34/34
f 34/34/34 36/36/36 35/35/35
f 37/37/37 35/35/35 36/36/36
f 36/36/36 38/38/38 37/37/37
f 39/39/39 37/37/37 38/38/38
f 40/40/40 34/34/34 32/32/32
f 1/1/1 35/35/35 9/9/9
f 41/41/41 9/9/9 35/35/35
f 41/41/41 35/35/35 42/42/42
f 37/37/37 42/42/42 35/35/35
f 37/37/37 39/39/39 42/42/42
f 43/43/43 42/42/42 39/39/39
f 9/9/9 41/41/41 44/44/44
f 45/45/45 44/44/44 41/41/41
f 41/41/41 42/42/42 45/45/45
f 46/46/46 45/45/45 42/42/42
f 42/42/42 43/43/43 46/46/46
f 47/47/47 46/46/46 43/43/43
f 44/44/44 45/45/45 48/48/48
f 44/44/44 48/48/48 49/49/49
f 50/50/50 49/49/49 48/48/48
f 48/48/48 51/51/51 50/50/50
f 48/48/48 52/52/52 51/51/51
f 52/52/52 48/48/48 45/45/45
f 45/45/45 46/46/46 52/52/52
f 53/53/53 51/51/51 52/52/52
f 52/52/52 54/54/54 53/53/53
f 54/54/54 52/52/52 46/46/46
f 55/55/55 53/53/53 54/54/54
f 55/55/55 54/54/54 56/56/56
f 57/57/57 56/56/56 54/54/54
f 47/47/47 57/57/57 46/46/46
f 54/54/54 46/46/46 57/57/57
f 56/56/56 58/58/58 55/55/55
f 59/59/59 50/50/50 51/51/51
f 59/59/59 60/60/60 50/50/50
f 61/61/61 50/50/50 60/60/60
f 59/59/59 62/62/62 60/60/60
f 59/59/59 51/51/51 62/62/62
f 63/63/63 61/61/61 60/60/60
f 63/63/63 64/64/64 61/61/61
f 64/64/64 63/63/63 65/65/65
f 65/65/65 66/66/66 64/64/64
f 67/67/67 64/64/64 66/66/66
f 64/64/64 67/67/67 68/68/68
f 68/68/68 61/61/61 64/64/64
f 69/69/69 68/68/68 67/67/67
f 69/69/69 30/30/30 68/68/68
f 70/70/70 68/68/68 30/30/30
f 30/30/30 17/17/17 70/70/70
f 12/12/12 70/70/70 17/17/17
f 71/71/71 65/65/65 63/63/63
f 65/65/65 72/72/72 66/66/66
f 65/65/65 73/73/73 72/72/72
f 74/74/74 72/72/72 73/73/73
f 75/75/75 66/66/66 72/72/72
f 67/67/67 66/66/66 76/76/76
f 75/75/75 76/76/76 66/66/66
f 72/72/72 77/77/77 75/75/75
f 72/72/72 78/78/78 77/77/77
f 79/79/79 77/77/77 78/78/78
f 80/80/80 75/75/75 77/77/77
f 75/75/75 80/80/80 81/81/81
f 82/82/82 81/81/81 80/80/80
f 82/82/82 80/80/80 83/83/83
f 84/84/84 83/83/83 80/80/80
f 80/80/80 77/77/77 84/84/84
f 85/85/85 84/84/84 77/77/77
f 79/79/79 86/86/86 77/77/77
f 87/87/87 77/77/77 86/86/86
f 75/75/75 89/89/89 88/88/88
f 91/91/91 89/89/89 90/90/90
f 90/90/90 93/93/93 92/92/92
f 94/94/94 92/92/92 93/93/93
f 94/94/94 95/95/95 92/92/92
f 96/96/96 92/92/92 95/95/95
f 95/95/95 97/97/97 96/96/96
f 98/98/98 96/96/96 97/97/97
f 98/98/98 97/97/97 99/99/99
f 100/100/100 99/99/99 97/97/97
f 99/99/99 100/100/100 101/101/101
f 99/99/99 101/101/101 102/102/102
f 103/103/103 102/102/102 101/101/101
f 103/103/103 101/101/101 104/104/104
f 104/104/104 13/13/13 103/103/103
f 104/104/104 105/105/105 13/13/13
f 104/104/104 106/106/106 105/105/105
f 107/107/107 105/105/105 106/106/106
f 106/106/106 108/108/108 107/107/107
f 109/109/109 107/107/107 108/108/108
f 108/108/108 110/110/110 109/109/109
f 111/111/111 109/109/109 110/110/110
f 106/106/106 112/112/112 108/108/108
f 113/113/113 108/108/108 112/112/112
f 113/113/113 114/114/114 108/108/108
f 110/110/110 108/108/108 114/114/114
f 104/104/104 115/115/115 106/106/106
f 112/112/112 106/106/106 115/115/115
f 115/115/115 104/104/104 101/101/101
f 14/14/14 13/13/13 105/105/105
f 16/16/16 103/103/103 13/13/13
f 16/16/16 116/116/116 103/103/103
f 107/107/107 109/109/109 117/117/117
f 118/118/118 117/117/117 109/109/109
f 117/117/117 118/118/118 119/119/119
f 120/120/120 119/119/119 118/118/118
f 118/118/118 121/121/121 120/120/120
f 118/118/118 109/109/109 121/121/121
f 111/111/111 121/121/121 109/109/109
f 122/122/122 120/120/120 121/121/121
f 119/119/119 123/123/123 117/117/117
f 124/124/124 117/117/117 123/123/123
f 124/124/124 123/123/123 26/26/26
f 26/26/26 14/14/14 124/124/124
f 28/28/28 26/26/26 123/123/123
f 117/117/117 124/124/124 107/107/107
f 105/105/105 107/107/107 124/124/124
f 105/105/105 124/124/124 14/14/14
f 120/120/120 122/122/122 125/125/125
f 126/126/126 125/125/125 122/122/122
f 122/122/122 127/127/127 126/126/126
f 127/127/127 122/122/122 128/128/128
f 129/129/129 128/128/128 122/122/122
f 128/128/128 130/130/130 127/127/127
f 131/131/131 127/127/127 130/130/130
f 132/132/132 126/126/126 127/127/127
f 133/133/133 125/125/125 126/126/126
f 133/133/133 134/134/134 125/125/125
f 135/135/135 125/125/125 134/134/134
f 125/125/125 135/135/135 136/136/136
f 137/137/137 136/136/136 135/135/135
f 137/137/137 138/138/138 136/136/136
f 139/139/139 136/136/136 138/138/138
f 139/139/139 138/138/138 140/140/140
f 140/140/140 141/141/141 139/139/139
f 142/142/142 139/139/139 141/141/141
f 142/142/142 141/141/141 143/143/143
f 144/144/144 143/143/143 141/141/141
f 143/143/143 144/144/144 145/145/145
f 146/146/146 145/145/145 144/144/144
f 141/141/141 147/147/147 144/144/144
f 146/146/146 144/144/144 147/147/147
f 141/141/141 140/140/140 147/147/147
f 143/143/143 145/145/145 148/148/148
f 149/149/149 148/148/148 145/145/145
f 145/145/145 146/146/146 149/149/149
f 149/149/149 150/150/150 148/148/148
f 151/151/151 148/148/148 150/150/150
f 150/150/150 152/152/152 151/151/151
f 153/153/153 151/151/151 152/152/152
f 149/149/149 154/154/154 150/150/150
f 152/152/152 150/150/150 154/154/154
f 152/152/152 154/154/154 155/155/155
f 154/154/154 149/149/149 156/156/156
f 146/146/146 156/156/156 149/149/149
f 146/146/146 147/147/147 156/156/156
f 157/157/157 156/156/156 147/147/147
f 156/156/156 157/157/157 158/158/158
f 159/159/159 158/158/158 157/157/157
f 154/154/154 160/160/160 155/155/155
f 161/161/161 155/155/155 160/160/160
f 156/156/156 162/162/162 154/154/154
f 160/160/160 154/154/154 162/162/162
f 156/156/156 158/158/158 162/162/162
f 163/163/163 162/162/162 158/158/158
f 159/159/159 164/164/164 158/158/158
f 163/163/163 158/158/158 164/164/164
f 160/160/160 165/165/165 161/161/161
f 160/160/160 162/162/162 165/165/165
f 166/166/166 161/161/161 165/165/165
f 161/161/161 166/166/166 167/167/167
f 168/168/168 167/167/167 166/166/166
f 168/168/168 169/169/169 167/167/167
f 170/170/170 167/167/167 169/169/169
f 169/169/169 171/171/171 170/170/170
f 172/172/172 170/170/170 171/171/171
f 172/172/172 171/171/171 173/173/173
f 174/174/174 173/173/173 171/171/171
f 174/174/174 175/175/175 173/173/173
f 176/176/176 173/173/173 175/175/175
f 172/172/172 173/173/173 177/177/177
f 178/178/178 177/177/177 173/173/173
f 178/178/178 179/179/179 177/177/177
f 178/178/178 180/180/180 179/179/179
f 181/181/181 179/179/179 180/180/180
f 182/182/182 177/177/177 179/179/179
f 182/182/182 183/183/183 177/177/177
f 184/184/184 177/177/177 183/183/183
f 170/170/170 172/172/172 184/184/184
f 177/177/177 184/184/184 172/172/172
f 183/183/183 185/185/185 184/184/184
f 186/186/186 184/184/184 185/185/185
f 181/181/181 187/187/187 179/179/179
f 188/188/188 179/179/179 187/187/187
f 182/182/182 179/179/179 189/189/189
f 190/190/190 189/189/189 179/179/179
f 190/190/190 187/187/187 191/191/191
f 190/190/190 191/191/191 189/189/189
f 192/192/192 191/191/191 187/187/187
f 193/193/193 189/189/189 191/191/191
f 193/193/193 194/194/194 189/189/189
f 195/195/195 189/189/189 194/194/194
f 183/183/183 182/182/182 195/195/195
f 189/189/189 195/195/195 182/182/182
f 183/183/183 195/195/195 185/185/185
f 194/194/194 196/196/196 195/195/195
f 197/197/197 195/195/195 196/196/196
f 197/197/197 185/185/185 195/195/195
f 186/186/186 167/167/167 184/184/184
f 170/170/170 184/184/184 167/167/167
f 193/193/193 191/191/191 198/198/198
f 193/193/193 198/198/198 194/194/194
f 199/199/199 198/198/198 191/191/191
f 198/198/198 199/199/199 200/200/200
f 201/201/201 200/200/200 199/199/199
f 200/200/200 40/40/40 198/198/198
f 40/40/40 200/200/200 34/34/34
f 36/36/36 34/34/34 200/200/200
f 200/200/200 202/202/202 36/36/36
f 203/203/203 36/36/36 202/202/202
f 202/202/202 199/199/199 204/204/204
f 205/205/205 198/198/198 40/40/40
f 40/40/40 32/32/32 205/205/205
f 206/206/206 205/205/205 32/32/32
f 205/205/205 194/194/194 198/198/198
f 206/206/206 196/196/196 205/205/205
f 194/194/194 205/205/205 196/196/196
f 204/204/204 207/207/207 202/202/202
f 208/208/208 202/202/202 207/207/207
f 202/202/202 208/208/208 209/209/209
f 210/210/210 202/202/202 209/209/209
f 210/210/210 209/209/209 211/211/211
f 212/212/212 209/209/209 208/208/208
f 209/209/209 212/212/212 213/213/213
f 214/214/214 213/213/213 212/212/212
f 213/213/213 215/215/215 209/209/209
f 214/214/214 216/216/216 213/213/213
f 217/217/217 213/213/213 216/216/216
f 213/213/213 217/217/217 211/211/211
f 218/218/218 211/211/211 217/217/217
f 217/217/217 216/216/216 219/219/219
f 220/220/220 219/219/219 216/216/216
f 220/220/220 221/221/221 219/219/219
f 220/220/220 222/222/222 221/221/221
f 223/223/223 221/221/221 222/222/222
f 222/222/222 224/224/224 223/223/223
f 225/225/225 223/223/223 224/224/224
f 224/224/224 226/226/226 225/225/225
f 227/227/227 225/225/225 226/226/226
f 225/225/225 227/227/227 228/228/228
f 225/225/225 228/228/228 223/223/223
f 229/229/229 228/228/228 227/227/227
f 230/230/230 228/228/228 229/229/229
f 227/227/227 231/231/231 229/229/229
f 232/232/232 229/229/229 231/231/231
f 226/226/226 233/233/233 227/227/227
f 234/234/234 227/227/227 233/233/233
f 234/234/234 231/231/231 227/227/227
f 233/233/233 235/235/235 234/234/234
f 236/236/236 234/234/234 235/235/235
f 236/236/236 237/237/237 234/234/234
f 238/238/238 234/234/234 237/237/237
f 232/232/232 231/231/231 238/238/238
f 234/234/234 238/238/238 231/231/231
f 239/239/239 223/223/223 228/228/228
f 228/228/228 230/230/230 239/239/239
f 240/240/240 239/239/239 230/230/230
f 240/240/240 241/241/241 239/239/239
f 242/242/242 239/239/239 241/241/241
f 239/239/239 242/242/242 223/223/223
f 221/221/221 223/223/223 242/242/242
f 242/242/242 243/243/243 221/221/221
f 244/244/244 221/221/221 243/243/243
f 244/244/244 243/243/243 57/57/57
f 56/56/56 57/57/57 243/243/243
f 244/244/244 219/219/219 221/221/221
f 57/57/57 47/47/47 245/245/245
f 246/246/246 245/245/245 47/47/47
f 47/47/47 43/43/43 219/219/219
f 217/217/217 219/219/219 43/43/43
f 248/248/248 247/247/247 241/241/241
f 12/12/12 7/7/7 249/249/249
f 250/250/250 249/249/249 7/7/7
f 12/12/12 249/249/249 251/251/251
f 250/250/250 61/61/61 249/249/249
f 61/61/61 250/250/250 50/50/50
f 49/49/49 50/50/50 250/250/250
f 7/7/7 49/49/49 250/250/250
f 68/68/68 249/249/249 61/61/61
f 68/68/68 252/252/252 249/249/249
f 49/49/49 7/7/7 44/44/44
f 8/8/8 44/44/44 7/7/7
f 9/9/9 44/44/44 8/8/8
f 255/255/255 254/254/254 253/253/253
f 256/256/256 253/253/253 254/254/254
f 254/254/254 255/255/255 257/257/257
f 257/257/257 258/258/258 254/254/254
f 259/259/259 257/257/257 255/255/255
f 256/256/256 260/260/260 253/253/253
f 260/260/260 256/256/256 261/261/261
f 262/262/262 261/261/261 256/256/256
f 263/263/263 262/262/262 256/256/256
f 264/264/264 253/253/253 260/260/260
f 253/253/253 264/264/264 265/265/265
f 253/253/253 265/265/265 255/255/255
f 266/266/266 265/265/265 264/264/264
f 267/267/267 255/255/255 265/265/265
f 255/255/255 267/267/267 259/259/259
f 266/266/266 264/264/264 268/268/268
f 269/269/269 268/268/268 264/264/264
f 264/264/264 260/260/260 269/269/269
f 261/261/261 269/269/269 260/260/260
f 266/266/266 268/268/268 270/270/270
f 266/266/266 270/270/270 265/265/265
f 268/268/268 271/271/271 270/270/270
f 270/270/270 271/271/271 272/272/272
f 270/270/270 272/272/272 265/265/265
f 267/267/267 265/265/265 272/272/272
f 273/273/273 272/272/272 271/271/271
f 268/268/268 274/274/274 271/271/271
f 268/268/268 269/269/269 274/274/274
f 275/275/275 271/271/271 274/274/274
f 275/275/275 276/276/276 271/271/271
f 273/273/273 271/271/271 276/276/276
f 275/275/275 277/277/277 276/276/276
f 278/278/278 276/276/276 277/277/277
f 277/277/277 275/275/275 279/279/279
f 280/280/280 279/279/279 275/275/275
f 280/280/280 275/275/275 274/274/274
f 281/281/281 274/274/274 269/269/269
f 272/272/272 282/282/282 267/267/267
f 272/272/272 273/273/273 282/282/282
f 283/283/283 267/267/267 282/282/282
f 284/284/284 282/282/282 273/273/273
f 284/284/284 273/273/273 285/285/285
f 276/276/276 286/286/286 273/273/273
f 276/276/276 278/278/278 287/287/287
f 288/288/288 287/287/287 278/278/278
f 282/282/282 289/289/289 283/283/283
f 282/282/282 284/284/284 289/289/289
f 290/290/290 283/283/283 289/289/289
f 290/290/290 291/291/291 283/283/283
f 259/259/259 283/283/283 291/291/291
f 283/283/283 259/259/259 267/267/267
f 291/291/291 292/292/292 259/259/259
f 257/257/257 259/259/259 292/292/292
f 257/257/257 292/292/292 293/293/293
f 294/294/294 289/289/289 284/284/284
f 285/285/285 295/295/295 284/284/284
f 294/294/294 284/284/284 295/295/295
f 287/287/287 288/288/288 295/295/295
f 290/290/290 296/296/296 291/291/291
f 290/290/290 289/289/289 296/296/296
f 297/297/297 291/291/291 296/296/296
f 294/294/294 298/298/298 289/289/289
f 294/294/294 295/295/295 298/298/298
f 299/299/299 289/289/289 298/298/298
f 299/299/299 300/300/300 289/289/289
f 301/301/301 298/298/298 295/295/295
f 301/301/301 295/295/295 302/302/302
f 298/298/298 301/301/301 303/303/303
f 304/304/304 303/303/303 301/301/301
f 299/299/299 298/298/298 305/305/305
f 303/303/303 305/305/305 298/298/298
f 305/305/305 306/306/306 299/299/299
f 300/300/300 299/299/299 306/306/306
f 296/296/296 306/306/306 297/297/297
f 307/307/307 297/297/297 306/306/306
f 307/307/307 308/308/308 297/297/297
f 309/309/309 297/297/297 308/308/308
f 297/297/297 309/309/309 291/291/291
f 292/292/292 291/291/291 309/309/309
f 302/302/302 310/310/310 301/301/301
f 304/304/304 301/301/301 310/310/310
f 305/305/305 303/303/303 311/311/311
f 312/312/312 311/311/311 303/303/303
f 311/311/311 312/312/312 313/313/313
f 310/310/310 314/314/314 304/304/304
f 315/315/315 304/304/304 314/314/314
f 311/311/311 313/313/313 316/316/316
f 316/316/316 313/313/313 317/317/317
f 317/317/317 318/318/318 316/316/316
f 307/307/307 318/318/318 308/308/308
f 318/318/318 317/317/317 319/319/319
f 319/319/319 308/308/308 318/318/318
f 317/317/317 320/320/320 319/319/319
f 320/320/320 317/317/317 313/313/313
f 321/321/321 319/319/319 320/320/320
f 322/322/322 316/316/316 318/318/318
f 316/316/316 322/322/322 311/311/311
f 305/305/305 311/311/311 322/322/322
f 321/321/321 323/323/323 319/319/319
f 308/308/308 319/319/319 323/323/323
f 323/323/323 321/321/321 324/324/324
f 325/325/325 324/324/324 321/321/321
f 318/318/318 307/307/307 322/322/322
f 306/306/306 322/322/322 307/307/307
f 322/322/322 306/306/306 305/305/305
f 325/325/325 321/321/321 326/326/326
f 320/320/320 326/326/326 321/321/321
f 320/320/320 313/313/313 326/326/326
f 327/327/327 326/326/326 313/313/313
f 327/327/327 313/313/313 328/328/328
f 329/329/329 328/328/328 313/313/313
f 326/326/326 327/327/327 330/330/330
f 331/331/331 330/330/330 327/327/327
f 326/326/326 330/330/330 332/332/332
f 328/328/328 333/333/333 327/327/327
f 331/331/331 327/327/327 333/333/333
f 334/334/334 333/333/333 328/328/328
f 335/335/335 334/334/334 328/328/328
f 335/335/335 328/328/328 336/336/336
f 337/337/337 336/336/336 328/328/328
f 337/337/337 328/328/328 314/314/314
f 337/337/337 314/314/314 338/338/338
f 337/337/337 339/339/339 336/336/336
f 340/340/340 336/336/336 339/339/339
f 336/336/336 340/340/340 335/335/335
f 334/334/334 335/335/335 340/340/340
f 303/303/303 304/304/304 329/329/329
f 342/342/342 341/341/341 314/314/314
f 341/341/341 343/343/343 337/337/337
f 344/344/344 254/254/254 293/293/293
f 346/346/346 345/345/345 344/344/344
f 346/346/346 344/344/344 347/347/347
f 254/254/254 348/348/348 256/256/256
f 256/256/256 350/350/350 349/349/349
f 351/351/351 349/349/349 350/350/350
f 349/349/349 263/263/263 256/256/256
f 263/263/263 349/349/349 352/352/352
f 352/352/352 353/353/353 263/263/263
f 262/262/262 263/263/263 353/353/353
f 354/354/354 352/352/352 349/349/349
f 353/353/353 355/355/355 262/262/262
f 261/261/261 262/262/262 355/355/355
f 355/355/355 281/281/281 261/261/261
f 269/269/269 261/261/261 281/281/281
f 358/358/358 357/357/357 356/356/356
f 357/357/357 360/360/360 359/359/359
f 362/362/362 361/361/361 358/358/358
f 363/363/363 358/358/358 361/361/361
f 363/363/363 361/361/361 364/364/364
f 365/365/365 364/364/364 361/361/361
f 364/364/364 365/365/365 366/366/366
f 363/363/363 295/295/295 367/367/367
f 363/363/363 368/368/368 295/295/295
f 370/370/370 366/366/366 369/369/369
f 369/369/369 366/366/366 371/371/371
f 373/373/373 372/372/372 278/278/278
f 375/375/375 374/374/374 277/277/277
f 375/375/375 280/280/280 376/376/376
f 377/377/377 376/376/376 280/280/280
f 379/379/379 374/374/374 378/378/378
f 380/380/380 280/280/280 274/274/274
f 381/381/381 380/380/380 274/274/274
f 274/274/274 382/382/382 381/381/381
f 383/383/383 258/258/258 292/292/292
f 292/292/292 309/309/309 383/383/383
f 384/384/384 383/383/383 309/309/309
f 384/384/384 309/309/309 385/385/385
f 308/308/308 385/385/385 309/309/309
f 308/308/308 386/386/386 385/385/385
f 386/386/386 308/308/308 387/387/387
f 390/390/390 389/389/389 388/388/388
f 393/393/393 392/392/392 391/391/391
f 394/394/394 391/391/391 392/392/392
f 392/392/392 393/393/393 395/395/395
f 394/394/394 396/396/396 391/391/391
f 397/397/397 391/391/391 396/396/396
f 396/396/396 398/398/398 397/397/397
f 399/399/399 397/397/397 398/398/398
f 392/392/392 400/400/400 394/394/394
f 401/401/401 394/394/394 400/400/400
f 394/394/394 401/401/401 396/396/396
f 402/402/402 396/396/396 401/401/401
f 401/401/401 403/403/403 402/402/402
f 401/401/401 400/400/400 403/403/403
f 404/404/404 402/402/402 403/403/403
f 395/395/395 393/393/393 405/405/405
f 406/406/406 405/405/405 393/393/393
f 393/393/393 391/391/391 406/406/406
f 397/397/397 406/406/406 391/391/391
f 405/405/405 406/406/406 407/407/407
f 408/408/408 407/407/407 406/406/406
f 406/406/406 397/397/397 408/408/408
f 399/399/399 408/408/408 397/397/397
f 399/399/399 409/409/409 408/408/408
f 410/410/410 408/408/408 409/409/409
f 410/410/410 411/411/411 408/408/408
f 407/407/407 408/408/408 411/411/411
f 412/412/412 403/403/403 400/400/400
f 404/404/404 403/403/403 413/413/413
f 412/412/412 413/413/413 403/403/403
f 404/404/404 414/414/414 402/402/402
f 415/415/415 402/402/402 414/414/414
f 414/414/414 404/404/404 416/416/416
f 413/413/413 416/416/416 404/404/404
f 414/414/414 416/416/416 417/417/417
f 418/418/418 417/417/417 416/416/416
f 419/419/419 414/414/414 417/417/417
f 407/407/407 411/411/411 420/420/420
f 421/421/421 420/420/420 411/411/411
f 420/420/420 422/422/422 407/407/407
f 405/405/405 407/407/407 422/422/422
f 422/422/422 423/423/423 405/405/405
f 395/395/395 405/405/405 423/423/423
f 423/423/423 424/424/424 395/395/395
f 423/423/423 422/422/422 424/424/424
f 392/392/392 395/395/395 424/424/424
f 425/425/425 392/392/392 424/424/424
f 425/425/425 424/424/424 426/426/426
f 427/427/427 426/426/426 424/424/424
f 427/427/427 424/424/424 422/422/422
f 422/422/422 420/420/420 427/427/427
f 426/426/426 427/427/427 428/428/428
f 429/429/429 428/428/428 427/427/427
f 429/429/429 427/427/427 420/420/420
f 392/392/392 425/425/425 400/400/400
f 430/430/430 400/400/400 425/425/425
f 425/425/425 426/426/426 430/430/430
f 431/431/431 430/430/430 426/426/426
f 430/430/430 431/431/431 432/432/432
f 430/430/430 432/432/432 400/400/400
f 433/433/433 432/432/432 431/431/431
f 412/412/412 400/400/400 432/432/432
f 412/412/412 432/432/432 413/413/413
f 433/433/433 413/413/413 432/432/432
f 431/431/431 426/426/426 434/434/434
f 428/428/428 434/434/434 426/426/426
f 434/434/434 428/428/428 435/435/435
f 428/428/428 436/436/436 435/435/435
f 437/437/437 435/435/435 436/436/436
f 435/435/435 437/437/437 438/438/438
f 437/437/437 439/439/439 438/438/438
f 440/440/440 438/438/438 439/439/439
f 438/438/438 440/440/440 441/441/441
f 438/438/438 441/441/441 435/435/435
f 440/440/440 442/442/442 441/441/441
f 443/443/443 441/441/441 442/442/442
f 442/442/442 440/440/440 444/444/444
f 439/439/439 444/444/444 440/440/440
f 442/442/442 444/444/444 445/445/445
f 442/442/442 445/445/445 443/443/443
f 444/444/444 446/446/446 445/445/445
f 446/446/446 447/447/447 445/445/445
f 448/448/448 445/445/445 447/447/447
f 448/448/448 443/443/443 445/445/445
f 447/447/447 449/449/449 448/448/448
f 449/449/449 447/447/447 450/450/450
f 450/450/450 451/451/451 449/449/449
f 452/452/452 449/449/449 451/451/451
f 452/452/452 451/451/451 453/453/453
f 452/452/452 453/453/453 454/454/454
f 452/452/452 454/454/454 449/449/449
f 455/455/455 454/454/454 453/453/453
f 453/453/453 456/456/456 455/455/455
f 457/457/457 455/455/455 456/456/456
f 456/456/456 458/458/458 457/457/457
f 459/459/459 457/457/457 458/458/458
f 459/459/459 458/458/458 460/460/460
f 459/459/459 460/460/460 461/461/461
f 461/461/461 460/460/460 462/462/462
f 461/461/461 462/462/462 463/463/463
f 459/459/459 463/463/463 457/457/457
f 463/463/463 459/459/459 461/461/461
f 464/464/464 463/463/463 462/462/462
f 462/462/462 465/465/465 464/464/464
f 466/466/466 464/464/464 465/465/465
f 466/466/466 467/467/467 464/464/464
f 468/468/468 464/464/464 467/467/467
f 464/464/464 468/468/468 463/463/463
f 467/467/467 469/469/469 468/468/468
f 469/469/469 467/467/467 470/470/470
f 471/471/471 468/468/468 469/469/469
f 465/465/465 472/472/472 466/466/466
f 473/473/473 466/466/466 472/472/472
f 466/466/466 473/473/473 474/474/474
f 475/475/475 463/463/463 468/468/468
f 468/468/468 471/471/471 475/475/475
f 476/476/476 462/462/462 460/460/460
f 472/472/472 465/465/465 476/476/476
f 462/462/462 476/476/476 465/465/465
f 475/475/475 457/457/457 463/463/463
f 477/477/477 475/475/475 471/471/471
f 477/477/477 455/455/455 475/475/475
f 457/457/457 475/475/475 455/455/455
f 469/469/469 478/478/478 471/471/471
f 469/469/469 479/479/479 478/478/478
f 480/480/480 479/479/479 467/467/467
f 481/481/481 478/478/478 470/470/470
f 482/482/482 471/471/471 478/478/478
f 471/471/471 482/482/482 477/477/477
f 483/483/483 477/477/477 482/482/482
f 483/483/483 454/454/454 477/477/477
f 455/455/455 477/477/477 454/454/454
f 483/483/483 482/482/482 484/484/484
f 483/483/483 484/484/484 454/454/454
f 485/485/485 484/484/484 482/482/482
f 484/484/484 485/485/485 486/486/486
f 487/487/487 486/486/486 485/485/485
f 485/485/485 482/482/482 488/488/488
f 478/478/478 488/488/488 482/482/482
f 478/478/478 481/481/481 488/488/488
f 488/488/488 435/435/435 485/485/485
f 487/487/487 485/485/485 435/435/435
f 487/487/487 435/435/435 441/441/441
f 435/435/435 488/488/488 434/434/434
f 489/489/489 434/434/434 488/488/488
f 489/489/489 488/488/488 481/481/481
f 441/441/441 443/443/443 487/487/487
f 486/486/486 487/487/487 443/443/443
f 448/448/448 486/486/486 443/443/443
f 448/448/448 490/490/490 486/486/486
f 490/490/490 454/454/454 491/491/491
f 491/491/491 486/486/486 490/490/490
f 490/490/490 449/449/449 454/454/454
f 490/490/490 448/448/448 449/449/449
f 434/434/434 492/492/492 431/431/431
f 433/433/433 431/431/431 492/492/492
f 492/492/492 416/416/416 433/433/433
f 413/413/413 433/433/433 416/416/416
f 492/492/492 434/434/434 493/493/493
f 493/493/493 494/494/494 492/492/492
f 418/418/418 492/492/492 494/494/494
f 492/492/492 418/418/418 416/416/416
f 496/496/496 493/493/493 495/495/495
f 398/398/398 396/396/396 497/497/497
f 402/402/402 497/497/497 396/396/396
f 500/500/500 499/499/499 498/498/498
f 502/502/502 501/501/501 499/499/499
f 499/499/499 503/503/503 502/502/502
f 504/504/504 502/502/502 503/503/503
f 504/504/504 503/503/503 505/505/505
f 414/414/414 507/507/507 506/506/506
f 509/509/509 508/508/508 419/419/419
f 512/512/512 511/511/511 510/510/510
f 514/514/514 513/513/513 510/510/510
f 515/515/515 510/510/510 513/513/513
f 513/513/513 514/514/514 516/516/516
f 513/513/513 518/518/518 517/517/517
f 521/521/521 520/520/520 519/519/519
f 520/520/520 523/523/523 522/522/522
f 526/526/526 525/525/525 524/524/524
f 527/527/527 524/524/524 525/525/525
f 526/526/526 524/524/524 528/528/528
f 529/529/529 528/528/528 524/524/524
f 526/526/526 530/530/530 525/525/525
f 531/531/531 525/525/525 530/530/530
f 530/530/530 532/532/532 531/531/531
f 533/533/533 531/531/531 532/532/532
f 530/530/530 534/534/534 532/532/532
f 528/528/528 534/534/534 526/526/526
f 530/530/530 526/526/526 534/534/534
f 535/535/535 532/532/532 534/534/534
f 533/533/533 532/532/532 536/536/536
f 537/537/537 536/536/536 532/532/532
f 532/532/532 535/535/535 537/537/537
f 538/538/538 537/537/537 535/535/535
f 536/536/536 537/537/537 539/539/539
f 540/540/540 539/539/539 537/537/537
f 537/537/537 538/538/538 540/540/540
f 541/541/541 540/540/540 538/538/538
f 539/539/539 540/540/540 542/542/542
f 543/543/543 542/542/542 540/540/540
f 540/540/540 541/541/541 543/543/543
f 544/544/544 543/543/543 541/541/541
f 535/535/535 545/545/545 538/538/538
f 546/546/546 538/538/538 545/545/545
f 538/538/538 546/546/546 541/541/541
f 547/547/547 541/541/541 546/546/546
f 541/541/541 547/547/547 544/544/544
f 548/548/548 544/544/544 547/547/547
f 542/542/542 543/543/543 549/549/549
f 550/550/550 549/549/549 543/543/543
f 549/549/549 550/550/550 551/551/551
f 552/552/552 551/551/551 550/550/550
f 552/552/552 553/553/553 551/551/551
f 554/554/554 551/551/551 553/553/553
f 554/554/554 553/553/553 555/555/555
f 556/556/556 555/555/555 553/553/553
f 556/556/556 557/557/557 555/555/555
f 558/558/558 555/555/555 557/557/557
f 557/557/557 559/559/559 558/558/558
f 560/560/560 558/558/558 559/559/559
f 550/550/550 561/561/561 552/552/552
f 550/550/550 543/543/543 561/561/561
f 544/544/544 561/561/561 543/543/543
f 544/544/544 548/548/548 561/561/561
f 562/562/562 552/552/552 561/561/561
f 552/552/552 562/562/562 553/553/553
f 563/563/563 553/553/553 562/562/562
f 556/556/556 553/553/553 564/564/564
f 563/563/563 564/564/564 553/553/553
f 557/557/557 556/556/556 565/565/565
f 564/564/564 565/565/565 556/556/556
f 559/559/559 557/557/557 566/566/566
f 565/565/565 566/566/566 557/557/557
f 565/565/565 564/564/564 567/567/567
f 563/563/563 568/568/568 564/564/564
f 569/569/569 564/564/564 568/568/568
f 569/569/569 570/570/570 564/564/564
f 562/562/562 571/571/571 563/563/563
f 561/561/561 572/572/572 562/562/562
f 573/573/573 562/562/562 572/572/572
f 572/572/572 561/561/561 548/548/548
f 548/548/548 574/574/574 572/572/572
f 548/548/548 547/547/547 574/574/574
f 575/575/575 574/574/574 547/547/547
f 547/547/547 546/546/546 575/575/575
f 576/576/576 575/575/575 546/546/546
f 546/546/546 545/545/545 576/576/576
f 577/577/577 576/576/576 545/545/545
f 578/578/578 572/572/572 574/574/574
f 573/573/573 572/572/572 579/579/579
f 578/578/578 580/580/580 572/572/572
f 545/545/545 535/535/535 581/581/581
f 534/534/534 582/582/582 535/535/535
f 583/583/583 582/582/582 528/528/528
f 534/534/534 528/528/528 584/584/584
f 528/528/528 529/529/529 585/585/585
f 587/587/587 586/586/586 529/529/529
f 589/589/589 563/563/563 588/588/588
f 573/573/573 588/588/588 562/562/562
f 592/592/592 591/591/591 590/590/590
f 593/593/593 590/590/590 591/591/591
f 592/592/592 594/594/594 591/591/591
f 593/593/593 595/595/595 590/590/590
f 596/596/596 590/590/590 595/595/595
f 596/596/596 595/595/595 597/597/597
f 598/598/598 597/597/597 595/595/595
f 598/598/598 599/599/599 597/597/597
f 600/600/600 597/597/597 599/599/599
f 600/600/600 599/599/599 601/601/601
f 602/602/602 601/601/601 599/599/599
f 602/602/602 603/603/603 601/601/601
f 604/604/604 601/601/601 603/603/603
f 604/604/604 603/603/603 605/605/605
f 606/606/606 605/605/605 603/603/603
f 598/598/598 607/607/607 599/599/599
f 598/598/598 595/595/595 607/607/607
f 608/608/608 599/599/599 607/607/607
f 609/609/609 607/607/607 595/595/595
f 595/595/595 593/593/593 609/609/609
f 610/610/610 609/609/609 593/593/593
f 610/610/610 593/593/593 611/611/611
f 591/591/591 611/611/611 593/593/593
f 611/611/611 591/591/591 612/612/612
f 606/606/606 603/603/603 613/613/613
f 602/602/602 614/614/614 603/603/603
f 615/615/615 603/603/603 614/614/614
f 615/615/615 616/616/616 603/603/603
f 608/608/608 614/614/614 599/599/599
f 602/602/602 599/599/599 614/614/614
f 609/609/609 617/617/617 607/607/607
f 609/609/609 610/610/610 617/617/617
f 618/618/618 607/607/607 617/617/617
f 619/619/619 617/617/617 610/610/610
f 611/611/611 620/620/620 610/610/610
f 619/619/619 610/610/610 620/620/620
f 611/611/611 621/621/621 620/620/620
f 615/615/615 622/622/622 616/616/616
f 615/615/615 614/614/614 622/622/622
f 623/623/623 613/613/613 622/622/622
f 624/624/624 622/622/622 614/614/614
f 624/624/624 614/614/614 625/625/625
f 608/608/608 625/625/625 614/614/614
f 608/608/608 607/607/607 625/625/625
f 618/618/618 625/625/625 607/607/607
f 623/623/623 622/622/622 626/626/626
f 627/627/627 626/626/626 622/622/622
f 624/624/624 628/628/628 622/622/622
f 627/627/627 622/622/622 628/628/628
f 629/629/629 628/628/628 625/625/625
f 618/618/618 630/630/630 625/625/625
f 629/629/629 625/625/625 630/630/630
f 618/618/618 617/617/617 630/630/630
f 631/631/631 630/630/630 617/617/617
f 617/617/617 619/619/619 631/631/631
f 632/632/632 631/631/631 619/619/619
f 631/631/631 633/633/633 630/630/630
f 631/631/631 632/632/632 633/633/633
f 634/634/634 633/633/633 632/632/632
f 634/634/634 632/632/632 635/635/635
f 636/636/636 635/635/635 632/632/632
f 632/632/632 619/619/619 636/636/636
f 620/620/620 636/636/636 619/619/619
f 636/636/636 620/620/620 637/637/637
f 636/636/636 637/637/637 635/635/635
f 638/638/638 637/637/637 620/620/620
f 638/638/638 620/620/620 639/639/639
f 640/640/640 635/635/635 637/637/637
f 629/629/629 641/641/641 628/628/628
f 629/629/629 630/630/630 641/641/641
f 642/642/642 641/641/641 630/630/630
f 641/641/641 642/642/642 643/643/643
f 634/634/634 644/644/644 633/633/633
f 645/645/645 633/633/633 644/644/644
f 645/645/645 646/646/646 633/633/633
f 646/646/646 643/643/643 647/647/647
f 647/647/647 633/633/633 646/646/646
f 640/640/640 648/648/648 635/635/635
f 648/648/648 640/640/640 649/649/649
f 650/650/650 649/649/649 640/640/640
f 643/643/643 651/651/651 641/641/641
f 651/651/651 652/652/652 641/641/641
f 652/652/652 628/628/628 641/641/641
f 653/653/653 639/639/639 591/591/591
f 653/653/653 591/591/591 654/654/654
f 656/656/656 655/655/655 633/633/633
f 628/628/628 657/657/657 627/627/627
f 658/658/658 627/627/627 657/657/657
f 627/627/627 658/658/658 626/626/626
f 659/659/659 626/626/626 658/658/658
f 658/658/658 657/657/657 660/660/660
f 652/652/652 662/662/662 661/661/661
f 663/663/663 625/625/625 661/661/661
f 592/592/592 590/590/590 664/664/664
f 665/665/665 664/664/664 590/590/590
f 592/592/592 664/664/664 666/666/666
f 665/665/665 590/590/590 667/667/667
f 596/596/596 667/667/667 590/590/590
f 596/596/596 597/597/597 667/667/667
f 668/668/668 667/667/667 597/597/597
f 668/668/668 597/597/597 669/669/669
f 600/600/600 669/669/669 597/597/597
f 600/600/600 601/601/601 669/669/669
f 670/670/670 669/669/669 601/601/601
f 601/601/601 604/604/604 670/670/670
f 671/671/671 670/670/670 604/604/604
f 604/604/604 672/672/672 671/671/671
f 673/673/673 671/671/671 672/672/672
f 670/670/670 671/671/671 674/674/674
f 670/670/670 674/674/674 669/669/669
f 675/675/675 674/674/674 671/671/671
f 675/675/675 671/671/671 676/676/676
f 677/677/677 676/676/676 671/671/671
f 678/678/678 669/669/669 674/674/674
f 669/669/669 678/678/678 668/668/668
f 679/679/679 668/668/668 678/678/678
f 679/679/679 680/680/680 668/668/668
f 667/667/667 668/668/668 680/680/680
f 680/680/680 681/681/681 667/667/667
f 665/665/665 667/667/667 681/681/681
f 665/665/665 681/681/681 664/664/664
f 682/682/682 664/664/664 681/681/681
f 664/664/664 682/682/682 683/683/683
f 683/683/683 594/594/594 664/664/664
f 684/684/684 683/683/683 682/682/682
f 675/675/675 531/531/531 674/674/674
f 533/533/533 674/674/674 531/531/531
f 525/525/525 531/531/531 675/675/675
f 682/682/682 681/681/681 685/685/685
f 686/686/686 685/685/685 681/681/681
f 686/686/686 687/687/687 685/685/685
f 688/688/688 685/685/685 687/687/687
f 688/688/688 687/687/687 555/555/555
f 555/555/555 558/558/558 688/688/688
f 689/689/689 688/688/688 558/558/558
f 688/688/688 689/689/689 685/685/685
f 689/689/689 558/558/558 690/690/690
f 691/691/691 690/690/690 558/558/558
f 690/690/690 692/692/692 689/689/689
f 692/692/692 685/685/685 689/689/689
f 690/690/690 684/684/684 692/692/692
f 693/693/693 690/690/690 691/691/691
f 682/682/682 692/692/692 693/693/693
f 692/692/692 682/682/682 685/685/685
f 686/686/686 694/694/694 687/687/687
f 695/695/695 687/687/687 694/694/694
f 695/695/695 551/551/551 687/687/687
f 695/695/695 696/696/696 551/551/551
f 549/549/549 551/551/551 696/696/696
f 696/696/696 697/697/697 549/549/549
f 696/696/696 695/695/695 698/698/698
f 694/694/694 698/698/698 695/695/695
f 679/679/679 696/696/696 698/698/698
f 542/542/542 549/549/549 679/679/679
f 542/542/542 679/679/679 539/539/539
f 699/699/699 539/539/539 679/679/679
f 699/699/699 700/700/700 539/539/539
f 536/536/536 539/539/539 700/700/700
f 694/694/694 680/680/680 698/698/698
f 698/698/698 680/680/680 679/679/679
f 680/680/680 694/694/694 681/681/681
f 686/686/686 681/681/681 694/694/694
f 700/700/700 701/701/701 536/536/536
f 702/702/702 536/536/536 701/701/701
f 699/699/699 678/678/678 700/700/700
f 679/679/679 678/678/678 699/699/699
f 678/678/678 674/674/674 700/700/700
f 704/704/704 555/555/555 703/703/703
f 554/554/554 705/705/705 551/551/551
f 707/707/707 525/525/525 706/706/706
f 675/675/675 706/706/706 525/525/525
f 709/709/709 708/708/708 635/635/635
f 634/634/634 635/635/635 708/708/708
f 709/709/709 635/635/635 648/648/648
f 708/708/708 644/644/644 634/634/634
f 567/567/567 710/710/710 565/565/565
f 566/566/566 565/565/565 710/710/710
f 712/712/712 711/711/711 25/25/25
f 713/713/713 25/25/25 711/711/711
f 711/711/711 712/712/712 714/714/714
f 715/715/715 714/714/714 712/712/712
f 25/25/25 716/716/716 712/712/712
f 717/717/717 712/712/712 716/716/716
f 716/716/716 25/25/25 151/151/151
f 23/23/23 151/151/151 25/25/25
f 151/151/151 23/23/23 148/148/148
f 22/22/22 148/148/148 23/23/23
f 148/148/148 22/22/22 143/143/143
f 27/27/27 143/143/143 22/22/22
f 716/716/716 151/151/151 153/153/153
f 143/143/143 27/27/27 142/142/142
f 28/28/28 142/142/142 27/27/27
f 28/28/28 123/123/123 142/142/142
f 139/139/139 142/142/142 123/123/123
f 123/123/123 119/119/119 139/139/139
f 136/136/136 139/139/139 119/119/119
f 119/119/119 120/120/120 136/136/136
f 125/125/125 136/136/136 120/120/120
f 720/720/720 719/719/719 718/718/718
f 718/718/718 721/721/721 720/720/720
f 722/722/722 720/720/720 721/721/721
f 721/721/721 718/718/718 53/53/53
f 51/51/51 53/53/53 718/718/718
f 718/718/718 62/62/62 51/51/51
f 53/53/53 55/55/55 721/721/721
f 58/58/58 721/721/721 55/55/55
f 58/58/58 723/723/723 721/721/721
f 722/722/722 721/721/721 724/724/724
f 726/726/726 235/235/235 725/725/725
f 233/233/233 725/725/725 235/235/235
f 233/233/233 226/226/226 725/725/725
f 727/727/727 725/725/725 226/226/226
f 226/226/226 224/224/224 727/727/727
f 728/728/728 727/727/727 224/224/224
f 725/725/725 729/729/729 726/726/726
f 725/725/725 727/727/727 729/729/729
f 730/730/730 726/726/726 729/729/729
f 731/731/731 729/729/729 727/727/727
f 727/727/727 728/728/728 731/731/731
f 732/732/732 731/731/731 728/728/728
f 729/729/729 733/733/733 730/730/730
f 734/734/734 730/730/730 733/733/733
f 731/731/731 735/735/735 729/729/729
f 733/733/733 729/729/729 735/735/735
f 731/731/731 732/732/732 735/735/735
f 736/736/736 735/735/735 732/732/732
f 736/736/736 732/732/732 737/737/737
f 738/738/738 737/737/737 732/732/732
f 732/732/732 728/728/728 738/738/738
f 736/736/736 737/737/737 739/739/739
f 736/736/736 739/739/739 735/735/735
f 740/740/740 739/739/739 737/737/737
f 741/741/741 738/738/738 728/728/728
f 224/224/224 222/222/222 728/728/728
f 741/741/741 728/728/728 222/222/222
f 222/222/222 220/220/220 741/741/741
f 216/216/216 741/741/741 220/220/220
f 216/216/216 214/214/214 741/741/741
f 738/738/738 741/741/741 214/214/214
f 214/214/214 212/212/212 738/738/738
f 737/737/737 738/738/738 212/212/212
f 737/737/737 212/212/212 740/740/740
f 208/208/208 740/740/740 212/212/212
f 734/734/734 733/733/733 742/742/742
f 743/743/743 742/742/742 733/733/733
f 740/740/740 744/744/744 739/739/739
f 735/735/735 739/739/739 744/744/744
f 744/744/744 743/743/743 735/735/735
f 733/733/733 735/735/735 743/743/743
f 742/742/742 743/743/743 745/745/745
f 746/746/746 745/745/745 743/743/743
f 743/743/743 744/744/744 746/746/746
f 740/740/740 208/208/208 747/747/747
f 207/207/207 747/747/747 208/208/208
f 745/745/745 746/746/746 748/748/748
f 749/749/749 748/748/748 746/746/746
f 748/748/748 749/749/749 750/750/750
f 751/751/751 750/750/750 749/749/749
f 749/749/749 752/752/752 751/751/751
f 753/753/753 751/751/751 752/752/752
f 752/752/752 754/754/754 753/753/753
f 747/747/747 207/207/207 754/754/754
f 755/755/755 753/753/753 754/754/754
f 755/755/755 754/754/754 756/756/756
f 757/757/757 756/756/756 754/754/754
f 757/757/757 754/754/754 207/207/207
f 750/750/750 751/751/751 758/758/758
f 759/759/759 758/758/758 751/751/751
f 751/751/751 753/753/753 759/759/759
f 758/758/758 759/759/759 760/760/760
f 761/761/761 760/760/760 759/759/759
f 759/759/759 762/762/762 761/761/761
f 762/762/762 759/759/759 753/753/753
f 763/763/763 761/761/761 762/762/762
f 762/762/762 764/764/764 763/763/763
f 755/755/755 756/756/756 764/764/764
f 765/765/765 763/763/763 764/764/764
f 762/762/762 753/753/753 766/766/766
f 767/767/767 766/766/766 753/753/753
f 768/768/768 764/764/764 756/756/756
f 768/768/768 769/769/769 764/764/764
f 770/770/770 764/764/764 769/769/769
f 760/760/760 761/761/761 771/771/771
f 772/772/772 771/771/771 761/761/761
f 761/761/761 763/763/763 772/772/772
f 772/772/772 773/773/773 771/771/771
f 774/774/774 771/771/771 773/773/773
f 772/772/772 775/775/775 773/773/773
f 775/775/775 772/772/772 763/763/763
f 776/776/776 773/773/773 775/775/775
f 775/775/775 777/777/777 776/776/776
f 770/770/770 769/769/769 777/777/777
f 778/778/778 776/776/776 777/777/777
f 775/775/775 763/763/763 779/779/779
f 780/780/780 779/779/779 763/763/763
f 781/781/781 777/777/777 769/769/769
f 781/781/781 782/782/782 777/777/777
f 783/783/783 777/777/777 782/782/782
f 771/771/771 774/774/774 784/784/784
f 784/784/784 785/785/785 771/771/771
f 760/760/760 771/771/771 785/785/785
f 785/785/785 786/786/786 760/760/760
f 758/758/758 760/760/760 786/786/786
f 786/786/786 787/787/787 758/758/758
f 750/750/750 758/758/758 787/787/787
f 787/787/787 788/788/788 750/750/750
f 748/748/748 750/750/750 788/788/788
f 781/781/781 176/176/176 782/782/782
f 176/176/176 781/781/781 180/180/180
f 176/176/176 180/180/180 789/789/789
f 178/178/178 789/789/789 180/180/180
f 769/769/769 180/180/180 781/781/781
f 180/180/180 769/769/769 181/181/181
f 768/768/768 181/181/181 769/769/769
f 768/768/768 756/756/756 181/181/181
f 187/187/187 181/181/181 756/756/756
f 187/187/187 756/756/756 192/192/192
f 757/757/757 192/192/192 756/756/756
f 757/757/757 207/207/207 192/192/192
f 204/204/204 192/192/192 207/207/207
f 192/192/192 204/204/204 790/790/790
f 791/791/791 191/191/191 204/204/204
f 175/175/175 782/782/782 176/176/176
f 175/175/175 792/792/792 782/782/782
f 793/793/793 782/782/782 792/792/792
f 793/793/793 794/794/794 782/782/782
f 783/783/783 782/782/782 794/794/794
f 792/792/792 175/175/175 795/795/795
f 796/796/796 795/795/795 175/175/175
f 793/793/793 797/797/797 794/794/794
f 793/793/793 792/792/792 797/797/797
f 798/798/798 794/794/794 797/797/797
f 798/798/798 799/799/799 794/794/794
f 800/800/800 794/794/794 799/799/799
f 794/794/794 800/800/800 801/801/801
f 802/802/802 801/801/801 800/800/800
f 802/802/802 773/773/773 801/801/801
f 773/773/773 802/802/802 774/774/774
f 803/803/803 774/774/774 802/802/802
f 802/802/802 800/800/800 803/803/803
f 774/774/774 803/803/803 804/804/804
f 804/804/804 784/784/784 774/774/774
f 805/805/805 804/804/804 803/803/803
f 776/776/776 801/801/801 773/773/773
f 801/801/801 776/776/776 806/806/806
f 799/799/799 807/807/807 800/800/800
f 808/808/808 800/800/800 807/807/807
f 808/808/808 803/803/803 800/800/800
f 805/805/805 803/803/803 808/808/808
f 810/810/810 809/809/809 776/776/776
f 752/752/752 749/749/749 811/811/811
f 746/746/746 811/811/811 749/749/749
f 811/811/811 812/812/812 752/752/752
f 813/813/813 752/752/752 812/812/812
f 746/746/746 744/744/744 811/811/811
f 740/740/740 811/811/811 744/744/744
f 747/747/747 811/811/811 740/740/740
f 814/814/814 734/734/734 742/742/742
f 742/742/742 745/745/745 814/814/814
f 815/815/815 814/814/814 745/745/745
f 745/745/745 748/748/748 815/815/815
f 816/816/816 815/815/815 748/748/748
f 163/163/163 164/164/164 817/817/817
f 818/818/818 817/817/817 164/164/164
f 163/163/163 817/817/817 162/162/162
f 165/165/165 162/162/162 817/817/817
f 818/818/818 819/819/819 817/817/817
f 820/820/820 817/817/817 819/819/819
f 817/817/817 820/820/820 165/165/165
f 821/821/821 165/165/165 820/820/820
f 819/819/819 821/821/821 820/820/820
f 165/165/165 821/821/821 166/166/166
f 822/822/822 166/166/166 821/821/821
f 166/166/166 822/822/822 168/168/168
f 823/823/823 168/168/168 822/822/822
f 821/821/821 824/824/824 822/822/822
f 825/825/825 822/822/822 824/824/824
f 824/824/824 826/826/826 825/825/825
f 824/824/824 827/827/827 826/826/826
f 819/819/819 827/827/827 821/821/821
f 824/824/824 821/821/821 827/827/827
f 828/828/828 826/826/826 827/827/827
f 829/829/829 825/825/825 826/826/826
f 829/829/829 830/830/830 825/825/825
f 828/828/828 827/827/827 831/831/831
f 832/832/832 831/831/831 827/827/827
f 832/832/832 833/833/833 831/831/831
f 834/834/834 831/831/831 833/833/833
f 834/834/834 833/833/833 835/835/835
f 833/833/833 832/832/832 836/836/836
f 837/837/837 836/836/836 832/832/832
f 832/832/832 827/827/827 837/837/837
f 836/836/836 837/837/837 838/838/838
f 839/839/839 838/838/838 837/837/837
f 838/838/838 839/839/839 840/840/840
f 840/840/840 841/841/841 838/838/838
f 842/842/842 838/838/838 841/841/841
f 838/838/838 842/842/842 836/836/836
f 842/842/842 841/841/841 843/843/843
f 844/844/844 843/843/843 841/841/841
f 843/843/843 844/844/844 845/845/845
f 846/846/846 845/845/845 844/844/844
f 846/846/846 847/847/847 845/845/845
f 848/848/848 845/845/845 847/847/847
f 848/848/848 847/847/847 849/849/849
f 850/850/850 849/849/849 847/847/847
f 846/846/846 851/851/851 847/847/847
f 852/852/852 847/847/847 851/851/851
f 852/852/852 851/851/851 853/853/853
f 852/852/852 853/853/853 854/854/854
f 855/855/855 854/854/854 853/853/853
f 856/856/856 853/853/853 851/851/851
f 856/856/856 851/851/851 857/857/857
f 858/858/858 857/857/857 851/851/851
f 851/851/851 846/846/846 858/858/858
f 844/844/844 858/858/858 846/846/846
f 857/857/857 858/858/858 859/859/859
f 860/860/860 859/859/859 858/858/858
f 855/855/855 853/853/853 861/861/861
f 862/862/862 861/861/861 853/853/853
f 856/856/856 863/863/863 853/853/853
f 864/864/864 853/853/853 863/863/863
f 864/864/864 865/865/865 861/861/861
f 864/864/864 863/863/863 865/865/865
f 866/866/866 861/861/861 865/865/865
f 867/867/867 865/865/865 863/863/863
f 867/867/867 863/863/863 868/868/868
f 869/869/869 868/868/868 863/863/863
f 863/863/863 856/856/856 869/869/869
f 857/857/857 869/869/869 856/856/856
f 857/857/857 859/859/859 869/869/869
f 868/868/868 869/869/869 870/870/870
f 871/871/871 870/870/870 869/869/869
f 871/871/871 869/869/869 859/859/859
f 860/860/860 858/858/858 841/841/841
f 844/844/844 841/841/841 858/858/858
f 867/867/867 872/872/872 865/865/865
f 867/867/867 868/868/868 872/872/872
f 873/873/873 865/865/865 872/872/872
f 872/872/872 874/874/874 873/873/873
f 875/875/875 873/873/873 874/874/874
f 874/874/874 872/872/872 876/876/876
f 876/876/876 877/877/877 874/874/874
f 876/876/876 878/878/878 877/877/877
f 111/111/111 877/877/877 878/878/878
f 111/111/111 878/878/878 879/879/879
f 880/880/880 879/879/879 878/878/878
f 111/111/111 110/110/110 877/877/877
f 881/881/881 877/877/877 110/110/110
f 877/877/877 881/881/881 882/882/882
f 882/882/882 874/874/874 877/877/877
f 883/883/883 882/882/882 881/881/881
f 882/882/882 883/883/883 884/884/884
f 884/884/884 875/875/875 882/882/882
f 885/885/885 884/884/884 883/883/883
f 110/110/110 114/114/114 881/881/881
f 886/886/886 881/881/881 114/114/114
f 886/886/886 887/887/887 881/881/881
f 883/883/883 881/881/881 887/887/887
f 883/883/883 887/887/887 885/885/885
f 888/888/888 885/885/885 887/887/887
f 114/114/114 889/889/889 886/886/886
f 890/890/890 886/886/886 889/889/889
f 886/886/886 890/890/890 887/887/887
f 891/891/891 887/887/887 890/890/890
f 887/887/887 891/891/891 888/888/888
f 892/892/892 888/888/888 891/891/891
f 889/889/889 893/893/893 890/890/890
f 889/889/889 894/894/894 893/893/893
f 895/895/895 893/893/893 894/894/894
f 893/893/893 895/895/895 896/896/896
f 893/893/893 896/896/896 897/897/897
f 897/897/897 890/890/890 893/893/893
f 890/890/890 897/897/897 891/891/891
f 898/898/898 897/897/897 896/896/896
f 897/897/897 898/898/898 899/899/899
f 899/899/899 891/891/891 897/897/897
f 900/900/900 899/899/899 898/898/898
f 900/900/900 901/901/901 899/899/899
f 902/902/902 899/899/899 901/901/901
f 899/899/899 902/902/902 891/891/891
f 892/892/892 891/891/891 902/902/902
f 900/900/900 903/903/903 901/901/901
f 904/904/904 896/896/896 895/895/895
f 904/904/904 895/895/895 905/905/905
f 906/906/906 905/905/905 895/895/895
f 905/905/905 907/907/907 904/904/904
f 904/904/904 907/907/907 896/896/896
f 905/905/905 906/906/906 908/908/908
f 908/908/908 906/906/906 95/95/95
f 95/95/95 94/94/94 908/908/908
f 909/909/909 908/908/908 94/94/94
f 97/97/97 95/95/95 906/906/906
f 94/94/94 93/93/93 909/909/909
f 910/910/910 909/909/909 93/93/93
f 903/903/903 900/900/900 911/911/911
f 898/898/898 911/911/911 900/900/900
f 911/911/911 898/898/898 912/912/912
f 912/912/912 913/913/913 911/911/911
f 912/912/912 914/914/914 913/913/913
f 915/915/915 911/911/911 913/913/913
f 912/912/912 896/896/896 907/907/907
f 896/896/896 912/912/912 898/898/898
f 915/915/915 916/916/916 911/911/911
f 97/97/97 918/918/918 917/917/917
f 97/97/97 906/906/906 918/918/918
f 919/919/919 918/918/918 906/906/906
f 919/919/919 112/112/112 918/918/918
f 115/115/115 918/918/918 112/112/112
f 115/115/115 920/920/920 918/918/918
f 906/906/906 895/895/895 919/919/919
f 894/894/894 919/919/919 895/895/895
f 919/919/919 894/894/894 112/112/112
f 894/894/894 889/889/889 112/112/112
f 113/113/113 112/112/112 889/889/889
f 113/113/113 889/889/889 114/114/114
f 115/115/115 101/101/101 100/100/100
f 186/186/186 921/921/921 167/167/167
f 161/161/161 167/167/167 921/921/921
f 186/186/186 185/185/185 922/922/922
f 923/923/923 921/921/921 185/185/185
f 923/923/923 925/925/925 924/924/924
f 926/926/926 924/924/924 925/925/925
f 197/197/197 196/196/196 927/927/927
f 928/928/928 927/927/927 196/196/196
f 196/196/196 206/206/206 929/929/929
f 930/930/930 929/929/929 206/206/206
f 206/206/206 32/32/32 931/931/931
f 33/33/33 930/930/930 32/32/32
f 932/932/932 152/152/152 928/928/928
f 933/933/933 928/928/928 152/152/152
f 152/152/152 934/934/934 933/933/933
f 712/712/712 152/152/152 932/932/932
f 936/936/936 935/935/935 712/712/712
f 939/939/939 938/938/938 937/937/937
f 937/937/937 938/938/938 940/940/940
f 941/941/941 937/937/937 940/940/940
f 174/174/174 171/171/171 942/942/942
f 943/943/943 942/942/942 171/171/171
f 171/171/171 169/169/169 943/943/943
f 944/944/944 943/943/943 169/169/169
f 944/944/944 830/830/830 943/943/943
f 945/945/945 943/943/943 830/830/830
f 943/943/943 945/945/945 942/942/942
f 169/169/169 168/168/168 944/944/944
f 946/946/946 944/944/944 168/168/168
f 944/944/944 946/946/946 830/830/830
f 797/797/797 942/942/942 945/945/945
f 792/792/792 942/942/942 797/797/797
f 949/949/949 948/948/948 947/947/947
f 952/952/952 951/951/951 950/950/950
f 955/955/955 954/954/954 953/953/953
f 957/957/957 953/953/953 956/956/956
f 960/960/960 959/959/959 958/958/958
f 961/961/961 958/958/958 959/959/959
f 964/964/964 963/963/963 962/962/962
f 965/965/965 962/962/962 963/963/963
f 968/968/968 967/967/967 966/966/966
f 969/969/969 966/966/966 967/967/967
f 972/972/972 971/971/971 970/970/970
f 973/973/973 970/970/970 971/971/971
f 976/976/976 975/975/975 974/974/974
f 978/978/978 977/977/977 975/975/975
f 981/981/981 980/980/980 979/979/979
f 982/982/982 979/979/979 980/980/980
f 984/984/984 982/982/982 983/983/983
f 987/987/987 986/986/986 985/985/985
f 988/988/988 985/985/985 986/986/986
f 991/991/991 990/990/990 989/989/989
f 993/993/993 989/989/989 992/992/992
f 995/995/995 992/992/992 994/994/994
f 997/997/997 994/994/994 996/996/996
f 1000/1000/1000 999/999/999 998/998/998
f 1001/1001/1001 998/998/998 999/999/999
f 1004/1004/1004 1003/1003/1003 1002/1002/1002
f 1007/1007/1007 1006/1006/1006 1005/1005/1005
f 1008/1008/1008 140/140/140 138/138/138
f 1008/1008/1008 147/147/147 140/140/140
f 1008/1008/1008 1009/1009/1009 147/147/147
f 1008/1008/1008 137/137/137 1009/1009/1009
f 137/137/137 1008/1008/1008 138/138/138
f 1010/1010/1010 1009/1009/1009 137/137/137
f 135/135/135 1010/1010/1010 137/137/137
f 1010/1010/1010 135/135/135 1011/1011/1011
f 134/134/134 1011/1011/1011 135/135/135
f 157/157/157 147/147/147 1009/1009/1009
f 1009/1009/1009 1012/1012/1012 157/157/157
f 159/159/159 157/157/157 1012/1012/1012
f 1010/1010/1010 1011/1011/1011 1013/1013/1013
f 840/840/840 1013/1013/1013 1011/1011/1011
f 1013/1013/1013 1014/1014/1014 1010/1010/1010
f 1009/1009/1009 1010/1010/1010 1014/1014/1014
f 1009/1009/1009 1014/1014/1014 1012/1012/1012
f 1015/1015/1015 1012/1012/1012 1014/1014/1014
f 1015/1015/1015 164/164/164 1012/1012/1012
f 159/159/159 1012/1012/1012 164/164/164
f 1013/1013/1013 840/840/840 839/839/839
f 839/839/839 1014/1014/1014 1013/1013/1013
f 1015/1015/1015 1016/1016/1016 164/164/164
f 1015/1015/1015 1014/1014/1014 1016/1016/1016
f 839/839/839 1016/1016/1016 1014/1014/1014
f 818/818/818 164/164/164 1016/1016/1016
f 134/134/134 1017/1017/1017 1011/1011/1011
f 1017/1017/1017 134/134/134 1018/1018/1018
f 1019/1019/1019 1018/1018/1018 134/134/134
f 1019/1019/1019 134/134/134 127/127/127
f 818/818/818 1016/1016/1016 819/819/819
f 1020/1020/1020 819/819/819 1016/1016/1016
f 1016/1016/1016 839/839/839 1020/1020/1020
f 837/837/837 1020/1020/1020 839/839/839
f 1020/1020/1020 837/837/837 819/819/819
f 819/819/819 837/837/837 827/827/827
f 840/840/840 1021/1021/1021 841/841/841
f 860/860/860 841/841/841 1021/1021/1021
f 860/860/860 1022/1022/1022 859/859/859
f 1023/1023/1023 859/859/859 1021/1021/1021
f 1023/1023/1023 1024/1024/1024 859/859/859
f 1025/1025/1025 859/859/859 1024/1024/1024
f 1018/1018/1018 870/870/870 1026/1026/1026
f 871/871/871 1026/1026/1026 870/870/870
f 1028/1028/1028 1027/1027/1027 870/870/870
f 1028/1028/1028 878/878/878 1027/1027/1027
f 876/876/876 1027/1027/1027 878/878/878
f 1027/1027/1027 876/876/876 872/872/872
f 1027/1027/1027 872/872/872 868/868/868
f 868/868/868 870/870/870 1027/1027/1027
f 870/870/870 1029/1029/1029 1028/1028/1028
f 1030/1030/1030 1028/1028/1028 1029/1029/1029
f 1028/1028/1028 1019/1019/1019 878/878/878
f 880/880/880 878/878/878 1030/1030/1030
f 90/90/90 92/92/92 1031/1031/1031
f 96/96/96 1031/1031/1031 92/92/92
f 1033/1033/1033 1032/1032/1032 90/90/90
f 93/93/93 90/90/90 1032/1032/1032
f 93/93/93 1032/1032/1032 1034/1034/1034
f 1035/1035/1035 1034/1034/1034 1032/1032/1032
f 90/90/90 1036/1036/1036 1033/1033/1033
f 1037/1037/1037 1033/1033/1033 1036/1036/1036
f 1037/1037/1037 1038/1038/1038 1033/1033/1033
f 1039/1039/1039 1033/1033/1033 1038/1038/1038
f 1033/1033/1033 1039/1039/1039 1032/1032/1032
f 1040/1040/1040 1032/1032/1032 1039/1039/1039
f 1035/1035/1035 1032/1032/1032 1041/1041/1041
f 1042/1042/1042 1041/1041/1041 1032/1032/1032
f 1045/1045/1045 1044/1044/1044 1043/1043/1043
f 1046/1046/1046 1043/1043/1043 1044/1044/1044
f 1045/1045/1045 458/458/458 1044/1044/1044
f 1045/1045/1045 1047/1047/1047 458/458/458
f 460/460/460 458/458/458 1047/1047/1047
f 456/456/456 1044/1044/1044 458/458/458
f 1043/1043/1043 1048/1048/1048 1045/1045/1045
f 1049/1049/1049 1045/1045/1045 1048/1048/1048
f 1047/1047/1047 1045/1045/1045 1049/1049/1049
f 460/460/460 1047/1047/1047 476/476/476
f 1050/1050/1050 476/476/476 1047/1047/1047
f 1044/1044/1044 456/456/456 1051/1051/1051
f 1044/1044/1044 1052/1052/1052 1046/1046/1046
f 1053/1053/1053 1046/1046/1046 1052/1052/1052
f 1052/1052/1052 451/451/451 1053/1053/1053
f 1047/1047/1047 1049/1049/1049 1054/1054/1054
f 476/476/476 1050/1050/1050 472/472/472
f 1055/1055/1055 472/472/472 1050/1050/1050
f 472/472/472 1055/1055/1055 473/473/473
f 1056/1056/1056 473/473/473 1055/1055/1055
f 473/473/473 1056/1056/1056 474/474/474
f 1057/1057/1057 474/474/474 1056/1056/1056
f 474/474/474 1057/1057/1057 1058/1058/1058
f 1059/1059/1059 1058/1058/1058 1057/1057/1057
f 466/466/466 474/474/474 1058/1058/1058
f 466/466/466 1058/1058/1058 467/467/467
f 480/480/480 467/467/467 1058/1058/1058
f 1060/1060/1060 453/453/453 451/451/451
f 453/453/453 1060/1060/1060 456/456/456
f 1062/1062/1062 1061/1061/1061 451/451/451
f 1062/1062/1062 1064/1064/1064 1063/1063/1063
f 1066/1066/1066 1065/1065/1065 1064/1064/1064
f 1065/1065/1065 1067/1067/1067 1046/1046/1046
f 1069/1069/1069 1046/1046/1046 1068/1068/1068
f 1070/1070/1070 1043/1043/1043 1069/1069/1069
f 1046/1046/1046 1072/1072/1072 1071/1071/1071
f 1062/1062/1062 451/451/451 1073/1073/1073
f 450/450/450 1074/1074/1074 451/451/451
f 1074/1074/1074 450/450/450 1075/1075/1075
f 1076/1076/1076 1075/1075/1075 450/450/450
f 1076/1076/1076 450/450/450 447/447/447
f 1075/1075/1075 1076/1076/1076 1077/1077/1077
f 1078/1078/1078 1077/1077/1077 1076/1076/1076
f 1078/1078/1078 1076/1076/1076 1079/1079/1079
f 447/447/447 1080/1080/1080 1076/1076/1076
f 1080/1080/1080 444/444/444 1078/1078/1078
f 1081/1081/1081 1078/1078/1078 444/444/444
f 1078/1078/1078 1082/1082/1082 1077/1077/1077
f 1083/1083/1083 1077/1077/1077 1082/1082/1082
f 1082/1082/1082 1078/1078/1078 1084/1084/1084
f 1083/1083/1083 1085/1085/1085 1077/1077/1077
f 1081/1081/1081 444/444/444 1086/1086/1086
f 439/439/439 1086/1086/1086 444/444/444
f 439/439/439 437/437/437 1086/1086/1086
f 1087/1087/1087 1086/1086/1086 437/437/437
f 1087/1087/1087 437/437/437 1088/1088/1088
f 436/436/436 1088/1088/1088 437/437/437
f 1086/1086/1086 1089/1089/1089 1081/1081/1081
f 1090/1090/1090 1081/1081/1081 1089/1089/1089
f 1091/1091/1091 1089/1089/1089 1086/1086/1086
f 1090/1090/1090 1092/1092/1092 1081/1081/1081
f 1078/1078/1078 1081/1081/1081 1092/1092/1092
f 1083/1083/1083 1082/1082/1082 1093/1093/1093
f 1083/1083/1083 1093/1093/1093 1094/1094/1094
f 1078/1078/1078 1095/1095/1095 1084/1084/1084
f 1078/1078/1078 1092/1092/1092 1095/1095/1095
f 1095/1095/1095 1096/1096/1096 1084/1084/1084
f 1096/1096/1096 1093/1093/1093 1082/1082/1082
f 1082/1082/1082 1084/1084/1084 1096/1096/1096
f 1099/1099/1099 1098/1098/1098 1097/1097/1097
f 1098/1098/1098 1100/1100/1100 1097/1097/1097
f 1100/1100/1100 1098/1098/1098 1101/1101/1101
f 1102/1102/1102 1101/1101/1101 1098/1098/1098
f 1102/1102/1102 1098/1098/1098 1103/1103/1103
f 1104/1104/1104 1103/1103/1103 1098/1098/1098
f 1103/1103/1103 1104/1104/1104 1105/1105/1105
f 1106/1106/1106 1105/1105/1105 1104/1104/1104
f 1103/1103/1103 1107/1107/1107 1102/1102/1102
f 1107/1107/1107 1103/1103/1103 1108/1108/1108
f 1109/1109/1109 1108/1108/1108 1103/1103/1103
f 1103/1103/1103 1105/1105/1105 1109/1109/1109
f 1108/1108/1108 1109/1109/1109 1110/1110/1110
f 1111/1111/1111 1110/1110/1110 1109/1109/1109
f 1111/1111/1111 1109/1109/1109 1112/1112/1112
f 1113/1113/1113 1112/1112/1112 1109/1109/1109
f 1106/1106/1106 1113/1113/1113 1105/1105/1105
f 1114/1114/1114 1102/1102/1102 1107/1107/1107
f 1102/1102/1102 1114/1114/1114 1101/1101/1101
f 1109/1109/1109 1105/1105/1105 1115/1115/1115
f 1116/1116/1116 1101/1101/1101 1114/1114/1114
f 1101/1101/1101 1116/1116/1116 1117/1117/1117
f 1118/1118/1118 1117/1117/1117 1116/1116/1116
f 1117/1117/1117 1119/1119/1119 1101/1101/1101
f 1100/1100/1100 1101/1101/1101 1119/1119/1119
f 1119/1119/1119 1117/1117/1117 1120/1120/1120
f 1121/1121/1121 1120/1120/1120 1117/1117/1117
f 1119/1119/1119 1122/1122/1122 1100/1100/1100
f 1123/1123/1123 1100/1100/1100 1122/1122/1122
f 1123/1123/1123 1097/1097/1097 1100/1100/1100
f 1121/1121/1121 902/902/902 1120/1120/1120
f 901/901/901 1120/1120/1120 902/902/902
f 1121/1121/1121 1117/1117/1117 1124/1124/1124
f 1118/1118/1118 1124/1124/1124 1117/1117/1117
f 1114/1114/1114 1125/1125/1125 1116/1116/1116
f 1125/1125/1125 1114/1114/1114 1126/1126/1126
f 1107/1107/1107 1126/1126/1126 1114/1114/1114
f 1126/1126/1126 1107/1107/1107 1127/1127/1127
f 1108/1108/1108 1127/1127/1127 1107/1107/1107
f 1108/1108/1108 1110/1110/1110 1127/1127/1127
f 1128/1128/1128 1127/1127/1127 1110/1110/1110
f 1127/1127/1127 1128/1128/1128 1129/1129/1129
f 1127/1127/1127 1129/1129/1129 1126/1126/1126
f 1130/1130/1130 1129/1129/1129 1128/1128/1128
f 1131/1131/1131 1126/1126/1126 1129/1129/1129
f 1126/1126/1126 1131/1131/1131 1125/1125/1125
f 1132/1132/1132 1125/1125/1125 1131/1131/1131
f 1129/1129/1129 1130/1130/1130 1133/1133/1133
f 1134/1134/1134 1133/1133/1133 1130/1130/1130
f 1133/1133/1133 1135/1135/1135 1129/1129/1129
f 1131/1131/1131 1129/1129/1129 1135/1135/1135
f 1131/1131/1131 1135/1135/1135 1132/1132/1132
f 1136/1136/1136 1132/1132/1132 1135/1135/1135
f 1136/1136/1136 1137/1137/1137 1132/1132/1132
f 1138/1138/1138 1132/1132/1132 1137/1137/1137
f 1136/1136/1136 1139/1139/1139 1137/1137/1137
f 1135/1135/1135 1139/1139/1139 1136/1136/1136
f 1140/1140/1140 1137/1137/1137 1139/1139/1139
f 1132/1132/1132 1138/1138/1138 1125/1125/1125
f 1141/1141/1141 1125/1125/1125 1138/1138/1138
f 1141/1141/1141 1116/1116/1116 1125/1125/1125
f 1116/1116/1116 1141/1141/1141 1118/1118/1118
f 1142/1142/1142 1118/1118/1118 1141/1141/1141
f 1118/1118/1118 1142/1142/1142 1124/1124/1124
f 1143/1143/1143 1124/1124/1124 1142/1142/1142
f 1143/1143/1143 1142/1142/1142 1144/1144/1144
f 1145/1145/1145 1144/1144/1144 1142/1142/1142
f 1138/1138/1138 1145/1145/1145 1141/1141/1141
f 1142/1142/1142 1141/1141/1141 1145/1145/1145
f 1145/1145/1145 1146/1146/1146 1144/1144/1144
f 1145/1145/1145 1138/1138/1138 1146/1146/1146
f 1137/1137/1137 1146/1146/1146 1138/1138/1138
f 1137/1137/1137 1140/1140/1140 1146/1146/1146
f 1147/1147/1147 1144/1144/1144 1146/1146/1146
f 1144/1144/1144 1147/1147/1147 1148/1148/1148
f 1146/1146/1146 1149/1149/1149 1147/1147/1147
f 1149/1149/1149 1146/1146/1146 1140/1140/1140
f 1150/1150/1150 1147/1147/1147 1149/1149/1149
f 1147/1147/1147 1150/1150/1150 884/884/884
f 884/884/884 1151/1151/1151 1147/1147/1147
f 1144/1144/1144 1151/1151/1151 1143/1143/1143
f 1152/1152/1152 1143/1143/1143 1151/1151/1151
f 888/888/888 1124/1124/1124 1143/1143/1143
f 1124/1124/1124 888/888/888 892/892/892
f 902/902/902 1153/1153/1153 892/892/892
f 1154/1154/1154 892/892/892 1153/1153/1153
f 1140/1140/1140 1155/1155/1155 1149/1149/1149
f 1156/1156/1156 1149/1149/1149 1155/1155/1155
f 1155/1155/1155 1157/1157/1157 1156/1156/1156
f 1158/1158/1158 1156/1156/1156 1157/1157/1157
f 1158/1158/1158 1157/1157/1157 1159/1159/1159
f 1160/1160/1160 1159/1159/1159 1157/1157/1157
f 1160/1160/1160 1157/1157/1157 1161/1161/1161
f 1162/1162/1162 1161/1161/1161 1157/1157/1157
f 1161/1161/1161 1162/1162/1162 1163/1163/1163
f 1164/1164/1164 1163/1163/1163 1162/1162/1162
f 1163/1163/1163 1164/1164/1164 1165/1165/1165
f 1166/1166/1166 1165/1165/1165 1164/1164/1164
f 1165/1165/1165 1167/1167/1167 1163/1163/1163
f 1168/1168/1168 1163/1163/1163 1167/1167/1167
f 1163/1163/1163 1168/1168/1168 1161/1161/1161
f 1167/1167/1167 1169/1169/1169 1168/1168/1168
f 1170/1170/1170 1168/1168/1168 1169/1169/1169
f 1168/1168/1168 1170/1170/1170 1171/1171/1171
f 1171/1171/1171 1161/1161/1161 1168/1168/1168
f 1172/1172/1172 1171/1171/1171 1170/1170/1170
f 1171/1171/1171 1172/1172/1172 1173/1173/1173
f 1160/1160/1160 1173/1173/1173 1159/1159/1159
f 1174/1174/1174 1173/1173/1173 1172/1172/1172
f 1171/1171/1171 1175/1175/1175 1161/1161/1161
f 1176/1176/1176 1161/1161/1161 1175/1175/1175
f 1169/1169/1169 1177/1177/1177 1170/1170/1170
f 1178/1178/1178 1170/1170/1170 1177/1177/1177
f 1170/1170/1170 1178/1178/1178 1172/1172/1172
f 1178/1178/1178 1177/1177/1177 1179/1179/1179
f 1180/1180/1180 1179/1179/1179 1177/1177/1177
f 1178/1178/1178 1179/1179/1179 1181/1181/1181
f 1181/1181/1181 1172/1172/1172 1178/1178/1178
f 1182/1182/1182 1181/1181/1181 1179/1179/1179
f 1181/1181/1181 1182/1182/1182 1183/1183/1183
f 1184/1184/1184 1183/1183/1183 1182/1182/1182
f 1181/1181/1181 1185/1185/1185 1172/1172/1172
f 1186/1186/1186 1172/1172/1172 1185/1185/1185
f 1177/1177/1177 1187/1187/1187 1180/1180/1180
f 1187/1187/1187 1177/1177/1177 1188/1188/1188
f 1169/1169/1169 1188/1188/1188 1177/1177/1177
f 1188/1188/1188 1169/1169/1169 1189/1189/1189
f 1167/1167/1167 1189/1189/1189 1169/1169/1169
f 1189/1189/1189 1167/1167/1167 1190/1190/1190
f 1165/1165/1165 1190/1190/1190 1167/1167/1167
f 1190/1190/1190 1165/1165/1165 1191/1191/1191
f 1166/1166/1166 1191/1191/1191 1165/1165/1165
f 1192/1192/1192 1180/1180/1180 1187/1187/1187
f 1194/1194/1194 1183/1183/1183 1193/1193/1193
f 1195/1195/1195 1193/1193/1193 1183/1183/1183
f 1194/1194/1194 1193/1193/1193 850/850/850
f 850/850/850 854/854/854 1194/1194/1194
f 850/850/850 1196/1196/1196 854/854/854
f 1197/1197/1197 854/854/854 1196/1196/1196
f 1198/1198/1198 1194/1194/1194 854/854/854
f 1194/1194/1194 1198/1198/1198 1183/1183/1183
f 1199/1199/1199 1183/1183/1183 1198/1198/1198
f 1199/1199/1199 1198/1198/1198 1173/1173/1173
f 1200/1200/1200 1173/1173/1173 1198/1198/1198
f 1200/1200/1200 1198/1198/1198 855/855/855
f 854/854/854 855/855/855 1198/1198/1198
f 1200/1200/1200 855/855/855 1159/1159/1159
f 1200/1200/1200 1159/1159/1159 1201/1201/1201
f 861/861/861 1159/1159/1159 855/855/855
f 861/861/861 866/866/866 1159/1159/1159
f 1158/1158/1158 1159/1159/1159 866/866/866
f 1158/1158/1158 866/866/866 1156/1156/1156
f 1202/1202/1202 1156/1156/1156 866/866/866
f 866/866/866 1203/1203/1203 1202/1202/1202
f 1204/1204/1204 1202/1202/1202 1203/1203/1203
f 1202/1202/1202 1205/1205/1205 1156/1156/1156
f 1202/1202/1202 873/873/873 1205/1205/1205
f 1149/1149/1149 1156/1156/1156 1205/1205/1205
f 874/874/874 882/882/882 1205/1205/1205
f 1207/1207/1207 1077/1077/1077 1206/1206/1206
f 1207/1207/1207 1209/1209/1209 1208/1208/1208
f 1211/1211/1211 1208/1208/1208 1210/1210/1210
f 1213/1213/1213 1212/1212/1212 420/420/420
f 1214/1214/1214 420/420/420 1212/1212/1212
f 1217/1217/1217 1216/1216/1216 1215/1215/1215
f 1219/1219/1219 1215/1215/1215 1218/1218/1218
f 1215/1215/1215 1219/1219/1219 1220/1220/1220
f 1221/1221/1221 1220/1220/1220 1219/1219/1219
f 1221/1221/1221 1222/1222/1222 1220/1220/1220
f 1225/1225/1225 1224/1224/1224 1223/1223/1223
f 1224/1224/1224 1225/1225/1225 1226/1226/1226
f 1227/1227/1227 1226/1226/1226 1225/1225/1225
f 1228/1228/1228 1224/1224/1224 1226/1226/1226
f 1230/1230/1230 1229/1229/1229 1226/1226/1226
f 1233/1233/1233 1232/1232/1232 1231/1231/1231
f 1231/1231/1231 480/480/480 1234/1234/1234
f 480/480/480 1236/1236/1236 1235/1235/1235
f 1235/1235/1235 1237/1237/1237 480/480/480
f 1240/1240/1240 1239/1239/1239 1238/1238/1238
f 1241/1241/1241 1238/1238/1238 1239/1239/1239
f 1241/1241/1241 1242/1242/1242 1238/1238/1238
f 1243/1243/1243 1238/1238/1238 1242/1242/1242
f 1241/1241/1241 1239/1239/1239 1244/1244/1244
f 1245/1245/1245 1244/1244/1244 1239/1239/1239
f 1244/1244/1244 1245/1245/1245 1246/1246/1246
f 1247/1247/1247 1246/1246/1246 1245/1245/1245
f 1244/1244/1244 1246/1246/1246 1248/1248/1248
f 1244/1244/1244 1248/1248/1248 1241/1241/1241
f 1242/1242/1242 1241/1241/1241 1248/1248/1248
f 1249/1249/1249 1248/1248/1248 1246/1246/1246
f 1247/1247/1247 1250/1250/1250 1246/1246/1246
f 1251/1251/1251 1246/1246/1246 1250/1250/1250
f 1246/1246/1246 1251/1251/1251 1249/1249/1249
f 1252/1252/1252 1249/1249/1249 1251/1251/1251
f 1250/1250/1250 1253/1253/1253 1251/1251/1251
f 1254/1254/1254 1251/1251/1251 1253/1253/1253
f 1251/1251/1251 1254/1254/1254 1252/1252/1252
f 1255/1255/1255 1252/1252/1252 1254/1254/1254
f 1253/1253/1253 1256/1256/1256 1254/1254/1254
f 1257/1257/1257 1254/1254/1254 1256/1256/1256
f 1254/1254/1254 1257/1257/1257 1255/1255/1255
f 1258/1258/1258 1255/1255/1255 1257/1257/1257
f 1249/1249/1249 1252/1252/1252 1259/1259/1259
f 1260/1260/1260 1259/1259/1259 1252/1252/1252
f 1252/1252/1252 1255/1255/1255 1260/1260/1260
f 1261/1261/1261 1260/1260/1260 1255/1255/1255
f 1255/1255/1255 1258/1258/1258 1261/1261/1261
f 1262/1262/1262 1261/1261/1261 1258/1258/1258
f 1256/1256/1256 1263/1263/1263 1257/1257/1257
f 1264/1264/1264 1257/1257/1257 1263/1263/1263
f 1263/1263/1263 1265/1265/1265 1264/1264/1264
f 1266/1266/1266 1264/1264/1264 1265/1265/1265
f 1266/1266/1266 1265/1265/1265 1267/1267/1267
f 1268/1268/1268 1267/1267/1267 1265/1265/1265
f 1268/1268/1268 1269/1269/1269 1267/1267/1267
f 1270/1270/1270 1267/1267/1267 1269/1269/1269
f 1270/1270/1270 1269/1269/1269 1271/1271/1271
f 1272/1272/1272 1271/1271/1271 1269/1269/1269
f 1271/1271/1271 1272/1272/1272 1273/1273/1273
f 1274/1274/1274 1273/1273/1273 1272/1272/1272
f 1264/1264/1264 1266/1266/1266 1275/1275/1275
f 1264/1264/1264 1275/1275/1275 1257/1257/1257
f 1258/1258/1258 1257/1257/1257 1275/1275/1275
f 1258/1258/1258 1275/1275/1275 1262/1262/1262
f 1276/1276/1276 1275/1275/1275 1266/1266/1266
f 1266/1266/1266 1267/1267/1267 1276/1276/1276
f 1277/1277/1277 1276/1276/1276 1267/1267/1267
f 1277/1277/1277 1267/1267/1267 1278/1278/1278
f 1270/1270/1270 1278/1278/1278 1267/1267/1267
f 1278/1278/1278 1270/1270/1270 1279/1279/1279
f 1271/1271/1271 1279/1279/1279 1270/1270/1270
f 1279/1279/1279 1271/1271/1271 1280/1280/1280
f 1273/1273/1273 1280/1280/1280 1271/1271/1271
f 1279/1279/1279 1281/1281/1281 1278/1278/1278
f 1282/1282/1282 1278/1278/1278 1281/1281/1281
f 1277/1277/1277 1278/1278/1278 1283/1283/1283
f 1282/1282/1282 1283/1283/1283 1278/1278/1278
f 1276/1276/1276 1277/1277/1277 1284/1284/1284
f 1285/1285/1285 1284/1284/1284 1277/1277/1277
f 1275/1275/1275 1276/1276/1276 1286/1286/1286
f 1287/1287/1287 1286/1286/1286 1276/1276/1276
f 1276/1276/1276 1284/1284/1284 1287/1287/1287
f 1286/1286/1286 1262/1262/1262 1275/1275/1275
f 1262/1262/1262 1286/1286/1286 1288/1288/1288
f 1262/1262/1262 1288/1288/1288 1261/1261/1261
f 1289/1289/1289 1261/1261/1261 1288/1288/1288
f 1261/1261/1261 1289/1289/1289 1260/1260/1260
f 1290/1290/1290 1260/1260/1260 1289/1289/1289
f 1260/1260/1260 1290/1290/1290 1259/1259/1259
f 1291/1291/1291 1259/1259/1259 1290/1290/1290
f 1292/1292/1292 1288/1288/1288 1286/1286/1286
f 1292/1292/1292 1286/1286/1286 1293/1293/1293
f 1287/1287/1287 1294/1294/1294 1286/1286/1286
f 1259/1259/1259 1295/1295/1295 1249/1249/1249
f 1248/1248/1248 1249/1249/1249 1295/1295/1295
f 1248/1248/1248 1296/1296/1296 1242/1242/1242
f 1297/1297/1297 1242/1242/1242 1296/1296/1296
f 1242/1242/1242 1298/1298/1298 1243/1243/1243
f 1299/1299/1299 1243/1243/1243 1298/1298/1298
f 1302/1302/1302 1301/1301/1301 1300/1300/1300
f 1303/1303/1303 1300/1300/1300 1301/1301/1301
f 1303/1303/1303 1301/1301/1301 1304/1304/1304
f 1305/1305/1305 1304/1304/1304 1301/1301/1301
f 1302/1302/1302 1300/1300/1300 1306/1306/1306
f 1307/1307/1307 1306/1306/1306 1300/1300/1300
f 1307/1307/1307 1308/1308/1308 1306/1306/1306
f 1306/1306/1306 1309/1309/1309 1302/1302/1302
f 1309/1309/1309 1306/1306/1306 1310/1310/1310
f 1311/1311/1311 1310/1310/1310 1306/1306/1306
f 1311/1311/1311 1312/1312/1312 1310/1310/1310
f 1313/1313/1313 1312/1312/1312 1308/1308/1308
f 1313/1313/1313 1314/1314/1314 1312/1312/1312
f 1315/1315/1315 1312/1312/1312 1314/1314/1314
f 1315/1315/1315 1314/1314/1314 1316/1316/1316
f 1317/1317/1317 1316/1316/1316 1314/1314/1314
f 1317/1317/1317 1318/1318/1318 1316/1316/1316
f 1319/1319/1319 1316/1316/1316 1318/1318/1318
f 1320/1320/1320 1310/1310/1310 1312/1312/1312
f 1315/1315/1315 1316/1316/1316 1321/1321/1321
f 1320/1320/1320 1312/1312/1312 1321/1321/1321
f 1315/1315/1315 1321/1321/1321 1312/1312/1312
f 1322/1322/1322 1321/1321/1321 1316/1316/1316
f 1322/1322/1322 1316/1316/1316 1323/1323/1323
f 1324/1324/1324 1323/1323/1323 1316/1316/1316
f 1314/1314/1314 1325/1325/1325 1317/1317/1317
f 1326/1326/1326 1317/1317/1317 1325/1325/1325
f 1317/1317/1317 1326/1326/1326 1327/1327/1327
f 1328/1328/1328 1327/1327/1327 1326/1326/1326
f 1325/1325/1325 1314/1314/1314 1329/1329/1329
f 1313/1313/1313 1329/1329/1329 1314/1314/1314
f 1313/1313/1313 1308/1308/1308 1329/1329/1329
f 1330/1330/1330 1329/1329/1329 1308/1308/1308
f 1330/1330/1330 1308/1308/1308 1331/1331/1331
f 1307/1307/1307 1331/1331/1331 1308/1308/1308
f 1307/1307/1307 1300/1300/1300 1331/1331/1331
f 1332/1332/1332 1331/1331/1331 1300/1300/1300
f 1332/1332/1332 1300/1300/1300 1333/1333/1333
f 1303/1303/1303 1333/1333/1333 1300/1300/1300
f 1303/1303/1303 1304/1304/1304 1333/1333/1333
f 1325/1325/1325 1334/1334/1334 1326/1326/1326
f 1325/1325/1325 1329/1329/1329 1334/1334/1334
f 1335/1335/1335 1326/1326/1326 1334/1334/1334
f 1335/1335/1335 1336/1336/1336 1326/1326/1326
f 1337/1337/1337 1334/1334/1334 1329/1329/1329
f 1329/1329/1329 1330/1330/1330 1337/1337/1337
f 1338/1338/1338 1337/1337/1337 1330/1330/1330
f 1338/1338/1338 1330/1330/1330 1339/1339/1339
f 1331/1331/1331 1339/1339/1339 1330/1330/1330
f 1339/1339/1339 1331/1331/1331 1340/1340/1340
f 1332/1332/1332 1340/1340/1340 1331/1331/1331
f 1332/1332/1332 1333/1333/1333 1340/1340/1340
f 1341/1341/1341 1340/1340/1340 1333/1333/1333
f 1333/1333/1333 1342/1342/1342 1341/1341/1341
f 1343/1343/1343 1341/1341/1341 1342/1342/1342
f 1335/1335/1335 1334/1334/1334 1245/1245/1245
f 1247/1247/1247 1245/1245/1245 1334/1334/1334
f 1335/1335/1335 1245/1245/1245 1239/1239/1239
f 1335/1335/1335 1239/1239/1239 1344/1344/1344
f 1345/1345/1345 1344/1344/1344 1239/1239/1239
f 1341/1341/1341 1346/1346/1346 1340/1340/1340
f 1347/1347/1347 1340/1340/1340 1346/1346/1346
f 1347/1347/1347 1346/1346/1346 1348/1348/1348
f 1349/1349/1349 1348/1348/1348 1346/1346/1346
f 1349/1349/1349 1269/1269/1269 1348/1348/1348
f 1268/1268/1268 1348/1348/1348 1269/1269/1269
f 1269/1269/1269 1349/1349/1349 1272/1272/1272
f 1350/1350/1350 1272/1272/1272 1349/1349/1349
f 1349/1349/1349 1346/1346/1346 1350/1350/1350
f 1350/1350/1350 1351/1351/1351 1272/1272/1272
f 1352/1352/1352 1272/1272/1272 1351/1351/1351
f 1268/1268/1268 1265/1265/1265 1348/1348/1348
f 1353/1353/1353 1348/1348/1348 1265/1265/1265
f 1353/1353/1353 1265/1265/1265 1354/1354/1354
f 1263/1263/1263 1354/1354/1354 1265/1265/1265
f 1354/1354/1354 1263/1263/1263 1355/1355/1355
f 1350/1350/1350 1356/1356/1356 1351/1351/1351
f 1356/1356/1356 1350/1350/1350 1346/1346/1346
f 1351/1351/1351 1356/1356/1356 1343/1343/1343
f 1341/1341/1341 1343/1343/1343 1356/1356/1356
f 1352/1352/1352 1351/1351/1351 1357/1357/1357
f 1346/1346/1346 1341/1341/1341 1356/1356/1356
f 1354/1354/1354 1358/1358/1358 1353/1353/1353
f 1359/1359/1359 1353/1353/1353 1358/1358/1358
f 1353/1353/1353 1359/1359/1359 1348/1348/1348
f 1347/1347/1347 1348/1348/1348 1359/1359/1359
f 1358/1358/1358 1354/1354/1354 1338/1338/1338
f 1256/1256/1256 1338/1338/1338 1263/1263/1263
f 1256/1256/1256 1253/1253/1253 1338/1338/1338
f 1360/1360/1360 1338/1338/1338 1253/1253/1253
f 1360/1360/1360 1253/1253/1253 1361/1361/1361
f 1250/1250/1250 1361/1361/1361 1253/1253/1253
f 1347/1347/1347 1359/1359/1359 1340/1340/1340
f 1339/1339/1339 1340/1340/1340 1359/1359/1359
f 1358/1358/1358 1339/1339/1339 1359/1359/1359
f 1338/1338/1338 1339/1339/1339 1358/1358/1358
f 1361/1361/1361 1250/1250/1250 1362/1362/1362
f 1363/1363/1363 1362/1362/1362 1250/1250/1250
f 1361/1361/1361 1337/1337/1337 1360/1360/1360
f 1360/1360/1360 1337/1337/1337 1338/1338/1338
f 1361/1361/1361 1334/1334/1334 1337/1337/1337
f 1365/1365/1365 1364/1364/1364 1312/1312/1312
f 1367/1367/1367 1306/1306/1306 1366/1366/1366
f 1368/1368/1368 1302/1302/1302 1309/1309/1309
f 1368/1368/1368 1369/1369/1369 1302/1302/1302
f 1301/1301/1301 1302/1302/1302 1369/1369/1369
f 1369/1369/1369 1370/1370/1370 1301/1301/1301
f 1309/1309/1309 1371/1371/1371 1368/1368/1368
f 1309/1309/1309 1310/1310/1310 1371/1371/1371
f 1372/1372/1372 1368/1368/1368 1371/1371/1371
f 1372/1372/1372 1373/1373/1373 1368/1368/1368
f 1369/1369/1369 1368/1368/1368 1373/1373/1373
f 1369/1369/1369 1373/1373/1373 1370/1370/1370
f 1374/1374/1374 1370/1370/1370 1373/1373/1373
f 1374/1374/1374 1373/1373/1373 1375/1375/1375
f 1376/1376/1376 1375/1375/1375 1373/1373/1373
f 1373/1373/1373 1372/1372/1372 1376/1376/1376
f 1371/1371/1371 1377/1377/1377 1372/1372/1372
f 1377/1377/1377 1371/1371/1371 1378/1378/1378
f 1379/1379/1379 1378/1378/1378 1371/1371/1371
f 1379/1379/1379 1380/1380/1380 1378/1378/1378
f 1320/1320/1320 1380/1380/1380 1310/1310/1310
f 1320/1320/1320 1321/1321/1321 1380/1380/1380
f 1381/1381/1381 1380/1380/1380 1321/1321/1321
f 1381/1381/1381 1321/1321/1321 1382/1382/1382
f 1322/1322/1322 1382/1382/1382 1321/1321/1321
f 1322/1322/1322 1383/1383/1383 1382/1382/1382
f 1384/1384/1384 1382/1382/1382 1383/1383/1383
f 1381/1381/1381 1382/1382/1382 1385/1385/1385
f 1381/1381/1381 1385/1385/1385 1380/1380/1380
f 1386/1386/1386 1385/1385/1385 1382/1382/1382
f 1386/1386/1386 1382/1382/1382 1387/1387/1387
f 1388/1388/1388 1387/1387/1387 1382/1382/1382
f 1389/1389/1389 1380/1380/1380 1385/1385/1385
f 1389/1389/1389 1378/1378/1378 1380/1380/1380
f 1377/1377/1377 1378/1378/1378 1390/1390/1390
f 1377/1377/1377 1390/1390/1390 1391/1391/1391
f 1391/1391/1391 1372/1372/1372 1377/1377/1377
f 1391/1391/1391 1376/1376/1376 1372/1372/1372
f 1392/1392/1392 1391/1391/1391 1390/1390/1390
f 1392/1392/1392 1393/1393/1393 1391/1391/1391
f 1376/1376/1376 1391/1391/1391 1393/1393/1393
f 1376/1376/1376 1393/1393/1393 1375/1375/1375
f 1394/1394/1394 1375/1375/1375 1393/1393/1393
f 1385/1385/1385 1386/1386/1386 1395/1395/1395
f 1396/1396/1396 1395/1395/1395 1386/1386/1386
f 1386/1386/1386 1397/1397/1397 1396/1396/1396
f 1398/1398/1398 1396/1396/1396 1397/1397/1397
f 1390/1390/1390 1399/1399/1399 1392/1392/1392
f 1399/1399/1399 1390/1390/1390 1400/1400/1400
f 1401/1401/1401 1400/1400/1400 1390/1390/1390
f 1400/1400/1400 1401/1401/1401 1402/1402/1402
f 1403/1403/1403 1402/1402/1402 1401/1401/1401
f 1404/1404/1404 1392/1392/1392 1399/1399/1399
f 1392/1392/1392 1405/1405/1405 1393/1393/1393
f 1392/1392/1392 1404/1404/1404 1405/1405/1405
f 1406/1406/1406 1393/1393/1393 1405/1405/1405
f 1406/1406/1406 1407/1407/1407 1393/1393/1393
f 1394/1394/1394 1393/1393/1393 1407/1407/1407
f 1408/1408/1408 1395/1395/1395 1396/1396/1396
f 1408/1408/1408 1396/1396/1396 1409/1409/1409
f 1403/1403/1403 1410/1410/1410 1402/1402/1402
f 1411/1411/1411 1410/1410/1410 1403/1403/1403
f 1411/1411/1411 1403/1403/1403 1385/1385/1385
f 1385/1385/1385 1403/1403/1403 1389/1389/1389
f 1389/1389/1389 1403/1403/1403 1378/1378/1378
f 1412/1412/1412 1378/1378/1378 1403/1403/1403
f 1385/1385/1385 1395/1395/1395 1411/1411/1411
f 1414/1414/1414 1413/1413/1413 1407/1407/1407
f 1416/1416/1416 1301/1301/1301 1415/1415/1415
f 1418/1418/1418 1333/1333/1333 1417/1417/1417
f 1420/1420/1420 1371/1371/1371 1419/1419/1419
f 1422/1422/1422 1421/1421/1421 1380/1380/1380
f 1423/1423/1423 1326/1326/1326 1336/1336/1336
f 1425/1425/1425 1390/1390/1390 1424/1424/1424
f 1427/1427/1427 1426/1426/1426 1396/1396/1396
f 1280/1280/1280 1428/1428/1428 1279/1279/1279
f 1281/1281/1281 1279/1279/1279 1428/1428/1428
f 1431/1431/1431 1430/1430/1430 1429/1429/1429
f 1429/1429/1429 1064/1064/1064 1431/1431/1431
f 1433/1433/1433 1432/1432/1432 1064/1064/1064
f 1435/1435/1435 1049/1049/1049 1434/1434/1434
f 1070/1070/1070 1436/1436/1436 1049/1049/1049
f 1438/1438/1438 1069/1069/1069 1437/1437/1437
f 1440/1440/1440 1439/1439/1439 1047/1047/1047
f 1047/1047/1047 1054/1054/1054 1440/1440/1440
f 1442/1442/1442 1441/1441/1441 1058/1058/1058
f 903/903/903 911/911/911 1443/1443/1443
f 111/111/111 879/879/879 121/121/121
f 1445/1445/1445 1133/1133/1133 1444/1444/1444
f 1134/1134/1134 1444/1444/1444 1133/1133/1133
f 1133/1133/1133 1445/1445/1445 1135/1135/1135
f 1446/1446/1446 1135/1135/1135 1445/1445/1445
f 1446/1446/1446 1139/1139/1139 1135/1135/1135
f 1139/1139/1139 1446/1446/1446 1140/1140/1140
f 1444/1444/1444 1447/1447/1447 1445/1445/1445
f 1448/1448/1448 1445/1445/1445 1447/1447/1447
f 1448/1448/1448 1446/1446/1446 1445/1445/1445
f 1447/1447/1447 1166/1166/1166 1448/1448/1448
f 1164/1164/1164 1448/1448/1448 1166/1166/1166
f 1448/1448/1448 1164/1164/1164 1449/1449/1449
f 1140/1140/1140 1446/1446/1446 1449/1449/1449
f 1448/1448/1448 1449/1449/1449 1446/1446/1446
f 1162/1162/1162 1449/1449/1449 1164/1164/1164
f 1449/1449/1449 1162/1162/1162 1450/1450/1450
f 1451/1451/1451 1450/1450/1450 1162/1162/1162
f 1140/1140/1140 1449/1449/1449 1155/1155/1155
f 1447/1447/1447 1452/1452/1452 1166/1166/1166
f 1452/1452/1452 1447/1447/1447 1453/1453/1453
f 1444/1444/1444 1134/1134/1134 1453/1453/1453
f 1444/1444/1444 1453/1453/1453 1447/1447/1447
f 1454/1454/1454 1166/1166/1166 1452/1452/1452
f 849/849/849 850/850/850 1193/1193/1193
f 849/849/849 1193/1193/1193 1455/1455/1455
f 1456/1456/1456 1455/1455/1455 1193/1193/1193
f 1456/1456/1456 1193/1193/1193 1457/1457/1457
f 1195/1195/1195 1457/1457/1457 1193/1193/1193
f 1455/1455/1455 1458/1458/1458 849/849/849
f 1459/1459/1459 849/849/849 1458/1458/1458
f 1456/1456/1456 1457/1457/1457 1460/1460/1460
f 1460/1460/1460 1455/1455/1455 1456/1456/1456
f 1461/1461/1461 1460/1460/1460 1457/1457/1457
f 1461/1461/1461 1457/1457/1457 1462/1462/1462
f 1463/1463/1463 1462/1462/1462 1457/1457/1457
f 1457/1457/1457 1464/1464/1464 1463/1463/1463
f 1465/1465/1465 1463/1463/1463 1464/1464/1464
f 1465/1465/1465 1464/1464/1464 1179/1179/1179
f 1179/1179/1179 1180/1180/1180 1465/1465/1465
f 1466/1466/1466 1465/1465/1465 1180/1180/1180
f 1465/1465/1465 1466/1466/1466 1463/1463/1463
f 1180/1180/1180 1192/1192/1192 1466/1466/1466
f 1467/1467/1467 1466/1466/1466 1192/1192/1192
f 1182/1182/1182 1179/1179/1179 1464/1464/1464
f 1464/1464/1464 1468/1468/1468 1182/1182/1182
f 1462/1462/1462 1463/1463/1463 1469/1469/1469
f 1470/1470/1470 1469/1469/1469 1463/1463/1463
f 1470/1470/1470 1463/1463/1463 1466/1466/1466
f 1470/1470/1470 1466/1466/1466 1467/1467/1467
f 1472/1472/1472 1182/1182/1182 1471/1471/1471
f 1475/1475/1475 1474/1474/1474 1473/1473/1473
f 1475/1475/1475 1011/1011/1011 1474/1474/1474
f 1011/1011/1011 1475/1475/1475 1476/1476/1476
f 127/127/127 1478/1478/1478 1477/1477/1477
f 1479/1479/1479 836/836/836 842/842/842
f 843/843/843 1480/1480/1480 842/842/842
f 1480/1480/1480 843/843/843 1481/1481/1481
f 845/845/845 1481/1481/1481 843/843/843
f 1481/1481/1481 845/845/845 1482/1482/1482
f 848/848/848 1482/1482/1482 845/845/845
f 1480/1480/1480 1481/1481/1481 835/835/835
f 1483/1483/1483 835/835/835 1481/1481/1481
f 1481/1481/1481 1482/1482/1482 1483/1483/1483
f 1484/1484/1484 842/842/842 1480/1480/1480
f 1480/1480/1480 835/835/835 1484/1484/1484
f 1460/1460/1460 1483/1483/1483 1482/1482/1482
f 1460/1460/1460 1482/1482/1482 1455/1455/1455
f 1122/1122/1122 1486/1486/1486 1485/1485/1485
f 1489/1489/1489 1488/1488/1488 1487/1487/1487
f 1492/1492/1492 1491/1491/1491 1490/1490/1490
f 1495/1495/1495 1494/1494/1494 1493/1493/1493
f 1497/1497/1497 1493/1493/1493 1496/1496/1496
f 1500/1500/1500 1499/1499/1499 1498/1498/1498
f 1501/1501/1501 1498/1498/1498 1499/1499/1499
f 1504/1504/1504 1503/1503/1503 1502/1502/1502
f 1505/1505/1505 1502/1502/1502 1503/1503/1503
f 1508/1508/1508 1507/1507/1507 1506/1506/1506
f 1509/1509/1509 1506/1506/1506 1507/1507/1507
f 1512/1512/1512 1511/1511/1511 1510/1510/1510
f 1513/1513/1513 1510/1510/1510 1511/1511/1511
f 1516/1516/1516 1515/1515/1515 1514/1514/1514
f 1518/1518/1518 1514/1514/1514 1517/1517/1517
f 1521/1521/1521 1520/1520/1520 1519/1519/1519
f 1522/1522/1522 1519/1519/1519 1520/1520/1520
f 1524/1524/1524 1521/1521/1521 1523/1523/1523
f 1527/1527/1527 1526/1526/1526 1525/1525/1525
f 1528/1528/1528 1525/1525/1525 1526/1526/1526
f 1531/1531/1531 1530/1530/1530 1529/1529/1529
f 1532/1532/1532 1529/1529/1529 1530/1530/1530
f 1535/1535/1535 1534/1534/1534 1533/1533/1533
f 1538/1538/1538 1537/1537/1537 1536/1536/1536
