g green_mag_pve_f_4_shoulderstrap
v -0.161911935 0.0413919352 1.79624903
v -0.19807674 -0.0362086296 1.75393999
v -0.233617306 0.0413413942 1.78591883
v -0.153204858 -0.0263553988 1.76486933
v -0.14494589 -0.0841026753 1.69955873
v -0.162886485 -0.0976365954 1.68788266
v -0.301507264 -0.0048217536 1.74512172
v -0.368615627 0.0411078781 1.75637019
v -0.215247989 -0.0635835826 1.69839692
v -0.303102851 -0.00164540287 1.73482323
v -0.27599737 -0.0459898189 1.70793056
v -0.219251856 -0.0578308366 1.68968928
v -0.187515065 -0.103814989 1.63970542
v -0.1500085 -0.132708266 1.56050658
v -0.144208312 -0.107745491 1.66261196
v -0.256363392 -0.0784526169 1.60773981
v -0.277285367 -0.0421512313 1.69889641
v -0.341524422 -0.00773866614 1.65717745
v -0.360051692 0.0415111147 1.744205
v -0.400861412 0.0412626006 1.68048429
v -0.324043572 -0.0603530854 1.62352967
v -0.227313966 -0.124825343 1.55000484
v -0.312164098 -0.0480246916 1.61356926
v -0.332712442 0.00526849274 1.64877927
v -0.368991196 0.041153226 1.66433775
v -0.400861412 0.0412626006 1.68048429
v -0.257227927 -0.0650912449 1.60156369
v -0.228851274 -0.112341322 1.54738474
v -0.191941798 -0.116680562 1.54077423
v -0.192027882 -0.129972398 1.54530287
v -0.166062102 -0.116749302 1.5273205
v -0.202819437 -0.122501813 1.50902021
v -0.24760583 -0.123917021 1.50527823
v -0.171824738 -0.119753547 1.51494598
v -0.287121117 -0.0844238624 1.52975917
v -0.347573221 -0.06693203 1.53828812
v -0.363526464 -0.00607668841 1.57911587
v -0.406491965 0.0417134501 1.60634756
v -0.368991196 0.041153226 1.66433775
v -0.242430568 -0.0863657445 1.5051837
v -0.200862542 -0.0910885409 1.50952101
v -0.180796653 -0.087289989 1.51215422
v -0.171824738 -0.119753547 1.51494598
v -0.286959231 -0.0741017163 1.52040005
v -0.320156932 -0.0372948647 1.52836668
v -0.346895218 0.0401034094 1.58210325
v -0.320293576 -0.0838605389 1.45923471
v -0.392768234 0.0401775837 1.51850307
v -0.199546695 -0.093439959 1.46760345
v -0.349572897 0.0472656824 1.49314058
v -0.271344662 -0.0698120594 1.4571321
v -0.284947902 -0.0736505091 1.41977429
v -0.375741333 0.0467743203 1.45497918
v -0.211932719 -0.083042793 1.41762376
v -0.203936458 -0.0737613067 1.46509337
v -0.203936458 -0.0737613067 1.46509337
v -0.199546695 -0.093439959 1.46760345
v -0.180796653 -0.087289989 1.51215422
v -0.406491965 0.0417134501 1.60634756
v -0.144208312 -0.107745491 1.66261196
v -0.14494589 -0.0841026753 1.69955873
v -0.166062102 -0.116749302 1.5273205
v -0.170367718 -0.138693124 1.53490531
v -0.159071729 -0.139655039 1.53799987
v -0.159071729 -0.139655039 1.53799987
v -0.166062102 -0.116749302 1.5273205
v -0.166062102 -0.116749302 1.5273205
v -0.159071729 -0.139655039 1.53799987
v -0.156094283 -0.114576414 1.53007102
v -0.166062102 -0.116749302 1.5273205
v -0.180796653 -0.087289989 1.51215422
v -0.171824738 -0.119753547 1.51494598
v -0.172588855 -0.0832203478 1.53304923
v -0.172588855 0.166004285 1.53304923
v -0.180796653 0.170073867 1.51215422
v -0.199546695 -0.093439959 1.46760345
v -0.199546695 0.176223859 1.46760345
v -0.203936458 -0.0737613067 1.46509337
v -0.203936458 0.156545192 1.46509337
v -0.211932719 0.165826648 1.41762376
v -0.211932719 -0.083042793 1.41762376
v -0.156094283 -0.114576414 1.53007102
v -0.166062102 0.199533179 1.5273205
v -0.171824738 0.202537462 1.51494598
v -0.145506054 -0.0889145285 1.5942471
v -0.1500085 -0.132708266 1.56050658
v -0.144208312 -0.107745491 1.66261196
v -0.143693522 -0.0770261586 1.66035032
v -0.14494589 -0.0841026753 1.69955873
v -0.144305468 -0.0502036661 1.6989224
v -0.153204858 -0.0263553988 1.76486933
v -0.151686996 0.00813624822 1.76505494
v -0.161911935 0.0413919352 1.79624903
v -0.155606017 0.0413919352 1.77803767
v -0.15185146 0.0783843249 1.76503479
v -0.153204858 0.109139308 1.76486933
v -0.144427866 0.139449194 1.69904375
v -0.14494589 0.166886598 1.69955873
v -0.143766731 0.164223939 1.66067505
v -0.144208312 0.190529376 1.66261196
v -0.197637707 0.0413927734 1.74430752
v -0.210151747 0.0707699731 1.72408354
v -0.209884301 0.0130162854 1.72464013
v -0.229076609 -0.00906759221 1.69489896
v -0.237717643 -0.0244585034 1.65136015
v -0.229145274 0.0962116122 1.69494307
v -0.237757131 0.110384688 1.65180349
v -0.244702831 0.122592486 1.59870064
v -0.244001538 -0.0368617512 1.59913957
v -0.245768711 0.121710584 1.56108367
v -0.245768711 -0.0389266759 1.56108367
v -0.146610796 0.178338751 1.59363091
v -0.1500085 0.215492189 1.56050658
v -0.156094283 0.197360307 1.53007102
v -0.166062102 0.199533179 1.5273205
v -0.159071729 0.222438887 1.53799987
v -0.368615627 0.0411078781 1.75637019
v -0.211932719 0.165826648 1.41762376
v -0.284947902 -0.0736505091 1.41977429
v -0.211932719 -0.083042793 1.41762376
v -0.284947902 0.156434417 1.41977429
v -0.375741333 0.0467743203 1.45497918
v -0.161911935 0.0413919352 1.79624903
v -0.19807674 0.1189925 1.75393999
v -0.153204858 0.109139308 1.76486933
v -0.233617306 0.0413413942 1.78591883
v -0.14494589 0.166886598 1.69955873
v -0.162886485 0.180420458 1.68788266
v -0.301507264 0.0876056328 1.74512172
v -0.368615627 0.0411078781 1.75637019
v -0.215247989 0.14636746 1.69839692
v -0.27599737 0.128773704 1.70793056
v -0.219251856 0.140614718 1.68968928
v -0.187515065 0.186598852 1.63970542
v -0.1500085 0.215492189 1.56050658
v -0.144208312 0.190529376 1.66261196
v -0.256363392 0.161236495 1.60773981
v -0.277285367 0.124935113 1.69889641
v -0.324043572 0.143136978 1.62352967
v -0.341524422 0.0905225575 1.65717745
v -0.303102851 0.0844292641 1.73482323
v -0.360051692 0.0415111147 1.744205
v -0.400861412 0.0412626006 1.68048429
v -0.227313966 0.207609251 1.55000484
v -0.368991196 0.041153226 1.66433775
v -0.332712442 0.0775154009 1.64877927
v -0.312164098 0.130808577 1.61356926
v -0.257227927 0.14787513 1.60156369
v -0.228851274 0.195125192 1.54738474
v -0.191941798 0.199464455 1.54077423
v -0.192027882 0.212756261 1.54530287
v -0.166062102 0.199533179 1.5273205
v -0.202819437 0.205285683 1.50902021
v -0.24760583 0.206700891 1.50527823
v -0.171824738 0.202537462 1.51494598
v -0.287121117 0.167207748 1.52975917
v -0.347573221 0.1497159 1.53828812
v -0.363526464 0.0888605788 1.57911587
v -0.406491965 0.0417134501 1.60634756
v -0.368991196 0.041153226 1.66433775
v -0.242430568 0.169149622 1.5051837
v -0.200862542 0.173872396 1.50952101
v -0.180796653 0.170073867 1.51215422
v -0.171824738 0.202537462 1.51494598
v -0.286959231 0.156885624 1.52040005
v -0.320156932 0.12007875 1.52836668
v -0.346895218 0.0401034094 1.58210325
v -0.320293576 0.166644439 1.45923471
v -0.392768234 0.0401775837 1.51850307
v -0.199546695 0.176223859 1.46760345
v -0.349572897 0.0472656824 1.49314058
v -0.271344662 0.152595982 1.4571321
v -0.284947902 0.156434417 1.41977429
v -0.375741333 0.0467743203 1.45497918
v -0.211932719 0.165826648 1.41762376
v -0.203936458 0.156545192 1.46509337
v -0.203936458 0.156545192 1.46509337
v -0.199546695 0.176223859 1.46760345
v -0.406491965 0.0417134501 1.60634756
v -0.144208312 0.190529376 1.66261196
v -0.14494589 0.166886598 1.69955873
v -0.166062102 0.199533179 1.5273205
v -0.170367718 0.221477002 1.53490531
v -0.159071729 0.222438887 1.53799987
v -0.166062102 0.199533179 1.5273205
v -0.159071729 0.222438887 1.53799987
v -0.159071729 0.222438887 1.53799987
v -0.166062102 0.199533179 1.5273205
v -0.156094283 0.197360307 1.53007102
v -0.368615627 0.0411078781 1.75637019
v -0.180796653 0.170073867 1.51215422
v -0.199546695 0.176223859 1.46760345
v -0.245768711 0.121710584 1.56108367
v -0.172588855 -0.0832203478 1.53304923
v -0.245768711 -0.0389266759 1.56108367
v -0.172588855 0.166004285 1.53304923
v -0.1500085 -0.132708266 1.56050658
v -0.159071729 -0.139655039 1.53799987
v -0.208392635 -0.0238614082 1.55192077
v -0.284235537 -0.00231719483 1.58670104
v -0.23985368 -0.0357581787 1.54408765
v -0.250901937 0.008142557 1.59129107
v -0.284235537 0.07685633 1.58670104
v -0.250901937 0.0687596947 1.59129107
v -0.238947541 0.106919117 1.55207276
v -0.250901937 0.0687596947 1.59129107
v -0.209686548 0.0899963677 1.56422091
v -0.106870897 -0.0409223661 1.65327787
v -0.122206897 -0.00231392379 1.746503
v -0.102778569 0.00814581849 1.73075044
v -0.124349594 -0.0573152341 1.66444838
v -0.122206897 0.0768596008 1.746503
v -0.102778547 0.0687629655 1.73075044
v -0.124968946 0.136268094 1.67128623
v -0.182715222 0.135659829 1.62763345
v -0.110568389 0.11290779 1.6647476
v -0.102778547 0.0687629655 1.73075044
v -0.16565147 0.112670861 1.6236006
v -0.209686548 0.0899963677 1.56422091
v -0.238947541 0.106919117 1.55207276
v -0.284235537 0.07685633 1.58670104
v -0.222009197 0.0768563077 1.6826998
v -0.284235537 -0.00231719483 1.58670104
v -0.222009197 -0.00231720926 1.6826998
v -0.23985368 -0.0357581787 1.54408765
v -0.184999228 -0.0558545105 1.62352967
v -0.208392635 -0.0238614082 1.55192077
v -0.165451884 -0.0397164635 1.61437333
v -0.250901937 0.008142557 1.59129107
v -0.165451884 -0.0397164635 1.61437333
v -0.200050458 0.00814253744 1.6693393
v -0.208392635 -0.0238614082 1.55192077
v -0.250901937 0.0687596947 1.59129107
v -0.200050458 0.0687596798 1.6693393
v -0.209686548 0.0899963677 1.56422091
v -0.16565147 0.112670861 1.6236006
v -0.102778569 0.00814581849 1.73075044
v -0.106870897 -0.0409223661 1.65327787
v -0.102778547 0.0687629655 1.73075044
v -0.110568389 0.11290779 1.6647476
v 0.208231121 -0.0238614269 1.55192077
v 0.284074008 -0.00231719483 1.58670104
v 0.250740349 0.008142557 1.59129107
v 0.239692152 -0.0357581899 1.54408753
v 0.284074008 0.0768563077 1.58670104
v 0.250740349 0.0687596947 1.59129107
v 0.238786012 0.106919117 1.55207276
v 0.250740349 0.0687596947 1.59129107
v 0.209524989 0.0899963677 1.56422091
v 0.106709398 -0.0409223661 1.65327787
v 0.122045361 -0.00231392379 1.746503
v 0.12418808 -0.0573152527 1.66444838
v 0.10261707 0.00814581849 1.73075044
v 0.122045398 0.0768596008 1.746503
v 0.10261707 0.0687629655 1.73075044
v 0.124807432 0.136268094 1.67128623
v 0.182553634 0.135659829 1.62763357
v 0.110406876 0.11290779 1.6647476
v 0.10261707 0.0687629655 1.73075044
v 0.165489957 0.112670861 1.62360048
v 0.209524989 0.0899963677 1.56422091
v 0.238786012 0.106919117 1.55207276
v 0.284074008 0.0768563077 1.58670104
v 0.221847683 0.0768563077 1.6826998
v 0.284074008 -0.00231719483 1.58670104
v 0.221847683 -0.00231720926 1.6826998
v 0.239692152 -0.0357581899 1.54408753
v 0.184837639 -0.055854518 1.62352967
v 0.208231121 -0.0238614269 1.55192077
v 0.165290371 -0.0397164635 1.61437333
v 0.250740349 0.008142557 1.59129107
v 0.165290371 -0.0397164635 1.61437333
v 0.208231121 -0.0238614269 1.55192077
v 0.199888915 0.00814253744 1.6693393
v 0.250740349 0.0687596947 1.59129107
v 0.199888915 0.0687596798 1.6693393
v 0.209524989 0.0899963677 1.56422091
v 0.165489957 0.112670861 1.62360048
v 0.10261707 0.00814581849 1.73075044
v 0.106709398 -0.0409223661 1.65327787
v 0.10261707 0.0687629655 1.73075044
v 0.110406876 0.11290779 1.6647476
v 0.164099768 -0.102810048 1.51832223
v 0.180198669 -0.0881671309 1.57637107
v 0.18518883 -0.10760431 1.51249599
v 0.147981405 -0.0915505365 1.58013344
v 0.219319686 -0.0944414511 1.54615748
v 0.217786252 -0.115135707 1.5040977
v 0.255578309 -0.104150578 1.51042807
v 0.29336533 -0.0921295807 1.55816829
v 0.301945329 -0.103621945 1.4977417
v 0.338677436 -0.071968846 1.51017392
v 0.324769288 -0.0633128881 1.54477441
v 0.398439258 -0.0557708815 1.49578547
v 0.36881873 -0.0421730205 1.57042181
v 0.417684764 -0.00298207277 1.51013291
v 0.379680157 -0.00239231111 1.57402873
v 0.228693008 -0.0627443865 1.50699091
v 0.279776216 -0.0700710863 1.49997187
v 0.319494247 -0.027884692 1.50050509
v 0.186554492 -0.0695367008 1.51149201
v 0.394108415 0.0372112468 1.58611107
v 0.449275821 0.031974297 1.50407374
v 0.347618937 0.0321130604 1.51083183
v 0.449275821 0.031974297 1.50407374
v 0.289314121 -0.0811325461 1.43466461
v 0.338835448 -0.0298670959 1.45112062
v 0.390739202 0.0371391065 1.45424068
v 0.347618937 0.0321130604 1.51083183
v 0.243357688 -0.0683137327 1.4340812
v 0.211938083 -0.069985792 1.42981994
v 0.186554492 -0.0695367008 1.51149201
v 0.164099768 -0.102810048 1.51832223
v 0.157966152 -0.0656896383 1.56811738
v 0.147981405 -0.0915505365 1.58013344
v 0.164099768 -0.102810048 1.51832223
v 0.186554492 -0.0695367008 1.51149201
v 0.138473272 -0.0888243094 1.587991
v 0.153778985 -0.113598228 1.58539212
v 0.181877166 -0.112998083 1.57745922
v 0.220058516 -0.115235992 1.54845929
v 0.17388244 -0.0922451466 1.7426821
v 0.252429962 -0.0890868157 1.7196908
v 0.254162133 -0.065461427 1.72103298
v 0.175603628 -0.0696045458 1.7476877
v 0.210482404 -0.0305967424 1.7769444
v 0.273323357 -0.0292735193 1.7535826
v 0.289880753 -0.0655911788 1.70260179
v 0.315194398 -0.0276537705 1.73549402
v 0.173162997 -0.0732708126 1.75912797
v 0.217513576 -0.0137906643 1.80033326
v 0.342915028 -0.0420019031 1.69176292
v 0.322540969 -0.0667409822 1.68139982
v 0.348831177 -0.0464511476 1.67740631
v 0.394217819 -0.022755852 1.69251096
v 0.381056219 -0.0239223484 1.70216393
v 0.385594934 -0.00898132287 1.70418382
v 0.400464237 0.0173968785 1.70407569
v 0.390428305 0.0175554175 1.71349335
v 0.327675462 -0.000172824861 1.74628937
v 0.436163485 0.0457526855 1.72280478
v 0.422833472 0.0391346142 1.72641325
v 0.33625105 0.0244528428 1.75197685
v 0.287385017 0.0237187855 1.77114284
v 0.274426192 0.003490014 1.77116513
v 0.221545935 0.0242704097 1.78910518
v 0.221911848 0.00124943256 1.78716242
v 0.326245725 -0.0926623046 1.66307127
v 0.316482455 -0.0853639171 1.67740321
v 0.297172308 -0.112628229 1.55859673
v 0.46519348 0.0383620746 1.59545708
v 0.343558103 -0.11181394 1.54413223
v 0.37019667 -0.0583671182 1.57544184
v 0.432537228 -0.0369152538 1.57572663
v 0.433808893 0.00748100271 1.59217262
v 0.46519348 0.0383620746 1.59545708
v 0.46519348 0.0383620746 1.59545708
v 0.157966152 -0.0656896383 1.56811738
v 0.191158593 0.0350779109 1.51071894
v 0.164615899 0.0342868827 1.55320191
v 0.186554492 -0.0695367008 1.51149201
v 0.157966152 0.135708153 1.56028593
v 0.187574461 0.137245446 1.50626731
v 0.212651059 0.0380530953 1.42957079
v 0.212651059 0.0380530953 1.42957079
v 0.211938083 -0.069985792 1.42981994
v 0.211938083 0.145530805 1.42560601
v 0.255262971 0.0368799381 1.56991851
v 0.255307615 0.163960263 1.57620454
v 0.252797097 0.170054287 1.67170012
v 0.255307615 -0.0887053758 1.58939338
v 0.252797097 -0.0837118626 1.68494642
v 0.252016753 0.0429912508 1.6752224
v 0.184620887 0.0501252934 1.79814911
v 0.252797097 0.170054287 1.67170012
v 0.138473272 0.163916185 1.57479799
v 0.252797097 -0.0837118626 1.68494642
v 0.18588233 -0.0479602702 1.76657403
v 0.130863875 0.0500156283 1.7962594
v 0.132156372 0.143083721 1.75399625
v 0.120906368 0.0585658811 1.94358909
v 0.132156372 -0.0473809987 1.76393855
v 0.119892269 0.0167755894 1.91745543
v 0.120139003 -0.0679057091 1.87190878
v 0.118904114 -0.0340178385 1.91927481
v 0.108538665 -0.116842136 1.83822167
v 0.121781841 -0.119285069 1.76108658
v 0.135987967 -0.0850393027 1.68297601
v 0.128271028 -0.140871808 1.72153318
v 0.137634084 -0.150646165 1.59095085
v 0.127069816 -0.180692419 1.69787991
v 0.119892269 0.0970795974 1.91326356
v 0.120139003 0.175978735 1.85917807
v 0.118904114 0.147776783 1.90978539
v 0.108538665 0.220721319 1.82060111
v 0.121781841 0.214223459 1.74367762
v 0.252797097 -0.0837118626 1.68494642
v 0.255307615 -0.0887053758 1.58939338
v 0.138473272 -0.0888243094 1.587991
v 0.135987967 -0.0850393027 1.68297601
v 0.135987967 0.171145663 1.66960323
v 0.128271028 0.231102705 1.70211649
v 0.137634084 0.225707144 1.57130539
v 0.138473272 0.163916185 1.57479799
v 0.127069816 0.267945558 1.67446136
v 0.18588233 0.143964514 1.7565558
v 0.252797097 0.170054287 1.67170012
v 0.252797097 0.170054287 1.67170012
v 0.16396831 0.1675255 1.50403261
v 0.180125505 0.160294145 1.56334472
v 0.147981405 0.164252967 1.56707156
v 0.185046986 0.170179591 1.4994632
v 0.219403833 0.163012028 1.53315127
v 0.217786252 0.178320885 1.48945034
v 0.255578309 0.16805324 1.49684107
v 0.29334709 0.162081122 1.54529262
v 0.301945329 0.16620411 1.48427367
v 0.338677436 0.136012554 1.4997927
v 0.324657887 0.131963879 1.53474927
v 0.398439258 0.118398108 1.4870919
v 0.368592739 0.114031464 1.56249404
v 0.417684764 0.0673805624 1.50662041
v 0.379344791 0.0755389631 1.5699991
v 0.228728637 0.131575003 1.49960268
v 0.278742045 0.1395403 1.49218833
v 0.319858164 0.0967868418 1.49632728
v 0.187574461 0.137245446 1.50626731
v 0.394108415 0.0372112468 1.58611107
v 0.449275821 0.031974297 1.50407374
v 0.347618937 0.0321130604 1.51083183
v 0.449275821 0.031974297 1.50407374
v 0.289314121 0.156456545 1.43001914
v 0.338835448 0.104356915 1.4484961
v 0.390739202 0.0371391065 1.45424068
v 0.347618937 0.0321130604 1.51083183
v 0.243357688 0.143653616 1.42993677
v 0.211938083 0.145530805 1.42560601
v 0.187574461 0.137245446 1.50626731
v 0.433808893 0.0686765164 1.58897841
v 0.432537228 0.110901468 1.56801081
v 0.400464237 0.0717698857 1.70123732
v 0.46519348 0.0383620746 1.59545708
v 0.436163485 0.0457526855 1.72280478
v 0.390428305 0.0727021024 1.71061468
v 0.422833472 0.0527483746 1.72570276
v 0.422833472 0.0391346142 1.72641325
v 0.385594934 0.0980012715 1.69859922
v 0.327675462 0.0941183716 1.74136746
v 0.394217819 0.110341832 1.68556333
v 0.381056219 0.11261829 1.69503653
v 0.33625105 0.0702996701 1.74958384
v 0.287385017 0.0732471496 1.76855767
v 0.274426192 0.0933562741 1.76647401
v 0.221545935 0.0747774094 1.78646874
v 0.221911848 0.0974345505 1.78214169
v 0.342915028 0.129385069 1.68281674
v 0.348831177 0.132146046 1.66808343
v 0.322540969 0.152775466 1.66994143
v 0.289880753 0.154086098 1.69113457
v 0.326245725 0.176419258 1.64902544
v 0.315194398 0.120184101 1.727777
v 0.273323357 0.1238873 1.74558759
v 0.254162133 0.156089947 1.70946825
v 0.210482404 0.12790595 1.76867092
v 0.175603628 0.163292542 1.73553061
v 0.173162997 0.16826053 1.74652004
v 0.217513576 0.113907866 1.79366732
v 0.17388244 0.185217097 1.72819877
v 0.252429962 0.179417342 1.70567536
v 0.170879051 0.190789655 1.73013854
v 0.220058516 0.185593709 1.53275633
v 0.297172308 0.184174851 1.54310393
v 0.316482455 0.17082347 1.66403043
v 0.143344268 0.16991812 1.75643885
v 0.152801812 0.128312126 1.83351195
v 0.231061772 0.0517698191 1.82648587
v 0.162239343 0.0538203083 1.8618176
v 0.234379262 0.0555641539 1.81843102
v 0.142609939 0.19503665 1.73921013
v 0.125329822 0.219655305 1.81839442
v 0.135881767 0.176417887 1.85831571
v 0.137833551 0.211091265 1.74236631
v 0.153778985 0.188239738 1.56963646
v 0.181877166 0.186725229 1.56181395
v 0.143868789 0.225225061 1.69984055
v 0.144085035 0.267434567 1.67159605
v 0.134066045 0.147535622 1.91577446
v 0.162239343 0.0538203083 1.8618176
v 0.13676697 0.0987616032 1.91315269
v 0.121781841 0.214223459 1.74367762
v 0.128271028 0.231102705 1.70211649
v 0.144085035 0.267434567 1.67159605
v 0.147617489 0.225092113 1.5683502
v 0.127069816 0.267945558 1.67446136
v 0.137634084 0.225707144 1.57130539
v 0.119892269 0.0970795974 1.91326356
v 0.118904114 0.147776783 1.90978539
v 0.120139003 0.175978735 1.85917807
v 0.108538665 0.220721319 1.82060111
v 0.137413904 0.0585402586 1.94314718
v 0.127069816 0.267945558 1.67446136
v 0.144085035 0.267434567 1.67159605
v 0.137413904 0.0585402586 1.94314718
v 0.119892269 0.0970795974 1.91326356
v 0.120906368 0.0585658811 1.94358909
v 0.138473272 0.163916185 1.57479799
v 0.343558103 0.181691661 1.52881157
v 0.37019667 0.132190809 1.56549466
v 0.153778985 0.188239738 1.56963646
v 0.147981405 0.164252967 1.56707156
v 0.138473272 0.163916185 1.57479799
v 0.157966152 0.135708153 1.56028593
v 0.16396831 0.1675255 1.50403261
v 0.187574461 0.137245446 1.50626731
v 0.147981405 0.164252967 1.56707156
v 0.147617489 0.225092113 1.5683502
v 0.137634084 0.225707144 1.57130539
v 0.289196938 0.0377481505 1.42873192
v 0.338835448 -0.0298670959 1.45112062
v 0.338835448 0.0372973047 1.44761443
v 0.289314121 -0.0811325461 1.43466461
v 0.390739202 0.0371391065 1.45424068
v 0.24379921 0.0377119146 1.43025148
v 0.243357688 -0.0683137327 1.4340812
v 0.211938083 -0.069985792 1.42981994
v 0.338835448 0.104356915 1.4484961
v 0.289314121 0.156456545 1.43001914
v 0.243357688 0.143653616 1.42993677
v 0.211938083 0.145530805 1.42560601
v 0.212651059 0.0380530953 1.42957079
v 0.211938083 -0.069985792 1.42981994
v 0.152801812 -0.0234970842 1.84143639
v 0.231061772 0.0517698191 1.82648587
v 0.162239343 0.0538203083 1.8618176
v 0.234379262 0.0470662676 1.81887448
v 0.143344268 -0.0737706572 1.7691592
v 0.142609939 -0.100731149 1.75464916
v 0.170879051 -0.0975595564 1.74519026
v 0.125329822 -0.116037935 1.83591735
v 0.135881767 -0.0684420392 1.87109709
v 0.137833551 -0.116323523 1.75945723
v 0.153778985 -0.113598228 1.58539212
v 0.143868789 -0.135293022 1.71865928
v 0.144085035 -0.18051596 1.69497895
v 0.121781841 -0.119285069 1.76108658
v 0.128271028 -0.140871808 1.72153318
v 0.144085035 -0.18051596 1.69497895
v 0.147617489 -0.150376812 1.58794951
v 0.127069816 -0.180692419 1.69787991
v 0.137634084 -0.150646165 1.59095085
v 0.144085035 -0.18051596 1.69497895
v 0.108538665 -0.116842136 1.83822167
v 0.120139003 -0.0679057091 1.87190878
v 0.134066045 -0.0330850966 1.92520285
v 0.162239343 0.0538203083 1.8618176
v 0.13676697 0.0150908846 1.9175204
v 0.118904114 -0.0340178385 1.91927481
v 0.119892269 0.0167755894 1.91745543
v 0.137413904 0.0585402586 1.94314718
v 0.119892269 0.0167755894 1.91745543
v 0.137413904 0.0585402586 1.94314718
v 0.120906368 0.0585658811 1.94358909
v 0.138473272 -0.0888243094 1.587991
v 0.147981405 -0.0915505365 1.58013344
v 0.312021405 0.0457180254 1.80598176
v 0.221545935 0.0242704097 1.78910518
v 0.234379262 0.0470662676 1.81887448
v 0.287385017 0.0237187855 1.77114284
v 0.33625105 0.0244528428 1.75197685
v 0.385905147 0.047658246 1.82886684
v 0.422833472 0.0391346142 1.72641325
v 0.451188654 0.0450924002 1.8052398
v 0.47096771 0.0511580929 1.87079489
v 0.476408452 0.0510556214 1.8673712
v 0.284474254 -0.00522222975 1.77563691
v 0.327675462 -0.000172824861 1.74628937
v 0.369368494 0.00121197698 1.81798768
v 0.274426192 0.003490014 1.77116513
v 0.427353442 0.00484896172 1.81147981
v 0.454892725 0.0129248137 1.87303007
v 0.450206369 0.0125098936 1.87578857
v 0.224978626 -0.00833651517 1.78852201
v 0.221911848 0.00124943256 1.78716242
v 0.217513576 -0.0137906643 1.80033326
v 0.427353442 0.00484896172 1.81147981
v 0.385594934 -0.00898132287 1.70418382
v 0.385594934 -0.00898132287 1.70418382
v 0.429024875 -0.00735216122 1.81218898
v 0.427353442 0.00484896172 1.81147981
v 0.381056219 -0.0239223484 1.70216393
v 0.454892725 0.0129248137 1.87303007
v 0.455520153 0.00303390971 1.87397945
v 0.284213334 -0.0199161898 1.77448761
v 0.369368494 0.00121197698 1.81798768
v 0.369778365 -0.0102278134 1.81874657
v 0.284474254 -0.00522222975 1.77563691
v 0.450637043 0.0032286644 1.87684572
v 0.224978626 -0.00833651517 1.78852201
v 0.224405587 -0.0198931601 1.78700256
v 0.217513576 -0.0137906643 1.80033326
v 0.369368494 0.00121197698 1.81798768
v 0.450206369 0.0125098936 1.87578857
v 0.455520153 0.00303390971 1.87397945
v 0.454892725 0.0129248137 1.87303007
v 0.224405587 -0.0198931601 1.78700256
v 0.273323357 -0.0292735193 1.7535826
v 0.210482404 -0.0305967424 1.7769444
v 0.284213334 -0.0199161898 1.77448761
v 0.315194398 -0.0276537705 1.73549402
v 0.369778365 -0.0102278134 1.81874657
v 0.429024875 -0.00735216122 1.81218898
v 0.450637043 0.0032286644 1.87684572
v 0.455520153 0.00303390971 1.87397945
v 0.217513576 -0.0137906643 1.80033326
v 0.429024875 -0.00735216122 1.81218898
v 0.381056219 -0.0239223484 1.70216393
v 0.322540969 -0.0667409822 1.68139982
v 0.337895185 -0.0595807172 1.77916658
v 0.289880753 -0.0655911788 1.70260179
v 0.363398582 -0.0602744073 1.75412476
v 0.402440488 -0.0492362566 1.82036984
v 0.397743821 -0.0495158099 1.82381582
v 0.254162133 -0.065461427 1.72103298
v 0.338244319 -0.0731080323 1.77975488
v 0.254162133 -0.065461427 1.72103298
v 0.337895185 -0.0595807172 1.77916658
v 0.252429962 -0.0890868157 1.7196908
v 0.397896022 -0.0606847554 1.82447052
v 0.397743821 -0.0495158099 1.82381582
v 0.402383566 -0.0610281341 1.8215704
v 0.402440488 -0.0492362566 1.82036984
v 0.364691764 -0.0731988773 1.75879395
v 0.402383566 -0.0610281341 1.8215704
v 0.363398582 -0.0602744073 1.75412476
v 0.322540969 -0.0667409822 1.68139982
v 0.322540969 -0.0667409822 1.68139982
v 0.316482455 -0.0853639171 1.67740321
v 0.316482455 -0.0853639171 1.67740321
v 0.338244319 -0.0731080323 1.77975488
v 0.364691764 -0.0731988773 1.75879395
v 0.252429962 -0.0890868157 1.7196908
v 0.397896022 -0.0606847554 1.82447052
v 0.402383566 -0.0610281341 1.8215704
v 0.312021405 0.0554123074 1.80547571
v 0.234379262 0.0470662676 1.81887448
v 0.234379262 0.0555641539 1.81843102
v 0.312021405 0.0457180254 1.80598176
v 0.385905147 0.0561320372 1.82842433
v 0.385905147 0.047658246 1.82886684
v 0.47096771 0.0511580929 1.87079489
v 0.47096771 0.0575052425 1.87046349
v 0.476408452 0.0572109297 1.86704981
v 0.476408452 0.0510556214 1.8673712
v 0.231061772 0.0517698191 1.82648587
v 0.312021405 0.0554123074 1.80547571
v 0.221545935 0.0747774094 1.78646874
v 0.287385017 0.0732471496 1.76855767
v 0.234379262 0.0555641539 1.81843102
v 0.33625105 0.0702996701 1.74958384
v 0.385905147 0.0561320372 1.82842433
v 0.422833472 0.0527483746 1.72570276
v 0.451188654 0.0559482947 1.80467308
v 0.47096771 0.0575052425 1.87046349
v 0.476408452 0.0572109297 1.86704981
v 0.451188654 0.0450924002 1.8052398
v 0.476408452 0.0572109297 1.86704981
v 0.451188654 0.0559482947 1.80467308
v 0.476408452 0.0510556214 1.8673712
v 0.422833472 0.0527483746 1.72570276
v 0.422833472 0.0391346142 1.72641325
v 0.284474254 0.10253334 1.77001214
v 0.327675462 0.0941183716 1.74136746
v 0.274426192 0.0933562741 1.76647401
v 0.369368494 0.101038843 1.81277645
v 0.427353442 0.0966707394 1.806687
v 0.454892725 0.0957662016 1.86870575
v 0.450206369 0.0964978486 1.87140465
v 0.224978626 0.107119918 1.7824955
v 0.221911848 0.0974345505 1.78214169
v 0.217513576 0.113907866 1.79366732
v 0.427353442 0.0966707394 1.806687
v 0.385594934 0.0980012715 1.69859922
v 0.385594934 0.0980012715 1.69859922
v 0.429024875 0.108880214 1.80612147
v 0.381056219 0.11261829 1.69503653
v 0.385594934 0.0980012715 1.69859922
v 0.427353442 0.0966707394 1.806687
v 0.454892725 0.0957662016 1.86870575
v 0.455520153 0.10570728 1.86861992
v 0.284213334 0.117005594 1.7673403
v 0.369368494 0.101038843 1.81277645
v 0.284474254 0.10253334 1.77001214
v 0.369778365 0.11249733 1.81234038
v 0.450637043 0.105845302 1.87148917
v 0.450206369 0.0964978486 1.87140465
v 0.224978626 0.107119918 1.7824955
v 0.224405587 0.11843092 1.77978206
v 0.217513576 0.113907866 1.79366732
v 0.455520153 0.10570728 1.86861992
v 0.454892725 0.0957662016 1.86870575
v 0.224405587 0.11843092 1.77978206
v 0.273323357 0.1238873 1.74558759
v 0.284213334 0.117005594 1.7673403
v 0.210482404 0.12790595 1.76867092
v 0.315194398 0.120184101 1.727777
v 0.369778365 0.11249733 1.81234038
v 0.429024875 0.108880214 1.80612147
v 0.450637043 0.105845302 1.87148917
v 0.455520153 0.10570728 1.86861992
v 0.217513576 0.113907866 1.79366732
v 0.429024875 0.108880214 1.80612147
v 0.381056219 0.11261829 1.69503653
v 0.322540969 0.152775466 1.66994143
v 0.337895185 0.156971931 1.76786256
v 0.363398582 0.154763669 1.74289989
v 0.289880753 0.154086098 1.69113457
v 0.402440488 0.151458025 1.80989373
v 0.397743821 0.152134597 1.81329012
v 0.254162133 0.156089947 1.70946825
v 0.338244319 0.170485646 1.76703966
v 0.254162133 0.156089947 1.70946825
v 0.252429962 0.179417342 1.70567536
v 0.337895185 0.156971931 1.76786256
v 0.397896022 0.163311884 1.812778
v 0.397743821 0.152134597 1.81329012
v 0.402383566 0.163317561 1.80985987
v 0.402440488 0.151458025 1.80989373
v 0.364691764 0.168150291 1.74619567
v 0.363398582 0.154763669 1.74289989
v 0.322540969 0.152775466 1.66994143
v 0.364691764 0.168150291 1.74619567
v 0.402383566 0.163317561 1.80985987
v 0.316482455 0.17082347 1.66403043
v 0.316482455 0.17082347 1.66403043
v 0.338244319 0.170485646 1.76703966
v 0.252429962 0.179417342 1.70567536
v 0.364691764 0.168150291 1.74619567
v 0.397896022 0.163311884 1.812778
v 0.402383566 0.163317561 1.80985987
v 0.16396831 0.1675255 1.50403261
v 0.46519348 0.0383620746 1.59545708
v 0.138473272 -0.0888243094 1.587991
v 0.255307615 -0.0887053758 1.58939338
v 0.138473272 -0.0888243094 1.587991
v 0.138473272 0.163916185 1.57479799
v 0.252797097 0.170054287 1.67170012
vt 0.919430494 0.974596024
vt 0.896155596 0.921412408
vt 0.853741884 0.944908619
vt 0.936076522 0.9445889
vt 0.961310267 0.879515588
vt 0.94729054 0.862723768
vt 0.799788773 0.88485533
vt 0.732753992 0.878614306
vt 0.894524813 0.859643996
vt 0.801001787 0.873824239
vt 0.834015071 0.853325903
vt 0.89301765 0.849612057
vt 0.936585784 0.806561351
vt 0.993421197 0.734952569
vt 0.971829891 0.841657341
vt 0.879371524 0.75534898
vt 0.835185707 0.843679309
vt 0.784962118 0.783646166
vt 0.744159698 0.868359149
vt 0.722141266 0.791889131
vt 0.810585022 0.753633618
vt 0.922433972 0.703601241
vt 0.811900377 0.724735618
vt 0.782934666 0.755541921
vt 0.744178176 0.76192981
vt 0.722141266 0.791889131
vt 0.867518902 0.726963699
vt 0.908994198 0.678699195
vt 0.945975542 0.681695044
vt 0.957358599 0.708131075
vt 0.974248528 0.674712598
vt 0.944030404 0.646100283
vt 0.902282238 0.630349576
vt 0.972037077 0.660436571
vt 0.858066797 0.645066917
vt 0.798107624 0.637792766
vt 0.772034883 0.675606072
vt 0.723795176 0.692240417
vt 0.744178176 0.76192981
vt 0.879425764 0.595776916
vt 0.917944551 0.611285865
vt 0.936394811 0.619328678
vt 0.972037077 0.660436571
vt 0.832886457 0.599620461
vt 0.799087048 0.599007428
vt 0.759292722 0.647251487
vt 0.817323983 0.527768314
vt 0.732410789 0.569560349
vt 0.930336595 0.568462253
vt 0.738381863 0.515983343
vt 0.822606981 0.499676615
vt 0.819549561 0.457585871
vt 0.723545313 0.469727099
vt 0.89009881 0.474848807
vt 0.884823799 0.525782347
vt 0.884823799 0.525782347
vt 0.930336595 0.568462253
vt 0.936394811 0.619328678
vt 0.723795176 0.692240417
vt 0.971829891 0.841657341
vt 0.961310267 0.879515588
vt 0.974248528 0.674712598
vt 0.980793238 0.703176558
vt 0.990751386 0.709363997
vt 0.990751386 0.709363997
vt 0.974248528 0.674712598
vt 0.974248528 0.674712598
vt 0.990751386 0.709363997
vt 0.995699763 0.701988697
vt 0.968068123 0.122008912
vt 0.949866652 0.108795695
vt 0.96992445 0.111227386
vt 0.947352409 0.127000153
vt 0.793369532 0.127000153
vt 0.79085511 0.108795695
vt 0.953666449 0.0699808523
vt 0.787055314 0.0699808523
vt 0.941508055 0.0677940175
vt 0.799213886 0.0677940175
vt 0.793479323 0.0264364406
vt 0.947242737 0.0264364406
vt 0.966725707 0.124405496
vt 0.772653818 0.122008912
vt 0.770797431 0.111227386
vt 0.950870514 0.180318356
vt 0.977928042 0.150922179
vt 0.962505221 0.2398808
vt 0.943525434 0.237910271
vt 0.947897434 0.272070646
vt 0.926952958 0.271516562
vt 0.912218571 0.328972101
vt 0.890907884 0.329133749
vt 0.870360851 0.356311679
vt 0.870360851 0.344090819
vt 0.847505331 0.329116225
vt 0.828503489 0.328972101
vt 0.809776664 0.271622181
vt 0.792824507 0.272070646
vt 0.794469476 0.238193393
vt 0.77821666 0.2398808
vt 0.869830728 0.304336905
vt 0.856062293 0.291034937
vt 0.882208467 0.291045427
vt 0.903922439 0.254732966
vt 0.91390574 0.234488249
vt 0.833334088 0.254796386
vt 0.824113011 0.234658718
vt 0.818828702 0.199457884
vt 0.91833055 0.199794412
vt 0.823450446 0.16767478
vt 0.916211247 0.16767478
vt 0.785697699 0.17975992
vt 0.76279372 0.150922179
vt 0.773996294 0.124405496
vt 0.772653818 0.122008912
vt 0.75850147 0.131313503
vt 0.732753992 0.878614306
vt 0.60222739 0.319469392
vt 0.721553147 0.26191777
vt 0.726232827 0.319469392
vt 0.606907308 0.26191777
vt 0.661548197 0.19065541
vt 0.231404692 0.985174596
vt 0.208130077 0.931990981
vt 0.248051077 0.95516783
vt 0.165716261 0.95548743
vt 0.273284525 0.890093803
vt 0.259264976 0.873302579
vt 0.111763068 0.895434022
vt 0.0447282642 0.88919282
vt 0.206499532 0.870222449
vt 0.145989403 0.863904476
vt 0.204992324 0.86019063
vt 0.248560205 0.817140102
vt 0.305395603 0.745531082
vt 0.283804238 0.852236032
vt 0.191345781 0.765927434
vt 0.147160411 0.854257822
vt 0.122559875 0.764212132
vt 0.0969364718 0.794224262
vt 0.112976119 0.884402752
vt 0.056133844 0.87893796
vt 0.0341157429 0.802467704
vt 0.234408498 0.714179397
vt 0.0561526269 0.772508502
vt 0.0949089676 0.766120434
vt 0.123874418 0.735314131
vt 0.179493278 0.737542152
vt 0.220968679 0.68927753
vt 0.257949978 0.692273378
vt 0.269333303 0.718709946
vt 0.286222994 0.685291529
vt 0.25600493 0.656678915
vt 0.214256763 0.64092803
vt 0.284011483 0.671015382
vt 0.170041248 0.655645609
vt 0.110081919 0.648371339
vt 0.084009178 0.686184645
vt 0.0357691832 0.70281899
vt 0.0561526269 0.772508502
vt 0.191400021 0.606355667
vt 0.229919136 0.621864557
vt 0.248369753 0.62990737
vt 0.284011483 0.671015382
vt 0.14486061 0.610198975
vt 0.111061327 0.609586
vt 0.0712670237 0.657829881
vt 0.12929827 0.538346946
vt 0.0443850532 0.580138683
vt 0.242310971 0.579040885
vt 0.0503561646 0.526561916
vt 0.134581521 0.510255218
vt 0.131524011 0.468164623
vt 0.0355194844 0.480305851
vt 0.202073202 0.485426962
vt 0.196798056 0.536360979
vt 0.196798056 0.536360979
vt 0.242310971 0.579040885
vt 0.0357691832 0.70281899
vt 0.283804238 0.852236032
vt 0.273284525 0.890093803
vt 0.286222994 0.685291529
vt 0.292767406 0.713754654
vt 0.302725911 0.719942331
vt 0.286222994 0.685291529
vt 0.302725911 0.719942331
vt 0.302725911 0.719942331
vt 0.286222994 0.685291529
vt 0.30767411 0.712567568
vt 0.0447282642 0.88919282
vt 0.248369753 0.62990737
vt 0.242310971 0.579040885
vt 0.823450446 0.16767478
vt 0.947352409 0.127000153
vt 0.916211247 0.16767478
vt 0.793369532 0.127000153
vt 0.977928042 0.150922179
vt 0.982220411 0.131313503
vt 0.555987835 0.8157444
vt 0.562821746 0.869194448
vt 0.559907079 0.828027964
vt 0.542892218 0.868677974
vt 0.563004494 0.91644901
vt 0.544720232 0.920753956
vt 0.56401974 0.953402102
vt 0.544720232 0.920753956
vt 0.558654189 0.966722667
vt 0.67752558 0.805343688
vt 0.704838812 0.868399501
vt 0.717095256 0.866450727
vt 0.668412626 0.816683114
vt 0.704980969 0.918371499
vt 0.716907144 0.921466827
vt 0.669528604 0.967927337
vt 0.623006463 0.967880249
vt 0.680235326 0.977210939
vt 0.716907144 0.921466827
vt 0.623621464 0.984720767
vt 0.558654189 0.966722667
vt 0.56401974 0.953402102
vt 0.563004494 0.91644901
vt 0.632790387 0.914980233
vt 0.562821746 0.869194448
vt 0.63276571 0.870600581
vt 0.559907079 0.828027964
vt 0.62042892 0.8184129
vt 0.555987835 0.8157444
vt 0.62134546 0.801929891
vt 0.362897307 0.106262103
vt 0.40366438 0.142900601
vt 0.410213023 0.103004828
vt 0.362078816 0.141810194
vt 0.362632424 0.0721385628
vt 0.410034925 0.0741315037
vt 0.36510101 0.0434500724
vt 0.406332523 0.0383891612
vt 0.468995363 0.105639711
vt 0.441578776 0.146228448
vt 0.468896776 0.0715916306
vt 0.443657309 0.0371069461
vt 0.555987835 0.8157444
vt 0.562821746 0.869194448
vt 0.542892218 0.868677974
vt 0.559907079 0.828027964
vt 0.563004494 0.91644901
vt 0.544720232 0.920753956
vt 0.56401974 0.953402102
vt 0.544720232 0.920753956
vt 0.558654189 0.966722667
vt 0.67752558 0.805343688
vt 0.704838812 0.868399501
vt 0.668412626 0.816683114
vt 0.717095256 0.866450727
vt 0.704980969 0.918371499
vt 0.716907144 0.921466827
vt 0.669528604 0.967927337
vt 0.623006463 0.967880249
vt 0.680235326 0.977210939
vt 0.716907144 0.921466827
vt 0.623621464 0.984720767
vt 0.558654189 0.966722667
vt 0.56401974 0.953402102
vt 0.563004494 0.91644901
vt 0.632790387 0.914980233
vt 0.562821746 0.869194448
vt 0.63276571 0.870600581
vt 0.559907079 0.828027964
vt 0.62042892 0.8184129
vt 0.555987835 0.8157444
vt 0.62134546 0.801929891
vt 0.362897307 0.106262103
vt 0.40366438 0.142900601
vt 0.362078816 0.141810194
vt 0.410213023 0.103004828
vt 0.362632424 0.0721385628
vt 0.410034925 0.0741315037
vt 0.36510101 0.0434500724
vt 0.406332523 0.0383891612
vt 0.468995363 0.105639711
vt 0.441578776 0.146228448
vt 0.468896776 0.0715916306
vt 0.443657309 0.0371069461
vt 0.115294695 0.110080309
vt 0.110163867 0.152374625
vt 0.1249488 0.106303975
vt 0.0877220705 0.148416668
vt 0.144038707 0.134540975
vt 0.145396814 0.103463918
vt 0.171705067 0.102108836
vt 0.201525152 0.140740395
vt 0.205383807 0.0968075991
vt 0.237433314 0.101857789
vt 0.232247666 0.130686671
vt 0.282664776 0.0965999588
vt 0.269740462 0.154207632
vt 0.306039989 0.0925434306
vt 0.294066846 0.151755661
vt 0.149172336 0.082167238
vt 0.190759957 0.0798137784
vt 0.229901791 0.0743244588
vt 0.115145892 0.0898216069
vt 0.318597436 0.15698722
vt 0.3336882 0.0852953941
vt 0.265069902 0.0615272857
vt 0.3336882 0.0852953941
vt 0.187217221 0.0280602016
vt 0.227040336 0.032440491
vt 0.269626498 0.0118680047
vt 0.265069902 0.0615272857
vt 0.15472956 0.0288174506
vt 0.130452037 0.0265102088
vt 0.115145892 0.0898216069
vt 0.115294695 0.110080309
vt 0.0862420276 0.130439997
vt 0.0877220705 0.148416668
vt 0.115294695 0.110080309
vt 0.115145892 0.0898216069
vt 0.0808632523 0.148710892
vt 0.0888136476 0.163478047
vt 0.113070071 0.161462009
vt 0.144728541 0.142372042
vt 0.0972381085 0.285564125
vt 0.156983048 0.271344155
vt 0.162078261 0.280623734
vt 0.101871341 0.296279579
vt 0.128044233 0.325494051
vt 0.17743589 0.310663044
vt 0.189855754 0.267212212
vt 0.210644886 0.297256827
vt 0.0969015658 0.302692711
vt 0.131916583 0.345347971
vt 0.232344881 0.263002962
vt 0.214734957 0.252028435
vt 0.237402678 0.250831842
vt 0.271256745 0.265994072
vt 0.261812329 0.2734918
vt 0.269613117 0.277437747
vt 0.286615491 0.28114897
vt 0.278242648 0.289427876
vt 0.228015959 0.309763789
vt 0.314996541 0.298413336
vt 0.303967655 0.301179677
vt 0.237410307 0.320166051
vt 0.198862731 0.332810521
vt 0.186748192 0.326431125
vt 0.151777714 0.351611823
vt 0.146529034 0.34229964
vt 0.213851288 0.233933285
vt 0.207019359 0.244842127
vt 0.201428652 0.152150184
vt 0.346773565 0.204396144
vt 0.233243823 0.149549365
vt 0.26287958 0.168948784
vt 0.304037452 0.186888695
vt 0.320584834 0.194142357
vt 0.346773565 0.204396144
vt 0.346773565 0.204396144
vt 0.674551964 0.512355328
vt 0.629611969 0.470238358
vt 0.630905271 0.513932288
vt 0.674827814 0.467575938
vt 0.587171316 0.514239609
vt 0.585182786 0.471374542
vt 0.626366615 0.409222275
vt 0.626366615 0.409222275
vt 0.67299962 0.405489475
vt 0.579598427 0.410484642
vt 0.630170941 0.552261293
vt 0.594308019 0.552176893
vt 0.593817472 0.596872628
vt 0.666034341 0.552203596
vt 0.666521549 0.596898139
vt 0.630168676 0.595648706
vt 0.630165458 0.653582692
vt 0.593817472 0.596872628
vt 0.575301647 0.528502047
vt 0.666521549 0.596898139
vt 0.657192707 0.635996938
vt 0.63016367 0.683652759
vt 0.588815212 0.65671587
vt 0.630152225 0.790712833
vt 0.671515465 0.656746864
vt 0.647585154 0.770631433
vt 0.68309927 0.734901309
vt 0.669617891 0.770189524
vt 0.703423619 0.710695982
vt 0.702558756 0.653549433
vt 0.685788631 0.596925557
vt 0.710917354 0.623534739
vt 0.711879492 0.528483093
vt 0.727560282 0.605324447
vt 0.612716675 0.770619988
vt 0.577203631 0.734861612
vt 0.590681791 0.770161748
vt 0.556851625 0.710644841
vt 0.557748199 0.653497934
vt 0.666521549 0.596898139
vt 0.666034341 0.552203596
vt 0.685043097 0.528543174
vt 0.685788631 0.596925557
vt 0.574551344 0.596886575
vt 0.549403906 0.62347573
vt 0.548464179 0.528422534
vt 0.575301647 0.528502047
vt 0.532758713 0.605256259
vt 0.603140354 0.635976672
vt 0.593817472 0.596872628
vt 0.593817472 0.596872628
vt 0.469124973 0.398655415
vt 0.470127374 0.438530684
vt 0.492222756 0.437539399
vt 0.461251378 0.394073486
vt 0.439643592 0.417627096
vt 0.442000151 0.388046145
vt 0.417255461 0.382601857
vt 0.384099871 0.415754437
vt 0.385485083 0.373630702
vt 0.354056746 0.37471205
vt 0.355798393 0.402646363
vt 0.311305493 0.364104748
vt 0.317004681 0.420272946
vt 0.289478272 0.357390881
vt 0.294321746 0.415193498
vt 0.441468596 0.369001567
vt 0.402475566 0.361722648
vt 0.364312977 0.351929486
vt 0.472179055 0.38119936
vt 0.270082176 0.41724062
vt 0.263913006 0.347248733
vt 0.331527174 0.33297956
vt 0.263913006 0.347248733
vt 0.411865681 0.315327823
vt 0.37454775 0.314158261
vt 0.339468032 0.286363423
vt 0.331527174 0.33297956
vt 0.442105591 0.31997174
vt 0.465374708 0.320412934
vt 0.472179055 0.38119936
vt 0.264018208 0.452709019
vt 0.280797988 0.447919846
vt 0.285042495 0.539749146
vt 0.237808108 0.459120154
vt 0.255889565 0.55245775
vt 0.291892678 0.54880476
vt 0.265789121 0.556512237
vt 0.261606932 0.561262012
vt 0.301734596 0.538493633
vt 0.336814642 0.574968874
vt 0.301675439 0.527290285
vt 0.309752405 0.535617113
vt 0.326523215 0.583613813
vt 0.361835808 0.600643575
vt 0.37412715 0.596057713
vt 0.404624134 0.624274313
vt 0.410708815 0.616033018
vt 0.339121014 0.529273093
vt 0.335822821 0.516998172
vt 0.35728699 0.521024406
vt 0.378998488 0.538718581
vt 0.360421449 0.503868759
vt 0.355477303 0.56462425
vt 0.385491043 0.581633389
vt 0.403880119 0.55501467
vt 0.430655211 0.602108657
vt 0.459189385 0.577600539
vt 0.463256806 0.584419191
vt 0.424580157 0.620748699
vt 0.46489799 0.567843378
vt 0.409854174 0.546678305
vt 0.468386739 0.569250524
vt 0.438017577 0.425749063
vt 0.382773846 0.427638888
vt 0.365579098 0.515078008
vt 0.483053982 0.593518257
vt 0.473608822 0.651682436
vt 0.406507283 0.653304219
vt 0.449593037 0.683705986
vt 0.40592435 0.648798704
vt 0.489270866 0.577564836
vt 0.517742515 0.63253063
vt 0.504204929 0.664244235
vt 0.498068422 0.580062687
vt 0.489057869 0.452721179
vt 0.466049224 0.447701871
vt 0.504250467 0.549056768
vt 0.522020459 0.530084252
vt 0.504382551 0.705367625
vt 0.449593037 0.683705986
vt 0.485461801 0.71416682
vt 0.509454072 0.582120299
vt 0.514866769 0.554600596
vt 0.522020459 0.530084252
vt 0.505450368 0.456739962
vt 0.532253444 0.534129143
vt 0.511088133 0.456927001
vt 0.495022923 0.722836614
vt 0.513191104 0.707234919
vt 0.515964389 0.66651392
vt 0.52958113 0.633914769
vt 0.473065108 0.740017891
vt 0.532253444 0.534129143
vt 0.522020459 0.530084252
vt 0.473065108 0.740017891
vt 0.495022923 0.722836614
vt 0.482806027 0.745669484
vt 0.498289138 0.439383924
vt 0.352776557 0.421295166
vt 0.322066069 0.435785294
vt 0.489057869 0.452721179
vt 0.492222756 0.437539399
vt 0.498289138 0.439383924
vt 0.497060418 0.421017349
vt 0.469124973 0.398655415
vt 0.472179055 0.38119936
vt 0.492222756 0.437539399
vt 0.505450368 0.456739962
vt 0.511088133 0.456927001
vt 0.493365288 0.201580644
vt 0.460169792 0.23088634
vt 0.460169792 0.202238441
vt 0.493286848 0.252280116
vt 0.425458491 0.202469945
vt 0.523724794 0.201634526
vt 0.524019599 0.246815085
vt 0.545031786 0.247421384
vt 0.460169792 0.173743606
vt 0.493286848 0.15113318
vt 0.524019599 0.156575084
vt 0.545031786 0.155670047
vt 0.544554949 0.201610923
vt 0.545031786 0.247421384
vt 0.0771689564 0.370495707
vt 0.146326169 0.381371021
vt 0.0976143777 0.406825453
vt 0.147506773 0.376804382
vt 0.0752944499 0.309301406
vt 0.0711254776 0.292229831
vt 0.0936248228 0.28654474
vt 0.0340285823 0.344762176
vt 0.0438455194 0.3792077
vt 0.0618962944 0.293563962
vt 0.0888136476 0.163478047
vt 0.0598222762 0.260812819
vt 0.0440306738 0.238853812
vt 0.0499204248 0.29406935
vt 0.0481320694 0.265042603
vt 0.0440306738 0.238853812
vt 0.0714025348 0.165350452
vt 0.0328925699 0.241634965
vt 0.0655318573 0.164878383
vt 0.0440306738 0.238853812
vt 0.0215770099 0.34450689
vt 0.0314005017 0.379904807
vt 0.0378432274 0.421556294
vt 0.0976143777 0.406825453
vt 0.0562531501 0.433137387
vt 0.0284953732 0.422264844
vt 0.0452084094 0.440726399
vt 0.0653897226 0.461596817
vt 0.0452084094 0.440726399
vt 0.0653897226 0.461596817
vt 0.0545364246 0.466029435
vt 0.0808632523 0.148710892
vt 0.0877220705 0.148416668
vt 0.603233457 0.0942645893
vt 0.522212923 0.040205799
vt 0.524157882 0.0787776336
vt 0.59161973 0.0457241163
vt 0.645073414 0.0435375795
vt 0.66660881 0.147429198
vt 0.736728668 0.0495563373
vt 0.737419367 0.146458954
vt 0.734314919 0.22566089
vt 0.740703464 0.224003524
vt 0.419442952 0.787995398
vt 0.483522832 0.758653343
vt 0.458355904 0.868971109
vt 0.428565502 0.761160076
vt 0.517653942 0.884955406
vt 0.487586021 0.962080598
vt 0.480508626 0.963177562
vt 0.352926135 0.777691126
vt 0.349531829 0.760993719
vt 0.334256947 0.789362669
vt 0.517653942 0.884955406
vt 0.556957781 0.761247635
vt 0.971490324 0.432757586
vt 0.916249692 0.425894588
vt 0.916249692 0.432757586
vt 0.971490324 0.425894588
vt 0.884579957 0.432757586
vt 0.884579957 0.425894588
vt 0.789858043 0.425894588
vt 0.834925473 0.432757586
vt 0.834925473 0.425894588
vt 0.789858043 0.432757586
vt 0.881971538 0.425894588
vt 0.761670291 0.432757586
vt 0.761670291 0.425894588
vt 0.755298078 0.429590672
vt 0.834925473 0.432757586
vt 0.881971538 0.432757586
vt 0.884579957 0.425894588
vt 0.884579957 0.432757586
vt 0.352937043 0.777747095
vt 0.428577125 0.76121664
vt 0.349542558 0.761049807
vt 0.419454217 0.788051724
vt 0.483533978 0.758710086
vt 0.458366811 0.869027495
vt 0.517665029 0.885011554
vt 0.480519354 0.963233471
vt 0.487597227 0.96213758
vt 0.334256947 0.789362669
vt 0.517665029 0.885011554
vt 0.556969404 0.761303902
vt 0.420314014 0.811810136
vt 0.369039297 0.91400528
vt 0.365241468 0.811810136
vt 0.4203403 0.906586528
vt 0.420385301 0.986678481
vt 0.41219902 0.987167478
vt 0.306094289 0.811810136
vt 0.908644736 0.418866366
vt 0.97115618 0.411381215
vt 0.908644736 0.411381215
vt 0.97115618 0.418866366
vt 0.863455117 0.418866366
vt 0.863455117 0.411381215
vt 0.860090554 0.418866366
vt 0.860090554 0.411381215
vt 0.814550698 0.418866366
vt 0.860090554 0.418866366
vt 0.814550698 0.411381215
vt 0.76068157 0.411381215
vt 0.76068157 0.411381215
vt 0.76068157 0.418866366
vt 0.420314014 0.811808467
vt 0.369039655 0.914002657
vt 0.4203403 0.906583905
vt 0.306094289 0.811808467
vt 0.412199199 0.987164855
vt 0.42038554 0.986675858
vt 0.801290095 0.404974908
vt 0.760785043 0.397043675
vt 0.760785043 0.404974908
vt 0.801290095 0.397043675
vt 0.841102064 0.404974908
vt 0.841102064 0.397043675
vt 0.889930189 0.397043675
vt 0.889930189 0.404974908
vt 0.893238246 0.404974908
vt 0.893238246 0.397043675
vt 0.749854863 0.401268333
vt 0.603007317 0.0942459926
vt 0.521987259 0.0401870832
vt 0.591393113 0.0457054004
vt 0.523932219 0.0787592754
vt 0.644846201 0.0435192212
vt 0.666382074 0.14741084
vt 0.736502767 0.0495375022
vt 0.737192631 0.146440238
vt 0.734087944 0.225641936
vt 0.740476251 0.223985642
vt 0.927847683 0.397043675
vt 0.893238246 0.404974908
vt 0.927847683 0.404974908
vt 0.893238246 0.397043675
vt 0.971013486 0.404974908
vt 0.971013486 0.397043675
vt 0.419455826 0.787956238
vt 0.483535826 0.758614182
vt 0.428578675 0.761121333
vt 0.458368778 0.868932247
vt 0.517666698 0.884916186
vt 0.487599015 0.962041855
vt 0.480521858 0.963137865
vt 0.35293901 0.777651608
vt 0.349544704 0.760954499
vt 0.334321499 0.789389372
vt 0.517666698 0.884916186
vt 0.556970775 0.761208713
vt 0.971479237 0.42589578
vt 0.916238248 0.432758659
vt 0.971479237 0.432758659
vt 0.971479237 0.42589578
vt 0.916238248 0.42589578
vt 0.88456887 0.42589578
vt 0.88456887 0.432758659
vt 0.789847195 0.432758659
vt 0.834914148 0.42589578
vt 0.789847195 0.42589578
vt 0.834914148 0.432758659
vt 0.88196069 0.432758659
vt 0.88196069 0.42589578
vt 0.761659324 0.42589578
vt 0.761659324 0.432758659
vt 0.755286634 0.429591745
vt 0.88456887 0.432758659
vt 0.88456887 0.42589578
vt 0.35293901 0.777651608
vt 0.428578675 0.761121333
vt 0.419455826 0.787956238
vt 0.349544704 0.760954499
vt 0.483535826 0.758614182
vt 0.458368778 0.868932247
vt 0.517666698 0.884916186
vt 0.480521858 0.963137865
vt 0.487599015 0.962041855
vt 0.334321499 0.789389372
vt 0.517666698 0.884916186
vt 0.556970775 0.761208713
vt 0.420305431 0.811780989
vt 0.369030833 0.913976192
vt 0.420331419 0.906557322
vt 0.365233123 0.811780989
vt 0.42037642 0.986649275
vt 0.412190199 0.98713851
vt 0.306085527 0.811780989
vt 0.908653677 0.411383957
vt 0.971164048 0.418868393
vt 0.971164048 0.411383957
vt 0.908653677 0.418868393
vt 0.863465965 0.411383957
vt 0.863465965 0.418868393
vt 0.860101402 0.411383957
vt 0.860101402 0.418868393
vt 0.814560831 0.411383957
vt 0.814560831 0.418868393
vt 0.760690391 0.418868393
vt 0.814560831 0.411383957
vt 0.860101402 0.411383957
vt 0.760690391 0.411383957
vt 0.420345247 0.811742067
vt 0.369071007 0.913936257
vt 0.306126356 0.811742067
vt 0.420371115 0.906517506
vt 0.412230134 0.987098336
vt 0.420416355 0.986609459
vt 0.469124973 0.398655415
vt 0.237808108 0.459120154
vt 0.685043097 0.528543174
vt 0.666034341 0.552203596
vt 0.685043097 0.528543174
vt 0.575301647 0.528502047
vt 0.593817472 0.596872628
vn 0.55042702 0.000416004506 0.834883273
vn -0.159582853 -0.66559726 0.729049802
vn -0.197715998 -0.00067897368 0.98025918
vn 0.739129424 -0.339446306 0.581776619
vn 0.73133713 -0.506952882 0.456228912
vn -0.162912518 -0.87909025 0.447950691
vn -0.496888518 -0.702649713 0.509298742
vn -0.97881788 0.0052733589 0.204665139
vn -0.479551971 -0.854489326 0.199694574
vn -0.714063942 -0.700074613 -0.00286564394
vn -0.540512025 -0.840072334 0.0461005159
vn -0.464236528 -0.885699332 -0.00459456071
vn -0.407207817 -0.866764724 0.287924677
vn 0.365655988 -0.914017737 0.175691068
vn 0.838041186 -0.507887423 0.199342161
vn -0.628764331 -0.763600707 -0.146865532
vn -0.51605773 -0.830938041 0.207909614
vn -0.833160579 -0.492390364 -0.251783937
vn -0.989207268 0.00628995663 0.146388337
vn -0.868771374 -0.00119470828 -0.495211899
vn -0.712228715 -0.654924393 -0.252594918
vn -0.541265428 -0.712841392 -0.445969582
vn -0.777066052 -0.511541069 -0.366734505
vn -0.834129512 -0.54552567 -0.0814225227
vn -0.75536406 -0.00197579153 -0.655302405
vn -0.868771374 -0.00119470828 -0.495211899
vn -0.558156192 -0.829459429 -0.0214174297
vn -0.605667174 -0.793860137 -0.0543444082
vn -0.166497663 -0.853504181 -0.493770301
vn -0.361699104 -0.841423094 -0.401473403
vn 0.300066799 -0.267182678 -0.915736496
vn 0.110384583 -0.659041107 -0.743962467
vn -0.467322648 -0.683277965 -0.561017513
vn 0.501195312 -0.740972281 -0.446948886
vn -0.612130463 -0.769049048 -0.184010565
vn -0.752177238 -0.549440503 -0.363791823
vn -0.914543986 -0.391053349 -0.103376679
vn -0.993855059 0.00203187647 -0.110670693
vn -0.75536406 -0.00197579153 -0.655302405
vn -0.129644588 -0.74473393 -0.654647708
vn 0.10765855 -0.718096018 -0.687566578
vn 0.789041042 -0.0885316581 -0.607927859
vn 0.501195312 -0.740972281 -0.446948886
vn -0.668437898 -0.658458889 -0.34586513
vn -0.805158317 -0.423321903 -0.415353745
vn -0.896664381 -0.000543319155 -0.442710668
vn -0.531709373 -0.74458164 -0.403588176
vn -0.94750154 -0.0119256517 -0.319528759
vn 0.517644286 -0.671306789 -0.530463517
vn -0.879947007 0.00815019291 -0.475001931
vn -0.306442797 -0.872961462 -0.379514277
vn -0.543136418 -0.619232535 -0.567057312
vn -0.999058306 0.0226275604 -0.0370189436
vn 0.334758759 -0.869759142 -0.362567902
vn 0.598377824 -0.29858911 -0.743497491
vn 0.598377824 -0.29858911 -0.743497491
vn 0.517644286 -0.671306789 -0.530463517
vn 0.789041042 -0.0885316581 -0.607927859
vn -0.993855059 0.00203187647 -0.110670693
vn 0.838041186 -0.507887423 0.199342161
vn 0.73133713 -0.506952882 0.456228912
vn 0.300066799 -0.267182678 -0.915736496
vn -0.237557635 -0.890502095 -0.388036489
vn 0.455249965 -0.637767196 -0.621289372
vn 0.455249965 -0.637767196 -0.621289372
vn 0.300066799 -0.267182678 -0.915736496
vn 0.300066799 -0.267182678 -0.915736496
vn 0.455249965 -0.637767196 -0.621289372
vn 0.775821269 0.0419092476 -0.629559398
vn 0.300066799 -0.267182678 -0.915736496
vn 0.789041042 -0.0885316581 -0.607927859
vn 0.501195312 -0.740972281 -0.446948886
vn 0.740295947 0.51502198 -0.432104468
vn 0.823233604 -0.338801086 -0.455521911
vn 0.786825001 0.0884425938 -0.610806227
vn 0.517644286 -0.671306789 -0.530463517
vn 0.41774413 0.659978688 -0.624434054
vn 0.598377824 -0.29858911 -0.743497491
vn 0.443838894 0.434270591 -0.783846974
vn 0.523206055 0.598875105 -0.606303692
vn 0.334758759 -0.869759142 -0.362567902
vn 0.775821269 0.0419092476 -0.629559398
vn 0.300066382 0.26718244 -0.915736735
vn 0.501191735 0.740973592 -0.446950853
vn 0.897016525 0.411241293 -0.161993593
vn 0.365655988 -0.914017737 0.175691068
vn 0.838041186 -0.507887423 0.199342161
vn 0.865083575 0.469731867 -0.176018149
vn 0.73133713 -0.506952882 0.456228912
vn 0.862679303 0.448069453 -0.234559566
vn 0.739129424 -0.339446306 0.581776619
vn 0.915925682 0.308376491 -0.256873667
vn 0.55042702 0.000416004506 0.834883273
vn 0.913727641 0.0759914741 -0.39915815
vn 0.935924411 -0.241280466 -0.256572187
vn 0.738770962 0.339327693 0.582300782
vn 0.865524948 -0.40009582 -0.301313728
vn 0.731303155 0.506931007 0.456307679
vn 0.864018977 -0.461488813 -0.201244503
vn 0.841198683 0.504416704 0.194804251
vn 0.682650149 -0.0892436653 -0.725275278
vn 0.701175034 -0.275689304 -0.657532454
vn 0.698720515 0.228205279 -0.678020656
vn 0.743870676 0.378809214 -0.550599694
vn 0.871855676 0.393714786 -0.29130125
vn 0.773552597 -0.411535412 -0.481928438
vn 0.782435119 -0.566046238 -0.259590149
vn 0.91102016 -0.393953681 -0.121831179
vn 0.808880627 0.572390676 -0.134465992
vn 0.866159976 -0.498758614 -0.0317302421
vn 0.863688231 0.499525219 -0.0672108531
vn 0.822941661 -0.550039768 -0.142208859
vn 0.368535608 0.912363231 0.178254992
vn 0.785270572 -0.0481951423 -0.617274225
vn 0.300066382 0.26718244 -0.915736735
vn 0.455252498 0.637766182 -0.621288598
vn -0.97881788 0.0052733589 0.204665139
vn 0.523206055 0.598875105 -0.606303692
vn -0.543136418 -0.619232535 -0.567057312
vn 0.334758759 -0.869759142 -0.362567902
vn -0.594026685 0.73089999 -0.336031914
vn -0.999058306 0.0226275604 -0.0370189436
vn 0.55042702 0.000416004506 0.834883273
vn -0.159648716 0.665511906 0.729113281
vn 0.738770962 0.339327693 0.582300782
vn -0.197715998 -0.00067897368 0.98025918
vn 0.731303155 0.506931007 0.456307679
vn -0.162913769 0.879089952 0.447950691
vn -0.498338699 0.701118767 0.509991109
vn -0.97881788 0.0052733589 0.204665139
vn -0.479551136 0.854489863 0.199694395
vn -0.540515244 0.840070248 0.0461005419
vn -0.464236051 0.88569963 -0.00459495746
vn -0.40720734 0.866765022 0.287924647
vn 0.368535608 0.912363231 0.178254992
vn 0.841198683 0.504416704 0.194804251
vn -0.628762782 0.763601661 -0.146866918
vn -0.516059577 0.830936849 0.207909942
vn -0.712227285 0.654925823 -0.252595484
vn -0.833281338 0.491839617 -0.252460152
vn -0.713089705 0.701057374 0.00465621799
vn -0.989207268 0.00628995663 0.146388337
vn -0.868771374 -0.00119470828 -0.495211899
vn -0.54126507 0.712841213 -0.445970148
vn -0.75536406 -0.00197579153 -0.655302405
vn -0.834147036 0.545950115 -0.0783410668
vn -0.777064323 0.511541963 -0.366736859
vn -0.558154702 0.829460442 -0.0214188527
vn -0.605667055 0.793860197 -0.0543449745
vn -0.166498125 0.853504121 -0.493770361
vn -0.361698389 0.841423094 -0.401474059
vn 0.300066382 0.26718244 -0.915736735
vn 0.110382892 0.659040987 -0.743962765
vn -0.467321873 0.683279216 -0.561016679
vn 0.501191735 0.740973592 -0.446950853
vn -0.612130046 0.769049406 -0.184010208
vn -0.752052128 0.551609635 -0.360755295
vn -0.913384199 0.394792438 -0.0993391275
vn -0.993855059 0.00203187647 -0.110670693
vn -0.75536406 -0.00197579153 -0.655302405
vn -0.129644126 0.744734466 -0.654647112
vn 0.107658163 0.718096495 -0.687566102
vn 0.786825001 0.0884425938 -0.610806227
vn 0.501191735 0.740973592 -0.446950853
vn -0.66843915 0.658457994 -0.345864266
vn -0.806172073 0.417837262 -0.418925762
vn -0.896664381 -0.000543319155 -0.442710668
vn -0.535746038 0.737920225 -0.410426468
vn -0.94750154 -0.0119256517 -0.319528759
vn 0.41774413 0.659978688 -0.624434054
vn -0.879947007 0.00815019291 -0.475001931
vn -0.297159523 0.876500428 -0.378739029
vn -0.594026685 0.73089999 -0.336031914
vn -0.999058306 0.0226275604 -0.0370189436
vn 0.523206055 0.598875105 -0.606303692
vn 0.443838894 0.434270591 -0.783846974
vn 0.443838894 0.434270591 -0.783846974
vn 0.41774413 0.659978688 -0.624434054
vn -0.993855059 0.00203187647 -0.110670693
vn 0.841198683 0.504416704 0.194804251
vn 0.731303155 0.506931007 0.456307679
vn 0.300066382 0.26718244 -0.915736735
vn -0.237552747 0.890502393 -0.388038963
vn 0.455252498 0.637766182 -0.621288598
vn 0.300066382 0.26718244 -0.915736735
vn 0.455252498 0.637766182 -0.621288598
vn 0.455252498 0.637766182 -0.621288598
vn 0.300066382 0.26718244 -0.915736735
vn 0.785270572 -0.0481951423 -0.617274225
vn -0.97881788 0.0052733589 0.204665139
vn 0.786825001 0.0884425938 -0.610806227
vn 0.41774413 0.659978688 -0.624434054
vn 0.357737064 0 0.933822334
vn 0.357737064 0 0.933822334
vn 0.357737064 0 0.933822334
vn 0.357735038 0 0.933823168
vn 0.365655988 -0.914017737 0.175691068
vn 0.455249965 -0.637767196 -0.621289372
vn 0.394371361 0.25868848 -0.88178885
vn -0.882316828 0.223718286 -0.414085776
vn -0.385057271 -0.860428393 -0.333757311
vn 0.420126766 0.481917351 -0.768927336
vn -0.668943524 0.339892179 -0.661050498
vn 0.408932626 -0.483032376 -0.77424401
vn -0.0662254095 -0.00660448335 -0.997782886
vn 0.408932626 -0.483032376 -0.77424401
vn 0.597581506 -0.378233224 -0.706990778
vn 0.758188963 -0.591977775 -0.273334682
vn 0.145618811 -0.465759397 0.872847855
vn 0.957896054 0.286284745 0.0218206253
vn 0.136099026 -0.952180445 0.273549587
vn 0.124968283 0.457745075 0.88025701
vn 0.972194314 0.0898150578 -0.216267362
vn 0.553677857 0.809317529 0.196076125
vn 0.0548259765 0.976980448 -0.206163317
vn 0.762731373 -0.0205546338 -0.646388769
vn 0.972194314 0.0898150578 -0.216267362
vn 0.713206649 -0.164067626 -0.681482315
vn 0.597581506 -0.378233224 -0.706990778
vn -0.0662254095 -0.00660448335 -0.997782886
vn -0.668943524 0.339892179 -0.661050498
vn -0.678690255 0.273703605 0.681517303
vn -0.882316828 0.223718286 -0.414085776
vn -0.584927499 -0.595402062 0.550777674
vn -0.385057271 -0.860428393 -0.333757311
vn 0.113684282 -0.954508662 -0.27566123
vn 0.394371361 0.25868848 -0.88178885
vn 0.631803334 0.429618508 -0.645176411
vn 0.420126766 0.481917351 -0.768927336
vn 0.631803334 0.429618508 -0.645176411
vn 0.671599507 0.296055347 -0.679194689
vn 0.394371361 0.25868848 -0.88178885
vn 0.408932626 -0.483032376 -0.77424401
vn 0.582455516 -0.60701853 -0.540623724
vn 0.597581506 -0.378233224 -0.706990778
vn 0.713206649 -0.164067626 -0.681482315
vn 0.957896054 0.286284745 0.0218206253
vn 0.758188963 -0.591977775 -0.273334682
vn 0.972194314 0.0898150578 -0.216267362
vn 0.762731373 -0.0205546338 -0.646388769
vn -0.394372165 0.258689642 -0.881788075
vn 0.882316589 0.223719567 -0.414085805
vn -0.420127302 0.481917202 -0.768927097
vn 0.385056525 -0.860428751 -0.333757341
vn 0.66894263 0.33989197 -0.661051631
vn -0.408933878 -0.483032286 -0.774243474
vn 0.0662216321 -0.00660515251 -0.997783124
vn -0.408933878 -0.483032286 -0.774243474
vn -0.597580791 -0.378232181 -0.706991911
vn -0.75818944 -0.591976881 -0.273335218
vn -0.145619303 -0.465759188 0.872847855
vn -0.136098683 -0.952180684 0.273549229
vn -0.957896054 0.286284834 0.0218201317
vn -0.124968804 0.457745045 0.880256891
vn -0.972194314 0.0898150057 -0.216267139
vn -0.553677917 0.809317648 0.196076021
vn -0.0548243821 0.976980746 -0.206162259
vn -0.762732208 -0.020552855 -0.646387815
vn -0.972194314 0.0898150057 -0.216267139
vn -0.713206589 -0.164064184 -0.681483269
vn -0.597580791 -0.378232181 -0.706991911
vn 0.0662216321 -0.00660515251 -0.997783124
vn 0.66894263 0.33989197 -0.661051631
vn 0.678690374 0.273703307 0.681517243
vn 0.882316589 0.223719567 -0.414085805
vn 0.584927559 -0.595402181 0.550777495
vn 0.385056525 -0.860428751 -0.333757341
vn -0.113684043 -0.954508364 -0.275662392
vn -0.394372165 0.258689642 -0.881788075
vn -0.631802976 0.429618269 -0.645176768
vn -0.420127302 0.481917202 -0.768927097
vn -0.631802976 0.429618269 -0.645176768
vn -0.394372165 0.258689642 -0.881788075
vn -0.671599627 0.296055257 -0.679194391
vn -0.408933878 -0.483032286 -0.774243474
vn -0.582455873 -0.60701853 -0.540623307
vn -0.597580791 -0.378232181 -0.706991911
vn -0.713206589 -0.164064184 -0.681483269
vn -0.957896054 0.286284834 0.0218201317
vn -0.75818944 -0.591976881 -0.273335218
vn -0.972194314 0.0898150057 -0.216267139
vn -0.762732208 -0.020552855 -0.646387815
vn -0.755709708 -0.477492422 -0.448223025
vn -0.233753547 -0.837373793 -0.494129866
vn -0.222579792 -0.927647412 -0.299880713
vn -0.61032927 -0.396454602 -0.685800135
vn -0.212728724 -0.939746201 -0.267625719
vn -0.0445135348 -0.631665707 -0.773961902
vn -0.00606661476 -0.835495353 -0.549464047
vn 0.31778416 -0.84059298 -0.438653082
vn 0.225876227 -0.588219762 -0.776516199
vn 0.559716761 -0.783665717 -0.269416392
vn 0.354932457 -0.756271005 -0.549615443
vn 0.476064622 -0.816972136 -0.32545191
vn 0.900720596 -0.380266786 -0.209999129
vn 0.874211013 -0.378158122 -0.304551423
vn 0.745534778 -0.0904126167 -0.66030556
vn -0.0116771059 -0.742130578 -0.670153499
vn -0.0387532711 -0.747767091 -0.66282934
vn 0.594317973 -0.440690041 -0.672739565
vn -0.686756611 -0.0693697035 -0.723569751
vn 0.878671825 -0.022263851 -0.476906717
vn 0.758311033 -0.0295471661 -0.651222944
vn 0.440115988 -0.0516247824 -0.896455646
vn 0.758311033 -0.0295471661 -0.651222944
vn 0.385285854 -0.674051225 -0.630245745
vn 0.638067365 -0.41537571 -0.648330927
vn 0.997912824 -0.0154084619 -0.062709555
vn 0.440115988 -0.0516247824 -0.896455646
vn -0.0640232116 -0.864965796 -0.497729987
vn -0.196794689 -0.670914888 -0.714944065
vn -0.686756611 -0.0693697035 -0.723569751
vn -0.755709708 -0.477492422 -0.448223025
vn -0.943708003 0.326556176 0.0526902638
vn -0.61032927 -0.396454602 -0.685800135
vn -0.755709708 -0.477492422 -0.448223025
vn -0.686756611 -0.0693697035 -0.723569751
vn -0.77394402 0.361614674 -0.519851446
vn 0.302794039 -0.541810811 -0.784064353
vn -0.148106381 -0.763229012 -0.628924429
vn -0.0458676778 -0.802906156 -0.594338179
vn 0.511856854 -0.619861007 0.594789863
vn 0.0821248963 -0.842131913 0.532981515
vn 0.0473998412 -0.259642214 0.964540958
vn 0.723791778 -0.453906894 0.519705594
vn 0.425566673 -0.777942896 0.4622747
vn 0.226996467 -0.817408323 0.529448926
vn 0.504251599 -0.289724946 0.813504696
vn 0.201113269 -0.914635122 0.350708097
vn 0.613303542 -0.593819618 0.520804107
vn 0.73893404 -0.432864159 0.516338289
vn 0.398695141 -0.782382369 0.478455931
vn 0.934282124 -0.0930934399 0.344166398
vn 0.607859135 -0.69040966 0.392226636
vn 0.540407062 -0.694231987 0.475396663
vn 0.534887314 -0.784028232 0.31495291
vn 0.886763573 -0.0947837606 0.452400625
vn 0.722466588 -0.518583536 0.457288772
vn 0.498922944 -0.617108822 0.608483911
vn 0.403039932 0.482646316 0.777567625
vn 0.798645616 0.0327897146 0.600907624
vn 0.481997609 -0.795746982 0.366694599
vn 0.267815709 -0.775108516 0.572260022
vn 0.284814239 -0.545776546 0.788041115
vn 0.309047192 0.183949471 0.933087528
vn 0.586522222 -0.467482388 0.661401451
vn 0.621075094 0.125204742 0.773685753
vn 0.487468779 -0.72993058 0.47914055
vn 0.552280188 -0.795470893 0.249424607
vn -0.0829778016 -0.791103065 -0.606028497
vn 0.902133167 -0.0215863511 -0.430917382
vn 0.708401442 -0.530462086 -0.465593547
vn 0.714010596 -0.601396203 -0.358484834
vn 0.857500553 -0.349666417 -0.377394021
vn 0.699439704 -0.108011574 -0.70648253
vn 0.902133167 -0.0215863511 -0.430917382
vn 0.902133167 -0.0215863511 -0.430917382
vn -0.943708003 0.326556176 0.0526902638
vn -0.906878591 -0.0103373472 -0.421265066
vn -0.917530179 0.0158382468 0.39735052
vn -0.686756611 -0.0693697035 -0.723569751
vn -0.937953949 -0.334969372 0.0896542519
vn -0.688601971 -0.0688347816 -0.721865058
vn -0.774991572 -0.011226817 -0.631871819
vn -0.774991572 -0.011226817 -0.631871819
vn -0.196794689 -0.670914888 -0.714944065
vn -0.216849864 0.68108052 -0.699360728
vn -0.77649045 0.0286387857 0.629477918
vn -0.429475725 -0.559433222 0.70893234
vn -0.717671454 -0.643094242 -0.267165661
vn -0.347610742 0.813036501 0.467052847
vn -0.701708794 0.585877419 -0.405403942
vn -0.964890242 -0.0136920158 -0.262296319
vn -0.515125573 -0.106335998 -0.850493014
vn -0.717671454 -0.643094242 -0.267165661
vn -0.669898808 -0.625169039 -0.400498748
vn -0.701708794 0.585877419 -0.405403942
vn -0.171719804 0.502938509 -0.847092152
vn -0.53736335 0.0575046837 -0.841388106
vn -0.842404127 -0.371295601 -0.39050594
vn -0.95137614 0.0168157388 0.307572097
vn -0.842199266 0.414609343 -0.344672829
vn -0.700345278 -0.139646322 0.700011015
vn -0.642581165 -0.537651241 0.545912504
vn -0.684259951 -0.331171244 0.649703026
vn -0.797914624 -0.533677578 0.280215204
vn -0.532817781 -0.835118949 0.136680633
vn -0.770227611 0.613229632 -0.175210997
vn -0.661698401 -0.482175052 0.574162304
vn -0.815417647 -0.194258198 -0.545305312
vn -0.368597478 -0.925414264 0.0880020484
vn -0.700441062 0.213039666 0.681172848
vn -0.642560184 0.59471643 0.483144611
vn -0.68531239 0.399115831 0.609141707
vn -0.798097432 0.561432183 0.218710825
vn -0.53217721 0.845689833 0.0399521217
vn -0.701708794 0.585877419 -0.405403942
vn -0.347610742 0.813036501 0.467052847
vn -0.77394402 0.361614674 -0.519851446
vn -0.770227611 0.613229632 -0.175210997
vn -0.764863133 -0.620516002 -0.173044056
vn -0.661212921 0.542353868 0.518314421
vn -0.814733505 0.135438353 -0.563795745
vn -0.669898808 -0.625169039 -0.400498748
vn -0.368874371 0.929324985 -0.0169361811
vn -0.18467775 -0.752928555 -0.631658733
vn -0.717671454 -0.643094242 -0.267165661
vn -0.717671454 -0.643094242 -0.267165661
vn -0.731705844 0.375435114 -0.568906903
vn -0.224409044 0.770813406 -0.596227527
vn -0.598048866 0.291201711 -0.746685326
vn -0.206800327 0.870219231 -0.447160006
vn -0.222980514 0.895702124 -0.384704053
vn -0.0878939852 0.479742795 -0.872995734
vn -0.00883646682 0.749396086 -0.662063003
vn 0.315361351 0.781966865 -0.537657082
vn 0.199357539 0.470341206 -0.859671891
vn 0.556154788 0.745413661 -0.367491812
vn 0.349612981 0.689525127 -0.634291589
vn 0.462786168 0.777741671 -0.425378561
vn 0.897000432 0.350984424 -0.268700957
vn 0.864786148 0.357050121 -0.353072405
vn 0.735649347 0.0186272617 -0.67710638
vn -0.039918974 0.721332967 -0.691437185
vn -0.0746719092 0.721407294 -0.688473344
vn 0.610764623 0.375896245 -0.696899295
vn -0.688601971 -0.0688347816 -0.721865058
vn 0.878671825 -0.022263851 -0.476906717
vn 0.758311033 -0.0295471661 -0.651222944
vn 0.440115988 -0.0516247824 -0.896455646
vn 0.758311033 -0.0295471661 -0.651222944
vn 0.396589577 0.688189685 -0.607545674
vn 0.654174089 0.400486439 -0.641612589
vn 0.997912824 -0.0154084619 -0.062709555
vn 0.440115988 -0.0516247824 -0.896455646
vn -0.0689910576 0.891102672 -0.448526889
vn -0.216849864 0.68108052 -0.699360728
vn -0.688601971 -0.0688347816 -0.721865058
vn 0.699631274 0.0355332457 -0.713620007
vn 0.856469035 0.307244092 -0.414803505
vn 0.724224031 0.564696968 0.395748436
vn 0.902133167 -0.0215863511 -0.430917382
vn 0.798645616 0.0327897146 0.600907624
vn 0.501020133 0.679632843 0.535796642
vn 0.632010937 0.753751457 0.180058077
vn 0.481997609 -0.795746982 0.366694599
vn 0.886773527 0.141878262 0.439889967
vn 0.402007967 -0.394875109 0.826113284
vn 0.542262852 0.742245615 0.393728912
vn 0.535797477 0.814230263 0.223495349
vn 0.269185811 0.833987534 0.481667697
vn 0.286247671 0.62795651 0.723693907
vn 0.308700711 -0.0842292607 0.947422445
vn 0.587657213 0.536290705 0.605847478
vn 0.620576143 -0.0436524712 0.782930195
vn 0.40031901 0.830804408 0.386663496
vn 0.609466195 0.729221523 0.311105937
vn 0.933937311 0.130217135 0.332873315
vn 0.50525862 0.376703531 0.776407123
vn 0.489390075 0.778159976 0.393655151
vn 0.201957583 0.94855094 0.243852809
vn 0.228132635 0.871632338 0.433834702
vn 0.0483662896 0.36099571 0.931312382
vn 0.426692665 0.824617028 0.37140283
vn 0.72520858 0.506907701 0.465958208
vn 0.614715159 0.646843374 0.451352328
vn 0.74020648 0.486099392 0.464544773
vn 0.513964534 0.680721462 0.521975815
vn 0.0828470141 0.896824419 0.434559733
vn 0.647168696 0.705740094 0.288276821
vn -0.0463820323 0.725750208 -0.686392963
vn -0.0880096257 0.716489434 -0.692023993
vn 0.553229928 0.818086743 0.157069638
vn 0.727988899 0.533395231 0.430722356
vn 0.824204147 0.427221447 0.371711493
vn 0.688084722 0.0384094529 0.72461307
vn 0.881070018 0.0248238686 0.472333938
vn 0.742299914 0.395328254 0.541023552
vn 0.736951649 0.530733168 0.418598205
vn 0.59907937 0.748084128 0.285436451
vn 0.602594197 0.66510731 0.441035748
vn 0.769784451 0.602160037 0.211743265
vn 0.304877639 0.444073796 -0.842524767
vn -0.145384073 0.686004996 -0.712924004
vn 0.767511129 0.5210163 0.373455077
vn 0.685109496 0.639216542 0.349323988
vn 0.475834489 0.462047547 0.748393953
vn 0.881070018 0.0248238686 0.472333938
vn 0.56614697 0.24841848 0.78598088
vn -0.53217721 0.845689833 0.0399521217
vn -0.661212921 0.542353868 0.518314421
vn 0.685109496 0.639216542 0.349323988
vn 0.226417378 0.721060276 -0.654833853
vn -0.368874371 0.929324985 -0.0169361811
vn -0.814733505 0.135438353 -0.563795745
vn -0.700441062 0.213039666 0.681172848
vn -0.68531239 0.399115831 0.609141707
vn -0.642560184 0.59471643 0.483144611
vn -0.798097432 0.561432183 0.218710825
vn 0.423426211 0.0486846641 0.904621422
vn -0.368874371 0.929324985 -0.0169361811
vn 0.685109496 0.639216542 0.349323988
vn 0.423426211 0.0486846641 0.904621422
vn -0.700441062 0.213039666 0.681172848
vn -0.95137614 0.0168157388 0.307572097
vn -0.669898808 -0.625169039 -0.400498748
vn 0.705628157 0.47289747 -0.527689993
vn 0.705346942 0.555145562 -0.440793574
vn 0.304877639 0.444073796 -0.842524767
vn -0.598048866 0.291201711 -0.746685326
vn -0.669898808 -0.625169039 -0.400498748
vn -0.937953949 -0.334969372 0.0896542519
vn -0.731705844 0.375435114 -0.568906903
vn -0.688601971 -0.0688347816 -0.721865058
vn -0.598048866 0.291201711 -0.746685326
vn 0.226417378 0.721060276 -0.654833853
vn -0.814733505 0.135438353 -0.563795745
vn 0.230786785 -0.0189838391 -0.972819149
vn 0.638067365 -0.41537571 -0.648330927
vn 0.242643222 -0.0189234335 -0.969931066
vn 0.385285854 -0.674051225 -0.630245745
vn 0.997912824 -0.0154084619 -0.062709555
vn 0.031854324 -0.019532565 -0.999301672
vn -0.0640232116 -0.864965796 -0.497729987
vn -0.196794689 -0.670914888 -0.714944065
vn 0.654174089 0.400486439 -0.641612589
vn 0.396589577 0.688189685 -0.607545674
vn -0.0689910576 0.891102672 -0.448526889
vn -0.216849864 0.68108052 -0.699360728
vn -0.774991572 -0.011226817 -0.631871819
vn -0.196794689 -0.670914888 -0.714944065
vn 0.823043704 -0.384958625 0.417619377
vn 0.688084722 0.0384094529 0.72461307
vn 0.881070018 0.0248238686 0.472333938
vn 0.658001781 -0.270038009 0.702931702
vn 0.726796269 -0.483502775 0.487844408
vn 0.735566914 -0.482570589 0.475465029
vn 0.645618856 -0.669843197 0.366723657
vn 0.59809345 -0.711850405 0.368175507
vn 0.601903498 -0.612302363 0.512638271
vn 0.768747449 -0.575266421 0.279456526
vn 0.302794039 -0.541810811 -0.784064353
vn 0.766521037 -0.477137506 0.429866552
vn 0.683761001 -0.598040342 0.418113053
vn -0.532817781 -0.835118949 0.136680633
vn -0.661698401 -0.482175052 0.574162304
vn 0.683761001 -0.598040342 0.418113053
vn 0.227022469 -0.789829135 -0.56976372
vn -0.368597478 -0.925414264 0.0880020484
vn -0.815417647 -0.194258198 -0.545305312
vn 0.683761001 -0.598040342 0.418113053
vn -0.797914624 -0.533677578 0.280215204
vn -0.642581165 -0.537651241 0.545912504
vn 0.474730372 -0.378677338 0.794502676
vn 0.881070018 0.0248238686 0.472333938
vn 0.565594554 -0.164026767 0.808206677
vn -0.684259951 -0.331171244 0.649703026
vn -0.700345278 -0.139646322 0.700011015
vn 0.423426211 0.0486846641 0.904621422
vn -0.700345278 -0.139646322 0.700011015
vn 0.423426211 0.0486846641 0.904621422
vn -0.95137614 0.0168157388 0.307572097
vn -0.77394402 0.361614674 -0.519851446
vn -0.61032927 -0.396454602 -0.685800135
vn -0.0212482642 -0.580385685 0.814064503
vn 0.586522222 -0.467482388 0.661401451
vn 0.658001781 -0.270038009 0.702931702
vn 0.284814239 -0.545776546 0.788041115
vn 0.267815709 -0.775108516 0.572260022
vn -0.135894194 -0.826482892 0.546313763
vn 0.481997609 -0.795746982 0.366694599
vn 0.75322926 -0.614563406 -0.234430015
vn 0.0506026112 -0.443027973 0.89507854
vn 0.800430238 -0.52094686 0.296523094
vn 0.0410388671 0.540487707 0.840350509
vn 0.403039932 0.482646316 0.777567625
vn -0.41886881 0.703418553 0.574239731
vn 0.309047192 0.183949471 0.933087528
vn 0.461137921 0.845319748 -0.269789755
vn 0.692713261 0.720619857 -0.029245697
vn 0.10840077 0.459063709 0.881765127
vn 0.44756034 0.146147147 0.88223052
vn 0.621075094 0.125204742 0.773685753
vn 0.73893404 -0.432864159 0.516338289
vn 0.461137921 0.845319748 -0.269789755
vn 0.886763573 -0.0947837606 0.452400625
vn 0.886763573 -0.0947837606 0.452400625
vn 0.694326043 -0.697860062 -0.175791517
vn 0.461137921 0.845319748 -0.269789755
vn 0.534887314 -0.784028232 0.31495291
vn 0.692713261 0.720619857 -0.029245697
vn 0.768529356 -0.286531806 0.572068214
vn -0.0406222418 -0.553032041 0.832169056
vn -0.41886881 0.703418553 0.574239731
vn -0.244466156 -0.770537317 0.58864969
vn 0.0410388671 0.540487707 0.840350509
vn -0.167976126 -0.529991269 0.831199884
vn 0.44756034 0.146147147 0.88223052
vn 0.374394208 -0.643597841 0.667540789
vn 0.73893404 -0.432864159 0.516338289
vn -0.41886881 0.703418553 0.574239731
vn 0.10840077 0.459063709 0.881765127
vn 0.768529356 -0.286531806 0.572068214
vn 0.692713261 0.720619857 -0.029245697
vn 0.374394208 -0.643597841 0.667540789
vn 0.226996467 -0.817408323 0.529448926
vn 0.425566673 -0.777942896 0.4622747
vn -0.0406222418 -0.553032041 0.832169056
vn 0.201113269 -0.914635122 0.350708097
vn -0.244466156 -0.770537317 0.58864969
vn 0.694326043 -0.697860062 -0.175791517
vn -0.167976126 -0.529991269 0.831199884
vn 0.768529356 -0.286531806 0.572068214
vn 0.73893404 -0.432864159 0.516338289
vn 0.694326043 -0.697860062 -0.175791517
vn 0.534887314 -0.784028232 0.31495291
vn 0.934282124 -0.0930934399 0.344166398
vn -0.352478921 0.868327916 0.348948687
vn 0.504251599 -0.289724946 0.813504696
vn 0.600507855 0.673377573 -0.431222618
vn 0.735046685 0.664915919 -0.132638752
vn 0.156287372 0.436156869 0.886194944
vn 0.0473998412 -0.259642214 0.964540958
vn -0.337603301 -0.684140325 0.646510661
vn 0.0473998412 -0.259642214 0.964540958
vn -0.352478921 0.868327916 0.348948687
vn 0.0821248963 -0.842131913 0.532981515
vn -0.155458674 -0.554296017 0.81767261
vn 0.156287372 0.436156869 0.886194944
vn 0.786927521 -0.351275325 0.507297516
vn 0.735046685 0.664915919 -0.132638752
vn 0.702993035 -0.645720184 -0.298070729
vn 0.786927521 -0.351275325 0.507297516
vn 0.600507855 0.673377573 -0.431222618
vn 0.934282124 -0.0930934399 0.344166398
vn 0.934282124 -0.0930934399 0.344166398
vn 0.552280188 -0.795470893 0.249424607
vn 0.552280188 -0.795470893 0.249424607
vn -0.337603301 -0.684140325 0.646510661
vn 0.702993035 -0.645720184 -0.298070729
vn 0.0821248963 -0.842131913 0.532981515
vn -0.155458674 -0.554296017 0.81767261
vn 0.786927521 -0.351275325 0.507297516
vn 0.0585941002 0.662789881 0.746509433
vn 0.658001781 -0.270038009 0.702931702
vn 0.742299914 0.395328254 0.541023552
vn -0.0212482642 -0.580385685 0.814064503
vn -0.233144313 0.707271397 0.667391121
vn -0.135894194 -0.826482892 0.546313763
vn 0.0506026112 -0.443027973 0.89507854
vn 0.0436445884 0.777733743 0.627076924
vn 0.905140817 0.321308643 0.2783539
vn 0.800430238 -0.52094686 0.296523094
vn 0.688084722 0.0384094529 0.72461307
vn 0.0585941002 0.662789881 0.746509433
vn 0.587657213 0.536290705 0.605847478
vn 0.286247671 0.62795651 0.723693907
vn 0.742299914 0.395328254 0.541023552
vn 0.269185811 0.833987534 0.481667697
vn -0.233144313 0.707271397 0.667391121
vn 0.632010937 0.753751457 0.180058077
vn 0.523599207 0.822187662 -0.223274201
vn 0.0436445884 0.777733743 0.627076924
vn 0.905140817 0.321308643 0.2783539
vn 0.75322926 -0.614563406 -0.234430015
vn 0.905140817 0.321308643 0.2783539
vn 0.523599207 0.822187662 -0.223274201
vn 0.800430238 -0.52094686 0.296523094
vn 0.632010937 0.753751457 0.180058077
vn 0.481997609 -0.795746982 0.366694599
vn 0.0402761288 -0.446645975 0.893803835
vn 0.402007967 -0.394875109 0.826113284
vn 0.308700711 -0.0842292607 0.947422445
vn -0.416967362 -0.636103034 0.649238765
vn 0.462282389 -0.870126605 -0.170805678
vn 0.692659736 -0.719240069 0.0540016443
vn 0.107814535 -0.363036454 0.925516367
vn 0.447185993 -0.0526585132 0.892889559
vn 0.620576143 -0.0436524712 0.782930195
vn 0.74020648 0.486099392 0.464544773
vn 0.462282389 -0.870126605 -0.170805678
vn 0.886773527 0.141878262 0.439889967
vn 0.886773527 0.141878262 0.439889967
vn 0.692906737 0.674455523 -0.254931301
vn 0.535797477 0.814230263 0.223495349
vn 0.886773527 0.141878262 0.439889967
vn 0.462282389 -0.870126605 -0.170805678
vn 0.692659736 -0.719240069 0.0540016443
vn 0.77013731 0.345559031 0.53616935
vn -0.0405846387 0.640260816 0.767084777
vn -0.416967362 -0.636103034 0.649238765
vn 0.0402761288 -0.446645975 0.893803835
vn -0.245472342 0.831647515 0.498102158
vn -0.16889523 0.617076218 0.768564463
vn 0.107814535 -0.363036454 0.925516367
vn 0.447185993 -0.0526585132 0.892889559
vn 0.375851631 0.713171721 0.591710806
vn 0.74020648 0.486099392 0.464544773
vn 0.77013731 0.345559031 0.53616935
vn 0.692659736 -0.719240069 0.0540016443
vn 0.375851631 0.713171721 0.591710806
vn 0.228132635 0.871632338 0.433834702
vn -0.0405846387 0.640260816 0.767084777
vn 0.426692665 0.824617028 0.37140283
vn 0.201957583 0.94855094 0.243852809
vn -0.245472342 0.831647515 0.498102158
vn 0.692906737 0.674455523 -0.254931301
vn -0.16889523 0.617076218 0.768564463
vn 0.77013731 0.345559031 0.53616935
vn 0.74020648 0.486099392 0.464544773
vn 0.692906737 0.674455523 -0.254931301
vn 0.535797477 0.814230263 0.223495349
vn 0.933937311 0.130217135 0.332873315
vn -0.351083487 -0.823548019 0.445543617
vn 0.602152765 -0.716756225 -0.35167098
vn 0.50525862 0.376703531 0.776407123
vn 0.735323071 -0.675485909 -0.0549432486
vn 0.155553311 -0.339986563 0.927476346
vn 0.0483662896 0.36099571 0.931312382
vn -0.339245766 0.751203895 0.566219926
vn 0.0483662896 0.36099571 0.931312382
vn 0.0828470141 0.896824419 0.434559733
vn -0.351083487 -0.823548019 0.445543617
vn -0.156267345 0.639906108 0.752396584
vn 0.155553311 -0.339986563 0.927476346
vn 0.788427413 0.403304249 0.464465171
vn 0.735323071 -0.675485909 -0.0549432486
vn 0.700983763 0.609760761 -0.36988306
vn 0.602152765 -0.716756225 -0.35167098
vn 0.933937311 0.130217135 0.332873315
vn 0.700983763 0.609760761 -0.36988306
vn 0.788427413 0.403304249 0.464465171
vn 0.553229928 0.818086743 0.157069638
vn 0.553229928 0.818086743 0.157069638
vn -0.339245766 0.751203895 0.566219926
vn 0.0828470141 0.896824419 0.434559733
vn 0.700983763 0.609760761 -0.36988306
vn -0.156267345 0.639906108 0.752396584
vn 0.788427413 0.403304249 0.464465171
vn -0.731705844 0.375435114 -0.568906903
vn 0.902133167 -0.0215863511 -0.430917382
vn -0.77394402 0.361614674 -0.519851446
vn -0.347610742 0.813036501 0.467052847
vn -0.77394402 0.361614674 -0.519851446
vn -0.669898808 -0.625169039 -0.400498748
vn -0.717671454 -0.643094242 -0.267165661
g green_mag_pve_f_4_shoulderstrap_0
f 3/3/3 2/2/2 1/1/1
f 4/4/4 1/1/1 2/2/2
f 4/4/4 2/2/2 5/5/5
f 6/6/6 5/5/5 2/2/2
f 2/2/2 3/3/3 7/7/7
f 8/8/8 7/7/7 3/3/3
f 9/9/9 6/6/6 2/2/2
f 7/7/7 8/8/8 10/10/10
f 7/7/7 10/10/10 11/11/11
f 11/11/11 2/2/2 7/7/7
f 11/11/11 9/9/9 2/2/2
f 9/9/9 11/11/11 12/12/12
f 9/9/9 12/12/12 13/13/13
f 13/13/13 6/6/6 9/9/9
f 13/13/13 14/14/14 6/6/6
f 15/15/15 6/6/6 14/14/14
f 12/12/12 16/16/16 13/13/13
f 12/12/12 17/17/17 16/16/16
f 17/17/17 12/12/12 11/11/11
f 17/17/17 11/11/11 10/10/10
f 10/10/10 18/18/18 17/17/17
f 10/10/10 19/19/19 18/18/18
f 20/20/20 18/18/18 19/19/19
f 21/21/21 17/17/17 18/18/18
f 21/21/21 16/16/16 17/17/17
f 22/22/22 13/13/13 16/16/16
f 21/21/21 18/18/18 23/23/23
f 21/21/21 23/23/23 16/16/16
f 24/24/24 23/23/23 18/18/18
f 24/24/24 18/18/18 25/25/25
f 26/26/26 25/25/25 18/18/18
f 27/27/27 16/16/16 23/23/23
f 22/22/22 16/16/16 28/28/28
f 27/27/27 28/28/28 16/16/16
f 28/28/28 29/29/29 22/22/22
f 30/30/30 22/22/22 29/29/29
f 29/29/29 31/31/31 30/30/30
f 29/29/29 28/28/28 32/32/32
f 33/33/33 32/32/32 28/28/28
f 31/31/31 29/29/29 34/34/34
f 32/32/32 34/34/34 29/29/29
f 27/27/27 35/35/35 28/28/28
f 33/33/33 28/28/28 35/35/35
f 23/23/23 36/36/36 27/27/27
f 35/35/35 27/27/27 36/36/36
f 24/24/24 37/37/37 23/23/23
f 36/36/36 23/23/23 37/37/37
f 37/37/37 24/24/24 38/38/38
f 39/39/39 38/38/38 24/24/24
f 33/33/33 40/40/40 32/32/32
f 41/41/41 32/32/32 40/40/40
f 41/41/41 42/42/42 32/32/32
f 43/43/43 32/32/32 42/42/42
f 35/35/35 44/44/44 33/33/33
f 40/40/40 33/33/33 44/44/44
f 36/36/36 45/45/45 35/35/35
f 44/44/44 35/35/35 45/45/45
f 45/45/45 36/36/36 46/46/46
f 37/37/37 46/46/46 36/36/36
f 45/45/45 46/46/46 47/47/47
f 45/45/45 47/47/47 44/44/44
f 44/44/44 47/47/47 40/40/40
f 48/48/48 47/47/47 46/46/46
f 41/41/41 40/40/40 49/49/49
f 47/47/47 49/49/49 40/40/40
f 48/48/48 50/50/50 47/47/47
f 47/47/47 50/50/50 51/51/51
f 51/51/51 50/50/50 52/52/52
f 53/53/53 52/52/52 50/50/50
f 52/52/52 54/54/54 51/51/51
f 55/55/55 51/51/51 54/54/54
f 51/51/51 56/56/56 47/47/47
f 57/57/57 47/47/47 56/56/56
f 41/41/41 57/57/57 58/58/58
f 59/59/59 46/46/46 37/37/37
f 61/61/61 6/6/6 60/60/60
f 63/63/63 30/30/30 62/62/62
f 30/30/30 63/63/63 14/14/14
f 64/64/64 14/14/14 63/63/63
f 14/14/14 13/13/13 30/30/30
f 22/22/22 30/30/30 13/13/13
f 63/63/63 66/66/66 65/65/65
f 69/69/69 68/68/68 67/67/67
f 72/72/72 71/71/71 70/70/70
f 73/73/73 70/70/70 71/71/71
f 73/73/73 71/71/71 74/74/74
f 75/75/75 74/74/74 71/71/71
f 71/71/71 76/76/76 75/75/75
f 77/77/77 75/75/75 76/76/76
f 76/76/76 78/78/78 77/77/77
f 79/79/79 77/77/77 78/78/78
f 79/79/79 78/78/78 80/80/80
f 81/81/81 80/80/80 78/78/78
f 73/73/73 82/82/82 70/70/70
f 74/74/74 75/75/75 83/83/83
f 84/84/84 83/83/83 75/75/75
f 82/82/82 73/73/73 85/85/85
f 82/82/82 85/85/85 86/86/86
f 87/87/87 86/86/86 85/85/85
f 88/88/88 87/87/87 85/85/85
f 87/87/87 88/88/88 89/89/89
f 90/90/90 89/89/89 88/88/88
f 89/89/89 90/90/90 91/91/91
f 92/92/92 91/91/91 90/90/90
f 91/91/91 92/92/92 93/93/93
f 94/94/94 93/93/93 92/92/92
f 94/94/94 95/95/95 93/93/93
f 96/96/96 93/93/93 95/95/95
f 95/95/95 97/97/97 96/96/96
f 98/98/98 96/96/96 97/97/97
f 97/97/97 99/99/99 98/98/98
f 100/100/100 98/98/98 99/99/99
f 94/94/94 101/101/101 95/95/95
f 102/102/102 95/95/95 101/101/101
f 95/95/95 102/102/102 97/97/97
f 103/103/103 102/102/102 101/101/101
f 101/101/101 94/94/94 103/103/103
f 92/92/92 103/103/103 94/94/94
f 103/103/103 92/92/92 104/104/104
f 90/90/90 104/104/104 92/92/92
f 103/103/103 104/104/104 102/102/102
f 104/104/104 90/90/90 105/105/105
f 104/104/104 105/105/105 106/106/106
f 97/97/97 106/106/106 99/99/99
f 106/106/106 97/97/97 102/102/102
f 106/106/106 102/102/102 104/104/104
f 107/107/107 106/106/106 105/105/105
f 107/107/107 99/99/99 106/106/106
f 107/107/107 105/105/105 108/108/108
f 109/109/109 108/108/108 105/105/105
f 108/108/108 109/109/109 110/110/110
f 111/111/111 110/110/110 109/109/109
f 105/105/105 88/88/88 109/109/109
f 88/88/88 105/105/105 90/90/90
f 85/85/85 109/109/109 88/88/88
f 108/108/108 112/112/112 107/107/107
f 108/108/108 110/110/110 112/112/112
f 99/99/99 107/107/107 112/112/112
f 99/99/99 112/112/112 100/100/100
f 100/100/100 112/112/112 113/113/113
f 114/114/114 113/113/113 112/112/112
f 74/74/74 112/112/112 110/110/110
f 114/114/114 112/112/112 74/74/74
f 114/114/114 74/74/74 115/115/115
f 116/116/116 113/113/113 114/114/114
f 85/85/85 73/73/73 109/109/109
f 111/111/111 109/109/109 73/73/73
f 19/19/19 10/10/10 117/117/117
f 120/120/120 119/119/119 118/118/118
f 121/121/121 118/118/118 119/119/119
f 122/122/122 121/121/121 119/119/119
f 125/125/125 124/124/124 123/123/123
f 126/126/126 123/123/123 124/124/124
f 125/125/125 127/127/127 124/124/124
f 128/128/128 124/124/124 127/127/127
f 124/124/124 129/129/129 126/126/126
f 130/130/130 126/126/126 129/129/129
f 128/128/128 131/131/131 124/124/124
f 124/124/124 132/132/132 129/129/129
f 131/131/131 132/132/132 124/124/124
f 131/131/131 133/133/133 132/132/132
f 133/133/133 131/131/131 134/134/134
f 128/128/128 134/134/134 131/131/131
f 134/134/134 128/128/128 135/135/135
f 136/136/136 135/135/135 128/128/128
f 133/133/133 134/134/134 137/137/137
f 133/133/133 137/137/137 138/138/138
f 138/138/138 132/132/132 133/133/133
f 139/139/139 138/138/138 137/137/137
f 139/139/139 140/140/140 138/138/138
f 141/141/141 138/138/138 140/140/140
f 129/129/129 132/132/132 141/141/141
f 138/138/138 141/141/141 132/132/132
f 141/141/141 140/140/140 142/142/142
f 143/143/143 142/142/142 140/140/140
f 144/144/144 137/137/137 134/134/134
f 143/143/143 140/140/140 145/145/145
f 146/146/146 145/145/145 140/140/140
f 146/146/146 140/140/140 147/147/147
f 139/139/139 147/147/147 140/140/140
f 139/139/139 137/137/137 147/147/147
f 148/148/148 147/147/147 137/137/137
f 148/148/148 137/137/137 149/149/149
f 144/144/144 149/149/149 137/137/137
f 149/149/149 144/144/144 150/150/150
f 151/151/151 150/150/150 144/144/144
f 150/150/150 151/151/151 152/152/152
f 150/150/150 153/153/153 149/149/149
f 154/154/154 149/149/149 153/153/153
f 153/153/153 150/150/150 155/155/155
f 152/152/152 155/155/155 150/150/150
f 154/154/154 156/156/156 149/149/149
f 148/148/148 149/149/149 156/156/156
f 156/156/156 157/157/157 148/148/148
f 147/147/147 148/148/148 157/157/157
f 157/157/157 158/158/158 147/147/147
f 146/146/146 147/147/147 158/158/158
f 158/158/158 159/159/159 146/146/146
f 160/160/160 146/146/146 159/159/159
f 154/154/154 153/153/153 161/161/161
f 162/162/162 161/161/161 153/153/153
f 162/162/162 153/153/153 163/163/163
f 164/164/164 163/163/163 153/153/153
f 161/161/161 165/165/165 154/154/154
f 156/156/156 154/154/154 165/165/165
f 165/165/165 166/166/166 156/156/156
f 157/157/157 156/156/156 166/166/166
f 158/158/158 157/157/157 167/167/167
f 166/166/166 167/167/167 157/157/157
f 166/166/166 168/168/168 167/167/167
f 168/168/168 166/166/166 165/165/165
f 168/168/168 165/165/165 161/161/161
f 169/169/169 167/167/167 168/168/168
f 168/168/168 161/161/161 170/170/170
f 162/162/162 170/170/170 161/161/161
f 171/171/171 169/169/169 168/168/168
f 171/171/171 168/168/168 172/172/172
f 172/172/172 173/173/173 171/171/171
f 174/174/174 171/171/171 173/173/173
f 173/173/173 172/172/172 175/175/175
f 176/176/176 175/175/175 172/172/172
f 172/172/172 168/168/168 177/177/177
f 178/178/178 177/177/177 168/168/168
f 167/167/167 179/179/179 158/158/158
f 128/128/128 181/181/181 180/180/180
f 183/183/183 182/182/182 151/151/151
f 151/151/151 135/135/135 183/183/183
f 184/184/184 183/183/183 135/135/135
f 135/135/135 151/151/151 134/134/134
f 144/144/144 134/134/134 151/151/151
f 183/183/183 186/186/186 185/185/185
f 189/189/189 188/188/188 187/187/187
f 129/129/129 141/141/141 190/190/190
f 142/142/142 190/190/190 141/141/141
f 192/192/192 162/162/162 191/191/191
f 195/195/195 194/194/194 193/193/193
f 196/196/196 193/193/193 194/194/194
f 198/198/198 82/82/82 197/197/197
f 201/201/201 200/200/200 199/199/199
f 202/202/202 199/199/199 200/200/200
f 200/200/200 203/203/203 202/202/202
f 204/204/204 202/202/202 203/203/203
f 203/203/203 205/205/205 204/204/204
f 207/207/207 206/206/206 205/205/205
f 210/210/210 209/209/209 208/208/208
f 211/211/211 208/208/208 209/209/209
f 209/209/209 210/210/210 212/212/212
f 213/213/213 212/212/212 210/210/210
f 212/212/212 213/213/213 214/214/214
f 214/214/214 215/215/215 212/212/212
f 214/214/214 216/216/216 215/215/215
f 216/216/216 214/214/214 217/217/217
f 218/218/218 215/215/215 216/216/216
f 218/218/218 219/219/219 215/215/215
f 220/220/220 215/215/215 219/219/219
f 220/220/220 221/221/221 215/215/215
f 222/222/222 215/215/215 221/221/221
f 222/222/222 212/212/212 215/215/215
f 212/212/212 222/222/222 209/209/209
f 221/221/221 223/223/223 222/222/222
f 224/224/224 222/222/222 223/223/223
f 224/224/224 209/209/209 222/222/222
f 209/209/209 224/224/224 211/211/211
f 223/223/223 225/225/225 224/224/224
f 226/226/226 224/224/224 225/225/225
f 226/226/226 211/211/211 224/224/224
f 225/225/225 227/227/227 226/226/226
f 228/228/228 226/226/226 227/227/227
f 228/228/228 208/208/208 226/226/226
f 211/211/211 226/226/226 208/208/208
f 231/231/231 230/230/230 229/229/229
f 232/232/232 229/229/229 230/230/230
f 229/229/229 233/233/233 231/231/231
f 234/234/234 231/231/231 233/233/233
f 233/233/233 235/235/235 234/234/234
f 236/236/236 234/234/234 235/235/235
f 231/231/231 237/237/237 230/230/230
f 238/238/238 230/230/230 237/237/237
f 237/237/237 231/231/231 239/239/239
f 234/234/234 239/239/239 231/231/231
f 239/239/239 234/234/234 240/240/240
f 236/236/236 240/240/240 234/234/234
f 243/243/243 242/242/242 241/241/241
f 244/244/244 241/241/241 242/242/242
f 242/242/242 243/243/243 245/245/245
f 246/246/246 245/245/245 243/243/243
f 245/245/245 246/246/246 247/247/247
f 249/249/249 247/247/247 248/248/248
f 252/252/252 251/251/251 250/250/250
f 253/253/253 250/250/250 251/251/251
f 251/251/251 254/254/254 253/253/253
f 255/255/255 253/253/253 254/254/254
f 254/254/254 256/256/256 255/255/255
f 256/256/256 254/254/254 257/257/257
f 256/256/256 257/257/257 258/258/258
f 258/258/258 259/259/259 256/256/256
f 260/260/260 258/258/258 257/257/257
f 260/260/260 257/257/257 261/261/261
f 262/262/262 261/261/261 257/257/257
f 262/262/262 257/257/257 263/263/263
f 264/264/264 263/263/263 257/257/257
f 264/264/264 257/257/257 254/254/254
f 254/254/254 251/251/251 264/264/264
f 263/263/263 264/264/264 265/265/265
f 266/266/266 265/265/265 264/264/264
f 266/266/266 264/264/264 251/251/251
f 251/251/251 252/252/252 266/266/266
f 265/265/265 266/266/266 267/267/267
f 268/268/268 267/267/267 266/266/266
f 267/267/267 268/268/268 269/269/269
f 270/270/270 269/269/269 268/268/268
f 268/268/268 266/266/266 252/252/252
f 270/270/270 268/268/268 250/250/250
f 252/252/252 250/250/250 268/268/268
f 273/273/273 272/272/272 271/271/271
f 274/274/274 271/271/271 272/272/272
f 271/271/271 274/274/274 275/275/275
f 276/276/276 275/275/275 274/274/274
f 275/275/275 276/276/276 277/277/277
f 278/278/278 277/277/277 276/276/276
f 274/274/274 272/272/272 279/279/279
f 280/280/280 279/279/279 272/272/272
f 276/276/276 274/274/274 281/281/281
f 279/279/279 281/281/281 274/274/274
f 278/278/278 276/276/276 282/282/282
f 281/281/281 282/282/282 276/276/276
f 285/285/285 284/284/284 283/283/283
f 286/286/286 283/283/283 284/284/284
f 284/284/284 285/285/285 287/287/287
f 288/288/288 287/287/287 285/285/285
f 288/288/288 289/289/289 287/287/287
f 290/290/290 287/287/287 289/289/289
f 291/291/291 290/290/290 289/289/289
f 291/291/291 292/292/292 290/290/290
f 293/293/293 290/290/290 292/292/292
f 292/292/292 294/294/294 293/293/293
f 295/295/295 293/293/293 294/294/294
f 294/294/294 296/296/296 295/295/295
f 297/297/297 295/295/295 296/296/296
f 288/288/288 298/298/298 289/289/289
f 299/299/299 289/289/289 298/298/298
f 289/289/289 299/299/299 291/291/291
f 299/299/299 300/300/300 291/291/291
f 292/292/292 291/291/291 300/300/300
f 292/292/292 300/300/300 294/294/294
f 294/294/294 300/300/300 296/296/296
f 298/298/298 288/288/288 301/301/301
f 285/285/285 301/301/301 288/288/288
f 297/297/297 296/296/296 302/302/302
f 303/303/303 302/302/302 296/296/296
f 300/300/300 304/304/304 296/296/296
f 305/305/305 296/296/296 304/304/304
f 299/299/299 306/306/306 300/300/300
f 307/307/307 300/300/300 306/306/306
f 307/307/307 308/308/308 300/300/300
f 309/309/309 300/300/300 308/308/308
f 298/298/298 310/310/310 299/299/299
f 306/306/306 299/299/299 310/310/310
f 310/310/310 298/298/298 311/311/311
f 312/312/312 311/311/311 298/298/298
f 285/285/285 313/313/313 301/301/301
f 315/315/315 314/314/314 313/313/313
f 317/317/317 316/316/316 314/314/314
f 286/286/286 318/318/318 314/314/314
f 319/319/319 318/318/318 286/286/286
f 320/320/320 319/319/319 284/284/284
f 284/284/284 287/287/287 320/320/320
f 321/321/321 320/320/320 287/287/287
f 321/321/321 322/322/322 320/320/320
f 322/322/322 321/321/321 323/323/323
f 323/323/323 324/324/324 322/322/322
f 325/325/325 322/322/322 324/324/324
f 325/325/325 324/324/324 326/326/326
f 327/327/327 326/326/326 324/324/324
f 324/324/324 328/328/328 327/327/327
f 329/329/329 327/327/327 328/328/328
f 325/325/325 326/326/326 330/330/330
f 331/331/331 330/330/330 326/326/326
f 329/329/329 328/328/328 332/332/332
f 332/332/332 328/328/328 333/333/333
f 332/332/332 333/333/333 334/334/334
f 334/334/334 335/335/335 332/332/332
f 336/336/336 332/332/332 335/335/335
f 336/336/336 329/329/329 332/332/332
f 337/337/337 336/336/336 335/335/335
f 335/335/335 338/338/338 337/337/337
f 339/339/339 337/337/337 338/338/338
f 339/339/339 340/340/340 337/337/337
f 338/338/338 341/341/341 339/339/339
f 342/342/342 339/339/339 341/341/341
f 342/342/342 343/343/343 339/339/339
f 340/340/340 339/339/339 343/343/343
f 343/343/343 344/344/344 340/340/340
f 345/345/345 340/340/340 344/344/344
f 344/344/344 346/346/346 345/345/345
f 347/347/347 345/345/345 346/346/346
f 348/348/348 334/334/334 333/333/333
f 348/348/348 333/333/333 349/349/349
f 349/349/349 323/323/323 348/348/348
f 350/350/350 348/348/348 323/323/323
f 350/350/350 323/323/323 321/321/321
f 341/341/341 338/338/338 351/351/351
f 352/352/352 348/348/348 350/350/350
f 348/348/348 352/352/352 334/334/334
f 353/353/353 334/334/334 352/352/352
f 334/334/334 353/353/353 335/335/335
f 335/335/335 354/354/354 338/338/338
f 354/354/354 335/335/335 353/353/353
f 355/355/355 338/338/338 354/354/354
f 355/355/355 356/356/356 338/338/338
f 350/350/350 321/321/321 290/290/290
f 287/287/287 290/290/290 321/321/321
f 352/352/352 350/350/350 293/293/293
f 290/290/290 293/293/293 350/350/350
f 293/293/293 295/295/295 352/352/352
f 353/353/353 352/352/352 295/295/295
f 354/354/354 353/353/353 297/297/297
f 295/295/295 297/297/297 353/353/353
f 354/354/354 297/297/297 355/355/355
f 302/302/302 355/355/355 297/297/297
f 355/355/355 302/302/302 357/357/357
f 360/360/360 359/359/359 358/358/358
f 361/361/361 358/358/358 359/359/359
f 360/360/360 362/362/362 359/359/359
f 363/363/363 359/359/359 362/362/362
f 359/359/359 364/364/364 361/361/361
f 359/359/359 363/363/363 365/365/365
f 366/366/366 361/361/361 365/365/365
f 367/367/367 365/365/365 363/363/363
f 360/360/360 368/368/368 362/362/362
f 360/360/360 358/358/358 368/368/368
f 369/369/369 362/362/362 368/368/368
f 369/369/369 368/368/368 370/370/370
f 371/371/371 368/368/368 358/358/358
f 371/371/371 372/372/372 368/368/368
f 373/373/373 368/368/368 372/372/372
f 373/373/373 372/372/372 374/374/374
f 373/373/373 374/374/374 375/375/375
f 373/373/373 375/375/375 368/368/368
f 376/376/376 362/362/362 369/369/369
f 378/378/378 374/374/374 377/377/377
f 374/374/374 378/378/378 379/379/379
f 379/379/379 380/380/380 374/374/374
f 379/379/379 381/381/381 380/380/380
f 379/379/379 382/382/382 381/381/381
f 382/382/382 379/379/379 378/378/378
f 378/378/378 377/377/377 382/382/382
f 383/383/383 381/381/381 382/382/382
f 382/382/382 384/384/384 383/383/383
f 385/385/385 383/383/383 384/384/384
f 384/384/384 382/382/382 386/386/386
f 387/387/387 386/386/386 382/382/382
f 382/382/382 388/388/388 387/387/387
f 389/389/389 387/387/387 388/388/388
f 388/388/388 390/390/390 389/389/389
f 391/391/391 389/389/389 390/390/390
f 392/392/392 380/380/380 381/381/381
f 380/380/380 392/392/392 393/393/393
f 394/394/394 393/393/393 392/392/392
f 393/393/393 395/395/395 380/380/380
f 396/396/396 380/380/380 395/395/395
f 388/388/388 382/382/382 397/397/397
f 397/397/397 398/398/398 388/388/388
f 400/400/400 399/399/399 390/390/390
f 380/380/380 396/396/396 401/401/401
f 402/402/402 401/401/401 396/396/396
f 401/401/401 402/402/402 403/403/403
f 404/404/404 401/401/401 403/403/403
f 405/405/405 403/403/403 402/402/402
f 380/380/380 401/401/401 406/406/406
f 407/407/407 406/406/406 401/401/401
f 401/401/401 376/376/376 407/407/407
f 406/406/406 374/374/374 380/380/380
f 406/406/406 408/408/408 374/374/374
f 411/411/411 410/410/410 409/409/409
f 412/412/412 409/409/409 410/410/410
f 410/410/410 413/413/413 412/412/412
f 414/414/414 412/412/412 413/413/413
f 414/414/414 413/413/413 415/415/415
f 416/416/416 415/415/415 413/413/413
f 416/416/416 417/417/417 415/415/415
f 417/417/417 416/416/416 418/418/418
f 419/419/419 418/418/418 416/416/416
f 418/418/418 419/419/419 420/420/420
f 421/421/421 420/420/420 419/419/419
f 420/420/420 421/421/421 422/422/422
f 423/423/423 422/422/422 421/421/421
f 414/414/414 415/415/415 424/424/424
f 425/425/425 424/424/424 415/415/415
f 425/425/425 415/415/415 417/417/417
f 418/418/418 426/426/426 417/417/417
f 425/425/425 417/417/417 426/426/426
f 426/426/426 418/418/418 420/420/420
f 426/426/426 420/420/420 422/422/422
f 412/412/412 414/414/414 427/427/427
f 424/424/424 427/427/427 414/414/414
f 423/423/423 428/428/428 422/422/422
f 429/429/429 422/422/422 428/428/428
f 426/426/426 422/422/422 430/430/430
f 431/431/431 430/430/430 422/422/422
f 425/425/425 426/426/426 432/432/432
f 433/433/433 432/432/432 426/426/426
f 433/433/433 426/426/426 434/434/434
f 435/435/435 434/434/434 426/426/426
f 432/432/432 436/436/436 425/425/425
f 424/424/424 425/425/425 436/436/436
f 436/436/436 437/437/437 424/424/424
f 438/438/438 424/424/424 437/437/437
f 428/428/428 423/423/423 439/439/439
f 440/440/440 439/439/439 423/423/423
f 439/439/439 440/440/440 441/441/441
f 439/439/439 441/441/441 442/442/442
f 443/443/443 442/442/442 441/441/441
f 441/441/441 444/444/444 443/443/443
f 445/445/445 443/443/443 444/444/444
f 443/443/443 445/445/445 446/446/446
f 444/444/444 441/441/441 447/447/447
f 448/448/448 444/444/444 447/447/447
f 449/449/449 447/447/447 441/441/441
f 449/449/449 441/441/441 440/440/440
f 450/450/450 447/447/447 449/449/449
f 451/451/451 445/445/445 444/444/444
f 444/444/444 448/448/448 451/451/451
f 451/451/451 448/448/448 452/452/452
f 453/453/453 452/452/452 448/448/448
f 452/452/452 453/453/453 454/454/454
f 455/455/455 454/454/454 453/453/453
f 450/450/450 449/449/449 456/456/456
f 457/457/457 456/456/456 449/449/449
f 456/456/456 457/457/457 458/458/458
f 459/459/459 456/456/456 458/458/458
f 460/460/460 458/458/458 457/457/457
f 461/461/461 450/450/450 456/456/456
f 459/459/459 461/461/461 456/456/456
f 461/461/461 459/459/459 462/462/462
f 463/463/463 462/462/462 459/459/459
f 462/462/462 463/463/463 464/464/464
f 465/465/465 464/464/464 463/463/463
f 465/465/465 466/466/466 464/464/464
f 467/467/467 464/464/464 466/466/466
f 455/455/455 467/467/467 454/454/454
f 465/465/465 463/463/463 468/468/468
f 469/469/469 468/468/468 463/463/463
f 468/468/468 470/470/470 465/465/465
f 466/466/466 465/465/465 470/470/470
f 468/468/468 469/469/469 471/471/471
f 472/472/472 471/471/471 469/469/469
f 472/472/472 469/469/469 460/460/460
f 473/473/473 460/460/460 469/469/469
f 458/458/458 460/460/460 473/473/473
f 466/466/466 474/474/474 467/467/467
f 475/475/475 467/467/467 474/474/474
f 467/467/467 475/475/475 476/476/476
f 477/477/477 476/476/476 475/475/475
f 476/476/476 478/478/478 467/467/467
f 474/474/474 466/466/466 479/479/479
f 470/470/470 479/479/479 466/466/466
f 474/474/474 480/480/480 475/475/475
f 481/481/481 475/475/475 480/480/480
f 480/480/480 474/474/474 482/482/482
f 479/479/479 482/482/482 474/474/474
f 479/479/479 470/470/470 483/483/483
f 484/484/484 483/483/483 470/470/470
f 482/482/482 479/479/479 485/485/485
f 483/483/483 485/485/485 479/479/479
f 470/470/470 468/468/468 484/484/484
f 471/471/471 484/484/484 468/468/468
f 485/485/485 483/483/483 486/486/486
f 481/481/481 487/487/487 475/475/475
f 475/475/475 487/487/487 488/488/488
f 489/489/489 488/488/488 487/487/487
f 482/482/482 485/485/485 490/490/490
f 482/482/482 490/490/490 480/480/480
f 491/491/491 490/490/490 485/485/485
f 485/485/485 492/492/492 491/491/491
f 493/493/493 492/492/492 483/483/483
f 494/494/494 491/491/491 492/492/492
f 495/495/495 494/494/494 493/493/493
f 489/489/489 487/487/487 496/496/496
f 497/497/497 496/496/496 487/487/487
f 497/497/497 487/487/487 498/498/498
f 481/481/481 498/498/498 487/487/487
f 481/481/481 480/480/480 498/498/498
f 499/499/499 480/480/480 490/490/490
f 499/499/499 498/498/498 480/480/480
f 489/489/489 500/500/500 488/488/488
f 502/502/502 493/493/493 501/501/501
f 489/489/489 504/504/504 503/503/503
f 505/505/505 503/503/503 504/504/504
f 506/506/506 495/495/495 483/483/483
f 411/411/411 483/483/483 410/410/410
f 410/410/410 484/484/484 413/413/413
f 471/471/471 413/413/413 484/484/484
f 413/413/413 471/471/471 416/416/416
f 472/472/472 416/416/416 471/471/471
f 416/416/416 472/472/472 419/419/419
f 507/507/507 419/419/419 472/472/472
f 460/460/460 507/507/507 472/472/472
f 460/460/460 457/457/457 507/507/507
f 508/508/508 507/507/507 457/457/457
f 457/457/457 449/449/449 508/508/508
f 440/440/440 508/508/508 449/449/449
f 508/508/508 421/421/421 507/507/507
f 419/419/419 507/507/507 421/421/421
f 421/421/421 508/508/508 423/423/423
f 440/440/440 423/423/423 508/508/508
f 484/484/484 410/410/410 509/509/509
f 511/511/511 509/509/509 510/510/510
f 511/511/511 510/510/510 512/512/512
f 514/514/514 512/512/512 513/513/513
f 515/515/515 513/513/513 512/512/512
f 517/517/517 516/516/516 509/509/509
f 520/520/520 519/519/519 518/518/518
f 521/521/521 518/518/518 519/519/519
f 520/520/520 522/522/522 519/519/519
f 518/518/518 521/521/521 523/523/523
f 524/524/524 523/523/523 521/521/521
f 524/524/524 525/525/525 523/523/523
f 520/520/520 518/518/518 526/526/526
f 522/522/522 520/520/520 526/526/526
f 527/527/527 526/526/526 518/518/518
f 518/518/518 523/523/523 527/527/527
f 528/528/528 527/527/527 523/523/523
f 528/528/528 523/523/523 529/529/529
f 530/530/530 529/529/529 523/523/523
f 530/530/530 523/523/523 531/531/531
f 331/331/331 533/533/533 532/532/532
f 534/534/534 532/532/532 533/533/533
f 533/533/533 331/331/331 535/535/535
f 532/532/532 536/536/536 331/331/331
f 330/330/330 331/331/331 536/536/536
f 536/536/536 537/537/537 330/330/330
f 538/538/538 330/330/330 537/537/537
f 330/330/330 538/538/538 325/325/325
f 322/322/322 325/325/325 538/538/538
f 536/536/536 532/532/532 539/539/539
f 540/540/540 539/539/539 532/532/532
f 537/537/537 536/536/536 541/541/541
f 539/539/539 541/541/541 536/536/536
f 537/537/537 542/542/542 538/538/538
f 320/320/320 538/538/538 542/542/542
f 538/538/538 320/320/320 322/322/322
f 542/542/542 537/537/537 543/543/543
f 541/541/541 543/543/543 537/537/537
f 543/543/543 544/544/544 542/542/542
f 541/541/541 545/545/545 543/543/543
f 541/541/541 539/539/539 545/545/545
f 546/546/546 543/543/543 545/545/545
f 543/543/543 546/546/546 547/547/547
f 548/548/548 542/542/542 547/547/547
f 549/549/549 547/547/547 546/546/546
f 550/550/550 548/548/548 549/549/549
f 548/548/548 550/550/550 542/542/542
f 551/551/551 549/549/549 548/548/548
f 552/552/552 545/545/545 539/539/539
f 540/540/540 553/553/553 539/539/539
f 552/552/552 539/539/539 553/553/553
f 540/540/540 554/554/554 553/553/553
f 554/554/554 540/540/540 532/532/532
f 532/532/532 555/555/555 554/554/554
f 556/556/556 554/554/554 555/555/555
f 557/557/557 553/553/553 554/554/554
f 556/556/556 558/558/558 554/554/554
f 557/557/557 554/554/554 558/558/558
f 556/556/556 555/555/555 559/559/559
f 556/556/556 561/561/561 560/560/560
f 562/562/562 560/560/560 561/561/561
f 550/550/550 563/563/563 542/542/542
f 564/564/564 284/284/284 542/542/542
f 567/567/567 566/566/566 565/565/565
f 568/568/568 565/565/565 566/566/566
f 568/568/568 569/569/569 565/565/565
f 570/570/570 565/565/565 569/569/569
f 569/569/569 571/571/571 570/570/570
f 572/572/572 570/570/570 571/571/571
f 570/570/570 572/572/572 573/573/573
f 572/572/572 574/574/574 573/573/573
f 577/577/577 576/576/576 575/575/575
f 578/578/578 575/575/575 576/576/576
f 577/577/577 579/579/579 576/576/576
f 579/579/579 577/577/577 580/580/580
f 581/581/581 580/580/580 577/577/577
f 575/575/575 578/578/578 582/582/582
f 583/583/583 582/582/582 578/578/578
f 583/583/583 584/584/584 582/582/582
f 586/586/586 576/576/576 585/585/585
f 589/589/589 588/588/588 587/587/587
f 590/590/590 587/587/587 588/588/588
f 589/589/589 591/591/591 588/588/588
f 592/592/592 588/588/588 591/591/591
f 595/595/595 594/594/594 593/593/593
f 596/596/596 593/593/593 594/594/594
f 595/595/595 597/597/597 594/594/594
f 596/596/596 598/598/598 593/593/593
f 599/599/599 593/593/593 598/598/598
f 598/598/598 600/600/600 599/599/599
f 602/602/602 601/601/601 597/597/597
f 597/597/597 603/603/603 602/602/602
f 604/604/604 602/602/602 603/603/603
f 607/607/607 606/606/606 605/605/605
f 608/608/608 605/605/605 606/606/606
f 606/606/606 609/609/609 608/608/608
f 610/610/610 608/608/608 609/609/609
f 610/610/610 609/609/609 611/611/611
f 610/610/610 611/611/611 612/612/612
f 613/613/613 612/612/612 611/611/611
f 605/605/605 614/614/614 607/607/607
f 616/616/616 615/615/615 609/609/609
f 619/619/619 618/618/618 617/617/617
f 620/620/620 617/617/617 618/618/618
f 620/620/620 618/618/618 621/621/621
f 622/622/622 621/621/621 618/618/618
f 619/619/619 623/623/623 618/618/618
f 626/626/626 625/625/625 624/624/624
f 627/627/627 624/624/624 625/625/625
f 624/624/624 628/628/628 626/626/626
f 629/629/629 626/626/626 628/628/628
f 628/628/628 630/630/630 629/629/629
f 631/631/631 629/629/629 630/630/630
f 633/633/633 632/632/632 631/631/631
f 634/634/634 631/631/631 632/632/632
f 634/634/634 632/632/632 635/635/635
f 637/637/637 636/636/636 632/632/632
f 640/640/640 639/639/639 638/638/638
f 641/641/641 638/638/638 639/639/639
f 639/639/639 640/640/640 642/642/642
f 643/643/643 642/642/642 640/640/640
f 646/646/646 645/645/645 644/644/644
f 647/647/647 644/644/644 645/645/645
f 644/644/644 647/647/647 648/648/648
f 649/649/649 648/648/648 647/647/647
f 649/649/649 650/650/650 648/648/648
f 651/651/651 648/648/648 650/650/650
f 651/651/651 650/650/650 652/652/652
f 653/653/653 652/652/652 650/650/650
f 654/654/654 645/645/645 646/646/646
f 657/657/657 656/656/656 655/655/655
f 658/658/658 655/655/655 656/656/656
f 657/657/657 655/655/655 659/659/659
f 660/660/660 659/659/659 655/655/655
f 659/659/659 660/660/660 661/661/661
f 662/662/662 661/661/661 660/660/660
f 662/662/662 660/660/660 663/663/663
f 664/664/664 662/662/662 663/663/663
f 667/667/667 666/666/666 665/665/665
f 668/668/668 665/665/665 666/666/666
f 667/667/667 665/665/665 669/669/669
f 670/670/670 669/669/669 665/665/665
f 673/673/673 672/672/672 671/671/671
f 674/674/674 671/671/671 672/672/672
f 674/674/674 672/672/672 675/675/675
f 675/675/675 676/676/676 674/674/674
f 677/677/677 674/674/674 676/676/676
f 671/671/671 678/678/678 673/673/673
f 679/679/679 673/673/673 678/678/678
f 680/680/680 679/679/679 678/678/678
f 682/682/682 681/681/681 672/672/672
f 685/685/685 684/684/684 683/683/683
f 687/687/687 686/686/686 684/684/684
f 687/687/687 684/684/684 688/688/688
f 689/689/689 688/688/688 684/684/684
f 692/692/692 691/691/691 690/690/690
f 693/693/693 690/690/690 691/691/691
f 693/693/693 691/691/691 694/694/694
f 695/695/695 694/694/694 691/691/691
f 692/692/692 690/690/690 696/696/696
f 697/697/697 696/696/696 690/690/690
f 698/698/698 696/696/696 697/697/697
f 694/694/694 695/695/695 699/699/699
f 700/700/700 699/699/699 695/695/695
f 703/703/703 702/702/702 701/701/701
f 704/704/704 701/701/701 702/702/702
f 702/702/702 703/703/703 705/705/705
f 706/706/706 705/705/705 703/703/703
f 706/706/706 707/707/707 705/705/705
f 706/706/706 708/708/708 707/707/707
f 709/709/709 707/707/707 708/708/708
f 710/710/710 701/701/701 704/704/704
f 712/712/712 705/705/705 711/711/711
f 715/715/715 714/714/714 713/713/713
f 716/716/716 713/713/713 714/714/714
f 715/715/715 717/717/717 714/714/714
f 718/718/718 714/714/714 717/717/717
f 719/719/719 716/716/716 714/714/714
f 722/722/722 721/721/721 720/720/720
f 723/723/723 720/720/720 721/721/721
f 720/720/720 723/723/723 724/724/724
f 725/725/725 724/724/724 723/723/723
f 724/724/724 725/725/725 726/726/726
f 727/727/727 726/726/726 725/725/725
f 729/729/729 728/728/728 727/727/727
f 729/729/729 730/730/730 728/728/728
f 732/732/732 727/727/727 731/731/731
f 733/733/733 731/731/731 730/730/730
f 736/736/736 735/735/735 734/734/734
f 737/737/737 734/734/734 735/735/735
f 735/735/735 738/738/738 737/737/737
f 739/739/739 737/737/737 738/738/738
f 740/740/740 412/412/412 427/427/427
f 428/428/428 439/439/439 741/741/741
f 535/535/535 331/331/331 346/346/346
f 347/347/347 346/346/346 331/331/331
f 478/478/478 454/454/454 467/467/467
f 743/743/743 358/358/358 742/742/742
f 744/744/744 388/388/388 743/743/743
f 369/369/369 746/746/746 745/745/745
