g green_asn_m_pve_3_boots
v -0.341780007 0.166592002 0.0821620002
v -0.325303972 0.189817995 0.138648987
v -0.313670993 0.0835109949 0.123784997
v -0.312456995 0.192798004 0.135645002
v -0.301602006 0.0848369971 0.117435999
v -0.329174995 0.17094101 0.0731829926
v -0.256603986 0.019885499 0.144594997
v -0.294316977 0.123240992 0.224286988
v -0.241304502 0.0565164983 0.235517502
v -0.256603986 0.019885499 0.144594997
v -0.256643981 0.0220950004 0.136064991
v -0.19843398 0.0676380023 0.108798996
v -0.182879999 0.0721179992 0.106399
v -0.157668993 0.156939 0.0507239997
v -0.146127999 0.148074001 0.0551490001
v -0.139276996 0.170839995 0.11133799
v -0.151781991 0.179118991 0.109878995
v -0.15062499 0.179493994 0.179968998
v -0.157668993 0.156939 0.0507239997
v -0.171269 0.119846001 0.206825003
v -0.241304502 0.0565164983 0.235517502
v -0.256603986 0.019885499 0.144594997
v -0.18081899 0.152944997 0.19762899
v -0.163042992 0.185288996 0.178490996
v -0.151781991 0.179118991 0.109878995
v -0.163042992 0.185288996 0.178490996
v -0.312456995 0.192798004 0.135645002
v -0.329174995 0.17094101 0.0731829926
v -0.251499981 0.212292001 0.094641
v -0.203022987 0.215146005 0.0989760011
v -0.252536982 0.225104004 0.101989001
v -0.208687991 0.202620998 0.0914299935
v -0.208598986 0.226998985 0
v -0.252514005 0.233362988 0
v -0.179620981 0.153475001 0.106688
v -0.191788003 0.137984991 0.0991180018
v -0.186623991 0.164143011 0
v -0.300186008 0.142671004 0.111466996
v -0.294878989 0.138178989 0.103915997
v -0.309165984 0.161233008 0
v -0.335345 0.0529419966 0.0705410019
v -0.357174993 0.0626510009 0
v -0.36601299 0.000922000036 0
v -0.339762002 -0.0112469988 0.0613799989
v -0.237124994 0.208343998 0.191261992
v -0.300186008 0.142671004 0.111466996
v -0.273146987 0.163460001 0.208232984
v -0.301602006 0.0848369971 0.117435999
v -0.301602006 0.0848369971 0.117435999
v -0.256643981 0.0220950004 0.136064991
v -0.272742003 -0.0520129986 0.121610001
v -0.223849997 -0.0426700003 0.0965359956
v -0.285302997 -0.116326995 0.0835749954
v -0.236182988 -0.101375997 0.0443109982
v -0.294505 -0.159240991 0.0453919955
v -0.21063 0.0346939974 0.104935996
v -0.19843398 0.0676380023 0.108798996
v -0.189838991 0.0578579977 0
v -0.191788003 0.137984991 0.0991180018
v -0.186623991 0.164143011 0
v -0.183687985 -0.042936001 0
v -0.212612987 -0.0875770003 0
v -0.297242999 -0.166859001 0.0148080001
v -0.294505 -0.159240991 0.0453919955
v -0.287616998 -0.154147997 0.00191899994
v -0.329225004 -0.0809160024 0.0456859991
v -0.294505 -0.159240991 0.0453919955
v -0.297242999 -0.166859001 0.0148080001
v -0.348987997 -0.0564649999 0
v -0.294505 -0.159240991 0.0453919955
v -0.299273998 -0.148395985 0.000862999994
v -0.348987997 -0.0564649999 0
v -0.36601299 0.000922000036 0
v -0.297242999 -0.166859001 0.0148080001
v -0.287616998 -0.154147997 0.00191899994
v -0.299273998 -0.148395985 0.000862999994
v -0.132924005 0.165531009 0.185862988
v -0.113374002 0.20615299 0.191191003
v -0.117464997 0.211149007 0.191380993
v -0.113374002 0.20615299 0.191191003
v -0.12717399 0.161249012 0.188183993
v -0.149787992 0.129125997 0.198476002
v -0.14387399 0.126835003 0.20070298
v -0.139797002 0.129053995 0.224608988
v -0.147819996 0.134434998 0.226910993
v -0.117464997 0.211149007 0.191380993
v -0.153806001 0.112679996 0.235422984
v -0.146969005 0.108126 0.233678997
v -0.190358996 0.0652019978 0.270709008
v -0.189514995 0.0425449982 0.275123
v -0.204543993 0.0430459976 0.237987995
v -0.153519005 0.106957994 0.207935005
v -0.158288002 0.110777996 0.204832003
v -0.243089989 0.0137479994 0.251350999
v -0.241304502 0.0565164983 0.235517502
v -0.171269 0.119846001 0.206825003
v -0.158288002 0.110777996 0.204832003
v -0.273061991 0.0447529964 0.246012986
v -0.275790006 0.0436829999 0.287256986
v -0.230933979 0.00427599996 0.308346003
v -0.26266399 0.0260979999 0.317420006
v -0.209711492 0.000818500004 0.401317507
v -0.246436 0.0245709978 0.408941001
v -0.239887998 0.00380299985 0.426829964
v -0.209899992 -0.00997999962 0.407830983
v -0.205713987 -0.0268029999 0.440052986
v -0.231506988 -0.000814999978 0.473945975
v -0.197245002 -0.0185399987 0.478571981
v -0.192275003 -0.00634399988 0.488185972
v -0.166312993 -0.00804699957 0.461136013
v -0.154587999 0.0144400001 0.474271983
v -0.217734993 0.00538900029 0.493916005
v -0.185837984 -0.0097719999 0.508004963
v -0.266716003 0.0116009992 0.537488997
v -0.187740996 -0.0821549967 0.547122955
v -0.146182999 -0.0451630019 0.532450974
v -0.119491994 -0.0817769989 0.589887023
v -0.0881709903 -0.0250279997 0.562416971
v -0.0660500005 -0.0245159995 0.601338983
v -0.0612279959 0.0199699998 0.572027981
v -0.0486469977 -0.00245499983 0.649982989
v -0.0585299991 -0.0200049989 0.635117948
v -0.0617559999 -0.0166469999 0.642203987
v -0.051084999 0.00102899992 0.657898009
v -0.0612279959 0.0199699998 0.572027981
v -0.0923470035 -0.078263998 0.68186301
v -0.0685650036 -0.051947996 0.687800944
v -0.0617559999 -0.0166469999 0.642203987
v -0.0710010007 -0.0459670015 0.693467021
v -0.0946910009 -0.0734609962 0.688463986
v -0.102949999 -0.0974079967 0.722566962
v -0.104568005 -0.0913799927 0.728463948
v -0.123502992 -0.103483997 0.721702993
v -0.122802995 -0.109813005 0.715130985
v -0.152226999 -0.121355996 0.77729696
v -0.150181994 -0.111636996 0.783914983
v -0.164691001 -0.126684994 0.699703991
v -0.101097003 -0.0838129967 0.644698977
v -0.177336991 -0.125552997 0.629705966
v -0.221191987 -0.0950919986 0.611989975
v -0.232737005 -0.0849099979 0.671708941
v -0.198043004 -0.106820002 0.727717936
v -0.152226999 -0.121355996 0.77729696
v -0.236070991 -0.072958 0.703804016
v -0.213068008 -0.0945079997 0.739236951
v -0.195820004 -0.0999779999 0.733227968
v -0.208787993 -0.088402994 0.745438993
v -0.231049985 -0.0652979985 0.710138977
v -0.272399008 -0.0330329984 0.645807028
v -0.274431974 -0.0168519989 0.677640975
v -0.283767998 0.00664999988 0.686293006
v -0.268510997 -0.0108469995 0.683569014
v -0.257405996 -0.0465959981 0.717332959
v -0.251892 -0.0415869989 0.723639965
v -0.277630001 0.0115569998 0.694031954
v -0.231049985 -0.0652979985 0.710138977
v -0.293136984 0.0315879993 0.609883964
v -0.293136984 0.0315879993 0.609883964
v -0.259218007 -0.0439480022 0.594532967
v -0.302994996 0.0215409994 0.601846993
v -0.306143999 0.0404339954 0.595635951
v -0.307448983 0.0358809978 0.594736993
v -0.293463975 0.0346099995 0.558925986
v -0.292268008 0.0288239997 0.553303003
v -0.302994996 0.0215409994 0.601846993
v -0.293136984 0.0315879993 0.609883964
v -0.301515013 0.0755740032 0.498233974
v -0.309913993 0.0733479932 0.506981015
v -0.269915015 0.0244859997 0.493152976
v -0.306778997 0.060695 0.492327988
v -0.338880002 0.143560991 0.446281016
v -0.299419999 0.0876529962 0.347396016
v -0.351390988 0.167586997 0.441604972
v -0.335894018 0.151152 0.44749099
v -0.348965973 0.174015999 0.442165971
v -0.299671978 0.0842519999 0.498933971
v -0.310995013 0.081110999 0.510984957
v -0.299671978 0.0842519999 0.498933971
v -0.293463975 0.0346099995 0.558925986
v -0.252429992 0.0395300016 0.323244005
v -0.262814999 0.0495020002 0.301693976
v -0.294544995 0.0910189971 0.34355998
v -0.307901978 0.115228996 0.26027
v -0.313596994 0.112419002 0.260663986
v -0.312583983 0.110681996 0.233322993
v -0.294316977 0.123240992 0.224286988
v -0.339970022 0.17306 0.22259599
v -0.351703972 0.213633984 0.231965005
v -0.307901978 0.115228996 0.26027
v -0.347952008 0.220013991 0.230412006
v -0.334304005 0.175276995 0.218542993
v -0.321164995 0.144455001 0.223637
v -0.348965973 0.174015999 0.442165971
v -0.306143999 0.0404339954 0.595635951
v -0.195820004 -0.0999779999 0.733227968
v -0.152226999 -0.121355996 0.77729696
v -0.152226999 -0.121355996 0.77729696
v -0.150181994 -0.111636996 0.783914983
v -0.0509409979 0.0276900008 0.552080989
v -0.0777779967 0.0197579991 0.51829499
v -0.104802996 0.017022999 0.49712199
v -0.0728240013 0.0624819994 0.468366981
v -0.0792579949 0.0622359961 0.463722974
v -0.0800850019 0.0682479963 0.463182986
v -0.0702209994 0.0698179975 0.471088976
v -0.0777779967 0.0197579991 0.51829499
v -0.0867580026 0.0508339964 0.447713017
v -0.0800850019 0.0682479963 0.463182986
v -0.169852003 0.0220490005 0.399654001
v -0.171511993 -0.00442799972 0.419631004
v -0.193511993 0.0252160002 0.310764998
v -0.129767001 0.103500001 0.32800597
v -0.140965998 0.106612995 0.328863978
v -0.127351001 0.0968029946 0.327521026
v -0.0561449975 0.165134996 0.388870001
v -0.0678259954 0.142105997 0.398642987
v -0.070110999 0.149369001 0.400626987
v -0.0583139993 0.172479987 0.390565991
v -0.118767001 0.0817479938 0.398468018
v -0.0825039968 0.0947149992 0.44896999
v -0.0825039968 0.0947149992 0.44896999
v -0.0800850019 0.0682479963 0.463182986
v -0.129767001 0.103500001 0.32800597
v -0.0583139993 0.172479987 0.390565991
v -0.305765986 0.19259198 0.198390007
v -0.293710977 0.19455798 0.196007997
v -0.179620981 0.153475001 0.106688
v -0.194941998 0.195069999 0.188250989
v -0.18081899 0.152944997 0.19762899
v -0.168387994 0.194808006 0.190376997
v -0.194941998 0.195069999 0.188250989
v -0.18081899 0.152944997 0.19762899
v -0.214137986 0.233505994 0.188145995
v -0.237124994 0.208343998 0.191261992
v -0.20797199 0.218033001 0.303612977
v -0.271779001 0.230165005 0.198588997
v -0.237124994 0.208343998 0.191261992
v -0.273146987 0.163460001 0.208232984
v -0.258664995 0.210402995 0.310934991
v -0.309726983 0.193252996 0.211779997
v -0.293710977 0.19455798 0.196007997
v -0.273146987 0.163460001 0.208232984
v -0.294647008 0.166588992 0.322817981
v -0.307901978 0.115228996 0.26027
v -0.321164995 0.144455001 0.223637
v -0.305765986 0.19259198 0.198390007
v -0.281322002 0.093483001 0.338615
v -0.262814999 0.0495020002 0.301693976
v -0.301207006 0.121331997 0.423658967
v -0.306404978 0.175769001 0.424111992
v -0.296266973 0.166544989 0.490770966
v -0.281058997 0.0867789984 0.500629961
v -0.266751975 0.142903 0.552830994
v -0.223334 0.190451995 0.546454012
v -0.223316982 0.199406996 0.588841021
v -0.178020984 0.200620994 0.541193962
v -0.169911996 0.213835999 0.581142008
v -0.137779996 0.188304007 0.532848001
v -0.123725004 0.197910994 0.574833989
v -0.262041003 0.145850003 0.600022972
v -0.249097988 0.227874994 0.478609979
v -0.177973002 0.242901981 0.460126966
v -0.120902002 0.212905988 0.456651986
v -0.0892959982 0.154540002 0.459025979
v -0.102421999 0.143607989 0.525239944
v -0.0886729956 0.146664992 0.574207962
v -0.123725004 0.197910994 0.574833989
v -0.263148993 0.0860169977 0.555378973
v -0.260066003 0.0873759985 0.605069995
v -0.103836998 0.0813300014 0.532236993
v -0.0835599974 0.0814099982 0.578776002
v -0.105890997 0.0751179978 0.474467009
v -0.105890997 0.0751179978 0.474467009
v -0.122726999 0.0298519991 0.587677956
v -0.136351988 0.0440419987 0.530571997
v -0.105890997 0.0751179978 0.474467009
v -0.234281987 0.0390990004 0.603599966
v -0.237339988 0.0432900004 0.529567957
v -0.281058997 0.0867789984 0.500629961
v -0.100524992 0.118881993 0.401749969
v -0.0979349986 0.158050001 0.403795987
v -0.123188995 0.217638999 0.400345981
v -0.138778001 0.142532989 0.312730998
v -0.162083 0.189798996 0.304342985
v -0.147819996 0.134434998 0.226910993
v -0.195013002 0.247200996 0.357440978
v -0.264512002 0.233229995 0.367235988
v -0.262129009 0.244177997 0.410769999
v -0.184564993 0.257234007 0.401074976
v -0.153806001 0.112679996 0.235422984
v -0.140965998 0.106612995 0.328863978
v -0.149787992 0.129125997 0.198476002
v -0.171269 0.119846001 0.206825003
v -0.158288002 0.110777996 0.204832003
v -0.140965998 0.106612995 0.328863978
v -0.190358996 0.0652019978 0.270709008
v -0.321164995 0.144455001 0.223637
v -0.294316977 0.123240992 0.224286988
v -0.293710977 0.19455798 0.196007997
v -0.305765986 0.19259198 0.198390007
v -0.186623991 0.164143011 0
v -0.252514005 0.233362988 0
v -0.309165984 0.161233008 0
v -0.208598986 0.226998985 0
v -0.189838991 0.0578579977 0
v -0.357174993 0.0626510009 0
v -0.36601299 0.000922000036 0
v -0.183687985 -0.042936001 0
v -0.348987997 -0.0564649999 0
v -0.212612987 -0.0875770003 0
v -0.299273998 -0.148395985 0.000862999994
v -0.287616998 -0.154147997 0.00191899994
v -0.312456995 0.192798004 0.135645002
v -0.273146987 0.163460001 0.208232984
v -0.293710977 0.19455798 0.196007997
v -0.300186008 0.142671004 0.111466996
v -0.329174995 0.17094101 0.0731829926
v -0.300186008 0.142671004 0.111466996
v -0.301602006 0.0848369971 0.117435999
v -0.179620981 0.153475001 0.106688
v -0.157668993 0.156939 0.0507239997
v -0.151781991 0.179118991 0.109878995
v -0.163042992 0.185288996 0.178490996
v -0.191788003 0.137984991 0.0991180018
v -0.19843398 0.0676380023 0.108798996
v -0.18081899 0.152944997 0.19762899
v -0.301207006 0.121331997 0.423658967
v -0.335894018 0.151152 0.44749099
v -0.348965973 0.174015999 0.442165971
v -0.299671978 0.0842519999 0.498933971
v -0.294544995 0.0910189971 0.34355998
v -0.281322002 0.093483001 0.338615
v -0.262814999 0.0495020002 0.301693976
v -0.293463975 0.0346099995 0.558925986
v -0.310995013 0.081110999 0.510984957
v -0.237339988 0.0432900004 0.529567957
v -0.234281987 0.0390990004 0.603599966
v -0.293136984 0.0315879993 0.609883964
v -0.301207006 0.121331997 0.423658967
v -0.281058997 0.0867789984 0.500629961
v -0.237339988 0.0432900004 0.529567957
v -0.306143999 0.0404339954 0.595635951
v -0.293136984 0.0315879993 0.609883964
v -0.334304005 0.175276995 0.218542993
v -0.307901978 0.115228996 0.26027
v -0.347952008 0.220013991 0.230412006
v -0.307901978 0.115228996 0.26027
v -0.321164995 0.144455001 0.223637
v -0.136351988 0.0440419987 0.530571997
v -0.105890997 0.0751179978 0.474467009
v -0.0702209994 0.0698179975 0.471088976
v -0.105890997 0.0751179978 0.474467009
v -0.0800850019 0.0682479963 0.463182986
v -0.0777779967 0.0197579991 0.51829499
v -0.122726999 0.0298519991 0.587677956
v -0.0509409979 0.0276900008 0.552080989
v -0.0612279959 0.0199699998 0.572027981
v -0.0702209994 0.0698179975 0.471088976
v -0.0825039968 0.0947149992 0.44896999
v -0.105890997 0.0751179978 0.474467009
v -0.105890997 0.0751179978 0.474467009
v -0.100524992 0.118881993 0.401749969
v -0.070110999 0.149369001 0.400626987
v -0.0583139993 0.172479987 0.390565991
v -0.129767001 0.103500001 0.32800597
v -0.100524992 0.118881993 0.401749969
v -0.140965998 0.106612995 0.328863978
v -0.227213994 0.146708995 0.59799701
v -0.223316982 0.199406996 0.588841021
v -0.201812983 0.165711001 0.594015956
v -0.262041003 0.145850003 0.600022972
v -0.169911996 0.213835999 0.581142008
v -0.166896984 0.171466008 0.586492956
v -0.123725004 0.197910994 0.574833989
v -0.140004992 0.157738999 0.578871012
v -0.0886729956 0.146664992 0.574207962
v -0.125082999 0.125741988 0.572185993
v -0.0835599974 0.0814099982 0.578776002
v -0.123314999 0.0805490017 0.567224979
v -0.122726999 0.0298519991 0.587677956
v -0.156684995 0.0541789979 0.573614001
v -0.239817008 0.116187997 0.597847998
v -0.260066003 0.0873759985 0.605069995
v -0.237655997 0.0702930018 0.592724979
v -0.234281987 0.0390990004 0.603599966
v -0.183090985 0.0316930003 0.576663017
v -0.166826993 -0.0460680015 0.669242978
v -0.0617559999 -0.0166469999 0.642203987
v -0.207828 0.0343259983 0.582180977
v -0.234281987 0.0390990004 0.603599966
v -0.0612279959 0.0199699998 0.572027981
v -0.268510997 -0.0108469995 0.683569014
v -0.293136984 0.0315879993 0.609883964
v -0.277630001 0.0115569998 0.694031954
v -0.051084999 0.00102899992 0.657898009
v -0.0946910009 -0.0734609962 0.688463986
v -0.0710010007 -0.0459670015 0.693467021
v -0.123502992 -0.103483997 0.721702993
v -0.150181994 -0.111636996 0.783914983
v -0.195820004 -0.0999779999 0.733227968
v -0.104568005 -0.0913799927 0.728463948
v -0.231049985 -0.0652979985 0.710138977
v -0.251892 -0.0415869989 0.723639965
v -0.208787993 -0.088402994 0.745438993
v -0.132924005 0.165531009 0.185862988
v -0.147819996 0.134434998 0.226910993
v -0.149787992 0.129125997 0.198476002
v -0.117464997 0.211149007 0.191380993
v 0.341780007 0.166592002 0.0821620002
v 0.313670993 0.0835109949 0.123784997
v 0.325303972 0.189817995 0.138648987
v 0.312456995 0.192798004 0.135645002
v 0.301602006 0.0848369971 0.117435999
v 0.329174995 0.17094101 0.0731829926
v 0.256603986 0.019885499 0.144594997
v 0.294316977 0.123240992 0.224286988
v 0.241304502 0.0565164983 0.235517502
v 0.256603986 0.019885499 0.144594997
v 0.256643981 0.0220950004 0.136064991
v 0.19843398 0.0676380023 0.108798996
v 0.182879999 0.0721179992 0.106399
v 0.157668993 0.156939 0.0507239997
v 0.146127999 0.148074001 0.0551490001
v 0.139276996 0.170839995 0.11133799
v 0.151781991 0.179118991 0.109878995
v 0.15062499 0.179493994 0.179968998
v 0.157668993 0.156939 0.0507239997
v 0.171269 0.119846001 0.206825003
v 0.241304502 0.0565164983 0.235517502
v 0.256603986 0.019885499 0.144594997
v 0.18081899 0.152944997 0.19762899
v 0.163042992 0.185288996 0.178490996
v 0.151781991 0.179118991 0.109878995
v 0.163042992 0.185288996 0.178490996
v 0.312456995 0.192798004 0.135645002
v 0.329174995 0.17094101 0.0731829926
v 0.251499981 0.212292001 0.094641
v 0.203022987 0.215146005 0.0989760011
v 0.208687991 0.202620998 0.0914299935
v 0.252536982 0.225104004 0.101989001
v 0.208598986 0.226998985 0
v 0.252514005 0.233362988 0
v 0.179620981 0.153475001 0.106688
v 0.191788003 0.137984991 0.0991180018
v 0.186623991 0.164143011 0
v 0.300186008 0.142671004 0.111466996
v 0.294878989 0.138178989 0.103915997
v 0.309165984 0.161233008 0
v 0.335345 0.0529419966 0.0705410019
v 0.357174993 0.0626510009 0
v 0.36601299 0.000922000036 0
v 0.339762002 -0.0112469988 0.0613799989
v 0.237124994 0.208343998 0.191261992
v 0.300186008 0.142671004 0.111466996
v 0.273146987 0.163460001 0.208232984
v 0.301602006 0.0848369971 0.117435999
v 0.301602006 0.0848369971 0.117435999
v 0.256643981 0.0220950004 0.136064991
v 0.272742003 -0.0520129986 0.121610001
v 0.223849997 -0.0426700003 0.0965359956
v 0.285302997 -0.116326995 0.0835749954
v 0.236182988 -0.101375997 0.0443109982
v 0.294505 -0.159240991 0.0453919955
v 0.21063 0.0346939974 0.104935996
v 0.19843398 0.0676380023 0.108798996
v 0.189838991 0.0578579977 0
v 0.191788003 0.137984991 0.0991180018
v 0.186623991 0.164143011 0
v 0.183687985 -0.042936001 0
v 0.212612987 -0.0875770003 0
v 0.297242999 -0.166859001 0.0148080001
v 0.294505 -0.159240991 0.0453919955
v 0.287616998 -0.154147997 0.00191899994
v 0.329225004 -0.0809160024 0.0456859991
v 0.294505 -0.159240991 0.0453919955
v 0.297242999 -0.166859001 0.0148080001
v 0.294505 -0.159240991 0.0453919955
v 0.348987997 -0.0564649999 0
v 0.299273998 -0.148395985 0.000862999994
v 0.348987997 -0.0564649999 0
v 0.36601299 0.000922000036 0
v 0.297242999 -0.166859001 0.0148080001
v 0.299273998 -0.148395985 0.000862999994
v 0.287616998 -0.154147997 0.00191899994
v 0.132924005 0.165531009 0.185862988
v 0.113374002 0.20615299 0.191191003
v 0.12717399 0.161249012 0.188183993
v 0.149787992 0.129125997 0.198476002
v 0.14387399 0.126835003 0.20070298
v 0.139797002 0.129053995 0.224608988
v 0.147819996 0.134434998 0.226910993
v 0.117464997 0.211149007 0.191380993
v 0.153806001 0.112679996 0.235422984
v 0.146969005 0.108126 0.233678997
v 0.190358996 0.0652019978 0.270709008
v 0.189514995 0.0425449982 0.275123
v 0.204543993 0.0430459976 0.237987995
v 0.153519005 0.106957994 0.207935005
v 0.158288002 0.110777996 0.204832003
v 0.243089989 0.0137479994 0.251350999
v 0.241304502 0.0565164983 0.235517502
v 0.171269 0.119846001 0.206825003
v 0.158288002 0.110777996 0.204832003
v 0.273061991 0.0447529964 0.246012986
v 0.275790006 0.0436829999 0.287256986
v 0.230933979 0.00427599996 0.308346003
v 0.26266399 0.0260979999 0.317420006
v 0.209711492 0.000818500004 0.401317507
v 0.246436 0.0245709978 0.408941001
v 0.239887998 0.00380299985 0.426829964
v 0.209899992 -0.00997999962 0.407830983
v 0.205713987 -0.0268029999 0.440052986
v 0.231506988 -0.000814999978 0.473945975
v 0.197245002 -0.0185399987 0.478571981
v 0.192275003 -0.00634399988 0.488185972
v 0.166312993 -0.00804699957 0.461136013
v 0.154587999 0.0144400001 0.474271983
v 0.217734993 0.00538900029 0.493916005
v 0.185837984 -0.0097719999 0.508004963
v 0.266716003 0.0116009992 0.537488997
v 0.187740996 -0.0821549967 0.547122955
v 0.146182999 -0.0451630019 0.532450974
v 0.119491994 -0.0817769989 0.589887023
v 0.0881709903 -0.0250279997 0.562416971
v 0.0660500005 -0.0245159995 0.601338983
v 0.0612279959 0.0199699998 0.572027981
v 0.0486469977 -0.00245499983 0.649982989
v 0.0585299991 -0.0200049989 0.635117948
v 0.0617559999 -0.0166469999 0.642203987
v 0.051084999 0.00102899992 0.657898009
v 0.0612279959 0.0199699998 0.572027981
v 0.0923470035 -0.078263998 0.68186301
v 0.0685650036 -0.051947996 0.687800944
v 0.0617559999 -0.0166469999 0.642203987
v 0.0710010007 -0.0459670015 0.693467021
v 0.0946910009 -0.0734609962 0.688463986
v 0.102949999 -0.0974079967 0.722566962
v 0.104568005 -0.0913799927 0.728463948
v 0.123502992 -0.103483997 0.721702993
v 0.122802995 -0.109813005 0.715130985
v 0.152226999 -0.121355996 0.77729696
v 0.150181994 -0.111636996 0.783914983
v 0.164691001 -0.126684994 0.699703991
v 0.101097003 -0.0838129967 0.644698977
v 0.177336991 -0.125552997 0.629705966
v 0.221191987 -0.0950919986 0.611989975
v 0.232737005 -0.0849099979 0.671708941
v 0.198043004 -0.106820002 0.727717936
v 0.152226999 -0.121355996 0.77729696
v 0.236070991 -0.072958 0.703804016
v 0.213068008 -0.0945079997 0.739236951
v 0.195820004 -0.0999779999 0.733227968
v 0.208787993 -0.088402994 0.745438993
v 0.231049985 -0.0652979985 0.710138977
v 0.272399008 -0.0330329984 0.645807028
v 0.274431974 -0.0168519989 0.677640975
v 0.283767998 0.00664999988 0.686293006
v 0.268510997 -0.0108469995 0.683569014
v 0.257405996 -0.0465959981 0.717332959
v 0.251892 -0.0415869989 0.723639965
v 0.277630001 0.0115569998 0.694031954
v 0.231049985 -0.0652979985 0.710138977
v 0.293136984 0.0315879993 0.609883964
v 0.293136984 0.0315879993 0.609883964
v 0.259218007 -0.0439480022 0.594532967
v 0.306143999 0.0404339954 0.595635951
v 0.302994996 0.0215409994 0.601846993
v 0.307448983 0.0358809978 0.594736993
v 0.293463975 0.0346099995 0.558925986
v 0.306143999 0.0404339954 0.595635951
v 0.293463975 0.0346099995 0.558925986
v 0.292268008 0.0288239997 0.553303003
v 0.302994996 0.0215409994 0.601846993
v 0.293136984 0.0315879993 0.609883964
v 0.301515013 0.0755740032 0.498233974
v 0.309913993 0.0733479932 0.506981015
v 0.269915015 0.0244859997 0.493152976
v 0.306778997 0.060695 0.492327988
v 0.338880002 0.143560991 0.446281016
v 0.299419999 0.0876529962 0.347396016
v 0.351390988 0.167586997 0.441604972
v 0.335894018 0.151152 0.44749099
v 0.348965973 0.174015999 0.442165971
v 0.299671978 0.0842519999 0.498933971
v 0.310995013 0.081110999 0.510984957
v 0.299671978 0.0842519999 0.498933971
v 0.252429992 0.0395300016 0.323244005
v 0.262814999 0.0495020002 0.301693976
v 0.294544995 0.0910189971 0.34355998
v 0.307901978 0.115228996 0.26027
v 0.313596994 0.112419002 0.260663986
v 0.312583983 0.110681996 0.233322993
v 0.294316977 0.123240992 0.224286988
v 0.339970022 0.17306 0.22259599
v 0.351703972 0.213633984 0.231965005
v 0.347952008 0.220013991 0.230412006
v 0.334304005 0.175276995 0.218542993
v 0.321164995 0.144455001 0.223637
v 0.348965973 0.174015999 0.442165971
v 0.113374002 0.20615299 0.191191003
v 0.117464997 0.211149007 0.191380993
v 0.195820004 -0.0999779999 0.733227968
v 0.152226999 -0.121355996 0.77729696
v 0.150181994 -0.111636996 0.783914983
v 0.152226999 -0.121355996 0.77729696
v 0.0509409979 0.0276900008 0.552080989
v 0.0777779967 0.0197579991 0.51829499
v 0.104802996 0.017022999 0.49712199
v 0.0728240013 0.0624819994 0.468366981
v 0.0792579949 0.0622359961 0.463722974
v 0.0800850019 0.0682479963 0.463182986
v 0.0702209994 0.0698179975 0.471088976
v 0.0777779967 0.0197579991 0.51829499
v 0.0867580026 0.0508339964 0.447713017
v 0.0800850019 0.0682479963 0.463182986
v 0.169852003 0.0220490005 0.399654001
v 0.171511993 -0.00442799972 0.419631004
v 0.193511993 0.0252160002 0.310764998
v 0.129767001 0.103500001 0.32800597
v 0.140965998 0.106612995 0.328863978
v 0.127351001 0.0968029946 0.327521026
v 0.0561449975 0.165134996 0.388870001
v 0.0678259954 0.142105997 0.398642987
v 0.070110999 0.149369001 0.400626987
v 0.0583139993 0.172479987 0.390565991
v 0.118767001 0.0817479938 0.398468018
v 0.0825039968 0.0947149992 0.44896999
v 0.0800850019 0.0682479963 0.463182986
v 0.0825039968 0.0947149992 0.44896999
v 0.129767001 0.103500001 0.32800597
v 0.0583139993 0.172479987 0.390565991
v 0.305765986 0.19259198 0.198390007
v 0.293710977 0.19455798 0.196007997
v 0.179620981 0.153475001 0.106688
v 0.194941998 0.195069999 0.188250989
v 0.18081899 0.152944997 0.19762899
v 0.168387994 0.194808006 0.190376997
v 0.18081899 0.152944997 0.19762899
v 0.194941998 0.195069999 0.188250989
v 0.214137986 0.233505994 0.188145995
v 0.237124994 0.208343998 0.191261992
v 0.20797199 0.218033001 0.303612977
v 0.271779001 0.230165005 0.198588997
v 0.237124994 0.208343998 0.191261992
v 0.273146987 0.163460001 0.208232984
v 0.258664995 0.210402995 0.310934991
v 0.309726983 0.193252996 0.211779997
v 0.293710977 0.19455798 0.196007997
v 0.273146987 0.163460001 0.208232984
v 0.294647008 0.166588992 0.322817981
v 0.307901978 0.115228996 0.26027
v 0.321164995 0.144455001 0.223637
v 0.305765986 0.19259198 0.198390007
v 0.281322002 0.093483001 0.338615
v 0.262814999 0.0495020002 0.301693976
v 0.301207006 0.121331997 0.423658967
v 0.306404978 0.175769001 0.424111992
v 0.296266973 0.166544989 0.490770966
v 0.281058997 0.0867789984 0.500629961
v 0.266751975 0.142903 0.552830994
v 0.223334 0.190451995 0.546454012
v 0.223316982 0.199406996 0.588841021
v 0.178020984 0.200620994 0.541193962
v 0.169911996 0.213835999 0.581142008
v 0.137779996 0.188304007 0.532848001
v 0.123725004 0.197910994 0.574833989
v 0.262041003 0.145850003 0.600022972
v 0.249097988 0.227874994 0.478609979
v 0.177973002 0.242901981 0.460126966
v 0.120902002 0.212905988 0.456651986
v 0.0892959982 0.154540002 0.459025979
v 0.102421999 0.143607989 0.525239944
v 0.0886729956 0.146664992 0.574207962
v 0.123725004 0.197910994 0.574833989
v 0.263148993 0.0860169977 0.555378973
v 0.260066003 0.0873759985 0.605069995
v 0.103836998 0.0813300014 0.532236993
v 0.0835599974 0.0814099982 0.578776002
v 0.105890997 0.0751179978 0.474467009
v 0.105890997 0.0751179978 0.474467009
v 0.122726999 0.0298519991 0.587677956
v 0.136351988 0.0440419987 0.530571997
v 0.105890997 0.0751179978 0.474467009
v 0.234281987 0.0390990004 0.603599966
v 0.237339988 0.0432900004 0.529567957
v 0.281058997 0.0867789984 0.500629961
v 0.100524992 0.118881993 0.401749969
v 0.0979349986 0.158050001 0.403795987
v 0.123188995 0.217638999 0.400345981
v 0.138778001 0.142532989 0.312730998
v 0.162083 0.189798996 0.304342985
v 0.147819996 0.134434998 0.226910993
v 0.195013002 0.247200996 0.357440978
v 0.264512002 0.233229995 0.367235988
v 0.262129009 0.244177997 0.410769999
v 0.184564993 0.257234007 0.401074976
v 0.153806001 0.112679996 0.235422984
v 0.140965998 0.106612995 0.328863978
v 0.149787992 0.129125997 0.198476002
v 0.171269 0.119846001 0.206825003
v 0.158288002 0.110777996 0.204832003
v 0.140965998 0.106612995 0.328863978
v 0.190358996 0.0652019978 0.270709008
v 0.321164995 0.144455001 0.223637
v 0.294316977 0.123240992 0.224286988
v 0.293710977 0.19455798 0.196007997
v 0.305765986 0.19259198 0.198390007
v 0.186623991 0.164143011 0
v 0.252514005 0.233362988 0
v 0.208598986 0.226998985 0
v 0.309165984 0.161233008 0
v 0.189838991 0.0578579977 0
v 0.357174993 0.0626510009 0
v 0.36601299 0.000922000036 0
v 0.183687985 -0.042936001 0
v 0.348987997 -0.0564649999 0
v 0.212612987 -0.0875770003 0
v 0.299273998 -0.148395985 0.000862999994
v 0.287616998 -0.154147997 0.00191899994
v 0.312456995 0.192798004 0.135645002
v 0.293710977 0.19455798 0.196007997
v 0.273146987 0.163460001 0.208232984
v 0.300186008 0.142671004 0.111466996
v 0.329174995 0.17094101 0.0731829926
v 0.300186008 0.142671004 0.111466996
v 0.301602006 0.0848369971 0.117435999
v 0.179620981 0.153475001 0.106688
v 0.151781991 0.179118991 0.109878995
v 0.157668993 0.156939 0.0507239997
v 0.163042992 0.185288996 0.178490996
v 0.191788003 0.137984991 0.0991180018
v 0.19843398 0.0676380023 0.108798996
v 0.18081899 0.152944997 0.19762899
v 0.301207006 0.121331997 0.423658967
v 0.348965973 0.174015999 0.442165971
v 0.335894018 0.151152 0.44749099
v 0.299671978 0.0842519999 0.498933971
v 0.294544995 0.0910189971 0.34355998
v 0.281322002 0.093483001 0.338615
v 0.262814999 0.0495020002 0.301693976
v 0.293463975 0.0346099995 0.558925986
v 0.310995013 0.081110999 0.510984957
v 0.237339988 0.0432900004 0.529567957
v 0.234281987 0.0390990004 0.603599966
v 0.293136984 0.0315879993 0.609883964
v 0.281058997 0.0867789984 0.500629961
v 0.301207006 0.121331997 0.423658967
v 0.237339988 0.0432900004 0.529567957
v 0.306143999 0.0404339954 0.595635951
v 0.293136984 0.0315879993 0.609883964
v 0.334304005 0.175276995 0.218542993
v 0.307901978 0.115228996 0.26027
v 0.321164995 0.144455001 0.223637
v 0.307901978 0.115228996 0.26027
v 0.347952008 0.220013991 0.230412006
v 0.136351988 0.0440419987 0.530571997
v 0.0702209994 0.0698179975 0.471088976
v 0.105890997 0.0751179978 0.474467009
v 0.105890997 0.0751179978 0.474467009
v 0.0800850019 0.0682479963 0.463182986
v 0.122726999 0.0298519991 0.587677956
v 0.0777779967 0.0197579991 0.51829499
v 0.0509409979 0.0276900008 0.552080989
v 0.0612279959 0.0199699998 0.572027981
v 0.0702209994 0.0698179975 0.471088976
v 0.0825039968 0.0947149992 0.44896999
v 0.105890997 0.0751179978 0.474467009
v 0.100524992 0.118881993 0.401749969
v 0.105890997 0.0751179978 0.474467009
v 0.070110999 0.149369001 0.400626987
v 0.0583139993 0.172479987 0.390565991
v 0.129767001 0.103500001 0.32800597
v 0.140965998 0.106612995 0.328863978
v 0.100524992 0.118881993 0.401749969
v 0.227213994 0.146708995 0.59799701
v 0.223316982 0.199406996 0.588841021
v 0.262041003 0.145850003 0.600022972
v 0.201812983 0.165711001 0.594015956
v 0.169911996 0.213835999 0.581142008
v 0.166896984 0.171466008 0.586492956
v 0.123725004 0.197910994 0.574833989
v 0.140004992 0.157738999 0.578871012
v 0.0886729956 0.146664992 0.574207962
v 0.125082999 0.125741988 0.572185993
v 0.0835599974 0.0814099982 0.578776002
v 0.123314999 0.0805490017 0.567224979
v 0.122726999 0.0298519991 0.587677956
v 0.156684995 0.0541789979 0.573614001
v 0.239817008 0.116187997 0.597847998
v 0.260066003 0.0873759985 0.605069995
v 0.237655997 0.0702930018 0.592724979
v 0.234281987 0.0390990004 0.603599966
v 0.183090985 0.0316930003 0.576663017
v 0.166826993 -0.0460680015 0.669242978
v 0.0617559999 -0.0166469999 0.642203987
v 0.207828 0.0343259983 0.582180977
v 0.234281987 0.0390990004 0.603599966
v 0.0612279959 0.0199699998 0.572027981
v 0.268510997 -0.0108469995 0.683569014
v 0.293136984 0.0315879993 0.609883964
v 0.277630001 0.0115569998 0.694031954
v 0.051084999 0.00102899992 0.657898009
v 0.0946910009 -0.0734609962 0.688463986
v 0.0710010007 -0.0459670015 0.693467021
v 0.123502992 -0.103483997 0.721702993
v 0.150181994 -0.111636996 0.783914983
v 0.195820004 -0.0999779999 0.733227968
v 0.104568005 -0.0913799927 0.728463948
v 0.231049985 -0.0652979985 0.710138977
v 0.251892 -0.0415869989 0.723639965
v 0.208787993 -0.088402994 0.745438993
v 0.132924005 0.165531009 0.185862988
v 0.147819996 0.134434998 0.226910993
v 0.117464997 0.211149007 0.191380993
v 0.149787992 0.129125997 0.198476002
vt 0.713789701 0.03712653
vt 0.712741196 0.124208286
vt 0.780314207 0.0552693792
vt 0.703693748 0.127753124
vt 0.782580793 0.0370903164
vt 0.707915545 0.0236110333
vt 0.840884805 0.0620582998
vt 0.780069768 0.211873516
vt 0.841828287 0.203669444
vt 0.840884805 0.0620582998
vt 0.841087341 0.0514366515
vt 0.899169207 0.0390456505
vt 0.908594847 0.0507732034
vt 0.982909381 0.0235816557
vt 0.97674197 0.0349376164
vt 0.976782858 0.117862664
vt 0.98663646 0.122381017
vt 0.960415423 0.208168015
vt 0.982909381 0.0235816557
vt 0.912484825 0.210697591
vt 0.841828287 0.203669444
vt 0.840884805 0.0620582998
vt 0.934970438 0.237009734
vt 0.965645134 0.221000165
vt 0.98663646 0.122381017
vt 0.965645134 0.221000165
vt 0.703693748 0.127753124
vt 0.707915545 0.0236110333
vt 0.360968322 0.82450664
vt 0.367922068 0.892435074
vt 0.368770719 0.829757333
vt 0.358340323 0.89608711
vt 0.291763574 0.881141841
vt 0.292819262 0.819541335
vt 0.377313286 0.980297089
vt 0.366905808 0.994425297
vt 0.296334356 0.973949015
vt 0.386064112 0.705611587
vt 0.379283458 0.701118052
vt 0.303575307 0.691860855
vt 0.368576437 0.560908139
vt 0.317095608 0.536988616
vt 0.330402195 0.444902658
vt 0.375622451 0.472322971
vt 0.432624072 0.847581744
vt 0.386064112 0.705611587
vt 0.450304329 0.770770311
vt 0.398716509 0.631602645
vt 0.398716509 0.631602645
vt 0.446806103 0.567978382
vt 0.442012697 0.464660645
vt 0.476719677 0.466353148
vt 0.437291056 0.367888331
vt 0.479657143 0.356868327
vt 0.433205366 0.296871424
vt 0.490628421 0.570671618
vt 0.499845386 0.616257787
vt 0.566554487 0.534039378
vt 0.528818965 0.698800147
vt 0.5995031 0.669225633
vt 0.539107382 0.395349771
vt 0.510334253 0.326192528
vt 0.431373477 0.266974986
vt 0.433205366 0.296871424
vt 0.438516796 0.254916131
vt 0.392359644 0.378810704
vt 0.433205366 0.296871424
vt 0.431373477 0.266974986
vt 0.356510639 0.362119704
vt 0.433205366 0.296871424
vt 0.420421988 0.257210195
vt 0.356510639 0.362119704
vt 0.330402195 0.444902658
vt 0.431373477 0.266974986
vt 0.438516796 0.254916131
vt 0.420421988 0.257210195
vt 0.288965642 0.0202684905
vt 0.321442485 0.0182747878
vt 0.324352324 0.0158648863
vt 0.321442485 0.0182747878
vt 0.289163977 0.0303524733
vt 0.262476116 0.0508131348
vt 0.264817834 0.0592810065
vt 0.271529287 0.0911569819
vt 0.276658803 0.100869253
vt 0.324352324 0.0158648863
vt 0.262850672 0.121257603
vt 0.258912027 0.112324737
vt 0.229586527 0.192980409
vt 0.214739323 0.203252643
vt 0.201865777 0.147359923
vt 0.251043886 0.0770363137
vt 0.248843983 0.0667915344
vt 0.174421668 0.175750062
vt 0.175949216 0.113380164
vt 0.24036099 0.0496524312
vt 0.248843983 0.0667915344
vt 0.153525874 0.143069386
vt 0.141062185 0.19746615
vt 0.175623327 0.253122419
vt 0.149370864 0.248929858
vt 0.174344495 0.387482166
vt 0.139382944 0.38007465
vt 0.147462919 0.416556746
vt 0.173123628 0.403780967
vt 0.171862707 0.451135665
vt 0.145971417 0.489663661
vt 0.172770485 0.503225446
vt 0.175486729 0.523646295
vt 0.196680158 0.487905443
vt 0.210590303 0.511888504
vt 0.152424738 0.52442199
vt 0.17797634 0.555593252
vt 0.107736416 0.560526013
vt 0.170348093 0.666195691
vt 0.201631516 0.631080687
vt 0.207296193 0.734407604
vt 0.245023802 0.675310731
vt 0.258483022 0.735535085
vt 0.282673836 0.6769526
vt 0.283774853 0.79420191
vt 0.267219335 0.781955123
vt 0.269737422 0.793226242
vt 0.287419856 0.803920031
vt 0.282673836 0.6769526
vt 0.223360389 0.86379981
vt 0.248790264 0.863167822
vt 0.269737422 0.793226242
vt 0.252386153 0.871939123
vt 0.225678504 0.875790477
vt 0.204295397 0.919662952
vt 0.20652853 0.929663718
vt 0.18856746 0.924935043
vt 0.187218398 0.911002994
vt 0.152241647 0.983828962
vt 0.151891947 0.995583415
vt 0.157419056 0.879813731
vt 0.216094896 0.812778115
vt 0.160833538 0.789403081
vt 0.136664569 0.739097297
vt 0.109882399 0.803585887
vt 0.124865405 0.899902284
vt 0.152241647 0.983828962
vt 0.0932717919 0.836422682
vt 0.108362183 0.899973512
vt 0.121496439 0.912099063
vt 0.104968987 0.910398424
vt 0.0878133997 0.849038363
vt 0.079910025 0.722656906
vt 0.0591717213 0.749523997
vt 0.0415317118 0.733644664
vt 0.0528460965 0.758061528
vt 0.0679108724 0.823470473
vt 0.0636345819 0.832739711
vt 0.0352941789 0.740892351
vt 0.0878133997 0.849038363
vt 0.0565930158 0.620721757
vt 0.0565930158 0.620721757
vt 0.108396016 0.673295319
vt 0.0599852428 0.602161586
vt 0.05324132 0.582712471
vt 0.055994276 0.584148288
vt 0.0807864144 0.568139434
vt 0.0856254399 0.565615714
vt 0.0599852428 0.602161586
vt 0.0565930158 0.620721757
vt 0.0674763992 0.475435913
vt 0.0620572828 0.487919837
vt 0.111094058 0.495577097
vt 0.0769799203 0.471386015
vt 0.0264961515 0.372571796
vt 0.0917918459 0.267737001
vt 0.00875431858 0.356238812
vt 0.0206719916 0.375590235
vt 0.00449611526 0.3555893
vt 0.0623653978 0.470639229
vt 0.0559400618 0.487414181
vt 0.0623653978 0.470639229
vt 0.0807864144 0.568139434
vt 0.139064133 0.256484747
vt 0.134267926 0.22174947
vt 0.0911995769 0.258040667
vt 0.100400865 0.115511395
vt 0.103385665 0.109410502
vt 0.111750335 0.0744889975
vt 0.11912109 0.0454133376
vt 0.0653391927 0.0400407612
vt 0.0345845968 0.0370583013
vt 0.100400865 0.115511395
vt 0.0304595456 0.033980757
vt 0.0662582815 0.0309250318
vt 0.0914285108 0.0444535986
vt 0.00449611526 0.3555893
vt 0.05324132 0.582712471
vt 0.121496439 0.912099063
vt 0.152241647 0.983828962
vt 0.152241647 0.983828962
vt 0.151891947 0.995583415
vt 0.287393838 0.640690863
vt 0.263681591 0.59302175
vt 0.244031176 0.557225406
vt 0.280506104 0.507323265
vt 0.276370138 0.499502182
vt 0.280152917 0.495382488
vt 0.286213577 0.506756246
vt 0.263681591 0.59302175
vt 0.266302705 0.482335985
vt 0.280152917 0.495382488
vt 0.210611463 0.394823164
vt 0.197868004 0.429012746
vt 0.203790978 0.260737151
vt 0.274941891 0.281223476
vt 0.27591309 0.268651187
vt 0.27087751 0.288047642
vt 0.341028094 0.370201468
vt 0.323263913 0.385791123
vt 0.328486681 0.389056206
vt 0.345898807 0.370212018
vt 0.267271459 0.390178412
vt 0.297441363 0.472052842
vt 0.297441363 0.472052842
vt 0.280152917 0.495382488
vt 0.274941891 0.281223476
vt 0.345898807 0.370212018
vt 0.726204872 0.208904132
vt 0.717856288 0.215780944
vt 0.377313286 0.980297089
vt 0.431931406 0.91056329
vt 0.440999717 0.9722417
vt 0.778145969 0.378382385
vt 0.790867507 0.351212293
vt 0.757801354 0.335199982
vt 0.815024734 0.372808844
vt 0.826499343 0.334643245
vt 0.817007542 0.529784441
vt 0.850129902 0.372823596
vt 0.826499343 0.334643245
vt 0.865098715 0.289615214
vt 0.859926999 0.52968049
vt 0.885623813 0.375155091
vt 0.872509718 0.345959395
vt 0.865098715 0.289615214
vt 0.904969037 0.537230372
vt 0.93881166 0.441482395
vt 0.919587076 0.388845533
vt 0.882587254 0.356758028
vt 0.959167242 0.551801383
vt 0.992944121 0.502594471
vt 0.948061347 0.683927894
vt 0.912768722 0.682275176
vt 0.911123514 0.777280807
vt 0.962042809 0.815651298
vt 0.909683466 0.878194869
vt 0.85884726 0.871156037
vt 0.857374787 0.931228042
vt 0.819197714 0.871307015
vt 0.817959726 0.930432677
vt 0.782432735 0.868146002
vt 0.783216596 0.931018054
vt 0.903277397 0.943527758
vt 0.86135447 0.759759307
vt 0.813584149 0.747065067
vt 0.773000896 0.757464051
vt 0.731557786 0.772295535
vt 0.736526787 0.867928863
vt 0.740852416 0.938681841
vt 0.783216596 0.931018054
vt 0.951199889 0.897761703
vt 0.941609323 0.965402603
vt 0.690636575 0.88733995
vt 0.697966397 0.957768023
vt 0.679463208 0.805160105
vt 0.679463208 0.805160105
vt 0.654041886 0.971371174
vt 0.655257046 0.88882643
vt 0.679463208 0.805160105
vt 0.977329791 0.987989604
vt 0.99074167 0.88916409
vt 0.962042809 0.815651298
vt 0.704060316 0.687153161
vt 0.729372263 0.691914916
vt 0.769078434 0.683199048
vt 0.733694136 0.547660053
vt 0.773785233 0.536958754
vt 0.732973278 0.423086554
vt 0.815461338 0.610666871
vt 0.86236167 0.61028856
vt 0.861314714 0.666201234
vt 0.812966943 0.667422593
vt 0.717630804 0.433519959
vt 0.707095385 0.563453317
vt 0.731500626 0.373484403
vt 0.73157084 0.329745024
vt 0.721511543 0.347427666
vt 0.707095385 0.563453317
vt 0.673624098 0.466442943
vt 0.919587076 0.388845533
vt 0.934722066 0.353891522
vt 0.872509718 0.345959395
vt 0.882587254 0.356758028
vt 0.374058694 0.116352431
vt 0.373319179 0.0495547056
vt 0.341909856 0.060184747
vt 0.383108765 0.0735133067
vt 0.348389119 0.169790536
vt 0.306536585 0.088561222
vt 0.28983739 0.116320178
vt 0.32640937 0.224799559
vt 0.280795723 0.154005557
vt 0.308546871 0.234268293
vt 0.272073776 0.224933967
vt 0.2737194 0.233404472
vt 0.0112113245 0.893123329
vt 0.0322028883 0.778142571
vt 0.00841008499 0.804886878
vt 0.0488744862 0.917627871
vt 0.0275806077 0.982693434
vt 0.0488744862 0.917627871
vt 0.0892616957 0.916441977
vt 0.431226134 0.124655306
vt 0.39641571 0.0776026323
vt 0.411672115 0.160267964
vt 0.442603707 0.234752595
vt 0.438328266 0.0987629518
vt 0.470999956 0.0237717088
vt 0.470961452 0.223644599
vt 0.514515281 0.920508385
vt 0.480823964 0.945184767
vt 0.472356886 0.978518367
vt 0.486624807 0.817483604
vt 0.569252968 0.968023419
vt 0.576241553 0.953846931
vt 0.61425513 0.990208864
vt 0.457478136 0.725385666
vt 0.47498998 0.815259457
vt 0.501094401 0.708622456
vt 0.47060588 0.624942362
vt 0.435525924 0.669345319
vt 0.514515281 0.920508385
vt 0.497799426 0.803778052
vt 0.501094401 0.708622456
vt 0.435198307 0.699890077
vt 0.435525924 0.669345319
vt 0.941915631 0.31977734
vt 0.958493114 0.42323488
vt 0.958284736 0.260924697
vt 0.958493114 0.42323488
vt 0.93951726 0.366886497
vt 0.604047954 0.550899923
vt 0.62738055 0.638010144
vt 0.652516901 0.63579917
vt 0.62738055 0.638010144
vt 0.646669805 0.649461269
vt 0.648106039 0.539295554
vt 0.601925313 0.468254745
vt 0.656750977 0.483198225
vt 0.64608866 0.458258063
vt 0.652516901 0.63579917
vt 0.63872987 0.688642263
vt 0.62738055 0.638010144
vt 0.62738055 0.638010144
vt 0.618352652 0.755391896
vt 0.642049313 0.791914999
vt 0.651380301 0.82555294
vt 0.570135832 0.813016832
vt 0.618352652 0.755391896
vt 0.564496577 0.801302373
vt 0.545486331 0.0460524447
vt 0.512391508 0.0132402312
vt 0.524196684 0.0646784008
vt 0.559527218 0.00517908763
vt 0.482011944 0.0605377555
vt 0.504152179 0.100967571
vt 0.468701959 0.123891369
vt 0.497303009 0.144346043
vt 0.478190958 0.209990621
vt 0.505784631 0.190579861
vt 0.51188612 0.276599973
vt 0.528397501 0.229241163
vt 0.558836162 0.273015201
vt 0.554785848 0.211245686
vt 0.567342043 0.0543705523
vt 0.592757642 0.0598612353
vt 0.586744487 0.101860046
vt 0.600830436 0.137292355
vt 0.574917972 0.193913773
vt 0.642698526 0.29579559
vt 0.581710279 0.397440374
vt 0.582850635 0.166794643
vt 0.600830436 0.137292355
vt 0.532483339 0.346331239
vt 0.669896185 0.152588248
vt 0.623951733 0.0714769214
vt 0.679764986 0.121514812
vt 0.577111363 0.43277353
vt 0.637207448 0.407652289
vt 0.617514968 0.440123856
vt 0.673700929 0.40561974
vt 0.720040858 0.401515543
vt 0.704617918 0.311964422
vt 0.665494502 0.433714569
vt 0.691027582 0.241745368
vt 0.699416935 0.19703424
vt 0.714069545 0.289427072
vt 0.973634124 0.348682851
vt 0.990489602 0.281845212
vt 0.970821977 0.290197968
vt 0.990397096 0.407426029
vt 0.713789701 0.03712653
vt 0.780314207 0.0552693792
vt 0.712741196 0.124208286
vt 0.703693748 0.127753124
vt 0.782580793 0.0370903164
vt 0.707915545 0.0236110333
vt 0.840884805 0.0620582998
vt 0.780069768 0.211873516
vt 0.841828287 0.203669444
vt 0.840884805 0.0620582998
vt 0.841087341 0.0514366515
vt 0.899169207 0.0390456505
vt 0.908594847 0.0507732034
vt 0.982909381 0.0235816557
vt 0.97674197 0.0349376164
vt 0.976782858 0.117862664
vt 0.98663646 0.122381017
vt 0.960415423 0.208168015
vt 0.982909381 0.0235816557
vt 0.912484825 0.210697591
vt 0.841828287 0.203669444
vt 0.840884805 0.0620582998
vt 0.934970438 0.237009734
vt 0.965645134 0.221000165
vt 0.98663646 0.122381017
vt 0.965645134 0.221000165
vt 0.703693748 0.127753124
vt 0.707915545 0.0236110333
vt 0.360968322 0.82450664
vt 0.367922068 0.892435074
vt 0.358340323 0.89608711
vt 0.368770719 0.829757333
vt 0.291763574 0.881141841
vt 0.292819262 0.819541335
vt 0.377313286 0.980297089
vt 0.366905808 0.994425297
vt 0.296334356 0.973949015
vt 0.386064112 0.705611587
vt 0.379283458 0.701118052
vt 0.303575307 0.691860855
vt 0.368576437 0.560908139
vt 0.317095608 0.536988616
vt 0.330402195 0.444902658
vt 0.375622451 0.472322971
vt 0.432624072 0.847581744
vt 0.386064112 0.705611587
vt 0.450304329 0.770770311
vt 0.398716509 0.631602645
vt 0.398716509 0.631602645
vt 0.446806103 0.567978382
vt 0.442012697 0.464660645
vt 0.476719677 0.466353148
vt 0.437291056 0.367888331
vt 0.479657143 0.356868327
vt 0.433205366 0.296871424
vt 0.490628421 0.570671618
vt 0.499845386 0.616257787
vt 0.566554487 0.534039378
vt 0.528818965 0.698800147
vt 0.5995031 0.669225633
vt 0.539107382 0.395349771
vt 0.510334253 0.326192528
vt 0.431373477 0.266974986
vt 0.433205366 0.296871424
vt 0.438516796 0.254916131
vt 0.392359644 0.378810704
vt 0.433205366 0.296871424
vt 0.431373477 0.266974986
vt 0.433205366 0.296871424
vt 0.356510639 0.362119704
vt 0.420421988 0.257210195
vt 0.356510639 0.362119704
vt 0.330402195 0.444902658
vt 0.431373477 0.266974986
vt 0.420421988 0.257210195
vt 0.438516796 0.254916131
vt 0.288965642 0.0202684905
vt 0.321442485 0.0182747878
vt 0.289163977 0.0303524733
vt 0.262476116 0.0508131348
vt 0.264817834 0.0592810065
vt 0.271529287 0.0911569819
vt 0.276658803 0.100869253
vt 0.324352324 0.0158648863
vt 0.262850672 0.121257603
vt 0.258912027 0.112324737
vt 0.229586527 0.192980409
vt 0.214739323 0.203252643
vt 0.201865777 0.147359923
vt 0.251043886 0.0770363137
vt 0.248843983 0.0667915344
vt 0.174421668 0.175750062
vt 0.175949216 0.113380164
vt 0.24036099 0.0496524312
vt 0.248843983 0.0667915344
vt 0.153525874 0.143069386
vt 0.141062185 0.19746615
vt 0.175623327 0.253122419
vt 0.149370864 0.248929858
vt 0.174344495 0.387482166
vt 0.139382944 0.38007465
vt 0.147462919 0.416556746
vt 0.173123628 0.403780967
vt 0.171862707 0.451135665
vt 0.145971417 0.489663661
vt 0.172770485 0.503225446
vt 0.175486729 0.523646295
vt 0.196680158 0.487905443
vt 0.210590303 0.511888504
vt 0.152424738 0.52442199
vt 0.17797634 0.555593252
vt 0.107736416 0.560526013
vt 0.170348093 0.666195691
vt 0.201631516 0.631080687
vt 0.207296193 0.734407604
vt 0.245023802 0.675310731
vt 0.258483022 0.735535085
vt 0.282673836 0.6769526
vt 0.283774853 0.79420191
vt 0.267219335 0.781955123
vt 0.269737422 0.793226242
vt 0.287419856 0.803920031
vt 0.282673836 0.6769526
vt 0.223360389 0.86379981
vt 0.248790264 0.863167822
vt 0.269737422 0.793226242
vt 0.252386153 0.871939123
vt 0.225678504 0.875790477
vt 0.204295397 0.919662952
vt 0.20652853 0.929663718
vt 0.18856746 0.924935043
vt 0.187218398 0.911002994
vt 0.152241647 0.983828962
vt 0.151891947 0.995583415
vt 0.157419056 0.879813731
vt 0.216094896 0.812778115
vt 0.160833538 0.789403081
vt 0.136664569 0.739097297
vt 0.109882399 0.803585887
vt 0.124865405 0.899902284
vt 0.152241647 0.983828962
vt 0.0932717919 0.836422682
vt 0.108362183 0.899973512
vt 0.121496439 0.912099063
vt 0.104968987 0.910398424
vt 0.0878133997 0.849038363
vt 0.079910025 0.722656906
vt 0.0591717213 0.749523997
vt 0.0415317118 0.733644664
vt 0.0528460965 0.758061528
vt 0.0679108724 0.823470473
vt 0.0636345819 0.832739711
vt 0.0352941789 0.740892351
vt 0.0878133997 0.849038363
vt 0.0565930158 0.620721757
vt 0.0565930158 0.620721757
vt 0.108396016 0.673295319
vt 0.05324132 0.582712471
vt 0.0599852428 0.602161586
vt 0.055994276 0.584148288
vt 0.0807864144 0.568139434
vt 0.05324132 0.582712471
vt 0.0807864144 0.568139434
vt 0.0856254399 0.565615714
vt 0.0599852428 0.602161586
vt 0.0565930158 0.620721757
vt 0.0674763992 0.475435913
vt 0.0620572828 0.487919837
vt 0.111094058 0.495577097
vt 0.0769799203 0.471386015
vt 0.0264961515 0.372571796
vt 0.0917918459 0.267737001
vt 0.00875431858 0.356238812
vt 0.0206719916 0.375590235
vt 0.00449611526 0.3555893
vt 0.0623653978 0.470639229
vt 0.0559400618 0.487414181
vt 0.0623653978 0.470639229
vt 0.139064133 0.256484747
vt 0.134267926 0.22174947
vt 0.0911995769 0.258040667
vt 0.100400865 0.115511395
vt 0.103385665 0.109410502
vt 0.111750335 0.0744889975
vt 0.11912109 0.0454133376
vt 0.0653391927 0.0400407612
vt 0.0345845968 0.0370583013
vt 0.0304595456 0.033980757
vt 0.0662582815 0.0309250318
vt 0.0914285108 0.0444535986
vt 0.00449611526 0.3555893
vt 0.321442485 0.0182747878
vt 0.324352324 0.0158648863
vt 0.121496439 0.912099063
vt 0.152241647 0.983828962
vt 0.151891947 0.995583415
vt 0.152241647 0.983828962
vt 0.287393838 0.640690863
vt 0.263681591 0.59302175
vt 0.244031176 0.557225406
vt 0.280506104 0.507323265
vt 0.276370138 0.499502182
vt 0.280152917 0.495382488
vt 0.286213577 0.506756246
vt 0.263681591 0.59302175
vt 0.266302705 0.482335985
vt 0.280152917 0.495382488
vt 0.210611463 0.394823164
vt 0.197868004 0.429012746
vt 0.203790978 0.260737151
vt 0.274941891 0.281223476
vt 0.27591309 0.268651187
vt 0.27087751 0.288047642
vt 0.341028094 0.370201468
vt 0.323263913 0.385791123
vt 0.328486681 0.389056206
vt 0.345898807 0.370212018
vt 0.267271459 0.390178412
vt 0.297441363 0.472052842
vt 0.280152917 0.495382488
vt 0.297441363 0.472052842
vt 0.274941891 0.281223476
vt 0.345898807 0.370212018
vt 0.726204872 0.208904132
vt 0.717856288 0.215780944
vt 0.377313286 0.980297089
vt 0.431931406 0.91056329
vt 0.440999717 0.9722417
vt 0.778145969 0.378382385
vt 0.757801354 0.335199982
vt 0.790867507 0.351212293
vt 0.815024734 0.372808844
vt 0.826499343 0.334643245
vt 0.817007542 0.529784441
vt 0.850129902 0.372823596
vt 0.826499343 0.334643245
vt 0.865098715 0.289615214
vt 0.859926999 0.52968049
vt 0.885623813 0.375155091
vt 0.872509718 0.345959395
vt 0.865098715 0.289615214
vt 0.904969037 0.537230372
vt 0.93881166 0.441482395
vt 0.919587076 0.388845533
vt 0.882587254 0.356758028
vt 0.959167242 0.551801383
vt 0.992944121 0.502594471
vt 0.948061347 0.683927894
vt 0.912768722 0.682275176
vt 0.911123514 0.777280807
vt 0.962042809 0.815651298
vt 0.909683466 0.878194869
vt 0.85884726 0.871156037
vt 0.857374787 0.931228042
vt 0.819197714 0.871307015
vt 0.817959726 0.930432677
vt 0.782432735 0.868146002
vt 0.783216596 0.931018054
vt 0.903277397 0.943527758
vt 0.86135447 0.759759307
vt 0.813584149 0.747065067
vt 0.773000896 0.757464051
vt 0.731557786 0.772295535
vt 0.736526787 0.867928863
vt 0.740852416 0.938681841
vt 0.783216596 0.931018054
vt 0.951199889 0.897761703
vt 0.941609323 0.965402603
vt 0.690636575 0.88733995
vt 0.697966397 0.957768023
vt 0.679463208 0.805160105
vt 0.679463208 0.805160105
vt 0.654041886 0.971371174
vt 0.655257046 0.88882643
vt 0.679463208 0.805160105
vt 0.977329791 0.987989604
vt 0.99074167 0.88916409
vt 0.962042809 0.815651298
vt 0.704060316 0.687153161
vt 0.729372263 0.691914916
vt 0.769078434 0.683199048
vt 0.733694136 0.547660053
vt 0.773785233 0.536958754
vt 0.732973278 0.423086554
vt 0.815461338 0.610666871
vt 0.86236167 0.61028856
vt 0.861314714 0.666201234
vt 0.812966943 0.667422593
vt 0.717630804 0.433519959
vt 0.707095385 0.563453317
vt 0.731500626 0.373484403
vt 0.73157084 0.329745024
vt 0.721511543 0.347427666
vt 0.707095385 0.563453317
vt 0.673624098 0.466442943
vt 0.919587076 0.388845533
vt 0.934722066 0.353891522
vt 0.872509718 0.345959395
vt 0.882587254 0.356758028
vt 0.374058694 0.116352431
vt 0.373319179 0.0495547056
vt 0.383108765 0.0735133067
vt 0.341909856 0.060184747
vt 0.348389119 0.169790536
vt 0.306536585 0.088561222
vt 0.28983739 0.116320178
vt 0.32640937 0.224799559
vt 0.280795723 0.154005557
vt 0.308546871 0.234268293
vt 0.272073776 0.224933967
vt 0.2737194 0.233404472
vt 0.0112113245 0.893123329
vt 0.00841008499 0.804886878
vt 0.0322028883 0.778142571
vt 0.0488744862 0.917627871
vt 0.0275806077 0.982693434
vt 0.0488744862 0.917627871
vt 0.0892616957 0.916441977
vt 0.431226134 0.124655306
vt 0.411672115 0.160267964
vt 0.39641571 0.0776026323
vt 0.442603707 0.234752595
vt 0.438328266 0.0987629518
vt 0.470999956 0.0237717088
vt 0.470961452 0.223644599
vt 0.514515281 0.920508385
vt 0.472356886 0.978518367
vt 0.480823964 0.945184767
vt 0.486624807 0.817483604
vt 0.569252968 0.968023419
vt 0.576241553 0.953846931
vt 0.61425513 0.990208864
vt 0.457478136 0.725385666
vt 0.47498998 0.815259457
vt 0.501094401 0.708622456
vt 0.47060588 0.624942362
vt 0.435525924 0.669345319
vt 0.497799426 0.803778052
vt 0.514515281 0.920508385
vt 0.501094401 0.708622456
vt 0.435198307 0.699890077
vt 0.435525924 0.669345319
vt 0.941915631 0.31977734
vt 0.958493114 0.42323488
vt 0.93951726 0.366886497
vt 0.958493114 0.42323488
vt 0.958284736 0.260924697
vt 0.604047954 0.550899923
vt 0.652516901 0.63579917
vt 0.62738055 0.638010144
vt 0.62738055 0.638010144
vt 0.646669805 0.649461269
vt 0.601925313 0.468254745
vt 0.648106039 0.539295554
vt 0.656750977 0.483198225
vt 0.64608866 0.458258063
vt 0.652516901 0.63579917
vt 0.63872987 0.688642263
vt 0.62738055 0.638010144
vt 0.618352652 0.755391896
vt 0.62738055 0.638010144
vt 0.642049313 0.791914999
vt 0.651380301 0.82555294
vt 0.570135832 0.813016832
vt 0.564496577 0.801302373
vt 0.618352652 0.755391896
vt 0.545486331 0.0460524447
vt 0.512391508 0.0132402312
vt 0.559527218 0.00517908763
vt 0.524196684 0.0646784008
vt 0.482011944 0.0605377555
vt 0.504152179 0.100967571
vt 0.468701959 0.123891369
vt 0.497303009 0.144346043
vt 0.478190958 0.209990621
vt 0.505784631 0.190579861
vt 0.51188612 0.276599973
vt 0.528397501 0.229241163
vt 0.558836162 0.273015201
vt 0.554785848 0.211245686
vt 0.567342043 0.0543705523
vt 0.592757642 0.0598612353
vt 0.586744487 0.101860046
vt 0.600830436 0.137292355
vt 0.574917972 0.193913773
vt 0.642698526 0.29579559
vt 0.581710279 0.397440374
vt 0.582850635 0.166794643
vt 0.600830436 0.137292355
vt 0.532483339 0.346331239
vt 0.669896185 0.152588248
vt 0.623951733 0.0714769214
vt 0.679764986 0.121514812
vt 0.577111363 0.43277353
vt 0.637207448 0.407652289
vt 0.617514968 0.440123856
vt 0.673700929 0.40561974
vt 0.720040858 0.401515543
vt 0.704617918 0.311964422
vt 0.665494502 0.433714569
vt 0.691027582 0.241745368
vt 0.699416935 0.19703424
vt 0.714069545 0.289427072
vt 0.973634124 0.348682851
vt 0.990489602 0.281845212
vt 0.990397096 0.407426029
vt 0.970821977 0.290197968
vn -0.897111237 0.135415837 -0.420540154
vn -0.790403247 0.606902421 0.0832597241
vn -0.804052353 -0.544830203 -0.238033533
vn 0.362953186 0.886987329 -0.285514295
vn -0.863264322 -0.445301175 -0.237658575
vn 0.049853038 0.390848249 -0.919104099
vn -0.139798835 -0.985887229 0.0921007842
vn -0.734825015 -0.45930469 -0.499070585
vn -0.143453196 -0.71378243 -0.685518742
vn -0.139798835 -0.985887229 0.0921007842
vn -0.151563182 -0.795863569 0.586199522
vn 0.624128222 -0.636278152 -0.453446895
vn 0.577132285 -0.721880615 -0.381846398
vn -0.123350114 0.439360321 -0.8898018
vn 0.723914862 -0.126429647 -0.678205669
vn 0.948198617 0.308292329 -0.0766494796
vn -0.0113420011 0.971834838 -0.235389978
vn 0.737706184 0.46271193 0.491617084
vn -0.123350114 0.439360321 -0.8898018
vn 0.418802947 -0.572662294 -0.704742432
vn -0.143453196 -0.71378243 -0.685518742
vn -0.139798835 -0.985887229 0.0921007842
vn 0.69898808 0.557041109 -0.4484649
vn -0.25534001 0.898262918 0.357666433
vn -0.0113420011 0.971834838 -0.235389978
vn -0.25534001 0.898262918 0.357666433
vn 0.362953186 0.886987329 -0.285514295
vn 0.049853038 0.390848249 -0.919104099
vn -0.483074903 0.760737121 -0.433494657
vn 0.556568861 0.715282857 -0.422612667
vn -0.395843685 0.859279156 -0.323955506
vn 0.669127345 0.578834534 -0.466067731
vn 0.512939394 0.671955824 -0.53419888
vn -0.298540443 0.793415666 -0.530438602
vn -0.0883314312 0.816652894 -0.570329368
vn 0.405078977 0.427265704 -0.808303773
vn 0.758505046 0.128031462 -0.638966262
vn 0.106808804 0.457102805 -0.882977247
vn -0.934828341 0.300125539 -0.189791173
vn -0.694035053 0.39555186 -0.601543128
vn -0.860186458 0.107690156 0.498479813
vn -0.798509717 0.248183444 -0.548440695
vn -0.849623382 -0.0663813725 -0.523195565
vn -0.829885364 -0.124560051 0.543852031
vn -0.385576546 0.534001708 -0.752444625
vn 0.106808804 0.457102805 -0.882977247
vn -0.0474890284 0.692264974 -0.720079124
vn -0.863264322 -0.445301175 -0.237658575
vn -0.863264322 -0.445301175 -0.237658575
vn -0.151563182 -0.795863569 0.586199522
vn -0.144376352 -0.337803662 0.930077493
vn 0.707837224 -0.366751313 0.603705108
vn -0.111996755 -0.593278289 0.797168493
vn 0.711057007 -0.615155458 0.340560883
vn -0.147327736 -0.872034311 0.46674484
vn 0.812411308 -0.24679853 0.528278649
vn 0.624128222 -0.636278152 -0.453446895
vn 0.740772367 -0.025974635 -0.671253681
vn 0.405078977 0.427265704 -0.808303773
vn 0.758505046 0.128031462 -0.638966262
vn 0.820345819 -0.234263703 -0.521683156
vn 0.6362499 -0.489990711 -0.595898688
vn -0.207002655 -0.966791272 -0.149881557
vn -0.147327736 -0.872034311 0.46674484
vn 0.276340783 -0.589310229 -0.759176731
vn -0.85754174 -0.309807062 0.410660237
vn -0.147327736 -0.872034311 0.46674484
vn -0.207002655 -0.966791272 -0.149881557
vn -0.769026637 -0.246993855 -0.58956939
vn -0.147327736 -0.872034311 0.46674484
vn -0.399800628 -0.342107743 -0.850365639
vn -0.769026637 -0.246993855 -0.58956939
vn -0.849623382 -0.0663813725 -0.523195565
vn -0.207002655 -0.966791272 -0.149881557
vn 0.276340783 -0.589310229 -0.759176731
vn -0.399800628 -0.342107743 -0.850365639
vn -0.497150004 0.112553924 -0.860333323
vn 0.904349744 0.388769418 -0.17609635
vn -0.0129089002 0.995235264 -0.0966445282
vn 0.904349744 0.388769418 -0.17609635
vn 0.706758022 -0.359377682 -0.609377384
vn -0.0346902609 -0.120468929 -0.992110789
vn 0.625256658 -0.512670696 -0.58840698
vn 0.856467009 -0.121857062 0.501612544
vn 0.829933941 0.355118126 0.430233449
vn -0.0129089002 0.995235264 -0.0966445282
vn 0.831777811 -0.0497545637 0.552874506
vn 0.870432079 -0.225225493 0.437745839
vn 0.980822861 -0.14247714 0.132991791
vn 0.743024409 -0.617746949 -0.25749445
vn 0.352526903 -0.649065614 -0.674120605
vn 0.581449568 -0.580563307 -0.569967151
vn -0.0447997488 -0.358106434 -0.932605386
vn -0.147171423 -0.853289664 -0.500237346
vn -0.143453196 -0.71378243 -0.685518742
vn 0.418802947 -0.572662294 -0.704742432
vn -0.0447997488 -0.358106434 -0.932605386
vn -0.606937051 -0.556144238 -0.567742109
vn -0.864587128 -0.418898791 0.277511984
vn -0.0554824732 -0.990549505 -0.125432566
vn -0.917055488 -0.354972512 0.181669205
vn -0.096476227 -0.846128345 -0.52417475
vn -0.693258047 -0.699392915 -0.173904911
vn -0.692753255 -0.665703535 -0.277365685
vn -0.175217003 -0.710078955 -0.681972802
vn -0.123390816 -0.986387014 -0.108698085
vn -0.477036953 -0.832698345 0.281156987
vn 0.00752607128 -0.845371068 0.534126461
vn 0.0686681718 -0.944867671 0.320171505
vn 0.699200094 -0.701193869 0.139450446
vn 0.492886186 -0.810753047 -0.315820515
vn -0.342053473 -0.932677925 0.114504136
vn -0.18495211 -0.771704972 -0.608493388
vn -0.648912191 -0.672933638 -0.355068207
vn -0.14576596 -0.727196932 -0.670773268
vn 0.310675919 -0.630318344 -0.711462736
vn 0.534466028 -0.733408809 -0.420068532
vn 0.667171061 -0.58033669 -0.467003316
vn 0.843743265 -0.457437843 -0.280798495
vn 0.85007447 0.386251181 0.358026981
vn 0.959854603 -0.174799457 0.219372705
vn 0.894249558 -0.447173387 0.0188092832
vn 0.269963622 0.401248366 0.875282526
vn 0.105764702 0.327662915 0.938856125
vn 0.85007447 0.386251181 0.358026981
vn 0.797324657 -0.597563744 0.0847994313
vn 0.855526388 -0.414843261 0.30980593
vn 0.269963622 0.401248366 0.875282526
vn 0.154808924 0.44574827 0.881670415
vn 0.443842918 0.347856045 0.825832605
vn 0.721875012 -0.596816182 0.350295424
vn 0.219747394 0.3611359 0.90625155
vn 0.594917655 0.186810747 0.781776667
vn 0.542127132 -0.835532844 0.089347817
vn 0.0461117625 -0.789950848 0.611433864
vn 0.184008375 0.120173126 0.975550771
vn -0.0335010029 -0.999328852 -0.0148209855
vn 0.668948948 -0.726115286 -0.158946499
vn -0.0568649732 -0.980640769 -0.187376693
vn -0.625924528 -0.747635484 -0.221945107
vn -0.708642423 -0.702701449 0.0635343939
vn -0.545440316 -0.789186716 0.282274961
vn 0.0461117625 -0.789950848 0.611433864
vn -0.76319629 -0.548635066 0.341366291
vn -0.609943628 -0.584402442 0.535203338
vn -0.234379202 0.217520669 0.947497368
vn 0.118942343 0.295361638 0.947952628
vn -0.0366024189 0.314466685 0.948562503
vn -0.883613825 -0.468137711 0.00858971849
vn -0.863712013 -0.356159091 0.356583983
vn -0.883182228 -0.0712834448 0.463581473
vn -0.00255438825 0.46697554 0.884266555
vn -0.779765248 -0.396077901 0.484859049
vn 0.0794157013 0.305513591 0.948870122
vn 0.137450993 0.464001834 0.875105381
vn -0.0366024189 0.314466685 0.948562503
vn -0.627792895 0.57081306 0.529196143
vn -0.627792895 0.57081306 0.529196143
vn -0.792401493 -0.541011274 -0.281791955
vn -0.492277056 -0.723214865 0.484379649
vn -0.464016885 0.853837252 0.235903159
vn -0.996387005 0.0136124343 0.0838309601
vn -0.720365882 0.692067921 0.0459886789
vn -0.815645814 -0.52344799 -0.246422604
vn -0.492277056 -0.723214865 0.484379649
vn -0.627792895 0.57081306 0.529196143
vn -0.972797275 -0.188262567 0.134991243
vn -0.843367398 -0.315611482 -0.434880167
vn -0.657130003 -0.75041157 -0.0711521357
vn -0.757622778 -0.463377386 0.459661841
vn -0.901891351 -0.224786714 0.36886701
vn -0.86604315 -0.221650913 -0.448151916
vn -0.968383133 0.0894386247 0.232883632
vn 0.217288673 0.443119407 0.869730294
vn -0.267706335 0.930692494 0.24928847
vn -0.365985602 0.721817195 0.587396383
vn -0.65635705 0.718991458 0.228575423
vn -0.365985602 0.721817195 0.587396383
vn -0.720365882 0.692067921 0.0459886789
vn -0.97535193 -0.0871529654 0.202714264
vn -0.91291821 -0.130536854 0.386704683
vn -0.498317957 0.569186926 -0.653992057
vn -0.604005814 0.172744289 0.778033674
vn -0.722647071 -0.143438801 0.676170468
vn -0.694651186 -0.471140385 -0.543586552
vn -0.734825015 -0.45930469 -0.499070585
vn -0.849128306 -0.277718127 -0.449281335
vn -0.921927989 0.335897475 0.192929298
vn -0.604005814 0.172744289 0.778033674
vn -0.0375338867 0.995892406 -0.0823986679
vn 0.334149271 0.146878749 -0.931005299
vn -0.477267891 -0.0642669424 -0.876404643
vn -0.267706335 0.930692494 0.24928847
vn -0.464016885 0.853837252 0.235903159
vn -0.234379202 0.217520669 0.947497368
vn 0.0461117625 -0.789950848 0.611433864
vn 0.0461117625 -0.789950848 0.611433864
vn 0.184008375 0.120173126 0.975550771
vn 0.892016113 0.434233189 -0.125494063
vn 0.935788572 0.0171569902 -0.352144033
vn 0.442809999 -0.711294591 -0.545874834
vn 0.750452042 -0.331992328 -0.571491659
vn 0.786095917 -0.277568161 -0.552276254
vn 0.811057746 0.454750836 -0.367949784
vn 0.800102115 0.593571901 -0.0866544396
vn 0.935788572 0.0171569902 -0.352144033
vn 0.785091043 -0.450073183 -0.425518841
vn 0.811057746 0.454750836 -0.367949784
vn 0.614915431 -0.698495507 -0.366036981
vn 0.657488048 -0.618879974 -0.429763913
vn 0.607529461 -0.756091535 -0.243379474
vn 0.313033104 0.591054142 -0.7434147
vn 0.777705193 0.301180243 -0.551783502
vn 0.601367891 -0.249984771 -0.75885731
vn 0.990958452 0.0540125519 -0.12281736
vn 0.950472057 -0.301722229 0.0746089593
vn 0.0914064646 0.449670255 0.88850522
vn 0.337141752 0.930381596 0.143963814
vn 0.710122585 -0.565196037 -0.41985625
vn 0.321236938 0.669801414 0.669457257
vn 0.321236938 0.669801414 0.669457257
vn 0.811057746 0.454750836 -0.367949784
vn 0.313033104 0.591054142 -0.7434147
vn 0.337141752 0.930381596 0.143963814
vn -0.708434522 0.703604817 -0.0553236827
vn 0.150980473 0.688608825 -0.709241033
vn -0.0883314312 0.816652894 -0.570329368
vn 0.519415259 0.380286127 -0.765238702
vn 0.69898808 0.557041109 -0.4484649
vn 0.651922047 0.365478307 -0.664396942
vn 0.519415259 0.380286127 -0.765238702
vn 0.69898808 0.557041109 -0.4484649
vn 0.195827857 0.754162192 -0.626810014
vn -0.385576546 0.534001708 -0.752444625
vn 0.194238186 0.960824609 -0.19770591
vn -0.404165864 0.736203015 -0.542821407
vn -0.385576546 0.534001708 -0.752444625
vn -0.0474890284 0.692264974 -0.720079124
vn -0.504125357 0.860581815 -0.0725027621
vn -0.867103577 0.494488746 -0.0601018257
vn 0.150980473 0.688608825 -0.709241033
vn -0.0474890284 0.692264974 -0.720079124
vn -0.969754815 0.241702095 0.0339955948
vn -0.604005814 0.172744289 0.778033674
vn -0.477267891 -0.0642669424 -0.876404643
vn -0.708434522 0.703604817 -0.0553236827
vn -0.927118778 0.176874086 -0.330403149
vn -0.91291821 -0.130536854 0.386704683
vn -0.463641733 0.882745326 0.0761375129
vn -0.963157177 0.26408571 0.050861869
vn -0.894732773 0.276197225 0.350953609
vn -0.713339567 0.236789435 0.659603953
vn -0.924222648 0.270774603 0.269246429
vn -0.480341226 0.851387203 0.210742101
vn -0.382555813 0.758819997 0.527108312
vn 0.0399835557 0.994618893 0.0955744535
vn 0.100642733 0.880830169 0.462611377
vn 0.603273034 0.797110379 0.0260129701
vn 0.595342815 0.685934722 0.418402255
vn -0.669774175 0.262368053 0.694669306
vn -0.438908458 0.804472625 0.400228679
vn 0.197537199 0.933163524 0.30030793
vn 0.707385063 0.685441852 0.17255649
vn 0.981337905 0.180086091 0.0674153864
vn 0.960441887 0.276226103 -0.0353614204
vn 0.819708645 0.257500499 0.5116359
vn 0.595342815 0.685934722 0.418402255
vn -0.936196923 -0.314484179 0.156955212
vn -0.537192464 -0.206517234 0.817786574
vn 0.917137504 -0.349558622 -0.191487595
vn 0.798094094 -0.224595115 0.559108973
vn 0.793367207 0.424896032 0.435926318
vn 0.793367207 0.424896032 0.435926318
vn 0.194039479 0.729005039 0.656429887
vn 0.967478812 0.183803245 0.173784643
vn 0.793367207 0.424896032 0.435926318
vn 0.139546737 0.768868029 0.623993993
vn -0.750001132 0.401131451 0.525920033
vn -0.713339567 0.236789435 0.659603953
vn 0.458573371 0.866451025 0.197415888
vn 0.946666956 0.188269109 -0.261488795
vn 0.749364018 0.634620249 -0.188972577
vn 0.950315833 0.106309816 -0.292571604
vn 0.748541594 0.606668591 -0.267653853
vn 0.829933941 0.355118126 0.430233449
vn 0.157318294 0.910859585 -0.381556958
vn -0.575832367 0.776874602 -0.254721165
vn -0.531306207 0.845130324 0.0588938221
vn 0.205307528 0.978084147 -0.0346454941
vn 0.831777811 -0.0497545637 0.552874506
vn 0.777705193 0.301180243 -0.551783502
vn -0.0346902609 -0.120468929 -0.992110789
vn 0.418802947 -0.572662294 -0.704742432
vn -0.0447997488 -0.358106434 -0.932605386
vn 0.777705193 0.301180243 -0.551783502
vn 0.980822861 -0.14247714 0.132991791
vn -0.477267891 -0.0642669424 -0.876404643
vn -0.734825015 -0.45930469 -0.499070585
vn 0.150980473 0.688608825 -0.709241033
vn -0.708434522 0.703604817 -0.0553236827
vn 0.758505046 0.128031462 -0.638966262
vn -0.298540443 0.793415666 -0.530438602
vn -0.694035053 0.39555186 -0.601543128
vn 0.512939394 0.671955824 -0.53419888
vn 0.740772367 -0.025974635 -0.671253681
vn -0.798509717 0.248183444 -0.548440695
vn -0.849623382 -0.0663813725 -0.523195565
vn 0.820345819 -0.234263703 -0.521683156
vn -0.769026637 -0.246993855 -0.58956939
vn 0.6362499 -0.489990711 -0.595898688
vn -0.399800628 -0.342107743 -0.850365639
vn 0.276340783 -0.589310229 -0.759176731
vn 0.362953186 0.886987329 -0.285514295
vn -0.0474890284 0.692264974 -0.720079124
vn 0.150980473 0.688608825 -0.709241033
vn 0.106808804 0.457102805 -0.882977247
vn 0.049853038 0.390848249 -0.919104099
vn 0.106808804 0.457102805 -0.882977247
vn -0.863264322 -0.445301175 -0.237658575
vn -0.0883314312 0.816652894 -0.570329368
vn -0.123350114 0.439360321 -0.8898018
vn -0.0113420011 0.971834838 -0.235389978
vn -0.25534001 0.898262918 0.357666433
vn 0.405078977 0.427265704 -0.808303773
vn 0.624128222 -0.636278152 -0.453446895
vn 0.69898808 0.557041109 -0.4484649
vn -0.463641733 0.882745326 0.0761375129
vn 0.217288673 0.443119407 0.869730294
vn -0.267706335 0.930692494 0.24928847
vn -0.365985602 0.721817195 0.587396383
vn -0.498317957 0.569186926 -0.653992057
vn -0.927118778 0.176874086 -0.330403149
vn -0.91291821 -0.130536854 0.386704683
vn -0.720365882 0.692067921 0.0459886789
vn -0.65635705 0.718991458 0.228575423
vn -0.750001132 0.401131451 0.525920033
vn 0.139546737 0.768868029 0.623993993
vn -0.627792895 0.57081306 0.529196143
vn -0.463641733 0.882745326 0.0761375129
vn -0.713339567 0.236789435 0.659603953
vn -0.750001132 0.401131451 0.525920033
vn -0.464016885 0.853837252 0.235903159
vn -0.627792895 0.57081306 0.529196143
vn 0.334149271 0.146878749 -0.931005299
vn -0.604005814 0.172744289 0.778033674
vn -0.0375338867 0.995892406 -0.0823986679
vn -0.604005814 0.172744289 0.778033674
vn -0.477267891 -0.0642669424 -0.876404643
vn 0.967478812 0.183803245 0.173784643
vn 0.793367207 0.424896032 0.435926318
vn 0.800102115 0.593571901 -0.0866544396
vn 0.793367207 0.424896032 0.435926318
vn 0.811057746 0.454750836 -0.367949784
vn 0.935788572 0.0171569902 -0.352144033
vn 0.194039479 0.729005039 0.656429887
vn 0.892016113 0.434233189 -0.125494063
vn 0.85007447 0.386251181 0.358026981
vn 0.800102115 0.593571901 -0.0866544396
vn 0.321236938 0.669801414 0.669457257
vn 0.793367207 0.424896032 0.435926318
vn 0.793367207 0.424896032 0.435926318
vn 0.458573371 0.866451025 0.197415888
vn 0.0914064646 0.449670255 0.88850522
vn 0.337141752 0.930381596 0.143963814
vn 0.313033104 0.591054142 -0.7434147
vn 0.458573371 0.866451025 0.197415888
vn 0.777705193 0.301180243 -0.551783502
vn 0.0493186191 0.106391206 0.993100405
vn -0.382555813 0.758819997 0.527108312
vn 0.0817443803 0.173263848 0.981477201
vn -0.669774175 0.262368053 0.694669306
vn 0.100642733 0.880830169 0.462611377
vn 0.206784025 0.0974024832 0.97352612
vn 0.595342815 0.685934722 0.418402255
vn 0.15646258 -0.0272814501 0.987307072
vn 0.819708645 0.257500499 0.5116359
vn -0.0719247684 -0.0773391277 0.994407177
vn 0.798094094 -0.224595115 0.559108973
vn -0.242998913 0.179065868 0.953355551
vn 0.194039479 0.729005039 0.656429887
vn -0.141694471 0.339738727 0.929785013
vn 0.217718184 0.022881655 0.975743473
vn -0.537192464 -0.206517234 0.817786574
vn 0.596616209 0.226251602 0.769973576
vn 0.139546737 0.768868029 0.623993993
vn 0.0281020533 0.693500161 0.719908178
vn 0.150741071 0.731952667 0.664471567
vn 0.269963622 0.401248366 0.875282526
vn 0.437118351 0.683830857 0.58421123
vn 0.139546737 0.768868029 0.623993993
vn 0.85007447 0.386251181 0.358026981
vn -0.00255438825 0.46697554 0.884266555
vn -0.627792895 0.57081306 0.529196143
vn 0.137450993 0.464001834 0.875105381
vn 0.105764702 0.327662915 0.938856125
vn 0.443842918 0.347856045 0.825832605
vn 0.154808924 0.44574827 0.881670415
vn 0.594917655 0.186810747 0.781776667
vn 0.184008375 0.120173126 0.975550771
vn -0.234379202 0.217520669 0.947497368
vn 0.219747394 0.3611359 0.90625155
vn -0.0366024189 0.314466685 0.948562503
vn 0.0794157013 0.305513591 0.948870122
vn 0.118942343 0.295361638 0.947952628
vn -0.497150004 0.112553924 -0.860333323
vn 0.829933941 0.355118126 0.430233449
vn -0.0346902609 -0.120468929 -0.992110789
vn -0.0129089002 0.995235264 -0.0966445282
vn 0.897111237 0.135415852 -0.420540214
vn 0.804052234 -0.544830203 -0.238033518
vn 0.790403247 0.606902421 0.0832597241
vn -0.362953186 0.886987329 -0.285514295
vn 0.863264322 -0.445301175 -0.23765862
vn -0.049853038 0.390848249 -0.919104099
vn 0.139798835 -0.985887229 0.0921007842
vn 0.734825015 -0.45930469 -0.499070585
vn 0.143453196 -0.71378243 -0.685518742
vn 0.139798835 -0.985887229 0.0921007842
vn 0.151563182 -0.795863569 0.586199522
vn -0.624128222 -0.636278272 -0.453446865
vn -0.577132285 -0.721880615 -0.381846398
vn 0.123350114 0.439360321 -0.8898018
vn -0.723914862 -0.126429647 -0.678205669
vn -0.948198617 0.308292329 -0.0766494796
vn 0.0113420011 0.971834838 -0.235389978
vn -0.737706184 0.46271193 0.491617084
vn 0.123350114 0.439360321 -0.8898018
vn -0.418802947 -0.572662294 -0.704742432
vn 0.143453196 -0.71378243 -0.685518742
vn 0.139798835 -0.985887229 0.0921007842
vn -0.69898808 0.557041109 -0.4484649
vn 0.25534001 0.898262918 0.357666433
vn 0.0113420011 0.971834838 -0.235389978
vn 0.25534001 0.898262918 0.357666433
vn -0.362953186 0.886987329 -0.285514295
vn -0.049853038 0.390848249 -0.919104099
vn 0.483074874 0.760737121 -0.433494657
vn -0.556568861 0.715282798 -0.422612697
vn -0.669127405 0.578834593 -0.466067731
vn 0.395843685 0.859279156 -0.323955506
vn -0.512939394 0.671955824 -0.53419888
vn 0.298540443 0.793415666 -0.530438602
vn 0.0883314312 0.816652894 -0.570329368
vn -0.405078977 0.427265733 -0.808303833
vn -0.758505046 0.128031462 -0.638966262
vn -0.106808804 0.457102805 -0.882977247
vn 0.934828341 0.300125539 -0.189791173
vn 0.694034994 0.39555186 -0.601543188
vn 0.860186458 0.107690156 0.498479813
vn 0.798509717 0.248183444 -0.548440695
vn 0.849623382 -0.06638138 -0.523195565
vn 0.829885423 -0.124560043 0.543852031
vn 0.385576546 0.534001708 -0.752444625
vn -0.106808804 0.457102805 -0.882977247
vn 0.0474890284 0.692264974 -0.720079124
vn 0.863264322 -0.445301175 -0.23765862
vn 0.863264322 -0.445301175 -0.23765862
vn 0.151563182 -0.795863569 0.586199522
vn 0.144376352 -0.337803662 0.930077493
vn -0.707837224 -0.366751313 0.603705108
vn 0.111996755 -0.593278348 0.797168434
vn -0.711057007 -0.615155458 0.340560883
vn 0.147327736 -0.872034311 0.46674484
vn -0.812411308 -0.24679856 0.528278649
vn -0.624128222 -0.636278272 -0.453446865
vn -0.740772367 -0.025974635 -0.671253681
vn -0.405078977 0.427265733 -0.808303833
vn -0.758505046 0.128031462 -0.638966262
vn -0.820345819 -0.234263703 -0.521683037
vn -0.6362499 -0.489990711 -0.595898688
vn 0.207002655 -0.966791272 -0.149881557
vn 0.147327736 -0.872034311 0.46674484
vn -0.276340783 -0.589310229 -0.759176731
vn 0.85754174 -0.309807062 0.410660237
vn 0.147327736 -0.872034311 0.46674484
vn 0.207002655 -0.966791272 -0.149881557
vn 0.147327736 -0.872034311 0.46674484
vn 0.769026637 -0.246993899 -0.58956939
vn 0.399800628 -0.342107743 -0.850365639
vn 0.769026637 -0.246993899 -0.58956939
vn 0.849623382 -0.06638138 -0.523195565
vn 0.207002655 -0.966791272 -0.149881557
vn 0.399800628 -0.342107743 -0.850365639
vn -0.276340783 -0.589310229 -0.759176731
vn 0.497150004 0.112553924 -0.860333323
vn -0.904349744 0.388769418 -0.17609635
vn -0.706758022 -0.359377712 -0.609377384
vn 0.0346902572 -0.120468929 -0.992110789
vn -0.625256658 -0.512670696 -0.58840698
vn -0.856467009 -0.121857062 0.501612544
vn -0.829933941 0.355118066 0.430233419
vn 0.0129089002 0.995235264 -0.0966445282
vn -0.831777811 -0.0497545637 0.552874506
vn -0.870432138 -0.225225449 0.437745869
vn -0.980822861 -0.14247714 0.132991761
vn -0.743024409 -0.617746949 -0.25749445
vn -0.352526903 -0.649065614 -0.674120605
vn -0.581449568 -0.580563307 -0.569967151
vn 0.0447997488 -0.358106434 -0.932605386
vn 0.147171408 -0.853289664 -0.500237346
vn 0.143453196 -0.71378243 -0.685518742
vn -0.418802947 -0.572662294 -0.704742432
vn 0.0447997488 -0.358106434 -0.932605386
vn 0.606937051 -0.556144178 -0.567742109
vn 0.864587128 -0.418898791 0.277511984
vn 0.0554824732 -0.990549505 -0.125432566
vn 0.917055488 -0.354972512 0.181669205
vn 0.0964762345 -0.846128345 -0.52417475
vn 0.693258047 -0.699392915 -0.173904911
vn 0.692753255 -0.665703535 -0.277365685
vn 0.175216973 -0.710078955 -0.681972742
vn 0.123390816 -0.986387014 -0.108698085
vn 0.477036953 -0.832698345 0.281156987
vn -0.00752607128 -0.845371068 0.534126461
vn -0.0686681718 -0.944867671 0.320171505
vn -0.699200094 -0.701193869 0.139450446
vn -0.492886186 -0.810753047 -0.315820515
vn 0.342053473 -0.932677925 0.114504136
vn 0.18495211 -0.771704972 -0.608493388
vn 0.648912191 -0.672933638 -0.355068207
vn 0.14576596 -0.727196932 -0.670773387
vn -0.310675949 -0.630318463 -0.711462736
vn -0.534465969 -0.733408868 -0.420068532
vn -0.667171061 -0.58033669 -0.467003316
vn -0.843743265 -0.457437843 -0.280798495
vn -0.85007447 0.386251181 0.358026981
vn -0.959854603 -0.174799457 0.219372675
vn -0.894249558 -0.447173387 0.0188092813
vn -0.269963652 0.401248336 0.875282466
vn -0.105764896 0.327662855 0.938856125
vn -0.85007447 0.386251181 0.358026981
vn -0.797324717 -0.597563684 0.0847994238
vn -0.855526388 -0.414843261 0.30980593
vn -0.269963652 0.401248336 0.875282466
vn -0.154808924 0.44574827 0.881670415
vn -0.443842918 0.347856045 0.825832605
vn -0.721875012 -0.596816182 0.350295424
vn -0.219747394 0.3611359 0.90625155
vn -0.594917655 0.186810747 0.781776667
vn -0.542127132 -0.835532844 0.089347817
vn -0.0461117625 -0.789950848 0.611433864
vn -0.184008375 0.120173126 0.975550771
vn 0.0335010029 -0.999328852 -0.0148209855
vn -0.668948948 -0.726115227 -0.158946484
vn 0.0568649732 -0.980640769 -0.187376663
vn 0.625924528 -0.747635484 -0.221945107
vn 0.708642423 -0.702701449 0.0635343939
vn 0.545440376 -0.789186716 0.282274991
vn -0.0461117625 -0.789950848 0.611433864
vn 0.76319629 -0.548635066 0.341366291
vn 0.609943628 -0.584402442 0.535203338
vn 0.234379187 0.217520669 0.947497368
vn -0.118942343 0.295361638 0.947952628
vn 0.0366024189 0.314466685 0.948562503
vn 0.883613825 -0.468137771 0.00858971849
vn 0.863712013 -0.356159091 0.356583983
vn 0.883182228 -0.0712835044 0.463581532
vn 0.00255438825 0.46697554 0.884266555
vn 0.779765368 -0.396077931 0.484859139
vn -0.0794157013 0.305513591 0.948870122
vn -0.137451008 0.464001864 0.8751055
vn 0.0366024189 0.314466685 0.948562503
vn 0.627792895 0.57081306 0.529196143
vn 0.627792895 0.57081306 0.529196143
vn 0.792401493 -0.541011274 -0.281791955
vn 0.464016885 0.853837252 0.235903159
vn 0.492276967 -0.723214924 0.484379679
vn 0.996387005 0.0136124343 0.0838309601
vn 0.720365882 0.692067921 0.0459886789
vn 0.464016885 0.853837252 0.235903159
vn 0.720365882 0.692067921 0.0459886789
vn 0.815645814 -0.52344799 -0.246422619
vn 0.492276967 -0.723214924 0.484379679
vn 0.627792895 0.57081306 0.529196143
vn 0.972797275 -0.188262567 0.134991273
vn 0.843367398 -0.315611482 -0.434880167
vn 0.657130003 -0.75041157 -0.0711521357
vn 0.757622778 -0.463377386 0.459661841
vn 0.901891351 -0.224786714 0.36886701
vn 0.86604315 -0.221650913 -0.448151916
vn 0.968383133 0.0894386172 0.232883632
vn -0.217288673 0.443119407 0.869730294
vn 0.267706335 0.930692494 0.24928847
vn 0.365985602 0.721817195 0.587396383
vn 0.65635705 0.718991458 0.228575423
vn 0.365985602 0.721817195 0.587396383
vn 0.97535193 -0.0871529654 0.202714264
vn 0.91291821 -0.130536854 0.386704683
vn 0.498317957 0.569186926 -0.653992057
vn 0.604005814 0.172744289 0.778033674
vn 0.722647071 -0.143438786 0.676170409
vn 0.694651186 -0.471140385 -0.543586552
vn 0.734825015 -0.45930469 -0.499070585
vn 0.849128306 -0.277718097 -0.449281335
vn 0.921927989 0.335897475 0.192929342
vn 0.0375338867 0.995892406 -0.0823986679
vn -0.334149271 0.146878749 -0.931005299
vn 0.477267921 -0.0642669052 -0.876404643
vn 0.267706335 0.930692494 0.24928847
vn -0.904349744 0.388769418 -0.17609635
vn 0.0129089002 0.995235264 -0.0966445282
vn 0.234379187 0.217520669 0.947497368
vn -0.0461117625 -0.789950848 0.611433864
vn -0.184008375 0.120173126 0.975550771
vn -0.0461117625 -0.789950848 0.611433864
vn -0.892016113 0.434233189 -0.125494093
vn -0.935788572 0.0171569549 -0.352144033
vn -0.442810059 -0.711294532 -0.545874774
vn -0.750452042 -0.331992388 -0.571491659
vn -0.786095917 -0.277568161 -0.552276254
vn -0.811057746 0.454750836 -0.367949784
vn -0.800102115 0.593571901 -0.0866544396
vn -0.935788572 0.0171569549 -0.352144033
vn -0.785091043 -0.450073183 -0.425518841
vn -0.811057746 0.454750836 -0.367949784
vn -0.614915431 -0.698495507 -0.366036981
vn -0.657488048 -0.618879974 -0.429763883
vn -0.607529461 -0.756091535 -0.243379474
vn -0.313033104 0.591054142 -0.7434147
vn -0.777705193 0.301180243 -0.551783502
vn -0.601367891 -0.249984771 -0.75885731
vn -0.990958452 0.0540125519 -0.122817345
vn -0.950472057 -0.301722229 0.0746089593
vn -0.0914064646 0.449670255 0.88850522
vn -0.337141722 0.930381596 0.143963814
vn -0.710122585 -0.565196037 -0.41985631
vn -0.321236938 0.669801414 0.669457257
vn -0.811057746 0.454750836 -0.367949784
vn -0.321236938 0.669801414 0.669457257
vn -0.313033104 0.591054142 -0.7434147
vn -0.337141722 0.930381596 0.143963814
vn 0.708434522 0.703604817 -0.0553236827
vn -0.150980473 0.688608825 -0.709241033
vn 0.0883314312 0.816652894 -0.570329368
vn -0.519415259 0.380286127 -0.765238643
vn -0.69898808 0.557041109 -0.4484649
vn -0.651922047 0.365478307 -0.664396942
vn -0.69898808 0.557041109 -0.4484649
vn -0.519415259 0.380286127 -0.765238643
vn -0.195827857 0.754162192 -0.626810014
vn 0.385576546 0.534001708 -0.752444625
vn -0.194238186 0.960824609 -0.19770591
vn 0.404165864 0.736203015 -0.542821407
vn 0.385576546 0.534001708 -0.752444625
vn 0.0474890284 0.692264974 -0.720079124
vn 0.504125357 0.860581815 -0.0725027621
vn 0.867103577 0.494488746 -0.0601018183
vn -0.150980473 0.688608825 -0.709241033
vn 0.0474890284 0.692264974 -0.720079124
vn 0.969754815 0.24170211 0.0339955837
vn 0.604005814 0.172744289 0.778033674
vn 0.477267921 -0.0642669052 -0.876404643
vn 0.708434522 0.703604817 -0.0553236827
vn 0.927118778 0.176874086 -0.330403149
vn 0.91291821 -0.130536854 0.386704683
vn 0.463641733 0.882745326 0.0761375129
vn 0.963157177 0.26408571 0.050861869
vn 0.894732773 0.276197225 0.350953609
vn 0.713339567 0.236789435 0.659603953
vn 0.924222648 0.270774603 0.269246429
vn 0.480341256 0.851387084 0.210742071
vn 0.382555872 0.758819938 0.527108371
vn -0.0399835594 0.994618893 0.0955744684
vn -0.100642733 0.880830169 0.462611377
vn -0.603273034 0.797110379 0.0260129701
vn -0.595342815 0.685934722 0.418402255
vn 0.669774175 0.262368053 0.694669306
vn 0.438908458 0.804472625 0.400228679
vn -0.197537199 0.933163524 0.30030793
vn -0.707385063 0.685441852 0.17255649
vn -0.981337905 0.180086106 0.0674153864
vn -0.960441887 0.276226103 -0.0353614241
vn -0.819708645 0.257500499 0.51163578
vn -0.595342815 0.685934722 0.418402255
vn 0.936196923 -0.314484179 0.156955197
vn 0.537192464 -0.206517234 0.817786574
vn -0.917137504 -0.349558622 -0.191487595
vn -0.798094094 -0.224595115 0.559108973
vn -0.793367207 0.424896032 0.435926318
vn -0.793367207 0.424896032 0.435926318
vn -0.194039479 0.729005098 0.656429946
vn -0.967478812 0.183803245 0.173784643
vn -0.793367207 0.424896032 0.435926318
vn -0.139546722 0.768868029 0.623993993
vn 0.750001132 0.401131451 0.525920033
vn 0.713339567 0.236789435 0.659603953
vn -0.458573401 0.866451025 0.197415903
vn -0.946666956 0.188269109 -0.261488795
vn -0.749364018 0.634620249 -0.188972577
vn -0.950315833 0.106309816 -0.292571574
vn -0.748541594 0.606668591 -0.267653853
vn -0.829933941 0.355118066 0.430233419
vn -0.157318294 0.910859585 -0.381556958
vn 0.575832367 0.776874602 -0.254721165
vn 0.531306207 0.845130324 0.0588938221
vn -0.205307528 0.978084147 -0.0346454941
vn -0.831777811 -0.0497545637 0.552874506
vn -0.777705193 0.301180243 -0.551783502
vn 0.0346902572 -0.120468929 -0.992110789
vn -0.418802947 -0.572662294 -0.704742432
vn 0.0447997488 -0.358106434 -0.932605386
vn -0.777705193 0.301180243 -0.551783502
vn -0.980822861 -0.14247714 0.132991761
vn 0.477267921 -0.0642669052 -0.876404643
vn 0.734825015 -0.45930469 -0.499070585
vn -0.150980473 0.688608825 -0.709241033
vn 0.708434522 0.703604817 -0.0553236827
vn -0.758505046 0.128031462 -0.638966262
vn 0.298540443 0.793415666 -0.530438602
vn -0.512939394 0.671955824 -0.53419888
vn 0.694034994 0.39555186 -0.601543188
vn -0.740772367 -0.025974635 -0.671253681
vn 0.798509717 0.248183444 -0.548440695
vn 0.849623382 -0.06638138 -0.523195565
vn -0.820345819 -0.234263703 -0.521683037
vn 0.769026637 -0.246993899 -0.58956939
vn -0.6362499 -0.489990711 -0.595898688
vn 0.399800628 -0.342107743 -0.850365639
vn -0.276340783 -0.589310229 -0.759176731
vn -0.362953186 0.886987329 -0.285514295
vn -0.150980473 0.688608825 -0.709241033
vn 0.0474890284 0.692264974 -0.720079124
vn -0.106808804 0.457102805 -0.882977247
vn -0.049853038 0.390848249 -0.919104099
vn -0.106808804 0.457102805 -0.882977247
vn 0.863264322 -0.445301175 -0.23765862
vn 0.0883314312 0.816652894 -0.570329368
vn 0.0113420011 0.971834838 -0.235389978
vn 0.123350114 0.439360321 -0.8898018
vn 0.25534001 0.898262918 0.357666433
vn -0.405078977 0.427265733 -0.808303833
vn -0.624128222 -0.636278272 -0.453446865
vn -0.69898808 0.557041109 -0.4484649
vn 0.463641733 0.882745326 0.0761375129
vn 0.267706335 0.930692494 0.24928847
vn -0.217288673 0.443119407 0.869730294
vn 0.365985602 0.721817195 0.587396383
vn 0.498317957 0.569186926 -0.653992057
vn 0.927118778 0.176874086 -0.330403149
vn 0.91291821 -0.130536854 0.386704683
vn 0.720365882 0.692067921 0.0459886789
vn 0.65635705 0.718991458 0.228575423
vn 0.750001132 0.401131451 0.525920033
vn -0.139546722 0.768868029 0.623993993
vn 0.627792895 0.57081306 0.529196143
vn 0.713339567 0.236789435 0.659603953
vn 0.463641733 0.882745326 0.0761375129
vn 0.750001132 0.401131451 0.525920033
vn 0.464016885 0.853837252 0.235903159
vn 0.627792895 0.57081306 0.529196143
vn -0.334149271 0.146878749 -0.931005299
vn 0.604005814 0.172744289 0.778033674
vn 0.477267921 -0.0642669052 -0.876404643
vn 0.604005814 0.172744289 0.778033674
vn 0.0375338867 0.995892406 -0.0823986679
vn -0.967478812 0.183803245 0.173784643
vn -0.800102115 0.593571901 -0.0866544396
vn -0.793367207 0.424896032 0.435926318
vn -0.793367207 0.424896032 0.435926318
vn -0.811057746 0.454750836 -0.367949784
vn -0.194039479 0.729005098 0.656429946
vn -0.935788572 0.0171569549 -0.352144033
vn -0.892016113 0.434233189 -0.125494093
vn -0.85007447 0.386251181 0.358026981
vn -0.800102115 0.593571901 -0.0866544396
vn -0.321236938 0.669801414 0.669457257
vn -0.793367207 0.424896032 0.435926318
vn -0.458573401 0.866451025 0.197415903
vn -0.793367207 0.424896032 0.435926318
vn -0.0914064646 0.449670255 0.88850522
vn -0.337141722 0.930381596 0.143963814
vn -0.313033104 0.591054142 -0.7434147
vn -0.777705193 0.301180243 -0.551783502
vn -0.458573401 0.866451025 0.197415903
vn -0.0493186191 0.106391206 0.993100405
vn 0.382555872 0.758819938 0.527108371
vn 0.669774175 0.262368053 0.694669306
vn -0.0817443803 0.173263848 0.981477201
vn -0.100642733 0.880830169 0.462611377
vn -0.206784025 0.0974024981 0.97352612
vn -0.595342815 0.685934722 0.418402255
vn -0.15646258 -0.0272814501 0.987307072
vn -0.819708645 0.257500499 0.51163578
vn 0.0719247609 -0.0773391277 0.994407177
vn -0.798094094 -0.224595115 0.559108973
vn 0.242998913 0.179065868 0.953355551
vn -0.194039479 0.729005098 0.656429946
vn 0.141694471 0.339738727 0.929785013
vn -0.217718184 0.022881655 0.975743473
vn 0.537192464 -0.206517234 0.817786574
vn -0.596616209 0.226251572 0.769973576
vn -0.139546722 0.768868029 0.623993993
vn -0.0281020533 0.693500161 0.719908178
vn -0.150741071 0.731952667 0.664471567
vn -0.269963652 0.401248336 0.875282466
vn -0.437118351 0.683830857 0.58421123
vn -0.139546722 0.768868029 0.623993993
vn -0.85007447 0.386251181 0.358026981
vn 0.00255438825 0.46697554 0.884266555
vn 0.627792895 0.57081306 0.529196143
vn -0.137451008 0.464001864 0.8751055
vn -0.105764896 0.327662855 0.938856125
vn -0.443842918 0.347856045 0.825832605
vn -0.154808924 0.44574827 0.881670415
vn -0.594917655 0.186810747 0.781776667
vn -0.184008375 0.120173126 0.975550771
vn 0.234379187 0.217520669 0.947497368
vn -0.219747394 0.3611359 0.90625155
vn 0.0366024189 0.314466685 0.948562503
vn -0.0794157013 0.305513591 0.948870122
vn -0.118942343 0.295361638 0.947952628
vn 0.497150004 0.112553924 -0.860333323
vn -0.829933941 0.355118066 0.430233419
vn 0.0129089002 0.995235264 -0.0966445282
vn 0.0346902572 -0.120468929 -0.992110789
g green_asn_m_pve_3_boots_0
f 3/3/3 2/2/2 1/1/1
f 2/2/2 4/4/4 1/1/1
f 3/3/3 1/1/1 5/5/5
f 6/6/6 5/5/5 1/1/1
f 3/3/3 5/5/5 7/7/7
f 3/3/3 8/8/8 2/2/2
f 8/8/8 3/3/3 9/9/9
f 10/10/10 9/9/9 3/3/3
f 11/11/11 10/10/10 5/5/5
f 11/11/11 12/12/12 7/7/7
f 13/13/13 7/7/7 12/12/12
f 12/12/12 14/14/14 13/13/13
f 15/15/15 13/13/13 14/14/14
f 15/15/15 16/16/16 13/13/13
f 16/16/16 15/15/15 17/17/17
f 16/16/16 17/17/17 18/18/18
f 19/19/19 17/17/17 15/15/15
f 13/13/13 16/16/16 20/20/20
f 18/18/18 20/20/20 16/16/16
f 20/20/20 21/21/21 13/13/13
f 22/22/22 13/13/13 21/21/21
f 20/20/20 18/18/18 23/23/23
f 24/24/24 23/23/23 18/18/18
f 26/26/26 18/18/18 25/25/25
f 28/28/28 1/1/1 27/27/27
f 31/31/31 30/30/30 29/29/29
f 32/32/32 29/29/29 30/30/30
f 32/32/32 33/33/33 29/29/29
f 34/34/34 29/29/29 33/33/33
f 30/30/30 35/35/35 32/32/32
f 36/36/36 32/32/32 35/35/35
f 36/36/36 37/37/37 32/32/32
f 33/33/33 32/32/32 37/37/37
f 31/31/31 29/29/29 38/38/38
f 39/39/39 38/38/38 29/29/29
f 39/39/39 29/29/29 40/40/40
f 34/34/34 40/40/40 29/29/29
f 39/39/39 40/40/40 41/41/41
f 42/42/42 41/41/41 40/40/40
f 42/42/42 43/43/43 41/41/41
f 44/44/44 41/41/41 43/43/43
f 31/31/31 45/45/45 30/30/30
f 31/31/31 46/46/46 45/45/45
f 47/47/47 45/45/45 46/46/46
f 38/38/38 39/39/39 48/48/48
f 49/49/49 39/39/39 41/41/41
f 41/41/41 44/44/44 50/50/50
f 41/41/41 50/50/50 49/49/49
f 51/51/51 50/50/50 44/44/44
f 51/51/51 52/52/52 50/50/50
f 51/51/51 53/53/53 52/52/52
f 54/54/54 52/52/52 53/53/53
f 53/53/53 55/55/55 54/54/54
f 56/56/56 50/50/50 52/52/52
f 50/50/50 56/56/56 57/57/57
f 58/58/58 57/57/57 56/56/56
f 57/57/57 58/58/58 59/59/59
f 60/60/60 59/59/59 58/58/58
f 58/58/58 56/56/56 61/61/61
f 52/52/52 61/61/61 56/56/56
f 52/52/52 54/54/54 61/61/61
f 62/62/62 61/61/61 54/54/54
f 62/62/62 54/54/54 63/63/63
f 64/64/64 63/63/63 54/54/54
f 62/62/62 63/63/63 65/65/65
f 53/53/53 51/51/51 66/66/66
f 53/53/53 66/66/66 67/67/67
f 69/69/69 68/68/68 66/66/66
f 70/70/70 66/66/66 68/68/68
f 66/66/66 44/44/44 69/69/69
f 69/69/69 71/71/71 68/68/68
f 44/44/44 66/66/66 51/51/51
f 73/73/73 72/72/72 44/44/44
f 76/76/76 75/75/75 74/74/74
f 79/79/79 78/78/78 77/77/77
f 81/81/81 77/77/77 80/80/80
f 77/77/77 81/81/81 82/82/82
f 83/83/83 82/82/82 81/81/81
f 80/80/80 84/84/84 81/81/81
f 83/83/83 81/81/81 84/84/84
f 84/84/84 80/80/80 85/85/85
f 86/86/86 85/85/85 80/80/80
f 85/85/85 87/87/87 84/84/84
f 88/88/88 84/84/84 87/87/87
f 87/87/87 89/89/89 88/88/88
f 90/90/90 88/88/88 89/89/89
f 90/90/90 91/91/91 88/88/88
f 92/92/92 88/88/88 91/91/91
f 88/88/88 92/92/92 84/84/84
f 83/83/83 84/84/84 92/92/92
f 92/92/92 91/91/91 93/93/93
f 92/92/92 93/93/93 83/83/83
f 82/82/82 83/83/83 93/93/93
f 91/91/91 90/90/90 94/94/94
f 91/91/91 94/94/94 95/95/95
f 95/95/95 96/96/96 91/91/91
f 97/97/97 91/91/91 96/96/96
f 95/95/95 94/94/94 98/98/98
f 98/98/98 94/94/94 99/99/99
f 100/100/100 99/99/99 94/94/94
f 100/100/100 94/94/94 90/90/90
f 99/99/99 100/100/100 101/101/101
f 100/100/100 102/102/102 101/101/101
f 103/103/103 101/101/101 102/102/102
f 104/104/104 103/103/103 102/102/102
f 105/105/105 104/104/104 102/102/102
f 105/105/105 106/106/106 104/104/104
f 107/107/107 104/104/104 106/106/106
f 108/108/108 107/107/107 106/106/106
f 108/108/108 109/109/109 107/107/107
f 108/108/108 110/110/110 109/109/109
f 106/106/106 110/110/110 108/108/108
f 111/111/111 109/109/109 110/110/110
f 112/112/112 107/107/107 109/109/109
f 109/109/109 113/113/113 112/112/112
f 109/109/109 111/111/111 113/113/113
f 112/112/112 113/113/113 114/114/114
f 115/115/115 114/114/114 113/113/113
f 113/113/113 116/116/116 115/115/115
f 113/113/113 111/111/111 116/116/116
f 116/116/116 117/117/117 115/115/115
f 117/117/117 116/116/116 118/118/118
f 118/118/118 119/119/119 117/117/117
f 120/120/120 119/119/119 118/118/118
f 120/120/120 121/121/121 119/119/119
f 122/122/122 119/119/119 121/121/121
f 122/122/122 121/121/121 123/123/123
f 124/124/124 123/123/123 121/121/121
f 121/121/121 125/125/125 124/124/124
f 119/119/119 122/122/122 126/126/126
f 127/127/127 126/126/126 122/122/122
f 122/122/122 128/128/128 127/127/127
f 129/129/129 127/127/127 128/128/128
f 126/126/126 127/127/127 130/130/130
f 129/129/129 130/130/130 127/127/127
f 126/126/126 130/130/130 131/131/131
f 132/132/132 131/131/131 130/130/130
f 132/132/132 133/133/133 131/131/131
f 134/134/134 131/131/131 133/133/133
f 131/131/131 134/134/134 126/126/126
f 134/134/134 133/133/133 135/135/135
f 136/136/136 135/135/135 133/133/133
f 135/135/135 137/137/137 134/134/134
f 137/137/137 138/138/138 134/134/134
f 138/138/138 126/126/126 134/134/134
f 119/119/119 126/126/126 138/138/138
f 138/138/138 117/117/117 119/119/119
f 117/117/117 138/138/138 139/139/139
f 137/137/137 139/139/139 138/138/138
f 139/139/139 115/115/115 117/117/117
f 115/115/115 139/139/139 140/140/140
f 140/140/140 139/139/139 141/141/141
f 137/137/137 141/141/141 139/139/139
f 137/137/137 142/142/142 141/141/141
f 142/142/142 137/137/137 143/143/143
f 141/141/141 142/142/142 144/144/144
f 145/145/145 144/144/144 142/142/142
f 142/142/142 146/146/146 145/145/145
f 147/147/147 145/145/145 146/146/146
f 144/144/144 145/145/145 148/148/148
f 147/147/147 148/148/148 145/145/145
f 141/141/141 144/144/144 149/149/149
f 141/141/141 149/149/149 140/140/140
f 149/149/149 144/144/144 150/150/150
f 150/150/150 151/151/151 149/149/149
f 150/150/150 152/152/152 151/151/151
f 150/150/150 153/153/153 152/152/152
f 153/153/153 150/150/150 144/144/144
f 154/154/154 152/152/152 153/153/153
f 155/155/155 151/151/151 152/152/152
f 144/144/144 156/156/156 153/153/153
f 154/154/154 153/153/153 156/156/156
f 157/157/157 149/149/149 151/151/151
f 155/155/155 158/158/158 151/151/151
f 157/157/157 159/159/159 149/149/149
f 159/159/159 140/140/140 149/149/149
f 140/140/140 159/159/159 115/115/115
f 114/114/114 115/115/115 159/159/159
f 159/159/159 157/157/157 114/114/114
f 158/158/158 161/161/161 160/160/160
f 162/162/162 160/160/160 161/161/161
f 164/164/164 162/162/162 163/163/163
f 114/114/114 165/165/165 164/164/164
f 162/162/162 164/164/164 165/165/165
f 165/165/165 114/114/114 166/166/166
f 114/114/114 164/164/164 167/167/167
f 168/168/168 167/167/167 164/164/164
f 114/114/114 167/167/167 169/169/169
f 114/114/114 169/169/169 112/112/112
f 107/107/107 112/112/112 169/169/169
f 107/107/107 169/169/169 104/104/104
f 170/170/170 169/169/169 167/167/167
f 167/167/167 171/171/171 170/170/170
f 170/170/170 103/103/103 169/169/169
f 104/104/104 169/169/169 103/103/103
f 171/171/171 172/172/172 170/170/170
f 103/103/103 170/170/170 172/172/172
f 173/173/173 172/172/172 171/171/171
f 171/171/171 174/174/174 173/173/173
f 175/175/175 173/173/173 174/174/174
f 174/174/174 171/171/171 176/176/176
f 167/167/167 176/176/176 171/171/171
f 168/168/168 177/177/177 167/167/167
f 178/178/178 167/167/167 177/177/177
f 177/177/177 168/168/168 179/179/179
f 164/164/164 179/179/179 168/168/168
f 103/103/103 172/172/172 180/180/180
f 180/180/180 101/101/101 103/103/103
f 181/181/181 180/180/180 172/172/172
f 180/180/180 181/181/181 101/101/101
f 172/172/172 182/182/182 181/181/181
f 172/172/172 173/173/173 182/182/182
f 99/99/99 101/101/101 181/181/181
f 183/183/183 99/99/99 181/181/181
f 184/184/184 99/99/99 183/183/183
f 99/99/99 184/184/184 98/98/98
f 185/185/185 98/98/98 184/184/184
f 185/185/185 186/186/186 98/98/98
f 95/95/95 98/98/98 186/186/186
f 185/185/185 184/184/184 187/187/187
f 188/188/188 187/187/187 184/184/184
f 184/184/184 189/189/189 188/188/188
f 190/190/190 188/188/188 189/189/189
f 190/190/190 191/191/191 188/188/188
f 187/187/187 188/188/188 191/191/191
f 186/186/186 185/185/185 192/192/192
f 191/191/191 192/192/192 187/187/187
f 185/185/185 187/187/187 192/192/192
f 193/193/193 182/182/182 173/173/173
f 194/194/194 179/179/179 162/162/162
f 142/142/142 196/196/196 195/195/195
f 198/198/198 195/195/195 197/197/197
f 199/199/199 120/120/120 118/118/118
f 199/199/199 118/118/118 200/200/200
f 200/200/200 118/118/118 201/201/201
f 116/116/116 201/201/201 118/118/118
f 201/201/201 116/116/116 111/111/111
f 200/200/200 201/201/201 202/202/202
f 203/203/203 202/202/202 201/201/201
f 203/203/203 204/204/204 202/202/202
f 205/205/205 202/202/202 204/204/204
f 206/206/206 202/202/202 205/205/205
f 203/203/203 201/201/201 207/207/207
f 111/111/111 207/207/207 201/201/201
f 208/208/208 203/203/203 207/207/207
f 209/209/209 207/207/207 111/111/111
f 209/209/209 111/111/111 210/210/210
f 102/102/102 209/209/209 210/210/210
f 209/209/209 102/102/102 211/211/211
f 100/100/100 211/211/211 102/102/102
f 90/90/90 211/211/211 100/100/100
f 90/90/90 212/212/212 211/211/211
f 90/90/90 89/89/89 212/212/212
f 213/213/213 212/212/212 89/89/89
f 209/209/209 211/211/211 214/214/214
f 211/211/211 212/212/212 214/214/214
f 214/214/214 212/212/212 215/215/215
f 215/215/215 216/216/216 214/214/214
f 216/216/216 215/215/215 217/217/217
f 218/218/218 217/217/217 215/215/215
f 219/219/219 214/214/214 216/216/216
f 214/214/214 219/219/219 209/209/209
f 208/208/208 216/216/216 220/220/220
f 217/217/217 221/221/221 216/216/216
f 207/207/207 219/219/219 208/208/208
f 209/209/209 219/219/219 207/207/207
f 216/216/216 222/222/222 219/219/219
f 224/224/224 215/215/215 223/223/223
f 225/225/225 2/2/2 8/8/8
f 2/2/2 225/225/225 4/4/4
f 226/226/226 4/4/4 225/225/225
f 30/30/30 228/228/228 227/227/227
f 229/229/229 227/227/227 228/228/228
f 228/228/228 30/30/30 45/45/45
f 232/232/232 231/231/231 230/230/230
f 230/230/230 231/231/231 233/233/233
f 234/234/234 233/233/233 231/231/231
f 233/233/233 235/235/235 230/230/230
f 233/233/233 236/236/236 235/235/235
f 233/233/233 237/237/237 236/236/236
f 237/237/237 238/238/238 236/236/236
f 239/239/239 235/235/235 236/236/236
f 236/236/236 240/240/240 239/239/239
f 236/236/236 241/241/241 240/240/240
f 241/241/241 236/236/236 242/242/242
f 243/243/243 239/239/239 240/240/240
f 243/243/243 240/240/240 244/244/244
f 245/245/245 244/244/244 240/240/240
f 240/240/240 246/246/246 245/245/245
f 247/247/247 243/243/243 244/244/244
f 247/247/247 244/244/244 248/248/248
f 247/247/247 249/249/249 243/243/243
f 250/250/250 243/243/243 249/249/249
f 250/250/250 249/249/249 251/251/251
f 252/252/252 251/251/251 249/249/249
f 251/251/251 252/252/252 253/253/253
f 253/253/253 254/254/254 251/251/251
f 254/254/254 253/253/253 255/255/255
f 254/254/254 255/255/255 256/256/256
f 257/257/257 256/256/256 255/255/255
f 256/256/256 257/257/257 258/258/258
f 259/259/259 258/258/258 257/257/257
f 260/260/260 255/255/255 253/253/253
f 261/261/261 251/251/251 254/254/254
f 254/254/254 256/256/256 261/261/261
f 251/251/251 261/261/261 250/250/250
f 262/262/262 261/261/261 256/256/256
f 256/256/256 258/258/258 262/262/262
f 263/263/263 262/262/262 258/258/258
f 263/263/263 258/258/258 264/264/264
f 265/265/265 264/264/264 258/258/258
f 265/265/265 258/258/258 266/266/266
f 267/267/267 266/266/266 258/258/258
f 268/268/268 253/253/253 252/252/252
f 253/253/253 268/268/268 260/260/260
f 269/269/269 260/260/260 268/268/268
f 265/265/265 266/266/266 270/270/270
f 271/271/271 270/270/270 266/266/266
f 270/270/270 272/272/272 265/265/265
f 264/264/264 265/265/265 273/273/273
f 271/271/271 274/274/274 270/270/270
f 275/275/275 270/270/270 274/274/274
f 270/270/270 275/275/275 276/276/276
f 269/269/269 268/268/268 277/277/277
f 278/278/278 277/277/277 268/268/268
f 268/268/268 279/279/279 278/278/278
f 273/273/273 280/280/280 264/264/264
f 281/281/281 264/264/264 280/280/280
f 264/264/264 281/281/281 263/263/263
f 282/282/282 263/263/263 281/281/281
f 281/281/281 283/283/283 282/282/282
f 281/281/281 280/280/280 283/283/283
f 284/284/284 282/282/282 283/283/283
f 283/283/283 285/285/285 284/284/284
f 230/230/230 284/284/284 285/285/285
f 284/284/284 230/230/230 235/235/235
f 282/282/282 284/284/284 286/286/286
f 235/235/235 286/286/286 284/284/284
f 286/286/286 235/235/235 287/287/287
f 239/239/239 287/287/287 235/235/235
f 239/239/239 243/243/243 287/287/287
f 250/250/250 287/287/287 243/243/243
f 250/250/250 288/288/288 287/287/287
f 287/287/287 288/288/288 286/286/286
f 288/288/288 250/250/250 261/261/261
f 261/261/261 262/262/262 288/288/288
f 263/263/263 282/282/282 262/262/262
f 289/289/289 288/288/288 262/262/262
f 289/289/289 262/262/262 282/282/282
f 289/289/289 282/282/282 286/286/286
f 289/289/289 286/286/286 288/288/288
f 283/283/283 290/290/290 285/285/285
f 283/283/283 291/291/291 290/290/290
f 292/292/292 230/230/230 285/285/285
f 230/230/230 292/292/292 293/293/293
f 294/294/294 293/293/293 292/292/292
f 293/293/293 232/232/232 230/230/230
f 296/296/296 290/290/290 295/295/295
f 295/295/295 283/283/283 280/280/280
f 298/298/298 297/297/297 246/246/246
f 300/300/300 240/240/240 299/299/299
f 105/105/105 210/210/210 106/106/106
f 110/110/110 106/106/106 210/210/210
f 110/110/110 210/210/210 111/111/111
f 102/102/102 210/210/210 105/105/105
f 303/303/303 302/302/302 301/301/301
f 304/304/304 301/301/301 302/302/302
f 301/301/301 305/305/305 303/303/303
f 306/306/306 303/303/303 305/305/305
f 306/306/306 305/305/305 307/307/307
f 308/308/308 307/307/307 305/305/305
f 307/307/307 308/308/308 309/309/309
f 310/310/310 309/309/309 308/308/308
f 309/309/309 310/310/310 311/311/311
f 312/312/312 311/311/311 310/310/310
f 315/315/315 314/314/314 313/313/313
f 316/316/316 313/313/313 314/314/314
f 317/317/317 313/313/313 316/316/316
f 319/319/319 317/317/317 318/318/318
f 322/322/322 321/321/321 320/320/320
f 322/322/322 320/320/320 323/323/323
f 320/320/320 321/321/321 324/324/324
f 321/321/321 325/325/325 324/324/324
f 323/323/323 320/320/320 326/326/326
f 329/329/329 328/328/328 327/327/327
f 330/330/330 327/327/327 328/328/328
f 329/329/329 327/327/327 331/331/331
f 331/331/331 327/327/327 332/332/332
f 332/332/332 333/333/333 331/331/331
f 330/330/330 335/335/335 334/334/334
f 334/334/334 336/336/336 330/330/330
f 336/336/336 334/334/334 337/337/337
f 338/338/338 337/337/337 334/334/334
f 340/340/340 339/339/339 330/330/330
f 341/341/341 340/340/340 330/330/330
f 343/343/343 334/334/334 342/342/342
f 346/346/346 345/345/345 344/344/344
f 348/348/348 344/344/344 347/347/347
f 351/351/351 350/350/350 349/349/349
f 351/351/351 353/353/353 352/352/352
f 349/349/349 355/355/355 354/354/354
f 356/356/356 354/354/354 355/355/355
f 355/355/355 357/357/357 356/356/356
f 349/349/349 354/354/354 358/358/358
f 360/360/360 353/353/353 359/359/359
f 362/362/362 361/361/361 359/359/359
f 359/359/359 363/363/363 362/362/362
f 363/363/363 364/364/364 362/362/362
f 365/365/365 362/362/362 364/364/364
f 367/367/367 366/366/366 365/365/365
f 370/370/370 369/369/369 368/368/368
f 371/371/371 368/368/368 369/369/369
f 369/369/369 370/370/370 372/372/372
f 373/373/373 372/372/372 370/370/370
f 372/372/372 373/373/373 374/374/374
f 375/375/375 374/374/374 373/373/373
f 374/374/374 375/375/375 376/376/376
f 377/377/377 376/376/376 375/375/375
f 376/376/376 377/377/377 378/378/378
f 379/379/379 378/378/378 377/377/377
f 378/378/378 379/379/379 380/380/380
f 381/381/381 380/380/380 379/379/379
f 368/368/368 371/371/371 382/382/382
f 382/382/382 371/371/371 383/383/383
f 384/384/384 382/382/382 383/383/383
f 383/383/383 385/385/385 384/384/384
f 386/386/386 380/380/380 381/381/381
f 386/386/386 387/387/387 380/380/380
f 380/380/380 387/387/387 388/388/388
f 389/389/389 387/387/387 386/386/386
f 389/389/389 384/384/384 390/390/390
f 390/390/390 387/387/387 389/389/389
f 391/391/391 380/380/380 388/388/388
f 387/387/387 390/390/390 392/392/392
f 393/393/393 392/392/392 390/390/390
f 394/394/394 392/392/392 393/393/393
f 395/395/395 391/391/391 388/388/388
f 387/387/387 396/396/396 388/388/388
f 397/397/397 388/388/388 396/396/396
f 387/387/387 398/398/398 396/396/396
f 387/387/387 399/399/399 398/398/398
f 399/399/399 387/387/387 400/400/400
f 396/396/396 398/398/398 401/401/401
f 387/387/387 402/402/402 400/400/400
f 392/392/392 402/402/402 387/387/387
f 402/402/402 392/392/392 403/403/403
f 400/400/400 402/402/402 404/404/404
f 407/407/407 406/406/406 405/405/405
f 408/408/408 405/405/405 406/406/406
f 411/411/411 410/410/410 409/409/409
f 411/411/411 409/409/409 412/412/412
f 410/410/410 413/413/413 409/409/409
f 414/414/414 409/409/409 413/413/413
f 410/410/410 415/415/415 413/413/413
f 410/410/410 411/411/411 416/416/416
f 416/416/416 417/417/417 410/410/410
f 418/418/418 410/410/410 417/417/417
f 419/419/419 413/413/413 418/418/418
f 419/419/419 415/415/415 420/420/420
f 421/421/421 420/420/420 415/415/415
f 420/420/420 421/421/421 422/422/422
f 423/423/423 422/422/422 421/421/421
f 424/424/424 423/423/423 421/421/421
f 424/424/424 425/425/425 423/423/423
f 424/424/424 426/426/426 425/425/425
f 427/427/427 423/423/423 425/425/425
f 426/426/426 424/424/424 428/428/428
f 421/421/421 428/428/428 424/424/424
f 428/428/428 421/421/421 429/429/429
f 430/430/430 429/429/429 421/421/421
f 428/428/428 431/431/431 426/426/426
f 432/432/432 426/426/426 431/431/431
f 434/434/434 433/433/433 426/426/426
f 436/436/436 435/435/435 409/409/409
f 439/439/439 438/438/438 437/437/437
f 440/440/440 437/437/437 438/438/438
f 439/439/439 437/437/437 441/441/441
f 442/442/442 441/441/441 437/437/437
f 438/438/438 439/439/439 443/443/443
f 444/444/444 443/443/443 439/439/439
f 441/441/441 445/445/445 439/439/439
f 444/444/444 439/439/439 445/445/445
f 440/440/440 446/446/446 437/437/437
f 447/447/447 437/437/437 446/446/446
f 442/442/442 437/437/437 448/448/448
f 447/447/447 448/448/448 437/437/437
f 447/447/447 449/449/449 448/448/448
f 450/450/450 448/448/448 449/449/449
f 450/450/450 449/449/449 451/451/451
f 452/452/452 451/451/451 449/449/449
f 440/440/440 438/438/438 453/453/453
f 440/440/440 453/453/453 454/454/454
f 455/455/455 454/454/454 453/453/453
f 447/447/447 446/446/446 456/456/456
f 447/447/447 457/457/457 449/449/449
f 449/449/449 458/458/458 452/452/452
f 458/458/458 449/449/449 457/457/457
f 459/459/459 452/452/452 458/458/458
f 459/459/459 458/458/458 460/460/460
f 459/459/459 460/460/460 461/461/461
f 462/462/462 461/461/461 460/460/460
f 463/463/463 461/461/461 462/462/462
f 464/464/464 460/460/460 458/458/458
f 464/464/464 458/458/458 465/465/465
f 465/465/465 466/466/466 464/464/464
f 465/465/465 467/467/467 466/466/466
f 468/468/468 466/466/466 467/467/467
f 460/460/460 464/464/464 469/469/469
f 466/466/466 469/469/469 464/464/464
f 460/460/460 469/469/469 462/462/462
f 470/470/470 462/462/462 469/469/469
f 470/470/470 471/471/471 462/462/462
f 472/472/472 462/462/462 471/471/471
f 471/471/471 470/470/470 473/473/473
f 461/461/461 474/474/474 459/459/459
f 474/474/474 461/461/461 475/475/475
f 477/477/477 476/476/476 474/474/474
f 478/478/478 474/474/474 476/476/476
f 474/474/474 478/478/478 452/452/452
f 479/479/479 478/478/478 476/476/476
f 452/452/452 459/459/459 474/474/474
f 481/481/481 452/452/452 480/480/480
f 484/484/484 483/483/483 482/482/482
f 487/487/487 486/486/486 485/485/485
f 485/485/485 488/488/488 487/487/487
f 489/489/489 487/487/487 488/488/488
f 489/489/489 490/490/490 487/487/487
f 486/486/486 487/487/487 490/490/490
f 490/490/490 491/491/491 486/486/486
f 492/492/492 486/486/486 491/491/491
f 491/491/491 490/490/490 493/493/493
f 494/494/494 493/493/493 490/490/490
f 493/493/493 494/494/494 495/495/495
f 496/496/496 495/495/495 494/494/494
f 496/496/496 494/494/494 497/497/497
f 498/498/498 497/497/497 494/494/494
f 489/489/489 498/498/498 490/490/490
f 494/494/494 490/490/490 498/498/498
f 497/497/497 498/498/498 499/499/499
f 488/488/488 499/499/499 489/489/489
f 498/498/498 489/489/489 499/499/499
f 497/497/497 500/500/500 496/496/496
f 500/500/500 497/497/497 501/501/501
f 501/501/501 497/497/497 502/502/502
f 503/503/503 502/502/502 497/497/497
f 500/500/500 501/501/501 504/504/504
f 504/504/504 505/505/505 500/500/500
f 506/506/506 500/500/500 505/505/505
f 506/506/506 496/496/496 500/500/500
f 506/506/506 505/505/505 507/507/507
f 506/506/506 507/507/507 508/508/508
f 509/509/509 508/508/508 507/507/507
f 509/509/509 510/510/510 508/508/508
f 510/510/510 511/511/511 508/508/508
f 512/512/512 511/511/511 510/510/510
f 510/510/510 513/513/513 512/512/512
f 513/513/513 514/514/514 512/512/512
f 514/514/514 513/513/513 515/515/515
f 514/514/514 515/515/515 516/516/516
f 516/516/516 512/512/512 514/514/514
f 517/517/517 516/516/516 515/515/515
f 518/518/518 515/515/515 513/513/513
f 519/519/519 515/515/515 518/518/518
f 517/517/517 515/515/515 519/519/519
f 518/518/518 520/520/520 519/519/519
f 521/521/521 519/519/519 520/520/520
f 522/522/522 519/519/519 521/521/521
f 519/519/519 522/522/522 517/517/517
f 522/522/522 521/521/521 523/523/523
f 522/522/522 523/523/523 524/524/524
f 524/524/524 523/523/523 525/525/525
f 525/525/525 526/526/526 524/524/524
f 526/526/526 525/525/525 527/527/527
f 528/528/528 527/527/527 525/525/525
f 528/528/528 529/529/529 527/527/527
f 530/530/530 527/527/527 529/529/529
f 531/531/531 527/527/527 530/530/530
f 525/525/525 532/532/532 528/528/528
f 533/533/533 528/528/528 532/532/532
f 528/528/528 533/533/533 534/534/534
f 535/535/535 534/534/534 533/533/533
f 535/535/535 533/533/533 536/536/536
f 532/532/532 536/536/536 533/533/533
f 532/532/532 537/537/537 536/536/536
f 538/538/538 536/536/536 537/537/537
f 538/538/538 537/537/537 539/539/539
f 540/540/540 539/539/539 537/537/537
f 537/537/537 532/532/532 540/540/540
f 540/540/540 541/541/541 539/539/539
f 542/542/542 539/539/539 541/541/541
f 543/543/543 541/541/541 540/540/540
f 544/544/544 543/543/543 540/540/540
f 544/544/544 540/540/540 532/532/532
f 532/532/532 525/525/525 544/544/544
f 544/544/544 525/525/525 523/523/523
f 543/543/543 544/544/544 545/545/545
f 523/523/523 545/545/545 544/544/544
f 545/545/545 523/523/523 521/521/521
f 545/545/545 521/521/521 546/546/546
f 543/543/543 545/545/545 547/547/547
f 546/546/546 547/547/547 545/545/545
f 548/548/548 543/543/543 547/547/547
f 543/543/543 548/548/548 549/549/549
f 547/547/547 550/550/550 548/548/548
f 551/551/551 548/548/548 550/550/550
f 548/548/548 551/551/551 552/552/552
f 553/553/553 552/552/552 551/551/551
f 553/553/553 551/551/551 554/554/554
f 550/550/550 554/554/554 551/551/551
f 550/550/550 547/547/547 555/555/555
f 547/547/547 546/546/546 555/555/555
f 555/555/555 556/556/556 550/550/550
f 556/556/556 555/555/555 557/557/557
f 556/556/556 557/557/557 558/558/558
f 556/556/556 558/558/558 559/559/559
f 559/559/559 550/550/550 556/556/556
f 560/560/560 559/559/559 558/558/558
f 561/561/561 558/558/558 557/557/557
f 560/560/560 562/562/562 559/559/559
f 550/550/550 559/559/559 562/562/562
f 563/563/563 557/557/557 555/555/555
f 564/564/564 561/561/561 557/557/557
f 565/565/565 563/563/563 555/555/555
f 565/565/565 555/555/555 546/546/546
f 546/546/546 521/521/521 565/565/565
f 520/520/520 565/565/565 521/521/521
f 563/563/563 565/565/565 520/520/520
f 564/564/564 567/567/567 566/566/566
f 568/568/568 566/566/566 567/567/567
f 570/570/570 568/568/568 569/569/569
f 572/572/572 571/571/571 568/568/568
f 568/568/568 573/573/573 572/572/572
f 520/520/520 572/572/572 573/573/573
f 520/520/520 573/573/573 574/574/574
f 520/520/520 575/575/575 572/572/572
f 576/576/576 572/572/572 575/575/575
f 572/572/572 576/576/576 569/569/569
f 520/520/520 577/577/577 575/575/575
f 520/520/520 518/518/518 577/577/577
f 513/513/513 577/577/577 518/518/518
f 577/577/577 513/513/513 510/510/510
f 578/578/578 575/575/575 577/577/577
f 579/579/579 575/575/575 578/578/578
f 510/510/510 509/509/509 577/577/577
f 578/578/578 577/577/577 509/509/509
f 509/509/509 580/580/580 578/578/578
f 579/579/579 578/578/578 580/580/580
f 580/580/580 581/581/581 579/579/579
f 579/579/579 581/581/581 582/582/582
f 583/583/583 582/582/582 581/581/581
f 575/575/575 579/579/579 584/584/584
f 582/582/582 584/584/584 579/579/579
f 576/576/576 575/575/575 585/585/585
f 586/586/586 585/585/585 575/575/575
f 585/585/585 569/569/569 576/576/576
f 509/509/509 587/587/587 580/580/580
f 507/507/507 587/587/587 509/509/509
f 588/588/588 580/580/580 587/587/587
f 587/587/587 507/507/507 588/588/588
f 589/589/589 580/580/580 588/588/588
f 580/580/580 589/589/589 581/581/581
f 505/505/505 588/588/588 507/507/507
f 505/505/505 590/590/590 588/588/588
f 505/505/505 591/591/591 590/590/590
f 505/505/505 504/504/504 591/591/591
f 592/592/592 591/591/591 504/504/504
f 592/592/592 504/504/504 593/593/593
f 501/501/501 593/593/593 504/504/504
f 592/592/592 594/594/594 591/591/591
f 595/595/595 591/591/591 594/594/594
f 591/591/591 595/595/595 590/590/590
f 596/596/596 590/590/590 595/595/595
f 594/594/594 597/597/597 595/595/595
f 596/596/596 595/595/595 597/597/597
f 592/592/592 593/593/593 598/598/598
f 592/592/592 598/598/598 594/594/594
f 597/597/597 594/594/594 598/598/598
f 599/599/599 581/581/581 589/589/589
f 601/601/601 485/485/485 600/600/600
f 604/604/604 603/603/603 602/602/602
f 548/548/548 602/602/602 605/605/605
f 526/526/526 606/606/606 524/524/524
f 524/524/524 606/606/606 607/607/607
f 607/607/607 608/608/608 524/524/524
f 522/522/522 524/524/524 608/608/608
f 608/608/608 517/517/517 522/522/522
f 607/607/607 609/609/609 608/608/608
f 610/610/610 608/608/608 609/609/609
f 610/610/610 609/609/609 611/611/611
f 612/612/612 611/611/611 609/609/609
f 609/609/609 613/613/613 612/612/612
f 517/517/517 608/608/608 614/614/614
f 610/610/610 614/614/614 608/608/608
f 610/610/610 615/615/615 614/614/614
f 614/614/614 616/616/616 517/517/517
f 616/616/616 617/617/617 517/517/517
f 616/616/616 508/508/508 617/617/617
f 616/616/616 618/618/618 508/508/508
f 506/506/506 508/508/508 618/618/618
f 618/618/618 496/496/496 506/506/506
f 619/619/619 496/496/496 618/618/618
f 496/496/496 619/619/619 495/495/495
f 620/620/620 495/495/495 619/619/619
f 618/618/618 616/616/616 621/621/621
f 619/619/619 618/618/618 621/621/621
f 621/621/621 622/622/622 619/619/619
f 622/622/622 621/621/621 623/623/623
f 623/623/623 624/624/624 622/622/622
f 625/625/625 622/622/622 624/624/624
f 626/626/626 623/623/623 621/621/621
f 626/626/626 621/621/621 616/616/616
f 624/624/624 623/623/623 627/627/627
f 626/626/626 616/616/616 614/614/614
f 623/623/623 626/626/626 628/628/628
f 614/614/614 615/615/615 626/626/626
f 615/615/615 629/629/629 623/623/623
f 631/631/631 630/630/630 622/622/622
f 632/632/632 416/416/416 411/411/411
f 411/411/411 412/412/412 632/632/632
f 633/633/633 632/632/632 412/412/412
f 636/636/636 635/635/635 634/634/634
f 438/438/438 634/634/634 635/635/635
f 635/635/635 453/453/453 438/438/438
f 639/639/639 638/638/638 637/637/637
f 637/637/637 640/640/640 639/639/639
f 641/641/641 639/639/639 640/640/640
f 640/640/640 637/637/637 642/642/642
f 640/640/640 642/642/642 643/643/643
f 644/644/644 640/640/640 643/643/643
f 644/644/644 643/643/643 645/645/645
f 646/646/646 643/643/643 642/642/642
f 643/643/643 646/646/646 647/647/647
f 643/643/643 647/647/647 648/648/648
f 648/648/648 649/649/649 643/643/643
f 650/650/650 647/647/647 646/646/646
f 650/650/650 651/651/651 647/647/647
f 652/652/652 647/647/647 651/651/651
f 647/647/647 652/652/652 653/653/653
f 650/650/650 654/654/654 651/651/651
f 651/651/651 654/654/654 655/655/655
f 654/654/654 650/650/650 656/656/656
f 657/657/657 656/656/656 650/650/650
f 657/657/657 658/658/658 656/656/656
f 659/659/659 656/656/656 658/658/658
f 658/658/658 660/660/660 659/659/659
f 660/660/660 658/658/658 661/661/661
f 661/661/661 662/662/662 660/660/660
f 661/661/661 663/663/663 662/662/662
f 664/664/664 662/662/662 663/663/663
f 663/663/663 665/665/665 664/664/664
f 666/666/666 664/664/664 665/665/665
f 667/667/667 660/660/660 662/662/662
f 668/668/668 661/661/661 658/658/658
f 661/661/661 668/668/668 663/663/663
f 658/658/658 657/657/657 668/668/668
f 669/669/669 663/663/663 668/668/668
f 663/663/663 669/669/669 665/665/665
f 670/670/670 665/665/665 669/669/669
f 670/670/670 671/671/671 665/665/665
f 672/672/672 665/665/665 671/671/671
f 672/672/672 673/673/673 665/665/665
f 674/674/674 665/665/665 673/673/673
f 675/675/675 659/659/659 660/660/660
f 660/660/660 667/667/667 675/675/675
f 676/676/676 675/675/675 667/667/667
f 672/672/672 677/677/677 673/673/673
f 678/678/678 673/673/673 677/677/677
f 671/671/671 679/679/679 672/672/672
f 677/677/677 672/672/672 680/680/680
f 678/678/678 677/677/677 681/681/681
f 682/682/682 681/681/681 677/677/677
f 682/682/682 677/677/677 683/683/683
f 676/676/676 684/684/684 675/675/675
f 685/685/685 675/675/675 684/684/684
f 686/686/686 675/675/675 685/685/685
f 679/679/679 671/671/671 687/687/687
f 688/688/688 687/687/687 671/671/671
f 671/671/671 670/670/670 688/688/688
f 689/689/689 688/688/688 670/670/670
f 688/688/688 689/689/689 690/690/690
f 688/688/688 690/690/690 687/687/687
f 691/691/691 690/690/690 689/689/689
f 690/690/690 691/691/691 692/692/692
f 637/637/637 692/692/692 691/691/691
f 691/691/691 642/642/642 637/637/637
f 642/642/642 691/691/691 693/693/693
f 689/689/689 693/693/693 691/691/691
f 693/693/693 694/694/694 642/642/642
f 646/646/646 642/642/642 694/694/694
f 646/646/646 694/694/694 650/650/650
f 657/657/657 650/650/650 694/694/694
f 695/695/695 657/657/657 694/694/694
f 694/694/694 693/693/693 695/695/695
f 695/695/695 668/668/668 657/657/657
f 668/668/668 695/695/695 669/669/669
f 670/670/670 669/669/669 689/689/689
f 696/696/696 669/669/669 695/695/695
f 696/696/696 689/689/689 669/669/669
f 689/689/689 696/696/696 693/693/693
f 696/696/696 695/695/695 693/693/693
f 697/697/697 690/690/690 692/692/692
f 690/690/690 697/697/697 698/698/698
f 637/637/637 699/699/699 692/692/692
f 637/637/637 700/700/700 699/699/699
f 701/701/701 699/699/699 700/700/700
f 638/638/638 700/700/700 637/637/637
f 703/703/703 702/702/702 697/697/697
f 702/702/702 687/687/687 690/690/690
f 705/705/705 653/653/653 704/704/704
f 707/707/707 706/706/706 647/647/647
f 617/617/617 511/511/511 512/512/512
f 512/512/512 516/516/516 617/617/617
f 516/516/516 517/517/517 617/617/617
f 617/617/617 508/508/508 511/511/511
f 710/710/710 709/709/709 708/708/708
f 711/711/711 708/708/708 709/709/709
f 708/708/708 711/711/711 712/712/712
f 713/713/713 712/712/712 711/711/711
f 713/713/713 714/714/714 712/712/712
f 715/715/715 712/712/712 714/714/714
f 714/714/714 716/716/716 715/715/715
f 717/717/717 715/715/715 716/716/716
f 716/716/716 718/718/718 717/717/717
f 719/719/719 717/717/717 718/718/718
f 722/722/722 721/721/721 720/720/720
f 720/720/720 723/723/723 722/722/722
f 720/720/720 724/724/724 723/723/723
f 724/724/724 726/726/726 725/725/725
f 729/729/729 728/728/728 727/727/727
f 727/727/727 728/728/728 730/730/730
f 729/729/729 727/727/727 731/731/731
f 732/732/732 729/729/729 731/731/731
f 727/727/727 730/730/730 733/733/733
f 736/736/736 735/735/735 734/734/734
f 734/734/734 737/737/737 736/736/736
f 734/734/734 735/735/735 738/738/738
f 734/734/734 738/738/738 739/739/739
f 740/740/740 739/739/739 738/738/738
f 742/742/742 737/737/737 741/741/741
f 743/743/743 741/741/741 737/737/737
f 743/743/743 744/744/744 741/741/741
f 745/745/745 741/741/741 744/744/744
f 747/747/747 746/746/746 737/737/737
f 746/746/746 748/748/748 737/737/737
f 741/741/741 750/750/750 749/749/749
f 753/753/753 752/752/752 751/751/751
f 755/755/755 751/751/751 754/754/754
f 758/758/758 757/757/757 756/756/756
f 760/760/760 757/757/757 759/759/759
f 756/756/756 762/762/762 761/761/761
f 763/763/763 761/761/761 762/762/762
f 764/764/764 761/761/761 763/763/763
f 762/762/762 756/756/756 765/765/765
f 760/760/760 767/767/767 766/766/766
f 769/769/769 768/768/768 766/766/766
f 770/770/770 766/766/766 768/768/768
f 770/770/770 768/768/768 771/771/771
f 772/772/772 771/771/771 768/768/768
f 774/774/774 773/773/773 772/772/772
f 777/777/777 776/776/776 775/775/775
f 778/778/778 775/775/775 776/776/776
f 776/776/776 779/779/779 778/778/778
f 780/780/780 778/778/778 779/779/779
f 779/779/779 781/781/781 780/780/780
f 782/782/782 780/780/780 781/781/781
f 781/781/781 783/783/783 782/782/782
f 784/784/784 782/782/782 783/783/783
f 783/783/783 785/785/785 784/784/784
f 786/786/786 784/784/784 785/785/785
f 785/785/785 787/787/787 786/786/786
f 788/788/788 786/786/786 787/787/787
f 777/777/777 775/775/775 789/789/789
f 777/777/777 789/789/789 790/790/790
f 789/789/789 791/791/791 790/790/790
f 790/790/790 791/791/791 792/792/792
f 787/787/787 793/793/793 788/788/788
f 794/794/794 793/793/793 787/787/787
f 794/794/794 787/787/787 795/795/795
f 794/794/794 796/796/796 793/793/793
f 796/796/796 797/797/797 791/791/791
f 794/794/794 797/797/797 796/796/796
f 787/787/787 798/798/798 795/795/795
f 794/794/794 799/799/799 797/797/797
f 800/800/800 797/797/797 799/799/799
f 799/799/799 801/801/801 800/800/800
f 798/798/798 802/802/802 795/795/795
f 803/803/803 794/794/794 795/795/795
f 795/795/795 804/804/804 803/803/803
f 805/805/805 794/794/794 803/803/803
f 806/806/806 794/794/794 805/805/805
f 794/794/794 806/806/806 807/807/807
f 805/805/805 803/803/803 808/808/808
f 809/809/809 794/794/794 807/807/807
f 809/809/809 799/799/799 794/794/794
f 799/799/799 809/809/809 810/810/810
f 809/809/809 807/807/807 811/811/811
f 814/814/814 813/813/813 812/812/812
f 815/815/815 812/812/812 813/813/813
