g jivoglot2
v -0.174388021 0.5726403 0.333843708
v -0.115287684 0.637068272 0.390962452
v -0.209398761 0.5814569 0.399526358
v -0.0968489051 0.58277601 0.310540468
v -0.117200829 0.647062004 0.47408095
v -0 0.674957812 0.477164179
v -0 0.661731839 0.381680638
v -0.220942125 0.583444595 0.476672769
v -0.11820776 0.641739428 0.536375284
v -0.213868484 0.578638494 0.540872216
v -0.251222312 0.492064267 0.387141168
v -0.271353722 0.4855223 0.480983406
v -0.251824468 0.493497103 0.558074415
v -0.172443658 0.558384299 0.608034968
v -0.204063088 0.506196439 0.633837402
v -0.28988114 0.374874502 0.485253781
v -0.275817424 0.370006055 0.576995552
v -0.265715986 0.259329051 0.572777569
v -0.278285414 0.256564051 0.477460206
v -0.22947681 0.154711753 0.553267419
v -0.239960894 0.153381616 0.469691813
v -0.116617829 0.604653358 0.607691586
v -0.259568721 0.257686764 0.387177408
v -0.27067709 0.383060843 0.38365519
v -0.198124245 0.264743298 0.30817017
v -0.209817633 0.390059918 0.291342467
v -0.213655025 0.146622136 0.393189758
v -0.163547516 0.14963384 0.329612643
v -0.169033214 0.0586693957 0.407326967
v -0.109921783 0.0394663587 0.338924676
v -0.0987167433 0.272449285 0.266241908
v -0.0837226585 0.157487839 0.287413478
v -0 0.170409679 0.270675391
v -0 0.110707194 0.294901967
v -0.0638167858 0.0882870257 0.312637925
v -0 0.277678221 0.250321448
v -0.10690102 0.39015761 0.250189513
v -0 0.39015761 0.23820211
v -0.195554569 0.496031553 0.302596867
v -0.103380822 0.505202651 0.264843285
v -0.0968489051 0.58277601 0.310540468
v -0 0.51846683 0.250199586
v -0 0.60035485 0.295695394
v -0 0.0742213205 0.286460936
v -0.048403807 0.0596833639 0.298064709
v -0.0798188075 0.0313676745 0.322936743
v -0 0.0160533786 0.311057031
v -0.0519944988 0.0136901289 0.31970349
v -0 -0.0135481525 0.285026044
v -0.0597860701 -0.0200347509 0.300232589
v -0.0565367304 -0.071896337 0.282694042
v -0 -0.0713032559 0.269453973
v -0 -0.117387123 0.276427925
v -0.0572405718 -0.11965169 0.284106731
v -0.046810858 -0.165460661 0.306576192
v -0 -0.158275262 0.31142956
v -0 -0.177539706 0.330408096
v -0.0408216752 -0.192806676 0.3388834
v -0.0720181763 -0.00406696182 0.318127692
v -0.087254934 -0.0216548909 0.315256894
v -0.0807945207 -0.0414943025 0.306719184
v -0.106991641 -0.028635893 0.311988413
v -0.124855466 -0.0102373883 0.347238839
v -0.126505807 -0.0214333665 0.344795018
v -0.139433712 -0.0402225591 0.352672189
v -0.127272084 0.0156073114 0.362776667
v -0.150087953 0.0149044804 0.409074992
v -0.177835748 -0.0391179658 0.395856082
v -0.192905366 -0.0374847353 0.455088377
v -0.158765614 0.0180360116 0.462061346
v -0.191339582 -0.109984212 0.451678902
v -0.170555681 -0.113235578 0.509047329
v -0.163801253 -0.0429986455 0.515660822
v -0.152250826 -0.165227041 0.494113714
v -0.16950345 -0.165812075 0.448126525
v -0.129963592 -0.189363018 0.478078425
v -0.145784363 -0.189629838 0.44386822
v -0.173965126 -0.108206995 0.391004741
v -0.162528485 -0.167965889 0.395330489
v -0.104202472 -0.202868864 0.463165909
v -0.110732362 -0.204769954 0.432455748
v -0.101875462 -0.243368328 0.453692764
v -0.0721027553 -0.212519228 0.488820285
v -0.0787061602 -0.251586825 0.482631743
v -0.0476264656 -0.250674576 0.489480853
v -0.034940239 -0.214880437 0.50895375
v -0 -0.253397286 0.503197134
v -0 -0.225281984 0.516700029
v -0.0801440477 -0.294107169 0.441402286
v -0.100784965 -0.278886527 0.431973398
v -0.0535532162 -0.279165447 0.467907518
v -0.115767978 -0.239412129 0.433215976
v -0.12018133 -0.263441354 0.415560603
v -0.04018832 -0.199772567 0.548662782
v -0.106381446 -0.186776221 0.493154109
v -0.110219836 -0.165445551 0.519867778
v -0.0416201688 -0.18889074 0.560927093
v -0.115921035 -0.116589636 0.552004755
v -0.10892795 -0.045732446 0.5593009
v -0.133185744 0.0119411051 0.506150484
v -0.101237074 -0.00174499687 0.551317036
v -0.0612561777 -0.00671919808 0.591361344
v -0.156941071 0.0766258538 0.603371918
v -0.092914857 0.0905304626 0.666997373
v -0.0612541661 -0.0438202955 0.601762891
v -0.0466950648 -0.0403937325 0.60438484
v -0 -0.00902908016 0.612086833
v -0.0630001724 -0.0586814731 0.602237105
v -0.185002014 0.080207482 0.533311248
v -0.179799244 0.148697406 0.63789022
v -0.188621894 0.0773558766 0.466847211
v -0.199899465 0.216186419 0.660219789
v -0.119779572 0.239784688 0.735598028
v -0.089863874 0.114559673 0.658303618
v -0.11757239 0.272888303 0.717602372
v -0.221688241 0.3546817 0.665893853
v -0.128935531 0.331867814 0.731027663
v -0.132871583 0.404493183 0.723961115
v -0.123519287 0.431063861 0.699997246
v -0.108917892 0.559820175 0.655654371
v -0 0.483586997 0.733913481
v -0 0.512417197 0.702437043
v -0 0.281172276 0.778187931
v -0 0.335729361 0.757266045
v -0 0.618151188 0.627519011
v -0.0334399231 0.359872341 0.753524303
v -0 0.365988404 0.789371789
v -0.0275323018 0.380393475 0.78348434
v -0 0.398195863 0.814729154
v -0.0197216012 0.406476766 0.808624148
v -0 0.430242211 0.831056416
v -0.0103592277 0.434016138 0.8268888
v -0 0.46327129 0.838160276
v -0.019220151 0.424758524 0.796773672
v -0.0101850294 0.442382693 0.818352103
v -0 0.43551147 0.7911641
v -0 0.447595537 0.813769579
v -0 0.46327129 0.838160276
v -0 0.428666383 0.765282214
v -0.0269422457 0.411020041 0.771198869
v -0 0.431493819 0.746658146
v -0.0334399231 0.40805164 0.745382369
v -0 0.431493819 0.746658146
v -0.0403484255 -0.27451849 0.380279988
v -0.0135129103 -0.302035689 0.395747364
v -0.0142983096 -0.273926437 0.395733267
v -0.0542610809 -0.29783383 0.382132739
v -0.0756602138 -0.286920786 0.391837448
v -0.0215250012 -0.311778694 0.40094611
v -0.0845886022 -0.302291453 0.409437478
v -0.0889385119 -0.287784725 0.398354292
v -0.106521413 -0.274438947 0.39328745
v -0.0847084224 -0.281869054 0.381982714
v -0.0970110223 -0.276415557 0.36803782
v -0.141418353 -0.239787713 0.402962953
v -0.113214426 -0.27426073 0.360046864
v -0.093894586 -0.260096341 0.353820056
v -0.10899239 -0.252157748 0.332460195
v -0.130399585 -0.273088664 0.384181827
v -0.133939937 -0.239215776 0.392153651
v -0.129078507 -0.261726558 0.376730591
v -0.129931375 -0.202135831 0.389810562
v -0.132125467 -0.2129381 0.378657877
v -0.114640221 -0.201818645 0.365241587
v -0.109163575 -0.198630705 0.360525161
v -0.117852315 -0.198417261 0.401365995
v -0.117852315 -0.198417261 0.401365995
v -0.134121165 -0.190049723 0.395286202
v -0.128432065 -0.187483072 0.373360425
v -0.109163575 -0.198630705 0.360525161
v -0.122401595 -0.196625933 0.352578551
v -0.145838737 -0.168688849 0.36719504
v -0.115297742 -0.18893607 0.328498006
v -0.104915366 -0.19127214 0.32104674
v -0.0861936361 -0.194855779 0.349111706
v -0.0870827585 -0.187418655 0.321465611
v -0.117072955 -0.16456449 0.316035241
v -0.111474462 -0.157423392 0.305064827
v -0.125517011 -0.146663412 0.32350865
v -0.0911044106 -0.144145101 0.310775071
v -0.108863503 -0.128228664 0.320278466
v -0.0938583389 -0.115656219 0.310989588
v -0.0831084326 -0.0858845115 0.30534777
v -0.105850786 -0.0482406877 0.307038397
v -0.109599568 -0.0832161605 0.297733426
v -0.1213836 -0.0709890947 0.306367815
v -0.12640512 -0.0643293113 0.31503132
v -0.125517011 -0.146663412 0.32350865
v -0.115241364 -0.111227766 0.304913789
v -0.118847154 -0.125809029 0.325236529
v -0.143868193 -0.112541795 0.330056727
v -0.130556673 -0.124576546 0.339757383
v -0.145075485 -0.119230792 0.352556378
v -0.141685188 -0.0920891836 0.346864223
v -0.140674233 -0.0549377352 0.334446847
v -0.143320426 -0.0733150914 0.330239981
v -0.139085293 -0.144899279 0.347584218
v -0 -0.210146904 0.547732353
v -0.0247471537 -0.204537347 0.547376931
v -0.0158026535 -0.1971737 0.559395552
v -0 -0.182729393 0.582447052
v -0.026406562 -0.187171936 0.568167865
v -0.028899705 -0.157222018 0.587920725
v -0 -0.12629436 0.61064893
v -0.0382771827 -0.144161209 0.593429565
v -0.0394613221 -0.168263927 0.579352736
v -0.0551663116 -0.161116794 0.579157412
v -0.0546014197 -0.14630495 0.587792814
v -0.0646253452 -0.113506436 0.59910053
v -0.0626346543 -0.0970905572 0.602211952
v -0.0500330143 -0.0646515265 0.607492268
v -0.0466749221 -0.0946095064 0.606876016
v -0.0395841673 -0.0534172803 0.608785093
v -0 -0.0566424541 0.618213952
v -0.0495919771 -0.121434949 0.601527214
v -0 -0.12629436 0.61064893
v -0.0376478545 -0.109151497 0.60518539
v -0.0495919771 -0.121434949 0.601527214
v -0 -0.300891817 0.460978836
v -0 -0.280473441 0.483338624
v -0.0542701408 -0.296188504 0.466678083
v -0.0200347509 -0.307582855 0.451418132
v -0.0255768597 -0.309995443 0.445465207
v -0.00481409999 -0.305118889 0.421447068
v -0 -0.300891817 0.460978836
v -0.0215250012 -0.311778694 0.40094611
v -0.0135129103 -0.302035689 0.395747364
v -0 -0.295442373 0.421054333
v -0.0142983096 -0.273926437 0.395733267
v -0 -0.269169718 0.399387389
v -0 -0.300891817 0.460978836
v -0.0542701408 -0.296188504 0.466678083
v -0.0845886022 -0.302291453 0.409437478
v -0.0182917695 -0.258881986 0.377043754
v -0.0165407285 -0.272589236 0.346501768
v -0.0246071909 -0.2714625 0.369912714
v -0.00833430421 -0.25063026 0.346910536
v -0.0165598597 -0.264027387 0.325539619
v -0 -0.253665149 0.378682017
v -0 -0.245734587 0.346740395
v -0 -0.224408969 0.324390709
v -0.0284083262 -0.225157127 0.320552349
v -0.0861936361 -0.194855779 0.349111706
v -0 -0.269169718 0.399387389
v -0.0403484255 -0.27451849 0.380279988
v -0.0404068232 -0.235010862 0.314421117
v -0.0475600101 -0.246864364 0.321479708
v -0.070728302 -0.233666599 0.325143933
v -0.0339856744 -0.26816079 0.32817778
v -0.0308903921 -0.280951738 0.344376177
v -0.070891425 -0.223299325 0.328375161
v -0.070728302 -0.233666599 0.325143933
v -0.0921465755 -0.226649374 0.335604846
v -0.102044627 -0.209995851 0.337559283
v -0.102044627 -0.209995851 0.337559283
v -0.109163575 -0.198630705 0.360525161
v -0.070728302 -0.233666599 0.325143933
v -0.087305285 -0.243641198 0.344046861
v -0.093894586 -0.260096341 0.353820056
v -0.087305285 -0.243641198 0.344046861
v -0.0403484255 -0.27451849 0.380279988
v -0.145838737 -0.168688849 0.36719504
v -0.14957644 -0.203480065 0.339349598
v -0.165753663 -0.171230331 0.347543925
v -0.122401595 -0.196625933 0.352578551
v -0.139085293 -0.144899279 0.347584218
v -0.164244309 -0.143076748 0.329142421
v -0.128432065 -0.187483072 0.373360425
v -0.197842285 -0.206428334 0.311172843
v -0.212561503 -0.171467975 0.314809799
v -0.23379752 -0.192530796 0.277798355
v -0.244175881 -0.17337507 0.28699255
v -0.208664715 -0.147650197 0.300397724
v -0.244193003 -0.149789914 0.276113778
v -0.258606106 -0.19428584 0.249260128
v -0.286991268 -0.17037043 0.270291746
v -0.286991268 -0.17037043 0.270291746
v -0.304245889 -0.14358525 0.248963088
v -0.291428775 -0.140578568 0.229045138
v -0.232760385 -0.145393685 0.259172291
v -0.179420665 -0.20309943 0.291179359
v -0.222032636 -0.188215122 0.260478258
v -0.193897173 -0.145421878 0.282531917
v -0.220505118 -0.164199993 0.25181973
v -0.178620145 -0.165123343 0.273087978
v -0.222032636 -0.188215122 0.260478258
v -0.179420665 -0.20309943 0.291179359
v -0.260463864 -0.166226923 0.217090964
v -0.291428775 -0.140578568 0.229045138
v -0.252289683 -0.190745503 0.236865923
v -0.153107718 -0.139064163 0.307697952
v -0.13727285 -0.168347508 0.300534725
v -0.125517011 -0.146663412 0.32350865
v -0.117072955 -0.16456449 0.316035241
v -0.136884183 -0.199745387 0.318766057
v -0.115297742 -0.18893607 0.328498006
v -0.139085293 -0.144899279 0.347584218
v -0.125517011 -0.146663412 0.32350865
v -0.304245889 -0.14358525 0.248963088
v -0.286991268 -0.17037043 0.270291746
v -0.31186831 -0.165205896 0.260128856
v -0.312056601 -0.1512288 0.22778447
v -0.291428775 -0.140578568 0.229045138
v -0.314607143 -0.184192464 0.208132356
v -0.293700397 -0.189603642 0.248321682
v -0.310055852 -0.221572474 0.215674207
v -0.279858232 -0.19429794 0.23986353
v -0.295165479 -0.238256186 0.214722663
v -0.342187792 -0.269960165 0.199380159
v -0.299140811 -0.307559699 0.195126936
v -0.324875712 -0.220861569 0.191408381
v -0.346476287 -0.250732958 0.165466994
v -0.307683527 -0.254843205 0.152434394
v -0.301284552 -0.215031505 0.186169356
v -0.28572759 -0.236658186 0.198548451
v -0.283549607 -0.29840976 0.168701246
v -0.347926199 -0.303941816 0.147569954
v -0.344801754 -0.317256361 0.166812241
v -0.339384526 -0.362866968 0.136491776
v -0.332005799 -0.367709279 0.152101129
v -0.295892447 -0.332339078 0.160431385
v -0.293647021 -0.370239675 0.150491029
v -0.324207157 -0.305501521 0.135133445
v -0.316248417 -0.361704975 0.12859045
v -0.295892447 -0.332339078 0.160431385
v -0.293647021 -0.370239675 0.150491029
v -0.294344813 -0.306140929 0.173012882
v -0.294344813 -0.306140929 0.173012882
v -0.306185246 -0.412710667 0.147375613
v -0.281963706 -0.410764277 0.145113081
v -0.278844237 -0.446291566 0.146507666
v -0.266943425 -0.438428521 0.145647749
v -0.310250193 -0.415953964 0.135133445
v -0.275839597 -0.444985569 0.139454156
v -0.296031415 -0.411924243 0.130826846
v -0.281963706 -0.410764277 0.145113081
v -0.266943425 -0.438428521 0.145647749
v -0.248011246 -0.465590239 0.151124403
v -0.294344813 -0.306140929 0.173012882
v -0.283549607 -0.29840976 0.168701246
v -0.283549607 -0.29840976 0.168701246
v -0.28572759 -0.236658186 0.198548451
v -0.283549607 -0.29840976 0.168701246
v -0.26491949 -0.198907614 0.234080762
v -0.258606106 -0.19428584 0.249260128
v -0.252289683 -0.190745503 0.236865923
v -0.286991268 -0.17037043 0.270291746
v -0.260463864 -0.166226923 0.217090964
v -0.291428775 -0.140578568 0.229045138
v -0.279040605 -0.155029938 0.209875345
v -0.260463864 -0.166226923 0.217090964
v -0.266994774 -0.176025316 0.214251414
v -0.252289683 -0.190745503 0.236865923
v -0.26491949 -0.198907614 0.234080762
v -0.290636331 -0.178279802 0.200670049
v -0 0.652799428 0.572807789
v -0.0350298546 0.651074588 0.555308461
v -0 0.618151188 0.627519011
v -0.0322436951 0.659788489 0.519679487
v -0.0220626947 0.698312342 0.529778898
v -0.022499701 0.686356127 0.513319731
v -0 0.66853261 0.504895806
v -0.0110580307 0.714595318 0.49908489
v -0.0109271305 0.723137021 0.505551338
v -0 0.704389155 0.537643015
v -0 0.727441669 0.508693933
v -0 0.736773789 0.479593873
v -0 0.736773789 0.479593873
v -0 0.710359275 0.495761007
v -0 0.675213516 0.559608996
v -0 0.652799428 0.572807789
v -0 0.66853261 0.504895806
v -0 0.727441669 0.508693933
v 0.0109271305 0.723137021 0.505551338
v -0 0.704389155 0.537643015
v 0.0220626947 0.698312342 0.529778898
v 0.0110580307 0.714595318 0.49908489
v 0.022499701 0.686356127 0.513319731
v 0.0322436951 0.659788489 0.519679487
v 0.0350298546 0.651074588 0.555308461
v -0 0.66853261 0.504895806
v -0 0.710359275 0.495761007
v -0 0.675213516 0.559608996
v -0 0.652799428 0.572807789
v 0.11820776 0.641739428 0.536375284
v 0.117200829 0.647062004 0.47408095
v 0.220942125 0.583444595 0.476672769
v 0.213868484 0.578638494 0.540872216
v 0.209398761 0.5814569 0.399526358
v 0.251222312 0.492064267 0.387141168
v 0.271353722 0.4855223 0.480983406
v 0.115287684 0.637068272 0.390962452
v 0.174388021 0.5726403 0.333843708
v 0.0968489051 0.58277601 0.310540468
v -0 0.674957812 0.477164179
v -0 0.661731839 0.381680638
v 0.251824468 0.493497103 0.558074415
v 0.172443658 0.558384299 0.608034968
v 0.204063088 0.506196439 0.633837402
v 0.28988114 0.374874502 0.485253781
v 0.275817424 0.370006055 0.576995552
v 0.265715986 0.259329051 0.572777569
v 0.278285414 0.256564051 0.477460206
v 0.22947681 0.154711753 0.553267419
v 0.239960894 0.153381616 0.469691813
v 0.195554569 0.496031553 0.302596867
v 0.103380822 0.505202651 0.264843285
v 0.0968489051 0.58277601 0.310540468
v -0 0.51846683 0.250199586
v -0 0.60035485 0.295695394
v 0.10690102 0.39015761 0.250189513
v 0.209817633 0.390059918 0.291342467
v 0.0987167433 0.272449285 0.266241908
v -0 0.277678221 0.250321448
v -0 0.39015761 0.23820211
v -0 0.170409679 0.270675391
v 0.0837226585 0.157487839 0.287413478
v 0.163547516 0.14963384 0.329612643
v 0.198124245 0.264743298 0.30817017
v 0.27067709 0.383060843 0.38365519
v 0.259568721 0.257686764 0.387177408
v -0 0.110707194 0.294901967
v 0.0638167858 0.0882870257 0.312637925
v 0.213655025 0.146622136 0.393189758
v 0.169033214 0.0586693957 0.407326967
v 0.109921783 0.0394663587 0.338924676
v -0 0.0742213205 0.286460936
v 0.048403807 0.0596833639 0.298064709
v 0.188621894 0.0773558766 0.466847211
v 0.158765614 0.0180360116 0.462061346
v 0.150087953 0.0149044804 0.409074992
v 0.192905366 -0.0374847353 0.455088377
v 0.177835748 -0.0391179658 0.395856082
v 0.191339582 -0.109984212 0.451678902
v 0.170555681 -0.113235578 0.509047329
v 0.163801253 -0.0429986455 0.515660822
v 0.152250826 -0.165227041 0.494113714
v 0.16950345 -0.165812075 0.448126525
v 0.129963592 -0.189363018 0.478078425
v 0.145784363 -0.189629838 0.44386822
v 0.173965126 -0.108206995 0.391004741
v 0.162528485 -0.167965889 0.395330489
v 0.104202472 -0.202868864 0.463165909
v 0.110732362 -0.204769954 0.432455748
v 0.101875462 -0.243368328 0.453692764
v 0.0721027553 -0.212519228 0.488820285
v 0.0787061602 -0.251586825 0.482631743
v 0.0476264656 -0.250674576 0.489480853
v 0.034940239 -0.214880437 0.50895375
v -0 -0.253397286 0.503197134
v -0 -0.225281984 0.516700029
v 0.0801440477 -0.294107169 0.441402286
v 0.100784965 -0.278886527 0.431973398
v 0.0535532162 -0.279165447 0.467907518
v 0.115767978 -0.239412129 0.433215976
v 0.12018133 -0.263441354 0.415560603
v 0.04018832 -0.199772567 0.548662782
v 0.106381446 -0.186776221 0.493154109
v 0.110219836 -0.165445551 0.519867778
v 0.0416201688 -0.18889074 0.560927093
v 0.115921035 -0.116589636 0.552004755
v 0.10892795 -0.045732446 0.5593009
v 0.133185744 0.0119411051 0.506150484
v 0.101237074 -0.00174499687 0.551317036
v 0.0612561777 -0.00671919808 0.591361344
v 0.156941071 0.0766258538 0.603371918
v 0.092914857 0.0905304626 0.666997373
v 0.0612541661 -0.0438202955 0.601762891
v 0.0466950648 -0.0403937325 0.60438484
v -0 -0.00902908016 0.612086833
v 0.0630001724 -0.0586814731 0.602237105
v 0.185002014 0.080207482 0.533311248
v 0.179799244 0.148697406 0.63789022
v 0.199899465 0.216186419 0.660219789
v 0.119779572 0.239784688 0.735598028
v 0.089863874 0.114559673 0.658303618
v 0.11757239 0.272888303 0.717602372
v 0.221688241 0.3546817 0.665893853
v 0.128935531 0.331867814 0.731027663
v 0.132871583 0.404493183 0.723961115
v 0.123519287 0.431063861 0.699997246
v 0.108917892 0.559820175 0.655654371
v -0 0.483586997 0.733913481
v -0 0.512417197 0.702437043
v -0 0.281172276 0.778187931
v -0 0.335729361 0.757266045
v 0.116617829 0.604653358 0.607691586
v -0 0.618151188 0.627519011
v 0.0334399231 0.359872341 0.753524303
v 0.0275323018 0.380393475 0.78348434
v -0 0.398195863 0.814729154
v 0.0197216012 0.406476766 0.808624148
v -0 0.430242211 0.831056416
v 0.0103592277 0.434016138 0.8268888
v -0 0.46327129 0.838160276
v 0.019220151 0.424758524 0.796773672
v 0.0101850294 0.442382693 0.818352103
v -0 0.43551147 0.7911641
v -0 0.447595537 0.813769579
v -0 0.46327129 0.838160276
v -0 0.428666383 0.765282214
v 0.0269422457 0.411020041 0.771198869
v -0 0.431493819 0.746658146
v 0.0334399231 0.40805164 0.745382369
v -0 0.431493819 0.746658146
v -0.0602381788 -0.294065893 0.377955019
v -0.0758716688 -0.288199574 0.365893096
v -0.0847084224 -0.281869054 0.381982714
v -0.0470253304 -0.294932872 0.363473475
v -0.0742615983 -0.297277987 0.341133833
v -0.0506462269 -0.296943694 0.3333413
v -0.0308903921 -0.280951738 0.344376177
v -0.040447101 -0.276135623 0.3193551
v -0.0339856744 -0.26816079 0.32817778
v -0.054516837 -0.279416174 0.305845201
v -0.0523751155 -0.254924774 0.31088385
v -0.0750953332 -0.296543956 0.316403806
v -0.0742615983 -0.297277987 0.341133833
v -0.0246071909 -0.2714625 0.369912714
v -0.0800866485 -0.247750446 0.298082858
v -0.0622842424 -0.295261115 0.269421756
v -0.0793596506 -0.302526057 0.287313789
v -0.0750953332 -0.296543956 0.316403806
v -0.0895748883 -0.270555228 0.249411181
v -0.0821729898 -0.31403923 0.268919319
v -0.0676300004 -0.308140665 0.249497771
v -0.0680468753 -0.336454332 0.246747866
v -0.0794683993 -0.33937645 0.265170544
v -0.0670862645 -0.35669753 0.260196328
v -0.0794412196 -0.373411477 0.245771155
v -0.0875096843 -0.354504466 0.223296613
v -0.0906059742 -0.326270312 0.214477986
v -0.0753108114 -0.358763754 0.278894901
v -0.0660199374 -0.368753433 0.276210427
v -0.0699127018 -0.368669838 0.299228728
v -0.0639839321 -0.374993354 0.294376343
v -0.0675816685 -0.382879555 0.29354763
v -0.074122645 -0.381273538 0.270155817
v -0.0616277345 -0.376648694 0.329161525
v -0.0915796757 -0.296683908 0.22059001
v -0.165686205 -0.246939883 0.351202071
v -0.129078507 -0.261726558 0.376730591
v -0.155149758 -0.269674212 0.34022963
v -0.133939937 -0.239215776 0.392153651
v -0.19603385 -0.263511837 0.324834764
v -0.192434117 -0.285674214 0.31556806
v -0.170557708 -0.223171458 0.329657972
v -0.206529036 -0.241729066 0.304692268
v -0.19248344 -0.247006342 0.28314814
v -0.149403244 -0.229121372 0.302129656
v -0.102044627 -0.209995851 0.337559283
v -0.180809185 -0.276465893 0.297347754
v -0.14642176 -0.260641068 0.311908901
v -0.212753847 -0.283168972 0.317446977
v -0.205063969 -0.31239897 0.311618894
v -0.218179122 -0.309695363 0.316129893
v -0.213695318 -0.328970909 0.317216396
v -0.203340113 -0.328923553 0.315364629
v -0.229115322 -0.330087572 0.307524741
v -0.236827344 -0.306989759 0.300210476
v -0.228988454 -0.310710371 0.289072871
v -0.223486632 -0.333307713 0.299801648
v -0.203469992 -0.33050245 0.309309006
v -0.203232363 -0.313042372 0.304696321
v -0.197732553 -0.344426155 0.315865099
v -0.199293271 -0.342972189 0.320072055
v -0.216379777 -0.348418623 0.315477431
v -0.200941622 -0.362768292 0.321011484
v -0.192316294 -0.355120689 0.324656546
v -0.212502092 -0.348646194 0.30954361
v -0.200941622 -0.362768292 0.321011484
v -0.176062554 -0.374299586 0.331748337
v -0.217069492 -0.277705401 0.279684335
v -0.229025707 -0.268734723 0.296110272
v -0.191473499 -0.356246442 0.321112156
v -0.176062554 -0.374299586 0.331748337
v -0.180809185 -0.276465893 0.297347754
v -0.14642176 -0.260641068 0.311908901
v -0.102044627 -0.209995851 0.337559283
v -0.10899239 -0.252157748 0.332460195
v -0.197919816 -0.295966983 0.299246788
v -0.114640221 -0.201818645 0.365241587
v -0.132125467 -0.2129381 0.378657877
v -0.10899239 -0.252157748 0.332460195
v -0.0921465755 -0.226649374 0.335604846
v -0.0979142264 -0.265452176 0.333961517
v -0.0899303332 -0.273848921 0.36083129
v -0.0936217159 -0.288746327 0.341304004
v -0.093894586 -0.260096341 0.353820056
v -0.0933639407 -0.268373251 0.314408094
v -0.0750953332 -0.296543956 0.316403806
v -0.0940144137 -0.249068528 0.318309873
v -0.0800866485 -0.247750446 0.298082858
v -0.0999079421 -0.289033294 0.273002386
v -0.0793596506 -0.302526057 0.287313789
v -0.0750953332 -0.296543956 0.316403806
v -0.0895748883 -0.270555228 0.249411181
v -0.0821729898 -0.31403923 0.268919319
v -0.101237074 -0.304260999 0.245438874
v -0.0996763483 -0.333444655 0.238651201
v -0.0794683993 -0.33937645 0.265170544
v -0.0897772834 -0.356828451 0.255325854
v -0.0875096843 -0.354504466 0.223296613
v -0.0906059742 -0.326270312 0.214477986
v -0.0794412196 -0.373411477 0.245771155
v -0.0753108114 -0.358763754 0.278894901
v -0.0821780264 -0.367602527 0.273307472
v -0.07404612 -0.375193715 0.295932055
v -0.0699127018 -0.368669838 0.299228728
v -0.074122645 -0.381273538 0.270155817
v -0.0675816685 -0.382879555 0.29354763
v -0.0616277345 -0.376648694 0.329161525
v -0.0915796757 -0.296683908 0.22059001
v -0.070728302 -0.233666599 0.325143933
v -0.0767054036 -0.240091816 0.309427798
v -0.087305285 -0.243641198 0.344046861
v -0 0.60035485 0.295695394
v -0.191473499 -0.356246442 0.321112156
v -0.200941622 -0.362768292 0.321011484
v -0.176062554 -0.374299586 0.331748337
v -0.197732553 -0.344426155 0.315865099
v -0.203469992 -0.33050245 0.309309006
v -0.203232363 -0.313042372 0.304696321
v -0.197919816 -0.295966983 0.299246788
v -0.197919816 -0.295966983 0.299246788
v -0.197919816 -0.295966983 0.299246788
v -0.353406906 -0.110529974 0.238277614
v -0.297931492 -0.0873012617 0.207381204
v -0.35060665 -0.0918193236 0.249133274
v -0.3950845 -0.118018463 0.276347369
v -0.391013473 -0.0948169306 0.297138304
v -0.44071722 -0.127280131 0.326307893
v -0.429176897 -0.0999411643 0.352998465
v -0.469153762 -0.139421627 0.389585972
v -0.457653672 -0.111352623 0.407452852
v -0.345644563 -0.0882296339 0.280030727
v -0.38334173 -0.0944806188 0.32292366
v -0.338567883 -0.110397063 0.305805951
v -0.371898085 -0.117867418 0.349596024
v -0.418300122 -0.103681885 0.377174646
v -0.411127806 -0.128470317 0.406120718
v -0.414656043 -0.157949015 0.37903446
v -0.378856868 -0.146849692 0.323251903
v -0.443023086 -0.164481923 0.439400524
v -0.436886936 -0.137528613 0.459525913
v -0.447336763 -0.115533367 0.44275859
v -0.34287852 -0.136515647 0.285183132
v -0.426058441 -0.159752414 0.345925808
v -0.38769564 -0.147364229 0.294582754
v -0.44071722 -0.127280131 0.326307893
v -0.3950845 -0.118018463 0.276347369
v -0.469153762 -0.139421627 0.389585972
v -0.453103393 -0.16514349 0.404389799
v -0.487380087 -0.146603003 0.428600222
v -0.466596186 -0.170350283 0.447789192
v -0.347699642 -0.134017467 0.256672084
v -0.353406906 -0.110529974 0.238277614
v -0.303166479 -0.127337545 0.216546208
v -0.297785461 -0.11156106 0.203093708
v -0.308669299 -0.130714759 0.24385196
v -0.308337033 -0.122564726 0.268362492
v -0.307614058 -0.106964454 0.277947396
v -0.306814581 -0.10715577 0.265429318
v -0.306159049 -0.117508963 0.24944441
v -0.299102515 -0.117349863 0.225141317
v -0.303166479 -0.127337545 0.216546208
v -0.294635832 -0.108006626 0.212120771
v -0.297785461 -0.11156106 0.203093708
v -0.249534741 -0.112807631 0.248565361
v -0.247915581 -0.0991436839 0.237801358
v -0.192686856 -0.0914658904 0.262996584
v -0.193755209 -0.109435454 0.267959714
v -0.142704204 -0.10678824 0.294064194
v -0.13824755 -0.0839864686 0.286772043
v -0.115241364 -0.111227766 0.304913789
v -0.109599568 -0.0832161605 0.297733426
v -0.143868193 -0.112541795 0.330056727
v -0.155337051 -0.111038476 0.321381032
v -0.253847361 -0.114873834 0.262905955
v -0.198299438 -0.114826515 0.29795292
v -0.165007547 -0.0921808109 0.329781801
v -0.204322845 -0.0950968564 0.312259316
v -0.157858387 -0.0717322081 0.316894174
v -0.204220161 -0.0767477006 0.293166012
v -0.261801034 -0.101019584 0.277496278
v -0.261801034 -0.101019584 0.277496278
v -0.261801034 -0.101019584 0.277496278
v -0.143868193 -0.112541795 0.330056727
v -0.141685188 -0.0920891836 0.346864223
v -0.143320426 -0.0733150914 0.330239981
v -0.14422062 -0.0707484409 0.294781119
v -0.200109899 -0.0766490102 0.269840628
v -0.192686856 -0.0914658904 0.262996584
v -0.13824755 -0.0839864686 0.286772043
v -0.247915581 -0.0991436839 0.237801358
v -0.252217174 -0.0847396478 0.242362723
v -0.1213836 -0.0709890947 0.306367815
v -0.109599568 -0.0832161605 0.297733426
v -0.260603845 -0.0853649527 0.262400478
v -0.261801034 -0.101019584 0.277496278
v -0.3022663 -0.092802085 0.252156049
v -0.297220618 -0.0861392692 0.234681904
v -0.306112736 -0.0866427273 0.258116037
v -0.301474839 -0.0762210712 0.232681155
v -0.295047671 -0.0915806815 0.214509189
v -0.294635832 -0.108006626 0.212120771
v -0.294635832 -0.108006626 0.212120771
v -0.297785461 -0.11156106 0.203093708
v -0.306814581 -0.10715577 0.265429318
v -0.306814581 -0.10715577 0.265429318
v -0.295047671 -0.0915806815 0.214509189
v -0.297931492 -0.0873012617 0.207381204
v -0.503260255 -0.146954417 0.420106888
v -0.519643903 -0.126445398 0.440497041
v -0.536893547 -0.156539306 0.413538694
v -0.485426664 -0.110669933 0.46285978
v -0.551712394 -0.137076497 0.429497391
v -0.512035608 -0.132237226 0.477729052
v -0.468289822 -0.109687172 0.498459578
v -0.54516238 -0.157477766 0.391651213
v -0.603747189 -0.157308608 0.417234093
v -0.597505271 -0.178325117 0.402031571
v -0.559123397 -0.141409293 0.458897531
v -0.504100025 -0.160655633 0.495992601
v -0.564224422 -0.176950663 0.487359226
v -0.599048853 -0.158084944 0.452255875
v -0.604768217 -0.190112174 0.470723867
v -0.638429642 -0.203683466 0.452685893
v -0.650734246 -0.185242668 0.428840905
v -0.615985334 -0.144491479 0.427534908
v -0.636998832 -0.172429562 0.401084065
v -0.604147911 -0.180365145 0.369765729
v -0.629659355 -0.189889625 0.374058247
v -0.468289822 -0.109687172 0.498459578
v -0.45670718 -0.148728609 0.521079063
v -0.44511345 -0.186479166 0.48173359
v -0.506370664 -0.185635373 0.46414566
v -0.564224422 -0.176950663 0.487359226
v -0.556682587 -0.202664465 0.4543432
v -0.591684222 -0.208645582 0.444868118
v -0.589845538 -0.218586937 0.416248322
v -0.525041044 -0.201493397 0.441402286
v -0.465347618 -0.185163125 0.449884593
v -0.556139886 -0.194760114 0.432318836
v -0.597505271 -0.178325117 0.402031571
v -0.604147911 -0.180365145 0.369765729
v -0.54516238 -0.157477766 0.391651213
v -0.597505271 -0.178325117 0.402031571
v -0.648356915 -0.220494062 0.429381579
v -0.635840833 -0.215318471 0.397923321
v -0.638429642 -0.203683466 0.452685893
v -0.536893547 -0.156539306 0.413538694
v -0.503260255 -0.146954417 0.420106888
v -0.465347618 -0.185163125 0.449884593
v -0.604147911 -0.180365145 0.369765729
v -0.629659355 -0.189889625 0.374058247
v -0.44511345 -0.186479166 0.48173359
v -0.413669258 -0.169974685 0.514886558
v -0.427926332 -0.142722324 0.553238213
v -0.406903714 -0.157353923 0.550961554
v -0.437646121 -0.109013543 0.525026262
v -0.420732826 -0.123228282 0.559983611
v -0.419106662 -0.143368766 0.5917238
v -0.678740859 -0.211116552 0.219680741
v -0.762104988 -0.19000645 0.180124775
v -0.713493764 -0.225266859 0.166702494
v -0.728320658 -0.163076267 0.257077873
v -0.764246762 -0.215053648 0.110624939
v -0.730086803 -0.232763425 0.103582516
v -0.756670594 -0.224991962 0.0641352832
v -0.740504444 -0.234766185 0.0600592606
v -0.747872174 -0.242381543 -0.00210113986
v -0.779608309 -0.233847886 0.1192744
v -0.780307114 -0.220615894 0.198970377
v -0.781537592 -0.245660096 0.198470935
v -0.770478547 -0.237752706 0.281049728
v -0.74790436 -0.266789377 0.272768766
v -0.769538105 -0.265770346 0.193805858
v -0.755831897 -0.203230351 0.274746388
v -0.7759431 -0.256818801 0.118344009
v -0.770064652 -0.235913068 0.0697488785
v -0.76856643 -0.252571583 0.0694367364
v -0.747872174 -0.242381543 -0.00210113986
v -0.732228518 -0.256680876 0.317096561
v -0.751155674 -0.233777359 0.328092188
v -0.697331607 -0.260063112 0.346617579
v -0.726379275 -0.22747606 0.37268883
v -0.741131783 -0.20398654 0.315749288
v -0.70830816 -0.183321476 0.346182555
v -0.686440706 -0.1913708 0.407900929
v -0.695016742 -0.21849227 0.414824516
v -0.676626265 -0.239443332 0.404323339
v -0.697331607 -0.260063112 0.346617579
v -0.724504471 -0.173726499 0.293912143
v -0.728320658 -0.163076267 0.257077873
v -0.749261677 -0.267347187 0.1083664
v -0.749714792 -0.255917609 0.0638473034
v -0.730086803 -0.232763425 0.103582516
v -0.740504444 -0.234766185 0.0600592606
v -0.713493764 -0.225266859 0.166702494
v -0.73723197 -0.281687796 0.181429744
v -0.678740859 -0.211116552 0.219680741
v -0.707571983 -0.294281393 0.258115023
v -0.747872174 -0.242381543 -0.00210113986
v -0.662271559 -0.227533475 0.379332483
v -0.635840833 -0.215318471 0.397923321
v -0.651791513 -0.201679707 0.360200942
v -0.629659355 -0.189889625 0.374058247
v -0.675064504 -0.209353462 0.318896919
v -0.697331607 -0.260063112 0.346617579
v -0.648356915 -0.220494062 0.429381579
v -0.653880894 -0.222254142 0.450765669
v -0.664832234 -0.21142669 0.456304729
v -0.638429642 -0.203683466 0.452685893
v -0.663146675 -0.195312902 0.452592224
v -0.650734246 -0.185242668 0.428840905
v -0.670362234 -0.183168426 0.383419603
v -0.651791513 -0.201679707 0.360200942
v -0.675064504 -0.209353462 0.318896919
v -0.724504471 -0.173726499 0.293912143
v -0.685873866 -0.212576613 0.247057989
v -0.728320658 -0.163076267 0.257077873
v -0.636998832 -0.172429562 0.401084065
v -0.629659355 -0.189889625 0.374058247
v -0.624385118 -0.202820525 0.486731946
v -0.638429642 -0.203683466 0.452685893
v -0.639976263 -0.205050871 0.45982492
v -0.678740859 -0.211116552 0.219680741
v -0.724504471 -0.173726499 0.293912143
v -0.663146675 -0.195312902 0.452592224
v -0.624385118 -0.202820525 0.486731946
v -0.706965923 -0.278240114 0.296031743
v -0.685873866 -0.212576613 0.247057989
v -0.707571983 -0.294281393 0.258115023
v -0.678740859 -0.211116552 0.219680741
v -0.706965923 -0.278240114 0.296031743
v -0.707571983 -0.294281393 0.258115023
v -0.73723197 -0.281687796 0.181429744
v -0.597505271 -0.178325117 0.402031571
v -0.604147911 -0.180365145 0.369765729
v -0.485426664 -0.110669933 0.46285978
v -0.487380087 -0.146603003 0.428600222
v -0.477375299 -0.12009877 0.454521477
v -0.503260255 -0.146954417 0.420106888
v -0.463934898 -0.123393416 0.473056883
v -0.468289822 -0.109687172 0.498459578
v -0.465347618 -0.185163125 0.449884593
v -0.466596186 -0.170350283 0.447789192
v -0.454300612 -0.169377595 0.463267624
v -0.44511345 -0.186479166 0.48173359
v -0.443178177 -0.14318952 0.4947249
v -0.437646121 -0.109013543 0.525026262
v -0.413669258 -0.169974685 0.514886558
v -0.406903714 -0.157353923 0.550961554
v -0.420732826 -0.123228282 0.559983611
v -0.419106662 -0.143368766 0.5917238
v -0.44511345 -0.186479166 0.48173359
v -0 0.111666791 0.71673131
v -0 0.154408664 0.719670534
v -0.0334399231 0.0636446029 0.670474291
v -0 0.0803897381 0.689613938
v -0.0269422457 0.0487411283 0.696183085
v -0 0.0661256611 0.703393638
v -0.0275323018 0.0182222929 0.683055878
v -0.0197216012 0.0202089492 0.726954639
v -0 0.0102998195 0.726669669
v -0 0.00374374213 0.676967919
v -0.0334399231 0.0259101503 0.638575971
v -0 0.00709377555 0.626065969
v -0.019220151 0.0422253273 0.72826165
v -0.0103592277 0.0288292207 0.765564084
v -0.0101850294 0.039605312 0.762982368
v -0 0.0549598858 0.729355156
v -0 0.0460667424 0.762016714
v -0 0.0441002212 0.796216846
v -0 0.0661256611 0.703393638
v -0 0.0441002212 0.796216846
v -0 0.0240443218 0.767048299
v -0 0.0441002212 0.796216846
v -0 -0.00902908016 0.612086833
v 0.0101850294 0.039605312 0.762982368
v 0.019220151 0.0422253273 0.72826165
v 0.0103592277 0.0288292207 0.765564084
v 0.0197216012 0.0202089492 0.726954639
v 0.0269422457 0.0487411283 0.696183085
v -0 0.0803897381 0.689613938
v 0.0334399231 0.0636446029 0.670474291
v 0.0275323018 0.0182222929 0.683055878
v -0 0.0102998195 0.726669669
v -0 0.00374374213 0.676967919
v 0.0334399231 0.0259101503 0.638575971
v -0 0.00709377555 0.626065969
v -0 0.0240443218 0.767048299
v -0 0.0441002212 0.796216846
v -0 0.111666791 0.71673131
v -0 0.154408664 0.719670534
v -0 -0.00902908016 0.612086833
v -0 0.154408664 0.719670534
v 0.0334399231 0.176890239 0.728632212
v -0 0.167634591 0.771988273
v 0.0275323018 0.183125108 0.773305357
v -0 0.189599618 0.817278624
v 0.0197216012 0.199121088 0.81454587
v 0.0269422457 0.215602428 0.776656389
v 0.019220151 0.220259428 0.809485137
v 0.0103592277 0.21937032 0.848517418
v 0.0101850294 0.229800045 0.842769921
v -0 0.232035398 0.807136953
v -0 0.236399412 0.839903235
v -0 0.243224323 0.872437954
v -0 0.234356359 0.779188752
v -0 0.243224323 0.872437954
v -0 0.214993224 0.851410329
v 0.0334399231 0.222053766 0.747320592
v -0 0.243076295 0.761356175
v -0 0.234356359 0.779188752
v -0.0269422457 0.215602428 0.776656389
v -0 0.243076295 0.761356175
v -0.0334399231 0.222053766 0.747320592
v -0.0275323018 0.183125108 0.773305357
v -0.0197216012 0.199121088 0.81454587
v -0 0.189599618 0.817278624
v -0 0.167634591 0.771988273
v -0.0334399231 0.176890239 0.728632212
v -0 0.154408664 0.719670534
v -0.019220151 0.220259428 0.809485137
v -0.0103592277 0.21937032 0.848517418
v -0.0101850294 0.229800045 0.842769921
v -0 0.232035398 0.807136953
v -0 0.236399412 0.839903235
v -0 0.243224323 0.872437954
v -0 0.234356359 0.779188752
v -0 0.214993224 0.851410329
v -0 0.214993224 0.851410329
v -0 0.243224323 0.872437954
v -0.129078507 -0.261726558 0.376730591
v -0.124524191 -0.264248908 0.365412772
v -0.10899239 -0.252157748 0.332460195
v -0.0970110223 -0.276415557 0.36803782
v -0.093894586 -0.260096341 0.353820056
v -0.0847084224 -0.281869054 0.381982714
v -0.0758716688 -0.288199574 0.365893096
v -0.0742615983 -0.297277987 0.341133833
v -0.0847084224 -0.281869054 0.381982714
v -0.0742615983 -0.297277987 0.341133833
v -0.0767054036 -0.240091816 0.309427798
v -0.070728302 -0.233666599 0.325143933
v -0.0475600101 -0.246864364 0.321479708
v -0.747872174 -0.242381543 -0.00210113986
v -0.747872174 -0.242381543 -0.00210113986
v -0.466596186 -0.170350283 0.447789192
v -0.454300612 -0.169377595 0.463267624
v -0.443178177 -0.14318952 0.4947249
v -0.463934898 -0.123393416 0.473056883
v -0.477375299 -0.12009877 0.454521477
v -0.487380087 -0.146603003 0.428600222
v -0.477375299 -0.12009877 0.454521477
v -0.122401595 -0.196625933 0.352578551
v -0.136884183 -0.199745387 0.318766057
v -0.115297742 -0.18893607 0.328498006
v -0.252289683 -0.190745503 0.236865923
v -0.294635832 -0.108006626 0.212120771
v -0.306814581 -0.10715577 0.265429318
v -0.306814581 -0.10715577 0.265429318
v -0.323942333 0.0290054306 0.224871457
v -0.283315986 0.0357991457 0.20689182
v -0.314836711 0.0490150154 0.231288582
v -0.385862082 0.0482789502 0.272416353
v -0.372172922 0.0718198121 0.295174837
v -0.434918344 0.0670802221 0.330532938
v -0.411997795 0.0859419107 0.359145701
v -0.461257458 0.0771444216 0.387623519
v -0.437568605 0.090798296 0.406142831
v -0.305056483 0.0513722226 0.256263286
v -0.365381241 0.0682341605 0.320960164
v -0.305324316 0.0233898237 0.279057026
v -0.363922179 0.0400604419 0.350640208
v -0.401824832 0.0823149756 0.384254336
v -0.432662845 0.0871018842 0.439998627
v -0.401824832 0.0507026128 0.406786263
v -0.363922179 0.0400604419 0.350640208
v -0.436092407 0.0618824847 0.486706764
v -0.275746942 0.0442895219 0.230067194
v -0.28051272 0.0371353291 0.257664919
v -0.275210261 0.0304866172 0.233797818
v -0.280306309 0.0276924055 0.25098601
v -0.251470029 0.022072766 0.258201629
v -0.258070439 0.0134675996 0.272420377
v -0.200069606 0.00341347093 0.288584501
v -0.20515056 -0.00663663028 0.304638922
v -0.156306714 -0.0104367584 0.31417951
v -0.172174826 -0.0223063733 0.327824324
v -0.173354924 -0.0434658565 0.319423586
v -0.212301731 -0.0262202825 0.295078188
v -0.260690421 -0.00616337638 0.260455102
v -0.144587129 -0.0348022915 0.342432767
v -0.140674233 -0.0549377352 0.334446847
v -0.130997702 -0.0226547681 0.332456201
v -0.146456987 -0.0575859435 0.301220417
v -0.12640512 -0.0643293113 0.31503132
v -0.243053168 0.0190288369 0.235638484
v -0.206560239 -0.0249143019 0.265762597
v -0.138185114 -0.0429452807 0.28945148
v -0.199628577 -0.0152891213 0.258590281
v -0.256702006 -0.00637785112 0.245904058
v -0.246615648 0.00442442205 0.231076106
v -0.12640512 -0.0643293113 0.31503132
v -0.105850786 -0.0482406877 0.307038397
v -0.281284034 0.00673430413 0.225424245
v -0.272595286 0.0140616857 0.216851309
v -0.287840098 0.00251831627 0.243666679
v -0.295382947 -0.00520075765 0.242147237
v -0.294551224 0.000121838886 0.214974403
v -0.272595286 0.0140616857 0.216851309
v -0.292552501 0.0144453226 0.20302926
v -0.323942333 0.0290054306 0.224871457
v -0.327830046 0.00987791829 0.237148851
v -0.385862082 0.0482789502 0.272416353
v -0.394468218 0.0239728298 0.297605574
v -0.434918344 0.0670802221 0.330532938
v -0.432760537 0.0339574814 0.355594277
v -0.461257458 0.0771444216 0.387623519
v -0.458366573 0.0461251438 0.4029378
v -0.479627758 0.0838444903 0.428836852
v -0.479227006 0.0541795231 0.446648329
v -0.32203421 0.00302077108 0.262305826
v -0.387966543 0.0207728259 0.321288407
v -0.305324316 0.0233898237 0.279057026
v -0.425508678 0.0268687401 0.377067953
v -0.363922179 0.0400604419 0.350640208
v -0.305324316 0.0233898237 0.279057026
v -0.45114094 0.0401369706 0.438789308
v -0.363922179 0.0400604419 0.350640208
v -0.436092407 0.0618824847 0.486706764
v -0.479227006 0.0541795231 0.446648329
v -0.465004236 0.0464282259 0.470045239
v -0.445987463 0.0655376166 0.488598764
v -0.296455324 0.00193027314 0.269918174
v -0.289697856 0.015959736 0.27628696
v -0.289777428 0.00658326549 0.261305988
v -0.284993529 0.0163121596 0.26360476
v -0.49105534 0.0838203207 0.421365499
v -0.507137954 0.109387107 0.439588815
v -0.529664814 0.0918434784 0.41475603
v -0.471156538 0.1126002 0.449220031
v -0.517146766 0.119279124 0.432866573
v -0.50860703 0.125126332 0.461006045
v -0.479596585 0.109761685 0.488080204
v -0.501464903 0.0886354297 0.504475951
v -0.558194995 0.101099126 0.489274383
v -0.580389559 0.140190914 0.421268821
v -0.542851448 0.0954724401 0.397279888
v -0.601726294 0.112518653 0.469900191
v -0.633642733 0.120257854 0.452973843
v -0.654506207 0.14795731 0.4144862
v -0.620663464 0.141875491 0.408298641
v -0.450867027 0.106859736 0.476982921
v -0.419300973 0.0989443064 0.519485176
v -0.598843455 0.111574151 0.381904185
v -0.612303019 0.117925823 0.386328578
v -0.457358658 0.0795811713 0.530932844
v -0.474115908 0.038351696 0.479468971
v -0.436176032 0.0342504941 0.518596053
v -0.428159893 0.072172232 0.562601566
v -0.417679846 0.0381744765 0.551921129
v -0.401844978 0.0645508319 0.614599109
v -0.542851448 0.0954724401 0.397279888
v -0.583540261 0.105548725 0.40731895
v -0.598843455 0.111574151 0.381904185
v -0.428159893 0.072172232 0.562601566
v -0.401222676 0.0849813074 0.550109744
v -0.401844978 0.0645508319 0.614599109
v -0.510361075 0.0529661775 0.473461688
v -0.558194995 0.101099126 0.489274383
v -0.559279442 0.0734993592 0.465983272
v -0.601726294 0.112518653 0.469900191
v -0.604773223 0.0905324742 0.44576326
v -0.605742872 0.0785702243 0.411027402
v -0.532606065 0.0560957007 0.437508494
v -0.605742872 0.0785702243 0.411027402
v -0.583540261 0.105548725 0.40731895
v -0.598843455 0.111574151 0.381904185
v -0.626193523 0.0948199406 0.40901053
v -0.662658274 0.110438347 0.423761964
v -0.633642733 0.120257854 0.452973843
v -0.598843455 0.111574151 0.381904185
v -0.612303019 0.117925823 0.386328578
v -0.542851448 0.0954724401 0.397279888
v -0.526874602 0.0765040144 0.425163597
v -0.542851448 0.0954724401 0.397279888
v -0.529664814 0.0918434784 0.41475603
v -0.49105534 0.0838203207 0.421365499
v -0.494280487 0.0493543483 0.44305864
v -0.474115908 0.038351696 0.479468971
v -0.510361075 0.0529661775 0.473461688
v -0.272595286 0.0140616857 0.216851309
v -0.268783063 0.0268264506 0.220021084
v -0.246615648 0.00442442205 0.231076106
v -0.199628577 -0.0152891213 0.258590281
v -0.195609972 0.000996855204 0.26304993
v -0.136742204 -0.0208010208 0.291860044
v -0.138185114 -0.0429452807 0.28945148
v -0.106991641 -0.028635893 0.311988413
v -0.105850786 -0.0482406877 0.307038397
v -0.268783063 0.0268264506 0.220021084
v -0.126505807 -0.0214333665 0.344795018
v -0.126505807 -0.0214333665 0.344795018
v -0.139433712 -0.0402225591 0.352672189
v -0.272595286 0.0140616857 0.216851309
v -0.292552501 0.0144453226 0.20302926
v -0.67979902 0.148232192 0.236549735
v -0.750177979 0.199749425 0.183389246
v -0.716188312 0.150707215 0.171278954
v -0.718981564 0.211709648 0.266653717
v -0.762069762 0.182823047 0.113677926
v -0.739316285 0.151532888 0.106923483
v -0.761064827 0.171053097 0.0699522868
v -0.747715056 0.151203632 0.0637667477
v -0.754429221 0.150034592 0.00330201373
v -0.77676481 0.170948386 0.120026574
v -0.773798406 0.177764237 0.194008246
v -0.785466611 0.158505842 0.195179284
v -0.773810506 0.158042639 0.278993577
v -0.760612726 0.126484662 0.266519815
v -0.778541982 0.137192294 0.190402448
v -0.750315964 0.184494525 0.275491506
v -0.780568004 0.147301793 0.11902871
v -0.771146119 0.1635032 0.0726125687
v -0.775546372 0.148923963 0.0723850131
v -0.754429221 0.150034592 0.00330201373
v -0.742390454 0.126211792 0.313391089
v -0.753385067 0.153825656 0.32568565
v -0.724943519 0.146688581 0.369680077
v -0.713253081 0.107228264 0.344370097
v -0.735449731 0.177561849 0.313488752
v -0.695172787 0.177877024 0.347177416
v -0.686685443 0.110338658 0.40122202
v -0.693744957 0.137280911 0.413407773
v -0.671383202 0.156985387 0.40538156
v -0.764757216 0.134824008 0.0695293695
v -0.714341581 0.198943883 0.298563123
v -0.718981564 0.211709648 0.266653717
v -0.766178012 0.126284286 0.115528651
v -0.739316285 0.151532888 0.106923483
v -0.747715056 0.151203632 0.0637667477
v -0.716188312 0.150707215 0.171278954
v -0.761782825 0.110110082 0.180956513
v -0.741930306 0.0903683454 0.251149118
v -0.67979902 0.148232192 0.236549735
v -0.754429221 0.150034592 0.00330201373
v -0.761782825 0.110110082 0.180956513
v -0.741930306 0.0903683454 0.251149118
v -0.729687095 0.0997226611 0.290145248
v -0.671215117 0.143698022 0.317012995
v -0.729687095 0.0997226611 0.290145248
v -0.684393764 0.148627922 0.268459141
v -0.67979902 0.148232192 0.236549735
v -0.6710549 0.114365339 0.381545693
v -0.647046924 0.132470831 0.3630445
v -0.612303019 0.117925823 0.386328578
v -0.626193523 0.0948199406 0.40901053
v -0.662658274 0.110438347 0.423761964
v -0.648591518 0.109403223 0.461077541
v -0.652720928 0.125719413 0.465491891
v -0.61410439 0.113819599 0.507190645
v -0.640976191 0.13764742 0.460823774
v -0.633642733 0.120257854 0.452973843
v -0.61410439 0.113819599 0.507190645
v -0.654506207 0.14795731 0.4144862
v -0.656908691 0.151333526 0.383975416
v -0.647046924 0.132470831 0.3630445
v -0.671215117 0.143698022 0.317012995
v -0.714341581 0.198943883 0.298563123
v -0.684393764 0.148627922 0.268459141
v -0.718981564 0.211709648 0.266653717
v -0.67979902 0.148232192 0.236549735
v -0.620663464 0.141875491 0.408298641
v -0.612303019 0.117925823 0.386328578
v -0.633642733 0.120257854 0.452973843
v -0.61410439 0.113819599 0.507190645
v -0.471156538 0.1126002 0.449220031
v -0.479627758 0.0838444903 0.428836852
v -0.460430771 0.0942399576 0.452836901
v -0.49105534 0.0838203207 0.421365499
v -0.450867027 0.106859736 0.476982921
v -0.449387848 0.0892103836 0.471373349
v -0.494280487 0.0493543483 0.44305864
v -0.479227006 0.0541795231 0.446648329
v -0.445987463 0.0655376166 0.488598764
v -0.474115908 0.038351696 0.479468971
v -0.436176032 0.0342504941 0.518596053
v -0.465004236 0.0464282259 0.470045239
v -0.479227006 0.0541795231 0.446648329
v -0.474115908 0.038351696 0.479468971
v -0.419300973 0.0989443064 0.519485176
v -0.401222676 0.0849813074 0.550109744
v -0.417679846 0.0381744765 0.551921129
v -0.401844978 0.0645508319 0.614599109
v -0.450867027 0.106859736 0.476982921
v -0.718981564 0.211709648 0.266653717
v -0.449387848 0.0892103836 0.471373349
v -0.445987463 0.0655376166 0.488598764
v -0.460430771 0.0942399576 0.452836901
v -0.479627758 0.0838444903 0.428836852
v -0.460430771 0.0942399576 0.452836901
v -0.249201447 0.141671091 0.201668903
v -0.281917363 0.155879781 0.224745572
v -0.264447242 0.131643146 0.198235318
v -0.265933484 0.167338565 0.231118381
v -0.252224207 0.12133123 0.204738021
v -0.319151372 0.207075804 0.276840776
v -0.301440626 0.215918601 0.296466678
v -0.348789155 0.246035665 0.334316999
v -0.328525841 0.252933085 0.357948452
v -0.37065047 0.271440327 0.387622476
v -0.346259803 0.275934219 0.411003262
v -0.25855878 0.158043653 0.257380962
v -0.297767371 0.208987936 0.325746059
v -0.270418316 0.138307959 0.280641913
v -0.309638977 0.183419123 0.352327824
v -0.323025018 0.24069193 0.386737406
v -0.335458517 0.215344653 0.406980634
v -0.340897888 0.264688939 0.44577533
v -0.356351167 0.247748449 0.489432514
v -0.236310795 0.143094867 0.22758007
v -0.239401042 0.134313494 0.256844282
v -0.239500746 0.132253334 0.233083904
v -0.243087381 0.129355401 0.251265913
v -0.219687492 0.11475502 0.255829304
v -0.229903743 0.110571258 0.271094263
v -0.17788206 0.0777687132 0.284664571
v -0.216543898 0.108726576 0.236739054
v -0.240500614 0.131053075 0.212045267
v -0.176605299 0.0713264197 0.258451343
v -0.188115418 0.0591245219 0.253991663
v -0.146124706 0.0208664704 0.277780235
v -0.132013693 0.0372944251 0.281330645
v -0.226084471 0.0969173759 0.228271827
v -0.102495722 0.0185596123 0.307569027
v -0.107482009 -0.00334801874 0.311941087
v -0.141145468 0.0477875732 0.313842177
v -0.189356953 0.0685795322 0.300040245
v -0.156408414 0.0429472961 0.327200055
v -0.171989545 0.0272614434 0.319893807
v -0.205127388 0.0553183556 0.290479541
v -0.229903743 0.110571258 0.271094263
v -0.133198828 0.00164430693 0.339372754
v -0.127849042 0.0189784914 0.342659324
v -0.113234565 0.0287637711 0.32900545
v -0.164872602 0.0133366995 0.290511787
v -0.122353263 -0.00875620451 0.321005434
v -0.146124706 0.0208664704 0.277780235
v -0.188115418 0.0591245219 0.253991663
v -0.20069994 0.0526157692 0.263131529
v -0.237598658 0.0896906853 0.237952381
v -0.226084471 0.0969173759 0.228271827
v -0.107482009 -0.00334801874 0.311941087
v -0.241820693 0.0955862179 0.258462429
v -0.229903743 0.110571258 0.271094263
v -0.264737248 0.11331512 0.217181563
v -0.252224207 0.12133123 0.204738021
v -0.276030898 0.115929097 0.21086818
v -0.278603613 0.111155272 0.239620849
v -0.291347206 0.14385812 0.236975685
v -0.281917363 0.155879781 0.224745572
v -0.264447242 0.131643146 0.198235318
v -0.252224207 0.12133123 0.204738021
v -0.319151372 0.207075804 0.276840776
v -0.334894627 0.191098928 0.300321221
v -0.348789155 0.246035665 0.334316999
v -0.364455909 0.222781792 0.353519022
v -0.37065047 0.271440327 0.387622476
v -0.382926881 0.246215895 0.40127635
v -0.389761865 0.290240616 0.430877894
v -0.39786461 0.266357392 0.442958951
v -0.290410787 0.135370761 0.260092616
v -0.335918695 0.181042776 0.32623741
v -0.270418316 0.138307959 0.280641913
v -0.309638977 0.183419123 0.352327824
v -0.361817747 0.208699942 0.381171137
v -0.378813595 0.23318027 0.439749897
v -0.356351167 0.247748449 0.489432514
v -0.38710463 0.249351472 0.471029967
v -0.27205354 0.110365845 0.265752524
v -0.258108675 0.117816061 0.281449467
v -0.26654166 0.114613041 0.241561204
v -0.26458618 0.11537125 0.26087904
v -0.253825217 0.120162196 0.266182482
v -0.258108675 0.117816061 0.281449467
v -0.258108675 0.117816061 0.281449467
v -0.398273408 0.298166126 0.419281185
v -0.365872651 0.310627788 0.451522857
v -0.398332804 0.349793077 0.438146889
v -0.435773224 0.350847304 0.398225397
v -0.443960547 0.397314817 0.419483542
v -0.465514749 0.384777606 0.399132639
v -0.475149989 0.399383038 0.379849046
v -0.455974162 0.399056822 0.44278881
v -0.470080137 0.413694412 0.407593787
v -0.501531363 0.451476216 0.405561864
v -0.488268197 0.399338752 0.448897809
v -0.495852351 0.437664241 0.382787228
v -0.397626936 0.337801635 0.472080171
v -0.457694948 0.363218367 0.483196616
v -0.430903763 0.333466828 0.506597519
v -0.395238549 0.292377293 0.519264638
v -0.352365762 0.293574512 0.487814367
v -0.475149989 0.399383038 0.379849046
v -0.499200344 0.421648145 0.367069185
v -0.488268197 0.399338752 0.448897809
v -0.352365762 0.293574512 0.487814367
v -0.378698826 0.273425996 0.53255403
v -0.490388751 0.355492234 0.446276784
v -0.488268197 0.399338752 0.448897809
v -0.52923888 0.416437298 0.423246413
v -0.492120653 0.366630852 0.408886701
v -0.526528239 0.41789934 0.385231048
v -0.475149989 0.399383038 0.379849046
v -0.499200344 0.421648145 0.367069185
v -0.54296124 0.425157279 0.404105812
v -0.449126095 0.310552269 0.430338204
v -0.435773224 0.350847304 0.398225397
v -0.398273408 0.298166126 0.419281185
v -0.411704779 0.26571396 0.442239016
v -0.465514749 0.384777606 0.399132639
v -0.475149989 0.399383038 0.379849046
v -0.44511047 0.29535377 0.458811969
v -0.395719856 0.238883495 0.486960471
v -0.430903763 0.333466828 0.506597519
v -0.395238549 0.292377293 0.519264638
v -0.395719856 0.238883495 0.486960471
v -0.378698826 0.273425996 0.53255403
v -0.378698826 0.273425996 0.53255403
v -0.38109833 0.227067232 0.528369188
v -0.361450225 0.24924776 0.570736527
v -0.36596024 0.225124896 0.560064137
v -0.351041675 0.239552096 0.604453385
v -0.332084298 0.257726043 0.562225997
v -0.332032949 0.275091439 0.529966235
v -0.378698826 0.273425996 0.53255403
v -0.378698826 0.273425996 0.53255403
v -0.252224207 0.12133123 0.204738021
v -0.226084471 0.0969173759 0.228271827
v -0.532933235 0.438459694 0.220159054
v -0.557644188 0.515688717 0.18273069
v -0.556394577 0.459668517 0.171276942
v -0.523847818 0.508789301 0.247063026
v -0.575115323 0.512284338 0.112001397
v -0.572279811 0.47588706 0.106923483
v -0.580561757 0.508313 0.0699522868
v -0.577946782 0.484026015 0.0637677535
v -0.586524785 0.489914507 0.00329899066
v -0.60366261 0.520898521 0.116240546
v -0.590912938 0.521359682 0.193172514
v -0.610892296 0.520935833 0.195172235
v -0.57451421 0.516081393 0.269611061
v -0.601365805 0.515714884 0.278987527
v -0.609001279 0.483611137 0.268763244
v -0.615315735 0.49871096 0.192163557
v -0.615487874 0.506851971 0.117496185
v -0.610326409 0.506035328 0.0723890364
v -0.601705134 0.513677895 0.0726176053
v -0.586524785 0.489914507 0.00329899066
v -0.588158011 0.503130376 0.326108545
v -0.592275321 0.444958419 0.305637747
v -0.572827578 0.441319376 0.356413901
v -0.564435899 0.482057452 0.375701547
v -0.525387406 0.442119896 0.320537269
v -0.538790524 0.448860228 0.26856184
v -0.611223578 0.445103407 0.252168149
v -0.532933235 0.438459694 0.220159054
v -0.561857164 0.504871309 0.311503083
v -0.588158011 0.503130376 0.326108545
v -0.54296124 0.425157279 0.404105812
v -0.522704959 0.439413249 0.434973061
v -0.526528239 0.41789934 0.385231048
v -0.499200344 0.421648145 0.367069185
v -0.526027799 0.496371865 0.29795897
v -0.538790524 0.448860228 0.26856184
v -0.525387406 0.442119896 0.320537269
v -0.518123448 0.479520023 0.347429156
v -0.564435899 0.482057452 0.375701547
v -0.532933235 0.438459694 0.220159054
v -0.499200344 0.421648145 0.367069185
v -0.495852351 0.437664241 0.382787228
v -0.501531363 0.451476216 0.405561864
v -0.478177786 0.391478688 0.486944407
v -0.52923888 0.416437298 0.423246413
v -0.478177786 0.391478688 0.486944407
v -0.478177786 0.391478688 0.486944407
v -0.488268197 0.399338752 0.448897809
v -0.488268197 0.399338752 0.448897809
v -0.478177786 0.391478688 0.486944407
v -0.616479695 0.472617567 0.186036423
v -0.532933235 0.438459694 0.220159054
v -0.556394577 0.459668517 0.171276942
v -0.61190629 0.486546308 0.115523614
v -0.572279811 0.47588706 0.106923483
v -0.606188953 0.48747775 0.0695293695
v -0.577946782 0.484026015 0.0637677535
v -0.586524785 0.489914507 0.00329899066
v -0.586524785 0.489914507 0.00329899066
v -0.611223578 0.445103407 0.252168149
v -0.365872651 0.310627788 0.451522857
v -0.389761865 0.290240616 0.430877894
v -0.370945513 0.296666801 0.452023268
v -0.398273408 0.298166126 0.419281185
v -0.358305603 0.281844884 0.477225602
v -0.352365762 0.293574512 0.487814367
v -0.411704779 0.26571396 0.442239016
v -0.39786461 0.266357392 0.442958951
v -0.38710463 0.249351472 0.471029967
v -0.36488384 0.262069911 0.49800849
v -0.395719856 0.238883495 0.486960471
v -0.38710463 0.249351472 0.471029967
v -0.38109833 0.227067232 0.528369188
v -0.332032949 0.275091439 0.529966235
v -0.332084298 0.257726043 0.562225997
v -0.36596024 0.225124896 0.560064137
v -0.351041675 0.239552096 0.604453385
v -0.586524785 0.489914507 0.00329899066
v -0.523847818 0.508789301 0.247063026
v -0.38710463 0.249351472 0.471029967
v -0.356351167 0.247748449 0.489432514
v -0.36488384 0.262069911 0.49800849
v -0.356351167 0.247748449 0.489432514
v -0.358305603 0.281844884 0.477225602
v -0.36488384 0.262069911 0.49800849
v -0.370945513 0.296666801 0.452023268
v -0.389761865 0.290240616 0.430877894
v -0.370945513 0.296666801 0.452023268
v -0.0720181763 -0.00406696182 0.318127692
v -0.0798188075 0.0313676745 0.322936743
v -0.087254934 -0.0216548909 0.315256894
v -0.109921783 0.0394663587 0.338924676
v -0.109921783 0.0394663587 0.338924676
v -0.127272084 0.0156073114 0.362776667
v -0.124855466 -0.0102373883 0.347238839
v -0.087254934 -0.0216548909 0.315256894
v -0.087254934 -0.0216548909 0.315256894
v -0.0756602138 -0.286920786 0.391837448
v -0.0403484255 -0.27451849 0.380279988
v -0.0756602138 -0.286920786 0.391837448
v -0.10899239 -0.252157748 0.332460195
v -0.124524191 -0.264248908 0.365412772
v -0.124524191 -0.264248908 0.365412772
v -0.129078507 -0.261726558 0.376730591
v -0.143320426 -0.0733150914 0.330239981
v -0.0813724846 -0.325941086 0.409346879
v -0.0801440477 -0.294107169 0.441402286
v -0.0793364942 -0.335449427 0.442623675
v -0.0845886022 -0.302291453 0.409437478
v -0.0772622302 -0.35917154 0.428092748
v -0.0809153542 -0.337628424 0.404470325
v -0.0742807314 -0.36843726 0.382898003
v -0.0751607791 -0.344436228 0.376647025
v -0.0704201907 -0.361866117 0.353491843
v -0.0567058921 -0.341052949 0.293760091
v -0.0585052632 -0.378510535 0.389681667
v -0.0573040061 -0.366670132 0.344712436
v -0.0567058921 -0.341052949 0.293760091
v -0.0587952547 -0.371218354 0.439935178
v -0.0561400019 -0.341249347 0.46009478
v -0.0542701408 -0.296188504 0.466678083
v -0.055578135 -0.327962995 0.394529969
v -0.0552126244 -0.321836859 0.394928724
v -0.0845886022 -0.302291453 0.409437478
v -0.0542610809 -0.29783383 0.382132739
v -0.0560252145 -0.333370149 0.378513873
v -0.0567058921 -0.341052949 0.293760091
v -0.0440800786 -0.362611204 0.353908688
v -0.0567058921 -0.341052949 0.293760091
v -0.0415033624 -0.37015906 0.383604854
v -0.0380496196 -0.345488459 0.377832174
v -0.0313686803 -0.339274734 0.406886965
v -0.0383245051 -0.362138957 0.429878026
v -0.0322155021 -0.337552905 0.445973694
v -0.029226955 -0.327133238 0.412350506
v -0.0255768597 -0.309995443 0.445465207
v -0.0215250012 -0.311778694 0.40094611
v -0.0567058921 -0.341052949 0.293760091
v -0.0542701408 -0.296188504 0.466678083
v -0.0552126244 -0.321836859 0.394928724
v -0.0542610809 -0.29783383 0.382132739
v -0.055578135 -0.327962995 0.394529969
v -0.055578135 -0.327962995 0.394529969
v -0.0560252145 -0.333370149 0.378513873
v -0.0567058921 -0.341052949 0.293760091
v -0.639976263 -0.205050871 0.45982492
v -0.653880894 -0.222254142 0.450765669
v -0.624385118 -0.202820525 0.486731946
v -0 0.632944942 0.714125454
v -0.0103592277 0.634540915 0.709401965
v -0 0.670461893 0.70352149
v -0.0197216012 0.596107662 0.709523737
v -0 0.590446711 0.71807158
v -0.019220151 0.610448241 0.690725565
v -0.0101850294 0.638903916 0.698199928
v -0 0.619820714 0.679323077
v -0 0.642035425 0.69082725
v -0 0.599221051 0.663882971
v -0 0.670461893 0.70352149
v -0.0269422457 0.584636807 0.679215372
v -0 0.599221051 0.663882971
v -0 0.590140641 0.646514475
v -0.0334399231 0.570582151 0.661192477
v -0.0275323018 0.560417235 0.702860951
v -0 0.548520446 0.714216053
v -0.0334399231 0.531805515 0.688688517
v 0.0101850294 0.638903916 0.698199928
v 0.019220151 0.610448241 0.690725565
v 0.0103592277 0.634540915 0.709401965
v -0 0.632944942 0.714125454
v 0.0197216012 0.596107662 0.709523737
v -0 0.590446711 0.71807158
v 0.0269422457 0.584636807 0.679215372
v -0 0.599221051 0.663882971
v -0 0.590140641 0.646514475
v 0.0334399231 0.570582151 0.661192477
v 0.0275323018 0.560417235 0.702860951
v -0 0.548520446 0.714216053
v 0.0334399231 0.531805515 0.688688517
v -0 0.618151188 0.627519011
v -0 0.652799428 0.572807789
v -0.0551663116 -0.161116794 0.579157412
v -0.0609138235 -0.184109896 0.633074105
v -0.0394613221 -0.168263927 0.579352736
v -0.0546014197 -0.14630495 0.587792814
v -0.0609138235 -0.184109896 0.633074105
v -0.0609138235 -0.184109896 0.633074105
v -0.028899705 -0.157222018 0.587920725
v -0.028899705 -0.157222018 0.587920725
v -0.0609138235 -0.184109896 0.633074105
v -0.0382771827 -0.144161209 0.593429565
v -0.0546014197 -0.14630495 0.587792814
v -0.0382771827 -0.144161209 0.593429565
v -0.0609138235 -0.184109896 0.633074105
v -0.0376478545 -0.109151497 0.60518539
v -0.0495919771 -0.121434949 0.601527214
v -0.0711512119 -0.116613798 0.656873763
v -0.0711512119 -0.116613798 0.656873763
v -0.0466749221 -0.0946095064 0.606876016
v -0.0495919771 -0.121434949 0.601527214
v -0.0646253452 -0.113506436 0.59910053
v -0.0711512119 -0.116613798 0.656873763
v -0.0626346543 -0.0970905572 0.602211952
v -0.0711512119 -0.116613798 0.656873763
v -0.0466749221 -0.0946095064 0.606876016
v -0.0711512119 -0.116613798 0.656873763
v -0.0626346543 -0.0970905572 0.602211952
v -0.0612541661 -0.0438202955 0.601762891
v -0.0747388825 -0.0408287272 0.657835424
v -0.0630001724 -0.0586814731 0.602237105
v -0.0500330143 -0.0646515265 0.607492268
v -0.0747388825 -0.0408287272 0.657835424
v -0.0466950648 -0.0403937325 0.60438484
v -0.0747388825 -0.0408287272 0.657835424
v -0.0612541661 -0.0438202955 0.601762891
v -0.0500330143 -0.0646515265 0.607492268
v -0.0747388825 -0.0408287272 0.657835424
v -0.0395841673 -0.0534172803 0.608785093
v -0.0466950648 -0.0403937325 0.60438484
v -0.0747388825 -0.0408287272 0.657835424
v -0.0247471537 -0.204537347 0.547376931
v -0.04018832 -0.199772567 0.548662782
v -0.0418134965 -0.23380357 0.582523584
v -0.0416201688 -0.18889074 0.560927093
v -0.0418134965 -0.23380357 0.582523584
v -0.0418134965 -0.23380357 0.582523584
v -0.0158026535 -0.1971737 0.559395552
v -0.026406562 -0.187171936 0.568167865
v -0.0418134965 -0.23380357 0.582523584
v -0.0416201688 -0.18889074 0.560927093
v -0.026406562 -0.187171936 0.568167865
v -0.0158026535 -0.1971737 0.559395552
v -0.0418134965 -0.23380357 0.582523584
v 0.0403484255 -0.27451849 0.380279988
v 0.0135129103 -0.302035689 0.395747364
v 0.0542610809 -0.29783383 0.382132739
v 0.0142983096 -0.273926437 0.395733267
v 0.0756602138 -0.286920786 0.391837448
v 0.0215250012 -0.311778694 0.40094611
v 0.0845886022 -0.302291453 0.409437478
v 0.0889385119 -0.287784725 0.398354292
v 0.106521413 -0.274438947 0.39328745
v 0.0847084224 -0.281869054 0.381982714
v 0.0970110223 -0.276415557 0.36803782
v 0.141418353 -0.239787713 0.402962953
v 0.113214426 -0.27426073 0.360046864
v 0.093894586 -0.260096341 0.353820056
v 0.10899239 -0.252157748 0.332460195
v 0.130399585 -0.273088664 0.384181827
v 0.117852315 -0.198417261 0.401365995
v 0.134121165 -0.190049723 0.395286202
v 0.128432065 -0.187483072 0.373360425
v 0.109163575 -0.198630705 0.360525161
v 0.122401595 -0.196625933 0.352578551
v 0.145838737 -0.168688849 0.36719504
v 0.115297742 -0.18893607 0.328498006
v 0.104915366 -0.19127214 0.32104674
v 0.0861936361 -0.194855779 0.349111706
v 0.0870827585 -0.187418655 0.321465611
v 0.117072955 -0.16456449 0.316035241
v 0.111474462 -0.157423392 0.305064827
v 0.125517011 -0.146663412 0.32350865
v 0.0911044106 -0.144145101 0.310775071
v 0.108863503 -0.128228664 0.320278466
v 0.046810858 -0.165460661 0.306576192
v 0.0572405718 -0.11965169 0.284106731
v -0 -0.117387123 0.276427925
v 0.0565367304 -0.071896337 0.282694042
v -0 -0.0713032559 0.269453973
v -0 -0.0135481525 0.285026044
v 0.0597860701 -0.0200347509 0.300232589
v 0.0519944988 0.0136901289 0.31970349
v -0 0.0160533786 0.311057031
v -0 -0.158275262 0.31142956
v -0 -0.177539706 0.330408096
v 0.0408216752 -0.192806676 0.3388834
v 0.0720181763 -0.00406696182 0.318127692
v 0.0798188075 0.0313676745 0.322936743
v 0.087254934 -0.0216548909 0.315256894
v 0.0807945207 -0.0414943025 0.306719184
v 0.106991641 -0.028635893 0.311988413
v 0.124855466 -0.0102373883 0.347238839
v 0.126505807 -0.0214333665 0.344795018
v 0.139433712 -0.0402225591 0.352672189
v 0.127272084 0.0156073114 0.362776667
v 0.141685188 -0.0920891836 0.346864223
v 0.140674233 -0.0549377352 0.334446847
v 0.143320426 -0.0733150914 0.330239981
v 0.145075485 -0.119230792 0.352556378
v 0.143868193 -0.112541795 0.330056727
v 0.130556673 -0.124576546 0.339757383
v 0.12640512 -0.0643293113 0.31503132
v 0.118847154 -0.125809029 0.325236529
v 0.115241364 -0.111227766 0.304913789
v 0.125517011 -0.146663412 0.32350865
v 0.139085293 -0.144899279 0.347584218
v 0.0938583389 -0.115656219 0.310989588
v 0.0831084326 -0.0858845115 0.30534777
v 0.105850786 -0.0482406877 0.307038397
v 0.109599568 -0.0832161605 0.297733426
v 0.1213836 -0.0709890947 0.306367815
v 0.143320426 -0.0733150914 0.330239981
v -0 -0.210146904 0.547732353
v 0.0247471537 -0.204537347 0.547376931
v 0.0158026535 -0.1971737 0.559395552
v -0 -0.182729393 0.582447052
v 0.026406562 -0.187171936 0.568167865
v 0.028899705 -0.157222018 0.587920725
v -0 -0.12629436 0.61064893
v 0.0382771827 -0.144161209 0.593429565
v 0.0394613221 -0.168263927 0.579352736
v 0.0551663116 -0.161116794 0.579157412
v 0.0546014197 -0.14630495 0.587792814
v 0.0646253452 -0.113506436 0.59910053
v 0.0626346543 -0.0970905572 0.602211952
v 0.0500330143 -0.0646515265 0.607492268
v 0.0466749221 -0.0946095064 0.606876016
v 0.0395841673 -0.0534172803 0.608785093
v -0 -0.0566424541 0.618213952
v 0.0495919771 -0.121434949 0.601527214
v -0 -0.12629436 0.61064893
v 0.0376478545 -0.109151497 0.60518539
v 0.0495919771 -0.121434949 0.601527214
v -0 -0.300891817 0.460978836
v 0.0542701408 -0.296188504 0.466678083
v -0 -0.280473441 0.483338624
v 0.0200347509 -0.307582855 0.451418132
v 0.0255768597 -0.309995443 0.445465207
v 0.00481409999 -0.305118889 0.421447068
v -0 -0.300891817 0.460978836
v 0.0215250012 -0.311778694 0.40094611
v 0.0135129103 -0.302035689 0.395747364
v -0 -0.295442373 0.421054333
v 0.0142983096 -0.273926437 0.395733267
v -0 -0.269169718 0.399387389
v -0 -0.300891817 0.460978836
v 0.0542701408 -0.296188504 0.466678083
v 0.0845886022 -0.302291453 0.409437478
v 0.0182917695 -0.258881986 0.377043754
v 0.0165407285 -0.272589236 0.346501768
v 0.00833430421 -0.25063026 0.346910536
v 0.0246071909 -0.2714625 0.369912714
v 0.0165598597 -0.264027387 0.325539619
v -0 -0.253665149 0.378682017
v -0 -0.245734587 0.346740395
v -0 -0.224408969 0.324390709
v 0.0284083262 -0.225157127 0.320552349
v 0.0861936361 -0.194855779 0.349111706
v -0 -0.269169718 0.399387389
v 0.0403484255 -0.27451849 0.380279988
v 0.0404068232 -0.235010862 0.314421117
v 0.0475600101 -0.246864364 0.321479708
v 0.070728302 -0.233666599 0.325143933
v 0.0339856744 -0.26816079 0.32817778
v 0.0308903921 -0.280951738 0.344376177
v 0.070891425 -0.223299325 0.328375161
v 0.070728302 -0.233666599 0.325143933
v 0.0921465755 -0.226649374 0.335604846
v 0.102044627 -0.209995851 0.337559283
v 0.102044627 -0.209995851 0.337559283
v 0.109163575 -0.198630705 0.360525161
v 0.109163575 -0.198630705 0.360525161
v 0.114640221 -0.201818645 0.365241587
v 0.129931375 -0.202135831 0.389810562
v 0.117852315 -0.198417261 0.401365995
v 0.132125467 -0.2129381 0.378657877
v 0.133939937 -0.239215776 0.392153651
v 0.130399585 -0.273088664 0.384181827
v 0.129078507 -0.261726558 0.376730591
v 0.070728302 -0.233666599 0.325143933
v 0.087305285 -0.243641198 0.344046861
v 0.093894586 -0.260096341 0.353820056
v 0.10899239 -0.252157748 0.332460195
v 0.124524191 -0.264248908 0.365412772
v 0.124524191 -0.264248908 0.365412772
v 0.129078507 -0.261726558 0.376730591
v 0.087305285 -0.243641198 0.344046861
v 0.145838737 -0.168688849 0.36719504
v 0.14957644 -0.203480065 0.339349598
v 0.122401595 -0.196625933 0.352578551
v 0.165753663 -0.171230331 0.347543925
v 0.139085293 -0.144899279 0.347584218
v 0.164244309 -0.143076748 0.329142421
v 0.128432065 -0.187483072 0.373360425
v 0.197842285 -0.206428334 0.311172843
v 0.212561503 -0.171467975 0.314809799
v 0.23379752 -0.192530796 0.277798355
v 0.244175881 -0.17337507 0.28699255
v 0.208664715 -0.147650197 0.300397724
v 0.244193003 -0.149789914 0.276113778
v 0.258606106 -0.19428584 0.249260128
v 0.286991268 -0.17037043 0.270291746
v 0.286991268 -0.17037043 0.270291746
v 0.304245889 -0.14358525 0.248963088
v 0.291428775 -0.140578568 0.229045138
v 0.232760385 -0.145393685 0.259172291
v 0.179420665 -0.20309943 0.291179359
v 0.222032636 -0.188215122 0.260478258
v 0.193897173 -0.145421878 0.282531917
v 0.220505118 -0.164199993 0.25181973
v 0.178620145 -0.165123343 0.273087978
v 0.222032636 -0.188215122 0.260478258
v 0.179420665 -0.20309943 0.291179359
v 0.260463864 -0.166226923 0.217090964
v 0.291428775 -0.140578568 0.229045138
v 0.252289683 -0.190745503 0.236865923
v 0.153107718 -0.139064163 0.307697952
v 0.13727285 -0.168347508 0.300534725
v 0.125517011 -0.146663412 0.32350865
v 0.117072955 -0.16456449 0.316035241
v 0.136884183 -0.199745387 0.318766057
v 0.115297742 -0.18893607 0.328498006
v 0.125517011 -0.146663412 0.32350865
v 0.139085293 -0.144899279 0.347584218
v 0.304245889 -0.14358525 0.248963088
v 0.31186831 -0.165205896 0.260128856
v 0.286991268 -0.17037043 0.270291746
v 0.312056601 -0.1512288 0.22778447
v 0.291428775 -0.140578568 0.229045138
v 0.314607143 -0.184192464 0.208132356
v 0.293700397 -0.189603642 0.248321682
v 0.310055852 -0.221572474 0.215674207
v 0.279858232 -0.19429794 0.23986353
v 0.295165479 -0.238256186 0.214722663
v 0.342187792 -0.269960165 0.199380159
v 0.299140811 -0.307559699 0.195126936
v 0.324875712 -0.220861569 0.191408381
v 0.346476287 -0.250732958 0.165466994
v 0.307683527 -0.254843205 0.152434394
v 0.301284552 -0.215031505 0.186169356
v 0.28572759 -0.236658186 0.198548451
v 0.283549607 -0.29840976 0.168701246
v 0.347926199 -0.303941816 0.147569954
v 0.344801754 -0.317256361 0.166812241
v 0.339384526 -0.362866968 0.136491776
v 0.332005799 -0.367709279 0.152101129
v 0.295892447 -0.332339078 0.160431385
v 0.293647021 -0.370239675 0.150491029
v 0.324207157 -0.305501521 0.135133445
v 0.316248417 -0.361704975 0.12859045
v 0.295892447 -0.332339078 0.160431385
v 0.293647021 -0.370239675 0.150491029
v 0.294344813 -0.306140929 0.173012882
v 0.294344813 -0.306140929 0.173012882
v 0.306185246 -0.412710667 0.147375613
v 0.281963706 -0.410764277 0.145113081
v 0.278844237 -0.446291566 0.146507666
v 0.266943425 -0.438428521 0.145647749
v 0.310250193 -0.415953964 0.135133445
v 0.275839597 -0.444985569 0.139454156
v 0.296031415 -0.411924243 0.130826846
v 0.281963706 -0.410764277 0.145113081
v 0.266943425 -0.438428521 0.145647749
v 0.248011246 -0.465590239 0.151124403
v 0.283549607 -0.29840976 0.168701246
v 0.294344813 -0.306140929 0.173012882
v 0.283549607 -0.29840976 0.168701246
v 0.28572759 -0.236658186 0.198548451
v 0.283549607 -0.29840976 0.168701246
v 0.26491949 -0.198907614 0.234080762
v 0.258606106 -0.19428584 0.249260128
v 0.252289683 -0.190745503 0.236865923
v 0.286991268 -0.17037043 0.270291746
v 0.260463864 -0.166226923 0.217090964
v 0.279040605 -0.155029938 0.209875345
v 0.291428775 -0.140578568 0.229045138
v 0.260463864 -0.166226923 0.217090964
v 0.266994774 -0.176025316 0.214251414
v 0.252289683 -0.190745503 0.236865923
v 0.26491949 -0.198907614 0.234080762
v 0.290636331 -0.178279802 0.200670049
v 0.0602381788 -0.294065893 0.377955019
v 0.0758716688 -0.288199574 0.365893096
v 0.0470253304 -0.294932872 0.363473475
v 0.0847084224 -0.281869054 0.381982714
v 0.0742615983 -0.297277987 0.341133833
v 0.0506462269 -0.296943694 0.3333413
v 0.0308903921 -0.280951738 0.344376177
v 0.040447101 -0.276135623 0.3193551
v 0.0339856744 -0.26816079 0.32817778
v 0.054516837 -0.279416174 0.305845201
v 0.0523751155 -0.254924774 0.31088385
v 0.0750953332 -0.296543956 0.316403806
v 0.0742615983 -0.297277987 0.341133833
v 0.0246071909 -0.2714625 0.369912714
v 0.0800866485 -0.247750446 0.298082858
v 0.0622842424 -0.295261115 0.269421756
v 0.0793596506 -0.302526057 0.287313789
v 0.0750953332 -0.296543956 0.316403806
v 0.0895748883 -0.270555228 0.249411181
v 0.0821729898 -0.31403923 0.268919319
v 0.0676300004 -0.308140665 0.249497771
v 0.0680468753 -0.336454332 0.246747866
v 0.0794683993 -0.33937645 0.265170544
v 0.0670862645 -0.35669753 0.260196328
v 0.0794412196 -0.373411477 0.245771155
v 0.0875096843 -0.354504466 0.223296613
v 0.0906059742 -0.326270312 0.214477986
v 0.0753108114 -0.358763754 0.278894901
v 0.0660199374 -0.368753433 0.276210427
v 0.0699127018 -0.368669838 0.299228728
v 0.0639839321 -0.374993354 0.294376343
v 0.0675816685 -0.382879555 0.29354763
v 0.074122645 -0.381273538 0.270155817
v 0.0616277345 -0.376648694 0.329161525
v 0.0915796757 -0.296683908 0.22059001
v 0.165686205 -0.246939883 0.351202071
v 0.129078507 -0.261726558 0.376730591
v 0.133939937 -0.239215776 0.392153651
v 0.155149758 -0.269674212 0.34022963
v 0.19603385 -0.263511837 0.324834764
v 0.192434117 -0.285674214 0.31556806
v 0.170557708 -0.223171458 0.329657972
v 0.206529036 -0.241729066 0.304692268
v 0.19248344 -0.247006342 0.28314814
v 0.149403244 -0.229121372 0.302129656
v 0.102044627 -0.209995851 0.337559283
v 0.180809185 -0.276465893 0.297347754
v 0.14642176 -0.260641068 0.311908901
v 0.212753847 -0.283168972 0.317446977
v 0.205063969 -0.31239897 0.311618894
v 0.218179122 -0.309695363 0.316129893
v 0.213695318 -0.328970909 0.317216396
v 0.203340113 -0.328923553 0.315364629
v 0.229115322 -0.330087572 0.307524741
v 0.236827344 -0.306989759 0.300210476
v 0.228988454 -0.310710371 0.289072871
v 0.223486632 -0.333307713 0.299801648
v 0.203469992 -0.33050245 0.309309006
v 0.203232363 -0.313042372 0.304696321
v 0.197732553 -0.344426155 0.315865099
v 0.199293271 -0.342972189 0.320072055
v 0.216379777 -0.348418623 0.315477431
v 0.200941622 -0.362768292 0.321011484
v 0.192316294 -0.355120689 0.324656546
v 0.212502092 -0.348646194 0.30954361
v 0.200941622 -0.362768292 0.321011484
v 0.176062554 -0.374299586 0.331748337
v 0.217069492 -0.277705401 0.279684335
v 0.229025707 -0.268734723 0.296110272
v 0.191473499 -0.356246442 0.321112156
v 0.176062554 -0.374299586 0.331748337
v 0.180809185 -0.276465893 0.297347754
v 0.14642176 -0.260641068 0.311908901
v 0.102044627 -0.209995851 0.337559283
v 0.10899239 -0.252157748 0.332460195
v 0.197919816 -0.295966983 0.299246788
v 0.114640221 -0.201818645 0.365241587
v 0.132125467 -0.2129381 0.378657877
v 0.10899239 -0.252157748 0.332460195
v 0.0921465755 -0.226649374 0.335604846
v 0.0979142264 -0.265452176 0.333961517
v 0.0899303332 -0.273848921 0.36083129
v 0.093894586 -0.260096341 0.353820056
v 0.0936217159 -0.288746327 0.341304004
v 0.0933639407 -0.268373251 0.314408094
v 0.0750953332 -0.296543956 0.316403806
v 0.0940144137 -0.249068528 0.318309873
v 0.0800866485 -0.247750446 0.298082858
v 0.0999079421 -0.289033294 0.273002386
v 0.0793596506 -0.302526057 0.287313789
v 0.0750953332 -0.296543956 0.316403806
v 0.0895748883 -0.270555228 0.249411181
v 0.0821729898 -0.31403923 0.268919319
v 0.101237074 -0.304260999 0.245438874
v 0.0996763483 -0.333444655 0.238651201
v 0.0794683993 -0.33937645 0.265170544
v 0.0897772834 -0.356828451 0.255325854
v 0.0875096843 -0.354504466 0.223296613
v 0.0906059742 -0.326270312 0.214477986
v 0.0794412196 -0.373411477 0.245771155
v 0.0753108114 -0.358763754 0.278894901
v 0.0821780264 -0.367602527 0.273307472
v 0.07404612 -0.375193715 0.295932055
v 0.0699127018 -0.368669838 0.299228728
v 0.074122645 -0.381273538 0.270155817
v 0.0675816685 -0.382879555 0.29354763
v 0.0616277345 -0.376648694 0.329161525
v 0.0915796757 -0.296683908 0.22059001
v 0.070728302 -0.233666599 0.325143933
v 0.087305285 -0.243641198 0.344046861
v 0.0767054036 -0.240091816 0.309427798
v -0 0.60035485 0.295695394
v 0.191473499 -0.356246442 0.321112156
v 0.176062554 -0.374299586 0.331748337
v 0.200941622 -0.362768292 0.321011484
v 0.197732553 -0.344426155 0.315865099
v 0.203469992 -0.33050245 0.309309006
v 0.203232363 -0.313042372 0.304696321
v 0.197919816 -0.295966983 0.299246788
v 0.197919816 -0.295966983 0.299246788
v 0.197919816 -0.295966983 0.299246788
v 0.353406906 -0.110529974 0.238277614
v 0.35060665 -0.0918193236 0.249133274
v 0.297931492 -0.0873012617 0.207381204
v 0.3950845 -0.118018463 0.276347369
v 0.391013473 -0.0948169306 0.297138304
v 0.44071722 -0.127280131 0.326307893
v 0.429176897 -0.0999411643 0.352998465
v 0.469153762 -0.139421627 0.389585972
v 0.457653672 -0.111352623 0.407452852
v 0.345644563 -0.0882296339 0.280030727
v 0.38334173 -0.0944806188 0.32292366
v 0.338567883 -0.110397063 0.305805951
v 0.371898085 -0.117867418 0.349596024
v 0.418300122 -0.103681885 0.377174646
v 0.411127806 -0.128470317 0.406120718
v 0.414656043 -0.157949015 0.37903446
v 0.378856868 -0.146849692 0.323251903
v 0.443023086 -0.164481923 0.439400524
v 0.436886936 -0.137528613 0.459525913
v 0.447336763 -0.115533367 0.44275859
v 0.34287852 -0.136515647 0.285183132
v 0.426058441 -0.159752414 0.345925808
v 0.38769564 -0.147364229 0.294582754
v 0.44071722 -0.127280131 0.326307893
v 0.3950845 -0.118018463 0.276347369
v 0.469153762 -0.139421627 0.389585972
v 0.453103393 -0.16514349 0.404389799
v 0.487380087 -0.146603003 0.428600222
v 0.466596186 -0.170350283 0.447789192
v 0.347699642 -0.134017467 0.256672084
v 0.353406906 -0.110529974 0.238277614
v 0.303166479 -0.127337545 0.216546208
v 0.297785461 -0.11156106 0.203093708
v 0.308669299 -0.130714759 0.24385196
v 0.308337033 -0.122564726 0.268362492
v 0.307614058 -0.106964454 0.277947396
v 0.306814581 -0.10715577 0.265429318
v 0.306159049 -0.117508963 0.24944441
v 0.299102515 -0.117349863 0.225141317
v 0.303166479 -0.127337545 0.216546208
v 0.294635832 -0.108006626 0.212120771
v 0.297785461 -0.11156106 0.203093708
v 0.249534741 -0.112807631 0.248565361
v 0.247915581 -0.0991436839 0.237801358
v 0.192686856 -0.0914658904 0.262996584
v 0.193755209 -0.109435454 0.267959714
v 0.142704204 -0.10678824 0.294064194
v 0.13824755 -0.0839864686 0.286772043
v 0.115241364 -0.111227766 0.304913789
v 0.109599568 -0.0832161605 0.297733426
v 0.143868193 -0.112541795 0.330056727
v 0.155337051 -0.111038476 0.321381032
v 0.253847361 -0.114873834 0.262905955
v 0.198299438 -0.114826515 0.29795292
v 0.165007547 -0.0921808109 0.329781801
v 0.204322845 -0.0950968564 0.312259316
v 0.157858387 -0.0717322081 0.316894174
v 0.204220161 -0.0767477006 0.293166012
v 0.261801034 -0.101019584 0.277496278
v 0.261801034 -0.101019584 0.277496278
v 0.261801034 -0.101019584 0.277496278
v 0.143868193 -0.112541795 0.330056727
v 0.141685188 -0.0920891836 0.346864223
v 0.143320426 -0.0733150914 0.330239981
v 0.14422062 -0.0707484409 0.294781119
v 0.200109899 -0.0766490102 0.269840628
v 0.192686856 -0.0914658904 0.262996584
v 0.13824755 -0.0839864686 0.286772043
v 0.247915581 -0.0991436839 0.237801358
v 0.252217174 -0.0847396478 0.242362723
v 0.1213836 -0.0709890947 0.306367815
v 0.109599568 -0.0832161605 0.297733426
v 0.260603845 -0.0853649527 0.262400478
v 0.261801034 -0.101019584 0.277496278
v 0.3022663 -0.092802085 0.252156049
v 0.297220618 -0.0861392692 0.234681904
v 0.306112736 -0.0866427273 0.258116037
v 0.301474839 -0.0762210712 0.232681155
v 0.295047671 -0.0915806815 0.214509189
v 0.294635832 -0.108006626 0.212120771
v 0.294635832 -0.108006626 0.212120771
v 0.297785461 -0.11156106 0.203093708
v 0.306814581 -0.10715577 0.265429318
v 0.306814581 -0.10715577 0.265429318
v 0.295047671 -0.0915806815 0.214509189
v 0.297931492 -0.0873012617 0.207381204
v 0.503260255 -0.146954417 0.420106888
v 0.519643903 -0.126445398 0.440497041
v 0.485426664 -0.110669933 0.46285978
v 0.536893547 -0.156539306 0.413538694
v 0.551712394 -0.137076497 0.429497391
v 0.512035608 -0.132237226 0.477729052
v 0.468289822 -0.109687172 0.498459578
v 0.54516238 -0.157477766 0.391651213
v 0.603747189 -0.157308608 0.417234093
v 0.597505271 -0.178325117 0.402031571
v 0.559123397 -0.141409293 0.458897531
v 0.504100025 -0.160655633 0.495992601
v 0.564224422 -0.176950663 0.487359226
v 0.599048853 -0.158084944 0.452255875
v 0.604768217 -0.190112174 0.470723867
v 0.638429642 -0.203683466 0.452685893
v 0.650734246 -0.185242668 0.428840905
v 0.615985334 -0.144491479 0.427534908
v 0.636998832 -0.172429562 0.401084065
v 0.604147911 -0.180365145 0.369765729
v 0.629659355 -0.189889625 0.374058247
v 0.468289822 -0.109687172 0.498459578
v 0.45670718 -0.148728609 0.521079063
v 0.44511345 -0.186479166 0.48173359
v 0.506370664 -0.185635373 0.46414566
v 0.564224422 -0.176950663 0.487359226
v 0.556682587 -0.202664465 0.4543432
v 0.591684222 -0.208645582 0.444868118
v 0.589845538 -0.218586937 0.416248322
v 0.525041044 -0.201493397 0.441402286
v 0.465347618 -0.185163125 0.449884593
v 0.556139886 -0.194760114 0.432318836
v 0.597505271 -0.178325117 0.402031571
v 0.604147911 -0.180365145 0.369765729
v 0.54516238 -0.157477766 0.391651213
v 0.597505271 -0.178325117 0.402031571
v 0.648356915 -0.220494062 0.429381579
v 0.635840833 -0.215318471 0.397923321
v 0.638429642 -0.203683466 0.452685893
v 0.604768217 -0.190112174 0.470723867
v 0.536893547 -0.156539306 0.413538694
v 0.503260255 -0.146954417 0.420106888
v 0.465347618 -0.185163125 0.449884593
v 0.604147911 -0.180365145 0.369765729
v 0.629659355 -0.189889625 0.374058247
v 0.44511345 -0.186479166 0.48173359
v 0.413669258 -0.169974685 0.514886558
v 0.427926332 -0.142722324 0.553238213
v 0.406903714 -0.157353923 0.550961554
v 0.437646121 -0.109013543 0.525026262
v 0.420732826 -0.123228282 0.559983611
v 0.419106662 -0.143368766 0.5917238
v 0.678740859 -0.211116552 0.219680741
v 0.762104988 -0.19000645 0.180124775
v 0.728320658 -0.163076267 0.257077873
v 0.713493764 -0.225266859 0.166702494
v 0.764246762 -0.215053648 0.110624939
v 0.730086803 -0.232763425 0.103582516
v 0.756670594 -0.224991962 0.0641352832
v 0.740504444 -0.234766185 0.0600592606
v 0.747872174 -0.242381543 -0.00210113986
v 0.779608309 -0.233847886 0.1192744
v 0.780307114 -0.220615894 0.198970377
v 0.781537592 -0.245660096 0.198470935
v 0.770478547 -0.237752706 0.281049728
v 0.74790436 -0.266789377 0.272768766
v 0.769538105 -0.265770346 0.193805858
v 0.755831897 -0.203230351 0.274746388
v 0.7759431 -0.256818801 0.118344009
v 0.770064652 -0.235913068 0.0697488785
v 0.76856643 -0.252571583 0.0694367364
v 0.747872174 -0.242381543 -0.00210113986
v 0.732228518 -0.256680876 0.317096561
v 0.751155674 -0.233777359 0.328092188
v 0.697331607 -0.260063112 0.346617579
v 0.726379275 -0.22747606 0.37268883
v 0.741131783 -0.20398654 0.315749288
v 0.70830816 -0.183321476 0.346182555
v 0.686440706 -0.1913708 0.407900929
v 0.695016742 -0.21849227 0.414824516
v 0.676626265 -0.239443332 0.404323339
v 0.697331607 -0.260063112 0.346617579
v 0.724504471 -0.173726499 0.293912143
v 0.728320658 -0.163076267 0.257077873
v 0.749261677 -0.267347187 0.1083664
v 0.749714792 -0.255917609 0.0638473034
v 0.730086803 -0.232763425 0.103582516
v 0.740504444 -0.234766185 0.0600592606
v 0.713493764 -0.225266859 0.166702494
v 0.73723197 -0.281687796 0.181429744
v 0.678740859 -0.211116552 0.219680741
v 0.707571983 -0.294281393 0.258115023
v 0.747872174 -0.242381543 -0.00210113986
v 0.662271559 -0.227533475 0.379332483
v 0.635840833 -0.215318471 0.397923321
v 0.651791513 -0.201679707 0.360200942
v 0.629659355 -0.189889625 0.374058247
v 0.675064504 -0.209353462 0.318896919
v 0.697331607 -0.260063112 0.346617579
v 0.648356915 -0.220494062 0.429381579
v 0.653880894 -0.222254142 0.450765669
v 0.664832234 -0.21142669 0.456304729
v 0.638429642 -0.203683466 0.452685893
v 0.663146675 -0.195312902 0.452592224
v 0.650734246 -0.185242668 0.428840905
v 0.670362234 -0.183168426 0.383419603
v 0.651791513 -0.201679707 0.360200942
v 0.675064504 -0.209353462 0.318896919
v 0.724504471 -0.173726499 0.293912143
v 0.685873866 -0.212576613 0.247057989
v 0.636998832 -0.172429562 0.401084065
v 0.629659355 -0.189889625 0.374058247
v 0.624385118 -0.202820525 0.486731946
v 0.638429642 -0.203683466 0.452685893
v 0.639976263 -0.205050871 0.45982492
v 0.728320658 -0.163076267 0.257077873
v 0.724504471 -0.173726499 0.293912143
v 0.678740859 -0.211116552 0.219680741
v 0.663146675 -0.195312902 0.452592224
v 0.624385118 -0.202820525 0.486731946
v 0.706965923 -0.278240114 0.296031743
v 0.685873866 -0.212576613 0.247057989
v 0.707571983 -0.294281393 0.258115023
v 0.678740859 -0.211116552 0.219680741
v 0.706965923 -0.278240114 0.296031743
v 0.707571983 -0.294281393 0.258115023
v 0.73723197 -0.281687796 0.181429744
v 0.597505271 -0.178325117 0.402031571
v 0.604147911 -0.180365145 0.369765729
v 0.485426664 -0.110669933 0.46285978
v 0.487380087 -0.146603003 0.428600222
v 0.503260255 -0.146954417 0.420106888
v 0.477375299 -0.12009877 0.454521477
v 0.463934898 -0.123393416 0.473056883
v 0.468289822 -0.109687172 0.498459578
v 0.465347618 -0.185163125 0.449884593
v 0.466596186 -0.170350283 0.447789192
v 0.454300612 -0.169377595 0.463267624
v 0.44511345 -0.186479166 0.48173359
v 0.443178177 -0.14318952 0.4947249
v 0.437646121 -0.109013543 0.525026262
v 0.413669258 -0.169974685 0.514886558
v 0.406903714 -0.157353923 0.550961554
v 0.420732826 -0.123228282 0.559983611
v 0.419106662 -0.143368766 0.5917238
v 0.44511345 -0.186479166 0.48173359
v 0.124524191 -0.264248908 0.365412772
v 0.129078507 -0.261726558 0.376730591
v 0.10899239 -0.252157748 0.332460195
v 0.0970110223 -0.276415557 0.36803782
v 0.093894586 -0.260096341 0.353820056
v 0.0847084224 -0.281869054 0.381982714
v 0.0758716688 -0.288199574 0.365893096
v 0.0742615983 -0.297277987 0.341133833
v 0.0847084224 -0.281869054 0.381982714
v 0.0742615983 -0.297277987 0.341133833
v 0.0767054036 -0.240091816 0.309427798
v 0.070728302 -0.233666599 0.325143933
v 0.0475600101 -0.246864364 0.321479708
v 0.747872174 -0.242381543 -0.00210113986
v 0.747872174 -0.242381543 -0.00210113986
v 0.466596186 -0.170350283 0.447789192
v 0.454300612 -0.169377595 0.463267624
v 0.443178177 -0.14318952 0.4947249
v 0.463934898 -0.123393416 0.473056883
v 0.477375299 -0.12009877 0.454521477
v 0.487380087 -0.146603003 0.428600222
v 0.477375299 -0.12009877 0.454521477
v 0.122401595 -0.196625933 0.352578551
v 0.136884183 -0.199745387 0.318766057
v 0.115297742 -0.18893607 0.328498006
v 0.252289683 -0.190745503 0.236865923
v 0.294635832 -0.108006626 0.212120771
v 0.306814581 -0.10715577 0.265429318
v 0.306814581 -0.10715577 0.265429318
v 0.323942333 0.0290054306 0.224871457
v 0.314836711 0.0490150154 0.231288582
v 0.283315986 0.0357991457 0.20689182
v 0.385862082 0.0482789502 0.272416353
v 0.372172922 0.0718198121 0.295174837
v 0.434918344 0.0670802221 0.330532938
v 0.411997795 0.0859419107 0.359145701
v 0.461257458 0.0771444216 0.387623519
v 0.437568605 0.090798296 0.406142831
v 0.305056483 0.0513722226 0.256263286
v 0.365381241 0.0682341605 0.320960164
v 0.305324316 0.0233898237 0.279057026
v 0.363922179 0.0400604419 0.350640208
v 0.401824832 0.0823149756 0.384254336
v 0.432662845 0.0871018842 0.439998627
v 0.401824832 0.0507026128 0.406786263
v 0.363922179 0.0400604419 0.350640208
v 0.436092407 0.0618824847 0.486706764
v 0.28051272 0.0371353291 0.257664919
v 0.275746942 0.0442895219 0.230067194
v 0.275210261 0.0304866172 0.233797818
v 0.280306309 0.0276924055 0.25098601
v 0.251470029 0.022072766 0.258201629
v 0.258070439 0.0134675996 0.272420377
v 0.200069606 0.00341347093 0.288584501
v 0.20515056 -0.00663663028 0.304638922
v 0.156306714 -0.0104367584 0.31417951
v 0.172174826 -0.0223063733 0.327824324
v 0.173354924 -0.0434658565 0.319423586
v 0.212301731 -0.0262202825 0.295078188
v 0.260690421 -0.00616337638 0.260455102
v 0.144587129 -0.0348022915 0.342432767
v 0.140674233 -0.0549377352 0.334446847
v 0.130997702 -0.0226547681 0.332456201
v 0.146456987 -0.0575859435 0.301220417
v 0.12640512 -0.0643293113 0.31503132
v 0.243053168 0.0190288369 0.235638484
v 0.268783063 0.0268264506 0.220021084
v 0.206560239 -0.0249143019 0.265762597
v 0.138185114 -0.0429452807 0.28945148
v 0.199628577 -0.0152891213 0.258590281
v 0.256702006 -0.00637785112 0.245904058
v 0.246615648 0.00442442205 0.231076106
v 0.12640512 -0.0643293113 0.31503132
v 0.105850786 -0.0482406877 0.307038397
v 0.246615648 0.00442442205 0.231076106
v 0.199628577 -0.0152891213 0.258590281
v 0.195609972 0.000996855204 0.26304993
v 0.136742204 -0.0208010208 0.291860044
v 0.138185114 -0.0429452807 0.28945148
v 0.106991641 -0.028635893 0.311988413
v 0.105850786 -0.0482406877 0.307038397
v 0.281284034 0.00673430413 0.225424245
v 0.287840098 0.00251831627 0.243666679
v 0.295382947 -0.00520075765 0.242147237
v 0.294551224 0.000121838886 0.214974403
v 0.272595286 0.0140616857 0.216851309
v 0.327830046 0.00987791829 0.237148851
v 0.323942333 0.0290054306 0.224871457
v 0.292552501 0.0144453226 0.20302926
v 0.272595286 0.0140616857 0.216851309
v 0.385862082 0.0482789502 0.272416353
v 0.394468218 0.0239728298 0.297605574
v 0.434918344 0.0670802221 0.330532938
v 0.432760537 0.0339574814 0.355594277
v 0.461257458 0.0771444216 0.387623519
v 0.458366573 0.0461251438 0.4029378
v 0.479627758 0.0838444903 0.428836852
v 0.479227006 0.0541795231 0.446648329
v 0.32203421 0.00302077108 0.262305826
v 0.387966543 0.0207728259 0.321288407
v 0.305324316 0.0233898237 0.279057026
v 0.425508678 0.0268687401 0.377067953
v 0.363922179 0.0400604419 0.350640208
v 0.305324316 0.0233898237 0.279057026
v 0.45114094 0.0401369706 0.438789308
v 0.363922179 0.0400604419 0.350640208
v 0.436092407 0.0618824847 0.486706764
v 0.479227006 0.0541795231 0.446648329
v 0.465004236 0.0464282259 0.470045239
v 0.445987463 0.0655376166 0.488598764
v 0.296455324 0.00193027314 0.269918174
v 0.289697856 0.015959736 0.27628696
v 0.289777428 0.00658326549 0.261305988
v 0.284993529 0.0163121596 0.26360476
v 0.49105534 0.0838203207 0.421365499
v 0.507137954 0.109387107 0.439588815
v 0.471156538 0.1126002 0.449220031
v 0.529664814 0.0918434784 0.41475603
v 0.517146766 0.119279124 0.432866573
v 0.50860703 0.125126332 0.461006045
v 0.479596585 0.109761685 0.488080204
v 0.501464903 0.0886354297 0.504475951
v 0.558194995 0.101099126 0.489274383
v 0.580389559 0.140190914 0.421268821
v 0.542851448 0.0954724401 0.397279888
v 0.601726294 0.112518653 0.469900191
v 0.633642733 0.120257854 0.452973843
v 0.654506207 0.14795731 0.4144862
v 0.620663464 0.141875491 0.408298641
v 0.450867027 0.106859736 0.476982921
v 0.419300973 0.0989443064 0.519485176
v 0.598843455 0.111574151 0.381904185
v 0.612303019 0.117925823 0.386328578
v 0.542851448 0.0954724401 0.397279888
v 0.583540261 0.105548725 0.40731895
v 0.598843455 0.111574151 0.381904185
v 0.457358658 0.0795811713 0.530932844
v 0.474115908 0.038351696 0.479468971
v 0.436176032 0.0342504941 0.518596053
v 0.428159893 0.072172232 0.562601566
v 0.417679846 0.0381744765 0.551921129
v 0.401844978 0.0645508319 0.614599109
v 0.510361075 0.0529661775 0.473461688
v 0.558194995 0.101099126 0.489274383
v 0.559279442 0.0734993592 0.465983272
v 0.601726294 0.112518653 0.469900191
v 0.604773223 0.0905324742 0.44576326
v 0.605742872 0.0785702243 0.411027402
v 0.532606065 0.0560957007 0.437508494
v 0.605742872 0.0785702243 0.411027402
v 0.583540261 0.105548725 0.40731895
v 0.598843455 0.111574151 0.381904185
v 0.626193523 0.0948199406 0.40901053
v 0.662658274 0.110438347 0.423761964
v 0.633642733 0.120257854 0.452973843
v 0.598843455 0.111574151 0.381904185
v 0.612303019 0.117925823 0.386328578
v 0.542851448 0.0954724401 0.397279888
v 0.526874602 0.0765040144 0.425163597
v 0.542851448 0.0954724401 0.397279888
v 0.529664814 0.0918434784 0.41475603
v 0.49105534 0.0838203207 0.421365499
v 0.494280487 0.0493543483 0.44305864
v 0.474115908 0.038351696 0.479468971
v 0.510361075 0.0529661775 0.473461688
v 0.272595286 0.0140616857 0.216851309
v 0.292552501 0.0144453226 0.20302926
v 0.272595286 0.0140616857 0.216851309
v 0.268783063 0.0268264506 0.220021084
v 0.67979902 0.148232192 0.236549735
v 0.750177979 0.199749425 0.183389246
v 0.718981564 0.211709648 0.266653717
v 0.716188312 0.150707215 0.171278954
v 0.762069762 0.182823047 0.113677926
v 0.739316285 0.151532888 0.106923483
v 0.761064827 0.171053097 0.0699522868
v 0.747715056 0.151203632 0.0637667477
v 0.754429221 0.150034592 0.00330201373
v 0.77676481 0.170948386 0.120026574
v 0.773798406 0.177764237 0.194008246
v 0.785466611 0.158505842 0.195179284
v 0.773810506 0.158042639 0.278993577
v 0.760612726 0.126484662 0.266519815
v 0.778541982 0.137192294 0.190402448
v 0.750315964 0.184494525 0.275491506
v 0.780568004 0.147301793 0.11902871
v 0.771146119 0.1635032 0.0726125687
v 0.775546372 0.148923963 0.0723850131
v 0.754429221 0.150034592 0.00330201373
v 0.742390454 0.126211792 0.313391089
v 0.753385067 0.153825656 0.32568565
v 0.724943519 0.146688581 0.369680077
v 0.713253081 0.107228264 0.344370097
v 0.735449731 0.177561849 0.313488752
v 0.695172787 0.177877024 0.347177416
v 0.686685443 0.110338658 0.40122202
v 0.693744957 0.137280911 0.413407773
v 0.671383202 0.156985387 0.40538156
v 0.764757216 0.134824008 0.0695293695
v 0.714341581 0.198943883 0.298563123
v 0.718981564 0.211709648 0.266653717
v 0.766178012 0.126284286 0.115528651
v 0.739316285 0.151532888 0.106923483
v 0.747715056 0.151203632 0.0637667477
v 0.716188312 0.150707215 0.171278954
v 0.761782825 0.110110082 0.180956513
v 0.741930306 0.0903683454 0.251149118
v 0.67979902 0.148232192 0.236549735
v 0.754429221 0.150034592 0.00330201373
v 0.656908691 0.151333526 0.383975416
v 0.647046924 0.132470831 0.3630445
v 0.671215117 0.143698022 0.317012995
v 0.714341581 0.198943883 0.298563123
v 0.684393764 0.148627922 0.268459141
v 0.67979902 0.148232192 0.236549735
v 0.620663464 0.141875491 0.408298641
v 0.654506207 0.14795731 0.4144862
v 0.612303019 0.117925823 0.386328578
v 0.640976191 0.13764742 0.460823774
v 0.652720928 0.125719413 0.465491891
v 0.61410439 0.113819599 0.507190645
v 0.648591518 0.109403223 0.461077541
v 0.662658274 0.110438347 0.423761964
v 0.6710549 0.114365339 0.381545693
v 0.626193523 0.0948199406 0.40901053
v 0.612303019 0.117925823 0.386328578
v 0.647046924 0.132470831 0.3630445
v 0.671215117 0.143698022 0.317012995
v 0.729687095 0.0997226611 0.290145248
v 0.684393764 0.148627922 0.268459141
v 0.67979902 0.148232192 0.236549735
v 0.633642733 0.120257854 0.452973843
v 0.61410439 0.113819599 0.507190645
v 0.729687095 0.0997226611 0.290145248
v 0.741930306 0.0903683454 0.251149118
v 0.761782825 0.110110082 0.180956513
v 0.471156538 0.1126002 0.449220031
v 0.479627758 0.0838444903 0.428836852
v 0.49105534 0.0838203207 0.421365499
v 0.460430771 0.0942399576 0.452836901
v 0.450867027 0.106859736 0.476982921
v 0.449387848 0.0892103836 0.471373349
v 0.494280487 0.0493543483 0.44305864
v 0.479227006 0.0541795231 0.446648329
v 0.445987463 0.0655376166 0.488598764
v 0.474115908 0.038351696 0.479468971
v 0.465004236 0.0464282259 0.470045239
v 0.436176032 0.0342504941 0.518596053
v 0.479227006 0.0541795231 0.446648329
v 0.474115908 0.038351696 0.479468971
v 0.419300973 0.0989443064 0.519485176
v 0.401222676 0.0849813074 0.550109744
v 0.417679846 0.0381744765 0.551921129
v 0.401844978 0.0645508319 0.614599109
v 0.450867027 0.106859736 0.476982921
v 0.718981564 0.211709648 0.266653717
v 0.449387848 0.0892103836 0.471373349
v 0.445987463 0.0655376166 0.488598764
v 0.460430771 0.0942399576 0.452836901
v 0.479627758 0.0838444903 0.428836852
v 0.460430771 0.0942399576 0.452836901
v 0.249201447 0.141671091 0.201668903
v 0.281917363 0.155879781 0.224745572
v 0.265933484 0.167338565 0.231118381
v 0.264447242 0.131643146 0.198235318
v 0.252224207 0.12133123 0.204738021
v 0.319151372 0.207075804 0.276840776
v 0.301440626 0.215918601 0.296466678
v 0.348789155 0.246035665 0.334316999
v 0.328525841 0.252933085 0.357948452
v 0.37065047 0.271440327 0.387622476
v 0.346259803 0.275934219 0.411003262
v 0.25855878 0.158043653 0.257380962
v 0.297767371 0.208987936 0.325746059
v 0.270418316 0.138307959 0.280641913
v 0.309638977 0.183419123 0.352327824
v 0.323025018 0.24069193 0.386737406
v 0.335458517 0.215344653 0.406980634
v 0.340897888 0.264688939 0.44577533
v 0.356351167 0.247748449 0.489432514
v 0.239401042 0.134313494 0.256844282
v 0.236310795 0.143094867 0.22758007
v 0.239500746 0.132253334 0.233083904
v 0.243087381 0.129355401 0.251265913
v 0.219687492 0.11475502 0.255829304
v 0.229903743 0.110571258 0.271094263
v 0.17788206 0.0777687132 0.284664571
v 0.216543898 0.108726576 0.236739054
v 0.240500614 0.131053075 0.212045267
v 0.176605299 0.0713264197 0.258451343
v 0.188115418 0.0591245219 0.253991663
v 0.146124706 0.0208664704 0.277780235
v 0.132013693 0.0372944251 0.281330645
v 0.226084471 0.0969173759 0.228271827
v 0.102495722 0.0185596123 0.307569027
v 0.107482009 -0.00334801874 0.311941087
v 0.141145468 0.0477875732 0.313842177
v 0.189356953 0.0685795322 0.300040245
v 0.156408414 0.0429472961 0.327200055
v 0.171989545 0.0272614434 0.319893807
v 0.205127388 0.0553183556 0.290479541
v 0.229903743 0.110571258 0.271094263
v 0.133198828 0.00164430693 0.339372754
v 0.127849042 0.0189784914 0.342659324
v 0.113234565 0.0287637711 0.32900545
v 0.164872602 0.0133366995 0.290511787
v 0.122353263 -0.00875620451 0.321005434
v 0.146124706 0.0208664704 0.277780235
v 0.188115418 0.0591245219 0.253991663
v 0.20069994 0.0526157692 0.263131529
v 0.237598658 0.0896906853 0.237952381
v 0.226084471 0.0969173759 0.228271827
v 0.107482009 -0.00334801874 0.311941087
v 0.241820693 0.0955862179 0.258462429
v 0.229903743 0.110571258 0.271094263
v 0.264737248 0.11331512 0.217181563
v 0.252224207 0.12133123 0.204738021
v 0.276030898 0.115929097 0.21086818
v 0.278603613 0.111155272 0.239620849
v 0.291347206 0.14385812 0.236975685
v 0.281917363 0.155879781 0.224745572
v 0.264447242 0.131643146 0.198235318
v 0.252224207 0.12133123 0.204738021
v 0.319151372 0.207075804 0.276840776
v 0.334894627 0.191098928 0.300321221
v 0.348789155 0.246035665 0.334316999
v 0.364455909 0.222781792 0.353519022
v 0.37065047 0.271440327 0.387622476
v 0.382926881 0.246215895 0.40127635
v 0.389761865 0.290240616 0.430877894
v 0.39786461 0.266357392 0.442958951
v 0.290410787 0.135370761 0.260092616
v 0.335918695 0.181042776 0.32623741
v 0.270418316 0.138307959 0.280641913
v 0.309638977 0.183419123 0.352327824
v 0.361817747 0.208699942 0.381171137
v 0.378813595 0.23318027 0.439749897
v 0.356351167 0.247748449 0.489432514
v 0.38710463 0.249351472 0.471029967
v 0.27205354 0.110365845 0.265752524
v 0.258108675 0.117816061 0.281449467
v 0.26654166 0.114613041 0.241561204
v 0.26458618 0.11537125 0.26087904
v 0.253825217 0.120162196 0.266182482
v 0.258108675 0.117816061 0.281449467
v 0.258108675 0.117816061 0.281449467
v 0.398273408 0.298166126 0.419281185
v 0.398332804 0.349793077 0.438146889
v 0.365872651 0.310627788 0.451522857
v 0.435773224 0.350847304 0.398225397
v 0.443960547 0.397314817 0.419483542
v 0.465514749 0.384777606 0.399132639
v 0.475149989 0.399383038 0.379849046
v 0.455974162 0.399056822 0.44278881
v 0.470080137 0.413694412 0.407593787
v 0.501531363 0.451476216 0.405561864
v 0.488268197 0.399338752 0.448897809
v 0.495852351 0.437664241 0.382787228
v 0.397626936 0.337801635 0.472080171
v 0.457694948 0.363218367 0.483196616
v 0.430903763 0.333466828 0.506597519
v 0.395238549 0.292377293 0.519264638
v 0.352365762 0.293574512 0.487814367
v 0.475149989 0.399383038 0.379849046
v 0.499200344 0.421648145 0.367069185
v 0.488268197 0.399338752 0.448897809
v 0.352365762 0.293574512 0.487814367
v 0.378698826 0.273425996 0.53255403
v 0.488268197 0.399338752 0.448897809
v 0.490388751 0.355492234 0.446276784
v 0.52923888 0.416437298 0.423246413
v 0.492120653 0.366630852 0.408886701
v 0.526528239 0.41789934 0.385231048
v 0.475149989 0.399383038 0.379849046
v 0.499200344 0.421648145 0.367069185
v 0.54296124 0.425157279 0.404105812
v 0.449126095 0.310552269 0.430338204
v 0.435773224 0.350847304 0.398225397
v 0.398273408 0.298166126 0.419281185
v 0.411704779 0.26571396 0.442239016
v 0.465514749 0.384777606 0.399132639
v 0.475149989 0.399383038 0.379849046
v 0.44511047 0.29535377 0.458811969
v 0.395719856 0.238883495 0.486960471
v 0.430903763 0.333466828 0.506597519
v 0.395238549 0.292377293 0.519264638
v 0.395719856 0.238883495 0.486960471
v 0.378698826 0.273425996 0.53255403
v 0.378698826 0.273425996 0.53255403
v 0.38109833 0.227067232 0.528369188
v 0.361450225 0.24924776 0.570736527
v 0.36596024 0.225124896 0.560064137
v 0.351041675 0.239552096 0.604453385
v 0.332084298 0.257726043 0.562225997
v 0.332032949 0.275091439 0.529966235
v 0.378698826 0.273425996 0.53255403
v 0.378698826 0.273425996 0.53255403
v 0.252224207 0.12133123 0.204738021
v 0.226084471 0.0969173759 0.228271827
v 0.532933235 0.438459694 0.220159054
v 0.557644188 0.515688717 0.18273069
v 0.523847818 0.508789301 0.247063026
v 0.556394577 0.459668517 0.171276942
v 0.575115323 0.512284338 0.112001397
v 0.572279811 0.47588706 0.106923483
v 0.580561757 0.508313 0.0699522868
v 0.577946782 0.484026015 0.0637677535
v 0.586524785 0.489914507 0.00329899066
v 0.60366261 0.520898521 0.116240546
v 0.590912938 0.521359682 0.193172514
v 0.610892296 0.520935833 0.195172235
v 0.57451421 0.516081393 0.269611061
v 0.601365805 0.515714884 0.278987527
v 0.609001279 0.483611137 0.268763244
v 0.615315735 0.49871096 0.192163557
v 0.615487874 0.506851971 0.117496185
v 0.610326409 0.506035328 0.0723890364
v 0.601705134 0.513677895 0.0726176053
v 0.586524785 0.489914507 0.00329899066
v 0.588158011 0.503130376 0.326108545
v 0.592275321 0.444958419 0.305637747
v 0.572827578 0.441319376 0.356413901
v 0.564435899 0.482057452 0.375701547
v 0.525387406 0.442119896 0.320537269
v 0.538790524 0.448860228 0.26856184
v 0.611223578 0.445103407 0.252168149
v 0.532933235 0.438459694 0.220159054
v 0.561857164 0.504871309 0.311503083
v 0.54296124 0.425157279 0.404105812
v 0.522704959 0.439413249 0.434973061
v 0.526528239 0.41789934 0.385231048
v 0.499200344 0.421648145 0.367069185
v 0.526027799 0.496371865 0.29795897
v 0.538790524 0.448860228 0.26856184
v 0.525387406 0.442119896 0.320537269
v 0.518123448 0.479520023 0.347429156
v 0.564435899 0.482057452 0.375701547
v 0.588158011 0.503130376 0.326108545
v 0.532933235 0.438459694 0.220159054
v 0.499200344 0.421648145 0.367069185
v 0.495852351 0.437664241 0.382787228
v 0.501531363 0.451476216 0.405561864
v 0.478177786 0.391478688 0.486944407
v 0.488268197 0.399338752 0.448897809
v 0.478177786 0.391478688 0.486944407
v 0.616479695 0.472617567 0.186036423
v 0.532933235 0.438459694 0.220159054
v 0.556394577 0.459668517 0.171276942
v 0.61190629 0.486546308 0.115523614
v 0.572279811 0.47588706 0.106923483
v 0.606188953 0.48747775 0.0695293695
v 0.577946782 0.484026015 0.0637677535
v 0.586524785 0.489914507 0.00329899066
v 0.586524785 0.489914507 0.00329899066
v 0.611223578 0.445103407 0.252168149
v 0.365872651 0.310627788 0.451522857
v 0.389761865 0.290240616 0.430877894
v 0.398273408 0.298166126 0.419281185
v 0.370945513 0.296666801 0.452023268
v 0.358305603 0.281844884 0.477225602
v 0.352365762 0.293574512 0.487814367
v 0.411704779 0.26571396 0.442239016
v 0.39786461 0.266357392 0.442958951
v 0.38710463 0.249351472 0.471029967
v 0.36488384 0.262069911 0.49800849
v 0.395719856 0.238883495 0.486960471
v 0.38710463 0.249351472 0.471029967
v 0.38109833 0.227067232 0.528369188
v 0.332032949 0.275091439 0.529966235
v 0.332084298 0.257726043 0.562225997
v 0.36596024 0.225124896 0.560064137
v 0.351041675 0.239552096 0.604453385
v 0.586524785 0.489914507 0.00329899066
v 0.523847818 0.508789301 0.247063026
v 0.38710463 0.249351472 0.471029967
v 0.356351167 0.247748449 0.489432514
v 0.36488384 0.262069911 0.49800849
v 0.356351167 0.247748449 0.489432514
v 0.358305603 0.281844884 0.477225602
v 0.36488384 0.262069911 0.49800849
v 0.370945513 0.296666801 0.452023268
v 0.389761865 0.290240616 0.430877894
v 0.370945513 0.296666801 0.452023268
v 0.0720181763 -0.00406696182 0.318127692
v 0.0798188075 0.0313676745 0.322936743
v 0.087254934 -0.0216548909 0.315256894
v 0.109921783 0.0394663587 0.338924676
v 0.109921783 0.0394663587 0.338924676
v 0.127272084 0.0156073114 0.362776667
v 0.124855466 -0.0102373883 0.347238839
v 0.087254934 -0.0216548909 0.315256894
v 0.087254934 -0.0216548909 0.315256894
v 0.0756602138 -0.286920786 0.391837448
v 0.0403484255 -0.27451849 0.380279988
v 0.0756602138 -0.286920786 0.391837448
v 0.0403484255 -0.27451849 0.380279988
v 0.126505807 -0.0214333665 0.344795018
v 0.139433712 -0.0402225591 0.352672189
v 0.126505807 -0.0214333665 0.344795018
v 0.0813724846 -0.325941086 0.409346879
v 0.0801440477 -0.294107169 0.441402286
v 0.0845886022 -0.302291453 0.409437478
v 0.0793364942 -0.335449427 0.442623675
v 0.0772622302 -0.35917154 0.428092748
v 0.0809153542 -0.337628424 0.404470325
v 0.0742807314 -0.36843726 0.382898003
v 0.0751607791 -0.344436228 0.376647025
v 0.0704201907 -0.361866117 0.353491843
v 0.0567058921 -0.341052949 0.293760091
v 0.0585052632 -0.378510535 0.389681667
v 0.0573040061 -0.366670132 0.344712436
v 0.0567058921 -0.341052949 0.293760091
v 0.0587952547 -0.371218354 0.439935178
v 0.0561400019 -0.341249347 0.46009478
v 0.0542701408 -0.296188504 0.466678083
v 0.055578135 -0.327962995 0.394529969
v 0.0560252145 -0.333370149 0.378513873
v 0.0567058921 -0.341052949 0.293760091
v 0.0440800786 -0.362611204 0.353908688
v 0.0567058921 -0.341052949 0.293760091
v 0.0415033624 -0.37015906 0.383604854
v 0.0380496196 -0.345488459 0.377832174
v 0.0313686803 -0.339274734 0.406886965
v 0.0383245051 -0.362138957 0.429878026
v 0.0322155021 -0.337552905 0.445973694
v 0.029226955 -0.327133238 0.412350506
v 0.0255768597 -0.309995443 0.445465207
v 0.0215250012 -0.311778694 0.40094611
v 0.0567058921 -0.341052949 0.293760091
v 0.0542701408 -0.296188504 0.466678083
v 0.0552126244 -0.321836859 0.394928724
v 0.0542610809 -0.29783383 0.382132739
v 0.055578135 -0.327962995 0.394529969
v 0.055578135 -0.327962995 0.394529969
v 0.0560252145 -0.333370149 0.378513873
v 0.0567058921 -0.341052949 0.293760091
v 0.0845886022 -0.302291453 0.409437478
v 0.0552126244 -0.321836859 0.394928724
v 0.0542610809 -0.29783383 0.382132739
v 0.639976263 -0.205050871 0.45982492
v 0.624385118 -0.202820525 0.486731946
v 0.653880894 -0.222254142 0.450765669
v 0.633642733 0.120257854 0.452973843
v 0.61410439 0.113819599 0.507190645
v 0.428159893 0.072172232 0.562601566
v 0.401844978 0.0645508319 0.614599109
v 0.401222676 0.0849813074 0.550109744
v 0.52923888 0.416437298 0.423246413
v 0.488268197 0.399338752 0.448897809
v 0.478177786 0.391478688 0.486944407
v 0.478177786 0.391478688 0.486944407
v -0 0.214993224 0.851410329
v -0 0.243224323 0.872437954
v -0 0.599221051 0.663882971
v -0 0.0441002212 0.796216846
v 0.0551663116 -0.161116794 0.579157412
v 0.0394613221 -0.168263927 0.579352736
v 0.0609138235 -0.184109896 0.633074105
v 0.0546014197 -0.14630495 0.587792814
v 0.0609138235 -0.184109896 0.633074105
v 0.028899705 -0.157222018 0.587920725
v 0.0609138235 -0.184109896 0.633074105
v 0.028899705 -0.157222018 0.587920725
v 0.0382771827 -0.144161209 0.593429565
v 0.0609138235 -0.184109896 0.633074105
v 0.0546014197 -0.14630495 0.587792814
v 0.0609138235 -0.184109896 0.633074105
v 0.0382771827 -0.144161209 0.593429565
v 0.0376478545 -0.109151497 0.60518539
v 0.0711512119 -0.116613798 0.656873763
v 0.0495919771 -0.121434949 0.601527214
v 0.0466749221 -0.0946095064 0.606876016
v 0.0711512119 -0.116613798 0.656873763
v 0.0495919771 -0.121434949 0.601527214
v 0.0711512119 -0.116613798 0.656873763
v 0.0646253452 -0.113506436 0.59910053
v 0.0711512119 -0.116613798 0.656873763
v 0.0626346543 -0.0970905572 0.602211952
v 0.0466749221 -0.0946095064 0.606876016
v 0.0626346543 -0.0970905572 0.602211952
v 0.0711512119 -0.116613798 0.656873763
v 0.0612541661 -0.0438202955 0.601762891
v 0.0630001724 -0.0586814731 0.602237105
v 0.0747388825 -0.0408287272 0.657835424
v 0.0500330143 -0.0646515265 0.607492268
v 0.0747388825 -0.0408287272 0.657835424
v 0.0466950648 -0.0403937325 0.60438484
v 0.0612541661 -0.0438202955 0.601762891
v 0.0747388825 -0.0408287272 0.657835424
v 0.0500330143 -0.0646515265 0.607492268
v 0.0395841673 -0.0534172803 0.608785093
v 0.0747388825 -0.0408287272 0.657835424
v 0.0466950648 -0.0403937325 0.60438484
v 0.0747388825 -0.0408287272 0.657835424
v 0.0247471537 -0.204537347 0.547376931
v 0.0418134965 -0.23380357 0.582523584
v 0.04018832 -0.199772567 0.548662782
v 0.0416201688 -0.18889074 0.560927093
v 0.0418134965 -0.23380357 0.582523584
v 0.0158026535 -0.1971737 0.559395552
v 0.0418134965 -0.23380357 0.582523584
v 0.026406562 -0.187171936 0.568167865
v 0.0416201688 -0.18889074 0.560927093
v 0.0418134965 -0.23380357 0.582523584
v 0.026406562 -0.187171936 0.568167865
v 0.0418134965 -0.23380357 0.582523584
v 0.0158026535 -0.1971737 0.559395552
v -0 0.66853261 0.504895806
vt 0.15727967 0.178185865
vt 0.104604438 0.235990852
vt 0.171313167 0.226584718
vt 0.0990399718 0.171935007
vt 0.111170843 0.292067677
vt 0.0374960154 0.307514787
vt 0.0297696013 0.240420133
vt 0.182281315 0.273744673
vt 0.124040641 0.331086338
vt 0.189925551 0.310761362
vt 0.230014458 0.214278996
vt 0.246340066 0.267895997
vt 0.244870156 0.312785983
vt 0.196437776 0.360076666
vt 0.235967666 0.363865644
vt 0.311728954 0.263836056
vt 0.321046203 0.315503538
vt 0.386369318 0.305963278
vt 0.380974263 0.249487519
vt 0.452247232 0.289509237
vt 0.445834428 0.234626502
vt 0.154291019 0.374512136
vt 0.371922225 0.196557671
vt 0.29636085 0.206588805
vt 0.359213144 0.138416991
vt 0.279887766 0.145399481
vt 0.444402218 0.181858554
vt 0.436299264 0.129641384
vt 0.506897628 0.175302148
vt 0.512304723 0.108087368
vt 0.34869343 0.07284832
vt 0.426965624 0.0718490407
vt 0.419316262 0.0167272072
vt 0.461222529 0.0241477713
vt 0.476876587 0.0686410144
vt 0.342764527 0.00973762106
vt 0.269659191 0.0810976624
vt 0.259857088 0.0147754364
vt 0.212365359 0.157286733
vt 0.194466189 0.0994231552
vt 0.138943896 0.120753311
vt 0.171119675 0.0369927138
vt 0.112199031 0.0604643971
vt 0.483520925 0.0228450131
vt 0.494293064 0.0543072224
vt 0.515877187 0.0780952275
vt 0.522652149 0.023506498
vt 0.526459694 0.057802245
vt 0.546226978 0.0172911733
vt 0.551986098 0.0573248118
vt 0.586951554 0.0470884815
vt 0.585599661 0.0103810038
vt 0.619323313 0.0107422452
vt 0.617979586 0.0470023751
vt 0.65199554 0.0481132939
vt 0.656986415 0.0178958233
vt 0.676846087 0.0225277022
vt 0.6803177 0.0514524579
vt 0.539384782 0.0699747279
vt 0.55234158 0.0797835961
vt 0.5657534 0.0704841986
vt 0.561670542 0.0900852606
vt 0.546979368 0.116081305
vt 0.553898871 0.115100801
vt 0.566917181 0.124411091
vt 0.530255556 0.131324574
vt 0.536056697 0.170002505
vt 0.573134482 0.161181316
vt 0.580346644 0.199036524
vt 0.543158591 0.21493499
vt 0.622189224 0.185338005
vt 0.634672761 0.218577996
vt 0.595109344 0.239553824
vt 0.666675568 0.201767549
vt 0.657072067 0.174209952
vt 0.68706435 0.189574465
vt 0.676621616 0.167773798
vt 0.614843845 0.148895979
vt 0.652465463 0.142419577
vt 0.706772506 0.179216549
vt 0.699000418 0.156775311
vt 0.730301619 0.161797628
vt 0.727759421 0.200098917
vt 0.746143401 0.179948881
vt 0.75955075 0.195163831
vt 0.746504307 0.22213155
vt 0.781525433 0.218715549
vt 0.767016888 0.236501992
vt 0.766219258 0.145193607
vt 0.74941653 0.139138624
vt 0.77262795 0.172807425
vt 0.720789671 0.149012208
vt 0.731922567 0.132116929
vt 0.732132494 0.24763453
vt 0.698803544 0.202685356
vt 0.684560716 0.224674359
vt 0.724572957 0.259362638
vt 0.654674351 0.254449844
vt 0.612132549 0.282733589
vt 0.558963537 0.256071061
vt 0.581771195 0.295387506
vt 0.601973951 0.335191727
vt 0.516048014 0.328094035
vt 0.532478392 0.386517137
vt 0.627792358 0.321761161
vt 0.63229382 0.330561489
vt 0.631975174 0.367147058
vt 0.63986063 0.31447944
vt 0.505297124 0.273940772
vt 0.466379553 0.351005316
vt 0.501637995 0.224005088
vt 0.421197683 0.367389798
vt 0.419476092 0.436443359
vt 0.511630177 0.395640641
vt 0.392255723 0.438018709
vt 0.332417846 0.374548793
vt 0.349909544 0.441378236
vt 0.300465405 0.438398212
vt 0.273123354 0.433770806
vt 0.184877753 0.408963323
vt 0.232829407 0.510571778
vt 0.20201996 0.493992329
vt 0.403403223 0.52030158
vt 0.357561797 0.521321714
vt 0.107449502 0.431949794
vt 0.331897467 0.504558265
vt 0.333910525 0.537951648
vt 0.317742854 0.525369883
vt 0.313431948 0.554628849
vt 0.303433031 0.544725418
vt 0.293756366 0.567230165
vt 0.289114505 0.561331332
vt 0.273604304 0.575650871
vt 0.290607035 0.540475249
vt 0.282434076 0.557896972
vt 0.276163101 0.540266931
vt 0.27467382 0.556674302
vt 0.273604304 0.575650871
vt 0.275248438 0.524687231
vt 0.296365201 0.521161973
vt 0.269874305 0.517393589
vt 0.294229031 0.502797782
vt 0.269874305 0.517393589
vt 0.757668734 0.0700084716
vt 0.784516692 0.0643599182
vt 0.770103395 0.0537101701
vt 0.767536223 0.0869473442
vt 0.756197393 0.101240464
vt 0.78901583 0.071805492
vt 0.764685333 0.11711596
vt 0.753798902 0.113376081
vt 0.740806401 0.11614453
vt 0.74863112 0.102694422
vt 0.736394405 0.0967402831
vt 0.712009609 0.12738888
vt 0.725678265 0.0998653546
vt 0.722462833 0.0863965973
vt 0.705013871 0.0959737524
vt 0.729858041 0.115170397
vt 0.710411966 0.12085636
vt 0.724632263 0.113808937
vt 0.688436449 0.125225484
vt 0.693322122 0.116880782
vt 0.681706131 0.108089328
vt 0.679895163 0.104466841
vt 0.685110927 0.135434821
vt 0.685110927 0.135434821
vt 0.673763156 0.13505815
vt 0.670453668 0.120293848
vt 0.679895163 0.104466841
vt 0.670011401 0.106798768
vt 0.651329875 0.123171099
vt 0.6608302 0.0954374596
vt 0.660727382 0.0879079029
vt 0.676733732 0.0830473304
vt 0.661495447 0.0775594488
vt 0.64447695 0.0929580405
vt 0.640041649 0.0861756504
vt 0.633486211 0.0984541401
vt 0.633013725 0.0738034025
vt 0.621646583 0.0871960148
vt 0.615117848 0.0753955841
vt 0.59532696 0.0679080337
vt 0.572358787 0.0848787203
vt 0.594251394 0.0839000121
vt 0.588120639 0.091475524
vt 0.583419561 0.0969187468
vt 0.633486211 0.0984541401
vt 0.60872364 0.0865006745
vt 0.620379269 0.0950095728
vt 0.608014762 0.107493654
vt 0.620172858 0.107017919
vt 0.617646933 0.118219391
vt 0.600146651 0.118697092
vt 0.576763332 0.111968212
vt 0.588908851 0.110697716
vt 0.633424222 0.11373654
vt 0.754851162 0.259795815
vt 0.740983069 0.251067042
vt 0.739479005 0.264537752
vt 0.73726052 0.286804169
vt 0.728797495 0.269409299
vt 0.711087704 0.28733328
vt 0.70502913 0.319645435
vt 0.699557066 0.291199923
vt 0.713414907 0.275199026
vt 0.703806996 0.272363782
vt 0.695092976 0.2822496
vt 0.67349422 0.293616176
vt 0.663112223 0.3017838
vt 0.648978889 0.319483489
vt 0.666837335 0.310230732
vt 0.645290732 0.329251409
vt 0.663130462 0.349452108
vt 0.68278873 0.296620756
vt 0.70502913 0.319645435
vt 0.679846168 0.307861954
vt 0.68278873 0.296620756
vt 0.81027317 0.186322227
vt 0.796246946 0.200682819
vt 0.782038987 0.165000483
vt 0.807384491 0.171702519
vt 0.808117151 0.166228577
vt 0.829466879 0.168624982
vt 0.81027317 0.186322227
vt 0.833701789 0.151614606
vt 0.84163177 0.15588589
vt 0.834174633 0.173738524
vt 0.856431484 0.166204751
vt 0.856246352 0.176141217
vt 0.81027317 0.186322227
vt 0.782038987 0.165000483
vt 0.764685333 0.11711596
vt 0.755404353 0.0498631448
vt 0.738529205 0.0549871698
vt 0.751782894 0.0576677918
vt 0.734445035 0.0394571722
vt 0.728552163 0.0533813909
vt 0.756720304 0.0375918821
vt 0.733413219 0.033327505
vt 0.710032403 0.0283529554
vt 0.705660343 0.0454734713
vt 0.676733732 0.0830473304
vt 0.77322489 0.0433463231
vt 0.757668734 0.0700084716
vt 0.707677364 0.0531728119
vt 0.711785436 0.0610142052
vt 0.700421929 0.0693413243
vt 0.726468444 0.0636288002
vt 0.738244057 0.0658395514
vt 0.695317745 0.0700242519
vt 0.700421929 0.0693413243
vt 0.698239505 0.0817049742
vt 0.691289127 0.0902621821
vt 0.691289127 0.0902621821
vt 0.679895163 0.104466841
vt 0.700421929 0.0693413243
vt 0.710106969 0.080622755
vt 0.722462833 0.0863965973
vt 0.710106969 0.080622755
vt 0.757668734 0.0700084716
vt 0.949982166 0.282724082
vt 0.973860145 0.267745912
vt 0.950457156 0.264376968
vt 0.974888325 0.287106574
vt 0.93025279 0.278674006
vt 0.929925859 0.258577138
vt 0.961881161 0.29484424
vt 0.970635653 0.233226791
vt 0.947881222 0.226962492
vt 0.966061115 0.201556042
vt 0.949537516 0.199226305
vt 0.930414319 0.22395727
vt 0.931278348 0.195641294
vt 0.97186619 0.177845195
vt 0.947623491 0.169351578
vt 0.947623491 0.169351578
vt 0.931365311 0.152781546
vt 0.918022752 0.153625086
vt 0.916160464 0.19617191
vt 0.987558603 0.233517319
vt 0.980287433 0.199352995
vt 0.915350378 0.225644723
vt 0.900408387 0.200369358
vt 0.89880681 0.230576262
vt 0.883717954 0.203084022
vt 0.872241497 0.235631093
vt 0.895821095 0.166349217
vt 0.918022752 0.153625086
vt 0.880150974 0.179417893
vt 0.915455818 0.256560683
vt 0.895281434 0.262263834
vt 0.911927462 0.276826859
vt 0.897673309 0.278741449
vt 0.873062909 0.268682659
vt 0.880572081 0.284013003
vt 0.93025279 0.278674006
vt 0.911927462 0.276826859
vt 0.99250102 0.0414346233
vt 0.97779578 0.0199108422
vt 0.978638172 0.0344960615
vt 0.983000398 0.0532380715
vt 0.996356666 0.0580862239
vt 0.960554361 0.0637917444
vt 0.960216939 0.0315510407
vt 0.9363873 0.0516238213
vt 0.951859593 0.023767285
vt 0.922066748 0.0411956236
vt 0.903409541 0.0688081309
vt 0.877090693 0.0499757901
vt 0.93607223 0.0736082643
vt 0.913264394 0.0864438638
vt 0.920276642 0.107612349
vt 0.948743403 0.0884603038
vt 0.951512873 0.108080946
vt 0.918824613 0.139894158
vt 0.883278489 0.0979975834
vt 0.873405755 0.0869868174
vt 0.850457072 0.110269345
vt 0.84343636 0.101849981
vt 0.846650898 0.0675844774
vt 0.824077368 0.0869538262
vt 0.885759771 0.114310987
vt 0.851821125 0.125528306
vt 0.880669177 0.143106371
vt 0.849210382 0.145945936
vt 0.864640951 0.0534251407
vt 0.904767871 0.140352219
vt 0.81402415 0.116034888
vt 0.800850868 0.107877679
vt 0.79110378 0.13109988
vt 0.785013199 0.12419942
vt 0.817654192 0.123855054
vt 0.793216825 0.136418283
vt 0.818472087 0.133749008
vt 0.816736281 0.146226078
vt 0.79353416 0.14448151
vt 0.770672381 0.141868681
vt 0.904767871 0.140352219
vt 0.918824613 0.139894158
vt 0.866573989 0.0374499857
vt 0.914291143 0.0308601633
vt 0.866573989 0.0374499857
vt 0.945221424 0.0153702348
vt 0.95343715 0.00865366682
vt 0.944923341 0.0054613729
vt 0.97779578 0.0199108422
vt 0.996101499 0.0858243927
vt 0.996356666 0.0580862239
vt 0.98922497 0.0738845244
vt 0.996101499 0.0858243927
vt 0.987668455 0.0883685425
vt 0.996006608 0.106597804
vt 0.98621124 0.107397072
vt 0.972485483 0.0772893652
vt 0.0745172203 0.393517196
vt 0.0829957724 0.365201473
vt 0.107449502 0.431949794
vt 0.0675122887 0.338794619
vt 0.0476837456 0.358377278
vt 0.0488646328 0.345520824
vt 0.0456706434 0.326958954
vt 0.0266587678 0.347673357
vt 0.0250307377 0.353729218
vt 0.0408649668 0.372151315
vt 0.0207986291 0.360069335
vt 0.00621050783 0.347106606
vt 0.00621050783 0.347106606
vt 0.0244984943 0.340348482
vt 0.0609295592 0.382964671
vt 0.0745172203 0.393517196
vt 0.0456706434 0.326958954
vt 0.0207986291 0.360069335
vt 0.0250307377 0.353729218
vt 0.0408649668 0.372151315
vt 0.0476837456 0.358377278
vt 0.0266587678 0.347673357
vt 0.0488646328 0.345520824
vt 0.0675122887 0.338794619
vt 0.0829957724 0.365201473
vt 0.0456706434 0.326958954
vt 0.0244984943 0.340348482
vt 0.0609295592 0.382964671
vt 0.0745172203 0.393517196
vt 0.124040641 0.331086338
vt 0.111170843 0.292067677
vt 0.182281315 0.273744673
vt 0.189925551 0.310761362
vt 0.171313167 0.226584718
vt 0.230014458 0.214278996
vt 0.246340066 0.267895997
vt 0.104604438 0.235990852
vt 0.15727967 0.178185865
vt 0.0990399718 0.171935007
vt 0.0374960154 0.307514787
vt 0.0297696013 0.240420133
vt 0.244870156 0.312785983
vt 0.196437776 0.360076666
vt 0.235967666 0.363865644
vt 0.311728954 0.263836056
vt 0.321046203 0.315503538
vt 0.386369318 0.305963278
vt 0.380974263 0.249487519
vt 0.452247232 0.289509237
vt 0.445834428 0.234626502
vt 0.212365359 0.157286733
vt 0.194466189 0.0994231552
vt 0.138943896 0.120753311
vt 0.171119675 0.0369927138
vt 0.112199031 0.0604643971
vt 0.269659191 0.0810976624
vt 0.279887766 0.145399481
vt 0.34869343 0.07284832
vt 0.342764527 0.00973762106
vt 0.259857088 0.0147754364
vt 0.419316262 0.0167272072
vt 0.426965624 0.0718490407
vt 0.436299264 0.129641384
vt 0.359213144 0.138416991
vt 0.29636085 0.206588805
vt 0.371922225 0.196557671
vt 0.461222529 0.0241477713
vt 0.476876587 0.0686410144
vt 0.444402218 0.181858554
vt 0.506897628 0.175302148
vt 0.512304723 0.108087368
vt 0.483520925 0.0228450131
vt 0.494293064 0.0543072224
vt 0.501637995 0.224005088
vt 0.543158591 0.21493499
vt 0.536056697 0.170002505
vt 0.580346644 0.199036524
vt 0.573134482 0.161181316
vt 0.622189224 0.185338005
vt 0.634672761 0.218577996
vt 0.595109344 0.239553824
vt 0.666675568 0.201767549
vt 0.657072067 0.174209952
vt 0.68706435 0.189574465
vt 0.676621616 0.167773798
vt 0.614843845 0.148895979
vt 0.652465463 0.142419577
vt 0.706772506 0.179216549
vt 0.699000418 0.156775311
vt 0.730301619 0.161797628
vt 0.727759421 0.200098917
vt 0.746143401 0.179948881
vt 0.75955075 0.195163831
vt 0.746504307 0.22213155
vt 0.781525433 0.218715549
vt 0.767016888 0.236501992
vt 0.766219258 0.145193607
vt 0.74941653 0.139138624
vt 0.77262795 0.172807425
vt 0.720789671 0.149012208
vt 0.731922567 0.132116929
vt 0.732132494 0.24763453
vt 0.698803544 0.202685356
vt 0.684560716 0.224674359
vt 0.724572957 0.259362638
vt 0.654674351 0.254449844
vt 0.612132549 0.282733589
vt 0.558963537 0.256071061
vt 0.581771195 0.295387506
vt 0.601973951 0.335191727
vt 0.516048014 0.328094035
vt 0.532478392 0.386517137
vt 0.627792358 0.321761161
vt 0.63229382 0.330561489
vt 0.631975174 0.367147058
vt 0.63986063 0.31447944
vt 0.505297124 0.273940772
vt 0.466379553 0.351005316
vt 0.421197683 0.367389798
vt 0.419476092 0.436443359
vt 0.511630177 0.395640641
vt 0.392255723 0.438018709
vt 0.332417846 0.374548793
vt 0.349909544 0.441378236
vt 0.300465405 0.438398212
vt 0.273123354 0.433770806
vt 0.184877753 0.408963323
vt 0.232829407 0.510571778
vt 0.20201996 0.493992329
vt 0.403403223 0.52030158
vt 0.357561797 0.521321714
vt 0.154291019 0.374512136
vt 0.107449502 0.431949794
vt 0.331897467 0.504558265
vt 0.317742854 0.525369883
vt 0.313431948 0.554628849
vt 0.303433031 0.544725418
vt 0.293756366 0.567230165
vt 0.289114505 0.561331332
vt 0.273604304 0.575650871
vt 0.290607035 0.540475249
vt 0.282434076 0.557896972
vt 0.276163101 0.540266931
vt 0.27467382 0.556674302
vt 0.273604304 0.575650871
vt 0.275248438 0.524687231
vt 0.296365201 0.521161973
vt 0.269874305 0.517393589
vt 0.294229031 0.502797782
vt 0.269874305 0.517393589
vt 0.864538968 0.398736566
vt 0.876549542 0.393223107
vt 0.869571507 0.381911904
vt 0.867861629 0.410042435
vt 0.889989436 0.405191094
vt 0.883786678 0.419549644
vt 0.868716061 0.428016663
vt 0.884549081 0.435961068
vt 0.876219273 0.43876636
vt 0.898605645 0.436544597
vt 0.889223278 0.450848222
vt 0.901614666 0.417111844
vt 0.889989436 0.405191094
vt 0.850873768 0.422613859
vt 0.902824879 0.463659465
vt 0.926095188 0.434992164
vt 0.919054508 0.420412928
vt 0.901614666 0.417111844
vt 0.936560154 0.459470093
vt 0.932292819 0.418796659
vt 0.942214727 0.431658536
vt 0.954088807 0.416753739
vt 0.943621993 0.407424092
vt 0.955976605 0.40083763
vt 0.972177982 0.399276882
vt 0.976979256 0.418053418
vt 0.971713543 0.436110377
vt 0.945957959 0.392144769
vt 0.953803539 0.387797415
vt 0.942513406 0.37762925
vt 0.948737383 0.376234323
vt 0.953411341 0.3731727
vt 0.963769078 0.38485235
vt 0.935010433 0.358369201
vt 0.959367514 0.450465143
vt 0.824949861 0.308391839
vt 0.836749852 0.334852904
vt 0.84363848 0.305424392
vt 0.821007073 0.342366457
vt 0.831867754 0.280187488
vt 0.847343206 0.271274
vt 0.80506444 0.300099105
vt 0.81331867 0.274359286
vt 0.799434006 0.26750502
vt 0.783894181 0.291331142
vt 0.766098976 0.325210273
vt 0.861817837 0.277243972
vt 0.863690495 0.302077025
vt 0.837120593 0.262738585
vt 0.852101207 0.248190328
vt 0.843764007 0.245818242
vt 0.848268151 0.233218953
vt 0.854584932 0.234671861
vt 0.836963415 0.230557993
vt 0.829734266 0.240657359
vt 0.823230445 0.23537831
vt 0.832176387 0.225285441
vt 0.858356655 0.235568076
vt 0.856514096 0.249213174
vt 0.858804345 0.22326985
vt 0.85589695 0.222662434
vt 0.844009876 0.219697803
vt 0.850361943 0.208213314
vt 0.857670128 0.212343723
vt 0.840013981 0.216323569
vt 0.850361943 0.208213314
vt 0.865147352 0.197106317
vt 0.810047269 0.249633253
vt 0.819746196 0.257780612
vt 0.85995239 0.213271916
vt 0.865147352 0.197106317
vt 0.784829497 0.25254634
vt 0.76786077 0.277703732
vt 0.766098976 0.325210273
vt 0.751631498 0.300634831
vt 0.798368752 0.233930647
vt 0.783779442 0.339636743
vt 0.801820755 0.33932212
vt 0.751631498 0.300634831
vt 0.754519641 0.320002377
vt 0.894198 0.357301295
vt 0.888435543 0.375903338
vt 0.902325869 0.369208366
vt 0.883734286 0.366001666
vt 0.903840721 0.347673297
vt 0.920814753 0.36247769
vt 0.89184165 0.343922347
vt 0.895989597 0.329874754
vt 0.92934972 0.331294537
vt 0.933981776 0.348834902
vt 0.920814753 0.36247769
vt 0.925828695 0.311316192
vt 0.946263909 0.341809481
vt 0.946872592 0.321244866
vt 0.965568781 0.325107485
vt 0.962494135 0.346540809
vt 0.976211548 0.341291875
vt 0.983577371 0.321579516
vt 0.969090462 0.308400512
vt 0.990255833 0.340345442
vt 0.972215056 0.358681768
vt 0.979553342 0.355266124
vt 0.980377078 0.371480256
vt 0.975315094 0.373346388
vt 0.989808679 0.357275009
vt 0.986876607 0.372714251
vt 0.976599932 0.394022018
vt 0.949916184 0.30356127
vt 0.876082361 0.335941464
vt 0.887487888 0.33189255
vt 0.877708256 0.353689283
vt 0.0330374613 0.169987783
vt 0.845347524 0.2020666
vt 0.850361943 0.208213314
vt 0.856994569 0.190273955
vt 0.836431026 0.206192017
vt 0.825312912 0.212766871
vt 0.811397731 0.221154869
vt 0.798368752 0.233930647
vt 0.857934415 0.261872649
vt 0.857934415 0.261872649
vt 0.291879445 0.70996052
vt 0.296636194 0.751045346
vt 0.306497335 0.711857438
vt 0.295951068 0.676661193
vt 0.316067606 0.6741243
vt 0.300926358 0.634453833
vt 0.326515138 0.632673323
vt 0.313691735 0.591473162
vt 0.336086243 0.594192326
vt 0.326592505 0.70678699
vt 0.332274526 0.668660104
vt 0.348544151 0.701856911
vt 0.35535872 0.662890494
vt 0.342539072 0.627004683
vt 0.365031272 0.616320372
vt 0.385976076 0.631174982
vt 0.377875417 0.674828827
vt 0.392967612 0.588146091
vt 0.37404114 0.576715946
vt 0.355843335 0.5817644
vt 0.369088054 0.71005559
vt 0.400645345 0.64753443
vt 0.392091751 0.687352061
vt 0.423501104 0.65991801
vt 0.410616368 0.70035249
vt 0.426128864 0.615182519
vt 0.406051397 0.607129872
vt 0.428172261 0.587379158
vt 0.406670541 0.577902198
vt 0.384007007 0.721703887
vt 0.400865674 0.73182106
vt 0.38099277 0.758142292
vt 0.389637083 0.768173814
vt 0.369636953 0.745586991
vt 0.356228858 0.736082792
vt 0.344630361 0.733726621
vt 0.343963414 0.7467103
vt 0.359297752 0.750599802
vt 0.375401944 0.760222733
vt 0.38099277 0.758142292
vt 0.384901106 0.766903698
vt 0.389637083 0.768173814
vt 0.358207345 0.789016008
vt 0.368321657 0.79141897
vt 0.37204209 0.827405512
vt 0.360662282 0.826547444
vt 0.357938498 0.863402367
vt 0.373646557 0.865001202
vt 0.356247425 0.882790625
vt 0.374693632 0.884241521
vt 0.336684495 0.870241344
vt 0.338405609 0.861092389
vt 0.349281073 0.786100328
vt 0.342586428 0.829215109
vt 0.324496865 0.856648922
vt 0.328208566 0.82806015
vt 0.308657557 0.855953515
vt 0.313872278 0.822383881
vt 0.335587353 0.781688273
vt 0.335587353 0.781688273
vt 0.335587353 0.781688273
vt 0.336684495 0.870241344
vt 0.322652936 0.875482082
vt 0.310127348 0.86844933
vt 0.292373657 0.855773211
vt 0.300600886 0.817498326
vt 0.289182723 0.81752038
vt 0.281965494 0.855015099
vt 0.296869665 0.781708837
vt 0.306745946 0.780768752
vt 0.290032536 0.871918976
vt 0.278090954 0.874544263
vt 0.320954025 0.780324101
vt 0.335587353 0.781688273
vt 0.327824146 0.748402119
vt 0.313549697 0.751542807
vt 0.32719183 0.739191234
vt 0.311569661 0.745829165
vt 0.297877669 0.751592755
vt 0.286028594 0.752174437
vt 0.286028594 0.752174437
vt 0.282076895 0.748588741
vt 0.343963414 0.7467103
vt 0.343963414 0.7467103
vt 0.297877669 0.751592755
vt 0.296636194 0.751045346
vt 0.986678123 0.887366474
vt 0.964491487 0.889376819
vt 0.984242439 0.909477055
vt 0.959654212 0.861863911
vt 0.965598464 0.91239351
vt 0.940986753 0.877812445
vt 0.944425642 0.844528675
vt 0.992465973 0.920785964
vt 0.964783549 0.950632811
vt 0.980861187 0.954442978
vt 0.945144296 0.910767794
vt 0.916484773 0.873847544
vt 0.916932166 0.914734185
vt 0.938863218 0.938603461
vt 0.916862667 0.943549812
vt 0.916478336 0.969575882
vt 0.93618381 0.97947526
vt 0.95352143 0.950851381
vt 0.959573627 0.976854801
vt 0.989288688 0.974180698
vt 0.97773838 0.987868071
vt 0.944425642 0.844528675
vt 0.916630387 0.835594773
vt 0.882718682 0.846510351
vt 0.891074359 0.886320174
vt 0.916932166 0.914734185
vt 0.891000569 0.921741903
vt 0.896043718 0.945999026
vt 0.879968882 0.95398277
vt 0.878879726 0.903877974
vt 0.870969534 0.864886463
vt 0.875846446 0.925489664
vt 0.85357964 0.955725193
vt 0.847806036 0.976966619
vt 0.839518785 0.92413348
vt 0.85357964 0.955725193
vt 0.90371716 0.984134555
vt 0.882290065 0.985563159
vt 0.916478336 0.969575882
vt 0.844531596 0.911540091
vt 0.840817451 0.889514565
vt 0.870969534 0.864886463
vt 0.847806036 0.976966619
vt 0.859998584 0.990212083
vt 0.882718682 0.846510351
vt 0.890211642 0.818228245
vt 0.918906808 0.805374384
vt 0.903446972 0.799235463
vt 0.942076027 0.821715117
vt 0.931902885 0.799994528
vt 0.922539592 0.779330075
vt 0.793589592 0.604307353
vt 0.852063179 0.592215657
vt 0.820504129 0.569878161
vt 0.827216387 0.644436836
vt 0.866030753 0.546363413
vt 0.845579803 0.531777084
vt 0.874415696 0.516033649
vt 0.86550355 0.507575393
vt 0.892846346 0.47502771
vt 0.880957603 0.552964032
vt 0.873552382 0.603070676
vt 0.887831092 0.602736473
vt 0.882786632 0.653678477
vt 0.906032741 0.651559114
vt 0.901546061 0.600339592
vt 0.859425068 0.652307868
vt 0.895695746 0.552851498
vt 0.884345591 0.522040904
vt 0.895392299 0.522432446
vt 0.892846346 0.47502771
vt 0.902092874 0.681266844
vt 0.881694198 0.683641076
vt 0.912602127 0.708176494
vt 0.879621923 0.714131832
vt 0.860318363 0.679486692
vt 0.844386399 0.706686318
vt 0.8575719 0.747703016
vt 0.877004683 0.746623993
vt 0.896879137 0.747223377
vt 0.912602127 0.708176494
vt 0.835791588 0.669934094
vt 0.827216387 0.644436836
vt 0.913324952 0.546218634
vt 0.906872749 0.516786814
vt 0.93590486 0.534796834
vt 0.919230938 0.508306921
vt 0.958310485 0.573874056
vt 0.923957288 0.594502926
vt 0.986171007 0.606601775
vt 0.938257158 0.647927463
vt 0.892846346 0.47502771
vt 0.917308033 0.74561578
vt 0.919473946 0.767984331
vt 0.939132988 0.748647511
vt 0.942086697 0.766718805
vt 0.950647116 0.719983578
vt 0.912602127 0.708176494
vt 0.898503542 0.774502695
vt 0.885553479 0.780578136
vt 0.87565577 0.779100657
vt 0.893337071 0.79391861
vt 0.865606785 0.77928257
vt 0.848340869 0.773183167
vt 0.838471889 0.741600156
vt 0.816655338 0.734691858
vt 0.811881483 0.705087245
vt 0.835791588 0.669934094
vt 0.789737701 0.664234221
vt 0.827216387 0.644436836
vt 0.828598142 0.765479028
vt 0.812587619 0.752153754
vt 0.875170827 0.81166327
vt 0.856776893 0.793292701
vt 0.861953974 0.795592129
vt 0.77727443 0.650865495
vt 0.835791588 0.669934094
vt 0.865606785 0.77928257
vt 0.875170827 0.81166327
vt 0.926631749 0.674085736
vt 0.980395973 0.68355459
vt 0.938257158 0.647927463
vt 0.995016754 0.672557592
vt 0.926631749 0.674085736
vt 0.938257158 0.647927463
vt 0.923957288 0.594502926
vt 0.980861187 0.954442978
vt 0.989288688 0.974180698
vt 0.811217785 0.884604573
vt 0.785179019 0.866569161
vt 0.801667809 0.883995295
vt 0.786163926 0.855113149
vt 0.800214648 0.898378253
vt 0.814692974 0.910430193
vt 0.760631442 0.885879636
vt 0.770138562 0.884278655
vt 0.771318793 0.89680934
vt 0.760468423 0.91011548
vt 0.788553715 0.918280602
vt 0.811885715 0.936717391
vt 0.769294262 0.939742923
vt 0.780088603 0.962082744
vt 0.804520488 0.962546229
vt 0.796786666 0.985585213
vt 0.760468423 0.91011548
vt 0.540523291 0.45576942
vt 0.511393368 0.470010787
vt 0.570602953 0.410038471
vt 0.562932014 0.438735425
vt 0.586355209 0.42671296
vt 0.572942853 0.443116993
vt 0.603246212 0.414026231
vt 0.610035062 0.442877263
vt 0.624062359 0.44181338
vt 0.622877359 0.409406275
vt 0.595264792 0.382680893
vt 0.622526526 0.37762779
vt 0.597326159 0.448019177
vt 0.614593983 0.468813509
vt 0.607534766 0.470065206
vt 0.585626364 0.45679453
vt 0.600841701 0.474054545
vt 0.615304232 0.491727173
vt 0.572942853 0.443116993
vt 0.615304232 0.491727173
vt 0.621983111 0.469720393
vt 0.615304232 0.491727173
vt 0.631975174 0.367147058
vt 0.607534766 0.470065206
vt 0.597326159 0.448019177
vt 0.614593983 0.468813509
vt 0.610035062 0.442877263
vt 0.586355209 0.42671296
vt 0.562932014 0.438735425
vt 0.570602953 0.410038471
vt 0.603246212 0.414026231
vt 0.624062359 0.44181338
vt 0.622877359 0.409406275
vt 0.595264792 0.382680893
vt 0.622526526 0.37762779
vt 0.621983111 0.469720393
vt 0.615304232 0.491727173
vt 0.540523291 0.45576942
vt 0.511393368 0.470010787
vt 0.631975174 0.367147058
vt 0.511393368 0.470010787
vt 0.481728137 0.467252553
vt 0.496789098 0.502746344
vt 0.476878792 0.499313474
vt 0.4837071 0.53334105
vt 0.470548391 0.528636038
vt 0.456587762 0.505126774
vt 0.457102418 0.52879101
vt 0.463469237 0.554056704
vt 0.456025958 0.55266571
vt 0.443172216 0.53230083
vt 0.44811371 0.553776383
vt 0.454576313 0.574914873
vt 0.438168526 0.515914977
vt 0.454576313 0.574914873
vt 0.469878852 0.557815075
vt 0.448445261 0.484812856
vt 0.431512475 0.509818673
vt 0.438168526 0.515914977
vt 0.456587762 0.505126774
vt 0.431512475 0.509818673
vt 0.448445261 0.484812856
vt 0.476878792 0.499313474
vt 0.470548391 0.528636038
vt 0.4837071 0.53334105
vt 0.496789098 0.502746344
vt 0.481728137 0.467252553
vt 0.511393368 0.470010787
vt 0.457102418 0.52879101
vt 0.463469237 0.554056704
vt 0.456025958 0.55266571
vt 0.443172216 0.53230083
vt 0.44811371 0.553776383
vt 0.454576313 0.574914873
vt 0.438168526 0.515914977
vt 0.469878852 0.557815075
vt 0.469878852 0.557815075
vt 0.454576313 0.574914873
vt 0.836749852 0.334852904
vt 0.842746079 0.331828833
vt 0.866631985 0.329343647
vt 0.883016825 0.379760236
vt 0.883734286 0.366001666
vt 0.88592875 0.391258806
vt 0.896986425 0.386489183
vt 0.911859691 0.37735498
vt 0.88592875 0.391258806
vt 0.911859691 0.37735498
vt 0.896225929 0.467122734
vt 0.885469198 0.470757276
vt 0.880728006 0.454402089
vt 0.892846346 0.47502771
vt 0.892846346 0.47502771
vt 0.406670541 0.577902198
vt 0.397158146 0.57139647
vt 0.379766583 0.553619444
vt 0.359883785 0.559428036
vt 0.34640485 0.562646329
vt 0.321966171 0.564700782
vt 0.34640485 0.562646329
vt 0.974888325 0.287106574
vt 0.989471912 0.26751107
vt 0.991866827 0.28441757
vt 0.980555296 0.17572695
vt 0.384901106 0.766903698
vt 0.343963414 0.7467103
vt 0.343963414 0.7467103
vt 0.147228554 0.833644748
vt 0.160293981 0.856385529
vt 0.163060978 0.832600534
vt 0.144281507 0.785262346
vt 0.165698782 0.777464926
vt 0.142779171 0.736884236
vt 0.167970166 0.729147494
vt 0.149123862 0.696819305
vt 0.170072898 0.695055366
vt 0.181269601 0.828553557
vt 0.181064188 0.769430935
vt 0.205808088 0.825404406
vt 0.206060395 0.759780467
vt 0.182939544 0.720828235
vt 0.184777439 0.679534793
vt 0.206655741 0.712496519
vt 0.206060395 0.759780467
vt 0.205911189 0.654921591
vt 0.174290329 0.85284704
vt 0.190311953 0.846732855
vt 0.17866753 0.859323382
vt 0.191706598 0.856095314
vt 0.190518886 0.878607512
vt 0.202908769 0.877359927
vt 0.191097915 0.919885337
vt 0.202373594 0.922832012
vt 0.189866364 0.9546628
vt 0.204074919 0.952206969
vt 0.217526183 0.952627838
vt 0.216100812 0.920167565
vt 0.218847886 0.877255082
vt 0.205798849 0.974767685
vt 0.220080018 0.976544261
vt 0.191724077 0.976856351
vt 0.236632243 0.964129448
vt 0.236183196 0.980181694
vt 0.174923867 0.880544186
vt 0.233580828 0.914906502
vt 0.249063104 0.961167693
vt 0.24212718 0.914567411
vt 0.229054004 0.878717721
vt 0.242077991 0.881011188
vt 0.236183196 0.980181694
vt 0.253231585 0.985030413
vt 0.242402568 0.862011969
vt 0.24975647 0.867757022
vt 0.229336768 0.8571527
vt 0.232518256 0.849981964
vt 0.248702869 0.855052888
vt 0.24975647 0.867757022
vt 0.259601533 0.858764887
vt 0.260042399 0.834921718
vt 0.24524343 0.831250966
vt 0.266095042 0.786635101
vt 0.24685286 0.7740646
vt 0.271922201 0.737655401
vt 0.24660328 0.729572475
vt 0.268710315 0.696612775
vt 0.246659383 0.694168329
vt 0.264888734 0.667244852
vt 0.243137524 0.662695944
vt 0.227489918 0.827029467
vt 0.233018264 0.76679498
vt 0.205808088 0.825404406
vt 0.233860299 0.722415686
vt 0.206060395 0.759780467
vt 0.205808088 0.825404406
vt 0.229530588 0.678495049
vt 0.206060395 0.759780467
vt 0.205911189 0.654921591
vt 0.243137524 0.662695944
vt 0.226618782 0.656181276
vt 0.205677614 0.65011245
vt 0.216270223 0.843574464
vt 0.207265183 0.842150211
vt 0.215731189 0.853892088
vt 0.205483004 0.854693413
vt 0.712181926 0.888975084
vt 0.689122677 0.895945728
vt 0.707110763 0.913461328
vt 0.68985796 0.87190336
vt 0.686517119 0.905843556
vt 0.672020316 0.894155979
vt 0.664063811 0.868090868
vt 0.639882088 0.872150779
vt 0.638065338 0.911510646
vt 0.675596833 0.948019326
vt 0.71029079 0.927046478
vt 0.637854695 0.942814052
vt 0.637349248 0.966339052
vt 0.657490134 0.992893934
vt 0.671238661 0.975029647
vt 0.678823352 0.85463655
vt 0.667455554 0.824467003
vt 0.700341105 0.970675886
vt 0.692723513 0.977188528
vt 0.641600609 0.835776329
vt 0.602717876 0.855865717
vt 0.610357642 0.824456096
vt 0.641939044 0.805226028
vt 0.618045568 0.803305387
vt 0.641661406 0.766443729
vt 0.71029079 0.927046478
vt 0.699084163 0.951181054
vt 0.700341105 0.970675886
vt 0.641939044 0.805226028
vt 0.662673473 0.803010643
vt 0.641661406 0.766443729
vt 0.607066512 0.880079508
vt 0.638065338 0.911510646
vt 0.61650598 0.913208187
vt 0.637854695 0.942814052
vt 0.618137598 0.947305322
vt 0.596709967 0.954401851
vt 0.592324018 0.903160512
vt 0.596709967 0.954401851
vt 0.574655652 0.949942946
vt 0.57399869 0.970758259
vt 0.601647258 0.969904721
vt 0.621507645 0.989174545
vt 0.637349248 0.966339052
vt 0.57399869 0.970758259
vt 0.580490351 0.978724778
vt 0.5626477 0.923747838
vt 0.577242851 0.90345639
vt 0.5626477 0.923747838
vt 0.566857457 0.910264134
vt 0.560441971 0.88591069
vt 0.584077477 0.87461704
vt 0.602717876 0.855865717
vt 0.607066512 0.880079508
vt 0.159492701 0.867476285
vt 0.168159798 0.863675952
vt 0.165200785 0.88232553
vt 0.164275169 0.916577697
vt 0.175368696 0.916497946
vt 0.170812115 0.96034801
vt 0.156651035 0.962512374
vt 0.171749011 0.983627319
vt 0.159102127 0.986119986
vt 0.168159798 0.863675952
vt 0.195280716 0.984630466
vt 0.195280716 0.984630466
vt 0.208450422 0.982720733
vt 0.159492701 0.867476285
vt 0.146958202 0.859859347
vt 0.632804692 0.476016909
vt 0.693321764 0.452946335
vt 0.659752786 0.434146851
vt 0.674862683 0.508510292
vt 0.705913782 0.408005029
vt 0.684916496 0.394245654
vt 0.713433564 0.379905552
vt 0.702372372 0.368721157
vt 0.72868371 0.337077886
vt 0.717693329 0.412266314
vt 0.712914288 0.45879063
vt 0.726089597 0.459466338
vt 0.723694026 0.511103392
vt 0.745734751 0.506893098
vt 0.739388883 0.457119733
vt 0.701858282 0.511243701
vt 0.733138263 0.411804348
vt 0.721261799 0.38255164
vt 0.731032252 0.382781237
vt 0.72868371 0.337077886
vt 0.743349731 0.538692057
vt 0.723029971 0.541082978
vt 0.722619772 0.57295531
vt 0.754203498 0.566289246
vt 0.703097343 0.53686589
vt 0.690728962 0.567689061
vt 0.743046224 0.605845273
vt 0.72263819 0.60668546
vt 0.701900005 0.609269917
vt 0.741900802 0.379747987
vt 0.682563484 0.531155467
vt 0.674862683 0.508510292
vt 0.749319851 0.409392327
vt 0.76961714 0.396067977
vt 0.75369966 0.369897902
vt 0.794231057 0.435290039
vt 0.759028792 0.452662051
vt 0.77278465 0.501111805
vt 0.823103964 0.475181133
vt 0.72868371 0.337077886
vt 0.759028792 0.452662051
vt 0.77278465 0.501111805
vt 0.765598834 0.529349685
vt 0.793896973 0.571073353
vt 0.765598834 0.529349685
vt 0.808841407 0.541971564
vt 0.822481096 0.526094675
vt 0.759934247 0.603116691
vt 0.78318119 0.602919877
vt 0.787377417 0.630480528
vt 0.766936064 0.638930738
vt 0.743643761 0.626922309
vt 0.733451426 0.650528669
vt 0.722737432 0.64934659
vt 0.724199057 0.686423421
vt 0.712064624 0.650648534
vt 0.745375693 0.654831469
vt 0.724199057 0.686423421
vt 0.697164953 0.622439325
vt 0.684710443 0.605924189
vt 0.665406048 0.603078604
vt 0.657520652 0.57031256
vt 0.682563484 0.531155467
vt 0.641794086 0.541727245
vt 0.674862683 0.508510292
vt 0.626452684 0.527464032
vt 0.678279698 0.634228885
vt 0.657335579 0.629967749
vt 0.700525403 0.656494796
vt 0.724199057 0.686423421
vt 0.794711471 0.718274593
vt 0.774442196 0.707249999
vt 0.783121228 0.725878954
vt 0.772979975 0.698686779
vt 0.793864667 0.740873098
vt 0.782170892 0.739885926
vt 0.749293745 0.711936176
vt 0.75660336 0.719359279
vt 0.76816529 0.752284288
vt 0.74507314 0.739625454
vt 0.750106275 0.774350047
vt 0.754168808 0.737300217
vt 0.75660336 0.719359279
vt 0.74507314 0.739625454
vt 0.793135107 0.775345504
vt 0.787113249 0.799234211
vt 0.755140781 0.798449457
vt 0.772019625 0.84017086
vt 0.793864667 0.740873098
vt 0.674862683 0.508510292
vt 0.187172487 0.656642258
vt 0.205677614 0.65011245
vt 0.174754426 0.66192776
vt 0.154926702 0.667970061
vt 0.174754426 0.66192776
vt 0.0217005145 0.719320118
vt 0.0164790228 0.697367311
vt 0.0106803998 0.720191896
vt 0.0299486984 0.696336746
vt 0.0171791688 0.727622807
vt 0.0155609548 0.648127675
vt 0.0317159146 0.640848994
vt 0.0136656091 0.601619542
vt 0.0317459181 0.592252314
vt 0.0129670464 0.561528027
vt 0.0330332182 0.553677201
vt 0.049306374 0.693337619
vt 0.0481578186 0.630962729
vt 0.0726021975 0.688663661
vt 0.072107017 0.623374343
vt 0.0495007671 0.582604229
vt 0.0716632977 0.576355457
vt 0.0505842455 0.539431751
vt 0.0694507435 0.516689777
vt 0.0384332351 0.717778921
vt 0.0561715178 0.714269638
vt 0.0433093198 0.724036217
vt 0.0566716678 0.722377717
vt 0.0556467958 0.743659198
vt 0.068682529 0.741559923
vt 0.0578208715 0.78558135
vt 0.0426917523 0.745104671
vt 0.0283767041 0.724591613
vt 0.0416284464 0.782160938
vt 0.0310636256 0.780253291
vt 0.0233330522 0.81638056
vt 0.0365487412 0.820031047
vt 0.0321606025 0.746371508
vt 0.035628289 0.848346651
vt 0.0204633828 0.849581182
vt 0.0581876561 0.8233127
vt 0.0704542994 0.787625432
vt 0.070284687 0.822020173
vt 0.0829727277 0.818075836
vt 0.0835570469 0.783475697
vt 0.068682529 0.741559923
vt 0.0864817128 0.850679815
vt 0.0722934455 0.849541247
vt 0.0550428107 0.848258197
vt 0.102914095 0.816418707
vt 0.103348769 0.851956785
vt 0.117709525 0.81744504
vt 0.110591255 0.779398561
vt 0.099936761 0.779192448
vt 0.0998649374 0.742964745
vt 0.110154353 0.745139897
vt 0.115392283 0.853682697
vt 0.0850840136 0.740526497
vt 0.068682529 0.741559923
vt 0.113579988 0.721952379
vt 0.125863433 0.726626337
vt 0.116565034 0.717342138
vt 0.100052126 0.712280691
vt 0.110449918 0.694013834
vt 0.123234376 0.695957482
vt 0.130534247 0.71793443
vt 0.125863433 0.726626337
vt 0.128943056 0.647325873
vt 0.110879317 0.637247026
vt 0.132834092 0.600492716
vt 0.112152912 0.593805909
vt 0.131719753 0.560061336
vt 0.111983649 0.557790697
vt 0.128012836 0.527298868
vt 0.11004585 0.526493907
vt 0.093856506 0.690081
vt 0.0955125839 0.628937602
vt 0.0726021975 0.688663661
vt 0.072107017 0.623374343
vt 0.0945470706 0.585132003
vt 0.0916590393 0.542652011
vt 0.0694507435 0.516689777
vt 0.0893191025 0.519470215
vt 0.0848272741 0.710469842
vt 0.0746494308 0.708327711
vt 0.0969082564 0.719902813
vt 0.0831436366 0.718786716
vt 0.0723320618 0.720639467
vt 0.0746494308 0.708327711
vt 0.0746494308 0.708327711
vt 0.541924417 0.875165462
vt 0.516382873 0.857613802
vt 0.51045543 0.890961468
vt 0.532416582 0.918395042
vt 0.502775967 0.934543729
vt 0.520438671 0.94519031
vt 0.519679606 0.962165892
vt 0.486298174 0.93317157
vt 0.500043929 0.955820382
vt 0.484924942 0.983712256
vt 0.466581076 0.942994654
vt 0.501896918 0.983654439
vt 0.493498713 0.875437796
vt 0.466034025 0.905652821
vt 0.466021329 0.877298832
vt 0.465459257 0.841901839
vt 0.50009495 0.835512817
vt 0.519679606 0.962165892
vt 0.516184807 0.984395921
vt 0.466581076 0.942994654
vt 0.50009495 0.835512817
vt 0.465717643 0.821118295
vt 0.442960709 0.92637074
vt 0.466581076 0.942994654
vt 0.45330736 0.973754704
vt 0.425004452 0.943314433
vt 0.431824237 0.985477388
vt 0.403459162 0.964487135
vt 0.410735577 0.985847771
vt 0.447822362 0.988301814
vt 0.41648975 0.896027267
vt 0.393125445 0.920876145
vt 0.387868196 0.877192616
vt 0.407677561 0.858505845
vt 0.403954774 0.947715938
vt 0.403459162 0.964487135
vt 0.428907305 0.879003763
vt 0.426594228 0.828538775
vt 0.466021329 0.877298832
vt 0.465459257 0.841901839
vt 0.426594228 0.828538775
vt 0.465717643 0.821118295
vt 0.465717643 0.821118295
vt 0.43910262 0.805033088
vt 0.465681583 0.787424803
vt 0.448671192 0.786942482
vt 0.467959017 0.763262808
vt 0.485868722 0.788259923
vt 0.493831545 0.807418346
vt 0.465717643 0.821118295
vt 0.465717643 0.821118295
vt 0.0171791688 0.727622807
vt 0.0321606025 0.746371508
vt 0.461134821 0.604845405
vt 0.517780602 0.594199419
vt 0.486117691 0.575776815
vt 0.497404665 0.638996363
vt 0.531880975 0.54829216
vt 0.511080027 0.537137389
vt 0.540154934 0.521734953
vt 0.528414965 0.511326075
vt 0.55587393 0.479320914
vt 0.550387919 0.552824616
vt 0.539253831 0.600396872
vt 0.551914632 0.601727843
vt 0.531757951 0.64875865
vt 0.548794806 0.652584791
vt 0.570028603 0.649917483
vt 0.566338301 0.600653052
vt 0.562096775 0.553628922
vt 0.559001505 0.526229858
vt 0.552598119 0.52625525
vt 0.55587393 0.479320914
vt 0.546779931 0.680938244
vt 0.585831821 0.68129611
vt 0.572637141 0.715039492
vt 0.543688953 0.714737773
vt 0.610816658 0.717871428
vt 0.626864135 0.685136199
vt 0.596695781 0.64434433
vt 0.64970696 0.661874175
vt 0.528914332 0.676154375
vt 0.546779931 0.680938244
vt 0.562026918 0.752370238
vt 0.539187014 0.766081929
vt 0.580467999 0.752290249
vt 0.602170587 0.75435853
vt 0.504258692 0.674447179
vt 0.467622578 0.671402812
vt 0.479890108 0.705062628
vt 0.509354174 0.709978461
vt 0.543688953 0.714737773
vt 0.4484258 0.645417452
vt 0.484389216 0.742253661
vt 0.498915166 0.746499777
vt 0.516810119 0.753353357
vt 0.532347262 0.818832517
vt 0.556018233 0.768840432
vt 0.532347262 0.818832517
vt 0.532347262 0.818832517
vt 0.552030802 0.801731706
vt 0.516616702 0.798084855
vt 0.532347262 0.818832517
vt 0.582852244 0.598181725
vt 0.642907262 0.612858415
vt 0.61985147 0.581984758
vt 0.574920297 0.551821232
vt 0.598973811 0.53992784
vt 0.569365263 0.522310972
vt 0.583748758 0.511704087
vt 0.55587393 0.479320914
vt 0.55587393 0.479320914
vt 0.596695781 0.64434433
vt 0.731666327 0.720313311
vt 0.710659027 0.708512187
vt 0.722502828 0.722931385
vt 0.710507274 0.697999835
vt 0.721255541 0.743427038
vt 0.730865121 0.747795701
vt 0.68936491 0.715412617
vt 0.697179914 0.719587445
vt 0.694940925 0.741181612
vt 0.710508347 0.758506536
vt 0.685554147 0.750687957
vt 0.694940925 0.741181612
vt 0.687458515 0.78002739
vt 0.731821418 0.780417442
vt 0.724069118 0.802960396
vt 0.693755984 0.801671743
vt 0.707094312 0.830243349
vt 0.55587393 0.479320914
vt 0.497404665 0.638996363
vt 0.0893191025 0.519470215
vt 0.0694507435 0.516689777
vt 0.0684601441 0.505926967
vt 0.0694507435 0.516689777
vt 0.0493483096 0.513624191
vt 0.0684601441 0.505926967
vt 0.030100571 0.52021873
vt 0.0133627113 0.528540492
vt 0.030100571 0.52021873
vt 0.0193795171 0.871411622
vt 0.0411967561 0.867100298
vt 0.00823676772 0.861562073
vt 0.0568382479 0.856437981
vt 0.0568382479 0.856437981
vt 0.0752425566 0.861986458
vt 0.0900624692 0.860536754
vt 0.120696239 0.869657934
vt 0.120696239 0.869657934
vt 0.860070229 0.385703027
vt 0.850556612 0.409740925
vt 0.860070229 0.385703027
vt 0.705013871 0.0959737524
vt 0.722694099 0.109391876
vt 0.722694099 0.109391876
vt 0.724632263 0.113808937
vt 0.588908851 0.110697716
vt 0.231415093 0.552377522
vt 0.216221035 0.520897925
vt 0.210418642 0.544854105
vt 0.237261832 0.537211955
vt 0.210955441 0.56017679
vt 0.229592025 0.562909901
vt 0.219759524 0.585975707
vt 0.234290183 0.583536804
vt 0.225846231 0.601603806
vt 0.236477196 0.63946718
vt 0.208664 0.587075293
vt 0.219772279 0.610559642
vt 0.236477196 0.63946718
vt 0.199169695 0.561709344
vt 0.192620099 0.545817435
vt 0.184492648 0.521170855
vt 0.247613609 0.567058027
vt 0.249120414 0.561332285
vt 0.237261832 0.537211955
vt 0.26185745 0.548995912
vt 0.247603357 0.581655085
vt 0.236477196 0.63946718
vt 0.208979666 0.609855115
vt 0.236477196 0.63946718
vt 0.200667679 0.594766796
vt 0.189428747 0.604822934
vt 0.177838504 0.584865749
vt 0.189745128 0.568910539
vt 0.178653777 0.556052089
vt 0.168623626 0.577772081
vt 0.164989293 0.546863377
vt 0.155119479 0.577407658
vt 0.236477196 0.63946718
vt 0.184492648 0.521170855
vt 0.164365947 0.599005282
vt 0.14703387 0.601637304
vt 0.169399679 0.602016389
vt 0.169399679 0.602016389
vt 0.180713952 0.613662183
vt 0.236477196 0.63946718
vt 0.888296187 0.795667112
vt 0.885553479 0.780578136
vt 0.875170827 0.81166327
vt 0.126124918 0.501460493
vt 0.124388911 0.494341999
vt 0.10115961 0.500925422
vt 0.147986978 0.48580417
vt 0.153130785 0.498926133
vt 0.135963321 0.477407873
vt 0.119304977 0.488839954
vt 0.122008756 0.47099942
vt 0.112622589 0.484061509
vt 0.129238829 0.457672894
vt 0.10115961 0.500925422
vt 0.150723562 0.464198142
vt 0.129238829 0.457672894
vt 0.127793774 0.447602004
vt 0.157125562 0.448565215
vt 0.169671535 0.476169974
vt 0.17877838 0.494879335
vt 0.189120203 0.466160268
vt 0.119304977 0.488839954
vt 0.135963321 0.477407873
vt 0.124388911 0.494341999
vt 0.126124918 0.501460493
vt 0.147986978 0.48580417
vt 0.153130785 0.498926133
vt 0.150723562 0.464198142
vt 0.129238829 0.457672894
vt 0.127793774 0.447602004
vt 0.157125562 0.448565215
vt 0.169671535 0.476169974
vt 0.17877838 0.494879335
vt 0.189120203 0.466160268
vt 0.107449502 0.431949794
vt 0.0745172203 0.393517196
vt 0.0354963765 0.941185117
vt 0.0392733291 0.982002497
vt 0.0475115739 0.941079617
vt 0.0238230769 0.943711758
vt 0.0392733291 0.982002497
vt 0.0392733291 0.982002497
vt 0.0593146682 0.94415164
vt 0.0593146682 0.94415164
vt 0.0392733291 0.982002497
vt 0.0685347766 0.951565504
vt 0.0238230769 0.943711758
vt 0.0129280556 0.949008465
vt 0.0392733291 0.982002497
vt 0.128081217 0.889999688
vt 0.116112381 0.887648642
vt 0.108283624 0.928379476
vt 0.108283624 0.928379476
vt 0.136898205 0.898098648
vt 0.116112381 0.887648642
vt 0.104165368 0.888065279
vt 0.108283624 0.928379476
vt 0.092733413 0.890625417
vt 0.108283624 0.928379476
vt 0.0822598711 0.895845354
vt 0.108283624 0.928379476
vt 0.092733413 0.890625417
vt 0.0249864832 0.893043637
vt 0.0408126228 0.929990411
vt 0.0345951319 0.889003634
vt 0.0451201536 0.887802839
vt 0.0408126228 0.929990411
vt 0.0150943454 0.896769404
vt 0.0408126228 0.929990411
vt 0.0249864832 0.893043637
vt 0.0451201536 0.887802839
vt 0.0408126228 0.929990411
vt 0.0556645095 0.889736176
vt 0.0647779107 0.895483017
vt 0.0408126228 0.929990411
vt 0.114213295 0.944874585
vt 0.102934815 0.94532007
vt 0.108260579 0.978325188
vt 0.0917524025 0.947819889
vt 0.108260579 0.978325188
vt 0.108260579 0.978325188
vt 0.125494391 0.94766897
vt 0.081933327 0.954344332
vt 0.108260579 0.978325188
vt 0.0917524025 0.947819889
vt 0.134970278 0.954771101
vt 0.125494391 0.94766897
vt 0.108260579 0.978325188
vt 0.757668734 0.0700084716
vt 0.784516692 0.0643599182
vt 0.767536223 0.0869473442
vt 0.770103395 0.0537101701
vt 0.756197393 0.101240464
vt 0.78901583 0.071805492
vt 0.764685333 0.11711596
vt 0.753798902 0.113376081
vt 0.740806401 0.11614453
vt 0.74863112 0.102694422
vt 0.736394405 0.0967402831
vt 0.712009609 0.12738888
vt 0.725678265 0.0998653546
vt 0.722462833 0.0863965973
vt 0.705013871 0.0959737524
vt 0.729858041 0.115170397
vt 0.685110927 0.135434821
vt 0.673763156 0.13505815
vt 0.670453668 0.120293848
vt 0.679895163 0.104466841
vt 0.670011401 0.106798768
vt 0.651329875 0.123171099
vt 0.6608302 0.0954374596
vt 0.660727382 0.0879079029
vt 0.676733732 0.0830473304
vt 0.661495447 0.0775594488
vt 0.64447695 0.0929580405
vt 0.640041649 0.0861756504
vt 0.633486211 0.0984541401
vt 0.633013725 0.0738034025
vt 0.621646583 0.0871960148
vt 0.65199554 0.0481132939
vt 0.617979586 0.0470023751
vt 0.619323313 0.0107422452
vt 0.586951554 0.0470884815
vt 0.585599661 0.0103810038
vt 0.546226978 0.0172911733
vt 0.551986098 0.0573248118
vt 0.526459694 0.057802245
vt 0.522652149 0.023506498
vt 0.656986415 0.0178958233
vt 0.676846087 0.0225277022
vt 0.6803177 0.0514524579
vt 0.539384782 0.0699747279
vt 0.515877187 0.0780952275
vt 0.55234158 0.0797835961
vt 0.5657534 0.0704841986
vt 0.561670542 0.0900852606
vt 0.546979368 0.116081305
vt 0.553898871 0.115100801
vt 0.566917181 0.124411091
vt 0.530255556 0.131324574
vt 0.600146651 0.118697092
vt 0.576763332 0.111968212
vt 0.588908851 0.110697716
vt 0.617646933 0.118219391
vt 0.608014762 0.107493654
vt 0.620172858 0.107017919
vt 0.583419561 0.0969187468
vt 0.620379269 0.0950095728
vt 0.60872364 0.0865006745
vt 0.633486211 0.0984541401
vt 0.633424222 0.11373654
vt 0.615117848 0.0753955841
vt 0.59532696 0.0679080337
vt 0.572358787 0.0848787203
vt 0.594251394 0.0839000121
vt 0.588120639 0.091475524
vt 0.588908851 0.110697716
vt 0.754851162 0.259795815
vt 0.740983069 0.251067042
vt 0.739479005 0.264537752
vt 0.73726052 0.286804169
vt 0.728797495 0.269409299
vt 0.711087704 0.28733328
vt 0.70502913 0.319645435
vt 0.699557066 0.291199923
vt 0.713414907 0.275199026
vt 0.703806996 0.272363782
vt 0.695092976 0.2822496
vt 0.67349422 0.293616176
vt 0.663112223 0.3017838
vt 0.648978889 0.319483489
vt 0.666837335 0.310230732
vt 0.645290732 0.329251409
vt 0.663130462 0.349452108
vt 0.68278873 0.296620756
vt 0.70502913 0.319645435
vt 0.679846168 0.307861954
vt 0.68278873 0.296620756
vt 0.81027317 0.186322227
vt 0.782038987 0.165000483
vt 0.796246946 0.200682819
vt 0.807384491 0.171702519
vt 0.808117151 0.166228577
vt 0.829466879 0.168624982
vt 0.81027317 0.186322227
vt 0.833701789 0.151614606
vt 0.84163177 0.15588589
vt 0.834174633 0.173738524
vt 0.856431484 0.166204751
vt 0.856246352 0.176141217
vt 0.81027317 0.186322227
vt 0.782038987 0.165000483
vt 0.764685333 0.11711596
vt 0.755404353 0.0498631448
vt 0.738529205 0.0549871698
vt 0.734445035 0.0394571722
vt 0.751782894 0.0576677918
vt 0.728552163 0.0533813909
vt 0.756720304 0.0375918821
vt 0.733413219 0.033327505
vt 0.710032403 0.0283529554
vt 0.705660343 0.0454734713
vt 0.676733732 0.0830473304
vt 0.77322489 0.0433463231
vt 0.757668734 0.0700084716
vt 0.707677364 0.0531728119
vt 0.711785436 0.0610142052
vt 0.700421929 0.0693413243
vt 0.726468444 0.0636288002
vt 0.738244057 0.0658395514
vt 0.695317745 0.0700242519
vt 0.700421929 0.0693413243
vt 0.698239505 0.0817049742
vt 0.691289127 0.0902621821
vt 0.691289127 0.0902621821
vt 0.679895163 0.104466841
vt 0.679895163 0.104466841
vt 0.681706131 0.108089328
vt 0.688436449 0.125225484
vt 0.685110927 0.135434821
vt 0.693322122 0.116880782
vt 0.710411966 0.12085636
vt 0.729858041 0.115170397
vt 0.724632263 0.113808937
vt 0.700421929 0.0693413243
vt 0.710106969 0.080622755
vt 0.722462833 0.0863965973
vt 0.705013871 0.0959737524
vt 0.722694099 0.109391876
vt 0.722694099 0.109391876
vt 0.724632263 0.113808937
vt 0.710106969 0.080622755
vt 0.949982166 0.282724082
vt 0.973860145 0.267745912
vt 0.974888325 0.287106574
vt 0.950457156 0.264376968
vt 0.93025279 0.278674006
vt 0.929925859 0.258577138
vt 0.961881161 0.29484424
vt 0.970635653 0.233226791
vt 0.947881222 0.226962492
vt 0.966061115 0.201556042
vt 0.949537516 0.199226305
vt 0.930414319 0.22395727
vt 0.931278348 0.195641294
vt 0.97186619 0.177845195
vt 0.947623491 0.169351578
vt 0.947623491 0.169351578
vt 0.931365311 0.152781546
vt 0.918022752 0.153625086
vt 0.916160464 0.19617191
vt 0.987558603 0.233517319
vt 0.980287433 0.199352995
vt 0.915350378 0.225644723
vt 0.900408387 0.200369358
vt 0.89880681 0.230576262
vt 0.883717954 0.203084022
vt 0.872241497 0.235631093
vt 0.895821095 0.166349217
vt 0.918022752 0.153625086
vt 0.880150974 0.179417893
vt 0.915455818 0.256560683
vt 0.895281434 0.262263834
vt 0.911927462 0.276826859
vt 0.897673309 0.278741449
vt 0.873062909 0.268682659
vt 0.880572081 0.284013003
vt 0.911927462 0.276826859
vt 0.93025279 0.278674006
vt 0.99250102 0.0414346233
vt 0.978638172 0.0344960615
vt 0.97779578 0.0199108422
vt 0.983000398 0.0532380715
vt 0.996356666 0.0580862239
vt 0.960554361 0.0637917444
vt 0.960216939 0.0315510407
vt 0.9363873 0.0516238213
vt 0.951859593 0.023767285
vt 0.922066748 0.0411956236
vt 0.903409541 0.0688081309
vt 0.877090693 0.0499757901
vt 0.93607223 0.0736082643
vt 0.913264394 0.0864438638
vt 0.920276642 0.107612349
vt 0.948743403 0.0884603038
vt 0.951512873 0.108080946
vt 0.918824613 0.139894158
vt 0.883278489 0.0979975834
vt 0.873405755 0.0869868174
vt 0.850457072 0.110269345
vt 0.84343636 0.101849981
vt 0.846650898 0.0675844774
vt 0.824077368 0.0869538262
vt 0.885759771 0.114310987
vt 0.851821125 0.125528306
vt 0.880669177 0.143106371
vt 0.849210382 0.145945936
vt 0.864640951 0.0534251407
vt 0.904767871 0.140352219
vt 0.81402415 0.116034888
vt 0.800850868 0.107877679
vt 0.79110378 0.13109988
vt 0.785013199 0.12419942
vt 0.817654192 0.123855054
vt 0.793216825 0.136418283
vt 0.818472087 0.133749008
vt 0.816736281 0.146226078
vt 0.79353416 0.14448151
vt 0.770672381 0.141868681
vt 0.918824613 0.139894158
vt 0.904767871 0.140352219
vt 0.866573989 0.0374499857
vt 0.914291143 0.0308601633
vt 0.866573989 0.0374499857
vt 0.945221424 0.0153702348
vt 0.95343715 0.00865366682
vt 0.944923341 0.0054613729
vt 0.97779578 0.0199108422
vt 0.996101499 0.0858243927
vt 0.98922497 0.0738845244
vt 0.996356666 0.0580862239
vt 0.996101499 0.0858243927
vt 0.987668455 0.0883685425
vt 0.996006608 0.106597804
vt 0.98621124 0.107397072
vt 0.972485483 0.0772893652
vt 0.864538968 0.398736566
vt 0.876549542 0.393223107
vt 0.867861629 0.410042435
vt 0.869571507 0.381911904
vt 0.889989436 0.405191094
vt 0.883786678 0.419549644
vt 0.868716061 0.428016663
vt 0.884549081 0.435961068
vt 0.876219273 0.43876636
vt 0.898605645 0.436544597
vt 0.889223278 0.450848222
vt 0.901614666 0.417111844
vt 0.889989436 0.405191094
vt 0.850873768 0.422613859
vt 0.902824879 0.463659465
vt 0.926095188 0.434992164
vt 0.919054508 0.420412928
vt 0.901614666 0.417111844
vt 0.936560154 0.459470093
vt 0.932292819 0.418796659
vt 0.942214727 0.431658536
vt 0.954088807 0.416753739
vt 0.943621993 0.407424092
vt 0.955976605 0.40083763
vt 0.972177982 0.399276882
vt 0.976979256 0.418053418
vt 0.971713543 0.436110377
vt 0.945957959 0.392144769
vt 0.953803539 0.387797415
vt 0.942513406 0.37762925
vt 0.948737383 0.376234323
vt 0.953411341 0.3731727
vt 0.963769078 0.38485235
vt 0.935010433 0.358369201
vt 0.959367514 0.450465143
vt 0.824949861 0.308391839
vt 0.836749852 0.334852904
vt 0.821007073 0.342366457
vt 0.84363848 0.305424392
vt 0.831867754 0.280187488
vt 0.847343206 0.271274
vt 0.80506444 0.300099105
vt 0.81331867 0.274359286
vt 0.799434006 0.26750502
vt 0.783894181 0.291331142
vt 0.766098976 0.325210273
vt 0.861817837 0.277243972
vt 0.863690495 0.302077025
vt 0.837120593 0.262738585
vt 0.852101207 0.248190328
vt 0.843764007 0.245818242
vt 0.848268151 0.233218953
vt 0.854584932 0.234671861
vt 0.836963415 0.230557993
vt 0.829734266 0.240657359
vt 0.823230445 0.23537831
vt 0.832176387 0.225285441
vt 0.858356655 0.235568076
vt 0.856514096 0.249213174
vt 0.858804345 0.22326985
vt 0.85589695 0.222662434
vt 0.844009876 0.219697803
vt 0.850361943 0.208213314
vt 0.857670128 0.212343723
vt 0.840013981 0.216323569
vt 0.850361943 0.208213314
vt 0.865147352 0.197106317
vt 0.810047269 0.249633253
vt 0.819746196 0.257780612
vt 0.85995239 0.213271916
vt 0.865147352 0.197106317
vt 0.784829497 0.25254634
vt 0.76786077 0.277703732
vt 0.766098976 0.325210273
vt 0.751631498 0.300634831
vt 0.798368752 0.233930647
vt 0.783779442 0.339636743
vt 0.801820755 0.33932212
vt 0.751631498 0.300634831
vt 0.754519641 0.320002377
vt 0.894198 0.357301295
vt 0.888435543 0.375903338
vt 0.883734286 0.366001666
vt 0.902325869 0.369208366
vt 0.903840721 0.347673297
vt 0.920814753 0.36247769
vt 0.89184165 0.343922347
vt 0.895989597 0.329874754
vt 0.92934972 0.331294537
vt 0.933981776 0.348834902
vt 0.920814753 0.36247769
vt 0.925828695 0.311316192
vt 0.946263909 0.341809481
vt 0.946872592 0.321244866
vt 0.965568781 0.325107485
vt 0.962494135 0.346540809
vt 0.976211548 0.341291875
vt 0.983577371 0.321579516
vt 0.969090462 0.308400512
vt 0.990255833 0.340345442
vt 0.972215056 0.358681768
vt 0.979553342 0.355266124
vt 0.980377078 0.371480256
vt 0.975315094 0.373346388
vt 0.989808679 0.357275009
vt 0.986876607 0.372714251
vt 0.976599932 0.394022018
vt 0.949916184 0.30356127
vt 0.876082361 0.335941464
vt 0.877708256 0.353689283
vt 0.887487888 0.33189255
vt 0.0330374613 0.169987783
vt 0.845347524 0.2020666
vt 0.856994569 0.190273955
vt 0.850361943 0.208213314
vt 0.836431026 0.206192017
vt 0.825312912 0.212766871
vt 0.811397731 0.221154869
vt 0.798368752 0.233930647
vt 0.857934415 0.261872649
vt 0.857934415 0.261872649
vt 0.291879445 0.70996052
vt 0.306497335 0.711857438
vt 0.296636194 0.751045346
vt 0.295951068 0.676661193
vt 0.316067606 0.6741243
vt 0.300926358 0.634453833
vt 0.326515138 0.632673323
vt 0.313691735 0.591473162
vt 0.336086243 0.594192326
vt 0.326592505 0.70678699
vt 0.332274526 0.668660104
vt 0.348544151 0.701856911
vt 0.35535872 0.662890494
vt 0.342539072 0.627004683
vt 0.365031272 0.616320372
vt 0.385976076 0.631174982
vt 0.377875417 0.674828827
vt 0.392967612 0.588146091
vt 0.37404114 0.576715946
vt 0.355843335 0.5817644
vt 0.369088054 0.71005559
vt 0.400645345 0.64753443
vt 0.392091751 0.687352061
vt 0.423501104 0.65991801
vt 0.410616368 0.70035249
vt 0.426128864 0.615182519
vt 0.406051397 0.607129872
vt 0.428172261 0.587379158
vt 0.406670541 0.577902198
vt 0.384007007 0.721703887
vt 0.400865674 0.73182106
vt 0.38099277 0.758142292
vt 0.389637083 0.768173814
vt 0.369636953 0.745586991
vt 0.356228858 0.736082792
vt 0.344630361 0.733726621
vt 0.343963414 0.7467103
vt 0.359297752 0.750599802
vt 0.375401944 0.760222733
vt 0.38099277 0.758142292
vt 0.384901106 0.766903698
vt 0.389637083 0.768173814
vt 0.358207345 0.789016008
vt 0.368321657 0.79141897
vt 0.37204209 0.827405512
vt 0.360662282 0.826547444
vt 0.357938498 0.863402367
vt 0.373646557 0.865001202
vt 0.356247425 0.882790625
vt 0.374693632 0.884241521
vt 0.336684495 0.870241344
vt 0.338405609 0.861092389
vt 0.349281073 0.786100328
vt 0.342586428 0.829215109
vt 0.324496865 0.856648922
vt 0.328208566 0.82806015
vt 0.308657557 0.855953515
vt 0.313872278 0.822383881
vt 0.335587353 0.781688273
vt 0.335587353 0.781688273
vt 0.335587353 0.781688273
vt 0.336684495 0.870241344
vt 0.322652936 0.875482082
vt 0.310127348 0.86844933
vt 0.292373657 0.855773211
vt 0.300600886 0.817498326
vt 0.289182723 0.81752038
vt 0.281965494 0.855015099
vt 0.296869665 0.781708837
vt 0.306745946 0.780768752
vt 0.290032536 0.871918976
vt 0.278090954 0.874544263
vt 0.320954025 0.780324101
vt 0.335587353 0.781688273
vt 0.327824146 0.748402119
vt 0.313549697 0.751542807
vt 0.32719183 0.739191234
vt 0.311569661 0.745829165
vt 0.297877669 0.751592755
vt 0.286028594 0.752174437
vt 0.286028594 0.752174437
vt 0.282076895 0.748588741
vt 0.343963414 0.7467103
vt 0.343963414 0.7467103
vt 0.297877669 0.751592755
vt 0.296636194 0.751045346
vt 0.986678123 0.887366474
vt 0.964491487 0.889376819
vt 0.959654212 0.861863911
vt 0.984242439 0.909477055
vt 0.965598464 0.91239351
vt 0.940986753 0.877812445
vt 0.944425642 0.844528675
vt 0.992465973 0.920785964
vt 0.964783549 0.950632811
vt 0.980861187 0.954442978
vt 0.945144296 0.910767794
vt 0.916484773 0.873847544
vt 0.916932166 0.914734185
vt 0.938863218 0.938603461
vt 0.916862667 0.943549812
vt 0.916478336 0.969575882
vt 0.93618381 0.97947526
vt 0.95352143 0.950851381
vt 0.959573627 0.976854801
vt 0.989288688 0.974180698
vt 0.97773838 0.987868071
vt 0.944425642 0.844528675
vt 0.916630387 0.835594773
vt 0.882718682 0.846510351
vt 0.891074359 0.886320174
vt 0.916932166 0.914734185
vt 0.891000569 0.921741903
vt 0.896043718 0.945999026
vt 0.879968882 0.95398277
vt 0.878879726 0.903877974
vt 0.870969534 0.864886463
vt 0.875846446 0.925489664
vt 0.85357964 0.955725193
vt 0.847806036 0.976966619
vt 0.839518785 0.92413348
vt 0.85357964 0.955725193
vt 0.90371716 0.984134555
vt 0.882290065 0.985563159
vt 0.916478336 0.969575882
vt 0.916862667 0.943549812
vt 0.844531596 0.911540091
vt 0.840817451 0.889514565
vt 0.870969534 0.864886463
vt 0.847806036 0.976966619
vt 0.859998584 0.990212083
vt 0.882718682 0.846510351
vt 0.890211642 0.818228245
vt 0.918906808 0.805374384
vt 0.903446972 0.799235463
vt 0.942076027 0.821715117
vt 0.931902885 0.799994528
vt 0.922539592 0.779330075
vt 0.793589592 0.604307353
vt 0.852063179 0.592215657
vt 0.827216387 0.644436836
vt 0.820504129 0.569878161
vt 0.866030753 0.546363413
vt 0.845579803 0.531777084
vt 0.874415696 0.516033649
vt 0.86550355 0.507575393
vt 0.892846346 0.47502771
vt 0.880957603 0.552964032
vt 0.873552382 0.603070676
vt 0.887831092 0.602736473
vt 0.882786632 0.653678477
vt 0.906032741 0.651559114
vt 0.901546061 0.600339592
vt 0.859425068 0.652307868
vt 0.895695746 0.552851498
vt 0.884345591 0.522040904
vt 0.895392299 0.522432446
vt 0.892846346 0.47502771
vt 0.902092874 0.681266844
vt 0.881694198 0.683641076
vt 0.912602127 0.708176494
vt 0.879621923 0.714131832
vt 0.860318363 0.679486692
vt 0.844386399 0.706686318
vt 0.8575719 0.747703016
vt 0.877004683 0.746623993
vt 0.896879137 0.747223377
vt 0.912602127 0.708176494
vt 0.835791588 0.669934094
vt 0.827216387 0.644436836
vt 0.913324952 0.546218634
vt 0.906872749 0.516786814
vt 0.93590486 0.534796834
vt 0.919230938 0.508306921
vt 0.958310485 0.573874056
vt 0.923957288 0.594502926
vt 0.986171007 0.606601775
vt 0.938257158 0.647927463
vt 0.892846346 0.47502771
vt 0.917308033 0.74561578
vt 0.919473946 0.767984331
vt 0.939132988 0.748647511
vt 0.942086697 0.766718805
vt 0.950647116 0.719983578
vt 0.912602127 0.708176494
vt 0.898503542 0.774502695
vt 0.885553479 0.780578136
vt 0.87565577 0.779100657
vt 0.893337071 0.79391861
vt 0.865606785 0.77928257
vt 0.848340869 0.773183167
vt 0.838471889 0.741600156
vt 0.816655338 0.734691858
vt 0.811881483 0.705087245
vt 0.835791588 0.669934094
vt 0.789737701 0.664234221
vt 0.828598142 0.765479028
vt 0.812587619 0.752153754
vt 0.875170827 0.81166327
vt 0.856776893 0.793292701
vt 0.861953974 0.795592129
vt 0.827216387 0.644436836
vt 0.835791588 0.669934094
vt 0.77727443 0.650865495
vt 0.865606785 0.77928257
vt 0.875170827 0.81166327
vt 0.926631749 0.674085736
vt 0.980395973 0.68355459
vt 0.938257158 0.647927463
vt 0.995016754 0.672557592
vt 0.926631749 0.674085736
vt 0.938257158 0.647927463
vt 0.923957288 0.594502926
vt 0.980861187 0.954442978
vt 0.989288688 0.974180698
vt 0.811217785 0.884604573
vt 0.785179019 0.866569161
vt 0.786163926 0.855113149
vt 0.801667809 0.883995295
vt 0.800214648 0.898378253
vt 0.814692974 0.910430193
vt 0.760631442 0.885879636
vt 0.770138562 0.884278655
vt 0.771318793 0.89680934
vt 0.760468423 0.91011548
vt 0.788553715 0.918280602
vt 0.811885715 0.936717391
vt 0.769294262 0.939742923
vt 0.780088603 0.962082744
vt 0.804520488 0.962546229
vt 0.796786666 0.985585213
vt 0.760468423 0.91011548
vt 0.842746079 0.331828833
vt 0.836749852 0.334852904
vt 0.866631985 0.329343647
vt 0.883016825 0.379760236
vt 0.883734286 0.366001666
vt 0.88592875 0.391258806
vt 0.896986425 0.386489183
vt 0.911859691 0.37735498
vt 0.88592875 0.391258806
vt 0.911859691 0.37735498
vt 0.896225929 0.467122734
vt 0.885469198 0.470757276
vt 0.880728006 0.454402089
vt 0.892846346 0.47502771
vt 0.892846346 0.47502771
vt 0.406670541 0.577902198
vt 0.397158146 0.57139647
vt 0.379766583 0.553619444
vt 0.359883785 0.559428036
vt 0.34640485 0.562646329
vt 0.321966171 0.564700782
vt 0.34640485 0.562646329
vt 0.974888325 0.287106574
vt 0.989471912 0.26751107
vt 0.991866827 0.28441757
vt 0.980555296 0.17572695
vt 0.384901106 0.766903698
vt 0.343963414 0.7467103
vt 0.343963414 0.7467103
vt 0.147228554 0.833644748
vt 0.163060978 0.832600534
vt 0.160293981 0.856385529
vt 0.144281507 0.785262346
vt 0.165698782 0.777464926
vt 0.142779171 0.736884236
vt 0.167970166 0.729147494
vt 0.149123862 0.696819305
vt 0.170072898 0.695055366
vt 0.181269601 0.828553557
vt 0.181064188 0.769430935
vt 0.205808088 0.825404406
vt 0.206060395 0.759780467
vt 0.182939544 0.720828235
vt 0.184777439 0.679534793
vt 0.206655741 0.712496519
vt 0.206060395 0.759780467
vt 0.205911189 0.654921591
vt 0.190311953 0.846732855
vt 0.174290329 0.85284704
vt 0.17866753 0.859323382
vt 0.191706598 0.856095314
vt 0.190518886 0.878607512
vt 0.202908769 0.877359927
vt 0.191097915 0.919885337
vt 0.202373594 0.922832012
vt 0.189866364 0.9546628
vt 0.204074919 0.952206969
vt 0.217526183 0.952627838
vt 0.216100812 0.920167565
vt 0.218847886 0.877255082
vt 0.205798849 0.974767685
vt 0.220080018 0.976544261
vt 0.191724077 0.976856351
vt 0.236632243 0.964129448
vt 0.236183196 0.980181694
vt 0.174923867 0.880544186
vt 0.168159798 0.863675952
vt 0.233580828 0.914906502
vt 0.249063104 0.961167693
vt 0.24212718 0.914567411
vt 0.229054004 0.878717721
vt 0.242077991 0.881011188
vt 0.236183196 0.980181694
vt 0.253231585 0.985030413
vt 0.165200785 0.88232553
vt 0.164275169 0.916577697
vt 0.175368696 0.916497946
vt 0.170812115 0.96034801
vt 0.156651035 0.962512374
vt 0.171749011 0.983627319
vt 0.159102127 0.986119986
vt 0.242402568 0.862011969
vt 0.229336768 0.8571527
vt 0.232518256 0.849981964
vt 0.248702869 0.855052888
vt 0.24975647 0.867757022
vt 0.24524343 0.831250966
vt 0.260042399 0.834921718
vt 0.259601533 0.858764887
vt 0.24975647 0.867757022
vt 0.266095042 0.786635101
vt 0.24685286 0.7740646
vt 0.271922201 0.737655401
vt 0.24660328 0.729572475
vt 0.268710315 0.696612775
vt 0.246659383 0.694168329
vt 0.264888734 0.667244852
vt 0.243137524 0.662695944
vt 0.227489918 0.827029467
vt 0.233018264 0.76679498
vt 0.205808088 0.825404406
vt 0.233860299 0.722415686
vt 0.206060395 0.759780467
vt 0.205808088 0.825404406
vt 0.229530588 0.678495049
vt 0.206060395 0.759780467
vt 0.205911189 0.654921591
vt 0.243137524 0.662695944
vt 0.226618782 0.656181276
vt 0.205677614 0.65011245
vt 0.216270223 0.843574464
vt 0.207265183 0.842150211
vt 0.215731189 0.853892088
vt 0.205483004 0.854693413
vt 0.712181926 0.888975084
vt 0.689122677 0.895945728
vt 0.68985796 0.87190336
vt 0.707110763 0.913461328
vt 0.686517119 0.905843556
vt 0.672020316 0.894155979
vt 0.664063811 0.868090868
vt 0.639882088 0.872150779
vt 0.638065338 0.911510646
vt 0.675596833 0.948019326
vt 0.71029079 0.927046478
vt 0.637854695 0.942814052
vt 0.637349248 0.966339052
vt 0.657490134 0.992893934
vt 0.671238661 0.975029647
vt 0.678823352 0.85463655
vt 0.667455554 0.824467003
vt 0.700341105 0.970675886
vt 0.692723513 0.977188528
vt 0.71029079 0.927046478
vt 0.699084163 0.951181054
vt 0.700341105 0.970675886
vt 0.641600609 0.835776329
vt 0.602717876 0.855865717
vt 0.610357642 0.824456096
vt 0.641939044 0.805226028
vt 0.618045568 0.803305387
vt 0.641661406 0.766443729
vt 0.607066512 0.880079508
vt 0.638065338 0.911510646
vt 0.61650598 0.913208187
vt 0.637854695 0.942814052
vt 0.618137598 0.947305322
vt 0.596709967 0.954401851
vt 0.592324018 0.903160512
vt 0.596709967 0.954401851
vt 0.574655652 0.949942946
vt 0.57399869 0.970758259
vt 0.601647258 0.969904721
vt 0.621507645 0.989174545
vt 0.637349248 0.966339052
vt 0.57399869 0.970758259
vt 0.580490351 0.978724778
vt 0.5626477 0.923747838
vt 0.577242851 0.90345639
vt 0.5626477 0.923747838
vt 0.566857457 0.910264134
vt 0.560441971 0.88591069
vt 0.584077477 0.87461704
vt 0.602717876 0.855865717
vt 0.607066512 0.880079508
vt 0.159492701 0.867476285
vt 0.146958202 0.859859347
vt 0.159492701 0.867476285
vt 0.168159798 0.863675952
vt 0.632804692 0.476016909
vt 0.693321764 0.452946335
vt 0.674862683 0.508510292
vt 0.659752786 0.434146851
vt 0.705913782 0.408005029
vt 0.684916496 0.394245654
vt 0.713433564 0.379905552
vt 0.702372372 0.368721157
vt 0.72868371 0.337077886
vt 0.717693329 0.412266314
vt 0.712914288 0.45879063
vt 0.726089597 0.459466338
vt 0.723694026 0.511103392
vt 0.745734751 0.506893098
vt 0.739388883 0.457119733
vt 0.701858282 0.511243701
vt 0.733138263 0.411804348
vt 0.721261799 0.38255164
vt 0.731032252 0.382781237
vt 0.72868371 0.337077886
vt 0.743349731 0.538692057
vt 0.723029971 0.541082978
vt 0.722619772 0.57295531
vt 0.754203498 0.566289246
vt 0.703097343 0.53686589
vt 0.690728962 0.567689061
vt 0.743046224 0.605845273
vt 0.72263819 0.60668546
vt 0.701900005 0.609269917
vt 0.741900802 0.379747987
vt 0.682563484 0.531155467
vt 0.674862683 0.508510292
vt 0.749319851 0.409392327
vt 0.76961714 0.396067977
vt 0.75369966 0.369897902
vt 0.794231057 0.435290039
vt 0.759028792 0.452662051
vt 0.77278465 0.501111805
vt 0.823103964 0.475181133
vt 0.72868371 0.337077886
vt 0.684710443 0.605924189
vt 0.665406048 0.603078604
vt 0.657520652 0.57031256
vt 0.682563484 0.531155467
vt 0.641794086 0.541727245
vt 0.626452684 0.527464032
vt 0.678279698 0.634228885
vt 0.697164953 0.622439325
vt 0.657335579 0.629967749
vt 0.712064624 0.650648534
vt 0.722737432 0.64934659
vt 0.724199057 0.686423421
vt 0.733451426 0.650528669
vt 0.743643761 0.626922309
vt 0.759934247 0.603116691
vt 0.766936064 0.638930738
vt 0.787377417 0.630480528
vt 0.78318119 0.602919877
vt 0.793896973 0.571073353
vt 0.765598834 0.529349685
vt 0.808841407 0.541971564
vt 0.822481096 0.526094675
vt 0.745375693 0.654831469
vt 0.724199057 0.686423421
vt 0.765598834 0.529349685
vt 0.77278465 0.501111805
vt 0.759028792 0.452662051
vt 0.794711471 0.718274593
vt 0.774442196 0.707249999
vt 0.772979975 0.698686779
vt 0.783121228 0.725878954
vt 0.793864667 0.740873098
vt 0.782170892 0.739885926
vt 0.749293745 0.711936176
vt 0.75660336 0.719359279
vt 0.76816529 0.752284288
vt 0.74507314 0.739625454
vt 0.754168808 0.737300217
vt 0.750106275 0.774350047
vt 0.75660336 0.719359279
vt 0.74507314 0.739625454
vt 0.793135107 0.775345504
vt 0.787113249 0.799234211
vt 0.755140781 0.798449457
vt 0.772019625 0.84017086
vt 0.793864667 0.740873098
vt 0.674862683 0.508510292
vt 0.187172487 0.656642258
vt 0.205677614 0.65011245
vt 0.174754426 0.66192776
vt 0.154926702 0.667970061
vt 0.174754426 0.66192776
vt 0.0217005145 0.719320118
vt 0.0164790228 0.697367311
vt 0.0299486984 0.696336746
vt 0.0106803998 0.720191896
vt 0.0171791688 0.727622807
vt 0.0155609548 0.648127675
vt 0.0317159146 0.640848994
vt 0.0136656091 0.601619542
vt 0.0317459181 0.592252314
vt 0.0129670464 0.561528027
vt 0.0330332182 0.553677201
vt 0.049306374 0.693337619
vt 0.0481578186 0.630962729
vt 0.0726021975 0.688663661
vt 0.072107017 0.623374343
vt 0.0495007671 0.582604229
vt 0.0716632977 0.576355457
vt 0.0505842455 0.539431751
vt 0.0694507435 0.516689777
vt 0.0561715178 0.714269638
vt 0.0384332351 0.717778921
vt 0.0433093198 0.724036217
vt 0.0566716678 0.722377717
vt 0.0556467958 0.743659198
vt 0.068682529 0.741559923
vt 0.0578208715 0.78558135
vt 0.0426917523 0.745104671
vt 0.0283767041 0.724591613
vt 0.0416284464 0.782160938
vt 0.0310636256 0.780253291
vt 0.0233330522 0.81638056
vt 0.0365487412 0.820031047
vt 0.0321606025 0.746371508
vt 0.035628289 0.848346651
vt 0.0204633828 0.849581182
vt 0.0581876561 0.8233127
vt 0.0704542994 0.787625432
vt 0.070284687 0.822020173
vt 0.0829727277 0.818075836
vt 0.0835570469 0.783475697
vt 0.068682529 0.741559923
vt 0.0864817128 0.850679815
vt 0.0722934455 0.849541247
vt 0.0550428107 0.848258197
vt 0.102914095 0.816418707
vt 0.103348769 0.851956785
vt 0.117709525 0.81744504
vt 0.110591255 0.779398561
vt 0.099936761 0.779192448
vt 0.0998649374 0.742964745
vt 0.110154353 0.745139897
vt 0.115392283 0.853682697
vt 0.0850840136 0.740526497
vt 0.068682529 0.741559923
vt 0.113579988 0.721952379
vt 0.125863433 0.726626337
vt 0.116565034 0.717342138
vt 0.100052126 0.712280691
vt 0.110449918 0.694013834
vt 0.123234376 0.695957482
vt 0.130534247 0.71793443
vt 0.125863433 0.726626337
vt 0.128943056 0.647325873
vt 0.110879317 0.637247026
vt 0.132834092 0.600492716
vt 0.112152912 0.593805909
vt 0.131719753 0.560061336
vt 0.111983649 0.557790697
vt 0.128012836 0.527298868
vt 0.11004585 0.526493907
vt 0.093856506 0.690081
vt 0.0955125839 0.628937602
vt 0.0726021975 0.688663661
vt 0.072107017 0.623374343
vt 0.0945470706 0.585132003
vt 0.0916590393 0.542652011
vt 0.0694507435 0.516689777
vt 0.0893191025 0.519470215
vt 0.0848272741 0.710469842
vt 0.0746494308 0.708327711
vt 0.0969082564 0.719902813
vt 0.0831436366 0.718786716
vt 0.0723320618 0.720639467
vt 0.0746494308 0.708327711
vt 0.0746494308 0.708327711
vt 0.541924417 0.875165462
vt 0.51045543 0.890961468
vt 0.516382873 0.857613802
vt 0.532416582 0.918395042
vt 0.502775967 0.934543729
vt 0.520438671 0.94519031
vt 0.519679606 0.962165892
vt 0.486298174 0.93317157
vt 0.500043929 0.955820382
vt 0.484924942 0.983712256
vt 0.466581076 0.942994654
vt 0.501896918 0.983654439
vt 0.493498713 0.875437796
vt 0.466034025 0.905652821
vt 0.466021329 0.877298832
vt 0.465459257 0.841901839
vt 0.50009495 0.835512817
vt 0.519679606 0.962165892
vt 0.516184807 0.984395921
vt 0.466581076 0.942994654
vt 0.50009495 0.835512817
vt 0.465717643 0.821118295
vt 0.466581076 0.942994654
vt 0.442960709 0.92637074
vt 0.45330736 0.973754704
vt 0.425004452 0.943314433
vt 0.431824237 0.985477388
vt 0.403459162 0.964487135
vt 0.410735577 0.985847771
vt 0.447822362 0.988301814
vt 0.41648975 0.896027267
vt 0.393125445 0.920876145
vt 0.387868196 0.877192616
vt 0.407677561 0.858505845
vt 0.403954774 0.947715938
vt 0.403459162 0.964487135
vt 0.428907305 0.879003763
vt 0.426594228 0.828538775
vt 0.466021329 0.877298832
vt 0.465459257 0.841901839
vt 0.426594228 0.828538775
vt 0.465717643 0.821118295
vt 0.465717643 0.821118295
vt 0.43910262 0.805033088
vt 0.465681583 0.787424803
vt 0.448671192 0.786942482
vt 0.467959017 0.763262808
vt 0.485868722 0.788259923
vt 0.493831545 0.807418346
vt 0.465717643 0.821118295
vt 0.465717643 0.821118295
vt 0.0171791688 0.727622807
vt 0.0321606025 0.746371508
vt 0.461134821 0.604845405
vt 0.517780602 0.594199419
vt 0.497404665 0.638996363
vt 0.486117691 0.575776815
vt 0.531880975 0.54829216
vt 0.511080027 0.537137389
vt 0.540154934 0.521734953
vt 0.528414965 0.511326075
vt 0.55587393 0.479320914
vt 0.550387919 0.552824616
vt 0.539253831 0.600396872
vt 0.551914632 0.601727843
vt 0.531757951 0.64875865
vt 0.548794806 0.652584791
vt 0.570028603 0.649917483
vt 0.566338301 0.600653052
vt 0.562096775 0.553628922
vt 0.559001505 0.526229858
vt 0.552598119 0.52625525
vt 0.55587393 0.479320914
vt 0.546779931 0.680938244
vt 0.585831821 0.68129611
vt 0.572637141 0.715039492
vt 0.543688953 0.714737773
vt 0.610816658 0.717871428
vt 0.626864135 0.685136199
vt 0.596695781 0.64434433
vt 0.64970696 0.661874175
vt 0.528914332 0.676154375
vt 0.562026918 0.752370238
vt 0.539187014 0.766081929
vt 0.580467999 0.752290249
vt 0.602170587 0.75435853
vt 0.504258692 0.674447179
vt 0.467622578 0.671402812
vt 0.479890108 0.705062628
vt 0.509354174 0.709978461
vt 0.543688953 0.714737773
vt 0.546779931 0.680938244
vt 0.4484258 0.645417452
vt 0.484389216 0.742253661
vt 0.498915166 0.746499777
vt 0.516810119 0.753353357
vt 0.532347262 0.818832517
vt 0.516616702 0.798084855
vt 0.532347262 0.818832517
vt 0.582852244 0.598181725
vt 0.642907262 0.612858415
vt 0.61985147 0.581984758
vt 0.574920297 0.551821232
vt 0.598973811 0.53992784
vt 0.569365263 0.522310972
vt 0.583748758 0.511704087
vt 0.55587393 0.479320914
vt 0.55587393 0.479320914
vt 0.596695781 0.64434433
vt 0.731666327 0.720313311
vt 0.710659027 0.708512187
vt 0.710507274 0.697999835
vt 0.722502828 0.722931385
vt 0.721255541 0.743427038
vt 0.730865121 0.747795701
vt 0.68936491 0.715412617
vt 0.697179914 0.719587445
vt 0.694940925 0.741181612
vt 0.710508347 0.758506536
vt 0.685554147 0.750687957
vt 0.694940925 0.741181612
vt 0.687458515 0.78002739
vt 0.731821418 0.780417442
vt 0.724069118 0.802960396
vt 0.693755984 0.801671743
vt 0.707094312 0.830243349
vt 0.55587393 0.479320914
vt 0.497404665 0.638996363
vt 0.0893191025 0.519470215
vt 0.0694507435 0.516689777
vt 0.0684601441 0.505926967
vt 0.0694507435 0.516689777
vt 0.0493483096 0.513624191
vt 0.0684601441 0.505926967
vt 0.030100571 0.52021873
vt 0.0133627113 0.528540492
vt 0.030100571 0.52021873
vt 0.0193795171 0.871411622
vt 0.0411967561 0.867100298
vt 0.00823676772 0.861562073
vt 0.0568382479 0.856437981
vt 0.0568382479 0.856437981
vt 0.0752425566 0.861986458
vt 0.0900624692 0.860536754
vt 0.120696239 0.869657934
vt 0.120696239 0.869657934
vt 0.860070229 0.385703027
vt 0.850556612 0.409740925
vt 0.860070229 0.385703027
vt 0.757668734 0.0700084716
vt 0.195280716 0.984630466
vt 0.208450422 0.982720733
vt 0.195280716 0.984630466
vt 0.231415093 0.552377522
vt 0.216221035 0.520897925
vt 0.237261832 0.537211955
vt 0.210418642 0.544854105
vt 0.210955441 0.56017679
vt 0.229592025 0.562909901
vt 0.219759524 0.585975707
vt 0.234290183 0.583536804
vt 0.225846231 0.601603806
vt 0.236477196 0.63946718
vt 0.208664 0.587075293
vt 0.219772279 0.610559642
vt 0.236477196 0.63946718
vt 0.199169695 0.561709344
vt 0.192620099 0.545817435
vt 0.184492648 0.521170855
vt 0.247613609 0.567058027
vt 0.247603357 0.581655085
vt 0.236477196 0.63946718
vt 0.208979666 0.609855115
vt 0.236477196 0.63946718
vt 0.200667679 0.594766796
vt 0.189428747 0.604822934
vt 0.177838504 0.584865749
vt 0.189745128 0.568910539
vt 0.178653777 0.556052089
vt 0.168623626 0.577772081
vt 0.164989293 0.546863377
vt 0.155119479 0.577407658
vt 0.236477196 0.63946718
vt 0.184492648 0.521170855
vt 0.164365947 0.599005282
vt 0.14703387 0.601637304
vt 0.169399679 0.602016389
vt 0.169399679 0.602016389
vt 0.180713952 0.613662183
vt 0.236477196 0.63946718
vt 0.237261832 0.537211955
vt 0.249120414 0.561332285
vt 0.26185745 0.548995912
vt 0.888296187 0.795667112
vt 0.875170827 0.81166327
vt 0.885553479 0.780578136
vt 0.700525403 0.656494796
vt 0.724199057 0.686423421
vt 0.641939044 0.805226028
vt 0.641661406 0.766443729
vt 0.662673473 0.803010643
vt 0.556018233 0.768840432
vt 0.552030802 0.801731706
vt 0.532347262 0.818832517
vt 0.532347262 0.818832517
vt 0.469878852 0.557815075
vt 0.454576313 0.574914873
vt 0.129238829 0.457672894
vt 0.615304232 0.491727173
vt 0.0354963765 0.941185117
vt 0.0475115739 0.941079617
vt 0.0392733291 0.982002497
vt 0.0238230769 0.943711758
vt 0.0392733291 0.982002497
vt 0.0593146682 0.94415164
vt 0.0392733291 0.982002497
vt 0.0593146682 0.94415164
vt 0.0685347766 0.951565504
vt 0.0392733291 0.982002497
vt 0.0238230769 0.943711758
vt 0.0392733291 0.982002497
vt 0.0129280556 0.949008465
vt 0.128081217 0.889999688
vt 0.108283624 0.928379476
vt 0.116112381 0.887648642
vt 0.136898205 0.898098648
vt 0.108283624 0.928379476
vt 0.116112381 0.887648642
vt 0.108283624 0.928379476
vt 0.104165368 0.888065279
vt 0.108283624 0.928379476
vt 0.092733413 0.890625417
vt 0.0822598711 0.895845354
vt 0.092733413 0.890625417
vt 0.108283624 0.928379476
vt 0.0249864832 0.893043637
vt 0.0345951319 0.889003634
vt 0.0408126228 0.929990411
vt 0.0451201536 0.887802839
vt 0.0408126228 0.929990411
vt 0.0150943454 0.896769404
vt 0.0249864832 0.893043637
vt 0.0408126228 0.929990411
vt 0.0451201536 0.887802839
vt 0.0556645095 0.889736176
vt 0.0408126228 0.929990411
vt 0.0647779107 0.895483017
vt 0.0408126228 0.929990411
vt 0.114213295 0.944874585
vt 0.108260579 0.978325188
vt 0.102934815 0.94532007
vt 0.0917524025 0.947819889
vt 0.108260579 0.978325188
vt 0.125494391 0.94766897
vt 0.108260579 0.978325188
vt 0.081933327 0.954344332
vt 0.0917524025 0.947819889
vt 0.108260579 0.978325188
vt 0.134970278 0.954771101
vt 0.108260579 0.978325188
vt 0.125494391 0.94766897
vt 0.0456706434 0.326958954
vn -0.522317886 0.602507055 -0.603464484
vn -0.344287902 0.878869414 -0.330233991
vn -0.712157249 0.647837102 -0.270442367
vn -0.252209485 0.645217538 -0.721169055
vn -0.370104969 0.928847849 -0.0162494872
vn -0 0.999461114 0.0328243263
vn -0 0.927974045 -0.372644663
vn -0.743567824 0.668634415 -0.00591630396
vn -0.355951339 0.899328291 0.253982633
vn -0.705806673 0.630837679 0.32230562
vn -0.885379553 0.305944502 -0.350001663
vn -0.953459799 0.301274717 0.0121650733
vn -0.875034928 0.343460441 0.341099501
vn -0.575055718 0.598308921 0.557976186
vn -0.647008777 0.420897692 0.635786772
vn -0.999130666 0.0413237512 -0.00551572209
vn -0.93524617 0.0648860484 0.348000586
vn -0.918670297 -0.222098231 0.326675922
vn -0.97491914 -0.219846174 -0.0346462093
vn -0.858257949 -0.438912123 0.265987515
vn -0.89033401 -0.45041734 -0.0665544122
vn -0.358293146 0.747041762 0.55995959
vn -0.882102966 -0.21969384 -0.416688204
vn -0.923838913 0.0295263622 -0.381640941
vn -0.596482217 -0.225050613 -0.770429194
vn -0.634438038 0.00582784554 -0.772951841
vn -0.802649021 -0.425186962 -0.418294787
vn -0.57893151 -0.344314784 -0.739111364
vn -0.8456164 -0.413006634 -0.338169038
vn -0.638487816 0.168342203 -0.750995457
vn -0.269838601 -0.185982525 -0.944773793
vn -0.288519323 -0.304669708 -0.907707512
vn -0 -0.275348902 -0.961344361
vn -0 -0.149049357 -0.988829792
vn -0.357797921 -0.132593006 -0.924337506
vn -0 -0.155610353 -0.98781848
vn -0.251519889 -0.0019310991 -0.967850268
vn -0 0.00272269687 -0.999996305
vn -0.613619089 0.292448372 -0.733447731
vn -0.26549089 0.304773003 -0.914673686
vn -0.252209485 0.645217538 -0.721169055
vn -0 0.313993156 -0.94942528
vn -0 0.669343233 -0.742953241
vn -0 -0.017050853 -0.999854565
vn -0.358305901 -0.0780047849 -0.930339813
vn -0.222152293 0.151622564 -0.963150561
vn -0 0.144910812 -0.989444673
vn -0.233285084 0.0924557522 -0.968003035
vn -0 0.455255181 -0.890361071
vn -0.373862058 0.390298814 -0.841364264
vn -0.418505341 0.0902103558 -0.903723061
vn -0 0.0562163815 -0.998418689
vn -0 -0.323251873 -0.946312904
vn -0.33813563 -0.206156567 -0.918239474
vn -0.00826540776 -0.589694917 -0.807583809
vn -0 -0.675770283 -0.737112164
vn -0 -0.441212684 -0.897402465
vn -0.0515783764 -0.229350343 -0.97197634
vn -0.117668346 0.300815672 -0.946395338
vn -0.211174965 0.247255698 -0.945658326
vn -0.32982415 0.199673921 -0.922684371
vn 0.106282271 0.669397354 -0.735262752
vn -0.922699809 -0.0855257139 -0.375912994
vn -0.73867923 0.55420351 -0.383681625
vn -0.947137654 0.239705533 -0.213240713
vn -0.932131886 0.116269648 -0.342945188
vn -0.934936762 0.0461615585 -0.351798683
vn -0.860178769 0.251425594 -0.443709016
vn -0.963407278 0.253475308 0.0871594846
vn -0.982592463 0.0166270267 0.185028791
vn -0.97980243 -0.197338939 0.0323187374
vn -0.787562907 -0.220226213 0.575539052
vn -0.746607482 0.229236141 0.624522209
vn -0.632417321 -0.574676394 0.519418299
vn -0.848421752 -0.52178663 0.0889900401
vn -0.410038829 -0.820459962 0.398388922
vn -0.5661816 -0.820177555 0.0821412131
vn -0.898904502 -0.121476024 -0.420968294
vn -0.828283131 -0.481534332 -0.286481857
vn -0.628415346 -0.654327571 0.420653939
vn -0.847609997 -0.490105718 0.203356087
vn -0.806829333 -0.213721037 0.550771892
vn -0.545099497 -0.513494074 0.662714481
vn -0.524393737 -0.320381671 0.788902283
vn -0.270476997 -0.422580272 0.865024865
vn -0.338439047 -0.715107858 0.611620605
vn -0 -0.500524104 0.865722597
vn -0 -0.720095158 0.693875313
vn -0.777368128 -0.345025957 0.52598089
vn -0.730306745 -0.568506658 0.378750741
vn -0.283031315 -0.452580988 0.845614374
vn -0.826018035 -0.0322458893 0.562720478
vn -0.763996363 -0.583723664 0.274911463
vn -0.631946146 -0.766547322 0.114232972
vn -0.414736837 -0.768841863 0.486698627
vn -0.5208534 -0.604423285 0.602813542
vn -0.663173974 -0.384742171 0.64200753
vn -0.637462914 -0.260080129 0.725258112
vn -0.665150702 0.140981004 0.733279526
vn -0.853209972 -0.124283321 0.506543458
vn -0.771106124 -0.234452501 0.591969192
vn -0.52640754 -0.269185513 0.806495011
vn -0.644219518 -0.568148851 0.512042999
vn -0.571821988 -0.158188283 0.804982007
vn -0.727042973 0.452813804 0.516108572
vn -0.0458843298 0.54356879 0.838109612
vn -0 -0.327574313 0.944825411
vn -0.791723251 -0.181825012 0.583192825
vn -0.782937586 -0.595073462 0.181373283
vn -0.625504911 -0.472430676 0.620929062
vn -0.849074721 -0.527894497 -0.0199849308
vn -0.709986091 -0.265749961 0.65214777
vn -0.513556719 -0.0415997617 0.857046664
vn -0.524793148 -0.150865927 0.837753952
vn -0.512048423 0.104537621 0.852571607
vn -0.71756351 0.0438013636 0.695114434
vn -0.405065507 -0.128817871 0.905167401
vn -0.494104773 0.38142696 0.781264305
vn -0.46957761 0.502634704 0.72584796
vn -0.321506381 0.536053777 0.780563831
vn -0 0.571859717 0.820351362
vn -0 0.275540978 0.961289346
vn -0 0.0652334541 0.997870088
vn -0 -0.194519669 0.980898678
vn -0 0.749271333 0.662263095
vn -0.481197953 -0.209613502 0.851181924
vn -0 -0.694939196 0.719068527
vn -0.811605752 -0.327305704 0.483908027
vn -0 -0.54514873 0.838339329
vn -0.799102724 -0.203006849 0.565882504
vn -0 -0.337969184 0.941157162
vn -0.783034384 -0.0504391007 0.61992985
vn -0 0.830004871 0.557756066
vn -0.855160832 0.517429829 -0.0310869087
vn -0.842971027 0.528736293 -0.0991850272
vn -0 0.933837891 -0.357696503
vn -0 0.863672376 -0.504053533
vn -0 0.830004871 0.557756066
vn -0 0.998939455 -0.0460423939
vn -0.873093128 0.477657646 0.0977321714
vn -0 0.626636744 0.779311419
vn -0.545451045 0.354267716 0.759590387
vn -0 0.626636744 0.779311419
vn 0.643187881 -0.726375163 -0.242256925
vn 0.634395242 -0.374194413 -0.676403165
vn 0.517090917 -0.444829613 -0.73126173
vn -0.168113306 -0.270619988 -0.947893918
vn -0.386685222 -0.797381163 -0.463311791
vn 0.501440704 -0.706327379 -0.499658644
vn -0.845418513 -0.414092809 -0.337334573
vn -0.533890724 -0.754304528 -0.382080287
vn -0.457405746 -0.887868643 0.0496921316
vn -0.406366438 -0.898294985 -0.167129934
vn -0.11918477 -0.930022836 -0.347638577
vn -0.988217056 -0.039930746 0.147758231
vn -0.255562901 -0.852307916 -0.456353784
vn -0.538012326 -0.652899981 -0.533164322
vn 0.409105808 -0.509467185 -0.757017672
vn -0.706289828 -0.701580048 0.0945519507
vn -0.992687225 0.0137277767 -0.119932406
vn -0.850990713 -0.525169611 0.00340356678
vn -0.744728088 0.663263321 0.0739051625
vn -0.840778172 0.528198421 0.118736736
vn -0.577574193 0.744029224 -0.335899681
vn -0.800803959 -0.327990562 -0.501133919
vn -0.926952004 -0.323888451 0.189357668
vn -0.926952004 -0.323888451 0.189357668
vn -0.513705134 -0.836674511 -0.189954728
vn -0.615777373 -0.785032749 -0.0673927218
vn -0.800803959 -0.327990562 -0.501133919
vn -0.112889044 -0.982233286 0.149912611
vn -0.923896492 -0.37704882 0.065187268
vn 0.0184405614 -0.835539281 -0.549121141
vn -0.167916521 -0.764470279 -0.622406006
vn -0.111097455 -0.373169571 -0.921087265
vn 0.0987396538 -0.72217077 -0.684631169
vn -0.229343995 -0.222814664 -0.947499394
vn -0.310064673 -0.0430180579 -0.949741721
vn -0.306513995 0.633939564 -0.710049212
vn -0.213503852 -0.0749163255 -0.974065483
vn -0.397214234 -0.138282478 -0.907247901
vn -0.281261802 -0.211327597 -0.936072886
vn -0.281296134 -0.0029495263 -0.959616542
vn 0.104371168 0.0745098293 -0.991743386
vn 0.217212841 0.085939914 -0.972333729
vn -0.245669529 0.659873784 -0.710079551
vn -0.599608302 -0.235549703 -0.764843941
vn -0.306513995 0.633939564 -0.710049212
vn 0.0341962799 -0.616229951 -0.786823511
vn -0.598106027 -0.311441123 -0.738426387
vn -0.613258541 -0.789710462 0.0164685007
vn -0.747981429 -0.356072515 -0.560121596
vn -0.853394985 -0.167032883 -0.493778259
vn -0.998304725 0.0511621311 -0.0277494024
vn -0.922572017 -0.352484047 0.156894371
vn -0.775351226 0.608320773 0.169635594
vn -0.856540501 0.474028885 -0.204046354
vn -0 -0.850402951 0.526131868
vn -0.0521964245 -0.992442667 0.111053899
vn 0.191274241 -0.746751487 0.637005746
vn -0 -0.621884346 0.783109069
vn -0.13691844 -0.389222354 0.910911262
vn 0.184001446 -0.498846114 0.846933365
vn -0 -0.296590239 0.955004871
vn -0.040483024 -0.102031663 0.993957043
vn -0.0606760047 -0.851074219 0.521527708
vn -0.730267704 -0.583693326 0.354980528
vn -0.690408409 -0.0960955173 0.717009008
vn -0.783372343 -0.383270085 0.489317805
vn -0.713635266 0.250419527 0.654228389
vn -0.125126168 -0.375619024 0.91828841
vn -0.0178909693 0.270251423 0.962623596
vn 0.160260528 0.0575888045 0.985393465
vn -0 0.0347406939 0.999396324
vn -0.133687422 -0.665328324 0.734483421
vn -0 -0.296590239 0.955004871
vn 0.140144289 -0.229886353 0.963074148
vn -0.133687422 -0.665328324 0.734483421
vn -0 -0.852962375 0.521972418
vn -0 -0.656368315 0.754440606
vn -0.251532525 -0.160963282 0.954370022
vn 0.116112657 -0.931773961 0.343969673
vn 0.525868416 -0.739510477 0.420222253
vn 0.665367007 -0.738834262 -0.106820881
vn -0 -0.852962375 0.521972418
vn 0.501440704 -0.706327379 -0.499658644
vn 0.634395242 -0.374194413 -0.676403165
vn -0 -0.752159178 -0.658981442
vn 0.517090917 -0.444829613 -0.73126173
vn -0 -0.725550115 -0.68816936
vn -0 -0.852962375 0.521972418
vn -0.251532525 -0.160963282 0.954370022
vn -0.845418513 -0.414092809 -0.337334573
vn 0.546974897 -0.809596777 -0.21300593
vn 0.723285019 -0.687315404 -0.066755645
vn 0.639693797 -0.657021821 0.398891151
vn 0.74367696 -0.577208519 -0.337305278
vn 0.583730578 -0.441087633 -0.681689262
vn -0 -0.907363296 -0.420347422
vn -0 -0.852224469 -0.523176312
vn -0 -0.209626451 -0.977781534
vn 0.195075035 0.267837644 -0.943508625
vn -0.111097455 -0.373169571 -0.921087265
vn -0 -0.725550115 -0.68816936
vn 0.643187881 -0.726375163 -0.242256925
vn -0.0271793976 0.0873372406 -0.995807886
vn 0.15277496 0.0317448899 -0.987751007
vn -0.314442873 0.512978494 -0.798735738
vn 0.548167884 -0.382199943 -0.743932307
vn 0.657469094 -0.727285266 -0.19695279
vn -0.218792304 0.399681121 -0.890160084
vn -0.314442873 0.512978494 -0.798735738
vn -0.144450694 -0.109512269 -0.983433247
vn -0.07049793 0.604246616 -0.793672562
vn -0.07049793 0.604246616 -0.793672562
vn -0.800803959 -0.327990562 -0.501133919
vn -0.314442873 0.512978494 -0.798735738
vn -0.467563272 0.00540186604 -0.883943021
vn -0.538012326 -0.652899981 -0.533164322
vn -0.467563272 0.00540186604 -0.883943021
vn 0.643187881 -0.726375163 -0.242256925
vn -0.923896492 -0.37704882 0.065187268
vn -0.131009981 -0.893578231 0.429365098
vn -0.60431385 0.0507053509 0.795131266
vn -0.112889044 -0.982233286 0.149912611
vn -0.856540501 0.474028885 -0.204046354
vn -0.283948243 0.849126935 0.445372641
vn -0.615777373 -0.785032749 -0.0673927218
vn -0.385973752 -0.852674365 0.35209471
vn -0.643116415 0.0687963367 0.762671769
vn -0.371904284 -0.892487347 0.255252153
vn -0.554320693 -0.175434649 0.813603878
vn -0.365839452 0.823929369 0.432783842
vn -0.282402635 0.777848005 0.561427832
vn 0.0094365254 -0.963271797 0.268362701
vn -0.359960437 -0.18690066 0.914055109
vn -0.359960437 -0.18690066 0.914055109
vn -0.487293422 0.795486927 0.360202163
vn -0.0603829436 0.938694119 -0.339421958
vn 0.224600613 0.928482473 -0.295761228
vn 0.259692341 -0.811974823 -0.52273953
vn 0.334901094 -0.729079187 -0.596895993
vn 0.158645242 0.911933184 -0.378430307
vn 0.552127719 0.155097783 -0.819206715
vn 0.486776829 0.120397083 -0.865189493
vn 0.334901094 -0.729079187 -0.596895993
vn 0.259692341 -0.811974823 -0.52273953
vn 0.591646791 0.216953084 -0.776456952
vn -0.0603829436 0.938694119 -0.339421958
vn 0.550406516 -0.677390277 -0.488052428
vn 0.257291138 0.913041174 -0.316475958
vn 0.588990867 0.00929810479 -0.808086216
vn -0.306513995 0.633939564 -0.710049212
vn -0.229343995 -0.222814664 -0.947499394
vn 0.433614045 -0.793967187 -0.426139653
vn 0.0184405614 -0.835539281 -0.549121141
vn -0.856540501 0.474028885 -0.204046354
vn -0.306513995 0.633939564 -0.710049212
vn -0.487293422 0.795486927 0.360202163
vn -0.359960437 -0.18690066 0.914055109
vn -0.761434615 -0.0272839684 0.647667289
vn -0.773342788 0.543010056 -0.327232271
vn -0.0603829436 0.938694119 -0.339421958
vn -0.897676885 0.261956543 -0.354337513
vn -0.384378701 -0.713397264 0.58593291
vn -0.620399535 -0.128111169 0.773751855
vn -0.0213012639 -0.810686827 0.585092306
vn 0.283514917 -0.441280633 0.851405144
vn -0.715629697 -0.15134576 0.681885958
vn 0.1021294 -0.85568434 0.507320285
vn -0.79007411 0.587496459 -0.175016448
vn -0.785429835 0.467864037 -0.405219942
vn 0.322903454 0.400863409 -0.857345879
vn 0.272285044 0.430558264 -0.86051172
vn 0.98927629 -0.0603904724 -0.132986665
vn 0.772458196 -0.428869605 -0.468379289
vn -0.864642978 0.115924112 -0.488829315
vn -0.706230104 -0.347124726 0.61704427
vn -0.849799871 -0.257576227 -0.459885627
vn -0.55194819 -0.382879853 0.74078083
vn 0.930534244 -0.131016433 0.341965973
vn 0.915271938 0.105283126 0.388835251
vn 0.133560628 0.229527414 -0.964094758
vn 0.204899326 0.0879609734 -0.97482264
vn 0.930534244 -0.131016433 0.341965973
vn 0.915271938 0.105283126 0.388835251
vn 0.517636716 -0.847938418 -0.114248164
vn 0.517636716 -0.847938418 -0.114248164
vn -0.428546637 -0.369067222 0.824704349
vn 0.898615003 0.295025468 0.324732304
vn -0.505381703 -0.657855332 0.558404624
vn 0.827658117 0.528341949 0.189306393
vn -0.714220464 -0.557301879 -0.423442602
vn -0.0426423661 -0.446419358 -0.893807232
vn 0.252519697 -0.0135081243 -0.967497528
vn 0.898615003 0.295025468 0.324732304
vn 0.827658117 0.528341949 0.189306393
vn 0.735249043 -0.645615458 0.20637235
vn 0.517636716 -0.847938418 -0.114248164
vn 0.772458196 -0.428869605 -0.468379289
vn 0.772458196 -0.428869605 -0.468379289
vn 0.98927629 -0.0603904724 -0.132986665
vn 0.772458196 -0.428869605 -0.468379289
vn 0.542634845 -0.83996594 0.00215888699
vn 0.0094365254 -0.963271797 0.268362701
vn 0.550406516 -0.677390277 -0.488052428
vn -0.359960437 -0.18690066 0.914055109
vn 0.591646791 0.216953084 -0.776456952
vn -0.0603829436 0.938694119 -0.339421958
vn 0.243422225 0.614716828 -0.750245869
vn 0.591646791 0.216953084 -0.776456952
vn 0.62207675 -0.155536458 -0.767351985
vn 0.550406516 -0.677390277 -0.488052428
vn 0.542634845 -0.83996594 0.00215888699
vn 0.0400253758 0.367198467 -0.929281056
vn -0 0.75271678 0.658344388
vn -0.390587211 0.808662832 0.439893275
vn -0 0.749271333 0.662263095
vn -0.572543979 0.818900585 -0.0399403423
vn -0.783572853 0.530665934 0.32312113
vn -0.79757452 0.0958077535 -0.595563412
vn -0 0.809802711 -0.586702287
vn -0.792165637 -0.0675833225 -0.60655266
vn -0.78701514 0.601358533 0.137750074
vn -0 0.698902011 0.715217531
vn -0 0.878581285 0.477592766
vn -0 0.618288279 -0.785951316
vn -0 0.618288279 -0.785951316
vn -0 -0.38541308 -0.922744155
vn -0 0.557284415 0.83032167
vn -0 0.75271678 0.658344388
vn -0 0.809802711 -0.586702287
vn -0 0.878581285 0.477592766
vn 0.78701514 0.601358533 0.137750089
vn -0 0.698902011 0.715217531
vn 0.783572853 0.530665934 0.323121071
vn 0.792165577 -0.06758333 -0.60655272
vn 0.79757452 0.0958077535 -0.595563412
vn 0.572544038 0.818900585 -0.0399403498
vn 0.390587211 0.808662832 0.439893335
vn -0 0.809802711 -0.586702287
vn -0 -0.38541308 -0.922744155
vn -0 0.557284415 0.83032167
vn -0 0.75271678 0.658344388
vn 0.355951339 0.899328291 0.253982633
vn 0.370104969 0.928847849 -0.0162494872
vn 0.743567824 0.668634415 -0.00591630396
vn 0.705806673 0.630837679 0.32230562
vn 0.712157249 0.647837102 -0.270442367
vn 0.885379434 0.305944532 -0.350001633
vn 0.953459799 0.301274687 0.0121650733
vn 0.344287902 0.878869414 -0.330233991
vn 0.522317886 0.602507055 -0.603464484
vn 0.252209514 0.645217478 -0.721168995
vn -0 0.999461114 0.0328243263
vn -0 0.927974045 -0.372644663
vn 0.875034928 0.343460441 0.341099501
vn 0.575055718 0.598308921 0.557976186
vn 0.647008777 0.420897692 0.635786772
vn 0.999130666 0.0413237512 -0.00551570812
vn 0.93524617 0.0648860484 0.348000586
vn 0.918670356 -0.222098202 0.326675951
vn 0.97491914 -0.219846174 -0.0346462093
vn 0.858257949 -0.438912123 0.265987515
vn 0.89033401 -0.45041734 -0.0665544122
vn 0.613619089 0.292448372 -0.733447731
vn 0.26549089 0.304773003 -0.914673686
vn 0.252209514 0.645217478 -0.721168995
vn -0 0.313993156 -0.94942528
vn -0 0.669343233 -0.742953241
vn 0.251519889 -0.00193109678 -0.967850268
vn 0.634438038 0.00582784554 -0.772951841
vn 0.269838572 -0.185982525 -0.944773793
vn -0 -0.155610353 -0.98781848
vn -0 0.00272269687 -0.999996305
vn -0 -0.275348902 -0.961344361
vn 0.288519323 -0.304669708 -0.907707512
vn 0.57893157 -0.344314754 -0.739111364
vn 0.596482217 -0.225050613 -0.770429194
vn 0.923838913 0.0295263622 -0.381640941
vn 0.882102966 -0.21969384 -0.416688204
vn -0 -0.149049357 -0.988829792
vn 0.357797921 -0.132593006 -0.924337506
vn 0.80264914 -0.425186962 -0.418294817
vn 0.8456164 -0.413006634 -0.338169038
vn 0.638487816 0.168342203 -0.750995457
vn -0 -0.017050853 -0.999854565
vn 0.358305901 -0.0780047849 -0.930339813
vn 0.849074721 -0.527894497 -0.019984927
vn 0.982592463 0.0166270267 0.185028791
vn 0.934936762 0.0461615659 -0.351798683
vn 0.963407278 0.253475308 0.0871594846
vn 0.860178769 0.251425594 -0.443709016
vn 0.97980243 -0.197338939 0.0323187374
vn 0.787562907 -0.220226213 0.575538933
vn 0.746607482 0.229236141 0.624522209
vn 0.632417321 -0.574676394 0.51941824
vn 0.848421752 -0.52178663 0.088990055
vn 0.410038829 -0.820459962 0.398388922
vn 0.5661816 -0.820177555 0.0821412206
vn 0.898904502 -0.121476024 -0.420968294
vn 0.828283131 -0.481534332 -0.286481857
vn 0.628415346 -0.654327571 0.420653939
vn 0.847609997 -0.490105718 0.203356087
vn 0.806829453 -0.213721037 0.550771832
vn 0.545099497 -0.513494074 0.662714481
vn 0.524393737 -0.320381671 0.788902283
vn 0.270477027 -0.422580242 0.865024924
vn 0.338439047 -0.715107858 0.611620605
vn -0 -0.500524104 0.865722597
vn -0 -0.720095158 0.693875313
vn 0.777368128 -0.345025957 0.52598089
vn 0.730306745 -0.568506658 0.378750771
vn 0.283031315 -0.452580988 0.845614374
vn 0.826018035 -0.0322458893 0.562720478
vn 0.763996363 -0.583723664 0.274911463
vn 0.631946146 -0.766547322 0.114232995
vn 0.414736897 -0.768841863 0.486698687
vn 0.5208534 -0.604423285 0.602813542
vn 0.663173974 -0.384742171 0.64200753
vn 0.637462914 -0.260080129 0.725258112
vn 0.665150702 0.140981004 0.733279526
vn 0.853210092 -0.124283306 0.506543338
vn 0.771106124 -0.234452501 0.591969192
vn 0.52640748 -0.269185573 0.80649513
vn 0.644219518 -0.568148851 0.512042999
vn 0.571821988 -0.158188283 0.804982007
vn 0.727042973 0.452813804 0.516108572
vn 0.0458843298 0.54356879 0.838109612
vn -0 -0.327574313 0.944825411
vn 0.791723251 -0.181825012 0.583192825
vn 0.782937586 -0.595073462 0.181373283
vn 0.625504911 -0.472430676 0.620929062
vn 0.70998615 -0.265749991 0.65214771
vn 0.513556659 -0.0415997617 0.857046664
vn 0.524793148 -0.150865883 0.837753952
vn 0.512048423 0.104537606 0.852571487
vn 0.71756351 0.0438013636 0.695114434
vn 0.405065507 -0.128817871 0.905167401
vn 0.494104832 0.38142699 0.781264305
vn 0.46957764 0.502634704 0.72584796
vn 0.321506381 0.536053777 0.780563831
vn -0 0.571859717 0.820351362
vn -0 0.275540978 0.961289346
vn -0 0.0652334541 0.997870088
vn -0 -0.194519669 0.980898678
vn 0.358293176 0.747041702 0.55995959
vn -0 0.749271333 0.662263095
vn 0.481197923 -0.209613517 0.851181984
vn 0.811605752 -0.327305704 0.483908027
vn -0 -0.54514873 0.838339329
vn 0.799102724 -0.203006849 0.565882504
vn -0 -0.337969184 0.941157162
vn 0.783034384 -0.0504391007 0.61992985
vn -0 0.830004871 0.557756066
vn 0.855160773 0.517429829 -0.0310869105
vn 0.842971027 0.528736413 -0.0991850421
vn -0 0.933837891 -0.357696503
vn -0 0.863672376 -0.504053533
vn -0 0.830004871 0.557756066
vn -0 0.998939455 -0.0460423939
vn 0.873093128 0.477657646 0.0977321714
vn -0 0.626636744 0.779311419
vn 0.545451045 0.354267716 0.759590387
vn -0 0.626636744 0.779311419
vn 0.0923582166 -0.925024927 0.368508875
vn -0.468260556 -0.865407169 0.178332835
vn -0.406366438 -0.898294985 -0.167129934
vn 0.367111027 -0.899054408 0.238601416
vn -0.215260431 -0.968989372 0.121335894
vn 0.399466634 -0.890218973 -0.218944192
vn 0.657469094 -0.727285266 -0.19695279
vn 0.763045728 -0.267736644 -0.588284194
vn 0.548167884 -0.382199943 -0.743932307
vn 0.784619153 -0.272970796 -0.556650579
vn 0.567246318 0.376647234 -0.732371807
vn -0.205746904 -0.970087528 -0.128834814
vn -0.215260431 -0.968989372 0.121335894
vn 0.639693797 -0.657021821 0.398891151
vn -0.16584903 0.759423733 -0.629102349
vn 0.980975151 -0.143866688 -0.130346462
vn -0.079043597 -0.904443026 0.419207394
vn -0.205746904 -0.970087528 -0.128834814
vn -0.163704515 0.829118013 -0.534569085
vn -0.0685716495 -0.655024946 0.752489388
vn 0.982738972 0.039430134 -0.180746496
vn 0.994087815 -0.0116249165 -0.107954755
vn -0.0129492264 0.245269999 0.969368339
vn 0.998797774 0.0476715267 -0.0114161512
vn 0.0149002578 -0.87414211 -0.485441536
vn -0.112531736 -0.589780509 -0.799684644
vn -0.125005901 -0.0373283289 -0.991453528
vn -0.0818765014 0.749527514 0.656890213
vn 0.994080603 0.0839659646 -0.0689447373
vn -0.117256068 0.919904649 0.37420091
vn 0.992529571 0.104978822 -0.062164817
vn 0.178692982 -0.983847439 0.0106322579
vn 0.0078710448 -0.973754525 -0.227464557
vn 0.212047935 -0.0418164469 0.976364195
vn -0.145830125 0.469604373 -0.870749831
vn -0.727310121 -0.0793300644 0.681708694
vn -0.850990713 -0.525169611 0.00340356678
vn -0.0396800004 -0.948591411 0.314006299
vn -0.992687225 0.0137277767 -0.119932406
vn -0.546939731 -0.007544755 0.837137997
vn 0.38726297 -0.676117599 0.626811326
vn -0.547062039 0.826427639 0.133194104
vn -0.659790158 0.745874047 0.0913720652
vn -0.00352766761 0.433509916 -0.901141942
vn 0.278656334 0.504476964 -0.817223132
vn -0.07049793 0.604246616 -0.793672562
vn 0.562417984 -0.580160975 -0.589151323
vn 0.535196543 -0.592615426 -0.601973057
vn -0.388064921 0.0375291817 0.920867562
vn 0.721849144 -0.0619766638 0.689269722
vn -0.233443722 0.0186379198 0.972191632
vn -0.191513628 0.0825508609 0.978012204
vn 0.736900985 0.338338375 0.585238576
vn -0.89669013 -0.347635329 0.274037272
vn -0.996046484 -0.0268554054 0.0846770257
vn -0.339388788 -0.310136586 -0.888048768
vn -0.263147324 -0.544470131 -0.79643321
vn 0.812293112 -0.0415406711 -0.581768215
vn 0.889603317 -0.267299742 -0.370346874
vn 0.85977304 0.103587627 -0.500059783
vn 0.423619837 0.349514186 0.835694909
vn -0.721889794 -0.532471299 0.441983461
vn -0.406276166 -0.91229248 0.0515948758
vn 0.305278331 0.500657141 0.810029447
vn -0.100075677 -0.621007621 -0.777389407
vn -0.406276166 -0.91229248 0.0515948758
vn 0.701306283 -0.617909074 0.355468541
vn -0.208592445 -0.00459885132 -0.977991879
vn -0.901967764 0.430481762 -0.0337572806
vn 0.728342354 0.151420832 -0.668273211
vn 0.701306283 -0.617909074 0.355468541
vn 0.562417984 -0.580160975 -0.589151323
vn 0.535196543 -0.592615426 -0.601973057
vn -0.07049793 0.604246616 -0.793672562
vn 0.409105808 -0.509467185 -0.757017672
vn 0.717501342 -0.507881999 -0.476705015
vn -0.577574193 0.744029224 -0.335899681
vn -0.840778172 0.528198421 0.118736736
vn 0.409105808 -0.509467185 -0.757017672
vn -0.144450694 -0.109512269 -0.983433247
vn -0.99914813 0.0380410515 0.0159959923
vn -0.774113715 -0.623867989 -0.107408933
vn -0.798756182 -0.594664037 0.0914507434
vn -0.538012326 -0.652899981 -0.533164322
vn -0.976331353 -0.110382028 -0.18599157
vn -0.205746904 -0.970087528 -0.128834814
vn -0.851439714 0.469622463 -0.233463466
vn -0.16584903 0.759423733 -0.629102349
vn -0.978072405 -0.0950055569 0.185332865
vn -0.079043597 -0.904443026 0.419207394
vn -0.205746904 -0.970087528 -0.128834814
vn -0.163704515 0.829118013 -0.534569085
vn -0.0685716495 -0.655024946 0.752489388
vn -0.999618292 -0.00134606357 0.0275929924
vn -0.984153569 -0.170212105 0.0496955812
vn -0.0129492264 0.245269999 0.969368339
vn -0.93998611 -0.224846154 0.256652296
vn -0.112531736 -0.589780509 -0.799684644
vn -0.125005901 -0.0373283289 -0.991453528
vn 0.0149002578 -0.87414211 -0.485441536
vn -0.0818765014 0.749527514 0.656890213
vn -0.944787025 -0.139341891 0.296582788
vn -0.924194217 -0.204754874 0.322397918
vn -0.117256068 0.919904649 0.37420091
vn 0.0078710448 -0.973754525 -0.227464557
vn 0.178692982 -0.983847439 0.0106322579
vn 0.212047935 -0.0418164469 0.976364195
vn -0.145830125 0.469604373 -0.870749831
vn -0.314442873 0.512978494 -0.798735738
vn -0.0599199757 0.888837278 -0.454288334
vn -0.467563272 0.00540186604 -0.883943021
vn -0 0.669343233 -0.742953241
vn 0.728342354 0.151420832 -0.668273211
vn -0.406276166 -0.91229248 0.0515948758
vn 0.701306283 -0.617909074 0.355468541
vn 0.85977304 0.103587627 -0.500059783
vn 0.812293112 -0.0415406711 -0.581768215
vn 0.889603317 -0.267299742 -0.370346874
vn 0.717501342 -0.507881999 -0.476705015
vn 0.717501342 -0.507881999 -0.476705015
vn 0.717501342 -0.507881999 -0.476705015
vn -0.634070933 -0.0707280561 -0.770033538
vn 0.294535398 0.573078156 -0.764742017
vn -0.498496234 0.761601567 -0.414082766
vn -0.704615891 0.000145522426 -0.709588885
vn -0.437781334 0.858601093 -0.266742885
vn -0.836853683 0.024186302 -0.546892166
vn -0.444424778 0.890481591 -0.0976177603
vn -0.904215813 -0.0630799308 -0.422391683
vn -0.513741493 0.853892624 -0.0832891911
vn 0.0964662135 0.958246648 0.269179493
vn 0.182083622 0.947058022 0.264436662
vn 0.71475774 0.146994174 0.683749974
vn 0.80303061 0.14326632 0.578460574
vn 0.249694943 0.911736369 0.326173693
vn 0.86032939 0.137323707 0.490892589
vn 0.533828735 -0.821686625 0.199644566
vn 0.510297596 -0.837844431 0.193940878
vn 0.596112609 -0.787652194 0.155735716
vn 0.906873703 0.167035624 0.386883825
vn 0.304689735 0.892247617 0.333254278
vn 0.443553597 -0.860680342 0.249979168
vn -0.266743779 -0.913589418 -0.306923568
vn -0.197432443 -0.883860171 -0.424042016
vn -0.836853683 0.024186302 -0.546892166
vn -0.704615891 0.000145522426 -0.709588885
vn -0.904215813 -0.0630799308 -0.422391683
vn -0.283028007 -0.93104142 -0.230340749
vn -0.191894829 0.125466332 -0.973362446
vn 0.480012447 -0.608980894 -0.631450832
vn -0.214698032 -0.879173934 -0.425391704
vn -0.634070933 -0.0707280561 -0.770033538
vn 0.317503631 -0.819940746 -0.476328224
vn 0.334216833 -0.272634119 -0.902202725
vn 0.58819592 -0.805143952 0.0759517625
vn 0.793569088 -0.493029654 0.356608868
vn 0.800275087 0.104011968 0.59054333
vn 0.856244206 -0.134840474 0.498662204
vn 0.702473104 -0.670516849 0.238618255
vn 0.699717224 -0.711257517 -0.0671458021
vn 0.317503631 -0.819940746 -0.476328224
vn 0.835731804 -0.292416245 -0.464806467
vn 0.334216833 -0.272634119 -0.902202725
vn 0.258598536 -0.859292626 -0.441296875
vn 0.469549984 -0.137002453 -0.872211635
vn 0.381220549 0.11975877 -0.916694462
vn 0.302130401 -0.722408891 -0.62196672
vn 0.230533779 -0.770786524 -0.593921006
vn 0.372590274 0.1748631 -0.911372304
vn 0.0341962799 -0.616229951 -0.786823511
vn 0.217212841 0.085939914 -0.972333729
vn -0.613258541 -0.789710462 0.0164685007
vn -0.238802418 -0.914977133 0.325254261
vn -0.055239141 -0.973234594 0.223076299
vn -0.127667487 -0.934714675 0.331676841
vn -0.520966887 0.0300609507 0.853047431
vn -0.471594185 0.0209046509 0.881567895
vn -0.239688545 0.904679954 0.352283388
vn -0.293538749 0.895959616 0.333303809
vn -0.415482789 -0.0524417609 0.908088088
vn -0.415482789 -0.0524417609 0.908088088
vn -0.415482789 -0.0524417609 0.908088088
vn -0.613258541 -0.789710462 0.0164685007
vn -0.998304725 0.0511621311 -0.0277494024
vn -0.775351226 0.608320773 0.169635594
vn 0.151836842 0.900557041 -0.407360315
vn 0.100789681 0.877536714 -0.468797028
vn 0.381220549 0.11975877 -0.916694462
vn 0.372590274 0.1748631 -0.911372304
vn 0.469549984 -0.137002453 -0.872211635
vn 0.200966686 0.837618172 -0.507945061
vn -0.245669529 0.659873784 -0.710079551
vn 0.217212841 0.085939914 -0.972333729
vn -0.2451493 0.905589223 0.346135587
vn -0.415482789 -0.0524417609 0.908088088
vn 0.474761516 0.648450255 0.595074594
vn 0.531016827 0.840866029 0.104716748
vn 0.625010908 0.605288446 0.492937416
vn 0.359386891 0.931246817 -0.0601696149
vn 0.78856045 0.426425368 -0.443095893
vn 0.835731804 -0.292416245 -0.464806467
vn 0.835731804 -0.292416245 -0.464806467
vn 0.334216833 -0.272634119 -0.902202725
vn 0.856244206 -0.134840474 0.498662204
vn 0.856244206 -0.134840474 0.498662204
vn 0.78856045 0.426425368 -0.443095893
vn 0.294535398 0.573078156 -0.764742017
vn 0.249989539 0.216614425 -0.943707228
vn -0.170886189 0.925372601 -0.338354141
vn 0.645880759 0.345119745 -0.680977523
vn -0.0104507189 0.976080418 -0.217158213
vn -0.0972067863 0.93742305 -0.3343485
vn -0.493611664 0.661846161 0.564187229
vn -0.01183182 0.950981736 0.309020668
vn 0.369715929 0.200493708 -0.907255411
vn -0.0390774012 0.704562306 -0.708565414
vn 0.722446084 0.169202626 -0.670404434
vn -0.308646739 0.827888966 0.468334407
vn -0.330156863 -0.234871507 0.914238393
vn -0.203591779 -0.122963689 0.971303463
vn -0.462358803 0.574590385 0.675329685
vn -0.366787523 -0.203767478 0.907714605
vn 0.313373774 -0.0702397898 0.947028637
vn -0.407227427 0.83837682 0.362339944
vn -0.430729598 0.90052402 -0.0594013594
vn -0.36472109 0.883706808 -0.293327153
vn 0.398960441 0.230207473 -0.88760072
vn 0.130858883 0.12315879 -0.983721435
vn -0.01183182 0.950981736 0.309020668
vn -0.531054735 -0.2962161 0.793874621
vn 0.588031054 -0.808716595 0.0140344063
vn 0.0756992176 -0.859514594 0.505474448
vn -0.203591779 -0.122963689 0.971303463
vn 0.150621414 -0.940407276 0.304872721
vn 0.0413750187 -0.885920942 0.461987317
vn 0.427891135 -0.847626626 -0.313748777
vn 0.253059 -0.930515885 -0.264766544
vn 0.507188618 -0.669035435 -0.543278277
vn 0.277013391 -0.775008261 -0.568001628
vn 0.722446084 0.169202626 -0.670404434
vn 0.398960441 0.230207473 -0.88760072
vn 0.369715929 0.200493708 -0.907255411
vn 0.722446084 0.169202626 -0.670404434
vn 0.397304267 -0.906528831 0.142670676
vn 0.361717135 -0.859297752 -0.361618578
vn 0.313373774 -0.0702397898 0.947028637
vn 0.645880759 0.345119745 -0.680977523
vn 0.249989539 0.216614425 -0.943707228
vn 0.507188618 -0.669035435 -0.543278277
vn 0.398960441 0.230207473 -0.88760072
vn 0.130858883 0.12315879 -0.983721435
vn 0.588031054 -0.808716595 0.0140344063
vn 0.758719206 -0.647247493 -0.0735931844
vn -0.820874751 -0.36057049 0.442892164
vn 0.726914406 -0.658135116 0.196096256
vn 0.124948867 0.981209576 0.147022322
vn 0.109938972 0.914847255 0.388545901
vn -0.00698804716 -0.0881688446 0.996081054
vn 0.934366226 0.257329494 -0.246457741
vn -0.338543564 0.906994224 -0.250499099
vn 0.855785668 0.231892288 -0.462446719
vn -0.0100581795 0.999095082 0.0413269252
vn -0.261092424 0.93134886 -0.253811181
vn 0.931784391 0.274302721 -0.237772942
vn -0.118815146 0.960039496 -0.253391355
vn 0.926058948 0.32458961 -0.192500427
vn 0.107892126 -0.0221625939 -0.993915498
vn -0.967680693 0.208245158 -0.142225608
vn -0.947670937 0.313255548 0.0615691356
vn -0.960985184 -0.261807054 0.0892439261
vn -0.941072464 -0.14635542 0.304897845
vn -0.605648994 -0.755006254 0.251306266
vn -0.668514609 -0.740196705 0.0720911771
vn -0.822983325 0.519242406 0.230403617
vn -0.797837675 -0.590134919 -0.123271517
vn -0.912302494 0.318359047 -0.257588178
vn -0.751168013 -0.608730912 -0.255329728
vn 0.107892126 -0.0221625939 -0.993915498
vn -0.52101779 -0.747871578 0.411373824
vn -0.867225647 -0.180480912 0.464054137
vn 0.240144819 -0.942989349 0.230437919
vn -0.822157264 -0.17587778 0.541409612
vn -0.780326962 0.52437824 0.340759873
vn -0.235040963 0.961514592 0.142286345
vn -0.580843985 0.736568093 0.346536994
vn -0.776153803 -0.199910596 0.598014355
vn 0.0279153027 -0.949143946 0.313602328
vn 0.240144819 -0.942989349 0.230437919
vn -0.0866864324 0.9751212 0.204019576
vn -0.0100581795 0.999095082 0.0413269252
vn 0.28666392 -0.935468733 -0.206693038
vn 0.416266471 -0.882410705 -0.219257087
vn 0.931784391 0.274302721 -0.237772942
vn 0.926058948 0.32458961 -0.192500427
vn 0.855785668 0.231892288 -0.462446719
vn 0.225070789 -0.950455189 -0.214425147
vn 0.934366226 0.257329494 -0.246457741
vn 0.366361052 -0.927834153 0.0700238496
vn 0.107892126 -0.0221625939 -0.993915498
vn 0.666485012 -0.7081545 -0.233055621
vn 0.361717135 -0.859297752 -0.361618578
vn 0.709698558 0.149566635 -0.688445807
vn 0.130858883 0.12315879 -0.983721435
vn 0.934728026 0.239487395 -0.262543887
vn 0.240144819 -0.942989349 0.230437919
vn 0.397304267 -0.906528831 0.142670676
vn 0.153364703 -0.904887438 0.397061646
vn -0.661088765 -0.273050338 0.69885993
vn 0.313373774 -0.0702397898 0.947028637
vn -0.405573517 0.71152544 0.573795855
vn -0.407227427 0.83837682 0.362339944
vn -0.058314994 0.988475084 -0.139700532
vn 0.709698558 0.149566635 -0.688445807
vn 0.934728026 0.239487395 -0.262543887
vn -0.0866864324 0.9751212 0.204019576
vn 0.967097461 0.222928062 0.12257883
vn -0.0100581795 0.999095082 0.0413269252
vn -0.36472109 0.883706808 -0.293327153
vn 0.130858883 0.12315879 -0.983721435
vn 0.669338763 0.120839886 0.733064353
vn 0.313373774 -0.0702397898 0.947028637
vn 0.922279477 0.269069523 -0.277492613
vn 0.934366226 0.257329494 -0.246457741
vn -0.0866864324 0.9751212 0.204019576
vn -0.405573517 0.71152544 0.573795855
vn 0.669338763 0.120839886 0.733064353
vn 0.362616837 -0.8908602 0.273636937
vn 0.967097461 0.222928062 0.12257883
vn 0.366361052 -0.927834153 0.0700238496
vn 0.934366226 0.257329494 -0.246457741
vn 0.362616837 -0.8908602 0.273636937
vn 0.366361052 -0.927834153 0.0700238496
vn 0.225070789 -0.950455189 -0.214425147
vn 0.722446084 0.169202626 -0.670404434
vn 0.398960441 0.230207473 -0.88760072
vn -0.0104507189 0.976080418 -0.217158213
vn -0.191894829 0.125466332 -0.973362446
vn -0.0129802637 0.939661384 -0.34185946
vn 0.249989539 0.216614425 -0.943707228
vn 0.559696972 0.828694642 0.00212366926
vn -0.01183182 0.950981736 0.309020668
vn 0.507188618 -0.669035435 -0.543278277
vn 0.480012447 -0.608980894 -0.631450832
vn 0.890814424 -0.367861837 -0.266697079
vn 0.588031054 -0.808716595 0.0140344063
vn 0.836862683 0.35882774 -0.413404644
vn 0.124948867 0.981209576 0.147022322
vn 0.758719206 -0.647247493 -0.0735931844
vn 0.726914406 -0.658135116 0.196096256
vn 0.109938972 0.914847255 0.388545901
vn -0.00698804716 -0.0881688446 0.996081054
vn 0.588031054 -0.808716595 0.0140344063
vn -0 -0.270182371 0.962809205
vn -0 -0.653941095 0.756545484
vn -0.638334095 -0.32005164 0.700068951
vn -0 -0.184176937 0.982893169
vn -0.885450363 0.314546078 0.342108816
vn -0 0.820287764 0.571950912
vn -0.815922439 -0.569769502 0.0981491432
vn -0.812118709 -0.529777586 0.244537964
vn -0 -0.974882782 0.222718716
vn -0 -0.999949813 0.0100268163
vn -0.523392081 -0.713675082 0.465541273
vn -0 -0.851248443 0.524762928
vn -0.857163966 0.433098018 0.278739899
vn -0.800500095 -0.458709955 0.385726303
vn -0.842285216 0.486204624 0.232724577
vn -0 0.944322765 0.32902047
vn -0 0.985042572 0.172311231
vn -0 0.279629767 0.960107923
vn -0 0.820287764 0.571950912
vn -0 0.279629767 0.960107923
vn -0 -0.896348536 0.443349987
vn -0 0.279629767 0.960107923
vn -0 -0.327574313 0.944825411
vn 0.842285216 0.486204624 0.232724592
vn 0.857163966 0.433098018 0.278739959
vn 0.800500035 -0.458709925 0.385726333
vn 0.812118709 -0.529777586 0.244537964
vn 0.885450363 0.314546078 0.342108816
vn -0 -0.184176937 0.982893169
vn 0.638334095 -0.32005164 0.700068951
vn 0.815922439 -0.569769502 0.0981491581
vn -0 -0.974882782 0.222718716
vn -0 -0.999949813 0.0100268163
vn 0.523392081 -0.713675082 0.465541244
vn -0 -0.851248443 0.524762928
vn -0 -0.896348536 0.443349987
vn -0 0.279629767 0.960107923
vn -0 -0.270182371 0.962809205
vn -0 -0.653941095 0.756545484
vn -0 -0.327574313 0.944825411
vn -0 -0.653941095 0.756545484
vn 0.492737472 -0.618621945 0.611977696
vn -0 -0.94757098 0.319545418
vn 0.81339252 -0.514917374 0.270652562
vn -0 -0.855665028 0.517530024
vn 0.811142981 -0.42735076 0.399272174
vn 0.888571858 0.401396662 0.222082943
vn 0.856975794 0.501558483 0.118454911
vn 0.800824046 -0.315202624 0.509242654
vn 0.851530492 0.520032585 0.0667983443
vn -0 0.999929309 -0.011894675
vn -0 0.986209452 -0.165501893
vn -0 0.5505234 0.834819674
vn -0 0.96647191 0.25677228
vn -0 0.5505234 0.834819674
vn -0 -0.712840497 0.701326191
vn 0.586851835 -0.128230929 0.799475908
vn -0 0.136323765 0.990664363
vn -0 0.96647191 0.25677228
vn -0.888571858 0.401396602 0.222082898
vn -0 0.136323765 0.990664363
vn -0.586851835 -0.128230929 0.799475908
vn -0.81339252 -0.514917374 0.270652562
vn -0.811142981 -0.42735076 0.399272174
vn -0 -0.855665028 0.517530024
vn -0 -0.94757098 0.319545418
vn -0.492737472 -0.618621945 0.611977696
vn -0 -0.653941095 0.756545484
vn -0.856975794 0.501558483 0.118454918
vn -0.800824046 -0.315202653 0.509242654
vn -0.851530492 0.520032585 0.0667983294
vn -0 0.999929309 -0.011894675
vn -0 0.986209452 -0.165501893
vn -0 0.5505234 0.834819674
vn -0 0.96647191 0.25677228
vn -0 -0.712840497 0.701326191
vn -0 -0.712840497 0.701326191
vn -0 0.5505234 0.834819674
vn -0.850990713 -0.525169611 0.00340356678
vn -0.343234688 -0.930671871 -0.126648411
vn 0.409105808 -0.509467185 -0.757017672
vn -0.11918477 -0.930022836 -0.347638577
vn -0.538012326 -0.652899981 -0.533164322
vn -0.406366438 -0.898294985 -0.167129934
vn -0.468260556 -0.865407169 0.178332835
vn -0.215260431 -0.968989372 0.121335894
vn -0.406366438 -0.898294985 -0.167129934
vn -0.215260431 -0.968989372 0.121335894
vn -0.0599199757 0.888837278 -0.454288334
vn -0.314442873 0.512978494 -0.798735738
vn 0.15277496 0.0317448899 -0.987751007
vn 0.107892126 -0.0221625939 -0.993915498
vn 0.107892126 -0.0221625939 -0.993915498
vn 0.480012447 -0.608980894 -0.631450832
vn 0.890814424 -0.367861837 -0.266697079
vn 0.836862683 0.35882774 -0.413404644
vn 0.559696972 0.828694642 0.00212366926
vn -0.0129802637 0.939661384 -0.34185946
vn -0.191894829 0.125466332 -0.973362446
vn -0.0129802637 0.939661384 -0.34185946
vn -0.112889044 -0.982233286 0.149912611
vn 0.433614045 -0.793967187 -0.426139653
vn 0.0184405614 -0.835539281 -0.549121141
vn 0.550406516 -0.677390277 -0.488052428
vn 0.835731804 -0.292416245 -0.464806467
vn 0.856244206 -0.134840474 0.498662204
vn 0.856244206 -0.134840474 0.498662204
vn -0.573552787 0.0588997826 -0.817048371
vn 0.244327739 0.500870407 -0.830320954
vn -0.171726465 0.81584239 -0.552187741
vn -0.649367929 0.208527893 -0.731325865
vn -0.0270833503 0.954605818 -0.296638191
vn -0.766407073 0.343453765 -0.542825758
vn 0.00234333659 0.98524785 -0.171117261
vn -0.798227429 0.416460574 -0.435193628
vn -0.0215078127 0.994062841 -0.106660262
vn 0.386496007 0.892022789 0.234342247
vn 0.584297359 0.773951709 0.244121596
vn 0.421557367 -0.048953902 0.905479372
vn 0.765503645 -0.307519585 0.56518656
vn 0.615333915 0.743889749 0.260753304
vn 0.600465059 0.767457366 0.224612847
vn 0.790298283 -0.336142451 0.512285888
vn 0.765503645 -0.307519585 0.56518656
vn 0.598554015 -0.207517594 0.773737311
vn 0.678490579 0.732687354 -0.0531004481
vn 0.769419491 0.413813174 0.486572117
vn 0.786959171 0.578823864 0.213677421
vn 0.767081678 0.457397312 0.449859381
vn 0.188550413 0.9453004 0.266187638
vn -0.313542873 0.362557054 0.877635002
vn 0.168807805 0.94981724 0.263346374
vn -0.371712238 0.417206824 0.829318106
vn 0.200904086 0.930800855 0.3053644
vn -0.39236486 0.308954656 0.866369963
vn -0.575391293 -0.675306976 0.461394966
vn -0.569087148 -0.69854039 0.433798581
vn -0.43954581 -0.820590258 0.365282118
vn -0.639738023 0.269274503 0.719879568
vn -0.922572017 -0.352484047 0.156894371
vn -0.031489972 0.986243904 0.162268966
vn -0.140021637 -0.919035435 -0.368466914
vn -0.599608302 -0.235549703 -0.764843941
vn 0.543742001 0.66428858 -0.512898803
vn -0.134499758 -0.859788239 -0.492619723
vn 0.363440245 -0.344345331 -0.865642846
vn 0.322290629 -0.30349642 -0.896670878
vn -0.15254046 -0.925807536 -0.345849454
vn 0.337201357 -0.406090468 -0.849344254
vn -0.599608302 -0.235549703 -0.764843941
vn 0.104371168 0.0745098293 -0.991743386
vn 0.305084318 -0.902165651 -0.304992944
vn 0.479107857 -0.4104155 -0.775896132
vn 0.277477026 -0.958720624 0.062138442
vn 0.187444732 -0.982102275 0.0184262656
vn -0.0429350063 -0.841568887 -0.538440764
vn 0.479107857 -0.4104155 -0.775896132
vn -0.077351585 -0.251571417 -0.96474272
vn -0.573552787 0.0588997826 -0.817048371
vn -0.55270046 -0.672525287 -0.492170483
vn -0.649367929 0.208527893 -0.731325865
vn -0.601624191 -0.712289333 -0.361513972
vn -0.766407073 0.343453765 -0.542825758
vn -0.691107035 -0.664000988 -0.285436124
vn -0.798227429 0.416460574 -0.435193628
vn -0.763767123 -0.600382984 -0.237065405
vn 0.00800098758 0.315944701 -0.94874382
vn -0.125576317 -0.846059918 -0.518086016
vn -0.184214696 -0.954109728 0.23609218
vn -0.0401363112 -0.986170769 0.160798714
vn 0.421557367 -0.048953902 0.905479372
vn -0.104649223 -0.985182822 0.135880351
vn 0.765503645 -0.307519585 0.56518656
vn 0.421557367 -0.048953902 0.905479372
vn -0.0570318699 -0.98710686 0.14955765
vn 0.765503645 -0.307519585 0.56518656
vn 0.598554015 -0.207517594 0.773737311
vn -0.125576317 -0.846059918 -0.518086016
vn 0.309701651 -0.950799704 -0.00804571249
vn 0.949421048 -0.303472877 0.0806467533
vn 0.247864142 -0.763269961 0.596642554
vn 0.567958355 -0.137027726 0.811570525
vn 0.468357325 -0.7279194 0.500774205
vn 0.599640906 -0.0804738626 0.796212792
vn 0.311335057 -0.00416233577 -0.950291097
vn 0.486975521 0.652380049 -0.580736756
vn 0.646335542 -0.0885992125 -0.757892132
vn 0.381062418 0.822825909 -0.421602815
vn 0.581620216 0.600286484 -0.548975527
vn 0.358027756 0.92692703 0.112349391
vn -0.0428145491 0.92207849 0.384627432
vn -0.375347197 0.113729805 0.91988045
vn -0.326071978 0.17340441 0.929305136
vn 0.215024576 0.958775282 -0.185780272
vn 0.217530876 -0.129677266 -0.96740067
vn -0.394989103 0.216008872 0.892929912
vn 0.780475736 -0.138691276 0.609608293
vn 0.354056776 0.925942123 0.131434381
vn 0.271328181 0.884051025 -0.380571574
vn 0.652543724 0.719490826 -0.237738803
vn 0.666123271 0.741902113 -0.0765575245
vn 0.268787026 -0.0604918599 -0.961298168
vn 0.0831026286 0.0757178292 -0.993660271
vn -0.584927559 0.196560398 0.786907732
vn -0.00539150275 -0.993013084 0.11788103
vn 0.16896899 -0.985229194 -0.0278004371
vn -0.737024426 0.338756889 0.584840834
vn 0.175039738 -0.970955968 0.163111806
vn 0.234454662 -0.0172695648 0.971973658
vn 0.217530876 -0.129677266 -0.96740067
vn 0.399430633 -0.181738302 -0.898569107
vn 0.268787026 -0.0604918599 -0.961298168
vn -0.737024426 0.338756889 0.584840834
vn 0.802149951 0.596859336 0.0177289359
vn 0.234454662 -0.0172695648 0.971973658
vn -0.382887691 -0.851434886 0.35840714
vn -0.326071978 0.17340441 0.929305136
vn -0.419496775 -0.761411428 0.494241953
vn -0.394989103 0.216008872 0.892929912
vn -0.487898409 -0.747770131 0.450327665
vn -0.267850667 -0.883151114 -0.385097593
vn 0.141771883 -0.921957195 -0.360410482
vn -0.267850667 -0.883151114 -0.385097593
vn 0.399430633 -0.181738302 -0.898569107
vn 0.268787026 -0.0604918599 -0.961298168
vn -0.371031284 -0.87890929 -0.299757212
vn -0.112910025 -0.992985785 0.0350776725
vn 0.780475736 -0.138691276 0.609608293
vn 0.268787026 -0.0604918599 -0.961298168
vn 0.0831026286 0.0757178292 -0.993660271
vn 0.217530876 -0.129677266 -0.96740067
vn 0.295162737 -0.611218095 -0.734364688
vn 0.217530876 -0.129677266 -0.96740067
vn 0.646335542 -0.0885992125 -0.757892132
vn 0.311335057 -0.00416233577 -0.950291097
vn -0.0675430074 -0.840454042 -0.537656903
vn -0.00539150275 -0.993013084 0.11788103
vn -0.382887691 -0.851434886 0.35840714
vn 0.479107857 -0.4104155 -0.775896132
vn 0.725083888 0.418265402 -0.547089934
vn 0.337201357 -0.406090468 -0.849344254
vn 0.322290629 -0.30349642 -0.896670878
vn 0.523655951 0.654239774 -0.545669079
vn 0.555117488 0.596052706 -0.580142856
vn 0.363440245 -0.344345331 -0.865642846
vn 0.106282271 0.669397354 -0.735262752
vn 0.104371168 0.0745098293 -0.991743386
vn 0.725083888 0.418265402 -0.547089934
vn -0.73867923 0.55420351 -0.383681625
vn -0.73867923 0.55420351 -0.383681625
vn -0.947137654 0.239705533 -0.213240713
vn 0.479107857 -0.4104155 -0.775896132
vn -0.077351585 -0.251571417 -0.96474272
vn 0.972567677 -0.108110107 -0.205971435
vn 0.00759649137 0.980499566 -0.196374446
vn 0.900904834 -0.0968767181 -0.423066705
vn 0.19512704 0.976878703 0.0873690769
vn 0.0392792486 0.966275632 -0.254496604
vn 0.961120546 -0.0956589803 -0.25903064
vn 0.108911499 0.953112066 -0.282339692
vn 0.984305739 -0.10088376 -0.144791827
vn 0.111463837 -0.0399495363 -0.992965221
vn -0.862977505 0.491476983 -0.11713317
vn -0.764455318 0.642125607 0.0572954379
vn -0.992444694 0.0994821489 0.0718107373
vn -0.946742475 0.12885718 0.29508397
vn -0.838995695 -0.493313074 0.2296267
vn -0.90421474 -0.423699886 0.0536113679
vn -0.646160543 0.717309535 0.260659963
vn -0.973166287 -0.205906302 -0.102712803
vn -0.822700143 0.522338212 -0.224337339
vn -0.968454123 -0.149552941 -0.199325338
vn 0.111463837 -0.0399495363 -0.992965221
vn -0.771917641 -0.537145734 0.340025842
vn -0.864439547 0.125142217 0.48691237
vn -0.797488213 0.178282022 0.576392293
vn -0.215832055 -0.964805901 0.150220573
vn -0.540233314 0.725815892 0.425839454
vn 0.195054278 0.948284686 0.250419497
vn -0.418757766 -0.87410599 0.246131629
vn -0.767815828 0.195359662 0.610158622
vn -0.016179258 0.939019024 0.343484402
vn -0.121589586 -0.96775806 -0.220590875
vn 0.198001251 0.935377657 0.293025851
vn 0.19512704 0.976878703 0.0873690769
vn -0.163455367 -0.963936269 -0.210021719
vn 0.961120546 -0.0956589803 -0.25903064
vn 0.984305739 -0.10088376 -0.144791827
vn 0.900904834 -0.0968767181 -0.423066705
vn -0.233026296 -0.949701846 -0.209201396
vn -0.118705347 -0.992637396 0.0240826216
vn 0.972567677 -0.108110107 -0.205971435
vn 0.111463837 -0.0399495363 -0.992965221
vn -0.233026296 -0.949701846 -0.209201396
vn -0.118705347 -0.992637396 0.0240826216
vn -0.0458336584 -0.986388505 0.157914281
vn 0.950244665 -0.0934043378 -0.297171265
vn -0.0458336584 -0.986388505 0.157914281
vn 0.992545664 -0.115641706 -0.0384716056
vn 0.972567677 -0.108110107 -0.205971435
vn 0.157213241 -0.942982674 -0.29337275
vn 0.710951507 -0.0914934948 -0.697263837
vn 0.0831026286 0.0757178292 -0.993660271
vn -0.371031284 -0.87890929 -0.299757212
vn -0.112910025 -0.992985785 0.0350776725
vn -0.240149021 -0.936689913 0.254834265
vn -0.723313928 0.207262367 0.658679962
vn 0.522587299 -0.164101049 0.836644113
vn 0.281726927 0.914577603 0.290133893
vn 0.780475736 -0.138691276 0.609608293
vn 0.522587299 -0.164101049 0.836644113
vn 0.354056776 0.925942123 0.131434381
vn 0.52418834 0.841441274 -0.13116087
vn 0.710951507 -0.0914934948 -0.697263837
vn 0.950244665 -0.0934043378 -0.297171265
vn 0.198001251 0.935377657 0.293025851
vn 0.992545664 -0.115641706 -0.0384716056
vn 0.19512704 0.976878703 0.0873690769
vn 0.972567677 -0.108110107 -0.205971435
vn 0.271328181 0.884051025 -0.380571574
vn 0.0831026286 0.0757178292 -0.993660271
vn 0.780475736 -0.138691276 0.609608293
vn 0.522587299 -0.164101049 0.836644113
vn 0.381062418 0.822825909 -0.421602815
vn 0.00800098758 0.315944701 -0.94874382
vn 0.550217986 0.747244656 -0.372673631
vn 0.311335057 -0.00416233577 -0.950291097
vn 0.652543724 0.719490826 -0.237738803
vn 0.886998117 0.461451799 0.0172231626
vn -0.0675430074 -0.840454042 -0.537656903
vn -0.125576317 -0.846059918 -0.518086016
vn 0.949421048 -0.303472877 0.0806467533
vn -0.00539150275 -0.993013084 0.11788103
vn 0.16896899 -0.985229194 -0.0278004371
vn 0.309701651 -0.950799704 -0.00804571249
vn -0.125576317 -0.846059918 -0.518086016
vn -0.00539150275 -0.993013084 0.11788103
vn 0.666123271 0.741902113 -0.0765575245
vn 0.802149951 0.596859336 0.0177289359
vn 0.175039738 -0.970955968 0.163111806
vn 0.234454662 -0.0172695648 0.971973658
vn 0.652543724 0.719490826 -0.237738803
vn 0.19512704 0.976878703 0.0873690769
vn 0.886998117 0.461451799 0.0172231626
vn 0.949421048 -0.303472877 0.0806467533
vn 0.550217986 0.747244656 -0.372673631
vn 0.00800098758 0.315944701 -0.94874382
vn 0.550217986 0.747244656 -0.372673631
vn 0.410382807 0.414210647 -0.812413335
vn -0.556976557 0.395253837 -0.7304461
vn -0.269207984 0.012030418 -0.963006914
vn 0.322913945 0.830462575 -0.453936726
vn 0.256871074 -0.489104927 -0.833542883
vn -0.450318575 0.555445969 -0.699065745
vn 0.534365594 0.799563825 -0.274136901
vn -0.4336586 0.67408669 -0.597952545
vn 0.549232423 0.812528431 -0.195297927
vn -0.458553672 0.723970175 -0.5153597
vn 0.555518746 0.818441808 -0.146805644
vn 0.792790353 0.530830264 0.299504071
vn 0.91514802 0.325142443 0.23829931
vn 0.244981498 -0.293942004 0.923895061
vn 0.468507677 -0.658759892 0.588672936
vn 0.940240622 0.238579944 0.242954999
vn 0.50350529 -0.699078321 0.507712483
vn 0.92781961 0.30111599 0.220181987
vn 0.440989345 -0.536895573 0.719215989
vn 0.934693515 0.343235463 -0.0923977494
vn 0.924386621 -0.0183366686 0.381015837
vn 0.97245568 0.232903793 0.00925560668
vn 0.925871909 0.0752006918 0.37027818
vn 0.578285038 0.79251343 0.193671957
vn -0.074967429 0.468211234 0.880430579
vn 0.512702525 0.819038272 0.257512152
vn 0.772540867 0.423785597 -0.47284919
vn 0.818407476 0.0785364881 -0.569246233
vn 0.668132603 0.377336234 -0.641261339
vn 0.142628148 -0.413217783 -0.89939332
vn 0.179262131 -0.536285639 -0.824780464
vn 0.697463334 0.326111466 -0.63811928
vn 0.295691878 -0.418038726 -0.858958602
vn 0.464726269 0.344624907 -0.815636694
vn 0.0545269102 -0.462384939 -0.885001123
vn 0.44919458 0.843291461 0.295099407
vn -0.21587415 0.499180526 0.839176476
vn -0.148666695 0.507121325 0.848955929
vn -0.694437742 -0.362845272 0.621369004
vn -0.792562485 -0.391401172 0.467600077
vn -0.074967429 0.468211234 0.880430579
vn -0.822708249 -0.447759062 0.350232601
vn -0.684229612 0.542996287 0.486810803
vn -0.0652201995 0.973726809 -0.218179598
vn -0.450195432 -0.847113132 -0.28235358
vn -0.383318782 -0.881979287 -0.274188489
vn 0.179262131 -0.536285639 -0.824780464
vn 0.142628148 -0.413217783 -0.89939332
vn -0.496669829 -0.755910516 -0.426518798
vn -0.472920746 -0.803885341 -0.360713601
vn 0.295691878 -0.418038726 -0.858958602
vn 0.0545269102 -0.462384939 -0.885001123
vn -0.686031401 -0.588361382 0.428009212
vn -0.074967429 0.468211234 0.880430579
vn -0.149786711 -0.921924412 -0.357238561
vn 0.256871074 -0.489104927 -0.833542883
vn -0.569215 -0.603414476 -0.558466792
vn -0.475871265 -0.878584146 -0.0404544026
vn -0.900372624 -0.194074899 -0.389440536
vn -0.556976557 0.395253837 -0.7304461
vn -0.269207984 0.012030418 -0.963006914
vn 0.256871074 -0.489104927 -0.833542883
vn -0.450318575 0.555445969 -0.699065745
vn -0.891113818 -0.216209188 -0.398960739
vn -0.4336586 0.67408669 -0.597952545
vn -0.925656378 -0.14806135 -0.348192841
vn -0.458553672 0.723970175 -0.5153597
vn -0.94798708 -0.156643465 -0.277097881
vn 0.238798305 0.0625296384 -0.969053864
vn -0.516209722 -0.607200027 -0.604016244
vn -0.783825219 -0.599229872 0.162916005
vn -0.653756738 -0.753166854 0.0730879828
vn 0.244981498 -0.293942004 0.923895061
vn 0.468507677 -0.658759892 0.588672936
vn -0.62409997 -0.769645929 0.134701148
vn -0.57851392 -0.796429038 0.176131994
vn 0.440989345 -0.536895573 0.719215989
vn -0.117941424 -0.989971519 -0.0777572393
vn -0.245694235 -0.907924414 0.339569509
vn 0.303785294 -0.490364313 0.816858172
vn -0.168544203 -0.98557359 0.0154166929
vn 0.150507078 -0.977334678 0.148877412
vn 0.466043562 -0.636492491 0.614557445
vn 0.303785294 -0.490364313 0.816858172
vn 0.303785294 -0.490364313 0.816858172
vn 0.323282599 -0.274982482 -0.905468404
vn 0.876459956 0.289904684 -0.384412676
vn 0.776081264 0.581046641 -0.245117784
vn 0.236520886 -0.0584846176 -0.969864607
vn 0.688137829 0.687884331 -0.230827898
vn 0.388297737 -0.270642906 -0.880895734
vn 0.452723801 -0.180474177 -0.87319535
vn 0.424941927 0.773562968 0.470132709
vn 0.723060846 0.655616283 -0.217601046
vn 0.559599698 0.787001073 0.259764373
vn 0.0875830054 -0.0846649036 0.992552817
vn 0.856482148 0.429877132 -0.285734236
vn 0.577889204 0.709202945 0.4038257
vn -0.28797397 0.333904833 0.897540271
vn -0.248298213 0.279895216 0.927365422
vn -0.253569186 0.262222379 0.931097269
vn 0.932361901 0.355361819 0.0664778203
vn 0.452723801 -0.180474177 -0.87319535
vn 0.47688362 -0.413548619 -0.775602698
vn 0.0875830054 -0.0846649036 0.992552817
vn 0.932361901 0.355361819 0.0664778203
vn -0.519643664 0.511861444 0.684082031
vn -0.839713514 -0.426375926 0.336280644
vn 0.0875830054 -0.0846649036 0.992552817
vn -0.844274461 -0.398441434 0.358392268
vn -0.566486478 -0.619863331 -0.5430125
vn -0.434106946 -0.846834362 -0.307282805
vn 0.452723801 -0.180474177 -0.87319535
vn 0.47688362 -0.413548619 -0.775602698
vn -0.777225792 -0.548574924 0.308197379
vn -0.568372548 -0.620085418 -0.540783405
vn 0.236520886 -0.0584846176 -0.969864607
vn 0.323282599 -0.274982482 -0.905468404
vn -0.329112411 -0.740847826 -0.585516453
vn 0.388297737 -0.270642906 -0.880895734
vn 0.452723801 -0.180474177 -0.87319535
vn -0.799593091 -0.576230943 0.169141188
vn -0.271749288 -0.962277412 0.0132103106
vn -0.248298213 0.279895216 0.927365422
vn -0.253569186 0.262222379 0.931097269
vn -0.271749288 -0.962277412 0.0132103106
vn -0.519643664 0.511861444 0.684082031
vn -0.519643664 0.511861444 0.684082031
vn -0.395679116 -0.918387055 -0.0018275578
vn -0.672216415 0.55792892 0.486662507
vn -0.258041382 -0.945790231 0.197219282
vn 0.0700172931 -0.122808911 0.989957392
vn 0.91566354 0.269738525 0.297995865
vn 0.925764203 0.374379933 0.052917283
vn -0.519643664 0.511861444 0.684082031
vn -0.519643664 0.511861444 0.684082031
vn 0.256871074 -0.489104927 -0.833542883
vn 0.295691878 -0.418038726 -0.858958602
vn 0.621908128 -0.746923625 -0.235234529
vn 0.670805037 0.709203839 -0.216911286
vn 0.545095563 -0.702401817 -0.457714498
vn 0.824327826 0.564402461 -0.043971505
vn 0.737392247 0.648831904 -0.187802881
vn 0.614770889 -0.743882895 -0.262097389
vn 0.71041739 0.675237656 -0.198396653
vn 0.703546166 -0.683887422 -0.193185911
vn 0.0920338333 -0.11189118 -0.989449322
vn -0.293536305 0.948952556 -0.115435638
vn 0.0713564605 0.997297704 0.0174829941
vn -0.645211458 0.761172295 0.0657183677
vn 0.123371832 0.982567132 0.139072746
vn -0.606253445 0.754339457 0.251850575
vn -0.973354876 0.0479782373 0.224228188
vn -0.991986513 0.111094356 0.060173586
vn -0.960866988 0.262087673 -0.0896914154
vn -0.913494587 0.320035547 -0.251207083
vn -0.244443342 0.936415315 -0.251741469
vn 0.0920338333 -0.11189118 -0.989449322
vn -0.593367994 0.657139719 0.464846015
vn -0.651330173 -0.730664432 0.204691127
vn -0.749063849 -0.630489945 0.203434721
vn -0.469937772 0.632924438 0.615276575
vn 0.614673436 -0.697171032 -0.368956804
vn 0.634484351 -0.772867441 0.0102741346
vn -0.710861802 -0.702221096 0.0395088084
vn 0.621908128 -0.746923625 -0.235234529
vn 0.198986128 0.946198285 0.255172938
vn -0.593367994 0.657139719 0.464846015
vn -0.777225792 -0.548574924 0.308197379
vn -0.39452365 0.529065967 0.751292408
vn -0.434106946 -0.846834362 -0.307282805
vn 0.47688362 -0.413548619 -0.775602698
vn 0.828851759 0.554886639 0.0714529157
vn 0.634484351 -0.772867441 0.0102741346
vn 0.614673436 -0.697171032 -0.368956804
vn 0.753058851 0.656223297 0.0476796031
vn -0.469937772 0.632924438 0.615276575
vn 0.621908128 -0.746923625 -0.235234529
vn 0.47688362 -0.413548619 -0.775602698
vn 0.856482148 0.429877132 -0.285734236
vn 0.559599698 0.787001073 0.259764373
vn 0.409468502 -0.420119613 0.809836447
vn -0.844274461 -0.398441434 0.358392268
vn 0.409468502 -0.420119613 0.809836447
vn 0.409468502 -0.420119613 0.809836447
vn 0.0875830054 -0.0846649036 0.992552817
vn 0.0875830054 -0.0846649036 0.992552817
vn 0.409468502 -0.420119613 0.809836447
vn -0.825541377 -0.547782481 -0.135705024
vn 0.621908128 -0.746923625 -0.235234529
vn 0.545095563 -0.702401817 -0.457714498
vn -0.757141173 -0.638624728 -0.137461364
vn 0.614770889 -0.743882895 -0.262097389
vn -0.701376021 -0.686537087 -0.191672727
vn 0.703546166 -0.683887422 -0.193185911
vn 0.0920338333 -0.11189118 -0.989449322
vn 0.0920338333 -0.11189118 -0.989449322
vn -0.710861802 -0.702221096 0.0395088084
vn 0.876459956 0.289904684 -0.384412676
vn 0.238798305 0.0625296384 -0.969053864
vn 0.843274653 0.223041967 -0.489019454
vn 0.323282599 -0.274982482 -0.905468404
vn 0.998093426 0.05987202 -0.014994924
vn 0.932361901 0.355361819 0.0664778203
vn -0.329112411 -0.740847826 -0.585516453
vn -0.516209722 -0.607200027 -0.604016244
vn -0.117941424 -0.989971519 -0.0777572393
vn 0.788511157 -0.612792909 -0.0522991382
vn -0.271749288 -0.962277412 0.0132103106
vn -0.117941424 -0.989971519 -0.0777572393
vn -0.395679116 -0.918387055 -0.0018275578
vn 0.925764203 0.374379933 0.052917283
vn 0.91566354 0.269738525 0.297995865
vn -0.258041382 -0.945790231 0.197219282
vn 0.0700172931 -0.122808911 0.989957392
vn 0.0920338333 -0.11189118 -0.989449322
vn 0.824327826 0.564402461 -0.043971505
vn -0.117941424 -0.989971519 -0.0777572393
vn 0.440989345 -0.536895573 0.719215989
vn 0.788511157 -0.612792909 -0.0522991382
vn 0.440989345 -0.536895573 0.719215989
vn 0.998093426 0.05987202 -0.014994924
vn 0.788511157 -0.612792909 -0.0522991382
vn 0.843274653 0.223041967 -0.489019454
vn 0.238798305 0.0625296384 -0.969053864
vn 0.843274653 0.223041967 -0.489019454
vn -0.117668346 0.300815672 -0.946395338
vn -0.222152293 0.151622564 -0.963150561
vn -0.211174965 0.247255698 -0.945658326
vn -0.638487816 0.168342203 -0.750995457
vn -0.638487816 0.168342203 -0.750995457
vn -0.932131886 0.116269648 -0.342945188
vn -0.922699809 -0.0855257139 -0.375912994
vn -0.211174965 0.247255698 -0.945658326
vn -0.211174965 0.247255698 -0.945658326
vn -0.386685222 -0.797381163 -0.463311791
vn 0.643187881 -0.726375163 -0.242256925
vn -0.386685222 -0.797381163 -0.463311791
vn 0.409105808 -0.509467185 -0.757017672
vn -0.343234688 -0.930671871 -0.126648411
vn -0.343234688 -0.930671871 -0.126648411
vn -0.850990713 -0.525169611 0.00340356678
vn -0.775351226 0.608320773 0.169635594
vn -0.905477822 0.0125237657 -0.42420882
vn -0.777368128 -0.345025957 0.52598089
vn -0.869135857 -0.169520423 0.464613616
vn -0.845418513 -0.414092809 -0.337334573
vn -0.844162643 -0.476761043 0.245129257
vn -0.944039643 0.174840182 -0.279678643
vn -0.809348106 -0.574986219 -0.11977683
vn -0.875674665 0.433415294 -0.21294336
vn -0.832931817 -0.479739428 -0.275816262
vn 0.00447606854 0.185928762 -0.982553005
vn -0.0575782321 -0.998124301 -0.0208013281
vn -0.0173620228 -0.925180078 -0.379131138
vn 0.00447606854 0.185928762 -0.982553005
vn -0.0771739855 -0.830705166 0.551337421
vn -0.0441188402 -0.356957495 0.93307817
vn -0.251532525 -0.160963282 0.954370022
vn 0.0537926257 0.621971548 -0.781189978
vn -0.0661501586 -0.243133932 -0.967734456
vn -0.845418513 -0.414092809 -0.337334573
vn -0.168113306 -0.270619988 -0.947893918
vn 0.0364725478 0.974852622 -0.219845682
vn 0.00447606854 0.185928762 -0.982553005
vn 0.804881454 -0.529666245 -0.26761806
vn 0.00447606854 0.185928762 -0.982553005
vn 0.74473083 -0.656607866 -0.119340137
vn 0.908935368 0.35793218 -0.213824868
vn 0.954844296 0.0493663028 -0.292976558
vn 0.749172688 -0.601469815 0.277442455
vn 0.796248019 -0.31833297 0.514444709
vn 0.894457996 -0.310200274 -0.32205686
vn 0.525868416 -0.739510477 0.420222253
vn 0.501440704 -0.706327379 -0.499658644
vn 0.00447606854 0.185928762 -0.982553005
vn -0.251532525 -0.160963282 0.954370022
vn -0.0661501586 -0.243133932 -0.967734456
vn -0.168113306 -0.270619988 -0.947893918
vn 0.0537926257 0.621971548 -0.781189978
vn 0.0537926257 0.621971548 -0.781189978
vn 0.0364725478 0.974852622 -0.219845682
vn 0.00447606854 0.185928762 -0.982553005
vn 0.922279477 0.269069523 -0.277492613
vn 0.153364703 -0.904887438 0.397061646
vn 0.669338763 0.120839886 0.733064353
vn -0 0.177582771 0.984105885
vn -0.76215589 0.25560239 0.594798923
vn 1.01062021E-07 0.998831332 0.0483317077
vn -0.768865228 0.12098293 0.627860904
vn -0 -0.0123985205 0.99992311
vn -0.88815254 0.371844232 -0.270031422
vn -0.875908196 0.352390379 -0.329554051
vn -0 0.532182813 -0.8466295
vn -0 0.434479475 -0.900681674
vn -0 0.76688695 -0.641782284
vn 1.01062021E-07 0.998831332 0.0483317077
vn -0.893911064 0.430058032 -0.126385063
vn -0 0.76688695 -0.641782284
vn -0 0.873283923 0.487211764
vn -0.513910711 0.667623639 0.538678527
vn -0.788179159 -0.0311386045 0.614657581
vn -0 -0.232493848 0.972597897
vn -0.457485944 0.198971942 0.866669893
vn 0.875908196 0.352390379 -0.329554051
vn 0.88815254 0.371844232 -0.270031422
vn 0.76215589 0.25560239 0.594798923
vn -0 0.177582771 0.984105885
vn 0.768865228 0.12098293 0.627860904
vn -0 -0.0123985205 0.99992311
vn 0.893911064 0.430058032 -0.126385063
vn -0 0.76688695 -0.641782284
vn -0 0.873283923 0.487211764
vn 0.513910711 0.667623639 0.538678527
vn 0.788179159 -0.0311386064 0.614657581
vn -0 -0.232493848 0.972597897
vn 0.457485944 0.198971942 0.866670012
vn -0 0.749271333 0.662263095
vn -0 0.75271678 0.658344388
vn -0.730267704 -0.583693326 0.354980528
vn -0.298673958 -0.491987556 0.817766488
vn -0.0606760047 -0.851074219 0.521527708
vn -0.690408409 -0.0960955173 0.717009008
vn -0.298673958 -0.491987556 0.817766488
vn -0.298673958 -0.491987556 0.817766488
vn 0.184001446 -0.498846114 0.846933365
vn 0.184001446 -0.498846114 0.846933365
vn -0.298673958 -0.491987556 0.817766488
vn -0.040483024 -0.102031663 0.993957043
vn -0.690408409 -0.0960955173 0.717009008
vn -0.040483024 -0.102031663 0.993957043
vn -0.298673958 -0.491987556 0.817766488
vn 0.140144289 -0.229886353 0.963074148
vn -0.133687422 -0.665328324 0.734483421
vn -0.322225243 -0.162460446 0.932618618
vn -0.322225243 -0.162460446 0.932618618
vn -0.0178909693 0.270251423 0.962623596
vn -0.133687422 -0.665328324 0.734483421
vn -0.783372343 -0.383270085 0.489317805
vn -0.322225243 -0.162460446 0.932618618
vn -0.713635266 0.250419527 0.654228389
vn -0.322225243 -0.162460446 0.932618618
vn -0.0178909693 0.270251423 0.962623596
vn -0.322225243 -0.162460446 0.932618618
vn -0.713635266 0.250419527 0.654228389
vn -0.727042973 0.452813804 0.516108572
vn -0.38297534 0.192038924 0.903576791
vn -0.791723251 -0.181825012 0.583192825
vn -0.125126168 -0.375619024 0.91828841
vn -0.38297534 0.192038924 0.903576791
vn -0.0458843298 0.54356879 0.838109612
vn -0.38297534 0.192038924 0.903576791
vn -0.727042973 0.452813804 0.516108572
vn -0.125126168 -0.375619024 0.91828841
vn -0.38297534 0.192038924 0.903576791
vn 0.160260528 0.0575888045 0.985393465
vn -0.0458843298 0.54356879 0.838109612
vn -0.38297534 0.192038924 0.903576791
vn -0.0521964245 -0.992442667 0.111053899
vn -0.631946146 -0.766547322 0.114232972
vn -0.251002222 -0.802232921 0.541682839
vn -0.663173974 -0.384742171 0.64200753
vn -0.251002222 -0.802232921 0.541682839
vn -0.251002222 -0.802232921 0.541682839
vn 0.191274241 -0.746751487 0.637005746
vn -0.13691844 -0.389222354 0.910911262
vn -0.251002222 -0.802232921 0.541682839
vn -0.663173974 -0.384742171 0.64200753
vn -0.13691844 -0.389222354 0.910911262
vn 0.191274241 -0.746751487 0.637005746
vn -0.251002222 -0.802232921 0.541682839
vn -0.643188 -0.726375103 -0.242256984
vn -0.634395242 -0.374194413 -0.676403165
vn 0.168113306 -0.270619988 -0.947893918
vn -0.517090917 -0.444829583 -0.731261671
vn 0.386685282 -0.797381103 -0.463311821
vn -0.501440704 -0.706327438 -0.499658644
vn 0.845418513 -0.414092839 -0.337334573
vn 0.533890724 -0.754304528 -0.382080287
vn 0.457405746 -0.887868643 0.0496921428
vn 0.406366527 -0.898294985 -0.167129934
vn 0.11918477 -0.930022836 -0.347638577
vn 0.988217056 -0.0399307422 0.147758245
vn 0.255562872 -0.852307975 -0.456353754
vn 0.538012326 -0.65290004 -0.533164382
vn -0.409105778 -0.509467185 -0.757017672
vn 0.706289828 -0.701580048 0.0945519879
vn 0.926952004 -0.323888451 0.189357653
vn 0.513705134 -0.836674511 -0.189954728
vn 0.615777373 -0.785032749 -0.0673927069
vn 0.800803959 -0.327990621 -0.501133978
vn 0.112889044 -0.982233286 0.149912611
vn 0.923896492 -0.37704882 0.065187268
vn -0.0184405614 -0.835539281 -0.549121141
vn 0.167916521 -0.764470279 -0.622406006
vn 0.111097462 -0.373169571 -0.921087265
vn -0.0987396687 -0.72217077 -0.684631169
vn 0.229343995 -0.222814664 -0.947499394
vn 0.310064673 -0.0430180617 -0.949741721
vn 0.306514025 0.633939505 -0.710049152
vn 0.213503852 -0.0749163255 -0.974065483
vn 0.397214264 -0.138282508 -0.907247901
vn 0.00826540869 -0.589694858 -0.807583869
vn 0.33813563 -0.206156567 -0.918239474
vn -0 -0.323251873 -0.946312904
vn 0.418505341 0.0902103558 -0.903723061
vn -0 0.0562163815 -0.998418689
vn -0 0.455255181 -0.890361071
vn 0.373862058 0.390298814 -0.841364264
vn 0.233285084 0.0924557522 -0.968003035
vn -0 0.144910812 -0.989444673
vn -0 -0.675770283 -0.737112164
vn -0 -0.441212684 -0.897402465
vn 0.0515783951 -0.229350343 -0.97197634
vn 0.117668346 0.300815672 -0.946395338
vn 0.222152293 0.151622593 -0.963150561
vn 0.211174965 0.247255698 -0.945658326
vn 0.32982415 0.199673936 -0.922684371
vn -0.106282271 0.669397354 -0.735262752
vn 0.922699809 -0.0855257139 -0.375912994
vn 0.73867923 0.55420351 -0.383681625
vn 0.947137654 0.239705533 -0.213240713
vn 0.932131886 0.116269656 -0.342945188
vn 0.998304725 0.0511621386 -0.0277494043
vn 0.922572017 -0.352484047 0.156894371
vn 0.775351286 0.608320713 0.169635609
vn 0.853394985 -0.167032883 -0.493778259
vn 0.6132586 -0.789710462 0.0164685026
vn 0.747981429 -0.356072515 -0.560121596
vn 0.599608302 -0.235549688 -0.764843881
vn 0.598106027 -0.311441123 -0.738426387
vn -0.0341962837 -0.616229951 -0.786823511
vn 0.306514025 0.633939505 -0.710049152
vn 0.856540501 0.474028885 -0.204046354
vn 0.281261802 -0.211327583 -0.936072886
vn 0.281296134 -0.0029495263 -0.959616542
vn -0.104371138 0.0745098144 -0.991743386
vn -0.217212841 0.085939914 -0.972333729
vn 0.245669484 0.659873784 -0.710079551
vn 0.775351286 0.608320713 0.169635609
vn -0 -0.850402951 0.526131868
vn 0.0521963872 -0.992442667 0.111053921
vn -0.191274256 -0.746751487 0.637005746
vn -0 -0.621884346 0.783109069
vn 0.136918455 -0.389222354 0.910911262
vn -0.184001431 -0.498846114 0.846933365
vn -0 -0.296590239 0.955004871
vn 0.0404830165 -0.102031663 0.993957043
vn 0.0606760196 -0.851074219 0.521527708
vn 0.730267644 -0.583693326 0.354980499
vn 0.690408468 -0.0960954875 0.717008948
vn 0.783372343 -0.383270085 0.489317805
vn 0.713635206 0.250419497 0.654228389
vn 0.125126168 -0.375619024 0.91828841
vn 0.0178909898 0.270251453 0.962623596
vn -0.160260543 0.057588838 0.985393465
vn -0 0.0347406939 0.999396324
vn 0.133687422 -0.665328324 0.734483421
vn -0 -0.296590239 0.955004871
vn -0.140144289 -0.229886338 0.963074148
vn 0.133687422 -0.665328324 0.734483421
vn -0 -0.852962375 0.521972418
vn 0.251532584 -0.160963312 0.954370022
vn -0 -0.656368315 0.754440606
vn -0.116112687 -0.931773961 0.343969673
vn -0.525868416 -0.739510477 0.420222193
vn -0.665367067 -0.738834262 -0.106820874
vn -0 -0.852962375 0.521972418
vn -0.501440704 -0.706327438 -0.499658644
vn -0.634395242 -0.374194413 -0.676403165
vn -0 -0.752159178 -0.658981442
vn -0.517090917 -0.444829583 -0.731261671
vn -0 -0.725550115 -0.68816936
vn -0 -0.852962375 0.521972418
vn 0.251532584 -0.160963312 0.954370022
vn 0.845418513 -0.414092839 -0.337334573
vn -0.546974897 -0.809596717 -0.21300593
vn -0.723285019 -0.687315404 -0.066755645
vn -0.74367696 -0.577208519 -0.337305278
vn -0.639693856 -0.657021761 0.398891151
vn -0.583730578 -0.441087633 -0.681689262
vn -0 -0.907363296 -0.420347422
vn -0 -0.852224469 -0.523176312
vn -0 -0.209626451 -0.977781534
vn -0.195075065 0.267837673 -0.943508744
vn 0.111097462 -0.373169571 -0.921087265
vn -0 -0.725550115 -0.68816936
vn -0.643188 -0.726375103 -0.242256984
vn 0.0271793976 0.0873372406 -0.995807886
vn -0.152774975 0.0317448899 -0.987751007
vn 0.314442843 0.512978435 -0.798735738
vn -0.548167884 -0.382199943 -0.743932307
vn -0.657469153 -0.727285326 -0.19695279
vn 0.21879226 0.399681121 -0.890160084
vn 0.314442843 0.512978435 -0.798735738
vn 0.144450694 -0.109512255 -0.983433247
vn 0.07049793 0.604246616 -0.793672562
vn 0.07049793 0.604246616 -0.793672562
vn 0.800803959 -0.327990621 -0.501133978
vn 0.800803959 -0.327990621 -0.501133978
vn 0.577574193 0.744029224 -0.335899681
vn 0.744728088 0.663263261 0.0739051253
vn 0.926952004 -0.323888451 0.189357653
vn 0.840778172 0.528198421 0.118736729
vn 0.992687225 0.0137277758 -0.119932406
vn 0.706289828 -0.701580048 0.0945519879
vn 0.850990713 -0.525169611 0.00340357586
vn 0.314442843 0.512978435 -0.798735738
vn 0.467563272 0.00540184509 -0.883943021
vn 0.538012326 -0.65290004 -0.533164382
vn -0.409105778 -0.509467185 -0.757017672
vn 0.343234688 -0.930671871 -0.126648411
vn 0.343234688 -0.930671871 -0.126648411
vn 0.850990713 -0.525169611 0.00340357586
vn 0.467563272 0.00540184509 -0.883943021
vn 0.923896492 -0.37704882 0.065187268
vn 0.131009981 -0.893578231 0.429365098
vn 0.112889044 -0.982233286 0.149912611
vn 0.60431385 0.0507053509 0.795131266
vn 0.856540501 0.474028885 -0.204046354
vn 0.283948183 0.849126995 0.445372701
vn 0.615777373 -0.785032749 -0.0673927069
vn 0.385973752 -0.852674365 0.35209471
vn 0.643116415 0.0687963367 0.762671769
vn 0.371904284 -0.892487347 0.255252153
vn 0.554320693 -0.175434664 0.813603938
vn 0.365839452 0.823929369 0.432783842
vn 0.282402635 0.777848005 0.561427832
vn -0.00943653192 -0.963271797 0.268362701
vn 0.359960437 -0.18690066 0.914055109
vn 0.359960437 -0.18690066 0.914055109
vn 0.487293422 0.795487046 0.360202193
vn 0.0603829436 0.938694119 -0.339421958
vn -0.224600643 0.928482592 -0.295761228
vn -0.259692341 -0.811974943 -0.52273953
vn -0.334901094 -0.729079187 -0.596895993
vn -0.158645228 0.911933184 -0.378430307
vn -0.552127719 0.155097753 -0.819206715
vn -0.486776859 0.120397121 -0.865189493
vn -0.334901094 -0.729079187 -0.596895993
vn -0.259692341 -0.811974943 -0.52273953
vn -0.591646791 0.216953099 -0.776456952
vn 0.0603829436 0.938694119 -0.339421958
vn -0.550406516 -0.677390277 -0.488052368
vn -0.257291168 0.913041174 -0.316475958
vn -0.588990867 0.00929810479 -0.808086216
vn 0.306514025 0.633939505 -0.710049152
vn 0.229343995 -0.222814664 -0.947499394
vn -0.433613986 -0.793967187 -0.426139653
vn -0.0184405614 -0.835539281 -0.549121141
vn 0.306514025 0.633939505 -0.710049152
vn 0.856540501 0.474028885 -0.204046354
vn 0.487293422 0.795487046 0.360202193
vn 0.761434615 -0.0272839591 0.647667289
vn 0.359960437 -0.18690066 0.914055109
vn 0.773342729 0.543010175 -0.327232301
vn 0.0603829436 0.938694119 -0.339421958
vn 0.897676885 0.261956543 -0.354337513
vn 0.384378701 -0.713397264 0.58593291
vn 0.620399535 -0.128111154 0.773751855
vn 0.0213012639 -0.810686827 0.585092306
vn -0.283514917 -0.441280603 0.851405144
vn 0.715629697 -0.15134576 0.681885958
vn -0.102129392 -0.8556844 0.507320285
vn 0.79007411 0.587496459 -0.175016448
vn 0.785429835 0.467864037 -0.405219942
vn -0.322903454 0.400863409 -0.857345879
vn -0.272285074 0.430558324 -0.86051172
vn -0.98927629 -0.0603904724 -0.132986665
vn -0.772458196 -0.428869605 -0.468379289
vn 0.864642978 0.115924112 -0.488829315
vn 0.706230164 -0.347124755 0.617044151
vn 0.849799871 -0.257576227 -0.459885627
vn 0.55194819 -0.382879853 0.74078083
vn -0.930534244 -0.131016433 0.341965973
vn -0.915271938 0.105283126 0.388835192
vn -0.133560628 0.229527414 -0.964094758
vn -0.204899341 0.0879609808 -0.97482264
vn -0.930534244 -0.131016433 0.341965973
vn -0.915271938 0.105283126 0.388835192
vn -0.517636657 -0.847938418 -0.114248164
vn -0.517636657 -0.847938418 -0.114248164
vn 0.428546697 -0.369067132 0.824704349
vn -0.898615003 0.295025498 0.324732333
vn 0.505381763 -0.657855451 0.558404505
vn -0.827658117 0.52834183 0.189306304
vn 0.714220464 -0.557301879 -0.423442602
vn 0.0426423177 -0.446419269 -0.893807232
vn -0.252519697 -0.0135081373 -0.967497528
vn -0.898615003 0.295025498 0.324732333
vn -0.827658117 0.52834183 0.189306304
vn -0.735249341 -0.645615339 0.206371918
vn -0.772458196 -0.428869605 -0.468379289
vn -0.517636657 -0.847938418 -0.114248164
vn -0.772458196 -0.428869605 -0.468379289
vn -0.98927629 -0.0603904724 -0.132986665
vn -0.772458196 -0.428869605 -0.468379289
vn -0.542634845 -0.83996594 0.0021589119
vn -0.00943653192 -0.963271797 0.268362701
vn -0.550406516 -0.677390277 -0.488052368
vn 0.359960437 -0.18690066 0.914055109
vn -0.591646791 0.216953099 -0.776456952
vn -0.24342221 0.614716828 -0.750245869
vn 0.0603829436 0.938694119 -0.339421958
vn -0.591646791 0.216953099 -0.776456952
vn -0.622076631 -0.155536443 -0.767351985
vn -0.550406516 -0.677390277 -0.488052368
vn -0.542634845 -0.83996594 0.0021589119
vn -0.0400253758 0.367198467 -0.929281056
vn -0.0923581943 -0.925024927 0.368508875
vn 0.468260586 -0.86540705 0.17833285
vn -0.367111027 -0.899054408 0.238601416
vn 0.406366527 -0.898294985 -0.167129934
vn 0.215260431 -0.968989372 0.121335894
vn -0.399466693 -0.890218973 -0.218944222
vn -0.657469153 -0.727285326 -0.19695279
vn -0.763045728 -0.267736644 -0.588284194
vn -0.548167884 -0.382199943 -0.743932307
vn -0.784619153 -0.272970796 -0.556650579
vn -0.567246318 0.376647204 -0.732371807
vn 0.205746904 -0.970087528 -0.128834814
vn 0.215260431 -0.968989372 0.121335894
vn -0.639693856 -0.657021761 0.398891151
vn 0.16584906 0.759423673 -0.629102468
vn -0.980975151 -0.143866688 -0.130346462
vn 0.0790436119 -0.904443026 0.419207394
vn 0.205746904 -0.970087528 -0.128834814
vn 0.163704515 0.829118013 -0.534569144
vn 0.0685716346 -0.655024946 0.752489388
vn -0.982738972 0.039430134 -0.180746496
vn -0.994087815 -0.0116249174 -0.107954748
vn 0.0129492264 0.245269999 0.969368339
vn -0.998797774 0.0476715155 -0.0114161503
vn -0.0149002578 -0.87414211 -0.485441536
vn 0.112531692 -0.589780569 -0.799684644
vn 0.125005886 -0.0373283289 -0.991453528
vn 0.0818764865 0.749527514 0.656890213
vn -0.994080603 0.0839659646 -0.0689447299
vn 0.117256068 0.919904649 0.37420091
vn -0.992529571 0.104978845 -0.062164817
vn -0.178692982 -0.983847439 0.0106322579
vn -0.0078710448 -0.973754525 -0.227464557
vn -0.212048173 -0.0418165699 0.976364136
vn 0.145830125 0.469604373 -0.870749831
vn 0.727310121 -0.0793300718 0.681708694
vn 0.850990713 -0.525169611 0.00340357586
vn 0.992687225 0.0137277758 -0.119932406
vn 0.0396800004 -0.948591411 0.314006299
vn 0.546939731 -0.00754474523 0.837137997
vn -0.38726297 -0.676117599 0.626811326
vn 0.547062039 0.826427639 0.133194104
vn 0.659790158 0.745874047 0.0913720652
vn 0.00352765294 0.433509916 -0.901141942
vn -0.278656334 0.504476964 -0.817223132
vn 0.07049793 0.604246616 -0.793672562
vn -0.562417984 -0.580160975 -0.589151323
vn -0.535196543 -0.592615426 -0.601973057
vn 0.388064951 0.0375291854 0.920867682
vn -0.721849203 -0.06197666 0.689269662
vn 0.233443722 0.0186379198 0.972191632
vn 0.191513598 0.0825508609 0.978012204
vn -0.736900926 0.338338435 0.585238516
vn 0.89669013 -0.347635329 0.274037272
vn 0.996046484 -0.0268554017 0.0846770182
vn 0.339388877 -0.310136586 -0.888048768
vn 0.263147324 -0.544470131 -0.79643321
vn -0.812293112 -0.0415406711 -0.581768215
vn -0.889603317 -0.267299682 -0.370346874
vn -0.859773159 0.103587642 -0.500059783
vn -0.423619837 0.349514186 0.835694909
vn 0.721889794 -0.532471299 0.441983402
vn 0.406276137 -0.9122926 0.0515947603
vn -0.305278331 0.500657141 0.810029328
vn 0.100075684 -0.621007681 -0.777389526
vn 0.406276137 -0.9122926 0.0515947603
vn -0.701306581 -0.617909312 0.355467319
vn 0.2085924 -0.0045988434 -0.977991879
vn 0.901967764 0.430481702 -0.0337572806
vn -0.728342354 0.151420802 -0.66827333
vn -0.701306581 -0.617909312 0.355467319
vn -0.562417984 -0.580160975 -0.589151323
vn -0.535196543 -0.592615426 -0.601973057
vn 0.07049793 0.604246616 -0.793672562
vn -0.409105778 -0.509467185 -0.757017672
vn -0.717501342 -0.507881999 -0.476705015
vn 0.577574193 0.744029224 -0.335899681
vn 0.840778172 0.528198421 0.118736729
vn -0.409105778 -0.509467185 -0.757017672
vn 0.144450694 -0.109512255 -0.983433247
vn 0.99914813 0.0380410515 0.0159959923
vn 0.774113715 -0.623867989 -0.107408933
vn 0.538012326 -0.65290004 -0.533164382
vn 0.798756182 -0.594664037 0.0914507434
vn 0.976331353 -0.110382028 -0.18599157
vn 0.205746904 -0.970087528 -0.128834814
vn 0.851439714 0.469622463 -0.233463436
vn 0.16584906 0.759423673 -0.629102468
vn 0.978072405 -0.0950055569 0.185332865
vn 0.0790436119 -0.904443026 0.419207394
vn 0.205746904 -0.970087528 -0.128834814
vn 0.163704515 0.829118013 -0.534569144
vn 0.0685716346 -0.655024946 0.752489388
vn 0.999618292 -0.00134605775 0.0275929831
vn 0.984153569 -0.170212105 0.0496955812
vn 0.0129492264 0.245269999 0.969368339
vn 0.93998611 -0.224846154 0.256652296
vn 0.112531692 -0.589780569 -0.799684644
vn 0.125005886 -0.0373283289 -0.991453528
vn -0.0149002578 -0.87414211 -0.485441536
vn 0.0818764865 0.749527514 0.656890213
vn 0.944787025 -0.139341891 0.296582788
vn 0.924194217 -0.204754904 0.322397918
vn 0.117256068 0.919904649 0.37420091
vn -0.0078710448 -0.973754525 -0.227464557
vn -0.178692982 -0.983847439 0.0106322579
vn -0.212048173 -0.0418165699 0.976364136
vn 0.145830125 0.469604373 -0.870749831
vn 0.314442843 0.512978435 -0.798735738
vn 0.467563272 0.00540184509 -0.883943021
vn 0.0599199757 0.888837278 -0.454288334
vn -0 0.669343233 -0.742953241
vn -0.728342354 0.151420802 -0.66827333
vn -0.701306581 -0.617909312 0.355467319
vn 0.406276137 -0.9122926 0.0515947603
vn -0.859773159 0.103587642 -0.500059783
vn -0.812293112 -0.0415406711 -0.581768215
vn -0.889603317 -0.267299682 -0.370346874
vn -0.717501342 -0.507881999 -0.476705015
vn -0.717501342 -0.507881999 -0.476705015
vn -0.717501342 -0.507881999 -0.476705015
vn 0.634070873 -0.070728071 -0.770033538
vn 0.498496175 0.761601627 -0.414082795
vn -0.294535398 0.573078096 -0.764742076
vn 0.704615891 0.000145522426 -0.709588885
vn 0.437781334 0.858601093 -0.266742885
vn 0.836853683 0.0241863169 -0.546892166
vn 0.444424778 0.890481591 -0.0976177752
vn 0.904215813 -0.0630799383 -0.422391653
vn 0.513741493 0.853892565 -0.0832891986
vn -0.0964662135 0.958246648 0.269179493
vn -0.182083622 0.947058022 0.264436692
vn -0.71475774 0.146994174 0.683749974
vn -0.80303061 0.14326632 0.578460574
vn -0.249694943 0.911736369 0.326173693
vn -0.86032939 0.137323707 0.490892589
vn -0.533828735 -0.821686625 0.199644566
vn -0.510297596 -0.837844431 0.193940878
vn -0.596112609 -0.787652194 0.155735716
vn -0.906873703 0.167035624 0.386883825
vn -0.304689735 0.892247617 0.333254278
vn -0.443553656 -0.860680342 0.249979168
vn 0.266743779 -0.913589418 -0.306923628
vn 0.197432443 -0.883860171 -0.424042016
vn 0.836853683 0.0241863169 -0.546892166
vn 0.704615891 0.000145522426 -0.709588885
vn 0.904215813 -0.0630799383 -0.422391653
vn 0.283027977 -0.93104142 -0.230340749
vn 0.191894829 0.125466317 -0.973362446
vn -0.480012447 -0.608980894 -0.631450832
vn 0.214698032 -0.879173934 -0.425391704
vn 0.634070873 -0.070728071 -0.770033538
vn -0.317503601 -0.819940805 -0.476328164
vn -0.334216833 -0.272634149 -0.902202725
vn -0.58819592 -0.805143952 0.075951755
vn -0.793569088 -0.493029654 0.356608868
vn -0.800274968 0.104011953 0.59054327
vn -0.856244206 -0.134840444 0.498662144
vn -0.702473104 -0.670516849 0.238618255
vn -0.699717224 -0.711257517 -0.0671457946
vn -0.317503601 -0.819940805 -0.476328164
vn -0.835731804 -0.292416245 -0.464806467
vn -0.334216833 -0.272634149 -0.902202725
vn -0.258598536 -0.859292626 -0.441296875
vn -0.469549984 -0.137002438 -0.872211635
vn -0.381220549 0.11975877 -0.916694462
vn -0.302130431 -0.722408831 -0.62196672
vn -0.230533779 -0.770786524 -0.593921006
vn -0.372590274 0.1748631 -0.911372304
vn -0.0341962837 -0.616229951 -0.786823511
vn -0.217212841 0.085939914 -0.972333729
vn 0.6132586 -0.789710462 0.0164685026
vn 0.238802418 -0.914977133 0.325254261
vn 0.0552391522 -0.973234594 0.223076314
vn 0.127667531 -0.934714675 0.331676841
vn 0.520966887 0.0300609507 0.853047431
vn 0.471594125 0.0209046472 0.881567895
vn 0.239688545 0.904679954 0.352283388
vn 0.293538779 0.895959616 0.333303809
vn 0.415482789 -0.0524417721 0.908088088
vn 0.415482789 -0.0524417721 0.908088088
vn 0.415482789 -0.0524417721 0.908088088
vn 0.6132586 -0.789710462 0.0164685026
vn 0.998304725 0.0511621386 -0.0277494043
vn 0.775351286 0.608320713 0.169635609
vn -0.151836842 0.900557041 -0.407360315
vn -0.100789696 0.877536714 -0.468797028
vn -0.381220549 0.11975877 -0.916694462
vn -0.372590274 0.1748631 -0.911372304
vn -0.469549984 -0.137002438 -0.872211635
vn -0.200966686 0.837618172 -0.507945061
vn 0.245669484 0.659873784 -0.710079551
vn -0.217212841 0.085939914 -0.972333729
vn 0.2451493 0.905589223 0.346135587
vn 0.415482789 -0.0524417721 0.908088088
vn -0.474761516 0.648450255 0.595074594
vn -0.531016827 0.840866029 0.10471677
vn -0.625010908 0.605288446 0.492937416
vn -0.359386891 0.931246817 -0.0601696149
vn -0.788560331 0.426425338 -0.443095863
vn -0.835731804 -0.292416245 -0.464806467
vn -0.835731804 -0.292416245 -0.464806467
vn -0.334216833 -0.272634149 -0.902202725
vn -0.856244206 -0.134840444 0.498662144
vn -0.856244206 -0.134840444 0.498662144
vn -0.788560331 0.426425338 -0.443095863
vn -0.294535398 0.573078096 -0.764742076
vn -0.249989539 0.216614425 -0.943707228
vn 0.170886189 0.925372601 -0.338354141
vn 0.0104507189 0.976080418 -0.217158213
vn -0.645880759 0.345119774 -0.680977583
vn 0.0972067863 0.93742305 -0.3343485
vn 0.493611634 0.661846161 0.564187229
vn 0.01183182 0.950981736 0.309020668
vn -0.369715869 0.200493708 -0.907255411
vn 0.0390773974 0.704562306 -0.708565414
vn -0.722446203 0.169202596 -0.670404375
vn 0.308646768 0.827888966 0.468334407
vn 0.330156833 -0.234871477 0.914238393
vn 0.203591779 -0.122963689 0.971303463
vn 0.462358803 0.574590325 0.675329685
vn 0.366787523 -0.203767478 0.907714605
vn -0.313373774 -0.0702397302 0.947028637
vn 0.407227427 0.83837682 0.362340003
vn 0.430729687 0.90052402 -0.0594013184
vn 0.36472109 0.883706808 -0.293327123
vn -0.398960471 0.230207548 -0.88760072
vn -0.130858839 0.123158716 -0.983721435
vn 0.01183182 0.950981736 0.309020668
vn 0.531054735 -0.2962161 0.793874621
vn -0.588031054 -0.808716595 0.0140344063
vn -0.0756992176 -0.859514594 0.505474448
vn 0.203591779 -0.122963689 0.971303463
vn -0.150621414 -0.940407276 0.304872721
vn -0.0413750336 -0.885920942 0.461987317
vn -0.427891135 -0.847626626 -0.313748807
vn -0.253059 -0.930515885 -0.264766574
vn -0.507188618 -0.669035494 -0.543278277
vn -0.277013421 -0.775008261 -0.568001568
vn -0.722446203 0.169202596 -0.670404375
vn -0.398960471 0.230207548 -0.88760072
vn -0.369715869 0.200493708 -0.907255411
vn -0.722446203 0.169202596 -0.670404375
vn -0.397304267 -0.906528831 0.142670676
vn -0.361717135 -0.859297752 -0.361618578
vn -0.313373774 -0.0702397302 0.947028637
vn 0.366787523 -0.203767478 0.907714605
vn -0.645880759 0.345119774 -0.680977583
vn -0.249989539 0.216614425 -0.943707228
vn -0.507188618 -0.669035494 -0.543278277
vn -0.398960471 0.230207548 -0.88760072
vn -0.130858839 0.123158716 -0.983721435
vn -0.588031054 -0.808716595 0.0140344063
vn -0.758719206 -0.647247493 -0.0735931173
vn 0.820874751 -0.360570431 0.442892164
vn -0.726914346 -0.658135176 0.196096241
vn -0.124948837 0.981209576 0.147022352
vn -0.109938972 0.914847255 0.388545901
vn 0.00698804762 -0.0881687775 0.996081054
vn -0.934366226 0.257329494 -0.246457741
vn 0.338543534 0.906994224 -0.25049907
vn 0.0100581795 0.999095082 0.0413269252
vn -0.855785668 0.231892288 -0.462446719
vn 0.261092424 0.93134886 -0.253811181
vn -0.931784391 0.274302721 -0.237772942
vn 0.118815146 0.960039496 -0.253391355
vn -0.926058948 0.32458967 -0.192500427
vn -0.107892133 -0.0221624151 -0.993915617
vn 0.967680693 0.208245158 -0.142225608
vn 0.947670937 0.313255548 0.0615691356
vn 0.960985184 -0.261807054 0.0892439261
vn 0.941072464 -0.146355435 0.304897845
vn 0.605648994 -0.755006254 0.251306266
vn 0.668514609 -0.740196705 0.0720911771
vn 0.822983325 0.519242406 0.230403647
vn 0.797837675 -0.590134919 -0.123271517
vn 0.912302494 0.318359107 -0.257588238
vn 0.751168013 -0.608730912 -0.255329669
vn -0.107892133 -0.0221624151 -0.993915617
vn 0.52101779 -0.747871578 0.411373764
vn 0.867225647 -0.180480912 0.464054137
vn -0.240144819 -0.942989349 0.230437919
vn 0.822157264 -0.17587781 0.541409671
vn 0.780326962 0.52437824 0.340759873
vn 0.235040963 0.961514592 0.14228636
vn 0.580843985 0.736568093 0.346536994
vn 0.776153803 -0.199910596 0.598014295
vn -0.0279153064 -0.949143946 0.313602328
vn -0.240144819 -0.942989349 0.230437919
vn 0.0866864324 0.9751212 0.204019606
vn 0.0100581795 0.999095082 0.0413269252
vn -0.28666392 -0.935468733 -0.206693038
vn -0.416266471 -0.882410705 -0.219257087
vn -0.931784391 0.274302721 -0.237772942
vn -0.926058948 0.32458967 -0.192500427
vn -0.855785668 0.231892288 -0.462446719
vn -0.225070745 -0.950455189 -0.214425147
vn -0.934366226 0.257329494 -0.246457741
vn -0.366361111 -0.927834153 0.0700238422
vn -0.107892133 -0.0221624151 -0.993915617
vn -0.666484952 -0.7081545 -0.233055592
vn -0.361717135 -0.859297752 -0.361618578
vn -0.709698558 0.149566635 -0.688445807
vn -0.130858839 0.123158716 -0.983721435
vn -0.934728026 0.239487395 -0.262543887
vn -0.240144819 -0.942989349 0.230437919
vn -0.397304267 -0.906528831 0.142670676
vn -0.153364703 -0.904887438 0.397061646
vn 0.661088765 -0.273050338 0.69885993
vn -0.313373774 -0.0702397302 0.947028637
vn 0.405573517 0.71152544 0.573795855
vn 0.407227427 0.83837682 0.362340003
vn 0.058314994 0.988475084 -0.139700532
vn -0.709698558 0.149566635 -0.688445807
vn -0.934728026 0.239487395 -0.262543887
vn 0.0866864324 0.9751212 0.204019606
vn -0.967097461 0.222928077 0.12257883
vn 0.36472109 0.883706808 -0.293327123
vn -0.130858839 0.123158716 -0.983721435
vn -0.669338882 0.120839953 0.733064294
vn -0.313373774 -0.0702397302 0.947028637
vn -0.922279477 0.269069523 -0.277492583
vn 0.0100581795 0.999095082 0.0413269252
vn 0.0866864324 0.9751212 0.204019606
vn -0.934366226 0.257329494 -0.246457741
vn 0.405573517 0.71152544 0.573795855
vn -0.669338882 0.120839953 0.733064294
vn -0.362616867 -0.89086014 0.273636937
vn -0.967097461 0.222928077 0.12257883
vn -0.366361111 -0.927834153 0.0700238422
vn -0.934366226 0.257329494 -0.246457741
vn -0.362616867 -0.89086014 0.273636937
vn -0.366361111 -0.927834153 0.0700238422
vn -0.225070745 -0.950455189 -0.214425147
vn -0.722446203 0.169202596 -0.670404375
vn -0.398960471 0.230207548 -0.88760072
vn 0.0104507189 0.976080418 -0.217158213
vn 0.191894829 0.125466317 -0.973362446
vn -0.249989539 0.216614425 -0.943707228
vn 0.0129802637 0.939661384 -0.34185946
vn -0.559696913 0.828694642 0.00212366902
vn 0.01183182 0.950981736 0.309020668
vn -0.507188618 -0.669035494 -0.543278277
vn -0.480012447 -0.608980894 -0.631450832
vn -0.890814424 -0.367861837 -0.266697079
vn -0.588031054 -0.808716595 0.0140344063
vn -0.836862683 0.35882777 -0.413404733
vn -0.124948837 0.981209576 0.147022352
vn -0.758719206 -0.647247493 -0.0735931173
vn -0.726914346 -0.658135176 0.196096241
vn -0.109938972 0.914847255 0.388545901
vn 0.00698804762 -0.0881687775 0.996081054
vn -0.588031054 -0.808716595 0.0140344063
vn 0.343234688 -0.930671871 -0.126648411
vn 0.850990713 -0.525169611 0.00340357586
vn -0.409105778 -0.509467185 -0.757017672
vn 0.11918477 -0.930022836 -0.347638577
vn 0.538012326 -0.65290004 -0.533164382
vn 0.406366527 -0.898294985 -0.167129934
vn 0.468260586 -0.86540705 0.17833285
vn 0.215260431 -0.968989372 0.121335894
vn 0.406366527 -0.898294985 -0.167129934
vn 0.215260431 -0.968989372 0.121335894
vn 0.0599199757 0.888837278 -0.454288334
vn 0.314442843 0.512978435 -0.798735738
vn -0.152774975 0.0317448899 -0.987751007
vn -0.107892133 -0.0221624151 -0.993915617
vn -0.107892133 -0.0221624151 -0.993915617
vn -0.480012447 -0.608980894 -0.631450832
vn -0.890814424 -0.367861837 -0.266697079
vn -0.836862683 0.35882777 -0.413404733
vn -0.559696913 0.828694642 0.00212366902
vn 0.0129802637 0.939661384 -0.34185946
vn 0.191894829 0.125466317 -0.973362446
vn 0.0129802637 0.939661384 -0.34185946
vn 0.112889044 -0.982233286 0.149912611
vn -0.433613986 -0.793967187 -0.426139653
vn -0.0184405614 -0.835539281 -0.549121141
vn -0.550406516 -0.677390277 -0.488052368
vn -0.835731804 -0.292416245 -0.464806467
vn -0.856244206 -0.134840444 0.498662144
vn -0.856244206 -0.134840444 0.498662144
vn 0.573552787 0.0588997863 -0.817048371
vn 0.171726465 0.81584239 -0.552187741
vn -0.244327739 0.500870407 -0.830320954
vn 0.649367929 0.208527863 -0.731325805
vn 0.0270833448 0.954605818 -0.296638191
vn 0.766407073 0.343453765 -0.542825758
vn -0.00234335195 0.98524785 -0.171117261
vn 0.798227429 0.416460633 -0.435193628
vn 0.0215078127 0.994062841 -0.106660239
vn -0.386496067 0.892022789 0.234342217
vn -0.584297359 0.773951709 0.244121626
vn -0.421557367 -0.0489539169 0.905479372
vn -0.765503645 -0.307519585 0.56518656
vn -0.615333915 0.743889749 0.260753304
vn -0.600465119 0.767457366 0.224612847
vn -0.790298283 -0.336142451 0.512285888
vn -0.765503645 -0.307519585 0.56518656
vn -0.598554015 -0.207517639 0.773737311
vn -0.769419491 0.413813204 0.486572057
vn -0.678490698 0.732687354 -0.0531004518
vn -0.786959171 0.578823864 0.213677421
vn -0.767081678 0.457397372 0.449859321
vn -0.188550413 0.9453004 0.266187638
vn 0.313542813 0.362557054 0.877635002
vn -0.168807805 0.94981724 0.263346374
vn 0.371712238 0.417206824 0.829318106
vn -0.200904086 0.930800855 0.3053644
vn 0.39236486 0.308954656 0.866369963
vn 0.575391293 -0.675306976 0.461394966
vn 0.569087148 -0.69854039 0.433798581
vn 0.4395459 -0.820590258 0.365282118
vn 0.639738023 0.269274503 0.719879568
vn 0.922572017 -0.352484047 0.156894371
vn 0.031489972 0.986243904 0.162268966
vn 0.140021637 -0.919035435 -0.368466914
vn 0.599608302 -0.235549688 -0.764843881
vn -0.543742001 0.66428858 -0.512898803
vn -0.725083888 0.418265402 -0.547089934
vn 0.134499729 -0.85978812 -0.492619693
vn -0.363440245 -0.344345391 -0.865642846
vn -0.322290659 -0.303496391 -0.896670878
vn 0.15254046 -0.925807536 -0.345849454
vn -0.337201327 -0.406090468 -0.849344254
vn 0.599608302 -0.235549688 -0.764843881
vn -0.104371138 0.0745098144 -0.991743386
vn -0.337201327 -0.406090468 -0.849344254
vn -0.322290659 -0.303496391 -0.896670878
vn -0.523655951 0.654239774 -0.545669079
vn -0.555117488 0.596052706 -0.580142856
vn -0.363440245 -0.344345391 -0.865642846
vn -0.106282271 0.669397354 -0.735262752
vn -0.104371138 0.0745098144 -0.991743386
vn -0.305084378 -0.902165592 -0.304992914
vn -0.277476996 -0.958720624 0.062138427
vn -0.187444732 -0.982102275 0.0184262656
vn 0.0429350138 -0.841568887 -0.538440764
vn -0.479107857 -0.4104155 -0.775896132
vn 0.55270046 -0.672525287 -0.492170483
vn 0.573552787 0.0588997863 -0.817048371
vn 0.077351585 -0.251571417 -0.96474272
vn -0.479107857 -0.4104155 -0.775896132
vn 0.649367929 0.208527863 -0.731325805
vn 0.601624131 -0.712289274 -0.361513942
vn 0.766407073 0.343453765 -0.542825758
vn 0.691107094 -0.664000928 -0.285436124
vn 0.798227429 0.416460633 -0.435193628
vn 0.763767123 -0.600382984 -0.237065405
vn -0.00800099131 0.315944701 -0.94874382
vn 0.125576347 -0.846059918 -0.518086016
vn 0.184214696 -0.954109728 0.23609215
vn 0.0401363075 -0.986170769 0.160798714
vn -0.421557367 -0.0489539169 0.905479372
vn 0.104649208 -0.985182822 0.135880351
vn -0.765503645 -0.307519585 0.56518656
vn -0.421557367 -0.0489539169 0.905479372
vn 0.0570318848 -0.98710686 0.14955765
vn -0.765503645 -0.307519585 0.56518656
vn -0.598554015 -0.207517639 0.773737311
vn 0.125576347 -0.846059918 -0.518086016
vn -0.309701651 -0.950799704 -0.00804571249
vn -0.949421048 -0.303472877 0.0806467608
vn -0.247864142 -0.763269961 0.596642554
vn -0.567958355 -0.137027726 0.811570525
vn -0.468357384 -0.72791934 0.500774264
vn -0.599640906 -0.0804738626 0.796212792
vn -0.311335057 -0.00416233577 -0.950291097
vn -0.486975521 0.652380049 -0.580736756
vn -0.381062418 0.822825909 -0.421602815
vn -0.646335483 -0.0885992125 -0.757892191
vn -0.581620216 0.600286484 -0.548975527
vn -0.358027697 0.92692703 0.112349346
vn 0.0428145491 0.92207849 0.384627432
vn 0.375347197 0.113729805 0.91988045
vn 0.326072007 0.17340441 0.929305136
vn -0.215024576 0.958775282 -0.185780257
vn -0.217530906 -0.129677266 -0.96740067
vn 0.394989103 0.216008872 0.892929912
vn -0.780475676 -0.138691232 0.609608412
vn -0.354056686 0.925942123 0.131434351
vn -0.271328211 0.884051085 -0.380571544
vn -0.652543724 0.719490826 -0.237738803
vn -0.666123271 0.741902113 -0.0765575245
vn -0.268787026 -0.0604918599 -0.961298168
vn -0.0831026584 0.0757178292 -0.993660271
vn -0.217530906 -0.129677266 -0.96740067
vn -0.399430633 -0.181738317 -0.898568988
vn -0.268787026 -0.0604918599 -0.961298168
vn 0.584927559 0.196560398 0.786907732
vn 0.00539150974 -0.993013084 0.117881037
vn -0.16896905 -0.985229194 -0.0278004277
vn 0.737024367 0.338756859 0.584840834
vn -0.175039738 -0.970955968 0.163111866
vn -0.234454662 -0.0172696188 0.971973658
vn 0.382887781 -0.851434886 0.35840714
vn 0.326072007 0.17340441 0.929305136
vn 0.419496775 -0.761411428 0.494241953
vn 0.394989103 0.216008872 0.892929912
vn 0.48789838 -0.747770131 0.450327665
vn 0.267850667 -0.883151114 -0.385097593
vn -0.141771853 -0.921957195 -0.360410482
vn 0.267850667 -0.883151114 -0.385097593
vn -0.399430633 -0.181738317 -0.898568988
vn -0.268787026 -0.0604918599 -0.961298168
vn 0.371031284 -0.87890929 -0.299757212
vn 0.112910032 -0.992985785 0.0350776687
vn -0.780475676 -0.138691232 0.609608412
vn -0.268787026 -0.0604918599 -0.961298168
vn -0.0831026584 0.0757178292 -0.993660271
vn -0.217530906 -0.129677266 -0.96740067
vn -0.295162708 -0.611218035 -0.734364688
vn -0.217530906 -0.129677266 -0.96740067
vn -0.646335483 -0.0885992125 -0.757892191
vn -0.311335057 -0.00416233577 -0.950291097
vn 0.067543 -0.840454042 -0.537656903
vn 0.00539150974 -0.993013084 0.117881037
vn 0.382887781 -0.851434886 0.35840714
vn -0.479107857 -0.4104155 -0.775896132
vn 0.077351585 -0.251571417 -0.96474272
vn -0.479107857 -0.4104155 -0.775896132
vn -0.725083888 0.418265402 -0.547089934
vn -0.972567677 -0.108110107 -0.205971435
vn -0.00759649882 0.980499566 -0.196374446
vn -0.19512704 0.976878703 0.0873690844
vn -0.900904834 -0.0968767032 -0.423066705
vn -0.0392792411 0.966275632 -0.254496604
vn -0.961120546 -0.0956589803 -0.25903064
vn -0.108911499 0.953112066 -0.282339692
vn -0.984305739 -0.10088376 -0.144791842
vn -0.111463904 -0.0399496034 -0.992965221
vn 0.862977505 0.491476983 -0.11713317
vn 0.764455318 0.642125607 0.0572954379
vn 0.992444694 0.0994821712 0.0718107373
vn 0.946742475 0.12885718 0.29508397
vn 0.838995695 -0.493313074 0.2296267
vn 0.90421474 -0.423699886 0.0536113679
vn 0.646160543 0.717309535 0.260659933
vn 0.973166287 -0.205906302 -0.102712803
vn 0.822700143 0.522338212 -0.224337339
vn 0.968454123 -0.149552926 -0.199325338
vn -0.111463904 -0.0399496034 -0.992965221
vn 0.771917641 -0.537145734 0.340025842
vn 0.864439547 0.125142217 0.48691237
vn 0.797488213 0.178282022 0.576392293
vn 0.215832055 -0.964805901 0.150220573
vn 0.540233254 0.725815892 0.425839484
vn -0.195054278 0.948284686 0.250419497
vn 0.418757766 -0.87410599 0.246131629
vn 0.767815828 0.195359662 0.610158622
vn 0.016179258 0.939019024 0.343484342
vn 0.121589601 -0.96775806 -0.220590904
vn -0.19800128 0.935377657 0.293025851
vn -0.19512704 0.976878703 0.0873690844
vn 0.163455322 -0.963936269 -0.210021719
vn -0.961120546 -0.0956589803 -0.25903064
vn -0.984305739 -0.10088376 -0.144791842
vn -0.900904834 -0.0968767032 -0.423066705
vn 0.233026296 -0.949701846 -0.209201396
vn 0.118705362 -0.992637396 0.0240826402
vn -0.972567677 -0.108110107 -0.205971435
vn -0.111463904 -0.0399496034 -0.992965221
vn -0.52418834 0.841441274 -0.13116084
vn -0.710951507 -0.0914934948 -0.697263837
vn -0.950244665 -0.0934043378 -0.297171265
vn -0.19800128 0.935377657 0.293025851
vn -0.992545664 -0.115641706 -0.0384716019
vn -0.972567677 -0.108110107 -0.205971435
vn -0.271328211 0.884051085 -0.380571544
vn -0.354056686 0.925942123 0.131434351
vn -0.0831026584 0.0757178292 -0.993660271
vn -0.281726927 0.914577663 0.290133864
vn 0.723313928 0.207262367 0.658679962
vn -0.52258724 -0.164100945 0.836644113
vn 0.240149006 -0.936689913 0.254834235
vn 0.112910032 -0.992985785 0.0350776687
vn -0.157213256 -0.942982674 -0.29337278
vn 0.371031284 -0.87890929 -0.299757212
vn -0.0831026584 0.0757178292 -0.993660271
vn -0.710951507 -0.0914934948 -0.697263837
vn -0.950244665 -0.0934043378 -0.297171265
vn 0.0458336584 -0.986388505 0.157914281
vn -0.992545664 -0.115641706 -0.0384716019
vn -0.972567677 -0.108110107 -0.205971435
vn -0.780475676 -0.138691232 0.609608412
vn -0.52258724 -0.164100945 0.836644113
vn 0.0458336584 -0.986388505 0.157914281
vn 0.118705362 -0.992637396 0.0240826402
vn 0.233026296 -0.949701846 -0.209201396
vn -0.381062418 0.822825909 -0.421602815
vn -0.00800099131 0.315944701 -0.94874382
vn -0.311335057 -0.00416233577 -0.950291097
vn -0.550217986 0.747244656 -0.372673631
vn -0.652543724 0.719490826 -0.237738803
vn -0.886998117 0.461451799 0.0172231626
vn 0.067543 -0.840454042 -0.537656903
vn 0.125576347 -0.846059918 -0.518086016
vn -0.949421048 -0.303472877 0.0806467608
vn 0.00539150974 -0.993013084 0.117881037
vn -0.309701651 -0.950799704 -0.00804571249
vn -0.16896905 -0.985229194 -0.0278004277
vn 0.125576347 -0.846059918 -0.518086016
vn 0.00539150974 -0.993013084 0.117881037
vn -0.666123271 0.741902113 -0.0765575245
vn -0.802149951 0.596859336 0.0177289583
vn -0.175039738 -0.970955968 0.163111866
vn -0.234454662 -0.0172696188 0.971973658
vn -0.652543724 0.719490826 -0.237738803
vn -0.19512704 0.976878703 0.0873690844
vn -0.886998117 0.461451799 0.0172231626
vn -0.949421048 -0.303472877 0.0806467608
vn -0.550217986 0.747244656 -0.372673631
vn -0.00800099131 0.315944701 -0.94874382
vn -0.550217986 0.747244656 -0.372673631
vn -0.410382807 0.414210647 -0.812413335
vn 0.556976557 0.395253837 -0.7304461
vn -0.322913945 0.830462575 -0.453936726
vn 0.269207984 0.012030418 -0.963006914
vn -0.256871074 -0.489104927 -0.833542883
vn 0.450318545 0.555445969 -0.699065745
vn -0.534365594 0.799563825 -0.274136901
vn 0.4336586 0.67408669 -0.597952545
vn -0.549232304 0.812528431 -0.195297882
vn 0.458553672 0.723970175 -0.5153597
vn -0.555518687 0.818441808 -0.146805599
vn -0.792790353 0.530830264 0.299504042
vn -0.91514802 0.325142443 0.23829931
vn -0.244981557 -0.293942004 0.923895061
vn -0.468507677 -0.658759892 0.588672936
vn -0.940240622 0.238579944 0.242954999
vn -0.50350523 -0.699078262 0.507712543
vn -0.92781961 0.30111599 0.220181987
vn -0.440989345 -0.536895573 0.719215989
vn -0.924386621 -0.0183366854 0.381015837
vn -0.934693515 0.343235463 -0.092397742
vn -0.97245568 0.232903793 0.00925560482
vn -0.925871909 0.0752006918 0.37027818
vn -0.578285038 0.79251343 0.193671957
vn 0.074967429 0.468211234 0.880430579
vn -0.512702525 0.819038272 0.257512182
vn -0.772540867 0.423785597 -0.47284919
vn -0.818407476 0.0785364881 -0.569246233
vn -0.668132603 0.377336234 -0.641261339
vn -0.142628148 -0.413217813 -0.89939332
vn -0.179262131 -0.536285639 -0.824780464
vn -0.697463334 0.326111466 -0.63811928
vn -0.295691907 -0.418038756 -0.858958602
vn -0.464726269 0.344624907 -0.815636694
vn -0.054526899 -0.462384939 -0.885001123
vn -0.44919461 0.843291521 0.295099407
vn 0.215874135 0.499180436 0.839176595
vn 0.148666725 0.507121444 0.848955929
vn 0.694437742 -0.362845272 0.621369004
vn 0.792562485 -0.391401201 0.467600077
vn 0.074967429 0.468211234 0.880430579
vn 0.822708249 -0.447759062 0.350232661
vn 0.684229612 0.542996287 0.486810803
vn 0.0652201995 0.973726809 -0.218179598
vn 0.450195432 -0.847113132 -0.28235361
vn 0.383318782 -0.881979287 -0.274188489
vn -0.179262131 -0.536285639 -0.824780464
vn -0.142628148 -0.413217813 -0.89939332
vn 0.496669829 -0.755910575 -0.426518828
vn 0.472920805 -0.803885341 -0.360713571
vn -0.295691907 -0.418038756 -0.858958602
vn -0.054526899 -0.462384939 -0.885001123
vn 0.686031401 -0.588361382 0.428009212
vn 0.074967429 0.468211234 0.880430579
vn 0.149786696 -0.921924353 -0.357238591
vn -0.256871074 -0.489104927 -0.833542883
vn 0.569215 -0.603414476 -0.558466792
vn 0.475871265 -0.878584146 -0.0404544026
vn 0.900372744 -0.194074899 -0.389440536
vn 0.556976557 0.395253837 -0.7304461
vn 0.269207984 0.012030418 -0.963006914
vn -0.256871074 -0.489104927 -0.833542883
vn 0.450318545 0.555445969 -0.699065745
vn 0.891113818 -0.216209188 -0.398960739
vn 0.4336586 0.67408669 -0.597952545
vn 0.925656378 -0.148061305 -0.348192751
vn 0.458553672 0.723970175 -0.5153597
vn 0.94798708 -0.156643465 -0.277097881
vn -0.238798305 0.0625296384 -0.969053864
vn 0.516209722 -0.607200027 -0.604016244
vn 0.783825219 -0.599229872 0.162916005
vn 0.653756738 -0.753166854 0.0730879828
vn -0.244981557 -0.293942004 0.923895061
vn -0.468507677 -0.658759892 0.588672936
vn 0.624100089 -0.76964587 0.134701163
vn 0.57851392 -0.796428978 0.176131979
vn -0.440989345 -0.536895573 0.719215989
vn 0.117941424 -0.989971519 -0.0777572393
vn 0.245694235 -0.907924414 0.339569479
vn -0.303785294 -0.490364313 0.816858172
vn 0.168544203 -0.98557359 0.0154166911
vn -0.150507078 -0.977334678 0.148877412
vn -0.466043502 -0.636492491 0.614557445
vn -0.303785294 -0.490364313 0.816858172
vn -0.303785294 -0.490364313 0.816858172
vn -0.323282599 -0.274982423 -0.905468404
vn -0.776081264 0.581046641 -0.245117784
vn -0.876459956 0.289904684 -0.384412676
vn -0.236520857 -0.0584846251 -0.969864607
vn -0.688137829 0.687884331 -0.230827913
vn -0.388297737 -0.270642936 -0.880895734
vn -0.452723861 -0.180474192 -0.87319535
vn -0.424941927 0.773562968 0.470132709
vn -0.723060846 0.655616283 -0.217601061
vn -0.559599698 0.787001073 0.259764433
vn -0.087582916 -0.0846649408 0.992552817
vn -0.856482148 0.429877132 -0.285734236
vn -0.577889204 0.709202945 0.4038257
vn 0.28797397 0.333904833 0.897540271
vn 0.248298213 0.279895216 0.927365422
vn 0.253569186 0.262222379 0.931097269
vn -0.932361901 0.355361819 0.0664778352
vn -0.452723861 -0.180474192 -0.87319535
vn -0.47688362 -0.413548619 -0.775602698
vn -0.087582916 -0.0846649408 0.992552817
vn -0.932361901 0.355361819 0.0664778352
vn 0.519643664 0.511861444 0.684082031
vn -0.087582916 -0.0846649408 0.992552817
vn 0.839713514 -0.426375926 0.336280614
vn 0.844274461 -0.398441434 0.358392268
vn 0.566486478 -0.619863331 -0.5430125
vn 0.434106946 -0.846834362 -0.307282805
vn -0.452723861 -0.180474192 -0.87319535
vn -0.47688362 -0.413548619 -0.775602698
vn 0.777225733 -0.548574984 0.308197409
vn 0.568372548 -0.620085478 -0.540783405
vn -0.236520857 -0.0584846251 -0.969864607
vn -0.323282599 -0.274982423 -0.905468404
vn 0.329112411 -0.740847826 -0.585516453
vn -0.388297737 -0.270642936 -0.880895734
vn -0.452723861 -0.180474192 -0.87319535
vn 0.799593091 -0.576230943 0.169141188
vn 0.271749318 -0.962277412 0.0132103069
vn 0.248298213 0.279895216 0.927365422
vn 0.253569186 0.262222379 0.931097269
vn 0.271749318 -0.962277412 0.0132103069
vn 0.519643664 0.511861444 0.684082031
vn 0.519643664 0.511861444 0.684082031
vn 0.395679116 -0.918387055 -0.0018275578
vn 0.672216415 0.55792892 0.486662507
vn 0.258041382 -0.945790231 0.197219282
vn -0.0700172782 -0.122809038 0.989957273
vn -0.915663421 0.269738495 0.297995865
vn -0.925764203 0.374379933 0.052917283
vn 0.519643664 0.511861444 0.684082031
vn 0.519643664 0.511861444 0.684082031
vn -0.256871074 -0.489104927 -0.833542883
vn -0.295691907 -0.418038756 -0.858958602
vn -0.621908128 -0.746923625 -0.235234529
vn -0.670805037 0.70920378 -0.216911286
vn -0.824327826 0.564402461 -0.0439715013
vn -0.545095563 -0.702401817 -0.457714498
vn -0.737392247 0.648831904 -0.187802881
vn -0.614770889 -0.743882895 -0.262097389
vn -0.71041739 0.675237656 -0.198396653
vn -0.703546166 -0.683887422 -0.193185911
vn -0.092033729 -0.11189118 -0.989449322
vn 0.293536305 0.948952556 -0.115435638
vn -0.0713564605 0.997297704 0.0174829941
vn 0.645211458 0.761172295 0.0657183677
vn -0.123371832 0.982567132 0.139072746
vn 0.606253445 0.754339457 0.251850605
vn 0.973354876 0.0479782373 0.224228203
vn 0.991986513 0.111094356 0.060173586
vn 0.960866988 0.262087673 -0.0896914154
vn 0.913494587 0.320035547 -0.251207083
vn 0.244443342 0.936415315 -0.251741469
vn -0.092033729 -0.11189118 -0.989449322
vn 0.593367994 0.657139719 0.464846015
vn 0.651330173 -0.730664432 0.204691127
vn 0.749063849 -0.630489945 0.203434721
vn 0.469937772 0.632924438 0.615276635
vn -0.614673376 -0.697171092 -0.368956804
vn -0.634484351 -0.772867441 0.0102741318
vn 0.710861802 -0.702221096 0.039508801
vn -0.621908128 -0.746923625 -0.235234529
vn -0.198986128 0.946198285 0.255172938
vn 0.777225733 -0.548574984 0.308197409
vn 0.39452368 0.529066026 0.751292348
vn 0.434106946 -0.846834362 -0.307282805
vn -0.47688362 -0.413548619 -0.775602698
vn -0.828851759 0.554886639 0.0714529008
vn -0.634484351 -0.772867441 0.0102741318
vn -0.614673376 -0.697171092 -0.368956804
vn -0.753058851 0.656223238 0.0476795919
vn 0.469937772 0.632924438 0.615276635
vn 0.593367994 0.657139719 0.464846015
vn -0.621908128 -0.746923625 -0.235234529
vn -0.47688362 -0.413548619 -0.775602698
vn -0.856482148 0.429877132 -0.285734236
vn -0.559599698 0.787001073 0.259764433
vn -0.409468383 -0.420119554 0.809836507
vn -0.087582916 -0.0846649408 0.992552817
vn -0.409468383 -0.420119554 0.809836507
vn 0.825541377 -0.547782481 -0.135705024
vn -0.621908128 -0.746923625 -0.235234529
vn -0.545095563 -0.702401817 -0.457714498
vn 0.757141173 -0.638624728 -0.137461364
vn -0.614770889 -0.743882895 -0.262097389
vn 0.701376021 -0.686537087 -0.191672727
vn -0.703546166 -0.683887422 -0.193185911
vn -0.092033729 -0.11189118 -0.989449322
vn -0.092033729 -0.11189118 -0.989449322
vn 0.710861802 -0.702221096 0.039508801
vn -0.876459956 0.289904684 -0.384412676
vn -0.238798305 0.0625296384 -0.969053864
vn -0.323282599 -0.274982423 -0.905468404
vn -0.843274653 0.223041996 -0.489019454
vn -0.998093426 0.05987202 -0.014994924
vn -0.932361901 0.355361819 0.0664778352
vn 0.329112411 -0.740847826 -0.585516453
vn 0.516209722 -0.607200027 -0.604016244
vn 0.117941424 -0.989971519 -0.0777572393
vn -0.788511157 -0.61279279 -0.0522991307
vn 0.271749318 -0.962277412 0.0132103069
vn 0.117941424 -0.989971519 -0.0777572393
vn 0.395679116 -0.918387055 -0.0018275578
vn -0.925764203 0.374379933 0.052917283
vn -0.915663421 0.269738495 0.297995865
vn 0.258041382 -0.945790231 0.197219282
vn -0.0700172782 -0.122809038 0.989957273
vn -0.092033729 -0.11189118 -0.989449322
vn -0.824327826 0.564402461 -0.0439715013
vn 0.117941424 -0.989971519 -0.0777572393
vn -0.440989345 -0.536895573 0.719215989
vn -0.788511157 -0.61279279 -0.0522991307
vn -0.440989345 -0.536895573 0.719215989
vn -0.998093426 0.05987202 -0.014994924
vn -0.788511157 -0.61279279 -0.0522991307
vn -0.843274653 0.223041996 -0.489019454
vn -0.238798305 0.0625296384 -0.969053864
vn -0.843274653 0.223041996 -0.489019454
vn 0.117668346 0.300815672 -0.946395338
vn 0.222152293 0.151622593 -0.963150561
vn 0.211174965 0.247255698 -0.945658326
vn 0.638487816 0.168342203 -0.750995457
vn 0.638487816 0.168342203 -0.750995457
vn 0.932131886 0.116269656 -0.342945188
vn 0.922699809 -0.0855257139 -0.375912994
vn 0.211174965 0.247255698 -0.945658326
vn 0.211174965 0.247255698 -0.945658326
vn 0.386685282 -0.797381103 -0.463311821
vn -0.643188 -0.726375103 -0.242256984
vn 0.386685282 -0.797381103 -0.463311821
vn -0.643188 -0.726375103 -0.242256984
vn 0.73867923 0.55420351 -0.383681625
vn 0.947137654 0.239705533 -0.213240713
vn 0.73867923 0.55420351 -0.383681625
vn 0.905477822 0.0125237694 -0.42420882
vn 0.777368128 -0.345025957 0.52598089
vn 0.845418513 -0.414092839 -0.337334573
vn 0.869135857 -0.169520423 0.464613616
vn 0.844162643 -0.476761043 0.245129257
vn 0.944039643 0.174840182 -0.279678643
vn 0.809348106 -0.574986219 -0.11977683
vn 0.875674665 0.433415294 -0.21294336
vn 0.832931817 -0.479739368 -0.275816232
vn -0.00447606854 0.185928777 -0.982553005
vn 0.0575782545 -0.998124301 -0.02080133
vn 0.0173620228 -0.925180078 -0.379131138
vn -0.00447606854 0.185928777 -0.982553005
vn 0.0771739855 -0.830705166 0.551337421
vn 0.0441188328 -0.356957495 0.93307817
vn 0.251532584 -0.160963312 0.954370022
vn -0.0537926145 0.621971548 -0.781189978
vn -0.0364725478 0.974852622 -0.219845682
vn -0.00447606854 0.185928777 -0.982553005
vn -0.804881513 -0.529666245 -0.26761806
vn -0.00447606854 0.185928777 -0.982553005
vn -0.74473083 -0.656607866 -0.119340137
vn -0.908935368 0.35793218 -0.213824868
vn -0.954844296 0.049366314 -0.292976588
vn -0.749172688 -0.601469815 0.277442455
vn -0.796248019 -0.31833297 0.514444709
vn -0.894457996 -0.310200274 -0.32205686
vn -0.525868416 -0.739510477 0.420222193
vn -0.501440704 -0.706327438 -0.499658644
vn -0.00447606854 0.185928777 -0.982553005
vn 0.251532584 -0.160963312 0.954370022
vn 0.0661501586 -0.243133932 -0.967734456
vn 0.168113306 -0.270619988 -0.947893918
vn -0.0537926145 0.621971548 -0.781189978
vn -0.0537926145 0.621971548 -0.781189978
vn -0.0364725478 0.974852622 -0.219845682
vn -0.00447606854 0.185928777 -0.982553005
vn 0.845418513 -0.414092839 -0.337334573
vn 0.0661501586 -0.243133932 -0.967734456
vn 0.168113306 -0.270619988 -0.947893918
vn -0.922279477 0.269069523 -0.277492583
vn -0.669338882 0.120839953 0.733064294
vn -0.153364703 -0.904887438 0.397061646
vn -0.780475676 -0.138691232 0.609608412
vn -0.52258724 -0.164100945 0.836644113
vn 0.737024367 0.338756859 0.584840834
vn -0.234454662 -0.0172696188 0.971973658
vn -0.802149951 0.596859336 0.0177289583
vn 0.844274461 -0.398441434 0.358392268
vn -0.087582916 -0.0846649408 0.992552817
vn -0.409468383 -0.420119554 0.809836507
vn -0.409468383 -0.420119554 0.809836507
vn -0 -0.712840497 0.701326191
vn -0 0.5505234 0.834819674
vn -0 0.76688695 -0.641782284
vn -0 0.279629767 0.960107923
vn 0.730267644 -0.583693326 0.354980499
vn 0.0606760196 -0.851074219 0.521527708
vn 0.298674047 -0.491987586 0.817766428
vn 0.690408468 -0.0960954875 0.717008948
vn 0.298674047 -0.491987586 0.817766428
vn -0.184001431 -0.498846114 0.846933365
vn 0.298674047 -0.491987586 0.817766428
vn -0.184001431 -0.498846114 0.846933365
vn 0.0404830165 -0.102031663 0.993957043
vn 0.298674047 -0.491987586 0.817766428
vn 0.690408468 -0.0960954875 0.717008948
vn 0.298674047 -0.491987586 0.817766428
vn 0.0404830165 -0.102031663 0.993957043
vn -0.140144289 -0.229886338 0.963074148
vn 0.322225332 -0.162460238 0.932618618
vn 0.133687422 -0.665328324 0.734483421
vn 0.0178909898 0.270251453 0.962623596
vn 0.322225332 -0.162460238 0.932618618
vn 0.133687422 -0.665328324 0.734483421
vn 0.322225332 -0.162460238 0.932618618
vn 0.783372343 -0.383270085 0.489317805
vn 0.322225332 -0.162460238 0.932618618
vn 0.713635206 0.250419497 0.654228389
vn 0.0178909898 0.270251453 0.962623596
vn 0.713635206 0.250419497 0.654228389
vn 0.322225332 -0.162460238 0.932618618
vn 0.727042973 0.452813804 0.516108572
vn 0.791723251 -0.181825012 0.583192825
vn 0.38297537 0.192038953 0.903576791
vn 0.125126168 -0.375619024 0.91828841
vn 0.38297537 0.192038953 0.903576791
vn 0.0458843298 0.54356879 0.838109612
vn 0.727042973 0.452813804 0.516108572
vn 0.38297537 0.192038953 0.903576791
vn 0.125126168 -0.375619024 0.91828841
vn -0.160260543 0.057588838 0.985393465
vn 0.38297537 0.192038953 0.903576791
vn 0.0458843298 0.54356879 0.838109612
vn 0.38297537 0.192038953 0.903576791
vn 0.0521963872 -0.992442667 0.111053921
vn 0.251002252 -0.802232921 0.541682661
vn 0.631946146 -0.766547322 0.114232995
vn 0.663173974 -0.384742171 0.64200753
vn 0.251002252 -0.802232921 0.541682661
vn -0.191274256 -0.746751487 0.637005746
vn 0.251002252 -0.802232921 0.541682661
vn 0.136918455 -0.389222354 0.910911262
vn 0.663173974 -0.384742171 0.64200753
vn 0.251002252 -0.802232921 0.541682661
vn 0.136918455 -0.389222354 0.910911262
vn 0.251002252 -0.802232921 0.541682661
vn -0.191274256 -0.746751487 0.637005746
vn -0 0.809802711 -0.586702287
g jivoglot2_0
f 3/3/3 2/2/2 1/1/1
f 4/4/4 1/1/1 2/2/2
f 2/2/2 3/3/3 5/5/5
f 5/5/5 6/6/6 2/2/2
f 7/7/7 2/2/2 6/6/6
f 2/2/2 7/7/7 4/4/4
f 8/8/8 5/5/5 3/3/3
f 5/5/5 8/8/8 9/9/9
f 10/10/10 9/9/9 8/8/8
f 3/3/3 11/11/11 8/8/8
f 3/3/3 1/1/1 11/11/11
f 12/12/12 8/8/8 11/11/11
f 8/8/8 12/12/12 10/10/10
f 13/13/13 10/10/10 12/12/12
f 10/10/10 13/13/13 14/14/14
f 15/15/15 14/14/14 13/13/13
f 12/12/12 16/16/16 13/13/13
f 17/17/17 13/13/13 16/16/16
f 13/13/13 17/17/17 15/15/15
f 17/17/17 16/16/16 18/18/18
f 19/19/19 18/18/18 16/16/16
f 18/18/18 19/19/19 20/20/20
f 21/21/21 20/20/20 19/19/19
f 9/9/9 10/10/10 22/22/22
f 14/14/14 22/22/22 10/10/10
f 19/19/19 16/16/16 23/23/23
f 19/19/19 23/23/23 21/21/21
f 24/24/24 23/23/23 16/16/16
f 16/16/16 12/12/12 24/24/24
f 11/11/11 24/24/24 12/12/12
f 23/23/23 24/24/24 25/25/25
f 26/26/26 25/25/25 24/24/24
f 24/24/24 11/11/11 26/26/26
f 23/23/23 25/25/25 27/27/27
f 27/27/27 21/21/21 23/23/23
f 28/28/28 27/27/27 25/25/25
f 27/27/27 28/28/28 29/29/29
f 30/30/30 29/29/29 28/28/28
f 25/25/25 31/31/31 28/28/28
f 25/25/25 26/26/26 31/31/31
f 32/32/32 28/28/28 31/31/31
f 32/32/32 31/31/31 33/33/33
f 33/33/33 34/34/34 32/32/32
f 35/35/35 32/32/32 34/34/34
f 32/32/32 35/35/35 28/28/28
f 30/30/30 28/28/28 35/35/35
f 36/36/36 33/33/33 31/31/31
f 31/31/31 37/37/37 36/36/36
f 37/37/37 31/31/31 26/26/26
f 38/38/38 36/36/36 37/37/37
f 26/26/26 39/39/39 37/37/37
f 40/40/40 37/37/37 39/39/39
f 37/37/37 40/40/40 38/38/38
f 39/39/39 1/1/1 40/40/40
f 41/41/41 40/40/40 1/1/1
f 40/40/40 41/41/41 42/42/42
f 42/42/42 38/38/38 40/40/40
f 43/43/43 42/42/42 41/41/41
f 39/39/39 11/11/11 1/1/1
f 39/39/39 26/26/26 11/11/11
f 34/34/34 44/44/44 35/35/35
f 45/45/45 35/35/35 44/44/44
f 45/45/45 46/46/46 35/35/35
f 44/44/44 47/47/47 45/45/45
f 48/48/48 45/45/45 47/47/47
f 48/48/48 46/46/46 45/45/45
f 47/47/47 49/49/49 48/48/48
f 50/50/50 48/48/48 49/49/49
f 50/50/50 49/49/49 51/51/51
f 52/52/52 51/51/51 49/49/49
f 52/52/52 53/53/53 51/51/51
f 54/54/54 51/51/51 53/53/53
f 54/54/54 53/53/53 55/55/55
f 56/56/56 55/55/55 53/53/53
f 56/56/56 57/57/57 55/55/55
f 58/58/58 55/55/55 57/57/57
f 50/50/50 59/59/59 48/48/48
f 46/46/46 48/48/48 59/59/59
f 59/59/59 50/50/50 60/60/60
f 61/61/61 60/60/60 50/50/50
f 50/50/50 51/51/51 61/61/61
f 60/60/60 61/61/61 62/62/62
f 60/60/60 62/62/62 63/63/63
f 64/64/64 63/63/63 62/62/62
f 64/64/64 65/65/65 63/63/63
f 66/66/66 63/63/63 65/65/65
f 66/66/66 65/65/65 67/67/67
f 68/68/68 67/67/67 65/65/65
f 68/68/68 69/69/69 67/67/67
f 70/70/70 67/67/67 69/69/69
f 69/69/69 68/68/68 71/71/71
f 71/71/71 72/72/72 69/69/69
f 73/73/73 69/69/69 72/72/72
f 69/69/69 73/73/73 70/70/70
f 72/72/72 71/71/71 74/74/74
f 75/75/75 74/74/74 71/71/71
f 74/74/74 75/75/75 76/76/76
f 77/77/77 76/76/76 75/75/75
f 71/71/71 78/78/78 75/75/75
f 78/78/78 71/71/71 68/68/68
f 79/79/79 75/75/75 78/78/78
f 75/75/75 79/79/79 77/77/77
f 76/76/76 77/77/77 80/80/80
f 81/81/81 80/80/80 77/77/77
f 80/80/80 81/81/81 82/82/82
f 80/80/80 82/82/82 83/83/83
f 84/84/84 83/83/83 82/82/82
f 84/84/84 85/85/85 83/83/83
f 86/86/86 83/83/83 85/85/85
f 85/85/85 87/87/87 86/86/86
f 88/88/88 86/86/86 87/87/87
f 84/84/84 82/82/82 89/89/89
f 90/90/90 89/89/89 82/82/82
f 89/89/89 91/91/91 84/84/84
f 85/85/85 84/84/84 91/91/91
f 92/92/92 82/82/82 81/81/81
f 82/82/82 92/92/92 90/90/90
f 93/93/93 90/90/90 92/92/92
f 86/86/86 94/94/94 83/83/83
f 95/95/95 83/83/83 94/94/94
f 83/83/83 95/95/95 80/80/80
f 95/95/95 94/94/94 96/96/96
f 97/97/97 96/96/96 94/94/94
f 96/96/96 74/74/74 95/95/95
f 76/76/76 95/95/95 74/74/74
f 95/95/95 76/76/76 80/80/80
f 74/74/74 96/96/96 72/72/72
f 98/98/98 72/72/72 96/96/96
f 72/72/72 98/98/98 73/73/73
f 99/99/99 73/73/73 98/98/98
f 73/73/73 99/99/99 100/100/100
f 101/101/101 100/100/100 99/99/99
f 101/101/101 99/99/99 102/102/102
f 101/101/101 102/102/102 103/103/103
f 104/104/104 103/103/103 102/102/102
f 105/105/105 102/102/102 99/99/99
f 105/105/105 106/106/106 102/102/102
f 107/107/107 102/102/102 106/106/106
f 108/108/108 105/105/105 99/99/99
f 100/100/100 70/70/70 73/73/73
f 100/100/100 101/101/101 109/109/109
f 103/103/103 109/109/109 101/101/101
f 109/109/109 103/103/103 20/20/20
f 110/110/110 20/20/20 103/103/103
f 20/20/20 21/21/21 109/109/109
f 111/111/111 109/109/109 21/21/21
f 109/109/109 111/111/111 100/100/100
f 70/70/70 100/100/100 111/111/111
f 111/111/111 29/29/29 70/70/70
f 67/67/67 70/70/70 29/29/29
f 110/110/110 112/112/112 20/20/20
f 112/112/112 110/110/110 113/113/113
f 114/114/114 113/113/113 110/110/110
f 21/21/21 27/27/27 111/111/111
f 29/29/29 111/111/111 27/27/27
f 113/113/113 115/115/115 112/112/112
f 112/112/112 115/115/115 116/116/116
f 117/117/117 116/116/116 115/115/115
f 117/117/117 118/118/118 116/116/116
f 116/116/116 18/18/18 112/112/112
f 18/18/18 20/20/20 112/112/112
f 118/118/118 119/119/119 116/116/116
f 15/15/15 116/116/116 119/119/119
f 15/15/15 119/119/119 120/120/120
f 116/116/116 15/15/15 17/17/17
f 17/17/17 18/18/18 116/116/116
f 118/118/118 121/121/121 119/119/119
f 122/122/122 119/119/119 121/121/121
f 113/113/113 123/123/123 115/115/115
f 124/124/124 115/115/115 123/123/123
f 14/14/14 15/15/15 120/120/120
f 120/120/120 22/22/22 14/14/14
f 120/120/120 125/125/125 22/22/22
f 117/117/117 126/126/126 118/118/118
f 124/124/124 127/127/127 126/126/126
f 128/128/128 126/126/126 127/127/127
f 127/127/127 129/129/129 128/128/128
f 130/130/130 128/128/128 129/129/129
f 129/129/129 131/131/131 130/130/130
f 132/132/132 130/130/130 131/131/131
f 133/133/133 132/132/132 131/131/131
f 130/130/130 132/132/132 134/134/134
f 135/135/135 134/134/134 132/132/132
f 133/133/133 135/135/135 132/132/132
f 134/134/134 135/135/135 136/136/136
f 137/137/137 136/136/136 135/135/135
f 138/138/138 137/137/137 135/135/135
f 136/136/136 139/139/139 134/134/134
f 140/140/140 134/134/134 139/139/139
f 134/134/134 140/140/140 130/130/130
f 128/128/128 130/130/130 140/140/140
f 139/139/139 141/141/141 140/140/140
f 142/142/142 140/140/140 141/141/141
f 140/140/140 142/142/142 128/128/128
f 126/126/126 128/128/128 142/142/142
f 142/142/142 118/118/118 126/126/126
f 118/118/118 142/142/142 121/121/121
f 143/143/143 121/121/121 142/142/142
f 117/117/117 115/115/115 126/126/126
f 124/124/124 126/126/126 115/115/115
f 146/146/146 145/145/145 144/144/144
f 147/147/147 144/144/144 145/145/145
f 144/144/144 147/147/147 148/148/148
f 147/147/147 145/145/145 149/149/149
f 150/150/150 148/148/148 147/147/147
f 148/148/148 150/150/150 151/151/151
f 151/151/151 150/150/150 90/90/90
f 90/90/90 152/152/152 151/151/151
f 153/153/153 151/151/151 152/152/152
f 151/151/151 153/153/153 148/148/148
f 154/154/154 153/153/153 152/152/152
f 152/152/152 90/90/90 93/93/93
f 155/155/155 152/152/152 93/93/93
f 154/154/154 152/152/152 156/156/156
f 157/157/157 154/154/154 156/156/156
f 156/156/156 158/158/158 157/157/157
f 159/159/159 156/156/156 152/152/152
f 152/152/152 155/155/155 159/159/159
f 155/155/155 160/160/160 159/159/159
f 161/161/161 159/159/159 160/160/160
f 156/156/156 159/159/159 161/161/161
f 155/155/155 162/162/162 160/160/160
f 163/163/163 160/160/160 162/162/162
f 163/163/163 162/162/162 164/164/164
f 164/164/164 162/162/162 165/165/165
f 166/166/166 165/165/165 162/162/162
f 92/92/92 155/155/155 93/93/93
f 155/155/155 92/92/92 167/167/167
f 155/155/155 167/167/167 162/162/162
f 81/81/81 167/167/167 92/92/92
f 167/167/167 81/81/81 168/168/168
f 168/168/168 169/169/169 167/167/167
f 170/170/170 167/167/167 169/169/169
f 77/77/77 168/168/168 81/81/81
f 168/168/168 77/77/77 79/79/79
f 171/171/171 170/170/170 169/169/169
f 169/169/169 168/168/168 172/172/172
f 79/79/79 172/172/172 168/168/168
f 171/171/171 173/173/173 170/170/170
f 174/174/174 170/170/170 173/173/173
f 170/170/170 174/174/174 175/175/175
f 176/176/176 175/175/175 174/174/174
f 173/173/173 177/177/177 174/174/174
f 178/178/178 174/174/174 177/177/177
f 174/174/174 178/178/178 176/176/176
f 179/179/179 178/178/178 177/177/177
f 180/180/180 176/176/176 178/178/178
f 178/178/178 181/181/181 180/180/180
f 176/176/176 180/180/180 55/55/55
f 54/54/54 55/55/55 180/180/180
f 55/55/55 58/58/58 176/176/176
f 175/175/175 176/176/176 58/58/58
f 181/181/181 182/182/182 180/180/180
f 54/54/54 180/180/180 182/182/182
f 182/182/182 183/183/183 54/54/54
f 51/51/51 54/54/54 183/183/183
f 183/183/183 61/61/61 51/51/51
f 61/61/61 183/183/183 184/184/184
f 185/185/185 184/184/184 183/183/183
f 183/183/183 182/182/182 185/185/185
f 186/186/186 184/184/184 185/185/185
f 184/184/184 62/62/62 61/61/61
f 184/184/184 186/186/186 187/187/187
f 178/178/178 188/188/188 181/181/181
f 189/189/189 185/185/185 182/182/182
f 182/182/182 181/181/181 189/189/189
f 190/190/190 189/189/189 181/181/181
f 189/189/189 190/190/190 191/191/191
f 192/192/192 191/191/191 190/190/190
f 190/190/190 188/188/188 192/192/192
f 192/192/192 193/193/193 191/191/191
f 194/194/194 191/191/191 193/193/193
f 194/194/194 193/193/193 78/78/78
f 78/78/78 68/68/68 194/194/194
f 65/65/65 194/194/194 68/68/68
f 65/65/65 195/195/195 194/194/194
f 196/196/196 194/194/194 195/195/195
f 195/195/195 187/187/187 196/196/196
f 192/192/192 197/197/197 193/193/193
f 197/197/197 192/192/192 179/179/179
f 190/190/190 181/181/181 179/179/179
f 172/172/172 193/193/193 197/197/197
f 172/172/172 79/79/79 193/193/193
f 78/78/78 193/193/193 79/79/79
f 199/199/199 88/88/88 198/198/198
f 88/88/88 199/199/199 86/86/86
f 94/94/94 86/86/86 199/199/199
f 199/199/199 198/198/198 200/200/200
f 198/198/198 201/201/201 200/200/200
f 201/201/201 202/202/202 200/200/200
f 201/201/201 203/203/203 202/202/202
f 204/204/204 203/203/203 201/201/201
f 205/205/205 203/203/203 204/204/204
f 206/206/206 202/202/202 203/203/203
f 202/202/202 206/206/206 97/97/97
f 207/207/207 97/97/97 206/206/206
f 97/97/97 207/207/207 96/96/96
f 96/96/96 207/207/207 98/98/98
f 208/208/208 98/98/98 207/207/207
f 209/209/209 98/98/98 208/208/208
f 209/209/209 210/210/210 98/98/98
f 98/98/98 210/210/210 99/99/99
f 108/108/108 99/99/99 210/210/210
f 108/108/108 210/210/210 211/211/211
f 212/212/212 211/211/211 210/210/210
f 211/211/211 212/212/212 213/213/213
f 214/214/214 213/213/213 212/212/212
f 213/213/213 214/214/214 106/106/106
f 107/107/107 106/106/106 214/214/214
f 209/209/209 208/208/208 215/215/215
f 205/205/205 215/215/215 208/208/208
f 216/216/216 215/215/215 205/205/205
f 214/214/214 212/212/212 216/216/216
f 217/217/217 216/216/216 212/212/212
f 218/218/218 216/216/216 217/217/217
f 220/220/220 91/91/91 219/219/219
f 221/221/221 219/219/219 91/91/91
f 222/222/222 219/219/219 221/221/221
f 91/91/91 220/220/220 85/85/85
f 87/87/87 85/85/85 220/220/220
f 223/223/223 222/222/222 221/221/221
f 222/222/222 223/223/223 224/224/224
f 222/222/222 224/224/224 225/225/225
f 226/226/226 224/224/224 223/223/223
f 226/226/226 227/227/227 224/224/224
f 224/224/224 227/227/227 228/228/228
f 229/229/229 228/228/228 227/227/227
f 230/230/230 228/228/228 229/229/229
f 228/228/228 231/231/231 224/224/224
f 232/232/232 91/91/91 89/89/89
f 89/89/89 90/90/90 233/233/233
f 236/236/236 235/235/235 234/234/234
f 237/237/237 234/234/234 235/235/235
f 238/238/238 237/237/237 235/235/235
f 234/234/234 237/237/237 239/239/239
f 240/240/240 239/239/239 237/237/237
f 240/240/240 237/237/237 241/241/241
f 242/242/242 241/241/241 237/237/237
f 237/237/237 238/238/238 242/242/242
f 242/242/242 58/58/58 241/241/241
f 242/242/242 243/243/243 58/58/58
f 57/57/57 241/241/241 58/58/58
f 234/234/234 239/239/239 146/146/146
f 244/244/244 146/146/146 239/239/239
f 234/234/234 146/146/146 245/245/245
f 246/246/246 242/242/242 238/238/238
f 246/246/246 238/238/238 247/247/247
f 247/247/247 248/248/248 246/246/246
f 249/249/249 247/247/247 238/238/238
f 238/238/238 235/235/235 249/249/249
f 250/250/250 249/249/249 235/235/235
f 250/250/250 235/235/235 236/236/236
f 243/243/243 242/242/242 251/251/251
f 246/246/246 251/251/251 242/242/242
f 251/251/251 246/246/246 252/252/252
f 251/251/251 252/252/252 253/253/253
f 253/253/253 254/254/254 251/251/251
f 243/243/243 254/254/254 165/165/165
f 243/243/243 251/251/251 255/255/255
f 164/164/164 256/256/256 254/254/254
f 258/258/258 253/253/253 257/257/257
f 258/258/258 259/259/259 158/158/158
f 260/260/260 158/158/158 253/253/253
f 234/234/234 261/261/261 236/236/236
f 264/264/264 263/263/263 262/262/262
f 265/265/265 262/262/262 263/263/263
f 262/262/262 266/266/266 264/264/264
f 267/267/267 264/264/264 266/266/266
f 265/265/265 268/268/268 262/262/262
f 263/263/263 264/264/264 269/269/269
f 270/270/270 269/269/269 264/264/264
f 264/264/264 267/267/267 270/270/270
f 269/269/269 270/270/270 271/271/271
f 272/272/272 271/271/271 270/270/270
f 270/270/270 273/273/273 272/272/272
f 273/273/273 270/270/270 267/267/267
f 274/274/274 272/272/272 273/273/273
f 271/271/271 272/272/272 275/275/275
f 276/276/276 275/275/275 272/272/272
f 272/272/272 274/274/274 277/277/277
f 278/278/278 277/277/277 274/274/274
f 278/278/278 274/274/274 279/279/279
f 280/280/280 279/279/279 274/274/274
f 274/274/274 273/273/273 280/280/280
f 269/269/269 271/271/271 281/281/281
f 282/282/282 281/281/281 271/271/271
f 271/271/271 275/275/275 282/282/282
f 273/273/273 267/267/267 283/283/283
f 283/283/283 280/280/280 273/273/273
f 280/280/280 283/283/283 284/284/284
f 285/285/285 284/284/284 283/283/283
f 284/284/284 285/285/285 286/286/286
f 287/287/287 286/286/286 285/285/285
f 284/284/284 288/288/288 280/280/280
f 289/289/289 280/280/280 288/288/288
f 288/288/288 284/284/284 290/290/290
f 286/286/286 290/290/290 284/284/284
f 283/283/283 291/291/291 285/285/285
f 291/291/291 283/283/283 267/267/267
f 292/292/292 285/285/285 291/291/291
f 285/285/285 292/292/292 287/287/287
f 291/291/291 293/293/293 292/292/292
f 294/294/294 292/292/292 293/293/293
f 292/292/292 294/294/294 295/295/295
f 295/295/295 287/287/287 292/292/292
f 296/296/296 295/295/295 294/294/294
f 297/297/297 293/293/293 267/267/267
f 291/291/291 267/267/267 298/298/298
f 301/301/301 300/300/300 299/299/299
f 302/302/302 301/301/301 299/299/299
f 302/302/302 299/299/299 303/303/303
f 304/304/304 301/301/301 302/302/302
f 304/304/304 305/305/305 301/301/301
f 305/305/305 304/304/304 306/306/306
f 305/305/305 306/306/306 307/307/307
f 308/308/308 307/307/307 306/306/306
f 306/306/306 309/309/309 308/308/308
f 310/310/310 308/308/308 309/309/309
f 306/306/306 311/311/311 309/309/309
f 311/311/311 306/306/306 304/304/304
f 312/312/312 309/309/309 311/311/311
f 312/312/312 311/311/311 313/313/313
f 314/314/314 313/313/313 311/311/311
f 311/311/311 304/304/304 314/314/314
f 314/314/314 315/315/315 313/313/313
f 316/316/316 313/313/313 315/315/315
f 312/312/312 317/317/317 309/309/309
f 312/312/312 313/313/313 317/317/317
f 318/318/318 309/309/309 317/317/317
f 317/317/317 319/319/319 318/318/318
f 320/320/320 318/318/318 319/319/319
f 318/318/318 320/320/320 321/321/321
f 322/322/322 321/321/321 320/320/320
f 317/317/317 323/323/323 319/319/319
f 323/323/323 317/317/317 313/313/313
f 324/324/324 319/319/319 323/323/323
f 323/323/323 325/325/325 324/324/324
f 326/326/326 324/324/324 325/325/325
f 321/321/321 327/327/327 318/318/318
f 309/309/309 318/318/318 327/327/327
f 325/325/325 323/323/323 328/328/328
f 313/313/313 328/328/328 323/323/323
f 320/320/320 329/329/329 322/322/322
f 330/330/330 322/322/322 329/329/329
f 329/329/329 331/331/331 330/330/330
f 332/332/332 330/330/330 331/331/331
f 331/331/331 329/329/329 333/333/333
f 329/329/329 320/320/320 333/333/333
f 331/331/331 333/333/333 334/334/334
f 335/335/335 333/333/333 324/324/324
f 324/324/324 326/326/326 335/335/335
f 335/335/335 334/334/334 333/333/333
f 335/335/335 336/336/336 334/334/334
f 336/336/336 335/335/335 326/326/326
f 337/337/337 334/334/334 336/336/336
f 319/319/319 324/324/324 333/333/333
f 319/319/319 333/333/333 320/320/320
f 338/338/338 332/332/332 331/331/331
f 338/338/338 331/331/331 334/334/334
f 338/338/338 334/334/334 337/337/337
f 310/310/310 309/309/309 327/327/327
f 340/340/340 339/339/339 313/313/313
f 341/341/341 310/310/310 327/327/327
f 308/308/308 310/310/310 342/342/342
f 343/343/343 342/342/342 310/310/310
f 342/342/342 344/344/344 308/308/308
f 307/307/307 308/308/308 344/344/344
f 345/345/345 307/307/307 344/344/344
f 346/346/346 345/345/345 344/344/344
f 307/307/307 345/345/345 305/305/305
f 347/347/347 305/305/305 345/345/345
f 347/347/347 301/301/301 305/305/305
f 350/350/350 349/349/349 348/348/348
f 352/352/352 350/350/350 351/351/351
f 351/351/351 353/353/353 352/352/352
f 354/354/354 352/352/352 353/353/353
f 352/352/352 354/354/354 314/314/314
f 314/314/314 355/355/355 352/352/352
f 352/352/352 355/355/355 350/350/350
f 315/315/315 314/314/314 354/354/354
f 355/355/355 314/314/314 304/304/304
f 304/304/304 350/350/350 355/355/355
f 302/302/302 350/350/350 304/304/304
f 302/302/302 303/303/303 350/350/350
f 357/357/357 22/22/22 356/356/356
f 356/356/356 22/22/22 358/358/358
f 9/9/9 22/22/22 357/357/357
f 357/357/357 359/359/359 9/9/9
f 357/357/357 360/360/360 359/359/359
f 361/361/361 359/359/359 360/360/360
f 361/361/361 362/362/362 359/359/359
f 361/361/361 360/360/360 363/363/363
f 364/364/364 363/363/363 360/360/360
f 360/360/360 365/365/365 364/364/364
f 366/366/366 364/364/364 365/365/365
f 367/367/367 364/364/364 366/366/366
f 368/368/368 363/363/363 364/364/364
f 368/368/368 369/369/369 363/363/363
f 362/362/362 361/361/361 369/369/369
f 363/363/363 369/369/369 361/361/361
f 357/357/357 370/370/370 360/360/360
f 365/365/365 360/360/360 370/370/370
f 370/370/370 357/357/357 371/371/371
f 5/5/5 9/9/9 359/359/359
f 5/5/5 359/359/359 6/6/6
f 372/372/372 6/6/6 359/359/359
f 374/374/374 368/368/368 373/373/373
f 373/373/373 375/375/375 374/374/374
f 376/376/376 374/374/374 375/375/375
f 377/377/377 368/368/368 374/374/374
f 374/374/374 376/376/376 377/377/377
f 378/378/378 377/377/377 376/376/376
f 378/378/378 376/376/376 379/379/379
f 380/380/380 379/379/379 376/376/376
f 381/381/381 378/378/378 379/379/379
f 377/377/377 378/378/378 382/382/382
f 381/381/381 382/382/382 378/378/378
f 382/382/382 367/367/367 377/377/377
f 375/375/375 383/383/383 376/376/376
f 380/380/380 376/376/376 383/383/383
f 380/380/380 383/383/383 384/384/384
f 380/380/380 385/385/385 379/379/379
f 386/386/386 379/379/379 385/385/385
f 386/386/386 385/385/385 387/387/387
f 388/388/388 387/387/387 385/385/385
f 387/387/387 389/389/389 386/386/386
f 389/389/389 387/387/387 390/390/390
f 391/391/391 390/390/390 387/387/387
f 387/387/387 388/388/388 391/391/391
f 392/392/392 386/386/386 389/389/389
f 389/389/389 393/393/393 392/392/392
f 389/389/389 390/390/390 393/393/393
f 394/394/394 392/392/392 393/393/393
f 386/386/386 392/392/392 395/395/395
f 396/396/396 395/395/395 392/392/392
f 392/392/392 394/394/394 396/396/396
f 397/397/397 391/391/391 388/388/388
f 388/388/388 398/398/398 397/397/397
f 399/399/399 397/397/397 398/398/398
f 391/391/391 397/397/397 400/400/400
f 401/401/401 400/400/400 397/397/397
f 397/397/397 399/399/399 401/401/401
f 401/401/401 402/402/402 400/400/400
f 403/403/403 400/400/400 402/402/402
f 402/402/402 404/404/404 403/403/403
f 405/405/405 403/403/403 404/404/404
f 406/406/406 393/393/393 390/390/390
f 406/406/406 407/407/407 393/393/393
f 408/408/408 393/393/393 407/407/407
f 407/407/407 409/409/409 408/408/408
f 410/410/410 408/408/408 409/409/409
f 407/407/407 406/406/406 411/411/411
f 412/412/412 411/411/411 406/406/406
f 411/411/411 412/412/412 413/413/413
f 413/413/413 414/414/414 411/411/411
f 415/415/415 411/411/411 414/414/414
f 409/409/409 407/407/407 415/415/415
f 411/411/411 415/415/415 407/407/407
f 414/414/414 413/413/413 416/416/416
f 417/417/417 416/416/416 413/413/413
f 417/417/417 413/413/413 418/418/418
f 419/419/419 418/418/418 413/413/413
f 419/419/419 413/413/413 412/412/412
f 412/412/412 420/420/420 419/419/419
f 421/421/421 419/419/419 420/420/420
f 416/416/416 417/417/417 422/422/422
f 423/423/423 422/422/422 417/417/417
f 417/417/417 418/418/418 423/423/423
f 418/418/418 419/419/419 424/424/424
f 421/421/421 424/424/424 419/419/419
f 424/424/424 425/425/425 418/418/418
f 426/426/426 418/418/418 425/425/425
f 426/426/426 423/423/423 418/418/418
f 420/420/420 412/412/412 390/390/390
f 406/406/406 390/390/390 412/412/412
f 420/420/420 400/400/400 421/421/421
f 403/403/403 421/421/421 400/400/400
f 424/424/424 421/421/421 405/405/405
f 403/403/403 405/405/405 421/421/421
f 390/390/390 391/391/391 420/420/420
f 400/400/400 420/420/420 391/391/391
f 422/422/422 423/423/423 427/427/427
f 428/428/428 427/427/427 423/423/423
f 425/425/425 424/424/424 429/429/429
f 405/405/405 429/429/429 424/424/424
f 429/429/429 430/430/430 425/425/425
f 431/431/431 425/425/425 430/430/430
f 430/430/430 432/432/432 431/431/431
f 433/433/433 431/431/431 432/432/432
f 432/432/432 434/434/434 433/433/433
f 434/434/434 432/432/432 435/435/435
f 436/436/436 435/435/435 432/432/432
f 432/432/432 430/430/430 436/436/436
f 435/435/435 437/437/437 434/434/434
f 438/438/438 434/434/434 437/437/437
f 437/437/437 439/439/439 438/438/438
f 440/440/440 438/438/438 439/439/439
f 434/434/434 438/438/438 441/441/441
f 441/441/441 433/433/433 434/434/434
f 442/442/442 441/441/441 438/438/438
f 438/438/438 440/440/440 442/442/442
f 439/439/439 443/443/443 440/440/440
f 444/444/444 440/440/440 443/443/443
f 443/443/443 445/445/445 444/444/444
f 443/443/443 446/446/446 445/445/445
f 447/447/447 445/445/445 446/446/446
f 447/447/447 446/446/446 448/448/448
f 449/449/449 448/448/448 446/446/446
f 448/448/448 449/449/449 450/450/450
f 451/451/451 450/450/450 449/449/449
f 447/447/447 452/452/452 445/445/445
f 453/453/453 445/445/445 452/452/452
f 448/448/448 454/454/454 447/447/447
f 452/452/452 447/447/447 454/454/454
f 455/455/455 444/444/444 445/445/445
f 445/445/445 453/453/453 455/455/455
f 456/456/456 455/455/455 453/453/453
f 449/449/449 446/446/446 457/457/457
f 458/458/458 457/457/457 446/446/446
f 458/458/458 446/446/446 443/443/443
f 458/458/458 459/459/459 457/457/457
f 460/460/460 457/457/457 459/459/459
f 459/459/459 458/458/458 437/437/437
f 439/439/439 437/437/437 458/458/458
f 439/439/439 458/458/458 443/443/443
f 437/437/437 435/435/435 459/459/459
f 461/461/461 459/459/459 435/435/435
f 435/435/435 436/436/436 461/461/461
f 462/462/462 461/461/461 436/436/436
f 436/436/436 463/463/463 462/462/462
f 464/464/464 462/462/462 463/463/463
f 464/464/464 465/465/465 462/462/462
f 464/464/464 466/466/466 465/465/465
f 467/467/467 465/465/465 466/466/466
f 468/468/468 462/462/462 465/465/465
f 468/468/468 465/465/465 469/469/469
f 470/470/470 469/469/469 465/465/465
f 468/468/468 471/471/471 462/462/462
f 463/463/463 436/436/436 430/430/430
f 466/466/466 464/464/464 472/472/472
f 463/463/463 472/472/472 464/464/464
f 472/472/472 404/404/404 466/466/466
f 473/473/473 466/466/466 404/404/404
f 404/404/404 472/472/472 405/405/405
f 429/429/429 405/405/405 472/472/472
f 430/430/430 429/429/429 463/463/463
f 472/472/472 463/463/463 429/429/429
f 474/474/474 473/473/473 404/404/404
f 474/474/474 475/475/475 473/473/473
f 476/476/476 473/473/473 475/475/475
f 466/466/466 473/473/473 476/476/476
f 476/476/476 467/467/467 466/466/466
f 477/477/477 475/475/475 474/474/474
f 474/474/474 478/478/478 477/477/477
f 479/479/479 477/477/477 478/478/478
f 480/480/480 479/479/479 478/478/478
f 402/402/402 478/478/478 474/474/474
f 404/404/404 402/402/402 474/474/474
f 481/481/481 480/480/480 478/478/478
f 478/478/478 399/399/399 481/481/481
f 481/481/481 399/399/399 482/482/482
f 478/478/478 401/401/401 399/399/399
f 402/402/402 401/401/401 478/478/478
f 480/480/480 481/481/481 483/483/483
f 484/484/484 483/483/483 481/481/481
f 475/475/475 477/477/477 485/485/485
f 486/486/486 485/485/485 477/477/477
f 399/399/399 398/398/398 482/482/482
f 487/487/487 482/482/482 398/398/398
f 398/398/398 388/388/388 487/487/487
f 385/385/385 487/487/487 388/388/388
f 482/482/482 487/487/487 488/488/488
f 479/479/479 480/480/480 489/489/489
f 486/486/486 489/489/489 127/127/127
f 490/490/490 127/127/127 489/489/489
f 127/127/127 490/490/490 491/491/491
f 492/492/492 491/491/491 490/490/490
f 491/491/491 492/492/492 493/493/493
f 494/494/494 493/493/493 492/492/492
f 494/494/494 495/495/495 493/493/493
f 492/492/492 496/496/496 494/494/494
f 497/497/497 494/494/494 496/496/496
f 496/496/496 498/498/498 497/497/497
f 499/499/499 497/497/497 498/498/498
f 499/499/499 500/500/500 497/497/497
f 498/498/498 496/496/496 501/501/501
f 502/502/502 501/501/501 496/496/496
f 490/490/490 502/502/502 492/492/492
f 496/496/496 492/492/492 502/502/502
f 501/501/501 502/502/502 503/503/503
f 504/504/504 503/503/503 502/502/502
f 502/502/502 490/490/490 504/504/504
f 497/497/497 133/133/133 494/494/494
f 489/489/489 504/504/504 490/490/490
f 504/504/504 489/489/489 480/480/480
f 480/480/480 483/483/483 504/504/504
f 505/505/505 504/504/504 483/483/483
f 486/486/486 477/477/477 489/489/489
f 479/479/479 489/489/489 477/477/477
f 508/508/508 507/507/507 506/506/506
f 509/509/509 506/506/506 507/507/507
f 507/507/507 510/510/510 509/509/509
f 511/511/511 509/509/509 510/510/510
f 509/509/509 511/511/511 512/512/512
f 513/513/513 512/512/512 511/511/511
f 513/513/513 514/514/514 512/512/512
f 513/513/513 511/511/511 515/515/515
f 515/515/515 516/516/516 513/513/513
f 513/513/513 516/516/516 514/514/514
f 517/517/517 515/515/515 511/511/511
f 517/517/517 511/511/511 518/518/518
f 512/512/512 519/519/519 509/509/509
f 515/515/515 520/520/520 516/516/516
f 515/515/515 521/521/521 520/520/520
f 521/521/521 515/515/515 522/522/522
f 523/523/523 522/522/522 515/515/515
f 524/524/524 520/520/520 521/521/521
f 522/522/522 525/525/525 521/521/521
f 526/526/526 521/521/521 525/525/525
f 521/521/521 526/526/526 524/524/524
f 526/526/526 525/525/525 527/527/527
f 528/528/528 527/527/527 525/525/525
f 529/529/529 527/527/527 528/528/528
f 529/529/529 530/530/530 527/527/527
f 531/531/531 527/527/527 530/530/530
f 531/531/531 532/532/532 527/527/527
f 527/527/527 532/532/532 526/526/526
f 528/528/528 533/533/533 529/529/529
f 534/534/534 529/529/529 533/533/533
f 533/533/533 535/535/535 534/534/534
f 536/536/536 534/534/534 535/535/535
f 536/536/536 537/537/537 534/534/534
f 538/538/538 534/534/534 537/537/537
f 534/534/534 538/538/538 529/529/529
f 530/530/530 529/529/529 538/538/538
f 539/539/539 536/536/536 535/535/535
f 539/539/539 537/537/537 536/536/536
f 540/540/540 524/524/524 526/526/526
f 540/540/540 526/526/526 532/532/532
f 543/543/543 542/542/542 541/541/541
f 544/544/544 541/541/541 542/542/542
f 541/541/541 545/545/545 543/543/543
f 546/546/546 543/543/543 545/545/545
f 541/541/541 547/547/547 545/545/545
f 548/548/548 545/545/545 547/547/547
f 548/548/548 547/547/547 549/549/549
f 550/550/550 549/549/549 547/547/547
f 550/550/550 547/547/547 551/551/551
f 546/546/546 552/552/552 543/543/543
f 553/553/553 543/543/543 552/552/552
f 554/554/554 546/546/546 545/545/545
f 545/545/545 548/548/548 554/554/554
f 546/546/546 554/554/554 555/555/555
f 556/556/556 555/555/555 554/554/554
f 556/556/556 557/557/557 555/555/555
f 558/558/558 555/555/555 557/557/557
f 557/557/557 556/556/556 559/559/559
f 560/560/560 559/559/559 556/556/556
f 556/556/556 554/554/554 560/560/560
f 560/560/560 561/561/561 559/559/559
f 562/562/562 559/559/559 561/561/561
f 558/558/558 563/563/563 555/555/555
f 564/564/564 555/555/555 563/563/563
f 563/563/563 558/558/558 565/565/565
f 566/566/566 565/565/565 558/558/558
f 566/566/566 558/558/558 557/557/557
f 559/559/559 562/562/562 567/567/567
f 566/566/566 557/557/557 567/567/567
f 559/559/559 567/567/567 557/557/557
f 567/567/567 568/568/568 566/566/566
f 569/569/569 566/566/566 568/568/568
f 566/566/566 569/569/569 565/565/565
f 570/570/570 567/567/567 562/562/562
f 567/567/567 570/570/570 571/571/571
f 572/572/572 569/569/569 568/568/568
f 561/561/561 560/560/560 573/573/573
f 574/574/574 573/573/573 560/560/560
f 574/574/574 560/560/560 554/554/554
f 573/573/573 574/574/574 549/549/549
f 548/548/548 549/549/549 574/574/574
f 574/574/574 554/554/554 548/548/548
f 575/575/575 565/565/565 569/569/569
f 576/576/576 575/575/575 569/569/569
f 549/549/549 577/577/577 573/573/573
f 577/577/577 549/549/549 578/578/578
f 550/550/550 578/578/578 549/549/549
f 578/578/578 550/550/550 579/579/579
f 578/578/578 579/579/579 580/580/580
f 581/581/581 573/573/573 577/577/577
f 582/582/582 579/579/579 547/547/547
f 583/583/583 582/582/582 547/547/547
f 547/547/547 541/541/541 583/583/583
f 544/544/544 583/583/583 541/541/541
f 585/585/585 584/584/584 551/551/551
f 588/588/588 587/587/587 586/586/586
f 589/589/589 586/586/586 587/587/587
f 586/586/586 590/590/590 588/588/588
f 591/591/591 588/588/588 590/590/590
f 586/586/586 592/592/592 590/590/590
f 590/590/590 592/592/592 593/593/593
f 590/590/590 593/593/593 594/594/594
f 594/594/594 595/595/595 590/590/590
f 596/596/596 590/590/590 595/595/595
f 597/597/597 594/594/594 593/593/593
f 595/595/595 594/594/594 598/598/598
f 599/599/599 598/598/598 594/594/594
f 594/594/594 597/597/597 599/599/599
f 599/599/599 600/600/600 598/598/598
f 601/601/601 598/598/598 600/600/600
f 602/602/602 601/601/601 600/600/600
f 600/600/600 603/603/603 602/602/602
f 603/603/603 600/600/600 604/604/604
f 600/600/600 599/599/599 604/604/604
f 605/605/605 602/602/602 603/603/603
f 601/601/601 602/602/602 606/606/606
f 607/607/607 606/606/606 602/602/602
f 602/602/602 605/605/605 607/607/607
f 607/607/607 608/608/608 606/606/606
f 609/609/609 606/606/606 608/608/608
f 607/607/607 610/610/610 608/608/608
f 610/610/610 607/607/607 605/605/605
f 611/611/611 608/608/608 610/610/610
f 612/612/612 609/609/609 608/608/608
f 612/612/612 608/608/608 611/611/611
f 613/613/613 599/599/599 597/597/597
f 613/613/613 604/604/604 599/599/599
f 615/615/615 592/592/592 614/614/614
f 616/616/616 614/614/614 592/592/592
f 615/615/615 593/593/593 592/592/592
f 592/592/592 586/586/586 616/616/616
f 589/589/589 616/616/616 586/586/586
f 617/617/617 4/4/4 7/7/7
f 620/620/620 619/619/619 618/618/618
f 618/618/618 619/619/619 621/621/621
f 570/570/570 621/621/621 619/619/619
f 621/621/621 570/570/570 622/622/622
f 562/562/562 622/622/622 570/570/570
f 622/622/622 562/562/562 623/623/623
f 561/561/561 623/623/623 562/562/562
f 623/623/623 561/561/561 624/624/624
f 573/573/573 624/624/624 561/561/561
f 564/564/564 625/625/625 555/555/555
f 546/546/546 555/555/555 625/625/625
f 626/626/626 552/552/552 546/546/546
f 629/629/629 628/628/628 627/627/627
f 627/627/627 630/630/630 629/629/629
f 631/631/631 629/629/629 630/630/630
f 630/630/630 632/632/632 631/631/631
f 633/633/633 631/631/631 632/632/632
f 632/632/632 634/634/634 633/633/633
f 635/635/635 633/633/633 634/634/634
f 629/629/629 631/631/631 636/636/636
f 637/637/637 636/636/636 631/631/631
f 631/631/631 633/633/633 637/637/637
f 636/636/636 637/637/637 638/638/638
f 639/639/639 638/638/638 637/637/637
f 637/637/637 640/640/640 639/639/639
f 640/640/640 637/637/637 633/633/633
f 633/633/633 635/635/635 640/640/640
f 641/641/641 639/639/639 640/640/640
f 641/641/641 642/642/642 639/639/639
f 643/643/643 639/639/639 642/642/642
f 639/639/639 643/643/643 638/638/638
f 642/642/642 641/641/641 644/644/644
f 645/645/645 644/644/644 641/641/641
f 645/645/645 641/641/641 646/646/646
f 640/640/640 646/646/646 641/641/641
f 646/646/646 640/640/640 635/635/635
f 647/647/647 638/638/638 643/643/643
f 642/642/642 648/648/648 643/643/643
f 649/649/649 643/643/643 648/648/648
f 643/643/643 649/649/649 647/647/647
f 648/648/648 650/650/650 649/649/649
f 651/651/651 649/649/649 650/650/650
f 650/650/650 648/648/648 652/652/652
f 653/653/653 652/652/652 648/648/648
f 644/644/644 653/653/653 642/642/642
f 648/648/648 642/642/642 653/653/653
f 652/652/652 653/653/653 654/654/654
f 655/655/655 654/654/654 653/653/653
f 649/649/649 651/651/651 656/656/656
f 656/656/656 647/647/647 649/649/649
f 657/657/657 656/656/656 651/651/651
f 656/656/656 657/657/657 658/658/658
f 659/659/659 658/658/658 657/657/657
f 647/647/647 656/656/656 660/660/660
f 658/658/658 660/660/660 656/656/656
f 660/660/660 661/661/661 647/647/647
f 661/661/661 662/662/662 647/647/647
f 662/662/662 661/661/661 663/663/663
f 664/664/664 663/663/663 661/661/661
f 660/660/660 664/664/664 661/661/661
f 664/664/664 660/660/660 665/665/665
f 666/666/666 665/665/665 660/660/660
f 665/665/665 666/666/666 667/667/667
f 668/668/668 667/667/667 666/666/666
f 665/665/665 669/669/669 664/664/664
f 669/669/669 665/665/665 670/670/670
f 670/670/670 671/671/671 669/669/669
f 672/672/672 669/669/669 671/671/671
f 672/672/672 671/671/671 673/673/673
f 674/674/674 673/673/673 671/671/671
f 673/673/673 674/674/674 675/675/675
f 676/676/676 675/675/675 674/674/674
f 675/675/675 677/677/677 673/673/673
f 678/678/678 673/673/673 677/677/677
f 669/669/669 672/672/672 679/679/679
f 679/679/679 664/664/664 669/669/669
f 680/680/680 679/679/679 672/672/672
f 678/678/678 680/680/680 673/673/673
f 672/672/672 673/673/673 680/680/680
f 678/678/678 681/681/681 680/680/680
f 682/682/682 680/680/680 681/681/681
f 681/681/681 683/683/683 682/682/682
f 684/684/684 682/682/682 683/683/683
f 682/682/682 685/685/685 680/680/680
f 679/679/679 680/680/680 686/686/686
f 682/682/682 684/684/684 687/687/687
f 678/678/678 688/688/688 681/681/681
f 689/689/689 681/681/681 688/688/688
f 683/683/683 681/681/681 690/690/690
f 689/689/689 690/690/690 681/681/681
f 683/683/683 691/691/691 684/684/684
f 683/683/683 690/690/690 691/691/691
f 692/692/692 684/684/684 691/691/691
f 692/692/692 691/691/691 693/693/693
f 694/694/694 693/693/693 691/691/691
f 693/693/693 695/695/695 692/692/692
f 696/696/696 692/692/692 695/695/695
f 691/691/691 697/697/697 694/694/694
f 697/697/697 691/691/691 690/690/690
f 698/698/698 694/694/694 697/697/697
f 684/684/684 692/692/692 699/699/699
f 696/696/696 699/699/699 692/692/692
f 699/699/699 700/700/700 684/684/684
f 700/700/700 699/699/699 701/701/701
f 702/702/702 701/701/701 699/699/699
f 699/699/699 696/696/696 702/702/702
f 701/701/701 702/702/702 703/703/703
f 704/704/704 703/703/703 702/702/702
f 705/705/705 702/702/702 696/696/696
f 702/702/702 705/705/705 704/704/704
f 696/696/696 695/695/695 705/705/705
f 636/636/636 703/703/703 704/704/704
f 636/636/636 704/704/704 629/629/629
f 628/628/628 629/629/629 704/704/704
f 705/705/705 706/706/706 628/628/628
f 707/707/707 705/705/705 695/695/695
f 708/708/708 628/628/628 707/707/707
f 703/703/703 636/636/636 662/662/662
f 638/638/638 662/662/662 636/636/636
f 662/662/662 709/709/709 703/703/703
f 701/701/701 703/703/703 709/709/709
f 710/710/710 700/700/700 701/701/701
f 638/638/638 647/647/647 662/662/662
f 708/708/708 627/627/627 628/628/628
f 712/712/712 704/704/704 711/711/711
f 715/715/715 714/714/714 713/713/713
f 716/716/716 713/713/713 714/714/714
f 717/717/717 714/714/714 715/715/715
f 714/714/714 718/718/718 716/716/716
f 719/719/719 716/716/716 718/718/718
f 720/720/720 717/717/717 715/715/715
f 717/717/717 720/720/720 721/721/721
f 722/722/722 721/721/721 720/720/720
f 718/718/718 714/714/714 723/723/723
f 717/717/717 723/723/723 714/714/714
f 718/718/718 723/723/723 724/724/724
f 725/725/725 724/724/724 723/723/723
f 723/723/723 726/726/726 725/725/725
f 727/727/727 725/725/725 726/726/726
f 727/727/727 726/726/726 728/728/728
f 729/729/729 728/728/728 726/726/726
f 717/717/717 730/730/730 723/723/723
f 726/726/726 723/723/723 730/730/730
f 730/730/730 729/729/729 726/726/726
f 721/721/721 730/730/730 717/717/717
f 730/730/730 721/721/721 731/731/731
f 731/731/731 729/729/729 730/730/730
f 731/731/731 721/721/721 732/732/732
f 733/733/733 731/731/731 732/732/732
f 718/718/718 724/724/724 734/734/734
f 735/735/735 734/734/734 724/724/724
f 735/735/735 724/724/724 736/736/736
f 737/737/737 736/736/736 724/724/724
f 724/724/724 738/738/738 737/737/737
f 738/738/738 727/727/727 739/739/739
f 739/739/739 737/737/737 738/738/738
f 740/740/740 739/739/739 727/727/727
f 741/741/741 739/739/739 740/740/740
f 737/737/737 739/739/739 742/742/742
f 742/742/742 743/743/743 737/737/737
f 744/744/744 742/742/742 739/739/739
f 744/744/744 739/739/739 741/741/741
f 741/741/741 745/745/745 744/744/744
f 746/746/746 745/745/745 741/741/741
f 744/744/744 747/747/747 742/742/742
f 747/747/747 744/744/744 748/748/748
f 740/740/740 749/749/749 741/741/741
f 750/750/750 741/741/741 749/749/749
f 749/749/749 740/740/740 751/751/751
f 727/727/727 751/751/751 740/740/740
f 752/752/752 742/742/742 747/747/747
f 752/752/752 753/753/753 742/742/742
f 754/754/754 742/742/742 753/753/753
f 750/750/750 755/755/755 741/741/741
f 755/755/755 750/750/750 756/756/756
f 757/757/757 737/737/737 754/754/754
f 760/760/760 759/759/759 758/758/758
f 735/735/735 758/758/758 759/759/759
f 735/735/735 759/759/759 761/761/761
f 762/762/762 761/761/761 759/759/759
f 763/763/763 759/759/759 760/760/760
f 763/763/763 762/762/762 759/759/759
f 734/734/734 735/735/735 761/761/761
f 758/758/758 735/735/735 736/736/736
f 766/766/766 765/765/765 764/764/764
f 767/767/767 764/764/764 765/765/765
f 765/765/765 766/766/766 768/768/768
f 769/769/769 768/768/768 766/766/766
f 768/768/768 769/769/769 770/770/770
f 771/771/771 770/770/770 769/769/769
f 772/772/772 770/770/770 771/771/771
f 768/768/768 773/773/773 765/765/765
f 774/774/774 765/765/765 773/773/773
f 773/773/773 775/775/775 774/774/774
f 775/775/775 776/776/776 774/774/774
f 776/776/776 775/775/775 777/777/777
f 778/778/778 777/777/777 775/775/775
f 779/779/779 774/774/774 776/776/776
f 774/774/774 779/779/779 765/765/765
f 780/780/780 778/778/778 775/775/775
f 773/773/773 780/780/780 775/775/775
f 773/773/773 781/781/781 780/780/780
f 773/773/773 768/768/768 781/781/781
f 770/770/770 781/781/781 768/768/768
f 782/782/782 780/780/780 781/781/781
f 783/783/783 782/782/782 781/781/781
f 777/777/777 784/784/784 776/776/776
f 785/785/785 776/776/776 784/784/784
f 784/784/784 786/786/786 785/785/785
f 787/787/787 785/785/785 786/786/786
f 785/785/785 787/787/787 788/788/788
f 779/779/779 776/776/776 788/788/788
f 785/785/785 788/788/788 776/776/776
f 789/789/789 788/788/788 787/787/787
f 789/789/789 787/787/787 790/790/790
f 791/791/791 790/790/790 787/787/787
f 791/791/791 787/787/787 792/792/792
f 793/793/793 792/792/792 787/787/787
f 788/788/788 794/794/794 779/779/779
f 795/795/795 779/779/779 794/794/794
f 780/780/780 782/782/782 796/796/796
f 797/797/797 796/796/796 782/782/782
f 796/796/796 797/797/797 798/798/798
f 799/799/799 798/798/798 797/797/797
f 798/798/798 800/800/800 796/796/796
f 801/801/801 796/796/796 800/800/800
f 796/796/796 801/801/801 780/780/780
f 800/800/800 802/802/802 801/801/801
f 803/803/803 801/801/801 802/802/802
f 804/804/804 799/799/799 797/797/797
f 778/778/778 780/780/780 801/801/801
f 778/778/778 801/801/801 777/777/777
f 805/805/805 792/792/792 793/793/793
f 805/805/805 807/807/807 806/806/806
f 808/808/808 806/806/806 807/807/807
f 807/807/807 805/805/805 809/809/809
f 810/810/810 809/809/809 805/805/805
f 805/805/805 806/806/806 792/792/792
f 811/811/811 792/792/792 806/806/806
f 811/811/811 812/812/812 792/792/792
f 792/792/792 812/812/812 791/791/791
f 813/813/813 791/791/791 812/812/812
f 814/814/814 812/812/812 811/811/811
f 813/813/813 815/815/815 791/791/791
f 790/790/790 791/791/791 815/815/815
f 790/790/790 815/815/815 816/816/816
f 790/790/790 816/816/816 817/817/817
f 790/790/790 817/817/817 789/789/789
f 817/817/817 818/818/818 789/789/789
f 819/819/819 789/789/789 818/818/818
f 789/789/789 819/819/819 820/820/820
f 821/821/821 820/820/820 819/819/819
f 820/820/820 821/821/821 822/822/822
f 823/823/823 817/817/817 816/816/816
f 818/818/818 817/817/817 824/824/824
f 823/823/823 824/824/824 817/817/817
f 825/825/825 813/813/813 812/812/812
f 825/825/825 815/815/815 813/813/813
f 816/816/816 815/815/815 826/826/826
f 815/815/815 827/827/827 826/826/826
f 828/828/828 767/767/767 821/821/821
f 788/788/788 789/789/789 829/829/829
f 831/831/831 827/827/827 830/830/830
f 833/833/833 809/809/809 832/832/832
f 793/793/793 832/832/832 809/809/809
f 832/832/832 803/803/803 833/833/833
f 832/832/832 793/793/793 784/784/784
f 835/835/835 833/833/833 834/834/834
f 784/784/784 777/777/777 836/836/836
f 837/837/837 836/836/836 777/777/777
f 837/837/837 777/777/777 838/838/838
f 840/840/840 721/721/721 839/839/839
f 843/843/843 842/842/842 841/841/841
f 844/844/844 841/841/841 842/842/842
f 843/843/843 841/841/841 845/845/845
f 846/846/846 845/845/845 841/841/841
f 844/844/844 842/842/842 847/847/847
f 848/848/848 847/847/847 842/842/842
f 848/848/848 849/849/849 847/847/847
f 850/850/850 847/847/847 849/849/849
f 849/849/849 851/851/851 850/850/850
f 845/845/845 846/846/846 851/851/851
f 846/846/846 852/852/852 851/851/851
f 851/851/851 852/852/852 853/853/853
f 853/853/853 852/852/852 854/854/854
f 855/855/855 854/854/854 852/852/852
f 856/856/856 854/854/854 855/855/855
f 857/857/857 851/851/851 853/853/853
f 110/110/110 103/103/103 114/114/114
f 104/104/104 114/114/114 103/103/103
f 104/104/104 858/858/858 114/114/114
f 859/859/859 114/114/114 858/858/858
f 104/104/104 860/860/860 858/858/858
f 861/861/861 858/858/858 860/860/860
f 860/860/860 862/862/862 861/861/861
f 863/863/863 861/861/861 862/862/862
f 862/862/862 860/860/860 864/864/864
f 864/864/864 865/865/865 862/862/862
f 865/865/865 864/864/864 866/866/866
f 867/867/867 866/866/866 864/864/864
f 864/864/864 868/868/868 867/867/867
f 868/868/868 864/864/864 860/860/860
f 860/860/860 104/104/104 868/868/868
f 869/869/869 867/867/867 868/868/868
f 870/870/870 862/862/862 865/865/865
f 865/865/865 871/871/871 870/870/870
f 865/865/865 866/866/866 871/871/871
f 872/872/872 870/870/870 871/871/871
f 870/870/870 872/872/872 873/873/873
f 874/874/874 873/873/873 872/872/872
f 875/875/875 874/874/874 872/872/872
f 873/873/873 876/876/876 870/870/870
f 862/862/862 870/870/870 876/876/876
f 877/877/877 872/872/872 871/871/871
f 878/878/878 871/871/871 866/866/866
f 879/879/879 871/871/871 878/878/878
f 869/869/869 868/868/868 880/880/880
f 102/102/102 880/880/880 868/868/868
f 102/102/102 868/868/868 104/104/104
f 874/874/874 881/881/881 873/873/873
f 882/882/882 873/873/873 881/881/881
f 873/873/873 882/882/882 876/876/876
f 881/881/881 883/883/883 882/882/882
f 881/881/881 877/877/877 883/883/883
f 884/884/884 882/882/882 883/883/883
f 882/882/882 884/884/884 885/885/885
f 885/885/885 876/876/876 882/882/882
f 876/876/876 885/885/885 886/886/886
f 887/887/887 886/886/886 885/885/885
f 888/888/888 885/885/885 884/884/884
f 885/885/885 888/888/888 887/887/887
f 884/884/884 889/889/889 888/888/888
f 884/884/884 883/883/883 889/889/889
f 890/890/890 888/888/888 889/889/889
f 888/888/888 890/890/890 891/891/891
f 891/891/891 887/887/887 888/888/888
f 892/892/892 891/891/891 890/890/890
f 893/893/893 889/889/889 883/883/883
f 883/883/883 894/894/894 893/893/893
f 886/886/886 887/887/887 895/895/895
f 467/467/467 895/895/895 887/887/887
f 887/887/887 891/891/891 467/467/467
f 467/467/467 476/476/476 895/895/895
f 896/896/896 895/895/895 476/476/476
f 892/892/892 897/897/897 891/891/891
f 465/465/465 891/891/891 897/897/897
f 465/465/465 467/467/467 891/891/891
f 899/899/899 898/898/898 476/476/476
f 898/898/898 899/899/899 900/900/900
f 901/901/901 900/900/900 899/899/899
f 900/900/900 901/901/901 902/902/902
f 903/903/903 902/902/902 901/901/901
f 901/901/901 904/904/904 903/903/903
f 905/905/905 903/903/903 904/904/904
f 903/903/903 905/905/905 906/906/906
f 903/903/903 906/906/906 902/902/902
f 907/907/907 906/906/906 905/905/905
f 905/905/905 908/908/908 907/907/907
f 909/909/909 907/907/907 908/908/908
f 909/909/909 910/910/910 907/907/907
f 904/904/904 911/911/911 905/905/905
f 908/908/908 905/905/905 911/911/911
f 907/907/907 912/912/912 906/906/906
f 913/913/913 902/902/902 906/906/906
f 899/899/899 914/914/914 901/901/901
f 904/904/904 901/901/901 914/914/914
f 914/914/914 915/915/915 904/904/904
f 916/916/916 904/904/904 915/915/915
f 915/915/915 914/914/914 485/485/485
f 475/475/475 485/485/485 914/914/914
f 914/914/914 899/899/899 475/475/475
f 476/476/476 475/475/475 899/899/899
f 916/916/916 918/918/918 917/917/917
f 919/919/919 917/917/917 918/918/918
f 917/917/917 919/919/919 920/920/920
f 920/920/920 921/921/921 917/917/917
f 921/921/921 920/920/920 922/922/922
f 923/923/923 922/922/922 920/920/920
f 920/920/920 924/924/924 923/923/923
f 924/924/924 920/920/920 919/919/919
f 925/925/925 923/923/923 924/924/924
f 926/926/926 917/917/917 921/921/921
f 921/921/921 927/927/927 926/926/926
f 921/921/921 922/922/922 927/927/927
f 928/928/928 926/926/926 927/927/927
f 926/926/926 928/928/928 929/929/929
f 930/930/930 929/929/929 928/928/928
f 931/931/931 930/930/930 928/928/928
f 929/929/929 932/932/932 926/926/926
f 917/917/917 926/926/926 932/932/932
f 912/912/912 928/928/928 927/927/927
f 933/933/933 927/927/927 922/922/922
f 925/925/925 924/924/924 114/114/114
f 114/114/114 924/924/924 113/113/113
f 919/919/919 113/113/113 924/924/924
f 113/113/113 919/919/919 123/123/123
f 918/918/918 123/123/123 919/919/919
f 935/935/935 927/927/927 934/934/934
f 937/937/937 936/936/936 543/543/543
f 937/937/937 543/543/543 938/938/938
f 553/553/553 938/938/938 543/543/543
f 940/940/940 587/587/587 939/939/939
f 939/939/939 587/587/587 941/941/941
f 587/587/587 588/588/588 942/942/942
f 943/943/943 942/942/942 588/588/588
f 942/942/942 944/944/944 587/587/587
f 945/945/945 588/588/588 591/591/591
f 946/946/946 516/516/516 520/520/520
f 946/946/946 947/947/947 516/516/516
f 948/948/948 516/516/516 947/947/947
f 948/948/948 514/514/514 516/516/516
f 781/781/781 770/770/770 949/949/949
f 797/797/797 782/782/782 950/950/950
f 795/795/795 765/765/765 779/779/779
f 952/952/952 951/951/951 644/644/644
f 653/653/653 644/644/644 951/951/951
f 644/644/644 645/645/645 952/952/952
f 953/953/953 952/952/952 645/645/645
f 953/953/953 645/645/645 954/954/954
f 646/646/646 954/954/954 645/645/645
f 954/954/954 646/646/646 955/955/955
f 635/635/635 955/955/955 646/646/646
f 634/634/634 956/956/956 635/635/635
f 957/957/957 635/635/635 956/956/956
f 263/263/263 959/959/959 958/958/958
f 960/960/960 958/958/958 959/959/959
f 959/959/959 263/263/263 281/281/281
f 269/269/269 281/281/281 263/263/263
f 961/961/961 282/282/282 275/275/275
f 67/67/67 29/29/29 66/66/66
f 30/30/30 66/66/66 29/29/29
f 46/46/46 30/30/30 35/35/35
f 962/962/962 670/670/670 665/665/665
f 686/686/686 963/963/963 679/679/679
f 664/664/664 679/679/679 964/964/964
f 967/967/967 966/966/966 965/965/965
f 965/965/965 968/968/968 967/967/967
f 969/969/969 967/967/967 968/968/968
f 968/968/968 970/970/970 969/969/969
f 971/971/971 969/969/969 970/970/970
f 970/970/970 972/972/972 971/971/971
f 973/973/973 971/971/971 972/972/972
f 967/967/967 969/969/969 974/974/974
f 975/975/975 974/974/974 969/969/969
f 969/969/969 971/971/971 975/975/975
f 974/974/974 975/975/975 976/976/976
f 977/977/977 976/976/976 975/975/975
f 975/975/975 978/978/978 977/977/977
f 978/978/978 975/975/975 971/971/971
f 971/971/971 973/973/973 978/978/978
f 979/979/979 978/978/978 973/973/973
f 978/978/978 979/979/979 980/980/980
f 980/980/980 981/981/981 978/978/978
f 982/982/982 980/980/980 979/979/979
f 974/974/974 983/983/983 967/967/967
f 974/974/974 984/984/984 983/983/983
f 974/974/974 976/976/976 984/984/984
f 983/983/983 984/984/984 985/985/985
f 986/986/986 985/985/985 984/984/984
f 985/985/985 986/986/986 987/987/987
f 988/988/988 987/987/987 986/986/986
f 987/987/987 988/988/988 989/989/989
f 990/990/990 989/989/989 988/988/988
f 989/989/989 990/990/990 991/991/991
f 992/992/992 991/991/991 990/990/990
f 992/992/992 990/990/990 993/993/993
f 994/994/994 993/993/993 990/990/990
f 990/990/990 988/988/988 994/994/994
f 995/995/995 994/994/994 988/988/988
f 992/992/992 993/993/993 996/996/996
f 992/992/992 996/996/996 991/991/991
f 997/997/997 996/996/996 993/993/993
f 998/998/998 991/991/991 996/996/996
f 993/993/993 999/999/999 997/997/997
f 1000/1000/1000 997/997/997 999/999/999
f 987/987/987 1001/1001/1001 985/985/985
f 994/994/994 995/995/995 1002/1002/1002
f 994/994/994 1002/1002/1002 993/993/993
f 999/999/999 993/993/993 1002/1002/1002
f 999/999/999 1002/1002/1002 1003/1003/1003
f 1004/1004/1004 1003/1003/1003 1002/1002/1002
f 1002/1002/1002 1005/1005/1005 1004/1004/1004
f 1005/1005/1005 1002/1002/1002 995/995/995
f 1006/1006/1006 1004/1004/1004 1005/1005/1005
f 999/999/999 1003/1003/1003 1007/1007/1007
f 1008/1008/1008 1007/1007/1007 1003/1003/1003
f 1005/1005/1005 1009/1009/1009 1006/1006/1006
f 1010/1010/1010 1006/1006/1006 1009/1009/1009
f 995/995/995 1011/1011/1011 1005/1005/1005
f 1009/1009/1009 1005/1005/1005 1011/1011/1011
f 1011/1011/1011 1012/1012/1012 1009/1009/1009
f 1013/1013/1013 1009/1009/1009 1012/1012/1012
f 1009/1009/1009 1013/1013/1013 1014/1014/1014
f 1015/1015/1015 1010/1010/1010 1013/1013/1013
f 1015/1015/1015 1013/1013/1013 1016/1016/1016
f 1017/1017/1017 1016/1016/1016 1013/1013/1013
f 1013/1013/1013 1012/1012/1012 1017/1017/1017
f 1016/1016/1016 1017/1017/1017 1018/1018/1018
f 1019/1019/1019 1018/1018/1018 1017/1017/1017
f 1018/1018/1018 1019/1019/1019 1020/1020/1020
f 1021/1021/1021 1020/1020/1020 1019/1019/1019
f 1020/1020/1020 1021/1021/1021 1022/1022/1022
f 1023/1023/1023 1022/1022/1022 1021/1021/1021
f 1022/1022/1022 1023/1023/1023 1024/1024/1024
f 1025/1025/1025 1024/1024/1024 1023/1023/1023
f 1026/1026/1026 1017/1017/1017 1012/1012/1012
f 1017/1017/1017 1026/1026/1026 1019/1019/1019
f 1019/1019/1019 1027/1027/1027 1021/1021/1021
f 1027/1027/1027 1019/1019/1019 1026/1026/1026
f 1026/1026/1026 1028/1028/1028 1027/1027/1027
f 1029/1029/1029 1021/1021/1021 1027/1027/1027
f 1021/1021/1021 1029/1029/1029 1023/1023/1023
f 1027/1027/1027 1030/1030/1030 1029/1029/1029
f 1030/1030/1030 1027/1027/1027 1031/1031/1031
f 1032/1032/1032 1023/1023/1023 1029/1029/1029
f 1029/1029/1029 980/980/980 1032/1032/1032
f 980/980/980 1029/1029/1029 1033/1033/1033
f 1034/1034/1034 1032/1032/1032 980/980/980
f 1023/1023/1023 1032/1032/1032 1035/1035/1035
f 1036/1036/1036 1035/1035/1035 1032/1032/1032
f 1032/1032/1032 1034/1034/1034 1036/1036/1036
f 1037/1037/1037 1036/1036/1036 1034/1034/1034
f 1026/1026/1026 1038/1038/1038 1028/1028/1028
f 1039/1039/1039 1028/1028/1028 1038/1038/1038
f 1038/1038/1038 1040/1040/1040 1039/1039/1039
f 1041/1041/1041 1039/1039/1039 1040/1040/1040
f 1040/1040/1040 995/995/995 1041/1041/1041
f 988/988/988 1041/1041/1041 995/995/995
f 1039/1039/1039 1041/1041/1041 984/984/984
f 1039/1039/1039 984/984/984 1028/1028/1028
f 986/986/986 984/984/984 1041/1041/1041
f 1041/1041/1041 988/988/988 986/986/986
f 1038/1038/1038 1012/1012/1012 1040/1040/1040
f 1012/1012/1012 1038/1038/1038 1026/1026/1026
f 1011/1011/1011 1040/1040/1040 1012/1012/1012
f 1011/1011/1011 995/995/995 1040/1040/1040
f 1044/1044/1044 1043/1043/1043 1042/1042/1042
f 1045/1045/1045 1042/1042/1042 1043/1043/1043
f 1046/1046/1046 1043/1043/1043 1044/1044/1044
f 1046/1046/1046 1047/1047/1047 1043/1043/1043
f 1048/1048/1048 1043/1043/1043 1047/1047/1047
f 1043/1043/1043 1048/1048/1048 1045/1045/1045
f 1048/1048/1048 1047/1047/1047 1049/1049/1049
f 1050/1050/1050 1049/1049/1049 1047/1047/1047
f 1047/1047/1047 1051/1051/1051 1050/1050/1050
f 1046/1046/1046 1051/1051/1051 1047/1047/1047
f 1046/1046/1046 1052/1052/1052 1051/1051/1051
f 1053/1053/1053 1050/1050/1050 1051/1051/1051
f 1053/1053/1053 1051/1051/1051 1054/1054/1054
f 1055/1055/1055 1054/1054/1054 1051/1051/1051
f 1055/1055/1055 1051/1051/1051 1056/1056/1056
f 1057/1057/1057 1045/1045/1045 1048/1048/1048
f 1057/1057/1057 1048/1048/1048 1058/1058/1058
f 1056/1056/1056 1051/1051/1051 1059/1059/1059
f 1060/1060/1060 1056/1056/1056 1059/1059/1059
f 1049/1049/1049 1061/1061/1061 1048/1048/1048
f 1058/1058/1058 1048/1048/1048 1061/1061/1061
f 1049/1049/1049 1062/1062/1062 1061/1061/1061
f 1063/1063/1063 1061/1061/1061 1062/1062/1062
f 1061/1061/1061 1063/1063/1063 1064/1064/1064
f 1061/1061/1061 1064/1064/1064 1058/1058/1058
f 1065/1065/1065 1064/1064/1064 1063/1063/1063
f 1066/1066/1066 1064/1064/1064 1065/1065/1065
f 1068/1068/1068 1051/1051/1051 1067/1067/1067
f 1069/1069/1069 1051/1051/1051 1068/1068/1068
f 1067/1067/1067 1046/1046/1046 1044/1044/1044
f 1071/1071/1071 1058/1058/1058 1070/1070/1070
f 1072/1072/1072 1071/1071/1071 1070/1070/1070
f 1073/1073/1073 1062/1062/1062 1049/1049/1049
f 1049/1049/1049 1074/1074/1074 1073/1073/1073
f 1075/1075/1075 1073/1073/1073 1074/1074/1074
f 1074/1074/1074 1076/1076/1076 1075/1075/1075
f 1077/1077/1077 1075/1075/1075 1076/1076/1076
f 1077/1077/1077 1078/1078/1078 1075/1075/1075
f 1075/1075/1075 1079/1079/1079 1073/1073/1073
f 1079/1079/1079 1075/1075/1075 1080/1080/1080
f 1080/1080/1080 1081/1081/1081 1079/1079/1079
f 1082/1082/1082 1081/1081/1081 1080/1080/1080
f 1078/1078/1078 1077/1077/1077 1083/1083/1083
f 1084/1084/1084 1083/1083/1083 1077/1077/1077
f 1076/1076/1076 1085/1085/1085 1077/1077/1077
f 1084/1084/1084 1077/1077/1077 1085/1085/1085
f 1083/1083/1083 1086/1086/1086 1080/1080/1080
f 1086/1086/1086 1083/1083/1083 1087/1087/1087
f 1088/1088/1088 1079/1079/1079 1081/1081/1081
f 1079/1079/1079 1090/1090/1090 1089/1089/1089
f 1091/1091/1091 1089/1089/1089 1090/1090/1090
f 1091/1091/1091 1092/1092/1092 1089/1089/1089
f 1093/1093/1093 1089/1089/1089 1092/1092/1092
f 1089/1089/1089 1093/1093/1093 1073/1073/1073
f 1094/1094/1094 1073/1073/1073 1093/1093/1093
f 1089/1089/1089 1095/1095/1095 1079/1079/1079
f 1097/1097/1097 1096/1096/1096 966/966/966
f 966/966/966 983/983/983 1097/1097/1097
f 966/966/966 967/967/967 983/983/983
f 1096/1096/1096 1097/1097/1097 1098/1098/1098
f 1001/1001/1001 1098/1098/1098 1097/1097/1097
f 1098/1098/1098 1001/1001/1001 1099/1099/1099
f 1100/1100/1100 1099/1099/1099 1001/1001/1001
f 1100/1100/1100 1101/1101/1101 1099/1099/1099
f 1102/1102/1102 1099/1099/1099 1101/1101/1101
f 1101/1101/1101 1103/1103/1103 1102/1102/1102
f 1104/1104/1104 1102/1102/1102 1103/1103/1103
f 1097/1097/1097 985/985/985 1001/1001/1001
f 1101/1101/1101 1100/1100/1100 991/991/991
f 989/989/989 991/991/991 1100/1100/1100
f 989/989/989 1100/1100/1100 987/987/987
f 1001/1001/1001 987/987/987 1100/1100/1100
f 991/991/991 998/998/998 1101/1101/1101
f 1103/1103/1103 1101/1101/1101 998/998/998
f 985/985/985 1105/1105/1105 983/983/983
f 1106/1106/1106 1103/1103/1103 998/998/998
f 998/998/998 996/996/996 1107/1107/1107
f 1108/1108/1108 1107/1107/1107 996/996/996
f 996/996/996 997/997/997 1108/1108/1108
f 1110/1110/1110 966/966/966 1109/1109/1109
f 1110/1110/1110 965/965/965 966/966/966
f 1113/1113/1113 1112/1112/1112 1111/1111/1111
f 1114/1114/1114 1111/1111/1111 1112/1112/1112
f 1112/1112/1112 1113/1113/1113 1115/1115/1115
f 1116/1116/1116 1115/1115/1115 1113/1113/1113
f 1115/1115/1115 1116/1116/1116 1117/1117/1117
f 1118/1118/1118 1117/1117/1117 1116/1116/1116
f 1119/1119/1119 1117/1117/1117 1118/1118/1118
f 1115/1115/1115 1120/1120/1120 1112/1112/1112
f 1121/1121/1121 1112/1112/1112 1120/1120/1120
f 1120/1120/1120 1122/1122/1122 1121/1121/1121
f 1122/1122/1122 1123/1123/1123 1121/1121/1121
f 1123/1123/1123 1122/1122/1122 1124/1124/1124
f 1125/1125/1125 1124/1124/1124 1122/1122/1122
f 1126/1126/1126 1121/1121/1121 1123/1123/1123
f 1121/1121/1121 1126/1126/1126 1112/1112/1112
f 1127/1127/1127 1125/1125/1125 1122/1122/1122
f 1120/1120/1120 1127/1127/1127 1122/1122/1122
f 1120/1120/1120 1128/1128/1128 1127/1127/1127
f 1120/1120/1120 1115/1115/1115 1128/1128/1128
f 1117/1117/1117 1128/1128/1128 1115/1115/1115
f 1129/1129/1129 1127/1127/1127 1128/1128/1128
f 1130/1130/1130 1129/1129/1129 1128/1128/1128
f 1128/1128/1128 1117/1117/1117 1130/1130/1130
f 1124/1124/1124 1131/1131/1131 1123/1123/1123
f 1132/1132/1132 1123/1123/1123 1131/1131/1131
f 1132/1132/1132 1131/1131/1131 1133/1133/1133
f 1134/1134/1134 1133/1133/1133 1131/1131/1131
f 1132/1132/1132 1133/1133/1133 1135/1135/1135
f 1126/1126/1126 1123/1123/1123 1135/1135/1135
f 1132/1132/1132 1135/1135/1135 1123/1123/1123
f 1136/1136/1136 1135/1135/1135 1133/1133/1133
f 1134/1134/1134 1137/1137/1137 1133/1133/1133
f 1138/1138/1138 1133/1133/1133 1137/1137/1137
f 1138/1138/1138 1139/1139/1139 1133/1133/1133
f 1136/1136/1136 1133/1133/1133 1139/1139/1139
f 1140/1140/1140 1129/1129/1129 1130/1130/1130
f 1135/1135/1135 1141/1141/1141 1126/1126/1126
f 1135/1135/1135 1136/1136/1136 1141/1141/1141
f 1142/1142/1142 1126/1126/1126 1141/1141/1141
f 1127/1127/1127 1129/1129/1129 1143/1143/1143
f 1140/1140/1140 1143/1143/1143 1129/1129/1129
f 1143/1143/1143 1140/1140/1140 1144/1144/1144
f 1145/1145/1145 1144/1144/1144 1140/1140/1140
f 1144/1144/1144 1146/1146/1146 1143/1143/1143
f 1147/1147/1147 1143/1143/1143 1146/1146/1146
f 1147/1147/1147 1146/1146/1146 1148/1148/1148
f 1149/1149/1149 1148/1148/1148 1146/1146/1146
f 1150/1150/1150 1145/1145/1145 1140/1140/1140
f 1143/1143/1143 1151/1151/1151 1127/1127/1127
f 1125/1125/1125 1127/1127/1127 1151/1151/1151
f 1151/1151/1151 1152/1152/1152 1125/1125/1125
f 1124/1124/1124 1125/1125/1125 1152/1152/1152
f 1152/1152/1152 1153/1153/1153 1124/1124/1124
f 1131/1131/1131 1124/1124/1124 1153/1153/1153
f 1153/1153/1153 1134/1134/1134 1131/1131/1131
f 1134/1134/1134 1155/1155/1155 1154/1154/1154
f 1156/1156/1156 1154/1154/1154 1155/1155/1155
f 1155/1155/1155 1148/1148/1148 1156/1156/1156
f 1157/1157/1157 1156/1156/1156 1148/1148/1148
f 1134/1134/1134 1154/1154/1154 1158/1158/1158
f 1159/1159/1159 1158/1158/1158 1154/1154/1154
f 1159/1159/1159 1160/1160/1160 1158/1158/1158
f 1161/1161/1161 1158/1158/1158 1160/1160/1160
f 1161/1161/1161 1162/1162/1162 1158/1158/1158
f 1137/1137/1137 1158/1158/1158 1162/1162/1162
f 1158/1158/1158 1137/1137/1137 1134/1134/1134
f 1137/1137/1137 1162/1162/1162 1163/1163/1163
f 1137/1137/1137 1163/1163/1163 1138/1138/1138
f 1164/1164/1164 1138/1138/1138 1163/1163/1163
f 1164/1164/1164 1163/1163/1163 1165/1165/1165
f 1164/1164/1164 1165/1165/1165 1166/1166/1166
f 1138/1138/1138 1164/1164/1164 1139/1139/1139
f 1166/1166/1166 1139/1139/1139 1164/1164/1164
f 1167/1167/1167 1163/1163/1163 1162/1162/1162
f 1168/1168/1168 1163/1163/1163 1167/1167/1167
f 1139/1139/1139 1166/1166/1166 1169/1169/1169
f 1139/1139/1139 1169/1169/1169 1170/1170/1170
f 1139/1139/1139 1170/1170/1170 1136/1136/1136
f 1170/1170/1170 1171/1171/1171 1136/1136/1136
f 1172/1172/1172 1136/1136/1136 1171/1171/1171
f 1136/1136/1136 1172/1172/1172 1173/1173/1173
f 1174/1174/1174 1173/1173/1173 1172/1172/1172
f 1173/1173/1173 1174/1174/1174 1175/1175/1175
f 1176/1176/1176 1175/1175/1175 1174/1174/1174
f 1177/1177/1177 1170/1170/1170 1169/1169/1169
f 1170/1170/1170 1177/1177/1177 1171/1171/1171
f 1178/1178/1178 1171/1171/1171 1177/1177/1177
f 1169/1169/1169 1166/1166/1166 1179/1179/1179
f 1166/1166/1166 1180/1180/1180 1179/1179/1179
f 1183/1183/1183 1182/1182/1182 1181/1181/1181
f 1184/1184/1184 1181/1181/1181 1182/1182/1182
f 1181/1181/1181 1185/1185/1185 1183/1183/1183
f 1186/1186/1186 1183/1183/1183 1185/1185/1185
f 1184/1184/1184 1182/1182/1182 1187/1187/1187
f 1188/1188/1188 1187/1187/1187 1182/1182/1182
f 1186/1186/1186 1185/1185/1185 1189/1189/1189
f 1191/1191/1191 1190/1190/1190 1189/1189/1189
f 1192/1192/1192 1189/1189/1189 1190/1190/1190
f 1187/1187/1187 1193/1193/1193 1190/1190/1190
f 1192/1192/1192 1194/1194/1194 1193/1193/1193
f 1195/1195/1195 1191/1191/1191 1189/1189/1189
f 1195/1195/1195 1196/1196/1196 1191/1191/1191
f 1197/1197/1197 1191/1191/1191 1196/1196/1196
f 1198/1198/1198 1197/1197/1197 1196/1196/1196
f 1195/1195/1195 1189/1189/1189 1199/1199/1199
f 1200/1200/1200 1112/1112/1112 1126/1126/1126
f 979/979/979 1201/1201/1201 982/982/982
f 1202/1202/1202 982/982/982 1201/1201/1201
f 1201/1201/1201 979/979/979 1203/1203/1203
f 973/973/973 1203/1203/1203 979/979/979
f 972/972/972 1204/1204/1204 973/973/973
f 1205/1205/1205 973/973/973 1204/1204/1204
f 1208/1208/1208 1207/1207/1207 1206/1206/1206
f 1209/1209/1209 1206/1206/1206 1207/1207/1207
f 1208/1208/1208 1206/1206/1206 1210/1210/1210
f 1207/1207/1207 1211/1211/1211 1209/1209/1209
f 1212/1212/1212 1209/1209/1209 1211/1211/1211
f 1211/1211/1211 1213/1213/1213 1212/1212/1212
f 1214/1214/1214 1212/1212/1212 1213/1213/1213
f 1213/1213/1213 1215/1215/1215 1214/1214/1214
f 1216/1216/1216 1214/1214/1214 1215/1215/1215
f 1209/1209/1209 1212/1212/1212 1217/1217/1217
f 1218/1218/1218 1217/1217/1217 1212/1212/1212
f 1212/1212/1212 1214/1214/1214 1218/1218/1218
f 1217/1217/1217 1218/1218/1218 1219/1219/1219
f 1220/1220/1220 1219/1219/1219 1218/1218/1218
f 1218/1218/1218 1221/1221/1221 1220/1220/1220
f 1221/1221/1221 1218/1218/1218 1214/1214/1214
f 1214/1214/1214 1216/1216/1216 1221/1221/1221
f 1222/1222/1222 1220/1220/1220 1221/1221/1221
f 1221/1221/1221 1223/1223/1223 1222/1222/1222
f 1223/1223/1223 1221/1221/1221 1216/1216/1216
f 1224/1224/1224 1222/1222/1222 1223/1223/1223
f 1217/1217/1217 1225/1225/1225 1209/1209/1209
f 1217/1217/1217 1226/1226/1226 1225/1225/1225
f 1217/1217/1217 1219/1219/1219 1226/1226/1226
f 1225/1225/1225 1226/1226/1226 1227/1227/1227
f 1228/1228/1228 1227/1227/1227 1226/1226/1226
f 1227/1227/1227 1228/1228/1228 1229/1229/1229
f 1230/1230/1230 1229/1229/1229 1228/1228/1228
f 1229/1229/1229 1230/1230/1230 1231/1231/1231
f 1229/1229/1229 1232/1232/1232 1227/1227/1227
f 1233/1233/1233 1227/1227/1227 1232/1232/1232
f 1227/1227/1227 1233/1233/1233 1225/1225/1225
f 1231/1231/1231 1234/1234/1234 1229/1229/1229
f 1232/1232/1232 1229/1229/1229 1234/1234/1234
f 1234/1234/1234 1235/1235/1235 1232/1232/1232
f 1235/1235/1235 1234/1234/1234 1236/1236/1236
f 1237/1237/1237 1236/1236/1236 1234/1234/1234
f 1234/1234/1234 1231/1231/1231 1237/1237/1237
f 1238/1238/1238 1232/1232/1232 1235/1235/1235
f 1232/1232/1232 1238/1238/1238 1233/1233/1233
f 1237/1237/1237 1239/1239/1239 1236/1236/1236
f 1240/1240/1240 1236/1236/1236 1239/1239/1239
f 1241/1241/1241 1237/1237/1237 1231/1231/1231
f 1237/1237/1237 1241/1241/1241 1239/1239/1239
f 1231/1231/1231 1242/1242/1242 1241/1241/1241
f 1243/1243/1243 1241/1241/1241 1242/1242/1242
f 1243/1243/1243 1242/1242/1242 1244/1244/1244
f 1245/1245/1245 1244/1244/1244 1242/1242/1242
f 1242/1242/1242 1246/1246/1246 1245/1245/1245
f 1242/1242/1242 1231/1231/1231 1246/1246/1246
f 1244/1244/1244 1247/1247/1247 1243/1243/1243
f 1248/1248/1248 1243/1243/1243 1247/1247/1247
f 1243/1243/1243 1248/1248/1248 1241/1241/1241
f 1249/1249/1249 1241/1241/1241 1248/1248/1248
f 1249/1249/1249 1239/1239/1239 1241/1241/1241
f 1244/1244/1244 1250/1250/1250 1247/1247/1247
f 1244/1244/1244 1245/1245/1245 1250/1250/1250
f 1251/1251/1251 1247/1247/1247 1250/1250/1250
f 1250/1250/1250 1252/1252/1252 1251/1251/1251
f 1252/1252/1252 1250/1250/1250 1253/1253/1253
f 1254/1254/1254 1253/1253/1253 1250/1250/1250
f 1254/1254/1254 1250/1250/1250 1245/1245/1245
f 1254/1254/1254 1255/1255/1255 1253/1253/1253
f 1256/1256/1256 1253/1253/1253 1255/1255/1255
f 1257/1257/1257 1251/1251/1251 1252/1252/1252
f 1245/1245/1245 1258/1258/1258 1254/1254/1254
f 1255/1255/1255 1254/1254/1254 1258/1258/1258
f 1258/1258/1258 1245/1245/1245 1259/1259/1259
f 1255/1255/1255 1260/1260/1260 1256/1256/1256
f 1261/1261/1261 1256/1256/1256 1260/1260/1260
f 1260/1260/1260 1262/1262/1262 1261/1261/1261
f 1262/1262/1262 1260/1260/1260 1263/1263/1263
f 1262/1262/1262 1263/1263/1263 1264/1264/1264
f 1264/1264/1264 1265/1265/1265 1262/1262/1262
f 1266/1266/1266 1262/1262/1262 1265/1265/1265
f 1266/1266/1266 1267/1267/1267 1262/1262/1262
f 1265/1265/1265 1264/1264/1264 1268/1268/1268
f 1269/1269/1269 1268/1268/1268 1264/1264/1264
f 1268/1268/1268 1269/1269/1269 1270/1270/1270
f 1271/1271/1271 1270/1270/1270 1269/1269/1269
f 1270/1270/1270 1271/1271/1271 1272/1272/1272
f 1273/1273/1273 1272/1272/1272 1271/1271/1271
f 1272/1272/1272 1273/1273/1273 1274/1274/1274
f 1275/1275/1275 1274/1274/1274 1273/1273/1273
f 1276/1276/1276 1264/1264/1264 1263/1263/1263
f 1264/1264/1264 1276/1276/1276 1269/1269/1269
f 1269/1269/1269 1277/1277/1277 1271/1271/1271
f 1277/1277/1277 1269/1269/1269 1276/1276/1276
f 1276/1276/1276 1278/1278/1278 1277/1277/1277
f 1279/1279/1279 1277/1277/1277 1278/1278/1278
f 1277/1277/1277 1279/1279/1279 1280/1280/1280
f 1280/1280/1280 1271/1271/1271 1277/1277/1277
f 1271/1271/1271 1280/1280/1280 1273/1273/1273
f 1222/1222/1222 1280/1280/1280 1279/1279/1279
f 1280/1280/1280 1222/1222/1222 1281/1281/1281
f 1273/1273/1273 1281/1281/1281 1275/1275/1275
f 1281/1281/1281 1273/1273/1273 1280/1280/1280
f 1282/1282/1282 1281/1281/1281 1222/1222/1222
f 1283/1283/1283 1275/1275/1275 1281/1281/1281
f 1276/1276/1276 1284/1284/1284 1278/1278/1278
f 1285/1285/1285 1278/1278/1278 1284/1284/1284
f 1263/1263/1263 1284/1284/1284 1276/1276/1276
f 1263/1263/1263 1286/1286/1286 1284/1284/1284
f 1286/1286/1286 1263/1263/1263 1260/1260/1260
f 1260/1260/1260 1255/1255/1255 1286/1286/1286
f 1258/1258/1258 1286/1286/1286 1255/1255/1255
f 1287/1287/1287 1284/1284/1284 1286/1286/1286
f 1286/1286/1286 1258/1258/1258 1287/1287/1287
f 1287/1287/1287 1288/1288/1288 1284/1284/1284
f 1287/1287/1287 1258/1258/1258 1288/1288/1288
f 1289/1289/1289 1284/1284/1284 1288/1288/1288
f 1259/1259/1259 1288/1288/1288 1258/1258/1258
f 1289/1289/1289 1288/1288/1288 1226/1226/1226
f 1228/1228/1228 1226/1226/1226 1288/1288/1288
f 1288/1288/1288 1246/1246/1246 1228/1228/1228
f 1290/1290/1290 1226/1226/1226 1219/1219/1219
f 1293/1293/1293 1292/1292/1292 1291/1291/1291
f 1291/1291/1291 1294/1294/1294 1293/1293/1293
f 1293/1293/1293 1294/1294/1294 1295/1295/1295
f 1296/1296/1296 1295/1295/1295 1294/1294/1294
f 1297/1297/1297 1295/1295/1295 1296/1296/1296
f 1295/1295/1295 1298/1298/1298 1293/1293/1293
f 1295/1295/1295 1299/1299/1299 1298/1298/1298
f 1300/1300/1300 1298/1298/1298 1299/1299/1299
f 1300/1300/1300 1301/1301/1301 1298/1298/1298
f 1302/1302/1302 1300/1300/1300 1299/1299/1299
f 1303/1303/1303 1293/1293/1293 1298/1298/1298
f 1293/1293/1293 1303/1303/1303 1292/1292/1292
f 1298/1298/1298 1304/1304/1304 1303/1303/1303
f 1305/1305/1305 1303/1303/1303 1304/1304/1304
f 1306/1306/1306 1303/1303/1303 1305/1305/1305
f 1307/1307/1307 1292/1292/1292 1303/1303/1303
f 1299/1299/1299 1295/1295/1295 1308/1308/1308
f 1299/1299/1299 1308/1308/1308 1302/1302/1302
f 1309/1309/1309 1302/1302/1302 1308/1308/1308
f 1310/1310/1310 1304/1304/1304 1298/1298/1298
f 1303/1303/1303 1306/1306/1306 1311/1311/1311
f 1312/1312/1312 1311/1311/1311 1306/1306/1306
f 1314/1314/1314 1313/1313/1313 1304/1304/1304
f 1315/1315/1315 1313/1313/1313 1314/1314/1314
f 1315/1315/1315 1316/1316/1316 1313/1313/1313
f 1316/1316/1316 1315/1315/1315 1317/1317/1317
f 1316/1316/1316 1317/1317/1317 1318/1318/1318
f 1319/1319/1319 1318/1318/1318 1317/1317/1317
f 1320/1320/1320 1317/1317/1317 1315/1315/1315
f 1316/1316/1316 1321/1321/1321 1313/1313/1313
f 1321/1321/1321 1316/1316/1316 1322/1322/1322
f 1322/1322/1322 1323/1323/1323 1321/1321/1321
f 1324/1324/1324 1321/1321/1321 1323/1323/1323
f 1325/1325/1325 1322/1322/1322 1316/1316/1316
f 1326/1326/1326 1325/1325/1325 1316/1316/1316
f 1321/1321/1321 1324/1324/1324 1327/1327/1327
f 1327/1327/1327 1313/1313/1313 1321/1321/1321
f 1328/1328/1328 1327/1327/1327 1324/1324/1324
f 1313/1313/1313 1327/1327/1327 1304/1304/1304
f 1329/1329/1329 1304/1304/1304 1327/1327/1327
f 1330/1330/1330 1329/1329/1329 1327/1327/1327
f 1327/1327/1327 1331/1331/1331 1330/1330/1330
f 1332/1332/1332 1330/1330/1330 1331/1331/1331
f 1331/1331/1331 1334/1334/1334 1333/1333/1333
f 1333/1333/1333 1334/1334/1334 1335/1335/1335
f 1336/1336/1336 1335/1335/1335 1334/1334/1334
f 1337/1337/1337 1335/1335/1335 1336/1336/1336
f 1337/1337/1337 1338/1338/1338 1335/1335/1335
f 1338/1338/1338 1339/1339/1339 1335/1335/1335
f 1340/1340/1340 1335/1335/1335 1339/1339/1339
f 1311/1311/1311 1341/1341/1341 1339/1339/1339
f 1233/1233/1233 1342/1342/1342 1206/1206/1206
f 1206/1206/1206 1225/1225/1225 1233/1233/1233
f 1206/1206/1206 1209/1209/1209 1225/1225/1225
f 1342/1342/1342 1233/1233/1233 1343/1343/1343
f 1346/1346/1346 1345/1345/1345 1344/1344/1344
f 1347/1347/1347 1344/1344/1344 1345/1345/1345
f 1345/1345/1345 1346/1346/1346 1348/1348/1348
f 1349/1349/1349 1348/1348/1348 1346/1346/1346
f 1348/1348/1348 1349/1349/1349 1350/1350/1350
f 1351/1351/1351 1350/1350/1350 1349/1349/1349
f 1352/1352/1352 1350/1350/1350 1351/1351/1351
f 1348/1348/1348 1353/1353/1353 1345/1345/1345
f 1354/1354/1354 1345/1345/1345 1353/1353/1353
f 1353/1353/1353 1355/1355/1355 1354/1354/1354
f 1354/1354/1354 1355/1355/1355 1356/1356/1356
f 1357/1357/1357 1356/1356/1356 1355/1355/1355
f 1357/1357/1357 1355/1355/1355 1358/1358/1358
f 1359/1359/1359 1358/1358/1358 1355/1355/1355
f 1360/1360/1360 1359/1359/1359 1355/1355/1355
f 1353/1353/1353 1360/1360/1360 1355/1355/1355
f 1360/1360/1360 1353/1353/1353 1361/1361/1361
f 1362/1362/1362 1361/1361/1361 1353/1353/1353
f 1353/1353/1353 1348/1348/1348 1362/1362/1362
f 1350/1350/1350 1362/1362/1362 1348/1348/1348
f 1363/1363/1363 1361/1361/1361 1362/1362/1362
f 1357/1357/1357 1358/1358/1358 1364/1364/1364
f 1365/1365/1365 1364/1364/1364 1358/1358/1358
f 1365/1365/1365 1366/1366/1366 1364/1364/1364
f 1367/1367/1367 1364/1364/1364 1366/1366/1366
f 1366/1366/1366 1365/1365/1365 1368/1368/1368
f 1369/1369/1369 1368/1368/1368 1365/1365/1365
f 1365/1365/1365 1370/1370/1370 1369/1369/1369
f 1358/1358/1358 1359/1359/1359 1370/1370/1370
f 1370/1370/1370 1365/1365/1365 1358/1358/1358
f 1371/1371/1371 1369/1369/1369 1370/1370/1370
f 1356/1356/1356 1357/1357/1357 1372/1372/1372
f 1373/1373/1373 1367/1367/1367 1372/1372/1372
f 1373/1373/1373 1372/1372/1372 1357/1357/1357
f 1366/1366/1366 1374/1374/1374 1367/1367/1367
f 1375/1375/1375 1367/1367/1367 1374/1374/1374
f 1366/1366/1366 1368/1368/1368 1376/1376/1376
f 1376/1376/1376 1374/1374/1374 1366/1366/1366
f 1377/1377/1377 1376/1376/1376 1368/1368/1368
f 1372/1372/1372 1378/1378/1378 1356/1356/1356
f 1347/1347/1347 1356/1356/1356 1378/1378/1378
f 1378/1378/1378 1379/1379/1379 1347/1347/1347
f 1379/1379/1379 1378/1378/1378 1380/1380/1380
f 1381/1381/1381 1380/1380/1380 1378/1378/1378
f 1372/1372/1372 1381/1381/1381 1378/1378/1378
f 1381/1381/1381 1372/1372/1372 1382/1382/1382
f 1383/1383/1383 1347/1347/1347 1379/1379/1379
f 1380/1380/1380 1381/1381/1381 1384/1384/1384
f 1385/1385/1385 1384/1384/1384 1381/1381/1381
f 1375/1375/1375 1386/1386/1386 1382/1382/1382
f 1381/1381/1381 1382/1382/1382 1386/1386/1386
f 1386/1386/1386 1385/1385/1385 1381/1381/1381
f 1387/1387/1387 1386/1386/1386 1375/1375/1375
f 1374/1374/1374 1388/1388/1388 1375/1375/1375
f 1389/1389/1389 1375/1375/1375 1388/1388/1388
f 1391/1391/1391 1390/1390/1390 1388/1388/1388
f 1386/1386/1386 1393/1393/1393 1392/1392/1392
f 1396/1396/1396 1395/1395/1395 1394/1394/1394
f 1370/1370/1370 1394/1394/1394 1395/1395/1395
f 1394/1394/1394 1397/1397/1397 1396/1396/1396
f 1398/1398/1398 1396/1396/1396 1397/1397/1397
f 1397/1397/1397 1399/1399/1399 1398/1398/1398
f 1400/1400/1400 1398/1398/1398 1399/1399/1399
f 1401/1401/1401 1400/1400/1400 1399/1399/1399
f 1399/1399/1399 1397/1397/1397 1361/1361/1361
f 1399/1399/1399 1361/1361/1361 1402/1402/1402
f 1360/1360/1360 1361/1361/1361 1397/1397/1397
f 1397/1397/1397 1394/1394/1394 1360/1360/1360
f 1359/1359/1359 1360/1360/1360 1394/1394/1394
f 1394/1394/1394 1403/1403/1403 1359/1359/1359
f 1406/1406/1406 1405/1405/1405 1404/1404/1404
f 1407/1407/1407 1404/1404/1404 1405/1405/1405
f 1406/1406/1406 1404/1404/1404 1408/1408/1408
f 1409/1409/1409 1408/1408/1408 1404/1404/1404
f 1407/1407/1407 1405/1405/1405 1410/1410/1410
f 1411/1411/1411 1410/1410/1410 1405/1405/1405
f 1411/1411/1411 1412/1412/1412 1410/1410/1410
f 1408/1408/1408 1409/1409/1409 1413/1413/1413
f 1412/1412/1412 1413/1413/1413 1414/1414/1414
f 1414/1414/1414 1410/1410/1410 1415/1415/1415
f 1416/1416/1416 1414/1414/1414 1413/1413/1413
f 1413/1413/1413 1417/1417/1417 1416/1416/1416
f 1417/1417/1417 1413/1413/1413 1409/1409/1409
f 1417/1417/1417 1418/1418/1418 1416/1416/1416
f 1419/1419/1419 1416/1416/1416 1418/1418/1418
f 1420/1420/1420 1419/1419/1419 1418/1418/1418
f 1362/1362/1362 1350/1350/1350 1421/1421/1421
f 1356/1356/1356 1422/1422/1422 1354/1354/1354
f 1345/1345/1345 1354/1354/1354 1422/1422/1422
f 1281/1281/1281 1424/1424/1424 1423/1423/1423
f 1425/1425/1425 1423/1423/1423 1424/1424/1424
f 1223/1223/1223 1427/1427/1427 1426/1426/1426
f 1428/1428/1428 1426/1426/1426 1427/1427/1427
f 1427/1427/1427 1223/1223/1223 1429/1429/1429
f 1216/1216/1216 1429/1429/1429 1223/1223/1223
f 1215/1215/1215 1430/1430/1430 1216/1216/1216
f 1431/1431/1431 1216/1216/1216 1430/1430/1430
f 1240/1240/1240 1239/1239/1239 1432/1432/1432
f 1433/1433/1433 1432/1432/1432 1239/1239/1239
f 1434/1434/1434 1240/1240/1240 1432/1432/1432
f 1239/1239/1239 1249/1249/1249 1433/1433/1433
f 1435/1435/1435 1433/1433/1433 1249/1249/1249
f 1249/1249/1249 1248/1248/1248 1436/1436/1436
f 1437/1437/1437 1436/1436/1436 1248/1248/1248
f 1248/1248/1248 1247/1247/1247 1437/1437/1437
f 1438/1438/1438 1437/1437/1437 1247/1247/1247
f 1247/1247/1247 1251/1251/1251 1438/1438/1438
f 1438/1438/1438 1251/1251/1251 1439/1439/1439
f 1257/1257/1257 1440/1440/1440 1251/1251/1251
f 506/506/506 1441/1441/1441 508/508/508
f 506/506/506 509/509/509 1442/1442/1442
f 519/519/519 1442/1442/1442 509/509/509
f 1442/1442/1442 1443/1443/1443 506/506/506
f 156/156/156 1445/1445/1445 1444/1444/1444
f 156/156/156 1447/1447/1447 1446/1446/1446
f 186/186/186 1448/1448/1448 187/187/187
f 1451/1451/1451 1450/1450/1450 1449/1449/1449
f 1452/1452/1452 1449/1449/1449 1450/1450/1450
f 1451/1451/1451 1449/1449/1449 1453/1453/1453
f 1454/1454/1454 1453/1453/1453 1449/1449/1449
f 1453/1453/1453 1454/1454/1454 1455/1455/1455
f 1456/1456/1456 1455/1455/1455 1454/1454/1454
f 1457/1457/1457 1455/1455/1455 1456/1456/1456
f 1458/1458/1458 1457/1457/1457 1456/1456/1456
f 1455/1455/1455 1457/1457/1457 1459/1459/1459
f 1455/1455/1455 1459/1459/1459 1453/1453/1453
f 1460/1460/1460 1459/1459/1459 1457/1457/1457
f 1460/1460/1460 1457/1457/1457 1461/1461/1461
f 1462/1462/1462 1453/1453/1453 1459/1459/1459
f 1453/1453/1453 1462/1462/1462 1451/1451/1451
f 1463/1463/1463 1451/1451/1451 1462/1462/1462
f 1463/1463/1463 1464/1464/1464 1451/1451/1451
f 1450/1450/1450 1451/1451/1451 1464/1464/1464
f 1454/1454/1454 1449/1449/1449 1465/1465/1465
f 1454/1454/1454 1465/1465/1465 1456/1456/1456
f 1466/1466/1466 1465/1465/1465 1449/1449/1449
f 1449/1449/1449 1467/1467/1467 1466/1466/1466
f 1468/1468/1468 1466/1466/1466 1467/1467/1467
f 1469/1469/1469 1456/1456/1456 1465/1465/1465
f 1470/1470/1470 1456/1456/1456 1469/1469/1469
f 1460/1460/1460 1471/1471/1471 1459/1459/1459
f 1471/1471/1471 1460/1460/1460 1472/1472/1472
f 1473/1473/1473 1459/1459/1459 1471/1471/1471
f 1473/1473/1473 1471/1471/1471 1474/1474/1474
f 1474/1474/1474 1475/1475/1475 1473/1473/1473
f 1476/1476/1476 1473/1473/1473 1475/1475/1475
f 1462/1462/1462 1476/1476/1476 1463/1463/1463
f 1476/1476/1476 1475/1475/1475 1477/1477/1477
f 1477/1477/1477 1463/1463/1463 1476/1476/1476
f 1478/1478/1478 1477/1477/1477 1475/1475/1475
f 1477/1477/1477 1478/1478/1478 1479/1479/1479
f 1480/1480/1480 1479/1479/1479 1478/1478/1478
f 1471/1471/1471 1481/1481/1481 1474/1474/1474
f 1473/1473/1473 1476/1476/1476 1459/1459/1459
f 1462/1462/1462 1459/1459/1459 1476/1476/1476
f 1477/1477/1477 1479/1479/1479 1463/1463/1463
f 1482/1482/1482 1463/1463/1463 1479/1479/1479
f 1478/1478/1478 1483/1483/1483 1480/1480/1480
f 1484/1484/1484 1480/1480/1480 1483/1483/1483
f 1483/1483/1483 1478/1478/1478 1485/1485/1485
f 1475/1475/1475 1485/1485/1485 1478/1478/1478
f 1475/1475/1475 1474/1474/1474 1486/1486/1486
f 1487/1487/1487 1486/1486/1486 1474/1474/1474
f 1474/1474/1474 1488/1488/1488 1487/1487/1487
f 1491/1491/1491 1490/1490/1490 1489/1489/1489
f 1489/1489/1489 812/812/812 814/814/814
f 1494/1494/1494 1493/1493/1493 1492/1492/1492
f 1493/1493/1493 1495/1495/1495 1492/1492/1492
f 1496/1496/1496 1492/1492/1492 1495/1495/1495
f 1495/1495/1495 1493/1493/1493 1497/1497/1497
f 1498/1498/1498 1497/1497/1497 1493/1493/1493
f 1497/1497/1497 1498/1498/1498 1499/1499/1499
f 1500/1500/1500 1499/1499/1499 1498/1498/1498
f 1499/1499/1499 1501/1501/1501 1497/1497/1497
f 1502/1502/1502 1500/1500/1500 1498/1498/1498
f 1502/1502/1502 1498/1498/1498 1493/1493/1493
f 1497/1497/1497 1503/1503/1503 1495/1495/1495
f 1503/1503/1503 1497/1497/1497 1504/1504/1504
f 1504/1504/1504 1505/1505/1505 1503/1503/1503
f 1506/1506/1506 1503/1503/1503 1505/1505/1505
f 1507/1507/1507 1495/1495/1495 1503/1503/1503
f 1495/1495/1495 1507/1507/1507 1496/1496/1496
f 1503/1503/1503 1506/1506/1506 1507/1507/1507
f 1508/1508/1508 1496/1496/1496 1507/1507/1507
f 1509/1509/1509 1507/1507/1507 1506/1506/1506
f 1507/1507/1507 1509/1509/1509 1508/1508/1508
f 122/122/122 1508/1508/1508 1509/1509/1509
f 122/122/122 1509/1509/1509 119/119/119
f 1505/1505/1505 358/358/358 1506/1506/1506
f 120/120/120 1506/1506/1506 358/358/358
f 119/119/119 1509/1509/1509 120/120/120
f 1506/1506/1506 120/120/120 1509/1509/1509
f 1500/1500/1500 1510/1510/1510 1499/1499/1499
f 1511/1511/1511 1499/1499/1499 1510/1510/1510
f 1510/1510/1510 1512/1512/1512 1511/1511/1511
f 1510/1510/1510 1502/1502/1502 1512/1512/1512
f 1512/1512/1512 1502/1502/1502 1513/1513/1513
f 1512/1512/1512 1513/1513/1513 1514/1514/1514
f 1514/1514/1514 1511/1511/1511 1512/1512/1512
f 1515/1515/1515 1514/1514/1514 1513/1513/1513
f 1511/1511/1511 1514/1514/1514 1516/1516/1516
f 1516/1516/1516 1517/1517/1517 1511/1511/1511
f 1517/1517/1517 1516/1516/1516 1518/1518/1518
f 1519/1519/1519 1518/1518/1518 1516/1516/1516
f 1520/1520/1520 1516/1516/1516 1514/1514/1514
f 1514/1514/1514 1515/1515/1515 1520/1520/1520
f 1516/1516/1516 1520/1520/1520 1519/1519/1519
f 1521/1521/1521 1520/1520/1520 1515/1515/1515
f 1522/1522/1522 1519/1519/1519 1520/1520/1520
f 1520/1520/1520 1521/1521/1521 1522/1522/1522
f 484/484/484 1522/1522/1522 1521/1521/1521
f 1522/1522/1522 484/484/484 481/481/481
f 1518/1518/1518 1519/1519/1519 1523/1523/1523
f 482/482/482 1523/1523/1523 1519/1519/1519
f 1519/1519/1519 1522/1522/1522 482/482/482
f 481/481/481 482/482/482 1522/1522/1522
f 1524/1524/1524 1523/1523/1523 487/487/487
f 487/487/487 380/380/380 1524/1524/1524
f 487/487/487 385/385/385 380/380/380
f 1527/1527/1527 1526/1526/1526 1525/1525/1525
f 1525/1525/1525 1529/1529/1529 1528/1528/1528
f 1531/1531/1531 1530/1530/1530 1527/1527/1527
f 1534/1534/1534 1533/1533/1533 1532/1532/1532
f 1537/1537/1537 1536/1536/1536 1535/1535/1535
f 1540/1540/1540 1539/1539/1539 1538/1538/1538
f 1542/1542/1542 1541/1541/1541 1538/1538/1538
f 1545/1545/1545 1544/1544/1544 1543/1543/1543
f 1547/1547/1547 1546/1546/1546 1544/1544/1544
f 1550/1550/1550 1549/1549/1549 1548/1548/1548
f 1553/1553/1553 1552/1552/1552 1551/1551/1551
f 1555/1555/1555 1553/1553/1553 1554/1554/1554
f 1558/1558/1558 1557/1557/1557 1556/1556/1556
f 1561/1561/1561 1560/1560/1560 1559/1559/1559
f 1563/1563/1563 1561/1561/1561 1562/1562/1562
f 1566/1566/1566 1565/1565/1565 1564/1564/1564
f 1565/1565/1565 1568/1568/1568 1567/1567/1567
f 1570/1570/1570 1569/1569/1569 1564/1564/1564
f 1573/1573/1573 1572/1572/1572 1571/1571/1571
f 1576/1576/1576 1575/1575/1575 1574/1574/1574
f 1579/1579/1579 1578/1578/1578 1577/1577/1577
f 1580/1580/1580 1577/1577/1577 1578/1578/1578
f 1579/1579/1579 1577/1577/1577 1581/1581/1581
f 1578/1578/1578 1579/1579/1579 1582/1582/1582
f 1581/1581/1581 1583/1583/1583 1579/1579/1579
f 1583/1583/1583 1581/1581/1581 1584/1584/1584
f 1584/1584/1584 453/453/453 1583/1583/1583
f 453/453/453 1584/1584/1584 1585/1585/1585
f 1586/1586/1586 1585/1585/1585 1584/1584/1584
f 1586/1586/1586 1584/1584/1584 1581/1581/1581
f 1586/1586/1586 1587/1587/1587 1585/1585/1585
f 453/453/453 1585/1585/1585 456/456/456
f 1585/1585/1585 1588/1588/1588 456/456/456
f 1587/1587/1587 1589/1589/1589 1585/1585/1585
f 1587/1587/1587 1590/1590/1590 1589/1589/1589
f 1589/1589/1589 1590/1590/1590 1591/1591/1591
f 1592/1592/1592 1585/1585/1585 1589/1589/1589
f 1588/1588/1588 1585/1585/1585 1592/1592/1592
f 1588/1588/1588 455/455/455 456/456/456
f 1588/1588/1588 1593/1593/1593 455/455/455
f 444/444/444 455/455/455 1593/1593/1593
f 1593/1593/1593 1594/1594/1594 444/444/444
f 1594/1594/1594 1593/1593/1593 1595/1595/1595
f 1596/1596/1596 1595/1595/1595 1593/1593/1593
f 440/440/440 444/444/444 1594/1594/1594
f 1594/1594/1594 442/442/442 440/440/440
f 1596/1596/1596 1597/1597/1597 1595/1595/1595
f 442/442/442 1594/1594/1594 1598/1598/1598
f 1595/1595/1595 1598/1598/1598 1594/1594/1594
f 1597/1597/1597 1596/1596/1596 1599/1599/1599
f 1600/1600/1600 1599/1599/1599 1596/1596/1596
f 1596/1596/1596 1601/1601/1601 1600/1600/1600
f 1602/1602/1602 1600/1600/1600 1601/1601/1601
f 1599/1599/1599 1600/1600/1600 1603/1603/1603
f 1604/1604/1604 1603/1603/1603 1600/1600/1600
f 1600/1600/1600 1602/1602/1602 1604/1604/1604
f 1604/1604/1604 1605/1605/1605 1603/1603/1603
f 1606/1606/1606 1604/1604/1604 1602/1602/1602
f 1607/1607/1607 1604/1604/1604 1606/1606/1606
f 1602/1602/1602 1608/1608/1608 1606/1606/1606
f 1609/1609/1609 1606/1606/1606 1608/1608/1608
f 1609/1609/1609 1608/1608/1608 1610/1610/1610
f 1609/1609/1609 1610/1610/1610 1611/1611/1611
f 1612/1612/1612 1611/1611/1611 1610/1610/1610
f 1612/1612/1612 1613/1613/1613 1611/1611/1611
f 1614/1614/1614 1611/1611/1611 1613/1613/1613
f 1614/1614/1614 1613/1613/1613 1615/1615/1615
f 1616/1616/1616 1615/1615/1615 1613/1613/1613
f 1617/1617/1617 1610/1610/1610 1608/1608/1608
f 1617/1617/1617 1608/1608/1608 1618/1618/1618
f 1619/1619/1619 1618/1618/1618 1608/1608/1608
f 1614/1614/1614 1615/1615/1615 1620/1620/1620
f 1621/1621/1621 1620/1620/1620 1615/1615/1615
f 1620/1620/1620 1622/1622/1622 1614/1614/1614
f 1623/1623/1623 1614/1614/1614 1622/1622/1622
f 1614/1614/1614 1623/1623/1623 1611/1611/1611
f 1622/1622/1622 1624/1624/1624 1623/1623/1623
f 1622/1622/1622 1625/1625/1625 1624/1624/1624
f 1626/1626/1626 1624/1624/1624 1625/1625/1625
f 1626/1626/1626 1625/1625/1625 1627/1627/1627
f 1628/1628/1628 1627/1627/1627 1625/1625/1625
f 1628/1628/1628 431/431/431 1627/1627/1627
f 433/433/433 1627/1627/1627 431/431/431
f 1627/1627/1627 433/433/433 1629/1629/1629
f 1627/1627/1627 1629/1629/1629 1630/1630/1630
f 1631/1631/1631 1630/1630/1630 1629/1629/1629
f 441/441/441 1629/1629/1629 433/433/433
f 1632/1632/1632 1629/1629/1629 441/441/441
f 1629/1629/1629 1632/1632/1632 1633/1633/1633
f 1634/1634/1634 1633/1633/1633 1632/1632/1632
f 1635/1635/1635 1630/1630/1630 1631/1631/1631
f 1634/1634/1634 1636/1636/1636 1633/1633/1633
f 1637/1637/1637 1633/1633/1633 1636/1636/1636
f 431/431/431 1628/1628/1628 425/425/425
f 426/426/426 425/425/425 1628/1628/1628
f 1636/1636/1636 1634/1634/1634 1638/1638/1638
f 1634/1634/1634 1632/1632/1632 1639/1639/1639
f 1639/1639/1639 1605/1605/1605 1634/1634/1634
f 1636/1636/1636 1605/1605/1605 1607/1607/1607
f 1636/1636/1636 1607/1607/1607 1637/1637/1637
f 1604/1604/1604 1607/1607/1607 1638/1638/1638
f 1598/1598/1598 1639/1639/1639 1632/1632/1632
f 441/441/441 442/442/442 1632/1632/1632
f 1598/1598/1598 1632/1632/1632 442/442/442
f 1640/1640/1640 1637/1637/1637 1607/1607/1607
f 1607/1607/1607 1606/1606/1606 1640/1640/1640
f 1609/1609/1609 1640/1640/1640 1606/1606/1606
f 1640/1640/1640 1609/1609/1609 1641/1641/1641
f 1611/1611/1611 1641/1641/1641 1609/1609/1609
f 1641/1641/1641 1611/1611/1611 1623/1623/1623
f 1623/1623/1623 1642/1642/1642 1641/1641/1641
f 1643/1643/1643 1641/1641/1641 1642/1642/1642
f 1641/1641/1641 1643/1643/1643 1640/1640/1640
f 1642/1642/1642 1644/1644/1644 1643/1643/1643
f 1642/1642/1642 1623/1623/1623 1624/1624/1624
f 1644/1644/1644 1642/1642/1642 1635/1635/1635
f 1637/1637/1637 1640/1640/1640 1643/1643/1643
f 1645/1645/1645 1644/1644/1644 1635/1635/1635
f 451/451/451 1647/1647/1647 1646/1646/1646
f 451/451/451 449/449/449 1647/1647/1647
f 457/457/457 1647/1647/1647 449/449/449
f 1646/1646/1646 1647/1647/1647 1648/1648/1648
f 1649/1649/1649 1646/1646/1646 1648/1648/1648
f 1650/1650/1650 1649/1649/1649 1648/1648/1648
f 1649/1649/1649 1650/1650/1650 1651/1651/1651
f 1651/1651/1651 1652/1652/1652 1649/1649/1649
f 1651/1651/1651 1653/1653/1653 1652/1652/1652
f 1654/1654/1654 1651/1651/1651 1650/1650/1650
f 1650/1650/1650 460/460/460 1654/1654/1654
f 1655/1655/1655 1654/1654/1654 460/460/460
f 1655/1655/1655 460/460/460 459/459/459
f 459/459/459 461/461/461 1655/1655/1655
f 1656/1656/1656 1655/1655/1655 461/461/461
f 461/461/461 1657/1657/1657 1656/1656/1656
f 1658/1658/1658 1657/1657/1657 461/461/461
f 461/461/461 462/462/462 1658/1658/1658
f 471/471/471 1658/1658/1658 462/462/462
f 471/471/471 1659/1659/1659 1658/1658/1658
f 1660/1660/1660 1658/1658/1658 1659/1659/1659
f 1659/1659/1659 1661/1661/1661 1660/1660/1660
f 1662/1662/1662 1660/1660/1660 1661/1661/1661
f 1661/1661/1661 469/469/469 1662/1662/1662
f 470/470/470 1662/1662/1662 469/469/469
f 1657/1657/1657 1663/1663/1663 1656/1656/1656
f 1653/1653/1653 1656/1656/1656 1663/1663/1663
f 1663/1663/1663 1664/1664/1664 1653/1653/1653
f 1662/1662/1662 1664/1664/1664 1660/1660/1660
f 1665/1665/1665 1660/1660/1660 1664/1664/1664
f 1664/1664/1664 1666/1666/1666 1665/1665/1665
f 1668/1668/1668 454/454/454 1667/1667/1667
f 1669/1669/1669 1667/1667/1667 454/454/454
f 1667/1667/1667 1670/1670/1670 1668/1668/1668
f 454/454/454 448/448/448 1669/1669/1669
f 450/450/450 1669/1669/1669 448/448/448
f 1670/1670/1670 1671/1671/1671 1668/1668/1668
f 1670/1670/1670 1672/1672/1672 1671/1671/1671
f 1672/1672/1672 1670/1670/1670 1673/1673/1673
f 1674/1674/1674 1671/1671/1671 1672/1672/1672
f 1675/1675/1675 1674/1674/1674 1672/1672/1672
f 1672/1672/1672 1676/1676/1676 1675/1675/1675
f 1677/1677/1677 1675/1675/1675 1676/1676/1676
f 1676/1676/1676 1678/1678/1678 1677/1677/1677
f 1679/1679/1679 1676/1676/1676 1672/1672/1672
f 454/454/454 1680/1680/1680 452/452/452
f 452/452/452 1681/1681/1681 453/453/453
f 1684/1684/1684 1683/1683/1683 1682/1682/1682
f 1685/1685/1685 1682/1682/1682 1683/1683/1683
f 1684/1684/1684 1686/1686/1686 1683/1683/1683
f 1682/1682/1682 1687/1687/1687 1684/1684/1684
f 1688/1688/1688 1684/1684/1684 1687/1687/1687
f 1688/1688/1688 1689/1689/1689 1684/1684/1684
f 1690/1690/1690 1684/1684/1684 1689/1689/1689
f 1684/1684/1684 1690/1690/1690 1686/1686/1686
f 1690/1690/1690 1689/1689/1689 1619/1619/1619
f 1691/1691/1691 1690/1690/1690 1619/1619/1619
f 1618/1618/1618 1619/1619/1619 1689/1689/1689
f 1682/1682/1682 1580/1580/1580 1687/1687/1687
f 1692/1692/1692 1687/1687/1687 1580/1580/1580
f 1580/1580/1580 1682/1682/1682 1693/1693/1693
f 1694/1694/1694 1686/1686/1686 1690/1690/1690
f 1694/1694/1694 1695/1695/1695 1686/1686/1686
f 1695/1695/1695 1694/1694/1694 1696/1696/1696
f 1697/1697/1697 1686/1686/1686 1695/1695/1695
f 1686/1686/1686 1697/1697/1697 1683/1683/1683
f 1698/1698/1698 1683/1683/1683 1697/1697/1697
f 1683/1683/1683 1698/1698/1698 1685/1685/1685
f 1694/1694/1694 1690/1690/1690 1699/1699/1699
f 1691/1691/1691 1699/1699/1699 1690/1690/1690
f 1699/1699/1699 1700/1700/1700 1694/1694/1694
f 1699/1699/1699 1701/1701/1701 1700/1700/1700
f 1691/1691/1691 1702/1702/1702 1699/1699/1699
f 1701/1701/1701 1699/1699/1699 1703/1703/1703
f 1691/1691/1691 1704/1704/1704 1703/1703/1703
f 1706/1706/1706 1703/1703/1703 1705/1705/1705
f 1706/1706/1706 1704/1704/1704 1707/1707/1707
f 1708/1708/1708 1707/1707/1707 1704/1704/1704
f 1707/1707/1707 1709/1709/1709 1706/1706/1706
f 1709/1709/1709 1707/1707/1707 1710/1710/1710
f 1588/1588/1588 1710/1710/1710 1707/1707/1707
f 1588/1588/1588 1711/1711/1711 1710/1710/1710
f 1712/1712/1712 1710/1710/1710 1711/1711/1711
f 1711/1711/1711 1589/1589/1589 1712/1712/1712
f 1593/1593/1593 1588/1588/1588 1707/1707/1707
f 1714/1714/1714 1713/1713/1713 1701/1701/1701
f 1714/1714/1714 1591/1591/1591 1715/1715/1715
f 1717/1717/1717 1589/1589/1589 1716/1716/1716
f 1719/1719/1719 1589/1589/1589 1718/1718/1718
f 1591/1591/1591 1720/1720/1720 1701/1701/1701
f 1723/1723/1723 1722/1722/1722 1721/1721/1721
f 1724/1724/1724 1721/1721/1721 1722/1722/1722
f 1721/1721/1721 1724/1724/1724 1725/1725/1725
f 1726/1726/1726 1725/1725/1725 1724/1724/1724
f 1727/1727/1727 1723/1723/1723 1721/1721/1721
f 1722/1722/1722 1728/1728/1728 1724/1724/1724
f 1729/1729/1729 1724/1724/1724 1728/1728/1728
f 1724/1724/1724 1729/1729/1729 1726/1726/1726
f 1728/1728/1728 1730/1730/1730 1729/1729/1729
f 1731/1731/1731 1729/1729/1729 1730/1730/1730
f 1729/1729/1729 1731/1731/1731 1732/1732/1732
f 1732/1732/1732 1726/1726/1726 1729/1729/1729
f 1733/1733/1733 1732/1732/1732 1731/1731/1731
f 1730/1730/1730 1734/1734/1734 1731/1731/1731
f 1735/1735/1735 1731/1731/1731 1734/1734/1734
f 1731/1731/1731 1736/1736/1736 1733/1733/1733
f 1737/1737/1737 1733/1733/1733 1736/1736/1736
f 1737/1737/1737 1738/1738/1738 1733/1733/1733
f 1739/1739/1739 1733/1733/1733 1738/1738/1738
f 1733/1733/1733 1739/1739/1739 1732/1732/1732
f 1728/1728/1728 1740/1740/1740 1730/1730/1730
f 1741/1741/1741 1730/1730/1730 1740/1740/1740
f 1730/1730/1730 1741/1741/1741 1734/1734/1734
f 1732/1732/1732 1742/1742/1742 1726/1726/1726
f 1742/1742/1742 1732/1732/1732 1739/1739/1739
f 1739/1739/1739 1743/1743/1743 1742/1742/1742
f 1744/1744/1744 1742/1742/1742 1743/1743/1743
f 1743/1743/1743 1745/1745/1745 1744/1744/1744
f 1746/1746/1746 1744/1744/1744 1745/1745/1745
f 1743/1743/1743 1739/1739/1739 1747/1747/1747
f 1748/1748/1748 1747/1747/1747 1739/1739/1739
f 1745/1745/1745 1743/1743/1743 1749/1749/1749
f 1747/1747/1747 1749/1749/1749 1743/1743/1743
f 1742/1742/1742 1744/1744/1744 1750/1750/1750
f 1751/1751/1751 1750/1750/1750 1744/1744/1744
f 1744/1744/1744 1746/1746/1746 1751/1751/1751
f 1750/1750/1750 1751/1751/1751 1752/1752/1752
f 1753/1753/1753 1752/1752/1752 1751/1751/1751
f 1751/1751/1751 1754/1754/1754 1753/1753/1753
f 1754/1754/1754 1751/1751/1751 1746/1746/1746
f 1755/1755/1755 1753/1753/1753 1754/1754/1754
f 1750/1750/1750 1726/1726/1726 1742/1742/1742
f 1750/1750/1750 1756/1756/1756 1726/1726/1726
f 1757/1757/1757 1726/1726/1726 1752/1752/1752
f 1760/1760/1760 1759/1759/1759 1758/1758/1758
f 1759/1759/1759 1761/1761/1761 1758/1758/1758
f 1758/1758/1758 1761/1761/1761 1762/1762/1762
f 1759/1759/1759 1763/1763/1763 1761/1761/1761
f 1764/1764/1764 1763/1763/1763 1759/1759/1759
f 1764/1764/1764 1765/1765/1765 1763/1763/1763
f 1764/1764/1764 1766/1766/1766 1765/1765/1765
f 1767/1767/1767 1765/1765/1765 1766/1766/1766
f 1765/1765/1765 1767/1767/1767 1768/1768/1768
f 1769/1769/1769 1768/1768/1768 1767/1767/1767
f 1765/1765/1765 1768/1768/1768 1770/1770/1770
f 1770/1770/1770 1763/1763/1763 1765/1765/1765
f 1771/1771/1771 1770/1770/1770 1768/1768/1768
f 1771/1771/1771 1772/1772/1772 1770/1770/1770
f 1773/1773/1773 1770/1770/1770 1772/1772/1772
f 1770/1770/1770 1773/1773/1773 1763/1763/1763
f 1773/1773/1773 1772/1772/1772 1774/1774/1774
f 1775/1775/1775 1774/1774/1774 1772/1772/1772
f 1771/1771/1771 1768/1768/1768 1776/1776/1776
f 1771/1771/1771 1776/1776/1776 1772/1772/1772
f 1777/1777/1777 1776/1776/1776 1768/1768/1768
f 1776/1776/1776 1777/1777/1777 1778/1778/1778
f 1779/1779/1779 1778/1778/1778 1777/1777/1777
f 1777/1777/1777 1780/1780/1780 1779/1779/1779
f 1781/1781/1781 1779/1779/1779 1780/1780/1780
f 1776/1776/1776 1778/1778/1778 1782/1782/1782
f 1782/1782/1782 1772/1772/1772 1776/1776/1776
f 1783/1783/1783 1782/1782/1782 1778/1778/1778
f 1782/1782/1782 1783/1783/1783 1784/1784/1784
f 1785/1785/1785 1784/1784/1784 1783/1783/1783
f 1780/1780/1780 1777/1777/1777 1786/1786/1786
f 1768/1768/1768 1786/1786/1786 1777/1777/1777
f 1772/1772/1772 1782/1782/1782 1787/1787/1787
f 1784/1784/1784 1787/1787/1787 1782/1782/1782
f 1779/1779/1779 1781/1781/1781 1788/1788/1788
f 1789/1789/1789 1788/1788/1788 1781/1781/1781
f 1788/1788/1788 1789/1789/1789 1790/1790/1790
f 1791/1791/1791 1790/1790/1790 1789/1789/1789
f 1788/1788/1788 1790/1790/1790 1792/1792/1792
f 1788/1788/1788 1792/1792/1792 1779/1779/1779
f 1792/1792/1792 1790/1790/1790 1793/1793/1793
f 1778/1778/1778 1792/1792/1792 1783/1783/1783
f 1778/1778/1778 1779/1779/1779 1792/1792/1792
f 1794/1794/1794 1783/1783/1783 1792/1792/1792
f 1783/1783/1783 1794/1794/1794 1785/1785/1785
f 1793/1793/1793 1794/1794/1794 1792/1792/1792
f 1794/1794/1794 1793/1793/1793 1795/1795/1795
f 1795/1795/1795 1785/1785/1785 1794/1794/1794
f 1796/1796/1796 1795/1795/1795 1793/1793/1793
f 1791/1791/1791 1797/1797/1797 1790/1790/1790
f 1790/1790/1790 1797/1797/1797 1793/1793/1793
f 1793/1793/1793 1797/1797/1797 1796/1796/1796
f 1768/1768/1768 1769/1769/1769 1786/1786/1786
f 1799/1799/1799 1798/1798/1798 1772/1772/1772
f 1769/1769/1769 1800/1800/1800 1786/1786/1786
f 1802/1802/1802 1769/1769/1769 1801/1801/1801
f 1767/1767/1767 1801/1801/1801 1769/1769/1769
f 1801/1801/1801 1767/1767/1767 1803/1803/1803
f 1766/1766/1766 1803/1803/1803 1767/1767/1767
f 1766/1766/1766 1804/1804/1804 1803/1803/1803
f 1804/1804/1804 1805/1805/1805 1803/1803/1803
f 1766/1766/1766 1764/1764/1764 1804/1804/1804
f 1806/1806/1806 1804/1804/1804 1764/1764/1764
f 1759/1759/1759 1806/1806/1806 1764/1764/1764
f 1809/1809/1809 1808/1808/1808 1807/1807/1807
f 1808/1808/1808 1811/1811/1811 1810/1810/1810
f 1810/1810/1810 1811/1811/1811 1812/1812/1812
f 1813/1813/1813 1812/1812/1812 1811/1811/1811
f 1811/1811/1811 1773/1773/1773 1813/1813/1813
f 1814/1814/1814 1773/1773/1773 1811/1811/1811
f 1814/1814/1814 1811/1811/1811 1808/1808/1808
f 1774/1774/1774 1813/1813/1813 1773/1773/1773
f 1814/1814/1814 1763/1763/1763 1773/1773/1773
f 1808/1808/1808 1763/1763/1763 1814/1814/1814
f 1808/1808/1808 1761/1761/1761 1763/1763/1763
f 1762/1762/1762 1761/1761/1761 1808/1808/1808
f 1817/1817/1817 1816/1816/1816 1815/1815/1815
f 1818/1818/1818 1815/1815/1815 1816/1816/1816
f 1816/1816/1816 1817/1817/1817 1819/1819/1819
f 1820/1820/1820 1819/1819/1819 1817/1817/1817
f 1817/1817/1817 1821/1821/1821 1820/1820/1820
f 1822/1822/1822 1820/1820/1820 1821/1821/1821
f 1823/1823/1823 1822/1822/1822 1821/1821/1821
f 1822/1822/1822 1824/1824/1824 1820/1820/1820
f 1825/1825/1825 1824/1824/1824 1822/1822/1822
f 1822/1822/1822 1823/1823/1823 1825/1825/1825
f 1826/1826/1826 1820/1820/1820 1824/1824/1824
f 1820/1820/1820 1826/1826/1826 1827/1827/1827
f 1828/1828/1828 1821/1821/1821 1817/1817/1817
f 1824/1824/1824 1825/1825/1825 1829/1829/1829
f 1824/1824/1824 1829/1829/1829 1830/1830/1830
f 1830/1830/1830 1831/1831/1831 1824/1824/1824
f 1832/1832/1832 1824/1824/1824 1831/1831/1831
f 1833/1833/1833 1830/1830/1830 1829/1829/1829
f 1831/1831/1831 1830/1830/1830 1834/1834/1834
f 1835/1835/1835 1834/1834/1834 1830/1830/1830
f 1830/1830/1830 1833/1833/1833 1835/1835/1835
f 1835/1835/1835 1836/1836/1836 1834/1834/1834
f 1837/1837/1837 1834/1834/1834 1836/1836/1836
f 1836/1836/1836 1838/1838/1838 1837/1837/1837
f 1838/1838/1838 1836/1836/1836 1839/1839/1839
f 1840/1840/1840 1839/1839/1839 1836/1836/1836
f 1841/1841/1841 1840/1840/1840 1836/1836/1836
f 1836/1836/1836 1835/1835/1835 1841/1841/1841
f 1837/1837/1837 1838/1838/1838 1842/1842/1842
f 1843/1843/1843 1842/1842/1842 1838/1838/1838
f 1842/1842/1842 1843/1843/1843 1844/1844/1844
f 1845/1845/1845 1844/1844/1844 1843/1843/1843
f 1845/1845/1845 1843/1843/1843 1846/1846/1846
f 1847/1847/1847 1846/1846/1846 1843/1843/1843
f 1839/1839/1839 1847/1847/1847 1838/1838/1838
f 1843/1843/1843 1838/1838/1838 1847/1847/1847
f 1845/1845/1845 1848/1848/1848 1844/1844/1844
f 1846/1846/1846 1848/1848/1848 1845/1845/1845
f 1849/1849/1849 1835/1835/1835 1833/1833/1833
f 1849/1849/1849 1841/1841/1841 1835/1835/1835
f 1852/1852/1852 1851/1851/1851 1850/1850/1850
f 1853/1853/1853 1850/1850/1850 1851/1851/1851
f 1850/1850/1850 1853/1853/1853 1854/1854/1854
f 1855/1855/1855 1854/1854/1854 1853/1853/1853
f 1850/1850/1850 1854/1854/1854 1856/1856/1856
f 1857/1857/1857 1856/1856/1856 1854/1854/1854
f 1857/1857/1857 1858/1858/1858 1856/1856/1856
f 1859/1859/1859 1856/1856/1856 1858/1858/1858
f 1859/1859/1859 1860/1860/1860 1856/1856/1856
f 1855/1855/1855 1853/1853/1853 1861/1861/1861
f 1862/1862/1862 1861/1861/1861 1853/1853/1853
f 1855/1855/1855 1863/1863/1863 1854/1854/1854
f 1854/1854/1854 1863/1863/1863 1857/1857/1857
f 1855/1855/1855 1864/1864/1864 1863/1863/1863
f 1865/1865/1865 1863/1863/1863 1864/1864/1864
f 1865/1865/1865 1864/1864/1864 1866/1866/1866
f 1867/1867/1867 1866/1866/1866 1864/1864/1864
f 1866/1866/1866 1868/1868/1868 1865/1865/1865
f 1869/1869/1869 1865/1865/1865 1868/1868/1868
f 1865/1865/1865 1869/1869/1869 1863/1863/1863
f 1869/1869/1869 1868/1868/1868 1870/1870/1870
f 1871/1871/1871 1870/1870/1870 1868/1868/1868
f 1867/1867/1867 1864/1864/1864 1872/1872/1872
f 1873/1873/1873 1872/1872/1872 1864/1864/1864
f 1872/1872/1872 1874/1874/1874 1867/1867/1867
f 1875/1875/1875 1867/1867/1867 1874/1874/1874
f 1867/1867/1867 1875/1875/1875 1866/1866/1866
f 1868/1868/1868 1876/1876/1876 1871/1871/1871
f 1868/1868/1868 1866/1866/1866 1876/1876/1876
f 1875/1875/1875 1876/1876/1876 1866/1866/1866
f 1876/1876/1876 1875/1875/1875 1877/1877/1877
f 1878/1878/1878 1877/1877/1877 1875/1875/1875
f 1875/1875/1875 1874/1874/1874 1878/1878/1878
f 1879/1879/1879 1871/1871/1871 1876/1876/1876
f 1879/1879/1879 1876/1876/1876 1880/1880/1880
f 1878/1878/1878 1881/1881/1881 1877/1877/1877
f 1870/1870/1870 1882/1882/1882 1869/1869/1869
f 1883/1883/1883 1869/1869/1869 1882/1882/1882
f 1883/1883/1883 1863/1863/1863 1869/1869/1869
f 1882/1882/1882 1858/1858/1858 1883/1883/1883
f 1857/1857/1857 1883/1883/1883 1858/1858/1858
f 1883/1883/1883 1857/1857/1857 1863/1863/1863
f 1884/1884/1884 1878/1878/1878 1874/1874/1874
f 1884/1884/1884 1885/1885/1885 1878/1878/1878
f 1858/1858/1858 1882/1882/1882 1886/1886/1886
f 1886/1886/1886 1887/1887/1887 1858/1858/1858
f 1859/1859/1859 1858/1858/1858 1887/1887/1887
f 1859/1859/1859 1887/1887/1887 1888/1888/1888
f 1887/1887/1887 1889/1889/1889 1888/1888/1888
f 1890/1890/1890 1886/1886/1886 1882/1882/1882
f 1891/1891/1891 1856/1856/1856 1888/1888/1888
f 1891/1891/1891 1892/1892/1892 1856/1856/1856
f 1856/1856/1856 1892/1892/1892 1850/1850/1850
f 1852/1852/1852 1850/1850/1850 1892/1892/1892
f 1894/1894/1894 1860/1860/1860 1893/1893/1893
f 1897/1897/1897 1896/1896/1896 1895/1895/1895
f 1898/1898/1898 1895/1895/1895 1896/1896/1896
f 1895/1895/1895 1898/1898/1898 1899/1899/1899
f 1900/1900/1900 1899/1899/1899 1898/1898/1898
f 1901/1901/1901 1895/1895/1895 1899/1899/1899
f 1899/1899/1899 1902/1902/1902 1901/1901/1901
f 1899/1899/1899 1903/1903/1903 1902/1902/1902
f 1903/1903/1903 1899/1899/1899 1904/1904/1904
f 1905/1905/1905 1904/1904/1904 1899/1899/1899
f 1906/1906/1906 1902/1902/1902 1903/1903/1903
f 1904/1904/1904 1907/1907/1907 1903/1903/1903
f 1908/1908/1908 1903/1903/1903 1907/1907/1907
f 1903/1903/1903 1908/1908/1908 1906/1906/1906
f 1908/1908/1908 1907/1907/1907 1909/1909/1909
f 1910/1910/1910 1909/1909/1909 1907/1907/1907
f 1910/1910/1910 1911/1911/1911 1909/1909/1909
f 1909/1909/1909 1911/1911/1911 1912/1912/1912
f 1909/1909/1909 1912/1912/1912 1913/1913/1913
f 1909/1909/1909 1913/1913/1913 1908/1908/1908
f 1914/1914/1914 1912/1912/1912 1911/1911/1911
f 1910/1910/1910 1915/1915/1915 1911/1911/1911
f 1916/1916/1916 1911/1911/1911 1915/1915/1915
f 1911/1911/1911 1916/1916/1916 1914/1914/1914
f 1916/1916/1916 1915/1915/1915 1917/1917/1917
f 1918/1918/1918 1917/1917/1917 1915/1915/1915
f 1916/1916/1916 1917/1917/1917 1919/1919/1919
f 1919/1919/1919 1914/1914/1914 1916/1916/1916
f 1920/1920/1920 1919/1919/1919 1917/1917/1917
f 1918/1918/1918 1921/1921/1921 1917/1917/1917
f 1917/1917/1917 1921/1921/1921 1920/1920/1920
f 1922/1922/1922 1906/1906/1906 1908/1908/1908
f 1922/1922/1922 1908/1908/1908 1913/1913/1913
f 1924/1924/1924 1901/1901/1901 1923/1923/1923
f 1925/1925/1925 1923/1923/1923 1901/1901/1901
f 1925/1925/1925 1901/1901/1901 1902/1902/1902
f 1901/1901/1901 1924/1924/1924 1895/1895/1895
f 1897/1897/1897 1895/1895/1895 1924/1924/1924
f 1926/1926/1926 396/396/396 394/394/394
f 1621/1621/1621 428/428/428 423/423/423
f 1621/1621/1621 1615/1615/1615 428/428/428
f 1615/1615/1615 1616/1616/1616 428/428/428
f 427/427/427 428/428/428 1616/1616/1616
f 426/426/426 1621/1621/1621 423/423/423
f 1929/1929/1929 1928/1928/1928 1927/1927/1927
f 1927/1927/1927 1930/1930/1930 1929/1929/1929
f 1879/1879/1879 1929/1929/1929 1930/1930/1930
f 1930/1930/1930 1931/1931/1931 1879/1879/1879
f 1871/1871/1871 1879/1879/1879 1931/1931/1931
f 1931/1931/1931 1932/1932/1932 1871/1871/1871
f 1870/1870/1870 1871/1871/1871 1932/1932/1932
f 1932/1932/1932 1933/1933/1933 1870/1870/1870
f 1882/1882/1882 1870/1870/1870 1933/1933/1933
f 1855/1855/1855 1934/1934/1934 1864/1864/1864
f 1873/1873/1873 1864/1864/1864 1934/1934/1934
f 1861/1861/1861 1935/1935/1935 1855/1855/1855
f 1938/1938/1938 1937/1937/1937 1936/1936/1936
f 1936/1936/1936 1937/1937/1937 1939/1939/1939
f 1940/1940/1940 1939/1939/1939 1937/1937/1937
f 1939/1939/1939 1940/1940/1940 1941/1941/1941
f 1942/1942/1942 1941/1941/1941 1940/1940/1940
f 1941/1941/1941 1942/1942/1942 1943/1943/1943
f 1944/1944/1944 1943/1943/1943 1942/1942/1942
f 1937/1937/1937 1945/1945/1945 1940/1940/1940
f 1946/1946/1946 1940/1940/1940 1945/1945/1945
f 1940/1940/1940 1946/1946/1946 1942/1942/1942
f 1945/1945/1945 1947/1947/1947 1946/1946/1946
f 1948/1948/1948 1946/1946/1946 1947/1947/1947
f 1946/1946/1946 1948/1948/1948 1949/1949/1949
f 1949/1949/1949 1942/1942/1942 1946/1946/1946
f 1942/1942/1942 1949/1949/1949 1944/1944/1944
f 1950/1950/1950 1949/1949/1949 1948/1948/1948
f 1950/1950/1950 1948/1948/1948 1951/1951/1951
f 1952/1952/1952 1951/1951/1951 1948/1948/1948
f 1948/1948/1948 1947/1947/1947 1952/1952/1952
f 1951/1951/1951 1953/1953/1953 1950/1950/1950
f 1954/1954/1954 1950/1950/1950 1953/1953/1953
f 1949/1949/1949 1950/1950/1950 1955/1955/1955
f 1954/1954/1954 1955/1955/1955 1950/1950/1950
f 1955/1955/1955 1944/1944/1944 1949/1949/1949
f 1956/1956/1956 1952/1952/1952 1947/1947/1947
f 1951/1951/1951 1952/1952/1952 1957/1957/1957
f 1958/1958/1958 1957/1957/1957 1952/1952/1952
f 1952/1952/1952 1956/1956/1956 1958/1958/1958
f 1957/1957/1957 1958/1958/1958 1959/1959/1959
f 1960/1960/1960 1959/1959/1959 1958/1958/1958
f 1959/1959/1959 1961/1961/1961 1957/1957/1957
f 1962/1962/1962 1957/1957/1957 1961/1961/1961
f 1957/1957/1957 1962/1962/1962 1951/1951/1951
f 1953/1953/1953 1951/1951/1951 1962/1962/1962
f 1961/1961/1961 1963/1963/1963 1962/1962/1962
f 1964/1964/1964 1962/1962/1962 1963/1963/1963
f 1958/1958/1958 1965/1965/1965 1960/1960/1960
f 1965/1965/1965 1958/1958/1958 1956/1956/1956
f 1966/1966/1966 1960/1960/1960 1965/1965/1965
f 1965/1965/1965 1967/1967/1967 1966/1966/1966
f 1968/1968/1968 1966/1966/1966 1967/1967/1967
f 1967/1967/1967 1965/1965/1965 1969/1969/1969
f 1956/1956/1956 1969/1969/1969 1965/1965/1965
f 1970/1970/1970 1969/1969/1969 1956/1956/1956
f 1970/1970/1970 1956/1956/1956 1971/1971/1971
f 1971/1971/1971 1972/1972/1972 1970/1970/1970
f 1973/1973/1973 1970/1970/1970 1972/1972/1972
f 1973/1973/1973 1969/1969/1969 1970/1970/1970
f 1973/1973/1973 1974/1974/1974 1969/1969/1969
f 1975/1975/1975 1969/1969/1969 1974/1974/1974
f 1974/1974/1974 1976/1976/1976 1975/1975/1975
f 1977/1977/1977 1975/1975/1975 1976/1976/1976
f 1974/1974/1974 1973/1973/1973 1978/1978/1978
f 1978/1978/1978 1979/1979/1979 1974/1974/1974
f 1979/1979/1979 1978/1978/1978 1980/1980/1980
f 1981/1981/1981 1980/1980/1980 1978/1978/1978
f 1981/1981/1981 1982/1982/1982 1980/1980/1980
f 1983/1983/1983 1980/1980/1980 1982/1982/1982
f 1982/1982/1982 1984/1984/1984 1983/1983/1983
f 1985/1985/1985 1983/1983/1983 1984/1984/1984
f 1984/1984/1984 1982/1982/1982 1986/1986/1986
f 1987/1987/1987 1986/1986/1986 1982/1982/1982
f 1978/1978/1978 1988/1988/1988 1981/1981/1981
f 1988/1988/1988 1978/1978/1978 1973/1973/1973
f 1989/1989/1989 1981/1981/1981 1988/1988/1988
f 1981/1981/1981 1989/1989/1989 1982/1982/1982
f 1987/1987/1987 1982/1982/1982 1989/1989/1989
f 1987/1987/1987 1989/1989/1989 1990/1990/1990
f 1991/1991/1991 1990/1990/1990 1989/1989/1989
f 1990/1990/1990 1991/1991/1991 1992/1992/1992
f 1993/1993/1993 1992/1992/1992 1991/1991/1991
f 1988/1988/1988 1994/1994/1994 1989/1989/1989
f 1991/1991/1991 1989/1989/1989 1995/1995/1995
f 1991/1991/1991 1996/1996/1996 1993/1993/1993
f 1987/1987/1987 1990/1990/1990 1997/1997/1997
f 1998/1998/1998 1997/1997/1997 1990/1990/1990
f 1998/1998/1998 1990/1990/1990 1999/1999/1999
f 1992/1992/1992 1999/1999/1999 1990/1990/1990
f 1992/1992/1992 1993/1993/1993 2000/2000/2000
f 1992/1992/1992 2000/2000/2000 1999/1999/1999
f 2001/2001/2001 2000/2000/2000 1993/1993/1993
f 2001/2001/2001 2002/2002/2002 2000/2000/2000
f 2003/2003/2003 2000/2000/2000 2002/2002/2002
f 2002/2002/2002 2001/2001/2001 2004/2004/2004
f 2005/2005/2005 2004/2004/2004 2001/2001/2001
f 2000/2000/2000 2003/2003/2003 2006/2006/2006
f 2006/2006/2006 1999/1999/1999 2000/2000/2000
f 2007/2007/2007 2006/2006/2006 2003/2003/2003
f 2005/2005/2005 2001/2001/2001 2008/2008/2008
f 1993/1993/1993 2008/2008/2008 2001/2001/2001
f 2008/2008/2008 1993/1993/1993 2009/2009/2009
f 2009/2009/2009 2010/2010/2010 2008/2008/2008
f 2011/2011/2011 2008/2008/2008 2010/2010/2010
f 2008/2008/2008 2011/2011/2011 2005/2005/2005
f 2010/2010/2010 2012/2012/2012 2011/2011/2011
f 2013/2013/2013 2011/2011/2011 2012/2012/2012
f 2014/2014/2014 2005/2005/2005 2011/2011/2011
f 2011/2011/2011 2013/2013/2013 2014/2014/2014
f 2005/2005/2005 2014/2014/2014 2004/2004/2004
f 2012/2012/2012 1945/1945/1945 2013/2013/2013
f 1945/1945/1945 1937/1937/1937 2013/2013/2013
f 1938/1938/1938 2013/2013/2013 1937/1937/1937
f 2014/2014/2014 1938/1938/1938 2015/2015/2015
f 2016/2016/2016 2004/2004/2004 2014/2014/2014
f 2017/2017/2017 2016/2016/2016 1938/1938/1938
f 2012/2012/2012 1971/1971/1971 1945/1945/1945
f 1947/1947/1947 1945/1945/1945 1971/1971/1971
f 2010/2010/2010 2018/2018/2018 2012/2012/2012
f 1971/1971/1971 2012/2012/2012 2018/2018/2018
f 2009/2009/2009 2019/2019/2019 2010/2010/2010
f 1947/1947/1947 1971/1971/1971 1956/1956/1956
f 1936/1936/1936 2017/2017/2017 1938/1938/1938
f 2021/2021/2021 2020/2020/2020 2013/2013/2013
f 2024/2024/2024 2023/2023/2023 2022/2022/2022
f 2025/2025/2025 2022/2022/2022 2023/2023/2023
f 2023/2023/2023 2026/2026/2026 2025/2025/2025
f 2023/2023/2023 2024/2024/2024 2027/2027/2027
f 2028/2028/2028 2027/2027/2027 2024/2024/2024
f 2026/2026/2026 2029/2029/2029 2025/2025/2025
f 2026/2026/2026 2030/2030/2030 2029/2029/2029
f 2031/2031/2031 2029/2029/2029 2030/2030/2030
f 2026/2026/2026 2023/2023/2023 2032/2032/2032
f 2027/2027/2027 2032/2032/2032 2023/2023/2023
f 2027/2027/2027 2033/2033/2033 2032/2032/2032
f 2034/2034/2034 2032/2032/2032 2033/2033/2033
f 2032/2032/2032 2034/2034/2034 2035/2035/2035
f 2036/2036/2036 2035/2035/2035 2034/2034/2034
f 2036/2036/2036 2037/2037/2037 2035/2035/2035
f 2038/2038/2038 2035/2035/2035 2037/2037/2037
f 2039/2039/2039 2026/2026/2026 2032/2032/2032
f 2032/2032/2032 2035/2035/2035 2039/2039/2039
f 2038/2038/2038 2039/2039/2039 2035/2035/2035
f 2039/2039/2039 2030/2030/2030 2026/2026/2026
f 2030/2030/2030 2039/2039/2039 2040/2040/2040
f 2038/2038/2038 2040/2040/2040 2039/2039/2039
f 2030/2030/2030 2040/2040/2040 2041/2041/2041
f 2040/2040/2040 2042/2042/2042 2041/2041/2041
f 2027/2027/2027 2043/2043/2043 2033/2033/2033
f 2044/2044/2044 2033/2033/2033 2043/2043/2043
f 2044/2044/2044 2045/2045/2045 2033/2033/2033
f 2046/2046/2046 2033/2033/2033 2045/2045/2045
f 2033/2033/2033 2046/2046/2046 2047/2047/2047
f 2047/2047/2047 2048/2048/2048 2036/2036/2036
f 2048/2048/2048 2047/2047/2047 2046/2046/2046
f 2049/2049/2049 2036/2036/2036 2048/2048/2048
f 2048/2048/2048 2050/2050/2050 2049/2049/2049
f 2046/2046/2046 2051/2051/2051 2048/2048/2048
f 2051/2051/2051 2046/2046/2046 2052/2052/2052
f 2053/2053/2053 2048/2048/2048 2051/2051/2051
f 2048/2048/2048 2053/2053/2053 2050/2050/2050
f 2050/2050/2050 2053/2053/2053 2054/2054/2054
f 2054/2054/2054 2055/2055/2055 2050/2050/2050
f 2056/2056/2056 2053/2053/2053 2051/2051/2051
f 2056/2056/2056 2057/2057/2057 2053/2053/2053
f 2049/2049/2049 2050/2050/2050 2058/2058/2058
f 2059/2059/2059 2058/2058/2058 2050/2050/2050
f 2058/2058/2058 2060/2060/2060 2049/2049/2049
f 2061/2061/2061 2049/2049/2049 2060/2060/2060
f 2051/2051/2051 2062/2062/2062 2056/2056/2056
f 2062/2062/2062 2051/2051/2051 2063/2063/2063
f 2064/2064/2064 2063/2063/2063 2051/2051/2051
f 2065/2065/2065 2059/2059/2059 2050/2050/2050
f 2059/2059/2059 2065/2065/2065 2066/2066/2066
f 2067/2067/2067 2064/2064/2064 2046/2046/2046
f 2044/2044/2044 2069/2069/2069 2068/2068/2068
f 2070/2070/2070 2068/2068/2068 2069/2069/2069
f 2044/2044/2044 2071/2071/2071 2069/2069/2069
f 2072/2072/2072 2069/2069/2069 2071/2071/2071
f 2069/2069/2069 2073/2073/2073 2070/2070/2070
f 2072/2072/2072 2073/2073/2073 2069/2069/2069
f 2044/2044/2044 2043/2043/2043 2071/2071/2071
f 2044/2044/2044 2068/2068/2068 2045/2045/2045
f 2076/2076/2076 2075/2075/2075 2074/2074/2074
f 2077/2077/2077 2074/2074/2074 2075/2075/2075
f 2075/2075/2075 2078/2078/2078 2077/2077/2077
f 2079/2079/2079 2077/2077/2077 2078/2078/2078
f 2078/2078/2078 2080/2080/2080 2079/2079/2079
f 2081/2081/2081 2079/2079/2079 2080/2080/2080
f 2080/2080/2080 2082/2082/2082 2081/2081/2081
f 2078/2078/2078 2075/2075/2075 2083/2083/2083
f 2084/2084/2084 2083/2083/2083 2075/2075/2075
f 2085/2085/2085 2083/2083/2083 2084/2084/2084
f 2085/2085/2085 2084/2084/2084 2086/2086/2086
f 2086/2086/2086 2087/2087/2087 2085/2085/2085
f 2088/2088/2088 2085/2085/2085 2087/2087/2087
f 2089/2089/2089 2086/2086/2086 2084/2084/2084
f 2084/2084/2084 2075/2075/2075 2089/2089/2089
f 2088/2088/2088 2090/2090/2090 2085/2085/2085
f 2090/2090/2090 2083/2083/2083 2085/2085/2085
f 2083/2083/2083 2090/2090/2090 2091/2091/2091
f 2080/2080/2080 2078/2078/2078 2091/2091/2091
f 2083/2083/2083 2091/2091/2091 2078/2078/2078
f 2092/2092/2092 2091/2091/2091 2090/2090/2090
f 2092/2092/2092 2093/2093/2093 2091/2091/2091
f 2087/2087/2087 2086/2086/2086 2094/2094/2094
f 2095/2095/2095 2094/2094/2094 2086/2086/2086
f 2094/2094/2094 2095/2095/2095 2096/2096/2096
f 2097/2097/2097 2096/2096/2096 2095/2095/2095
f 2095/2095/2095 2098/2098/2098 2097/2097/2097
f 2095/2095/2095 2086/2086/2086 2098/2098/2098
f 2089/2089/2089 2098/2098/2098 2086/2086/2086
f 2099/2099/2099 2097/2097/2097 2098/2098/2098
f 2099/2099/2099 2100/2100/2100 2097/2097/2097
f 2101/2101/2101 2097/2097/2097 2100/2100/2100
f 2101/2101/2101 2102/2102/2102 2097/2097/2097
f 2103/2103/2103 2097/2097/2097 2102/2102/2102
f 2098/2098/2098 2089/2089/2089 2104/2104/2104
f 2105/2105/2105 2104/2104/2104 2089/2089/2089
f 2090/2090/2090 2106/2106/2106 2092/2092/2092
f 2107/2107/2107 2092/2092/2092 2106/2106/2106
f 2106/2106/2106 2108/2108/2108 2107/2107/2107
f 2109/2109/2109 2107/2107/2107 2108/2108/2108
f 2108/2108/2108 2106/2106/2106 2110/2110/2110
f 2111/2111/2111 2110/2110/2110 2106/2106/2106
f 2106/2106/2106 2090/2090/2090 2111/2111/2111
f 2110/2110/2110 2111/2111/2111 2112/2112/2112
f 2113/2113/2113 2112/2112/2112 2111/2111/2111
f 2109/2109/2109 2114/2114/2114 2107/2107/2107
f 2088/2088/2088 2111/2111/2111 2090/2090/2090
f 2088/2088/2088 2087/2087/2087 2111/2111/2111
f 2102/2102/2102 2115/2115/2115 2103/2103/2103
f 2115/2115/2115 2102/2102/2102 2116/2116/2116
f 2115/2115/2115 2116/2116/2116 2117/2117/2117
f 2118/2118/2118 2117/2117/2117 2116/2116/2116
f 2117/2117/2117 2119/2119/2119 2115/2115/2115
f 2120/2120/2120 2115/2115/2115 2119/2119/2119
f 2121/2121/2121 2116/2116/2116 2102/2102/2102
f 2122/2122/2122 2121/2121/2121 2102/2102/2102
f 2102/2102/2102 2101/2101/2101 2122/2122/2122
f 2123/2123/2123 2122/2122/2122 2101/2101/2101
f 2122/2122/2122 2124/2124/2124 2121/2121/2121
f 2123/2123/2123 2101/2101/2101 2125/2125/2125
f 2100/2100/2100 2125/2125/2125 2101/2101/2101
f 2125/2125/2125 2100/2100/2100 2126/2126/2126
f 2100/2100/2100 2127/2127/2127 2126/2126/2126
f 2127/2127/2127 2100/2100/2100 2099/2099/2099
f 2127/2127/2127 2099/2099/2099 2128/2128/2128
f 2129/2129/2129 2128/2128/2128 2099/2099/2099
f 2099/2099/2099 2130/2130/2130 2129/2129/2129
f 2131/2131/2131 2129/2129/2129 2130/2130/2130
f 2099/2099/2099 2098/2098/2098 2130/2130/2130
f 2132/2132/2132 2126/2126/2126 2127/2127/2127
f 2132/2132/2132 2127/2127/2127 2133/2133/2133
f 2128/2128/2128 2133/2133/2133 2127/2127/2127
f 2123/2123/2123 2134/2134/2134 2122/2122/2122
f 2125/2125/2125 2134/2134/2134 2123/2123/2123
f 2125/2125/2125 2126/2126/2126 2135/2135/2135
f 2136/2136/2136 2125/2125/2125 2135/2135/2135
f 2138/2138/2138 2137/2137/2137 2131/2131/2131
f 2139/2139/2139 2131/2131/2131 2137/2137/2137
f 2136/2136/2136 2141/2141/2141 2140/2140/2140
f 2103/2103/2103 2119/2119/2119 2142/2142/2142
f 2143/2143/2143 2142/2142/2142 2119/2119/2119
f 2142/2142/2142 2143/2143/2143 2113/2113/2113
f 2103/2103/2103 2142/2142/2142 2094/2094/2094
f 2145/2145/2145 2144/2144/2144 2143/2143/2143
f 2094/2094/2094 2146/2146/2146 2087/2087/2087
f 2147/2147/2147 2087/2087/2087 2146/2146/2146
f 2147/2147/2147 2148/2148/2148 2087/2087/2087
f 2030/2030/2030 2150/2150/2150 2149/2149/2149
f 2153/2153/2153 2152/2152/2152 2151/2151/2151
f 2154/2154/2154 2151/2151/2151 2152/2152/2152
f 2154/2154/2154 2155/2155/2155 2151/2151/2151
f 2156/2156/2156 2151/2151/2151 2155/2155/2155
f 2153/2153/2153 2157/2157/2157 2152/2152/2152
f 2158/2158/2158 2152/2152/2152 2157/2157/2157
f 2158/2158/2158 2157/2157/2157 2159/2159/2159
f 2160/2160/2160 2159/2159/2159 2157/2157/2157
f 2161/2161/2161 2159/2159/2159 2160/2160/2160
f 2156/2156/2156 2155/2155/2155 2161/2161/2161
f 2162/2162/2162 2156/2156/2156 2161/2161/2161
f 2162/2162/2162 2161/2161/2161 2163/2163/2163
f 2163/2163/2163 2164/2164/2164 2162/2162/2162
f 2165/2165/2165 2162/2162/2162 2164/2164/2164
f 2164/2164/2164 2166/2166/2166 2165/2165/2165
f 2161/2161/2161 2167/2167/2167 2163/2163/2163
f 2169/2169/2169 2168/2168/2168 1853/1853/1853
f 2168/2168/2168 2170/2170/2170 1853/1853/1853
f 1862/1862/1862 1853/1853/1853 2170/2170/2170
f 1896/1896/1896 2172/2172/2172 2171/2171/2171
f 2171/2171/2171 2173/2173/2173 1896/1896/1896
f 1896/1896/1896 2174/2174/2174 1898/1898/1898
f 2175/2175/2175 1898/1898/1898 2174/2174/2174
f 2174/2174/2174 1896/1896/1896 2176/2176/2176
f 1898/1898/1898 2177/2177/2177 1900/1900/1900
f 2178/2178/2178 1829/1829/1829 1825/1825/1825
f 2178/2178/2178 1825/1825/1825 2179/2179/2179
f 2180/2180/2180 2179/2179/2179 1825/1825/1825
f 2180/2180/2180 1825/1825/1825 1823/1823/1823
f 2080/2080/2080 2091/2091/2091 2181/2181/2181
f 2092/2092/2092 2107/2107/2107 2182/2182/2182
f 2105/2105/2105 2089/2089/2089 2075/2075/2075
f 1962/1962/1962 2183/2183/2183 1953/1953/1953
f 2184/2184/2184 1953/1953/1953 2183/2183/2183
f 1953/1953/1953 2184/2184/2184 1954/1954/1954
f 2185/2185/2185 1954/1954/1954 2184/2184/2184
f 2185/2185/2185 2186/2186/2186 1954/1954/1954
f 1955/1955/1955 1954/1954/1954 2186/2186/2186
f 2186/2186/2186 2187/2187/2187 1955/1955/1955
f 1944/1944/1944 1955/1955/1955 2187/2187/2187
f 2189/2189/2189 2188/2188/2188 1944/1944/1944
f 1943/1943/1943 1944/1944/1944 2188/2188/2188
f 2192/2192/2192 2191/2191/2191 2190/2190/2190
f 1722/1722/1722 2190/2190/2190 2191/2191/2191
f 2191/2191/2191 1740/1740/1740 1722/1722/1722
f 1728/1728/1728 1722/1722/1722 1740/1740/1740
f 2193/2193/2193 1734/1734/1734 1741/1741/1741
f 2194/2194/2194 1974/1974/1974 1979/1979/1979
f 1973/1973/1973 2195/2195/2195 1988/1988/1988
f 1994/1994/1994 1988/1988/1988 2196/2196/2196
f 2199/2199/2199 2198/2198/2198 2197/2197/2197
f 2197/2197/2197 2198/2198/2198 2200/2200/2200
f 2201/2201/2201 2200/2200/2200 2198/2198/2198
f 2200/2200/2200 2201/2201/2201 2202/2202/2202
f 2203/2203/2203 2202/2202/2202 2201/2201/2201
f 2202/2202/2202 2203/2203/2203 2204/2204/2204
f 2205/2205/2205 2204/2204/2204 2203/2203/2203
f 2198/2198/2198 2206/2206/2206 2201/2201/2201
f 2207/2207/2207 2201/2201/2201 2206/2206/2206
f 2201/2201/2201 2207/2207/2207 2203/2203/2203
f 2206/2206/2206 2208/2208/2208 2207/2207/2207
f 2209/2209/2209 2207/2207/2207 2208/2208/2208
f 2207/2207/2207 2209/2209/2209 2210/2210/2210
f 2210/2210/2210 2203/2203/2203 2207/2207/2207
f 2203/2203/2203 2210/2210/2210 2205/2205/2205
f 2211/2211/2211 2205/2205/2205 2210/2210/2210
f 2210/2210/2210 2212/2212/2212 2211/2211/2211
f 2212/2212/2212 2210/2210/2210 2213/2213/2213
f 2214/2214/2214 2211/2211/2211 2212/2212/2212
f 2206/2206/2206 2215/2215/2215 2208/2208/2208
f 2215/2215/2215 2206/2206/2206 2216/2216/2216
f 2216/2216/2216 2217/2217/2217 2215/2215/2215
f 2218/2218/2218 2215/2215/2215 2217/2217/2217
f 2217/2217/2217 2219/2219/2219 2218/2218/2218
f 2220/2220/2220 2218/2218/2218 2219/2219/2219
f 2219/2219/2219 2221/2221/2221 2220/2220/2220
f 2222/2222/2222 2220/2220/2220 2221/2221/2221
f 2221/2221/2221 2223/2223/2223 2222/2222/2222
f 2224/2224/2224 2222/2222/2222 2223/2223/2223
f 2224/2224/2224 2225/2225/2225 2222/2222/2222
f 2226/2226/2226 2222/2222/2222 2225/2225/2225
f 2222/2222/2222 2226/2226/2226 2220/2220/2220
f 2227/2227/2227 2220/2220/2220 2226/2226/2226
f 2224/2224/2224 2228/2228/2228 2225/2225/2225
f 2224/2224/2224 2223/2223/2223 2228/2228/2228
f 2229/2229/2229 2225/2225/2225 2228/2228/2228
f 2230/2230/2230 2228/2228/2228 2223/2223/2223
f 2225/2225/2225 2229/2229/2229 2231/2231/2231
f 2232/2232/2232 2231/2231/2231 2229/2229/2229
f 2219/2219/2219 2217/2217/2217 2233/2233/2233
f 2234/2234/2234 2233/2233/2233 2217/2217/2217
f 2226/2226/2226 2235/2235/2235 2227/2227/2227
f 2231/2231/2231 2235/2235/2235 2225/2225/2225
f 2226/2226/2226 2225/2225/2225 2235/2235/2235
f 2231/2231/2231 2236/2236/2236 2235/2235/2235
f 2237/2237/2237 2235/2235/2235 2236/2236/2236
f 2235/2235/2235 2237/2237/2237 2238/2238/2238
f 2238/2238/2238 2227/2227/2227 2235/2235/2235
f 2239/2239/2239 2238/2238/2238 2237/2237/2237
f 2231/2231/2231 2240/2240/2240 2236/2236/2236
f 2241/2241/2241 2236/2236/2236 2240/2240/2240
f 2233/2233/2233 2234/2234/2234 2242/2242/2242
f 2242/2242/2242 2243/2243/2243 2233/2233/2233
f 2244/2244/2244 2233/2233/2233 2243/2243/2243
f 2244/2244/2244 2243/2243/2243 2245/2245/2245
f 2246/2246/2246 2245/2245/2245 2243/2243/2243
f 2245/2245/2245 2246/2246/2246 2247/2247/2247
f 2248/2248/2248 2247/2247/2247 2246/2246/2246
f 2245/2245/2245 2223/2223/2223 2244/2244/2244
f 2221/2221/2221 2244/2244/2244 2223/2223/2223
f 2221/2221/2221 2219/2219/2219 2244/2244/2244
f 2233/2233/2233 2244/2244/2244 2219/2219/2219
f 2247/2247/2247 2230/2230/2230 2245/2245/2245
f 2223/2223/2223 2245/2245/2245 2230/2230/2230
f 2238/2238/2238 2239/2239/2239 2249/2249/2249
f 2249/2249/2249 2250/2250/2250 2238/2238/2238
f 2250/2250/2250 2249/2249/2249 2251/2251/2251
f 2252/2252/2252 2251/2251/2251 2249/2249/2249
f 2249/2249/2249 2253/2253/2253 2252/2252/2252
f 2252/2252/2252 2254/2254/2254 2251/2251/2251
f 2254/2254/2254 2252/2252/2252 2255/2255/2255
f 2256/2256/2256 2255/2255/2255 2252/2252/2252
f 2256/2256/2256 2252/2252/2252 2257/2257/2257
f 2255/2255/2255 2258/2258/2258 2254/2254/2254
f 2259/2259/2259 2254/2254/2254 2258/2258/2258
f 2258/2258/2258 2260/2260/2260 2259/2259/2259
f 2261/2261/2261 2259/2259/2259 2260/2260/2260
f 2260/2260/2260 2262/2262/2262 2261/2261/2261
f 2263/2263/2263 2261/2261/2261 2262/2262/2262
f 2262/2262/2262 2264/2264/2264 2263/2263/2263
f 2265/2265/2265 2263/2263/2263 2264/2264/2264
f 2266/2266/2266 2251/2251/2251 2254/2254/2254
f 2254/2254/2254 2259/2259/2259 2266/2266/2266
f 2259/2259/2259 2261/2261/2261 2267/2267/2267
f 2267/2267/2267 2266/2266/2266 2259/2259/2259
f 2266/2266/2266 2267/2267/2267 2268/2268/2268
f 2269/2269/2269 2267/2267/2267 2261/2261/2261
f 2261/2261/2261 2263/2263/2263 2269/2269/2269
f 2267/2267/2267 2269/2269/2269 2270/2270/2270
f 2270/2270/2270 2271/2271/2271 2267/2267/2267
f 2272/2272/2272 2269/2269/2269 2263/2263/2263
f 2269/2269/2269 2272/2272/2272 2212/2212/2212
f 2212/2212/2212 2273/2273/2273 2269/2269/2269
f 2274/2274/2274 2212/2212/2212 2272/2272/2272
f 2263/2263/2263 2275/2275/2275 2272/2272/2272
f 2276/2276/2276 2272/2272/2272 2275/2275/2275
f 2272/2272/2272 2276/2276/2276 2274/2274/2274
f 2277/2277/2277 2274/2274/2274 2276/2276/2276
f 2266/2266/2266 2268/2268/2268 2278/2278/2278
f 2279/2279/2279 2278/2278/2278 2268/2268/2268
f 2278/2278/2278 2279/2279/2279 2280/2280/2280
f 2281/2281/2281 2280/2280/2280 2279/2279/2279
f 2280/2280/2280 2281/2281/2281 2227/2227/2227
f 2220/2220/2220 2227/2227/2227 2281/2281/2281
f 2279/2279/2279 2215/2215/2215 2281/2281/2281
f 2279/2279/2279 2268/2268/2268 2215/2215/2215
f 2218/2218/2218 2281/2281/2281 2215/2215/2215
f 2220/2220/2220 2281/2281/2281 2218/2218/2218
f 2278/2278/2278 2280/2280/2280 2251/2251/2251
f 2278/2278/2278 2251/2251/2251 2266/2266/2266
f 2250/2250/2250 2251/2251/2251 2280/2280/2280
f 2227/2227/2227 2250/2250/2250 2280/2280/2280
f 2227/2227/2227 2238/2238/2238 2250/2250/2250
f 2284/2284/2284 2283/2283/2283 2282/2282/2282
f 2285/2285/2285 2282/2282/2282 2283/2283/2283
f 2283/2283/2283 2286/2286/2286 2285/2285/2285
f 2286/2286/2286 2283/2283/2283 2287/2287/2287
f 2288/2288/2288 2287/2287/2287 2283/2283/2283
f 2283/2283/2283 2284/2284/2284 2288/2288/2288
f 2288/2288/2288 2289/2289/2289 2287/2287/2287
f 2290/2290/2290 2287/2287/2287 2289/2289/2289
f 2287/2287/2287 2290/2290/2290 2291/2291/2291
f 2291/2291/2291 2286/2286/2286 2287/2287/2287
f 2286/2286/2286 2291/2291/2291 2292/2292/2292
f 2293/2293/2293 2291/2291/2291 2290/2290/2290
f 2293/2293/2293 2294/2294/2294 2291/2291/2291
f 2295/2295/2295 2291/2291/2291 2294/2294/2294
f 2291/2291/2291 2295/2295/2295 2296/2296/2296
f 2297/2297/2297 2288/2288/2288 2284/2284/2284
f 2288/2288/2288 2297/2297/2297 2298/2298/2298
f 2291/2291/2291 2296/2296/2296 2299/2299/2299
f 2296/2296/2296 2300/2300/2300 2299/2299/2299
f 2286/2286/2286 2301/2301/2301 2285/2285/2285
f 2302/2302/2302 2301/2301/2301 2291/2291/2291
f 2291/2291/2291 2303/2303/2303 2302/2302/2302
f 2298/2298/2298 2304/2304/2304 2288/2288/2288
f 2289/2289/2289 2304/2304/2304 2305/2305/2305
f 2306/2306/2306 2305/2305/2305 2304/2304/2304
f 2304/2304/2304 2307/2307/2307 2306/2306/2306
f 2304/2304/2304 2298/2298/2298 2307/2307/2307
f 2308/2308/2308 2306/2306/2306 2307/2307/2307
f 2307/2307/2307 2309/2309/2309 2308/2308/2308
f 2289/2289/2289 2288/2288/2288 2304/2304/2304
f 2305/2305/2305 2310/2310/2310 2289/2289/2289
f 2289/2289/2289 2310/2310/2310 2311/2311/2311
f 2312/2312/2312 2311/2311/2311 2310/2310/2310
f 2311/2311/2311 2312/2312/2312 2313/2313/2313
f 2314/2314/2314 2313/2313/2313 2312/2312/2312
f 2314/2314/2314 2312/2312/2312 2315/2315/2315
f 2316/2316/2316 2312/2312/2312 2310/2310/2310
f 2316/2316/2316 2317/2317/2317 2312/2312/2312
f 2318/2318/2318 2317/2317/2317 2316/2316/2316
f 2318/2318/2318 2319/2319/2319 2317/2317/2317
f 2315/2315/2315 2320/2320/2320 2314/2314/2314
f 2321/2321/2321 2314/2314/2314 2320/2320/2320
f 2321/2321/2321 2322/2322/2322 2314/2314/2314
f 2313/2313/2313 2314/2314/2314 2322/2322/2322
f 2323/2323/2323 2320/2320/2320 2317/2317/2317
f 2320/2320/2320 2323/2323/2323 2324/2324/2324
f 2316/2316/2316 2325/2325/2325 2318/2318/2318
f 2327/2327/2327 2316/2316/2316 2326/2326/2326
f 2326/2326/2326 2328/2328/2328 2327/2327/2327
f 2328/2328/2328 2326/2326/2326 2329/2329/2329
f 2330/2330/2330 2329/2329/2329 2326/2326/2326
f 2326/2326/2326 2310/2310/2310 2330/2330/2330
f 2331/2331/2331 2330/2330/2330 2310/2310/2310
f 2332/2332/2332 2326/2326/2326 2316/2316/2316
f 2334/2334/2334 2333/2333/2333 2199/2199/2199
f 2197/2197/2197 2334/2334/2334 2199/2199/2199
f 2234/2234/2234 2199/2199/2199 2335/2335/2335
f 2199/2199/2199 2234/2234/2234 2216/2216/2216
f 2199/2199/2199 2216/2216/2216 2198/2198/2198
f 2206/2206/2206 2198/2198/2198 2216/2216/2216
f 2335/2335/2335 2242/2242/2242 2234/2234/2234
f 2217/2217/2217 2216/2216/2216 2336/2336/2336
f 2339/2339/2339 2338/2338/2338 2337/2337/2337
f 2340/2340/2340 2337/2337/2337 2338/2338/2338
f 2338/2338/2338 2341/2341/2341 2340/2340/2340
f 2342/2342/2342 2340/2340/2340 2341/2341/2341
f 2341/2341/2341 2343/2343/2343 2342/2342/2342
f 2344/2344/2344 2342/2342/2342 2343/2343/2343
f 2343/2343/2343 2345/2345/2345 2344/2344/2344
f 2341/2341/2341 2338/2338/2338 2346/2346/2346
f 2347/2347/2347 2346/2346/2346 2338/2338/2338
f 2348/2348/2348 2346/2346/2346 2347/2347/2347
f 2348/2348/2348 2347/2347/2347 2349/2349/2349
f 2349/2349/2349 2350/2350/2350 2348/2348/2348
f 2351/2351/2351 2348/2348/2348 2350/2350/2350
f 2352/2352/2352 2349/2349/2349 2347/2347/2347
f 2347/2347/2347 2338/2338/2338 2352/2352/2352
f 2351/2351/2351 2353/2353/2353 2348/2348/2348
f 2353/2353/2353 2346/2346/2346 2348/2348/2348
f 2346/2346/2346 2353/2353/2353 2354/2354/2354
f 2343/2343/2343 2341/2341/2341 2354/2354/2354
f 2346/2346/2346 2354/2354/2354 2341/2341/2341
f 2355/2355/2355 2354/2354/2354 2353/2353/2353
f 2355/2355/2355 2356/2356/2356 2354/2354/2354
f 2343/2343/2343 2354/2354/2354 2356/2356/2356
f 2350/2350/2350 2349/2349/2349 2357/2357/2357
f 2358/2358/2358 2357/2357/2357 2349/2349/2349
f 2358/2358/2358 2359/2359/2359 2357/2357/2357
f 2360/2360/2360 2357/2357/2357 2359/2359/2359
f 2358/2358/2358 2361/2361/2361 2359/2359/2359
f 2358/2358/2358 2349/2349/2349 2361/2361/2361
f 2352/2352/2352 2361/2361/2361 2349/2349/2349
f 2362/2362/2362 2359/2359/2359 2361/2361/2361
f 2360/2360/2360 2359/2359/2359 2363/2363/2363
f 2364/2364/2364 2363/2363/2363 2359/2359/2359
f 2362/2362/2362 2365/2365/2365 2359/2359/2359
f 2364/2364/2364 2359/2359/2359 2365/2365/2365
f 2355/2355/2355 2366/2366/2366 2356/2356/2356
f 2361/2361/2361 2352/2352/2352 2367/2367/2367
f 2368/2368/2368 2367/2367/2367 2352/2352/2352
f 2366/2366/2366 2355/2355/2355 2369/2369/2369
f 2369/2369/2369 2370/2370/2370 2366/2366/2366
f 2371/2371/2371 2366/2366/2366 2370/2370/2370
f 2370/2370/2370 2369/2369/2369 2372/2372/2372
f 2373/2373/2373 2372/2372/2372 2369/2369/2369
f 2373/2373/2373 2374/2374/2374 2372/2372/2372
f 2375/2375/2375 2372/2372/2372 2374/2374/2374
f 2371/2371/2371 2376/2376/2376 2366/2366/2366
f 2377/2377/2377 2365/2365/2365 2362/2362/2362
f 2377/2377/2377 2362/2362/2362 2378/2378/2378
f 2379/2379/2379 2378/2378/2378 2362/2362/2362
f 2362/2362/2362 2380/2380/2380 2379/2379/2379
f 2381/2381/2381 2379/2379/2379 2380/2380/2380
f 2380/2380/2380 2368/2368/2368 2381/2381/2381
f 2382/2382/2382 2381/2381/2381 2368/2368/2368
f 2362/2362/2362 2361/2361/2361 2380/2380/2380
f 2377/2377/2377 2378/2378/2378 2383/2383/2383
f 2383/2383/2383 2384/2384/2384 2377/2377/2377
f 2365/2365/2365 2377/2377/2377 2384/2384/2384
f 2385/2385/2385 2383/2383/2383 2378/2378/2378
f 2386/2386/2386 2365/2365/2365 2384/2384/2384
f 2386/2386/2386 2387/2387/2387 2365/2365/2365
f 2388/2388/2388 2387/2387/2387 2386/2386/2386
f 2389/2389/2389 2387/2387/2387 2388/2388/2388
f 2387/2387/2387 2389/2389/2389 2364/2364/2364
f 2364/2364/2364 2365/2365/2365 2387/2387/2387
f 2363/2363/2363 2364/2364/2364 2389/2389/2389
f 2390/2390/2390 2363/2363/2363 2389/2389/2389
f 2363/2363/2363 2390/2390/2390 2391/2391/2391
f 2392/2392/2392 2391/2391/2391 2390/2390/2390
f 2392/2392/2392 2393/2393/2393 2391/2391/2391
f 2394/2394/2394 2391/2391/2391 2393/2393/2393
f 2394/2394/2394 2395/2395/2395 2391/2391/2391
f 2360/2360/2360 2391/2391/2391 2395/2395/2395
f 2363/2363/2363 2391/2391/2391 2360/2360/2360
f 2360/2360/2360 2395/2395/2395 2396/2396/2396
f 2397/2397/2397 2396/2396/2396 2395/2395/2395
f 2396/2396/2396 2397/2397/2397 2374/2374/2374
f 2398/2398/2398 2374/2374/2374 2397/2397/2397
f 2389/2389/2389 2399/2399/2399 2390/2390/2390
f 2389/2389/2389 2400/2400/2400 2399/2399/2399
f 2360/2360/2360 2401/2401/2401 2357/2357/2357
f 2357/2357/2357 2401/2401/2401 2350/2350/2350
f 2402/2402/2402 2350/2350/2350 2401/2401/2401
f 2350/2350/2350 2402/2402/2402 2351/2351/2351
f 2403/2403/2403 2351/2351/2351 2402/2402/2402
f 2351/2351/2351 2403/2403/2403 2353/2353/2353
f 2369/2369/2369 2353/2353/2353 2403/2403/2403
f 2353/2353/2353 2369/2369/2369 2355/2355/2355
f 2406/2406/2406 2405/2405/2405 2404/2404/2404
f 2407/2407/2407 2404/2404/2404 2405/2405/2405
f 2404/2404/2404 2407/2407/2407 2408/2408/2408
f 2409/2409/2409 2408/2408/2408 2407/2407/2407
f 2406/2406/2406 2410/2410/2410 2405/2405/2405
f 2411/2411/2411 2405/2405/2405 2410/2410/2410
f 2409/2409/2409 2412/2412/2412 2408/2408/2408
f 2414/2414/2414 2413/2413/2413 2412/2412/2412
f 2415/2415/2415 2412/2412/2412 2413/2413/2413
f 2410/2410/2410 2413/2413/2413 2416/2416/2416
f 2414/2414/2414 2416/2416/2416 2417/2417/2417
f 2415/2415/2415 2418/2418/2418 2412/2412/2412
f 2418/2418/2418 2415/2415/2415 2419/2419/2419
f 2420/2420/2420 2419/2419/2419 2415/2415/2415
f 2420/2420/2420 2421/2421/2421 2419/2419/2419
f 2418/2418/2418 2422/2422/2422 2412/2412/2412
f 2423/2423/2423 2352/2352/2352 2338/2338/2338
f 2257/2257/2257 2249/2249/2249 2239/2239/2239
f 2425/2425/2425 2424/2424/2424 2214/2214/2214
f 2211/2211/2211 2214/2214/2214 2424/2424/2424
f 2424/2424/2424 2426/2426/2426 2211/2211/2211
f 2205/2205/2205 2211/2211/2211 2426/2426/2426
f 2428/2428/2428 2427/2427/2427 2205/2205/2205
f 2204/2204/2204 2205/2205/2205 2427/2427/2427
f 2431/2431/2431 2430/2430/2430 2429/2429/2429
f 2432/2432/2432 2429/2429/2429 2430/2430/2430
f 2432/2432/2432 2433/2433/2433 2429/2429/2429
f 2430/2430/2430 2431/2431/2431 2434/2434/2434
f 2435/2435/2435 2434/2434/2434 2431/2431/2431
f 2434/2434/2434 2435/2435/2435 2436/2436/2436
f 2437/2437/2437 2436/2436/2436 2435/2435/2435
f 2436/2436/2436 2437/2437/2437 2438/2438/2438
f 2439/2439/2439 2438/2438/2438 2437/2437/2437
f 2431/2431/2431 2440/2440/2440 2435/2435/2435
f 2441/2441/2441 2435/2435/2435 2440/2440/2440
f 2435/2435/2435 2441/2441/2441 2437/2437/2437
f 2440/2440/2440 2442/2442/2442 2441/2441/2441
f 2443/2443/2443 2441/2441/2441 2442/2442/2442
f 2441/2441/2441 2443/2443/2443 2444/2444/2444
f 2444/2444/2444 2437/2437/2437 2441/2441/2441
f 2437/2437/2437 2444/2444/2444 2439/2439/2439
f 2445/2445/2445 2444/2444/2444 2443/2443/2443
f 2444/2444/2444 2445/2445/2445 2446/2446/2446
f 2446/2446/2446 2439/2439/2439 2444/2444/2444
f 2447/2447/2447 2446/2446/2446 2445/2445/2445
f 2440/2440/2440 2448/2448/2448 2442/2442/2442
f 2448/2448/2448 2440/2440/2440 2449/2449/2449
f 2449/2449/2449 2450/2450/2450 2448/2448/2448
f 2451/2451/2451 2448/2448/2448 2450/2450/2450
f 2450/2450/2450 2452/2452/2452 2451/2451/2451
f 2453/2453/2453 2451/2451/2451 2452/2452/2452
f 2452/2452/2452 2454/2454/2454 2453/2453/2453
f 2452/2452/2452 2450/2450/2450 2455/2455/2455
f 2456/2456/2456 2455/2455/2455 2450/2450/2450
f 2450/2450/2450 2449/2449/2449 2456/2456/2456
f 2455/2455/2455 2457/2457/2457 2452/2452/2452
f 2454/2454/2454 2452/2452/2452 2457/2457/2457
f 2457/2457/2457 2455/2455/2455 2458/2458/2458
f 2458/2458/2458 2459/2459/2459 2457/2457/2457
f 2460/2460/2460 2457/2457/2457 2459/2459/2459
f 2457/2457/2457 2460/2460/2460 2454/2454/2454
f 2461/2461/2461 2458/2458/2458 2455/2455/2455
f 2455/2455/2455 2456/2456/2456 2461/2461/2461
f 2460/2460/2460 2459/2459/2459 2462/2462/2462
f 2463/2463/2463 2462/2462/2462 2459/2459/2459
f 2464/2464/2464 2454/2454/2454 2460/2460/2460
f 2460/2460/2460 2462/2462/2462 2464/2464/2464
f 2454/2454/2454 2464/2464/2464 2465/2465/2465
f 2466/2466/2466 2465/2465/2465 2464/2464/2464
f 2466/2466/2466 2467/2467/2467 2465/2465/2465
f 2468/2468/2468 2465/2465/2465 2467/2467/2467
f 2465/2465/2465 2468/2468/2468 2469/2469/2469
f 2465/2465/2465 2469/2469/2469 2454/2454/2454
f 2467/2467/2467 2466/2466/2466 2470/2470/2470
f 2471/2471/2471 2470/2470/2470 2466/2466/2466
f 2466/2466/2466 2464/2464/2464 2471/2471/2471
f 2472/2472/2472 2471/2471/2471 2464/2464/2464
f 2472/2472/2472 2464/2464/2464 2462/2462/2462
f 2467/2467/2467 2470/2470/2470 2473/2473/2473
f 2467/2467/2467 2473/2473/2473 2468/2468/2468
f 2474/2474/2474 2473/2473/2473 2470/2470/2470
f 2473/2473/2473 2474/2474/2474 2475/2475/2475
f 2475/2475/2475 2476/2476/2476 2473/2473/2473
f 2477/2477/2477 2473/2473/2473 2476/2476/2476
f 2477/2477/2477 2468/2468/2468 2473/2473/2473
f 2477/2477/2477 2476/2476/2476 2478/2478/2478
f 2479/2479/2479 2478/2478/2478 2476/2476/2476
f 2480/2480/2480 2475/2475/2475 2474/2474/2474
f 2478/2478/2478 2481/2481/2481 2477/2477/2477
f 2468/2468/2468 2477/2477/2477 2481/2481/2481
f 2481/2481/2481 2482/2482/2482 2468/2468/2468
f 2478/2478/2478 2479/2479/2479 2483/2483/2483
f 2484/2484/2484 2483/2483/2483 2479/2479/2479
f 2483/2483/2483 2484/2484/2484 2485/2485/2485
f 2485/2485/2485 2486/2486/2486 2483/2483/2483
f 2485/2485/2485 2487/2487/2487 2486/2486/2486
f 2487/2487/2487 2485/2485/2485 2488/2488/2488
f 2489/2489/2489 2488/2488/2488 2485/2485/2485
f 2489/2489/2489 2485/2485/2485 2490/2490/2490
f 2488/2488/2488 2491/2491/2491 2487/2487/2487
f 2492/2492/2492 2487/2487/2487 2491/2491/2491
f 2491/2491/2491 2493/2493/2493 2492/2492/2492
f 2494/2494/2494 2492/2492/2492 2493/2493/2493
f 2493/2493/2493 2495/2495/2495 2494/2494/2494
f 2496/2496/2496 2494/2494/2494 2495/2495/2495
f 2495/2495/2495 2497/2497/2497 2496/2496/2496
f 2498/2498/2498 2496/2496/2496 2497/2497/2497
f 2499/2499/2499 2486/2486/2486 2487/2487/2487
f 2487/2487/2487 2492/2492/2492 2499/2499/2499
f 2492/2492/2492 2494/2494/2494 2500/2500/2500
f 2500/2500/2500 2499/2499/2499 2492/2492/2492
f 2499/2499/2499 2500/2500/2500 2501/2501/2501
f 2502/2502/2502 2501/2501/2501 2500/2500/2500
f 2500/2500/2500 2503/2503/2503 2502/2502/2502
f 2503/2503/2503 2500/2500/2500 2494/2494/2494
f 2494/2494/2494 2496/2496/2496 2503/2503/2503
f 2445/2445/2445 2502/2502/2502 2503/2503/2503
f 2503/2503/2503 2504/2504/2504 2445/2445/2445
f 2496/2496/2496 2498/2498/2498 2504/2504/2504
f 2504/2504/2504 2503/2503/2503 2496/2496/2496
f 2505/2505/2505 2445/2445/2445 2504/2504/2504
f 2506/2506/2506 2504/2504/2504 2498/2498/2498
f 2499/2499/2499 2501/2501/2501 2507/2507/2507
f 2508/2508/2508 2507/2507/2507 2501/2501/2501
f 2507/2507/2507 2486/2486/2486 2499/2499/2499
f 2486/2486/2486 2507/2507/2507 2509/2509/2509
f 2509/2509/2509 2483/2483/2483 2486/2486/2486
f 2483/2483/2483 2509/2509/2509 2478/2478/2478
f 2481/2481/2481 2478/2478/2478 2509/2509/2509
f 2510/2510/2510 2509/2509/2509 2507/2507/2507
f 2481/2481/2481 2509/2509/2509 2510/2510/2510
f 2510/2510/2510 2507/2507/2507 2511/2511/2511
f 2510/2510/2510 2511/2511/2511 2481/2481/2481
f 2512/2512/2512 2511/2511/2511 2507/2507/2507
f 2482/2482/2482 2481/2481/2481 2511/2511/2511
f 2512/2512/2512 2448/2448/2448 2511/2511/2511
f 2451/2451/2451 2511/2511/2511 2448/2448/2448
f 2469/2469/2469 2511/2511/2511 2451/2451/2451
f 2513/2513/2513 2442/2442/2442 2448/2448/2448
f 2516/2516/2516 2515/2515/2515 2514/2514/2514
f 2517/2517/2517 2514/2514/2514 2515/2515/2515
f 2515/2515/2515 2518/2518/2518 2517/2517/2517
f 2519/2519/2519 2517/2517/2517 2518/2518/2518
f 2518/2518/2518 2520/2520/2520 2519/2519/2519
f 2518/2518/2518 2515/2515/2515 2521/2521/2521
f 2518/2518/2518 2521/2521/2521 2522/2522/2522
f 2523/2523/2523 2522/2522/2522 2521/2521/2521
f 2524/2524/2524 2523/2523/2523 2521/2521/2521
f 2523/2523/2523 2525/2525/2525 2522/2522/2522
f 2526/2526/2526 2521/2521/2521 2515/2515/2515
f 2515/2515/2515 2516/2516/2516 2526/2526/2526
f 2521/2521/2521 2526/2526/2526 2527/2527/2527
f 2528/2528/2528 2527/2527/2527 2526/2526/2526
f 2526/2526/2526 2529/2529/2529 2528/2528/2528
f 2530/2530/2530 2526/2526/2526 2516/2516/2516
f 2518/2518/2518 2522/2522/2522 2531/2531/2531
f 2522/2522/2522 2525/2525/2525 2531/2531/2531
f 2532/2532/2532 2531/2531/2531 2525/2525/2525
f 2527/2527/2527 2533/2533/2533 2521/2521/2521
f 2526/2526/2526 2534/2534/2534 2529/2529/2529
f 2535/2535/2535 2529/2529/2529 2534/2534/2534
f 2537/2537/2537 2536/2536/2536 2527/2527/2527
f 2537/2537/2537 2538/2538/2538 2536/2536/2536
f 2539/2539/2539 2538/2538/2538 2537/2537/2537
f 2539/2539/2539 2540/2540/2540 2538/2538/2538
f 2539/2539/2539 2541/2541/2541 2540/2540/2540
f 2542/2542/2542 2540/2540/2540 2541/2541/2541
f 2543/2543/2543 2538/2538/2538 2540/2540/2540
f 2539/2539/2539 2537/2537/2537 2544/2544/2544
f 2544/2544/2544 2545/2545/2545 2539/2539/2539
f 2545/2545/2545 2544/2544/2544 2546/2546/2546
f 2547/2547/2547 2546/2546/2546 2544/2544/2544
f 2548/2548/2548 2539/2539/2539 2545/2545/2545
f 2548/2548/2548 2549/2549/2549 2539/2539/2539
f 2544/2544/2544 2550/2550/2550 2547/2547/2547
f 2550/2550/2550 2544/2544/2544 2537/2537/2537
f 2551/2551/2551 2547/2547/2547 2550/2550/2550
f 2537/2537/2537 2527/2527/2527 2550/2550/2550
f 2552/2552/2552 2550/2550/2550 2527/2527/2527
f 2552/2552/2552 2553/2553/2553 2550/2550/2550
f 2550/2550/2550 2553/2553/2553 2554/2554/2554
f 2555/2555/2555 2554/2554/2554 2553/2553/2553
f 2557/2557/2557 2554/2554/2554 2556/2556/2556
f 2556/2556/2556 2558/2558/2558 2557/2557/2557
f 2559/2559/2559 2557/2557/2557 2558/2558/2558
f 2558/2558/2558 2560/2560/2560 2559/2559/2559
f 2561/2561/2561 2560/2560/2560 2558/2558/2558
f 2561/2561/2561 2558/2558/2558 2562/2562/2562
f 2563/2563/2563 2562/2562/2562 2558/2558/2558
f 2564/2564/2564 2534/2534/2534 2562/2562/2562
f 2456/2456/2456 2429/2429/2429 2565/2565/2565
f 2429/2429/2429 2456/2456/2456 2449/2449/2449
f 2429/2429/2429 2449/2449/2449 2431/2431/2431
f 2440/2440/2440 2431/2431/2431 2449/2449/2449
f 2565/2565/2565 2566/2566/2566 2456/2456/2456
f 2569/2569/2569 2568/2568/2568 2567/2567/2567
f 2570/2570/2570 2567/2567/2567 2568/2568/2568
f 2568/2568/2568 2571/2571/2571 2570/2570/2570
f 2572/2572/2572 2570/2570/2570 2571/2571/2571
f 2571/2571/2571 2573/2573/2573 2572/2572/2572
f 2574/2574/2574 2572/2572/2572 2573/2573/2573
f 2573/2573/2573 2575/2575/2575 2574/2574/2574
f 2571/2571/2571 2568/2568/2568 2576/2576/2576
f 2577/2577/2577 2576/2576/2576 2568/2568/2568
f 2578/2578/2578 2576/2576/2576 2577/2577/2577
f 2577/2577/2577 2579/2579/2579 2578/2578/2578
f 2580/2580/2580 2578/2578/2578 2579/2579/2579
f 2580/2580/2580 2581/2581/2581 2578/2578/2578
f 2582/2582/2582 2578/2578/2578 2581/2581/2581
f 2582/2582/2582 2583/2583/2583 2578/2578/2578
f 2583/2583/2583 2576/2576/2576 2578/2578/2578
f 2583/2583/2583 2584/2584/2584 2576/2576/2576
f 2585/2585/2585 2576/2576/2576 2584/2584/2584
f 2573/2573/2573 2571/2571/2571 2585/2585/2585
f 2576/2576/2576 2585/2585/2585 2571/2571/2571
f 2584/2584/2584 2586/2586/2586 2585/2585/2585
f 2580/2580/2580 2587/2587/2587 2581/2581/2581
f 2588/2588/2588 2581/2581/2581 2587/2587/2587
f 2588/2588/2588 2587/2587/2587 2589/2589/2589
f 2590/2590/2590 2589/2589/2589 2587/2587/2587
f 2589/2589/2589 2591/2591/2591 2588/2588/2588
f 2592/2592/2592 2588/2588/2588 2591/2591/2591
f 2588/2588/2588 2592/2592/2592 2593/2593/2593
f 2581/2581/2581 2593/2593/2593 2582/2582/2582
f 2588/2588/2588 2593/2593/2593 2581/2581/2581
f 2594/2594/2594 2593/2593/2593 2592/2592/2592
f 2579/2579/2579 2595/2595/2595 2580/2580/2580
f 2589/2589/2589 2590/2590/2590 2596/2596/2596
f 2597/2597/2597 2596/2596/2596 2590/2590/2590
f 2589/2589/2589 2598/2598/2598 2591/2591/2591
f 2596/2596/2596 2598/2598/2598 2589/2589/2589
f 2599/2599/2599 2591/2591/2591 2598/2598/2598
f 2595/2595/2595 2579/2579/2579 2600/2600/2600
f 2569/2569/2569 2600/2600/2600 2579/2579/2579
f 2600/2600/2600 2569/2569/2569 2601/2601/2601
f 2601/2601/2601 2602/2602/2602 2600/2600/2600
f 2603/2603/2603 2600/2600/2600 2602/2602/2602
f 2603/2603/2603 2595/2595/2595 2600/2600/2600
f 2603/2603/2603 2604/2604/2604 2595/2595/2595
f 2605/2605/2605 2595/2595/2595 2604/2604/2604
f 2606/2606/2606 2601/2601/2601 2569/2569/2569
f 2605/2605/2605 2580/2580/2580 2595/2595/2595
f 2602/2602/2602 2607/2607/2607 2603/2603/2603
f 2608/2608/2608 2603/2603/2603 2607/2607/2607
f 2603/2603/2603 2609/2609/2609 2604/2604/2604
f 2597/2597/2597 2604/2604/2604 2609/2609/2609
f 2608/2608/2608 2609/2609/2609 2603/2603/2603
f 2609/2609/2609 2610/2610/2610 2597/2597/2597
f 2612/2612/2612 2609/2609/2609 2611/2611/2611
f 2593/2593/2593 2614/2614/2614 2613/2613/2613
f 2615/2615/2615 2613/2613/2613 2614/2614/2614
f 2613/2613/2613 2615/2615/2615 2616/2616/2616
f 2617/2617/2617 2616/2616/2616 2615/2615/2615
f 2616/2616/2616 2617/2617/2617 2618/2618/2618
f 2619/2619/2619 2618/2618/2618 2617/2617/2617
f 2619/2619/2619 2620/2620/2620 2618/2618/2618
f 2618/2618/2618 2584/2584/2584 2616/2616/2616
f 2584/2584/2584 2618/2618/2618 2621/2621/2621
f 2583/2583/2583 2616/2616/2616 2584/2584/2584
f 2616/2616/2616 2583/2583/2583 2613/2613/2613
f 2582/2582/2582 2613/2613/2613 2583/2583/2583
f 2613/2613/2613 2582/2582/2582 2622/2622/2622
f 2625/2625/2625 2624/2624/2624 2623/2623/2623
f 2626/2626/2626 2623/2623/2623 2624/2624/2624
f 2626/2626/2626 2627/2627/2627 2623/2623/2623
f 2628/2628/2628 2623/2623/2623 2627/2627/2627
f 2625/2625/2625 2629/2629/2629 2624/2624/2624
f 2630/2630/2630 2624/2624/2624 2629/2629/2629
f 2630/2630/2630 2629/2629/2629 2631/2631/2631
f 2627/2627/2627 2632/2632/2632 2628/2628/2628
f 2631/2631/2631 2633/2633/2633 2632/2632/2632
f 2633/2633/2633 2634/2634/2634 2629/2629/2629
f 2635/2635/2635 2632/2632/2632 2633/2633/2633
f 2636/2636/2636 2632/2632/2632 2635/2635/2635
f 2636/2636/2636 2628/2628/2628 2632/2632/2632
f 2636/2636/2636 2635/2635/2635 2637/2637/2637
f 2638/2638/2638 2637/2637/2637 2635/2635/2635
f 2638/2638/2638 2639/2639/2639 2637/2637/2637
f 2573/2573/2573 2585/2585/2585 2640/2640/2640
f 2568/2568/2568 2641/2641/2641 2577/2577/2577
f 2579/2579/2579 2577/2577/2577 2641/2641/2641
f 2644/2644/2644 2643/2643/2643 2642/2642/2642
f 2504/2504/2504 2642/2642/2642 2643/2643/2643
f 2647/2647/2647 2646/2646/2646 2645/2645/2645
f 2446/2446/2446 2645/2645/2645 2646/2646/2646
f 2646/2646/2646 2648/2648/2648 2446/2446/2446
f 2439/2439/2439 2446/2446/2446 2648/2648/2648
f 2650/2650/2650 2649/2649/2649 2439/2439/2439
f 2438/2438/2438 2439/2439/2439 2649/2649/2649
f 2652/2652/2652 2462/2462/2462 2651/2651/2651
f 2463/2463/2463 2651/2651/2651 2462/2462/2462
f 2463/2463/2463 2653/2653/2653 2651/2651/2651
f 2462/2462/2462 2652/2652/2652 2472/2472/2472
f 2654/2654/2654 2472/2472/2472 2652/2652/2652
f 2472/2472/2472 2655/2655/2655 2471/2471/2471
f 2656/2656/2656 2471/2471/2471 2655/2655/2655
f 2471/2471/2471 2656/2656/2656 2470/2470/2470
f 2657/2657/2657 2470/2470/2470 2656/2656/2656
f 2474/2474/2474 2470/2470/2470 2657/2657/2657
f 2474/2474/2474 2657/2657/2657 2658/2658/2658
f 2659/2659/2659 2480/2480/2480 2474/2474/2474
f 1601/1601/1601 1619/1619/1619 1602/1602/1602
f 1608/1608/1608 1602/1602/1602 1619/1619/1619
f 2660/2660/2660 1815/1815/1815 1818/1818/1818
f 1815/1815/1815 2661/2661/2661 1817/1817/1817
f 1828/1828/1828 1817/1817/1817 2661/2661/2661
f 2662/2662/2662 2661/2661/2661 1815/1815/1815
f 2663/2663/2663 1682/1682/1682 1685/1685/1685
f 2230/2230/2230 2664/2664/2664 2228/2228/2228
f 2665/2665/2665 2228/2228/2228 2664/2664/2664
f 2229/2229/2229 2228/2228/2228 2665/2665/2665
f 2247/2247/2247 2666/2666/2666 2230/2230/2230
f 2669/2669/2669 2668/2668/2668 2667/2667/2667
f 2670/2670/2670 2667/2667/2667 2668/2668/2668
f 2670/2670/2670 2671/2671/2671 2667/2667/2667
f 2672/2672/2672 2667/2667/2667 2671/2671/2671
f 2671/2671/2671 2673/2673/2673 2672/2672/2672
f 2674/2674/2674 2672/2672/2672 2673/2673/2673
f 2673/2673/2673 2675/2675/2675 2674/2674/2674
f 2675/2675/2675 2676/2676/2676 2674/2674/2674
f 2673/2673/2673 2677/2677/2677 2675/2675/2675
f 2673/2673/2673 2671/2671/2671 2677/2677/2677
f 2678/2678/2678 2675/2675/2675 2677/2677/2677
f 2675/2675/2675 2678/2678/2678 2679/2679/2679
f 2680/2680/2680 2677/2677/2677 2671/2671/2671
f 2671/2671/2671 2670/2670/2670 2680/2680/2680
f 2681/2681/2681 2680/2680/2680 2670/2670/2670
f 2668/2668/2668 2682/2682/2682 2670/2670/2670
f 2681/2681/2681 2670/2670/2670 2682/2682/2682
f 2672/2672/2672 2683/2683/2683 2667/2667/2667
f 2672/2672/2672 2674/2674/2674 2683/2683/2683
f 2684/2684/2684 2683/2683/2683 2674/2674/2674
f 2674/2674/2674 2685/2685/2685 2684/2684/2684
f 2678/2678/2678 2677/2677/2677 2686/2686/2686
f 2678/2678/2678 2686/2686/2686 2687/2687/2687
f 2688/2688/2688 2686/2686/2686 2677/2677/2677
f 2686/2686/2686 2688/2688/2688 2689/2689/2689
f 2689/2689/2689 2688/2688/2688 2690/2690/2690
f 2691/2691/2691 2690/2690/2690 2688/2688/2688
f 2688/2688/2688 2677/2677/2677 2691/2691/2691
f 2680/2680/2680 2691/2691/2691 2677/2677/2677
f 2680/2680/2680 2681/2681/2681 2691/2691/2691
f 2691/2691/2691 2692/2692/2692 2690/2690/2690
f 2692/2692/2692 2691/2691/2691 2681/2681/2681
f 2693/2693/2693 2690/2690/2690 2692/2692/2692
f 2692/2692/2692 2694/2694/2694 2693/2693/2693
f 2692/2692/2692 2681/2681/2681 2694/2694/2694
f 2695/2695/2695 2693/2693/2693 2694/2694/2694
f 2696/2696/2696 2686/2686/2686 2689/2689/2689
f 2697/2697/2697 2694/2694/2694 2681/2681/2681
f 2693/2693/2693 2695/2695/2695 2698/2698/2698
f 2699/2699/2699 2698/2698/2698 2695/2695/2695
f 2690/2690/2690 2693/2693/2693 2700/2700/2700
f 2698/2698/2698 2700/2700/2700 2693/2693/2693
f 2690/2690/2690 2701/2701/2701 2689/2689/2689
f 2702/2702/2702 2689/2689/2689 2701/2701/2701
f 2703/2703/2703 2689/2689/2689 2702/2702/2702
f 2667/2667/2667 2705/2705/2705 2704/2704/2704
f 2706/2706/2706 2704/2704/2704 2705/2705/2705
f 2705/2705/2705 2667/2667/2667 2683/2683/2683
f 2709/2709/2709 2708/2708/2708 2707/2707/2707
f 2122/2122/2122 2707/2707/2707 2124/2124/2124
f 2711/2711/2711 2386/2386/2386 2710/2710/2710
f 2386/2386/2386 2384/2384/2384 2710/2710/2710
f 2714/2714/2714 2713/2713/2713 2712/2712/2712
f 2714/2714/2714 2712/2712/2712 2298/2298/2298
f 2717/2717/2717 2716/2716/2716 2715/2715/2715
f 2597/2597/2597 2718/2718/2718 2715/2715/2715
f 2715/2715/2715 2596/2596/2596 2597/2597/2597
f 906/906/906 2720/2720/2720 2719/2719/2719
f 1499/1499/1499 1511/1511/1511 2721/2721/2721
f 1500/1500/1500 1494/1494/1494 1510/1510/1510
f 874/874/874 2722/2722/2722 881/881/881
f 2725/2725/2725 2724/2724/2724 2723/2723/2723
f 2727/2727/2727 2723/2723/2723 2726/2726/2726
f 2729/2729/2729 2728/2728/2728 2724/2724/2724
f 2732/2732/2732 2731/2731/2731 2730/2730/2730
f 2735/2735/2735 2734/2734/2734 2733/2733/2733
f 2738/2738/2738 2737/2737/2737 2736/2736/2736
f 2740/2740/2740 2739/2739/2739 2736/2736/2736
f 2743/2743/2743 2742/2742/2742 2741/2741/2741
f 2745/2745/2745 2744/2744/2744 2743/2743/2743
f 2748/2748/2748 2747/2747/2747 2746/2746/2746
f 2751/2751/2751 2750/2750/2750 2749/2749/2749
f 2750/2750/2750 2753/2753/2753 2752/2752/2752
f 2756/2756/2756 2755/2755/2755 2754/2754/2754
f 2759/2759/2759 2758/2758/2758 2757/2757/2757
f 2758/2758/2758 2761/2761/2761 2760/2760/2760
f 2764/2764/2764 2763/2763/2763 2762/2762/2762
f 2766/2766/2766 2764/2764/2764 2765/2765/2765
f 2768/2768/2768 2767/2767/2767 2762/2762/2762
f 2771/2771/2771 2770/2770/2770 2769/2769/2769
f 2774/2774/2774 2773/2773/2773 2772/2772/2772
f 2775/2775/2775 379/379/379 395/395/395
f 386/386/386 395/395/395 379/379/379
