g polySurface6
v 0.122819558 -0.0814212561 1.44302642
v -0.0137300082 -0.0582724176 1.35051048
v 0.105085425 -0.0847673789 1.32036924
v -1.00785186E-07 -0.096482195 1.44466186
v 0.21359688 -0.114260897 1.42021668
v 0.136272326 -0.147866353 1.31391108
v 0.274242133 -0.164390564 1.39353478
v 0.1921359 -0.191446841 1.30824399
v 0.0873151645 -0.121395662 1.16955841
v 0.000454728637 -0.0911590531 1.14910746
v 0.169482052 -0.195751727 1.17668509
v -0.106350191 -0.0623393618 1.28482354
v -0.122840546 -0.081262663 1.44302642
v -0.166632473 -0.108911872 1.22612929
v -0.217897028 -0.170388937 1.33457184
v -0.0628505275 -0.108994007 1.08747947
v -0.115314327 -0.166878626 1.14247668
v -0.198563442 -0.184580863 1.15905654
v -0.232169434 -0.244655952 1.27294242
v -0.304560095 -0.236565515 1.37056851
v -0.274242312 -0.164390713 1.39353478
v -0.288367718 -0.353883743 1.33830154
v -0.219063222 -0.317503661 1.25508499
v -0.232523203 -0.404303968 1.38477242
v -0.183377266 -0.368379474 1.25372446
v -0.156144172 -0.467003286 1.29065228
v -0.112947844 -0.401176125 1.27247024
v -2.38981137E-08 -0.468371034 1.27266312
v -0.0295687579 -0.378673315 1.29175043
v 0.0541275404 -0.360714942 1.29270256
v 0.156144202 -0.467003196 1.29065228
v 0.122917764 -0.341555476 1.27785325
v 0.232523188 -0.404303819 1.38477242
v 0.193804547 -0.30266732 1.23108697
v 0.288367689 -0.353883505 1.33830154
v 0.237626582 -0.226703003 1.29776549
v 0.304559976 -0.236565351 1.37056851
v 0.1921359 -0.191446841 1.30824399
v 0.274242133 -0.164390564 1.39353478
v 0.0805236399 -0.277506262 1.16629338
v -0.0437672734 -0.351036608 1.08419597
v 0.169482052 -0.195751727 1.17668509
v 0.169482052 -0.195751727 1.17668509
v -0.14133957 -0.363795698 1.07480693
v -0.173749045 -0.296830297 1.10296416
v 0.0217987485 -0.259759158 0.965282261
v 0.121558912 -0.231384367 1.0245682
v -0.0468443781 -0.254779547 0.948077738
v -0.105491616 -0.20673649 0.949328363
v -0.107609041 -0.140317336 0.99067533
v -0.028646037 -0.118561745 0.99555409
v 0.0376388058 -0.102497883 1.0071367
v 0.0860710293 -0.125399247 1.06640124
v 0.154270262 -0.193235412 1.06710815
v 0.139787629 -0.0974285454 0.926083326
v 0.078100048 -0.0359137133 0.868302345
v 0.174995035 -0.139591709 0.903611302
v 0.0245888028 -0.0514156707 0.901801109
v -0.0311355535 -0.105977245 0.879663467
v -0.0614732616 -0.167442039 0.846120059
v 0.135301456 -0.0764609352 0.823937535
v 0.0729367062 -0.0424529836 0.781540692
v -0.013660565 -0.0386605076 0.765044868
v -0.0648627952 -0.0778935999 0.729559362
v 0.171605989 -0.114370055 0.842856884
v 0.155231476 -0.180841193 0.905308723
v 0.139552757 -0.176572949 0.8147012
v 0.121558912 -0.231384367 1.0245682
v 0.0712523609 -0.074751243 0.7151528
v 0.0278798286 -0.0482947528 0.682808816
v 0.0831588358 -0.108170241 0.724494278
v 0.0627657622 -0.136664465 0.719326138
v 0.0124603407 -0.180202276 0.7534886
v 0.0393413194 -0.197999299 0.797064066
v -0.0116550541 -0.0130082509 0.636848271
v -0.070108965 -0.0619655773 0.647724152
v 0.0350991823 -0.0670439526 0.642788172
v 0.0258456096 -0.0278485678 0.628343463
v -0.0342179425 -0.155149415 0.6790573
v 0.0405029468 -0.102574788 0.645664215
v 0.0368518531 -0.0483937636 0.567776263
v 0.0292214099 -0.00600854866 0.571863532
v -0.00278900168 -0.0994197801 0.549979925
v 0.0263811219 -0.078778401 0.547379553
v -0.0142057035 0.00878738426 0.566488087
v -0.036352206 -0.0376980975 0.554608881
v -0.0805185586 -0.108557776 0.635042965
v -0.0714446455 -0.12971282 0.739959836
v -0.104683474 -0.154444918 0.717549562
v -0.0695104375 -0.139372587 0.627489924
v -0.0342179425 -0.155149415 0.6790573
v -0.0337872989 -0.216463879 0.811846077
v 0.0124603407 -0.180202276 0.7534886
v -0.0234553646 -0.211626768 0.867565989
v 0.0155407451 -0.220466793 0.872894287
v 0.093276374 -0.198290557 0.92241478
v 0.0393413194 -0.197999299 0.797064066
v 0.155231476 -0.180841193 0.905308723
v 0.154270262 -0.193235412 1.06710815
v 0.169482052 -0.195751727 1.17668509
v -0.213597059 -0.114261054 1.42021668
v -0.052085273 -0.0688085929 0.549937069
v -0.0186514426 -0.097239092 0.546729028
v -0.0473119617 -0.109332636 0.42185691
v -0.0138781369 -0.137763098 0.41864875
v -0.0315788016 -0.0782221407 0.426528782
v -0.0123555129 -0.0591329001 0.405886441
v 0.03819355 -0.158872187 0.324904382
v 0.03819355 -0.158872187 0.324904382
v -0.0123555129 -0.0591329001 0.405886441
v 0.0227635968 -0.107015796 0.4288674
v 0.0227635968 -0.107015796 0.4288674
v 0.0227635968 -0.107015796 0.4288674
v -0.00278900168 -0.0994197801 0.549979925
v -0.0342179425 -0.155149415 0.6790573
v 0.288367689 -0.353883505 1.33830154
v 0.338074327 -0.505597293 1.41601539
v 0.332377315 -0.383860767 1.48350596
v 0.232523188 -0.404303819 1.38477242
v 0.304559976 -0.236565351 1.37056851
v 0.338097006 -0.292041779 1.50446856
v 0.210377648 -0.592375636 1.41566741
v 0.156144202 -0.467003196 1.29065228
v 5.86004205E-08 -0.624263763 1.37814331
v -2.38981137E-08 -0.468371034 1.27266312
v 0.448038697 -0.426535964 1.60933161
v 0.427022606 -0.328508526 1.62046337
v 0.189717993 -0.681664705 1.5203743
v 0.322105467 -0.626679242 1.58717787
v 8.13778342E-08 -0.699687779 1.4309988
v 0.146240786 -0.721098304 1.57019162
v 8.89526532E-08 -0.724770665 1.51698089
v 0.23883526 -0.693720996 1.64489794
v 0.179638326 -0.731585205 1.73740983
v 0.351535052 -0.664894879 1.81231964
v 0.198448122 -0.693585694 1.7801671
v 0.107288666 -0.741998136 1.69244123
v 0.436101079 -0.402691305 1.7526654
v 0.447852701 -0.308489561 1.75917935
v 0.428898603 -0.35357514 1.85857582
v 0.428210706 -0.401872247 1.88959074
v 0.423061728 -0.461339861 1.79393125
v 0.428793311 -0.280446589 1.85890651
v 0.474821031 -0.479715496 1.91809654
v 0.426308215 -0.423414558 1.94600272
v 0.470330805 -0.484153807 2.02907372
v 0.471178055 -0.432729602 1.99947929
v 0.501278758 -0.464528114 2.16615438
v 0.39853707 -0.209442243 1.92819357
v 0.404141337 -0.326854825 1.89256012
v 0.42537567 -0.387150437 1.93019331
v 0.466534555 -0.40687117 1.99280965
v 0.518089652 -0.39120236 2.07436657
v 0.503073573 -0.407433659 2.23135853
v 0.537225306 -0.33369261 2.13690233
v 0.499056011 -0.313923836 2.27474809
v 0.50209111 -0.228560343 2.27047729
v 0.496616423 -0.233255655 2.13545918
v 0.509738863 -0.111576386 2.22060943
v 0.447976142 -0.170256302 2.10026979
v 0.493584365 -0.0209185984 2.06641054
v 0.396827996 -0.140203625 2.02049327
v 0.5715397 -0.101368293 2.29175901
v 0.581670165 -0.00175088877 2.20416951
v 0.568605065 -0.197514132 2.3372643
v 0.573604822 -0.331492156 2.32574701
v 0.566297948 -0.430370659 2.25446081
v 0.577175081 -0.500596464 2.14882541
v 0.379723668 -0.577724397 2.17437148
v 0.579949856 -0.526743054 2.03502679
v 0.385630757 -0.608444631 2.05376649
v 0.328459054 -0.514633179 2.32548618
v 0.573090255 -0.513341844 1.88048518
v 0.230046839 -0.656236708 2.36047125
v 0.220151857 -0.565023243 2.42674494
v 0.303146243 -0.399055481 2.37686157
v 0.187649921 -0.411381662 2.48151255
v 0.295616925 -0.225903377 2.41661334
v 0.573604822 -0.331492156 2.32574701
v 0.568605065 -0.197514132 2.3372643
v 0.163492739 -0.220913991 2.45782685
v 0.279712796 -0.16129154 2.42354345
v 0.171441033 -0.136467084 2.46678758
v -6.1471205E-08 -0.226664558 2.50082612
v -1.00671578E-07 -0.0968584046 2.50550652
v -1.6830791E-08 -0.374484628 2.51528454
v 0.214170873 -0.497624934 2.501966
v 3.34198766E-08 -0.54088217 2.49039125
v 0.283243984 -0.140389934 2.36054659
v 0.440125644 -0.109819256 2.34016562
v 0.291193038 -0.000167694088 2.20670199
v 0.194502294 -0.00161832804 2.22138667
v 0.187620476 -0.205073327 2.40142441
v 0.154617161 0.057088431 2.06444263
v -1.53628477E-07 0.0785004795 2.06989026
v -1.21677161E-07 -0.0273015779 2.26163769
v 0.296067238 0.0543848015 2.07819581
v -1.52959885E-07 0.0762865245 1.9779762
v 0.179909453 0.0529696271 1.99014401
v -1.39160903E-07 0.0305932797 1.78839469
v 0.20485124 0.0147298807 1.76555276
v 0.340910017 0.0275022127 1.92164969
v 0.337838084 -0.0916881189 1.73064542
v -1.10452753E-07 -0.0644694865 1.58431089
v 0.164080217 -0.0635053068 1.59155464
v -1.00785186E-07 -0.096482195 1.44466186
v 0.122819558 -0.0814212561 1.44302642
v 0.263834476 -0.0838809162 1.56465757
v 0.21359688 -0.114260897 1.42021668
v 0.323056251 -0.158911809 1.47762156
v 0.274242133 -0.164390564 1.39353478
v 0.338097006 -0.292041779 1.50446856
v 0.304559976 -0.236565351 1.37056851
v 0.401965559 -0.209119797 1.64814484
v 0.427022606 -0.328508526 1.62046337
v 0.449279845 -0.0607236847 1.89514935
v 0.430814534 -0.00250587449 1.91285324
v 0.424387723 -0.107590422 1.93534982
v 0.424466163 -0.0543154143 1.99856794
v 0.430656791 -0.199674815 1.79075193
v 0.426891655 -0.189857364 1.8872757
v 0.447852701 -0.308489561 1.75917935
v 0.428793311 -0.280446589 1.85890651
v 0.396827996 -0.140203625 2.02049327
v 0.39853707 -0.209442243 1.92819357
v 0.396827996 -0.140203625 2.02049327
v 0.532331944 0.0822788775 1.95844781
v 0.419685423 -0.0149247544 2.21780849
v 0.387986749 0.0362409391 2.05759978
v 0.581670165 -0.00175088877 2.20416951
v 0.5715397 -0.101368293 2.29175901
v 0.532331944 0.0822788775 1.95844781
v -5.18192067E-08 -0.258625716 2.42958188
v -0.194502547 -0.00161844247 2.22138667
v -0.154617459 0.0570883341 2.06444263
v -0.291193306 -0.000167865743 2.20670199
v -0.283244163 -0.140390128 2.36054659
v -0.18762061 -0.205073446 2.40142441
v -0.296067536 0.0543846115 2.07819581
v -0.179909736 0.0529695302 1.99014401
v -0.204851508 0.0147297662 1.76555276
v -0.340910286 0.0275020022 1.92164969
v -0.337838292 -0.0916883051 1.73064542
v -0.164080441 -0.0635054037 1.59155464
v -0.122840546 -0.081262663 1.44302642
v -0.263834715 -0.0838810727 1.56465757
v -0.213597059 -0.114261054 1.42021668
v -0.3230564 -0.158912003 1.47762156
v -0.274242312 -0.164390713 1.39353478
v -0.338097095 -0.292041957 1.50446856
v -0.304560095 -0.236565515 1.37056851
v -0.401965678 -0.20912002 1.64814484
v -0.427022666 -0.328508765 1.62046337
v -0.449280083 -0.0607239716 1.89514935
v -0.430814803 -0.00250614155 1.91285324
v -0.424387932 -0.107590653 1.93534982
v -0.424466401 -0.0543156601 1.99856794
v -0.43065697 -0.199675083 1.79075193
v -0.426891804 -0.189857632 1.8872757
v -0.447852761 -0.308489829 1.75917935
v -0.428793401 -0.280446857 1.85890651
v -0.39682135 -0.140203848 2.02049327
v -0.493584573 -0.0209188834 2.06641054
v -0.447967201 -0.17025657 2.10026979
v -0.509739041 -0.111576691 2.22060943
v -0.398530394 -0.209442511 1.92819357
v -0.496609777 -0.233255953 2.13545918
v -0.502091229 -0.228560656 2.27047729
v -0.537218511 -0.333692938 2.13690233
v -0.499056071 -0.313924134 2.27474809
v -0.503073573 -0.407433957 2.23135853
v -0.518082857 -0.391202658 2.07436657
v -0.501278698 -0.464528412 2.16615438
v -0.46652773 -0.406871468 1.99280965
v -0.471178055 -0.43272987 1.99947929
v -0.470330775 -0.484154075 2.02907372
v -0.426308244 -0.423414826 1.94600272
v -0.474821001 -0.479715765 1.91809654
v -0.428210706 -0.401872545 1.88959074
v -0.423061728 -0.461340159 1.79393125
v -0.436101079 -0.402691573 1.7526654
v -0.428898662 -0.353575438 1.85857582
v -0.447852761 -0.308489829 1.75917935
v -0.427022666 -0.328508765 1.62046337
v -0.448038697 -0.426536232 1.60933161
v -0.338097095 -0.292041957 1.50446856
v -0.332377315 -0.383861005 1.48350596
v -0.304560095 -0.236565515 1.37056851
v -0.288367718 -0.353883743 1.33830154
v -0.338074297 -0.505597472 1.41601539
v -0.232523203 -0.404303968 1.38477242
v -0.210377529 -0.592375755 1.41566741
v -0.156144172 -0.467003286 1.29065228
v 5.86004205E-08 -0.624263763 1.37814331
v -2.38981137E-08 -0.468371034 1.27266312
v -0.189717844 -0.681664824 1.5203743
v -0.322105318 -0.62667942 1.58717787
v 8.13778342E-08 -0.699687779 1.4309988
v -0.146240607 -0.721098483 1.57019162
v 8.89526532E-08 -0.724770665 1.51698089
v -0.238835096 -0.693721116 1.64489794
v -0.179638132 -0.731585383 1.73740983
v -0.351534903 -0.664895058 1.81231964
v -0.198447973 -0.693585873 1.7801671
v -0.107288472 -0.741998136 1.69244123
v 9.92211469E-08 -0.758773148 1.62272561
v -0.545256793 -0.485446543 1.71350527
v -0.573090255 -0.513342202 1.88048518
v -0.462334007 -0.496916085 1.54486036
v -0.390142322 -0.631908298 1.96165204
v -0.353562236 -0.687704444 1.92513347
v -0.198447973 -0.693585873 1.7801671
v -0.579949796 -0.526743412 2.03502679
v -0.577175081 -0.500596821 2.14882541
v -0.379723549 -0.577724576 2.17437148
v -0.385630637 -0.608444929 2.05376649
v -0.566297948 -0.430371016 2.25446081
v -0.328458995 -0.514633358 2.32548618
v -0.230046704 -0.656236768 2.36047125
v -0.220151782 -0.565023363 2.42674494
v -0.303146243 -0.39905566 2.37686157
v -0.187649921 -0.411381781 2.48151255
v -0.295617044 -0.225903526 2.41661334
v -0.573604882 -0.331492484 2.32574701
v -0.568605185 -0.197514474 2.3372643
v -0.163492844 -0.220914066 2.45782685
v -0.279712945 -0.161291689 2.42354345
v -0.171441212 -0.136467203 2.46678758
v -0.214170828 -0.497625023 2.501966
v -0.440125793 -0.109819524 2.34016562
v -0.419685692 -0.0149250217 2.21780849
v -0.387987047 0.0362406932 2.05759978
v -0.581670344 -0.00175125117 2.20416951
v -0.571539819 -0.101368636 2.29175901
v -0.108560786 -0.538545966 2.52127528
v -0.123587012 -0.58414638 2.50318241
v -0.195396096 -0.578497469 2.46520615
v -0.198040709 -0.685165524 2.4321909
v 4.96411339E-08 -0.594596446 2.52760649
v 8.27668956E-08 -0.704287469 2.45667148
v 0.198040858 -0.685165405 2.4321909
v 0.215036735 -0.797630847 2.36531377
v 0.224566072 -0.738086998 2.30819035
v 1.04800037E-07 -0.813315332 2.34545398
v 0.123587109 -0.584146321 2.50318241
v 0.19539617 -0.57849735 2.46520615
v 0.108560845 -0.538545847 2.52127528
v 0.315614045 -0.719851375 2.18176317
v 0.234836414 -0.820503831 2.14393544
v 0.202589065 -0.796882927 2.2249639
v 0.347103029 -0.703960836 2.05344844
v 0.117726035 -0.803272545 2.25207067
v 1.1608531E-07 -0.814616382 2.27899098
v -1.28076643E-08 -0.387806624 2.59942794
v 4.96411339E-08 -0.594596446 2.52760649
v 0.263685912 -0.821138144 2.02078843
v 0.253945559 -0.787525535 1.89764154
v 0.353562385 -0.687704206 1.92513347
v 0.198448122 -0.693585694 1.7801671
v 0.390142441 -0.631908059 1.96165204
v 0.198448122 -0.693585694 1.7801671
v 0.545256853 -0.485446244 1.71350527
v 0.462334037 -0.496915817 1.54486036
v 9.92211469E-08 -0.758773148 1.62272561
v 0.566297948 -0.430370659 2.25446081
v 0.108560845 -0.538545847 2.52127528
v -1.28076643E-08 -0.387806624 2.59942794
v -0.108560786 -0.538545966 2.52127528
v 4.96411339E-08 -0.594596446 2.52760649
v -1.28076643E-08 -0.387806624 2.59942794
v -0.428793401 -0.280446857 1.85890651
v -0.398530394 -0.209442511 1.92819357
v -0.404134601 -0.326855093 1.89256012
v -0.425368875 -0.387150705 1.93019331
v -0.581670344 -0.00175125117 2.20416951
v -0.571539819 -0.101368636 2.29175901
v -0.568605185 -0.197514474 2.3372643
v -0.573604882 -0.331492484 2.32574701
v -0.566297948 -0.430371016 2.25446081
v -0.532332301 0.0822785571 1.95844781
v -0.253945351 -0.787525713 1.89764154
v -0.34710288 -0.703961074 2.05344844
v -0.263685703 -0.821138263 2.02078843
v -0.198447973 -0.693585873 1.7801671
v -0.234836191 -0.82050395 2.14393544
v -0.315613866 -0.719851613 2.18176317
v -0.224565908 -0.738087118 2.30819035
v -0.202588856 -0.796883047 2.2249639
v -0.215036541 -0.797630966 2.36531377
v -0.117725819 -0.803272605 2.25207067
v -0.532332301 0.0822785571 1.95844781
v 0.117726035 -0.803272545 2.25207067
v 0.166202337 -0.867400467 2.19098163
v 0.122958846 -0.867717505 2.25130653
v 0.15645054 -0.94811964 2.1521337
v 0.108562194 -0.956635594 2.21365571
v 0.109613903 -1.01381564 2.11846352
v 0.0871156827 -0.993878007 2.18431687
v 0.0545286387 -1.04736114 2.136096
v 0.0331136696 -1.01327538 2.18632007
v 0.0476373285 -0.973682165 2.22189212
v 1.77028042E-07 -1.01641917 2.18559408
v 1.64958195E-07 -0.976451695 2.22420907
v 0.0556148961 -0.892767191 2.27195501
v 1.41030625E-07 -0.897219062 2.27521276
v 0.117726035 -0.803272545 2.25207067
v 0.202589065 -0.796882927 2.2249639
v 1.1608531E-07 -0.814616382 2.27899098
v 0.0547392368 -1.09961021 2.11045122
v 1.88975619E-07 -1.05598176 2.1428504
v 2.01731012E-07 -1.09821939 2.12196064
v 0.0848571509 -1.07365596 2.10372424
v 0.0565775558 -1.11762702 2.03960657
v 0.0368277244 -1.12893176 2.06510592
v 2.01731012E-07 -1.09821939 2.12196064
v 2.12681059E-07 -1.13447869 2.04464412
v 0.080468297 -1.12146115 2.05860662
v 0.109608456 -1.08406508 2.10437226
v 0.153250024 -1.02828407 2.11397767
v 0.192585096 -0.94882828 2.15124559
v 0.194015041 -0.86947602 2.18204641
v 0.20879817 -0.864249766 2.14453006
v 0.213888392 -0.944729507 2.12084723
v 0.199072301 -0.98819077 2.10140228
v 0.162239954 -1.04304385 2.07413459
v 0.124576546 -1.09103012 2.06133509
v 0.187683553 -1.00804603 2.0701704
v 0.0962404236 -1.11135781 2.05398178
v 0.080468297 -1.12146115 2.05860662
v 0.234836414 -0.820503831 2.14393544
v 0.194480106 -0.837883115 2.09455824
v 0.209951982 -0.922577322 2.07637286
v 0.212295696 -0.973634422 2.06165361
v 0.212515429 -0.989844203 2.0287745
v 0.183475941 -1.00913739 2.04700279
v 0.19027628 -1.0312922 2.00476289
v 0.172219068 -1.03153408 2.02112627
v 0.159081742 -1.0645504 1.97572339
v 0.153538406 -1.06824541 2.00484705
v 0.0990198404 -1.06986773 1.97281587
v 0.116632126 -1.08466566 1.99553144
v 0.0756198317 -1.0973947 1.99196792
v 0.0798860267 -1.0918541 2.01004887
v 0.0371031724 -1.12826705 2.00721455
v 0.0628312975 -1.10215163 2.0257926
v 0.0222227369 -1.13608348 2.03547955
v 0.080468297 -1.12146115 2.05860662
v 0.0155744366 -1.16404998 2.03039312
v 2.12681059E-07 -1.13447869 2.04464412
v 2.22570463E-07 -1.16722608 2.03291035
v 0.03160787 -1.13781023 1.99549556
v 0.0760977268 -1.1125114 1.96997774
v 0.109299488 -1.08489621 1.94169891
v 0.152682424 -1.04539824 1.94676042
v 0.184244975 -1.00313175 1.97081268
v 0.234915733 -0.982933939 1.96791649
v 0.229629278 -0.909256339 2.03684831
v 0.263685912 -0.821138144 2.02078843
v 0.233483836 -0.893213809 1.97757912
v 0.240544066 -0.796884596 1.96525574
v 0.0956307128 -1.11912489 1.93017578
v 0.0539317988 -1.15100598 1.93610632
v 0.1611837 -1.03046107 1.91065013
v 0.108786345 -1.0906055 1.90948927
v 0.108786345 -1.0906055 1.90948927
v 0.188046038 -0.873986661 1.96450317
v 0.231971979 -0.986766517 1.94286001
v 0.178499326 -1.00595152 1.91924298
v 0.208618954 -0.791739464 1.94434392
v 0.253945559 -0.787525535 1.89764154
v 0.189551547 -0.773085773 1.88368332
v 0.178601801 -0.839167297 1.88344705
v 0.168903559 -0.843197703 1.82010126
v 0.200496674 -0.750568807 1.81046021
v 0.14628993 -0.845918715 1.82212782
v 0.156901553 -0.840871274 1.88574922
v 0.188046038 -0.873986661 1.96450317
v 0.172394753 -0.875624359 1.95407009
v 0.132856369 -0.865042269 1.71440649
v 0.165129378 -0.865287602 1.71273673
v 0.185524911 -0.842036247 1.70176446
v 0.200496674 -0.750568807 1.81046021
v 0.151030809 -0.907222748 1.68361032
v 0.134138107 -0.928256333 1.64435029
v 0.117342435 -0.884091854 1.68085825
v 0.157417253 -0.856199324 1.63535225
v 0.12219999 -0.783768594 1.69064951
v 0.179638326 -0.731585205 1.73740983
v 0.200496674 -0.750568807 1.81046021
v 0.126779273 -0.789784074 1.65638626
v 0.107288666 -0.741998136 1.69244123
v 0.146061465 -0.870983779 1.57502711
v 0.122313522 -0.801996052 1.54825556
v 0.141564578 -0.901335001 1.62371457
v 0.131565794 -0.872649968 1.50413752
v 0.12447416 -0.925632 1.56977296
v 0.107391164 -0.906910241 1.4829371
v 0.110910214 -0.949197531 1.52203155
v 0.100352764 -0.975837886 1.42052364
v 0.101932012 -1.02276504 1.47595513
v 0.0973691791 -1.02370787 1.41414154
v 0.095552884 -1.04020357 1.42431116
v 0.0706366971 -0.915557563 1.57339382
v 0.141564578 -0.901335001 1.62371457
v 0.0629740283 -0.939584613 1.51453793
v 0.101932012 -1.02276504 1.47595513
v 0.045034945 -1.01437116 1.46360409
v 0.0806427523 -0.938892484 1.43590379
v 0.089432694 -0.895657122 1.47245026
v 0.086019069 -0.89287734 1.62823617
v 0.028859565 -0.942264676 1.43931639
v 1.5614512E-07 -0.947268486 1.52061617
v 1.76537483E-07 -1.01479471 1.47654879
v 0.0492535867 -1.04702222 1.42403245
v 1.42935662E-07 -0.903527379 1.46438444
v 1.3326985E-07 -0.87152046 1.62365091
v 0.0533411317 -0.857018888 1.6398021
v 1.27773859E-07 -0.853321195 1.64240706
v 0.0963508412 -0.914995253 1.6465528
v 0.134138107 -0.928256333 1.64435029
v 0.141564578 -0.901335001 1.62371457
v 0.104053073 -0.823606908 1.68712032
v 0.037081223 -0.834304512 1.66995025
v 0.123375468 -0.811873972 1.74608088
v 0.139341697 -0.80237484 1.88722074
v 0.0402401537 -0.811909258 1.72040641
v 0.0663933009 -0.794014573 1.76890862
v 1.17077448E-07 -0.817901731 1.78982675
v 1.27789363E-07 -0.853372633 1.67845786
v 1.25562906E-07 -0.846000016 1.73463821
v 0.0838938579 -0.760686934 1.81436348
v 0.0538015626 -0.759379625 1.82957208
v 9.23255072E-08 -0.735939324 1.83208191
v 0.0883889347 -0.754329801 1.88178909
v 8.03200066E-08 -0.696184993 1.89393508
v 0.128209323 -0.828305364 1.94873655
v 0.0781683773 -0.790110886 1.92727363
v 8.03200066E-08 -0.696184993 1.89393508
v 8.27488336E-08 -0.704227686 1.9456768
v 0.10129746 -0.858688712 1.96984601
v 0.137126267 -0.912818193 1.96598613
v 0.155666903 -0.971365511 1.9464184
v 0.199480608 -0.962607086 1.92354536
v 0.188046038 -0.873986661 1.96450317
v 0.178499326 -1.00595152 1.91924298
v 0.0612921715 -0.812009573 1.96294129
v 1.14440198E-07 -0.809168816 1.9661212
v 1.56720134E-07 -0.949172556 1.9695164
v 0.0529191755 -1.00361705 1.95317841
v 1.56720134E-07 -0.949172556 1.9695164
v 0.116512164 -1.02414322 1.90349817
v 0.155286059 -0.984217346 1.91184235
v 1.85125046E-07 -1.04323113 1.93908441
v 1.56720134E-07 -0.949172556 1.9695164
v 1.85125046E-07 -1.04323113 1.93908441
v 0.108786345 -1.0906055 1.90948927
v 0.0876814425 -1.07475722 1.9071455
v 0.108786345 -1.0906055 1.90948927
v 0.0805033743 -1.0865587 1.8766793
v 0.116512164 -1.02414322 1.90349817
v 2.0594112E-07 -1.11216044 1.8816185
v 0.0479814336 -1.10035837 1.87772274
v 0.0876814425 -1.07475722 1.9071455
v 2.0594112E-07 -1.11216044 1.8816185
v 0.0479814336 -1.10035837 1.87772274
v 0.200496674 -0.750568807 1.81046021
v 0.253945559 -0.787525535 1.89764154
v 0.179638326 -0.731585205 1.73740983
v 0.200496674 -0.750568807 1.81046021
v 0.263685912 -0.821138144 2.02078843
v 0.253945559 -0.787525535 1.89764154
v 0.198448122 -0.693585694 1.7801671
v 0.0483149104 -1.00929117 1.41050196
v 0.095552884 -1.04020357 1.42431116
v 0.0973691791 -1.02370787 1.41414154
v 0.0492535867 -1.04702222 1.42403245
v 1.82894013E-07 -1.03584349 1.42870927
v 1.77009312E-07 -1.01635706 1.4189955
v 0.028859565 -0.942264676 1.43931639
v 1.59747614E-07 -0.959197581 1.43184733
v 1.77009312E-07 -1.01635706 1.4189955
v 0.102535225 -0.859510541 1.50191498
v 0.131565794 -0.872649968 1.50413752
v 1.0158832E-07 -0.766611755 1.6245327
v 1.0722151E-07 -0.785265267 1.54781425
v 1.22929137E-07 -0.837278724 1.52601433
v 0.102535225 -0.859510541 1.50191498
v 0.0178147648 -0.926705599 1.40492713
v 1.39711986E-07 -0.892852604 1.41554129
v 1.44676321E-07 -0.909291208 1.32428646
v 0.0141527522 -0.927800417 1.34274459
v 1.65414761E-07 -0.977963567 1.24144328
v 1.55030165E-07 -0.943576515 1.3574791
v 1.55618579E-07 -0.945524871 1.40475166
v -0.0141524514 -0.927800477 1.34274459
v -0.0178144649 -0.926705599 1.40492713
v 1.42935662E-07 -0.903527379 1.46438444
v -0.028859254 -0.942264676 1.43931639
v -0.0894324109 -0.895657182 1.47245026
v -0.0806424394 -0.938892484 1.43590379
v -0.107390881 -0.906910241 1.4829371
v -0.100352429 -0.975838006 1.42052364
v -0.110909902 -0.949197531 1.52203155
v -0.124473855 -0.92563206 1.56977296
v -0.131565526 -0.872649968 1.50413752
v -0.141564295 -0.90133512 1.62371457
v -0.146061197 -0.870983839 1.57502711
v -0.101931646 -1.02276504 1.47595513
v -0.097368829 -1.02370787 1.41414154
v -0.0955525115 -1.04020357 1.42431116
v -0.0706364065 -0.915557563 1.57339382
v -0.141564295 -0.90133512 1.62371457
v -0.0629737228 -0.939584613 1.51453793
v -0.101931646 -1.02276504 1.47595513
v -0.0450345948 -1.01437116 1.46360409
v -0.157416984 -0.856199503 1.63535225
v -0.126779065 -0.789784253 1.65638626
v -0.122199774 -0.783768594 1.69064951
v -0.185524672 -0.842036426 1.70176446
v -0.179638132 -0.731585383 1.73740983
v -0.20049648 -0.750568986 1.81046021
v -0.134137824 -0.928256333 1.64435029
v -0.151030511 -0.907222807 1.68361032
v -0.16512911 -0.865287662 1.71273673
v -0.168903306 -0.843197763 1.82010126
v -0.20049648 -0.750568986 1.81046021
v -0.132856116 -0.865042329 1.71440649
v -0.117342152 -0.884091914 1.68085825
v -0.146289691 -0.845918775 1.82212782
v -0.178601563 -0.839167356 1.88344705
v -0.189551353 -0.773085892 1.88368332
v -0.20049648 -0.750568986 1.81046021
v -0.1569013 -0.840871334 1.88574922
v -0.208618745 -0.791739643 1.94434392
v -0.253945351 -0.787525713 1.89764154
v -0.240543842 -0.796884775 1.96525574
v -0.18804577 -0.873986721 1.96450317
v -0.233483583 -0.893213928 1.97757912
v -0.263685703 -0.821138263 2.02078843
v -0.229628995 -0.909256399 2.03684831
v -0.194479868 -0.837883294 2.09455824
v -0.234836191 -0.82050395 2.14393544
v -0.208797902 -0.864249945 2.14453006
v -0.202588856 -0.796883047 2.2249639
v -0.194014773 -0.86947608 2.18204641
v -0.166202068 -0.867400646 2.19098163
v -0.117725819 -0.803272605 2.25207067
v -0.192584783 -0.948828399 2.15124559
v -0.156450227 -0.948119819 2.1521337
v -0.122958593 -0.867717564 2.25130653
v -0.117725819 -0.803272605 2.25207067
v -0.108561873 -0.956635654 2.21365571
v -0.109613553 -1.01381564 2.11846352
v -0.0871153399 -0.993878007 2.18431687
v -0.0545282699 -1.04736114 2.136096
v -0.0331133157 -1.01327538 2.18632007
v -0.0476370007 -0.973682225 2.22189212
v 1.77028042E-07 -1.01641917 2.18559408
v 1.64958195E-07 -0.976451695 2.22420907
v -0.0556146167 -0.892767191 2.27195501
v 1.41030625E-07 -0.897219062 2.27521276
v 1.1608531E-07 -0.814616382 2.27899098
v -0.0547388308 -1.09961021 2.11045122
v 1.88975619E-07 -1.05598176 2.1428504
v 2.01731012E-07 -1.09821939 2.12196064
v -0.084856756 -1.07365596 2.10372424
v -0.0565771386 -1.11762726 2.03960657
v -0.0368272997 -1.12893176 2.06510592
v 2.01731012E-07 -1.09821939 2.12196064
v 2.12681059E-07 -1.13447869 2.04464412
v -0.0804678798 -1.12146127 2.05860662
v -0.109608054 -1.0840652 2.10437226
v -0.153249666 -1.02828407 2.11397767
v -0.199071974 -0.988190889 2.10140228
v -0.213888064 -0.944729567 2.12084723
v -0.162239581 -1.04304385 2.07413459
v -0.124576144 -1.09103012 2.06133509
v -0.18768321 -1.00804627 2.0701704
v -0.0962400138 -1.11135781 2.05398178
v -0.0804678798 -1.12146127 2.05860662
v -0.209951699 -0.9225775 2.07637286
v -0.212295368 -0.973634541 2.06165361
v -0.212515086 -0.989844263 2.0287745
v -0.183475599 -1.00913751 2.04700279
v -0.190275908 -1.03129244 2.00476289
v -0.172218695 -1.03153408 2.02112627
v -0.159081355 -1.0645504 1.97572339
v -0.153538018 -1.06824553 2.00484705
v -0.0990194455 -1.06986773 1.97281587
v -0.116631731 -1.08466578 1.99553144
v -0.0756194219 -1.0973947 1.99196792
v -0.0798856243 -1.09185421 2.01004887
v -0.0371027514 -1.12826705 2.00721455
v -0.0628308952 -1.10215163 2.0257926
v -0.0222223103 -1.13608348 2.03547955
v -0.0804678798 -1.12146127 2.05860662
v -0.0155739933 -1.16404998 2.03039312
v 2.12681059E-07 -1.13447869 2.04464412
v 2.22570463E-07 -1.16722608 2.03291035
v -0.0316074453 -1.13781023 1.99549556
v -0.076097317 -1.1125114 1.96997774
v -0.109299086 -1.08489633 1.94169891
v -0.152682051 -1.04539835 1.94676042
v -0.184244633 -1.00313187 1.97081268
v -0.234915406 -0.982934117 1.96791649
v -0.0956302881 -1.11912489 1.93017578
v -0.0539313629 -1.1510061 1.93610632
v -0.108785942 -1.0906055 1.90948927
v -0.108785942 -1.0906055 1.90948927
v -0.161183327 -1.03046119 1.91065013
v -0.178498983 -1.00595164 1.91924298
v -0.231971636 -0.986766636 1.94286001
v -0.19948028 -0.962607145 1.92354536
v -0.0595576949 -1.14436781 1.88039398
v 2.1988393E-07 -1.15833008 1.93498206
v 2.12737859E-07 -1.13466692 1.87738836
v -0.178498983 -1.00595164 1.91924298
v 2.14743579E-07 -1.14130843 1.9952563
v 2.22570463E-07 -1.16722608 2.03291035
v -0.172394484 -0.875624537 1.95407009
v -0.18804577 -0.873986721 1.96450317
v -0.128209069 -0.828305364 1.94873655
v -0.139341474 -0.802374959 1.88722074
v -0.123375244 -0.811874092 1.74608088
v -0.104052849 -0.823607028 1.68712032
v -0.0963505432 -0.914995253 1.6465528
v -0.0533408709 -0.857018948 1.6398021
v -0.0370809771 -0.834304512 1.66995025
v -0.0402399227 -0.811909258 1.72040641
v -0.0663930774 -0.794014633 1.76890862
v 1.17077448E-07 -0.817901731 1.78982675
v 1.27789363E-07 -0.853372633 1.67845786
v 1.25562906E-07 -0.846000016 1.73463821
v -0.0838936567 -0.760686994 1.81436348
v -0.0538013652 -0.759379685 1.82957208
v 9.23255072E-08 -0.735939324 1.83208191
v -0.0883887336 -0.754329801 1.88178909
v 8.03200066E-08 -0.696184993 1.89393508
v -0.0781681612 -0.790111005 1.92727363
v 8.03200066E-08 -0.696184993 1.89393508
v 8.27488336E-08 -0.704227686 1.9456768
v -0.0612919405 -0.812009573 1.96294129
v -0.101297207 -0.858688772 1.96984601
v -0.137125969 -0.912818253 1.96598613
v -0.155666575 -0.971365571 1.9464184
v -0.178498983 -1.00595164 1.91924298
v 1.14440198E-07 -0.809168816 1.9661212
v 1.56720134E-07 -0.949172556 1.9695164
v -0.052918829 -1.00361705 1.95317841
v 1.56720134E-07 -0.949172556 1.9695164
v -0.116511799 -1.02414334 1.90349817
v -0.155285716 -0.984217346 1.91184235
v 1.85125046E-07 -1.04323113 1.93908441
v 1.56720134E-07 -0.949172556 1.9695164
v 1.85125046E-07 -1.04323113 1.93908441
v -0.108785942 -1.0906055 1.90948927
v -0.0876810625 -1.07475734 1.9071455
v -0.116511799 -1.02414334 1.90349817
v 2.0594112E-07 -1.11216044 1.8816185
v -0.108785942 -1.0906055 1.90948927
v -0.0805029869 -1.08655882 1.8766793
v -0.0479810275 -1.10035837 1.87772274
v -0.0876810625 -1.07475734 1.9071455
v -0.0479810275 -1.10035837 1.87772274
v 2.0594112E-07 -1.11216044 1.8816185
v 0.126779273 -0.789784074 1.65638626
v 0.179638326 -0.731585205 1.73740983
v 0.178499326 -1.00595152 1.91924298
v 0.0805033743 -1.0865587 1.8766793
v 0.131611511 -1.10888195 1.8793118
v 0.119614474 -1.14129138 1.88993311
v 0.108786345 -1.0906055 1.90948927
v 0.0595581234 -1.14436781 1.88039398
v 0.0595581234 -1.14436781 1.88039398
v 2.1988393E-07 -1.15833008 1.93498206
v 2.12737859E-07 -1.13466692 1.87738836
v 2.14743579E-07 -1.14130843 1.9952563
v 2.22570463E-07 -1.16722608 2.03291035
v 0.0479814336 -1.10035837 1.87772274
v 0.0595581234 -1.14436781 1.88039398
v 2.0594112E-07 -1.11216044 1.8816185
v 2.12737859E-07 -1.13466692 1.87738836
v 1.0158832E-07 -0.766611755 1.6245327
v 0.107288666 -0.741998136 1.69244123
v 9.92211469E-08 -0.758773148 1.62272561
v 0.164521709 -1.01338112 2.04046416
v 0.158034667 -1.04278898 2.0461266
v 0.130312905 -1.06140077 2.04030442
v 0.100243978 -1.07867551 2.02367616
v 0.0726426318 -1.07537889 2.02431488
v 0.156323329 -1.0312773 2.02805829
v 0.138276204 -1.05558956 2.00753403
v 0.112891413 -1.07340145 2.00729966
v 0.0726426318 -1.07537889 2.02431488
v 0.0726426318 -1.07537889 2.02431488
v 1.17077448E-07 -0.817901731 1.78982675
v 1.25562906E-07 -0.846000016 1.73463821
v 0.155286059 -0.984217346 1.91184235
v 0.178499326 -1.00595152 1.91924298
v 0.130401328 -1.00252986 1.76462364
v 0.145892844 -0.947928309 1.69608581
v 0.14044565 -0.958426416 1.67472315
v 0.134138107 -0.928256333 1.64435029
v 0.109914675 -0.956096947 1.6767596
v 0.151030809 -0.907222748 1.68361032
v 0.109914675 -0.956096947 1.6767596
v 0.134138107 -0.928256333 1.64435029
v 0.0963508412 -0.914995253 1.6465528
v 0.117342435 -0.884091854 1.68085825
v 0.132917151 -0.9455989 1.69812226
v 0.130401328 -1.00252986 1.76462364
v 0.132917151 -0.9455989 1.69812226
v 0.145892844 -0.947928309 1.69608581
v 0.132917151 -0.9455989 1.69812226
v 0.151030809 -0.907222748 1.68361032
v 0.117342435 -0.884091854 1.68085825
v 0.101932012 -1.02276504 1.47595513
v 0.0949685723 -1.09226561 1.43726981
v 0.0997585282 -1.08075869 1.46779716
v 0.0943842679 -1.13508117 1.47199142
v 0.0975850448 -1.12003565 1.48870099
v 0.0757175535 -1.12338305 1.48498333
v 0.0670698881 -1.08099031 1.46347046
v 0.0608862974 -1.1708039 1.57981563
v 0.0743260011 -1.12957978 1.47810137
v 0.0608862974 -1.1708039 1.57981563
v 0.0757175535 -1.12338305 1.48498333
v 0.0670698881 -1.08099031 1.46347046
v 0.0684834346 -1.08798242 1.44195032
v 0.095552884 -1.04020357 1.42431116
v 0.101932012 -1.02276504 1.47595513
v 0.0492535867 -1.04702222 1.42403245
v 0.045034945 -1.01437116 1.46360409
v 0.045034945 -1.01437116 1.46360409
v 0.0997585282 -1.08075869 1.46779716
v 0.101932012 -1.02276504 1.47595513
v 0.0850815848 -1.03312659 1.35999751
v 0.0483149104 -1.00929117 1.41050196
v 0.0973691791 -1.02370787 1.41414154
v 0.0561905652 -1.01918375 1.35594881
v 0.0915002227 -1.07004881 1.31376648
v 0.0772553906 -1.06330287 1.30193388
v 0.101248227 -1.0636071 1.29621482
v 0.0973168164 -1.015468 1.36059904
v 0.100352764 -0.975837886 1.42052364
v 0.0973691791 -1.02370787 1.41414154
v 0.0806427523 -0.938892484 1.43590379
v 0.0866312683 -0.988837242 1.34699249
v 0.090240702 -1.05149031 1.28936028
v 0.0772553906 -1.06330287 1.30193388
v 0.0561905652 -1.01918375 1.35594881
v 0.0483149104 -1.00929117 1.41050196
v 0.028859565 -0.942264676 1.43931639
v 0.0971577466 -1.12200403 1.26925826
v 0.0971577466 -1.12200403 1.26925826
v 0.161497682 -1.03141129 1.7845279
v 0.179709315 -1.02590883 1.84751356
v 0.186360791 -1.00175941 1.84383464
v 0.164164633 -0.995118082 1.83588099
v 0.155286059 -0.984217346 1.91184235
v 0.178499326 -1.00595152 1.91924298
v 0.116512164 -1.02414322 1.90349817
v 0.166173398 -1.01654708 1.83940637
v 0.161497682 -1.03141129 1.7845279
v 0.116512164 -1.02414322 1.90349817
v 0.1611837 -1.03046107 1.91065013
v 0.178499326 -1.00595152 1.91924298
v 0.179709315 -1.02590883 1.84751356
v 0.0595581234 -1.14436781 1.88039398
v 0.128369227 -1.13773131 1.81663573
v 0.0869032368 -1.14110899 1.81015098
v 0.119614474 -1.14129138 1.88993311
v 0.124772146 -1.11202204 1.81314719
v 0.131611511 -1.10888195 1.8793118
v 0.108945847 -1.09894586 1.81232142
v 0.0805033743 -1.0865587 1.8766793
v 0.0849799812 -1.10758054 1.8114264
v 0.0479814336 -1.10035837 1.87772274
v 0.0849799812 -1.10758054 1.8114264
v 0.0479814336 -1.10035837 1.87772274
v 0.124475703 -1.1124332 1.73606193
v 0.0949940756 -1.11210465 1.73115444
v 0.121918596 -1.09597039 1.74425244
v 0.110668078 -1.08793211 1.748945
v 0.0936285555 -1.09271908 1.74505532
v 0.0936285555 -1.09271908 1.74505532
v 0.101583935 -1.03463709 1.65124428
v 0.101583935 -1.03463709 1.65124428
v 0.161497682 -1.03141129 1.7845279
v 0.164164633 -0.995118082 1.83588099
v 0.166173398 -1.01654708 1.83940637
v 0.155286059 -0.984217346 1.91184235
v 0.166173398 -1.01654708 1.83940637
v 0.155286059 -0.984217346 1.91184235
v 0.116512164 -1.02414322 1.90349817
v 0.131565794 -0.872649968 1.50413752
v 0.105012923 -0.88263011 1.40662134
v 0.107391164 -0.906910241 1.4829371
v 0.120695524 -0.854471862 1.39858603
v 0.113325343 -0.889004052 1.30845964
v 0.0956071615 -0.846275747 1.39858603
v 0.102535225 -0.859510541 1.50191498
v 0.131565794 -0.872649968 1.50413752
v 0.107391164 -0.906910241 1.4829371
v 0.086457178 -0.880037129 1.40662134
v 0.113325343 -0.889004052 1.30845964
v 0.086457178 -0.880037129 1.40662134
v 0.089432694 -0.895657122 1.47245026
v 0.102535225 -0.859510541 1.50191498
v 0.107391164 -0.906910241 1.4829371
v 0.089432694 -0.895657122 1.47245026
v 0.028859565 -0.942264676 1.43931639
v 1.55618579E-07 -0.945524871 1.40475166
v 1.59747614E-07 -0.959197581 1.43184733
v 1.55618579E-07 -0.945524871 1.40475166
v 0.540087104 -0.204846263 2.0271883
v 0.486160964 -0.187001795 1.94383037
v 0.561303496 -0.190156624 1.96167696
v 0.573344231 -0.238459542 2.05431724
v 0.617113888 -0.212693185 1.96501577
v 0.605199575 -0.315148026 2.03449726
v 0.670345843 -0.283732772 1.9448843
v 0.572291493 -0.381755054 1.9862591
v 0.623109579 -0.357975394 1.90011954
v 0.559710145 -0.366057813 1.87638211
v 0.528109252 -0.393042743 1.93651593
v 0.491430163 -0.333710819 1.86783707
v 0.473690897 -0.369530678 1.89710808
v 0.650586128 -0.173723906 1.91535306
v 0.594588518 -0.155262873 1.90689754
v 0.486160964 -0.187001795 1.94383037
v 0.689068794 -0.139053926 1.86168516
v 0.628054738 -0.120878942 1.83916473
v 0.552751303 -0.173555866 1.8828305
v 0.486160964 -0.187001795 1.94383037
v 0.582817852 -0.132165909 1.81945038
v 0.589052796 -0.336485475 1.8147496
v 0.648361444 -0.332243174 1.8381952
v 0.55122143 -0.298067302 1.8245666
v 0.582253695 -0.254113048 1.76004171
v 0.623955011 -0.283282071 1.75229335
v 0.688067079 -0.279942334 1.77415168
v 0.718897223 -0.202341378 1.82325697
v 0.671448588 -0.249105334 1.88270628
v 0.53860116 -0.238156736 1.85334074
v 0.489222556 -0.268878311 1.90308118
v 0.486160964 -0.187001795 1.94383037
v 0.56342572 -0.189699009 1.78734493
v 0.552751303 -0.173555866 1.8828305
v 0.486160964 -0.187001795 1.94383037
v 0.582817852 -0.132165909 1.81945038
v 0.653244913 -0.228775039 1.67924261
v 0.706902504 -0.209104076 1.70541441
v 0.605150044 -0.190858528 1.69370222
v 0.623194337 -0.13376832 1.62558341
v 0.694206357 -0.156573877 1.6151799
v 0.727607548 -0.144114107 1.631217
v 0.792919815 -0.0812156275 1.66311073
v 0.745290339 -0.145521194 1.74379873
v 0.739804983 -0.0922718421 1.78975296
v 0.657391012 -0.0510225855 1.7856555
v 0.615831673 -0.0728403479 1.74928951
v 0.81259352 -0.0177791212 1.70579255
v 0.694894791 0.012074966 1.7507509
v 0.639596999 -0.00255540852 1.69002962
v 0.620154619 -0.104429491 1.5915736
v 0.625763416 -0.0307160951 1.59256113
v 0.761436164 0.0620457269 1.70329201
v 0.712776005 0.0717990473 1.71777618
v 0.778295636 0.0623133443 1.66141379
v 0.78792882 0.0344027132 1.64524209
v 0.663298965 0.0735277161 1.68142641
v 0.630791605 0.0498754121 1.63135982
v 0.681106389 0.0830854774 1.65147042
v 0.786014557 0.11596439 1.64642894
v 0.715052009 0.130885214 1.69024599
v 0.684866726 0.129872546 1.63470602
v 0.771349788 0.181687996 1.62539458
v 0.724590361 0.191564783 1.65697598
v 0.684866726 0.129872546 1.63470602
v 0.725895047 0.0858233422 1.64765012
v 0.78792882 0.0344027132 1.64524209
v 0.786014557 0.11596439 1.64642894
v 0.702598989 0.182151332 1.61627221
v 0.702598989 0.182151332 1.61627221
v 0.737618089 0.257766336 1.58847439
v 0.71520108 0.227637082 1.59745681
v 0.760810375 0.238491476 1.60134244
v 0.71520108 0.227637082 1.59745681
v 0.760810375 0.238491476 1.60134244
v 0.737618089 0.257766336 1.58847439
v 0.760810375 0.238491476 1.60134244
v 0.78792882 0.0344027132 1.64524209
v 0.723226607 0.0705483258 1.6299752
v 0.681106389 0.0830854774 1.65147042
v 0.630791605 0.0498754121 1.63135982
v 0.630560338 0.0720930621 1.59464347
v 0.607391179 -0.127279356 1.72442961
v 0.615831673 -0.0728403479 1.74928951
v 0.611460268 -0.0684937462 1.65014696
v 0.639596999 -0.00255540852 1.69002962
v 0.630791605 0.0498754121 1.63135982
v 0.630560338 0.0720930621 1.59464347
v 0.723226607 0.0705483258 1.6299752
v 0.813540459 0.0725065768 1.60198939
v 0.78792882 0.0344027132 1.64524209
v 0.727604151 0.105489463 1.59317589
v 0.818388641 0.103975371 1.49722528
v 0.738452792 0.131569445 1.49857783
v 0.630560338 0.0720930621 1.59464347
v 0.648246527 0.109895267 1.48414016
v 0.838261247 0.147307605 1.37535882
v 0.756718338 0.191006467 1.38071728
v 0.838261247 0.147307605 1.37535882
v 0.67943418 0.150690764 1.36347079
v 0.779341102 0.216972351 1.25625229
v 0.717838407 0.182027504 1.24547362
v 0.854246438 0.175127715 1.24477232
v 0.847920299 0.187681764 1.15220618
v 0.787332892 0.222465351 1.17214727
v 0.734562814 0.185811013 1.16143787
v 0.787332892 0.222465351 1.17214727
v 0.847920299 0.187681764 1.15220618
v 0.869195938 0.129571423 1.12410164
v 0.854246438 0.175127715 1.24477232
v 0.897669673 0.0373810008 1.19225121
v 0.869195938 0.129571423 1.12410164
v 0.883035719 0.0491290279 1.10125482
v 0.863409579 -0.0362576097 1.10395205
v 0.842474937 -0.112783827 1.19188154
v 0.910501838 0.00883123372 1.34588075
v 0.834383667 -0.115692578 1.27253044
v 0.771684885 -0.144448221 1.17403769
v 0.751404107 -0.17402707 1.25346124
v 0.840351224 -0.120198093 1.41984951
v 0.739859462 -0.169864506 1.41491187
v 0.819549084 -0.124965705 1.52818704
v 0.724103212 -0.145011291 1.51323116
v 0.781722486 -0.15688625 1.64828706
v 0.694206357 -0.156573877 1.6151799
v 0.614171445 -0.112987898 1.51251066
v 0.620154619 -0.104429491 1.5915736
v 0.888001144 -0.0164116472 1.59536994
v 0.840725601 -0.0457269475 1.6491555
v 0.792919815 -0.0812156275 1.66311073
v 0.78792882 0.0344027132 1.64524209
v 0.813540459 0.0725065768 1.60198939
v 0.626862705 -0.122238725 1.41496325
v 0.635996938 -0.121383779 1.29366243
v 0.594011128 0.00383178703 1.44448853
v 0.593572319 -0.00961645134 1.58878016
v 0.625763416 -0.0307160951 1.59256113
v 0.630560338 0.0720930621 1.59464347
v 0.648246527 0.109895267 1.48414016
v 0.630560338 0.0720930621 1.59464347
v 0.605619252 0.0119521329 1.32558
v 0.67943418 0.150690764 1.36347079
v 0.673037171 -0.12040031 1.16576982
v 0.722745419 -0.108056523 1.10302377
v 0.796519995 -0.14537105 1.12290251
v 0.858502805 -0.10454651 1.11901581
v 0.661157846 0.0316390209 1.19374752
v 0.717838407 0.182027504 1.24547362
v 0.714499354 0.124588795 1.13794911
v 0.710430145 0.0484377854 1.12163949
v 0.717199624 -0.0317424946 1.10379565
v 0.747880757 0.00911828969 1.05324161
v 0.783379674 -0.0331364051 1.07891381
v 0.78275907 -0.0202173609 1.04467797
v 0.743180215 0.0920017809 1.08440781
v 0.787292719 0.119748533 1.09127951
v 0.786720097 0.131335139 1.10232604
v 0.751372159 0.171310976 1.12104809
v 0.734562814 0.185811013 1.16143787
v 0.751372159 0.171310976 1.12104809
v 0.789796889 0.146130905 1.10623062
v 0.788577914 0.0652690306 1.0551734
v 0.78689152 0.0462502278 1.05724692
v 0.747880757 0.00911828969 1.05324161
v 0.850156844 -0.015570621 1.04162621
v 0.855257034 0.0289118197 1.05538809
v 0.855257034 0.0289118197 1.05538809
v 0.833843946 0.0685164034 1.06475842
v 0.788577914 0.0652690306 1.0551734
v 0.833843946 0.0685164034 1.06475842
v 0.841717303 0.11315126 1.08974349
v 0.786720097 0.131335139 1.10232604
v 0.841717303 0.11315126 1.08974349
v 0.787292719 0.119748533 1.09127951
v 0.694206357 -0.156573877 1.6151799
v 0.727607548 -0.144114107 1.631217
v 0.792919815 -0.0812156275 1.66311073
v 0.890693545 -0.00523775071 1.47005093
v 0.39853707 -0.209442243 1.92819357
v 0.396827996 -0.140203625 2.02049327
v 0.396827996 -0.140203625 2.02049327
v 0.447976142 -0.170256302 2.10026979
v 0.496616423 -0.233255655 2.13545918
v 0.537225306 -0.33369261 2.13690233
v 0.518089652 -0.39120236 2.07436657
v 0.466534555 -0.40687117 1.99280965
v 0.42537567 -0.387150437 1.93019331
v 0.404141337 -0.326854825 1.89256012
v 0.39853707 -0.209442243 1.92819357
v 0.796519995 -0.14537105 1.12290251
v 0.750469029 -0.0791950375 1.06014132
v 0.722745419 -0.108056523 1.10302377
v 0.805816352 -0.115021206 1.05293214
v 0.750469029 -0.0791950375 1.06014132
v 0.858502805 -0.10454651 1.11901581
v 0.852200925 -0.0992319658 1.04929852
v 0.863409579 -0.0362576097 1.10395205
v 0.844705939 -0.0541917793 1.05173266
v 0.783379674 -0.0331364051 1.07891381
v 0.785861254 -0.0441315435 1.05644286
v 0.797493041 -0.106418282 0.927118301
v 0.830534518 -0.0889243707 0.896697462
v 0.83461225 -0.0555833243 0.917968452
v 0.794869006 -0.044878006 0.944463551
v 0.785861254 -0.0441315435 1.05644286
v 0.782815754 -0.0295247268 0.830028415
v 0.762280107 -0.0221508592 0.843422353
v 0.779958963 -0.048233185 0.821649969
v 0.758650959 -0.0566446483 0.829515517
v 0.742797852 -0.0386983678 0.846171379
v 0.774309278 -0.0749881566 0.950334132
v 0.750469029 -0.0791950375 1.06014132
v 0.762280107 -0.0221508592 0.843422353
v 0.794869006 -0.044878006 0.944463551
v 0.785861254 -0.0441315435 1.05644286
v 0.717199624 -0.0317424946 1.10379565
v 0.750469029 -0.0791950375 1.06014132
v 0.726497114 0.00220096577 0.774370253
v 0.726497114 0.00220096577 0.774370253
v 0.726497114 0.00220096577 0.774370253
v 0.726497114 0.00220096577 0.774370253
v 0.726497114 0.00220096577 0.774370253
v 0.785861254 -0.0441315435 1.05644286
v 0.783379674 -0.0331364051 1.07891381
v 0.863409579 -0.0362576097 1.10395205
v 0.78275907 -0.0202173609 1.04467797
v 0.783379674 -0.0331364051 1.07891381
v 0.850156844 -0.015570621 1.04162621
v 0.836180151 0.020440273 0.89182502
v 0.787832081 0.00585405342 0.924288332
v 0.747880757 0.00911828969 1.05324161
v 0.757306397 0.0321063623 0.941136599
v 0.770773768 0.0321357138 0.867019773
v 0.803839564 0.0410961509 0.854921579
v 0.834204555 0.050517235 0.922623098
v 0.850156844 -0.015570621 1.04162621
v 0.855257034 0.0289118197 1.05538809
v 0.805266321 0.0623643473 0.863630891
v 0.791256368 0.0572685786 0.937119782
v 0.855257034 0.0289118197 1.05538809
v 0.78689152 0.0462502278 1.05724692
v 0.757306397 0.0321063623 0.941136599
v 0.747880757 0.00911828969 1.05324161
v 0.77778244 0.0727234855 0.880795419
v 0.747893751 0.0529312491 0.886651516
v 0.747893751 0.0529312491 0.886651516
v 0.703192711 0.138020799 0.735722363
v 0.703192711 0.138020799 0.735722363
v 0.787332892 0.222465351 1.17214727
v 0.828658283 0.190504387 1.12412906
v 0.847920299 0.187681764 1.15220618
v 0.787332892 0.222465351 1.17214727
v 0.783188641 0.215629071 1.13749218
v 0.734562814 0.185811013 1.16143787
v 0.80568403 0.230490014 1.01495731
v 0.826130211 0.217808828 1.00338364
v 0.831494272 0.155892089 1.11145318
v 0.847920299 0.187681764 1.15220618
v 0.827172279 0.200310186 0.995867729
v 0.789796889 0.146130905 1.10623062
v 0.803232253 0.190785378 0.99982059
v 0.791702092 0.211520061 1.01394916
v 0.751372159 0.171310976 1.12104809
v 0.803232253 0.190785378 0.99982059
v 0.789796889 0.146130905 1.10623062
v 0.760226369 0.234103754 0.894843102
v 0.760226369 0.234103754 0.894843102
v 0.847920299 0.187681764 1.15220618
v 0.869195938 0.129571423 1.12410164
v 0.869195938 0.129571423 1.12410164
v 0.789796889 0.146130905 1.10623062
v 0.786720097 0.131335139 1.10232604
v 0.734562814 0.185811013 1.16143787
v 0.751372159 0.171310976 1.12104809
v 0.833843946 0.0685164034 1.06475842
v 0.841094792 0.135304272 0.938013971
v 0.836881399 0.108037263 0.933152139
v 0.841717303 0.11315126 1.08974349
v 0.815823734 0.149586096 0.955287158
v 0.787292719 0.119748533 1.09127951
v 0.78797543 0.11884506 0.960258007
v 0.743180215 0.0920017809 1.08440781
v 0.809201956 0.0937823877 0.940405548
v 0.788577914 0.0652690306 1.0551734
v 0.743690372 0.175826818 0.812566996
v 0.743690372 0.175826818 0.812566996
v 0.809201956 0.0937823877 0.940405548
v 0.788577914 0.0652690306 1.0551734
v 0.833843946 0.0685164034 1.06475842
v 0.684866726 0.129872546 1.63470602
v 0.681106389 0.0830854774 1.65147042
v 0.788577914 0.0652690306 1.0551734
v 0.78689152 0.0462502278 1.05724692
v 0.855257034 0.0289118197 1.05538809
v 0.396827996 -0.140203625 2.02049327
v 0.447976142 -0.170256302 2.10026979
v 0.887243271 0.136198148 1.40609407
v 0.905507088 0.188140899 1.42023802
v 0.892455101 0.18321988 1.37539339
v 0.897950172 0.132031515 1.44024897
v 0.87962538 0.194843099 1.45957017
v 0.882513404 0.270234734 1.42779756
v 0.901992261 0.25622344 1.46036887
v 0.879942775 0.255091846 1.48832703
v 0.875660658 0.309665799 1.53591216
v 0.897950172 0.132031515 1.44024897
v 0.87547195 0.127806962 1.46283841
v 0.87962538 0.194843099 1.45957017
v 0.887243271 0.136198148 1.40609407
v 0.892455101 0.18321988 1.37539339
v 0.87547195 0.127806962 1.46283841
v 0.882513404 0.270234734 1.42779756
v 0.879942775 0.255091846 1.48832703
v 0.875660658 0.309665799 1.53591216
v 0.872600853 0.0922453478 1.50947809
v 0.865958452 0.173668757 1.58572018
v 0.861730993 0.195786402 1.56025255
v 0.873607218 0.0712940395 1.58531272
v 0.856589615 0.151994377 1.61656702
v 0.860829532 0.0670694113 1.61738384
v 0.872600853 0.0922453478 1.50947809
v 0.861730993 0.195786402 1.56025255
v 0.84802562 0.244636416 1.70035851
v 0.888001144 -0.0164116472 1.59536994
v 0.890693545 -0.00523775071 1.47005093
v 0.818388641 0.103975371 1.49722528
v 0.860829532 0.0670694113 1.61738384
v 0.813540459 0.0725065768 1.60198939
v 0.813540459 0.0725065768 1.60198939
v 0.818388641 0.103975371 1.49722528
v 0.887243271 0.161863565 1.26856863
v 0.905507088 0.213806316 1.29085696
v 0.892455101 0.208885297 1.24601197
v 0.910129905 0.147051573 1.30272341
v 0.889774621 0.220508531 1.33018887
v 0.896323442 0.135561615 1.35199332
v 0.89431417 0.295900077 1.29027224
v 0.913793027 0.281888872 1.32284331
v 0.891743541 0.280757248 1.35080135
v 0.89431417 0.295900077 1.29027224
v 0.899304152 0.335331231 1.39838648
v 0.892455101 0.208885297 1.24601197
v 0.887243271 0.161863565 1.26856863
v 0.899304152 0.335331231 1.39838648
v 0.910501838 0.00883123372 1.34588075
v 0.897669673 0.0373810008 1.19225121
v 0.896323442 0.135561615 1.35199332
v 0.887243271 0.161863565 1.26856863
v 0.896323442 0.135561615 1.35199332
v 0.910501838 0.00883123372 1.34588075
v 0.838261247 0.147307605 1.37535882
v 0.896323442 0.135561615 1.35199332
v 0.854246438 0.175127715 1.24477232
v 0.887243271 0.161863565 1.26856863
v 0.838261247 0.147307605 1.37535882
v 0.887243271 0.136198148 1.40609407
v 0.910501838 0.00883123372 1.34588075
v 0.897950172 0.132031515 1.44024897
v 0.897950172 0.132031515 1.44024897
v 0.890693545 -0.00523775071 1.47005093
v 0.87547195 0.127806962 1.46283841
v 0.818388641 0.103975371 1.49722528
v 0.838261247 0.147307605 1.37535882
v 0.887243271 0.136198148 1.40609407
v 0.887243271 0.136198148 1.40609407
v 0.838261247 0.147307605 1.37535882
v 0.910501838 0.00883123372 1.34588075
v 0.887243271 0.161863565 1.26856863
v 0.854246438 0.175127715 1.24477232
v 0.897669673 0.0373810008 1.19225121
v 0.860829532 0.0670694113 1.61738384
v 0.818388641 0.103975371 1.49722528
v 0.872600853 0.0922453478 1.50947809
v 0.448198378 0.0354110897 1.91117728
v 0.517985046 -0.00815454498 2.03359246
v 0.429680496 0.041132316 2.03733516
v 0.521963716 0.00301389699 1.87837791
v 0.466262728 -0.054325562 2.22012925
v 0.619400442 -0.0756967738 2.03536367
v 0.619370818 -0.0483279414 1.90209711
v 0.697884679 -0.153761968 2.03931594
v 0.702912867 -0.131950408 1.89882767
v 0.649294555 -0.173474342 2.22056556
v 0.5984236 -0.109451063 2.21876049
v 0.545348704 -0.15190655 2.27541494
v 0.487208545 -0.129728481 2.28135657
v 0.652091384 -0.250695914 2.21286941
v 0.732483208 -0.250723571 2.03345156
v 0.575923502 -0.250712246 2.28341055
v 0.697884679 -0.34768492 2.03931642
v 0.702075005 -0.371697694 1.89725935
v 0.619030833 -0.452774733 1.90230691
v 0.618921638 -0.425737679 2.03462481
v 0.598984301 -0.391253412 2.22044826
v 0.649329662 -0.32799232 2.22059226
v 0.546456575 -0.350881636 2.27804828
v 0.509611428 -0.504539907 1.87821281
v 0.505987406 -0.493746668 2.03321886
v 0.502545476 -0.439102978 2.21850824
v 0.48784548 -0.37131229 2.28032231
v 0.753075004 -0.271614134 1.84803915
v 0.487526983 -0.250520408 2.29438496
v 0.674339175 -0.371697724 1.89725935
v 0.725339174 -0.271614105 1.84803915
v 0.702075005 -0.371697694 1.89725935
v 0.591295063 -0.452774733 1.90230691
v 0.619030833 -0.452774733 1.90230691
v 0.509611428 -0.504539907 1.87821281
v 0.742910743 -0.209678069 1.82222259
v 0.750902414 -0.2122816 1.94623792
v 0.7600407 -0.243188828 1.94197094
v 0.725339174 -0.22942996 1.80275619
v 0.675177157 -0.131950408 1.89882767
v 0.591634989 -0.0483279414 1.90209711
v 0.494227886 0.00301391585 1.87837791
v 0.753075004 -0.22942999 1.80275619
v 0.725339174 -0.271614105 1.84803915
v 0.753075004 -0.271614134 1.84803915
v 0.704747379 -0.250723541 2.03345156
v 0.725339174 -0.271614105 1.84803915
v 0.742910743 -0.209678069 1.82222259
v 0.762951314 -0.211499438 1.88822079
v 0.750902414 -0.2122816 1.94623792
v 0.753075004 -0.22942999 1.80275619
v 0.753105462 -0.180820271 1.8518362
v 0.7600407 -0.243188828 1.94197094
v 0.779279232 -0.223446459 1.87635398
v 0.753075004 -0.22942999 1.80275619
v 0.766263843 -0.193890497 1.83143079
v 0.762951314 -0.211499438 1.88822079
v 0.753105462 -0.180820271 1.8518362
v 0.778694749 -0.0784799755 1.77919984
v 0.798230171 -0.0800812691 1.81524599
v 0.772994578 -0.0832588002 1.83359218
v 0.821528673 0.0206789784 1.87641215
v 0.732304871 -0.243188813 1.94197094
v 0.725339174 -0.22942996 1.80275619
v 0.7600407 -0.243188828 1.94197094
v 0.785576463 -0.181797698 1.93123591
v 0.750902414 -0.2122816 1.94623792
v 0.757354319 -0.149749979 1.97680199
v 0.76305455 -0.144971177 1.92122591
v 0.779279232 -0.223446459 1.87635398
v 0.791459382 -0.0808017552 1.93048429
v 0.757354319 -0.0675477758 1.96085322
v 0.76305449 -0.0701972917 1.90330505
v 0.784678757 -0.00519031519 1.97001886
v 0.767626226 -1.71279898E-05 1.99642754
v 0.770476341 0.00373725872 1.9381392
v 0.777898252 0.0678027719 2.04771805
v 0.762951314 -0.211499438 1.88822079
v 0.750902414 -0.2122816 1.94623792
v 0.76305455 -0.144971177 1.92122591
v 0.757354319 -0.0675477758 1.96085322
v 0.76305449 -0.0701972917 1.90330505
v 0.767626226 -1.71279898E-05 1.99642754
v 0.770476341 0.00373725872 1.9381392
v 0.777898252 0.0678027719 2.04771805
v 0.742910743 -0.209678069 1.82222259
v 0.753105462 -0.180820271 1.8518362
v 0.762951314 -0.211499438 1.88822079
v 0.753075004 -0.22942999 1.80275619
v 0.772994578 -0.0832588002 1.83359218
v 0.753105462 -0.180820271 1.8518362
v 0.821528673 0.0206789784 1.87641215
v 0.7600407 -0.243188828 1.94197094
v 0.704747379 -0.250723541 2.03345156
v 0.732483208 -0.250723571 2.03345156
v 0.7600407 -0.243188828 1.94197094
v 0.732304871 -0.243188813 1.94197094
v 0.448198378 0.0354110897 1.91117728
v 0.590880811 -0.230163381 2.23321533
v 0.494227886 0.00301391585 1.87837791
v 0.429680496 0.041132316 2.03733516
v 0.466262728 -0.054325562 2.22012925
v 0.591634989 -0.0483279414 1.90209711
v 0.675177157 -0.131950408 1.89882767
v 0.487208545 -0.129728481 2.28135657
v 0.487526983 -0.250520408 2.29438496
v 0.48784548 -0.37131229 2.28032231
v 0.502545476 -0.439102978 2.21850824
v 0.505987406 -0.493746668 2.03321886
v 0.509611428 -0.504539907 1.87821281
v 0.591295063 -0.452774733 1.90230691
v 0.704747379 -0.250723541 2.03345156
v 0.732304871 -0.243188813 1.94197094
v 0.725339174 -0.22942996 1.80275619
v 0.674339175 -0.371697724 1.89725935
v 0.674339175 -0.371697724 1.89725935
v 0.725339174 -0.271614105 1.84803915
v 0.475000232 -0.0592700578 2.34190035
v 0.529196858 -0.0696561262 2.26702261
v 0.515582502 -0.0557048209 2.34111667
v 0.537272811 -0.129595071 2.30303836
v 0.524469197 -0.0895017609 2.36214042
v 0.472232878 -0.143258467 2.31012559
v 0.484214991 -0.0969987661 2.3662076
v 0.475000232 -0.0592700578 2.34190035
v 0.458064675 -0.0857578442 2.27302766
v 0.484009355 -0.0180697441 2.39753556
v 0.50423044 -0.0159534067 2.39604855
v 0.49935317 0.020449752 2.43676925
v 0.509899676 -0.0344069079 2.40988541
v 0.49935317 0.020449752 2.43676925
v 0.488675296 -0.0371162035 2.41214013
v 0.49935317 0.020449752 2.43676925
v 0.484009355 -0.0180697441 2.39753556
v 0.484009355 -0.0180697441 2.39753556
v 0.475000232 -0.0592700578 2.34190035
v 0.475000232 -0.0592700578 2.34190035
v 0.458064675 -0.0857578442 2.27302766
v 0.483326435 -0.395419836 2.36977434
v 0.535126984 -0.368131936 2.29575634
v 0.531690717 -0.405011117 2.37216759
v 0.470248252 -0.356163204 2.30281377
v 0.531797945 -0.452300012 2.35704947
v 0.532651961 -0.438361973 2.2602675
v 0.461305916 -0.42333129 2.25208712
v 0.481077641 -0.441443861 2.35881209
v 0.483326435 -0.395419836 2.36977434
v 0.470248252 -0.356163204 2.30281377
v 0.493456036 -0.419984877 2.45199847
v 0.518224478 -0.426265776 2.45017457
v 0.492670417 -0.423941195 2.53248477
v 0.516458213 -0.450920582 2.44442677
v 0.492670417 -0.423941195 2.53248477
v 0.516458213 -0.450920582 2.44442677
v 0.491835326 -0.445473582 2.4472971
v 0.492670417 -0.423941195 2.53248477
v 0.493456036 -0.419984877 2.45199847
v 0.492670417 -0.423941195 2.53248477
v 0.465466768 -0.207459107 2.4171977
v 0.550158918 -0.209312543 2.33175111
v 0.519765139 -0.212190226 2.41695881
v 0.451838553 -0.198498726 2.33172703
v 0.544742703 -0.300301254 2.32184696
v 0.525131226 -0.279991686 2.41398549
v 0.459794998 -0.291420788 2.32370377
v 0.468848586 -0.274497986 2.41375399
v 0.465466768 -0.207459107 2.4171977
v 0.507222176 -0.23557125 2.49939537
v 0.50371635 -0.206860989 2.49330711
v 0.479500651 -0.174828798 2.56978273
v 0.465466768 -0.207459107 2.4171977
v 0.477391273 -0.232255876 2.49870729
v 0.479500651 -0.174828798 2.56978273
v 0.473837107 -0.202267438 2.49202538
v 0.473837107 -0.202267438 2.49202538
v 0.479500651 -0.174828798 2.56978273
v 0.473837107 -0.202267438 2.49202538
v 0.465466768 -0.207459107 2.4171977
v 0.451838553 -0.198498726 2.33172703
v 0.465466768 -0.207459107 2.4171977
v 0.473837107 -0.202267438 2.49202538
v 0.179719672 -0.886434436 2.16866946
v 0.125233531 -0.952932894 2.64713001
v 0.111072853 -0.798524618 2.20329809
v 0.202632248 -1.05205047 2.60808682
v 1.46422465E-07 -0.915073395 2.66204333
v 1.01085256E-07 -0.764945984 2.21652508
v 0.179719687 -0.995096862 2.12586617
v 0.202632308 -1.17456627 2.55982637
v 0.111072853 -1.08300674 2.09123778
v 0.125233576 -1.27368391 2.52078295
v 2.07277424E-07 -1.11658537 2.07801056
v 2.66153108E-07 -1.31154335 2.50586963
v 0.119949527 -0.959864199 2.64488745
v 0.171172142 -0.889188111 2.16807723
v 0.1057906 -0.805456996 2.20105505
v 0.194083616 -1.05480111 2.60749578
v 1.48997984E-07 -0.923601806 2.6591692
v 1.03660781E-07 -0.773474395 2.21365118
v 0.171171337 -0.992684484 2.12731528
v 0.194085017 -1.17215085 2.56127691
v 0.105789267 -1.07641411 2.09433818
v 0.119951732 -1.26709008 2.5238843
v 2.04804252E-07 -1.10839581 2.08174229
v 2.63679908E-07 -1.30335391 2.50960135
v -0.20049648 -0.750568986 1.81046021
v -0.179638132 -0.731585383 1.73740983
v -0.20049648 -0.750568986 1.81046021
v -0.263685703 -0.821138263 2.02078843
v -0.18804577 -0.873986721 1.96450317
v -0.198447973 -0.693585873 1.7801671
v -0.253945351 -0.787525713 1.89764154
v -0.107288472 -0.741998136 1.69244123
v 1.0158832E-07 -0.766611755 1.6245327
v -0.122313306 -0.801996112 1.54825556
v 1.0722151E-07 -0.785265267 1.54781425
v -0.131565526 -0.872649968 1.50413752
v -0.102534957 -0.85951066 1.50191498
v 1.22929137E-07 -0.837278724 1.52601433
v -0.102534957 -0.85951066 1.50191498
v -0.0860187858 -0.89287734 1.62823617
v -0.134137824 -0.928256333 1.64435029
v -0.141564295 -0.90133512 1.62371457
v 1.3326985E-07 -0.87152046 1.62365091
v 1.27773859E-07 -0.853321195 1.64240706
v 1.5614512E-07 -0.947268486 1.52061617
v 1.76537483E-07 -1.01479471 1.47654879
v -0.0492532142 -1.04702222 1.42403245
v 1.82894013E-07 -1.03584349 1.42870927
v -0.0492532142 -1.04702222 1.42403245
v -0.0483145602 -1.00929117 1.41050196
v -0.0955525115 -1.04020357 1.42431116
v -0.097368829 -1.02370787 1.41414154
v 1.77009312E-07 -1.01635706 1.4189955
v 1.77009312E-07 -1.01635706 1.4189955
v -0.028859254 -0.942264676 1.43931639
v 1.59747614E-07 -0.959197581 1.43184733
v -0.126779065 -0.789784253 1.65638626
v -0.179638132 -0.731585383 1.73740983
v -0.0805029869 -1.08655882 1.8766793
v -0.131611109 -1.10888207 1.8793118
v -0.119614042 -1.14129138 1.88993311
v -0.108785942 -1.0906055 1.90948927
v -0.0595576949 -1.14436781 1.88039398
v -0.0479810275 -1.10035837 1.87772274
v 2.12737859E-07 -1.13466692 1.87738836
v 2.0594112E-07 -1.11216044 1.8816185
v -0.0595576949 -1.14436781 1.88039398
v 1.0158832E-07 -0.766611755 1.6245327
v 9.92211469E-08 -0.758773148 1.62272561
v -0.107288472 -0.741998136 1.69244123
v -0.164521351 -1.01338124 2.04046416
v -0.158034295 -1.0427891 2.0461266
v -0.130312517 -1.06140089 2.04030442
v -0.100243583 -1.07867551 2.02367616
v -0.0726422444 -1.07537901 2.02431488
v -0.156322956 -1.0312773 2.02805829
v -0.138275832 -1.05558968 2.00753403
v -0.112891026 -1.07340145 2.00729966
v -0.0726422444 -1.07537901 2.02431488
v -0.0726422444 -1.07537901 2.02431488
v -0.0726422444 -1.07537901 2.02431488
v 1.17077448E-07 -0.817901731 1.78982675
v 1.25562906E-07 -0.846000016 1.73463821
v -0.155285716 -0.984217346 1.91184235
v -0.178498983 -1.00595164 1.91924298
v -0.130400985 -1.00252986 1.76462364
v -0.140445322 -0.958426476 1.67472315
v -0.145892516 -0.947928369 1.69608581
v -0.134137824 -0.928256333 1.64435029
v -0.109914355 -0.956096947 1.6767596
v -0.151030511 -0.907222807 1.68361032
v -0.109914355 -0.956096947 1.6767596
v -0.134137824 -0.928256333 1.64435029
v -0.0963505432 -0.914995253 1.6465528
v -0.117342152 -0.884091914 1.68085825
v -0.132916838 -0.9455989 1.69812226
v -0.130400985 -1.00252986 1.76462364
v -0.132916838 -0.9455989 1.69812226
v -0.145892516 -0.947928369 1.69608581
v -0.132916838 -0.9455989 1.69812226
v -0.151030511 -0.907222807 1.68361032
v -0.117342152 -0.884091914 1.68085825
v -0.101931646 -1.02276504 1.47595513
v -0.0949681848 -1.09226573 1.43726981
v -0.0955525115 -1.04020357 1.42431116
v -0.0684830397 -1.08798242 1.44195032
v -0.0492532142 -1.04702222 1.42403245
v -0.0743255764 -1.12957978 1.47810137
v -0.0670695007 -1.08099031 1.46347046
v -0.0757171363 -1.12338316 1.48498333
v -0.0608858466 -1.1708039 1.57981563
v -0.0943838507 -1.13508117 1.47199142
v -0.0608858466 -1.1708039 1.57981563
v -0.0975846276 -1.12003565 1.48870099
v -0.0757171363 -1.12338316 1.48498333
v -0.0997581258 -1.08075869 1.46779716
v -0.101931646 -1.02276504 1.47595513
v -0.0670695007 -1.08099031 1.46347046
v -0.0450345948 -1.01437116 1.46360409
v -0.0450345948 -1.01437116 1.46360409
v -0.0997581258 -1.08075869 1.46779716
v -0.101931646 -1.02276504 1.47595513
v -0.0850812197 -1.03312671 1.35999751
v -0.0483145602 -1.00929117 1.41050196
v -0.0561902076 -1.01918387 1.35594881
v -0.097368829 -1.02370787 1.41414154
v -0.0914998353 -1.07004881 1.31376648
v -0.0772550106 -1.06330299 1.30193388
v -0.10124784 -1.0636071 1.29621482
v -0.0973164514 -1.01546812 1.36059904
v -0.100352429 -0.975838006 1.42052364
v -0.097368829 -1.02370787 1.41414154
v -0.0806424394 -0.938892484 1.43590379
v -0.086630933 -0.988837242 1.34699249
v -0.0902403221 -1.05149043 1.28936028
v -0.0772550106 -1.06330299 1.30193388
v -0.0561902076 -1.01918387 1.35594881
v -0.0483145602 -1.00929117 1.41050196
v -0.028859254 -0.942264676 1.43931639
v -0.0971573219 -1.12200427 1.26925826
v -0.0971573219 -1.12200427 1.26925826
v -0.161497325 -1.03141129 1.7845279
v -0.186360449 -1.00175953 1.84383464
v -0.179708958 -1.02590895 1.84751356
v -0.16416429 -0.99511826 1.83588099
v -0.155285716 -0.984217346 1.91184235
v -0.178498983 -1.00595164 1.91924298
v -0.116511799 -1.02414334 1.90349817
v -0.161183327 -1.03046119 1.91065013
v -0.179708958 -1.02590895 1.84751356
v -0.178498983 -1.00595164 1.91924298
v -0.116511799 -1.02414334 1.90349817
v -0.166173041 -1.01654708 1.83940637
v -0.161497325 -1.03141129 1.7845279
v -0.0595576949 -1.14436781 1.88039398
v -0.12836881 -1.13773143 1.81663573
v -0.119614042 -1.14129138 1.88993311
v -0.0869028047 -1.14110899 1.81015098
v -0.124771744 -1.11202204 1.81314719
v -0.131611109 -1.10888207 1.8793118
v -0.108945444 -1.09894586 1.81232142
v -0.0805029869 -1.08655882 1.8766793
v -0.0849795714 -1.10758066 1.8114264
v -0.0479810275 -1.10035837 1.87772274
v -0.0849795714 -1.10758066 1.8114264
v -0.0479810275 -1.10035837 1.87772274
v -0.124475285 -1.11243331 1.73606193
v -0.0949936658 -1.11210465 1.73115444
v -0.121918187 -1.09597039 1.74425244
v -0.110667683 -1.08793223 1.748945
v -0.0936281532 -1.09271908 1.74505532
v -0.0936281532 -1.09271908 1.74505532
v -0.10158357 -1.03463721 1.65124428
v -0.10158357 -1.03463721 1.65124428
v -0.161497325 -1.03141129 1.7845279
v -0.166173041 -1.01654708 1.83940637
v -0.16416429 -0.99511826 1.83588099
v -0.155285716 -0.984217346 1.91184235
v -0.166173041 -1.01654708 1.83940637
v -0.116511799 -1.02414334 1.90349817
v -0.155285716 -0.984217346 1.91184235
v -0.131565526 -0.872649968 1.50413752
v -0.10501264 -0.88263011 1.40662134
v -0.120695263 -0.854471922 1.39858603
v -0.107390881 -0.906910241 1.4829371
v -0.113325067 -0.889004111 1.30845964
v -0.0956069082 -0.846275926 1.39858603
v -0.102534957 -0.85951066 1.50191498
v -0.131565526 -0.872649968 1.50413752
v -0.107390881 -0.906910241 1.4829371
v -0.0864568949 -0.880037189 1.40662134
v -0.113325067 -0.889004111 1.30845964
v -0.0864568949 -0.880037189 1.40662134
v -0.0894324109 -0.895657182 1.47245026
v -0.102534957 -0.85951066 1.50191498
v -0.107390881 -0.906910241 1.4829371
v -0.0894324109 -0.895657182 1.47245026
v -0.028859254 -0.942264676 1.43931639
v 1.55618579E-07 -0.945524871 1.40475166
v 1.59747614E-07 -0.959197581 1.43184733
v 1.55618579E-07 -0.945524871 1.40475166
v 1.55618579E-07 -0.945524871 1.40475166
v -0.540087283 -0.204846606 2.0271883
v -0.561303616 -0.190156966 1.96167696
v -0.486161083 -0.187002108 1.94383037
v -0.57334435 -0.238459885 2.05431724
v -0.617113948 -0.212693572 1.96501577
v -0.605199635 -0.315148413 2.03449726
v -0.670345902 -0.283733189 1.9448843
v -0.572291493 -0.381755352 1.9862591
v -0.623109639 -0.357975751 1.90011954
v -0.559710205 -0.366058111 1.87638211
v -0.528109252 -0.393043041 1.93651593
v -0.491430193 -0.333711118 1.86783707
v -0.473690927 -0.369530976 1.89710808
v -0.650586307 -0.173724279 1.91535306
v -0.594588637 -0.155263215 1.90689754
v -0.486161083 -0.187002108 1.94383037
v -0.689069033 -0.139054358 1.86168516
v -0.628054857 -0.120879322 1.83916473
v -0.552751482 -0.173556209 1.8828305
v -0.486161083 -0.187002108 1.94383037
v -0.582817972 -0.132166281 1.81945038
v -0.589052856 -0.336485863 1.8147496
v -0.648361504 -0.332243562 1.8381952
v -0.55122155 -0.298067629 1.8245666
v -0.582253814 -0.254113436 1.76004171
v -0.623955071 -0.283282459 1.75229335
v -0.688067138 -0.279942751 1.77415168
v -0.718897402 -0.202341795 1.82325697
v -0.671448648 -0.249105722 1.88270628
v -0.538601279 -0.238157079 1.85334074
v -0.489222616 -0.268878639 1.90308118
v -0.486161083 -0.187002108 1.94383037
v -0.563425899 -0.189699367 1.78734493
v -0.552751482 -0.173556209 1.8828305
v -0.486161083 -0.187002108 1.94383037
v -0.582817972 -0.132166281 1.81945038
v -0.653245091 -0.228775427 1.67924261
v -0.706902683 -0.209104493 1.70541441
v -0.605150223 -0.190858871 1.69370222
v -0.623194516 -0.133768708 1.62558341
v -0.694206536 -0.156574309 1.6151799
v -0.727607727 -0.144114524 1.631217
v -0.792920053 -0.0812161043 1.66311073
v -0.745290518 -0.145521656 1.74379873
v -0.739805222 -0.0922722965 1.78975296
v -0.65739125 -0.0510229878 1.7856555
v -0.615831852 -0.0728407279 1.74928951
v -0.812593818 -0.0177796166 1.70579255
v -0.694895029 0.0120745273 1.7507509
v -0.639597237 -0.00255578989 1.69002962
v -0.620154798 -0.104429871 1.5915736
v -0.625763714 -0.0307164565 1.59256113
v -0.761436462 0.0620452687 1.70329201
v -0.712776303 0.0717986301 1.71777618
v -0.778295934 0.0623128861 1.66141379
v -0.787929058 0.0344022363 1.64524209
v -0.663299263 0.0735273138 1.68142641
v -0.630791903 0.0498750284 1.63135982
v -0.681106687 0.083085075 1.65147042
v -0.786014855 0.115963914 1.64642894
v -0.715052307 0.130884781 1.69024599
v -0.684867084 0.129872128 1.63470602
v -0.771350145 0.181687519 1.62539458
v -0.724590719 0.191564351 1.65697598
v -0.684867084 0.129872128 1.63470602
v -0.725895345 0.0858229026 1.64765012
v -0.787929058 0.0344022363 1.64524209
v -0.786014855 0.115963914 1.64642894
v -0.702599406 0.182150915 1.61627221
v -0.702599406 0.182150915 1.61627221
v -0.737618446 0.257765889 1.58847439
v -0.715201497 0.22763665 1.59745681
v -0.760810852 0.238491014 1.60134244
v -0.715201497 0.22763665 1.59745681
v -0.760810852 0.238491014 1.60134244
v -0.737618446 0.257765889 1.58847439
v -0.760810852 0.238491014 1.60134244
v -0.787929058 0.0344022363 1.64524209
v -0.723226905 0.0705478862 1.6299752
v -0.681106687 0.083085075 1.65147042
v -0.630791903 0.0498750284 1.63135982
v -0.630560696 0.0720926821 1.59464347
v -0.607391357 -0.127279699 1.72442961
v -0.615831852 -0.0728407279 1.74928951
v -0.611460507 -0.0684941262 1.65014696
v -0.639597237 -0.00255578989 1.69002962
v -0.630791903 0.0498750284 1.63135982
v -0.630560696 0.0720926821 1.59464347
v -0.723226905 0.0705478862 1.6299752
v -0.813540757 0.0725060999 1.60198939
v -0.727604508 0.105489023 1.59317589
v -0.787929058 0.0344022363 1.64524209
v -0.818388939 0.103974894 1.49722528
v -0.73845315 0.131568983 1.49857783
v -0.630560696 0.0720926821 1.59464347
v -0.648246884 0.109894864 1.48414016
v -0.838261604 0.147307113 1.37535882
v -0.756718755 0.191006005 1.38071728
v -0.838261604 0.147307113 1.37535882
v -0.679434478 0.150690362 1.36347079
v -0.779341578 0.216971874 1.25625229
v -0.717838824 0.182027087 1.24547362
v -0.854246795 0.175127193 1.24477232
v -0.847920656 0.187681258 1.15220618
v -0.78733331 0.222464874 1.17214727
v -0.734563112 0.185810581 1.16143787
v -0.847920656 0.187681258 1.15220618
v -0.78733331 0.222464874 1.17214727
v -0.869196296 0.129570886 1.12410164
v -0.854246795 0.175127193 1.24477232
v -0.897669971 0.0373804457 1.19225121
v -0.869196296 0.129570886 1.12410164
v -0.883036017 0.0491284914 1.10125482
v -0.863409758 -0.0362581424 1.10395205
v -0.842475116 -0.112784326 1.19188154
v -0.910502076 0.00883068051 1.34588075
v -0.834383905 -0.11569307 1.27253044
v -0.771685004 -0.144448683 1.17403769
v -0.751404226 -0.174027532 1.25346124
v -0.840351462 -0.120198593 1.41984951
v -0.739859581 -0.169864923 1.41491187
v -0.819549263 -0.124966197 1.52818704
v -0.724103451 -0.145011708 1.51323116
v -0.781722605 -0.156886742 1.64828706
v -0.694206536 -0.156574309 1.6151799
v -0.614171684 -0.112988278 1.51251066
v -0.620154798 -0.104429871 1.5915736
v -0.888001382 -0.0164121818 1.59536994
v -0.840725839 -0.0457274616 1.6491555
v -0.792920053 -0.0812161043 1.66311073
v -0.787929058 0.0344022363 1.64524209
v -0.813540757 0.0725060999 1.60198939
v -0.626862884 -0.122239113 1.41496325
v -0.635997057 -0.121384159 1.29366243
v -0.594011366 0.00383142452 1.44448853
v -0.593572557 -0.00961681362 1.58878016
v -0.625763714 -0.0307164565 1.59256113
v -0.630560696 0.0720926821 1.59464347
v -0.648246884 0.109894864 1.48414016
v -0.630560696 0.0720926821 1.59464347
v -0.60561949 0.0119517706 1.32558
v -0.679434478 0.150690362 1.36347079
v -0.67303735 -0.12040069 1.16576982
v -0.722745597 -0.10805694 1.10302377
v -0.796520114 -0.145371541 1.12290251
v -0.858503044 -0.104547039 1.11901581
v -0.661158025 0.0316386223 1.19374752
v -0.717838824 0.182027087 1.24547362
v -0.714499652 0.124588355 1.13794911
v -0.710430443 0.0484373644 1.12163949
v -0.717199862 -0.0317429341 1.10379565
v -0.747880995 0.00911785103 1.05324161
v -0.783379972 -0.0331368819 1.07891381
v -0.782759368 -0.0202178191 1.04467797
v -0.743180513 0.0920013413 1.08440781
v -0.787293077 0.119748056 1.09127951
v -0.786720395 0.131334662 1.10232604
v -0.751372516 0.171310514 1.12104809
v -0.734563112 0.185810581 1.16143787
v -0.751372516 0.171310514 1.12104809
v -0.789797246 0.146130428 1.10623062
v -0.788578272 0.0652685538 1.0551734
v -0.747880995 0.00911785103 1.05324161
v -0.786891818 0.046249751 1.05724692
v -0.850157142 -0.015571136 1.04162621
v -0.855257273 0.0289113037 1.05538809
v -0.855257273 0.0289113037 1.05538809
v -0.833844185 0.0685159117 1.06475842
v -0.788578272 0.0652685538 1.0551734
v -0.833844185 0.0685159117 1.06475842
v -0.841717601 0.113150768 1.08974349
v -0.786720395 0.131334662 1.10232604
v -0.841717601 0.113150768 1.08974349
v -0.787293077 0.119748056 1.09127951
v -0.727607727 -0.144114524 1.631217
v -0.694206536 -0.156574309 1.6151799
v -0.792920053 -0.0812161043 1.66311073
v -0.890693784 -0.00523828482 1.47005093
v -0.398537159 -0.209442511 1.92819357
v -0.396828175 -0.140203848 2.02049327
v -0.447976291 -0.17025657 2.10026979
v -0.496616572 -0.233255953 2.13545918
v -0.537225306 -0.333692938 2.13690233
v -0.518089652 -0.391202658 2.07436657
v -0.466534555 -0.406871468 1.99280965
v -0.4253757 -0.387150705 1.93019331
v -0.404141366 -0.326855093 1.89256012
v -0.398537159 -0.209442511 1.92819357
v -0.796520114 -0.145371541 1.12290251
v -0.750469208 -0.0791954994 1.06014132
v -0.805816531 -0.115021706 1.05293214
v -0.858503044 -0.104547039 1.11901581
v -0.852201045 -0.0992324799 1.04929852
v -0.863409758 -0.0362581424 1.10395205
v -0.844706118 -0.0541922934 1.05173266
v -0.783379972 -0.0331368819 1.07891381
v -0.785861492 -0.0441320203 1.05644286
v -0.797493279 -0.106418781 0.927118301
v -0.830534697 -0.0889248624 0.896697462
v -0.834612548 -0.0555838384 0.917968452
v -0.794869244 -0.0448785014 0.944463551
v -0.785861492 -0.0441320203 1.05644286
v -0.782815993 -0.0295252036 0.830028415
v -0.762280345 -0.0221513174 0.843422353
v -0.779959142 -0.0482336618 0.821649969
v -0.758651197 -0.0566451065 0.829515517
v -0.74279809 -0.0386988074 0.846171379
v -0.774309516 -0.0749886334 0.950334132
v -0.750469208 -0.0791954994 1.06014132
v -0.762280345 -0.0221513174 0.843422353
v -0.794869244 -0.0448785014 0.944463551
v -0.785861492 -0.0441320203 1.05644286
v -0.717199862 -0.0317429341 1.10379565
v -0.722745597 -0.10805694 1.10302377
v -0.750469208 -0.0791954994 1.06014132
v -0.726497412 0.00220052712 0.774370253
v -0.726497412 0.00220052712 0.774370253
v -0.726497412 0.00220052712 0.774370253
v -0.726497412 0.00220052712 0.774370253
v -0.726497412 0.00220052712 0.774370253
v -0.750469208 -0.0791954994 1.06014132
v -0.783379972 -0.0331368819 1.07891381
v -0.785861492 -0.0441320203 1.05644286
v -0.863409758 -0.0362581424 1.10395205
v -0.782759368 -0.0202178191 1.04467797
v -0.850157142 -0.015571136 1.04162621
v -0.783379972 -0.0331368819 1.07891381
v -0.836180389 0.020439757 0.89182502
v -0.78783232 0.00585357659 0.924288332
v -0.747880995 0.00911785103 1.05324161
v -0.757306635 0.0321059041 0.941136599
v -0.770774007 0.0321352556 0.867019773
v -0.803839862 0.041095674 0.854921579
v -0.834204853 0.0505167171 0.922623098
v -0.850157142 -0.015571136 1.04162621
v -0.855257273 0.0289113037 1.05538809
v -0.805266619 0.0623638518 0.863630891
v -0.791256726 0.0572681017 0.937119782
v -0.855257273 0.0289113037 1.05538809
v -0.786891818 0.046249751 1.05724692
v -0.757306635 0.0321059041 0.941136599
v -0.747880995 0.00911785103 1.05324161
v -0.777782738 0.0727230236 0.880795419
v -0.747894049 0.0529307909 0.886651516
v -0.747894049 0.0529307909 0.886651516
v -0.703193128 0.138020381 0.735722363
v -0.703193128 0.138020381 0.735722363
v -0.78733331 0.222464874 1.17214727
v -0.82865864 0.190503895 1.12412906
v -0.783188999 0.215628624 1.13749218
v -0.734563112 0.185810581 1.16143787
v -0.805684388 0.230489537 1.01495731
v -0.826130569 0.217808336 1.00338364
v -0.83149457 0.155891582 1.11145318
v -0.847920656 0.187681258 1.15220618
v -0.827172697 0.200309694 0.995867729
v -0.789797246 0.146130428 1.10623062
v -0.80323261 0.190784901 0.99982059
v -0.791702569 0.211519584 1.01394916
v -0.751372516 0.171310514 1.12104809
v -0.80323261 0.190784901 0.99982059
v -0.789797246 0.146130428 1.10623062
v -0.760226727 0.234103292 0.894843102
v -0.760226727 0.234103292 0.894843102
v -0.78733331 0.222464874 1.17214727
v -0.847920656 0.187681258 1.15220618
v -0.847920656 0.187681258 1.15220618
v -0.869196296 0.129570886 1.12410164
v -0.869196296 0.129570886 1.12410164
v -0.789797246 0.146130428 1.10623062
v -0.786720395 0.131334662 1.10232604
v -0.734563112 0.185810581 1.16143787
v -0.751372516 0.171310514 1.12104809
v -0.833844185 0.0685159117 1.06475842
v -0.84109509 0.13530378 0.938013971
v -0.841717601 0.113150768 1.08974349
v -0.836881697 0.108036764 0.933152139
v -0.815824091 0.149585605 0.955287158
v -0.787293077 0.119748056 1.09127951
v -0.787975729 0.118844584 0.960258007
v -0.743180513 0.0920013413 1.08440781
v -0.809202254 0.0937818885 0.940405548
v -0.788578272 0.0652685538 1.0551734
v -0.743690789 0.175826371 0.812566996
v -0.743690789 0.175826371 0.812566996
v -0.809202254 0.0937818885 0.940405548
v -0.788578272 0.0652685538 1.0551734
v -0.833844185 0.0685159117 1.06475842
v -0.681106687 0.083085075 1.65147042
v -0.684867084 0.129872128 1.63470602
v -0.788578272 0.0652685538 1.0551734
v -0.855257273 0.0289113037 1.05538809
v -0.786891818 0.046249751 1.05724692
v -0.887243629 0.136197627 1.40609407
v -0.905507505 0.188140348 1.42023802
v -0.89795047 0.132030979 1.44024897
v -0.892455518 0.183219358 1.37539339
v -0.879625738 0.194842577 1.45957017
v -0.882513881 0.270234197 1.42779756
v -0.901992619 0.256222904 1.46036887
v -0.879943132 0.25509131 1.48832703
v -0.875661135 0.309665263 1.53591216
v -0.89795047 0.132030979 1.44024897
v -0.875472248 0.127806425 1.46283841
v -0.879625738 0.194842577 1.45957017
v -0.887243629 0.136197627 1.40609407
v -0.875472248 0.127806425 1.46283841
v -0.892455518 0.183219358 1.37539339
v -0.882513881 0.270234197 1.42779756
v -0.879943132 0.25509131 1.48832703
v -0.875661135 0.309665263 1.53591216
v -0.872601151 0.0922448114 1.50947809
v -0.865958869 0.173668221 1.58572018
v -0.873607516 0.071293503 1.58531272
v -0.86173141 0.19578588 1.56025255
v -0.856589973 0.151993856 1.61656702
v -0.86082983 0.0670688972 1.61738384
v -0.872601151 0.0922448114 1.50947809
v -0.86173141 0.19578588 1.56025255
v -0.848026037 0.244635895 1.70035851
v -0.888001382 -0.0164121818 1.59536994
v -0.890693784 -0.00523828482 1.47005093
v -0.818388939 0.103974894 1.49722528
v -0.86082983 0.0670688972 1.61738384
v -0.813540757 0.0725060999 1.60198939
v -0.818388939 0.103974894 1.49722528
v -0.813540757 0.0725060999 1.60198939
v -0.887243629 0.161863044 1.26856863
v -0.905507505 0.213805765 1.29085696
v -0.910130262 0.147051021 1.30272341
v -0.892455518 0.208884776 1.24601197
v -0.889774919 0.220507994 1.33018887
v -0.89632386 0.135561064 1.35199332
v -0.894314647 0.29589957 1.29027224
v -0.913793445 0.281888306 1.32284331
v -0.891743958 0.280756712 1.35080135
v -0.894314647 0.29589957 1.29027224
v -0.899304628 0.335330695 1.39838648
v -0.892455518 0.208884776 1.24601197
v -0.887243629 0.161863044 1.26856863
v -0.899304628 0.335330695 1.39838648
v -0.910502076 0.00883068051 1.34588075
v -0.897669971 0.0373804457 1.19225121
v -0.887243629 0.161863044 1.26856863
v -0.89632386 0.135561064 1.35199332
v -0.89632386 0.135561064 1.35199332
v -0.838261604 0.147307113 1.37535882
v -0.910502076 0.00883068051 1.34588075
v -0.89632386 0.135561064 1.35199332
v -0.854246795 0.175127193 1.24477232
v -0.838261604 0.147307113 1.37535882
v -0.887243629 0.161863044 1.26856863
v -0.887243629 0.136197627 1.40609407
v -0.89795047 0.132030979 1.44024897
v -0.910502076 0.00883068051 1.34588075
v -0.89795047 0.132030979 1.44024897
v -0.890693784 -0.00523828482 1.47005093
v -0.875472248 0.127806425 1.46283841
v -0.818388939 0.103974894 1.49722528
v -0.838261604 0.147307113 1.37535882
v -0.887243629 0.136197627 1.40609407
v -0.887243629 0.136197627 1.40609407
v -0.910502076 0.00883068051 1.34588075
v -0.838261604 0.147307113 1.37535882
v -0.887243629 0.161863044 1.26856863
v -0.897669971 0.0373804457 1.19225121
v -0.854246795 0.175127193 1.24477232
v -0.86082983 0.0670688972 1.61738384
v -0.872601151 0.0922448114 1.50947809
v -0.818388939 0.103974894 1.49722528
v -0.448198646 0.0354108028 1.91117728
v -0.517985284 -0.00815484952 2.03359246
v -0.521964014 0.00301357266 1.87837791
v -0.429680765 0.0411320478 2.03733516
v -0.466262966 -0.0543258265 2.22012925
v -0.61940068 -0.0756971538 2.03536367
v -0.619370997 -0.0483283028 1.90209711
v -0.697884798 -0.1537624 2.03931594
v -0.702913046 -0.13195084 1.89882767
v -0.649294734 -0.173474759 2.22056556
v -0.598423779 -0.109451443 2.21876049
v -0.545348883 -0.151906893 2.27541494
v -0.487208694 -0.129728749 2.28135657
v -0.652091444 -0.250696301 2.21286941
v -0.732483327 -0.250723988 2.03345156
v -0.575923622 -0.250712603 2.28341055
v -0.697884738 -0.347685337 2.03931642
v -0.702075005 -0.371698111 1.89725935
v -0.619030833 -0.452775121 1.90230691
v -0.618921638 -0.425738066 2.03462481
v -0.598984301 -0.39125374 2.22044826
v -0.649329722 -0.327992707 2.22059226
v -0.546456695 -0.350881964 2.27804828
v -0.509611368 -0.504540265 1.87821281
v -0.505987406 -0.493746966 2.03321886
v -0.502545476 -0.439103276 2.21850824
v -0.48784551 -0.371312588 2.28032231
v -0.753075063 -0.271614581 1.84803915
v -0.487527072 -0.250520706 2.29438496
v -0.674339175 -0.371698111 1.89725935
v -0.725339353 -0.271614522 1.84803915
v -0.702075005 -0.371698111 1.89725935
v -0.591295004 -0.452775121 1.90230691
v -0.619030833 -0.452775121 1.90230691
v -0.509611368 -0.504540265 1.87821281
v -0.742910922 -0.209678531 1.82222259
v -0.750902534 -0.212282062 1.94623792
v -0.760040879 -0.24318929 1.94197094
v -0.725339353 -0.229430422 1.80275619
v -0.675177276 -0.131950796 1.89882767
v -0.591635168 -0.0483283028 1.90209711
v -0.494228214 0.00301361084 1.87837791
v -0.753075063 -0.229430437 1.80275619
v -0.725339353 -0.271614522 1.84803915
v -0.704747498 -0.250723958 2.03345156
v -0.753075063 -0.271614581 1.84803915
v -0.725339353 -0.271614522 1.84803915
v -0.742910922 -0.209678531 1.82222259
v -0.750902534 -0.212282062 1.94623792
v -0.762951434 -0.2114999 1.88822079
v -0.753105581 -0.180820733 1.8518362
v -0.753075063 -0.229430437 1.80275619
v -0.760040879 -0.24318929 1.94197094
v -0.753075063 -0.229430437 1.80275619
v -0.779279411 -0.223446921 1.87635398
v -0.766264021 -0.193890944 1.83143079
v -0.762951434 -0.2114999 1.88822079
v -0.753105581 -0.180820733 1.8518362
v -0.778694987 -0.0784804299 1.77919984
v -0.79823041 -0.0800817683 1.81524599
v -0.772994816 -0.0832592547 1.83359218
v -0.821528912 0.0206784811 1.87641215
v -0.73230505 -0.243189275 1.94197094
v -0.725339353 -0.229430422 1.80275619
v -0.760040879 -0.24318929 1.94197094
v -0.785576642 -0.181798145 1.93123591
v -0.750902534 -0.212282062 1.94623792
v -0.757354498 -0.149750441 1.97680199
v -0.763054729 -0.144971669 1.92122591
v -0.779279411 -0.223446921 1.87635398
v -0.79145962 -0.080802232 1.93048429
v -0.757354558 -0.0675482377 1.96085322
v -0.763054788 -0.0701977536 1.90330505
v -0.784678996 -0.00519079203 1.97001886
v -0.767626464 -1.75857549E-05 1.99642754
v -0.770476639 0.00373680098 1.9381392
v -0.77789855 0.0678022951 2.04771805
v -0.762951434 -0.2114999 1.88822079
v -0.763054729 -0.144971669 1.92122591
v -0.750902534 -0.212282062 1.94623792
v -0.757354558 -0.0675482377 1.96085322
v -0.763054788 -0.0701977536 1.90330505
v -0.767626464 -1.75857549E-05 1.99642754
v -0.770476639 0.00373680098 1.9381392
v -0.77789855 0.0678022951 2.04771805
v -0.742910922 -0.209678531 1.82222259
v -0.762951434 -0.2114999 1.88822079
v -0.753105581 -0.180820733 1.8518362
v -0.753075063 -0.229430437 1.80275619
v -0.772994816 -0.0832592547 1.83359218
v -0.753105581 -0.180820733 1.8518362
v -0.821528912 0.0206784811 1.87641215
v -0.760040879 -0.24318929 1.94197094
v -0.704747498 -0.250723958 2.03345156
v -0.73230505 -0.243189275 1.94197094
v -0.760040879 -0.24318929 1.94197094
v -0.732483327 -0.250723988 2.03345156
v -0.448198646 0.0354108028 1.91117728
v -0.494228214 0.00301361084 1.87837791
v -0.59088093 -0.230163723 2.23321533
v -0.429680765 0.0411320478 2.03733516
v -0.466262966 -0.0543258265 2.22012925
v -0.591635168 -0.0483283028 1.90209711
v -0.675177276 -0.131950796 1.89882767
v -0.487208694 -0.129728749 2.28135657
v -0.487527072 -0.250520706 2.29438496
v -0.48784551 -0.371312588 2.28032231
v -0.502545476 -0.439103276 2.21850824
v -0.505987406 -0.493746966 2.03321886
v -0.509611368 -0.504540265 1.87821281
v -0.591295004 -0.452775121 1.90230691
v -0.704747498 -0.250723958 2.03345156
v -0.73230505 -0.243189275 1.94197094
v -0.725339353 -0.229430422 1.80275619
v -0.674339175 -0.371698111 1.89725935
v -0.725339353 -0.271614522 1.84803915
v -0.674339175 -0.371698111 1.89725935
v -0.475000441 -0.0592703409 2.34190035
v -0.529197097 -0.0696564242 2.26702261
v -0.458064884 -0.0857581124 2.27302766
v -0.475000441 -0.0592703409 2.34190035
v -0.51558274 -0.0557051264 2.34111667
v -0.53727299 -0.129595369 2.30303836
v -0.524469435 -0.0895020813 2.36214042
v -0.472233027 -0.14325878 2.31012559
v -0.48421523 -0.0969990492 2.3662076
v -0.475000441 -0.0592703409 2.34190035
v -0.458064884 -0.0857581124 2.27302766
v -0.484009624 -0.0180700496 2.39753556
v -0.504230738 -0.0159537122 2.39604855
v -0.499353468 0.0204494465 2.43676925
v -0.509899914 -0.0344072133 2.40988541
v -0.499353468 0.0204494465 2.43676925
v -0.488675535 -0.0371165089 2.41214013
v -0.499353468 0.0204494465 2.43676925
v -0.484009624 -0.0180700496 2.39753556
v -0.484009624 -0.0180700496 2.39753556
v -0.475000441 -0.0592703409 2.34190035
v -0.483326495 -0.395420134 2.36977434
v -0.535127044 -0.368132234 2.29575634
v -0.470248282 -0.356163472 2.30281377
v -0.531690717 -0.405011445 2.37216759
v -0.531797945 -0.45230034 2.35704947
v -0.532651961 -0.4383623 2.2602675
v -0.493456066 -0.419985145 2.45199847
v -0.518224478 -0.426266074 2.45017457
v -0.492670417 -0.423941404 2.53248477
v -0.516458213 -0.450920939 2.44442677
v -0.492670417 -0.423941404 2.53248477
v -0.531797945 -0.45230034 2.35704947
v -0.461305916 -0.423331589 2.25208712
v -0.481077641 -0.441444159 2.35881209
v -0.483326495 -0.395420134 2.36977434
v -0.470248282 -0.356163472 2.30281377
v -0.516458213 -0.450920939 2.44442677
v -0.491835266 -0.44547388 2.4472971
v -0.492670417 -0.423941404 2.53248477
v -0.493456066 -0.419985145 2.45199847
v -0.492670417 -0.423941404 2.53248477
v -0.465466857 -0.207459375 2.4171977
v -0.550159037 -0.209312886 2.33175111
v -0.451838702 -0.198498994 2.33172703
v -0.519765317 -0.212190524 2.41695881
v -0.544742823 -0.300301552 2.32184696
v -0.525131345 -0.279991984 2.41398549
v -0.459795058 -0.291421115 2.32370377
v -0.468848675 -0.274498284 2.41375399
v -0.465466857 -0.207459375 2.4171977
v -0.507222354 -0.235571548 2.49939537
v -0.503716469 -0.206861302 2.49330711
v -0.4795008 -0.174829066 2.56978273
v -0.465466857 -0.207459375 2.4171977
v -0.477391332 -0.232256144 2.49870729
v -0.4795008 -0.174829066 2.56978273
v -0.473837256 -0.202267706 2.49202538
v -0.473837256 -0.202267706 2.49202538
v -0.473837256 -0.202267706 2.49202538
v -0.4795008 -0.174829066 2.56978273
v -0.465466857 -0.207459375 2.4171977
v -0.451838702 -0.198498994 2.33172703
v -0.465466857 -0.207459375 2.4171977
v -0.473837256 -0.202267706 2.49202538
v -0.179719403 -0.886434615 2.16866946
v -0.125233233 -0.952932954 2.64713001
v -0.202631876 -1.05205059 2.60808682
v -0.11107263 -0.798524618 2.20329809
v 1.46422465E-07 -0.915073395 2.66204333
v 1.01085256E-07 -0.764945984 2.21652508
v -0.179719344 -0.995097041 2.12586617
v -0.202631876 -1.17456651 2.55982637
v -0.111072458 -1.08300686 2.09123778
v -0.125233054 -1.27368402 2.52078295
v 2.07277424E-07 -1.11658537 2.07801056
v 2.66153108E-07 -1.31154335 2.50586963
v -0.119949207 -0.959864199 2.64488745
v -0.171171874 -0.88918823 2.16807723
v -0.194083244 -1.05480111 2.60749578
v -0.105790377 -0.805457115 2.20105505
v 1.48997984E-07 -0.923601806 2.6591692
v 1.03660781E-07 -0.773474395 2.21365118
v -0.171170995 -0.992684603 2.12731528
v -0.194084585 -1.17215097 2.56127691
v -0.105788879 -1.07641411 2.09433818
v -0.119951226 -1.26709008 2.5238843
v 2.04804252E-07 -1.10839581 2.08174229
v 2.63679908E-07 -1.30335391 2.50960135
v 0.497769922 0.0728486031 2.42406893
v 0.164166734 -0.0352027044 2.45273519
v 0.452095091 0.176205873 2.39737201
v 0.161751598 -0.199225023 2.44410205
v 0.587823987 0.201304361 2.45252013
v 0.578084767 0.105296202 2.47083259
v 0.972936809 0.222700328 2.99498534
v 1.00336337 0.134892315 2.99404502
v 0.951967657 0.332202762 2.80800867
v 1.06486309 0.307215542 2.98501754
v 0.598695815 0.21521312 2.26108003
v 0.146883428 0.0469540209 2.33551359
v 0.0595704839 -0.0889555067 2.37052488
v 0.0732249692 -0.169048309 2.41173697
v 0.452095091 0.176205873 2.39737201
v 0.161751598 -0.199225023 2.44410205
v 0.105305523 -0.205562741 2.43624163
v 1.49777615 0.534476459 2.6331737
v 1.50420129 0.485101968 2.77014303
v 1.10656857 0.174235001 2.9782784
v 1.97369671 0.588650167 2.51012135
v 1.53066373 0.393000096 2.78977776
v 1.10656857 0.174235001 2.9782784
v 0.11391791 0.0342934281 2.14361739
v 0.0547797829 -0.0888794288 2.2235136
v 0.11391791 0.0342934281 2.14361739
v 0.307686388 0.0312679969 1.89954269
v 2.02822924 0.774414361 2.17221785
v 2.11090255 0.610567212 2.45490789
v 2.91294861 1.07227433 1.20725954
v 2.14876699 0.997279167 1.36916161
v 1.50036895 0.621207893 1.8657583
v 1.49889708 0.573328555 2.30147743
v 0.925715327 0.301169515 2.39559388
v 0.600232482 0.205095321 1.83999431
v 0.452095091 0.176205873 2.39737201
v 0.164166734 -0.0352027044 2.45273519
v 0.0573936626 -0.199687719 2.37199163
v 1.13878584 0.139618263 2.90768147
v 1.00781786 0.112028919 2.84550071
v 1.03308594 0.104464911 2.91771698
v 1.10656857 0.174235001 2.9782784
v 1.00336337 0.134892315 2.99404502
v 0.629033744 0.0281051919 2.41157985
v 0.578084767 0.105296202 2.47083259
v 0.533109486 0.0300349705 2.35883045
v 0.497769922 0.0728486031 2.42406893
v 1.53066373 0.393000096 2.78977776
v 1.55539572 0.364762932 2.73357654
v 0.577663004 0.0943484306 2.24234557
v 0.158099085 -0.175995111 2.36655474
v 0.191014349 -0.22511977 2.41704655
v 0.497769922 0.0728486031 2.42406893
v 0.161751598 -0.199225023 2.44410205
v 1.97369671 0.588650167 2.51012135
v 1.54913175 0.397063792 2.61436915
v 0.11391791 0.0342934281 2.14361739
v 0.600232482 0.205095321 1.83999431
v 0.925715327 0.301169515 2.39559388
v 0.307686388 0.0312679969 1.89954269
v 1.531389 0.473869175 2.34079909
v 1.50036919 0.605010986 1.86575818
v 0.925715327 0.301169515 2.39559388
v 2.14876652 0.981082201 1.36916161
v 2.01759219 0.723544896 2.21092868
v 2.11090255 0.607524097 2.45490789
v 2.91294861 1.0560776 1.20725954
v 1.04413927 0.130756348 3.02848411
v 1.05454075 0.108635746 3.00732565
v 1.09748542 0.0640939921 3.04298353
v 1.02257693 0.174058929 2.97782922
v 1.04606831 0.131055906 2.93283868
v 1.01733971 0.113746002 3.03329349
v 1.09748542 0.0640939921 3.04298353
v 1.02869511 0.0940418988 3.01253676
v 0.971390963 0.157399684 2.95083499
v 0.999767601 0.119491823 2.92035246
v 1.04606831 0.131055906 2.93283868
v 1.05454075 0.108635746 3.00732565
v 1.02869511 0.0940418988 3.01253676
v 1.09748542 0.0640939921 3.04298353
v 0.971390963 0.157399684 2.95083499
v 1.01733971 0.113746002 3.03329349
v 1.02257693 0.174058929 2.97782922
v 1.04413927 0.130756348 3.02848411
v 1.18697464 0.222325891 3.01016808
v 1.19742703 0.185140714 2.99505401
v 1.28065085 0.207007006 3.00749087
v 1.11310816 0.240943238 2.90169549
v 1.12368011 0.18811433 2.88439178
v 1.06675994 0.210204184 2.94613647
v 1.15484238 0.202188596 3.04341984
v 1.28065085 0.207007006 3.00749087
v 1.16589355 0.16807957 3.02472615
v 1.19742703 0.185140714 2.99505401
v 1.12368011 0.18811433 2.88439178
v 1.08518839 0.161781505 2.92434144
v 0.938420773 0.153900146 2.90648603
v 0.956408143 0.121294364 2.88642716
v 0.919587553 0.0545387268 2.98968291
v 0.903310835 0.144467935 2.86461377
v 0.919587553 0.0545387268 2.98968291
v 0.919587553 0.0545387268 2.98968291
v 0.919354558 0.119952798 2.8544426
v 0.956408143 0.121294364 2.88642716
v 0.919587553 0.0545387268 2.98968291
v 0.307686388 0.0312679969 1.89954269
v 0.11391791 0.0342934281 2.14361739
v 0.864814579 0.141698077 2.78963518
v 0.881046891 0.107753113 2.77352047
v 0.829127252 0.0531519726 2.87314701
v 0.881046891 0.107753113 2.77352047
v 0.845748484 0.107750669 2.73759222
v 0.829127252 0.0531519726 2.87314701
v 0.829127252 0.0531519726 2.87314701
v 0.829704881 0.132265925 2.7477634
v 0.864814579 0.141698077 2.78963518
v 0.829127252 0.0531519726 2.87314701
v 0.788031816 0.146182016 2.70918155
v 0.804264307 0.112237059 2.69306707
v 0.759769738 0.0654601529 2.78559327
v 0.804264307 0.112237059 2.69306707
v 0.768965721 0.112234607 2.65713882
v 0.759769738 0.0654601529 2.78559327
v 0.759769738 0.0654601529 2.78559327
v 0.752922177 0.136749864 2.66730976
v 0.788031816 0.146182016 2.70918155
v 0.759769738 0.0654601529 2.78559327
v 0.704789996 0.14132233 2.62609148
v 0.721022487 0.10737744 2.60997677
v 0.673143148 0.0607977994 2.69518709
v 0.669680476 0.131890252 2.58421969
v 0.673143148 0.0607977994 2.69518709
v 0.673143148 0.0607977994 2.69518709
v 0.685724139 0.107375048 2.574049
v 0.721022487 0.10737744 2.60997677
v 0.673143148 0.0607977994 2.69518709
v -0.497769922 0.0728486031 2.42406893
v -0.164166734 -0.0352027044 2.45273519
v -0.161751598 -0.199225023 2.44410205
v -0.452095091 0.176205873 2.39737201
v -0.587823987 0.201304361 2.45252013
v -0.578084767 0.105296202 2.47083259
v -0.972936809 0.222700328 2.99498534
v -1.00336337 0.134892315 2.99404502
v -0.951967657 0.332202762 2.80800867
v -1.06486309 0.307215542 2.98501754
v -0.598695815 0.21521312 2.26108003
v -0.146883428 0.0469540209 2.33551359
v -0.0595704839 -0.0889555067 2.37052488
v -0.0732249692 -0.169048309 2.41173697
v -0.452095091 0.176205873 2.39737201
v -0.161751598 -0.199225023 2.44410205
v -0.105305523 -0.205562741 2.43624163
v -1.49777615 0.534476459 2.6331737
v -1.50420129 0.485101968 2.77014303
v -1.10656857 0.174235001 2.9782784
v -1.97369671 0.588650167 2.51012135
v -1.53066373 0.393000096 2.78977776
v -1.10656857 0.174235001 2.9782784
v -0.11391791 0.0342934281 2.14361739
v -0.0547797829 -0.0888794288 2.2235136
v -0.11391791 0.0342934281 2.14361739
v -0.307686388 0.0312679969 1.89954269
v -2.02822924 0.774414361 2.17221785
v -2.11090255 0.610567212 2.45490789
v -2.91294861 1.07227433 1.20725954
v -2.14876699 0.997279167 1.36916161
v -1.50036895 0.621207893 1.8657583
v -1.49889708 0.573328555 2.30147743
v -0.925715327 0.301169515 2.39559388
v -0.600232482 0.205095321 1.83999431
v -0.164166734 -0.0352027044 2.45273519
v -0.452095091 0.176205873 2.39737201
v -0.0573936626 -0.199687719 2.37199163
v -1.13878584 0.139618263 2.90768147
v -1.03308594 0.104464911 2.91771698
v -1.00781786 0.112028919 2.84550071
v -1.10656857 0.174235001 2.9782784
v -1.00336337 0.134892315 2.99404502
v -0.629033744 0.0281051919 2.41157985
v -0.578084767 0.105296202 2.47083259
v -0.533109486 0.0300349705 2.35883045
v -0.497769922 0.0728486031 2.42406893
v -1.53066373 0.393000096 2.78977776
v -1.55539572 0.364762932 2.73357654
v -0.577663004 0.0943484306 2.24234557
v -0.158099085 -0.175995111 2.36655474
v -0.191014349 -0.22511977 2.41704655
v -0.497769922 0.0728486031 2.42406893
v -0.161751598 -0.199225023 2.44410205
v -1.97369671 0.588650167 2.51012135
v -1.54913175 0.397063792 2.61436915
v -0.11391791 0.0342934281 2.14361739
v -0.600232482 0.205095321 1.83999431
v -0.925715327 0.301169515 2.39559388
v -0.307686388 0.0312679969 1.89954269
v -1.531389 0.473869175 2.34079909
v -1.50036919 0.605010986 1.86575818
v -0.925715327 0.301169515 2.39559388
v -2.14876652 0.981082201 1.36916161
v -2.01759219 0.723544896 2.21092868
v -2.11090255 0.607524097 2.45490789
v -2.91294861 1.0560776 1.20725954
v -1.04413927 0.130756348 3.02848411
v -1.09748542 0.0640939921 3.04298353
v -1.05454075 0.108635746 3.00732565
v -1.02257693 0.174058929 2.97782922
v -1.04606831 0.131055906 2.93283868
v -1.01733971 0.113746002 3.03329349
v -1.09748542 0.0640939921 3.04298353
v -1.02869511 0.0940418988 3.01253676
v -0.971390963 0.157399684 2.95083499
v -0.999767601 0.119491823 2.92035246
v -1.04606831 0.131055906 2.93283868
v -1.05454075 0.108635746 3.00732565
v -1.09748542 0.0640939921 3.04298353
v -1.02869511 0.0940418988 3.01253676
v -1.04413927 0.130756348 3.02848411
v -1.02257693 0.174058929 2.97782922
v -0.971390963 0.157399684 2.95083499
v -1.01733971 0.113746002 3.03329349
v -1.18697464 0.222325891 3.01016808
v -1.28065085 0.207007006 3.00749087
v -1.19742703 0.185140714 2.99505401
v -1.11310816 0.240943238 2.90169549
v -1.12368011 0.18811433 2.88439178
v -1.06675994 0.210204184 2.94613647
v -1.15484238 0.202188596 3.04341984
v -1.28065085 0.207007006 3.00749087
v -1.16589355 0.16807957 3.02472615
v -1.19742703 0.185140714 2.99505401
v -1.12368011 0.18811433 2.88439178
v -1.08518839 0.161781505 2.92434144
v -0.938420773 0.153900146 2.90648603
v -0.919587553 0.0545387268 2.98968291
v -0.956408143 0.121294364 2.88642716
v -0.903310835 0.144467935 2.86461377
v -0.919587553 0.0545387268 2.98968291
v -0.919587553 0.0545387268 2.98968291
v -0.919354558 0.119952798 2.8544426
v -0.956408143 0.121294364 2.88642716
v -0.919587553 0.0545387268 2.98968291
v -0.11391791 0.0342934281 2.14361739
v -0.307686388 0.0312679969 1.89954269
v -0.864814579 0.141698077 2.78963518
v -0.829127252 0.0531519726 2.87314701
v -0.881046891 0.107753113 2.77352047
v -0.881046891 0.107753113 2.77352047
v -0.829127252 0.0531519726 2.87314701
v -0.845748484 0.107750669 2.73759222
v -0.829127252 0.0531519726 2.87314701
v -0.829704881 0.132265925 2.7477634
v -0.829127252 0.0531519726 2.87314701
v -0.864814579 0.141698077 2.78963518
v -0.788031816 0.146182016 2.70918155
v -0.759769738 0.0654601529 2.78559327
v -0.804264307 0.112237059 2.69306707
v -0.804264307 0.112237059 2.69306707
v -0.759769738 0.0654601529 2.78559327
v -0.768965721 0.112234607 2.65713882
v -0.759769738 0.0654601529 2.78559327
v -0.752922177 0.136749864 2.66730976
v -0.759769738 0.0654601529 2.78559327
v -0.788031816 0.146182016 2.70918155
v -0.704789996 0.14132233 2.62609148
v -0.673143148 0.0607977994 2.69518709
v -0.721022487 0.10737744 2.60997677
v -0.669680476 0.131890252 2.58421969
v -0.673143148 0.0607977994 2.69518709
v -0.673143148 0.0607977994 2.69518709
v -0.685724139 0.107375048 2.574049
v -0.721022487 0.10737744 2.60997677
v -0.673143148 0.0607977994 2.69518709
vt 0.94500196 0.930229843
vt 0.941544294 0.893681467
vt 0.923547208 0.913236976
vt 0.959335983 0.907564104
vt 0.931945324 0.946564078
vt 0.913380682 0.923191249
vt 0.917783678 0.958514273
vt 0.903766274 0.935316682
vt 0.894658804 0.893608093
vt 0.90020299 0.872739673
vt 0.883435905 0.915686667
vt 0.938506186 0.869580388
vt 0.971496046 0.883248508
vt 0.935042202 0.850884259
vt 0.965208948 0.845846236
vt 0.895203114 0.851578236
vt 0.912546456 0.839045823
vt 0.929411173 0.830341578
vt 0.957782924 0.824496984
vt 0.984314084 0.830896437
vt 0.983349741 0.847058952
vt 0.981965184 0.806372046
vt 0.956628382 0.805978894
vt 0.987613797 0.791842639
vt 0.956335962 0.789986193
vt 0.972765565 0.77114594
vt 0.956263125 0.770110488
vt 0.965560794 0.739802003
vt 0.947995305 0.75001663
vt 0.938711464 0.731693029
vt 0.959367692 0.706861258
vt 0.93013674 0.718363225
vt 0.944155931 0.684375763
vt 0.911007285 0.707718432
vt 0.927019715 0.67823112
vt 0.896500468 0.68694067
vt 0.903312743 0.665662527
vt 0.883354962 0.687971711
vt 0.885962725 0.661559105
vt 0.904077053 0.736686468
vt 0.908373654 0.773255587
vt 0.885742366 0.716803253
vt 0.885742366 0.716803253
vt 0.916285574 0.79137212
vt 0.919763267 0.805983543
vt 0.872399628 0.774785876
vt 0.87096858 0.747948647
vt 0.874518514 0.79226768
vt 0.875730276 0.811110437
vt 0.879489064 0.829655528
vt 0.872712314 0.847633719
vt 0.867749095 0.864332855
vt 0.87439537 0.882395923
vt 0.866459608 0.903293908
vt 0.841294646 0.878601193
vt 0.833043039 0.857586324
vt 0.832713723 0.888750017
vt 0.844142795 0.848844469
vt 0.847925723 0.830388129
vt 0.847098827 0.811229885
vt 0.821090579 0.869127095
vt 0.814396858 0.853747725
vt 0.814636052 0.835743308
vt 0.812455237 0.821214318
vt 0.823717117 0.879265845
vt 0.829298794 0.898599803
vt 0.811966956 0.887413621
vt 0.85626173 0.914144099
vt 0.796360493 0.855968654
vt 0.792223573 0.843531013
vt 0.794993699 0.864859462
vt 0.788748503 0.871113122
vt 0.782142878 0.887048602
vt 0.791867137 0.8961941
vt 0.785663605 0.830156744
vt 0.794818699 0.815500557
vt 0.780024648 0.847848654
vt 0.780491233 0.838439226
vt 0.766244054 0.875840545
vt 0.77648139 0.856052279
vt 0.765274286 0.838071823
vt 0.769952178 0.831651688
vt 0.75309217 0.846905768
vt 0.757867575 0.840744793
vt 0.772270441 0.823756933
vt 0.772461355 0.81376487
vt 0.796235383 0.804925203
vt 0.819304824 0.813816786
vt 0.816589117 0.806802988
vt 0.796755493 0.798411191
vt 0.809944093 0.793808877
vt 0.841641545 0.797926784
vt 0.826125264 0.788541079
vt 0.853303254 0.796096921
vt 0.852560401 0.785330534
vt 0.852780342 0.763833284
vt 0.833985686 0.784779668
vt 0.842756212 0.752742827
vt 0.87035042 0.734543204
vt 0.885742366 0.716803253
vt 0.979756117 0.863961279
vt 0.773565054 0.80627656
vt 0.773169219 0.796470702
vt 0.744720519 0.798205137
vt 0.742786944 0.789048016
vt 0.743354976 0.805452883
vt 0.736750662 0.810372949
vt 0.717597187 0.785174668
vt 0.717597187 0.785174668
vt 0.736750662 0.810372949
vt 0.733664453 0.82587713
vt 0.72229588 0.811316371
vt 0.733664453 0.82587713
vt 0.77262336 0.792942226
vt 0.804144382 0.786095202
vt 0.672339201 0.0968480334
vt 0.632539034 0.0948928818
vt 0.647771537 0.11996384
vt 0.661631167 0.087523967
vt 0.689329088 0.118626751
vt 0.661013007 0.136590034
vt 0.624680698 0.0624842718
vt 0.665221393 0.0574487597
vt 0.631414533 0.0147483982
vt 0.673348784 0.022738846
vt 0.616077542 0.145615727
vt 0.634269118 0.158980623
vt 0.594153523 0.054710798
vt 0.586576402 0.0880485252
vt 0.610024154 0.0108051132
vt 0.579796374 0.0455510691
vt 0.588727117 0.012030717
vt 0.567174375 0.0701783448
vt 0.543505728 0.0604908168
vt 0.5376513 0.106561661
vt 0.535394549 0.0714044124
vt 0.551187515 0.041046042
vt 0.604458988 0.177619532
vt 0.620742381 0.190085977
vt 0.59679693 0.203593135
vt 0.582897305 0.201964542
vt 0.589600086 0.179065824
vt 0.610255599 0.213041067
vt 0.562188745 0.191318333
vt 0.56968981 0.207446709
vt 0.543340325 0.206478149
vt 0.554674268 0.213417456
vt 0.516651332 0.222523794
vt 0.613327086 0.236055791
vt 0.595135152 0.214988083
vt 0.577289343 0.211834103
vt 0.558960795 0.217917845
vt 0.541188478 0.235766888
vt 0.505517662 0.238178343
vt 0.52831912 0.259489119
vt 0.496909052 0.260406107
vt 0.493017644 0.281825393
vt 0.518913269 0.295528173
vt 0.487598926 0.312730879
vt 0.511745751 0.330280542
vt 0.474762172 0.355514228
vt 0.502049327 0.372513562
vt 0.468984663 0.29943046
vt 0.464924097 0.323037356
vt 0.472177714 0.277926028
vt 0.480054289 0.250066429
vt 0.491152018 0.225498274
vt 0.507424057 0.202801138
vt 0.472281426 0.164707229
vt 0.525046289 0.185720593
vt 0.495007426 0.147044569
vt 0.441883922 0.187399775
vt 0.551728308 0.168055564
vt 0.415961981 0.150606588
vt 0.407039255 0.17343159
vt 0.428780496 0.213758439
vt 0.396792203 0.206742048
vt 0.415480018 0.252055049
vt 0.480054289 0.250066429
vt 0.472177714 0.277926028
vt 0.388397217 0.243938491
vt 0.407619089 0.265809029
vt 0.38585037 0.257746011
vt 0.350883722 0.236700594
vt 0.350725889 0.252102286
vt 0.351086944 0.215135917
vt 0.3972691 0.190580949
vt 0.35131529 0.189330712
vt 0.407524288 0.282985657
vt 0.440577954 0.288549632
vt 0.409278393 0.33103174
vt 0.39161399 0.333866745
vt 0.386008441 0.276127011
vt 0.383720577 0.370084435
vt 0.349518776 0.371334046
vt 0.349943876 0.32816726
vt 0.411067545 0.362479627
vt 0.349359393 0.387548
vt 0.392057002 0.38395375
vt 0.348961234 0.427814305
vt 0.39805904 0.431988686
vt 0.433491021 0.395158798
vt 0.437685937 0.44349882
vt 0.348477453 0.476722598
vt 0.38917172 0.473846376
vt 0.348165601 0.508404672
vt 0.37999931 0.507471442
vt 0.41419208 0.479091257
vt 0.404007167 0.51278764
vt 0.432403177 0.501295686
vt 0.422089368 0.520422935
vt 0.461616158 0.509010613
vt 0.436552644 0.530889988
vt 0.462577909 0.468193263
vt 0.485219717 0.48465091
vt 0.461931825 0.401320457
vt 0.452879369 0.390230805
vt 0.478618115 0.396127909
vt 0.475639492 0.378899336
vt 0.47716248 0.436729789
vt 0.488206506 0.415183544
vt 0.495970607 0.454438835
vt 0.502120972 0.431068301
vt 0.502049327 0.372513562
vt 0.50019002 0.406631261
vt 0.502049327 0.372513562
vt 0.455304652 0.370447725
vt 0.433257908 0.321952164
vt 0.427893579 0.36010462
vt 0.464924097 0.323037356
vt 0.468984663 0.29943046
vt 0.455304652 0.370447725
vt 0.350481659 0.277075112
vt 0.308170974 0.333025008
vt 0.315351009 0.369399488
vt 0.290573776 0.329845876
vt 0.293306768 0.281850785
vt 0.314970106 0.27541554
vt 0.288162649 0.361253381
vt 0.306743026 0.383103579
vt 0.299791247 0.431012273
vt 0.265096694 0.393482625
vt 0.259945363 0.441732407
vt 0.307848394 0.473039836
vt 0.316350728 0.506835222
vt 0.28272897 0.477785468
vt 0.292240083 0.51167804
vt 0.264080435 0.499623418
vt 0.274011761 0.518952131
vt 0.23472032 0.506757021
vt 0.259344101 0.529129922
vt 0.234569192 0.465928257
vt 0.211605385 0.481933385
vt 0.236541182 0.399080276
vt 0.245810956 0.388171345
vt 0.219961092 0.393557668
vt 0.223280206 0.376390487
vt 0.22061187 0.434181213
vt 0.209997371 0.412419856
vt 0.201456368 0.451513708
vt 0.195771068 0.428025842
vt 0.197001979 0.369481355
vt 0.224619985 0.353025407
vt 0.188142762 0.327061862
vt 0.212633476 0.309992403
vt 0.198185727 0.4036313
vt 0.181659624 0.292171985
vt 0.207822829 0.278981954
vt 0.172954723 0.255948424
vt 0.204346523 0.257485002
vt 0.19616361 0.23508358
vt 0.160534874 0.231959447
vt 0.185324773 0.21920152
vt 0.143097356 0.213727593
vt 0.147476599 0.209313437
vt 0.158954948 0.202606425
vt 0.132569671 0.203010291
vt 0.140412986 0.187044933
vt 0.119466692 0.197228014
vt 0.113251299 0.174184158
vt 0.0984181836 0.172397181
vt 0.105525449 0.19854337
vt 0.0818604678 0.184496045
vt 0.0690024719 0.153065443
vt 0.0874872953 0.14012754
vt 0.0428027436 0.130000427
vt 0.0564426817 0.113688901
vt 0.0149263218 0.111361809
vt 0.0324314833 0.089993611
vt 0.0722727925 0.088951081
vt 0.0433564 0.0809205174
vt 0.0808868483 0.0567736663
vt 0.0404765829 0.0507709943
vt 0.0752937868 0.00889703631
vt 0.0331817195 0.0158785209
vt 0.111580186 0.0497571193
vt 0.118361875 0.0833090171
vt 0.0967634022 0.00547612272
vt 0.126128137 0.0409416072
vt 0.118010662 0.00721468963
vt 0.138138682 0.0658624545
vt 0.162013724 0.0567180999
vt 0.16681011 0.102878854
vt 0.169823498 0.0677796081
vt 0.154827639 0.0371188074
vt 0.143192858 0.010029614
vt 0.121763922 0.145853922
vt 0.151367083 0.164011925
vt 0.0940402523 0.119251229
vt 0.191511974 0.130144835
vt 0.191435322 0.112146556
vt 0.169823498 0.0677796081
vt 0.17768541 0.182236969
vt 0.194963872 0.199676499
vt 0.230889648 0.16231069
vt 0.208543688 0.144203708
vt 0.210787341 0.222699627
vt 0.260820687 0.185614422
vt 0.287457228 0.149290591
vt 0.295896232 0.172336563
vt 0.273417056 0.212231904
vt 0.305561364 0.205868974
vt 0.285963178 0.250780642
vt 0.221408397 0.247485846
vt 0.228743315 0.275497198
vt 0.313224584 0.243214205
vt 0.293552607 0.264682472
vt 0.315490514 0.257054836
vt 0.305429906 0.189728215
vt 0.260134995 0.286751211
vt 0.266782403 0.320292145
vt 0.271387696 0.358544409
vt 0.235100374 0.320747405
vt 0.231510535 0.297062606
vt 0.326759547 0.180548072
vt 0.322764754 0.168850631
vt 0.306186587 0.170496136
vt 0.306201518 0.146248102
vt 0.351639569 0.155599356
vt 0.351841301 0.136673123
vt 0.397240669 0.147240147
vt 0.400193721 0.123385057
vt 0.417680472 0.127699926
vt 0.352218121 0.104803085
vt 0.3801727 0.169542879
vt 0.396724701 0.171368614
vt 0.376029342 0.181166917
vt 0.454524577 0.130154341
vt 0.447704852 0.0998196527
vt 0.423537433 0.105474658
vt 0.484532744 0.125035897
vt 0.394995362 0.0947762132
vt 0.352359235 0.0901345983
vt 0.351498097 0.170500949
vt 0.351639569 0.155599356
vt 0.47641778 0.0925885886
vt 0.503473938 0.0847453102
vt 0.512801945 0.115328319
vt 0.535394549 0.0714044124
vt 0.51234138 0.133320704
vt 0.535394549 0.0714044124
vt 0.581694245 0.150545135
vt 0.60995698 0.124591634
vt 0.563478053 0.0142401401
vt 0.491152018 0.225498274
vt 0.376029342 0.181166917
vt 0.351498097 0.170500949
vt 0.326759547 0.180548072
vt 0.351639569 0.155599356
vt 0.351498097 0.170500949
vt 0.0918580145 0.207686707
vt 0.0882710814 0.230627164
vt 0.106944241 0.209979922
vt 0.124878764 0.20723246
vt 0.235100374 0.320747405
vt 0.231510535 0.297062606
vt 0.228743315 0.275497198
vt 0.221408397 0.247485846
vt 0.210787341 0.222699627
vt 0.243776754 0.368341357
vt 0.201396048 0.0817633644
vt 0.219473675 0.122411333
vt 0.22823967 0.0901333615
vt 0.169823498 0.0677796081
vt 0.256770253 0.0979084074
vt 0.24935326 0.128107548
vt 0.286231875 0.12633726
vt 0.280820966 0.104004554
vt 0.303818703 0.12232504
vt 0.309604555 0.0938612968
vt 0.243776754 0.368341357
vt 0.256195873 0.850741506
vt 0.23610653 0.862944603
vt 0.252111912 0.863911152
vt 0.230127379 0.882412255
vt 0.246925011 0.88465625
vt 0.2309113 0.901901305
vt 0.245160207 0.895832777
vt 0.240700319 0.913323045
vt 0.253442585 0.905612588
vt 0.257608831 0.893625498
vt 0.259027183 0.910495579
vt 0.266646028 0.899164379
vt 0.26535663 0.873837709
vt 0.276429802 0.879115701
vt 0.256195873 0.850741506
vt 0.236682519 0.843780577
vt 0.281774253 0.860836565
vt 0.232945785 0.924200535
vt 0.250192285 0.921652853
vt 0.242765263 0.931257427
vt 0.229098126 0.916580856
vt 0.218791768 0.933023036
vt 0.225899175 0.934897661
vt 0.242765263 0.931257427
vt 0.226112887 0.944018781
vt 0.219534621 0.927053392
vt 0.224587604 0.914370477
vt 0.221340373 0.89979881
vt 0.22336866 0.879156351
vt 0.229633197 0.86144191
vt 0.220442697 0.860704899
vt 0.215681896 0.878820598
vt 0.213607565 0.888742447
vt 0.213224813 0.903822064
vt 0.215784535 0.916890144
vt 0.208882198 0.895248652
vt 0.217786148 0.923836231
vt 0.219534621 0.927053392
vt 0.21670638 0.847459018
vt 0.20977746 0.858440042
vt 0.205127671 0.876096964
vt 0.203891233 0.887220323
vt 0.197549954 0.891920805
vt 0.204017743 0.897428513
vt 0.195953831 0.902987778
vt 0.20061855 0.90451479
vt 0.192657843 0.91416198
vt 0.198295519 0.913579226
vt 0.195930883 0.926111162
vt 0.200696513 0.921969354
vt 0.203722253 0.931180656
vt 0.20655416 0.929177523
vt 0.211917475 0.940363824
vt 0.212866828 0.931770682
vt 0.220318779 0.941523015
vt 0.219534621 0.927053392
vt 0.219543979 0.947737515
vt 0.226112887 0.944018781
vt 0.221351787 0.950502634
vt 0.209809497 0.943621457
vt 0.199439391 0.934491873
vt 0.188916966 0.927983165
vt 0.185985371 0.914612412
vt 0.187266693 0.901848257
vt 0.184075579 0.89145118
vt 0.193989083 0.874559164
vt 0.188768491 0.855637431
vt 0.178033248 0.873422682
vt 0.175755575 0.85270983
vt 0.189935192 0.935234964
vt 0.19580628 0.945243716
vt 0.17807503 0.912532389
vt 0.181346342 0.930586934
vt 0.181346342 0.930586934
vt 0.162803635 0.872140944
vt 0.181369886 0.892487466
vt 0.176507488 0.904200852
vt 0.167315051 0.853117049
vt 0.170499519 0.84061408
vt 0.157692 0.84280926
vt 0.14798288 0.854712963
vt 0.137536541 0.840803444
vt 0.155595496 0.825215995
vt 0.132968158 0.845012426
vt 0.142940506 0.859377563
vt 0.162803635 0.872140944
vt 0.156327739 0.876294315
vt 0.116029993 0.82464093
vt 0.12187767 0.819419086
vt 0.127188727 0.812993705
vt 0.155595496 0.825215995
vt 0.11145629 0.812872469
vt 0.103282824 0.807168245
vt 0.108056143 0.818112433
vt 0.115869924 0.798615575
vt 0.137325361 0.796976268
vt 0.150936469 0.80874896
vt 0.155595496 0.825215995
vt 0.132532865 0.791923344
vt 0.146096215 0.79248476
vt 0.105768755 0.788037658
vt 0.116254494 0.775719821
vt 0.103168696 0.800277054
vt 0.0991038233 0.772914708
vt 0.0920228511 0.790163994
vt 0.090419963 0.768750966
vt 0.0823045522 0.780458987
vt 0.0730666071 0.756470144
vt 0.0656387955 0.769776583
vt 0.0607275553 0.757262945
vt 0.0601522662 0.760864019
vt 0.0830991864 0.798991501
vt 0.103168696 0.800277054
vt 0.0736146271 0.788508236
vt 0.0656387955 0.769776583
vt 0.0570104308 0.777111173
vt 0.0825803131 0.756106496
vt 0.093737036 0.762254119
vt 0.0930538923 0.80889976
vt 0.0859024972 0.745160758
vt 0.0621458925 0.79694289
vt 0.0497119762 0.78405422
vt 0.053329844 0.766939402
vt 0.0974875242 0.741868138
vt 0.0767768472 0.819979608
vt 0.0893782228 0.820097864
vt 0.0784773082 0.824863315
vt 0.0996632129 0.809322
vt 0.103282824 0.807168245
vt 0.103168696 0.800277054
vt 0.104204297 0.829438508
vt 0.0886757523 0.829073548
vt 0.11407122 0.838858664
vt 0.133252665 0.864784479
vt 0.0936410725 0.839960337
vt 0.102948055 0.848923504
vt 0.0877506584 0.855589569
vt 0.0797948241 0.832338929
vt 0.0822474808 0.844141126
vt 0.110585794 0.859095693
vt 0.105298951 0.864307344
vt 0.0947429091 0.872141063
vt 0.117701247 0.871467412
vt 0.0979969651 0.884866178
vt 0.140426114 0.878528357
vt 0.125298008 0.881210089
vt 0.0979969651 0.884866178
vt 0.101091459 0.891618907
vt 0.141487643 0.889351726
vt 0.154980019 0.89151144
vt 0.166228935 0.900354266
vt 0.173159823 0.892810047
vt 0.162803635 0.872140944
vt 0.176507488 0.904200852
vt 0.128011078 0.890159667
vt 0.11939086 0.900577307
vt 0.139580175 0.920567811
vt 0.15518491 0.922066629
vt 0.139580175 0.920567811
vt 0.171846077 0.917695463
vt 0.172099993 0.906332672
vt 0.154245362 0.93834132
vt 0.139580175 0.920567811
vt 0.154245362 0.93834132
vt 0.181346342 0.930586934
vt 0.173292503 0.929827154
vt 0.181346342 0.930586934
vt 0.173702404 0.932942569
vt 0.171846077 0.917695463
vt 0.172956571 0.951848567
vt 0.177659079 0.941029251
vt 0.173292503 0.929827154
vt 0.172956571 0.951848567
vt 0.177659079 0.941029251
vt 0.155595496 0.825215995
vt 0.170499519 0.84061408
vt 0.150936469 0.80874896
vt 0.155595496 0.825215995
vt 0.188768491 0.855637431
vt 0.170499519 0.84061408
vt 0.162252113 0.808901489
vt 0.048070509 0.759945571
vt 0.0601522662 0.760864019
vt 0.0607275553 0.757262945
vt 0.053329844 0.766939402
vt 0.0441295393 0.773006082
vt 0.040966142 0.768755853
vt 0.0331478007 0.752034843
vt 0.0316978581 0.759488821
vt 0.040966142 0.768755853
vt 0.102909818 0.767109096
vt 0.0991038233 0.772914708
vt 0.145052835 0.764022529
vt 0.130214363 0.753208935
vt 0.117552951 0.747876287
vt 0.102909818 0.767109096
vt 0.0832905546 0.73656249
vt 0.0914220661 0.732698441
vt 0.0762627497 0.718732595
vt 0.0748581141 0.725194752
vt 0.0531687662 0.711772263
vt 0.0727170408 0.730515957
vt 0.0780791119 0.739358008
vt 0.0748581141 0.725194752
vt 0.0832905546 0.73656249
vt 0.0974875242 0.741868138
vt 0.0859024972 0.745160758
vt 0.093737036 0.762254119
vt 0.0825803131 0.756106496
vt 0.090419963 0.768750966
vt 0.0730666071 0.756470144
vt 0.0823045522 0.780458987
vt 0.0920228511 0.790163994
vt 0.0991038233 0.772914708
vt 0.103168696 0.800277054
vt 0.105768755 0.788037658
vt 0.0656387955 0.769776583
vt 0.0607275553 0.757262945
vt 0.0601522662 0.760864019
vt 0.0830991864 0.798991501
vt 0.103168696 0.800277054
vt 0.0736146271 0.788508236
vt 0.0656387955 0.769776583
vt 0.0570104308 0.777111173
vt 0.115869924 0.798615575
vt 0.132532865 0.791923344
vt 0.137325361 0.796976268
vt 0.127188727 0.812993705
vt 0.150936469 0.80874896
vt 0.155595496 0.825215995
vt 0.103282824 0.807168245
vt 0.11145629 0.812872469
vt 0.12187767 0.819419086
vt 0.137536541 0.840803444
vt 0.155595496 0.825215995
vt 0.116029993 0.82464093
vt 0.108056143 0.818112433
vt 0.132968158 0.845012426
vt 0.14798288 0.854712963
vt 0.157692 0.84280926
vt 0.155595496 0.825215995
vt 0.142940506 0.859377563
vt 0.167315051 0.853117049
vt 0.170499519 0.84061408
vt 0.175755575 0.85270983
vt 0.162803635 0.872140944
vt 0.178033248 0.873422682
vt 0.188768491 0.855637431
vt 0.193989083 0.874559164
vt 0.20977746 0.858440042
vt 0.21670638 0.847459018
vt 0.220442697 0.860704899
vt 0.236682519 0.843780577
vt 0.229633197 0.86144191
vt 0.23610653 0.862944603
vt 0.256195873 0.850741506
vt 0.22336866 0.879156351
vt 0.230127379 0.882412255
vt 0.252111912 0.863911152
vt 0.256195873 0.850741506
vt 0.246925011 0.88465625
vt 0.2309113 0.901901305
vt 0.245160207 0.895832777
vt 0.240700319 0.913323045
vt 0.253442585 0.905612588
vt 0.257608831 0.893625498
vt 0.259027183 0.910495579
vt 0.266646028 0.899164379
vt 0.26535663 0.873837709
vt 0.276429802 0.879115701
vt 0.281774253 0.860836565
vt 0.232945785 0.924200535
vt 0.250192285 0.921652853
vt 0.242765263 0.931257427
vt 0.229098126 0.916580856
vt 0.218791768 0.933023036
vt 0.225899175 0.934897661
vt 0.242765263 0.931257427
vt 0.226112887 0.944018781
vt 0.219534621 0.927053392
vt 0.224587604 0.914370477
vt 0.221340373 0.89979881
vt 0.213607565 0.888742447
vt 0.215681896 0.878820598
vt 0.213224813 0.903822064
vt 0.215784535 0.916890144
vt 0.208882198 0.895248652
vt 0.217786148 0.923836231
vt 0.219534621 0.927053392
vt 0.205127671 0.876096964
vt 0.203891233 0.887220323
vt 0.197549954 0.891920805
vt 0.204017743 0.897428513
vt 0.195953831 0.902987778
vt 0.20061855 0.90451479
vt 0.192657843 0.91416198
vt 0.198295519 0.913579226
vt 0.195930883 0.926111162
vt 0.200696513 0.921969354
vt 0.203722253 0.931180656
vt 0.20655416 0.929177523
vt 0.211917475 0.940363824
vt 0.212866828 0.931770682
vt 0.220318779 0.941523015
vt 0.219534621 0.927053392
vt 0.219543979 0.947737515
vt 0.226112887 0.944018781
vt 0.221351787 0.950502634
vt 0.209809497 0.943621457
vt 0.199439391 0.934491873
vt 0.188916966 0.927983165
vt 0.185985371 0.914612412
vt 0.187266693 0.901848257
vt 0.184075579 0.89145118
vt 0.189935192 0.935234964
vt 0.19580628 0.945243716
vt 0.181346342 0.930586934
vt 0.181346342 0.930586934
vt 0.17807503 0.912532389
vt 0.176507488 0.904200852
vt 0.181369886 0.892487466
vt 0.173159823 0.892810047
vt 0.185570762 0.946327925
vt 0.197480962 0.95703429
vt 0.180383012 0.956508338
vt 0.176507488 0.904200852
vt 0.211212739 0.951235235
vt 0.221351787 0.950502634
vt 0.156327739 0.876294315
vt 0.162803635 0.872140944
vt 0.140426114 0.878528357
vt 0.133252665 0.864784479
vt 0.11407122 0.838858664
vt 0.104204297 0.829438508
vt 0.0996632129 0.809322
vt 0.0893782228 0.820097864
vt 0.0886757523 0.829073548
vt 0.0936410725 0.839960337
vt 0.102948055 0.848923504
vt 0.0877506584 0.855589569
vt 0.0797948241 0.832338929
vt 0.0822474808 0.844141126
vt 0.110585794 0.859095693
vt 0.105298951 0.864307344
vt 0.0947429091 0.872141063
vt 0.117701247 0.871467412
vt 0.0979969651 0.884866178
vt 0.125298008 0.881210089
vt 0.0979969651 0.884866178
vt 0.101091459 0.891618907
vt 0.128011078 0.890159667
vt 0.141487643 0.889351726
vt 0.154980019 0.89151144
vt 0.166228935 0.900354266
vt 0.176507488 0.904200852
vt 0.11939086 0.900577307
vt 0.139580175 0.920567811
vt 0.15518491 0.922066629
vt 0.139580175 0.920567811
vt 0.171846077 0.917695463
vt 0.172099993 0.906332672
vt 0.154245362 0.93834132
vt 0.139580175 0.920567811
vt 0.154245362 0.93834132
vt 0.181346342 0.930586934
vt 0.173292503 0.929827154
vt 0.171846077 0.917695463
vt 0.172956571 0.951848567
vt 0.181346342 0.930586934
vt 0.173702404 0.932942569
vt 0.177659079 0.941029251
vt 0.173292503 0.929827154
vt 0.177659079 0.941029251
vt 0.172956571 0.951848567
vt 0.132532865 0.791923344
vt 0.150936469 0.80874896
vt 0.176507488 0.904200852
vt 0.173702404 0.932942569
vt 0.178945139 0.938959718
vt 0.181280717 0.940362334
vt 0.181346342 0.930586934
vt 0.185570762 0.946327925
vt 0.185570762 0.946327925
vt 0.197480962 0.95703429
vt 0.180383012 0.956508338
vt 0.211212739 0.951235235
vt 0.221351787 0.950502634
vt 0.177659079 0.941029251
vt 0.185570762 0.946327925
vt 0.172956571 0.951848567
vt 0.180383012 0.956508338
vt 0.145052835 0.764022529
vt 0.146096215 0.79248476
vt 0.146004722 0.764207006
vt 0.204459086 0.901536167
vt 0.208209559 0.906582236
vt 0.208985016 0.913812041
vt 0.208393559 0.922287107
vt 0.209590927 0.927513659
vt 0.20379661 0.906257212
vt 0.201951638 0.91397655
vt 0.203881487 0.920466423
vt 0.209590927 0.927513659
vt 0.209590927 0.927513659
vt 0.0877506584 0.855589569
vt 0.0822474808 0.844141126
vt 0.172099993 0.906332672
vt 0.176507488 0.904200852
vt 0.414108098 0.930050969
vt 0.417971671 0.949928284
vt 0.423158169 0.950279534
vt 0.428173453 0.958201289
vt 0.42877993 0.947277844
vt 0.417279631 0.959735811
vt 0.42877993 0.947277844
vt 0.428173453 0.958201289
vt 0.437295973 0.95530802
vt 0.444671094 0.946296573
vt 0.431012541 0.940484643
vt 0.414108098 0.930050969
vt 0.431012541 0.940484643
vt 0.417971671 0.949928284
vt 0.414978266 0.949820757
vt 0.417279631 0.959735811
vt 0.408825159 0.96320045
vt 0.0268203467 0.797570348
vt 0.0294586718 0.814468384
vt 0.0343512148 0.808896422
vt 0.039104566 0.819991946
vt 0.0420548916 0.816401839
vt 0.0459061861 0.813401103
vt 0.0403880775 0.804330349
vt 0.0617720485 0.831834316
vt 0.0379719138 0.824351072
vt 0.0617720485 0.831834316
vt 0.0376619399 0.826295018
vt 0.0263176709 0.824530125
vt 0.0263690203 0.819464803
vt 0.0200680941 0.807922244
vt 0.0268203467 0.797570348
vt 0.0156216323 0.817719102
vt 0.0108676851 0.828288078
vt 0.0368402898 0.789336801
vt 0.0343512148 0.808896422
vt 0.0268203467 0.797570348
vt 0.133322984 0.965987861
vt 0.128946781 0.950939119
vt 0.121960372 0.959461808
vt 0.13710475 0.959603488
vt 0.145243347 0.973735392
vt 0.148177207 0.970597625
vt 0.144815058 0.9781546
vt 0.129113391 0.969095588
vt 0.113401458 0.965073645
vt 0.121960372 0.959461808
vt 0.104020849 0.968885899
vt 0.125447646 0.975361407
vt 0.142606497 0.980941653
vt 0.142354578 0.98544246
vt 0.12538965 0.984807849
vt 0.11377421 0.9881019
vt 0.0995478183 0.979630113
vt 0.158363163 0.982676983
vt 0.158363163 0.982676983
vt 0.794862986 0.313021719
vt 0.785697758 0.301442593
vt 0.781930506 0.305289537
vt 0.780574799 0.310168564
vt 0.766328573 0.2996535
vt 0.770415306 0.293624073
vt 0.783197582 0.283216298
vt 0.78994149 0.300494909
vt 0.794862986 0.313021719
vt 0.783197582 0.283216298
vt 0.776334226 0.290030569
vt 0.770415306 0.293624073
vt 0.785697758 0.301442593
vt 0.233209223 0.602139652
vt 0.242397621 0.62054497
vt 0.246565446 0.612295151
vt 0.227370888 0.614972353
vt 0.242762133 0.626218379
vt 0.228053585 0.623349011
vt 0.242908701 0.630927265
vt 0.227435216 0.635831356
vt 0.24264057 0.63669163
vt 0.227231532 0.643679857
vt 0.251658648 0.606829405
vt 0.239735648 0.594100356
vt 0.259440511 0.626094759
vt 0.262982279 0.620960712
vt 0.258434862 0.629634321
vt 0.257775515 0.632631719
vt 0.25799492 0.636695325
vt 0.265161186 0.616476536
vt 0.283217996 0.635024726
vt 0.283217996 0.635024726
vt 0.794862986 0.313021719
vt 0.794318914 0.299213946
vt 0.78994149 0.300494909
vt 0.7951563 0.282591552
vt 0.78994149 0.300494909
vt 0.7951563 0.282591552
vt 0.783197582 0.283216298
vt 0.0161993876 0.93619293
vt 0.0309527293 0.917339921
vt 0.0143495575 0.925237715
vt 0.0356241986 0.922414899
vt 0.052342467 0.909347594
vt 0.0387404785 0.926276863
vt 0.0220717117 0.941511333
vt 0.0161993876 0.93619293
vt 0.0143495575 0.925237715
vt 0.0293704197 0.913497925
vt 0.052342467 0.909347594
vt 0.0434284285 0.931768119
vt 0.0330559835 0.944290876
vt 0.0220717117 0.941511333
vt 0.0143495575 0.925237715
vt 0.0155669674 0.919939339
vt 0.0859024972 0.745160758
vt 0.0780791119 0.739358008
vt 0.0785140023 0.74591136
vt 0.0780791119 0.739358008
vt 0.657673657 0.377781808
vt 0.675048232 0.363693148
vt 0.65796721 0.361191779
vt 0.646498084 0.38261205
vt 0.644359469 0.358936816
vt 0.627529263 0.382499844
vt 0.625053763 0.357890129
vt 0.60773021 0.383610368
vt 0.604501843 0.361754775
vt 0.589938641 0.365582883
vt 0.592899024 0.381535143
vt 0.573148787 0.369321585
vt 0.577407002 0.380484819
vt 0.643885136 0.342158347
vt 0.656797945 0.34437117
vt 0.675048232 0.363693148
vt 0.64258045 0.324736476
vt 0.657665431 0.325207382
vt 0.667861998 0.345649838
vt 0.675048232 0.363693148
vt 0.668457806 0.328510761
vt 0.588802934 0.349382997
vt 0.602824986 0.347249895
vt 0.576815784 0.350004107
vt 0.57864207 0.330221027
vt 0.589859188 0.329655677
vt 0.604558289 0.328145891
vt 0.625120282 0.323449612
vt 0.624643564 0.343258828
vt 0.561642945 0.346749634
vt 0.557193935 0.363481551
vt 0.537671268 0.357064098
vt 0.563225329 0.327381819
vt 0.546645522 0.34012872
vt 0.537671268 0.357064098
vt 0.548751056 0.322965324
vt 0.590818048 0.308605909
vt 0.604858696 0.306473553
vt 0.576886117 0.308569551
vt 0.576595187 0.287846088
vt 0.593595624 0.285829663
vt 0.602646708 0.284216404
vt 0.62194705 0.275101602
vt 0.62326169 0.301045895
vt 0.639937937 0.302088588
vt 0.661030829 0.304204106
vt 0.673501551 0.308665544
vt 0.638159037 0.272938073
vt 0.662841618 0.285411537
vt 0.680817187 0.289645135
vt 0.574842155 0.277785391
vt 0.561767519 0.268401563
vt 0.655903101 0.263172567
vt 0.666709125 0.269526511
vt 0.649221897 0.253220916
vt 0.641452909 0.255855739
vt 0.680236042 0.272348881
vt 0.693484247 0.278044522
vt 0.685227811 0.267329365
vt 0.659433663 0.245644644
vt 0.673536777 0.256807029
vt 0.687650084 0.257320732
vt 0.670768797 0.234702274
vt 0.680051744 0.242898211
vt 0.650596261 0.225706115
vt 0.646947503 0.239037529
vt 0.641452909 0.255855739
vt 0.659433663 0.245644644
vt 0.662831545 0.221432567
vt 0.690172732 0.24440743
vt 0.682241201 0.217811078
vt 0.673563838 0.2175401
vt 0.68123877 0.224981889
vt 0.69159627 0.232565179
vt 0.68123877 0.224981889
vt 0.689248502 0.2236166
vt 0.68123877 0.224981889
vt 0.641452909 0.255855739
vt 0.642023921 0.240510061
vt 0.641058862 0.230384275
vt 0.627734065 0.22522755
vt 0.621457875 0.23244442
vt 0.561479092 0.30517298
vt 0.548411369 0.301671922
vt 0.561154366 0.283926964
vt 0.543100536 0.281515449
vt 0.542317033 0.264122069
vt 0.543387294 0.254585236
vt 0.548923612 0.432146937
vt 0.563757837 0.445255935
vt 0.569491506 0.432767004
vt 0.545149922 0.443061322
vt 0.559151053 0.468609512
vt 0.540420234 0.465093791
vt 0.525228798 0.432832837
vt 0.519957185 0.459901363
vt 0.556470811 0.497977763
vt 0.536299765 0.494517088
vt 0.556470811 0.497977763
vt 0.517208278 0.490277499
vt 0.5338732 0.522920012
vt 0.518161654 0.520127118
vt 0.552229404 0.528793633
vt 0.546752751 0.54895699
vt 0.531270742 0.541555643
vt 0.516473413 0.539676785
vt 0.531270742 0.541555643
vt 0.546752751 0.54895699
vt 0.561134279 0.556994975
vt 0.552229404 0.528793633
vt 0.582355917 0.542992651
vt 0.561134279 0.556994975
vt 0.579892397 0.562243521
vt 0.600330174 0.562544465
vt 0.617744982 0.541554451
vt 0.582015514 0.510194063
vt 0.615832686 0.52280277
vt 0.636623561 0.541561604
vt 0.637146056 0.52246052
vt 0.611143589 0.490039349
vt 0.634367704 0.486868143
vt 0.612230778 0.466060579
vt 0.634696484 0.463447273
vt 0.616175711 0.43950066
vt 0.636242151 0.437226236
vt 0.660226464 0.460240901
vt 0.659969568 0.442104876
vt 0.581844509 0.456810057
vt 0.58952868 0.442452043
vt 0.599634647 0.432987571
vt 0.569491506 0.432767004
vt 0.563757837 0.445255935
vt 0.6599828 0.482271194
vt 0.661465168 0.508814394
vt 0.688193917 0.474609196
vt 0.682918847 0.443074703
vt 0.67817241 0.436469257
vt 0.702584743 0.440237641
vt 0.714690626 0.465898722
vt 0.702584743 0.440237641
vt 0.690163851 0.500726998
vt 0.725280225 0.496424824
vt 0.659279764 0.537143648
vt 0.656371713 0.554101586
vt 0.634821236 0.554348171
vt 0.617192745 0.558352232
vt 0.693296075 0.532430649
vt 0.730406642 0.527128458
vt 0.713577211 0.549359858
vt 0.69592762 0.551808119
vt 0.676665127 0.556156158
vt 0.686534107 0.569065213
vt 0.672974288 0.571414351
vt 0.679234087 0.57605356
vt 0.70560503 0.562884986
vt 0.715828419 0.568718135
vt 0.718774915 0.566754758
vt 0.725665569 0.556222856
vt 0.728788197 0.546465397
vt 0.725665569 0.556222856
vt 0.722096205 0.56633085
vt 0.700781882 0.575487912
vt 0.696712971 0.575597823
vt 0.686534107 0.569065213
vt 0.594559371 0.577076614
vt 0.584229052 0.573743403
vt 0.584229052 0.573743403
vt 0.573473871 0.574884176
vt 0.571464837 0.58513844
vt 0.573473871 0.574884176
vt 0.563301563 0.567566752
vt 0.551035821 0.573136747
vt 0.563301563 0.567566752
vt 0.553714573 0.575433075
vt 0.636242151 0.437226236
vt 0.624549091 0.432213485
vt 0.599634647 0.432987571
vt 0.582557201 0.483009905
vt 0.695275962 0.36032927
vt 0.692351937 0.385940671
vt 0.692351937 0.385940671
vt 0.675076842 0.399496853
vt 0.656853497 0.40543139
vt 0.632615328 0.409638375
vt 0.612551451 0.405999303
vt 0.590584159 0.400221437
vt 0.574317336 0.394033372
vt 0.560459256 0.385948449
vt 0.535910726 0.376420587
vt 0.716299772 0.286979645
vt 0.737785041 0.296840906
vt 0.733089983 0.284100711
vt 0.722658873 0.302892327
vt 0.737785041 0.296840906
vt 0.703903496 0.296153843
vt 0.711946845 0.308979422
vt 0.693441749 0.306447864
vt 0.702830434 0.315787703
vt 0.688603938 0.324041665
vt 0.693390906 0.326213062
vt 0.734439552 0.328237385
vt 0.729739547 0.336720228
vt 0.722490013 0.338602811
vt 0.713443339 0.34320268
vt 0.693390906 0.326213062
vt 0.737334132 0.356583983
vt 0.734018087 0.360702187
vt 0.74059695 0.354105443
vt 0.74459511 0.351280898
vt 0.749949872 0.348843336
vt 0.74201262 0.323232055
vt 0.737785041 0.296840906
vt 0.755303979 0.348444134
vt 0.750141799 0.324086547
vt 0.748976529 0.300283223
vt 0.748107433 0.283322811
vt 0.737785041 0.296840906
vt 0.752948582 0.368000627
vt 0.752948582 0.368000627
vt 0.752948582 0.368000627
vt 0.752948582 0.368000627
vt 0.752948582 0.368000627
vt 0.748976529 0.300283223
vt 0.752260566 0.297438711
vt 0.108158059 0.33981365
vt 0.086947754 0.34849149
vt 0.0941491798 0.352336079
vt 0.0941597 0.334475935
vt 0.0630677491 0.322259367
vt 0.0631483048 0.334443271
vt 0.0814732909 0.357761472
vt 0.0591209009 0.342963725
vt 0.0502907634 0.327611417
vt 0.0532867014 0.320071876
vt 0.0687540472 0.316511363
vt 0.0941597 0.334475935
vt 0.0981533974 0.32330817
vt 0.0545311421 0.314951271
vt 0.0698743537 0.307157248
vt 0.0981533974 0.32330817
vt 0.0973742902 0.30664438
vt 0.0706028566 0.297804177
vt 0.0967156962 0.294470698
vt 0.0556563437 0.307476282
vt 0.0563036092 0.299401641
vt 0.0463190041 0.334492564
vt 0.0156625099 0.306310117
vt 0.0156625099 0.306310117
vt 0.402643889 0.578745663
vt 0.388417482 0.586484492
vt 0.394471824 0.590529025
vt 0.402643889 0.578745663
vt 0.395541161 0.575415015
vt 0.406277239 0.56547451
vt 0.368270934 0.567944884
vt 0.364939004 0.572427988
vt 0.382550299 0.594586313
vt 0.394471824 0.590529025
vt 0.36242789 0.575065255
vt 0.37355876 0.600106001
vt 0.358668089 0.578904748
vt 0.369633108 0.562739909
vt 0.39701277 0.562463641
vt 0.368342131 0.556766212
vt 0.39339444 0.552615762
vt 0.341661185 0.556626678
vt 0.341661185 0.556626678
vt 0.394471824 0.590529025
vt 0.390245706 0.602148354
vt 0.390245706 0.602148354
vt 0.37355876 0.600106001
vt 0.37249741 0.602999032
vt 0.406277239 0.56547451
vt 0.39701277 0.562463641
vt 0.181140095 0.546982288
vt 0.212508336 0.546147108
vt 0.210699335 0.540817022
vt 0.181462094 0.559077144
vt 0.213740394 0.552927017
vt 0.187024191 0.570214868
vt 0.216957375 0.561781764
vt 0.192158535 0.580483854
vt 0.224112228 0.566617668
vt 0.204919636 0.584192216
vt 0.247203857 0.53850168
vt 0.247203857 0.53850168
vt 0.208987102 0.534592092
vt 0.181021854 0.536335945
vt 0.181140095 0.546982288
vt 0.650596261 0.225706115
vt 0.641058862 0.230384275
vt 0.571464837 0.58513844
vt 0.575291693 0.586740196
vt 0.584229052 0.573743403
vt 0.692351937 0.385940671
vt 0.675076842 0.399496853
vt 0.272954077 0.595099568
vt 0.274132013 0.582086682
vt 0.264337867 0.586738646
vt 0.280353636 0.593601763
vt 0.284870148 0.577697814
vt 0.266506672 0.565048158
vt 0.275692165 0.564877629
vt 0.282901704 0.561102927
vt 0.279992312 0.544182539
vt 0.280353636 0.593601763
vt 0.285636902 0.593618035
vt 0.284870148 0.577697814
vt 0.29735598 0.592104852
vt 0.304057717 0.582749486
vt 0.285636902 0.593618035
vt 0.296918869 0.562568963
vt 0.282901704 0.561102927
vt 0.279992312 0.544182539
vt 0.0379959643 0.3631908
vt 0.0553631969 0.380453527
vt 0.0583490916 0.373396724
vt 0.0325039327 0.37984553
vt 0.0533143468 0.389876425
vt 0.0312611796 0.388649374
vt 0.035983786 0.413958162
vt 0.0576840006 0.405903846
vt 0.0837720782 0.389349222
vt 0.0130623784 0.376919627
vt 0.018573394 0.350897104
vt 0.0478161797 0.355149955
vt 0.0312611796 0.388649374
vt 0.0232050344 0.396839708
vt 0.0232050344 0.396839708
vt 0.0252880715 0.419126183
vt 0.0495076627 0.954048693
vt 0.0635694414 0.955100715
vt 0.0564468503 0.946972787
vt 0.0504180938 0.963229895
vt 0.0709591359 0.963309526
vt 0.0528679639 0.973362148
vt 0.0752945393 0.940893531
vt 0.0793026537 0.94906944
vt 0.0851076692 0.954726517
vt 0.0907163471 0.967607558
vt 0.0994370729 0.944750667
vt 0.0774623305 0.982067943
vt 0.0675230771 0.983835697
vt 0.0994370729 0.944750667
vt 0.0278775245 0.986578226
vt 0.0168751329 0.953246653
vt 0.0528679639 0.973362148
vt 0.0675230771 0.983835697
vt 0.623248875 0.776250541
vt 0.600850403 0.758485258
vt 0.618176997 0.789574862
vt 0.623248875 0.776250541
vt 0.648198843 0.78726691
vt 0.642676413 0.779441774
vt 0.618176997 0.789574862
vt 0.569958091 0.802884519
vt 0.597974181 0.818294466
vt 0.571970522 0.795069396
vt 0.571970522 0.795069396
vt 0.603123128 0.790435851
vt 0.573193848 0.787971556
vt 0.578669608 0.773150623
vt 0.55169791 0.784568906
vt 0.561423421 0.793384671
vt 0.561423421 0.793384671
vt 0.55169791 0.784568906
vt 0.542085946 0.818836451
vt 0.642676413 0.779441774
vt 0.648198843 0.78726691
vt 0.668908954 0.759783745
vt 0.0312611796 0.388649374
vt 0.0252880715 0.419126183
vt 0.035983786 0.413958162
vt 0.167512 0.403496712
vt 0.15965277 0.435835481
vt 0.18132256 0.429279983
vt 0.148360759 0.402922601
vt 0.178910002 0.477138638
vt 0.133623481 0.444990009
vt 0.126953512 0.415840358
vt 0.109743915 0.455942005
vt 0.102654286 0.425952852
vt 0.133326828 0.489450216
vt 0.148308799 0.483022213
vt 0.15708448 0.499895483
vt 0.170711517 0.501352489
vt 0.122215249 0.498589307
vt 0.0886990651 0.468143374
vt 0.13927272 0.51384151
vt 0.0786969811 0.49029392
vt 0.0480036438 0.482518852
vt 0.0400114097 0.50760287
vt 0.0692909062 0.513905585
vt 0.109356679 0.52623117
vt 0.114126839 0.510671914
vt 0.127188295 0.533142686
vt 0.027387239 0.532287061
vt 0.0610716864 0.542420268
vt 0.106068976 0.549288154
vt 0.130250216 0.546272099
vt 0.0478125513 0.454969704
vt 0.153697371 0.526646376
vt 0.0424382091 0.485453844
vt 0.0421427935 0.457784653
vt 0.0480036438 0.482518852
vt 0.0347857885 0.510801315
vt 0.0400114097 0.50760287
vt 0.027387239 0.532287061
vt 0.0790553465 0.415068507
vt 0.0844216421 0.443315864
vt 0.0783696324 0.447532058
vt 0.0802890211 0.407989174
vt 0.106512517 0.421433955
vt 0.129820287 0.410194039
vt 0.152650163 0.39877966
vt 0.0785713494 0.41002357
vt 0.0507552996 0.449575126
vt 0.0478125513 0.454969704
vt 0.0879872218 0.467741549
vt 0.0507552996 0.449575126
vt 0.0790553465 0.415068507
vt 0.0772115961 0.430128992
vt 0.0844216421 0.443315864
vt 0.0785713494 0.41002357
vt 0.0705269277 0.42144984
vt 0.924706697 0.156096846
vt 0.931953013 0.141838178
vt 0.926622391 0.125148743
vt 0.93641448 0.129532769
vt 0.936599255 0.14316307
vt 0.940923214 0.133749202
vt 0.957198679 0.109259233
vt 0.960893631 0.117599502
vt 0.961006284 0.124581397
vt 0.987849772 0.119760148
vt 0.918520331 0.155575335
vt 0.92046994 0.12427105
vt 0.924706697 0.156096846
vt 0.939593434 0.155847162
vt 0.929616988 0.160341203
vt 0.942015707 0.169738278
vt 0.948991716 0.153385073
vt 0.931953013 0.141838178
vt 0.960954309 0.163140044
vt 0.960209846 0.17359522
vt 0.966085911 0.155834854
vt 0.975616157 0.175335795
vt 0.974701703 0.18237941
vt 0.979768395 0.168483272
vt 0.987954199 0.195881382
vt 0.917957544 0.166451663
vt 0.929616988 0.160341203
vt 0.931210756 0.176253781
vt 0.946592152 0.188122496
vt 0.934559524 0.19293423
vt 0.959872603 0.199193448
vt 0.948197007 0.205115035
vt 0.976395011 0.208939046
vt 0.0790553465 0.415068507
vt 0.0705269277 0.42144984
vt 0.0772115961 0.430128992
vt 0.926622391 0.125148743
vt 0.949083507 0.100071184
vt 0.928640068 0.109865695
vt 0.964880347 0.0776485354
vt 0.0783696324 0.447532058
vt 0.0879872218 0.467741549
vt 0.0886990651 0.468143374
vt 0.0783696324 0.447532058
vt 0.0745922998 0.452248305
vt 0.44262594 0.877215862
vt 0.343965709 0.876123309
vt 0.439937681 0.892698228
vt 0.42408061 0.854387939
vt 0.378237814 0.842256188
vt 0.420997679 0.910659194
vt 0.402445734 0.93072933
vt 0.355625778 0.844311118
vt 0.329452842 0.853255451
vt 0.3048926 0.86598587
vt 0.293864697 0.884204388
vt 0.28756234 0.927553415
vt 0.2903198 0.962851703
vt 0.313269556 0.959729195
vt 0.361823857 0.924525321
vt 0.374887884 0.941774964
vt 0.397945791 0.963067174
vt 0.339514524 0.959439695
vt 0.339514524 0.959439695
vt 0.366114795 0.966366887
vt 0.280472398 0.0477770232
vt 0.266165346 0.0330654681
vt 0.271421164 0.0498759188
vt 0.253016412 0.0416559912
vt 0.263181895 0.0539678931
vt 0.242849454 0.0531359278
vt 0.257247597 0.0606671646
vt 0.254224151 0.0703062415
vt 0.237094969 0.0679574385
vt 0.282868534 0.0629433468
vt 0.278600991 0.0642675385
vt 0.283403993 0.0759500563
vt 0.273886412 0.0661622882
vt 0.283403993 0.0759500563
vt 0.270968527 0.0697144121
vt 0.283403993 0.0759500563
vt 0.270012259 0.0749055445
vt 0.270012259 0.0749055445
vt 0.254224151 0.0703062415
vt 0.280472398 0.0477770232
vt 0.282219112 0.0312504396
vt 0.227150947 0.0415177271
vt 0.215808541 0.0229719747
vt 0.216245919 0.0420594886
vt 0.230846673 0.0239579398
vt 0.205675349 0.0430214852
vt 0.197502047 0.0233058427
vt 0.18130216 0.0288376622
vt 0.196100801 0.0485405438
vt 0.188918725 0.0561157465
vt 0.173575446 0.0465384908
vt 0.223504514 0.0612822995
vt 0.217930168 0.0605033413
vt 0.220339224 0.0798202232
vt 0.212467059 0.0606873408
vt 0.220339224 0.0798202232
vt 0.212467059 0.0606873408
vt 0.208349168 0.0642542616
vt 0.220339224 0.0798202232
vt 0.204949066 0.0687485561
vt 0.220339224 0.0798202232
vt 0.146080554 0.307680935
vt 0.160648271 0.284827948
vt 0.143139914 0.295750797
vt 0.165501654 0.306442291
vt 0.150838941 0.266232461
vt 0.136967838 0.282161057
vt 0.132576227 0.257884771
vt 0.126174301 0.277144223
vt 0.11148712 0.277824104
vt 0.124073841 0.298906803
vt 0.127204761 0.30444634
vt 0.110728025 0.315327913
vt 0.146080554 0.307680935
vt 0.117994986 0.296372175
vt 0.110728025 0.315327913
vt 0.129261762 0.310808241
vt 0.111197934 0.295934945
vt 0.110728025 0.315327913
vt 0.111197934 0.295934945
vt 0.11148712 0.277824104
vt 0.1110963 0.257739156
vt 0.146080554 0.307680935
vt 0.129261762 0.310808241
vt 0.545534849 0.86931932
vt 0.574669242 0.974206805
vt 0.571686864 0.868971348
vt 0.545183539 0.974599302
vt 0.604127347 0.972895324
vt 0.597814083 0.867807925
vt 0.519384384 0.868844271
vt 0.515700102 0.974063694
vt 0.493263245 0.867537558
vt 0.486249804 0.972590566
vt 0.467198491 0.865391672
vt 0.456862509 0.970170915
vt 0.722398341 0.866707623
vt 0.691730976 0.970831931
vt 0.716621935 0.971826851
vt 0.694176733 0.865579605
vt 0.750570059 0.868712306
vt 0.741468728 0.973594844
vt 0.666820168 0.970619917
vt 0.665932298 0.865339637
vt 0.641916513 0.971202612
vt 0.637695193 0.866000116
vt 0.617045879 0.972586811
vt 0.609495223 0.867569864
vt 0.155595496 0.825215995
vt 0.150936469 0.80874896
vt 0.155595496 0.825215995
vt 0.188768491 0.855637431
vt 0.162803635 0.872140944
vt 0.162252113 0.808901489
vt 0.170499519 0.84061408
vt 0.146096215 0.79248476
vt 0.145052835 0.764022529
vt 0.116254494 0.775719821
vt 0.130214363 0.753208935
vt 0.0991038233 0.772914708
vt 0.102909818 0.767109096
vt 0.117552951 0.747876287
vt 0.102909818 0.767109096
vt 0.0930538923 0.80889976
vt 0.103282824 0.807168245
vt 0.103168696 0.800277054
vt 0.0767768472 0.819979608
vt 0.0784773082 0.824863315
vt 0.0621458925 0.79694289
vt 0.0497119762 0.78405422
vt 0.053329844 0.766939402
vt 0.0441295393 0.773006082
vt 0.053329844 0.766939402
vt 0.048070509 0.759945571
vt 0.0601522662 0.760864019
vt 0.0607275553 0.757262945
vt 0.040966142 0.768755853
vt 0.040966142 0.768755853
vt 0.0331478007 0.752034843
vt 0.0316978581 0.759488821
vt 0.132532865 0.791923344
vt 0.150936469 0.80874896
vt 0.173702404 0.932942569
vt 0.178945139 0.938959718
vt 0.181280717 0.940362334
vt 0.181346342 0.930586934
vt 0.185570762 0.946327925
vt 0.177659079 0.941029251
vt 0.180383012 0.956508338
vt 0.172956571 0.951848567
vt 0.185570762 0.946327925
vt 0.145052835 0.764022529
vt 0.146004722 0.764207006
vt 0.146096215 0.79248476
vt 0.204459086 0.901536167
vt 0.208209559 0.906582236
vt 0.208985016 0.913812041
vt 0.208393559 0.922287107
vt 0.209590927 0.927513659
vt 0.20379661 0.906257212
vt 0.201951638 0.91397655
vt 0.203881487 0.920466423
vt 0.209590927 0.927513659
vt 0.209590927 0.927513659
vt 0.209590927 0.927513659
vt 0.0877506584 0.855589569
vt 0.0822474808 0.844141126
vt 0.172099993 0.906332672
vt 0.176507488 0.904200852
vt 0.414108098 0.930050969
vt 0.423158169 0.950279534
vt 0.417971671 0.949928284
vt 0.428173453 0.958201289
vt 0.42877993 0.947277844
vt 0.417279631 0.959735811
vt 0.42877993 0.947277844
vt 0.428173453 0.958201289
vt 0.437295973 0.95530802
vt 0.444671094 0.946296573
vt 0.431012541 0.940484643
vt 0.414108098 0.930050969
vt 0.431012541 0.940484643
vt 0.417971671 0.949928284
vt 0.414978266 0.949820757
vt 0.417279631 0.959735811
vt 0.408825159 0.96320045
vt 0.0268203467 0.797570348
vt 0.0294586718 0.814468384
vt 0.0200680941 0.807922244
vt 0.0263690203 0.819464803
vt 0.0156216323 0.817719102
vt 0.0379719138 0.824351072
vt 0.0263176709 0.824530125
vt 0.0376619399 0.826295018
vt 0.0617720485 0.831834316
vt 0.039104566 0.819991946
vt 0.0617720485 0.831834316
vt 0.0420548916 0.816401839
vt 0.0459061861 0.813401103
vt 0.0343512148 0.808896422
vt 0.0268203467 0.797570348
vt 0.0403880775 0.804330349
vt 0.0108676851 0.828288078
vt 0.0368402898 0.789336801
vt 0.0343512148 0.808896422
vt 0.0268203467 0.797570348
vt 0.133322984 0.965987861
vt 0.128946781 0.950939119
vt 0.13710475 0.959603488
vt 0.121960372 0.959461808
vt 0.145243347 0.973735392
vt 0.148177207 0.970597625
vt 0.144815058 0.9781546
vt 0.129113391 0.969095588
vt 0.113401458 0.965073645
vt 0.121960372 0.959461808
vt 0.104020849 0.968885899
vt 0.125447646 0.975361407
vt 0.142606497 0.980941653
vt 0.142354578 0.98544246
vt 0.12538965 0.984807849
vt 0.11377421 0.9881019
vt 0.0995478183 0.979630113
vt 0.158363163 0.982676983
vt 0.158363163 0.982676983
vt 0.794862986 0.313021719
vt 0.781930506 0.305289537
vt 0.785697758 0.301442593
vt 0.780574799 0.310168564
vt 0.766328573 0.2996535
vt 0.770415306 0.293624073
vt 0.783197582 0.283216298
vt 0.776334226 0.290030569
vt 0.785697758 0.301442593
vt 0.770415306 0.293624073
vt 0.783197582 0.283216298
vt 0.78994149 0.300494909
vt 0.794862986 0.313021719
vt 0.233209223 0.602139652
vt 0.242397621 0.62054497
vt 0.227370888 0.614972353
vt 0.246565446 0.612295151
vt 0.242762133 0.626218379
vt 0.228053585 0.623349011
vt 0.242908701 0.630927265
vt 0.227435216 0.635831356
vt 0.24264057 0.63669163
vt 0.227231532 0.643679857
vt 0.251658648 0.606829405
vt 0.239735648 0.594100356
vt 0.259440511 0.626094759
vt 0.262982279 0.620960712
vt 0.258434862 0.629634321
vt 0.257775515 0.632631719
vt 0.25799492 0.636695325
vt 0.265161186 0.616476536
vt 0.283217996 0.635024726
vt 0.283217996 0.635024726
vt 0.794862986 0.313021719
vt 0.78994149 0.300494909
vt 0.794318914 0.299213946
vt 0.7951563 0.282591552
vt 0.78994149 0.300494909
vt 0.783197582 0.283216298
vt 0.7951563 0.282591552
vt 0.0161993876 0.93619293
vt 0.0309527293 0.917339921
vt 0.0356241986 0.922414899
vt 0.0143495575 0.925237715
vt 0.052342467 0.909347594
vt 0.0387404785 0.926276863
vt 0.0220717117 0.941511333
vt 0.0161993876 0.93619293
vt 0.0143495575 0.925237715
vt 0.0293704197 0.913497925
vt 0.052342467 0.909347594
vt 0.0434284285 0.931768119
vt 0.0330559835 0.944290876
vt 0.0220717117 0.941511333
vt 0.0143495575 0.925237715
vt 0.0155669674 0.919939339
vt 0.0859024972 0.745160758
vt 0.0780791119 0.739358008
vt 0.0785140023 0.74591136
vt 0.0780791119 0.739358008
vt 0.0780791119 0.739358008
vt 0.657673657 0.377781808
vt 0.65796721 0.361191779
vt 0.675048232 0.363693148
vt 0.646498084 0.38261205
vt 0.644359469 0.358936816
vt 0.627529263 0.382499844
vt 0.625053763 0.357890129
vt 0.60773021 0.383610368
vt 0.604501843 0.361754775
vt 0.589938641 0.365582883
vt 0.592899024 0.381535143
vt 0.573148787 0.369321585
vt 0.577407002 0.380484819
vt 0.643885136 0.342158347
vt 0.656797945 0.34437117
vt 0.675048232 0.363693148
vt 0.64258045 0.324736476
vt 0.657665431 0.325207382
vt 0.667861998 0.345649838
vt 0.675048232 0.363693148
vt 0.668457806 0.328510761
vt 0.588802934 0.349382997
vt 0.602824986 0.347249895
vt 0.576815784 0.350004107
vt 0.57864207 0.330221027
vt 0.589859188 0.329655677
vt 0.604558289 0.328145891
vt 0.625120282 0.323449612
vt 0.624643564 0.343258828
vt 0.561642945 0.346749634
vt 0.557193935 0.363481551
vt 0.537671268 0.357064098
vt 0.563225329 0.327381819
vt 0.546645522 0.34012872
vt 0.537671268 0.357064098
vt 0.548751056 0.322965324
vt 0.590818048 0.308605909
vt 0.604858696 0.306473553
vt 0.576886117 0.308569551
vt 0.576595187 0.287846088
vt 0.593595624 0.285829663
vt 0.602646708 0.284216404
vt 0.62194705 0.275101602
vt 0.62326169 0.301045895
vt 0.639937937 0.302088588
vt 0.661030829 0.304204106
vt 0.673501551 0.308665544
vt 0.638159037 0.272938073
vt 0.662841618 0.285411537
vt 0.680817187 0.289645135
vt 0.574842155 0.277785391
vt 0.561767519 0.268401563
vt 0.655903101 0.263172567
vt 0.666709125 0.269526511
vt 0.649221897 0.253220916
vt 0.641452909 0.255855739
vt 0.680236042 0.272348881
vt 0.693484247 0.278044522
vt 0.685227811 0.267329365
vt 0.659433663 0.245644644
vt 0.673536777 0.256807029
vt 0.687650084 0.257320732
vt 0.670768797 0.234702274
vt 0.680051744 0.242898211
vt 0.650596261 0.225706115
vt 0.646947503 0.239037529
vt 0.641452909 0.255855739
vt 0.659433663 0.245644644
vt 0.662831545 0.221432567
vt 0.690172732 0.24440743
vt 0.682241201 0.217811078
vt 0.673563838 0.2175401
vt 0.68123877 0.224981889
vt 0.69159627 0.232565179
vt 0.68123877 0.224981889
vt 0.689248502 0.2236166
vt 0.68123877 0.224981889
vt 0.641452909 0.255855739
vt 0.642023921 0.240510061
vt 0.641058862 0.230384275
vt 0.627734065 0.22522755
vt 0.621457875 0.23244442
vt 0.561479092 0.30517298
vt 0.548411369 0.301671922
vt 0.561154366 0.283926964
vt 0.543100536 0.281515449
vt 0.542317033 0.264122069
vt 0.543387294 0.254585236
vt 0.548923612 0.432146937
vt 0.563757837 0.445255935
vt 0.545149922 0.443061322
vt 0.569491506 0.432767004
vt 0.559151053 0.468609512
vt 0.540420234 0.465093791
vt 0.525228798 0.432832837
vt 0.519957185 0.459901363
vt 0.556470811 0.497977763
vt 0.536299765 0.494517088
vt 0.556470811 0.497977763
vt 0.517208278 0.490277499
vt 0.5338732 0.522920012
vt 0.518161654 0.520127118
vt 0.552229404 0.528793633
vt 0.546752751 0.54895699
vt 0.531270742 0.541555643
vt 0.516473413 0.539676785
vt 0.546752751 0.54895699
vt 0.531270742 0.541555643
vt 0.561134279 0.556994975
vt 0.552229404 0.528793633
vt 0.582355917 0.542992651
vt 0.561134279 0.556994975
vt 0.579892397 0.562243521
vt 0.600330174 0.562544465
vt 0.617744982 0.541554451
vt 0.582015514 0.510194063
vt 0.615832686 0.52280277
vt 0.636623561 0.541561604
vt 0.637146056 0.52246052
vt 0.611143589 0.490039349
vt 0.634367704 0.486868143
vt 0.612230778 0.466060579
vt 0.634696484 0.463447273
vt 0.616175711 0.43950066
vt 0.636242151 0.437226236
vt 0.660226464 0.460240901
vt 0.659969568 0.442104876
vt 0.581844509 0.456810057
vt 0.58952868 0.442452043
vt 0.599634647 0.432987571
vt 0.569491506 0.432767004
vt 0.563757837 0.445255935
vt 0.6599828 0.482271194
vt 0.661465168 0.508814394
vt 0.688193917 0.474609196
vt 0.682918847 0.443074703
vt 0.67817241 0.436469257
vt 0.702584743 0.440237641
vt 0.714690626 0.465898722
vt 0.702584743 0.440237641
vt 0.690163851 0.500726998
vt 0.725280225 0.496424824
vt 0.659279764 0.537143648
vt 0.656371713 0.554101586
vt 0.634821236 0.554348171
vt 0.617192745 0.558352232
vt 0.693296075 0.532430649
vt 0.730406642 0.527128458
vt 0.713577211 0.549359858
vt 0.69592762 0.551808119
vt 0.676665127 0.556156158
vt 0.686534107 0.569065213
vt 0.672974288 0.571414351
vt 0.679234087 0.57605356
vt 0.70560503 0.562884986
vt 0.715828419 0.568718135
vt 0.718774915 0.566754758
vt 0.725665569 0.556222856
vt 0.728788197 0.546465397
vt 0.725665569 0.556222856
vt 0.722096205 0.56633085
vt 0.700781882 0.575487912
vt 0.686534107 0.569065213
vt 0.696712971 0.575597823
vt 0.594559371 0.577076614
vt 0.584229052 0.573743403
vt 0.584229052 0.573743403
vt 0.573473871 0.574884176
vt 0.571464837 0.58513844
vt 0.573473871 0.574884176
vt 0.563301563 0.567566752
vt 0.551035821 0.573136747
vt 0.563301563 0.567566752
vt 0.553714573 0.575433075
vt 0.624549091 0.432213485
vt 0.636242151 0.437226236
vt 0.599634647 0.432987571
vt 0.582557201 0.483009905
vt 0.695275962 0.36032927
vt 0.692351937 0.385940671
vt 0.675076842 0.399496853
vt 0.656853497 0.40543139
vt 0.632615328 0.409638375
vt 0.612551451 0.405999303
vt 0.590584159 0.400221437
vt 0.574317336 0.394033372
vt 0.560459256 0.385948449
vt 0.535910726 0.376420587
vt 0.716299772 0.286979645
vt 0.737785041 0.296840906
vt 0.722658873 0.302892327
vt 0.703903496 0.296153843
vt 0.711946845 0.308979422
vt 0.693441749 0.306447864
vt 0.702830434 0.315787703
vt 0.688603938 0.324041665
vt 0.693390906 0.326213062
vt 0.734439552 0.328237385
vt 0.729739547 0.336720228
vt 0.722490013 0.338602811
vt 0.713443339 0.34320268
vt 0.693390906 0.326213062
vt 0.737334132 0.356583983
vt 0.734018087 0.360702187
vt 0.74059695 0.354105443
vt 0.74459511 0.351280898
vt 0.749949872 0.348843336
vt 0.74201262 0.323232055
vt 0.737785041 0.296840906
vt 0.755303979 0.348444134
vt 0.750141799 0.324086547
vt 0.748976529 0.300283223
vt 0.748107433 0.283322811
vt 0.733089983 0.284100711
vt 0.737785041 0.296840906
vt 0.752948582 0.368000627
vt 0.752948582 0.368000627
vt 0.752948582 0.368000627
vt 0.752948582 0.368000627
vt 0.752948582 0.368000627
vt 0.737785041 0.296840906
vt 0.752260566 0.297438711
vt 0.748976529 0.300283223
vt 0.108158059 0.33981365
vt 0.086947754 0.34849149
vt 0.0941597 0.334475935
vt 0.0941491798 0.352336079
vt 0.0630677491 0.322259367
vt 0.0631483048 0.334443271
vt 0.0814732909 0.357761472
vt 0.0591209009 0.342963725
vt 0.0502907634 0.327611417
vt 0.0532867014 0.320071876
vt 0.0687540472 0.316511363
vt 0.0941597 0.334475935
vt 0.0981533974 0.32330817
vt 0.0545311421 0.314951271
vt 0.0698743537 0.307157248
vt 0.0981533974 0.32330817
vt 0.0973742902 0.30664438
vt 0.0706028566 0.297804177
vt 0.0967156962 0.294470698
vt 0.0556563437 0.307476282
vt 0.0563036092 0.299401641
vt 0.0463190041 0.334492564
vt 0.0156625099 0.306310117
vt 0.0156625099 0.306310117
vt 0.402643889 0.578745663
vt 0.388417482 0.586484492
vt 0.395541161 0.575415015
vt 0.406277239 0.56547451
vt 0.368270934 0.567944884
vt 0.364939004 0.572427988
vt 0.382550299 0.594586313
vt 0.394471824 0.590529025
vt 0.36242789 0.575065255
vt 0.37355876 0.600106001
vt 0.358668089 0.578904748
vt 0.369633108 0.562739909
vt 0.39701277 0.562463641
vt 0.368342131 0.556766212
vt 0.39339444 0.552615762
vt 0.341661185 0.556626678
vt 0.341661185 0.556626678
vt 0.402643889 0.578745663
vt 0.394471824 0.590529025
vt 0.394471824 0.590529025
vt 0.390245706 0.602148354
vt 0.390245706 0.602148354
vt 0.37355876 0.600106001
vt 0.37249741 0.602999032
vt 0.406277239 0.56547451
vt 0.39701277 0.562463641
vt 0.181140095 0.546982288
vt 0.212508336 0.546147108
vt 0.181462094 0.559077144
vt 0.210699335 0.540817022
vt 0.213740394 0.552927017
vt 0.187024191 0.570214868
vt 0.216957375 0.561781764
vt 0.192158535 0.580483854
vt 0.224112228 0.566617668
vt 0.204919636 0.584192216
vt 0.247203857 0.53850168
vt 0.247203857 0.53850168
vt 0.208987102 0.534592092
vt 0.181021854 0.536335945
vt 0.181140095 0.546982288
vt 0.641058862 0.230384275
vt 0.650596261 0.225706115
vt 0.571464837 0.58513844
vt 0.584229052 0.573743403
vt 0.575291693 0.586740196
vt 0.272954077 0.595099568
vt 0.274132013 0.582086682
vt 0.280353636 0.593601763
vt 0.264337867 0.586738646
vt 0.284870148 0.577697814
vt 0.266506672 0.565048158
vt 0.275692165 0.564877629
vt 0.282901704 0.561102927
vt 0.279992312 0.544182539
vt 0.280353636 0.593601763
vt 0.285636902 0.593618035
vt 0.284870148 0.577697814
vt 0.29735598 0.592104852
vt 0.285636902 0.593618035
vt 0.304057717 0.582749486
vt 0.296918869 0.562568963
vt 0.282901704 0.561102927
vt 0.279992312 0.544182539
vt 0.0379959643 0.3631908
vt 0.0553631969 0.380453527
vt 0.0325039327 0.37984553
vt 0.0583490916 0.373396724
vt 0.0533143468 0.389876425
vt 0.0312611796 0.388649374
vt 0.035983786 0.413958162
vt 0.0576840006 0.405903846
vt 0.0837720782 0.389349222
vt 0.0130623784 0.376919627
vt 0.018573394 0.350897104
vt 0.0478161797 0.355149955
vt 0.0312611796 0.388649374
vt 0.0232050344 0.396839708
vt 0.0252880715 0.419126183
vt 0.0232050344 0.396839708
vt 0.0495076627 0.954048693
vt 0.0635694414 0.955100715
vt 0.0504180938 0.963229895
vt 0.0564468503 0.946972787
vt 0.0709591359 0.963309526
vt 0.0528679639 0.973362148
vt 0.0752945393 0.940893531
vt 0.0793026537 0.94906944
vt 0.0851076692 0.954726517
vt 0.0907163471 0.967607558
vt 0.0994370729 0.944750667
vt 0.0774623305 0.982067943
vt 0.0675230771 0.983835697
vt 0.0994370729 0.944750667
vt 0.0278775245 0.986578226
vt 0.0168751329 0.953246653
vt 0.0675230771 0.983835697
vt 0.0528679639 0.973362148
vt 0.623248875 0.776250541
vt 0.618176997 0.789574862
vt 0.600850403 0.758485258
vt 0.623248875 0.776250541
vt 0.648198843 0.78726691
vt 0.618176997 0.789574862
vt 0.642676413 0.779441774
vt 0.569958091 0.802884519
vt 0.571970522 0.795069396
vt 0.597974181 0.818294466
vt 0.571970522 0.795069396
vt 0.603123128 0.790435851
vt 0.573193848 0.787971556
vt 0.578669608 0.773150623
vt 0.55169791 0.784568906
vt 0.561423421 0.793384671
vt 0.561423421 0.793384671
vt 0.542085946 0.818836451
vt 0.55169791 0.784568906
vt 0.642676413 0.779441774
vt 0.668908954 0.759783745
vt 0.648198843 0.78726691
vt 0.0312611796 0.388649374
vt 0.035983786 0.413958162
vt 0.0252880715 0.419126183
vt 0.167512 0.403496712
vt 0.15965277 0.435835481
vt 0.148360759 0.402922601
vt 0.18132256 0.429279983
vt 0.178910002 0.477138638
vt 0.133623481 0.444990009
vt 0.126953512 0.415840358
vt 0.109743915 0.455942005
vt 0.102654286 0.425952852
vt 0.133326828 0.489450216
vt 0.148308799 0.483022213
vt 0.15708448 0.499895483
vt 0.170711517 0.501352489
vt 0.122215249 0.498589307
vt 0.0886990651 0.468143374
vt 0.13927272 0.51384151
vt 0.0786969811 0.49029392
vt 0.0480036438 0.482518852
vt 0.0400114097 0.50760287
vt 0.0692909062 0.513905585
vt 0.109356679 0.52623117
vt 0.114126839 0.510671914
vt 0.127188295 0.533142686
vt 0.027387239 0.532287061
vt 0.0610716864 0.542420268
vt 0.106068976 0.549288154
vt 0.130250216 0.546272099
vt 0.0478125513 0.454969704
vt 0.153697371 0.526646376
vt 0.0424382091 0.485453844
vt 0.0421427935 0.457784653
vt 0.0480036438 0.482518852
vt 0.0347857885 0.510801315
vt 0.0400114097 0.50760287
vt 0.027387239 0.532287061
vt 0.0790553465 0.415068507
vt 0.0844216421 0.443315864
vt 0.0783696324 0.447532058
vt 0.0802890211 0.407989174
vt 0.106512517 0.421433955
vt 0.129820287 0.410194039
vt 0.152650163 0.39877966
vt 0.0785713494 0.41002357
vt 0.0507552996 0.449575126
vt 0.0879872218 0.467741549
vt 0.0478125513 0.454969704
vt 0.0507552996 0.449575126
vt 0.0790553465 0.415068507
vt 0.0844216421 0.443315864
vt 0.0772115961 0.430128992
vt 0.0705269277 0.42144984
vt 0.0785713494 0.41002357
vt 0.924706697 0.156096846
vt 0.926622391 0.125148743
vt 0.931953013 0.141838178
vt 0.93641448 0.129532769
vt 0.936599255 0.14316307
vt 0.940923214 0.133749202
vt 0.957198679 0.109259233
vt 0.960893631 0.117599502
vt 0.961006284 0.124581397
vt 0.987849772 0.119760148
vt 0.918520331 0.155575335
vt 0.92046994 0.12427105
vt 0.924706697 0.156096846
vt 0.939593434 0.155847162
vt 0.929616988 0.160341203
vt 0.942015707 0.169738278
vt 0.948991716 0.153385073
vt 0.931953013 0.141838178
vt 0.960954309 0.163140044
vt 0.960209846 0.17359522
vt 0.966085911 0.155834854
vt 0.975616157 0.175335795
vt 0.974701703 0.18237941
vt 0.979768395 0.168483272
vt 0.987954199 0.195881382
vt 0.917957544 0.166451663
vt 0.931210756 0.176253781
vt 0.929616988 0.160341203
vt 0.946592152 0.188122496
vt 0.934559524 0.19293423
vt 0.959872603 0.199193448
vt 0.948197007 0.205115035
vt 0.976395011 0.208939046
vt 0.0790553465 0.415068507
vt 0.0772115961 0.430128992
vt 0.0705269277 0.42144984
vt 0.926622391 0.125148743
vt 0.949083507 0.100071184
vt 0.928640068 0.109865695
vt 0.964880347 0.0776485354
vt 0.0783696324 0.447532058
vt 0.0879872218 0.467741549
vt 0.0745922998 0.452248305
vt 0.0783696324 0.447532058
vt 0.0886990651 0.468143374
vt 0.44262594 0.877215862
vt 0.439937681 0.892698228
vt 0.343965709 0.876123309
vt 0.42408061 0.854387939
vt 0.378237814 0.842256188
vt 0.420997679 0.910659194
vt 0.402445734 0.93072933
vt 0.355625778 0.844311118
vt 0.329452842 0.853255451
vt 0.3048926 0.86598587
vt 0.293864697 0.884204388
vt 0.28756234 0.927553415
vt 0.2903198 0.962851703
vt 0.313269556 0.959729195
vt 0.361823857 0.924525321
vt 0.374887884 0.941774964
vt 0.397945791 0.963067174
vt 0.339514524 0.959439695
vt 0.366114795 0.966366887
vt 0.339514524 0.959439695
vt 0.280472398 0.0477770232
vt 0.266165346 0.0330654681
vt 0.282219112 0.0312504396
vt 0.280472398 0.0477770232
vt 0.271421164 0.0498759188
vt 0.253016412 0.0416559912
vt 0.263181895 0.0539678931
vt 0.242849454 0.0531359278
vt 0.257247597 0.0606671646
vt 0.254224151 0.0703062415
vt 0.237094969 0.0679574385
vt 0.282868534 0.0629433468
vt 0.278600991 0.0642675385
vt 0.283403993 0.0759500563
vt 0.273886412 0.0661622882
vt 0.283403993 0.0759500563
vt 0.270968527 0.0697144121
vt 0.283403993 0.0759500563
vt 0.270012259 0.0749055445
vt 0.270012259 0.0749055445
vt 0.254224151 0.0703062415
vt 0.227150947 0.0415177271
vt 0.215808541 0.0229719747
vt 0.230846673 0.0239579398
vt 0.216245919 0.0420594886
vt 0.205675349 0.0430214852
vt 0.197502047 0.0233058427
vt 0.223504514 0.0612822995
vt 0.217930168 0.0605033413
vt 0.220339224 0.0798202232
vt 0.212467059 0.0606873408
vt 0.220339224 0.0798202232
vt 0.205675349 0.0430214852
vt 0.18130216 0.0288376622
vt 0.196100801 0.0485405438
vt 0.188918725 0.0561157465
vt 0.173575446 0.0465384908
vt 0.212467059 0.0606873408
vt 0.208349168 0.0642542616
vt 0.220339224 0.0798202232
vt 0.204949066 0.0687485561
vt 0.220339224 0.0798202232
vt 0.146080554 0.307680935
vt 0.160648271 0.284827948
vt 0.165501654 0.306442291
vt 0.143139914 0.295750797
vt 0.150838941 0.266232461
vt 0.136967838 0.282161057
vt 0.132576227 0.257884771
vt 0.126174301 0.277144223
vt 0.11148712 0.277824104
vt 0.124073841 0.298906803
vt 0.127204761 0.30444634
vt 0.110728025 0.315327913
vt 0.146080554 0.307680935
vt 0.117994986 0.296372175
vt 0.110728025 0.315327913
vt 0.129261762 0.310808241
vt 0.111197934 0.295934945
vt 0.111197934 0.295934945
vt 0.110728025 0.315327913
vt 0.11148712 0.277824104
vt 0.1110963 0.257739156
vt 0.146080554 0.307680935
vt 0.129261762 0.310808241
vt 0.545534849 0.86931932
vt 0.574669242 0.974206805
vt 0.545183539 0.974599302
vt 0.571686864 0.868971348
vt 0.604127347 0.972895324
vt 0.597814083 0.867807925
vt 0.519384384 0.868844271
vt 0.515700102 0.974063694
vt 0.493263245 0.867537558
vt 0.486249804 0.972590566
vt 0.467198491 0.865391672
vt 0.456862509 0.970170915
vt 0.722398341 0.866707623
vt 0.691730976 0.970831931
vt 0.694176733 0.865579605
vt 0.716621935 0.971826851
vt 0.750570059 0.868712306
vt 0.741468728 0.973594844
vt 0.666820168 0.970619917
vt 0.665932298 0.865339637
vt 0.641916513 0.971202612
vt 0.637695193 0.866000116
vt 0.617045879 0.972586811
vt 0.609495223 0.867569864
vt 0.877825618 0.186634138
vt 0.878718853 0.107192315
vt 0.852609098 0.185847282
vt 0.913824916 0.0972006246
vt 0.861808717 0.217196196
vt 0.879332483 0.204086274
vt 0.969163001 0.297774792
vt 0.986640573 0.288611561
vt 0.922524214 0.302894235
vt 0.96547401 0.322773993
vt 0.817846775 0.220770076
vt 0.849630892 0.112927936
vt 0.867051661 0.0821150616
vt 0.88288641 0.0712319016
vt 0.852609098 0.185847282
vt 0.902760029 0.0793880895
vt 0.89430958 0.0702751949
vt 0.928830802 0.431217641
vt 0.959653676 0.426899791
vt 0.995507419 0.317656755
vt 0.952996671 0.535733104
vt 0.981971085 0.426877111
vt 0.995507419 0.317656755
vt 0.809432328 0.103565656
vt 0.835980952 0.0741104782
vt 0.809432328 0.103565656
vt 0.746156037 0.14860867
vt 0.878550112 0.561774731
vt 0.945499778 0.571861029
vt 0.707514882 0.779506385
vt 0.723728359 0.60376507
vt 0.768558621 0.447698951
vt 0.859876454 0.438243181
vt 0.831954837 0.297958255
vt 0.722756565 0.223512948
vt 0.852609098 0.185847282
vt 0.878718853 0.107192315
vt 0.876363099 0.0611235201
vt 0.231308445 0.811268806
vt 0.205441713 0.783283412
vt 0.208243802 0.802462935
vt 0.225225762 0.826889873
vt 0.200427786 0.818564415
vt 0.133336291 0.692224324
vt 0.117654964 0.711719155
vt 0.112509139 0.681176364
vt 0.10608869 0.700790763
vt 0.332027972 0.831551135
vt 0.335459709 0.81892246
vt 0.131655306 0.652856648
vt 0.0172801707 0.687646627
vt 0.0154379215 0.702036679
vt 0.10608869 0.700790763
vt 0.0125795547 0.71312207
vt 0.442018718 0.81693989
vt 0.340617388 0.793165505
vt 0.0278464314 0.62719208
vt 0.157432497 0.562245011
vt 0.22011514 0.677301764
vt 0.0820418671 0.581166804
vt 0.352031708 0.733059347
vt 0.372322232 0.628892064
vt 0.22011514 0.677301764
vt 0.531008363 0.59895438
vt 0.470163167 0.756553113
vt 0.47772783 0.813284099
vt 0.707423747 0.598111153
vt 0.0501770973 0.874750674
vt 0.0450109243 0.878432333
vt 0.0549777299 0.894585788
vt 0.0454815924 0.858735979
vt 0.0325150192 0.864408016
vt 0.055960089 0.872516215
vt 0.0549777299 0.894585788
vt 0.0612123907 0.874423444
vt 0.0563566238 0.850442886
vt 0.0702511519 0.852472901
vt 0.0759614259 0.863332748
vt 0.065749228 0.87890929
vt 0.0612123907 0.874423444
vt 0.0549777299 0.894585788
vt 0.0563566238 0.850442886
vt 0.055960089 0.872516215
vt 0.0454815924 0.858735979
vt 0.0501770973 0.874750674
vt 0.0599675849 0.253720045
vt 0.0638040379 0.26150462
vt 0.0822969154 0.24794507
vt 0.0269963369 0.263715386
vt 0.0317941308 0.275539368
vt 0.0235326886 0.249490559
vt 0.0561959818 0.246682197
vt 0.0822969154 0.24794507
vt 0.0567379668 0.240116239
vt 0.0616293624 0.234748662
vt 0.0269413143 0.224307135
vt 0.0241202712 0.236299992
vt 0.683276594 0.177352637
vt 0.681075692 0.18712467
vt 0.711111963 0.187996238
vt 0.684757769 0.166308463
vt 0.711111963 0.187996238
vt 0.711111963 0.187996238
vt 0.690333724 0.161550716
vt 0.700101614 0.160036817
vt 0.711111963 0.187996238
vt 0.0820418671 0.581166804
vt 0.0278464314 0.62719208
vt 0.776006699 0.31673485
vt 0.766657233 0.314537793
vt 0.766054034 0.344377607
vt 0.793866873 0.333549917
vt 0.792430401 0.3235147
vt 0.766054034 0.344377607
vt 0.766054034 0.344377607
vt 0.786996841 0.318589956
vt 0.776006699 0.31673485
vt 0.766054034 0.344377607
vt 0.737565815 0.428115368
vt 0.746862411 0.430526882
vt 0.74756074 0.403614134
vt 0.721551836 0.410567522
vt 0.721608162 0.420704782
vt 0.74756074 0.403614134
vt 0.74756074 0.403614134
vt 0.726610005 0.426067144
vt 0.737565815 0.428115368
vt 0.74756074 0.403614134
vt 0.745800853 0.120029949
vt 0.747932613 0.110665776
vt 0.721975744 0.110653169
vt 0.743296802 0.13088949
vt 0.721975744 0.110653169
vt 0.721975744 0.110653169
vt 0.737844467 0.135793343
vt 0.727708519 0.135968968
vt 0.721975744 0.110653169
vt 0.877825618 0.186634138
vt 0.878718853 0.107192315
vt 0.913824916 0.0972006246
vt 0.852609098 0.185847282
vt 0.861808717 0.217196196
vt 0.879332483 0.204086274
vt 0.969163001 0.297774792
vt 0.986640573 0.288611561
vt 0.922524214 0.302894235
vt 0.96547401 0.322773993
vt 0.817846775 0.220770076
vt 0.849630892 0.112927936
vt 0.867051661 0.0821150616
vt 0.88288641 0.0712319016
vt 0.852609098 0.185847282
vt 0.902760029 0.0793880895
vt 0.89430958 0.0702751949
vt 0.928830802 0.431217641
vt 0.959653676 0.426899791
vt 0.995507419 0.317656755
vt 0.952996671 0.535733104
vt 0.981971085 0.426877111
vt 0.995507419 0.317656755
vt 0.809432328 0.103565656
vt 0.835980952 0.0741104782
vt 0.809432328 0.103565656
vt 0.746156037 0.14860867
vt 0.878550112 0.561774731
vt 0.945499778 0.571861029
vt 0.707514882 0.779506385
vt 0.723728359 0.60376507
vt 0.768558621 0.447698951
vt 0.859876454 0.438243181
vt 0.831954837 0.297958255
vt 0.722756565 0.223512948
vt 0.878718853 0.107192315
vt 0.852609098 0.185847282
vt 0.876363099 0.0611235201
vt 0.231308445 0.811268806
vt 0.208243802 0.802462935
vt 0.205441713 0.783283412
vt 0.225225762 0.826889873
vt 0.200427786 0.818564415
vt 0.133336291 0.692224324
vt 0.117654964 0.711719155
vt 0.112509139 0.681176364
vt 0.10608869 0.700790763
vt 0.332027972 0.831551135
vt 0.335459709 0.81892246
vt 0.131655306 0.652856648
vt 0.0172801707 0.687646627
vt 0.0154379215 0.702036679
vt 0.10608869 0.700790763
vt 0.0125795547 0.71312207
vt 0.442018718 0.81693989
vt 0.340617388 0.793165505
vt 0.0278464314 0.62719208
vt 0.157432497 0.562245011
vt 0.22011514 0.677301764
vt 0.0820418671 0.581166804
vt 0.352031708 0.733059347
vt 0.372322232 0.628892064
vt 0.22011514 0.677301764
vt 0.531008363 0.59895438
vt 0.470163167 0.756553113
vt 0.47772783 0.813284099
vt 0.707423747 0.598111153
vt 0.0501770973 0.874750674
vt 0.0549777299 0.894585788
vt 0.0450109243 0.878432333
vt 0.0454815924 0.858735979
vt 0.0325150192 0.864408016
vt 0.055960089 0.872516215
vt 0.0549777299 0.894585788
vt 0.0612123907 0.874423444
vt 0.0563566238 0.850442886
vt 0.0702511519 0.852472901
vt 0.0759614259 0.863332748
vt 0.065749228 0.87890929
vt 0.0549777299 0.894585788
vt 0.0612123907 0.874423444
vt 0.0501770973 0.874750674
vt 0.0454815924 0.858735979
vt 0.0563566238 0.850442886
vt 0.055960089 0.872516215
vt 0.0599675849 0.253720045
vt 0.0822969154 0.24794507
vt 0.0638040379 0.26150462
vt 0.0269963369 0.263715386
vt 0.0317941308 0.275539368
vt 0.0235326886 0.249490559
vt 0.0561959818 0.246682197
vt 0.0822969154 0.24794507
vt 0.0567379668 0.240116239
vt 0.0616293624 0.234748662
vt 0.0269413143 0.224307135
vt 0.0241202712 0.236299992
vt 0.683276594 0.177352637
vt 0.711111963 0.187996238
vt 0.681075692 0.18712467
vt 0.684757769 0.166308463
vt 0.711111963 0.187996238
vt 0.711111963 0.187996238
vt 0.690333724 0.161550716
vt 0.700101614 0.160036817
vt 0.711111963 0.187996238
vt 0.0278464314 0.62719208
vt 0.0820418671 0.581166804
vt 0.776006699 0.31673485
vt 0.766054034 0.344377607
vt 0.766657233 0.314537793
vt 0.793866873 0.333549917
vt 0.766054034 0.344377607
vt 0.792430401 0.3235147
vt 0.766054034 0.344377607
vt 0.786996841 0.318589956
vt 0.766054034 0.344377607
vt 0.776006699 0.31673485
vt 0.737565815 0.428115368
vt 0.74756074 0.403614134
vt 0.746862411 0.430526882
vt 0.721551836 0.410567522
vt 0.74756074 0.403614134
vt 0.721608162 0.420704782
vt 0.74756074 0.403614134
vt 0.726610005 0.426067144
vt 0.74756074 0.403614134
vt 0.737565815 0.428115368
vt 0.745800853 0.120029949
vt 0.721975744 0.110653169
vt 0.747932613 0.110665776
vt 0.743296802 0.13088949
vt 0.721975744 0.110653169
vt 0.721975744 0.110653169
vt 0.737844467 0.135793343
vt 0.727708519 0.135968968
vt 0.721975744 0.110653169
vn 0.182237595 0.970851123 -0.155684397
vn 0.0731576011 0.995697856 0.0568658002
vn 0.44981882 0.877078831 -0.168510571
vn 0.0437603705 0.998272657 0.039200101
vn 0.418863624 0.825865388 -0.377491027
vn 0.638063729 0.708034039 -0.302592963
vn 0.649439216 0.5976879 -0.470104098
vn 0.562794864 0.740784645 -0.366742492
vn 0.520392478 0.84710747 -0.107706673
vn 0.115994081 0.981740475 -0.150768235
vn 0.895361245 0.240056425 -0.375101566
vn -0.367511839 0.924229562 -0.103608213
vn -0.170384437 0.981149793 -0.0911825448
vn -0.687235236 0.671013236 -0.27829653
vn -0.699304461 0.626153111 -0.344826847
vn -0.365577251 0.914618254 -0.172704205
vn -0.619938433 0.627601087 -0.470949322
vn -0.716647685 0.418704808 -0.557765365
vn -0.892773986 0.124900624 -0.432844609
vn -0.868196547 0.207681626 -0.450669497
vn -0.672091246 0.592197239 -0.444517642
vn -0.793811619 -0.244231805 -0.55696851
vn -0.833608568 -0.315511823 -0.45337525
vn -0.612936139 -0.324799716 -0.72028774
vn -0.638717771 -0.651541889 -0.409307867
vn -0.366500646 -0.385400683 -0.846843302
vn -0.182802081 -0.664845586 -0.724267662
vn 0.0226871893 -0.27457732 -0.961297274
vn 0.164659485 -0.59004128 -0.790404081
vn 0.312566936 -0.456155419 -0.83320111
vn 0.341941565 -0.236298919 -0.909526765
vn 0.26373145 -0.627918303 -0.732232451
vn 0.515012622 -0.318563312 -0.795788527
vn 0.516399801 -0.487634331 -0.703948855
vn 0.72132659 -0.287303537 -0.630194008
vn 0.73796159 0.385441661 -0.55393815
vn 0.854750872 0.22170876 -0.469303995
vn 0.562794864 0.740784645 -0.366742492
vn 0.649439216 0.5976879 -0.470104098
vn 0.527108312 -0.749977469 -0.399613261
vn 0.315804452 -0.884524107 -0.343343496
vn 0.895361245 0.240056425 -0.375101566
vn 0.895361245 0.240056425 -0.375101566
vn -0.382896423 -0.789114773 -0.480300099
vn -0.89285779 -0.126602307 -0.432176918
vn 0.326621592 -0.860263646 -0.391490549
vn 0.6457389 -0.745848298 -0.163497791
vn -0.227075174 -0.767508268 -0.599473119
vn -0.881627858 -0.0726197138 -0.466324627
vn -0.785358608 0.608338177 -0.114614435
vn -0.368132502 0.92678982 0.0744249523
vn 0.0697061568 0.969438314 0.2352238
vn 0.532401502 0.836787224 0.127811626
vn 0.998230159 -0.0310537294 0.0507180281
vn 0.582788229 0.761668921 0.283228457
vn 0.231762901 0.96036756 0.154854894
vn 0.99377501 0.0945955738 0.0588467307
vn -0.324288607 0.902910471 0.282116115
vn -0.764250517 0.64006412 0.0789872557
vn -0.978022754 -0.163310096 -0.129619166
vn 0.745861411 0.635056615 -0.200982183
vn 0.39868024 0.908679962 -0.123914145
vn -0.350576431 0.922630787 0.160774797
vn -0.867604911 0.459977537 0.188898087
vn 0.958015859 0.183105856 -0.22063081
vn 0.676081777 -0.719408572 -0.159263596
vn 0.618528962 -0.67525357 -0.401814103
vn 0.6457389 -0.745848298 -0.163497791
vn 0.793199837 0.452156276 -0.407907724
vn 0.571302295 0.819561779 -0.0439568944
vn 0.831752121 -0.0254926682 -0.554561496
vn 0.552133501 -0.627068877 -0.549484491
vn 0.247404397 -0.857312977 -0.451448143
vn 0.242901742 -0.906924009 -0.344220251
vn -0.213557109 0.956299543 0.199711323
vn -0.870251656 0.491586894 0.0316912495
vn 0.956978023 0.247813985 -0.150934637
vn 0.719280064 0.66623044 0.19690901
vn -0.0316005722 -0.925049722 -0.37852934
vn 0.799277067 -0.461511225 -0.384920061
vn 0.987320781 0.130056426 -0.0910105556
vn 0.70407939 0.709233999 -0.0354873724
vn 0.41227293 -0.891180873 -0.18928203
vn 0.831975877 -0.554638028 -0.0138859684
vn -0.249330983 0.96569556 -0.0725681707
vn -0.850618482 0.508259952 -0.134610593
vn -0.950014591 -0.156305909 -0.270260453
vn -0.893451989 0.392562628 0.21826154
vn -0.979677022 -0.200481057 -0.00634618616
vn -0.364951044 -0.811675906 -0.456062376
vn -0.0316005722 -0.925049722 -0.37852934
vn -0.288612902 -0.944035113 -0.159688398
vn 0.247404397 -0.857312977 -0.451448143
vn -0.443308353 -0.867664278 -0.225025013
vn 0.140343249 -0.950423479 -0.277486891
vn 0.317401856 -0.904044688 -0.286285222
vn 0.242901742 -0.906924009 -0.344220251
vn 0.676081777 -0.719408572 -0.159263596
vn 0.998230159 -0.0310537294 0.0507180281
vn 0.895361245 0.240056425 -0.375101566
vn -0.315493703 0.859688759 -0.401745051
vn -0.970775306 -0.00969746523 -0.239794135
vn -0.456675172 -0.853246033 -0.251831621
vn -0.93631196 -0.182565421 -0.299982905
vn -0.649559259 -0.759166241 -0.0417048782
vn -0.822257638 0.416356623 -0.387994409
vn -0.0917443559 0.719896436 -0.687991381
vn -0.196554169 0.37428683 -0.906242788
vn -0.196554169 0.37428683 -0.906242788
vn -0.0917443559 0.719896436 -0.687991381
vn 0.918856859 0.344203532 -0.192940533
vn 0.918856859 0.344203532 -0.192940533
vn 0.918856859 0.344203532 -0.192940533
vn 0.41227293 -0.891180873 -0.18928203
vn -0.0316005722 -0.925049722 -0.37852934
vn 0.72132659 -0.287303537 -0.630194008
vn 0.664960742 -0.281644553 -0.691739559
vn 0.830779314 0.10781756 -0.546059608
vn 0.515012622 -0.318563312 -0.795788527
vn 0.854750872 0.22170876 -0.469303995
vn 0.895817697 0.110335737 -0.430507571
vn 0.414140791 -0.589965522 -0.693129182
vn 0.341941565 -0.236298919 -0.909526765
vn 1.57059503E-07 -0.663777828 -0.747929811
vn 0.0226871893 -0.27457732 -0.961297274
vn 0.835715473 0.430523127 -0.340924323
vn 0.928152204 0.144244388 -0.343113869
vn 0.398269892 -0.803295791 -0.442828327
vn 0.543013334 -0.773833454 -0.326064885
vn 2.10374168E-07 -0.815645993 -0.578551412
vn 0.285355359 -0.924396932 -0.253106058
vn 2.86264566E-07 -0.951923311 -0.306336582
vn 0.418765634 -0.896240354 -0.146248221
vn 0.747775674 -0.538555503 -0.388316423
vn 0.562111139 -0.796002984 -0.224522263
vn 0.626911879 -0.729669511 -0.273063958
vn 0.614510894 -0.422370553 -0.66631794
vn 0.995960295 -0.0645021573 0.0624707192
vn 0.997387946 0.0719753876 -0.00607024273
vn 0.96441853 0.00899248477 0.264227211
vn 0.969316363 0.24563314 0.00949283037
vn 0.823244512 0.561184525 0.0856759921
vn 0.949695826 -0.0337446481 0.311350375
vn 0.624302089 0.779305995 -0.0541198142
vn 0.922684073 0.208489284 -0.32432422
vn 0.791883707 0.5901227 -0.157084048
vn 0.941444039 -0.0535584129 -0.332888395
vn 0.801726997 0.505245268 -0.319313556
vn 0.910874546 0.320385814 -0.260116577
vn 0.922922492 0.00823490322 -0.38489756
vn 0.732854128 -0.433436334 -0.524459541
vn 0.588506937 -0.702554226 -0.400096238
vn 0.802506089 -0.595569193 0.0357970037
vn 0.872953355 0.32830283 -0.360790223
vn 0.94318223 -0.122696184 0.30879283
vn 0.890922368 0.193604812 -0.410821795
vn 0.89362824 0.00420040265 -0.448788375
vn 0.917272985 0.351325572 0.187565327
vn 0.828821838 -0.32331419 -0.456642359
vn 0.930846572 0.317282617 -0.181263283
vn 0.736625373 -0.482510895 -0.473884314
vn 0.95005399 0.213635102 -0.227502897
vn 0.925737858 0.267624319 0.267182887
vn 0.879630148 0.4464899 0.16400449
vn 0.924028635 -0.0232147556 0.381617963
vn 0.948791564 -0.103225075 0.298561811
vn 0.99036026 -0.0879283622 0.107028186
vn 0.994699836 -0.0656484142 0.0791371316
vn 0.651646197 -0.651274741 0.388842493
vn 0.996295393 -0.0441970229 0.0737701356
vn 0.708086014 -0.69352603 0.132799685
vn 0.606948078 -0.441811949 0.660618007
vn 0.994571269 0.103925548 0.00524410279
vn 0.86959362 -0.25816682 0.420899868
vn 0.881582856 -0.164152816 0.442567021
vn 0.48021245 -0.1857135 0.857266903
vn 0.430449069 0.000247720978 0.902614832
vn 0.356929302 0.0110042309 0.934066534
vn 0.948791564 -0.103225075 0.298561811
vn 0.924028635 -0.0232147556 0.381617963
vn 0.317827255 -0.00552011887 0.948132515
vn 0.301768452 0.523181081 0.797005177
vn 0.00285413722 0.891709089 0.452600032
vn -0 0.0308060888 0.999525428
vn -3.64202748E-07 0.945496678 0.325631976
vn -0 0.0662855804 0.997800648
vn 0.718295574 -0.0326948278 0.694969416
vn -2.89286902E-07 0.918915808 0.394453615
vn -0.0816198438 0.879361808 0.469106674
vn 0.154149562 0.574737012 0.803688586
vn 0.0305988956 0.858159959 0.512469769
vn 0.00613103202 0.816189647 0.577751458
vn -0.366394669 0.930450439 0.00412201229
vn 0.0719043836 0.98295331 0.169211581
vn -2.85565022E-07 0.977952003 0.208829761
vn -2.31042307E-07 0.764240503 0.644931436
vn 0.0447152592 0.98632592 0.158624396
vn -2.83004965E-07 0.994060934 -0.108825155
vn 0.127622962 0.980459332 -0.149706364
vn -2.66371671E-07 0.954320073 -0.298786461
vn 0.204556271 0.924902558 -0.32048741
vn 0.260920137 0.896870673 -0.357132554
vn 0.59088403 0.717101038 -0.369624227
vn 0.000144198944 0.957049608 -0.289924085
vn 0.153101549 0.942611516 -0.29672122
vn 0.0437603705 0.998272657 0.039200101
vn 0.182237595 0.970851123 -0.155684397
vn 0.482752621 0.832740664 -0.271095574
vn 0.418863624 0.825865388 -0.377491027
vn 0.786652327 0.509497225 -0.348698616
vn 0.649439216 0.5976879 -0.470104098
vn 0.895817697 0.110335737 -0.430507571
vn 0.854750872 0.22170876 -0.469303995
vn 0.872039437 0.367286742 -0.323492765
vn 0.928152204 0.144244388 -0.343113869
vn 0.949004233 0.281134367 -0.142668784
vn 0.838444173 0.217257366 -0.499810547
vn 0.959748387 -0.170524403 0.223169014
vn 0.885507286 -0.333971888 -0.323016465
vn 0.965736926 0.214792058 -0.145659029
vn 0.939410925 -0.145408168 0.310424745
vn 0.997387946 0.0719753876 -0.00607024273
vn 0.949695826 -0.0337446481 0.311350375
vn 0.95005399 0.213635102 -0.227502897
vn 0.910874546 0.320385814 -0.260116577
vn 0.95005399 0.213635102 -0.227502897
vn 0.688077092 0.57086122 -0.447959065
vn 0.0309216008 0.855038702 0.517641425
vn -0.0338429064 0.981641173 0.187710315
vn 0.879630148 0.4464899 0.16400449
vn 0.925737858 0.267624319 0.267182887
vn 0.688077092 0.57086122 -0.447959065
vn -3.10316921E-07 0.991190791 -0.132442161
vn -0.00613156008 0.816189647 0.577751458
vn -0.0719049871 0.982953191 0.169211611
vn -0.0305994581 0.858159959 0.512469709
vn 0.0816193596 0.879361928 0.469106436
vn 0.366394013 0.930450618 0.00412204303
vn -0.0447159074 0.98632592 0.158624426
vn -0.127623573 0.980459213 -0.149706274
vn -0.204556823 0.92490232 -0.32048735
vn -0.260920763 0.896870553 -0.357132494
vn -0.590884447 0.717100739 -0.369624227
vn -0.153210476 0.942650497 -0.296541035
vn -0.170384437 0.981149793 -0.0911825448
vn -0.482943028 0.832659125 -0.271006793
vn -0.315493703 0.859688759 -0.401745051
vn -0.786652565 0.509496927 -0.348698556
vn -0.672091246 0.592197239 -0.444517642
vn -0.895817697 0.110335156 -0.430507541
vn -0.868196547 0.207681626 -0.450669497
vn -0.872039616 0.367286235 -0.323492765
vn -0.928152323 0.144243792 -0.343113899
vn -0.949004412 0.281133741 -0.142668724
vn -0.838444352 0.217256814 -0.499810547
vn -0.959737659 -0.170551345 0.223194718
vn -0.885501981 -0.334002703 -0.322999209
vn -0.965736985 0.214791372 -0.145658985
vn -0.939393342 -0.145428628 0.310468197
vn -0.997387946 0.071974732 -0.00607026741
vn -0.949679375 -0.0337563939 0.311399668
vn -0.935206532 -0.327517867 -0.134613439
vn -0.736617029 -0.482525706 -0.473882198
vn -0.902207375 -0.203408986 -0.380324304
vn -0.828810751 -0.323325068 -0.456654906
vn -0.880084515 -0.19383429 0.433450758
vn -0.983798862 0.140590981 -0.111238457
vn -0.893618166 0.00419643661 -0.448808551
vn -0.986785471 -0.110393204 0.118608013
vn -0.890913367 0.193605855 -0.410840601
vn -0.87294209 0.328313679 -0.360807568
vn -0.918706119 -0.361982793 -0.157947555
vn -0.801712811 0.505264282 -0.319319159
vn -0.82506156 -0.26132828 -0.500979841
vn -0.941453338 -0.0534840785 -0.33287394
vn -0.791884184 0.590122044 -0.157083958
vn -0.922675133 0.208564565 -0.324301362
vn -0.624302566 0.779305637 -0.0541200228
vn -0.969304264 0.245679006 0.00954020582
vn -0.823244691 0.561184287 0.0856759474
vn -0.995960295 -0.0645024851 0.0624707043
vn -0.964406252 0.00900287926 0.264271587
vn -0.997387946 0.071974732 -0.00607026741
vn -0.928152323 0.144243792 -0.343113899
vn -0.835715771 0.43052277 -0.340924323
vn -0.895817697 0.110335156 -0.430507541
vn -0.830779314 0.107817039 -0.546059668
vn -0.868196547 0.207681626 -0.450669497
vn -0.793811619 -0.244231805 -0.55696851
vn -0.664960563 -0.281644881 -0.691739559
vn -0.612936139 -0.324799716 -0.72028774
vn -0.414140373 -0.589965761 -0.693129122
vn -0.366500646 -0.385400683 -0.846843302
vn 1.57059503E-07 -0.663777828 -0.747929811
vn 0.0226871893 -0.27457732 -0.961297274
vn -0.398269564 -0.80329591 -0.442828536
vn -0.543012917 -0.773833752 -0.326064944
vn 2.10374168E-07 -0.815645993 -0.578551412
vn -0.285354763 -0.924397111 -0.253106236
vn 2.86264566E-07 -0.951923311 -0.306336582
vn -0.418765157 -0.896240532 -0.14624837
vn -0.747775316 -0.538555741 -0.388316512
vn -0.562110782 -0.796003282 -0.224522367
vn -0.626911461 -0.729669809 -0.273063987
vn -0.614510357 -0.422371596 -0.666317701
vn 1.24031004E-07 -0.562478423 -0.826812029
vn -0.979664922 0.176748037 -0.0949564651
vn -0.994571269 0.1039249 0.00524386438
vn -0.810069621 -0.0926932096 -0.578960478
vn -0.721446991 -0.692384899 -0.0108366059
vn -0.782354534 -0.595400751 -0.182809606
vn -0.626911461 -0.729669809 -0.273063987
vn -0.996295393 -0.0441975892 0.0737702101
vn -0.994699717 -0.0656489804 0.0791371837
vn -0.651645839 -0.651275158 0.388842523
vn -0.708085775 -0.693526268 0.132799745
vn -0.99036026 -0.0879289582 0.107028276
vn -0.60694778 -0.441812396 0.660618067
vn -0.869593441 -0.258167326 0.420899928
vn -0.881582737 -0.164153308 0.442566961
vn -0.480212271 -0.185713738 0.857266903
vn -0.430449039 0.000247490301 0.902614832
vn -0.356929332 0.0110040195 0.934066534
vn -0.948791504 -0.103225552 0.298561931
vn -0.924028516 -0.0232152138 0.381618023
vn -0.317827225 -0.00552034657 0.948132515
vn -0.301768661 0.523181319 0.797005057
vn -0.00285470299 0.891709089 0.452599972
vn -0.718295395 -0.0326951221 0.694969535
vn -0.154149905 0.574736953 0.803688526
vn -0.030922126 0.855038702 0.517641425
vn 0.0338423066 0.981641293 0.187710285
vn -0.879630446 0.446489364 0.164004534
vn -0.925737977 0.267623842 0.267182946
vn -0.199252963 0.239923626 0.950123608
vn -0.289508075 -0.395968676 0.871432066
vn -0.761966169 -0.210374281 0.612495124
vn -0.612288773 -0.390781283 0.687308013
vn 1.63164032E-07 -0.421369165 0.9068892
vn 2.18160778E-07 -0.570749402 0.821124375
vn 0.612289071 -0.390780926 0.687308013
vn 0.54173559 -0.74467504 0.389848202
vn 0.812832415 -0.504995465 0.290315419
vn 3.1927479E-07 -0.915625155 0.402032882
vn 0.289508343 -0.395968527 0.871432066
vn 0.761966228 -0.210373849 0.612495124
vn 0.199252874 0.239924014 0.950123608
vn 0.794059396 -0.514335215 0.323927313
vn 0.719316661 -0.670945704 0.180043131
vn 0.648149371 -0.660747707 0.378569543
vn 0.849039316 -0.524350166 0.0647233576
vn 0.413618654 -0.725841403 0.549612463
vn 2.63643045E-07 -0.730864346 0.682522774
vn -1.81201258E-07 0.888650298 0.458585531
vn 1.63164032E-07 -0.421369165 0.9068892
vn 0.837675512 -0.545779467 0.0206049811
vn 0.326960206 -0.885999799 -0.328787714
vn 0.782354832 -0.595400393 -0.182809591
vn 0.626911879 -0.729669511 -0.273063958
vn 0.721447408 -0.692384481 -0.0108365091
vn 0.626911879 -0.729669511 -0.273063958
vn 0.979664922 0.176748544 -0.0949565992
vn 0.810069621 -0.0926926509 -0.578960538
vn 1.24031004E-07 -0.562478423 -0.826812029
vn 0.99036026 -0.0879283622 0.107028186
vn 0.199252874 0.239924014 0.950123608
vn -1.81201258E-07 0.888650298 0.458585531
vn -0.199252963 0.239923626 0.950123608
vn 1.63164032E-07 -0.421369165 0.9068892
vn -1.81201258E-07 0.888650298 0.458585531
vn -0.949679375 -0.0337563939 0.311399668
vn -0.880084515 -0.19383429 0.433450758
vn -0.899804175 0.0441577509 0.43405354
vn -0.97622323 0.13104488 -0.172671556
vn -0.879630446 0.446489364 0.164004534
vn -0.925737977 0.267623842 0.267182946
vn -0.924028516 -0.0232152138 0.381618023
vn -0.948791504 -0.103225552 0.298561931
vn -0.99036026 -0.0879289582 0.107028276
vn -0.688077509 0.570860803 -0.447959065
vn -0.326959878 -0.885999918 -0.328787744
vn -0.849039078 -0.524350584 0.0647233874
vn -0.837675154 -0.545780003 0.0206049606
vn -0.626911461 -0.729669809 -0.273063987
vn -0.719316185 -0.670946062 0.180043101
vn -0.794059098 -0.514335632 0.323927343
vn -0.812832177 -0.504995823 0.290315419
vn -0.648148894 -0.660748065 0.378569543
vn -0.541735113 -0.744675398 0.389848202
vn -0.413618147 -0.725841641 0.549612463
vn -0.688077509 0.570860803 -0.447959065
vn 0.413618654 -0.725841403 0.549612463
vn 0.461362302 -0.413296729 0.785067379
vn 0.495922834 -0.270445108 0.825178742
vn 0.360293776 -0.505499423 0.784001708
vn 0.536843956 -0.544172347 0.64472872
vn 0.289105564 -0.51345247 0.807950795
vn 0.458544046 -0.706876636 0.538574874
vn 0.353764355 -0.587915003 0.727466047
vn 0.214985967 -0.729962945 0.648795128
vn 0.196945876 -0.609452367 0.767971337
vn 1.48397575E-07 -0.730764329 0.682629824
vn 2.54431455E-07 -0.616104901 0.787664115
vn 0.219005033 -0.262774557 0.939673483
vn 1.06549017E-07 -0.276558459 0.960997105
vn 0.413618654 -0.725841403 0.549612463
vn 0.648149371 -0.660747707 0.378569543
vn 2.63643045E-07 -0.730864346 0.682522774
vn 0.393758625 -0.701582074 0.593916535
vn -0 -0.612824798 0.79021883
vn -0 -0.672735214 0.739883363
vn 0.20252803 -0.523370504 0.827686965
vn 0.455500454 -0.887107193 -0.0745669529
vn 0.304730982 -0.906382203 0.292592466
vn -0 -0.672735214 0.739883363
vn 3.32887794E-07 -0.7675969 0.640933037
vn 0.0494850501 -0.982650697 0.178742245
vn 0.207939669 -0.618858099 0.757479906
vn 0.430175662 -0.551427841 0.714756072
vn 0.514782012 -0.40882957 0.753563523
vn 0.605487645 -0.382683069 0.697809696
vn 0.96298629 -0.201859981 0.178634018
vn 0.949317634 -0.193537086 0.247668356
vn 0.828286231 -0.483170599 0.283704191
vn 0.786294937 -0.617473483 0.0216067303
vn 0.690557122 -0.717307806 -0.0927385241
vn 0.756159842 -0.649410725 0.0805487558
vn 0.535039067 -0.796251535 -0.282341421
vn 0.0494850501 -0.982650697 0.178742245
vn 0.719316661 -0.670945704 0.180043131
vn 0.860091567 -0.457806587 0.225067973
vn 0.978414297 -0.0520569608 0.199989244
vn 0.92737186 -0.33837083 0.159645289
vn 0.848679662 -0.499194324 0.174779117
vn 0.487020463 -0.828195393 0.277314872
vn 0.747131348 -0.662947536 0.0479098111
vn 0.404575735 -0.696532369 0.592588544
vn 0.609708369 -0.76878345 -0.192945063
vn 0.375946432 -0.814022422 0.442754716
vn 0.543290079 -0.839272559 -0.0213907156
vn 0.328545004 -0.9280442 0.175476998
vn 0.639189422 -0.755725741 0.142532185
vn 0.585890234 -0.730073333 0.351746619
vn 0.740275621 -0.646374106 0.184912384
vn 0.610432684 -0.756913066 -0.233355135
vn 0.590885043 -0.741788685 0.317181945
vn 0.0494850501 -0.982650697 0.178742245
vn 0.514176726 -0.823578298 0.239459783
vn 3.32887794E-07 -0.7675969 0.640933037
vn -0 -0.937182486 0.348839611
vn 0.524203956 -0.831737578 0.182819173
vn 0.70281297 -0.594136298 0.391223729
vn 0.738936841 -0.652956843 0.166192219
vn 0.732027471 -0.667686403 -0.135391057
vn 0.682661533 -0.711844981 -0.165075973
vn 0.873234808 -0.419975728 -0.247146234
vn 0.948361337 -0.144343957 0.28244552
vn 0.837675512 -0.545779467 0.0206049811
vn 0.871269405 -0.0732047111 -0.485315114
vn 0.0953719988 -0.842348516 -0.530427158
vn 0.70713973 -0.589764476 0.39004004
vn 0.290804982 -0.94203341 0.1673484
vn 0.616074383 -0.757639408 -0.215487465
vn 0.981253088 0.0303737391 -0.190314844
vn 0.981253088 0.0303737391 -0.190314844
vn 0.618890703 -0.10885486 -0.777897775
vn 0.683971763 -0.398672044 -0.610936224
vn 0.922790647 -0.161862075 -0.349654049
vn 0.464696169 -0.707707047 -0.532173097
vn 0.326960206 -0.885999799 -0.328787714
vn 0.596626699 -0.756492615 -0.267872274
vn 0.698025703 -0.683294475 -0.214169994
vn 0.60951972 -0.786227703 0.101644851
vn 0.887225688 -0.298968166 -0.351352602
vn -0.536083758 -0.825328767 0.177331641
vn -0.484414846 -0.861482739 -0.152281865
vn 0.618890703 -0.10885486 -0.777897775
vn -0.0786376894 -0.392141789 -0.916537464
vn -0.583545506 -0.639143646 0.500969172
vn 0.539321899 -0.739832819 0.402217984
vn 0.974773824 -0.0516766533 -0.217130497
vn 0.887225688 -0.298968166 -0.351352602
vn 0.784971118 -0.364449382 0.500995994
vn 0.415433615 -0.620743394 -0.664900362
vn -0.573372662 -0.252648771 0.779366672
vn 0.968852639 0.0833674446 -0.233183041
vn 0.781921923 0.354458272 -0.51279366
vn 0.747775674 -0.538555503 -0.388316423
vn 0.887225688 -0.298968166 -0.351352602
vn 0.731940627 0.610417128 -0.302744001
vn 0.614510894 -0.422370553 -0.66631794
vn 0.985663652 -0.0335915908 -0.165344179
vn 0.541402578 0.698807299 -0.467495054
vn 0.715820909 -0.675916553 -0.175320059
vn 0.93405062 0.157627508 -0.320473015
vn 0.521888912 -0.836223543 0.168410853
vn 0.889894307 -0.269768745 -0.36784935
vn 0.636601865 -0.69570297 0.332769483
vn 0.964773834 0.165767089 -0.20428583
vn 0.699043393 -0.287111402 0.654908717
vn 0.784570694 -0.523407996 -0.332404733
vn 0.684061468 -0.277695626 -0.674496174
vn -0.118337572 -0.878974855 0.461951733
vn 0.715820909 -0.675916553 -0.175320059
vn -0.0321024545 -0.763364315 0.645170152
vn 0.699043393 -0.287111402 0.654908717
vn -0.181406334 -0.602090418 0.777546704
vn 0.290084422 0.693665564 -0.659301996
vn -0.36786589 0.302738011 -0.879218042
vn -0.444512993 -0.893998504 0.0563457794
vn 0.245693251 0.502087295 -0.829182267
vn -0 -0.740103722 0.672492743
vn -0 -0.709378421 0.704827785
vn -0.413839072 -0.676661789 -0.608987749
vn -2.19603407E-07 0.756338835 -0.65418005
vn 1.91065695E-07 -0.744355559 0.667783558
vn -0.257219434 -0.610771 0.748863757
vn 4.02376088E-07 -0.863886833 0.503686011
vn -0.752197921 -0.643257439 -0.142892271
vn 0.415433615 -0.620743394 -0.664900362
vn 0.715820909 -0.675916553 -0.175320059
vn -0.497640163 -0.683276832 0.534309864
vn 0.220336676 -0.886110961 0.407748669
vn -0.658871949 -0.683582127 0.314011693
vn -0.756000519 -0.638133824 -0.145768881
vn 0.307044506 -0.90714407 0.287773013
vn 0.160429761 -0.890447617 0.425869942
vn 3.73878663E-07 -0.842126489 0.539280057
vn -0 -0.991218865 0.132231146
vn 1.33789158E-07 -0.935516834 0.353282183
vn -0.203857452 -0.921411932 0.330820441
vn -0.054179091 -0.850760281 0.522753716
vn 2.63403308E-07 -0.734419882 0.678695321
vn -0.576934218 -0.813176155 -0.0767559111
vn 3.27206038E-07 -0.999247193 -0.038793847
vn -0.509074092 -0.56165123 -0.652220309
vn -0.463369519 -0.606617212 -0.645990849
vn 3.27206038E-07 -0.999247193 -0.038793847
vn 1.88463957E-07 -0.713546336 -0.700607955
vn -0.154947519 -0.203627199 -0.966709495
vn -0.250370353 0.0735033229 -0.965355814
vn -0.271311432 0.442819566 -0.854576468
vn 0.16080597 0.242750555 -0.95666796
vn 0.618890703 -0.10885486 -0.777897775
vn 0.922790647 -0.161862075 -0.349654049
vn -0.20736371 -0.312518269 -0.927002013
vn -0 -0.209129825 -0.977887928
vn -0 0.149389878 -0.988778412
vn -0.183602378 0.379139274 -0.90694195
vn -0 0.149389878 -0.988778412
vn -0.390309542 0.233695135 -0.890530705
vn 0.0240479428 0.918244302 -0.39528352
vn -2.84701542E-07 0.495209277 -0.868773699
vn -0 0.149389878 -0.988778412
vn -2.84701542E-07 0.495209277 -0.868773699
vn 0.981253088 0.0303737391 -0.190314844
vn -0.000594947953 0.57407999 -0.8187989
vn 0.981253088 0.0303737391 -0.190314844
vn -0.0284808408 0.964382291 -0.262974739
vn -0.390309542 0.233695135 -0.890530705
vn -2.28187488E-07 0.345197201 -0.938530147
vn -0.367828399 0.526100039 -0.766760051
vn -0.000594947953 0.57407999 -0.8187989
vn -2.28187488E-07 0.345197201 -0.938530147
vn -0.367828399 0.526100039 -0.766760051
vn 0.887225688 -0.298968166 -0.351352602
vn 0.326960206 -0.885999799 -0.328787714
vn 0.747775674 -0.538555503 -0.388316423
vn 0.887225688 -0.298968166 -0.351352602
vn 0.837675512 -0.545779467 0.0206049811
vn 0.326960206 -0.885999799 -0.328787714
vn 0.626911879 -0.729669511 -0.273063958
vn -0.498985827 -0.280388057 -0.81999743
vn 0.684061468 -0.277695626 -0.674496174
vn 0.784570694 -0.523407996 -0.332404733
vn -0.413839072 -0.676661789 -0.608987749
vn -0 -0.954062939 -0.299606264
vn -0 -0.0735913217 -0.997288585
vn 0.245693251 0.502087295 -0.829182267
vn -0 -0.150994048 -0.988534629
vn -0 -0.0735913217 -0.997288585
vn 0.023801133 0.798229635 -0.601882875
vn 0.93405062 0.157627508 -0.320473015
vn -4.19903188E-07 0.860061824 -0.510189772
vn -3.22179858E-07 0.840151846 -0.542351186
vn -2.10117676E-07 0.592704058 -0.805420339
vn 0.023801133 0.798229635 -0.601882875
vn 0.989178538 -0.033018209 -0.142952815
vn -3.29857471E-07 0.99999404 -0.00347834406
vn -6.03746855E-07 0.889705777 -0.456534296
vn 0.9983145 -0.0149012031 -0.056090124
vn -9.47380522E-06 -0.461923569 -0.886919796
vn 8.43557245E-07 -0.998129427 0.0611374155
vn 3.32973428E-07 -0.938913882 -0.344152153
vn -0.9983145 -0.0149029717 -0.0560898557
vn -0.989178538 -0.0330187939 -0.142952725
vn -2.19603407E-07 0.756338835 -0.65418005
vn -0.245693415 0.502087295 -0.829182148
vn 0.367863357 0.302738488 -0.879218996
vn -0.290084392 0.693665624 -0.659301877
vn -0.889894068 -0.269769669 -0.367848992
vn -0.964774013 0.165766135 -0.204285502
vn -0.636601567 -0.695703387 0.332769036
vn -0.521888077 -0.836224198 0.168410257
vn -0.934050322 0.157627866 -0.320473731
vn -0.715819895 -0.675917923 -0.175319493
vn -0.985663652 -0.0335921086 -0.165344268
vn -0.699043155 -0.287111819 0.654908776
vn -0.784570873 -0.523408055 -0.332404137
vn -0.684060931 -0.277695924 -0.674496531
vn 0.118338197 -0.878974855 0.461951643
vn -0.715819895 -0.675917923 -0.175319493
vn 0.0321026519 -0.763364315 0.645169973
vn -0.699043155 -0.287111819 0.654908776
vn 0.181406349 -0.60209024 0.777546823
vn -0.968852758 0.0833664462 -0.233183056
vn -0.731941104 0.610416472 -0.302744001
vn -0.781921923 0.354457557 -0.512794137
vn -0.974773824 -0.0516776592 -0.217130199
vn -0.747775316 -0.538555741 -0.388316512
vn -0.887225509 -0.298968792 -0.351352602
vn -0.415433347 -0.62074405 -0.664899886
vn -0.784971118 -0.364449918 0.500995576
vn -0.539321184 -0.739833176 0.402218312
vn -0.609519362 -0.786227942 0.101644792
vn -0.887225509 -0.298968792 -0.351352602
vn 0.583545685 -0.639143229 0.500969291
vn 0.573372662 -0.252648324 0.779366791
vn 0.536083996 -0.825328648 0.177331686
vn -0.698025703 -0.683294475 -0.214170039
vn -0.596626282 -0.756492913 -0.267872274
vn -0.887225509 -0.298968792 -0.351352602
vn 0.484415025 -0.86148262 -0.152282029
vn -0.464695841 -0.707707345 -0.532173038
vn -0.326959878 -0.885999918 -0.328787744
vn -0.0953720212 -0.842348695 -0.530427098
vn -0.618890524 -0.108856 -0.777897716
vn -0.871269524 -0.0732052326 -0.485314935
vn -0.837675154 -0.545780003 0.0206049606
vn -0.948361218 -0.144344553 0.28244558
vn -0.860091388 -0.457806945 0.225068033
vn -0.719316185 -0.670946062 0.180043101
vn -0.962986052 -0.201860592 0.178634137
vn -0.648148894 -0.660748065 0.378569543
vn -0.605487823 -0.382683724 0.697809279
vn -0.461362332 -0.413296878 0.785067201
vn -0.413618147 -0.725841641 0.549612463
vn -0.514781773 -0.408829898 0.753563464
vn -0.360293478 -0.50549978 0.784001648
vn -0.495922625 -0.270445436 0.825178862
vn -0.413618147 -0.725841641 0.549612463
vn -0.536843419 -0.544172764 0.64472878
vn -0.289105028 -0.513452709 0.807950854
vn -0.45854339 -0.706877232 0.538574636
vn -0.353764087 -0.587915242 0.727465987
vn -0.214985639 -0.729963183 0.648794889
vn -0.196945623 -0.609452784 0.767971158
vn 1.48397575E-07 -0.730764329 0.682629824
vn 2.54431455E-07 -0.616104901 0.787664115
vn -0.219004869 -0.262774527 0.939673603
vn 1.06549017E-07 -0.276558459 0.960997105
vn 2.63643045E-07 -0.730864346 0.682522774
vn -0.393757939 -0.701582134 0.593916833
vn -0 -0.612824798 0.79021883
vn -0 -0.672735214 0.739883363
vn -0.202527344 -0.523369849 0.827687502
vn -0.455500424 -0.887107074 -0.0745681301
vn -0.304729998 -0.906382322 0.292593241
vn -0 -0.672735214 0.739883363
vn 3.32887794E-07 -0.7675969 0.640933037
vn -0.049485907 -0.982650816 0.178741127
vn -0.207939625 -0.618858755 0.75747937
vn -0.430175394 -0.551428318 0.714755833
vn -0.828285933 -0.483171135 0.283704191
vn -0.949317515 -0.19353725 0.247668386
vn -0.78629452 -0.61747396 0.021606952
vn -0.690557063 -0.717307746 -0.0927391499
vn -0.756159127 -0.64941138 0.0805484653
vn -0.535040259 -0.796250105 -0.282343179
vn -0.049485907 -0.982650816 0.178741127
vn -0.978414297 -0.0520575866 0.199989185
vn -0.92737174 -0.338371307 0.159644827
vn -0.848679781 -0.499194324 0.174778968
vn -0.487018794 -0.828196347 0.277314931
vn -0.74713099 -0.662947953 0.0479098372
vn -0.404574603 -0.696532845 0.592588782
vn -0.609708428 -0.768783271 -0.192945167
vn -0.375945956 -0.814022899 0.44275409
vn -0.543289125 -0.839273036 -0.0213914551
vn -0.328545034 -0.928044498 0.175475076
vn -0.639188349 -0.755727053 0.14253059
vn -0.585889697 -0.730074346 0.351745456
vn -0.740275323 -0.646374643 0.184911489
vn -0.610432506 -0.756912887 -0.233355924
vn -0.59088403 -0.741789579 0.317181826
vn -0.049485907 -0.982650816 0.178741127
vn -0.514176548 -0.823578477 0.239459813
vn 3.32887794E-07 -0.7675969 0.640933037
vn -0 -0.937182486 0.348839611
vn -0.524203598 -0.831737638 0.182819754
vn -0.70281285 -0.594136119 0.391224295
vn -0.738936365 -0.652957141 0.16619283
vn -0.732026815 -0.667687058 -0.135390595
vn -0.682661235 -0.711845279 -0.165075988
vn -0.87323463 -0.419976145 -0.247146368
vn -0.70713979 -0.589764714 0.390039533
vn -0.290804744 -0.942033529 0.167348206
vn -0.981252372 0.0303728264 -0.190318689
vn -0.981252372 0.0303728264 -0.190318689
vn -0.616073966 -0.757639587 -0.215488017
vn -0.922790408 -0.161862165 -0.349654615
vn -0.683971226 -0.39867264 -0.610936642
vn -0.16080606 0.242750645 -0.95666796
vn 0.176345438 -0.907884717 -0.380325526
vn 7.68853567E-07 -1 0.000306917238
vn 3.62257992E-07 -0.5483464 -0.836251378
vn -0.922790408 -0.161862165 -0.349654615
vn 4.70486242E-07 -0.985101819 -0.171972349
vn -0 -0.937182486 0.348839611
vn 0.0786367357 -0.392140329 -0.916538119
vn -0.618890524 -0.108856 -0.777897716
vn 0.509074628 -0.561651111 -0.652220249
vn 0.756000936 -0.638133287 -0.145768762
vn 0.658872306 -0.683581769 0.314011663
vn 0.497640669 -0.683276415 0.534309804
vn 0.75219816 -0.64325726 -0.142891705
vn 0.25722 -0.610770822 0.748863697
vn -0.220335945 -0.886110961 0.407749176
vn -0.307043821 -0.907144368 0.287772834
vn -0.16042915 -0.890447855 0.425869763
vn 3.73878663E-07 -0.842126489 0.539280057
vn -0 -0.991218865 0.132231146
vn 1.33789158E-07 -0.935516834 0.353282183
vn 0.203857809 -0.921411753 0.330820709
vn 0.0541792959 -0.850760102 0.522754073
vn 2.63403308E-07 -0.734419882 0.678695321
vn 0.576934516 -0.813175976 -0.0767556578
vn 3.27206038E-07 -0.999247193 -0.038793847
vn 0.463369638 -0.606617033 -0.645991087
vn 3.27206038E-07 -0.999247193 -0.038793847
vn 1.88463957E-07 -0.713546336 -0.700607955
vn 0.207363844 -0.312518179 -0.927001894
vn 0.154947564 -0.203626871 -0.966709614
vn 0.250370294 0.0735034645 -0.965355814
vn 0.271311164 0.442819893 -0.854576349
vn -0.922790408 -0.161862165 -0.349654615
vn -0 -0.209129825 -0.977887928
vn -0 0.149389878 -0.988778412
vn 0.183602229 0.379139304 -0.90694195
vn -0 0.149389878 -0.988778412
vn 0.390309691 0.233695194 -0.890530646
vn -0.0240483694 0.918244421 -0.395283431
vn -2.84701542E-07 0.495209277 -0.868773699
vn -0 0.149389878 -0.988778412
vn -2.84701542E-07 0.495209277 -0.868773699
vn -0.981252372 0.0303728264 -0.190318689
vn 0.000594344572 0.574080348 -0.81879878
vn 0.390309691 0.233695194 -0.890530646
vn -2.28187488E-07 0.345197201 -0.938530147
vn -0.981252372 0.0303728264 -0.190318689
vn 0.0284799691 0.964382172 -0.262975216
vn 0.367827475 0.526100755 -0.766760051
vn 0.000594344572 0.574080348 -0.81879878
vn 0.367827475 0.526100755 -0.766760051
vn -2.28187488E-07 0.345197201 -0.938530147
vn 0.731940627 0.610417128 -0.302744001
vn 0.747775674 -0.538555503 -0.388316423
vn 0.922790647 -0.161862075 -0.349654049
vn -0.0284808408 0.964382291 -0.262974739
vn 0.916859329 0.374904245 0.13717097
vn 0.684343994 -0.676811397 0.271292508
vn 0.981253088 0.0303737391 -0.190314844
vn -0.176345095 -0.907885134 -0.380325049
vn -0.176345095 -0.907885134 -0.380325049
vn 7.68853567E-07 -1 0.000306917238
vn 3.62257992E-07 -0.5483464 -0.836251378
vn 4.70486242E-07 -0.985101819 -0.171972349
vn -0 -0.937182486 0.348839611
vn -0.367828399 0.526100039 -0.766760051
vn -0.176345095 -0.907885134 -0.380325049
vn -2.28187488E-07 0.345197201 -0.938530147
vn 3.62257992E-07 -0.5483464 -0.836251378
vn -4.19903188E-07 0.860061824 -0.510189772
vn 0.614510894 -0.422370553 -0.66631794
vn 1.24031004E-07 -0.562478423 -0.826812029
vn 0.599146008 -0.774638057 0.202385888
vn 0.790143311 -0.543605089 -0.283137858
vn 0.670398831 -0.690844595 -0.270738155
vn 0.309111506 -0.805961072 -0.504853368
vn 0.596086085 -0.798787832 -0.0813583434
vn 0.576719761 -0.718804538 0.388219506
vn 0.367673874 -0.728248119 0.578334391
vn 0.367609411 -0.76789844 0.524590611
vn 0.596086085 -0.798787832 -0.0813583434
vn 0.596086085 -0.798787832 -0.0813583434
vn 3.73878663E-07 -0.842126489 0.539280057
vn 1.33789158E-07 -0.935516834 0.353282183
vn 0.0240479428 0.918244302 -0.39528352
vn 0.922790647 -0.161862075 -0.349654049
vn -0.0148314517 -0.539404869 0.841915846
vn 0.910018325 0.120122217 0.39678359
vn 0.536043406 -0.662235975 -0.523546696
vn 0.415433615 -0.620743394 -0.664900362
vn -0.820843995 -0.558964491 -0.117361642
vn 0.784971118 -0.364449382 0.500995994
vn -0.820843995 -0.558964491 -0.117361642
vn 0.415433615 -0.620743394 -0.664900362
vn -0.752197921 -0.643257439 -0.142892271
vn -0.573372662 -0.252648771 0.779366672
vn -0.321110129 0.498409837 0.80528003
vn -0.0148314517 -0.539404869 0.841915846
vn -0.321110129 0.498409837 0.80528003
vn 0.910018325 0.120122217 0.39678359
vn -0.321110129 0.498409837 0.80528003
vn 0.784971118 -0.364449382 0.500995994
vn -0.573372662 -0.252648771 0.779366672
vn 0.699043393 -0.287111402 0.654908717
vn 0.547517061 -0.417385787 -0.725268304
vn 0.776729941 0.0747525245 0.625382006
vn 0.494218796 -0.739740312 -0.456652969
vn 0.780217528 0.275228381 0.561702669
vn -0.789993584 0.453883082 0.412189633
vn -0.764510751 -0.0836269781 0.639163375
vn -0.232202485 -0.395451695 0.888650656
vn -0.770756662 -0.512946188 -0.377915859
vn -0.232202485 -0.395451695 0.888650656
vn -0.789993584 0.453883082 0.412189633
vn -0.764510751 -0.0836269781 0.639163375
vn -0.674388111 -0.475943863 -0.564515889
vn 0.684061468 -0.277695626 -0.674496174
vn 0.699043393 -0.287111402 0.654908717
vn -0.413839072 -0.676661789 -0.608987749
vn -0.181406334 -0.602090418 0.777546704
vn -0.181406334 -0.602090418 0.777546704
vn 0.776729941 0.0747525245 0.625382006
vn 0.699043393 -0.287111402 0.654908717
vn 0.270679265 -0.872985542 0.40574491
vn -0.498985827 -0.280388057 -0.81999743
vn 0.784570694 -0.523407996 -0.332404733
vn -0.922403157 -0.313619852 -0.22542195
vn 0.187047094 -0.733706772 0.653213382
vn -0.967241645 -0.196160361 -0.161135584
vn 0.990857065 0.0359646901 -0.13003391
vn 0.995279431 0.0555764399 -0.0795615092
vn 0.964773834 0.165767089 -0.20428583
vn 0.784570694 -0.523407996 -0.332404733
vn 0.290084422 0.693665564 -0.659301996
vn 0.139335603 0.708165407 -0.692161381
vn 0.0802602395 0.517305255 -0.852029085
vn -0.967241645 -0.196160361 -0.161135584
vn -0.922403157 -0.313619852 -0.22542195
vn -0.498985827 -0.280388057 -0.81999743
vn 0.245693251 0.502087295 -0.829182267
vn 0.104677051 -0.878911853 -0.465356499
vn 0.104677051 -0.878911853 -0.465356499
vn -0.19845441 -0.352925181 -0.914362967
vn 0.492987961 -0.867998719 -0.0595070794
vn 0.924067199 0.346540362 -0.161274835
vn -0.258906603 0.890895784 -0.373191774
vn 0.0240479428 0.918244302 -0.39528352
vn 0.922790647 -0.161862075 -0.349654049
vn -0.390309542 0.233695135 -0.890530705
vn -0.901188254 -0.430311769 -0.0518796332
vn -0.19845441 -0.352925181 -0.914362967
vn -0.390309542 0.233695135 -0.890530705
vn 0.616074383 -0.757639408 -0.215487465
vn 0.922790647 -0.161862075 -0.349654049
vn 0.492987961 -0.867998719 -0.0595070794
vn -0.176345095 -0.907885134 -0.380325049
vn 0.711159945 -0.694292665 -0.110495768
vn -0.528059244 -0.793320656 -0.302978218
vn 0.684343994 -0.676811397 0.271292508
vn 0.887767673 0.459288895 0.030368112
vn 0.916859329 0.374904245 0.13717097
vn 0.173068777 0.984840691 0.0116649317
vn -0.0284808408 0.964382291 -0.262974739
vn -0.824795902 0.509432912 -0.245336056
vn -0.367828399 0.526100039 -0.766760051
vn -0.824795902 0.509432912 -0.245336056
vn -0.367828399 0.526100039 -0.766760051
vn 0.747071505 -0.537940681 -0.390517622
vn -0.593229949 -0.65465486 -0.468513846
vn 0.887568355 0.452374429 0.0870616958
vn 0.196708158 0.930719554 0.308329284
vn -0.856246352 0.503367126 0.11603272
vn -0.856246352 0.503367126 0.11603272
vn -0.0563064069 0.599372745 -0.798487306
vn -0.0563064069 0.599372745 -0.798487306
vn -0.19845441 -0.352925181 -0.914362967
vn -0.258906603 0.890895784 -0.373191774
vn -0.901188254 -0.430311769 -0.0518796332
vn 0.0240479428 0.918244302 -0.39528352
vn -0.901188254 -0.430311769 -0.0518796332
vn 0.0240479428 0.918244302 -0.39528352
vn -0.390309542 0.233695135 -0.890530705
vn 0.93405062 0.157627508 -0.320473015
vn 0.418976367 -0.902120173 -0.103140704
vn 0.889894307 -0.269768745 -0.36784935
vn 0.885622919 0.448417097 -0.120806023
vn 0.111308247 -0.248185098 -0.962296486
vn -0.459446996 0.873779774 -0.159428313
vn 0.023801133 0.798229635 -0.601882875
vn 0.93405062 0.157627508 -0.320473015
vn 0.889894307 -0.269768745 -0.36784935
vn -0.89312005 -0.435721725 -0.111727469
vn 0.111308247 -0.248185098 -0.962296486
vn -0.89312005 -0.435721725 -0.111727469
vn -0.36786589 0.302738011 -0.879218042
vn 0.023801133 0.798229635 -0.601882875
vn 0.889894307 -0.269768745 -0.36784935
vn -0.36786589 0.302738011 -0.879218042
vn 0.245693251 0.502087295 -0.829182267
vn 3.32973428E-07 -0.938913882 -0.344152153
vn -0 -0.150994048 -0.988534629
vn 3.32973428E-07 -0.938913882 -0.344152153
vn 0.402831882 0.870658815 0.282275647
vn -0.111842312 0.905362368 -0.4096466
vn 0.092964761 0.923409641 0.372387022
vn 0.67067492 0.514818013 0.534001589
vn 0.605806828 0.561265051 0.563896954
vn 0.834468186 -0.211911529 0.508681178
vn 0.924875796 -0.15135777 0.348848999
vn 0.516175151 -0.844795406 0.141010433
vn 0.599800944 -0.798443198 -0.0522234179
vn -0.00484495005 -0.87516737 -0.483795971
vn 0.117336012 -0.955646098 -0.270134866
vn -0.388304979 -0.288734585 -0.875129521
vn -0.166300192 -0.755324602 -0.633899808
vn 0.552782476 0.534317732 0.639481008
vn -0.082035251 0.885739446 0.456876129
vn -0.111842312 0.905362368 -0.4096466
vn 0.582248628 0.429215521 0.690478504
vn -0.198748663 0.815711856 0.54324317
vn -0.66787827 0.740874112 -0.0710227937
vn -0.111842312 0.905362368 -0.4096466
vn -0.783669293 0.615295708 0.0852857903
vn -0.134607211 -0.782815814 -0.607519746
vn 0.619478643 -0.757731915 -0.205155253
vn -0.691964507 -0.254166573 -0.67571038
vn -0.766955435 -0.282153696 -0.576340795
vn -0.132151797 -0.730452478 -0.670056045
vn 0.693540931 -0.683736384 -0.226948082
vn 0.921275735 -0.234379753 0.310350239
vn 0.92400521 -0.165359139 0.344776362
vn -0.838420212 0.226360828 -0.495794564
vn -0.421644568 0.364130288 -0.830436707
vn -0.111842312 0.905362368 -0.4096466
vn -0.93492198 0.175177097 -0.308600038
vn -0.66787827 0.740874112 -0.0710227937
vn -0.111842312 0.905362368 -0.4096466
vn -0.783669293 0.615295708 0.0852857903
vn -0.0474067293 -0.722734213 -0.689498305
vn 0.696354508 -0.642163932 -0.32049337
vn -0.792905748 -0.271528691 -0.545502186
vn -0.777502775 -0.397181332 -0.487582177
vn -0.046120964 -0.926490784 -0.373480499
vn 0.278176278 -0.762948036 0.583548069
vn 0.710650563 -0.30894205 0.63208431
vn 0.914027274 -0.381346583 0.138307273
vn 0.688903093 0.205666453 0.695063949
vn -0.241064414 0.69103545 0.681438088
vn -0.840308666 0.503333747 0.201337114
vn 0.930609286 0.128791407 0.342606246
vn -0.147084072 0.528407216 0.83615315
vn -0.863865495 0.396355271 0.310868025
vn -0.863666356 -0.497135341 -0.0832879767
vn -0.74266696 0.058889959 0.667066514
vn 0.601946652 0.39580673 0.69353956
vn -0.104991443 0.420268923 0.901305139
vn 0.835601926 0.513203919 -0.195936292
vn 0.720398068 0.570567489 0.394308835
vn -0.755493104 0.466759801 0.45974502
vn -0.845563233 0.499468595 0.188557178
vn -0.666430473 0.588383377 -0.457903385
vn 0.945166171 0.0907132775 -0.313738555
vn -0.178627193 0.550580323 0.815446854
vn -0.78310591 0.132509962 -0.607606947
vn 0.96480602 0.0507574342 -0.258017719
vn -0.187311009 0.569519639 0.800351202
vn -0.78310591 0.132509962 -0.607606947
vn 0.180665389 0.244953662 -0.952553272
vn 0.720398068 0.570567489 0.394308835
vn 0.945166171 0.0907132775 -0.313738555
vn -0.80382055 0.0398333855 -0.593536615
vn -0.80382055 0.0398333855 -0.593536615
vn -0.034048792 0.845513105 -0.532867908
vn -0.743411481 0.223888621 -0.630248606
vn 0.843450427 0.467223346 -0.265129536
vn -0.743411481 0.223888621 -0.630248606
vn 0.843450427 0.467223346 -0.265129536
vn -0.034048792 0.845513105 -0.532867908
vn 0.843450427 0.467223346 -0.265129536
vn 0.720398068 0.570567489 0.394308835
vn 0.0973390415 0.994606197 0.0358285159
vn -0.666430473 0.588383377 -0.457903385
vn -0.845563233 0.499468595 0.188557178
vn -0.668928325 0.663927257 0.334268719
vn -0.966757417 0.175388962 -0.186061233
vn -0.840308666 0.503333747 0.201337114
vn -0.993428409 0.108892314 -0.0352479853
vn -0.863865495 0.396355271 0.310868025
vn -0.845563233 0.499468595 0.188557178
vn -0.668928325 0.663927257 0.334268719
vn 0.0973390415 0.994606197 0.0358285159
vn 0.244648948 0.743290722 0.622628152
vn 0.720398068 0.570567489 0.394308835
vn -0.00272493507 0.880438268 0.474152863
vn 0.335300595 0.87848264 0.340355217
vn 0.00442829821 0.94371295 0.330735743
vn -0.668928325 0.663927257 0.334268719
vn -0.667737186 0.732701838 0.131434932
vn 0.41007787 0.871040702 0.270415008
vn -0.00791099202 0.957677543 0.287734628
vn 0.41007787 0.871040702 0.270415008
vn -0.694036961 0.719503522 0.0250455104
vn 0.00567865884 0.9925735 0.121513315
vn -0.720115006 0.686697185 -0.0994048864
vn 0.652426064 0.757720411 -0.0141400732
vn 0.723042011 0.66246295 -0.195839792
vn -0.0115349395 0.994455993 -0.104519106
vn -0.740171134 0.630349159 -0.23410821
vn -0.0115349395 0.994455993 -0.104519106
vn 0.723042011 0.66246295 -0.195839792
vn 0.805266619 0.396034449 -0.44125101
vn 0.652426064 0.757720411 -0.0141400732
vn 0.989533603 -0.0710492209 -0.125599325
vn 0.805266619 0.396034449 -0.44125101
vn 0.928226352 0.098283045 -0.358798355
vn 0.947205245 -0.172548205 -0.270239443
vn 0.764415681 -0.644622982 -0.011399596
vn 0.979797721 -0.198584542 0.0236776154
vn 0.730251729 -0.682060361 -0.039064724
vn 0.0769945011 -0.985795856 -0.149259388
vn 0.0490836613 -0.992929995 -0.108078495
vn 0.69523567 -0.716725945 0.0543260723
vn 0.0313921794 -0.997375965 0.0652371719
vn 0.612457216 -0.786814928 0.0762781948
vn -0.0620310493 -0.997950256 0.0157347433
vn 0.24019146 -0.754151344 0.611198664
vn -0.046120964 -0.926490784 -0.373480499
vn -0.774264455 -0.632856667 0.00264329999
vn -0.863666356 -0.497135341 -0.0832879767
vn 0.912710667 -0.108999982 0.393799692
vn 0.660350442 -0.0858385265 0.746035635
vn 0.710650563 -0.30894205 0.63208431
vn 0.720398068 0.570567489 0.394308835
vn 0.244648948 0.743290722 0.622628152
vn -0.752226591 -0.658793628 -0.0120901205
vn -0.78752923 -0.5853706 -0.192714468
vn -0.989586949 0.134512112 -0.0512261726
vn -0.803637326 0.0622476637 0.591855109
vn -0.74266696 0.058889959 0.667066514
vn -0.668928325 0.663927257 0.334268719
vn -0.667737186 0.732701838 0.131434932
vn -0.668928325 0.663927257 0.334268719
vn -0.970032454 0.156534851 -0.185833037
vn -0.694036961 0.719503522 0.0250455104
vn -0.721465349 -0.541771531 -0.431243956
vn -0.614351869 -0.560841739 -0.555002928
vn 0.110699296 -0.970589161 -0.213780895
vn 0.866097689 -0.499730796 -0.0120025063
vn -0.910063446 0.190606758 -0.368040204
vn -0.720115006 0.686697185 -0.0994048864
vn -0.79275465 0.359664768 -0.492119193
vn -0.861922204 0.157809883 -0.481856972
vn -0.779918492 -0.0113716749 -0.625777841
vn -0.828151882 -0.133039206 -0.544485927
vn -0.295074522 -0.0903406963 -0.95119375
vn -0.263101548 -0.892901599 -0.365382254
vn -0.728445232 0.362499028 -0.581344903
vn -0.202122524 0.917393446 -0.34283486
vn -0.146527767 0.471600324 -0.869553149
vn -0.773136675 0.312077612 -0.552147865
vn -0.740171134 0.630349159 -0.23410821
vn -0.773136675 0.312077612 -0.552147865
vn -0.223551974 -0.391441286 -0.892635584
vn -0.301926255 -0.389937282 -0.869936407
vn -0.242192537 0.679880083 -0.692174792
vn -0.828151882 -0.133039206 -0.544485927
vn 0.670836806 -0.661293864 -0.335661232
vn 0.840076029 0.328905225 -0.431385666
vn 0.840076029 0.328905225 -0.431385666
vn 0.701174676 -0.0692395493 -0.709619641
vn -0.301926255 -0.389937282 -0.869936407
vn 0.701174676 -0.0692395493 -0.709619641
vn 0.612377584 0.646087706 -0.455592215
vn -0.146527767 0.471600324 -0.869553149
vn 0.612377584 0.646087706 -0.455592215
vn -0.202122524 0.917393446 -0.34283486
vn -0.046120964 -0.926490784 -0.373480499
vn 0.278176278 -0.762948036 0.583548069
vn 0.710650563 -0.30894205 0.63208431
vn 0.977071464 -0.186088741 0.103452034
vn 0.910874546 0.320385814 -0.260116577
vn 0.95005399 0.213635102 -0.227502897
vn 0.95005399 0.213635102 -0.227502897
vn 0.930846572 0.317282617 -0.181263283
vn 0.917272985 0.351325572 0.187565327
vn 0.94318223 -0.122696184 0.30879283
vn 0.802506089 -0.595569193 0.0357970037
vn 0.588506937 -0.702554226 -0.400096238
vn 0.732854128 -0.433436334 -0.524459541
vn 0.922922492 0.00823490322 -0.38489756
vn 0.910874546 0.320385814 -0.260116577
vn 0.110699296 -0.970589161 -0.213780895
vn -0.807834804 -0.135751054 -0.573563099
vn -0.614351869 -0.560841739 -0.555002928
vn -0.0521269105 -0.96199435 -0.268047959
vn -0.807834804 -0.135751054 -0.573563099
vn 0.866097689 -0.499730796 -0.0120025063
vn 0.835013807 -0.516903937 -0.188579381
vn 0.947205245 -0.172548205 -0.270239443
vn 0.746050596 0.623042941 -0.235002026
vn -0.295074522 -0.0903406963 -0.95119375
vn -0.249735296 0.893559039 -0.373074532
vn -0.219992399 -0.960766196 -0.168913007
vn 0.714967966 -0.524062097 -0.462795585
vn 0.802421868 0.579335034 -0.14314349
vn -0.22705324 0.967321038 0.112857327
vn -0.249735296 0.893559039 -0.373074532
vn 0.721996903 0.622290373 -0.302448571
vn -0.10893397 0.942211747 0.316812903
vn 0.530593395 -0.407721788 -0.743124247
vn -0.416587412 -0.814385414 -0.404018909
vn -0.96857053 0.00523827691 0.248683825
vn -0.994599581 -0.0994117334 0.0298145451
vn -0.807834804 -0.135751054 -0.573563099
vn -0.10893397 0.942211747 0.316812903
vn -0.22705324 0.967321038 0.112857327
vn -0.249735296 0.893559039 -0.373074532
vn -0.779918492 -0.0113716749 -0.625777841
vn -0.807834804 -0.135751054 -0.573563099
vn -0.459364086 0.497961074 -0.735540211
vn -0.459364086 0.497961074 -0.735540211
vn -0.459364086 0.497961074 -0.735540211
vn -0.459364086 0.497961074 -0.735540211
vn -0.459364086 0.497961074 -0.735540211
vn -0.249735296 0.893559039 -0.373074532
vn -0.295074522 -0.0903406963 -0.95119375
vn 0.947205245 -0.172548205 -0.270239443
vn -0.263101548 -0.892901599 -0.365382254
vn -0.295074522 -0.0903406963 -0.95119375
vn 0.670836806 -0.661293864 -0.335661232
vn 0.718738437 -0.486987412 -0.496244222
vn -0.300411731 -0.917080998 -0.262135744
vn -0.828151882 -0.133039206 -0.544485927
vn -0.999593794 0.0213938635 0.0188333094
vn -0.373499572 -0.844503939 -0.383811384
vn 0.558527291 -0.435887933 -0.705725849
vn 0.766935647 0.637134492 -0.0766120404
vn 0.670836806 -0.661293864 -0.335661232
vn 0.840076029 0.328905225 -0.431385666
vn 0.719793916 0.654111683 -0.232453242
vn -0.146546707 0.971433163 0.186659664
vn 0.840076029 0.328905225 -0.431385666
vn -0.242192537 0.679880083 -0.692174792
vn -0.999593794 0.0213938635 0.0188333094
vn -0.828151882 -0.133039206 -0.544485927
vn -0.0210409686 0.946205556 0.322881132
vn -0.971043646 0.0458877496 0.234453931
vn -0.971043646 0.0458877496 0.234453931
vn -0.429268599 0.481923908 -0.763857126
vn -0.429268599 0.481923908 -0.763857126
vn -0.0115349395 0.994455993 -0.104519106
vn 0.725685298 0.659943283 -0.194565311
vn 0.723042011 0.66246295 -0.195839792
vn -0.0115349395 0.994455993 -0.104519106
vn -0.193925202 0.964826882 -0.177488208
vn -0.740171134 0.630349159 -0.23410821
vn -0.0781637132 0.991343617 0.105490573
vn 0.828290343 0.546089113 -0.125386402
vn 0.68443042 -0.0683253706 -0.725869536
vn 0.723042011 0.66246295 -0.195839792
vn 0.815633059 -0.401981294 -0.416117519
vn -0.223551974 -0.391441286 -0.892635584
vn -0.257628262 -0.904402375 -0.340123624
vn -0.996855974 0.0616137572 -0.0498187467
vn -0.773136675 0.312077612 -0.552147865
vn -0.257628262 -0.904402375 -0.340123624
vn -0.223551974 -0.391441286 -0.892635584
vn -0.40086782 0.197979242 -0.894488215
vn -0.40086782 0.197979242 -0.894488215
vn 0.723042011 0.66246295 -0.195839792
vn 0.805266619 0.396034449 -0.44125101
vn 0.805266619 0.396034449 -0.44125101
vn -0.223551974 -0.391441286 -0.892635584
vn -0.146527767 0.471600324 -0.869553149
vn -0.740171134 0.630349159 -0.23410821
vn -0.773136675 0.312077612 -0.552147865
vn 0.701174676 -0.0692395493 -0.709619641
vn 0.864057779 0.46057272 -0.203167096
vn 0.722016335 -0.534832656 -0.438915163
vn 0.612377584 0.646087706 -0.455592215
vn -0.0660575926 0.981155157 0.181578845
vn -0.202122524 0.917393446 -0.34283486
vn -0.99807775 0.053175915 -0.0318308659
vn -0.728445232 0.362499028 -0.581344903
vn -0.208287656 -0.912276208 -0.352658957
vn -0.301926255 -0.389937282 -0.869936407
vn -0.449976355 0.334632993 -0.827974677
vn -0.449976355 0.334632993 -0.827974677
vn -0.208287656 -0.912276208 -0.352658957
vn -0.301926255 -0.389937282 -0.869936407
vn 0.701174676 -0.0692395493 -0.709619641
vn -0.78310591 0.132509962 -0.607606947
vn -0.666430473 0.588383377 -0.457903385
vn -0.301926255 -0.389937282 -0.869936407
vn -0.242192537 0.679880083 -0.692174792
vn 0.840076029 0.328905225 -0.431385666
vn 0.95005399 0.213635102 -0.227502897
vn 0.930846572 0.317282617 -0.181263283
vn 0.535483718 0.654986322 -0.533151209
vn 0.99952817 -0.0095807258 0.0291829519
vn -0.0356630608 0.0175761227 -0.999209285
vn 0.954953849 0.0415109992 0.293836564
vn -0.436364532 -0.267007202 0.859239936
vn -0.203091174 0.709687054 -0.67460978
vn 0.979012072 0.1517061 0.136090577
vn -0.392920673 -0.581961036 0.711993515
vn -0.133529305 0.56464535 0.814460218
vn 0.954953849 0.0415109992 0.293836564
vn 0.274383157 0.579454482 0.767428398
vn -0.436364532 -0.267007202 0.859239936
vn 0.535483718 0.654986322 -0.533151209
vn -0.0356630608 0.0175761227 -0.999209285
vn 0.274383157 0.579454482 0.767428398
vn -0.203091174 0.709687054 -0.67460978
vn -0.392920673 -0.581961036 0.711993515
vn -0.133529305 0.56464535 0.814460218
vn 0.619284868 0.712679923 -0.329505205
vn 0.991161942 0.0871599242 0.100005575
vn -0.0204750355 0.735651076 -0.677051127
vn 0.972898602 0.131625831 0.190113187
vn -0.2517097 -0.226551399 0.940912783
vn 0.241879672 0.299606562 0.922892272
vn 0.619284868 0.712679923 -0.329505205
vn -0.0204750355 0.735651076 -0.677051127
vn -0.0992846712 0.541564167 0.834775925
vn 0.912710667 -0.108999982 0.393799692
vn 0.977071464 -0.186088741 0.103452034
vn 0.335300595 0.87848264 0.340355217
vn 0.241879672 0.299606562 0.922892272
vn 0.244648948 0.743290722 0.622628152
vn 0.244648948 0.743290722 0.622628152
vn 0.335300595 0.87848264 0.340355217
vn 0.583831251 0.687676013 -0.431558639
vn 0.996787548 -0.0032654698 -0.0800254717
vn -0.160921633 -0.00248488411 -0.986964047
vn 0.99456811 0.102067664 -0.0204119403
vn -0.324172944 -0.138923481 0.935741484
vn 0.613873601 0.426296502 0.664402306
vn -0.163997605 0.678393662 -0.716161191
vn 0.995941818 0.0734596401 0.0519967377
vn -0.459996223 -0.495113015 0.737066209
vn -0.163997605 0.678393662 -0.716161191
vn -0.00182571111 0.569697499 0.821852505
vn -0.160921633 -0.00248488411 -0.986964047
vn 0.583831251 0.687676013 -0.431558639
vn -0.00182571111 0.569697499 0.821852505
vn 0.979797721 -0.198584542 0.0236776154
vn 0.989533603 -0.0710492209 -0.125599325
vn 0.613873601 0.426296502 0.664402306
vn 0.583831251 0.687676013 -0.431558639
vn 0.613873601 0.426296502 0.664402306
vn 0.979797721 -0.198584542 0.0236776154
vn 0.41007787 0.871040702 0.270415008
vn 0.613873601 0.426296502 0.664402306
vn 0.652426064 0.757720411 -0.0141400732
vn 0.583831251 0.687676013 -0.431558639
vn 0.41007787 0.871040702 0.270415008
vn 0.535483718 0.654986322 -0.533151209
vn 0.979797721 -0.198584542 0.0236776154
vn 0.954953849 0.0415109992 0.293836564
vn 0.954953849 0.0415109992 0.293836564
vn 0.977071464 -0.186088741 0.103452034
vn 0.274383157 0.579454482 0.767428398
vn 0.335300595 0.87848264 0.340355217
vn 0.41007787 0.871040702 0.270415008
vn 0.535483718 0.654986322 -0.533151209
vn 0.535483718 0.654986322 -0.533151209
vn 0.41007787 0.871040702 0.270415008
vn 0.979797721 -0.198584542 0.0236776154
vn 0.583831251 0.687676013 -0.431558639
vn 0.652426064 0.757720411 -0.0141400732
vn 0.989533603 -0.0710492209 -0.125599325
vn 0.241879672 0.299606562 0.922892272
vn 0.335300595 0.87848264 0.340355217
vn 0.619284868 0.712679923 -0.329505205
vn -0.671413183 0.557467282 -0.488297641
vn 0.471536517 0.860465884 0.193007112
vn -0.719353735 0.670960546 0.179839209
vn 0.380944729 0.473612279 -0.79408592
vn -0.715981364 0.481236249 0.505749285
vn 0.600267887 0.776047289 0.193466067
vn 0.490277052 0.628641963 -0.60368675
vn 0.838948369 0.491377234 0.233910114
vn 0.586562157 0.723626733 -0.363743275
vn 0.752042711 0.348430514 0.559489012
vn 0.530263722 0.681020558 0.505006433
vn 0.327173412 0.339244694 0.88196969
vn -0.762337089 0.135530651 0.632829726
vn 0.807267785 0.00375457038 0.590173364
vn 0.971477389 -0.0512757413 0.231522486
vn 0.398570269 0.00668217987 0.917113483
vn 0.848909855 -0.482147276 0.216532201
vn 0.631610096 -0.614962161 -0.472112626
vn 0.469491959 -0.654555023 -0.592566371
vn 0.594624162 -0.782692313 0.183888167
vn 0.539142132 -0.67768544 0.500068188
vn 0.758543909 -0.343803585 0.553543448
vn 0.320223778 -0.330244005 0.887916386
vn -0.440542787 -0.462933958 -0.769164562
vn -0.634955108 -0.755948365 0.159292445
vn -0.639432728 -0.681784451 0.355381042
vn -0.817581296 -0.283756375 0.501042008
vn 0.694661498 0.312474519 -0.647923708
vn -0.923776686 0.0435603559 0.380446106
vn -0.479436845 0.228555754 -0.84729135
vn -0.403039068 0.462033689 -0.789990187
vn 0.631610096 -0.614962161 -0.472112626
vn -0.248418063 0.571354628 -0.782203615
vn 0.469491959 -0.654555023 -0.592566371
vn -0.440542787 -0.462933958 -0.769164562
vn -0.292024106 0.822007 -0.488903195
vn 0.765875518 0.354290962 0.5365749
vn 0.64664489 -0.735393047 0.202601984
vn -0.463529915 -0.327323973 -0.823406935
vn -0.550295174 -0.228939861 -0.802970648
vn -0.250252664 -0.59599489 -0.762996495
vn -0.414665937 -0.119442642 -0.902100682
vn 0.183124125 -0.524194837 -0.831676304
vn -0.403039068 0.462033689 -0.789990187
vn 0.694661498 0.312474519 -0.647923708
vn -0.876706302 0.0480734073 -0.478617787
vn -0.403039068 0.462033689 -0.789990187
vn -0.292024106 0.822007 -0.488903195
vn 0.178599045 0.957826257 -0.225102946
vn 0.765875518 0.354290962 0.5365749
vn 0.183124125 -0.524194837 -0.831676304
vn -0.432878226 0.685002685 0.585993052
vn 0.64664489 -0.735393047 0.202601984
vn 0.962991595 -0.244907871 -0.112549081
vn 0.183124125 -0.524194837 -0.831676304
vn 0.999898314 -0.000377530436 -0.0142579721
vn 0.178599045 0.957826257 -0.225102946
vn -0.432878226 0.685002685 0.585993052
vn -0.0949971899 0.294702023 -0.950855494
vn 0.975233555 -0.213002354 0.0595787726
vn -0.559934318 0.11114037 0.821048975
vn 0.299774915 0.801815331 0.516940236
vn -0.442324698 -0.884348392 -0.149253517
vn -0.463529915 -0.327323973 -0.823406935
vn 0.64664489 -0.735393047 0.202601984
vn 0.994198799 0.0017143212 0.107543893
vn 0.765875518 0.354290962 0.5365749
vn -0.340901136 -0.0124690747 0.940016448
vn -0.507161021 0.0907534361 -0.857059777
vn 0.962991595 -0.244907871 -0.112549081
vn 0.990654051 -0.0199083798 -0.134937495
vn -0.566943347 -0.174479589 0.805066526
vn -0.317336917 0.185353324 -0.93002224
vn 0.992743492 -0.00990072265 0.119843535
vn -0.483572066 -0.416585535 0.76981461
vn -0.173676372 0.662150621 -0.72896713
vn 0.0392068736 0.670219958 0.74112618
vn 0.178599045 0.957826257 -0.225102946
vn 0.765875518 0.354290962 0.5365749
vn -0.507161021 0.0907534361 -0.857059777
vn -0.566943347 -0.174479589 0.805066526
vn -0.317336917 0.185353324 -0.93002224
vn -0.483572066 -0.416585535 0.76981461
vn -0.173676372 0.662150621 -0.72896713
vn 0.0392068736 0.670219958 0.74112618
vn -0.292024106 0.822007 -0.488903195
vn -0.432878226 0.685002685 0.585993052
vn 0.178599045 0.957826257 -0.225102946
vn 0.183124125 -0.524194837 -0.831676304
vn -0.559934318 0.11114037 0.821048975
vn -0.432878226 0.685002685 0.585993052
vn 0.299774915 0.801815331 0.516940236
vn 0.64664489 -0.735393047 0.202601984
vn -0.876706302 0.0480734073 -0.478617787
vn 0.971477389 -0.0512757413 0.231522486
vn 0.64664489 -0.735393047 0.202601984
vn -0.442324698 -0.884348392 -0.149253517
vn -0.671413183 0.557467282 -0.488297641
vn -0.818718016 -0.0824867934 -0.568240047
vn -0.414665937 -0.119442642 -0.902100682
vn -0.719353735 0.670960546 0.179839209
vn -0.715981364 0.481236249 0.505749285
vn -0.250252664 -0.59599489 -0.762996495
vn -0.550295174 -0.228939861 -0.802970648
vn -0.762337089 0.135530651 0.632829726
vn -0.923776686 0.0435603559 0.380446106
vn -0.817581296 -0.283756375 0.501042008
vn -0.639432728 -0.681784451 0.355381042
vn -0.634955108 -0.755948365 0.159292445
vn -0.440542787 -0.462933958 -0.769164562
vn -0.248418063 0.571354628 -0.782203615
vn -0.876706302 0.0480734073 -0.478617787
vn -0.442324698 -0.884348392 -0.149253517
vn -0.463529915 -0.327323973 -0.823406935
vn -0.479436845 0.228555754 -0.84729135
vn -0.479436845 0.228555754 -0.84729135
vn -0.403039068 0.462033689 -0.789990187
vn -0.821531653 0.560484231 -0.104609683
vn 0.514596999 0.847901881 -0.127484903
vn 0.609570265 0.75801295 -0.232035175
vn 0.817139268 -0.353492141 0.455331385
vn 0.780939758 -0.34541288 0.520406604
vn -0.564054966 -0.577359974 0.59033674
vn -0.496570408 -0.570267498 0.654379666
vn -0.821531653 0.560484231 -0.104609683
vn -0.788789928 0.614649892 -0.00400416646
vn -0.818694413 0.526925206 -0.228231072
vn 0.573340535 0.682759285 -0.452902347
vn 0.0466907956 0.809768498 0.584888875
vn 0.774032831 -0.217491359 0.594618022
vn 0.0466907956 0.809768498 0.584888875
vn -0.533905327 -0.391034633 0.749691248
vn 0.0466907956 0.809768498 0.584888875
vn -0.818694413 0.526925206 -0.228231072
vn -0.818694413 0.526925206 -0.228231072
vn -0.821531653 0.560484231 -0.104609683
vn -0.821531653 0.560484231 -0.104609683
vn -0.788789928 0.614649892 -0.00400416646
vn -0.620555401 0.674069047 0.400676876
vn 0.78726989 0.539107502 0.29928115
vn 0.801059842 0.527182758 0.283516437
vn -0.674014211 0.583493531 0.453034371
vn 0.618100107 -0.786096931 -0.00197467138
vn 0.471002728 -0.875502944 -0.107939765
vn -0.733210802 -0.679765701 0.0179044995
vn -0.759870112 -0.648570836 0.0441951305
vn -0.620555401 0.674069047 0.400676876
vn -0.674014211 0.583493531 0.453034371
vn -0.607744336 0.775103211 0.172805861
vn 0.817495406 0.505323887 0.276313335
vn -0.137107357 0.126001179 0.982509732
vn 0.553156674 -0.80446595 0.21645391
vn -0.137107357 0.126001179 0.982509732
vn 0.553156674 -0.80446595 0.21645391
vn -0.744475901 -0.655506551 0.126754314
vn -0.137107357 0.126001179 0.982509732
vn -0.607744336 0.775103211 0.172805861
vn -0.137107357 0.126001179 0.982509732
vn -0.703561068 0.701797545 0.111722894
vn 0.790417135 0.557589412 0.253642917
vn 0.709522605 0.686366618 0.159619749
vn -0.725920737 0.667818189 0.164493024
vn 0.600081742 -0.727730989 0.332128704
vn 0.599948823 -0.696057081 0.394418478
vn -0.658238053 -0.722187459 0.212527812
vn -0.671741605 -0.68039465 0.292961538
vn -0.703561068 0.701797545 0.111722894
vn 0.638621867 -0.54913187 0.539088368
vn 0.743641376 0.667708337 0.0341040269
vn -0.118622355 0.500167251 0.857765377
vn -0.703561068 0.701797545 0.111722894
vn -0.66747278 -0.60644275 0.432096422
vn -0.118622355 0.500167251 0.857765377
vn -0.720832944 0.69085592 -0.0558396429
vn -0.720832944 0.69085592 -0.0558396429
vn -0.118622355 0.500167251 0.857765377
vn -0.720832944 0.69085592 -0.0558396429
vn -0.703561068 0.701797545 0.111722894
vn -0.725920737 0.667818189 0.164493024
vn -0.703561068 0.701797545 0.111722894
vn -0.720832944 0.69085592 -0.0558396429
vn 0.949761629 0.305979311 0.0657998249
vn 0.58713454 0.770173907 0.249209106
vn 0.586939812 0.770305455 0.249261066
vn 0.949881971 0.305634707 0.0656636655
vn -1.61165701E-07 0.947643638 0.319329709
vn -1.87640623E-07 0.947643638 0.319329709
vn 0.949852467 -0.268059462 -0.161010355
vn 0.949732125 -0.268403888 -0.161146417
vn 0.587086916 -0.732546568 -0.344535232
vn 0.586892128 -0.732678115 -0.344587237
vn 5.72560623E-07 -0.909984052 -0.414643139
vn 5.2399912E-07 -0.909984171 -0.414643168
vn -0.587138236 -0.770171523 -0.24920778
vn -0.949759245 -0.305986047 -0.065802373
vn -0.586935699 -0.770308375 -0.249261841
vn -0.949884295 -0.305627793 -0.0656608194
vn 3.12255054E-07 -0.947643876 -0.319329262
vn 3.06153851E-07 -0.947643876 -0.319329232
vn -0.94985497 0.268052548 0.16100724
vn -0.949729919 0.268410653 0.161148757
vn -0.587090611 0.732544363 0.344533503
vn -0.586888254 0.732681096 0.344587505
vn -0 0.909984529 0.414642185
vn -0 0.909984529 0.414642155
vn -0.887225509 -0.298968792 -0.351352602
vn -0.747775316 -0.538555741 -0.388316512
vn -0.887225509 -0.298968792 -0.351352602
vn -0.837675154 -0.545780003 0.0206049606
vn -0.618890524 -0.108856 -0.777897716
vn -0.626911461 -0.729669809 -0.273063987
vn -0.326959878 -0.885999918 -0.328787744
vn -0.614510357 -0.422371596 -0.666317701
vn -4.19903188E-07 0.860061824 -0.510189772
vn -0.541402996 0.698807001 -0.467494905
vn -3.22179858E-07 0.840151846 -0.542351186
vn -0.934050322 0.157627866 -0.320473731
vn -0.0238003246 0.798229814 -0.601882756
vn -2.10117676E-07 0.592704058 -0.805420339
vn -0.0238003246 0.798229814 -0.601882756
vn 0.444513559 -0.893998206 0.0563457534
vn -0.415433347 -0.62074405 -0.664899886
vn -0.715819895 -0.675917923 -0.175319493
vn 1.91065695E-07 -0.744355559 0.667783558
vn 4.02376088E-07 -0.863886833 0.503686011
vn -0 -0.740103722 0.672492743
vn -0 -0.709378421 0.704827785
vn 0.41383943 -0.676661432 -0.608987808
vn -0 -0.954062939 -0.299606264
vn 0.41383943 -0.676661432 -0.608987808
vn 0.498986095 -0.280387521 -0.819997311
vn -0.684060931 -0.277695924 -0.674496531
vn -0.784570873 -0.523408055 -0.332404137
vn -0 -0.0735913217 -0.997288585
vn -0 -0.0735913217 -0.997288585
vn -0.245693415 0.502087295 -0.829182148
vn -0 -0.150994048 -0.988534629
vn -0.731941104 0.610416472 -0.302744001
vn -0.747775316 -0.538555741 -0.388316512
vn 0.0284799691 0.964382172 -0.262975216
vn -0.916859627 0.374903321 0.137171403
vn -0.684343755 -0.676811516 0.271292657
vn -0.981252372 0.0303728264 -0.190318689
vn 0.176345438 -0.907884717 -0.380325526
vn 0.367827475 0.526100755 -0.766760051
vn 3.62257992E-07 -0.5483464 -0.836251378
vn -2.28187488E-07 0.345197201 -0.938530147
vn 0.176345438 -0.907884717 -0.380325526
vn -4.19903188E-07 0.860061824 -0.510189772
vn 1.24031004E-07 -0.562478423 -0.826812029
vn -0.614510357 -0.422371596 -0.666317701
vn -0.59914422 -0.774639547 0.202385426
vn -0.790142953 -0.543605626 -0.283137619
vn -0.670398116 -0.690845132 -0.270738453
vn -0.309112132 -0.805962086 -0.504851341
vn -0.59608686 -0.798787475 -0.0813573301
vn -0.576719582 -0.718804836 0.388219059
vn -0.36767298 -0.72824806 0.578334928
vn -0.367609143 -0.767898202 0.524591148
vn -0.59608686 -0.798787475 -0.0813573301
vn -0.59608686 -0.798787475 -0.0813573301
vn -0.59608686 -0.798787475 -0.0813573301
vn 3.73878663E-07 -0.842126489 0.539280057
vn 1.33789158E-07 -0.935516834 0.353282183
vn -0.0240483694 0.918244421 -0.395283431
vn -0.922790408 -0.161862165 -0.349654615
vn 0.0148338778 -0.539409697 0.841912746
vn -0.536042392 -0.662236452 -0.523546934
vn -0.910018921 0.120121546 0.396782637
vn -0.415433347 -0.62074405 -0.664899886
vn 0.820844829 -0.558963299 -0.117361836
vn -0.784971118 -0.364449918 0.500995576
vn 0.820844829 -0.558963299 -0.117361836
vn -0.415433347 -0.62074405 -0.664899886
vn 0.75219816 -0.64325726 -0.142891705
vn 0.573372662 -0.252648324 0.779366791
vn 0.321108907 0.498409539 0.805280685
vn 0.0148338778 -0.539409697 0.841912746
vn 0.321108907 0.498409539 0.805280685
vn -0.910018921 0.120121546 0.396782637
vn 0.321108907 0.498409539 0.805280685
vn -0.784971118 -0.364449918 0.500995576
vn 0.573372662 -0.252648324 0.779366791
vn -0.699043155 -0.287111819 0.654908776
vn -0.547516286 -0.417386949 -0.725268185
vn -0.684060931 -0.277695924 -0.674496531
vn 0.674388587 -0.475943178 -0.56451571
vn 0.41383943 -0.676661432 -0.608987808
vn 0.770757139 -0.51294595 -0.377915114
vn 0.76451087 -0.0836266801 0.639163256
vn 0.789994121 0.453884274 0.412187278
vn 0.232210889 -0.395463824 0.888643026
vn -0.494218379 -0.739740968 -0.456652522
vn 0.232210889 -0.395463824 0.888643026
vn -0.780216336 0.275228322 0.561704516
vn 0.789994121 0.453884274 0.412187278
vn -0.776729524 0.0747519508 0.625382543
vn -0.699043155 -0.287111819 0.654908776
vn 0.76451087 -0.0836266801 0.639163256
vn 0.181406349 -0.60209024 0.777546823
vn 0.181406349 -0.60209024 0.777546823
vn -0.776729524 0.0747519508 0.625382543
vn -0.699043155 -0.287111819 0.654908776
vn -0.270679414 -0.872985244 0.405745268
vn 0.498986095 -0.280387521 -0.819997311
vn 0.922403216 -0.31362012 -0.225421131
vn -0.784570873 -0.523408055 -0.332404137
vn -0.187048659 -0.733706355 0.653213441
vn 0.967241704 -0.196161196 -0.161133841
vn -0.990856946 0.0359644406 -0.130034536
vn -0.995279551 0.0555755794 -0.0795613825
vn -0.964774013 0.165766135 -0.204285502
vn -0.784570873 -0.523408055 -0.332404137
vn -0.290084392 0.693665624 -0.659301877
vn -0.13933599 0.708165109 -0.69216162
vn -0.0802596807 0.517304957 -0.852029264
vn 0.967241704 -0.196161196 -0.161133841
vn 0.922403216 -0.31362012 -0.225421131
vn 0.498986095 -0.280387521 -0.819997311
vn -0.245693415 0.502087295 -0.829182148
vn -0.104671203 -0.87891525 -0.465351433
vn -0.104671203 -0.87891525 -0.465351433
vn 0.198453799 -0.352925718 -0.914362967
vn -0.92406708 0.34654054 -0.161274955
vn -0.492986977 -0.867999256 -0.0595071949
vn 0.258907288 0.890895486 -0.373191923
vn -0.0240483694 0.918244421 -0.395283431
vn -0.922790408 -0.161862165 -0.349654615
vn 0.390309691 0.233695194 -0.890530646
vn -0.616073966 -0.757639587 -0.215488017
vn -0.492986977 -0.867999256 -0.0595071949
vn -0.922790408 -0.161862165 -0.349654615
vn 0.390309691 0.233695194 -0.890530646
vn 0.901189089 -0.430310071 -0.051880084
vn 0.198453799 -0.352925718 -0.914362967
vn 0.176345438 -0.907884717 -0.380325526
vn -0.711158454 -0.694294095 -0.110495768
vn -0.684343755 -0.676811516 0.271292657
vn 0.528060734 -0.793319881 -0.302977711
vn -0.887767553 0.459289163 0.030368438
vn -0.916859627 0.374903321 0.137171403
vn -0.173067749 0.98484081 0.011665415
vn 0.0284799691 0.964382172 -0.262975216
vn 0.8247962 0.509432375 -0.245336145
vn 0.367827475 0.526100755 -0.766760051
vn 0.8247962 0.509432375 -0.245336145
vn 0.367827475 0.526100755 -0.766760051
vn -0.747069597 -0.537942767 -0.390518278
vn 0.593231738 -0.654653549 -0.468513489
vn -0.887567878 0.452375412 0.0870621279
vn -0.196707428 0.930719793 0.308329254
vn 0.85624516 0.503369093 0.116033502
vn 0.85624516 0.503369093 0.116033502
vn 0.0563153885 0.599370241 -0.798488498
vn 0.0563153885 0.599370241 -0.798488498
vn 0.198453799 -0.352925718 -0.914362967
vn 0.901189089 -0.430310071 -0.051880084
vn 0.258907288 0.890895486 -0.373191923
vn -0.0240483694 0.918244421 -0.395283431
vn 0.901189089 -0.430310071 -0.051880084
vn 0.390309691 0.233695194 -0.890530646
vn -0.0240483694 0.918244421 -0.395283431
vn -0.934050322 0.157627866 -0.320473731
vn -0.418977827 -0.902119517 -0.103140108
vn -0.885622621 0.448417515 -0.120806195
vn -0.889894068 -0.269769669 -0.367848992
vn -0.111307271 -0.2481841 -0.962296963
vn 0.459447771 0.873779356 -0.159428298
vn -0.0238003246 0.798229814 -0.601882756
vn -0.934050322 0.157627866 -0.320473731
vn -0.889894068 -0.269769669 -0.367848992
vn 0.893119574 -0.435722858 -0.111727625
vn -0.111307271 -0.2481841 -0.962296963
vn 0.893119574 -0.435722858 -0.111727625
vn 0.367863357 0.302738488 -0.879218996
vn -0.0238003246 0.798229814 -0.601882756
vn -0.889894068 -0.269769669 -0.367848992
vn 0.367863357 0.302738488 -0.879218996
vn -0.245693415 0.502087295 -0.829182148
vn 3.32973428E-07 -0.938913882 -0.344152153
vn -0 -0.150994048 -0.988534629
vn 3.32973428E-07 -0.938913882 -0.344152153
vn 3.32973428E-07 -0.938913882 -0.344152153
vn -0.402832568 0.870658576 0.282275707
vn -0.0929653272 0.923409581 0.372387171
vn 0.111841694 0.905362368 -0.40964669
vn -0.670675218 0.514817595 0.53400147
vn -0.605807006 0.561264634 0.563896954
vn -0.834467888 -0.211912096 0.508681059
vn -0.924875617 -0.151358351 0.348848999
vn -0.516174495 -0.844795763 0.141010433
vn -0.599800348 -0.798443675 -0.0522233173
vn 0.00484537287 -0.875167549 -0.483795792
vn -0.117335647 -0.955646098 -0.270134866
vn 0.388304889 -0.288734436 -0.875129521
vn 0.166300386 -0.755324602 -0.633899808
vn -0.552782655 0.534317255 0.639481306
vn 0.0820348933 0.885739565 0.456876189
vn 0.111841694 0.905362368 -0.40964669
vn -0.582249045 0.429214895 0.690478623
vn 0.19874841 0.815712035 0.543242931
vn 0.667877972 0.74087441 -0.0710229501
vn 0.111841694 0.905362368 -0.40964669
vn 0.783669055 0.615296006 0.0852855295
vn 0.134607807 -0.782815754 -0.607519746
vn -0.619478345 -0.757732153 -0.205155089
vn 0.691964746 -0.254166007 -0.675710261
vn 0.766955554 -0.282153189 -0.576340795
vn 0.132152274 -0.73045224 -0.670056105
vn -0.693540514 -0.68373692 -0.226948008
vn -0.921275556 -0.234380499 0.31035018
vn -0.924004972 -0.165359706 0.344776601
vn 0.838420033 0.226361319 -0.495794654
vn 0.421644211 0.364130586 -0.830436766
vn 0.111841694 0.905362368 -0.40964669
vn 0.934921861 0.175177574 -0.308600128
vn 0.667877972 0.74087441 -0.0710229501
vn 0.111841694 0.905362368 -0.40964669
vn 0.783669055 0.615296006 0.0852855295
vn 0.0474069379 -0.722734213 -0.689498365
vn -0.696354151 -0.642164171 -0.32049337
vn 0.792905927 -0.271528184 -0.545502067
vn 0.777503073 -0.397181004 -0.487581998
vn 0.0461215451 -0.926490784 -0.373480469
vn -0.27817601 -0.762948096 0.583548009
vn -0.710650504 -0.308942556 0.632084131
vn -0.914026976 -0.381347328 0.138307065
vn -0.688903332 0.205665961 0.695063889
vn 0.241063982 0.691035628 0.681438148
vn 0.840308428 0.503334165 0.201336965
vn -0.930609584 0.128790885 0.34260577
vn 0.147083983 0.528407335 0.83615309
vn 0.863865316 0.396355778 0.310867846
vn 0.863666892 -0.497134626 -0.0832877681
vn 0.74266696 0.0588904992 0.667066455
vn -0.60194701 0.395806521 0.693539441
vn 0.104991108 0.420269042 0.901305139
vn -0.835602283 0.513203442 -0.195936605
vn -0.720398545 0.570567191 0.394308299
vn 0.755492926 0.466760427 0.459744781
vn 0.845562994 0.499469191 0.188557029
vn 0.666430056 0.588383675 -0.457903504
vn -0.945166171 0.0907128006 -0.313738614
vn 0.178627342 0.550580621 0.815446734
vn 0.783105552 0.1325102 -0.607607424
vn -0.96480608 0.0507564545 -0.258017451
vn 0.187310785 0.56951952 0.800351262
vn 0.783105552 0.1325102 -0.607607424
vn -0.180665299 0.244953156 -0.952553391
vn -0.720398545 0.570567191 0.394308299
vn -0.945166171 0.0907128006 -0.313738614
vn 0.803820789 0.0398336761 -0.593536258
vn 0.803820789 0.0398336761 -0.593536258
vn 0.0340491123 0.845512986 -0.532868087
vn 0.74341172 0.223888874 -0.630248189
vn -0.843450367 0.467223167 -0.265130073
vn 0.74341172 0.223888874 -0.630248189
vn -0.843450367 0.467223167 -0.265130073
vn 0.0340491123 0.845512986 -0.532868087
vn -0.843450367 0.467223167 -0.265130073
vn -0.720398545 0.570567191 0.394308299
vn -0.0973395854 0.994606078 0.0358283445
vn 0.666430056 0.588383675 -0.457903504
vn 0.845562994 0.499469191 0.188557029
vn 0.668928027 0.663927555 0.334268719
vn 0.966757298 0.175389379 -0.186061352
vn 0.840308428 0.503334165 0.201336965
vn 0.993428409 0.108892888 -0.03524803
vn 0.863865316 0.396355778 0.310867846
vn 0.845562994 0.499469191 0.188557029
vn 0.668928027 0.663927555 0.334268719
vn -0.0973395854 0.994606078 0.0358283445
vn -0.244649455 0.743290424 0.622628212
vn 0.00272428314 0.880438328 0.474152774
vn -0.720398545 0.570567191 0.394308299
vn -0.335301191 0.878482461 0.340355188
vn -0.00442860741 0.94371295 0.330735713
vn 0.668928027 0.663927555 0.334268719
vn 0.66773665 0.732702196 0.131435066
vn -0.410078347 0.871040404 0.270415008
vn 0.00791039132 0.957677543 0.287734658
vn -0.410078347 0.871040404 0.270415008
vn 0.694036663 0.71950388 0.0250456072
vn -0.00567974243 0.9925735 0.121513419
vn 0.720114291 0.68669796 -0.0994047225
vn -0.652426541 0.757720053 -0.0141401542
vn -0.72304219 0.662462652 -0.195839927
vn 0.0115342895 0.994455993 -0.104519144
vn 0.740170836 0.630349457 -0.234108254
vn -0.72304219 0.662462652 -0.195839927
vn 0.0115342895 0.994455993 -0.104519144
vn -0.805266738 0.396033913 -0.441251069
vn -0.652426541 0.757720053 -0.0141401542
vn -0.989533603 -0.0710500628 -0.12559928
vn -0.805266738 0.396033913 -0.441251069
vn -0.928226352 0.0982824266 -0.358798593
vn -0.947205067 -0.17254886 -0.270239592
vn -0.764415324 -0.644623458 -0.0113994619
vn -0.979797661 -0.198585242 0.023677662
vn -0.730251431 -0.682060659 -0.0390648246
vn -0.0769938082 -0.985795975 -0.149259388
vn -0.0490831137 -0.992929995 -0.108078584
vn -0.695235312 -0.716726184 0.0543261319
vn -0.0313915759 -0.997375965 0.065237239
vn -0.61245662 -0.786815405 0.0762781352
vn 0.0620313995 -0.997950137 0.015734639
vn -0.240190834 -0.754151583 0.611198604
vn 0.0461215451 -0.926490784 -0.373480469
vn 0.774264693 -0.632856369 0.00264323689
vn 0.863666892 -0.497134626 -0.0832877681
vn -0.912710607 -0.109000586 0.393799692
vn -0.660350442 -0.0858390182 0.746035576
vn -0.710650504 -0.308942556 0.632084131
vn -0.720398545 0.570567191 0.394308299
vn -0.244649455 0.743290424 0.622628212
vn 0.752226949 -0.658793211 -0.0120900208
vn 0.787529647 -0.585370123 -0.192714438
vn 0.98958683 0.134512842 -0.0512260385
vn 0.803637147 0.0622483417 0.591855228
vn 0.74266696 0.0588904992 0.667066455
vn 0.668928027 0.663927555 0.334268719
vn 0.66773665 0.732702196 0.131435066
vn 0.668928027 0.663927555 0.334268719
vn 0.970032334 0.156535536 -0.185832903
vn 0.694036663 0.71950388 0.0250456072
vn 0.721465766 -0.541771054 -0.431243986
vn 0.614352345 -0.560841322 -0.555002868
vn -0.110698588 -0.97058928 -0.213780701
vn -0.866097569 -0.499730885 -0.0120023331
vn 0.910063267 0.190607354 -0.368040293
vn 0.720114291 0.68669796 -0.0994047225
vn 0.792754412 0.359665096 -0.492119282
vn 0.861922204 0.157810435 -0.481856912
vn 0.779918373 -0.0113710044 -0.625777841
vn 0.828151882 -0.133038819 -0.544486165
vn 0.295073748 -0.0903402343 -0.951194048
vn 0.263101786 -0.892901599 -0.365382284
vn 0.728444874 0.362499595 -0.581345081
vn 0.202121198 0.917393863 -0.342834711
vn 0.146528214 0.471600533 -0.86955297
vn 0.773136139 0.312078059 -0.552148402
vn 0.740170836 0.630349457 -0.234108254
vn 0.773136139 0.312078059 -0.552148402
vn 0.223551646 -0.391440839 -0.892635763
vn 0.301926255 -0.389937133 -0.869936526
vn 0.828151882 -0.133038819 -0.544486165
vn 0.242191613 0.6798805 -0.692174673
vn -0.670836747 -0.661293805 -0.335661411
vn -0.840076029 0.328905284 -0.431385636
vn -0.840076029 0.328905284 -0.431385636
vn -0.701174498 -0.0692401603 -0.709619701
vn 0.301926255 -0.389937133 -0.869936526
vn -0.701174498 -0.0692401603 -0.709619701
vn -0.612377644 0.646087468 -0.455592483
vn 0.146528214 0.471600533 -0.86955297
vn -0.612377644 0.646087468 -0.455592483
vn 0.202121198 0.917393863 -0.342834711
vn -0.27817601 -0.762948096 0.583548009
vn 0.0461215451 -0.926490784 -0.373480469
vn -0.710650504 -0.308942556 0.632084131
vn -0.977071345 -0.186089277 0.103452146
vn 0.0663865879 0.584880412 -0.808398247
vn -0.263563275 0.941585422 -0.209645435
vn -0.482735783 0.856414914 0.183083981
vn -0.661744475 0.542474806 0.517508745
vn -0.815624475 -0.132124528 0.563293815
vn -0.562930286 -0.786371052 0.254420877
vn -0.118772998 -0.981480777 -0.150294736
vn 0.157812938 -0.813231111 -0.560134172
vn 0.22472699 -0.0496119484 -0.973157942
vn 0.0663865879 0.584880412 -0.808398247
vn -0.110698588 -0.97058928 -0.213780701
vn 0.807834804 -0.135750383 -0.573563278
vn 0.0521269478 -0.96199435 -0.268048018
vn -0.866097569 -0.499730885 -0.0120023331
vn -0.835013568 -0.516904354 -0.188579559
vn -0.947205067 -0.17254886 -0.270239592
vn -0.746050715 0.623042762 -0.235002264
vn 0.295073748 -0.0903402343 -0.951194048
vn 0.24973464 0.893559158 -0.373074502
vn 0.219992489 -0.960766196 -0.168913111
vn -0.714967668 -0.524062455 -0.462795556
vn -0.802422464 0.579334259 -0.143143296
vn 0.227052614 0.967321157 0.112857379
vn 0.24973464 0.893559158 -0.373074502
vn -0.721997261 0.622290134 -0.302448481
vn 0.108933598 0.942211807 0.316812932
vn -0.530593038 -0.407722294 -0.743124187
vn 0.416587979 -0.814385116 -0.404018998
vn 0.96857059 0.005238757 0.248683602
vn 0.9945997 -0.0994114727 0.0298143793
vn 0.807834804 -0.135750383 -0.573563278
vn 0.108933598 0.942211807 0.316812932
vn 0.227052614 0.967321157 0.112857379
vn 0.24973464 0.893559158 -0.373074502
vn 0.779918373 -0.0113710044 -0.625777841
vn 0.614352345 -0.560841322 -0.555002868
vn 0.807834804 -0.135750383 -0.573563278
vn 0.45936501 0.497961313 -0.735539496
vn 0.45936501 0.497961313 -0.735539496
vn 0.45936501 0.497961313 -0.735539496
vn 0.45936501 0.497961313 -0.735539496
vn 0.45936501 0.497961313 -0.735539496
vn 0.807834804 -0.135750383 -0.573563278
vn 0.295073748 -0.0903402343 -0.951194048
vn 0.24973464 0.893559158 -0.373074502
vn -0.947205067 -0.17254886 -0.270239592
vn 0.263101786 -0.892901599 -0.365382284
vn -0.670836747 -0.661293805 -0.335661411
vn 0.295073748 -0.0903402343 -0.951194048
vn -0.71873796 -0.486988068 -0.496244192
vn 0.300412387 -0.91708082 -0.262135744
vn 0.828151882 -0.133038819 -0.544486165
vn 0.999593675 0.0213945154 0.0188333504
vn 0.373500496 -0.844503522 -0.383811414
vn -0.558527231 -0.435888201 -0.70572567
vn -0.766936064 0.637133896 -0.0766119733
vn -0.670836747 -0.661293805 -0.335661411
vn -0.840076029 0.328905284 -0.431385636
vn -0.719794631 0.654111087 -0.232453153
vn 0.146545708 0.971433282 0.18665956
vn -0.840076029 0.328905284 -0.431385636
vn 0.242191613 0.6798805 -0.692174673
vn 0.999593675 0.0213945154 0.0188333504
vn 0.828151882 -0.133038819 -0.544486165
vn 0.0210403129 0.946205676 0.322881132
vn 0.971043646 0.0458886065 0.234453753
vn 0.971043646 0.0458886065 0.234453753
vn 0.429272681 0.481939465 -0.763845086
vn 0.429272681 0.481939465 -0.763845086
vn 0.0115342895 0.994455993 -0.104519144
vn -0.725685775 0.659942806 -0.194565564
vn 0.193924665 0.964826941 -0.177488536
vn 0.740170836 0.630349457 -0.234108254
vn 0.0781641304 0.991343617 0.105490632
vn -0.828290761 0.546088576 -0.125386491
vn -0.684430242 -0.0683261752 -0.725869656
vn -0.72304219 0.662462652 -0.195839927
vn -0.815632701 -0.40198186 -0.416117489
vn 0.223551646 -0.391440839 -0.892635763
vn 0.257629216 -0.904402077 -0.340123415
vn 0.996855974 0.0616136901 -0.049818527
vn 0.773136139 0.312078059 -0.552148402
vn 0.257629216 -0.904402077 -0.340123415
vn 0.223551646 -0.391440839 -0.892635763
vn 0.400864124 0.197975114 -0.894490778
vn 0.400864124 0.197975114 -0.894490778
vn 0.0115342895 0.994455993 -0.104519144
vn -0.72304219 0.662462652 -0.195839927
vn -0.72304219 0.662462652 -0.195839927
vn -0.805266738 0.396033913 -0.441251069
vn -0.805266738 0.396033913 -0.441251069
vn 0.223551646 -0.391440839 -0.892635763
vn 0.146528214 0.471600533 -0.86955297
vn 0.740170836 0.630349457 -0.234108254
vn 0.773136139 0.312078059 -0.552148402
vn -0.701174498 -0.0692401603 -0.709619701
vn -0.864058197 0.460572064 -0.203167126
vn -0.612377644 0.646087468 -0.455592483
vn -0.722016156 -0.534832954 -0.438914984
vn 0.0660564825 0.981155276 0.181578815
vn 0.202121198 0.917393863 -0.342834711
vn 0.998077631 0.0531768575 -0.0318307467
vn 0.728444874 0.362499595 -0.581345081
vn 0.208287895 -0.912276149 -0.352659047
vn 0.301926255 -0.389937133 -0.869936526
vn 0.44996649 0.334631562 -0.827980578
vn 0.44996649 0.334631562 -0.827980578
vn 0.208287895 -0.912276149 -0.352659047
vn 0.301926255 -0.389937133 -0.869936526
vn -0.701174498 -0.0692401603 -0.709619701
vn 0.666430056 0.588383675 -0.457903504
vn 0.783105552 0.1325102 -0.607607424
vn 0.301926255 -0.389937133 -0.869936526
vn -0.840076029 0.328905284 -0.431385636
vn 0.242191613 0.6798805 -0.692174673
vn -0.535485506 0.654985249 -0.533150673
vn -0.99952817 -0.00958144944 0.0291834846
vn -0.95495379 0.0415100344 0.293837041
vn 0.0356624573 0.0175762828 -0.999209285
vn 0.436364532 -0.267007142 0.859239936
vn 0.203090012 0.709687173 -0.6746099
vn -0.979012191 0.151704997 0.136091039
vn 0.392921776 -0.58196038 0.711993337
vn 0.133528829 0.564646959 0.814459264
vn -0.95495379 0.0415100344 0.293837041
vn -0.274383605 0.579454422 0.767428339
vn 0.436364532 -0.267007142 0.859239936
vn -0.535485506 0.654985249 -0.533150673
vn -0.274383605 0.579454422 0.767428339
vn 0.0356624573 0.0175762828 -0.999209285
vn 0.203090012 0.709687173 -0.6746099
vn 0.392921776 -0.58196038 0.711993337
vn 0.133528829 0.564646959 0.814459264
vn -0.619285345 0.712679267 -0.329505414
vn -0.991161942 0.0871592388 0.10000585
vn -0.972898602 0.131625175 0.190113306
vn 0.02047465 0.735650837 -0.677051425
vn 0.251711756 -0.22655189 0.940912008
vn -0.241879851 0.299606264 0.922892272
vn -0.619285345 0.712679267 -0.329505414
vn 0.02047465 0.735650837 -0.677051425
vn 0.0992690697 0.541564286 0.834777653
vn -0.912710607 -0.109000586 0.393799692
vn -0.977071345 -0.186089277 0.103452146
vn -0.335301191 0.878482461 0.340355188
vn -0.241879851 0.299606264 0.922892272
vn -0.244649455 0.743290424 0.622628212
vn -0.335301191 0.878482461 0.340355188
vn -0.244649455 0.743290424 0.622628212
vn -0.583831728 0.687675357 -0.431558967
vn -0.996787548 -0.00326594571 -0.0800251663
vn -0.99456811 0.102067403 -0.0204117205
vn 0.160921618 -0.00248494186 -0.986964047
vn 0.324174911 -0.138923392 0.935740829
vn -0.613874137 0.426295787 0.664402306
vn 0.163996905 0.678394139 -0.716160953
vn -0.995941818 0.0734586865 0.051997032
vn 0.459996372 -0.495112807 0.737066209
vn 0.163996905 0.678394139 -0.716160953
vn 0.00182482228 0.56969738 0.821852565
vn 0.160921618 -0.00248494186 -0.986964047
vn -0.583831728 0.687675357 -0.431558967
vn 0.00182482228 0.56969738 0.821852565
vn -0.979797661 -0.198585242 0.023677662
vn -0.989533603 -0.0710500628 -0.12559928
vn -0.583831728 0.687675357 -0.431558967
vn -0.613874137 0.426295787 0.664402306
vn -0.613874137 0.426295787 0.664402306
vn -0.410078347 0.871040404 0.270415008
vn -0.979797661 -0.198585242 0.023677662
vn -0.613874137 0.426295787 0.664402306
vn -0.652426541 0.757720053 -0.0141401542
vn -0.410078347 0.871040404 0.270415008
vn -0.583831728 0.687675357 -0.431558967
vn -0.535485506 0.654985249 -0.533150673
vn -0.95495379 0.0415100344 0.293837041
vn -0.979797661 -0.198585242 0.023677662
vn -0.95495379 0.0415100344 0.293837041
vn -0.977071345 -0.186089277 0.103452146
vn -0.274383605 0.579454422 0.767428339
vn -0.335301191 0.878482461 0.340355188
vn -0.410078347 0.871040404 0.270415008
vn -0.535485506 0.654985249 -0.533150673
vn -0.535485506 0.654985249 -0.533150673
vn -0.979797661 -0.198585242 0.023677662
vn -0.410078347 0.871040404 0.270415008
vn -0.583831728 0.687675357 -0.431558967
vn -0.989533603 -0.0710500628 -0.12559928
vn -0.652426541 0.757720053 -0.0141401542
vn -0.241879851 0.299606264 0.922892272
vn -0.619285345 0.712679267 -0.329505414
vn -0.335301191 0.878482461 0.340355188
vn 0.671412826 0.557467222 -0.488298178
vn -0.471536994 0.860465646 0.193007067
vn -0.380945146 0.473612189 -0.794085801
vn 0.719353616 0.670960665 0.179839224
vn 0.715980887 0.481236786 0.505749464
vn -0.600268424 0.776046813 0.193466067
vn -0.490277529 0.628641665 -0.60368669
vn -0.838948667 0.491376907 0.233910203
vn -0.586562574 0.723626494 -0.363743305
vn -0.752042949 0.348430127 0.559489012
vn -0.53026408 0.681020141 0.505006433
vn -0.32717374 0.339244366 0.88196969
vn 0.762337327 0.135531053 0.632829547
vn -0.807267785 0.00375421811 0.590173423
vn -0.97147727 -0.0512762293 0.231522501
vn -0.398570418 0.0066819787 0.917113423
vn -0.848909497 -0.482147783 0.216532156
vn -0.631609499 -0.614962459 -0.472112864
vn -0.469491541 -0.65455538 -0.59256649
vn -0.594623685 -0.782692671 0.183888212
vn -0.539141715 -0.677685797 0.500068188
vn -0.75854367 -0.343804002 0.553543389
vn -0.320223719 -0.330244124 0.887916386
vn 0.440543145 -0.462934405 -0.769164085
vn 0.634955585 -0.755947888 0.159292683
vn 0.639433086 -0.681784093 0.355381101
vn 0.817581356 -0.283756018 0.501042128
vn -0.694661438 0.312473744 -0.647924066
vn 0.923776865 0.0435607918 0.38044557
vn 0.479436934 0.228556231 -0.847291172
vn 0.40303877 0.462034166 -0.789990067
vn -0.631609499 -0.614962459 -0.472112864
vn 0.248417661 0.571354926 -0.782203436
vn -0.469491541 -0.65455538 -0.59256649
vn 0.440543145 -0.462934405 -0.769164085
vn 0.292024374 0.822006941 -0.488903165
vn -0.765875459 0.354290724 0.536575079
vn -0.646644831 -0.735393047 0.202602029
vn 0.463529825 -0.327324003 -0.823406994
vn 0.550295055 -0.228939742 -0.802970648
vn 0.250253081 -0.595994711 -0.762996495
vn 0.414665729 -0.119442232 -0.902100742
vn -0.183123738 -0.5241943 -0.831676722
vn 0.40303877 0.462034166 -0.789990067
vn 0.876706183 0.0480739325 -0.478617877
vn -0.694661438 0.312473744 -0.647924066
vn 0.40303877 0.462034166 -0.789990067
vn 0.292024374 0.822006941 -0.488903165
vn -0.765875459 0.354290724 0.536575079
vn -0.178597972 0.957826495 -0.225102395
vn 0.432877958 0.685002685 0.585993171
vn -0.183123738 -0.5241943 -0.831676722
vn -0.646644831 -0.735393047 0.202602029
vn -0.183123738 -0.5241943 -0.831676722
vn -0.962991595 -0.244907871 -0.112549551
vn -0.999898314 -0.00037830256 -0.0142581435
vn -0.178597972 0.957826495 -0.225102395
vn 0.432877958 0.685002685 0.585993171
vn 0.0949969962 0.294702023 -0.950855613
vn -0.975233436 -0.213002771 0.059578754
vn 0.55993408 0.111140467 0.821049035
vn -0.299762368 0.801818252 0.516943038
vn 0.442324787 -0.884348392 -0.149253339
vn 0.463529825 -0.327324003 -0.823406994
vn -0.646644831 -0.735393047 0.202602029
vn -0.994198918 0.00171418663 0.107543603
vn -0.765875459 0.354290724 0.536575079
vn 0.340901315 -0.0124685746 0.940016448
vn 0.507161379 0.0907541439 -0.857059598
vn -0.962991595 -0.244907871 -0.112549551
vn -0.990654171 -0.0199091714 -0.134936973
vn 0.566943824 -0.174478784 0.805066347
vn 0.317335695 0.185353771 -0.930022657
vn -0.992743373 -0.00990189612 0.119844332
vn 0.483573616 -0.41658482 0.769814074
vn 0.173674852 0.662150681 -0.728967428
vn -0.0392187685 0.670220196 0.741125345
vn -0.178597972 0.957826495 -0.225102395
vn 0.507161379 0.0907541439 -0.857059598
vn -0.765875459 0.354290724 0.536575079
vn 0.566943824 -0.174478784 0.805066347
vn 0.317335695 0.185353771 -0.930022657
vn 0.483573616 -0.41658482 0.769814074
vn 0.173674852 0.662150681 -0.728967428
vn -0.0392187685 0.670220196 0.741125345
vn 0.292024374 0.822006941 -0.488903165
vn -0.178597972 0.957826495 -0.225102395
vn 0.432877958 0.685002685 0.585993171
vn -0.183123738 -0.5241943 -0.831676722
vn 0.55993408 0.111140467 0.821049035
vn 0.432877958 0.685002685 0.585993171
vn -0.299762368 0.801818252 0.516943038
vn -0.646644831 -0.735393047 0.202602029
vn 0.876706183 0.0480739325 -0.478617877
vn 0.442324787 -0.884348392 -0.149253339
vn -0.646644831 -0.735393047 0.202602029
vn -0.97147727 -0.0512762293 0.231522501
vn 0.671412826 0.557467222 -0.488298178
vn 0.414665729 -0.119442232 -0.902100742
vn 0.818717957 -0.0824862272 -0.568240225
vn 0.719353616 0.670960665 0.179839224
vn 0.715980887 0.481236786 0.505749464
vn 0.250253081 -0.595994711 -0.762996495
vn 0.550295055 -0.228939742 -0.802970648
vn 0.762337327 0.135531053 0.632829547
vn 0.923776865 0.0435607918 0.38044557
vn 0.817581356 -0.283756018 0.501042128
vn 0.639433086 -0.681784093 0.355381101
vn 0.634955585 -0.755947888 0.159292683
vn 0.440543145 -0.462934405 -0.769164085
vn 0.248417661 0.571354926 -0.782203436
vn 0.876706183 0.0480739325 -0.478617877
vn 0.442324787 -0.884348392 -0.149253339
vn 0.463529825 -0.327324003 -0.823406994
vn 0.479436934 0.228556231 -0.847291172
vn 0.40303877 0.462034166 -0.789990067
vn 0.479436934 0.228556231 -0.847291172
vn 0.821531355 0.560484707 -0.104609437
vn -0.514597297 0.847901642 -0.127484843
vn 0.78878957 0.614650309 -0.00400371896
vn 0.821531355 0.560484707 -0.104609437
vn -0.609570742 0.758012772 -0.232035145
vn -0.817139089 -0.353492558 0.455331355
vn -0.780939519 -0.345413506 0.520406544
vn 0.564055264 -0.577359319 0.590336978
vn 0.496570557 -0.5702672 0.654379785
vn 0.821531355 0.560484707 -0.104609437
vn 0.78878957 0.614650309 -0.00400371896
vn 0.818694055 0.526925564 -0.228231028
vn -0.573341727 0.68275857 -0.452901691
vn -0.046692282 0.809769213 0.584887743
vn -0.774032414 -0.217492461 0.594618261
vn -0.046692282 0.809769213 0.584887743
vn 0.533905864 -0.391034216 0.749691129
vn -0.046692282 0.809769213 0.584887743
vn 0.818694055 0.526925564 -0.228231028
vn 0.818694055 0.526925564 -0.228231028
vn 0.821531355 0.560484707 -0.104609437
vn 0.620554924 0.674069464 0.400676817
vn -0.787270069 0.539107144 0.299281299
vn 0.674013853 0.583493888 0.45303458
vn -0.801059902 0.527182519 0.283516347
vn -0.618099988 -0.78609705 -0.00197462249
vn -0.47100234 -0.875503123 -0.107939497
vn 0.607742846 0.775104523 0.172805429
vn -0.817495763 0.50532347 0.276313066
vn 0.137111172 0.12600036 0.982509255
vn -0.553156376 -0.804466069 0.216454118
vn 0.137111172 0.12600036 0.982509255
vn -0.618099988 -0.78609705 -0.00197462249
vn 0.7332111 -0.679765344 0.0179047976
vn 0.759870589 -0.648570359 0.0441952161
vn 0.620554924 0.674069464 0.400676817
vn 0.674013853 0.583493888 0.45303458
vn -0.553156376 -0.804466069 0.216454118
vn 0.744476736 -0.655505657 0.126754567
vn 0.137111172 0.12600036 0.982509255
vn 0.607742846 0.775104523 0.172805429
vn 0.137111172 0.12600036 0.982509255
vn 0.703560591 0.701798022 0.11172273
vn -0.790417612 0.557589054 0.253642559
vn 0.72592032 0.667818725 0.164492741
vn -0.709523082 0.686366141 0.159619585
vn -0.600081682 -0.727731287 0.332128376
vn -0.599948764 -0.696057141 0.394418359
vn 0.658238173 -0.722187281 0.212527722
vn 0.671741843 -0.680394232 0.292961538
vn 0.703560591 0.701798022 0.11172273
vn -0.638621867 -0.549131751 0.539088488
vn -0.743641555 0.667708158 0.0341036879
vn 0.118624687 0.500169992 0.857763529
vn 0.703560591 0.701798022 0.11172273
vn 0.667473614 -0.606441855 0.432096422
vn 0.118624687 0.500169992 0.857763529
vn 0.720831752 0.690857053 -0.0558399968
vn 0.720831752 0.690857053 -0.0558399968
vn 0.720831752 0.690857053 -0.0558399968
vn 0.118624687 0.500169992 0.857763529
vn 0.703560591 0.701798022 0.11172273
vn 0.72592032 0.667818725 0.164492741
vn 0.703560591 0.701798022 0.11172273
vn 0.720831752 0.690857053 -0.0558399968
vn -0.949761748 0.305978626 0.0657998025
vn -0.587135136 0.77017349 0.249209151
vn -0.94988215 0.305633962 0.0656636283
vn -0.586940289 0.770305037 0.249261186
vn -1.61165701E-07 0.947643638 0.319329709
vn -1.87640623E-07 0.947643638 0.319329709
vn -0.949852407 -0.268060058 -0.161010355
vn -0.949732065 -0.268404394 -0.161146402
vn -0.58708632 -0.732547045 -0.344535261
vn -0.586891592 -0.732678533 -0.344587237
vn 5.72560623E-07 -0.909984052 -0.414643139
vn 5.2399912E-07 -0.909984171 -0.414643168
vn 0.587138653 -0.770171225 -0.249207661
vn 0.949759364 -0.30598557 -0.0658023283
vn 0.949884534 -0.305627286 -0.0656607822
vn 0.586936116 -0.770308077 -0.249261722
vn 3.12255054E-07 -0.947643876 -0.319329262
vn 3.06153851E-07 -0.947643876 -0.319329232
vn 0.949854732 0.268053383 0.161007389
vn 0.949729562 0.268411428 0.161148831
vn 0.587090135 0.73254472 0.344533503
vn 0.586887836 0.732681453 0.344587505
vn -0 0.909984529 0.414642185
vn -0 0.909984529 0.414642155
vn -0.0421696678 -0.313780457 0.948558688
vn -0.36612916 0.416148603 0.832327843
vn -0.352308571 0.710142553 0.609570503
vn 0.0439641364 -0.171554521 0.984193146
vn -0.617052555 0.591856062 0.518606246
vn -0.541681945 -0.410303473 0.733642757
vn -0.485160708 0.298969418 0.821727693
vn -0.229621902 -0.471147925 0.851641655
vn -0.430796266 0.872914612 0.228986144
vn -0.090722613 0.579497874 0.80990833
vn -0.3347238 0.942216992 0.0136821289
vn -0.598015606 0.787675738 0.148136079
vn -0.889112473 0.331238836 0.315847903
vn -0.773646414 0.13888815 0.618208051
vn -0.352308571 0.710142553 0.609570503
vn 0.0439641364 -0.171554521 0.984193146
vn -0.33578065 0.0248537604 0.941612244
vn -0.192649916 0.949326754 0.248324037
vn 0.126168236 0.696676672 0.706203341
vn 0.377473414 -0.369101971 0.849280596
vn 0.857474625 -0.101412311 0.504433215
vn 0.534006953 -0.199168265 0.821686387
vn 0.377473414 -0.369101971 0.849280596
vn -0.714459181 0.469231933 -0.5190081
vn -0.908303499 0.40956229 0.0851082653
vn -0.714459181 0.469231933 -0.5190081
vn -0.173297167 -0.0557531863 -0.983290195
vn -0.0738962591 0.939245045 0.335198581
vn 0.101495765 0.873304546 0.476484805
vn 0.0139453551 0.951746702 0.306567609
vn -0.129526645 0.96262747 0.237846881
vn -0.380102932 0.916029215 0.128110126
vn -0.370324045 0.9243536 0.0918172598
vn -0.323260397 0.946266472 -0.00908615068
vn -0.440972477 0.89708811 -0.0278612152
vn -0.352308571 0.710142553 0.609570503
vn -0.36612916 0.416148603 0.832327843
vn -0.994108796 0.0209509749 0.106342539
vn 0.46030575 -0.870172858 0.17583476
vn 0.475001603 -0.8100155 -0.343872517
vn 0.10454455 -0.965160012 0.239867941
vn 0.377473414 -0.369101971 0.849280596
vn -0.229621902 -0.471147925 0.851641655
vn 0.186907873 -0.982336462 0.0089818472
vn -0.541681945 -0.410303473 0.733642757
vn 0.302234441 -0.952772379 0.0296529327
vn -0.0421696678 -0.313780457 0.948558688
vn 0.534006953 -0.199168265 0.821686387
vn 0.531348705 -0.830644548 0.166427374
vn 0.448214293 -0.823052943 -0.348837852
vn 0.32741797 -0.836869717 -0.438687176
vn 0.568750083 -0.790282249 0.227985516
vn -0.0421696678 -0.313780457 0.948558688
vn 0.0439641364 -0.171554521 0.984193146
vn 0.857474625 -0.101412311 0.504433215
vn 0.351222932 -0.893864095 -0.278656423
vn -0.714459181 0.469231933 -0.5190081
vn 0.51187855 -0.822953224 -0.246431172
vn 0.424366027 -0.843338013 -0.329688489
vn -0.173297167 -0.0557531863 -0.983290195
vn 0.31911841 -0.901356995 -0.292778105
vn 0.328198016 -0.905801535 -0.267973363
vn 0.424366027 -0.843338013 -0.329688489
vn 0.124390692 -0.952666342 -0.277405441
vn 0.14652957 -0.93206799 -0.331328273
vn -0.0637186319 -0.910486877 -0.408599615
vn 0.00577190518 -0.950765967 -0.309855998
vn 0.354406625 0.682724714 0.638970077
vn 0.859404445 -0.107234806 -0.499924749
vn 0.748097122 -0.592138469 0.299537748
vn 0.203862756 0.812766194 0.545757353
vn 0.797721982 -0.533050656 -0.281951547
vn -0.65352428 -0.0991504267 0.750383377
vn 0.748097122 -0.592138469 0.299537748
vn -0.36684379 -0.926217675 -0.0868702084
vn -0.892354429 -0.201744437 0.403736115
vn -0.35200128 -0.927951872 -0.122475982
vn 0.797721982 -0.533050656 -0.281951547
vn 0.859404445 -0.107234806 -0.499924749
vn -0.36684379 -0.926217675 -0.0868702084
vn 0.748097122 -0.592138469 0.299537748
vn -0.892354429 -0.201744437 0.403736115
vn -0.65352428 -0.0991504267 0.750383377
vn 0.203862756 0.812766194 0.545757353
vn 0.354406625 0.682724714 0.638970077
vn 0.243307561 0.969676435 0.0230022725
vn 0.543550611 -0.514696836 -0.663053393
vn 0.991668463 0.10844548 -0.0695208162
vn 0.435209304 0.884642303 -0.167335108
vn 0.784861088 -0.356527716 -0.506834269
vn -0.685990989 0.310786426 0.657896817
vn -0.318200022 0.208636388 0.924780786
vn 0.991668463 0.10844548 -0.0695208162
vn -0.0210534837 -0.872312427 0.488495439
vn 0.543550611 -0.514696836 -0.663053393
vn 0.784861088 -0.356527716 -0.506834269
vn -0.165003404 -0.970106304 0.177954033
vn -0.0620025471 0.647631109 0.75942719
vn 0.845045745 -0.532944858 -0.0432129763
vn -0.0931208357 -0.593900621 0.799131095
vn -0.99446398 -0.0610936955 0.0854927525
vn -0.0931208357 -0.593900621 0.799131095
vn -0.0931208357 -0.593900621 0.799131095
vn -0.511016607 -0.774150908 -0.373567224
vn 0.845045745 -0.532944858 -0.0432129763
vn -0.0931208357 -0.593900621 0.799131095
vn -0.173297167 -0.0557531863 -0.983290195
vn -0.714459181 0.469231933 -0.5190081
vn -0.00711248489 0.687621295 0.726034701
vn 0.785410464 -0.614725828 0.072405383
vn -0.218493074 -0.529302239 0.819817007
vn 0.785410464 -0.614725828 0.072405383
vn -0.500921667 -0.779790699 -0.375504941
vn -0.218493074 -0.529302239 0.819817007
vn -0.218493074 -0.529302239 0.819817007
vn -0.999986768 0.00492770504 -0.0014975036
vn -0.00711248489 0.687621295 0.726034701
vn -0.218493074 -0.529302239 0.819817007
vn -0.0239528138 0.69166553 0.721820593
vn 0.778691888 -0.62465781 0.0586643219
vn -0.180951819 -0.516062081 0.837219417
vn 0.778691888 -0.62465781 0.0586643219
vn -0.524036705 -0.787542999 -0.324286103
vn -0.180951819 -0.516062081 0.837219417
vn -0.180951819 -0.516062081 0.837219417
vn -0.998655915 -0.0386761092 0.0345029309
vn -0.0239528138 0.69166553 0.721820593
vn -0.180951819 -0.516062081 0.837219417
vn -0.0299698208 0.657660723 0.752717793
vn 0.774303496 -0.625957847 0.0929024816
vn -0.218180433 -0.538117468 0.81414175
vn -0.999654055 -0.0153524643 0.0213579331
vn -0.218180433 -0.538117468 0.81414175
vn -0.218180433 -0.538117468 0.81414175
vn -0.510138214 -0.783719778 -0.354319572
vn 0.774303496 -0.625957847 0.0929024816
vn -0.218180433 -0.538117468 0.81414175
vn 0.0421696827 -0.313780487 0.948558688
vn 0.36612916 0.416148603 0.832327843
vn -0.0439641364 -0.171554536 0.984193146
vn 0.352308631 0.710142553 0.609570503
vn 0.617052555 0.591856062 0.518606305
vn 0.541681826 -0.410303473 0.733642757
vn 0.485160708 0.298969418 0.821727693
vn 0.229621992 -0.471147954 0.851641655
vn 0.430796266 0.872914612 0.228986174
vn 0.0907226056 0.579497933 0.80990833
vn 0.3347238 0.942216992 0.0136821335
vn 0.598015606 0.787675738 0.148136064
vn 0.889112473 0.331238836 0.315847903
vn 0.773646414 0.13888815 0.618208051
vn 0.352308631 0.710142553 0.609570503
vn -0.0439641364 -0.171554536 0.984193146
vn 0.33578065 0.0248537548 0.941612244
vn 0.192649916 0.949326754 0.248324037
vn -0.126168266 0.696676672 0.706203341
vn -0.377473414 -0.369101971 0.849280596
vn -0.857474625 -0.101412311 0.504433215
vn -0.534006953 -0.199168265 0.821686387
vn -0.377473414 -0.369101971 0.849280596
vn 0.714459181 0.469231993 -0.519008219
vn 0.908303499 0.40956223 0.0851082802
vn 0.714459181 0.469231993 -0.519008219
vn 0.173297167 -0.0557531863 -0.983290195
vn 0.0738962591 0.939245045 0.335198581
vn -0.101495765 0.873304546 0.476484805
vn -0.0139453551 0.951746702 0.306567609
vn 0.129526645 0.96262747 0.237846881
vn 0.380102932 0.916029215 0.128110126
vn 0.370324045 0.9243536 0.0918172598
vn 0.323260397 0.946266472 -0.00908615068
vn 0.440972477 0.89708811 -0.0278612152
vn 0.36612916 0.416148603 0.832327843
vn 0.352308631 0.710142553 0.609570503
vn 0.994108796 0.0209509749 0.106342554
vn -0.46030575 -0.870172858 0.17583476
vn -0.104544565 -0.965160012 0.239867941
vn -0.475001723 -0.8100155 -0.343872517
vn -0.377473414 -0.369101971 0.849280596
vn 0.229621992 -0.471147954 0.851641655
vn -0.186907917 -0.982336462 0.0089818472
vn 0.541681826 -0.410303473 0.733642757
vn -0.302234441 -0.952772379 0.0296529103
vn 0.0421696827 -0.313780487 0.948558688
vn -0.534006953 -0.199168265 0.821686387
vn -0.531348705 -0.830644548 0.166427374
vn -0.448214293 -0.823052943 -0.348837852
vn -0.32741797 -0.836869717 -0.438687176
vn -0.568750083 -0.790282249 0.227985457
vn 0.0421696827 -0.313780487 0.948558688
vn -0.0439641364 -0.171554536 0.984193146
vn -0.857474625 -0.101412311 0.504433215
vn -0.351222932 -0.893864095 -0.278656423
vn 0.714459181 0.469231993 -0.519008219
vn -0.51187855 -0.822953224 -0.246431187
vn -0.424366117 -0.843338013 -0.329688519
vn 0.173297167 -0.0557531863 -0.983290195
vn -0.31911841 -0.901356995 -0.292778105
vn -0.328197986 -0.905801535 -0.267973393
vn -0.424366117 -0.843338013 -0.329688519
vn -0.124390692 -0.952666342 -0.277405441
vn -0.14652957 -0.93206799 -0.331328273
vn 0.0637186319 -0.910486877 -0.408599615
vn -0.00577190518 -0.950765967 -0.309855998
vn -0.354406685 0.682724714 0.638970137
vn -0.748097122 -0.592138469 0.299537748
vn -0.859404445 -0.107234806 -0.499924749
vn -0.203862756 0.812766135 0.545757353
vn -0.797721982 -0.533050656 -0.281951606
vn 0.65352428 -0.0991504267 0.750383377
vn -0.748097122 -0.592138469 0.299537748
vn 0.36684379 -0.926217675 -0.0868702009
vn 0.89235431 -0.201744437 0.403736144
vn 0.352001309 -0.927951872 -0.122475997
vn -0.797721982 -0.533050656 -0.281951606
vn -0.859404445 -0.107234806 -0.499924749
vn -0.748097122 -0.592138469 0.299537748
vn 0.36684379 -0.926217675 -0.0868702009
vn -0.354406685 0.682724714 0.638970137
vn -0.203862756 0.812766135 0.545757353
vn 0.89235431 -0.201744437 0.403736144
vn 0.65352428 -0.0991504267 0.750383377
vn -0.243307546 0.969676435 0.0230022855
vn -0.991668463 0.10844548 -0.0695208162
vn -0.543550611 -0.514696836 -0.663053393
vn -0.435209215 0.884642303 -0.167335078
vn -0.784861088 -0.356527776 -0.506834269
vn 0.685990989 0.310786366 0.657896817
vn 0.318200022 0.208636329 0.924780786
vn -0.991668463 0.10844548 -0.0695208162
vn 0.0210535154 -0.872312486 0.48849535
vn -0.543550611 -0.514696836 -0.663053393
vn -0.784861088 -0.356527776 -0.506834269
vn 0.165003464 -0.970106304 0.177954033
vn 0.0620025471 0.647631109 0.75942719
vn 0.0931208357 -0.593900621 0.799131095
vn -0.845045745 -0.532944858 -0.0432129763
vn 0.99446398 -0.0610936955 0.0854927525
vn 0.0931208357 -0.593900621 0.799131095
vn 0.0931208357 -0.593900621 0.799131095
vn 0.511016607 -0.774150908 -0.373567224
vn -0.845045745 -0.532944858 -0.0432129763
vn 0.0931208357 -0.593900621 0.799131095
vn 0.714459181 0.469231993 -0.519008219
vn 0.173297167 -0.0557531863 -0.983290195
vn 0.00711248489 0.687621295 0.726034701
vn 0.218493074 -0.529302239 0.819817007
vn -0.785410464 -0.614725828 0.072405383
vn -0.785410464 -0.614725828 0.072405383
vn 0.218493074 -0.529302239 0.819817007
vn 0.500921667 -0.779790699 -0.375504941
vn 0.218493074 -0.529302239 0.819817007
vn 0.999986768 0.00492770504 -0.0014975036
vn 0.218493074 -0.529302239 0.819817007
vn 0.00711248489 0.687621295 0.726034701
vn 0.0239528138 0.69166553 0.721820593
vn 0.180951819 -0.516062081 0.837219417
vn -0.778691888 -0.62465781 0.0586643219
vn -0.778691888 -0.62465781 0.0586643219
vn 0.180951819 -0.516062081 0.837219417
vn 0.524036705 -0.787542999 -0.324286103
vn 0.180951819 -0.516062081 0.837219417
vn 0.998655915 -0.0386761092 0.0345029309
vn 0.180951819 -0.516062081 0.837219417
vn 0.0239528138 0.69166553 0.721820593
vn 0.0299698208 0.657660723 0.752717793
vn 0.218180433 -0.538117468 0.81414175
vn -0.774303496 -0.625957847 0.0929024816
vn 0.999654055 -0.0153524643 0.0213579331
vn 0.218180433 -0.538117468 0.81414175
vn 0.218180433 -0.538117468 0.81414175
vn 0.510138214 -0.783719778 -0.354319572
vn -0.774303496 -0.625957847 0.0929024816
vn 0.218180433 -0.538117468 0.81414175
g polySurface6_0
f 3/3/3 2/2/2 1/1/1
f 2/2/2 4/4/4 1/1/1
f 1/1/1 5/5/5 3/3/3
f 5/5/5 6/6/6 3/3/3
f 6/6/6 5/5/5 7/7/7
f 8/8/8 6/6/6 7/7/7
f 3/3/3 9/9/9 2/2/2
f 6/6/6 9/9/9 3/3/3
f 9/9/9 10/10/10 2/2/2
f 8/8/8 11/11/11 6/6/6
f 11/11/11 9/9/9 6/6/6
f 2/2/2 10/10/10 12/12/12
f 12/12/12 13/13/13 2/2/2
f 4/4/4 2/2/2 13/13/13
f 12/12/12 14/14/14 13/13/13
f 14/14/14 15/15/15 13/13/13
f 12/12/12 16/16/16 14/14/14
f 10/10/10 16/16/16 12/12/12
f 16/16/16 17/17/17 14/14/14
f 14/14/14 18/18/18 15/15/15
f 17/17/17 18/18/18 14/14/14
f 15/15/15 18/18/18 19/19/19
f 19/19/19 20/20/20 15/15/15
f 20/20/20 21/21/21 15/15/15
f 22/22/22 20/20/20 19/19/19
f 23/23/23 22/22/22 19/19/19
f 24/24/24 22/22/22 23/23/23
f 25/25/25 24/24/24 23/23/23
f 26/26/26 24/24/24 25/25/25
f 27/27/27 26/26/26 25/25/25
f 28/28/28 26/26/26 27/27/27
f 29/29/29 28/28/28 27/27/27
f 28/28/28 29/29/29 30/30/30
f 31/31/31 28/28/28 30/30/30
f 30/30/30 32/32/32 31/31/31
f 32/32/32 33/33/33 31/31/31
f 33/33/33 32/32/32 34/34/34
f 35/35/35 33/33/33 34/34/34
f 34/34/34 36/36/36 35/35/35
f 36/36/36 37/37/37 35/35/35
f 37/37/37 36/36/36 38/38/38
f 39/39/39 37/37/37 38/38/38
f 30/30/30 40/40/40 32/32/32
f 32/32/32 40/40/40 34/34/34
f 29/29/29 41/41/41 30/30/30
f 41/41/41 40/40/40 30/30/30
f 36/36/36 42/42/42 38/38/38
f 34/34/34 43/43/43 36/36/36
f 40/40/40 43/43/43 34/34/34
f 44/44/44 41/41/41 29/29/29
f 27/27/27 44/44/44 29/29/29
f 25/25/25 44/44/44 27/27/27
f 45/45/45 44/44/44 25/25/25
f 23/23/23 45/45/45 25/25/25
f 19/19/19 45/45/45 23/23/23
f 18/18/18 45/45/45 19/19/19
f 41/41/41 46/46/46 40/40/40
f 46/46/46 47/47/47 40/40/40
f 44/44/44 48/48/48 41/41/41
f 48/48/48 46/46/46 41/41/41
f 45/45/45 49/49/49 44/44/44
f 49/49/49 48/48/48 44/44/44
f 50/50/50 49/49/49 45/45/45
f 17/17/17 50/50/50 45/45/45
f 17/17/17 45/45/45 18/18/18
f 51/51/51 50/50/50 17/17/17
f 16/16/16 51/51/51 17/17/17
f 52/52/52 51/51/51 16/16/16
f 10/10/10 52/52/52 16/16/16
f 53/53/53 52/52/52 10/10/10
f 9/9/9 53/53/53 10/10/10
f 54/54/54 53/53/53 9/9/9
f 11/11/11 54/54/54 9/9/9
f 53/53/53 55/55/55 52/52/52
f 55/55/55 56/56/56 52/52/52
f 52/52/52 56/56/56 51/51/51
f 54/54/54 57/57/57 53/53/53
f 57/57/57 55/55/55 53/53/53
f 56/56/56 58/58/58 51/51/51
f 51/51/51 58/58/58 50/50/50
f 50/50/50 59/59/59 49/49/49
f 58/58/58 59/59/59 50/50/50
f 59/59/59 60/60/60 49/49/49
f 55/55/55 61/61/61 56/56/56
f 61/61/61 62/62/62 56/56/56
f 56/56/56 62/62/62 58/58/58
f 62/62/62 63/63/63 58/58/58
f 58/58/58 63/63/63 59/59/59
f 63/63/63 64/64/64 59/59/59
f 57/57/57 65/65/65 55/55/55
f 65/65/65 61/61/61 55/55/55
f 65/65/65 57/57/57 66/66/66
f 67/67/67 65/65/65 66/66/66
f 66/66/66 57/57/57 68/68/68
f 57/57/57 54/54/54 68/68/68
f 61/61/61 69/69/69 62/62/62
f 69/69/69 70/70/70 62/62/62
f 62/62/62 70/70/70 63/63/63
f 65/65/65 71/71/71 61/61/61
f 71/71/71 69/69/69 61/61/61
f 67/67/67 72/72/72 65/65/65
f 72/72/72 71/71/71 65/65/65
f 73/73/73 72/72/72 67/67/67
f 74/74/74 73/73/73 67/67/67
f 67/67/67 66/66/66 74/74/74
f 70/70/70 75/75/75 63/63/63
f 63/63/63 75/75/75 64/64/64
f 75/75/75 76/76/76 64/64/64
f 69/69/69 77/77/77 70/70/70
f 77/77/77 78/78/78 70/70/70
f 70/70/70 78/78/78 75/75/75
f 73/73/73 79/79/79 72/72/72
f 79/79/79 80/80/80 72/72/72
f 71/71/71 80/80/80 69/69/69
f 80/80/80 77/77/77 69/69/69
f 72/72/72 80/80/80 71/71/71
f 77/77/77 81/81/81 78/78/78
f 81/81/81 82/82/82 78/78/78
f 78/78/78 82/82/82 75/75/75
f 79/79/79 83/83/83 80/80/80
f 83/83/83 84/84/84 80/80/80
f 80/80/80 84/84/84 77/77/77
f 84/84/84 81/81/81 77/77/77
f 82/82/82 85/85/85 75/75/75
f 75/75/75 85/85/85 76/76/76
f 85/85/85 86/86/86 76/76/76
f 76/76/76 86/86/86 87/87/87
f 76/76/76 87/87/87 88/88/88
f 88/88/88 87/87/87 89/89/89
f 87/87/87 90/90/90 89/89/89
f 90/90/90 91/91/91 89/89/89
f 88/88/88 89/89/89 60/60/60
f 89/89/89 91/91/91 60/60/60
f 59/59/59 88/88/88 60/60/60
f 91/91/91 92/92/92 60/60/60
f 93/93/93 92/92/92 91/91/91
f 60/60/60 92/92/92 94/94/94
f 60/60/60 94/94/94 48/48/48
f 49/49/49 60/60/60 48/48/48
f 95/95/95 94/94/94 92/92/92
f 95/95/95 48/48/48 94/94/94
f 92/92/92 93/93/93 95/95/95
f 48/48/48 95/95/95 46/46/46
f 95/95/95 96/96/96 46/46/46
f 95/95/95 97/97/97 96/96/96
f 93/93/93 97/97/97 95/95/95
f 97/97/97 98/98/98 96/96/96
f 98/98/98 47/47/47 96/96/96
f 47/47/47 46/46/46 96/96/96
f 40/40/40 47/47/47 99/99/99
f 40/40/40 99/99/99 100/100/100
f 64/64/64 88/88/88 59/59/59
f 64/64/64 76/76/76 88/88/88
f 21/21/21 101/101/101 15/15/15
f 101/101/101 13/13/13 15/15/15
f 87/87/87 102/102/102 90/90/90
f 102/102/102 103/103/103 90/90/90
f 86/86/86 102/102/102 87/87/87
f 102/102/102 104/104/104 103/103/103
f 104/104/104 105/105/105 103/103/103
f 86/86/86 106/106/106 102/102/102
f 106/106/106 104/104/104 102/102/102
f 107/107/107 106/106/106 86/86/86
f 85/85/85 107/107/107 86/86/86
f 104/104/104 108/108/108 105/105/105
f 106/106/106 109/109/109 104/104/104
f 110/110/110 109/109/109 106/106/106
f 82/82/82 110/110/110 85/85/85
f 111/111/111 110/110/110 82/82/82
f 81/81/81 111/111/111 82/82/82
f 84/84/84 111/111/111 81/81/81
f 112/112/112 109/109/109 110/110/110
f 83/83/83 113/113/113 84/84/84
f 103/103/103 114/114/114 90/90/90
f 114/114/114 115/115/115 90/90/90
f 118/118/118 117/117/117 116/116/116
f 117/117/117 119/119/119 116/116/116
f 116/116/116 120/120/120 118/118/118
f 120/120/120 121/121/121 118/118/118
f 119/119/119 117/117/117 122/122/122
f 123/123/123 119/119/119 122/122/122
f 122/122/122 124/124/124 123/123/123
f 124/124/124 125/125/125 123/123/123
f 126/126/126 117/117/117 118/118/118
f 118/118/118 121/121/121 126/126/126
f 121/121/121 127/127/127 126/126/126
f 122/122/122 117/117/117 128/128/128
f 117/117/117 129/129/129 128/128/128
f 128/128/128 130/130/130 122/122/122
f 130/130/130 124/124/124 122/122/122
f 130/130/130 128/128/128 131/131/131
f 132/132/132 130/130/130 131/131/131
f 131/131/131 128/128/128 133/133/133
f 128/128/128 129/129/129 133/133/133
f 133/133/133 134/134/134 131/131/131
f 134/134/134 133/133/133 135/135/135
f 133/133/133 129/129/129 135/135/135
f 136/136/136 134/134/134 135/135/135
f 134/134/134 137/137/137 131/131/131
f 131/131/131 137/137/137 132/132/132
f 126/126/126 127/127/127 138/138/138
f 127/127/127 139/139/139 138/138/138
f 138/138/138 139/139/139 140/140/140
f 140/140/140 141/141/141 138/138/138
f 141/141/141 142/142/142 138/138/138
f 139/139/139 143/143/143 140/140/140
f 142/142/142 141/141/141 144/144/144
f 141/141/141 145/145/145 144/144/144
f 144/144/144 145/145/145 146/146/146
f 145/145/145 147/147/147 146/146/146
f 146/146/146 147/147/147 148/148/148
f 140/140/140 143/143/143 149/149/149
f 150/150/150 140/140/140 149/149/149
f 141/141/141 140/140/140 150/150/150
f 145/145/145 141/141/141 150/150/150
f 151/151/151 145/145/145 150/150/150
f 147/147/147 145/145/145 151/151/151
f 152/152/152 147/147/147 151/151/151
f 148/148/148 147/147/147 152/152/152
f 153/153/153 148/148/148 152/152/152
f 154/154/154 148/148/148 153/153/153
f 155/155/155 154/154/154 153/153/153
f 156/156/156 154/154/154 155/155/155
f 157/157/157 156/156/156 155/155/155
f 158/158/158 157/157/157 155/155/155
f 159/159/159 157/157/157 158/158/158
f 160/160/160 159/159/159 158/158/158
f 161/161/161 159/159/159 160/160/160
f 162/162/162 161/161/161 160/160/160
f 159/159/159 163/163/163 157/157/157
f 163/163/163 159/159/159 164/164/164
f 159/159/159 161/161/161 164/164/164
f 163/163/163 165/165/165 157/157/157
f 156/156/156 157/157/157 166/166/166
f 157/157/157 165/165/165 166/166/166
f 166/166/166 167/167/167 156/156/156
f 154/154/154 167/167/167 148/148/148
f 167/167/167 168/168/168 148/148/148
f 169/169/169 168/168/168 167/167/167
f 168/168/168 169/169/169 170/170/170
f 148/148/148 168/168/168 170/170/170
f 169/169/169 171/171/171 170/170/170
f 172/172/172 169/169/169 167/167/167
f 146/146/146 148/148/148 170/170/170
f 144/144/144 146/146/146 170/170/170
f 173/173/173 144/144/144 170/170/170
f 173/173/173 170/170/170 171/171/171
f 169/169/169 172/172/172 174/174/174
f 172/172/172 175/175/175 174/174/174
f 175/175/175 172/172/172 176/176/176
f 176/176/176 172/172/172 167/167/167
f 177/177/177 175/175/175 176/176/176
f 177/177/177 176/176/176 178/178/178
f 176/176/176 179/179/179 178/178/178
f 179/179/179 176/176/176 167/167/167
f 179/179/179 180/180/180 178/178/178
f 181/181/181 177/177/177 178/178/178
f 178/178/178 182/182/182 181/181/181
f 182/182/182 183/183/183 181/181/181
f 184/184/184 181/181/181 183/183/183
f 181/181/181 184/184/184 177/177/177
f 185/185/185 184/184/184 183/183/183
f 184/184/184 186/186/186 177/177/177
f 177/177/177 186/186/186 187/187/187
f 186/186/186 188/188/188 187/187/187
f 189/189/189 183/183/183 182/182/182
f 189/189/189 182/182/182 190/190/190
f 182/182/182 178/178/178 190/190/190
f 178/178/178 180/180/180 190/190/190
f 191/191/191 189/189/189 190/190/190
f 189/189/189 191/191/191 192/192/192
f 193/193/193 189/189/189 192/192/192
f 189/189/189 193/193/193 183/183/183
f 192/192/192 191/191/191 194/194/194
f 194/194/194 195/195/195 192/192/192
f 195/195/195 196/196/196 192/192/192
f 191/191/191 197/197/197 194/194/194
f 198/198/198 195/195/195 194/194/194
f 199/199/199 198/198/198 194/194/194
f 194/194/194 197/197/197 199/199/199
f 200/200/200 198/198/198 199/199/199
f 201/201/201 200/200/200 199/199/199
f 197/197/197 202/202/202 199/199/199
f 199/199/199 202/202/202 201/201/201
f 202/202/202 203/203/203 201/201/201
f 204/204/204 200/200/200 201/201/201
f 205/205/205 204/204/204 201/201/201
f 201/201/201 203/203/203 205/205/205
f 206/206/206 204/204/204 205/205/205
f 207/207/207 206/206/206 205/205/205
f 205/205/205 208/208/208 207/207/207
f 203/203/203 208/208/208 205/205/205
f 208/208/208 209/209/209 207/207/207
f 209/209/209 208/208/208 210/210/210
f 211/211/211 209/209/209 210/210/210
f 210/210/210 212/212/212 211/211/211
f 212/212/212 213/213/213 211/211/211
f 210/210/210 208/208/208 214/214/214
f 208/208/208 203/203/203 214/214/214
f 214/214/214 215/215/215 210/210/210
f 215/215/215 212/212/212 210/210/210
f 216/216/216 203/203/203 202/202/202
f 214/214/214 203/203/203 216/216/216
f 217/217/217 216/216/216 202/202/202
f 218/218/218 216/216/216 217/217/217
f 219/219/219 218/218/218 217/217/217
f 216/216/216 218/218/218 220/220/220
f 215/215/215 214/214/214 220/220/220
f 220/220/220 214/214/214 216/216/216
f 218/218/218 221/221/221 220/220/220
f 220/220/220 221/221/221 222/222/222
f 222/222/222 215/215/215 220/220/220
f 221/221/221 223/223/223 222/222/222
f 218/218/218 219/219/219 224/224/224
f 225/225/225 218/218/218 224/224/224
f 221/221/221 218/218/218 225/225/225
f 223/223/223 221/221/221 225/225/225
f 219/219/219 161/161/161 226/226/226
f 161/161/161 227/227/227 164/164/164
f 229/229/229 197/197/197 228/228/228
f 197/197/197 191/191/191 228/228/228
f 228/228/228 191/191/191 190/190/190
f 230/230/230 228/228/228 190/190/190
f 231/231/231 230/230/230 190/190/190
f 230/230/230 232/232/232 228/228/228
f 232/232/232 229/229/229 228/228/228
f 229/229/229 232/232/232 197/197/197
f 232/232/232 202/202/202 197/197/197
f 180/180/180 231/231/231 190/190/190
f 193/193/193 192/192/192 233/233/233
f 192/192/192 196/196/196 233/233/233
f 233/233/233 183/183/183 193/193/193
f 233/233/233 185/185/185 183/183/183
f 196/196/196 234/234/234 233/233/233
f 196/196/196 195/195/195 234/234/234
f 195/195/195 235/235/235 234/234/234
f 236/236/236 234/234/234 235/235/235
f 236/236/236 237/237/237 234/234/234
f 237/237/237 238/238/238 234/234/234
f 234/234/234 238/238/238 233/233/233
f 239/239/239 236/236/236 235/235/235
f 195/195/195 198/198/198 235/235/235
f 198/198/198 240/240/240 235/235/235
f 239/239/239 235/235/235 240/240/240
f 198/198/198 200/200/200 240/240/240
f 200/200/200 241/241/241 240/240/240
f 242/242/242 239/239/239 240/240/240
f 242/242/242 240/240/240 241/241/241
f 243/243/243 242/242/242 241/241/241
f 200/200/200 204/204/204 241/241/241
f 204/204/204 244/244/244 241/241/241
f 243/243/243 241/241/241 244/244/244
f 204/204/204 206/206/206 244/244/244
f 206/206/206 245/245/245 244/244/244
f 246/246/246 244/244/244 245/245/245
f 246/246/246 243/243/243 244/244/244
f 247/247/247 246/246/246 245/245/245
f 246/246/246 247/247/247 248/248/248
f 247/247/247 249/249/249 248/248/248
f 250/250/250 248/248/248 249/249/249
f 251/251/251 250/250/250 249/249/249
f 243/243/243 246/246/246 252/252/252
f 246/246/246 248/248/248 252/252/252
f 250/250/250 253/253/253 248/248/248
f 253/253/253 252/252/252 248/248/248
f 243/243/243 254/254/254 242/242/242
f 243/243/243 252/252/252 254/254/254
f 254/254/254 255/255/255 242/242/242
f 254/254/254 256/256/256 255/255/255
f 256/256/256 257/257/257 255/255/255
f 256/256/256 254/254/254 258/258/258
f 252/252/252 253/253/253 258/258/258
f 252/252/252 258/258/258 254/254/254
f 259/259/259 256/256/256 258/258/258
f 259/259/259 258/258/258 260/260/260
f 253/253/253 260/260/260 258/258/258
f 261/261/261 259/259/259 260/260/260
f 257/257/257 256/256/256 262/262/262
f 263/263/263 257/257/257 262/262/262
f 263/263/263 262/262/262 264/264/264
f 265/265/265 263/263/263 264/264/264
f 256/256/256 266/266/266 262/262/262
f 256/256/256 259/259/259 266/266/266
f 259/259/259 261/261/261 266/266/266
f 265/265/265 264/264/264 267/267/267
f 268/268/268 265/265/265 267/267/267
f 268/268/268 267/267/267 269/269/269
f 270/270/270 268/268/268 269/269/269
f 271/271/271 270/270/270 269/269/269
f 271/271/271 269/269/269 272/272/272
f 273/273/273 271/271/271 272/272/272
f 273/273/273 272/272/272 274/274/274
f 275/275/275 273/273/273 274/274/274
f 275/275/275 276/276/276 273/273/273
f 275/275/275 277/277/277 276/276/276
f 277/277/277 278/278/278 276/276/276
f 277/277/277 279/279/279 278/278/278
f 279/279/279 280/280/280 278/278/278
f 280/280/280 279/279/279 281/281/281
f 279/279/279 282/282/282 281/281/281
f 283/283/283 281/281/281 282/282/282
f 283/283/283 284/284/284 281/281/281
f 284/284/284 285/285/285 281/281/281
f 280/280/280 281/281/281 285/285/285
f 284/284/284 286/286/286 285/285/285
f 286/286/286 287/287/287 285/285/285
f 286/286/286 288/288/288 287/287/287
f 288/288/288 289/289/289 287/287/287
f 290/290/290 287/287/287 289/289/289
f 290/290/290 285/285/285 287/287/287
f 291/291/291 290/290/290 289/289/289
f 290/290/290 291/291/291 292/292/292
f 291/291/291 293/293/293 292/292/292
f 294/294/294 292/292/292 293/293/293
f 295/295/295 294/294/294 293/293/293
f 290/290/290 292/292/292 296/296/296
f 297/297/297 290/290/290 296/296/296
f 294/294/294 298/298/298 292/292/292
f 298/298/298 296/296/296 292/292/292
f 296/296/296 298/298/298 299/299/299
f 298/298/298 300/300/300 299/299/299
f 297/297/297 296/296/296 301/301/301
f 296/296/296 299/299/299 301/301/301
f 302/302/302 301/301/301 299/299/299
f 301/301/301 302/302/302 303/303/303
f 297/297/297 301/301/301 303/303/303
f 302/302/302 304/304/304 303/303/303
f 305/305/305 302/302/302 299/299/299
f 305/305/305 299/299/299 300/300/300
f 306/306/306 305/305/305 300/300/300
f 307/307/307 297/297/297 303/303/303
f 307/307/307 303/303/303 308/308/308
f 307/307/307 308/308/308 280/280/280
f 307/307/307 280/280/280 285/285/285
f 309/309/309 307/307/307 285/285/285
f 309/309/309 297/297/297 307/307/307
f 303/303/303 310/310/310 308/308/308
f 310/310/310 303/303/303 311/311/311
f 303/303/303 312/312/312 311/311/311
f 308/308/308 278/278/278 280/280/280
f 278/278/278 308/308/308 313/313/313
f 276/276/276 278/278/278 313/313/313
f 273/273/273 276/276/276 313/313/313
f 314/314/314 273/273/273 313/313/313
f 315/315/315 314/314/314 313/313/313
f 316/316/316 315/315/315 313/313/313
f 313/313/313 308/308/308 316/316/316
f 308/308/308 310/310/310 316/316/316
f 314/314/314 315/315/315 317/317/317
f 314/314/314 317/317/317 273/273/273
f 315/315/315 318/318/318 317/317/317
f 317/317/317 271/271/271 273/273/273
f 318/318/318 315/315/315 319/319/319
f 320/320/320 318/318/318 319/319/319
f 318/318/318 320/320/320 321/321/321
f 318/318/318 321/321/321 317/317/317
f 320/320/320 322/322/322 321/321/321
f 321/321/321 322/322/322 323/323/323
f 324/324/324 321/321/321 323/323/323
f 321/321/321 324/324/324 317/317/317
f 325/325/325 324/324/324 323/323/323
f 322/322/322 326/326/326 323/323/323
f 327/327/327 323/323/323 326/326/326
f 328/328/328 327/327/327 326/326/326
f 326/326/326 184/184/184 328/328/328
f 184/184/184 326/326/326 322/322/322
f 184/184/184 185/185/185 328/328/328
f 186/186/186 184/184/184 322/322/322
f 186/186/186 322/322/322 329/329/329
f 188/188/188 186/186/186 329/329/329
f 328/328/328 237/237/237 327/327/327
f 327/327/327 237/237/237 330/330/330
f 325/325/325 323/323/323 330/330/330
f 323/323/323 327/327/327 330/330/330
f 237/237/237 236/236/236 330/330/330
f 236/236/236 331/331/331 330/330/330
f 236/236/236 239/239/239 331/331/331
f 239/239/239 332/332/332 331/331/331
f 331/331/331 333/333/333 330/330/330
f 333/333/333 334/334/334 330/330/330
f 335/335/335 188/188/188 329/329/329
f 335/335/335 329/329/329 336/336/336
f 329/329/329 337/337/337 336/336/336
f 338/338/338 336/336/336 337/337/337
f 339/339/339 336/336/336 338/338/338
f 340/340/340 339/339/339 338/338/338
f 339/339/339 340/340/340 341/341/341
f 341/341/341 340/340/340 342/342/342
f 341/341/341 342/342/342 343/343/343
f 174/174/174 341/341/341 343/343/343
f 340/340/340 344/344/344 342/342/342
f 345/345/345 339/339/339 341/341/341
f 345/345/345 341/341/341 346/346/346
f 346/346/346 187/187/187 345/345/345
f 187/187/187 347/347/347 345/345/345
f 343/343/343 348/348/348 174/174/174
f 349/349/349 348/348/348 343/343/343
f 350/350/350 349/349/349 343/343/343
f 343/343/343 342/342/342 350/350/350
f 348/348/348 169/169/169 174/174/174
f 348/348/348 351/351/351 169/169/169
f 348/348/348 349/349/349 351/351/351
f 351/351/351 171/171/171 169/169/169
f 342/342/342 352/352/352 350/350/350
f 342/342/342 344/344/344 352/352/352
f 344/344/344 353/353/353 352/352/352
f 188/188/188 347/347/347 187/187/187
f 345/345/345 347/347/347 354/354/354
f 355/355/355 345/345/345 354/354/354
f 187/187/187 346/346/346 177/177/177
f 346/346/346 175/175/175 177/177/177
f 349/349/349 356/356/356 351/351/351
f 351/351/351 356/356/356 357/357/357
f 358/358/358 351/351/351 357/357/357
f 357/357/357 359/359/359 358/358/358
f 358/358/358 360/360/360 351/351/351
f 360/360/360 171/171/171 351/351/351
f 135/135/135 360/360/360 358/358/358
f 361/361/361 135/135/135 358/358/358
f 360/360/360 135/135/135 173/173/173
f 360/360/360 173/173/173 171/171/171
f 135/135/135 362/362/362 173/173/173
f 173/173/173 362/362/362 142/142/142
f 142/142/142 362/362/362 126/126/126
f 362/362/362 363/363/363 126/126/126
f 144/144/144 173/173/173 142/142/142
f 129/129/129 362/362/362 135/135/135
f 129/129/129 363/363/363 362/362/362
f 138/138/138 142/142/142 126/126/126
f 126/126/126 363/363/363 117/117/117
f 129/129/129 117/117/117 363/363/363
f 137/137/137 364/364/364 132/132/132
f 365/365/365 154/154/154 156/156/156
f 188/188/188 367/367/367 366/366/366
f 367/367/367 188/188/188 368/368/368
f 336/336/336 369/369/369 367/367/367
f 335/335/335 336/336/336 370/370/370
f 174/174/174 175/175/175 341/341/341
f 175/175/175 346/346/346 341/341/341
f 371/371/371 283/283/283 282/282/282
f 371/371/371 282/282/282 372/372/372
f 282/282/282 373/373/373 372/372/372
f 282/282/282 279/279/279 373/373/373
f 279/279/279 277/277/277 373/373/373
f 277/277/277 374/374/374 373/373/373
f 277/277/277 275/275/275 374/374/374
f 275/275/275 274/274/274 374/374/374
f 265/265/265 376/376/376 375/375/375
f 376/376/376 265/265/265 268/268/268
f 377/377/377 376/376/376 268/268/268
f 377/377/377 268/268/268 378/378/378
f 268/268/268 270/270/270 378/378/378
f 379/379/379 378/378/378 270/270/270
f 271/271/271 379/379/379 270/270/270
f 263/263/263 265/265/265 375/375/375
f 380/380/380 263/263/263 375/375/375
f 383/383/383 382/382/382 381/381/381
f 382/382/382 311/311/311 381/381/381
f 384/384/384 381/381/381 311/311/311
f 383/383/383 385/385/385 382/382/382
f 385/385/385 386/386/386 382/382/382
f 386/386/386 385/385/385 387/387/387
f 385/385/385 388/388/388 387/387/387
f 382/382/382 386/386/386 315/315/315
f 316/316/316 382/382/382 315/315/315
f 315/315/315 386/386/386 319/319/319
f 386/386/386 387/387/387 319/319/319
f 338/338/338 319/319/319 387/387/387
f 389/389/389 338/338/338 387/387/387
f 389/389/389 387/387/387 388/388/388
f 340/340/340 338/338/338 389/389/389
f 344/344/344 340/340/340 389/389/389
f 390/390/390 389/389/389 388/388/388
f 344/344/344 389/389/389 390/390/390
f 353/353/353 344/344/344 390/390/390
f 320/320/320 319/319/319 338/338/338
f 337/337/337 320/320/320 338/338/338
f 320/320/320 337/337/337 322/322/322
f 337/337/337 329/329/329 322/322/322
f 316/316/316 310/310/310 382/382/382
f 310/310/310 311/311/311 382/382/382
f 328/328/328 233/233/233 238/238/238
f 185/185/185 233/233/233 328/328/328
f 238/238/238 237/237/237 328/328/328
f 332/332/332 391/391/391 331/331/331
f 391/391/391 333/333/333 331/331/331
f 391/391/391 332/332/332 239/239/239
f 242/242/242 391/391/391 239/239/239
f 309/309/309 285/285/285 290/290/290
f 290/290/290 297/297/297 309/309/309
f 334/334/334 325/325/325 330/330/330
f 394/394/394 393/393/393 392/392/392
f 393/393/393 394/394/394 395/395/395
f 394/394/394 396/396/396 395/395/395
f 395/395/395 396/396/396 397/397/397
f 396/396/396 398/398/398 397/397/397
f 397/397/397 398/398/398 399/399/399
f 398/398/398 400/400/400 399/399/399
f 400/400/400 398/398/398 401/401/401
f 398/398/398 396/396/396 401/401/401
f 402/402/402 400/400/400 401/401/401
f 399/399/399 400/400/400 402/402/402
f 403/403/403 402/402/402 401/401/401
f 401/401/401 396/396/396 404/404/404
f 396/396/396 394/394/394 404/404/404
f 403/403/403 401/401/401 404/404/404
f 405/405/405 403/403/403 404/404/404
f 405/405/405 404/404/404 392/392/392
f 394/394/394 406/406/406 404/404/404
f 393/393/393 407/407/407 406/406/406
f 408/408/408 405/405/405 406/406/406
f 397/397/397 399/399/399 409/409/409
f 399/399/399 410/410/410 409/409/409
f 410/410/410 399/399/399 402/402/402
f 410/410/410 411/411/411 409/409/409
f 412/412/412 397/397/397 409/409/409
f 412/412/412 409/409/409 413/413/413
f 409/409/409 414/414/414 413/413/413
f 409/409/409 415/415/415 414/414/414
f 415/415/415 416/416/416 414/414/414
f 412/412/412 413/413/413 417/417/417
f 418/418/418 412/412/412 417/417/417
f 397/397/397 412/412/412 418/418/418
f 419/419/419 397/397/397 418/418/418
f 395/395/395 397/397/397 419/419/419
f 420/420/420 395/395/395 419/419/419
f 393/393/393 395/395/395 420/420/420
f 421/421/421 393/393/393 420/420/420
f 393/393/393 421/421/421 407/407/407
f 407/407/407 421/421/421 422/422/422
f 422/422/422 421/421/421 423/423/423
f 421/421/421 420/420/420 423/423/423
f 423/423/423 420/420/420 424/424/424
f 420/420/420 419/419/419 424/424/424
f 419/419/419 418/418/418 425/425/425
f 424/424/424 419/419/419 425/425/425
f 418/418/418 426/426/426 425/425/425
f 427/427/427 424/424/424 425/425/425
f 426/426/426 418/418/418 428/428/428
f 418/418/418 429/429/429 428/428/428
f 407/407/407 422/422/422 430/430/430
f 422/422/422 431/431/431 430/430/430
f 431/431/431 422/422/422 432/432/432
f 422/422/422 423/423/423 432/432/432
f 432/432/432 423/423/423 433/433/433
f 423/423/423 424/424/424 433/433/433
f 433/433/433 424/424/424 427/427/427
f 433/433/433 427/427/427 434/434/434
f 433/433/433 434/434/434 432/432/432
f 427/427/427 435/435/435 434/434/434
f 434/434/434 435/435/435 436/436/436
f 435/435/435 437/437/437 436/436/436
f 436/436/436 437/437/437 438/438/438
f 437/437/437 439/439/439 438/438/438
f 438/438/438 439/439/439 440/440/440
f 439/439/439 441/441/441 440/440/440
f 440/440/440 441/441/441 442/442/442
f 441/441/441 443/443/443 442/442/442
f 444/444/444 442/442/442 443/443/443
f 445/445/445 444/444/444 443/443/443
f 444/444/444 445/445/445 446/446/446
f 445/445/445 413/413/413 446/446/446
f 447/447/447 413/413/413 445/445/445
f 428/428/428 447/447/447 445/445/445
f 413/413/413 414/414/414 446/446/446
f 414/414/414 416/416/416 446/446/446
f 444/444/444 446/446/446 448/448/448
f 446/446/446 449/449/449 448/448/448
f 449/449/449 450/450/450 448/448/448
f 451/451/451 444/444/444 448/448/448
f 442/442/442 444/444/444 452/452/452
f 444/444/444 451/451/451 452/452/452
f 442/442/442 452/452/452 440/440/440
f 452/452/452 453/453/453 440/440/440
f 438/438/438 440/440/440 453/453/453
f 454/454/454 438/438/438 453/453/453
f 436/436/436 438/438/438 454/454/454
f 455/455/455 436/436/436 454/454/454
f 434/434/434 436/436/436 455/455/455
f 456/456/456 434/434/434 455/455/455
f 457/457/457 434/434/434 456/456/456
f 434/434/434 457/457/457 432/432/432
f 431/431/431 432/432/432 457/457/457
f 458/458/458 431/431/431 457/457/457
f 431/431/431 458/458/458 430/430/430
f 458/458/458 457/457/457 459/459/459
f 459/459/459 457/457/457 456/456/456
f 460/460/460 458/458/458 459/459/459
f 453/453/453 452/452/452 461/461/461
f 452/452/452 451/451/451 461/461/461
f 451/451/451 462/462/462 461/461/461
f 455/455/455 454/454/454 463/463/463
f 463/463/463 454/454/454 464/464/464
f 464/464/464 453/453/453 461/461/461
f 454/454/454 453/453/453 465/465/465
f 460/460/460 459/459/459 466/466/466
f 466/466/466 459/459/459 467/467/467
f 459/459/459 456/456/456 467/467/467
f 467/467/467 456/456/456 468/468/468
f 468/468/468 455/455/455 463/463/463
f 456/456/456 455/455/455 468/468/468
f 469/469/469 460/460/460 466/466/466
f 470/470/470 460/460/460 469/469/469
f 470/470/470 469/469/469 471/471/471
f 471/471/471 469/469/469 472/472/472
f 471/471/471 472/472/472 473/473/473
f 474/474/474 471/471/471 473/473/473
f 473/473/473 472/472/472 475/475/475
f 472/472/472 476/476/476 475/475/475
f 472/472/472 466/466/466 476/476/476
f 469/469/469 477/477/477 472/472/472
f 466/466/466 478/478/478 476/476/476
f 475/475/475 479/479/479 473/473/473
f 479/479/479 480/480/480 473/473/473
f 473/473/473 480/480/480 481/481/481
f 482/482/482 473/473/473 481/481/481
f 483/483/483 480/480/480 479/479/479
f 481/481/481 480/480/480 483/483/483
f 481/481/481 483/483/483 484/484/484
f 485/485/485 483/483/483 479/479/479
f 481/481/481 484/484/484 486/486/486
f 481/481/481 486/486/486 487/487/487
f 481/481/481 487/487/487 488/488/488
f 489/489/489 481/481/481 488/488/488
f 487/487/487 486/486/486 490/490/490
f 491/491/491 488/488/488 490/490/490
f 486/486/486 492/492/492 490/490/490
f 492/492/492 493/493/493 490/490/490
f 492/492/492 486/486/486 494/494/494
f 484/484/484 494/494/494 486/486/486
f 492/492/492 494/494/494 495/495/495
f 494/494/494 496/496/496 495/495/495
f 495/495/495 496/496/496 497/497/497
f 496/496/496 498/498/498 497/497/497
f 497/497/497 498/498/498 499/499/499
f 498/498/498 500/500/500 499/499/499
f 499/499/499 500/500/500 501/501/501
f 500/500/500 502/502/502 501/501/501
f 498/498/498 496/496/496 503/503/503
f 496/496/496 504/504/504 503/503/503
f 505/505/505 498/498/498 503/503/503
f 506/506/506 498/498/498 505/505/505
f 507/507/507 506/506/506 505/505/505
f 497/497/497 499/499/499 508/508/508
f 509/509/509 497/497/497 508/508/508
f 504/504/504 510/510/510 503/503/503
f 508/508/508 511/511/511 509/509/509
f 507/507/507 505/505/505 512/512/512
f 512/512/512 505/505/505 503/503/503
f 513/513/513 507/507/507 512/512/512
f 514/514/514 507/507/507 513/513/513
f 509/509/509 511/511/511 515/515/515
f 512/512/512 503/503/503 516/516/516
f 503/503/503 510/510/510 516/516/516
f 516/516/516 510/510/510 517/517/517
f 518/518/518 516/516/516 517/517/517
f 510/510/510 519/519/519 517/517/517
f 520/520/520 519/519/519 510/510/510
f 521/521/521 520/520/520 510/510/510
f 517/517/517 519/519/519 522/522/522
f 519/519/519 485/485/485 522/522/522
f 523/523/523 517/517/517 522/522/522
f 523/523/523 518/518/518 517/517/517
f 522/522/522 485/485/485 479/479/479
f 522/522/522 479/479/479 524/524/524
f 479/479/479 475/475/475 524/524/524
f 524/524/524 475/475/475 525/525/525
f 475/475/475 476/476/476 525/525/525
f 526/526/526 523/523/523 522/522/522
f 526/526/526 522/522/522 527/527/527
f 522/522/522 524/524/524 527/527/527
f 526/526/526 527/527/527 528/528/528
f 529/529/529 523/523/523 526/526/526
f 518/518/518 523/523/523 529/529/529
f 530/530/530 529/529/529 526/526/526
f 527/527/527 524/524/524 531/531/531
f 528/528/528 527/527/527 531/531/531
f 532/532/532 528/528/528 531/531/531
f 533/533/533 528/528/528 532/532/532
f 531/531/531 524/524/524 534/534/534
f 524/524/524 525/525/525 534/534/534
f 534/534/534 532/532/532 531/531/531
f 533/533/533 532/532/532 534/534/534
f 535/535/535 533/533/533 534/534/534
f 525/525/525 476/476/476 536/536/536
f 534/534/534 525/525/525 536/536/536
f 476/476/476 478/478/478 536/536/536
f 537/537/537 534/534/534 536/536/536
f 538/538/538 534/534/534 537/537/537
f 539/539/539 538/538/538 537/537/537
f 536/536/536 478/478/478 540/540/540
f 478/478/478 541/541/541 540/540/540
f 541/541/541 478/478/478 542/542/542
f 478/478/478 543/543/543 542/542/542
f 478/478/478 544/544/544 543/543/543
f 545/545/545 542/542/542 543/543/543
f 537/537/537 536/536/536 546/546/546
f 536/536/536 540/540/540 546/546/546
f 539/539/539 537/537/537 546/546/546
f 547/547/547 539/539/539 546/546/546
f 548/548/548 540/540/540 541/541/541
f 541/541/541 542/542/542 549/549/549
f 550/550/550 541/541/541 549/549/549
f 551/551/551 549/549/549 542/542/542
f 552/552/552 551/551/551 542/542/542
f 549/549/549 551/551/551 553/553/553
f 547/547/547 546/546/546 554/554/554
f 546/546/546 540/540/540 554/554/554
f 550/550/550 549/549/549 555/555/555
f 463/463/463 556/556/556 551/551/551
f 558/558/558 557/557/557 551/551/551
f 557/557/557 556/556/556 559/559/559
f 560/560/560 557/557/557 553/553/553
f 561/561/561 553/553/553 557/557/557
f 563/563/563 559/559/559 562/562/562
f 565/565/565 564/564/564 557/557/557
f 567/567/567 471/471/471 566/566/566
f 567/567/567 569/569/569 568/568/568
f 567/567/567 570/570/570 460/460/460
f 572/572/572 571/571/571 488/488/488
f 575/575/575 574/574/574 573/573/573
f 574/574/574 576/576/576 573/573/573
f 573/573/573 576/576/576 577/577/577
f 578/578/578 573/573/573 577/577/577
f 577/577/577 576/576/576 513/513/513
f 580/580/580 579/579/579 578/578/578
f 579/579/579 573/573/573 581/581/581
f 493/493/493 583/583/583 582/582/582
f 492/492/492 583/583/583 493/493/493
f 585/585/585 584/584/584 493/493/493
f 584/584/584 490/490/490 493/493/493
f 585/585/585 493/493/493 586/586/586
f 493/493/493 587/587/587 586/586/586
f 586/586/586 587/587/587 515/515/515
f 491/491/491 490/490/490 584/584/584
f 587/587/587 509/509/509 515/515/515
f 511/511/511 588/588/588 515/515/515
f 588/588/588 589/589/589 515/515/515
f 590/590/590 589/589/589 588/588/588
f 591/591/591 590/590/590 588/588/588
f 591/591/591 592/592/592 590/590/590
f 593/593/593 592/592/592 591/591/591
f 593/593/593 591/591/591 594/594/594
f 591/591/591 588/588/588 594/594/594
f 592/592/592 595/595/595 590/590/590
f 592/592/592 593/593/593 595/595/595
f 589/589/589 590/590/590 596/596/596
f 590/590/590 595/595/595 596/596/596
f 589/589/589 596/596/596 597/597/597
f 596/596/596 598/598/598 597/597/597
f 598/598/598 599/599/599 597/597/597
f 598/598/598 600/600/600 599/599/599
f 601/601/601 599/599/599 600/600/600
f 602/602/602 601/601/601 600/600/600
f 603/603/603 601/601/601 602/602/602
f 603/603/603 604/604/604 601/601/601
f 604/604/604 605/605/605 601/601/601
f 604/604/604 606/606/606 605/605/605
f 606/606/606 607/607/607 605/605/605
f 608/608/608 603/603/603 602/602/602
f 608/608/608 602/602/602 609/609/609
f 610/610/610 608/608/608 609/609/609
f 604/604/604 603/603/603 611/611/611
f 612/612/612 604/604/604 611/611/611
f 603/603/603 613/613/613 611/611/611
f 603/603/603 614/614/614 613/613/613
f 614/614/614 615/615/615 613/613/613
f 616/616/616 607/607/607 606/606/606
f 607/607/607 616/616/616 617/617/617
f 616/616/616 618/618/618 617/617/617
f 616/616/616 619/619/619 618/618/618
f 618/618/618 619/619/619 620/620/620
f 619/619/619 621/621/621 620/620/620
f 622/622/622 619/619/619 616/616/616
f 623/623/623 619/619/619 622/622/622
f 624/624/624 619/619/619 623/623/623
f 624/624/624 625/625/625 619/619/619
f 625/625/625 626/626/626 619/619/619
f 624/624/624 623/623/623 627/627/627
f 624/624/624 627/627/627 625/625/625
f 623/623/623 628/628/628 627/627/627
f 627/627/627 629/629/629 625/625/625
f 630/630/630 625/625/625 629/629/629
f 630/630/630 631/631/631 625/625/625
f 631/631/631 632/632/632 625/625/625
f 633/633/633 630/630/630 629/629/629
f 634/634/634 631/631/631 630/630/630
f 634/634/634 635/635/635 631/631/631
f 636/636/636 635/635/635 634/634/634
f 636/636/636 634/634/634 637/637/637
f 637/637/637 630/630/630 633/633/633
f 638/638/638 636/636/636 637/637/637
f 639/639/639 636/636/636 638/638/638
f 640/640/640 639/639/639 638/638/638
f 641/641/641 639/639/639 640/640/640
f 639/639/639 641/641/641 642/642/642
f 641/641/641 643/643/643 642/642/642
f 643/643/643 644/644/644 642/642/642
f 645/645/645 644/644/644 643/643/643
f 645/645/645 646/646/646 644/644/644
f 644/644/644 646/646/646 647/647/647
f 646/646/646 645/645/645 648/648/648
f 649/649/649 646/646/646 648/648/648
f 650/650/650 646/646/646 649/649/649
f 646/646/646 650/650/650 651/651/651
f 652/652/652 650/650/650 649/649/649
f 652/652/652 649/649/649 653/653/653
f 654/654/654 652/652/652 653/653/653
f 654/654/654 653/653/653 655/655/655
f 656/656/656 654/654/654 655/655/655
f 652/652/652 654/654/654 657/657/657
f 654/654/654 656/656/656 657/657/657
f 656/656/656 658/658/658 657/657/657
f 656/656/656 655/655/655 658/658/658
f 658/658/658 659/659/659 657/657/657
f 650/650/650 652/652/652 660/660/660
f 652/652/652 657/657/657 660/660/660
f 657/657/657 659/659/659 660/660/660
f 647/647/647 650/650/650 660/660/660
f 659/659/659 661/661/661 660/660/660
f 660/660/660 661/661/661 651/651/651
f 661/661/661 662/662/662 647/647/647
f 655/655/655 653/653/653 663/663/663
f 664/664/664 655/655/655 663/663/663
f 655/655/655 664/664/664 658/658/658
f 665/665/665 664/664/664 663/663/663
f 653/653/653 666/666/666 663/663/663
f 663/663/663 666/666/666 667/667/667
f 668/668/668 663/663/663 667/667/667
f 669/669/669 663/663/663 668/668/668
f 670/670/670 669/669/669 668/668/668
f 667/667/667 666/666/666 671/671/671
f 666/666/666 672/672/672 671/671/671
f 666/666/666 653/653/653 672/672/672
f 653/653/653 673/673/673 672/672/672
f 653/653/653 649/649/649 673/673/673
f 649/649/649 648/648/648 673/673/673
f 673/673/673 648/648/648 674/674/674
f 648/648/648 675/675/675 674/674/674
f 648/648/648 645/645/645 675/675/675
f 645/645/645 643/643/643 675/675/675
f 672/672/672 673/673/673 676/676/676
f 673/673/673 674/674/674 676/676/676
f 677/677/677 672/672/672 676/676/676
f 674/674/674 678/678/678 676/676/676
f 672/672/672 677/677/677 679/679/679
f 680/680/680 672/672/672 679/679/679
f 675/675/675 643/643/643 681/681/681
f 643/643/643 641/641/641 681/681/681
f 674/674/674 675/675/675 682/682/682
f 675/675/675 681/681/681 682/682/682
f 674/674/674 682/682/682 678/678/678
f 678/678/678 682/682/682 683/683/683
f 683/683/683 682/682/682 681/681/681
f 684/684/684 678/678/678 683/683/683
f 684/684/684 683/683/683 685/685/685
f 686/686/686 684/684/684 685/685/685
f 686/686/686 685/685/685 687/687/687
f 688/688/688 686/686/686 687/687/687
f 688/688/688 687/687/687 689/689/689
f 690/690/690 688/688/688 689/689/689
f 690/690/690 689/689/689 691/691/691
f 692/692/692 690/690/690 691/691/691
f 691/691/691 693/693/693 692/692/692
f 693/693/693 694/694/694 692/692/692
f 694/694/694 693/693/693 695/695/695
f 667/667/667 694/694/694 695/695/695
f 667/667/667 696/696/696 694/694/694
f 696/696/696 679/679/679 694/694/694
f 668/668/668 667/667/667 695/695/695
f 670/670/670 668/668/668 695/695/695
f 695/695/695 693/693/693 697/697/697
f 698/698/698 695/695/695 697/697/697
f 699/699/699 698/698/698 697/697/697
f 693/693/693 700/700/700 697/697/697
f 700/700/700 693/693/693 701/701/701
f 693/693/693 691/691/691 701/701/701
f 701/701/701 691/691/691 689/689/689
f 702/702/702 701/701/701 689/689/689
f 689/689/689 687/687/687 702/702/702
f 687/687/687 703/703/703 702/702/702
f 687/687/687 685/685/685 703/703/703
f 685/685/685 704/704/704 703/703/703
f 685/685/685 683/683/683 704/704/704
f 683/683/683 705/705/705 704/704/704
f 683/683/683 640/640/640 705/705/705
f 640/640/640 683/683/683 681/681/681
f 681/681/681 641/641/641 640/640/640
f 640/640/640 638/638/638 705/705/705
f 700/700/700 701/701/701 706/706/706
f 701/701/701 702/702/702 706/706/706
f 707/707/707 700/700/700 706/706/706
f 702/702/702 708/708/708 706/706/706
f 702/702/702 703/703/703 709/709/709
f 703/703/703 710/710/710 708/708/708
f 703/703/703 704/704/704 710/710/710
f 704/704/704 711/711/711 710/710/710
f 704/704/704 705/705/705 711/711/711
f 705/705/705 712/712/712 711/711/711
f 705/705/705 638/638/638 712/712/712
f 638/638/638 637/637/637 712/712/712
f 712/712/712 637/637/637 713/713/713
f 707/707/707 706/706/706 714/714/714
f 707/707/707 714/714/714 715/715/715
f 714/714/714 716/716/716 715/715/715
f 712/712/712 713/713/713 717/717/717
f 700/700/700 707/707/707 715/715/715
f 718/718/718 700/700/700 715/715/715
f 697/697/697 700/700/700 718/718/718
f 719/719/719 697/697/697 718/718/718
f 720/720/720 637/637/637 633/633/633
f 721/721/721 720/720/720 713/713/713
f 720/720/720 633/633/633 722/722/722
f 633/633/633 723/723/723 722/722/722
f 633/633/633 629/629/629 723/723/723
f 629/629/629 724/724/724 723/723/723
f 629/629/629 627/627/627 724/724/724
f 627/627/627 725/725/725 724/724/724
f 628/628/628 725/725/725 627/627/627
f 628/628/628 726/726/726 725/725/725
f 726/726/726 727/727/727 725/725/725
f 727/727/727 728/728/728 725/725/725
f 728/728/728 729/729/729 725/725/725
f 724/724/724 725/725/725 730/730/730
f 725/725/725 729/729/729 730/730/730
f 730/730/730 729/729/729 731/731/731
f 728/728/728 732/732/732 729/729/729
f 732/732/732 733/733/733 729/729/729
f 724/724/724 730/730/730 734/734/734
f 730/730/730 731/731/731 734/734/734
f 731/731/731 735/735/735 734/734/734
f 731/731/731 736/736/736 735/735/735
f 724/724/724 734/734/734 737/737/737
f 735/735/735 737/737/737 734/734/734
f 735/735/735 736/736/736 737/737/737
f 723/723/723 724/724/724 737/737/737
f 736/736/736 738/738/738 737/737/737
f 723/723/723 737/737/737 722/722/722
f 737/737/737 739/739/739 722/722/722
f 737/737/737 740/740/740 739/739/739
f 740/740/740 741/741/741 739/739/739
f 722/722/722 739/739/739 742/742/742
f 739/739/739 741/741/741 742/742/742
f 743/743/743 722/722/722 742/742/742
f 720/720/720 722/722/722 743/743/743
f 744/744/744 720/720/720 743/743/743
f 720/720/720 744/744/744 745/745/745
f 713/713/713 720/720/720 745/745/745
f 745/745/745 746/746/746 713/713/713
f 741/741/741 747/747/747 742/742/742
f 743/743/743 748/748/748 744/744/744
f 745/745/745 744/744/744 749/749/749
f 744/744/744 750/750/750 749/749/749
f 749/749/749 751/751/751 745/745/745
f 751/751/751 752/752/752 745/745/745
f 751/751/751 749/749/749 753/753/753
f 743/743/743 742/742/742 754/754/754
f 742/742/742 747/747/747 754/754/754
f 749/749/749 750/750/750 755/755/755
f 757/757/757 756/756/756 751/751/751
f 757/757/757 758/758/758 753/753/753
f 753/753/753 759/759/759 757/757/757
f 760/760/760 710/710/710 751/751/751
f 760/760/760 757/757/757 761/761/761
f 761/761/761 763/763/763 762/762/762
f 765/765/765 764/764/764 757/757/757
f 767/767/767 487/487/487 766/766/766
f 466/466/466 467/467/467 543/543/543
f 543/543/543 467/467/467 768/768/768
f 464/464/464 770/770/770 769/769/769
f 770/770/770 464/464/464 771/771/771
f 772/772/772 461/461/461 771/771/771
f 771/771/771 461/461/461 773/773/773
f 461/461/461 462/462/462 774/774/774
f 774/774/774 462/462/462 775/775/775
f 776/776/776 774/774/774 775/775/775
f 462/462/462 451/451/451 775/775/775
f 451/451/451 777/777/777 775/775/775
f 451/451/451 448/448/448 777/777/777
f 448/448/448 778/778/778 777/777/777
f 780/780/780 776/776/776 779/779/779
f 782/782/782 781/781/781 779/779/779
f 785/785/785 784/784/784 783/783/783
f 427/427/427 425/425/425 786/786/786
f 425/425/425 787/787/787 786/786/786
f 787/787/787 425/425/425 788/788/788
f 425/425/425 426/426/426 788/788/788
f 788/788/788 426/426/426 789/789/789
f 426/426/426 428/428/428 789/789/789
f 789/789/789 428/428/428 790/790/790
f 428/428/428 445/445/445 790/790/790
f 427/427/427 786/786/786 435/435/435
f 437/437/437 435/435/435 786/786/786
f 791/791/791 437/437/437 786/786/786
f 791/791/791 787/787/787 788/788/788
f 791/791/791 786/786/786 787/787/787
f 439/439/439 437/437/437 791/791/791
f 792/792/792 439/439/439 791/791/791
f 792/792/792 791/791/791 788/788/788
f 788/788/788 789/789/789 792/792/792
f 441/441/441 439/439/439 792/792/792
f 793/793/793 441/441/441 792/792/792
f 789/789/789 790/790/790 793/793/793
f 789/789/789 793/793/793 792/792/792
f 443/443/443 441/441/441 793/793/793
f 445/445/445 443/443/443 794/794/794
f 795/795/795 443/443/443 793/793/793
f 797/797/797 526/526/526 796/796/796
f 542/542/542 799/799/799 798/798/798
f 802/802/802 801/801/801 800/800/800
f 802/802/802 803/803/803 801/801/801
f 802/802/802 804/804/804 803/803/803
f 803/803/803 805/805/805 801/801/801
f 802/802/802 800/800/800 806/806/806
f 804/804/804 808/808/808 807/807/807
f 809/809/809 808/808/808 804/804/804
f 810/810/810 809/809/809 804/804/804
f 812/812/812 804/804/804 811/811/811
f 814/814/814 811/811/811 813/813/813
f 814/814/814 813/813/813 815/815/815
f 816/816/816 814/814/814 815/815/815
f 819/819/819 818/818/818 817/817/817
f 820/820/820 818/818/818 819/819/819
f 821/821/821 820/820/820 819/819/819
f 821/821/821 819/819/819 822/822/822
f 819/819/819 823/823/823 822/822/822
f 824/824/824 820/820/820 821/821/821
f 824/824/824 825/825/825 820/820/820
f 820/820/820 825/825/825 818/818/818
f 826/826/826 821/821/821 822/822/822
f 826/826/826 827/827/827 825/825/825
f 827/827/827 828/828/828 825/825/825
f 828/828/828 829/829/829 825/825/825
f 825/825/825 829/829/829 818/818/818
f 818/818/818 829/829/829 830/830/830
f 818/818/818 830/830/830 831/831/831
f 829/829/829 832/832/832 830/830/830
f 832/832/832 829/829/829 828/828/828
f 833/833/833 832/832/832 828/828/828
f 834/834/834 823/823/823 819/819/819
f 836/836/836 834/834/834 835/835/835
f 839/839/839 838/838/838 837/837/837
f 838/838/838 840/840/840 837/837/837
f 841/841/841 837/837/837 840/840/840
f 842/842/842 841/841/841 840/840/840
f 841/841/841 843/843/843 837/837/837
f 843/843/843 844/844/844 837/837/837
f 844/844/844 845/845/845 837/837/837
f 845/845/845 846/846/846 837/837/837
f 847/847/847 845/845/845 844/844/844
f 848/848/848 847/847/847 844/844/844
f 843/843/843 849/849/849 844/844/844
f 849/849/849 848/848/848 844/844/844
f 849/849/849 850/850/850 848/848/848
f 850/850/850 851/851/851 848/848/848
f 851/851/851 852/852/852 848/848/848
f 852/852/852 853/853/853 848/848/848
f 848/848/848 853/853/853 847/847/847
f 842/842/842 854/854/854 841/841/841
f 849/849/849 854/854/854 850/850/850
f 841/841/841 855/855/855 843/843/843
f 843/843/843 855/855/855 849/849/849
f 858/858/858 857/857/857 856/856/856
f 856/856/856 859/859/859 858/858/858
f 858/858/858 859/859/859 860/860/860
f 861/861/861 858/858/858 860/860/860
f 863/863/863 857/857/857 862/862/862
f 864/864/864 857/857/857 863/863/863
f 857/857/857 866/866/866 865/865/865
f 867/867/867 866/866/866 858/858/858
f 866/866/866 868/868/868 858/858/858
f 871/871/871 870/870/870 869/869/869
f 870/870/870 872/872/872 869/869/869
f 870/870/870 873/873/873 872/872/872
f 873/873/873 874/874/874 872/872/872
f 873/873/873 875/875/875 874/874/874
f 875/875/875 876/876/876 874/874/874
f 875/875/875 877/877/877 876/876/876
f 877/877/877 878/878/878 876/876/876
f 871/871/871 869/869/869 879/879/879
f 869/869/869 880/880/880 879/879/879
f 881/881/881 870/870/870 871/871/871
f 882/882/882 881/881/881 871/871/871
f 882/882/882 871/871/871 879/879/879
f 881/881/881 883/883/883 870/870/870
f 883/883/883 873/873/873 870/870/870
f 883/883/883 884/884/884 873/873/873
f 884/884/884 875/875/875 873/873/873
f 884/884/884 885/885/885 875/875/875
f 885/885/885 877/877/877 875/875/875
f 886/886/886 882/882/882 879/879/879
f 882/882/882 887/887/887 881/881/881
f 881/881/881 887/887/887 883/883/883
f 883/883/883 888/888/888 884/884/884
f 884/884/884 888/888/888 885/885/885
f 886/886/886 888/888/888 882/882/882
f 891/891/891 890/890/890 889/889/889
f 892/892/892 890/890/890 891/891/891
f 895/895/895 894/894/894 893/893/893
f 898/898/898 897/897/897 896/896/896
f 897/897/897 899/899/899 896/896/896
f 900/900/900 899/899/899 897/897/897
f 900/900/900 901/901/901 899/899/899
f 899/899/899 901/901/901 902/902/902
f 903/903/903 899/899/899 902/902/902
f 905/905/905 897/897/897 904/904/904
f 906/906/906 897/897/897 905/905/905
f 906/906/906 907/907/907 901/901/901
f 901/901/901 907/907/907 908/908/908
f 909/909/909 901/901/901 908/908/908
f 911/911/911 905/905/905 910/910/910
f 914/914/914 913/913/913 912/912/912
f 915/915/915 588/588/588 912/912/912
f 918/918/918 917/917/917 916/916/916
f 916/916/916 919/919/919 918/918/918
f 919/919/919 920/920/920 918/918/918
f 920/920/920 919/919/919 921/921/921
f 922/922/922 920/920/920 921/921/921
f 921/921/921 923/923/923 922/922/922
f 923/923/923 924/924/924 922/922/922
f 925/925/925 924/924/924 923/923/923
f 926/926/926 925/925/925 923/923/923
f 927/927/927 925/925/925 926/926/926
f 928/928/928 927/927/927 926/926/926
f 918/918/918 920/920/920 929/929/929
f 920/920/920 922/922/922 929/929/929
f 930/930/930 918/918/918 929/929/929
f 931/931/931 918/918/918 930/930/930
f 929/929/929 932/932/932 930/930/930
f 932/932/932 933/933/933 930/930/930
f 930/930/930 933/933/933 934/934/934
f 934/934/934 935/935/935 930/930/930
f 933/933/933 936/936/936 934/934/934
f 924/924/924 925/925/925 937/937/937
f 938/938/938 924/924/924 937/937/937
f 937/937/937 925/925/925 939/939/939
f 925/925/925 927/927/927 939/939/939
f 939/939/939 940/940/940 937/937/937
f 940/940/940 941/941/941 937/937/937
f 937/937/937 941/941/941 938/938/938
f 941/941/941 942/942/942 938/938/938
f 942/942/942 943/943/943 938/938/938
f 943/943/943 944/944/944 938/938/938
f 943/943/943 932/932/932 944/944/944
f 932/932/932 929/929/929 944/944/944
f 922/922/922 944/944/944 929/929/929
f 938/938/938 944/944/944 922/922/922
f 924/924/924 938/938/938 922/922/922
f 940/940/940 939/939/939 945/945/945
f 946/946/946 945/945/945 939/939/939
f 927/927/927 946/946/946 939/939/939
f 946/946/946 947/947/947 945/945/945
f 948/948/948 940/940/940 945/945/945
f 948/948/948 945/945/945 949/949/949
f 950/950/950 949/949/949 945/945/945
f 951/951/951 948/948/948 949/949/949
f 942/942/942 941/941/941 952/952/952
f 953/953/953 942/942/942 952/952/952
f 942/942/942 953/953/953 943/943/943
f 952/952/952 941/941/941 954/954/954
f 941/941/941 940/940/940 954/954/954
f 954/954/954 955/955/955 952/952/952
f 955/955/955 956/956/956 952/952/952
f 952/952/952 956/956/956 953/953/953
f 956/956/956 957/957/957 953/953/953
f 957/957/957 958/958/958 953/953/953
f 958/958/958 959/959/959 953/953/953
f 953/953/953 959/959/959 943/943/943
f 943/943/943 959/959/959 932/932/932
f 959/959/959 960/960/960 932/932/932
f 933/933/933 932/932/932 960/960/960
f 961/961/961 933/933/933 960/960/960
f 936/936/936 933/933/933 961/961/961
f 962/962/962 936/936/936 961/961/961
f 960/960/960 963/963/963 961/961/961
f 958/958/958 963/963/963 959/959/959
f 963/963/963 960/960/960 959/959/959
f 963/963/963 964/964/964 961/961/961
f 961/961/961 964/964/964 962/962/962
f 964/964/964 965/965/965 962/962/962
f 956/956/956 955/955/955 966/966/966
f 967/967/967 966/966/966 955/955/955
f 963/963/963 968/968/968 964/964/964
f 968/968/968 969/969/969 964/964/964
f 964/964/964 969/969/969 965/965/965
f 968/968/968 963/963/963 970/970/970
f 963/963/963 971/971/971 970/970/970
f 969/969/969 972/972/972 965/965/965
f 965/965/965 972/972/972 973/973/973
f 972/972/972 974/974/974 973/973/973
f 970/970/970 975/975/975 968/968/968
f 975/975/975 976/976/976 968/968/968
f 972/972/972 976/976/976 974/974/974
f 969/969/969 976/976/976 972/972/972
f 969/969/969 968/968/968 976/976/976
f 976/976/976 977/977/977 974/974/974
f 975/975/975 978/978/978 976/976/976
f 978/978/978 979/979/979 976/976/976
f 976/976/976 979/979/979 977/977/977
f 975/975/975 980/980/980 978/978/978
f 981/981/981 980/980/980 970/970/970
f 981/981/981 970/970/970 982/982/982
f 970/970/970 980/980/980 983/983/983
f 980/980/980 984/984/984 978/978/978
f 979/979/979 985/985/985 977/977/977
f 984/984/984 986/986/986 978/978/978
f 987/987/987 986/986/986 984/984/984
f 978/978/978 986/986/986 988/988/988
f 979/979/979 989/989/989 985/985/985
f 978/978/978 990/990/990 979/979/979
f 991/991/991 989/989/989 979/979/979
f 992/992/992 991/991/991 979/979/979
f 994/994/994 981/981/981 993/993/993
f 995/995/995 981/981/981 994/994/994
f 996/996/996 995/995/995 994/994/994
f 996/996/996 994/994/994 997/997/997
f 963/963/963 958/958/958 993/993/993
f 948/948/948 998/998/998 940/940/940
f 998/998/998 954/954/954 940/940/940
f 999/999/999 998/998/998 948/948/948
f 951/951/951 999/999/999 948/948/948
f 1000/1000/1000 998/998/998 999/999/999
f 1001/1001/1001 1000/1000/1000 999/999/999
f 1000/1000/1000 955/955/955 998/998/998
f 955/955/955 954/954/954 998/998/998
f 1000/1000/1000 967/967/967 955/955/955
f 1001/1001/1001 1002/1002/1002 1000/1000/1000
f 1002/1002/1002 967/967/967 1000/1000/1000
f 1002/1002/1002 1003/1003/1003 967/967/967
f 1006/1006/1006 1005/1005/1005 1004/1004/1004
f 1005/1005/1005 1007/1007/1007 1004/1004/1004
f 1007/1007/1007 1005/1005/1005 1008/1008/1008
f 1009/1009/1009 1007/1007/1007 1008/1008/1008
f 1010/1010/1010 1007/1007/1007 1009/1009/1009
f 1004/1004/1004 1007/1007/1007 1010/1010/1010
f 1011/1011/1011 1010/1010/1010 1009/1009/1009
f 1008/1008/1008 1012/1012/1012 1009/1009/1009
f 1009/1009/1009 1013/1013/1013 1011/1011/1011
f 1014/1014/1014 1013/1013/1013 1009/1009/1009
f 1013/1013/1013 1015/1015/1015 1011/1011/1011
f 1015/1015/1015 1013/1013/1013 1016/1016/1016
f 1017/1017/1017 1015/1015/1015 1016/1016/1016
f 1016/1016/1016 1013/1013/1013 1018/1018/1018
f 1013/1013/1013 1014/1014/1014 1018/1018/1018
f 1018/1018/1018 1019/1019/1019 1016/1016/1016
f 1016/1016/1016 1020/1020/1020 1017/1017/1017
f 1020/1020/1020 1021/1021/1021 1017/1017/1017
f 1023/1023/1023 1022/1022/1022 1016/1016/1016
f 1019/1019/1019 1025/1025/1025 1024/1024/1024
f 1027/1027/1027 1025/1025/1025 1026/1026/1026
f 1028/1028/1028 1027/1027/1027 1026/1026/1026
f 1028/1028/1028 1026/1026/1026 1029/1029/1029
f 1026/1026/1026 1030/1030/1030 1029/1029/1029
f 1030/1030/1030 1026/1026/1026 1031/1031/1031
f 1032/1032/1032 1030/1030/1030 1031/1031/1031
f 1030/1030/1030 1032/1032/1032 1033/1033/1033
f 1032/1032/1032 1034/1034/1034 1033/1033/1033
f 1034/1034/1034 1032/1032/1032 1035/1035/1035
f 1032/1032/1032 1031/1031/1031 1035/1035/1035
f 1036/1036/1036 1034/1034/1034 1035/1035/1035
f 1035/1035/1035 1037/1037/1037 1036/1036/1036
f 1037/1037/1037 1038/1038/1038 1036/1036/1036
f 1038/1038/1038 1037/1037/1037 1039/1039/1039
f 1040/1040/1040 1038/1038/1038 1039/1039/1039
f 1041/1041/1041 1038/1038/1038 1040/1040/1040
f 1042/1042/1042 1041/1041/1041 1040/1040/1040
f 1037/1037/1037 1043/1043/1043 1039/1039/1039
f 1037/1037/1037 1035/1035/1035 1043/1043/1043
f 1043/1043/1043 1044/1044/1044 1039/1039/1039
f 1045/1045/1045 1039/1039/1039 1044/1044/1044
f 1045/1045/1045 1044/1044/1044 1046/1046/1046
f 1043/1043/1043 1005/1005/1005 1044/1044/1044
f 1047/1047/1047 1046/1046/1046 1044/1044/1044
f 1036/1036/1036 1038/1038/1038 1048/1048/1048
f 1038/1038/1038 1041/1041/1041 1048/1048/1048
f 1048/1048/1048 1049/1049/1049 1036/1036/1036
f 1049/1049/1049 1034/1034/1034 1036/1036/1036
f 1050/1050/1050 1048/1048/1048 1041/1041/1041
f 1049/1049/1049 1048/1048/1048 1050/1050/1050
f 1051/1051/1051 1050/1050/1050 1041/1041/1041
f 1041/1041/1041 1042/1042/1042 1051/1051/1051
f 1051/1051/1051 1042/1042/1042 1052/1052/1052
f 1051/1051/1051 1052/1052/1052 1053/1053/1053
f 1054/1054/1054 1050/1050/1050 1051/1051/1051
f 1055/1055/1055 1054/1054/1054 1051/1051/1051
f 1056/1056/1056 1050/1050/1050 1054/1054/1054
f 1056/1056/1056 1049/1049/1049 1050/1050/1050
f 1057/1057/1057 1056/1056/1056 1054/1054/1054
f 1034/1034/1034 1049/1049/1049 1058/1058/1058
f 1033/1033/1033 1034/1034/1034 1058/1058/1058
f 1058/1058/1058 1059/1059/1059 1033/1033/1033
f 1059/1059/1059 1060/1060/1060 1033/1033/1033
f 1033/1033/1033 1060/1060/1060 1030/1030/1030
f 1060/1060/1060 1061/1061/1061 1030/1030/1030
f 1056/1056/1056 1062/1062/1062 1049/1049/1049
f 1062/1062/1062 1058/1058/1058 1049/1049/1049
f 1057/1057/1057 1063/1063/1063 1056/1056/1056
f 1063/1063/1063 1062/1062/1062 1056/1056/1056
f 1062/1062/1062 1063/1063/1063 1064/1064/1064
f 1065/1065/1065 1062/1062/1062 1064/1064/1064
f 1065/1065/1065 1066/1066/1066 1062/1062/1062
f 1066/1066/1066 1058/1058/1058 1062/1062/1062
f 1059/1059/1059 1058/1058/1058 1066/1066/1066
f 1066/1066/1066 1065/1065/1065 1067/1067/1067
f 1066/1066/1066 1067/1067/1067 1068/1068/1068
f 1067/1067/1067 1069/1069/1069 1068/1068/1068
f 1065/1065/1065 1064/1064/1064 1070/1070/1070
f 1065/1065/1065 1070/1070/1070 1067/1067/1067
f 1071/1071/1071 1070/1070/1070 1064/1064/1064
f 1072/1072/1072 1071/1071/1071 1064/1064/1064
f 1064/1064/1064 1073/1073/1073 1072/1072/1072
f 1061/1061/1061 1029/1029/1029 1030/1030/1030
f 1074/1074/1074 1064/1064/1064 1063/1063/1063
f 1064/1064/1064 1074/1074/1074 1075/1075/1075
f 1075/1075/1075 1076/1076/1076 1072/1072/1072
f 1078/1078/1078 1067/1067/1067 1077/1077/1077
f 1079/1079/1079 1070/1070/1070 1077/1077/1077
f 1029/1029/1029 1080/1080/1080 1028/1028/1028
f 1080/1080/1080 1081/1081/1081 1028/1028/1028
f 1083/1083/1083 1028/1028/1028 1082/1082/1082
f 1083/1083/1083 1082/1082/1082 1084/1084/1084
f 1028/1028/1028 1085/1085/1085 1027/1027/1027
f 1085/1085/1085 1086/1086/1086 1027/1027/1027
f 1027/1027/1027 1088/1088/1088 1087/1087/1087
f 1088/1088/1088 1089/1089/1089 1087/1087/1087
f 1091/1091/1091 1090/1090/1090 1039/1039/1039
f 1091/1091/1091 1039/1039/1039 1092/1092/1092
f 1035/1035/1035 1093/1093/1093 1043/1043/1043
f 1031/1031/1031 1093/1093/1093 1035/1035/1035
f 1095/1095/1095 931/931/931 1094/1094/1094
f 916/916/916 931/931/931 1096/1096/1096
f 919/919/919 916/916/916 1097/1097/1097
f 1098/1098/1098 919/919/919 1097/1097/1097
f 919/919/919 1098/1098/1098 921/921/921
f 1098/1098/1098 1099/1099/1099 921/921/921
f 921/921/921 1099/1099/1099 1100/1100/1100
f 923/923/923 921/921/921 1100/1100/1100
f 926/926/926 923/923/923 1100/1100/1100
f 1101/1101/1101 926/926/926 1100/1100/1100
f 928/928/928 926/926/926 1101/1101/1101
f 1102/1102/1102 928/928/928 1101/1101/1101
f 1103/1103/1103 928/928/928 1102/1102/1102
f 928/928/928 1103/1103/1103 927/927/927
f 927/927/927 1103/1103/1103 946/946/946
f 1103/1103/1103 1104/1104/1104 946/946/946
f 946/946/946 1104/1104/1104 947/947/947
f 1107/1107/1107 1106/1106/1106 1105/1105/1105
f 1109/1109/1109 1108/1108/1108 1105/1105/1105
f 1105/1105/1105 1108/1108/1108 1110/1110/1110
f 1108/1108/1108 1111/1111/1111 1110/1110/1110
f 1110/1110/1110 1111/1111/1111 1112/1112/1112
f 1111/1111/1111 1113/1113/1113 1112/1112/1112
f 1112/1112/1112 1113/1113/1113 1114/1114/1114
f 1113/1113/1113 1115/1115/1115 1114/1114/1114
f 1116/1116/1116 1108/1108/1108 1109/1109/1109
f 1111/1111/1111 1108/1108/1108 1116/1116/1116
f 1113/1113/1113 1111/1111/1111 1117/1117/1117
f 1117/1117/1117 1111/1111/1111 1116/1116/1116
f 1118/1118/1118 1113/1113/1113 1117/1117/1117
f 1118/1118/1118 1119/1119/1119 1113/1113/1113
f 1119/1119/1119 1120/1120/1120 1113/1113/1113
f 1118/1118/1118 1121/1121/1121 1119/1119/1119
f 1121/1121/1121 1122/1122/1122 1119/1119/1119
f 1117/1117/1117 1123/1123/1123 1118/1118/1118
f 1123/1123/1123 1121/1121/1121 1118/1118/1118
f 1116/1116/1116 1124/1124/1124 1117/1117/1117
f 1124/1124/1124 1123/1123/1123 1117/1117/1117
f 1125/1125/1125 1124/1124/1124 1116/1116/1116
f 1126/1126/1126 1125/1125/1125 1116/1116/1116
f 1126/1126/1126 1116/1116/1116 1127/1127/1127
f 1128/1128/1128 1125/1125/1125 1126/1126/1126
f 1129/1129/1129 1128/1128/1128 1126/1126/1126
f 1129/1129/1129 1126/1126/1126 1130/1130/1130
f 1130/1130/1130 1127/1127/1127 1131/1131/1131
f 1107/1107/1107 1131/1131/1131 1127/1127/1127
f 1126/1126/1126 1132/1132/1132 1130/1130/1130
f 1124/1124/1124 1125/1125/1125 1133/1133/1133
f 1128/1128/1128 1134/1134/1134 1125/1125/1125
f 1121/1121/1121 1135/1135/1135 1122/1122/1122
f 1123/1123/1123 1136/1136/1136 1121/1121/1121
f 1124/1124/1124 1137/1137/1137 1123/1123/1123
f 1139/1139/1139 1138/1138/1138 1131/1131/1131
f 1142/1142/1142 1141/1141/1141 1140/1140/1140
f 1141/1141/1141 1143/1143/1143 1140/1140/1140
f 1144/1144/1144 1143/1143/1143 1141/1141/1141
f 1145/1145/1145 1144/1144/1144 1141/1141/1141
f 1145/1145/1145 1141/1141/1141 1146/1146/1146
f 1147/1147/1147 1145/1145/1145 1146/1146/1146
f 1145/1145/1145 1148/1148/1148 1144/1144/1144
f 1148/1148/1148 1149/1149/1149 1144/1144/1144
f 1144/1144/1144 1149/1149/1149 1150/1150/1150
f 1144/1144/1144 1150/1150/1150 1151/1151/1151
f 1150/1150/1150 1152/1152/1152 1151/1151/1151
f 1149/1149/1149 1153/1153/1153 1150/1150/1150
f 1150/1150/1150 1153/1153/1153 1154/1154/1154
f 1150/1150/1150 1154/1154/1154 1155/1155/1155
f 1154/1154/1154 1156/1156/1156 1155/1155/1155
f 1154/1154/1154 1157/1157/1157 1156/1156/1156
f 1157/1157/1157 1158/1158/1158 1156/1156/1156
f 1154/1154/1154 1159/1159/1159 1157/1157/1157
f 1153/1153/1153 1159/1159/1159 1154/1154/1154
f 1159/1159/1159 1160/1160/1160 1157/1157/1157
f 1147/1147/1147 1161/1161/1161 1145/1145/1145
f 1161/1161/1161 1148/1148/1148 1145/1145/1145
f 1162/1162/1162 1160/1160/1160 1159/1159/1159
f 1153/1153/1153 1162/1162/1162 1159/1159/1159
f 1162/1162/1162 1148/1148/1148 1161/1161/1161
f 1149/1149/1149 1163/1163/1163 1153/1153/1153
f 1163/1163/1163 1149/1149/1149 1148/1148/1148
f 1166/1166/1166 1165/1165/1165 1164/1164/1164
f 1165/1165/1165 1168/1168/1168 1167/1167/1167
f 1167/1167/1167 1168/1168/1168 1169/1169/1169
f 1170/1170/1170 1168/1168/1168 1165/1165/1165
f 1171/1171/1171 1170/1170/1170 1165/1165/1165
f 1171/1171/1171 1165/1165/1165 1172/1172/1172
f 1172/1172/1172 1165/1165/1165 1173/1173/1173
f 1174/1174/1174 1171/1171/1171 1172/1172/1172
f 1174/1174/1174 1172/1172/1172 1175/1175/1175
f 1176/1176/1176 1174/1174/1174 1175/1175/1175
f 1170/1170/1170 1177/1177/1177 1168/1168/1168
f 1177/1177/1177 1178/1178/1178 1168/1168/1168
f 1177/1177/1177 1179/1179/1179 1178/1178/1178
f 1179/1179/1179 1180/1180/1180 1178/1178/1178
f 1181/1181/1181 1170/1170/1170 1171/1171/1171
f 1181/1181/1181 1171/1171/1171 1174/1174/1174
f 1177/1177/1177 1181/1181/1181 1179/1179/1179
f 1170/1170/1170 1181/1181/1181 1177/1177/1177
f 1182/1182/1182 1174/1174/1174 1176/1176/1176
f 1184/1184/1184 1172/1172/1172 1183/1183/1183
f 1186/1186/1186 1172/1172/1172 1185/1185/1185
f 1187/1187/1187 1186/1186/1186 1185/1185/1185
f 1168/1168/1168 1189/1189/1189 1188/1188/1188
f 1192/1192/1192 1191/1191/1191 1190/1190/1190
f 1191/1191/1191 1193/1193/1193 1190/1190/1190
f 1191/1191/1191 1194/1194/1194 1193/1193/1193
f 1194/1194/1194 1195/1195/1195 1193/1193/1193
f 1194/1194/1194 1196/1196/1196 1195/1195/1195
f 1196/1196/1196 1197/1197/1197 1195/1195/1195
f 1196/1196/1196 1198/1198/1198 1197/1197/1197
f 1198/1198/1198 1199/1199/1199 1197/1197/1197
f 1192/1192/1192 1200/1200/1200 1191/1191/1191
f 1200/1200/1200 1196/1196/1196 1194/1194/1194
f 1191/1191/1191 1200/1200/1200 1194/1194/1194
f 1196/1196/1196 1201/1201/1201 1198/1198/1198
f 1201/1201/1201 1192/1192/1192 1202/1202/1202
f 1202/1202/1202 1192/1192/1192 1203/1203/1203
f 1192/1192/1192 1204/1204/1204 1203/1203/1203
f 1206/1206/1206 1205/1205/1205 981/981/981
f 1209/1209/1209 1208/1208/1208 1207/1207/1207
f 1211/1211/1211 916/916/916 1210/1210/1210
f 1214/1214/1214 1213/1213/1213 1212/1212/1212
f 1213/1213/1213 1215/1215/1215 1212/1212/1212
f 1213/1213/1213 1216/1216/1216 1215/1215/1215
f 1214/1214/1214 1217/1217/1217 1213/1213/1213
f 1217/1217/1217 1218/1218/1218 1213/1213/1213
f 1218/1218/1218 1219/1219/1219 1213/1213/1213
f 1219/1219/1219 1216/1216/1216 1213/1213/1213
f 1220/1220/1220 1218/1218/1218 1217/1217/1217
f 1220/1220/1220 1219/1219/1219 1218/1218/1218
f 1216/1216/1216 1222/1222/1222 1221/1221/1221
f 1225/1225/1225 1224/1224/1224 1223/1223/1223
f 1224/1224/1224 1226/1226/1226 1223/1223/1223
f 1225/1225/1225 1223/1223/1223 1227/1227/1227
f 1223/1223/1223 1228/1228/1228 1227/1227/1227
f 1227/1227/1227 1228/1228/1228 1229/1229/1229
f 1232/1232/1232 1231/1231/1231 1230/1230/1230
f 1231/1231/1231 1233/1233/1233 1230/1230/1230
f 1231/1231/1231 1234/1234/1234 1233/1233/1233
f 1234/1234/1234 1235/1235/1235 1233/1233/1233
f 1236/1236/1236 1235/1235/1235 1234/1234/1234
f 1237/1237/1237 1236/1236/1236 1234/1234/1234
f 1237/1237/1237 1234/1234/1234 1238/1238/1238
f 1232/1232/1232 1238/1238/1238 1231/1231/1231
f 1238/1238/1238 1234/1234/1234 1231/1231/1231
f 1235/1235/1235 1239/1239/1239 1233/1233/1233
f 1239/1239/1239 1240/1240/1240 1233/1233/1233
f 1233/1233/1233 1240/1240/1240 1230/1230/1230
f 1240/1240/1240 1241/1241/1241 1230/1230/1230
f 1243/1243/1243 1239/1239/1239 1242/1242/1242
f 1245/1245/1245 1244/1244/1244 1242/1242/1242
f 1248/1248/1248 1247/1247/1247 1246/1246/1246
f 1247/1247/1247 1249/1249/1249 1246/1246/1246
f 1247/1247/1247 1250/1250/1250 1249/1249/1249
f 1250/1250/1250 1251/1251/1251 1249/1249/1249
f 1248/1248/1248 1252/1252/1252 1247/1247/1247
f 1252/1252/1252 1253/1253/1253 1247/1247/1247
f 1253/1253/1253 1254/1254/1254 1247/1247/1247
f 1254/1254/1254 1250/1250/1250 1247/1247/1247
f 1250/1250/1250 1254/1254/1254 1255/1255/1255
f 1255/1255/1255 1254/1254/1254 1256/1256/1256
f 1257/1257/1257 1250/1250/1250 1255/1255/1255
f 1257/1257/1257 1258/1258/1258 1250/1250/1250
f 1259/1259/1259 1253/1253/1253 1252/1252/1252
f 1259/1259/1259 1254/1254/1254 1253/1253/1253
f 1251/1251/1251 1260/1260/1260 1249/1249/1249
f 1260/1260/1260 1261/1261/1261 1249/1249/1249
f 1249/1249/1249 1261/1261/1261 1246/1246/1246
f 1263/1263/1263 1262/1262/1262 1250/1250/1250
f 1266/1266/1266 1265/1265/1265 1264/1264/1264
f 1269/1269/1269 1268/1268/1268 1267/1267/1267
f 1268/1268/1268 1270/1270/1270 1267/1267/1267
f 1273/1273/1273 1272/1272/1272 1271/1271/1271
f 1275/1275/1275 1272/1272/1272 1274/1274/1274
f 1276/1276/1276 1275/1275/1275 1274/1274/1274
f 1277/1277/1277 1275/1275/1275 1276/1276/1276
f 1278/1278/1278 1277/1277/1277 1276/1276/1276
f 1279/1279/1279 1278/1278/1278 1276/1276/1276
f 1282/1282/1282 1281/1281/1281 1280/1280/1280
f 1285/1285/1285 1284/1284/1284 1283/1283/1283
f 1288/1288/1288 1287/1287/1287 1286/1286/1286
f 1291/1291/1291 1290/1290/1290 1289/1289/1289
f 1290/1290/1290 1292/1292/1292 1289/1289/1289
f 1293/1293/1293 1290/1290/1290 1291/1291/1291
f 1292/1292/1292 1290/1290/1290 1294/1294/1294
f 1295/1295/1295 1292/1292/1292 1294/1294/1294
f 1294/1294/1294 1296/1296/1296 1295/1295/1295
f 1296/1296/1296 1297/1297/1297 1295/1295/1295
f 1298/1298/1298 1296/1296/1296 1294/1294/1294
f 1299/1299/1299 1298/1298/1298 1294/1294/1294
f 1294/1294/1294 1290/1290/1290 1299/1299/1299
f 1290/1290/1290 1293/1293/1293 1299/1299/1299
f 1300/1300/1300 1298/1298/1298 1299/1299/1299
f 1299/1299/1299 1293/1293/1293 1300/1300/1300
f 1293/1293/1293 1301/1301/1301 1300/1300/1300
f 1296/1296/1296 1298/1298/1298 1302/1302/1302
f 1303/1303/1303 1296/1296/1296 1302/1302/1302
f 1302/1302/1302 1298/1298/1298 1304/1304/1304
f 1298/1298/1298 1300/1300/1300 1304/1304/1304
f 1305/1305/1305 1303/1303/1303 1302/1302/1302
f 1305/1305/1305 1306/1306/1306 1303/1303/1303
f 1306/1306/1306 1305/1305/1305 1307/1307/1307
f 1305/1305/1305 1308/1308/1308 1307/1307/1307
f 1308/1308/1308 1305/1305/1305 1309/1309/1309
f 1305/1305/1305 1310/1310/1310 1309/1309/1309
f 1310/1310/1310 1305/1305/1305 1302/1302/1302
f 1310/1310/1310 1302/1302/1302 1304/1304/1304
f 1309/1309/1309 1310/1310/1310 1311/1311/1311
f 1311/1311/1311 1310/1310/1310 1304/1304/1304
f 1312/1312/1312 1307/1307/1307 1308/1308/1308
f 1313/1313/1313 1312/1312/1312 1308/1308/1308
f 1313/1313/1313 1308/1308/1308 1309/1309/1309
f 1314/1314/1314 1313/1313/1313 1309/1309/1309
f 1314/1314/1314 1309/1309/1309 1311/1311/1311
f 1315/1315/1315 1314/1314/1314 1311/1311/1311
f 1306/1306/1306 1316/1316/1316 1303/1303/1303
f 1304/1304/1304 1317/1317/1317 1311/1311/1311
f 1317/1317/1317 1315/1315/1315 1311/1311/1311
f 1304/1304/1304 1300/1300/1300 1317/1317/1317
f 1300/1300/1300 1301/1301/1301 1317/1317/1317
f 1306/1306/1306 1318/1318/1318 1316/1316/1316
f 1318/1318/1318 1319/1319/1319 1316/1316/1316
f 1307/1307/1307 1321/1321/1321 1320/1320/1320
f 1321/1321/1321 1318/1318/1318 1320/1320/1320
f 1323/1323/1323 1321/1321/1321 1322/1322/1322
f 1297/1297/1297 1296/1296/1296 1324/1324/1324
f 1296/1296/1296 1325/1325/1325 1324/1324/1324
f 1326/1326/1326 1325/1325/1325 1296/1296/1296
f 1303/1303/1303 1326/1326/1326 1296/1296/1296
f 1324/1324/1324 1327/1327/1327 1297/1297/1297
f 1327/1327/1327 1328/1328/1328 1297/1297/1297
f 1297/1297/1297 1328/1328/1328 1295/1295/1295
f 1328/1328/1328 1329/1329/1329 1295/1295/1295
f 1295/1295/1295 1329/1329/1329 1292/1292/1292
f 1329/1329/1329 1330/1330/1330 1292/1292/1292
f 1292/1292/1292 1330/1330/1330 1289/1289/1289
f 1331/1331/1331 1327/1327/1327 1324/1324/1324
f 1333/1333/1333 1332/1332/1332 1303/1303/1303
f 1335/1335/1335 1334/1334/1334 1303/1303/1303
f 1338/1338/1338 1337/1337/1337 1336/1336/1336
f 1340/1340/1340 1339/1339/1339 1336/1336/1336
f 1343/1343/1343 1342/1342/1342 1341/1341/1341
f 1343/1343/1343 1344/1344/1344 1342/1342/1342
f 1342/1342/1342 1344/1344/1344 1345/1345/1345
f 1344/1344/1344 1346/1346/1346 1345/1345/1345
f 1343/1343/1343 1347/1347/1347 1344/1344/1344
f 1347/1347/1347 1348/1348/1348 1344/1344/1344
f 1344/1344/1344 1348/1348/1348 1346/1346/1346
f 1348/1348/1348 1349/1349/1349 1346/1346/1346
f 1347/1347/1347 1350/1350/1350 1348/1348/1348
f 1348/1348/1348 1350/1350/1350 1349/1349/1349
f 1341/1341/1341 1351/1351/1351 1343/1343/1343
f 1351/1351/1351 1352/1352/1352 1343/1343/1343
f 1342/1342/1342 1354/1354/1354 1353/1353/1353
f 1353/1353/1353 1354/1354/1354 1355/1355/1355
f 1354/1354/1354 1356/1356/1356 1355/1355/1355
f 1357/1357/1357 1354/1354/1354 1342/1342/1342
f 1345/1345/1345 1357/1357/1357 1358/1358/1358
f 1354/1354/1354 1359/1359/1359 1356/1356/1356
f 1359/1359/1359 1360/1360/1360 1356/1356/1356
f 1357/1357/1357 1361/1361/1361 1354/1354/1354
f 1361/1361/1361 1359/1359/1359 1354/1354/1354
f 1359/1359/1359 1362/1362/1362 1360/1360/1360
f 1362/1362/1362 1363/1363/1363 1360/1360/1360
f 1361/1361/1361 1364/1364/1364 1359/1359/1359
f 1364/1364/1364 1362/1362/1362 1359/1359/1359
f 1365/1365/1365 1363/1363/1363 1362/1362/1362
f 1365/1365/1365 1362/1362/1362 1364/1364/1364
f 1367/1367/1367 1356/1356/1356 1366/1366/1366
f 1356/1356/1356 1368/1368/1368 1366/1366/1366
f 1356/1356/1356 1369/1369/1369 1368/1368/1368
f 1369/1369/1369 1370/1370/1370 1368/1368/1368
f 1369/1369/1369 1371/1371/1371 1370/1370/1370
f 1371/1371/1371 1372/1372/1372 1370/1370/1370
f 1373/1373/1373 1372/1372/1372 1371/1371/1371
f 1376/1376/1376 1375/1375/1375 1374/1374/1374
f 1379/1379/1379 1378/1378/1378 1377/1377/1377
f 1378/1378/1378 1347/1347/1347 1377/1377/1377
f 1378/1378/1378 1380/1380/1380 1347/1347/1347
f 1383/1383/1383 1382/1382/1382 1381/1381/1381
f 1382/1382/1382 1385/1385/1385 1384/1384/1384
f 1388/1388/1388 1387/1387/1387 1386/1386/1386
f 1386/1386/1386 1387/1387/1387 1389/1389/1389
f 1389/1389/1389 1387/1387/1387 1390/1390/1390
f 1391/1391/1391 1387/1387/1387 1388/1388/1388
f 1392/1392/1392 1387/1387/1387 1391/1391/1391
f 1390/1390/1390 1387/1387/1387 1393/1393/1393
f 1393/1393/1393 1387/1387/1387 1394/1394/1394
f 1394/1394/1394 1387/1387/1387 1395/1395/1395
f 1395/1395/1395 1387/1387/1387 1396/1396/1396
f 1396/1396/1396 1387/1387/1387 1397/1397/1397
f 1397/1397/1397 1387/1387/1387 1398/1398/1398
f 1398/1398/1398 1387/1387/1387 1399/1399/1399
f 1399/1399/1399 1387/1387/1387 1400/1400/1400
f 1400/1400/1400 1387/1387/1387 1392/1392/1392
f 1401/1401/1401 1400/1400/1400 1392/1392/1392
f 1402/1402/1402 1401/1401/1401 1392/1392/1392
f 1403/1403/1403 1399/1399/1399 1400/1400/1400
f 1405/1405/1405 1404/1404/1404 1400/1400/1400
f 1408/1408/1408 1407/1407/1407 1406/1406/1406
f 1409/1409/1409 1407/1407/1407 1408/1408/1408
f 1410/1410/1410 1409/1409/1409 1408/1408/1408
f 1411/1411/1411 1409/1409/1409 1410/1410/1410
f 1412/1412/1412 1411/1411/1411 1410/1410/1410
f 1411/1411/1411 1412/1412/1412 1413/1413/1413
f 1414/1414/1414 1411/1411/1411 1413/1413/1413
f 1408/1408/1408 1406/1406/1406 1415/1415/1415
f 1416/1416/1416 1408/1408/1408 1415/1415/1415
f 1410/1410/1410 1408/1408/1408 1416/1416/1416
f 1417/1417/1417 1416/1416/1416 1415/1415/1415
f 1418/1418/1418 1410/1410/1410 1416/1416/1416
f 1412/1412/1412 1410/1410/1410 1418/1418/1418
f 1419/1419/1419 1418/1418/1418 1416/1416/1416
f 1420/1420/1420 1412/1412/1412 1418/1418/1418
f 1421/1421/1421 1420/1420/1420 1418/1418/1418
f 1421/1421/1421 1422/1422/1422 1420/1420/1420
f 1420/1420/1420 1423/1423/1423 1412/1412/1412
f 1423/1423/1423 1424/1424/1424 1412/1412/1412
f 1407/1407/1407 1426/1426/1426 1425/1425/1425
f 1429/1429/1429 1428/1428/1428 1427/1427/1427
f 1428/1428/1428 1430/1430/1430 1427/1427/1427
f 1428/1428/1428 1429/1429/1429 1431/1431/1431
f 1432/1432/1432 1428/1428/1428 1431/1431/1431
f 1433/1433/1433 1432/1432/1432 1431/1431/1431
f 1434/1434/1434 1433/1433/1433 1431/1431/1431
f 1433/1433/1433 1434/1434/1434 1435/1435/1435
f 1436/1436/1436 1433/1433/1433 1435/1435/1435
f 1429/1429/1429 1427/1427/1427 1437/1437/1437
f 1438/1438/1438 1429/1429/1429 1437/1437/1437
f 1439/1439/1439 1438/1438/1438 1437/1437/1437
f 1438/1438/1438 1440/1440/1440 1429/1429/1429
f 1440/1440/1440 1431/1431/1431 1429/1429/1429
f 1441/1441/1441 1440/1440/1440 1438/1438/1438
f 1434/1434/1434 1431/1431/1431 1442/1442/1442
f 1443/1443/1443 1434/1434/1434 1442/1442/1442
f 1435/1435/1435 1434/1434/1434 1443/1443/1443
f 1444/1444/1444 1443/1443/1443 1440/1440/1440
f 1445/1445/1445 1435/1435/1435 1443/1443/1443
f 1446/1446/1446 1445/1445/1445 1443/1443/1443
f 1449/1449/1449 1448/1448/1448 1447/1447/1447
f 1448/1448/1448 1450/1450/1450 1447/1447/1447
f 1451/1451/1451 1448/1448/1448 1449/1449/1449
f 1452/1452/1452 1451/1451/1451 1449/1449/1449
f 1453/1453/1453 1451/1451/1451 1452/1452/1452
f 1454/1454/1454 1453/1453/1453 1452/1452/1452
f 1453/1453/1453 1454/1454/1454 1455/1455/1455
f 1456/1456/1456 1452/1452/1452 1449/1449/1449
f 1454/1454/1454 1452/1452/1452 1456/1456/1456
f 1457/1457/1457 1456/1456/1456 1449/1449/1449
f 1458/1458/1458 1456/1456/1456 1457/1457/1457
f 1457/1457/1457 1449/1449/1449 1459/1459/1459
f 1460/1460/1460 1454/1454/1454 1456/1456/1456
f 1461/1461/1461 1460/1460/1460 1456/1456/1456
f 1461/1461/1461 1457/1457/1457 1462/1462/1462
f 1460/1460/1460 1463/1463/1463 1454/1454/1454
f 1464/1464/1464 1463/1463/1463 1460/1460/1460
f 1465/1465/1465 1455/1455/1455 1454/1454/1454
f 1467/1467/1467 1453/1453/1453 1466/1466/1466
f 1469/1469/1469 1457/1457/1457 1468/1468/1468
f 1472/1472/1472 1471/1471/1471 1470/1470/1470
f 1471/1471/1471 1473/1473/1473 1470/1470/1470
f 1474/1474/1474 1471/1471/1471 1472/1472/1472
f 1475/1475/1475 1474/1474/1474 1472/1472/1472
f 1470/1470/1470 1473/1473/1473 1476/1476/1476
f 1473/1473/1473 1477/1477/1477 1476/1476/1476
f 1476/1476/1476 1477/1477/1477 1478/1478/1478
f 1477/1477/1477 1479/1479/1479 1478/1478/1478
f 1478/1478/1478 1479/1479/1479 1480/1480/1480
f 1479/1479/1479 1481/1481/1481 1480/1480/1480
f 1484/1484/1484 1483/1483/1483 1482/1482/1482
f 1483/1483/1483 1485/1485/1485 1482/1482/1482
f 1484/1484/1484 1482/1482/1482 1486/1486/1486
f 1487/1487/1487 1484/1484/1484 1486/1486/1486
f 1483/1483/1483 1488/1488/1488 1485/1485/1485
f 1488/1488/1488 1489/1489/1489 1485/1485/1485
f 1488/1488/1488 1490/1490/1490 1489/1489/1489
f 1490/1490/1490 1491/1491/1491 1489/1489/1489
f 1490/1490/1490 1492/1492/1492 1491/1491/1491
f 1492/1492/1492 1493/1493/1493 1491/1491/1491
f 631/631/631 635/635/635 1494/1494/1494
f 1496/1496/1496 635/635/635 1495/1495/1495
f 1497/1497/1497 635/635/635 636/636/636
f 1498/1498/1498 634/634/634 630/630/630
f 1500/1500/1500 1499/1499/1499 620/620/620
f 620/620/620 1501/1501/1501 617/617/617
f 617/617/617 1501/1501/1501 1502/1502/1502
f 617/617/617 1502/1502/1502 1503/1503/1503
f 1503/1503/1503 607/607/607 617/617/617
f 1502/1502/1502 1504/1504/1504 1503/1503/1503
f 1505/1505/1505 607/607/607 1503/1503/1503
f 1505/1505/1505 1503/1503/1503 1506/1506/1506
f 1503/1503/1503 1504/1504/1504 1507/1507/1507
f 1508/1508/1508 1503/1503/1503 1507/1507/1507
f 1508/1508/1508 1507/1507/1507 597/597/597
f 599/599/599 1508/1508/1508 597/597/597
f 726/726/726 1510/1510/1510 1509/1509/1509
f 1510/1510/1510 1511/1511/1511 1509/1509/1509
f 726/726/726 1509/1509/1509 727/727/727
f 1509/1509/1509 1512/1512/1512 727/727/727
f 1512/1512/1512 1513/1513/1513 727/727/727
f 1513/1513/1513 728/728/728 727/727/727
f 728/728/728 1513/1513/1513 732/732/732
f 1509/1509/1509 611/611/611 1512/1512/1512
f 1509/1509/1509 612/612/612 611/611/611
f 611/611/611 1514/1514/1514 1512/1512/1512
f 613/613/613 1514/1514/1514 611/611/611
f 613/613/613 615/615/615 1514/1514/1514
f 615/615/615 1515/1515/1515 1514/1514/1514
f 615/615/615 1516/1516/1516 1515/1515/1515
f 1518/1518/1518 1517/1517/1517 1515/1515/1515
f 1518/1518/1518 1519/1519/1519 1517/1517/1517
f 1518/1518/1518 1520/1520/1520 1519/1519/1519
f 1520/1520/1520 1521/1521/1521 1519/1519/1519
f 1519/1519/1519 1522/1522/1522 1517/1517/1517
f 1519/1519/1519 1524/1524/1524 1523/1523/1523
f 1524/1524/1524 1525/1525/1525 1522/1522/1522
f 618/618/618 1527/1527/1527 1526/1526/1526
f 1529/1529/1529 708/708/708 1528/1528/1528
f 708/708/708 1529/1529/1529 1530/1530/1530
f 706/706/706 1531/1531/1531 1530/1530/1530
f 706/706/706 1530/1530/1530 1532/1532/1532
f 1535/1535/1535 1534/1534/1534 1533/1533/1533
f 716/716/716 1536/1536/1536 1533/1533/1533
f 1539/1539/1539 1538/1538/1538 1537/1537/1537
f 1541/1541/1541 676/676/676 1540/1540/1540
f 676/676/676 678/678/678 1540/1540/1540
f 676/676/676 1541/1541/1541 1542/1542/1542
f 677/677/677 676/676/676 1542/1542/1542
f 677/677/677 1542/1542/1542 1543/1543/1543
f 679/679/679 677/677/677 1543/1543/1543
f 679/679/679 1543/1543/1543 1544/1544/1544
f 694/694/694 679/679/679 1544/1544/1544
f 1540/1540/1540 678/678/678 684/684/684
f 684/684/684 686/686/686 1540/1540/1540
f 686/686/686 1545/1545/1545 1540/1540/1540
f 1541/1541/1541 1545/1545/1545 1542/1542/1542
f 1540/1540/1540 1545/1545/1545 1541/1541/1541
f 686/686/686 688/688/688 1545/1545/1545
f 688/688/688 1546/1546/1546 1545/1545/1545
f 1545/1545/1545 1546/1546/1546 1542/1542/1542
f 1543/1543/1543 1542/1542/1542 1546/1546/1546
f 688/688/688 690/690/690 1546/1546/1546
f 690/690/690 1547/1547/1547 1546/1546/1546
f 1547/1547/1547 1543/1543/1543 1546/1546/1546
f 690/690/690 692/692/692 1547/1547/1547
f 692/692/692 694/694/694 1548/1548/1548
f 692/692/692 1549/1549/1549 1547/1547/1547
f 1550/1550/1550 1543/1543/1543 1547/1547/1547
f 729/729/729 1552/1552/1552 1551/1551/1551
f 1554/1554/1554 745/745/745 1553/1553/1553
f 606/606/606 622/622/622 616/616/616
f 1557/1557/1557 1556/1556/1556 1555/1555/1555
f 1558/1558/1558 1556/1556/1556 1557/1557/1557
f 1559/1559/1559 1556/1556/1556 1558/1558/1558
f 1560/1560/1560 1558/1558/1558 1557/1557/1557
f 1555/1555/1555 1556/1556/1556 1561/1561/1561
f 1563/1563/1563 1559/1559/1559 1562/1562/1562
f 1563/1563/1563 1564/1564/1564 1559/1559/1559
f 1564/1564/1564 1565/1565/1565 1559/1559/1559
f 1559/1559/1559 1567/1567/1567 1566/1566/1566
f 1566/1566/1566 1569/1569/1569 1568/1568/1568
f 1568/1568/1568 1569/1569/1569 1570/1570/1570
f 1569/1569/1569 1571/1571/1571 1570/1570/1570
f 1574/1574/1574 1573/1573/1573 1572/1572/1572
f 1575/1575/1575 1573/1573/1573 1574/1574/1574
f 1576/1576/1576 1575/1575/1575 1574/1574/1574
f 1575/1575/1575 1577/1577/1577 1573/1573/1573
f 1575/1575/1575 1578/1578/1578 1577/1577/1577
f 1575/1575/1575 1576/1576/1576 1578/1578/1578
f 1578/1578/1578 1579/1579/1579 1577/1577/1577
f 1579/1579/1579 1580/1580/1580 1577/1577/1577
f 1577/1577/1577 1581/1581/1581 1573/1573/1573
f 1577/1577/1577 1582/1582/1582 1581/1581/1581
f 1581/1581/1581 1582/1582/1582 1583/1583/1583
f 1583/1583/1583 1580/1580/1580 1584/1584/1584
f 1585/1585/1585 1583/1583/1583 1584/1584/1584
f 1573/1573/1573 1581/1581/1581 1585/1585/1585
f 1581/1581/1581 1583/1583/1583 1585/1585/1585
f 1573/1573/1573 1585/1585/1585 1586/1586/1586
f 1587/1587/1587 1585/1585/1585 1584/1584/1584
f 1576/1576/1576 1588/1588/1588 1578/1578/1578
f 1587/1587/1587 1589/1589/1589 1585/1585/1585
f 1589/1589/1589 1591/1591/1591 1590/1590/1590
f 1594/1594/1594 1593/1593/1593 1592/1592/1592
f 1593/1593/1593 1595/1595/1595 1592/1592/1592
f 1592/1592/1592 1596/1596/1596 1594/1594/1594
f 1596/1596/1596 1597/1597/1597 1594/1594/1594
f 1598/1598/1598 1596/1596/1596 1592/1592/1592
f 1599/1599/1599 1598/1598/1598 1592/1592/1592
f 1600/1600/1600 1599/1599/1599 1592/1592/1592
f 1601/1601/1601 1600/1600/1600 1592/1592/1592
f 1600/1600/1600 1602/1602/1602 1599/1599/1599
f 1602/1602/1602 1603/1603/1603 1599/1599/1599
f 1603/1603/1603 1604/1604/1604 1599/1599/1599
f 1604/1604/1604 1598/1598/1598 1599/1599/1599
f 1605/1605/1605 1604/1604/1604 1603/1603/1603
f 1606/1606/1606 1605/1605/1605 1603/1603/1603
f 1607/1607/1607 1606/1606/1606 1603/1603/1603
f 1608/1608/1608 1607/1607/1607 1603/1603/1603
f 1608/1608/1608 1603/1603/1603 1602/1602/1602
f 1609/1609/1609 1597/1597/1597 1596/1596/1596
f 1609/1609/1609 1604/1604/1604 1605/1605/1605
f 1610/1610/1610 1596/1596/1596 1598/1598/1598
f 1610/1610/1610 1598/1598/1598 1604/1604/1604
f 1613/1613/1613 1612/1612/1612 1611/1611/1611
f 1614/1614/1614 1611/1611/1611 1612/1612/1612
f 1614/1614/1614 1612/1612/1612 1615/1615/1615
f 1612/1612/1612 1616/1616/1616 1615/1615/1615
f 1618/1618/1618 1613/1613/1613 1617/1617/1617
f 1619/1619/1619 1618/1618/1618 1612/1612/1612
f 1618/1618/1618 1620/1620/1620 1612/1612/1612
f 1613/1613/1613 1622/1622/1622 1621/1621/1621
f 1613/1613/1613 1623/1623/1623 1622/1622/1622
f 1626/1626/1626 1625/1625/1625 1624/1624/1624
f 1625/1625/1625 1627/1627/1627 1624/1624/1624
f 1628/1628/1628 1625/1625/1625 1626/1626/1626
f 1629/1629/1629 1628/1628/1628 1626/1626/1626
f 1630/1630/1630 1628/1628/1628 1629/1629/1629
f 1631/1631/1631 1630/1630/1630 1629/1629/1629
f 1632/1632/1632 1630/1630/1630 1631/1631/1631
f 1633/1633/1633 1632/1632/1632 1631/1631/1631
f 1624/1624/1624 1627/1627/1627 1634/1634/1634
f 1635/1635/1635 1624/1624/1624 1634/1634/1634
f 1625/1625/1625 1636/1636/1636 1627/1627/1627
f 1636/1636/1636 1637/1637/1637 1627/1627/1627
f 1627/1627/1627 1637/1637/1637 1634/1634/1634
f 1628/1628/1628 1638/1638/1638 1625/1625/1625
f 1638/1638/1638 1636/1636/1636 1625/1625/1625
f 1630/1630/1630 1639/1639/1639 1628/1628/1628
f 1639/1639/1639 1638/1638/1638 1628/1628/1628
f 1632/1632/1632 1640/1640/1640 1630/1630/1630
f 1640/1640/1640 1639/1639/1639 1630/1630/1630
f 1637/1637/1637 1641/1641/1641 1634/1634/1634
f 1642/1642/1642 1637/1637/1637 1636/1636/1636
f 1642/1642/1642 1636/1636/1636 1638/1638/1638
f 1643/1643/1643 1638/1638/1638 1639/1639/1639
f 1643/1643/1643 1639/1639/1639 1640/1640/1640
f 1643/1643/1643 1641/1641/1641 1637/1637/1637
f 1646/1646/1646 1645/1645/1645 1644/1644/1644
f 1646/1646/1646 1647/1647/1647 1645/1645/1645
f 1650/1650/1650 1649/1649/1649 1648/1648/1648
f 1653/1653/1653 1652/1652/1652 1651/1651/1651
f 1652/1652/1652 1654/1654/1654 1651/1651/1651
f 1653/1653/1653 1655/1655/1655 1652/1652/1652
f 1656/1656/1656 1655/1655/1655 1653/1653/1653
f 1656/1656/1656 1653/1653/1653 1657/1657/1657
f 1653/1653/1653 1658/1658/1658 1657/1657/1657
f 1652/1652/1652 1660/1660/1660 1659/1659/1659
f 1652/1652/1652 1661/1661/1661 1660/1660/1660
f 1662/1662/1662 1661/1661/1661 1656/1656/1656
f 1662/1662/1662 1656/1656/1656 1663/1663/1663
f 1656/1656/1656 1664/1664/1664 1663/1663/1663
f 1660/1660/1660 1666/1666/1666 1665/1665/1665
f 596/596/596 1668/1668/1668 1667/1667/1667
f 1670/1670/1670 1669/1669/1669 1667/1667/1667
f 596/596/596 595/595/595 1671/1671/1671
f 595/595/595 593/593/593 1671/1671/1671
f 1674/1674/1674 1673/1673/1673 1672/1672/1672
f 1675/1675/1675 1672/1672/1672 1673/1673/1673
f 1676/1676/1676 1675/1675/1675 1673/1673/1673
f 1675/1675/1675 1676/1676/1676 1677/1677/1677
f 1676/1676/1676 1678/1678/1678 1677/1677/1677
f 1679/1679/1679 1677/1677/1677 1678/1678/1678
f 1680/1680/1680 1679/1679/1679 1678/1678/1678
f 1680/1680/1680 1681/1681/1681 1679/1679/1679
f 1681/1681/1681 1682/1682/1682 1679/1679/1679
f 1681/1681/1681 1683/1683/1683 1682/1682/1682
f 1683/1683/1683 1684/1684/1684 1682/1682/1682
f 1676/1676/1676 1673/1673/1673 1685/1685/1685
f 1678/1678/1678 1676/1676/1676 1685/1685/1685
f 1673/1673/1673 1686/1686/1686 1685/1685/1685
f 1673/1673/1673 1687/1687/1687 1686/1686/1686
f 1688/1688/1688 1685/1685/1685 1686/1686/1686
f 1689/1689/1689 1688/1688/1688 1686/1686/1686
f 1689/1689/1689 1686/1686/1686 1690/1690/1690
f 1691/1691/1691 1690/1690/1690 1686/1686/1686
f 1692/1692/1692 1689/1689/1689 1690/1690/1690
f 1681/1681/1681 1680/1680/1680 1693/1693/1693
f 1680/1680/1680 1694/1694/1694 1693/1693/1693
f 1683/1683/1683 1681/1681/1681 1695/1695/1695
f 1681/1681/1681 1693/1693/1693 1695/1695/1695
f 1696/1696/1696 1695/1695/1695 1693/1693/1693
f 1697/1697/1697 1696/1696/1696 1693/1693/1693
f 1697/1697/1697 1693/1693/1693 1694/1694/1694
f 1698/1698/1698 1697/1697/1697 1694/1694/1694
f 1699/1699/1699 1698/1698/1698 1694/1694/1694
f 1700/1700/1700 1699/1699/1699 1694/1694/1694
f 1685/1685/1685 1688/1688/1688 1700/1700/1700
f 1688/1688/1688 1699/1699/1699 1700/1700/1700
f 1700/1700/1700 1678/1678/1678 1685/1685/1685
f 1700/1700/1700 1694/1694/1694 1678/1678/1678
f 1694/1694/1694 1680/1680/1680 1678/1678/1678
f 1695/1695/1695 1696/1696/1696 1701/1701/1701
f 1701/1701/1701 1702/1702/1702 1695/1695/1695
f 1702/1702/1702 1683/1683/1683 1695/1695/1695
f 1703/1703/1703 1702/1702/1702 1701/1701/1701
f 1696/1696/1696 1704/1704/1704 1701/1701/1701
f 1701/1701/1701 1704/1704/1704 1705/1705/1705
f 1705/1705/1705 1706/1706/1706 1701/1701/1701
f 1704/1704/1704 1707/1707/1707 1705/1705/1705
f 1697/1697/1697 1698/1698/1698 1708/1708/1708
f 1698/1698/1698 1709/1709/1709 1708/1708/1708
f 1709/1709/1709 1698/1698/1698 1699/1699/1699
f 1697/1697/1697 1708/1708/1708 1710/1710/1710
f 1696/1696/1696 1697/1697/1697 1710/1710/1710
f 1711/1711/1711 1710/1710/1710 1708/1708/1708
f 1712/1712/1712 1711/1711/1711 1708/1708/1708
f 1712/1712/1712 1708/1708/1708 1709/1709/1709
f 1713/1713/1713 1712/1712/1712 1709/1709/1709
f 1714/1714/1714 1713/1713/1713 1709/1709/1709
f 1715/1715/1715 1714/1714/1714 1709/1709/1709
f 1715/1715/1715 1709/1709/1709 1699/1699/1699
f 1715/1715/1715 1699/1699/1699 1688/1688/1688
f 1716/1716/1716 1715/1715/1715 1688/1688/1688
f 1688/1688/1688 1689/1689/1689 1716/1716/1716
f 1689/1689/1689 1717/1717/1717 1716/1716/1716
f 1689/1689/1689 1692/1692/1692 1717/1717/1717
f 1692/1692/1692 1718/1718/1718 1717/1717/1717
f 1719/1719/1719 1716/1716/1716 1717/1717/1717
f 1716/1716/1716 1719/1719/1719 1715/1715/1715
f 1719/1719/1719 1714/1714/1714 1715/1715/1715
f 1720/1720/1720 1719/1719/1719 1717/1717/1717
f 1720/1720/1720 1717/1717/1717 1718/1718/1718
f 1721/1721/1721 1720/1720/1720 1718/1718/1718
f 1711/1711/1711 1712/1712/1712 1722/1722/1722
f 1722/1722/1722 1723/1723/1723 1711/1711/1711
f 1724/1724/1724 1719/1719/1719 1720/1720/1720
f 1725/1725/1725 1724/1724/1724 1720/1720/1720
f 1725/1725/1725 1720/1720/1720 1721/1721/1721
f 1719/1719/1719 1724/1724/1724 1726/1726/1726
f 1727/1727/1727 1719/1719/1719 1726/1726/1726
f 1728/1728/1728 1725/1725/1725 1721/1721/1721
f 1728/1728/1728 1721/1721/1721 1729/1729/1729
f 1730/1730/1730 1728/1728/1728 1729/1729/1729
f 1731/1731/1731 1726/1726/1726 1724/1724/1724
f 1732/1732/1732 1731/1731/1731 1724/1724/1724
f 1732/1732/1732 1728/1728/1728 1730/1730/1730
f 1732/1732/1732 1725/1725/1725 1728/1728/1728
f 1724/1724/1724 1725/1725/1725 1732/1732/1732
f 1733/1733/1733 1732/1732/1732 1730/1730/1730
f 1734/1734/1734 1731/1731/1731 1732/1732/1732
f 1735/1735/1735 1734/1734/1734 1732/1732/1732
f 1735/1735/1735 1732/1732/1732 1733/1733/1733
f 1736/1736/1736 1731/1731/1731 1734/1734/1734
f 1736/1736/1736 1737/1737/1737 1726/1726/1726
f 1726/1726/1726 1737/1737/1737 1738/1738/1738
f 1736/1736/1736 1726/1726/1726 1739/1739/1739
f 1740/1740/1740 1736/1736/1736 1734/1734/1734
f 1741/1741/1741 1735/1735/1735 1733/1733/1733
f 1742/1742/1742 1740/1740/1740 1734/1734/1734
f 1742/1742/1742 1743/1743/1743 1740/1740/1740
f 1742/1742/1742 1734/1734/1734 1744/1744/1744
f 1745/1745/1745 1735/1735/1735 1741/1741/1741
f 1746/1746/1746 1734/1734/1734 1735/1735/1735
f 1745/1745/1745 1747/1747/1747 1735/1735/1735
f 1747/1747/1747 1748/1748/1748 1735/1735/1735
f 1737/1737/1737 1750/1750/1750 1749/1749/1749
f 1737/1737/1737 1751/1751/1751 1750/1750/1750
f 1751/1751/1751 1752/1752/1752 1750/1750/1750
f 1750/1750/1750 1752/1752/1752 1753/1753/1753
f 1714/1714/1714 1719/1719/1719 1749/1749/1749
f 1710/1710/1710 1754/1754/1754 1696/1696/1696
f 1754/1754/1754 1704/1704/1704 1696/1696/1696
f 1754/1754/1754 1755/1755/1755 1704/1704/1704
f 1755/1755/1755 1707/1707/1707 1704/1704/1704
f 1754/1754/1754 1756/1756/1756 1755/1755/1755
f 1756/1756/1756 1757/1757/1757 1755/1755/1755
f 1710/1710/1710 1711/1711/1711 1754/1754/1754
f 1711/1711/1711 1756/1756/1756 1754/1754/1754
f 1723/1723/1723 1756/1756/1756 1711/1711/1711
f 1723/1723/1723 1758/1758/1758 1756/1756/1756
f 1758/1758/1758 1757/1757/1757 1756/1756/1756
f 1759/1759/1759 1758/1758/1758 1723/1723/1723
f 1762/1762/1762 1761/1761/1761 1760/1760/1760
f 1761/1761/1761 1763/1763/1763 1760/1760/1760
f 1761/1761/1761 1762/1762/1762 1764/1764/1764
f 1762/1762/1762 1765/1765/1765 1764/1764/1764
f 1762/1762/1762 1766/1766/1766 1765/1765/1765
f 1762/1762/1762 1760/1760/1760 1766/1766/1766
f 1766/1766/1766 1767/1767/1767 1765/1765/1765
f 1768/1768/1768 1764/1764/1764 1765/1765/1765
f 1769/1769/1769 1765/1765/1765 1767/1767/1767
f 1769/1769/1769 1770/1770/1770 1765/1765/1765
f 1771/1771/1771 1769/1769/1769 1767/1767/1767
f 1769/1769/1769 1771/1771/1771 1772/1772/1772
f 1771/1771/1771 1773/1773/1773 1772/1772/1772
f 1770/1770/1770 1769/1769/1769 1774/1774/1774
f 1769/1769/1769 1772/1772/1772 1774/1774/1774
f 1775/1775/1775 1774/1774/1774 1772/1772/1772
f 1776/1776/1776 1772/1772/1772 1773/1773/1773
f 1777/1777/1777 1776/1776/1776 1773/1773/1773
f 1779/1779/1779 1778/1778/1778 1772/1772/1772
f 1781/1781/1781 1775/1775/1775 1780/1780/1780
f 1781/1781/1781 1783/1783/1783 1782/1782/1782
f 1783/1783/1783 1784/1784/1784 1782/1782/1782
f 1782/1782/1782 1784/1784/1784 1785/1785/1785
f 1786/1786/1786 1782/1782/1782 1785/1785/1785
f 1782/1782/1782 1786/1786/1786 1787/1787/1787
f 1786/1786/1786 1788/1788/1788 1787/1787/1787
f 1788/1788/1788 1786/1786/1786 1789/1789/1789
f 1790/1790/1790 1788/1788/1788 1789/1789/1789
f 1788/1788/1788 1790/1790/1790 1791/1791/1791
f 1787/1787/1787 1788/1788/1788 1791/1791/1791
f 1790/1790/1790 1792/1792/1792 1791/1791/1791
f 1793/1793/1793 1791/1791/1791 1792/1792/1792
f 1794/1794/1794 1793/1793/1793 1792/1792/1792
f 1793/1793/1793 1794/1794/1794 1795/1795/1795
f 1794/1794/1794 1796/1796/1796 1795/1795/1795
f 1794/1794/1794 1797/1797/1797 1796/1796/1796
f 1797/1797/1797 1798/1798/1798 1796/1796/1796
f 1799/1799/1799 1793/1793/1793 1795/1795/1795
f 1791/1791/1791 1793/1793/1793 1799/1799/1799
f 1800/1800/1800 1799/1799/1799 1795/1795/1795
f 1795/1795/1795 1801/1801/1801 1800/1800/1800
f 1800/1800/1800 1801/1801/1801 1802/1802/1802
f 1802/1802/1802 1803/1803/1803 1800/1800/1800
f 1761/1761/1761 1799/1799/1799 1800/1800/1800
f 1797/1797/1797 1794/1794/1794 1804/1804/1804
f 1794/1794/1794 1792/1792/1792 1804/1804/1804
f 1790/1790/1790 1805/1805/1805 1792/1792/1792
f 1805/1805/1805 1804/1804/1804 1792/1792/1792
f 1804/1804/1804 1806/1806/1806 1797/1797/1797
f 1804/1804/1804 1805/1805/1805 1806/1806/1806
f 1806/1806/1806 1807/1807/1807 1797/1797/1797
f 1798/1798/1798 1797/1797/1797 1807/1807/1807
f 1798/1798/1798 1807/1807/1807 1808/1808/1808
f 1808/1808/1808 1807/1807/1807 1809/1809/1809
f 1806/1806/1806 1810/1810/1810 1807/1807/1807
f 1810/1810/1810 1811/1811/1811 1807/1807/1807
f 1806/1806/1806 1812/1812/1812 1810/1810/1810
f 1805/1805/1805 1812/1812/1812 1806/1806/1806
f 1812/1812/1812 1813/1813/1813 1810/1810/1810
f 1805/1805/1805 1790/1790/1790 1814/1814/1814
f 1790/1790/1790 1789/1789/1789 1814/1814/1814
f 1815/1815/1815 1814/1814/1814 1789/1789/1789
f 1816/1816/1816 1815/1815/1815 1789/1789/1789
f 1816/1816/1816 1789/1789/1789 1786/1786/1786
f 1817/1817/1817 1816/1816/1816 1786/1786/1786
f 1814/1814/1814 1818/1818/1818 1805/1805/1805
f 1818/1818/1818 1812/1812/1812 1805/1805/1805
f 1818/1818/1818 1819/1819/1819 1812/1812/1812
f 1819/1819/1819 1813/1813/1813 1812/1812/1812
f 1819/1819/1819 1818/1818/1818 1820/1820/1820
f 1818/1818/1818 1821/1821/1821 1820/1820/1820
f 1814/1814/1814 1822/1822/1822 1818/1818/1818
f 1822/1822/1822 1821/1821/1821 1818/1818/1818
f 1814/1814/1814 1815/1815/1815 1822/1822/1822
f 1821/1821/1821 1822/1822/1822 1823/1823/1823
f 1823/1823/1823 1822/1822/1822 1824/1824/1824
f 1825/1825/1825 1823/1823/1823 1824/1824/1824
f 1820/1820/1820 1821/1821/1821 1826/1826/1826
f 1826/1826/1826 1821/1821/1821 1823/1823/1823
f 1826/1826/1826 1827/1827/1827 1820/1820/1820
f 1827/1827/1827 1828/1828/1828 1820/1820/1820
f 1829/1829/1829 1820/1820/1820 1828/1828/1828
f 1785/1785/1785 1817/1817/1817 1786/1786/1786
f 1820/1820/1820 1830/1830/1830 1819/1819/1819
f 1830/1830/1830 1820/1820/1820 1831/1831/1831
f 1832/1832/1832 1831/1831/1831 1828/1828/1828
f 1826/1826/1826 1834/1834/1834 1833/1833/1833
f 1823/1823/1823 1835/1835/1835 1833/1833/1833
f 1836/1836/1836 1785/1785/1785 1784/1784/1784
f 1837/1837/1837 1836/1836/1836 1784/1784/1784
f 1784/1784/1784 1839/1839/1839 1838/1838/1838
f 1838/1838/1838 1839/1839/1839 1840/1840/1840
f 1841/1841/1841 1784/1784/1784 1783/1783/1783
f 1842/1842/1842 1841/1841/1841 1783/1783/1783
f 1844/1844/1844 1783/1783/1783 1843/1843/1843
f 1845/1845/1845 1844/1844/1844 1843/1843/1843
f 1847/1847/1847 1846/1846/1846 1795/1795/1795
f 1795/1795/1795 1846/1846/1846 1848/1848/1848
f 1849/1849/1849 1791/1791/1791 1799/1799/1799
f 1849/1849/1849 1787/1787/1787 1791/1791/1791
f 1687/1687/1687 1851/1851/1851 1850/1850/1850
f 1687/1687/1687 1672/1672/1672 1851/1851/1851
f 1672/1672/1672 1852/1852/1852 1851/1851/1851
f 1672/1672/1672 1675/1675/1675 1852/1852/1852
f 1675/1675/1675 1853/1853/1853 1852/1852/1852
f 1853/1853/1853 1675/1675/1675 1677/1677/1677
f 1854/1854/1854 1853/1853/1853 1677/1677/1677
f 1854/1854/1854 1677/1677/1677 1855/1855/1855
f 1677/1677/1677 1679/1679/1679 1855/1855/1855
f 1679/1679/1679 1682/1682/1682 1855/1855/1855
f 1682/1682/1682 1856/1856/1856 1855/1855/1855
f 1682/1682/1682 1684/1684/1684 1856/1856/1856
f 1684/1684/1684 1857/1857/1857 1856/1856/1856
f 1684/1684/1684 1858/1858/1858 1857/1857/1857
f 1858/1858/1858 1684/1684/1684 1683/1683/1683
f 1858/1858/1858 1683/1683/1683 1702/1702/1702
f 1859/1859/1859 1858/1858/1858 1702/1702/1702
f 1859/1859/1859 1702/1702/1702 1703/1703/1703
f 1862/1862/1862 1861/1861/1861 1860/1860/1860
f 1862/1862/1862 1860/1860/1860 1863/1863/1863
f 1864/1864/1864 1862/1862/1862 1863/1863/1863
f 1864/1864/1864 1863/1863/1863 1865/1865/1865
f 1866/1866/1866 1864/1864/1864 1865/1865/1865
f 1866/1866/1866 1865/1865/1865 1867/1867/1867
f 1868/1868/1868 1866/1866/1866 1867/1867/1867
f 1862/1862/1862 1869/1869/1869 1861/1861/1861
f 1862/1862/1862 1864/1864/1864 1869/1869/1869
f 1864/1864/1864 1866/1866/1866 1870/1870/1870
f 1864/1864/1864 1870/1870/1870 1869/1869/1869
f 1866/1866/1866 1871/1871/1871 1870/1870/1870
f 1872/1872/1872 1871/1871/1871 1866/1866/1866
f 1873/1873/1873 1872/1872/1872 1866/1866/1866
f 1874/1874/1874 1871/1871/1871 1872/1872/1872
f 1875/1875/1875 1874/1874/1874 1872/1872/1872
f 1874/1874/1874 1876/1876/1876 1871/1871/1871
f 1876/1876/1876 1870/1870/1870 1871/1871/1871
f 1876/1876/1876 1877/1877/1877 1870/1870/1870
f 1877/1877/1877 1869/1869/1869 1870/1870/1870
f 1877/1877/1877 1878/1878/1878 1869/1869/1869
f 1878/1878/1878 1879/1879/1879 1869/1869/1869
f 1869/1869/1869 1879/1879/1879 1880/1880/1880
f 1878/1878/1878 1881/1881/1881 1879/1879/1879
f 1881/1881/1881 1882/1882/1882 1879/1879/1879
f 1879/1879/1879 1882/1882/1882 1883/1883/1883
f 1880/1880/1880 1883/1883/1883 1884/1884/1884
f 1884/1884/1884 1885/1885/1885 1880/1880/1880
f 1886/1886/1886 1879/1879/1879 1883/1883/1883
f 1878/1878/1878 1877/1877/1877 1887/1887/1887
f 1888/1888/1888 1881/1881/1881 1878/1878/1878
f 1889/1889/1889 1874/1874/1874 1875/1875/1875
f 1890/1890/1890 1876/1876/1876 1874/1874/1874
f 1891/1891/1891 1877/1877/1877 1876/1876/1876
f 1892/1892/1892 1885/1885/1885 1860/1860/1860
f 1894/1894/1894 1893/1893/1893 1884/1884/1884
f 1897/1897/1897 1896/1896/1896 1895/1895/1895
f 1896/1896/1896 1898/1898/1898 1895/1895/1895
f 1897/1897/1897 1899/1899/1899 1896/1896/1896
f 1899/1899/1899 1900/1900/1900 1896/1896/1896
f 1896/1896/1896 1900/1900/1900 1901/1901/1901
f 1900/1900/1900 1902/1902/1902 1901/1901/1901
f 1903/1903/1903 1900/1900/1900 1899/1899/1899
f 1904/1904/1904 1903/1903/1903 1899/1899/1899
f 1904/1904/1904 1899/1899/1899 1905/1905/1905
f 1905/1905/1905 1899/1899/1899 1906/1906/1906
f 1907/1907/1907 1905/1905/1905 1906/1906/1906
f 1908/1908/1908 1904/1904/1904 1905/1905/1905
f 1908/1908/1908 1905/1905/1905 1909/1909/1909
f 1909/1909/1909 1905/1905/1905 1910/1910/1910
f 1911/1911/1911 1909/1909/1909 1910/1910/1910
f 1912/1912/1912 1909/1909/1909 1911/1911/1911
f 1913/1913/1913 1912/1912/1912 1911/1911/1911
f 1914/1914/1914 1909/1909/1909 1912/1912/1912
f 1914/1914/1914 1908/1908/1908 1909/1909/1909
f 1915/1915/1915 1914/1914/1914 1912/1912/1912
f 1903/1903/1903 1916/1916/1916 1900/1900/1900
f 1916/1916/1916 1902/1902/1902 1900/1900/1900
f 1915/1915/1915 1917/1917/1917 1914/1914/1914
f 1917/1917/1917 1908/1908/1908 1914/1914/1914
f 1903/1903/1903 1917/1917/1917 1916/1916/1916
f 1918/1918/1918 1904/1904/1904 1908/1908/1908
f 1904/1904/1904 1918/1918/1918 1903/1903/1903
f 1921/1921/1921 1920/1920/1920 1919/1919/1919
f 1921/1921/1921 1919/1919/1919 1922/1922/1922
f 1921/1921/1921 1923/1923/1923 1920/1920/1920
f 1923/1923/1923 1924/1924/1924 1920/1920/1920
f 1920/1920/1920 1924/1924/1924 1925/1925/1925
f 1920/1920/1920 1925/1925/1925 1926/1926/1926
f 1924/1924/1924 1927/1927/1927 1925/1925/1925
f 1925/1925/1925 1927/1927/1927 1928/1928/1928
f 1927/1927/1927 1929/1929/1929 1928/1928/1928
f 1930/1930/1930 1923/1923/1923 1921/1921/1921
f 1931/1931/1931 1930/1930/1930 1921/1921/1921
f 1932/1932/1932 1930/1930/1930 1931/1931/1931
f 1933/1933/1933 1932/1932/1932 1931/1931/1931
f 1923/1923/1923 1934/1934/1934 1924/1924/1924
f 1924/1924/1924 1934/1934/1934 1927/1927/1927
f 1934/1934/1934 1930/1930/1930 1932/1932/1932
f 1934/1934/1934 1923/1923/1923 1930/1930/1930
f 1927/1927/1927 1935/1935/1935 1929/1929/1929
f 1920/1920/1920 1937/1937/1937 1936/1936/1936
f 1925/1925/1925 1939/1939/1939 1938/1938/1938
f 1925/1925/1925 1941/1941/1941 1940/1940/1940
f 1941/1941/1941 1942/1942/1942 1940/1940/1940
f 1944/1944/1944 1921/1921/1921 1943/1943/1943
f 1947/1947/1947 1946/1946/1946 1945/1945/1945
f 1946/1946/1946 1948/1948/1948 1945/1945/1945
f 1949/1949/1949 1946/1946/1946 1947/1947/1947
f 1950/1950/1950 1949/1949/1949 1947/1947/1947
f 1951/1951/1951 1949/1949/1949 1950/1950/1950
f 1952/1952/1952 1951/1951/1951 1950/1950/1950
f 1953/1953/1953 1951/1951/1951 1952/1952/1952
f 1954/1954/1954 1953/1953/1953 1952/1952/1952
f 1955/1955/1955 1948/1948/1948 1946/1946/1946
f 1951/1951/1951 1955/1955/1955 1949/1949/1949
f 1955/1955/1955 1946/1946/1946 1949/1949/1949
f 1956/1956/1956 1951/1951/1951 1953/1953/1953
f 1948/1948/1948 1956/1956/1956 1957/1957/1957
f 1948/1948/1948 1957/1957/1957 1958/1958/1958
f 1959/1959/1959 1948/1948/1948 1958/1958/1958
f 1961/1961/1961 1960/1960/1960 1737/1737/1737
f 1964/1964/1964 1963/1963/1963 1962/1962/1962
f 1967/1967/1967 1966/1966/1966 1965/1965/1965
f 1966/1966/1966 1968/1968/1968 1965/1965/1965
f 1969/1969/1969 1966/1966/1966 1967/1967/1967
f 1970/1970/1970 1968/1968/1968 1966/1966/1966
f 1971/1971/1971 1970/1970/1970 1966/1966/1966
f 1969/1969/1969 1972/1972/1972 1966/1966/1966
f 1972/1972/1972 1971/1971/1971 1966/1966/1966
f 1971/1971/1971 1973/1973/1973 1970/1970/1970
f 1972/1972/1972 1973/1973/1973 1971/1971/1971
f 1975/1975/1975 1969/1969/1969 1974/1974/1974
f 1978/1978/1978 1977/1977/1977 1976/1976/1976
f 1977/1977/1977 1979/1979/1979 1976/1976/1976
f 1976/1976/1976 1979/1979/1979 1980/1980/1980
f 1981/1981/1981 1976/1976/1976 1980/1980/1980
f 1981/1981/1981 1980/1980/1980 1982/1982/1982
f 1985/1985/1985 1984/1984/1984 1983/1983/1983
f 1984/1984/1984 1986/1986/1986 1983/1983/1983
f 1987/1987/1987 1984/1984/1984 1985/1985/1985
f 1988/1988/1988 1987/1987/1987 1985/1985/1985
f 1988/1988/1988 1989/1989/1989 1987/1987/1987
f 1989/1989/1989 1990/1990/1990 1987/1987/1987
f 1987/1987/1987 1990/1990/1990 1991/1991/1991
f 1991/1991/1991 1986/1986/1986 1984/1984/1984
f 1987/1987/1987 1991/1991/1991 1984/1984/1984
f 1992/1992/1992 1988/1988/1988 1985/1985/1985
f 1993/1993/1993 1992/1992/1992 1985/1985/1985
f 1993/1993/1993 1985/1985/1985 1983/1983/1983
f 1994/1994/1994 1993/1993/1993 1983/1983/1983
f 1992/1992/1992 1996/1996/1996 1995/1995/1995
f 1998/1998/1998 1997/1997/1997 1995/1995/1995
f 2001/2001/2001 2000/2000/2000 1999/1999/1999
f 2000/2000/2000 2002/2002/2002 1999/1999/1999
f 2003/2003/2003 2000/2000/2000 2001/2001/2001
f 2004/2004/2004 2003/2003/2003 2001/2001/2001
f 2005/2005/2005 2002/2002/2002 2000/2000/2000
f 2006/2006/2006 2005/2005/2005 2000/2000/2000
f 2003/2003/2003 2007/2007/2007 2000/2000/2000
f 2007/2007/2007 2006/2006/2006 2000/2000/2000
f 2007/2007/2007 2003/2003/2003 2008/2008/2008
f 2007/2007/2007 2008/2008/2008 2009/2009/2009
f 2003/2003/2003 2010/2010/2010 2008/2008/2008
f 2011/2011/2011 2010/2010/2010 2003/2003/2003
f 2006/2006/2006 2012/2012/2012 2005/2005/2005
f 2007/2007/2007 2012/2012/2012 2006/2006/2006
f 2013/2013/2013 2004/2004/2004 2001/2001/2001
f 2014/2014/2014 2013/2013/2013 2001/2001/2001
f 2014/2014/2014 2001/2001/2001 1999/1999/1999
f 2016/2016/2016 2015/2015/2015 2003/2003/2003
f 2019/2019/2019 2018/2018/2018 2017/2017/2017
f 2022/2022/2022 2021/2021/2021 2020/2020/2020
f 2021/2021/2021 2023/2023/2023 2020/2020/2020
f 2026/2026/2026 2025/2025/2025 2024/2024/2024
f 2026/2026/2026 2028/2028/2028 2027/2027/2027
f 2028/2028/2028 2029/2029/2029 2027/2027/2027
f 2028/2028/2028 2030/2030/2030 2029/2029/2029
f 2030/2030/2030 2031/2031/2031 2029/2029/2029
f 2031/2031/2031 2032/2032/2032 2029/2029/2029
f 2035/2035/2035 2034/2034/2034 2033/2033/2033
f 2038/2038/2038 2037/2037/2037 2036/2036/2036
f 2041/2041/2041 2040/2040/2040 2039/2039/2039
f 2044/2044/2044 2043/2043/2043 2042/2042/2042
f 2043/2043/2043 2045/2045/2045 2042/2042/2042
f 2043/2043/2043 2046/2046/2046 2045/2045/2045
f 2043/2043/2043 2044/2044/2044 2047/2047/2047
f 2044/2044/2044 2048/2048/2048 2047/2047/2047
f 2049/2049/2049 2047/2047/2047 2048/2048/2048
f 2050/2050/2050 2049/2049/2049 2048/2048/2048
f 2049/2049/2049 2051/2051/2051 2047/2047/2047
f 2051/2051/2051 2052/2052/2052 2047/2047/2047
f 2046/2046/2046 2043/2043/2043 2052/2052/2052
f 2043/2043/2043 2047/2047/2047 2052/2052/2052
f 2051/2051/2051 2053/2053/2053 2052/2052/2052
f 2046/2046/2046 2052/2052/2052 2053/2053/2053
f 2054/2054/2054 2046/2046/2046 2053/2053/2053
f 2051/2051/2051 2049/2049/2049 2055/2055/2055
f 2049/2049/2049 2056/2056/2056 2055/2055/2055
f 2053/2053/2053 2051/2051/2051 2057/2057/2057
f 2051/2051/2051 2055/2055/2055 2057/2057/2057
f 2056/2056/2056 2058/2058/2058 2055/2055/2055
f 2059/2059/2059 2058/2058/2058 2056/2056/2056
f 2058/2058/2058 2059/2059/2059 2060/2060/2060
f 2061/2061/2061 2058/2058/2058 2060/2060/2060
f 2058/2058/2058 2061/2061/2061 2062/2062/2062
f 2063/2063/2063 2058/2058/2058 2062/2062/2062
f 2058/2058/2058 2063/2063/2063 2055/2055/2055
f 2055/2055/2055 2063/2063/2063 2057/2057/2057
f 2063/2063/2063 2062/2062/2062 2064/2064/2064
f 2063/2063/2063 2064/2064/2064 2057/2057/2057
f 2060/2060/2060 2065/2065/2065 2061/2061/2061
f 2065/2065/2065 2066/2066/2066 2061/2061/2061
f 2061/2061/2061 2066/2066/2066 2062/2062/2062
f 2066/2066/2066 2067/2067/2067 2062/2062/2062
f 2062/2062/2062 2067/2067/2067 2064/2064/2064
f 2067/2067/2067 2068/2068/2068 2064/2064/2064
f 2069/2069/2069 2059/2059/2059 2056/2056/2056
f 2068/2068/2068 2070/2070/2070 2064/2064/2064
f 2070/2070/2070 2057/2057/2057 2064/2064/2064
f 2053/2053/2053 2057/2057/2057 2070/2070/2070
f 2054/2054/2054 2053/2053/2053 2070/2070/2070
f 2071/2071/2071 2059/2059/2059 2069/2069/2069
f 2072/2072/2072 2071/2071/2071 2069/2069/2069
f 2071/2071/2071 2074/2074/2074 2073/2073/2073
f 2074/2074/2074 2060/2060/2060 2073/2073/2073
f 2074/2074/2074 2076/2076/2076 2075/2075/2075
f 2078/2078/2078 2049/2049/2049 2077/2077/2077
f 2049/2049/2049 2050/2050/2050 2077/2077/2077
f 2078/2078/2078 2079/2079/2079 2049/2049/2049
f 2079/2079/2079 2056/2056/2056 2049/2049/2049
f 2080/2080/2080 2077/2077/2077 2050/2050/2050
f 2081/2081/2081 2080/2080/2080 2050/2050/2050
f 2081/2081/2081 2050/2050/2050 2048/2048/2048
f 2082/2082/2082 2081/2081/2081 2048/2048/2048
f 2082/2082/2082 2048/2048/2048 2044/2044/2044
f 2083/2083/2083 2082/2082/2082 2044/2044/2044
f 2083/2083/2083 2044/2044/2044 2042/2042/2042
f 2080/2080/2080 2084/2084/2084 2077/2077/2077
f 2086/2086/2086 2085/2085/2085 2056/2056/2056
f 2088/2088/2088 2087/2087/2087 2056/2056/2056
f 2091/2091/2091 2090/2090/2090 2089/2089/2089
f 2093/2093/2093 2092/2092/2092 2089/2089/2089
f 2096/2096/2096 2095/2095/2095 2094/2094/2094
f 2097/2097/2097 2095/2095/2095 2096/2096/2096
f 2097/2097/2097 2096/2096/2096 2098/2098/2098
f 2099/2099/2099 2097/2097/2097 2098/2098/2098
f 2100/2100/2100 2095/2095/2095 2097/2097/2097
f 2101/2101/2101 2100/2100/2100 2097/2097/2097
f 2101/2101/2101 2097/2097/2097 2099/2099/2099
f 2102/2102/2102 2101/2101/2101 2099/2099/2099
f 2103/2103/2103 2100/2100/2100 2101/2101/2101
f 2103/2103/2103 2101/2101/2101 2102/2102/2102
f 2104/2104/2104 2094/2094/2094 2095/2095/2095
f 2105/2105/2105 2104/2104/2104 2095/2095/2095
f 2107/2107/2107 2096/2096/2096 2106/2106/2106
f 2107/2107/2107 2106/2106/2106 2108/2108/2108
f 2109/2109/2109 2107/2107/2107 2108/2108/2108
f 2107/2107/2107 2110/2110/2110 2096/2096/2096
f 2110/2110/2110 2098/2098/2098 2111/2111/2111
f 2112/2112/2112 2107/2107/2107 2109/2109/2109
f 2113/2113/2113 2112/2112/2112 2109/2109/2109
f 2112/2112/2112 2114/2114/2114 2107/2107/2107
f 2114/2114/2114 2110/2110/2110 2107/2107/2107
f 2115/2115/2115 2112/2112/2112 2113/2113/2113
f 2116/2116/2116 2115/2115/2115 2113/2113/2113
f 2115/2115/2115 2117/2117/2117 2112/2112/2112
f 2117/2117/2117 2114/2114/2114 2112/2112/2112
f 2116/2116/2116 2118/2118/2118 2115/2115/2115
f 2115/2115/2115 2118/2118/2118 2117/2117/2117
f 2120/2120/2120 2109/2109/2109 2119/2119/2119
f 2109/2109/2109 2121/2121/2121 2119/2119/2119
f 2122/2122/2122 2109/2109/2109 2120/2120/2120
f 2123/2123/2123 2122/2122/2122 2120/2120/2120
f 2124/2124/2124 2122/2122/2122 2123/2123/2123
f 2125/2125/2125 2124/2124/2124 2123/2123/2123
f 2125/2125/2125 2126/2126/2126 2124/2124/2124
f 2129/2129/2129 2128/2128/2128 2127/2127/2127
f 2100/2100/2100 2131/2131/2131 2130/2130/2130
f 2131/2131/2131 2132/2132/2132 2130/2130/2130
f 2133/2133/2133 2131/2131/2131 2100/2100/2100
f 2136/2136/2136 2135/2135/2135 2134/2134/2134
f 2135/2135/2135 2138/2138/2138 2137/2137/2137
f 2141/2141/2141 2140/2140/2140 2139/2139/2139
f 2141/2141/2141 2139/2139/2139 2142/2142/2142
f 2141/2141/2141 2142/2142/2142 2143/2143/2143
f 2141/2141/2141 2144/2144/2144 2140/2140/2140
f 2141/2141/2141 2145/2145/2145 2144/2144/2144
f 2141/2141/2141 2143/2143/2143 2146/2146/2146
f 2141/2141/2141 2146/2146/2146 2147/2147/2147
f 2141/2141/2141 2147/2147/2147 2148/2148/2148
f 2141/2141/2141 2148/2148/2148 2149/2149/2149
f 2141/2141/2141 2149/2149/2149 2150/2150/2150
f 2141/2141/2141 2150/2150/2150 2151/2151/2151
f 2141/2141/2141 2151/2151/2151 2152/2152/2152
f 2141/2141/2141 2152/2152/2152 2153/2153/2153
f 2141/2141/2141 2153/2153/2153 2145/2145/2145
f 2153/2153/2153 2154/2154/2154 2145/2145/2145
f 2154/2154/2154 2155/2155/2155 2145/2145/2145
f 2152/2152/2152 2156/2156/2156 2153/2153/2153
f 2158/2158/2158 2157/2157/2157 2153/2153/2153
f 2161/2161/2161 2160/2160/2160 2159/2159/2159
f 2160/2160/2160 2163/2163/2163 2162/2162/2162
f 2160/2160/2160 2164/2164/2164 2163/2163/2163
f 2164/2164/2164 2165/2165/2165 2163/2163/2163
f 2164/2164/2164 2166/2166/2166 2165/2165/2165
f 2166/2166/2166 2167/2167/2167 2165/2165/2165
f 2167/2167/2167 2166/2166/2166 2168/2168/2168
f 2166/2166/2166 2169/2169/2169 2168/2168/2168
f 2162/2162/2162 2163/2163/2163 2170/2170/2170
f 2163/2163/2163 2171/2171/2171 2170/2170/2170
f 2163/2163/2163 2165/2165/2165 2171/2171/2171
f 2171/2171/2171 2172/2172/2172 2170/2170/2170
f 2165/2165/2165 2173/2173/2173 2171/2171/2171
f 2165/2165/2165 2167/2167/2167 2173/2173/2173
f 2173/2173/2173 2174/2174/2174 2171/2171/2171
f 2167/2167/2167 2175/2175/2175 2173/2173/2173
f 2175/2175/2175 2176/2176/2176 2173/2173/2173
f 2177/2177/2177 2176/2176/2176 2175/2175/2175
f 2178/2178/2178 2175/2175/2175 2167/2167/2167
f 2179/2179/2179 2178/2178/2178 2167/2167/2167
f 2182/2182/2182 2181/2181/2181 2180/2180/2180
f 2181/2181/2181 2183/2183/2183 2180/2180/2180
f 2183/2183/2183 2181/2181/2181 2184/2184/2184
f 2181/2181/2181 2185/2185/2185 2184/2184/2184
f 2180/2180/2180 2183/2183/2183 2186/2186/2186
f 2183/2183/2183 2187/2187/2187 2186/2186/2186
f 2187/2187/2187 2188/2188/2188 2186/2186/2186
f 2184/2184/2184 2189/2189/2189 2183/2183/2183
f 2189/2189/2189 2187/2187/2187 2183/2183/2183
f 2189/2189/2189 2190/2190/2190 2187/2187/2187
f 2185/2185/2185 2192/2192/2192 2191/2191/2191
f 2192/2192/2192 2193/2193/2193 2191/2191/2191
f 2193/2193/2193 2192/2192/2192 2194/2194/2194
f 2192/2192/2192 2195/2195/2195 2194/2194/2194
f 2191/2191/2191 2193/2193/2193 2196/2196/2196
f 2193/2193/2193 2197/2197/2197 2196/2196/2196
f 2193/2193/2193 2194/2194/2194 2197/2197/2197
f 2197/2197/2197 2198/2198/2198 2189/2189/2189
f 2194/2194/2194 2199/2199/2199 2197/2197/2197
f 2199/2199/2199 2200/2200/2200 2197/2197/2197
f 2203/2203/2203 2202/2202/2202 2201/2201/2201
f 2202/2202/2202 2204/2204/2204 2201/2201/2201
f 2202/2202/2202 2205/2205/2205 2204/2204/2204
f 2205/2205/2205 2206/2206/2206 2204/2204/2204
f 2205/2205/2205 2207/2207/2207 2206/2206/2206
f 2207/2207/2207 2208/2208/2208 2206/2206/2206
f 2208/2208/2208 2207/2207/2207 2209/2209/2209
f 2206/2206/2206 2210/2210/2210 2204/2204/2204
f 2206/2206/2206 2208/2208/2208 2210/2210/2210
f 2210/2210/2210 2211/2211/2211 2204/2204/2204
f 2210/2210/2210 2212/2212/2212 2211/2211/2211
f 2204/2204/2204 2211/2211/2211 2213/2213/2213
f 2208/2208/2208 2214/2214/2214 2210/2210/2210
f 2214/2214/2214 2215/2215/2215 2210/2210/2210
f 2211/2211/2211 2215/2215/2215 2216/2216/2216
f 2209/2209/2209 2217/2217/2217 2208/2208/2208
f 2218/2218/2218 2214/2214/2214 2208/2208/2208
f 2218/2218/2218 2219/2219/2219 2214/2214/2214
f 2207/2207/2207 2221/2221/2221 2220/2220/2220
f 2211/2211/2211 2223/2223/2223 2222/2222/2222
f 2226/2226/2226 2225/2225/2225 2224/2224/2224
f 2225/2225/2225 2227/2227/2227 2224/2224/2224
f 2225/2225/2225 2228/2228/2228 2227/2227/2227
f 2228/2228/2228 2229/2229/2229 2227/2227/2227
f 2226/2226/2226 2224/2224/2224 2230/2230/2230
f 2231/2231/2231 2226/2226/2226 2230/2230/2230
f 2231/2231/2231 2230/2230/2230 2232/2232/2232
f 2233/2233/2233 2231/2231/2231 2232/2232/2232
f 2233/2233/2233 2232/2232/2232 2234/2234/2234
f 2235/2235/2235 2233/2233/2233 2234/2234/2234
f 2238/2238/2238 2237/2237/2237 2236/2236/2236
f 2237/2237/2237 2239/2239/2239 2236/2236/2236
f 2236/2236/2236 2239/2239/2239 2240/2240/2240
f 2239/2239/2239 2241/2241/2241 2240/2240/2240
f 2242/2242/2242 2237/2237/2237 2238/2238/2238
f 2243/2243/2243 2242/2242/2242 2238/2238/2238
f 2244/2244/2244 2242/2242/2242 2243/2243/2243
f 2245/2245/2245 2244/2244/2244 2243/2243/2243
f 2246/2246/2246 2244/2244/2244 2245/2245/2245
f 2247/2247/2247 2246/2246/2246 2245/2245/2245
f 2250/2250/2250 2249/2249/2249 2248/2248/2248
f 2249/2249/2249 2251/2251/2251 2248/2248/2248
f 2252/2252/2252 2250/2250/2250 2248/2248/2248
f 2253/2253/2253 2252/2252/2252 2248/2248/2248
f 2254/2254/2254 2252/2252/2252 2253/2253/2253
f 2255/2255/2255 2254/2254/2254 2253/2253/2253
f 2252/2252/2252 2254/2254/2254 2256/2256/2256
f 2254/2254/2254 2257/2257/2257 2256/2256/2256
f 2254/2254/2254 2255/2255/2255 2257/2257/2257
f 2258/2258/2258 2252/2252/2252 2256/2256/2256
f 2259/2259/2259 2249/2249/2249 2258/2258/2258
f 2249/2249/2249 2259/2259/2259 2260/2260/2260
f 2261/2261/2261 2249/2249/2249 2260/2260/2260
f 2258/2258/2258 2262/2262/2262 2252/2252/2252
f 2249/2249/2249 2261/2261/2261 2263/2263/2263
f 2261/2261/2261 2264/2264/2264 2263/2263/2263
f 2265/2265/2265 2256/2256/2256 2257/2257/2257
f 2266/2266/2266 2265/2265/2265 2257/2257/2257
f 2266/2266/2266 2257/2257/2257 2267/2267/2267
f 2255/2255/2255 2267/2267/2267 2257/2257/2257
f 2266/2266/2266 2268/2268/2268 2265/2265/2265
f 2269/2269/2269 2268/2268/2268 2266/2266/2266
f 2269/2269/2269 2266/2266/2266 2270/2270/2270
f 2271/2271/2271 2259/2259/2259 2258/2258/2258
f 2272/2272/2272 2260/2260/2260 2259/2259/2259
f 2273/2273/2273 2272/2272/2272 2259/2259/2259
f 2274/2274/2274 2273/2273/2273 2258/2258/2258
f 2275/2275/2275 2265/2265/2265 2268/2268/2268
f 2276/2276/2276 2275/2275/2275 2268/2268/2268
f 2277/2277/2277 2275/2275/2275 2276/2276/2276
f 2278/2278/2278 2275/2275/2275 2277/2277/2277
f 2278/2278/2278 2279/2279/2279 2275/2275/2275
f 2279/2279/2279 2280/2280/2280 2275/2275/2275
f 2280/2280/2280 2265/2265/2265 2275/2275/2275
f 2280/2280/2280 2256/2256/2256 2265/2265/2265
f 2279/2279/2279 2281/2281/2281 2280/2280/2280
f 2281/2281/2281 2256/2256/2256 2280/2280/2280
f 2281/2281/2281 2282/2282/2282 2256/2256/2256
f 2282/2282/2282 2258/2258/2258 2256/2256/2256
f 2282/2282/2282 2274/2274/2274 2258/2258/2258
f 2284/2284/2284 2283/2283/2283 2258/2258/2258
f 2272/2272/2272 2285/2285/2285 2260/2260/2260
f 2285/2285/2285 2261/2261/2261 2260/2260/2260
f 2288/2288/2288 2287/2287/2287 2286/2286/2286
f 2286/2286/2286 2289/2289/2289 2288/2288/2288
f 2289/2289/2289 2290/2290/2290 2288/2288/2288
f 2288/2288/2288 2290/2290/2290 2291/2291/2291
f 2290/2290/2290 2292/2292/2292 2291/2291/2291
f 2291/2291/2291 2292/2292/2292 2293/2293/2293
f 2292/2292/2292 2294/2294/2294 2293/2293/2293
f 2295/2295/2295 2289/2289/2289 2286/2286/2286
f 2296/2296/2296 2295/2295/2295 2286/2286/2286
f 2291/2291/2291 2293/2293/2293 2297/2297/2297
f 2287/2287/2287 2288/2288/2288 2297/2297/2297
f 2288/2288/2288 2291/2291/2291 2297/2297/2297
f 2298/2298/2298 2297/2297/2297 2293/2293/2293
f 2299/2299/2299 2298/2298/2298 2293/2293/2293
f 2293/2293/2293 2300/2300/2300 2299/2299/2299
f 2300/2300/2300 2301/2301/2301 2299/2299/2299
f 2296/2296/2296 2302/2302/2302 2295/2295/2295
f 2302/2302/2302 2296/2296/2296 2303/2303/2303
f 2296/2296/2296 2286/2286/2286 2303/2303/2303
f 2286/2286/2286 2287/2287/2287 2303/2303/2303
f 2298/2298/2298 2304/2304/2304 2297/2297/2297
f 2297/2297/2297 2305/2305/2305 2287/2287/2287
f 2305/2305/2305 2306/2306/2306 2287/2287/2287
f 2307/2307/2307 2305/2305/2305 2297/2297/2297
f 2303/2303/2303 2287/2287/2287 2308/2308/2308
f 2309/2309/2309 2308/2308/2308 2287/2287/2287
f 2310/2310/2310 2309/2309/2309 2287/2287/2287
f 2309/2309/2309 2311/2311/2311 2308/2308/2308
f 2311/2311/2311 2312/2312/2312 2308/2308/2308
f 2303/2303/2303 2308/2308/2308 2312/2312/2312
f 2302/2302/2302 2303/2303/2303 2312/2312/2312
f 2302/2302/2302 2312/2312/2312 2313/2313/2313
f 2314/2314/2314 2313/2313/2313 2312/2312/2312
f 2311/2311/2311 2314/2314/2314 2312/2312/2312
f 2317/2317/2317 2316/2316/2316 2315/2315/2315
f 2315/2315/2315 2316/2316/2316 2318/2318/2318
f 2316/2316/2316 2319/2319/2319 2318/2318/2318
f 2321/2321/2321 2315/2315/2315 2320/2320/2320
f 2321/2321/2321 2320/2320/2320 2322/2322/2322
f 2320/2320/2320 2323/2323/2323 2322/2322/2322
f 2323/2323/2323 2324/2324/2324 2322/2322/2322
f 2322/2322/2322 2324/2324/2324 2325/2325/2325
f 2326/2326/2326 2322/2322/2322 2325/2325/2325
f 2328/2328/2328 2327/2327/2327 2326/2326/2326
f 2330/2330/2330 2315/2315/2315 2329/2329/2329
f 2332/2332/2332 2331/2331/2331 2323/2323/2323
f 2335/2335/2335 2334/2334/2334 2333/2333/2333
f 2333/2333/2333 2334/2334/2334 2336/2336/2336
f 2334/2334/2334 2337/2337/2337 2336/2336/2336
f 2333/2333/2333 2336/2336/2336 2338/2338/2338
f 2339/2339/2339 2333/2333/2333 2338/2338/2338
f 2340/2340/2340 2333/2333/2333 2339/2339/2339
f 2340/2340/2340 2339/2339/2339 2341/2341/2341
f 2339/2339/2339 2338/2338/2338 2341/2341/2341
f 2335/2335/2335 2341/2341/2341 2342/2342/2342
f 2342/2342/2342 2341/2341/2341 2343/2343/2343
f 2341/2341/2341 2344/2344/2344 2343/2343/2343
f 2338/2338/2338 2344/2344/2344 2341/2341/2341
f 2347/2347/2347 2346/2346/2346 2345/2345/2345
f 2349/2349/2349 2345/2345/2345 2348/2348/2348
f 2348/2348/2348 2351/2351/2351 2350/2350/2350
f 2353/2353/2353 2351/2351/2351 2352/2352/2352
f 2355/2355/2355 2354/2354/2354 2297/2297/2297
f 2358/2358/2358 2357/2357/2357 2356/2356/2356
f 2361/2361/2361 2360/2360/2360 2359/2359/2359
f 2363/2363/2363 2360/2360/2360 2362/2362/2362
f 2365/2365/2365 2364/2364/2364 2363/2363/2363
f 2368/2368/2368 2367/2367/2367 2366/2366/2366
f 2371/2371/2371 2370/2370/2370 2369/2369/2369
f 2373/2373/2373 2370/2370/2370 2372/2372/2372
f 2375/2375/2375 2374/2374/2374 2373/2373/2373
f 2378/2378/2378 2377/2377/2377 2376/2376/2376
f 2380/2380/2380 2376/2376/2376 2379/2379/2379
f 2379/2379/2379 2382/2382/2382 2381/2381/2381
f 2384/2384/2384 2382/2382/2382 2383/2383/2383
f 2387/2387/2387 2386/2386/2386 2385/2385/2385
f 2386/2386/2386 2388/2388/2388 2385/2385/2385
f 2388/2388/2388 2389/2389/2389 2385/2385/2385
f 2389/2389/2389 2390/2390/2390 2385/2385/2385
f 2389/2389/2389 2391/2391/2391 2390/2390/2390
f 2391/2391/2391 2392/2392/2392 2390/2390/2390
f 2391/2391/2391 2389/2389/2389 2393/2393/2393
f 2394/2394/2394 2391/2391/2391 2393/2393/2393
f 2392/2392/2392 2391/2391/2391 2394/2394/2394
f 2389/2389/2389 2395/2395/2395 2393/2393/2393
f 2386/2386/2386 2396/2396/2396 2395/2395/2395
f 2396/2396/2396 2386/2386/2386 2397/2397/2397
f 2386/2386/2386 2398/2398/2398 2397/2397/2397
f 2399/2399/2399 2395/2395/2395 2389/2389/2389
f 2398/2398/2398 2386/2386/2386 2400/2400/2400
f 2401/2401/2401 2398/2398/2398 2400/2400/2400
f 2393/2393/2393 2402/2402/2402 2394/2394/2394
f 2402/2402/2402 2403/2403/2403 2394/2394/2394
f 2394/2394/2394 2403/2403/2403 2404/2404/2404
f 2404/2404/2404 2392/2392/2392 2394/2394/2394
f 2405/2405/2405 2403/2403/2403 2402/2402/2402
f 2405/2405/2405 2406/2406/2406 2403/2403/2403
f 2403/2403/2403 2406/2406/2406 2407/2407/2407
f 2396/2396/2396 2408/2408/2408 2395/2395/2395
f 2397/2397/2397 2409/2409/2409 2396/2396/2396
f 2409/2409/2409 2410/2410/2410 2396/2396/2396
f 2410/2410/2410 2411/2411/2411 2395/2395/2395
f 2402/2402/2402 2412/2412/2412 2405/2405/2405
f 2412/2412/2412 2413/2413/2413 2405/2405/2405
f 2412/2412/2412 2414/2414/2414 2413/2413/2413
f 2412/2412/2412 2415/2415/2415 2414/2414/2414
f 2416/2416/2416 2415/2415/2415 2412/2412/2412
f 2417/2417/2417 2416/2416/2416 2412/2412/2412
f 2402/2402/2402 2417/2417/2417 2412/2412/2412
f 2393/2393/2393 2417/2417/2417 2402/2402/2402
f 2393/2393/2393 2418/2418/2418 2417/2417/2417
f 2418/2418/2418 2416/2416/2416 2417/2417/2417
f 2419/2419/2419 2418/2418/2418 2393/2393/2393
f 2395/2395/2395 2419/2419/2419 2393/2393/2393
f 2411/2411/2411 2419/2419/2419 2395/2395/2395
f 2421/2421/2421 2420/2420/2420 2395/2395/2395
f 2422/2422/2422 2409/2409/2409 2397/2397/2397
f 2398/2398/2398 2422/2422/2422 2397/2397/2397
f 2425/2425/2425 2424/2424/2424 2423/2423/2423
f 2426/2426/2426 2423/2423/2423 2424/2424/2424
f 2427/2427/2427 2426/2426/2426 2424/2424/2424
f 2427/2427/2427 2424/2424/2424 2428/2428/2428
f 2429/2429/2429 2427/2427/2427 2428/2428/2428
f 2429/2429/2429 2428/2428/2428 2430/2430/2430
f 2431/2431/2431 2429/2429/2429 2430/2430/2430
f 2426/2426/2426 2432/2432/2432 2423/2423/2423
f 2432/2432/2432 2433/2433/2433 2423/2423/2423
f 2430/2430/2430 2428/2428/2428 2434/2434/2434
f 2428/2428/2428 2424/2424/2424 2434/2434/2434
f 2424/2424/2424 2425/2425/2425 2434/2434/2434
f 2434/2434/2434 2435/2435/2435 2430/2430/2430
f 2435/2435/2435 2436/2436/2436 2430/2430/2430
f 2437/2437/2437 2430/2430/2430 2436/2436/2436
f 2438/2438/2438 2437/2437/2437 2436/2436/2436
f 2439/2439/2439 2433/2433/2433 2432/2432/2432
f 2433/2433/2433 2439/2439/2439 2440/2440/2440
f 2425/2425/2425 2423/2423/2423 2440/2440/2440
f 2423/2423/2423 2433/2433/2433 2440/2440/2440
f 2441/2441/2441 2435/2435/2435 2434/2434/2434
f 2442/2442/2442 2434/2434/2434 2425/2425/2425
f 2443/2443/2443 2442/2442/2442 2425/2425/2425
f 2442/2442/2442 2444/2444/2444 2434/2434/2434
f 2425/2425/2425 2440/2440/2440 2445/2445/2445
f 2445/2445/2445 2446/2446/2446 2425/2425/2425
f 2446/2446/2446 2447/2447/2447 2425/2425/2425
f 2448/2448/2448 2446/2446/2446 2445/2445/2445
f 2449/2449/2449 2448/2448/2448 2445/2445/2445
f 2445/2445/2445 2440/2440/2440 2449/2449/2449
f 2440/2440/2440 2439/2439/2439 2449/2449/2449
f 2449/2449/2449 2439/2439/2439 2450/2450/2450
f 2450/2450/2450 2451/2451/2451 2449/2449/2449
f 2451/2451/2451 2448/2448/2448 2449/2449/2449
f 2454/2454/2454 2453/2453/2453 2452/2452/2452
f 2454/2454/2454 2452/2452/2452 2455/2455/2455
f 2456/2456/2456 2454/2454/2454 2455/2455/2455
f 2452/2452/2452 2458/2458/2458 2457/2457/2457
f 2457/2457/2457 2458/2458/2458 2459/2459/2459
f 2460/2460/2460 2457/2457/2457 2459/2459/2459
f 2461/2461/2461 2460/2460/2460 2459/2459/2459
f 2461/2461/2461 2459/2459/2459 2462/2462/2462
f 2459/2459/2459 2463/2463/2463 2462/2462/2462
f 2465/2465/2465 2464/2464/2464 2463/2463/2463
f 2467/2467/2467 2466/2466/2466 2460/2460/2460
f 2466/2466/2466 2469/2469/2469 2468/2468/2468
f 2472/2472/2472 2471/2471/2471 2470/2470/2470
f 2472/2472/2472 2470/2470/2470 2473/2473/2473
f 2474/2474/2474 2472/2472/2472 2473/2473/2473
f 2473/2473/2473 2470/2470/2470 2475/2475/2475
f 2470/2470/2470 2476/2476/2476 2475/2475/2475
f 2470/2470/2470 2477/2477/2477 2476/2476/2476
f 2476/2476/2476 2477/2477/2477 2478/2478/2478
f 2475/2475/2475 2476/2476/2476 2478/2478/2478
f 2478/2478/2478 2471/2471/2471 2479/2479/2479
f 2478/2478/2478 2479/2479/2479 2480/2480/2480
f 2481/2481/2481 2478/2478/2478 2480/2480/2480
f 2481/2481/2481 2475/2475/2475 2478/2478/2478
f 2484/2484/2484 2483/2483/2483 2482/2482/2482
f 2482/2482/2482 2486/2486/2486 2485/2485/2485
f 2488/2488/2488 2485/2485/2485 2487/2487/2487
f 2488/2488/2488 2490/2490/2490 2489/2489/2489
f 2492/2492/2492 2491/2491/2491 2434/2434/2434
f 2495/2495/2495 2494/2494/2494 2493/2493/2493
f 2498/2498/2498 2497/2497/2497 2496/2496/2496
f 2498/2498/2498 2500/2500/2500 2499/2499/2499
f 2502/2502/2502 2501/2501/2501 2500/2500/2500
f 2505/2505/2505 2504/2504/2504 2503/2503/2503
f 2508/2508/2508 2507/2507/2507 2506/2506/2506
f 2508/2508/2508 2510/2510/2510 2509/2509/2509
f 2512/2512/2512 2511/2511/2511 2510/2510/2510
f 2515/2515/2515 2514/2514/2514 2513/2513/2513
f 2513/2513/2513 2517/2517/2517 2516/2516/2516
f 2519/2519/2519 2516/2516/2516 2518/2518/2518
f 2519/2519/2519 2521/2521/2521 2520/2520/2520
