g Wildhog_02
v -0.293249428 0.497798145 0.651797116
v -0.336025834 0.477423459 0.8283059
v -0.297948569 0.452692181 0.646588802
v -0.339820296 0.524474561 0.821803868
v -0.174639508 0.510508299 0.552800119
v -0.195048496 0.434280813 0.53523314
v -0.298873872 0.492315322 0.999201477
v -0.293604016 0.564227343 0.993421674
v -0.120138928 0.431964993 0.505941272
v -0.104994245 0.570495963 0.545457721
v -0 0.561745644 0.537757456
v -0 0.413329393 0.486036628
v -0.0652505606 0.728249431 0.551417589
v -0.148696005 0.629206479 0.465945572
v -0.106551178 0.74816066 0.487019986
v -0.183972389 0.586764574 0.462535381
v -0.174639508 0.510508299 0.552800119
v -0.170905039 0.666211545 0.408538014
v -0.233414605 0.65888685 0.402206987
v -0.251257092 0.585660338 0.459681779
v -0.122046173 0.794182241 0.429183841
v -0 0.721801639 0.56752938
v -0.269019872 0.525958836 0.54918772
v -0.332564235 0.568437517 0.554273844
v -0.305556238 0.622930527 0.470286995
v -0.320046037 0.717567027 0.567371607
v -0.337544441 0.702263951 0.694525659
v -0.346315444 0.539855778 0.668076873
v -0.327878028 0.71161741 0.837084174
v -0.242808282 0.844177306 0.578631818
v -0.299962997 0.754857004 0.488246858
v -0.237205923 0.847828984 0.502729237
v -0.28194657 0.687833905 0.411226809
v -0.284442067 0.79376632 0.431933731
v -0.260859221 0.86315757 0.709849477
v -0.248240769 0.875119925 0.819292963
v -0.280089915 0.73031944 0.972527444
v -0.205354035 0.879449844 0.923996329
v -0.223751649 0.876285076 0.444209576
v -0.286338001 0.816455185 0.37545833
v -0.220822483 0.923079371 0.382097423
v -0.282700121 0.821695387 0.318308204
v -0.220305607 0.916833341 0.315568954
v -0.234220639 0.873973966 0.238405943
v -0.264721185 0.807227314 0.25221771
v -0.276250273 0.718907893 0.315028638
v -0.268743783 0.714606285 0.259136856
v -0.234053448 0.68551904 0.308910042
v -0.231840506 0.685148358 0.260520101
v -0.280131608 0.712002754 0.365256459
v -0.231828719 0.677119732 0.35858199
v -0.164948881 0.891454458 0.448023468
v -0.167943984 0.863743901 0.509832561
v -0.124955125 0.872018158 0.443270326
v -0.118198141 0.840528548 0.504819453
v -0.159280509 0.884788036 0.591365039
v -0.068392016 0.865240216 0.605019689
v -0.160405189 0.934269071 0.715842068
v -0.0637794882 0.92845273 0.723034143
v -0.152212068 0.949917138 0.804466128
v -0.0663773939 0.94860816 0.80259037
v -0 0.936228335 0.806222618
v -0 0.916470528 0.725934446
v -0.122046173 0.794182241 0.429183841
v -0.119853847 0.914762795 0.38060385
v -0.162923142 0.928602397 0.382801622
v -0.125767201 0.912285984 0.316660166
v -0.166520134 0.928673148 0.316244811
v -0.148338437 0.868866861 0.238647118
v -0.185086653 0.884800613 0.236049458
v -0.122480802 0.822049677 0.318000734
v -0.148731261 0.807802081 0.253393024
v -0.115937509 0.816876829 0.374040782
v -0.156588599 0.833972931 0.158552736
v -0.192718461 0.853800416 0.151205719
v -0.145953283 0.827229679 0.0925519913
v -0.138708323 0.74486798 0.123708256
v -0.152872086 0.771394968 0.184892952
v -0.16311045 0.807275355 0.0599717014
v -0.161423847 0.724285245 0.0846019834
v -0.167178914 0.791651189 0.000438906252
v -0.161806136 0.687388539 0.000450888125
v -0.195747405 0.85643667 0.082023263
v -0.248289451 0.839886427 0.156945407
v -0.272468776 0.839271903 0.0939801261
v -0.290609241 0.774700224 0.183565408
v -0.316931009 0.750022769 0.121902674
v -0.280623674 0.691804588 0.205432117
v -0.305072695 0.654639959 0.141791299
v -0.206424773 0.828728318 0.0504905172
v -0.266900361 0.809959829 0.0590153411
v -0.319445372 0.731440663 0.0809276477
v -0.306252003 0.648347318 0.103165805
v -0.213165119 0.812526166 0.000442536169
v -0.273234069 0.794818103 0.000442103803
v -0.273234069 0.794818103 0.000442103803
v -0.332450092 0.701033771 0.000453377696
v -0.340696394 0.560988247 0.000460906129
v -0.253272891 0.618282557 0.152831256
v -0.240004539 0.666281581 0.211788356
v -0.185805187 0.625338554 0.149279729
v -0.194380641 0.678318977 0.207882911
v -0.138708323 0.74486798 0.123708256
v -0.152872086 0.771394968 0.184892952
v -0.161423847 0.724285245 0.0846019834
v -0.202787623 0.624331713 0.110900044
v -0.263378203 0.610303342 0.115264624
v -0.161806136 0.687388539 0.000450888125
v -0.214129582 0.528144002 0.000479385606
v -0.2852467 0.520796776 0.000478587695
v -0.214129582 0.528144002 0.000479385606
v -0.189816982 0.698935509 0.258685172
v -0.148731261 0.807802081 0.253393024
v -0.176247001 0.698633432 0.311363816
v -0.122480802 0.822049677 0.318000734
v -0.168564066 0.691130996 0.360850722
v -0.115937509 0.816876829 0.374040782
v -0.122046173 0.794182241 0.429183841
v -0.403711855 0.0158419851 0.836237371
v -0.458175302 -0.14158991 0.680800915
v -0.418067664 0.000175810608 0.652714014
v -0.437993497 -0.135040998 0.908992589
v -0.36096397 0.0393736139 1.03678548
v -0.394105911 -0.119496219 1.09537232
v -0.339573592 0.0608204193 0.608100235
v -0.408344179 -0.268485874 0.88643688
v -0.409571856 -0.285042882 0.66323036
v -0.414118707 -0.142823711 0.512174308
v -0.380836248 -0.281169683 0.508080542
v -0.340954125 -0.351510882 0.661113203
v -0.314101398 -0.3426705 0.586074412
v -0.385239035 -0.017259635 0.499603868
v -0.362551451 -0.142014623 0.388749301
v -0.330032408 -0.0435949713 0.366599917
v -0.335917801 -0.248119965 0.39988479
v -0.314617097 -0.258650243 0.334577769
v -0.350556314 -0.151302725 0.302765697
v -0.289863259 -0.321887672 0.49124518
v -0.251704007 -0.273771107 0.402333587
v -0.29530111 -0.248166531 0.264591664
v -0.330601484 -0.160824716 0.224688187
v -0.306478649 -0.0465981141 0.27828446
v -0.261110306 -0.0139089674 0.357524306
v -0.244488865 -0.0220590942 0.268253058
v -0.251931161 -0.0551851802 0.204703763
v -0.310126454 -0.0767078847 0.208843023
v -0.194868222 -0.039133627 0.367983758
v -0.222469941 0.0489733256 0.468115717
v -0.313299835 0.0582144186 0.472596854
v -0.182123899 -0.043174576 0.281526983
v -0.146002874 -0.130933121 0.371103972
v -0.14291732 -0.142908841 0.305528551
v -0.132174149 -0.137431145 0.427548289
v -0.222469941 0.0489733256 0.468115717
v -0.145079404 -0.152135774 0.231616646
v -0.186742932 -0.0695106462 0.208564922
v -0.339573592 0.0608204193 0.608100235
v -0.243308514 -0.0590110719 0.105418459
v -0.165155992 -0.0828396231 0.116438456
v -0.235253498 -0.104207024 0.0739998147
v -0.319045961 -0.0882144421 0.114863597
v -0.307984889 -0.132044822 0.0836363882
v -0.332357258 -0.182312429 0.155286223
v -0.319662243 -0.208648741 0.121056095
v -0.29042834 -0.274334908 0.155899048
v -0.299454391 -0.273405373 0.196037829
v -0.307578176 -0.133715093 0.0437667295
v -0.227409735 -0.116340533 0.0411298946
v -0.328205794 -0.229593799 0.0754362345
v -0.291730493 -0.31938687 0.115165383
v -0.301241726 -0.149216801 0.000447018596
v -0.223133251 -0.124810942 0.000445561775
v -0.319288492 -0.267185897 0.000456037873
v -0.275154978 -0.389725268 0.000451792032
v -0.213816062 -0.288642019 0.204580367
v -0.212415829 -0.296242982 0.167947486
v -0.143030137 -0.26774323 0.157591462
v -0.132640123 -0.269177049 0.199754372
v -0.124696024 -0.171985254 0.154923156
v -0.131859198 -0.198603556 0.121553525
v -0.114034534 -0.218887299 0.0759431794
v -0.132889256 -0.313790828 0.114999168
v -0.209870473 -0.321190268 0.120296441
v -0.106729098 -0.25301674 0.000456787733
v -0.118391737 -0.381875843 0.000453412416
v -0.196027279 -0.396166384 0.0004537848
v -0.275154978 -0.389725268 0.000451792032
v -0.145079404 -0.152135774 0.231616646
v -0.15692386 -0.241331339 0.266056806
v -0.14291732 -0.142908841 0.305528551
v -0.156967357 -0.247563183 0.335294187
v -0.219873935 -0.264199764 0.271977097
v -0.226343095 -0.279324025 0.343585908
v -0.177810878 -0.238251641 0.399910003
v -0.146002874 -0.130933121 0.371103972
v -0.201102957 -0.31168139 0.493316799
v -0.132174149 -0.137431145 0.427548289
v -0.146002874 -0.130933121 0.371103972
v -0.199721679 -0.352777123 0.518838525
v -0.201102957 -0.31168139 0.493316799
v -0.208565325 -0.451500297 0.552909911
v -0.33605513 -0.426160187 0.671381116
v -0.373639971 -0.37555331 0.888748765
v -0.328247666 -0.380066127 1.06111991
v -0.366122544 -0.267884731 1.09751117
v -0.23993209 -0.403094143 1.15103698
v -0.275969654 -0.287201107 1.22549772
v -0.299370289 -0.111159533 1.22600782
v -0.284401238 0.0671566352 1.16488063
v -0.165356666 0.0810206011 1.23966062
v -0.185587302 -0.0935721174 1.31232262
v -0.166973621 0.211078569 1.18592691
v -0.0644275025 0.095139578 1.26581717
v -0.0648032874 0.218989328 1.21743548
v -0 0.225544214 1.23816311
v -0 0.0967748016 1.28939056
v -0.280689418 0.196474642 1.12692463
v -0.359374166 0.173605651 1.00769138
v -0.401410699 0.155425951 0.82545203
v -0.339573592 0.0608204193 0.608100235
v -0.343186498 0.152826771 0.605870247
v -0.235046074 0.14056997 0.469063818
v -0.222469941 0.0489733256 0.468115717
v -0.146716043 0.0798078179 0.420684814
v -0.153932676 0.137472704 0.4237881
v -0.140184343 0.0320443921 0.440247178
v -0.067469731 0.0317496844 0.420513004
v -0.225911617 0.279661417 0.489471793
v -0.332221031 0.304392278 0.617967963
v -0.381413132 0.331918657 0.82371223
v -0.33517161 0.351350844 0.999718308
v -0.255777955 0.36258468 1.1196785
v -0.23620902 0.495393097 1.13256073
v -0.159555182 0.364161879 1.18564403
v -0.149349943 0.495346338 1.20556855
v -0.234989807 0.606432319 1.12227964
v -0.138398752 0.633031487 1.1886797
v -0.0620096289 0.495565861 1.23217213
v -0.0599105358 0.642135501 1.20937932
v -0.204920232 0.74687469 1.0747546
v -0.13364625 0.763713062 1.12133527
v -0.12997213 0.867042661 1.02145696
v -0.0560985133 0.773606539 1.13381493
v -0 0.645148635 1.21663833
v -0 0.777426541 1.1399709
v -0.0546480753 0.889028549 1.02595615
v -0.0960929766 0.922261477 0.961523354
v -0.0588077828 0.927606106 0.931078017
v -0.130900919 0.949317098 0.884079695
v -0.0667911097 0.937814236 0.871083677
v -0 0.930514991 0.871562839
v -0.293249428 0.497798145 0.651797116
v -0.174639508 0.510508299 0.552800119
v -0.0923744813 -0.131652743 0.448284298
v -0.067469731 0.0317496844 0.420513004
v -0.132174149 -0.137431145 0.427548289
v -0 -0.111148708 0.428816468
v -0.067469731 0.0317496844 0.420513004
v -0.132174149 -0.137431145 0.427548289
v -0.222469941 0.0489733256 0.468115717
v -0 -0.111148708 0.428816468
v -0 -0.0311378706 0.412441015
v 0.067469731 0.0317496844 0.420513004
v -0 -0.0311378706 0.412441015
v 0.0923744813 -0.131652743 0.448284298
v 0.140184343 0.0320443921 0.440247178
v 0.132174149 -0.137431145 0.427548289
v 0.067469731 0.0317496844 0.420513004
v -0 -0.111148708 0.428816468
v 0.146716043 0.0798078179 0.420684814
v 0.067469731 0.0317496844 0.420513004
v 0.222469941 0.0489733256 0.468115717
v 0.235046074 0.14056997 0.469063818
v 0.153932676 0.137472704 0.4237881
v 0.339573592 0.0608204193 0.608100235
v 0.343186498 0.152826771 0.605870247
v 0.401410699 0.155425951 0.82545203
v 0.403711855 0.0158419851 0.836237371
v 0.359374166 0.173605651 1.00769138
v 0.36096397 0.0393736139 1.03678548
v 0.437993497 -0.135040998 0.908992589
v 0.458175302 -0.14158991 0.680800915
v 0.418067664 0.000175810608 0.652714014
v 0.394105911 -0.119496219 1.09537232
v 0.339573592 0.0608204193 0.608100235
v 0.408344179 -0.268485874 0.88643688
v 0.409571856 -0.285042882 0.66323036
v 0.414118707 -0.142823711 0.512174308
v 0.380836248 -0.281169683 0.508080542
v 0.340954125 -0.351510882 0.661113203
v 0.314101398 -0.3426705 0.586074412
v 0.385239035 -0.017259635 0.499603868
v 0.362551451 -0.142014623 0.388749301
v 0.330032408 -0.0435949713 0.366599917
v 0.335917801 -0.248119965 0.39988479
v 0.314617097 -0.258650243 0.334577769
v 0.350556314 -0.151302725 0.302765697
v 0.289863259 -0.321887672 0.49124518
v 0.251704007 -0.273771107 0.402333587
v 0.29530111 -0.248166531 0.264591664
v 0.330601484 -0.160824716 0.224688187
v 0.306478649 -0.0465981141 0.27828446
v 0.261110306 -0.0139089674 0.357524306
v 0.244488865 -0.0220590942 0.268253058
v 0.251931161 -0.0551851802 0.204703763
v 0.310126454 -0.0767078847 0.208843023
v 0.194868222 -0.039133627 0.367983758
v 0.222469941 0.0489733256 0.468115717
v 0.313299835 0.0582144186 0.472596854
v 0.182123899 -0.043174576 0.281526983
v 0.146002874 -0.130933121 0.371103972
v 0.14291732 -0.142908841 0.305528551
v 0.132174149 -0.137431145 0.427548289
v 0.222469941 0.0489733256 0.468115717
v 0.145079404 -0.152135774 0.231616646
v 0.186742932 -0.0695106462 0.208564922
v 0.339573592 0.0608204193 0.608100235
v 0.243308514 -0.0590110719 0.105418459
v 0.165155992 -0.0828396231 0.116438456
v 0.235253498 -0.104207024 0.0739998147
v 0.319045961 -0.0882144421 0.114863597
v 0.307984889 -0.132044822 0.0836363882
v 0.332357258 -0.182312429 0.155286223
v 0.319662243 -0.208648741 0.121056095
v 0.29042834 -0.274334908 0.155899048
v 0.299454391 -0.273405373 0.196037829
v 0.307578176 -0.133715093 0.0437667295
v 0.227409735 -0.116340533 0.0411298946
v 0.328205794 -0.229593799 0.0754362345
v 0.291730493 -0.31938687 0.115165383
v 0.301241726 -0.149216801 0.000447018596
v 0.223133251 -0.124810942 0.000445561775
v 0.319288492 -0.267185897 0.000456037873
v 0.275154978 -0.389725268 0.000451792032
v 0.213816062 -0.288642019 0.204580367
v 0.212415829 -0.296242982 0.167947486
v 0.143030137 -0.26774323 0.157591462
v 0.132640123 -0.269177049 0.199754372
v 0.124696024 -0.171985254 0.154923156
v 0.131859198 -0.198603556 0.121553525
v 0.114034534 -0.218887299 0.0759431794
v 0.132889256 -0.313790828 0.114999168
v 0.209870473 -0.321190268 0.120296441
v 0.106729098 -0.25301674 0.000456787733
v 0.118391737 -0.381875843 0.000453412416
v 0.196027279 -0.396166384 0.0004537848
v 0.275154978 -0.389725268 0.000451792032
v 0.145079404 -0.152135774 0.231616646
v 0.15692386 -0.241331339 0.266056806
v 0.14291732 -0.142908841 0.305528551
v 0.156967357 -0.247563183 0.335294187
v 0.219873935 -0.264199764 0.271977097
v 0.226343095 -0.279324025 0.343585908
v 0.177810878 -0.238251641 0.399910003
v 0.146002874 -0.130933121 0.371103972
v 0.201102957 -0.31168139 0.493316799
v 0.132174149 -0.137431145 0.427548289
v 0.146002874 -0.130933121 0.371103972
v 0.199721679 -0.352777123 0.518838525
v 0.208565325 -0.451500297 0.552909911
v 0.336055189 -0.426160187 0.671381116
v 0.373640001 -0.37555331 0.888748765
v 0.328247666 -0.380066127 1.06111991
v 0.366122544 -0.267884731 1.09751117
v 0.23993209 -0.403094143 1.15103698
v 0.275969654 -0.287201107 1.22549772
v 0.299370289 -0.111159533 1.22600782
v 0.284401238 0.0671566352 1.16488063
v 0.165356666 0.0810206011 1.23966062
v 0.185587302 -0.0935721174 1.31232262
v 0.166973621 0.211078569 1.18592691
v 0.0644275025 0.095139578 1.26581717
v 0.0648032874 0.218989328 1.21743548
v -0 0.225544214 1.23816311
v -0 0.0967748016 1.28939056
v 0.280689418 0.196474642 1.12692463
v 0.33517161 0.351350844 0.999718308
v 0.255777955 0.36258468 1.1196785
v 0.298873872 0.492315322 0.999201477
v 0.23620902 0.495393097 1.13256073
v 0.159555182 0.364161879 1.18564403
v 0.149349943 0.495346338 1.20556855
v 0.234989807 0.606432319 1.12227964
v 0.138398752 0.633031487 1.1886797
v 0.0620096289 0.495565861 1.23217213
v 0.0599105358 0.642135501 1.20937932
v 0.204920232 0.74687469 1.0747546
v 0.280089915 0.73031944 0.972527444
v 0.293604016 0.564227343 0.993421674
v 0.339820296 0.524474561 0.821803868
v 0.336025834 0.477423459 0.8283059
v 0.293249428 0.497798145 0.651797116
v 0.297948569 0.452692181 0.646588802
v 0.174639508 0.510508299 0.552800119
v 0.195048496 0.434280813 0.53523314
v 0.13364625 0.763713062 1.12133527
v 0.12997213 0.867042661 1.02145696
v 0.0560985133 0.773606539 1.13381493
v -0 0.645148635 1.21663833
v -0 0.777426541 1.1399709
v 0.0546480753 0.889028549 1.02595615
v 0.0960929766 0.922261477 0.961523354
v 0.0588077828 0.927606106 0.931078017
v 0.130900919 0.949317098 0.884079695
v 0.0667911097 0.937814236 0.871083677
v 0.205354035 0.879449844 0.923996329
v 0.120138928 0.431964993 0.505941272
v 0.104994245 0.570495963 0.545457721
v -0 0.561745644 0.537757456
v -0 0.413329393 0.486036628
v 0.0652505606 0.728249431 0.551417589
v 0.148696005 0.629206479 0.465945572
v 0.106551178 0.74816066 0.487019986
v 0.183972389 0.586764574 0.462535381
v 0.174639508 0.510508299 0.552800119
v 0.170905039 0.666211545 0.408538014
v 0.233414605 0.65888685 0.402206987
v 0.251257092 0.585660338 0.459681779
v 0.122046173 0.794182241 0.429183841
v -0 0.721801639 0.56752938
v 0.269019872 0.525958836 0.54918772
v 0.332564235 0.568437517 0.554273844
v 0.305556238 0.622930527 0.470286995
v 0.320046037 0.717567027 0.567371607
v 0.337544441 0.702263951 0.694525659
v 0.346315444 0.539855778 0.668076873
v 0.327878028 0.71161741 0.837084174
v 0.242808282 0.844177306 0.578631818
v 0.299962997 0.754857004 0.488246858
v 0.237205923 0.847828984 0.502729237
v 0.28194657 0.687833905 0.411226809
v 0.284442067 0.79376632 0.431933731
v 0.260859221 0.86315757 0.709849477
v 0.248240769 0.875119925 0.819292963
v 0.223751649 0.876285076 0.444209576
v 0.286338001 0.816455185 0.37545833
v 0.220822483 0.923079371 0.382097423
v 0.282700121 0.821695387 0.318308204
v 0.220305607 0.916833341 0.315568954
v 0.234220639 0.873973966 0.238405943
v 0.264721185 0.807227314 0.25221771
v 0.276250273 0.718907893 0.315028638
v 0.268743783 0.714606285 0.259136856
v 0.234053448 0.68551904 0.308910042
v 0.231840506 0.685148358 0.260520101
v 0.280131608 0.712002754 0.365256459
v 0.231828719 0.677119732 0.35858199
v 0.164948881 0.891454458 0.448023468
v 0.162923142 0.928602397 0.382801622
v 0.119853847 0.914762795 0.38060385
v 0.125767201 0.912285984 0.316660166
v 0.166520134 0.928673148 0.316244811
v 0.148338437 0.868866861 0.238647118
v 0.185086653 0.884800613 0.236049458
v 0.122480802 0.822049677 0.318000734
v 0.148731261 0.807802081 0.253393024
v 0.115937509 0.816876829 0.374040782
v 0.124955125 0.872018158 0.443270326
v 0.167943984 0.863743901 0.509832561
v 0.118198141 0.840528548 0.504819453
v 0.159280509 0.884788036 0.591365039
v 0.068392016 0.865240216 0.605019689
v 0.160405189 0.934269071 0.715842068
v 0.0637794882 0.92845273 0.723034143
v 0.152212068 0.949917138 0.804466128
v 0.0663773939 0.94860816 0.80259037
v -0 0.936228335 0.806222618
v -0 0.916470528 0.725934446
v 0.122046173 0.794182241 0.429183841
v 0.0652505606 0.728249431 0.551417589
v -0 0.930514991 0.871562839
v 0.106551178 0.74816066 0.487019986
v 0.122046173 0.794182241 0.429183841
v 0.293249428 0.497798145 0.651797116
v 0.174639508 0.510508299 0.552800119
v -0.332450092 0.701033771 0.000453377696
v -0.214129582 0.528144002 0.000479385606
v -0.161806136 0.687388539 0.000450888125
v -0.340696394 0.560988247 0.000460906129
v -0.2852467 0.520796776 0.000478587695
v -0.273234069 0.794818103 0.000442103803
v -0.167178914 0.791651189 0.000438906252
v -0.213165119 0.812526166 0.000442536169
v -0.122046173 0.794182241 0.429183841
v -0.106551178 0.74816066 0.487019986
v -0.0652505606 0.728249431 0.551417589
v -0 0.852748454 0.628390789
v -0 0.721801639 0.56752938
v -0 0.852748454 0.628390789
v -0 0.852748454 0.628390789
v -0.147687331 -0.305628598 0.500921905
v -0.201102957 -0.31168139 0.493316799
v -0.132174149 -0.137431145 0.427548289
v -0.0956247672 -0.257158875 0.477291107
v -0.0923744813 -0.131652743 0.448284298
v -0.0497138239 -0.204220235 0.458716661
v -0 -0.111148708 0.428816468
v -0.158322975 -0.415169299 0.524557769
v -0.297073096 -0.494727999 0.692047656
v -0.18290779 -0.513779283 0.609453797
v -0.319144785 -0.458569705 0.859705925
v -0.291603863 -0.466498137 0.948332369
v -0.269747406 -0.492516458 0.985249758
v -0.261693507 -0.52865088 1.13662469
v -0.307068288 -0.552968979 1.03753591
v -0.316987723 -0.619000435 1.12678874
v -0.271765351 -0.60428369 1.18341577
v -0.171325877 -0.540831506 1.19867694
v -0.184223369 -0.6092152 1.2249254
v -0.0982223526 -0.59142983 1.20919347
v -0.138956934 -0.648415565 1.23324764
v -0.104672924 -0.670397639 1.17128754
v -0.131478563 -0.699659348 1.22058272
v -0.155390114 -0.44429785 1.22645581
v -0.0829841793 -0.687359095 1.13222277
v -0.079931289 -0.484610319 1.25989294
v -0.0982223526 -0.59142983 1.20919347
v -0.272687167 -0.681706071 1.25189471
v -0.251088917 -0.669644833 1.26383209
v -0.220201582 -0.723250091 1.32790184
v -0.225584164 -0.738599002 1.34138238
v -0.203702286 -0.738202035 1.33245242
v -0.206850961 -0.753278196 1.343099
v -0.169405699 -0.700076818 1.28435957
v -0.196332663 -0.673442543 1.27894104
v -0.162482694 -0.730988801 1.28362787
v -0.206850961 -0.753278196 1.343099
v -0.0576997176 -0.53601563 1.25766873
v -0.0882367939 -0.594452262 1.27374732
v -0.0535554104 -0.642971814 1.18138492
v -0.0829841793 -0.687359095 1.13222277
v -0.0335336551 -0.701937914 1.16705978
v -0.0682534948 -0.741206348 1.13362241
v -0.0369250923 -0.737527192 1.16190612
v -0.0632052049 -0.773088515 1.15458238
v -0 -0.731470704 1.1677283
v -0.0132249091 -0.709189653 1.20378613
v -0 -0.720013857 1.19846451
v -0 -0.684825897 1.21528757
v -0 -0.64824146 1.19805372
v -0.0518597811 -0.609054804 1.22336543
v -0 -0.736047029 1.23492157
v -0.0183194447 -0.754696131 1.16601312
v -0.0632052049 -0.773088515 1.15458238
v 0.01322491 -0.709189653 1.20378613
v 0.0335336551 -0.701937914 1.16705978
v -0 -0.731470704 1.1677283
v -0 -0.720013857 1.19846451
v -0 -0.64824146 1.19805372
v 0.0369250923 -0.737527192 1.16190612
v 0.0682535022 -0.741206348 1.13362241
v 0.0829841793 -0.687359095 1.13222277
v 0.0632052049 -0.773088515 1.15458238
v 0.0183194466 -0.754696131 1.16601312
v 0.0632052049 -0.773088515 1.15458238
v 0.0535554215 -0.642971814 1.18138492
v 0.0982223377 -0.59142983 1.20919347
v 0.0518597923 -0.609054804 1.22336543
v 0.0518597923 -0.609054804 1.22336543
v 0.079931289 -0.484610319 1.25989294
v 0.171325877 -0.540831506 1.19867694
v 0.155390099 -0.444297791 1.22645581
v 0.261693507 -0.52865088 1.13662469
v 0.271765351 -0.60428369 1.18341577
v 0.316987723 -0.619000435 1.12678874
v 0.307068288 -0.552968979 1.03753591
v 0.184223369 -0.6092152 1.2249254
v 0.0982223377 -0.59142983 1.20919347
v 0.138956919 -0.648415565 1.23324764
v 0.104672916 -0.670397639 1.17128754
v 0.131478548 -0.699659348 1.22058272
v 0.269747406 -0.492516458 0.985249758
v 0.0829841793 -0.687359095 1.13222277
v 0.272687197 -0.681706071 1.25189471
v 0.251088947 -0.669644833 1.26383209
v 0.220201597 -0.723250091 1.32790184
v 0.225584179 -0.738599002 1.34138238
v 0.203702286 -0.738202035 1.33245242
v 0.206850961 -0.753278196 1.343099
v 0.169405729 -0.700076818 1.28435957
v 0.196332663 -0.673442543 1.27894104
v 0.162482709 -0.730988801 1.28362787
v 0.206850961 -0.753278196 1.343099
v 0.291603863 -0.466498137 0.948332369
v 0.319144785 -0.458569705 0.859705925
v 0.297073096 -0.494727999 0.692047656
v 0.182907805 -0.513779283 0.609453797
v 0.157632485 -0.498587817 0.580592275
v 0.169248044 -0.48852253 0.535955966
v 0.191384479 -0.464338064 0.527621567
v 0.158322975 -0.415169299 0.524557769
v 0.171361402 -0.458121568 0.508504152
v 0.184845537 -0.481081337 0.493075967
v 0.158322975 -0.415169299 0.524557769
v 0.147687331 -0.305628598 0.500921905
v 0.201102957 -0.31168139 0.493316799
v 0.132174149 -0.137431145 0.427548289
v 0.0956247672 -0.257158875 0.477291107
v 0.0923744813 -0.131652743 0.448284298
v 0.0497138239 -0.204220235 0.458716661
v -0 -0.111148708 0.428816468
v 0.201102957 -0.31168139 0.493316799
v 0.176572636 -0.393092275 0.491018385
v 0.183909371 -0.365973651 0.494585365
v 0.16798602 -0.355439395 0.477256954
v 0.147687331 -0.305628598 0.500921905
v 0.183979586 -0.366015851 0.45494315
v 0.176572636 -0.393092275 0.491018385
v 0.158322975 -0.415169299 0.524557769
v 0.183979586 -0.366015851 0.45494315
v -0 0.36751017 1.22837996
v -0 0.49625048 1.24481523
v -0.064491801 0.365546525 1.22058284
v -0.040495839 0.263993055 0.431292266
v -0.143241659 0.270765543 0.449435413
v -0.0829684883 0.134941608 0.400761366
v -0 0.301504135 0.431949079
v -0 0.213700876 0.406935006
v -0.0363032706 0.153292671 0.371579319
v -0 0.191679746 0.370816857
v -0 0.191572011 0.335633576
v -0 0.280387312 0.396174908
v -0 0.280387312 0.396174908
v 0.040495839 0.263993055 0.431292266
v 0.143241659 0.270765543 0.449435413
v 0.225911617 0.279661417 0.489471793
v 0.332221031 0.304392278 0.617967963
v 0.381413132 0.331918657 0.82371223
v 0.0829684883 0.134941608 0.400761366
v -0 0.213700876 0.406935006
v 0.0363032706 0.153292671 0.371579319
v -0 0.191572011 0.335633576
v 0.0829684883 0.134941608 0.400761366
v 0.107432894 0.0816177949 0.395371586
v 0.0816335157 0.108023621 0.391974837
v 0.067469731 0.0317496844 0.420513004
v 0.0845623985 0.0588146187 0.384743124
v 0.0831166282 0.0930801257 0.353808045
v 0.0831166282 0.0930801257 0.353808045
v -0 0.930514991 0.871562839
v -0 0.887165725 1.04587793
v -0.106729098 -0.25301674 0.000456787733
v -0.275154978 -0.389725268 0.000451792032
v -0.118391737 -0.381875843 0.000453412416
v -0.319288492 -0.267185897 0.000456037873
v -0.1532159 -0.141568556 0.000445601996
v -0.301241726 -0.149216801 0.000447018596
v -0.275154978 -0.389725268 0.000451792032
v -0.196027279 -0.396166384 0.0004537848
v -0.1532159 -0.141568556 0.000445601996
v -0.223133251 -0.124810942 0.000445561775
v -0.124696024 -0.171985254 0.154923156
v -0.162706271 -0.12524496 0.0855677277
v -0.131859198 -0.198603556 0.121553525
v -0.153290302 -0.125801608 0.0439899005
v -0.114034534 -0.218887299 0.0759431794
v -0.1532159 -0.141568556 0.000445601996
v -0.106729098 -0.25301674 0.000456787733
v -0.0588077828 0.927606106 0.931078017
v -0.0319892429 0.96686095 0.929292262
v -0.0546480753 0.889028549 1.02595615
v -0.0334855132 0.956856966 0.894995391
v -0 0.930514991 0.871562839
v -0.0259847976 1.02127254 0.83687216
v -0.0270298831 1.00064075 0.821683466
v -0.0189736187 1.04093277 0.74671787
v -0 1.05188239 0.7490834
v -0 1.0336591 0.843461514
v -0.0205229539 1.01938522 0.740001738
v -0 1.0607723 0.665896893
v -0.0162309874 1.04930496 0.663616717
v -0.0177736115 1.02828717 0.657601058
v -0 0.95159322 0.870089471
v -0 0.930514991 0.871562839
v -0 0.990656853 0.812901676
v -0.0211949106 1.07610142 0.584216297
v -0 1.08934653 0.58856529
v -0.0310071651 1.13010395 0.496571034
v -0 1.14449406 0.50584656
v -0.0348670334 1.0997498 0.477408618
v -0.0230237674 1.04886484 0.576833367
v -0 1.20190299 0.372324675
v -0 1.00874865 0.736138344
v -0 1.07027113 0.498913676
v -0 1.07650423 0.41278103
v -0 1.0356319 0.573104799
v -0 1.01714182 0.65388298
v -0 1.10862374 0.444523931
v -0 1.20190299 0.372324675
v 0.0348670334 1.0997498 0.477408618
v 0.0310071651 1.13010395 0.496571034
v 0.0211949106 1.07610142 0.584216297
v -0 1.08934653 0.58856529
v -0 1.14449406 0.50584656
v 0.0230237674 1.04886484 0.576833367
v -0 1.0607723 0.665896893
v 0.0162309874 1.04930496 0.663616717
v 0.0189736187 1.04093277 0.74671787
v -0 1.05188239 0.7490834
v 0.0259847976 1.02127254 0.83687216
v -0 1.0336591 0.843461514
v 0.0270298831 1.00064075 0.821683466
v 0.0205229539 1.01938522 0.740001738
v 0.0177736115 1.02828717 0.657601058
v 0.0334855132 0.956856966 0.894995391
v 0.0319892429 0.96686095 0.929292262
v 0.0588077828 0.927606106 0.931078017
v 0.0546480753 0.889028549 1.02595615
v -0 0.930514991 0.871562839
v -0 0.95159322 0.870089471
v -0 0.930514991 0.871562839
v -0 0.990656853 0.812901676
v -0 0.975793123 0.943246961
v -0 0.887165725 1.04587793
v -0 1.00874865 0.736138344
v -0 1.01714182 0.65388298
v -0 1.0356319 0.573104799
v -0 1.07027113 0.498913676
v -0 1.07650423 0.41278103
v -0 1.10862374 0.444523931
v -0 1.07650423 0.41278103
v -0 0.975793123 0.943246961
v -0 0.887165725 1.04587793
v -0 1.10862374 0.444523931
v -0 1.07650423 0.41278103
v -0.0353085734 -1.19793487 0.736297309
v -0 -1.18379235 0.687675238
v -0.061816249 -1.1878432 0.709239542
v -0 -1.20287824 0.749669731
v -0.0419957042 -1.188748 0.752426803
v -0.0802738741 -1.18363798 0.722772598
v -0.0785645843 -1.16186202 0.677879333
v -0 -1.16368616 0.620933652
v -0.0765755028 -1.13794541 0.630767226
v -0 -1.1366998 0.60447216
v -0.0666021779 -1.11979365 0.606762886
v -0.0593582094 -1.11068773 0.613387764
v -0 -1.12306452 0.610937417
v -0.0877097845 -1.10285187 0.618648589
v -0.101010293 -1.12306666 0.637564838
v -0.102365345 -1.15121078 0.686323166
v -0.0723192468 -1.09954667 0.623618245
v -0 -1.18621278 0.764701962
v -0.0593582094 -1.11068773 0.613387764
v -0.0723192468 -1.09954667 0.623618245
v -0 -1.06298006 0.526361525
v -0.0549720973 -1.07846367 0.537385225
v -0 -1.09239972 0.529688478
v -0.0468112417 -1.05538285 0.53101033
v -0 -1.10664523 0.546029449
v -0.0560208075 -1.0908916 0.557252944
v -0.0863859653 -1.03316295 0.536417782
v -0.0717507601 -1.02890933 0.527163982
v -0.0985961705 -0.974848747 0.546237528
v -0.128461495 -0.976918459 0.567007065
v -0.112907037 -0.912751079 0.560122669
v -0.145165041 -0.922119737 0.584546447
v -0.129137233 -0.999500394 0.580497742
v -0.0878486037 -1.04162347 0.552485108
v -0 -1.03053081 0.508156419
v -0.0476081632 -1.02786744 0.51550144
v -0 -0.974585772 0.523169339
v -0.0693515837 -0.973910034 0.53542304
v -0 -0.90658468 0.531245768
v -0.0824213177 -0.909941375 0.545473278
v -0.0743283406 -1.03886628 0.557833314
v -0.049695123 -1.08325529 0.563741207
v -0.11285603 -0.999439776 0.588114619
v -0.144166291 -0.964055717 0.609438598
v -0.117051952 -0.961957991 0.614746869
v -0.115763739 -0.837791145 0.568990648
v -0 -0.838204503 0.555956542
v -0.05633213 -0.787155926 0.553621709
v -0.098928459 -0.746517956 0.55504185
v -0.166488364 -0.753733337 0.561484039
v -0.157086909 -0.837732017 0.586921871
v -0.193729088 -0.795946896 0.619026601
v -0.178205892 -0.856288731 0.622562289
v -0.186492309 -0.826557159 0.68262291
v -0.166445792 -0.88182348 0.677122235
v -0.169886485 -0.83613956 0.742488623
v -0.22161749 -0.762505472 0.688356698
v -0.220093518 -0.757858574 0.755506217
v -0.141640529 -0.89791286 0.707232952
v -0.131291151 -0.91160953 0.764506221
v -0.15331769 -0.852936327 0.791590393
v -0.122110792 -0.921249568 0.792025268
v -0.134204641 -0.856408775 0.826712906
v -0.172137812 -0.896265984 0.636455297
v -0.254857808 -0.693782866 0.68699491
v -0.260987312 -0.668257177 0.78833288
v -0.274968445 -0.625039339 0.700841725
v -0.281419456 -0.594858587 0.818538904
v -0.218564004 -0.729061663 0.599945962
v -0.223591283 -0.656145751 0.619268298
v -0.116157681 -0.972946763 0.747236907
v -0.104472637 -0.987756848 0.698728144
v -0.104145713 -1.00968456 0.721242666
v -0.108376659 -1.066365 0.674275935
v -0.10071969 -1.04832089 0.645465374
v -0.107669048 -1.08724868 0.712800801
v -0.106038578 -1.10671067 0.655074775
v -0.100951947 -1.13188457 0.694653988
v -0.0903024003 -1.10875285 0.760916591
v -0.0806892589 -1.15988755 0.730469406
v -0.104446322 -1.02242553 0.756180942
v -0.088662006 -1.04376936 0.791484952
v -0.111234702 -0.98253423 0.795453846
v -0.0956768394 -1.00200188 0.830733061
v -0.093163535 -1.09052444 0.633716106
v -0.101010293 -1.12306666 0.637564838
v -0.0877097845 -1.10285187 0.618648589
v -0.102365345 -1.15121078 0.686323166
v -0.0802738741 -1.18363798 0.722772598
v -0.0757569894 -1.08778894 0.634777606
v -0.0800524279 -1.04566514 0.648533523
v -0.0855207518 -0.981951416 0.6955567
v -0.0723192468 -1.09954667 0.623618245
v -0.0525256954 -1.05782068 0.822019339
v -0.0581307746 -1.0153203 0.865677416
v -0.0520980582 -1.11724758 0.791128933
v -0 -1.06312394 0.833160162
v -0 -1.02048242 0.877575994
v -0 -1.1223278 0.801482379
v -0.0410909168 -1.1672262 0.757916987
v -0.0419957042 -1.188748 0.752426803
v -2.09509999E-05 -1.16693604 0.765903056
v -0 -1.18621278 0.764701962
v -0.0512369089 -0.953687787 0.897458196
v -0.0850998014 -0.939778268 0.869386435
v -0.104035579 -0.898213923 0.911405444
v -0.0523827597 -0.909045398 0.942978084
v -0.112992272 -0.922859907 0.856692731
v -0.132672355 -0.87823391 0.89227438
v -0 -0.967196643 0.926031113
v -0 -0.919121444 0.953442693
v -0.0426327884 -0.872751296 1.01165545
v -0 -0.894319832 1.0205009
v -0 -0.804862559 1.09091604
v -0.0363614298 -0.777601063 1.09153008
v -0.0806444213 -0.766687214 1.06737697
v -0.0834787861 -0.852398217 0.998286724
v -0.138593271 -0.791208863 0.986750066
v -0.136853725 -0.723144948 1.04530787
v -0.173086733 -0.732199788 0.961378634
v -0.178880483 -0.672714353 0.989651978
v -0.12668027 -0.6582762 1.10175288
v -0.173087671 -0.579150438 1.0323137
v -0.147067726 -0.606897175 1.12158191
v -0.143136129 -0.641994476 1.17069316
v -0.16487281 -0.603027999 1.15128517
v -0.182843819 -0.653842151 1.20459497
v -0.156480655 -0.681569457 1.21997011
v -0.235427409 -0.627612233 1.17024076
v -0.211799234 -0.574570954 1.09697235
v -0.304458082 -0.627174795 1.12591326
v -0.273446321 -0.568724751 1.02641964
v -0.130794734 -0.676605642 1.16326463
v -0.0829841793 -0.687359095 1.13222277
v -0.104672924 -0.670397639 1.17128754
v -0.307068288 -0.552968979 1.03753591
v -0.269747406 -0.492516458 0.985249758
v -0.238630295 -0.54540062 0.977433622
v -0.173087671 -0.579150438 1.0323137
v -0.316987723 -0.619000435 1.12678874
v -0.199473262 -0.704817176 1.27518225
v -0.179823503 -0.731345296 1.27770376
v -0.151669234 -0.70646137 1.21639383
v -0.221912339 -0.737823069 1.33175993
v -0.208877251 -0.753715754 1.33783412
v -0.265029877 -0.685200274 1.24806023
v -0.225584164 -0.738599002 1.34138238
v -0.206850961 -0.753278196 1.343099
v -0.225584164 -0.738599002 1.34138238
v -0.162482694 -0.730988801 1.28362787
v -0.131478563 -0.699659348 1.22058272
v -0.272687167 -0.681706071 1.25189471
v -0.11333818 -0.892095447 0.703376234
v -0 -0.839551985 0.672714055
v -0.132751808 -0.878465116 0.673784614
v -0 -0.870393634 0.727264941
v -0.0855207518 -0.981951416 0.6955567
v -0 -0.981100142 0.714770854
v -0.0855207518 -0.981951416 0.6955567
v -0 -1.05079186 0.662453771
v -0.0800524279 -1.04566514 0.648533523
v -0.0757569894 -1.08778894 0.634777606
v -0 -1.0969429 0.639137387
v -0.0723192468 -1.09954667 0.623618245
v -0.0593582094 -1.11068773 0.613387764
v -0 -1.12306452 0.610937417
v -0.142037451 -0.89170593 0.639154553
v -0 -0.839551985 0.672714055
v -0.120082341 -0.918660998 0.615262687
v -0 -0.951394737 0.619467735
v -0.117051952 -0.961957991 0.614746869
v -0 -1.01119792 0.57492733
v -0.11285603 -0.999439776 0.588114619
v -0.0743283406 -1.03886628 0.557833314
v -0 -1.04035747 0.549613714
v -0.049695123 -1.08325529 0.563741207
v -0 -1.09605551 0.559697628
v -0.149105966 -0.800127089 0.876583517
v -0.122347377 -0.848395288 0.853428304
v -0.156063154 -0.794400156 0.864265203
v -0.169659242 -0.751190186 0.903349638
v -0.141734377 -0.800095499 0.889765382
v -0.131371737 -0.860611618 0.86314106
v -0.147218108 -0.802070916 0.896569431
v -0.185951188 -0.783640563 0.848098755
v -0.207792714 -0.77027756 0.811244309
v -0.209708571 -0.705375671 0.910070121
v -0.183057606 -0.712922394 0.943159759
v -0.170454443 -0.753310859 0.918411434
v -0.243039176 -0.680597365 0.867829561
v -0.170582086 -0.759196699 0.929515183
v -0.223960891 -0.630266488 0.95320636
v -0.26110521 -0.614623785 0.908147275
v -0.278859466 -0.527258277 0.918546975
v -0.311158299 -0.530536771 0.828891754
v -0.291603863 -0.466498137 0.948332369
v -0.296877772 -0.558456421 0.690458
v -0.297073096 -0.494727999 0.692047656
v -0.319144785 -0.458569705 0.859705925
v -0.18290779 -0.513779283 0.609453797
v -0.208612889 -0.590047598 0.591331005
v -0.105706848 -0.591617465 0.573899388
v -0.0910860524 -0.513577342 0.597714424
v -0.176051483 -0.663849771 0.592049956
v -0.0939215645 -0.673293293 0.594925582
v -0.0475531109 -0.632274151 0.581179559
v -0.0592560247 -0.610970914 0.556655347
v -0.0791697204 -0.59499985 0.560494423
v -0.0595245212 -0.558374822 0.581413805
v -0.0603604354 -0.579135895 0.563840449
v -0.0601188019 -0.587236702 0.510174513
v -0.049918063 -0.674648583 0.595565557
v -0.0447934791 -0.715466142 0.568112493
v -0.0601188019 -0.587236702 0.510174513
v -0.0791697204 -0.59499985 0.560494423
v -0.0775337219 -0.753138423 0.528811276
v -0.0559028983 -0.766088307 0.53034687
v -0.0582033731 -0.735554874 0.520857513
v -0.0447934791 -0.715466142 0.568112493
v -0.0571597628 -0.763559043 0.476592511
v -0.0571597628 -0.763559043 0.476592511
v -0.151681766 -0.807257533 0.909422338
v -0.163247198 -0.771549582 0.946385324
v -0.144211322 -0.817180634 0.928466856
v -0.138041139 -0.867570639 0.876547456
v -0.115567856 -0.915641487 0.838927448
v -0.117101751 -0.844591141 0.953522861
v -0.0538238101 -0.497292608 0.572766781
v -0.0910860524 -0.513577342 0.597714424
v -0 -0.516838193 0.593251407
v -0.022842478 -0.505109608 0.544936121
v -0 -0.468746781 0.522157907
v -0 -0.489336371 0.524847448
v -0 -0.515856624 0.554758072
v -0 -0.523525357 0.521464288
v -0 -0.523525357 0.521464288
v 0.0228424761 -0.505109608 0.544936121
v -0 -0.468746781 0.522157907
v 0.0538238175 -0.497292608 0.572766781
v -0 -0.516838193 0.593251407
v 0.0910860449 -0.513577342 0.597714424
v -0 -0.515856624 0.554758072
v -0 -0.523525357 0.521464288
v -0.0494516827 -0.484386712 0.508574605
v -0 -0.468746781 0.522157907
v -0.0602264777 -0.417192489 0.50406456
v -0.0682401732 -0.502961397 0.523406804
v -0.0300879907 -0.434793532 0.465890467
v -0 -0.468746781 0.522157907
v -0 -0.457890958 0.465835094
v -0 -0.376593202 0.472559452
v -0 -0.423338741 0.4137609
v -0 -0.414970249 0.460264623
v -0 -0.376593202 0.472559452
v -0 -0.423338741 0.4137609
v -0.0602264777 -0.417192489 0.50406456
v -0.0678473487 -0.461448759 0.492924631
v -0.0692720115 -0.520977259 0.484793574
v -0.0682401732 -0.502961397 0.523406804
v -0.0332158916 -0.381859452 0.461757421
v -0 -0.376593202 0.472559452
v -0.0635422319 -0.329230517 0.459096372
v -0.0560952574 -0.403456062 0.465766639
v -0.031412553 -0.331871599 0.427618593
v -0 -0.376593202 0.472559452
v -0 -0.355942786 0.423100412
v -0 -0.317518234 0.37747708
v -0 -0.311881751 0.423906326
v -0.0635422319 -0.329230517 0.459096372
v -0 -0.317518234 0.37747708
v -0 -0.264499307 0.440975726
v -0.0635422319 -0.329230517 0.459096372
v -0.0621425994 -0.291850299 0.43928054
v -0 -0.264499307 0.440975726
v -0 -0.264499307 0.440975726
v -0.0340787135 -0.273730665 0.426440686
v -0.0716843978 -0.268760115 0.404109269
v -0.0568942726 -0.247484967 0.427712113
v -0 -0.264499307 0.440975726
v -0.0497138239 -0.204220235 0.458716661
v -0 -0.203426197 0.406512946
v -0.0716843978 -0.268760115 0.404109269
v -0 -0.203426197 0.406512946
v -0 -0.111148708 0.428816468
v 0.0497138239 -0.204220235 0.458716661
v -0 -0.111148708 0.428816468
v -0 -0.264499307 0.440975726
v -0 -0.203426197 0.406512946
v 0.0568942726 -0.247484967 0.427712113
v 0.0340787135 -0.273730665 0.426440686
v 0.0716843978 -0.268760115 0.404109269
v 0.0621425994 -0.291850299 0.43928054
v -0 -0.264499307 0.440975726
v 0.0716843978 -0.268760115 0.404109269
v -0 -0.264499307 0.440975726
v 0.0635422319 -0.329230517 0.459096372
v -0 -0.311881751 0.423906326
v -0 -0.264499307 0.440975726
v 0.031412553 -0.331871599 0.427618593
v 0.0635422319 -0.329230517 0.459096372
v -0 -0.317518234 0.37747708
v -0 -0.376593202 0.472559452
v 0.0635422319 -0.329230517 0.459096372
v -0 -0.355942786 0.423100412
v -0 -0.317518234 0.37747708
v -0 -0.376593202 0.472559452
v 0.0332158916 -0.381859452 0.461757421
v 0.0602264777 -0.417192489 0.50406456
v 0.0300879907 -0.434793532 0.465890467
v -0 -0.468746781 0.522157907
v -0 -0.457890958 0.465835094
v -0 -0.376593202 0.472559452
v -0 -0.423338741 0.4137609
v -0 -0.376593202 0.472559452
v -0 -0.414970249 0.460264623
v -0 -0.423338741 0.4137609
v -0 -0.468746781 0.522157907
v 0.0494516827 -0.484386712 0.508574605
v 0.0682401806 -0.502961397 0.523406804
v 0.0602264777 -0.417192489 0.50406456
v 0.0678473487 -0.461448759 0.492924631
v 0.069272019 -0.520977259 0.484793574
v 0.0682401806 -0.502961397 0.523406804
v 0.0560952574 -0.403456062 0.465766639
v 0.0635422319 -0.329230517 0.459096372
v 0.0605470948 -0.358553231 0.450190037
v 0.0699870884 -0.387714416 0.41810137
v 0.0605470948 -0.358553231 0.450190037
v 0.0560952574 -0.403456062 0.465766639
v -0.151860178 -0.927739561 0.614731371
v -0.142037451 -0.89170593 0.639154553
v -0.120082341 -0.918660998 0.615262687
v -0.132751808 -0.878465116 0.673784614
v -0.11333818 -0.892095447 0.703376234
v -0.0855207518 -0.981951416 0.6955567
v -0.0682534948 -0.741206348 1.13362241
v -0.0444279499 -0.77353096 1.12376583
v -0.0632052049 -0.773088515 1.15458238
v -0.023502795 -0.795244515 1.15145063
v -0 -0.80707258 1.14100385
v -0 -0.82964927 1.18530655
v -0 -0.80707258 1.14100385
v 0.0235027932 -0.795244515 1.15145063
v -0 -0.804862559 1.09091604
v 0.0363614298 -0.777601063 1.09153008
v 0.0426327921 -0.872751296 1.01165545
v 0.0806444138 -0.766687214 1.06737697
v 0.0834787712 -0.852398217 0.998286724
v 0.138593256 -0.791208863 0.986750066
v 0.136853725 -0.723144948 1.04530787
v 0.173086748 -0.732199788 0.961378634
v 0.178880498 -0.672714353 0.989651978
v 0.126680255 -0.6582762 1.10175288
v 0.173087671 -0.579150438 1.0323137
v 0.147067711 -0.606897175 1.12158191
v 0.143136114 -0.641994476 1.17069316
v 0.16487281 -0.603027999 1.15128517
v 0.182843819 -0.653842151 1.20459497
v 0.156480655 -0.681569457 1.21997011
v 0.235427409 -0.627612233 1.17024076
v 0.211799234 -0.574570954 1.09697235
v 0.304458082 -0.627174795 1.12591326
v 0.273446321 -0.568724751 1.02641964
v 0.130794719 -0.676605642 1.16326463
v 0.0829841793 -0.687359095 1.13222277
v 0.104672916 -0.670397639 1.17128754
v 0.307068288 -0.552968979 1.03753591
v 0.269747406 -0.492516458 0.985249758
v 0.23863031 -0.54540062 0.977433622
v 0.173087671 -0.579150438 1.0323137
v 0.316987723 -0.619000435 1.12678874
v 0.199473277 -0.704817176 1.27518225
v 0.179823533 -0.731345296 1.27770376
v 0.151669219 -0.70646137 1.21639383
v 0.221912339 -0.737823069 1.33175993
v 0.208877265 -0.753715754 1.33783412
v 0.265029907 -0.685200274 1.24806023
v 0.225584179 -0.738599002 1.34138238
v 0.206850961 -0.753278196 1.343099
v 0.225584179 -0.738599002 1.34138238
v 0.162482709 -0.730988801 1.28362787
v 0.131478548 -0.699659348 1.22058272
v 0.272687197 -0.681706071 1.25189471
v -0 -1.09605551 0.559697628
v -0.0363032706 0.153292671 0.371579319
v -0 0.0816018432 0.410291463
v -0 0.111848921 0.371232301
v -0.0363032706 0.153292671 0.371579319
v -0.0829684883 0.134941608 0.400761366
v -0.0525777563 0.0823850781 0.390376925
v -0.0816335157 0.108023621 0.391974837
v -0.067469731 0.0317496844 0.420513004
v -0.0831166282 0.0930801257 0.353808045
v -0.0845623985 0.0588146187 0.384743124
v -0.067469731 0.0317496844 0.420513004
v -0.027014792 0.0313121788 0.393663973
v -0 0.0557530969 0.396984786
v -0 -0.0311378706 0.412441015
v -1.1134E-06 0.00687765284 0.390729129
v -0 0.0430028997 0.372684687
v -0 0.111848921 0.371232301
v -0 0.191572011 0.335633576
v -0 0.0430028997 0.372684687
v -0 0.0557530969 0.396984786
v -0.0829684883 0.134941608 0.400761366
v -0.107432894 0.0816177949 0.395371586
v -0.0816335157 0.108023621 0.391974837
v -0.067469731 0.0317496844 0.420513004
v -0.0845623985 0.0588146187 0.384743124
v -0.0831166282 0.0930801257 0.353808045
v -0.0831166282 0.0930801257 0.353808045
v -0.157632485 -0.498587817 0.580592275
v -0.16924803 -0.48852253 0.535955966
v -0.191384479 -0.464338064 0.527621567
v -0.158322975 -0.415169299 0.524557769
v -0.171361402 -0.458121568 0.508504152
v -0.184845537 -0.481081337 0.493075967
v -0.16924803 -0.48852253 0.535955966
v -0.184845537 -0.481081337 0.493075967
v -0.0910860524 -0.513577342 0.597714424
v -0.0538238101 -0.497292608 0.572766781
v -0.110790536 -0.457112372 0.539030433
v -0.0682401732 -0.502961397 0.523406804
v -0.0949448869 -0.483902812 0.511778533
v -0.0678473487 -0.461448759 0.492924631
v -0.0602264777 -0.417192489 0.50406456
v -0.0692720115 -0.520977259 0.484793574
v -0.0682401732 -0.502961397 0.523406804
v -0.109253481 -0.364391088 0.497623712
v -0.100851692 -0.428563386 0.489514679
v -0.119676679 -0.405950904 0.479908586
v -0.110790536 -0.457112372 0.539030433
v -0.118550271 -0.447971761 0.487184823
v -0.110790536 -0.457112372 0.539030433
v -0.119120099 -0.448737592 0.458401591
v -0.119676679 -0.405950904 0.479908586
v -0.119120099 -0.448737592 0.458401591
v -0.12075796 -0.346054792 0.462208807
v -0.0635422319 -0.329230517 0.459096372
v -0.0635422319 -0.329230517 0.459096372
v -0.0941253155 -0.328521162 0.446570188
v -0.115966849 -0.312806368 0.445814729
v -0.131925374 -0.325750828 0.424127936
v -0.0635422319 -0.329230517 0.459096372
v -0.0956247672 -0.257158875 0.477291107
v -0.0621425994 -0.291850299 0.43928054
v -0.0635422319 -0.329230517 0.459096372
v -0.0784318969 -0.265309304 0.44286266
v -0.0568942726 -0.247484967 0.427712113
v -0.0497138239 -0.204220235 0.458716661
v -0.0716843978 -0.268760115 0.404109269
v -0.0716843978 -0.268760115 0.404109269
v -0.0850071311 -0.378721178 0.468405038
v -0.109253481 -0.364391088 0.497623712
v -0.0605470948 -0.358553231 0.450190037
v -0.0635422319 -0.329230517 0.459096372
v -0.0560952574 -0.403456062 0.465766639
v -0.109253481 -0.364391088 0.497623712
v -0.0699870884 -0.387714416 0.41810137
v -0.0699870884 -0.387714416 0.41810137
v -0.0605470948 -0.358553231 0.450190037
v -0.157632485 -0.498587817 0.580592275
v -0.0910860524 -0.513577342 0.597714424
v -0.110790536 -0.457112372 0.539030433
v -0.18290779 -0.513779283 0.609453797
v -0.16924803 -0.48852253 0.535955966
v -0.110790536 -0.457112372 0.539030433
v -0.144903004 -0.476835787 0.51590836
v -0.158322975 -0.415169299 0.524557769
v -0.171361402 -0.458121568 0.508504152
v -0.110790536 -0.457112372 0.539030433
v -0.184845537 -0.481081337 0.493075967
v -0.184845537 -0.481081337 0.493075967
v -0.16924803 -0.48852253 0.535955966
v -0.119676679 -0.405950904 0.479908586
v -0.158322975 -0.415169299 0.524557769
v -0.145576939 -0.432053149 0.489291072
v -0.118550271 -0.447971761 0.487184823
v -0.110790536 -0.457112372 0.539030433
v -0.119120099 -0.448737592 0.458401591
v -0.119676679 -0.405950904 0.479908586
v -0.109253481 -0.364391088 0.497623712
v -0.119120099 -0.448737592 0.458401591
v -0.119676679 -0.405950904 0.479908586
v -0.145342782 -0.371570528 0.476924747
v -0.158322975 -0.415169299 0.524557769
v -0.109253481 -0.364391088 0.497623712
v -0.176572636 -0.393092275 0.491018385
v -0.158322975 -0.415169299 0.524557769
v -0.183979586 -0.366015851 0.45494315
v -0.16798602 -0.355439395 0.477256954
v -0.109253481 -0.364391088 0.497623712
v -0.147687331 -0.305628598 0.500921905
v -0.176572636 -0.393092275 0.491018385
v -0.158322975 -0.415169299 0.524557769
v -0.176572636 -0.393092275 0.491018385
v -0.183909371 -0.365973651 0.494585365
v -0.16798602 -0.355439395 0.477256954
v -0.147687331 -0.305628598 0.500921905
v -0.183979586 -0.366015851 0.45494315
v -0.183979586 -0.366015851 0.45494315
v -0.109253481 -0.364391088 0.497623712
v -0.135157406 -0.319003642 0.464771956
v -0.147687331 -0.305628598 0.500921905
v -0.12075796 -0.346054792 0.462208807
v -0.131925374 -0.325750828 0.424127936
v -0.147687331 -0.305628598 0.500921905
v -0.115966849 -0.312806368 0.445814729
v -0.0956247672 -0.257158875 0.477291107
v -0.131925374 -0.325750828 0.424127936
v -0.0635422319 -0.329230517 0.459096372
v -0.0605470948 -0.358553231 0.450190037
v -0.0605470948 -0.358553231 0.450190037
v -0.0699870884 -0.387714416 0.41810137
v -0.0560952574 -0.403456062 0.465766639
v -0.0249863174 -0.555778086 0.545442581
v -0 -0.596148193 0.584089875
v -0 -0.575864494 0.545552075
v -0.0595245212 -0.558374822 0.581413805
v -0 -0.516838193 0.593251407
v -0 -0.542726219 0.546507239
v -0 -0.537887394 0.497842133
v -0 -0.537887394 0.497842133
v -0.019533718 -0.630281746 0.569109082
v -0.0475531109 -0.632274151 0.581179559
v -0 -0.613179326 0.571043968
v -0 -0.647715688 0.565389097
v -0 -0.67494452 0.593447626
v -0.0404876806 -0.59822911 0.566381037
v -0.0595245212 -0.558374822 0.581413805
v -0.0592560247 -0.610970914 0.556655347
v -0.0601188019 -0.587236702 0.510174513
v -0.0603604354 -0.579135895 0.563840449
v -0.0595245212 -0.558374822 0.581413805
v -0.049918063 -0.674648583 0.595565557
v -0.0447934791 -0.715466142 0.568112493
v -0.0178460758 -0.701894999 0.553255677
v -0 -0.620180845 0.534006596
v -0 -0.613179326 0.571043968
v -0 -0.647715688 0.565389097
v 0.0195337199 -0.630281746 0.569109082
v -0 -0.647715688 0.565389097
v -0 -0.741521299 0.546405256
v -0.0447934791 -0.715466142 0.568112493
v -0 -0.741521299 0.546405256
v -0 -0.714265645 0.54958725
v -0 -0.695807278 0.519210517
v -0 -0.68252784 0.555352449
v -0 -0.67494452 0.593447626
v -0 -0.68252784 0.555352449
v -0 -0.695807278 0.519210517
v -0.0377946496 -0.751910627 0.531327248
v -0.0582033731 -0.735554874 0.520857513
v -0 -0.741521299 0.546405256
v -0.0571597628 -0.763559043 0.476592511
v -0.05633213 -0.787155926 0.553621709
v -0 -0.741521299 0.546405256
v -0.0559028983 -0.766088307 0.53034687
v -0.0571597628 -0.763559043 0.476592511
v -0 -0.516838193 0.593251407
v -0.0595245212 -0.558374822 0.581413805
v -0.0213152356 -0.790518165 0.511208236
v -0 -0.741521299 0.546405256
v -0.05633213 -0.787155926 0.553621709
v -0 -0.769204617 0.507407248
v -0 -0.810818017 0.46306482
v -0.0213152356 -0.790518165 0.511208236
v -0.05633213 -0.787155926 0.553621709
v -0 -0.80881691 0.511325538
v -0.0213152356 -0.790518165 0.511208236
v -0 -0.810818017 0.46306482
v -0 -0.506622851 1.28611386
v -0.0576997176 -0.53601563 1.25766873
v -0.079931289 -0.484610319 1.25989294
v -0.0251154769 -0.543229759 1.29663849
v -0 -0.580545187 1.24665499
v -0 -0.563218653 1.28647077
v -0 -0.528169572 1.30896568
v -0 -0.56993407 1.33877861
v -0.0251154769 -0.543229759 1.29663849
v -0 -0.56993407 1.33877861
v -0.0351756699 -0.590113044 1.27318335
v -0 -0.580545187 1.24665499
v -0.0598418079 -0.572168291 1.27553415
v -0.0518597811 -0.609054804 1.22336543
v -0.0593721718 -0.60850817 1.2719475
v -0 -0.580545187 1.24665499
v -0.0564028807 -0.613956988 1.32058132
v -0.0564028807 -0.613956988 1.32058132
v -0.0598418079 -0.572168291 1.27553415
v -0 -0.580545187 1.24665499
v -0.0247587357 -0.62573725 1.24895835
v -0.0518597811 -0.609054804 1.22336543
v -0 -0.580545187 1.24665499
v -0 -0.610709727 1.25458157
v -0 -0.632938087 1.28775644
v -0.0247587357 -0.62573725 1.24895835
v -0.0518597811 -0.609054804 1.22336543
v -0 -0.640163243 1.24714637
v -0 -0.632938087 1.28775644
v -0.0882367939 -0.594452262 1.27374732
v -0.0982223526 -0.59142983 1.20919347
v -0.0593721718 -0.60850817 1.2719475
v -0.0564028807 -0.613956988 1.32058132
v -0.0598418079 -0.572168291 1.27553415
v -0.0598418079 -0.572168291 1.27553415
v -0.0564028807 -0.613956988 1.32058132
v 0.0247587338 -0.62573725 1.24895835
v 0.0518597923 -0.609054804 1.22336543
v -0 -0.640163243 1.24714637
v -0 -0.632938087 1.28775644
v 0.0882367864 -0.594452262 1.27374732
v 0.0593721792 -0.60850817 1.2719475
v 0.0982223377 -0.59142983 1.20919347
v 0.0564028807 -0.613956988 1.32058132
v 0.057699725 -0.53601563 1.25766873
v 0.0598418079 -0.572168291 1.27553415
v 0.0882367864 -0.594452262 1.27374732
v 0.0564028807 -0.613956988 1.32058132
v 0.0598418079 -0.572168291 1.27553415
v 0.186161727 -0.299464613 1.29784358
v 0.0996501893 -0.308881313 1.3500073
v 0.0943987221 -0.0907999799 1.36270714
v -0 -0.506622851 1.28611386
v -0 -0.312686265 1.382303
v -0 -0.0954674333 1.38962257
v -0.0518597811 -0.609054804 1.22336543
v -0.023502795 -0.795244515 1.15145063
v -0 -0.770846248 1.17596447
v -0.0363614298 -0.777601063 1.09153008
v -0 -0.82964927 1.18530655
v -0.0444279499 -0.77353096 1.12376583
v -0.0183194447 -0.754696131 1.16601312
v 0.0235027932 -0.795244515 1.15145063
v 0.0363614298 -0.777601063 1.09153008
v 0.0444279462 -0.77353096 1.12376583
v 0.0183194466 -0.754696131 1.16601312
v -0.0183194447 -0.754696131 1.16601312
v -0.0632052049 -0.773088515 1.15458238
v 0.0183194466 -0.754696131 1.16601312
v 0.0632052049 -0.773088515 1.15458238
v -0 -0.736047029 1.23492157
v -0 -0.720013857 1.19846451
v -0.0943987221 -0.0907999799 1.36270714
v -0.0996501893 -0.308881313 1.3500073
v -0.186161727 -0.299464613 1.29784358
v -0 -0.506622851 1.28611386
v -0 -0.312686265 1.382303
v -0 -0.0954674333 1.38962257
v 0.332450092 0.701033771 0.000453377696
v 0.214129582 0.528144002 0.000479385606
v 0.340696394 0.560988247 0.000460906129
v 0.161806136 0.687388539 0.000450888125
v 0.2852467 0.520796776 0.000478587695
v 0.273234069 0.794818103 0.000442103803
v 0.167178914 0.791651189 0.000438906252
v 0.213165119 0.812526166 0.000442536169
v 0.148731261 0.807802081 0.253393024
v 0.176247001 0.698633432 0.311363816
v 0.189816982 0.698935509 0.258685172
v 0.122480802 0.822049677 0.318000734
v 0.168564066 0.691130996 0.360850722
v 0.115937509 0.816876829 0.374040782
v 0.122046173 0.794182241 0.429183841
v 0.152872086 0.771394968 0.184892952
v 0.194380641 0.678318977 0.207882911
v 0.138708323 0.74486798 0.123708256
v 0.185805187 0.625338554 0.149279729
v 0.240004539 0.666281581 0.211788356
v 0.253272891 0.618282557 0.152831256
v 0.161423847 0.724285245 0.0846019834
v 0.202787623 0.624331713 0.110900044
v 0.263378203 0.610303342 0.115264624
v 0.161806136 0.687388539 0.000450888125
v 0.214129582 0.528144002 0.000479385606
v 0.280623674 0.691804588 0.205432117
v 0.305072695 0.654639959 0.141791299
v 0.316931009 0.750022769 0.121902674
v 0.290609241 0.774700224 0.183565408
v 0.272468776 0.839271903 0.0939801261
v 0.248289451 0.839886427 0.156945407
v 0.195747405 0.85643667 0.082023263
v 0.192718461 0.853800416 0.151205719
v 0.206424773 0.828728318 0.0504905172
v 0.266900361 0.809959829 0.0590153411
v 0.319445372 0.731440663 0.0809276477
v 0.306252003 0.648347318 0.103165805
v 0.213165119 0.812526166 0.000442536169
v 0.273234069 0.794818103 0.000442103803
v 0.273234069 0.794818103 0.000442103803
v 0.332450092 0.701033771 0.000453377696
v 0.340696394 0.560988247 0.000460906129
v 0.16311045 0.807275355 0.0599717014
v 0.145953283 0.827229679 0.0925519913
v 0.138708323 0.74486798 0.123708256
v 0.156588599 0.833972931 0.158552736
v 0.152872086 0.771394968 0.184892952
v 0.161423847 0.724285245 0.0846019834
v 0.167178914 0.791651189 0.000438906252
v 0.161806136 0.687388539 0.000450888125
v 0.2852467 0.520796776 0.000478587695
v 0.214129582 0.528144002 0.000479385606
v -0 0.36751017 1.22837996
v 0.064491801 0.365546525 1.22058284
v -0 0.49625048 1.24481523
v 0.132174149 -0.137431145 0.427548289
v 0.222469941 0.0489733256 0.468115717
v -0 0.852748454 0.628390789
v -0 0.852748454 0.628390789
v -0 0.852748454 0.628390789
v -0 0.721801639 0.56752938
v -0 0.930514991 0.871562839
v -0 0.887165725 1.04587793
v 0.106729098 -0.25301674 0.000456787733
v 0.275154978 -0.389725268 0.000451792032
v 0.319288492 -0.267185897 0.000456037873
v 0.118391737 -0.381875843 0.000453412416
v 0.1532159 -0.141568556 0.000445601996
v 0.301241726 -0.149216801 0.000447018596
v 0.196027279 -0.396166384 0.0004537848
v 0.275154978 -0.389725268 0.000451792032
v 0.223133251 -0.124810942 0.000445561775
v 0.1532159 -0.141568556 0.000445601996
v 0.124696024 -0.171985254 0.154923156
v 0.162706271 -0.12524496 0.0855677277
v 0.131859198 -0.198603556 0.121553525
v 0.153290302 -0.125801608 0.0439899005
v 0.114034534 -0.218887299 0.0759431794
v 0.1532159 -0.141568556 0.000445601996
v 0.106729098 -0.25301674 0.000456787733
v 0.0353085734 -1.19793487 0.736297309
v 0.061816249 -1.1878432 0.709239542
v -0 -1.18379235 0.687675238
v -0 -1.20287824 0.749669731
v 0.0419957042 -1.188748 0.752426803
v 0.0802738741 -1.18363798 0.722772598
v 0.0785645768 -1.16186202 0.677879333
v -0 -1.16368616 0.620933652
v 0.0765755028 -1.13794541 0.630767226
v -0 -1.1366998 0.60447216
v 0.0666021779 -1.11979365 0.606762886
v 0.0593582094 -1.11068773 0.613387764
v -0 -1.12306452 0.610937417
v 0.0877097771 -1.10285187 0.618648589
v 0.101010285 -1.12306666 0.637564838
v 0.102365337 -1.15121078 0.686323166
v 0.0723192468 -1.09954667 0.623618245
v -0 -1.18621278 0.764701962
v 0.0723192468 -1.09954667 0.623618245
v 0.0593582094 -1.11068773 0.613387764
v -0 -1.06298006 0.526361525
v 0.0549720973 -1.07846367 0.537385225
v 0.0468112417 -1.05538285 0.53101033
v -0 -1.09239972 0.529688478
v -0 -1.10664523 0.546029449
v 0.0560208037 -1.0908916 0.557252944
v 0.0863859504 -1.03316295 0.536417782
v 0.0717507675 -1.02890933 0.527163982
v 0.0985961631 -0.974848747 0.546237528
v 0.128461495 -0.976918459 0.567007065
v 0.112907022 -0.912751079 0.560122669
v 0.145165026 -0.922119737 0.584546447
v 0.129137233 -0.999500394 0.580497742
v 0.0878485963 -1.04162347 0.552485108
v -0 -1.03053081 0.508156419
v 0.0476081632 -1.02786744 0.51550144
v -0 -0.974585772 0.523169339
v 0.0693515912 -0.973910034 0.53542304
v -0 -0.90658468 0.531245768
v 0.0824213028 -0.909941375 0.545473278
v 0.0743283406 -1.03886628 0.557833314
v 0.0496951193 -1.08325529 0.563741207
v 0.112856023 -0.999439776 0.588114619
v 0.144166291 -0.964055717 0.609438598
v 0.117051944 -0.961957991 0.614746869
v 0.115763731 -0.837791145 0.568990648
v 0.157086879 -0.837732017 0.586921871
v 0.166488364 -0.753733337 0.561484039
v 0.193729118 -0.795946896 0.619026601
v 0.178205892 -0.856288731 0.622562289
v 0.186492324 -0.826557159 0.68262291
v 0.166445792 -0.88182348 0.677122235
v 0.169886515 -0.83613956 0.742488623
v 0.221617505 -0.762505472 0.688356698
v 0.220093533 -0.757858574 0.755506217
v 0.141640514 -0.89791286 0.707232952
v 0.131291136 -0.91160953 0.764506221
v 0.153317675 -0.852936327 0.791590393
v 0.122110784 -0.921249568 0.792025268
v 0.134204626 -0.856408775 0.826712906
v 0.172137827 -0.896265984 0.636455297
v 0.254857838 -0.693782866 0.68699491
v 0.260987341 -0.668257177 0.78833288
v 0.274968475 -0.625039339 0.700841725
v 0.281419456 -0.594858587 0.818538904
v 0.218564034 -0.729061663 0.599945962
v 0.223591298 -0.656145751 0.619268298
v 0.116157673 -0.972946763 0.747236907
v 0.104472622 -0.987756848 0.698728144
v 0.104145706 -1.00968456 0.721242666
v 0.108376652 -1.066365 0.674275935
v 0.100719675 -1.04832089 0.645465374
v 0.107669033 -1.08724868 0.712800801
v 0.10603857 -1.10671067 0.655074775
v 0.100951925 -1.13188457 0.694653988
v 0.0903023854 -1.10875285 0.760916591
v 0.0806892589 -1.15988755 0.730469406
v 0.104446314 -1.02242553 0.756180942
v 0.0886619911 -1.04376936 0.791484952
v 0.111234695 -0.98253423 0.795453846
v 0.0956768319 -1.00200188 0.830733061
v 0.0931635275 -1.09052444 0.633716106
v 0.101010285 -1.12306666 0.637564838
v 0.0877097771 -1.10285187 0.618648589
v 0.102365337 -1.15121078 0.686323166
v 0.0802738741 -1.18363798 0.722772598
v 0.0757569894 -1.08778894 0.634777606
v 0.0800524279 -1.04566514 0.648533523
v 0.0723192468 -1.09954667 0.623618245
v 0.0525256991 -1.05782068 0.822019339
v 0.0581307821 -1.0153203 0.865677416
v 0.0410909206 -1.1672262 0.757916987
v 0.0520980544 -1.11724758 0.791128933
v -0 -1.06312394 0.833160162
v -0 -1.02048242 0.877575994
v -0 -1.1223278 0.801482379
v 2.09509999E-05 -1.16693604 0.765903056
v -0 -1.18621278 0.764701962
v 0.0419957042 -1.188748 0.752426803
v 0.0512369089 -0.953687787 0.897458196
v 0.085099794 -0.939778268 0.869386435
v 0.104035564 -0.898213923 0.911405444
v 0.0523827597 -0.909045398 0.942978084
v 0.112992264 -0.922859907 0.856692731
v 0.13267234 -0.87823391 0.89227438
v -0 -0.967196643 0.926031113
v -0 -0.919121444 0.953442693
v -0 -0.894319832 1.0205009
v 0.115567833 -0.915641487 0.838927448
v 0.138041124 -0.867570639 0.876547456
v 0.131371737 -0.860611618 0.86314106
v 0.12234737 -0.848395288 0.853428304
v 0.141734362 -0.800095499 0.889765382
v 0.149105951 -0.800127089 0.876583517
v 0.156063139 -0.794400156 0.864265203
v 0.169659242 -0.751190186 0.903349638
v 0.147218093 -0.802070916 0.896569431
v 0.185951203 -0.783640563 0.848098755
v 0.207792714 -0.77027756 0.811244309
v 0.209708571 -0.705375671 0.910070121
v 0.183057606 -0.712922394 0.943159759
v 0.170454457 -0.753310859 0.918411434
v 0.243039176 -0.680597365 0.867829561
v 0.170582101 -0.759196699 0.929515183
v 0.223960906 -0.630266488 0.95320636
v 0.26110521 -0.614623785 0.908147275
v 0.278859466 -0.527258277 0.918546975
v 0.311158299 -0.530536771 0.828891754
v 0.291603863 -0.466498137 0.948332369
v 0.296877772 -0.558456421 0.690458
v 0.297073096 -0.494727999 0.692047656
v 0.319144785 -0.458569705 0.859705925
v 0.182907805 -0.513779283 0.609453797
v 0.208612919 -0.590047598 0.591331005
v 0.105706841 -0.591617465 0.573899388
v 0.0910860449 -0.513577342 0.597714424
v 0.176051497 -0.663849771 0.592049956
v 0.0939215571 -0.673293293 0.594925582
v 0.0989284515 -0.746517956 0.55504185
v 0.0563321374 -0.787155926 0.553621709
v -0 -0.838204503 0.555956542
v 0.0775337219 -0.753138423 0.528811276
v 0.0559029095 -0.766088307 0.53034687
v 0.0582033731 -0.735554874 0.520857513
v 0.0447934903 -0.715466142 0.568112493
v 0.0571597703 -0.763559043 0.476592511
v 0.0571597703 -0.763559043 0.476592511
v 0.0447934903 -0.715466142 0.568112493
v 0.0499180593 -0.674648583 0.595565557
v 0.0475531183 -0.632274151 0.581179559
v 0.0592560321 -0.610970914 0.556655347
v 0.0791697204 -0.59499985 0.560494423
v 0.0595245212 -0.558374822 0.581413805
v 0.0603604354 -0.579135895 0.563840449
v 0.0601188019 -0.587236702 0.510174513
v 0.0791697204 -0.59499985 0.560494423
v 0.0601188019 -0.587236702 0.510174513
v 0.0595245212 -0.558374822 0.581413805
v -0 -0.516838193 0.593251407
v 0.113338165 -0.892095447 0.703376234
v -0 -0.839551985 0.672714055
v -0 -0.870393634 0.727264941
v 0.132751793 -0.878465116 0.673784614
v 0.0855207443 -0.981951416 0.6955567
v -0 -0.981100142 0.714770854
v 0.0855207443 -0.981951416 0.6955567
v -0 -1.05079186 0.662453771
v 0.0800524279 -1.04566514 0.648533523
v 0.0757569894 -1.08778894 0.634777606
v -0 -1.0969429 0.639137387
v 0.0723192468 -1.09954667 0.623618245
v 0.0593582094 -1.11068773 0.613387764
v -0 -1.12306452 0.610937417
v 0.142037421 -0.89170593 0.639154553
v -0 -0.839551985 0.672714055
v 0.120082326 -0.918660998 0.615262687
v -0 -0.951394737 0.619467735
v 0.117051944 -0.961957991 0.614746869
v -0 -1.01119792 0.57492733
v 0.112856023 -0.999439776 0.588114619
v 0.0743283406 -1.03886628 0.557833314
v -0 -1.04035747 0.549613714
v 0.0496951193 -1.08325529 0.563741207
v -0 -1.09605551 0.559697628
v 0.151681751 -0.807257533 0.909422338
v 0.163247198 -0.771549582 0.946385324
v 0.144211292 -0.817180634 0.928466856
v 0.117101744 -0.844591141 0.953522861
v 0.151860163 -0.927739561 0.614731371
v 0.142037421 -0.89170593 0.639154553
v 0.120082326 -0.918660998 0.615262687
v 0.132751793 -0.878465116 0.673784614
v 0.113338165 -0.892095447 0.703376234
v 0.0855207443 -0.981951416 0.6955567
v 0.0855207443 -0.981951416 0.6955567
v 0.0682535022 -0.741206348 1.13362241
v 0.0444279462 -0.77353096 1.12376583
v 0.0632052049 -0.773088515 1.15458238
v -0 -1.09605551 0.559697628
v 0.0363032706 0.153292671 0.371579319
v -0 0.0816018432 0.410291463
v 0.0829684883 0.134941608 0.400761366
v 0.0525777563 0.0823850781 0.390376925
v 0.0816335157 0.108023621 0.391974837
v 0.067469731 0.0317496844 0.420513004
v 0.0831166282 0.0930801257 0.353808045
v 0.0845623985 0.0588146187 0.384743124
v 0.067469731 0.0317496844 0.420513004
v 0.027014792 0.0313121788 0.393663973
v -0 0.0557530969 0.396984786
v -0 -0.0311378706 0.412441015
v 1.1134E-06 0.00687765284 0.390729129
v -0 0.0430028997 0.372684687
v 0.0363032706 0.153292671 0.371579319
v -0 0.111848921 0.371232301
v -0 0.111848921 0.371232301
v -0 0.191572011 0.335633576
v -0 0.0557530969 0.396984786
v -0 0.0430028997 0.372684687
v 0.0910860449 -0.513577342 0.597714424
v 0.110790536 -0.457112372 0.539030433
v 0.0538238175 -0.497292608 0.572766781
v 0.0682401806 -0.502961397 0.523406804
v 0.0949448869 -0.483902812 0.511778533
v 0.0678473487 -0.461448759 0.492924631
v 0.0602264777 -0.417192489 0.50406456
v 0.069272019 -0.520977259 0.484793574
v 0.0682401806 -0.502961397 0.523406804
v 0.109253481 -0.364391088 0.497623712
v 0.100851692 -0.428563386 0.489514679
v 0.119676679 -0.405950904 0.479908586
v 0.110790536 -0.457112372 0.539030433
v 0.110790536 -0.457112372 0.539030433
v 0.118550271 -0.447971761 0.487184823
v 0.119120099 -0.448737592 0.458401591
v 0.119120099 -0.448737592 0.458401591
v 0.119676679 -0.405950904 0.479908586
v 0.12075796 -0.346054792 0.462208807
v 0.0635422319 -0.329230517 0.459096372
v 0.0941253155 -0.328521162 0.446570188
v 0.0635422319 -0.329230517 0.459096372
v 0.115966849 -0.312806368 0.445814729
v 0.131925374 -0.325750828 0.424127936
v 0.0956247672 -0.257158875 0.477291107
v 0.0635422319 -0.329230517 0.459096372
v 0.0621425994 -0.291850299 0.43928054
v 0.0784318969 -0.265309304 0.44286266
v 0.0635422319 -0.329230517 0.459096372
v 0.0568942726 -0.247484967 0.427712113
v 0.0497138239 -0.204220235 0.458716661
v 0.0716843978 -0.268760115 0.404109269
v 0.0716843978 -0.268760115 0.404109269
v 0.0850071311 -0.378721178 0.468405038
v 0.109253481 -0.364391088 0.497623712
v 0.0635422319 -0.329230517 0.459096372
v 0.0605470948 -0.358553231 0.450190037
v 0.109253481 -0.364391088 0.497623712
v 0.0560952574 -0.403456062 0.465766639
v 0.0699870884 -0.387714416 0.41810137
v 0.0605470948 -0.358553231 0.450190037
v 0.0699870884 -0.387714416 0.41810137
v 0.157632485 -0.498587817 0.580592275
v 0.110790536 -0.457112372 0.539030433
v 0.0910860449 -0.513577342 0.597714424
v 0.182907805 -0.513779283 0.609453797
v 0.169248044 -0.48852253 0.535955966
v 0.110790536 -0.457112372 0.539030433
v 0.144903004 -0.476835787 0.51590836
v 0.158322975 -0.415169299 0.524557769
v 0.110790536 -0.457112372 0.539030433
v 0.171361402 -0.458121568 0.508504152
v 0.184845537 -0.481081337 0.493075967
v 0.169248044 -0.48852253 0.535955966
v 0.184845537 -0.481081337 0.493075967
v 0.119676679 -0.405950904 0.479908586
v 0.158322975 -0.415169299 0.524557769
v 0.109253481 -0.364391088 0.497623712
v 0.119676679 -0.405950904 0.479908586
v 0.145576939 -0.432053149 0.489291072
v 0.118550271 -0.447971761 0.487184823
v 0.110790536 -0.457112372 0.539030433
v 0.119120099 -0.448737592 0.458401591
v 0.119676679 -0.405950904 0.479908586
v 0.119120099 -0.448737592 0.458401591
v 0.145342782 -0.371570528 0.476924747
v 0.158322975 -0.415169299 0.524557769
v 0.176572636 -0.393092275 0.491018385
v 0.183979586 -0.366015851 0.45494315
v 0.16798602 -0.355439395 0.477256954
v 0.109253481 -0.364391088 0.497623712
v 0.147687331 -0.305628598 0.500921905
v 0.109253481 -0.364391088 0.497623712
v 0.158322975 -0.415169299 0.524557769
v 0.109253481 -0.364391088 0.497623712
v 0.135157406 -0.319003642 0.464771956
v 0.12075796 -0.346054792 0.462208807
v 0.147687331 -0.305628598 0.500921905
v 0.131925374 -0.325750828 0.424127936
v 0.147687331 -0.305628598 0.500921905
v 0.115966849 -0.312806368 0.445814729
v 0.0956247672 -0.257158875 0.477291107
v 0.131925374 -0.325750828 0.424127936
v 0.184845537 -0.481081337 0.493075967
v 0.169248044 -0.48852253 0.535955966
v 0.0249863137 -0.555778086 0.545442581
v -0 -0.596148193 0.584089875
v 0.0595245212 -0.558374822 0.581413805
v -0 -0.575864494 0.545552075
v -0 -0.516838193 0.593251407
v -0 -0.542726219 0.546507239
v -0 -0.537887394 0.497842133
v -0 -0.537887394 0.497842133
v -0 -0.613179326 0.571043968
v 0.0475531183 -0.632274151 0.581179559
v -0 -0.647715688 0.565389097
v -0 -0.67494452 0.593447626
v 0.0404876806 -0.59822911 0.566381037
v 0.0595245212 -0.558374822 0.581413805
v 0.0592560321 -0.610970914 0.556655347
v 0.0601188019 -0.587236702 0.510174513
v 0.0603604354 -0.579135895 0.563840449
v 0.0595245212 -0.558374822 0.581413805
v 0.0499180593 -0.674648583 0.595565557
v 0.0447934903 -0.715466142 0.568112493
v 0.0178460777 -0.701894999 0.553255677
v -0 -0.741521299 0.546405256
v -0 -0.714265645 0.54958725
v -0 -0.695807278 0.519210517
v -0 -0.741521299 0.546405256
v 0.0447934903 -0.715466142 0.568112493
v -0 -0.67494452 0.593447626
v -0 -0.68252784 0.555352449
v -0 -0.68252784 0.555352449
v -0 -0.695807278 0.519210517
v 0.0377946459 -0.751910627 0.531327248
v -0 -0.741521299 0.546405256
v 0.0582033731 -0.735554874 0.520857513
v 0.0571597703 -0.763559043 0.476592511
v 0.0563321374 -0.787155926 0.553621709
v 0.0559029095 -0.766088307 0.53034687
v -0 -0.741521299 0.546405256
v 0.0571597703 -0.763559043 0.476592511
v 0.0213152356 -0.790518165 0.511208236
v -0 -0.741521299 0.546405256
v -0 -0.769204617 0.507407248
v 0.0563321374 -0.787155926 0.553621709
v -0 -0.810818017 0.46306482
v 0.0213152356 -0.790518165 0.511208236
v -0 -0.80881691 0.511325538
v -0 -0.810818017 0.46306482
v 0.0563321374 -0.787155926 0.553621709
v 0.0213152356 -0.790518165 0.511208236
v -0 -0.506622851 1.28611386
v 0.079931289 -0.484610319 1.25989294
v 0.057699725 -0.53601563 1.25766873
v 0.0251154769 -0.543229759 1.29663849
v -0 -0.580545187 1.24665499
v -0 -0.563218653 1.28647077
v -0 -0.528169572 1.30896568
v -0 -0.56993407 1.33877861
v -0 -0.56993407 1.33877861
v 0.0251154769 -0.543229759 1.29663849
v 0.0351756662 -0.590113044 1.27318335
v 0.0598418079 -0.572168291 1.27553415
v -0 -0.580545187 1.24665499
v 0.0518597923 -0.609054804 1.22336543
v -0 -0.580545187 1.24665499
v 0.0593721792 -0.60850817 1.2719475
v 0.0564028807 -0.613956988 1.32058132
v 0.0598418079 -0.572168291 1.27553415
v 0.0564028807 -0.613956988 1.32058132
v -0 -0.580545187 1.24665499
v 0.0247587338 -0.62573725 1.24895835
v -0 -0.610709727 1.25458157
v -0 -0.632938087 1.28775644
v -0 -0.580545187 1.24665499
v 0.0518597923 -0.609054804 1.22336543
v -0 -0.80707258 1.14100385
v -0 -0.82964927 1.18530655
v -0 -0.720013857 1.19846451
v -0 -0.736047029 1.23492157
v -0.119333677 -0.986425936 0.68231231
v -0.070386149 -0.965975761 0.591990948
v -0.0962990671 -1.02187252 0.670980752
v -0.102773771 -0.911151469 0.619919181
v -0.120879315 -0.940296292 0.595106661
v -0.145191431 -1.01431108 0.668498993
v -0.0928060785 -1.00473702 0.578303456
v -0.124516435 -1.05061257 0.657676101
v -0.131654456 -1.02867806 0.744259834
v -0.112591572 -1.05639756 0.737901509
v -0.15453887 -1.05213237 0.735848844
v -0.135480106 -1.07817221 0.729855359
v -0.131654456 -1.02867806 0.744259834
v -0.131654456 -1.02867806 0.744259834
v -0.137357622 -1.06661034 0.810752213
v -0.124635629 -1.08213449 0.810688138
v -0.12135797 -1.05187964 0.813442528
v -0.109027497 -1.06895912 0.813056767
v -0.131654456 -1.02867806 0.744259834
v -0.0945660025 -1.05957532 0.897531569
v -0.0962990671 -1.02187252 0.670980752
v -0.0928060785 -1.00473702 0.578303456
v -0.124516435 -1.05061257 0.657676101
v -0.070386149 -0.965975761 0.591990948
v -0.112591572 -1.05639756 0.737901509
v -0.135480106 -1.07817221 0.729855359
v -0.124635629 -1.08213449 0.810688138
v -0.109027497 -1.06895912 0.813056767
v -0.112591572 -1.05639756 0.737901509
v -0.0945660025 -1.05957532 0.897531569
v -0.12135797 -1.05187964 0.813442528
v -0.109027497 -1.06895912 0.813056767
v 0.0703850091 -0.965975761 0.591990948
v 0.119332284 -0.986426055 0.68231225
v 0.0962977931 -1.0218724 0.670980752
v 0.102772795 -0.911151588 0.61991924
v 0.120877951 -0.940296292 0.595106661
v 0.145190209 -1.01431108 0.668498993
v 0.0928049535 -1.00473726 0.578303456
v 0.124515213 -1.05061257 0.65767616
v 0.131653041 -1.02867866 0.744259655
v 0.112590402 -1.05639756 0.737901509
v 0.154537603 -1.05213237 0.735848844
v 0.135478839 -1.07817221 0.729855359
v 0.131653041 -1.02867866 0.744259655
v 0.131653041 -1.02867866 0.744259655
v 0.1373564 -1.06661022 0.810752213
v 0.124634452 -1.08213425 0.810688138
v 0.121356502 -1.05187953 0.813442469
v 0.131653041 -1.02867866 0.744259655
v 0.109026209 -1.06895912 0.813056767
v 0.0945648476 -1.05957532 0.897531509
v 0.0928049535 -1.00473726 0.578303456
v 0.0962977931 -1.0218724 0.670980752
v 0.124515213 -1.05061257 0.65767616
v 0.0703850091 -0.965975761 0.591990948
v 0.112590402 -1.05639756 0.737901509
v 0.135478839 -1.07817221 0.729855359
v 0.124634452 -1.08213425 0.810688138
v 0.112590402 -1.05639756 0.737901509
v 0.109026209 -1.06895912 0.813056767
v 0.0945648476 -1.05957532 0.897531509
v 0.121356502 -1.05187953 0.813442469
v 0.109026209 -1.06895912 0.813056767
v -0.0928961635 -0.927735269 0.606219888
v -0.135725722 -0.86214 0.695583105
v -0.0967079252 -0.960954428 0.65099591
v -0.128950655 -0.846289873 0.655156493
v -0.0596722402 -1.02312744 0.551514328
v -0.0733179376 -1.05626297 0.60559988
v -3.05160006E-06 -1.07998788 0.588753939
v -5.92199797E-07 -1.05000222 0.54439491
v -0.111166328 -0.861547887 0.696259916
v -0.0805369541 -0.96169585 0.649863958
v -0.0761727616 -0.84011656 0.652501822
v -0.0478769131 -0.930903733 0.591836751
v -0.0374819674 -0.983776808 0.567972183
v -0.0650786236 -1.04999292 0.612834811
v -5.88299883E-07 -1.00501668 0.55308491
v -1.75226296E-06 -1.07399595 0.594992995
v 0.135724366 -0.86214 0.695583105
v 0.0928953812 -0.927735269 0.606219649
v 0.0967073739 -0.960954547 0.650996089
v 0.128949583 -0.846289873 0.655156493
v 0.0596714206 -1.02312768 0.551514089
v 0.0733163953 -1.05626273 0.605599761
v -3.05160006E-06 -1.07998788 0.588753939
v -5.92199797E-07 -1.05000222 0.54439491
v 0.111164957 -0.861547887 0.696259916
v 0.0805357546 -0.961696148 0.649864018
v 0.0761720091 -0.84011656 0.652501523
v 0.0478761382 -0.930903852 0.591836691
v 0.0374806523 -0.983776808 0.567972004
v 0.0650774762 -1.04999316 0.61283499
v -5.88299883E-07 -1.00501668 0.55308491
v -1.75226296E-06 -1.07399595 0.594992995
v -0.0797327235 -0.934339106 0.664058447
v -0.109435804 -0.870428324 0.727141559
v -0.0906056389 -0.976428449 0.712602854
v -0.0955858678 -0.852267683 0.697292149
v -0.0599237904 -1.04778421 0.628030837
v -0.0763789266 -1.07403886 0.662377
v -1.66999985E-06 -1.07183743 0.621832728
v -5.72499687E-07 -1.10798967 0.6546942
v -0.0652712062 -0.852208793 0.700139821
v -0.0618651584 -0.932913542 0.666205883
v -0.0547029451 -0.871186197 0.739033341
v -0.0447401553 -0.981280327 0.723062813
v -0.0474508852 -1.03904581 0.636334002
v -0.0327819251 -1.04429293 0.682694435
v -6.75899798E-07 -1.07082939 0.670480013
v -1.36419987E-06 -1.06753528 0.626253068
v -6.75899798E-07 -1.07082939 0.670480013
v 0.109434471 -0.870428324 0.727141559
v 0.0797318369 -0.934339285 0.664058387
v 0.0906047672 -0.976428449 0.712602735
v 0.0955846608 -0.852267683 0.697292149
v 0.0599226356 -1.04778409 0.628030658
v 0.0763777494 -1.07403886 0.662377
v -1.66999985E-06 -1.07183743 0.621832728
v -5.72499687E-07 -1.10798967 0.6546942
v 0.0652700588 -0.852208793 0.700139821
v 0.0618638173 -0.932913542 0.666205585
v 0.0547017232 -0.871186197 0.739033341
v 0.0447389819 -0.981280327 0.723062813
v 0.0474497303 -1.03904581 0.636333883
v 0.0327808 -1.04429293 0.682694435
v -6.75899798E-07 -1.07082939 0.670480013
v -1.36419987E-06 -1.06753528 0.626253068
v -6.75899798E-07 -1.07082939 0.670480013
v -0.00890212599 -0.698609829 1.13993442
v -0.066713959 -0.736564159 1.17369318
v -0.0504756011 -0.71491158 1.19461036
v -0.0288664624 -0.734731674 1.09748781
v -0.0362009034 -0.669026017 1.1610626
v -0.0626696572 -0.687676132 1.1909008
v -0.0848784894 -0.748953998 1.22520137
v -0.0741274208 -0.735427856 1.23579025
v -0.0856008902 -0.722024918 1.23936617
v -0.0909096003 -0.768538594 1.28394866
v -0.066713959 -0.736564159 1.17369318
v -0.064198494 -0.690175891 1.12235558
v -0.0870662257 -0.707120419 1.17584693
v -0.0362009034 -0.669026017 1.1610626
v -0.0626696572 -0.687676132 1.1909008
v -0.0848784894 -0.748953998 1.22520137
v -0.098081924 -0.73345089 1.23091555
v -0.0856008902 -0.722024918 1.23936617
v -0.0909096003 -0.768538594 1.28394866
v -0.0273652207 -0.616137207 1.19001138
v -0.104629248 -0.632221699 1.24227881
v -0.0773668736 -0.608855665 1.2671119
v -0.0615265444 -0.661035836 1.13864076
v -0.0951899812 -0.596042156 1.17376435
v -0.123894803 -0.599078 1.24140561
v -0.0552240945 -0.565284252 1.2132566
v -0.0897345841 -0.573266268 1.25869811
v -0.0552240945 -0.565284252 1.2132566
v -0.0897345841 -0.573266268 1.25869811
v -0.127332345 -0.633374095 1.31692076
v -0.108737081 -0.620945096 1.32835352
v -0.140405849 -0.613445163 1.32192874
v -0.121930875 -0.596782982 1.33129454
v -0.121930875 -0.596782982 1.33129454
v -0.135928214 -0.638385177 1.40231788
v -0.135928214 -0.638385177 1.40231788
v -0.026877746 -0.526723325 1.2409308
v -0.111413017 -0.521961331 1.30861843
v -0.0728675425 -0.506275356 1.32424974
v -0.0933252349 -0.564402103 1.20216501
v -0.10060963 -0.489634931 1.2265358
v -0.119041666 -0.480173558 1.30314422
v -0.049573727 -0.473940641 1.26166439
v -0.0778641552 -0.469565988 1.31175828
v -0.049573727 -0.473940641 1.26166439
v -0.0778641552 -0.469565988 1.31175828
v -0.120711513 -0.508602977 1.3844012
v -0.096456565 -0.499603897 1.39026713
v -0.126785576 -0.481373936 1.38768303
v -0.104094401 -0.473685801 1.39253151
v -0.104094401 -0.473685801 1.39253151
v -0.118771061 -0.506946862 1.4702729
v -0.0821645707 -0.97759074 0.613683939
v -0.0675269365 -1.06592417 0.565402806
v -0.0861521438 -1.07218695 0.58686465
v -0.0375282131 -0.961792886 0.586297989
v -0.111017689 -0.977228999 0.594604909
v -0.108503051 -1.07391679 0.567425847
v -0.0885622799 -1.06814528 0.546074331
v -0.0737956539 -0.974223852 0.565045834
v -0.0675269365 -1.06592417 0.565402806
v -0.0375282131 -0.961792886 0.586297989
v -0.0741840228 -1.13355362 0.555389166
v -0.0879772082 -1.13651383 0.573139131
v -0.0741840228 -1.13355362 0.555389166
v -0.0903240964 -1.13743019 0.53995353
v -0.102573618 -1.14030671 0.557049096
v -0.0750805959 -1.20128798 0.559433103
v -0.0818268508 -1.20234919 0.570692718
v -0.0750805959 -1.20128798 0.559433103
v -0.0829339176 -1.20431483 0.5508883
v -0.089820087 -1.20564234 0.560380995
v -0.0724721476 -1.24999785 0.574531496
v -0.0724721476 -1.24999785 0.574531496
v -0.149768069 -0.867497385 0.629728019
v -0.118232153 -0.910240293 0.68661499
v -0.154803589 -0.892163694 0.677212179
v -0.100008503 -0.894646764 0.614925265
v -0.145099327 -0.899261534 0.73909086
v -0.145099327 -0.899261534 0.73909086
v -0.173049241 -0.889655769 0.716153383
v -0.175629854 -0.854788184 0.765222371
v -0.100008503 -0.894646764 0.614925265
v -0.121249877 -0.95769757 0.690517783
v -0.118232153 -0.910240293 0.68661499
v -0.0917876139 -0.948411524 0.594049275
v -0.150916964 -0.930562794 0.755446255
v -0.139700532 -0.921689749 0.606558621
v -0.155066997 -0.934522212 0.682142019
v -0.0917876139 -0.948411524 0.594049275
v -0.154803589 -0.892163694 0.677212179
v -0.149768069 -0.867497385 0.629728019
v -0.150916964 -0.930562794 0.755446255
v -0.175120294 -0.922972381 0.73595053
v -0.173049241 -0.889655769 0.716153383
v -0.19147107 -0.872282565 0.788329363
v -0.208070621 -0.880067825 0.761440039
v -0.192870781 -0.86205399 0.734194398
v -0.118232153 -0.910240293 0.68661499
v -0.145099327 -0.899261534 0.73909086
v -0.19147107 -0.872282565 0.788329363
v -0.175629854 -0.854788184 0.765222371
v -0.192870781 -0.86205399 0.734194398
v -0.210276067 -0.810917795 0.75479275
v -0.19147107 -0.872282565 0.788329363
v -0.175629854 -0.854788184 0.765222371
v -0.210276067 -0.810917795 0.75479275
v -0.216044709 -0.828073323 0.730870545
v -0.232239261 -0.780792594 0.71857971
v -0.228555992 -0.814951479 0.771838069
v -0.210276067 -0.810917795 0.75479275
v -0.19147107 -0.872282565 0.788329363
v -0.236596406 -0.830515862 0.751523197
v -0.192870781 -0.86205399 0.734194398
v -0.19147107 -0.872282565 0.788329363
v -0.246685788 -0.777724683 0.727167547
v -0.210276067 -0.810917795 0.75479275
v -0.232239261 -0.780792594 0.71857971
v -0.249224186 -0.791836202 0.717263758
v -0.234608889 -0.794799507 0.708911359
v -0.232239261 -0.780792594 0.71857971
v -0.244369999 -0.764153779 0.679836273
v -0.232239261 -0.780792594 0.71857971
v -0.244369999 -0.764153779 0.679836273
v -0.252705008 -0.735688746 0.776415944
v -0.211303055 -0.693569601 0.777474046
v -0.253379732 -0.71048665 0.763752341
v -0.211375818 -0.738733292 0.799178779
v -0.269595325 -0.721391737 0.795196891
v -0.224631116 -0.717392385 0.83462429
v -0.2320887 -0.675192416 0.827573836
v -0.273070365 -0.701032698 0.789339483
v -0.211303055 -0.693569601 0.777474046
v -0.253379732 -0.71048665 0.763752341
v -0.298421353 -0.749546707 0.735861123
v -0.298421353 -0.749546707 0.735861123
v -0.298421353 -0.749546707 0.735861123
v -0.298421353 -0.749546707 0.735861123
v -0.199037433 -0.717579842 0.842306733
v -0.289073735 -0.65406692 0.82046324
v -0.25292027 -0.605846703 0.804315865
v -0.28066808 -0.608085036 0.791403174
v -0.226128727 -0.667757571 0.849534869
v -0.296358943 -0.642064452 0.857431531
v -0.24540405 -0.643904269 0.889222085
v -0.223137066 -0.645986617 0.890592039
v -0.340616882 -0.662914813 0.771963239
v -0.338533789 -0.637504697 0.752285898
v -0.356802583 -0.653885961 0.782985747
v -0.382284313 -0.69189626 0.699387968
v -0.382284313 -0.69189626 0.699387968
v -0.36321941 -0.635283291 0.780503154
v -0.233772978 -0.587880313 0.914129913
v -0.26378563 -0.592970669 0.901667774
v -0.306124657 -0.601463139 0.866035044
v -0.266439378 -0.553874016 0.871833861
v -0.307396531 -0.575472951 0.831095636
v -0.25292027 -0.605846703 0.804315865
v -0.28066808 -0.608085036 0.791403174
v -0.360629976 -0.621471882 0.767962039
v -0.338533789 -0.637504697 0.752285898
v -0.382284313 -0.69189626 0.699387968
v 0.00890063308 -0.69860965 1.13993442
v 0.0667127147 -0.736564159 1.17369318
v 0.0288653169 -0.734731555 1.09748781
v 0.0504745916 -0.714911461 1.19461024
v 0.036199782 -0.669026017 1.16106272
v 0.0626685768 -0.68767637 1.1909008
v 0.084877193 -0.748954058 1.22520137
v 0.074126251 -0.735427678 1.23579025
v 0.0855995715 -0.722025216 1.23936582
v 0.0909084305 -0.768538594 1.28394866
v 0.0641977638 -0.690175772 1.12235546
v 0.0667127147 -0.736564159 1.17369318
v 0.0870657712 -0.707120359 1.17584682
v 0.036199782 -0.669026017 1.16106272
v 0.0626685768 -0.68767637 1.1909008
v 0.084877193 -0.748954058 1.22520137
v 0.0980816185 -0.73345089 1.23091555
v 0.0855995715 -0.722025216 1.23936582
v 0.0909084305 -0.768538594 1.28394866
v 0.0273643509 -0.616137207 1.19001114
v 0.104627833 -0.63222158 1.24227881
v 0.0615253001 -0.661035836 1.13864076
v 0.0773663297 -0.608855486 1.26711154
v 0.0951889381 -0.596042097 1.17376423
v 0.12389423 -0.599078 1.24140537
v 0.0552229434 -0.565284252 1.2132566
v 0.0897334665 -0.573266387 1.25869811
v 0.0552229434 -0.565284252 1.2132566
v 0.0897334665 -0.573266387 1.25869811
v 0.127331004 -0.633374214 1.31692076
v 0.10873659 -0.620944858 1.32835329
v 0.140405282 -0.613445163 1.32192874
v 0.121929608 -0.596782982 1.33129442
v 0.121929608 -0.596782982 1.33129442
v 0.135926783 -0.638385177 1.40231788
v 0.135926783 -0.638385177 1.40231788
v 0.0268762317 -0.526723444 1.2409308
v 0.111411743 -0.521961451 1.30861843
v 0.0933240503 -0.564402103 1.20216501
v 0.0728666931 -0.506275177 1.32424951
v 0.100608319 -0.489634842 1.22653568
v 0.119040713 -0.480173379 1.30314422
v 0.0495726876 -0.4739407 1.26166427
v 0.0778632015 -0.469566435 1.31175804
v 0.0495726876 -0.4739407 1.26166427
v 0.0778632015 -0.469566435 1.31175804
v 0.120710313 -0.508603036 1.3844012
v 0.096455887 -0.49960357 1.39026666
v 0.126784965 -0.481373549 1.38768327
v 0.104093358 -0.473686248 1.39253128
v 0.104093358 -0.473686248 1.39253128
v 0.118769728 -0.506946862 1.4702729
v 0.0821632072 -0.97759074 0.613683939
v 0.0675264373 -1.06592405 0.565402925
v 0.0375272892 -0.961792707 0.586297989
v 0.0861509219 -1.07218683 0.586864591
v 0.111017101 -0.977228999 0.594604969
v 0.108502559 -1.07391679 0.567425847
v 0.0885611102 -1.06814528 0.54607439
v 0.0737945139 -0.974223852 0.565045893
v 0.0675264373 -1.06592405 0.565402925
v 0.0375272892 -0.961792707 0.586297989
v 0.0741834268 -1.13355339 0.555389166
v 0.0879762471 -1.13651383 0.573138714
v 0.0741834268 -1.13355339 0.555389166
v 0.0903227106 -1.13743031 0.539953589
v 0.10257303 -1.14030671 0.557049096
v 0.0750801638 -1.20128798 0.559433043
v 0.08182583 -1.20234942 0.57069248
v 0.0750801638 -1.20128798 0.559433043
v 0.0829326957 -1.20431507 0.5508883
v 0.0898195431 -1.2056427 0.560381174
v 0.0724710152 -1.24999785 0.574531496
v 0.0724710152 -1.24999785 0.574531496
v 0.149766669 -0.867497206 0.629728079
v 0.118231215 -0.910240591 0.686614811
v 0.100007258 -0.894646823 0.614925146
v 0.154802293 -0.892163575 0.677212179
v 0.145098671 -0.899262011 0.739090741
v 0.173048019 -0.88965565 0.716153264
v 0.145098671 -0.899262011 0.739090741
v 0.175629288 -0.85478878 0.765222311
v 0.100007258 -0.894646823 0.614925146
v 0.121248908 -0.957697093 0.690517724
v 0.0917863548 -0.948411405 0.594049275
v 0.118231215 -0.910240591 0.686614811
v 0.150915802 -0.930562556 0.755446136
v 0.139699563 -0.921689749 0.606558621
v 0.155066416 -0.934522629 0.68214184
v 0.0917863548 -0.948411405 0.594049275
v 0.154802293 -0.892163575 0.677212179
v 0.149766669 -0.867497206 0.629728079
v 0.150915802 -0.930562556 0.755446136
v 0.175119594 -0.922972858 0.73595047
v 0.173048019 -0.88965565 0.716153264
v 0.191469863 -0.872282386 0.788329363
v 0.208069906 -0.880067945 0.76143986
v 0.192869559 -0.86205399 0.734194458
v 0.118231215 -0.910240591 0.686614811
v 0.145098671 -0.899262011 0.739090741
v 0.191469863 -0.872282386 0.788329363
v 0.192869559 -0.86205399 0.734194458
v 0.175629288 -0.85478878 0.765222311
v 0.210275322 -0.810917974 0.75479269
v 0.175629288 -0.85478878 0.765222311
v 0.191469863 -0.872282386 0.788329363
v 0.216043398 -0.828073263 0.730870664
v 0.210275322 -0.810917974 0.75479269
v 0.232238501 -0.780792892 0.71857959
v 0.228555143 -0.814951241 0.771838486
v 0.191469863 -0.872282386 0.788329363
v 0.210275322 -0.810917974 0.75479269
v 0.236595973 -0.83051616 0.751523137
v 0.192869559 -0.86205399 0.734194458
v 0.191469863 -0.872282386 0.788329363
v 0.246684775 -0.777724385 0.727167785
v 0.210275322 -0.810917974 0.75479269
v 0.232238501 -0.780792892 0.71857959
v 0.249223664 -0.791836619 0.71726346
v 0.234607622 -0.794799387 0.708911359
v 0.232238501 -0.780792892 0.71857959
v 0.244368792 -0.764153957 0.679836154
v 0.232238501 -0.780792892 0.71857959
v 0.244368792 -0.764153957 0.679836154
v 0.252703667 -0.735688627 0.776415944
v 0.211302146 -0.693569601 0.777474225
v 0.211374834 -0.738733172 0.799178779
v 0.25337854 -0.710487187 0.763752639
v 0.269594222 -0.721392035 0.795197129
v 0.224630147 -0.717392564 0.834624588
v 0.232087702 -0.675192416 0.827573836
v 0.27306971 -0.7010324 0.789339662
v 0.211302146 -0.693569601 0.777474225
v 0.25337854 -0.710487187 0.763752639
v 0.298420221 -0.749546826 0.735861182
v 0.298420221 -0.749546826 0.735861182
v 0.298420221 -0.749546826 0.735861182
v 0.298420221 -0.749546826 0.735861182
v 0.199036315 -0.717579842 0.842306733
v 0.252918899 -0.605846703 0.804315865
v 0.289072514 -0.65406692 0.82046324
v 0.280667096 -0.608085096 0.791403651
v 0.226127625 -0.667757571 0.849534869
v 0.296357632 -0.642064571 0.85743171
v 0.245402619 -0.643904269 0.889222085
v 0.223135889 -0.645986676 0.890592098
v 0.34061569 -0.662914693 0.771963179
v 0.338532895 -0.637504697 0.752286136
v 0.356801093 -0.653886378 0.782985747
v 0.382283628 -0.6918962 0.699387848
v 0.382283628 -0.6918962 0.699387848
v 0.363218874 -0.635283291 0.780503452
v 0.23377198 -0.587880373 0.914129913
v 0.263784289 -0.59297049 0.901667774
v 0.306123585 -0.601463139 0.866035223
v 0.266438484 -0.553874016 0.871833861
v 0.30739516 -0.575472951 0.831095457
v 0.252918899 -0.605846703 0.804315865
v 0.280667096 -0.608085096 0.791403651
v 0.360629082 -0.621471524 0.767961919
v 0.338532895 -0.637504697 0.752286136
v 0.382283628 -0.6918962 0.699387848
v -6.09849994E-05 -0.896670878 0.972719848
v -0.0271615721 -0.900905907 1.03812349
v -6.79236982E-05 -0.924488783 1.02013564
v -0.043697495 -0.851108968 0.993530929
v -6.10938005E-05 -0.825144053 1.04274893
v -6.6868095E-05 -0.883582115 1.06552994
v -6.23330998E-05 -0.956862748 1.09290934
v -0.0146270609 -0.944369614 1.10288107
v -7.04932972E-05 -0.924097896 1.11342585
v -6.12345975E-05 -0.959980011 1.18214631
v -6.12345975E-05 -0.959980011 1.18214631
v 0.0271114111 -0.9009161 1.03813541
v -6.79236982E-05 -0.924488783 1.02013564
v -6.09849994E-05 -0.896670878 0.972719848
v 0.0436498448 -0.851119578 0.993543506
v -6.10938005E-05 -0.825144053 1.04274893
v -6.6868095E-05 -0.883582115 1.06552994
v 0.0145802982 -0.944383204 1.10289097
v -7.04932972E-05 -0.924097896 1.11342585
v -6.12345975E-05 -0.959980011 1.18214631
v -6.12345975E-05 -0.959980011 1.18214631
v -0.0165364221 -0.986677051 0.953757942
v -6.1014096E-05 -0.984683037 0.878177106
v -0.0266956519 -0.944063604 0.887699544
v -6.29551942E-05 -1.00041771 0.944091916
v -6.10231E-05 -0.9207623 0.925153315
v -6.67179993E-05 -0.966477931 0.96462065
v -6.11789947E-05 -1.00246155 1.03292632
v -6.11789947E-05 -1.00246155 1.03292632
v 0.0164917652 -0.986696303 0.953765869
v -6.1014096E-05 -0.984683037 0.878177106
v 0.0266022887 -0.94407028 0.887701988
v -6.10231E-05 -0.9207623 0.925153315
v -6.67179993E-05 -0.966477931 0.96462065
v -6.11789947E-05 -1.00246155 1.03292632
v -6.11789947E-05 -1.00246155 1.03292632
v -0.0183064584 -0.3919065 1.40360665
v -6.0989154E-05 -0.409523904 1.32394838
v -0.0384387001 -0.36894384 1.33681405
v -6.09981544E-05 -0.330976427 1.35562027
v -6.669305E-05 -0.368875176 1.40973186
v -6.11548821E-05 -0.408206046 1.48342073
v -6.29302594E-05 -0.408615023 1.39721966
v -6.0989154E-05 -0.409523904 1.32394838
v -6.11548821E-05 -0.408206046 1.48342073
v 0.0182618517 -0.391923904 1.40361857
v -6.11548821E-05 -0.408206046 1.48342073
v 0.0383453853 -0.368947864 1.33681786
v -6.0989154E-05 -0.409523904 1.32394838
v -6.09981544E-05 -0.330976427 1.35562027
v -6.669305E-05 -0.368875176 1.40973186
v -6.11548821E-05 -0.408206046 1.48342073
v -0.0207167435 -0.167282715 1.44905686
v -6.28726848E-05 -0.218728215 1.37359834
v -0.043506436 -0.174447432 1.36888278
v -6.50700094E-05 -0.18627739 1.44999385
v -6.28828711E-05 -0.128967702 1.37103403
v -6.93294933E-05 -0.141690329 1.44469225
v -6.30602881E-05 -0.146987796 1.53934753
v -6.30602881E-05 -0.146987796 1.53934753
v 0.0206785817 -0.167294353 1.44907725
v 0.0434131436 -0.17445156 1.36888969
v -6.28828711E-05 -0.128967702 1.37103403
v -6.93294933E-05 -0.141690329 1.44469225
v -6.30602881E-05 -0.146987796 1.53934753
v -6.30602881E-05 -0.146987796 1.53934753
v -0.0949069634 -0.309489638 1.41537976
v -0.0314677507 -0.314691722 1.35734558
v -0.0856515616 -0.320531785 1.33969307
v -0.0703608766 -0.305661052 1.42243552
v -0.0954575017 -0.263354212 1.34736598
v -0.101328246 -0.279695392 1.41389894
v -0.116807714 -0.29441005 1.49845278
v -0.116807714 -0.29441005 1.49845278
v -0.0726827309 -0.279976994 1.42460704
v -0.0389935747 -0.257905215 1.35903406
v -0.0954575017 -0.263354212 1.34736598
v -0.101328246 -0.279695392 1.41389894
v -0.116807714 -0.29441005 1.49845278
v -0.116807714 -0.29441005 1.49845278
v -0.163783684 -0.188031882 1.39322186
v -0.153539926 -0.14901951 1.31711662
v -0.11134389 -0.182043985 1.33721757
v -0.183021963 -0.174258679 1.38287091
v -0.141519204 -0.230226785 1.32630038
v -0.17528522 -0.214811131 1.38418221
v -0.21734646 -0.204985037 1.45994377
v -0.21734646 -0.204985037 1.45994377
v -0.196911737 -0.194900542 1.37574613
v -0.180885956 -0.196486548 1.30049598
v -0.141519204 -0.230226785 1.32630038
v -0.17528522 -0.214811131 1.38418221
v -0.21734646 -0.204985037 1.45994377
v -0.21734646 -0.204985037 1.45994377
v -0.13983269 -0.0718307123 1.40114152
v -0.09175843 -0.129479706 1.35889995
v -0.130263761 -0.0988140479 1.32970893
v -0.121226512 -0.0848745704 1.41341472
v -0.0977793932 -0.0510589965 1.33365321
v -0.122799464 -0.0467677675 1.3975569
v -0.155792162 -0.0315288529 1.47683334
v -0.155792162 -0.0315288529 1.47683334
v -0.104818888 -0.064885065 1.41440248
v -0.0567327142 -0.0842197761 1.35751832
v -0.0977793932 -0.0510589965 1.33365321
v -0.122799464 -0.0467677675 1.3975569
v -0.155792162 -0.0315288529 1.47683334
v -0.155792162 -0.0315288529 1.47683334
v -0.232344195 -0.0818645433 1.33407938
v -0.179960087 -0.0636704639 1.29061902
v -0.18589507 -0.10886509 1.30127728
v -0.23000145 -0.0617872216 1.32794201
v -0.2246968 -0.111596376 1.27427137
v -0.250458062 -0.0865964144 1.31757164
v -0.289214104 -0.0602854155 1.37137175
v -0.289214104 -0.0602854155 1.37137175
v -0.246281043 -0.0621344373 1.31441462
v -0.215153277 -0.0674566254 1.25996256
v -0.2246968 -0.111596376 1.27427137
v -0.250458062 -0.0865964144 1.31757164
v -0.289214104 -0.0602854155 1.37137175
v -0.289214104 -0.0602854155 1.37137175
v -0.278751701 -0.260269582 1.2881546
v -0.213942066 -0.264376551 1.26536894
v -0.248240158 -0.268579513 1.2354207
v -0.262919486 -0.257210493 1.30102992
v -0.257851452 -0.223407015 1.23798907
v -0.28300792 -0.236463651 1.28505456
v -0.320872068 -0.248220742 1.3423568
v -0.320872068 -0.248220742 1.3423568
v -0.265306354 -0.236688569 1.30189872
v -0.22000286 -0.219053075 1.26425278
v -0.257851452 -0.223407015 1.23798907
v -0.28300792 -0.236463651 1.28505456
v -0.320872068 -0.248220742 1.3423568
v -0.320872068 -0.248220742 1.3423568
v -0.183372766 -0.396093667 1.317276
v -0.117838405 -0.341846794 1.30305111
v -0.126356021 -0.388954848 1.26670539
v -0.179911688 -0.374322832 1.33239329
v -0.173138231 -0.359768301 1.24429095
v -0.20518741 -0.3815763 1.3005693
v -0.253358632 -0.412307858 1.36586428
v -0.253358632 -0.412307858 1.36586428
v -0.199465588 -0.359943449 1.32215714
v -0.160139963 -0.311508566 1.27691782
v -0.173138231 -0.359768301 1.24429095
v -0.20518741 -0.3815763 1.3005693
v -0.253358632 -0.412307858 1.36586428
v -0.253358632 -0.412307858 1.36586428
v -0.0183064155 0.606059611 1.28585207
v -6.09430717E-05 0.632814825 1.20974016
v -6.28875496E-05 0.622486889 1.28233218
v -0.0384386554 0.593943477 1.21578443
v -6.09588933E-05 0.555610359 1.22796309
v -6.66536871E-05 0.58322072 1.28794599
v -6.11162177E-05 0.60926789 1.36754107
v -6.11162177E-05 0.60926789 1.36754107
v 0.0182618927 0.606074214 1.28586662
v 0.03834543 0.593948722 1.21578944
v -6.09588933E-05 0.555610359 1.22796309
v -6.66536871E-05 0.58322072 1.28794599
v -6.11162177E-05 0.60926789 1.36754107
v -6.11162177E-05 0.60926789 1.36754107
v -0.0207167007 0.811816454 1.18235624
v -6.28306952E-05 0.730794787 1.14021254
v -0.0435063913 0.767576456 1.11511028
v -6.50280199E-05 0.795525134 1.19216752
v -6.28408816E-05 0.808662832 1.09549069
v -6.92875037E-05 0.832299411 1.16640377
v -6.30182985E-05 0.872410536 1.2523036
v -6.30182985E-05 0.872410536 1.2523036
v 0.0206786245 0.811815917 1.18237972
v 0.0434131846 0.767576098 1.11511838
v -6.28408816E-05 0.808662832 1.09549069
v -6.92875037E-05 0.832299411 1.16640377
v -6.30182985E-05 0.872410536 1.2523036
v -6.30182985E-05 0.872410536 1.2523036
v -0.164252847 0.70141995 1.21517789
v -0.116178595 0.640022933 1.17859697
v -0.154683918 0.667780459 1.14662814
v -0.145646751 0.689599574 1.2286334
v -0.122199558 0.715694249 1.14602304
v -0.147219703 0.726029932 1.2092315
v -0.180212393 0.748722076 1.28670418
v -0.180212393 0.748722076 1.28670418
v -0.129239127 0.70959264 1.22772002
v -0.0811528862 0.68494767 1.17292702
v -0.122199558 0.715694249 1.14602304
v -0.147219703 0.726029932 1.2092315
v -0.180212393 0.748722076 1.28670418
v -0.180212393 0.748722076 1.28670418
v 0.0948136523 -0.309489459 1.41537976
v 0.0313744359 -0.314691216 1.35734558
v 0.0702675655 -0.305660903 1.4224354
v 0.0855582431 -0.320531756 1.33969307
v 0.0953641906 -0.263354063 1.34736598
v 0.101234928 -0.279695243 1.41389894
v 0.116714396 -0.294409901 1.49845278
v 0.116714396 -0.294409901 1.49845278
v 0.0725894198 -0.279976845 1.42460704
v 0.0389002636 -0.257905066 1.35903406
v 0.0953641906 -0.263354063 1.34736598
v 0.101234928 -0.279695243 1.41389894
v 0.116714396 -0.294409901 1.49845278
v 0.116714396 -0.294409901 1.49845278
v 0.163690388 -0.188031808 1.39322186
v 0.153446615 -0.149019435 1.31711662
v 0.182928666 -0.174258679 1.38287091
v 0.111250572 -0.18204391 1.33721757
v 0.141425893 -0.230226696 1.32630038
v 0.175191939 -0.214811057 1.38418221
v 0.217253163 -0.204984963 1.45994377
v 0.217253163 -0.204984963 1.45994377
v 0.196818441 -0.194900468 1.37574613
v 0.180792674 -0.196486473 1.30049598
v 0.141425893 -0.230226696 1.32630038
v 0.175191939 -0.214811057 1.38418221
v 0.217253163 -0.204984963 1.45994377
v 0.217253163 -0.204984963 1.45994377
v 0.139739379 -0.0718306303 1.40114152
v 0.0916651115 -0.129479632 1.35889995
v 0.121133193 -0.0848744959 1.41341472
v 0.130170435 -0.0988139734 1.32970893
v 0.0976860821 -0.051058922 1.33365321
v 0.122706145 -0.046767693 1.3975569
v 0.155698851 -0.0315287784 1.47683334
v 0.155698851 -0.0315287784 1.47683334
v 0.104725569 -0.064884983 1.41440248
v 0.0566394068 -0.0842197016 1.35751832
v 0.0976860821 -0.051058922 1.33365321
v 0.122706145 -0.046767693 1.3975569
v 0.155698851 -0.0315287784 1.47683334
v 0.155698851 -0.0315287784 1.47683334
v 0.232250914 -0.0818644688 1.33407938
v 0.179866806 -0.0636703894 1.29061902
v 0.229908153 -0.0617871471 1.32794201
v 0.185801789 -0.108865008 1.30127716
v 0.224603519 -0.111596294 1.27427137
v 0.25036478 -0.0865963325 1.31757164
v 0.289120793 -0.0602853373 1.37137175
v 0.289120793 -0.0602853373 1.37137175
v 0.246187761 -0.062134359 1.31441462
v 0.215059981 -0.0674565509 1.25996244
v 0.224603519 -0.111596294 1.27427137
v 0.25036478 -0.0865963325 1.31757164
v 0.289120793 -0.0602853373 1.37137175
v 0.289120793 -0.0602853373 1.37137175
v 0.27865842 -0.260269433 1.2881546
v 0.21384877 -0.264376551 1.26536894
v 0.262826204 -0.257210344 1.30102992
v 0.248146877 -0.268579453 1.2354207
v 0.257758141 -0.223406941 1.23798907
v 0.282914639 -0.236463577 1.28505456
v 0.320778757 -0.248220593 1.3423568
v 0.320778757 -0.248220593 1.3423568
v 0.265213072 -0.236688495 1.3018986
v 0.219909564 -0.219053 1.26425254
v 0.257758141 -0.223406941 1.23798907
v 0.282914639 -0.236463577 1.28505456
v 0.320778757 -0.248220593 1.3423568
v 0.320778757 -0.248220593 1.3423568
v 0.18327947 -0.396098614 1.317276
v 0.117745094 -0.341848403 1.30305111
v 0.179818392 -0.374326229 1.33239329
v 0.126262695 -0.388958663 1.26670527
v 0.17304495 -0.359771729 1.24429071
v 0.205094129 -0.381580353 1.3005693
v 0.253265351 -0.41230768 1.36586428
v 0.253265351 -0.41230768 1.36586428
v 0.199372306 -0.359945774 1.32215714
v 0.160046667 -0.311509699 1.27691782
v 0.17304495 -0.359771729 1.24429071
v 0.205094129 -0.381580353 1.3005693
v 0.253265351 -0.41230768 1.36586428
v 0.253265351 -0.41230768 1.36586428
v 0.164159566 0.70141995 1.21517789
v 0.116085276 0.640022933 1.17859697
v 0.14555344 0.689599574 1.2286334
v 0.154590607 0.667780459 1.14662814
v 0.122106247 0.715694249 1.14602304
v 0.147126392 0.726029932 1.2092315
v 0.180119112 0.748722076 1.28670418
v 0.180119112 0.748722076 1.28670418
v 0.129145816 0.70959264 1.22772002
v 0.0810595676 0.68494767 1.17292702
v 0.122106247 0.715694249 1.14602304
v 0.147126392 0.726029932 1.2092315
v 0.180119112 0.748722076 1.28670418
v 0.180119112 0.748722076 1.28670418
v -0.468866289 -0.152161881 0.892173886
v -0.412827402 -0.208557606 0.849069834
v -0.396726668 -0.124299139 0.899549007
v -0.470935911 -0.208230764 0.863978148
v -0.457053483 -0.171084836 0.938620567
v -0.395143926 -0.156944409 0.959212005
v -0.550647676 -0.156921208 0.896047831
v -0.557920158 -0.194551438 0.878120124
v -0.552215278 -0.171296597 0.924206853
v -0.687937021 -0.152365848 0.904298842
v -0.556927323 -0.198295951 0.926779628
v -0.399107575 -0.21750547 0.9734689
v -0.452423662 -0.211595893 0.951954246
v -0.399026185 -0.261479288 0.915694714
v -0.466098666 -0.242833987 0.912404478
v -0.412827402 -0.208557606 0.849069834
v -0.470935911 -0.208230764 0.863978148
v -0.561097085 -0.216566831 0.90774399
v -0.557920158 -0.194551438 0.878120124
v -0.687937021 -0.152365848 0.904298842
v 0.4693259 -0.152161881 0.892173886
v 0.413287014 -0.208557606 0.849069834
v 0.471395522 -0.208230764 0.863978148
v 0.397186279 -0.124299139 0.899549007
v 0.457513064 -0.171084836 0.938620567
v 0.395603508 -0.156944409 0.959212005
v 0.551107228 -0.156921208 0.896047831
v 0.55837971 -0.194551438 0.878120124
v 0.55267489 -0.171296597 0.924206853
v 0.688396573 -0.152365848 0.904298842
v 0.557386935 -0.198295951 0.926779628
v 0.399567187 -0.21750547 0.9734689
v 0.452883244 -0.211595893 0.951954246
v 0.399485767 -0.261479288 0.915694714
v 0.466558248 -0.242833987 0.912404478
v 0.413287014 -0.208557606 0.849069834
v 0.471395522 -0.208230764 0.863978148
v 0.561556637 -0.216566831 0.90774399
v 0.55837971 -0.194551438 0.878120124
v 0.688396573 -0.152365848 0.904298842
v -0.0154148899 -1.06303203 0.872352958
v -6.00430249E-05 -1.06460893 0.817176521
v -0.0248831455 -1.03343928 0.824007154
v -6.1852108E-05 -1.07383931 0.865337789
v -6.00514177E-05 -1.01425195 0.85127759
v -6.53589814E-05 -1.04728174 0.880222559
v -0.0154148899 -1.06303203 0.872352958
v -6.01967149E-05 -1.07175863 0.930189133
v -0.0154148899 -1.06303203 0.872352958
v -6.01967149E-05 -1.07175863 0.930189133
v 0.0153669128 -1.06304622 0.872358859
v -6.00430249E-05 -1.06460893 0.817176521
v -6.01967149E-05 -1.07175863 0.930189133
v 0.0247897748 -1.03344417 0.824009001
v -6.00430249E-05 -1.06460893 0.817176521
v -6.00514177E-05 -1.01425195 0.85127759
v -6.53589814E-05 -1.04728174 0.880222559
v -6.01967149E-05 -1.07175863 0.930189133
v -0.0152679104 -0.000863513909 1.39355433
v -5.85953312E-05 -0.0553437024 1.35412347
v -0.0320500284 -0.025844574 1.33980095
v -6.02134314E-05 -0.0137885278 1.39894605
v -5.860284E-05 0.00619964581 1.32993603
v -6.33500676E-05 0.0157764237 1.38414085
v -5.87334835E-05 0.0357396677 1.45103812
v -5.87334835E-05 0.0357396677 1.45103812
v 0.0152152162 -0.000866470335 1.3935715
v 0.0319567323 -0.0258456804 1.3398068
v -5.860284E-05 0.00619964581 1.32993603
v -6.33500676E-05 0.0157764237 1.38414085
v -5.87334835E-05 0.0357396677 1.45103812
v -5.87334835E-05 0.0357396677 1.45103812
vt 0.43641001 0.319150001
vt 0.457419991 0.403439999
vt 0.462339997 0.320259988
vt 0.443280011 0.404639989
vt 0.431389987 0.242019996
vt 0.468490005 0.247280002
vt 0.457520008 0.480859995
vt 0.44235 0.482069999
vt 0.472589999 0.21424
vt 0.41940999 0.202199996
vt 0.433699995 0.161200002
vt 0.475980014 0.158120006
vt 0.39102 0.151179999
vt 0.374170005 0.208580002
vt 0.369899988 0.154440001
vt 0.37432 0.230250001
vt 0.431389987 0.242019996
vt 0.33860001 0.203529999
vt 0.319379985 0.232250005
vt 0.356720001 0.25661999
vt 0.348250002 0.140560001
vt 0.40426001 0.139870003
vt 0.400160015 0.282440007
vt 0.379330009 0.306899995
vt 0.344489992 0.282240003
vt 0.314220011 0.341839999
vt 0.347330004 0.382869989
vt 0.409689993 0.338149995
vt 0.364569992 0.434949994
vt 0.25395 0.376720011
vt 0.287459999 0.318509996
vt 0.243039995 0.347970009
vt 0.305460006 0.259169996
vt 0.266140014 0.297650009
vt 0.279060006 0.42651999
vt 0.291000009 0.46055001
vt 0.371639997 0.490260005
vt 0.300150007 0.499419987
vt 0.227489993 0.326460004
vt 0.248520002 0.275579989
vt 0.207179993 0.305449992
vt 0.229900002 0.259330004
vt 0.191339999 0.290690005
vt 0.179260001 0.258599997
vt 0.205760002 0.237939999
vt 0.261530012 0.222760007
vt 0.239150003 0.199949995
vt 0.275840014 0.202769995
vt 0.255899996 0.184489995
vt 0.283760011 0.241439998
vt 0.298920006 0.216780007
vt 0.204249993 0.342330009
vt 0.211270005 0.368770003
vt 0.18502 0.349599987
vt 0.180399999 0.379099995
vt 0.217390001 0.402289987
vt 0.179849997 0.433270007
vt 0.239739999 0.45559001
vt 0.20431 0.478500009
vt 0.25018999 0.481319994
vt 0.224040002 0.505119979
vt 0.204830006 0.523329973
vt 0.183699995 0.494560003
vt 0.152840003 0.359250009
vt 0.17791 0.320740014
vt 0.192389995 0.317180008
vt 0.168410003 0.305460006
vt 0.177839994 0.300060004
vt 0.144679993 0.282389998
vt 0.160209998 0.271569997
vt 0.138909996 0.323449999
vt 0.125670001 0.298929989
vt 0.147839993 0.34266001
vt 0.120449997 0.256330013
vt 0.137769997 0.242950007
vt 0.103940003 0.238059998
vt 0.079810001 0.264770001
vt 0.099440001 0.280939996
vt 0.0927999988 0.229609996
vt 0.0646599978 0.256099999
vt 0.0728100017 0.211469993
vt 0.0324199982 0.231330007
vt 0.118649997 0.225810006
vt 0.159299999 0.226339996
vt 0.138610005 0.206389993
vt 0.190610006 0.203730002
vt 0.168559998 0.179560006
vt 0.220740005 0.177579999
vt 0.193969995 0.150419995
vt 0.107009999 0.213740006
vt 0.127250001 0.195779994
vt 0.156729996 0.166299999
vt 0.183009997 0.138190001
vt 0.0911799967 0.198890001
vt 0.106969997 0.17712
vt 0.106969997 0.17712
vt 0.130229995 0.133770004
vt 0.151549995 0.0829299986
vt 0.214259997 0.134819999
vt 0.237409994 0.16392
vt 0.232779995 0.124289997
vt 0.251749992 0.150069997
vt 0.282409996 0.104780003
vt 0.289999992 0.126770005
vt 0.27125001 0.0950900018
vt 0.224380001 0.111029997
vt 0.203909993 0.123410001
vt 0.258240014 0.0606199987
vt 0.200660005 0.0559599996
vt 0.169809997 0.0675600022
vt 0.200660005 0.0559599996
vt 0.267100006 0.169569999
vt 0.30261001 0.132499993
vt 0.292279989 0.185650006
vt 0.313520014 0.133739993
vt 0.317580014 0.193949997
vt 0.329299986 0.13346
vt 0.348250002 0.140560001
vt 0.674279988 0.406089991
vt 0.762929976 0.356150001
vt 0.707409978 0.329739988
vt 0.740079999 0.452589989
vt 0.652710795 0.488463759
vt 0.719697416 0.512467682
vt 0.659210026 0.29817
vt 0.790979981 0.458519995
vt 0.830420017 0.362859994
vt 0.780740023 0.288329989
vt 0.841350019 0.300300002
vt 0.866630018 0.370570004
vt 0.876380026 0.334300011
vt 0.729950011 0.27432999
vt 0.791620016 0.231680006
vt 0.747839987 0.211359993
vt 0.842719972 0.245199993
vt 0.849409997 0.216089994
vt 0.801509976 0.198070005
vt 0.877300024 0.289180011
vt 0.882560015 0.241799995
vt 0.85611999 0.183180004
vt 0.813470006 0.162149996
vt 0.756190002 0.176369995
vt 0.713919997 0.189970002
vt 0.738259971 0.162100002
vt 0.754299998 0.140929997
vt 0.777949989 0.152539998
vt 0.69352001 0.170300007
vt 0.649389982 0.216089994
vt 0.681060016 0.245560005
vt 0.720579982 0.147300005
vt 0.666549981 0.135659993
vt 0.685530007 0.116209999
vt 0.646740019 0.138789997
vt 0.649389982 0.216089994
vt 0.694500029 0.105109997
vt 0.731869996 0.125540003
vt 0.659210026 0.29817
vt 0.767379999 0.102530003
vt 0.744750023 0.0894899964
vt 0.773590028 0.0826700032
vt 0.790229976 0.11473
vt 0.804289997 0.0983399972
vt 0.824660003 0.130960003
vt 0.836910009 0.115549996
vt 0.86778003 0.130290002
vt 0.864300013 0.147670001
vt 0.809319973 0.0822900012
vt 0.778270006 0.068599999
vt 0.844910026 0.0955900028
vt 0.878139973 0.107809998
vt 0.81686002 0.0632700026
vt 0.78302002 0.0520000011
vt 0.860480011 0.0624799989
vt 0.902629972 0.0596400015
vt 0.897870004 0.15422
vt 0.901820004 0.140959993
vt 0.933700025 0.153009996
vt 0.927410007 0.163550004
vt 0.959540009 0.173050001
vt 0.960829973 0.162939996
vt 0.974860013 0.150769994
vt 0.944800019 0.132259995
vt 0.913020015 0.120159999
vt 0.994409978 0.123099998
vt 0.9727 0.0879599974
vt 0.939450026 0.0690300018
vt 0.902629972 0.0596400015
vt 0.951610029 0.19325
vt 0.918669999 0.190669999
vt 0.95065999 0.213949993
vt 0.916909993 0.21221
vt 0.890450001 0.184660003
vt 0.889900029 0.215360001
vt 0.917200029 0.240429997
vt 0.954599977 0.225600004
vt 0.914009988 0.287990004
vt 0.959860027 0.228430003
vt 0.954599977 0.225600004
vt 0.927070022 0.304179996
vt 0.914009988 0.287990004
vt 0.945140004 0.346260011
vt 0.892069995 0.390670002
vt 0.835889995 0.471980006
vt 0.824308157 0.535597563
vt 0.774967432 0.533047676
vt 0.830232978 0.586550713
vt 0.774576187 0.582339287
vt 0.703217447 0.560353398
vt 0.639217734 0.54145956
vt 0.623671591 0.593625128
vt 0.691368401 0.60743928
vt 0.575143576 0.584432781
vt 0.616953492 0.630513072
vt 0.564713597 0.622722983
vt 0.555505395 0.647164762
vt 0.612255216 0.654200196
vt 0.585479975 0.535520017
vt 0.598640025 0.479380012
vt 0.610360026 0.402200013
vt 0.659210026 0.29817
vt 0.607749999 0.300790012
vt 0.605199993 0.228619993
vt 0.649389982 0.216089994
vt 0.617060006 0.188669994
vt 0.597970009 0.193810001
vt 0.63252002 0.180999994
vt 0.615719974 0.156149998
vt 0.543359995 0.242840007
vt 0.538489997 0.312110007
vt 0.527279973 0.40437001
vt 0.518660009 0.477499992
vt 0.51327002 0.534280002
vt 0.466010004 0.544960022
vt 0.511520028 0.58276999
vt 0.467590004 0.58920002
vt 0.42930001 0.542509973
vt 0.412099987 0.591809988
vt 0.459500015 0.623769999
vt 0.401360005 0.614830017
vt 0.36857 0.539210021
vt 0.358999997 0.570309997
vt 0.301510006 0.547950029
vt 0.344099998 0.599359989
vt 0.393869996 0.634230018
vt 0.335480005 0.618170023
vt 0.29181999 0.57407999
vt 0.274230003 0.539240003
vt 0.259169996 0.544030011
vt 0.261729985 0.50928998
vt 0.241940007 0.525290012
vt 0.222900003 0.544279993
vt 0.43641001 0.319150001
vt 0.431389987 0.242019996
vt 0.63301003 0.129419997
vt 0.615719974 0.156149998
vt 0.646740019 0.138789997
vt 0.624660015 0.120630004
vt 0.615719974 0.156149998
vt 0.646740019 0.138789997
vt 0.649389982 0.216089994
vt 0.624660015 0.120630004
vt 0.607309997 0.129040003
vt 0.615719974 0.156149998
vt 0.607309997 0.129040003
vt 0.63301003 0.129419997
vt 0.63252002 0.180999994
vt 0.646740019 0.138789997
vt 0.615719974 0.156149998
vt 0.624660015 0.120630004
vt 0.617060006 0.188669994
vt 0.615719974 0.156149998
vt 0.649389982 0.216089994
vt 0.605199993 0.228619993
vt 0.597970009 0.193810001
vt 0.659210026 0.29817
vt 0.607749999 0.300790012
vt 0.610360026 0.402200013
vt 0.674279988 0.406089991
vt 0.598640025 0.479380012
vt 0.652710795 0.488463759
vt 0.740079999 0.452589989
vt 0.762929976 0.356150001
vt 0.707409978 0.329739988
vt 0.719697416 0.512467682
vt 0.659210026 0.29817
vt 0.790979981 0.458519995
vt 0.830420017 0.362859994
vt 0.780740023 0.288329989
vt 0.841350019 0.300300002
vt 0.866630018 0.370570004
vt 0.876380026 0.334300011
vt 0.729950011 0.27432999
vt 0.791620016 0.231680006
vt 0.747839987 0.211359993
vt 0.842719972 0.245199993
vt 0.849409997 0.216089994
vt 0.801509976 0.198070005
vt 0.877300024 0.289180011
vt 0.882560015 0.241799995
vt 0.85611999 0.183180004
vt 0.813470006 0.162149996
vt 0.756190002 0.176369995
vt 0.713919997 0.189970002
vt 0.738259971 0.162100002
vt 0.754299998 0.140929997
vt 0.777949989 0.152539998
vt 0.69352001 0.170300007
vt 0.649389982 0.216089994
vt 0.681060016 0.245560005
vt 0.720579982 0.147300005
vt 0.666549981 0.135659993
vt 0.685530007 0.116209999
vt 0.646740019 0.138789997
vt 0.649389982 0.216089994
vt 0.694500029 0.105109997
vt 0.731869996 0.125540003
vt 0.659210026 0.29817
vt 0.767379999 0.102530003
vt 0.744750023 0.0894899964
vt 0.773590028 0.0826700032
vt 0.790229976 0.11473
vt 0.804289997 0.0983399972
vt 0.824660003 0.130960003
vt 0.836910009 0.115549996
vt 0.86778003 0.130290002
vt 0.864300013 0.147670001
vt 0.809319973 0.0822900012
vt 0.778270006 0.068599999
vt 0.844910026 0.0955900028
vt 0.878139973 0.107809998
vt 0.81686002 0.0632700026
vt 0.78302002 0.0520000011
vt 0.860480011 0.0624799989
vt 0.902629972 0.0596400015
vt 0.897870004 0.15422
vt 0.901820004 0.140959993
vt 0.933700025 0.153009996
vt 0.927410007 0.163550004
vt 0.959540009 0.173050001
vt 0.960829973 0.162939996
vt 0.974860013 0.150769994
vt 0.944800019 0.132259995
vt 0.913020015 0.120159999
vt 0.994409978 0.123099998
vt 0.9727 0.0879599974
vt 0.939450026 0.0690300018
vt 0.902629972 0.0596400015
vt 0.951610029 0.19325
vt 0.918669999 0.190669999
vt 0.95065999 0.213949993
vt 0.916909993 0.21221
vt 0.890450001 0.184660003
vt 0.889900029 0.215360001
vt 0.917200029 0.240429997
vt 0.954599977 0.225600004
vt 0.914009988 0.287990004
vt 0.959860027 0.228430003
vt 0.954599977 0.225600004
vt 0.927070022 0.304179996
vt 0.945140004 0.346260011
vt 0.892069995 0.390670002
vt 0.835889995 0.471980006
vt 0.824308157 0.535597563
vt 0.774967432 0.533047676
vt 0.830232978 0.586550713
vt 0.774576187 0.582339287
vt 0.703217447 0.560353398
vt 0.639217734 0.54145956
vt 0.623671591 0.593625128
vt 0.691368401 0.60743928
vt 0.575143576 0.584432781
vt 0.616953492 0.630513072
vt 0.564713597 0.622722983
vt 0.555505395 0.647164762
vt 0.612255216 0.654200196
vt 0.585479975 0.535520017
vt 0.518660009 0.477499992
vt 0.51327002 0.534280002
vt 0.457520008 0.480859995
vt 0.466010004 0.544960022
vt 0.511520028 0.58276999
vt 0.467590004 0.58920002
vt 0.42930001 0.542509973
vt 0.412099987 0.591809988
vt 0.459500015 0.623769999
vt 0.401360005 0.614830017
vt 0.36857 0.539210021
vt 0.371639997 0.490260005
vt 0.44235 0.482069999
vt 0.443280011 0.404639989
vt 0.457419991 0.403439999
vt 0.43641001 0.319150001
vt 0.462339997 0.320259988
vt 0.431389987 0.242019996
vt 0.468490005 0.247280002
vt 0.358999997 0.570309997
vt 0.301510006 0.547950029
vt 0.344099998 0.599359989
vt 0.393869996 0.634230018
vt 0.335480005 0.618170023
vt 0.29181999 0.57407999
vt 0.274230003 0.539240003
vt 0.259169996 0.544030011
vt 0.261729985 0.50928998
vt 0.241940007 0.525290012
vt 0.300150007 0.499419987
vt 0.472589999 0.21424
vt 0.41940999 0.202199996
vt 0.433699995 0.161200002
vt 0.475980014 0.158120006
vt 0.39102 0.151179999
vt 0.374170005 0.208580002
vt 0.369899988 0.154440001
vt 0.37432 0.230250001
vt 0.431389987 0.242019996
vt 0.33860001 0.203529999
vt 0.319379985 0.232250005
vt 0.356720001 0.25661999
vt 0.348250002 0.140560001
vt 0.40426001 0.139870003
vt 0.400160015 0.282440007
vt 0.379330009 0.306899995
vt 0.344489992 0.282240003
vt 0.314220011 0.341839999
vt 0.347330004 0.382869989
vt 0.409689993 0.338149995
vt 0.364569992 0.434949994
vt 0.25395 0.376720011
vt 0.287459999 0.318509996
vt 0.243039995 0.347970009
vt 0.305460006 0.259169996
vt 0.266140014 0.297650009
vt 0.279060006 0.42651999
vt 0.291000009 0.46055001
vt 0.227489993 0.326460004
vt 0.248520002 0.275579989
vt 0.207179993 0.305449992
vt 0.229900002 0.259330004
vt 0.191339999 0.290690005
vt 0.179260001 0.258599997
vt 0.205760002 0.237939999
vt 0.261530012 0.222760007
vt 0.239150003 0.199949995
vt 0.275840014 0.202769995
vt 0.255899996 0.184489995
vt 0.283760011 0.241439998
vt 0.298920006 0.216780007
vt 0.204249993 0.342330009
vt 0.192389995 0.317180008
vt 0.17791 0.320740014
vt 0.168410003 0.305460006
vt 0.177839994 0.300060004
vt 0.144679993 0.282389998
vt 0.160209998 0.271569997
vt 0.138909996 0.323449999
vt 0.125670001 0.298929989
vt 0.147839993 0.34266001
vt 0.18502 0.349599987
vt 0.211270005 0.368770003
vt 0.180399999 0.379099995
vt 0.217390001 0.402289987
vt 0.179849997 0.433270007
vt 0.239739999 0.45559001
vt 0.20431 0.478500009
vt 0.25018999 0.481319994
vt 0.224040002 0.505119979
vt 0.204830006 0.523329973
vt 0.183699995 0.494560003
vt 0.152840003 0.359250009
vt 0.126770005 0.398460001
vt 0.222900003 0.544279993
vt 0.136260003 0.379049987
vt 0.152840003 0.359250009
vt 0.43641001 0.319150001
vt 0.431389987 0.242019996
vt 0.0344999991 0.354579985
vt 0.129409999 0.335429996
vt 0.0823500007 0.282119989
vt 0.0890299976 0.387710005
vt 0.114990003 0.371789992
vt 0.00636 0.305779994
vt 0.0397399999 0.262400001
vt 0.0162799992 0.274069995
vt 0.152840003 0.359250009
vt 0.136260003 0.379049987
vt 0.126770005 0.398460001
vt 0.157759994 0.456429988
vt 0.111189999 0.420480013
vt 0.157759994 0.456429988
vt 0.157759994 0.456429988
vt 0.935010016 0.285640001
vt 0.914009988 0.287990004
vt 0.959860027 0.228430003
vt 0.956860006 0.27256
vt 0.971599996 0.235609993
vt 0.97408998 0.264319986
vt 0.993189991 0.242990002
vt 0.949989974 0.325100005
vt 0.912510276 0.406930983
vt 0.960650325 0.380180836
vt 0.877040029 0.476280004
vt 0.877089977 0.512629986
vt 0.886059999 0.53245002
vt 0.892379999 0.605979979
vt 0.91331923 0.557959199
vt 0.936389983 0.592051566
vt 0.923999965 0.623271525
vt 0.884146392 0.65353018
vt 0.916000009 0.66782999
vt 0.893350005 0.692820013
vt 0.927320004 0.689920008
vt 0.916419983 0.711499989
vt 0.940750003 0.711250007
vt 0.836217642 0.635189414
vt 0.917089999 0.725470006
vt 0.848164022 0.682029307
vt 0.893350005 0.692820013
vt 0.960530758 0.647079527
vt 0.95604074 0.650969565
vt 0.985778928 0.679637253
vt 0.988115966 0.678305328
vt 0.986315608 0.682862461
vt 0.988818467 0.683732092
vt 0.960520029 0.690930009
vt 0.952480018 0.676020026
vt 0.971267521 0.701824069
vt 0.988818467 0.683732092
vt 0.860679984 0.719829977
vt 0.877820015 0.747720003
vt 0.904829979 0.739880025
vt 0.917089999 0.725470006
vt 0.926620007 0.740549982
vt 0.938059986 0.72706002
vt 0.934780002 0.738550007
vt 0.949240029 0.730769992
vt 0.941009998 0.746999979
vt 0.926479995 0.753610015
vt 0.934459984 0.754310012
vt 0.923210025 0.760230005
vt 0.911719978 0.75740999
vt 0.893549979 0.749430001
vt 0.940270007 0.766349971
vt 0.942870021 0.742429972
vt 0.949240029 0.730769992
vt 0.926479995 0.753610015
vt 0.926620007 0.740549982
vt 0.941009998 0.746999979
vt 0.934459984 0.754310012
vt 0.911719978 0.75740999
vt 0.934780002 0.738550007
vt 0.938059986 0.72706002
vt 0.917089999 0.725470006
vt 0.949240029 0.730769992
vt 0.942870021 0.742429972
vt 0.949240029 0.730769992
vt 0.904829979 0.739880025
vt 0.893350005 0.692820013
vt 0.893549979 0.749430001
vt 0.893549979 0.749430001
vt 0.848164022 0.682029307
vt 0.884146392 0.65353018
vt 0.836217642 0.635189414
vt 0.892379999 0.605979979
vt 0.923999965 0.623271525
vt 0.936389983 0.592051566
vt 0.91331923 0.557959199
vt 0.916000009 0.66782999
vt 0.893350005 0.692820013
vt 0.927320004 0.689920008
vt 0.916419983 0.711499989
vt 0.940750003 0.711250007
vt 0.886059999 0.53245002
vt 0.917089999 0.725470006
vt 0.960530758 0.647079527
vt 0.95604074 0.650969565
vt 0.985778928 0.679637253
vt 0.988115966 0.678305328
vt 0.986315608 0.682862461
vt 0.988818467 0.683732092
vt 0.960520029 0.690930009
vt 0.952480018 0.676020026
vt 0.971267521 0.701824069
vt 0.988818467 0.683732092
vt 0.877089977 0.512629986
vt 0.877040029 0.476280004
vt 0.912510276 0.406930983
vt 0.960650325 0.380180836
vt 0.963160574 0.367840439
vt 0.963770628 0.352590799
vt 0.956369996 0.342979997
vt 0.949989974 0.325100005
vt 0.962930381 0.336809874
vt 0.97755003 0.338539988
vt 0.949989974 0.325100005
vt 0.935010016 0.285640001
vt 0.914009988 0.287990004
vt 0.959860027 0.228430003
vt 0.956860006 0.27256
vt 0.971599996 0.235609993
vt 0.97408998 0.264319986
vt 0.993189991 0.242990002
vt 0.914009988 0.287990004
vt 0.951430023 0.314359993
vt 0.942470014 0.304419994
vt 0.94848001 0.296950012
vt 0.935010016 0.285640001
vt 0.962890029 0.297719985
vt 0.951430023 0.314359993
vt 0.949989974 0.325100005
vt 0.962890029 0.297719985
vt 0.500119984 0.647819996
vt 0.453299999 0.645470023
vt 0.506009996 0.624740005
vt 0.531310022 0.161939994
vt 0.541909993 0.209120005
vt 0.589839995 0.164869994
vt 0.510299981 0.152290002
vt 0.549329996 0.139290005
vt 0.579739988 0.139660001
vt 0.562390029 0.130199999
vt 0.567849994 0.109630004
vt 0.52038002 0.138270006
vt 0.52038002 0.138270006
vt 0.531310022 0.161939994
vt 0.541909993 0.209120005
vt 0.543359995 0.242840007
vt 0.538489997 0.312110007
vt 0.527279973 0.40437001
vt 0.589839995 0.164869994
vt 0.549329996 0.139290005
vt 0.579739988 0.139660001
vt 0.567849994 0.109630004
vt 0.589839995 0.164869994
vt 0.602670014 0.153129995
vt 0.590629995 0.145699993
vt 0.615719974 0.156149998
vt 0.607039988 0.142360002
vt 0.593729973 0.11981
vt 0.593729973 0.11981
vt 0.222900003 0.544279993
vt 0.282359987 0.595700026
vt 0.0116400002 0.111199997
vt 0.112360001 0.105599999
vt 0.0370399989 0.070629999
vt 0.108290002 0.154060006
vt 0.00917000044 0.161740005
vt 0.0779500008 0.193719998
vt 0.112360001 0.105599999
vt 0.0796800032 0.0777100027
vt 0.00917000044 0.161740005
vt 0.0374700017 0.188079998
vt 0.708660007 0.0771400034
vt 0.742749989 0.068690002
vt 0.707650006 0.0570200011
vt 0.749109983 0.0534599982
vt 0.71153003 0.0385200009
vt 0.753809988 0.0341899991
vt 0.719449997 0.00743000023
vt 0.333869994 0.0361000001
vt 0.316480011 0.0450400002
vt 0.362569988 0.067900002
vt 0.314359993 0.0263199992
vt 0.317759991 0.00537999999
vt 0.279659986 0.0390300006
vt 0.278439999 0.0268799998
vt 0.245859995 0.0366800018
vt 0.243279994 0.0444299988
vt 0.275579989 0.0501700006
vt 0.246639997 0.0269300006
vt 0.212919995 0.0437100008
vt 0.21435 0.0346000008
vt 0.214890003 0.0266500004
vt 0.307630002 0.00773000019
vt 0.317759991 0.00537999999
vt 0.275200009 0.0134399999
vt 0.185069993 0.0372399986
vt 0.186120003 0.0474499986
vt 0.146039993 0.0440800004
vt 0.150069997 0.0578700006
vt 0.142560005 0.0323599987
vt 0.185299993 0.0265800003
vt 0.0866999999 0.0702499971
vt 0.245399997 0.0166299995
vt 0.156259999 0.01535
vt 0.116829999 0.00639999984
vt 0.185680002 0.0157999992
vt 0.215340003 0.01774
vt 0.120690003 0.0280699991
vt 0.0866999999 0.0702499971
vt 0.142560005 0.0323599987
vt 0.146039993 0.0440800004
vt 0.185069993 0.0372399986
vt 0.186120003 0.0474499986
vt 0.150069997 0.0578700006
vt 0.185299993 0.0265800003
vt 0.212919995 0.0437100008
vt 0.21435 0.0346000008
vt 0.245859995 0.0366800018
vt 0.243279994 0.0444299988
vt 0.279659986 0.0390300006
vt 0.275579989 0.0501700006
vt 0.278439999 0.0268799998
vt 0.246639997 0.0269300006
vt 0.214890003 0.0266500004
vt 0.314359993 0.0263199992
vt 0.316480011 0.0450400002
vt 0.333869994 0.0361000001
vt 0.362569988 0.067900002
vt 0.317759991 0.00537999999
vt 0.307630002 0.00773000019
vt 0.317759991 0.00537999999
vt 0.275200009 0.0134399999
vt 0.310649991 0.0612399988
vt 0.356180012 0.0860600024
vt 0.245399997 0.0166299995
vt 0.215340003 0.01774
vt 0.185680002 0.0157999992
vt 0.156259999 0.01535
vt 0.116829999 0.00639999984
vt 0.120690003 0.0280699991
vt 0.116829999 0.00639999984
vt 0.310649991 0.0612399988
vt 0.356180012 0.0860600024
vt 0.120690003 0.0280699991
vt 0.116829999 0.00639999984
vt 0.451050013 0.863059998
vt 0.468670011 0.833710015
vt 0.4375 0.84987998
vt 0.468329996 0.869409978
vt 0.448680013 0.869490027
vt 0.430480003 0.855199993
vt 0.428979993 0.830169976
vt 0.468360007 0.80697
vt 0.43028 0.804319978
vt 0.468499988 0.795239985
vt 0.43573001 0.793060005
vt 0.439220011 0.787989974
vt 0.468180001 0.78956002
vt 0.423880011 0.790520012
vt 0.419180006 0.803160012
vt 0.418009996 0.832589984
vt 0.431329995 0.783890009
vt 0.467200011 0.877089977
vt 0.439220011 0.787989974
vt 0.431329995 0.783890009
vt 0.40606001 0.663110018
vt 0.410369992 0.685769975
vt 0.414359987 0.662580013
vt 0.401620001 0.682200015
vt 0.420309991 0.66316998
vt 0.414640009 0.684400022
vt 0.391000003 0.695980012
vt 0.391369998 0.690259993
vt 0.369150013 0.703689992
vt 0.369139999 0.720899999
vt 0.342689991 0.701759994
vt 0.344040006 0.725220025
vt 0.381190002 0.725149989
vt 0.398270011 0.70164001
vt 0.393260002 0.658900023
vt 0.391030014 0.679359972
vt 0.376509994 0.661430001
vt 0.37094 0.690989971
vt 0.355369985 0.657369971
vt 0.34641999 0.690429986
vt 0.408410013 0.702970028
vt 0.41997999 0.684260011
vt 0.385520011 0.728160024
vt 0.364589989 0.741439998
vt 0.369379997 0.746259987
vt 0.3134 0.693599999
vt 0.334989995 0.65079999
vt 0.310689986 0.659770012
vt 0.289739996 0.659739971
vt 0.269769996 0.684629977
vt 0.304729998 0.709540009
vt 0.275970012 0.717859983
vt 0.302789986 0.734070003
vt 0.276609987 0.750769973
vt 0.302549988 0.761910021
vt 0.270200014 0.783140004
vt 0.243619993 0.737709999
vt 0.229790002 0.763480008
vt 0.302619994 0.787389994
vt 0.291390002 0.817319989
vt 0.264349997 0.810679972
vt 0.289929986 0.831520021
vt 0.255730003 0.82980001
vt 0.321649998 0.745270014
vt 0.214670002 0.717540026
vt 0.178159997 0.753380001
vt 0.182050005 0.708379984
vt 0.144250005 0.750360012
vt 0.252990007 0.696510017
vt 0.219659999 0.681760013
vt 0.324000001 0.82990998
vt 0.336710006 0.818459988
vt 0.336299986 0.832939982
vt 0.374339998 0.824549973
vt 0.370999992 0.815900028
vt 0.374460012 0.842689991
vt 0.395590007 0.825150013
vt 0.396539986 0.847299993
vt 0.371390015 0.869109988
vt 0.401069999 0.869899988
vt 0.333519995 0.846459985
vt 0.337280005 0.866540015
vt 0.317180008 0.84928
vt 0.312770009 0.869729996
vt 0.390879989 0.811640024
vt 0.40843001 0.819549978
vt 0.403899997 0.807780027
vt 0.407160014 0.847270012
vt 0.412120014 0.871490002
vt 0.386130005 0.806869984
vt 0.369910002 0.811339974
vt 0.338589996 0.813399971
vt 0.395119995 0.803260028
vt 0.336329997 0.888939977
vt 0.31110999 0.89230001
vt 0.367399991 0.887650013
vt 0.338759989 0.912810028
vt 0.312830001 0.918219984
vt 0.368600011 0.910669982
vt 0.396189988 0.892859995
vt 0.407209992 0.893140018
vt 0.392670006 0.909739971
vt 0.401989996 0.911970019
vt 0.27937001 0.899940014
vt 0.278149992 0.879299998
vt 0.252880007 0.87658
vt 0.254940003 0.906920016
vt 0.274549991 0.864989996
vt 0.247840002 0.86014998
vt 0.282330006 0.922599971
vt 0.257759988 0.929639995
vt 0.224179998 0.926599979
vt 0.229959995 0.943109989
vt 0.180250004 0.953700006
vt 0.169139996 0.93858999
vt 0.168699995 0.916679978
vt 0.217680007 0.907660007
vt 0.19641 0.881479979
vt 0.150889993 0.885249972
vt 0.167349994 0.84454
vt 0.144270003 0.846430004
vt 0.115079999 0.89892
vt 0.0961899981 0.842850029
vt 0.0887700021 0.888379991
vt 0.0827300027 0.91267997
vt 0.0766299963 0.892040014
vt 0.0597900003 0.920710027
vt 0.0696099997 0.935220003
vt 0.0446299985 0.894860029
vt 0.070629999 0.862709999
vt 0.0206943713 0.863282561
vt 0.0604978353 0.820625961
vt 0.0963900015 0.923210025
vt 0.123680003 0.921809971
vt 0.107170001 0.933179975
vt 0.0408678353 0.811845958
vt 0.0699699968 0.784720004
vt 0.0856899992 0.806900024
vt 0.0961899981 0.842850029
vt 0.01661437 0.858072579
vt 0.0423099995 0.954569995
vt 0.0505000018 0.968460023
vt 0.0756499991 0.944239974
vt 0.0227506645 0.984755456
vt 0.0275924131 0.987802386
vt 0.015883714 0.932333946
vt 0.0211743955 0.98529619
vt 0.0277075954 0.989333451
vt 0.0211743955 0.98529619
vt 0.0602799989 0.972710013
vt 0.0850600004 0.949379981
vt 0.0141137149 0.931033969
vt 0.40704 0.732550025
vt 0.447899997 0.748700023
vt 0.410580009 0.719940007
vt 0.433880001 0.763939977
vt 0.38330999 0.755309999
vt 0.397439986 0.78332001
vt 0.38330999 0.755309999
vt 0.367790014 0.791119993
vt 0.357950002 0.76424998
vt 0.34483999 0.770579994
vt 0.351469994 0.797249973
vt 0.338050008 0.772620022
vt 0.335660011 0.778710008
vt 0.338470012 0.799600005
vt 0.414229989 0.705089986
vt 0.447899997 0.748700023
vt 0.427469999 0.700389981
vt 0.467909992 0.712059975
vt 0.432599992 0.686320007
vt 0.480659992 0.68592
vt 0.441540003 0.673349977
vt 0.462859988 0.665709972
vt 0.486000001 0.676859975
vt 0.477319986 0.655059993
vt 0.494529992 0.659300029
vt 0.220390007 0.83326
vt 0.251960009 0.839760005
vt 0.22157 0.824050009
vt 0.190720007 0.829259992
vt 0.21751 0.84088999
vt 0.249310002 0.849529982
vt 0.215560004 0.843469977
vt 0.218710005 0.806540012
vt 0.222880006 0.786010027
vt 0.168880001 0.8125
vt 0.165480003 0.838100016
vt 0.190239996 0.835870028
vt 0.164609998 0.791360021
vt 0.189769998 0.840879977
vt 0.131300002 0.814159989
vt 0.134849995 0.793420017
vt 0.0952100009 0.773739994
vt 0.113860004 0.738539994
vt 0.0682599992 0.768180013
vt 0.157920003 0.688380003
vt 0.13414 0.674070001
vt 0.0800300017 0.735530019
vt 0.174079999 0.625649989
vt 0.198339999 0.650940001
vt 0.222589999 0.616370022
vt 0.194069996 0.591719985
vt 0.232570007 0.667810023
vt 0.257010013 0.635450006
vt 0.252099991 0.614099979
vt 0.248160005 0.600600004
vt 0.235880002 0.602599978
vt 0.217940003 0.592019975
vt 0.229440004 0.591639996
vt 0.248319998 0.58069998
vt 0.265960008 0.622189999
vt 0.281690001 0.63191998
vt 0.248319998 0.58069998
vt 0.235880002 0.602599978
vt 0.301369995 0.64576
vt 0.313380003 0.649469972
vt 0.301400006 0.633620024
vt 0.281690001 0.63191998
vt 0.314779997 0.62984997
vt 0.314779997 0.62984997
vt 0.212750003 0.851050019
vt 0.189999998 0.84841001
vt 0.210309997 0.860800028
vt 0.248989999 0.852379978
vt 0.275429994 0.855750024
vt 0.219799995 0.880370021
vt 0.149259999 0.596159995
vt 0.133970007 0.605620027
vt 0.171639994 0.609809995
vt 0.165260002 0.583050013
vt 0.162070006 0.560710013
vt 0.167889997 0.566619992
vt 0.176359996 0.59096998
vt 0.185340002 0.57446003
vt 0.185340002 0.57446003
vt 0.165260002 0.583050013
vt 0.162070006 0.560710013
vt 0.149259999 0.596159995
vt 0.171639994 0.609809995
vt 0.133970007 0.605620027
vt 0.176359996 0.59096998
vt 0.185340002 0.57446003
vt 0.138099998 0.566579998
vt 0.162070006 0.560710013
vt 0.136680007 0.536830008
vt 0.132269993 0.578379989
vt 0.157759994 0.529089987
vt 0.162070006 0.560710013
vt 0.173639998 0.537440002
vt 0.143529996 0.502830029
vt 0.180899993 0.510420024
vt 0.156810001 0.510219991
vt 0.143529996 0.502830029
vt 0.180899993 0.510420024
vt 0.136680007 0.536830008
vt 0.129620001 0.551810026
vt 0.11451 0.570089996
vt 0.132269993 0.578379989
vt 0.132119998 0.509440005
vt 0.143529996 0.502830029
vt 0.109420002 0.491530001
vt 0.123850003 0.524839997
vt 0.123190001 0.477750003
vt 0.143529996 0.502830029
vt 0.141550004 0.481469989
vt 0.143179998 0.454979986
vt 0.119730003 0.458629996
vt 0.109420002 0.491530001
vt 0.143179998 0.454979986
vt 0.101680003 0.450650007
vt 0.109420002 0.491530001
vt 0.0966399983 0.478469998
vt 0.101680003 0.450650007
vt 0.101680003 0.450650007
vt 0.091959998 0.462410003
vt 0.0724399984 0.47536999
vt 0.0763399974 0.458400011
vt 0.101680003 0.450650007
vt 0.0710600019 0.435600013
vt 0.102789998 0.421920002
vt 0.0724399984 0.47536999
vt 0.102789998 0.421920002
vt 0.0781999975 0.389800012
vt 0.0710600019 0.435600013
vt 0.0781999975 0.389800012
vt 0.101680003 0.450650007
vt 0.102789998 0.421920002
vt 0.0763399974 0.458400011
vt 0.091959998 0.462410003
vt 0.0724399984 0.47536999
vt 0.0966399983 0.478469998
vt 0.101680003 0.450650007
vt 0.0724399984 0.47536999
vt 0.101680003 0.450650007
vt 0.109420002 0.491530001
vt 0.119730003 0.458629996
vt 0.101680003 0.450650007
vt 0.123190001 0.477750003
vt 0.109420002 0.491530001
vt 0.143179998 0.454979986
vt 0.143529996 0.502830029
vt 0.109420002 0.491530001
vt 0.141550004 0.481469989
vt 0.143179998 0.454979986
vt 0.143529996 0.502830029
vt 0.132119998 0.509440005
vt 0.136680007 0.536830008
vt 0.157759994 0.529089987
vt 0.162070006 0.560710013
vt 0.173639998 0.537440002
vt 0.143529996 0.502830029
vt 0.180899993 0.510420024
vt 0.143529996 0.502830029
vt 0.156810001 0.510219991
vt 0.180899993 0.510420024
vt 0.162070006 0.560710013
vt 0.138099998 0.566579998
vt 0.132269993 0.578379989
vt 0.136680007 0.536830008
vt 0.129620001 0.551810026
vt 0.11451 0.570089996
vt 0.132269993 0.578379989
vt 0.123850003 0.524839997
vt 0.109420002 0.491530001
vt 0.113750003 0.499689996
vt 0.102470003 0.516610026
vt 0.113750003 0.499689996
vt 0.123850003 0.524839997
vt 0.345640004 0.743770003
vt 0.329690009 0.754700005
vt 0.350120008 0.758400023
vt 0.31558001 0.770669997
vt 0.314779997 0.784529984
vt 0.338589996 0.813399971
vt 0.141120002 0.941659987
vt 0.157879993 0.947440028
vt 0.144510001 0.961059988
vt 0.154060006 0.962899983
vt 0.167579994 0.968230009
vt 0.158629999 0.99278003
vt 0.167579994 0.968230009
vt 0.154060006 0.962899983
vt 0.180250004 0.953700006
vt 0.169139996 0.93858999
vt 0.224179998 0.926599979
vt 0.168699995 0.916679978
vt 0.217680007 0.907660007
vt 0.19641 0.881479979
vt 0.150889993 0.885249972
vt 0.167349994 0.84454
vt 0.144270003 0.846430004
vt 0.115079999 0.89892
vt 0.0961899981 0.842850029
vt 0.0887700021 0.888379991
vt 0.0827300027 0.91267997
vt 0.0766299963 0.892040014
vt 0.0597900003 0.920710027
vt 0.0696099997 0.935220003
vt 0.0446299985 0.894860029
vt 0.070629999 0.862709999
vt 0.0206943713 0.863282561
vt 0.0604978353 0.820625961
vt 0.0963900015 0.923210025
vt 0.123680003 0.921809971
vt 0.107170001 0.933179975
vt 0.0408678353 0.811845958
vt 0.0699699968 0.784720004
vt 0.0856899992 0.806900024
vt 0.0961899981 0.842850029
vt 0.01661437 0.858072579
vt 0.0423099995 0.954569995
vt 0.0505000018 0.968460023
vt 0.0756499991 0.944239974
vt 0.0227506645 0.984755456
vt 0.0275924131 0.987802386
vt 0.015883714 0.932333946
vt 0.0211743955 0.98529619
vt 0.0277075954 0.989333451
vt 0.0211743955 0.98529619
vt 0.0602799989 0.972710013
vt 0.0850600004 0.949379981
vt 0.0141137149 0.931033969
vt 0.424919993 0.666220009
vt 0.0276100002 0.455150008
vt 0.0184300002 0.420359999
vt 0.0122499997 0.437709987
vt 0.0276100002 0.455150008
vt 0.0509300008 0.443540007
vt 0.0436399989 0.418029994
vt 0.0526399985 0.433890015
vt 0.0433799997 0.396039993
vt 0.0656699985 0.423079997
vt 0.0564399995 0.408699989
vt 0.0433799997 0.396039993
vt 0.0215099994 0.395020008
vt 0.0145199997 0.408960015
vt 0.0160499997 0.365249991
vt 0.0110400002 0.383430004
vt 0.00636 0.398110002
vt 0.0122499997 0.437709987
vt 0.00925999973 0.481440008
vt 0.00636 0.398110002
vt 0.0145199997 0.408960015
vt 0.589839995 0.164869994
vt 0.602670014 0.153129995
vt 0.590629995 0.145699993
vt 0.615719974 0.156149998
vt 0.607039988 0.142360002
vt 0.593729973 0.11981
vt 0.593729973 0.11981
vt 0.963160574 0.367840439
vt 0.963770628 0.352590799
vt 0.956369996 0.342979997
vt 0.949989974 0.325100005
vt 0.962930381 0.336809874
vt 0.97755003 0.338539988
vt 0.963770628 0.352590799
vt 0.97755003 0.338539988
vt 0.0733800009 0.618560016
vt 0.0885400027 0.606880009
vt 0.0635199994 0.582120001
vt 0.0905399993 0.581740022
vt 0.079020001 0.573790014
vt 0.0753900036 0.557799995
vt 0.057 0.552869976
vt 0.100340001 0.563880026
vt 0.0905399993 0.581740022
vt 0.0289600007 0.539759994
vt 0.0434199981 0.568050027
vt 0.0296100006 0.56002003
vt 0.0635199994 0.582120001
vt 0.0410000011 0.579550028
vt 0.0635199994 0.582120001
vt 0.0252800006 0.582130015
vt 0.0296100006 0.56002003
vt 0.0252800006 0.582130015
vt 0.01939 0.526769996
vt 0.0347199999 0.511699975
vt 0.0347199999 0.511699975
vt 0.0235900003 0.510299981
vt 0.01425 0.498189986
vt 0.00534000015 0.51244998
vt 0.0347199999 0.511699975
vt 0.0274199992 0.476069987
vt 0.0441399999 0.49981001
vt 0.0347199999 0.511699975
vt 0.0447500013 0.484919995
vt 0.0570899993 0.479110003
vt 0.05119 0.456030011
vt 0.0656799972 0.494080007
vt 0.0656799972 0.494080007
vt 0.0463699996 0.531599998
vt 0.0289600007 0.539759994
vt 0.04538 0.51372999
vt 0.0347199999 0.511699975
vt 0.0623399988 0.537119985
vt 0.0289600007 0.539759994
vt 0.0666000023 0.515160024
vt 0.0666000023 0.515160024
vt 0.04538 0.51372999
vt 0.126959994 0.600899994
vt 0.100000001 0.593879998
vt 0.10943 0.62480998
vt 0.133039996 0.588129997
vt 0.133359998 0.618279994
vt 0.10943 0.62480998
vt 0.125 0.629239976
vt 0.111780003 0.647880018
vt 0.12951 0.639509976
vt 0.10943 0.62480998
vt 0.143659994 0.636500001
vt 0.143659994 0.636500001
vt 0.133359998 0.618279994
vt 0.0892399997 0.654110014
vt 0.111780003 0.647880018
vt 0.096859999 0.643519998
vt 0.0917000026 0.63380003
vt 0.10943 0.62480998
vt 0.0796200037 0.637520015
vt 0.0892399997 0.654110014
vt 0.0950300023 0.670149982
vt 0.0796200037 0.637520015
vt 0.0892399997 0.654110014
vt 0.110179998 0.67395997
vt 0.111780003 0.647880018
vt 0.0950300023 0.670149982
vt 0.11964 0.663079977
vt 0.111780003 0.647880018
vt 0.125530005 0.678160012
vt 0.11462 0.684409976
vt 0.0950300023 0.670149982
vt 0.0939899981 0.695060015
vt 0.951430023 0.314359993
vt 0.949989974 0.325100005
vt 0.951430023 0.314359993
vt 0.942470014 0.304419994
vt 0.94848001 0.296950012
vt 0.935010016 0.285640001
vt 0.962890029 0.297719985
vt 0.962890029 0.297719985
vt 0.0950300023 0.670149982
vt 0.0788699985 0.686689973
vt 0.0939899981 0.695060015
vt 0.0817800015 0.674160004
vt 0.0624300018 0.676020026
vt 0.0939899981 0.695060015
vt 0.0691199973 0.687619984
vt 0.0714699998 0.712949991
vt 0.0624300018 0.676020026
vt 0.109420002 0.491530001
vt 0.113750003 0.499689996
vt 0.113750003 0.499689996
vt 0.102470003 0.516610026
vt 0.123850003 0.524839997
vt 0.03266 0.756860018
vt 0.0266399998 0.729399979
vt 0.0205000006 0.747619987
vt 0.0559500009 0.746969998
vt 0.0560999997 0.78241998
vt 0.0318700001 0.773559988
vt 0.00965000037 0.772719979
vt 0.00965000037 0.772719979
vt 0.0246699993 0.708050013
vt 0.0417600013 0.707449973
vt 0.0207800008 0.720589995
vt 0.0141099999 0.698949993
vt 0.0208100006 0.682749987
vt 0.0468199998 0.724300027
vt 0.0559500009 0.746969998
vt 0.0566800013 0.714929998
vt 0.0713 0.723869979
vt 0.056090001 0.735740006
vt 0.0559500009 0.746969998
vt 0.0421699993 0.68779999
vt 0.0454499982 0.667400002
vt 0.0305899996 0.660090029
vt 0.00503000012 0.713079989
vt 0.0207800008 0.720589995
vt 0.0141099999 0.698949993
vt 0.0246699993 0.708050013
vt 0.0141099999 0.698949993
vt 0.0407200009 0.642210007
vt 0.0454499982 0.667400002
vt 0.0407200009 0.642210007
vt 0.0327100009 0.647790015
vt 0.01547 0.646139979
vt 0.0188599993 0.664240003
vt 0.0208100006 0.682749987
vt 0.0188599993 0.664240003
vt 0.01547 0.646139979
vt 0.0597300008 0.650919974
vt 0.0648000017 0.664129972
vt 0.0407200009 0.642210007
vt 0.0866800025 0.666289985
vt 0.0727199987 0.631299973
vt 0.0407200009 0.642210007
vt 0.0722500011 0.64459002
vt 0.0866800025 0.666289985
vt 0.212050006 0.561020017
vt 0.217940003 0.592019975
vt 0.052579999 0.615209997
vt 0.0407200009 0.642210007
vt 0.0727199987 0.631299973
vt 0.0399300009 0.620100021
vt 0.038660001 0.59187001
vt 0.321880013 0.643899977
vt 0.310689986 0.659770012
vt 0.330269992 0.644370019
vt 0.321880013 0.643899977
vt 0.329879999 0.632059991
vt 0.624840021 0.0829999968
vt 0.648859978 0.0676100031
vt 0.637740016 0.0528200008
vt 0.645640016 0.0891200006
vt 0.66456002 0.0954699963
vt 0.652890027 0.0997600034
vt 0.631600022 0.0896899998
vt 0.628019989 0.113190003
vt 0.645640016 0.0891200006
vt 0.628019989 0.113190003
vt 0.675300002 0.0810299963
vt 0.66456002 0.0954699963
vt 0.664870024 0.0684200004
vt 0.686259985 0.0995699987
vt 0.687829971 0.0832300037
vt 0.66456002 0.0954699963
vt 0.694469988 0.0612599999
vt 0.694469988 0.0612599999
vt 0.664870024 0.0684200004
vt 0.66456002 0.0954699963
vt 0.675010026 0.109080002
vt 0.686259985 0.0995699987
vt 0.66456002 0.0954699963
vt 0.665600002 0.104790002
vt 0.659969985 0.12489
vt 0.89526999 0.761789978
vt 0.893549979 0.749430001
vt 0.901319981 0.768350005
vt 0.890389979 0.778850019
vt 0.877820015 0.747720003
vt 0.893350005 0.692820013
vt 0.887679994 0.759639978
vt 0.864099979 0.772930026
vt 0.864090025 0.737879992
vt 0.864090025 0.737879992
vt 0.864099979 0.772930026
vt 0.89526999 0.761789978
vt 0.893549979 0.749430001
vt 0.901319981 0.768350005
vt 0.890389979 0.778850019
vt 0.877820015 0.747720003
vt 0.887679994 0.759639978
vt 0.893350005 0.692820013
vt 0.864099979 0.772930026
vt 0.860679984 0.719829977
vt 0.864090025 0.737879992
vt 0.877820015 0.747720003
vt 0.864099979 0.772930026
vt 0.864090025 0.737879992
vt 0.775097907 0.619323015
vt 0.771660745 0.653673291
vt 0.684453607 0.642893791
vt 0.847178638 0.728799462
vt 0.768081009 0.684771478
vt 0.681046665 0.672731876
vt 0.893549979 0.749430001
vt 0.952750027 0.751079977
vt 0.945659995 0.75296998
vt 0.959730029 0.740339994
vt 0.953360021 0.764699996
vt 0.954020023 0.737540007
vt 0.942870021 0.742429972
vt 0.952750027 0.751079977
vt 0.959730029 0.740339994
vt 0.954020023 0.737540007
vt 0.942870021 0.742429972
vt 0.942870021 0.742429972
vt 0.949240029 0.730769992
vt 0.942870021 0.742429972
vt 0.949240029 0.730769992
vt 0.940270007 0.766349971
vt 0.934459984 0.754310012
vt 0.684453607 0.642893791
vt 0.771660745 0.653673291
vt 0.775097907 0.619323015
vt 0.847178638 0.728799462
vt 0.768081009 0.684771478
vt 0.681046665 0.672731876
vt 0.0344999991 0.354579985
vt 0.129409999 0.335429996
vt 0.0890299976 0.387710005
vt 0.0823500007 0.282119989
vt 0.114990003 0.371789992
vt 0.00636 0.305779994
vt 0.0397399999 0.262400001
vt 0.0162799992 0.274069995
vt 0.30261001 0.132499993
vt 0.292279989 0.185650006
vt 0.267100006 0.169569999
vt 0.313520014 0.133739993
vt 0.317580014 0.193949997
vt 0.329299986 0.13346
vt 0.348250002 0.140560001
vt 0.289999992 0.126770005
vt 0.251749992 0.150069997
vt 0.282409996 0.104780003
vt 0.232779995 0.124289997
vt 0.237409994 0.16392
vt 0.214259997 0.134819999
vt 0.27125001 0.0950900018
vt 0.224380001 0.111029997
vt 0.203909993 0.123410001
vt 0.258240014 0.0606199987
vt 0.200660005 0.0559599996
vt 0.220740005 0.177579999
vt 0.193969995 0.150419995
vt 0.168559998 0.179560006
vt 0.190610006 0.203730002
vt 0.138610005 0.206389993
vt 0.159299999 0.226339996
vt 0.118649997 0.225810006
vt 0.137769997 0.242950007
vt 0.107009999 0.213740006
vt 0.127250001 0.195779994
vt 0.156729996 0.166299999
vt 0.183009997 0.138190001
vt 0.0911799967 0.198890001
vt 0.106969997 0.17712
vt 0.106969997 0.17712
vt 0.130229995 0.133770004
vt 0.151549995 0.0829299986
vt 0.0927999988 0.229609996
vt 0.103940003 0.238059998
vt 0.079810001 0.264770001
vt 0.120449997 0.256330013
vt 0.099440001 0.280939996
vt 0.0646599978 0.256099999
vt 0.0728100017 0.211469993
vt 0.0324199982 0.231330007
vt 0.169809997 0.0675600022
vt 0.200660005 0.0559599996
vt 0.500119984 0.647819996
vt 0.506009996 0.624740005
vt 0.453299999 0.645470023
vt 0.646740019 0.138789997
vt 0.649389982 0.216089994
vt 0.157759994 0.456429988
vt 0.157759994 0.456429988
vt 0.157759994 0.456429988
vt 0.111189999 0.420480013
vt 0.222900003 0.544279993
vt 0.282359987 0.595700026
vt 0.0116400002 0.111199997
vt 0.112360001 0.105599999
vt 0.108290002 0.154060006
vt 0.0370399989 0.070629999
vt 0.00917000044 0.161740005
vt 0.0779500008 0.193719998
vt 0.0796800032 0.0777100027
vt 0.112360001 0.105599999
vt 0.0374700017 0.188079998
vt 0.00917000044 0.161740005
vt 0.708660007 0.0771400034
vt 0.742749989 0.068690002
vt 0.707650006 0.0570200011
vt 0.749109983 0.0534599982
vt 0.71153003 0.0385200009
vt 0.753809988 0.0341899991
vt 0.719449997 0.00743000023
vt 0.451050013 0.863059998
vt 0.4375 0.84987998
vt 0.468670011 0.833710015
vt 0.468329996 0.869409978
vt 0.448680013 0.869490027
vt 0.430480003 0.855199993
vt 0.428979993 0.830169976
vt 0.468360007 0.80697
vt 0.43028 0.804319978
vt 0.468499988 0.795239985
vt 0.43573001 0.793060005
vt 0.439220011 0.787989974
vt 0.468180001 0.78956002
vt 0.423880011 0.790520012
vt 0.419180006 0.803160012
vt 0.418009996 0.832589984
vt 0.431329995 0.783890009
vt 0.467200011 0.877089977
vt 0.431329995 0.783890009
vt 0.439220011 0.787989974
vt 0.40606001 0.663110018
vt 0.410369992 0.685769975
vt 0.401620001 0.682200015
vt 0.414359987 0.662580013
vt 0.420309991 0.66316998
vt 0.414640009 0.684400022
vt 0.391000003 0.695980012
vt 0.391369998 0.690259993
vt 0.369150013 0.703689992
vt 0.369139999 0.720899999
vt 0.342689991 0.701759994
vt 0.344040006 0.725220025
vt 0.381190002 0.725149989
vt 0.398270011 0.70164001
vt 0.393260002 0.658900023
vt 0.391030014 0.679359972
vt 0.376509994 0.661430001
vt 0.37094 0.690989971
vt 0.355369985 0.657369971
vt 0.34641999 0.690429986
vt 0.408410013 0.702970028
vt 0.41997999 0.684260011
vt 0.385520011 0.728160024
vt 0.364589989 0.741439998
vt 0.369379997 0.746259987
vt 0.3134 0.693599999
vt 0.304729998 0.709540009
vt 0.269769996 0.684629977
vt 0.275970012 0.717859983
vt 0.302789986 0.734070003
vt 0.276609987 0.750769973
vt 0.302549988 0.761910021
vt 0.270200014 0.783140004
vt 0.243619993 0.737709999
vt 0.229790002 0.763480008
vt 0.302619994 0.787389994
vt 0.291390002 0.817319989
vt 0.264349997 0.810679972
vt 0.289929986 0.831520021
vt 0.255730003 0.82980001
vt 0.321649998 0.745270014
vt 0.214670002 0.717540026
vt 0.178159997 0.753380001
vt 0.182050005 0.708379984
vt 0.144250005 0.750360012
vt 0.252990007 0.696510017
vt 0.219659999 0.681760013
vt 0.324000001 0.82990998
vt 0.336710006 0.818459988
vt 0.336299986 0.832939982
vt 0.374339998 0.824549973
vt 0.370999992 0.815900028
vt 0.374460012 0.842689991
vt 0.395590007 0.825150013
vt 0.396539986 0.847299993
vt 0.371390015 0.869109988
vt 0.401069999 0.869899988
vt 0.333519995 0.846459985
vt 0.337280005 0.866540015
vt 0.317180008 0.84928
vt 0.312770009 0.869729996
vt 0.390879989 0.811640024
vt 0.40843001 0.819549978
vt 0.403899997 0.807780027
vt 0.407160014 0.847270012
vt 0.412120014 0.871490002
vt 0.386130005 0.806869984
vt 0.369910002 0.811339974
vt 0.395119995 0.803260028
vt 0.336329997 0.888939977
vt 0.31110999 0.89230001
vt 0.396189988 0.892859995
vt 0.367399991 0.887650013
vt 0.338759989 0.912810028
vt 0.312830001 0.918219984
vt 0.368600011 0.910669982
vt 0.392670006 0.909739971
vt 0.401989996 0.911970019
vt 0.407209992 0.893140018
vt 0.27937001 0.899940014
vt 0.278149992 0.879299998
vt 0.252880007 0.87658
vt 0.254940003 0.906920016
vt 0.274549991 0.864989996
vt 0.247840002 0.86014998
vt 0.282330006 0.922599971
vt 0.257759988 0.929639995
vt 0.229959995 0.943109989
vt 0.275429994 0.855750024
vt 0.248989999 0.852379978
vt 0.249310002 0.849529982
vt 0.251960009 0.839760005
vt 0.21751 0.84088999
vt 0.220390007 0.83326
vt 0.22157 0.824050009
vt 0.190720007 0.829259992
vt 0.215560004 0.843469977
vt 0.218710005 0.806540012
vt 0.222880006 0.786010027
vt 0.168880001 0.8125
vt 0.165480003 0.838100016
vt 0.190239996 0.835870028
vt 0.164609998 0.791360021
vt 0.189769998 0.840879977
vt 0.131300002 0.814159989
vt 0.134849995 0.793420017
vt 0.0952100009 0.773739994
vt 0.113860004 0.738539994
vt 0.0682599992 0.768180013
vt 0.157920003 0.688380003
vt 0.13414 0.674070001
vt 0.0800300017 0.735530019
vt 0.174079999 0.625649989
vt 0.198339999 0.650940001
vt 0.222589999 0.616370022
vt 0.194069996 0.591719985
vt 0.232570007 0.667810023
vt 0.257010013 0.635450006
vt 0.289739996 0.659739971
vt 0.310689986 0.659770012
vt 0.334989995 0.65079999
vt 0.301369995 0.64576
vt 0.313380003 0.649469972
vt 0.301400006 0.633620024
vt 0.281690001 0.63191998
vt 0.314779997 0.62984997
vt 0.314779997 0.62984997
vt 0.281690001 0.63191998
vt 0.265960008 0.622189999
vt 0.252099991 0.614099979
vt 0.248160005 0.600600004
vt 0.235880002 0.602599978
vt 0.217940003 0.592019975
vt 0.229440004 0.591639996
vt 0.248319998 0.58069998
vt 0.235880002 0.602599978
vt 0.248319998 0.58069998
vt 0.217940003 0.592019975
vt 0.212050006 0.561020017
vt 0.40704 0.732550025
vt 0.447899997 0.748700023
vt 0.433880001 0.763939977
vt 0.410580009 0.719940007
vt 0.38330999 0.755309999
vt 0.397439986 0.78332001
vt 0.38330999 0.755309999
vt 0.367790014 0.791119993
vt 0.357950002 0.76424998
vt 0.34483999 0.770579994
vt 0.351469994 0.797249973
vt 0.338050008 0.772620022
vt 0.335660011 0.778710008
vt 0.338470012 0.799600005
vt 0.414229989 0.705089986
vt 0.447899997 0.748700023
vt 0.427469999 0.700389981
vt 0.467909992 0.712059975
vt 0.432599992 0.686320007
vt 0.480659992 0.68592
vt 0.441540003 0.673349977
vt 0.462859988 0.665709972
vt 0.486000001 0.676859975
vt 0.477319986 0.655059993
vt 0.494529992 0.659300029
vt 0.212750003 0.851050019
vt 0.189999998 0.84841001
vt 0.210309997 0.860800028
vt 0.219799995 0.880370021
vt 0.345640004 0.743770003
vt 0.329690009 0.754700005
vt 0.350120008 0.758400023
vt 0.31558001 0.770669997
vt 0.314779997 0.784529984
vt 0.338589996 0.813399971
vt 0.338589996 0.813399971
vt 0.141120002 0.941659987
vt 0.157879993 0.947440028
vt 0.144510001 0.961059988
vt 0.424919993 0.666220009
vt 0.0276100002 0.455150008
vt 0.0184300002 0.420359999
vt 0.0509300008 0.443540007
vt 0.0436399989 0.418029994
vt 0.0526399985 0.433890015
vt 0.0433799997 0.396039993
vt 0.0656699985 0.423079997
vt 0.0564399995 0.408699989
vt 0.0433799997 0.396039993
vt 0.0215099994 0.395020008
vt 0.0145199997 0.408960015
vt 0.0160499997 0.365249991
vt 0.0110400002 0.383430004
vt 0.00636 0.398110002
vt 0.0276100002 0.455150008
vt 0.0122499997 0.437709987
vt 0.0122499997 0.437709987
vt 0.00925999973 0.481440008
vt 0.0145199997 0.408960015
vt 0.00636 0.398110002
vt 0.0733800009 0.618560016
vt 0.0635199994 0.582120001
vt 0.0885400027 0.606880009
vt 0.0905399993 0.581740022
vt 0.079020001 0.573790014
vt 0.0753900036 0.557799995
vt 0.057 0.552869976
vt 0.100340001 0.563880026
vt 0.0905399993 0.581740022
vt 0.0289600007 0.539759994
vt 0.0434199981 0.568050027
vt 0.0296100006 0.56002003
vt 0.0635199994 0.582120001
vt 0.0635199994 0.582120001
vt 0.0410000011 0.579550028
vt 0.0252800006 0.582130015
vt 0.0252800006 0.582130015
vt 0.0296100006 0.56002003
vt 0.01939 0.526769996
vt 0.0347199999 0.511699975
vt 0.0235900003 0.510299981
vt 0.0347199999 0.511699975
vt 0.01425 0.498189986
vt 0.00534000015 0.51244998
vt 0.0274199992 0.476069987
vt 0.0347199999 0.511699975
vt 0.0441399999 0.49981001
vt 0.0447500013 0.484919995
vt 0.0347199999 0.511699975
vt 0.0570899993 0.479110003
vt 0.05119 0.456030011
vt 0.0656799972 0.494080007
vt 0.0656799972 0.494080007
vt 0.0463699996 0.531599998
vt 0.0289600007 0.539759994
vt 0.0347199999 0.511699975
vt 0.04538 0.51372999
vt 0.0289600007 0.539759994
vt 0.0623399988 0.537119985
vt 0.0666000023 0.515160024
vt 0.04538 0.51372999
vt 0.0666000023 0.515160024
vt 0.126959994 0.600899994
vt 0.10943 0.62480998
vt 0.100000001 0.593879998
vt 0.133039996 0.588129997
vt 0.133359998 0.618279994
vt 0.10943 0.62480998
vt 0.125 0.629239976
vt 0.111780003 0.647880018
vt 0.10943 0.62480998
vt 0.12951 0.639509976
vt 0.143659994 0.636500001
vt 0.133359998 0.618279994
vt 0.143659994 0.636500001
vt 0.0892399997 0.654110014
vt 0.111780003 0.647880018
vt 0.0950300023 0.670149982
vt 0.0892399997 0.654110014
vt 0.096859999 0.643519998
vt 0.0917000026 0.63380003
vt 0.10943 0.62480998
vt 0.0796200037 0.637520015
vt 0.0892399997 0.654110014
vt 0.0796200037 0.637520015
vt 0.110179998 0.67395997
vt 0.111780003 0.647880018
vt 0.11964 0.663079977
vt 0.125530005 0.678160012
vt 0.11462 0.684409976
vt 0.0950300023 0.670149982
vt 0.0939899981 0.695060015
vt 0.0950300023 0.670149982
vt 0.111780003 0.647880018
vt 0.0950300023 0.670149982
vt 0.0788699985 0.686689973
vt 0.0817800015 0.674160004
vt 0.0939899981 0.695060015
vt 0.0624300018 0.676020026
vt 0.0939899981 0.695060015
vt 0.0691199973 0.687619984
vt 0.0714699998 0.712949991
vt 0.0624300018 0.676020026
vt 0.97755003 0.338539988
vt 0.963770628 0.352590799
vt 0.03266 0.756860018
vt 0.0266399998 0.729399979
vt 0.0559500009 0.746969998
vt 0.0205000006 0.747619987
vt 0.0560999997 0.78241998
vt 0.0318700001 0.773559988
vt 0.00965000037 0.772719979
vt 0.00965000037 0.772719979
vt 0.0207800008 0.720589995
vt 0.0417600013 0.707449973
vt 0.0141099999 0.698949993
vt 0.0208100006 0.682749987
vt 0.0468199998 0.724300027
vt 0.0559500009 0.746969998
vt 0.0566800013 0.714929998
vt 0.0713 0.723869979
vt 0.056090001 0.735740006
vt 0.0559500009 0.746969998
vt 0.0421699993 0.68779999
vt 0.0454499982 0.667400002
vt 0.0305899996 0.660090029
vt 0.0407200009 0.642210007
vt 0.0327100009 0.647790015
vt 0.01547 0.646139979
vt 0.0407200009 0.642210007
vt 0.0454499982 0.667400002
vt 0.0208100006 0.682749987
vt 0.0188599993 0.664240003
vt 0.0188599993 0.664240003
vt 0.01547 0.646139979
vt 0.0597300008 0.650919974
vt 0.0407200009 0.642210007
vt 0.0648000017 0.664129972
vt 0.0866800025 0.666289985
vt 0.0727199987 0.631299973
vt 0.0722500011 0.64459002
vt 0.0407200009 0.642210007
vt 0.0866800025 0.666289985
vt 0.052579999 0.615209997
vt 0.0407200009 0.642210007
vt 0.0399300009 0.620100021
vt 0.0727199987 0.631299973
vt 0.038660001 0.59187001
vt 0.321880013 0.643899977
vt 0.330269992 0.644370019
vt 0.329879999 0.632059991
vt 0.310689986 0.659770012
vt 0.321880013 0.643899977
vt 0.624840021 0.0829999968
vt 0.637740016 0.0528200008
vt 0.648859978 0.0676100031
vt 0.645640016 0.0891200006
vt 0.66456002 0.0954699963
vt 0.652890027 0.0997600034
vt 0.631600022 0.0896899998
vt 0.628019989 0.113190003
vt 0.628019989 0.113190003
vt 0.645640016 0.0891200006
vt 0.675300002 0.0810299963
vt 0.664870024 0.0684200004
vt 0.66456002 0.0954699963
vt 0.686259985 0.0995699987
vt 0.66456002 0.0954699963
vt 0.687829971 0.0832300037
vt 0.694469988 0.0612599999
vt 0.664870024 0.0684200004
vt 0.694469988 0.0612599999
vt 0.66456002 0.0954699963
vt 0.675010026 0.109080002
vt 0.665600002 0.104790002
vt 0.659969985 0.12489
vt 0.66456002 0.0954699963
vt 0.686259985 0.0995699987
vt 0.167579994 0.968230009
vt 0.158629999 0.99278003
vt 0.934459984 0.754310012
vt 0.940270007 0.766349971
vt 1.9087801 0.850489974
vt 1.85368991 0.81013
vt 1.88369012 0.865379989
vt 1.89176011 0.790069997
vt 1.91336989 0.786679983
vt 1.9365201 0.84849
vt 1.95764995 0.784739971
vt 1.96055007 0.843069971
vt 1.92527008 0.891579986
vt 1.90693998 0.903303981
vt 1.94541001 0.885810018
vt 1.96191001 0.881950021
vt 1.92527008 0.891579986
vt 1.92527008 0.891579986
vt 1.95549989 0.923979998
vt 1.96688008 0.923839986
vt 1.94235992 0.930379987
vt 1.93149614 0.939289212
vt 1.92527008 0.891579986
vt 1.97561121 0.979732394
vt 1.98306155 0.836325169
vt 1.95764995 0.784739971
vt 1.96055007 0.843069971
vt 1.98535991 0.772469997
vt 1.97752166 0.880810022
vt 1.96191001 0.881950021
vt 1.96688008 0.923839986
vt 1.97489786 0.926290035
vt 1.97752166 0.880810022
vt 1.97561121 0.979732394
vt 1.94235992 0.930379987
vt 1.93149614 0.939289212
vt 1.85368991 0.81013
vt 1.9087801 0.850489974
vt 1.88369012 0.865379989
vt 1.89176011 0.790069997
vt 1.91336989 0.786679983
vt 1.9365201 0.84849
vt 1.95764995 0.784739971
vt 1.96055007 0.843069971
vt 1.92527008 0.891579986
vt 1.90693998 0.903303981
vt 1.94541001 0.885810018
vt 1.96191001 0.881950021
vt 1.92527008 0.891579986
vt 1.92527008 0.891579986
vt 1.95549989 0.923979998
vt 1.96688008 0.923839986
vt 1.94235992 0.930379987
vt 1.92527008 0.891579986
vt 1.93149614 0.939289212
vt 1.97561121 0.979732394
vt 1.95764995 0.784739971
vt 1.98306155 0.836325169
vt 1.96055007 0.843069971
vt 1.98535991 0.772469997
vt 1.97752166 0.880810022
vt 1.96191001 0.881950021
vt 1.96688008 0.923839986
vt 1.97752166 0.880810022
vt 1.97489786 0.926290035
vt 1.97561121 0.979732394
vt 1.94235992 0.930379987
vt 1.93149614 0.939289212
vt 1.33151007 0.928129971
vt 1.28903008 0.954680026
vt 1.33779001 0.953490019
vt 1.29070997 0.935949981
vt 1.3784399 0.92227
vt 1.37976003 0.947870016
vt 1.41165996 0.949729979
vt 1.40452003 0.92189002
vt 1.29259992 0.964079976
vt 1.34100008 0.960340023
vt 1.29849005 0.989049971
vt 1.34789991 0.992380023
vt 1.37007999 0.988550007
vt 1.37887001 0.950399995
vt 1.38737011 0.993239999
vt 1.40681005 0.957000017
vt 1.28903008 0.954680026
vt 1.33151007 0.928129971
vt 1.33779001 0.953490019
vt 1.29070997 0.935949981
vt 1.3784399 0.92227
vt 1.37976003 0.947870016
vt 1.41165996 0.949729979
vt 1.40452003 0.92189002
vt 1.29259992 0.964079976
vt 1.34100008 0.960340023
vt 1.29849005 0.989049971
vt 1.34789991 0.992380023
vt 1.37007999 0.988550007
vt 1.37887001 0.950399995
vt 1.38737011 0.993239999
vt 1.40681005 0.957000017
vt 1.72669995 0.967369974
vt 1.69499004 0.974189997
vt 1.72978997 0.992850006
vt 1.69737005 0.961499989
vt 1.76665998 0.97943002
vt 1.76657999 0.994499981
vt 1.78638995 0.970700026
vt 1.79448998 0.98882997
vt 1.70106006 0.950789988
vt 1.72890997 0.961799979
vt 1.70561004 0.94058001
vt 1.73907006 0.945779979
vt 1.76689994 0.972419977
vt 1.76762998 0.952080011
vt 1.78109002 0.946280003
vt 1.78235996 0.966260016
vt 1.78109002 0.946280003
vt 1.69499004 0.974189997
vt 1.72669995 0.967369974
vt 1.72978997 0.992850006
vt 1.69737005 0.961499989
vt 1.76665998 0.97943002
vt 1.76657999 0.994499981
vt 1.78638995 0.970700026
vt 1.79448998 0.98882997
vt 1.70106006 0.950789988
vt 1.72890997 0.961799979
vt 1.70561004 0.94058001
vt 1.73907006 0.945779979
vt 1.76689994 0.972419977
vt 1.76762998 0.952080011
vt 1.78109002 0.946280003
vt 1.78235996 0.966260016
vt 1.78109002 0.946280003
vt 1.78302002 0.716430008
vt 1.74339998 0.741100013
vt 1.76131999 0.752699971
vt 1.75761998 0.69145
vt 1.79218996 0.741240025
vt 1.77864003 0.759530008
vt 1.73545003 0.767970026
vt 1.74698997 0.773859978
vt 1.75478995 0.782570004
vt 1.72361004 0.804700017
vt 1.74339998 0.741100013
vt 1.72070003 0.705439985
vt 1.72118998 0.738479972
vt 1.69085002 0.716700017
vt 1.70038998 0.737959981
vt 1.73545003 0.767970026
vt 1.72218001 0.767920017
vt 1.71150994 0.769649982
vt 1.72361004 0.804700017
vt 1.45758998 0.886210024
vt 1.47299004 0.94174999
vt 1.49591994 0.925689995
vt 1.41515994 0.901939988
vt 1.42667997 0.951610029
vt 1.46443999 0.963500023
vt 1.42558002 0.989589989
vt 1.45670998 0.989989996
vt 1.49252999 0.884679973
vt 1.51120996 0.908110023
vt 1.50538003 0.963360012
vt 1.51637006 0.953010023
vt 1.50334001 0.97665
vt 1.50106001 0.992020011
vt 1.53272998 0.945079982
vt 1.55051994 0.991050005
vt 1.55051994 0.991050005
vt 1.58627999 0.877349973
vt 1.60376 0.940550029
vt 1.62448001 0.919730008
vt 1.54340994 0.909420013
vt 1.55244005 0.957189977
vt 1.59389997 0.964869976
vt 1.55944002 0.995249987
vt 1.58905005 0.990490019
vt 1.62056005 0.877730012
vt 1.63906002 0.899990022
vt 1.63663995 0.958190024
vt 1.64761996 0.944180012
vt 1.63382006 0.973290026
vt 1.63373995 0.987070024
vt 1.66206002 0.936980009
vt 1.68324006 0.982620001
vt 1.81607997 0.925670028
vt 1.85421002 0.968550026
vt 1.86365998 0.953499973
vt 1.79439998 0.949720025
vt 1.82695997 0.910040021
vt 1.87442994 0.939390004
vt 1.88186002 0.925409973
vt 1.84448004 0.888010025
vt 1.88969004 0.910749972
vt 1.85046995 0.862119973
vt 1.88601005 0.980949998
vt 1.89161003 0.967809975
vt 1.91061997 0.936550021
vt 1.90483999 0.946969986
vt 1.89989996 0.95668
vt 1.92159998 0.988080025
vt 1.92352998 0.980369985
vt 1.93409002 0.962520003
vt 1.93040001 0.967830002
vt 1.92804003 0.973380029
vt 1.95315003 0.984939992
vt 1.95315003 0.984939992
vt 1.74792004 0.810159981
vt 1.75308001 0.842019975
vt 1.76805997 0.834240019
vt 1.72950006 0.825559974
vt 1.75581002 0.852259994
vt 1.75581002 0.852259994
vt 1.77098 0.85650003
vt 1.74667001 0.866940022
vt 1.82946002 0.763220012
vt 1.81831002 0.822539985
vt 1.84211004 0.818690002
vt 1.79707003 0.763769984
vt 1.81700003 0.863690019
vt 1.77243996 0.788919985
vt 1.79270005 0.831539989
vt 1.79707003 0.763769984
vt 1.76805997 0.834240019
vt 1.74792004 0.810159981
vt 1.81700003 0.863690019
vt 1.79595006 0.861000001
vt 1.77098 0.85650003
vt 1.79448998 0.904020011
vt 1.77844 0.889720023
vt 1.76094997 0.874660015
vt 1.84211004 0.818690002
vt 1.83384001 0.870689988
vt 1.79448998 0.904020011
vt 1.74667001 0.866940022
vt 1.76094997 0.874660015
vt 1.73180997 0.881739974
vt 1.79448998 0.904020011
vt 1.80441999 0.917349994
vt 1.73180997 0.881739974
vt 1.74414003 0.890760005
vt 1.71599996 0.897040009
vt 1.75813997 0.924310029
vt 1.75802004 0.937560022
vt 1.79448998 0.904020011
vt 1.75202 0.907729983
vt 1.76094997 0.874660015
vt 1.79448998 0.904020011
vt 1.72388995 0.924310029
vt 1.75802004 0.937560022
vt 1.71941996 0.932139993
vt 1.72419 0.913890004
vt 1.72241998 0.903060019
vt 1.71599996 0.897040009
vt 1.69431996 0.912819982
vt 1.71941996 0.932139993
vt 1.69431996 0.912819982
vt 1.64102995 0.760510027
vt 1.63189006 0.717490017
vt 1.62184 0.751139998
vt 1.66067004 0.732420027
vt 1.65751004 0.776910007
vt 1.68412006 0.749230027
vt 1.70334995 0.770789981
vt 1.66487002 0.784969985
vt 1.70428002 0.812590003
vt 1.66756999 0.806240022
vt 1.61313999 0.805980027
vt 1.61313999 0.805980027
vt 1.61313999 0.805980027
vt 1.61313999 0.805980027
vt 1.69000006 0.73973
vt 1.53381002 0.709060013
vt 1.51889002 0.667400002
vt 1.50721002 0.681879997
vt 1.57108998 0.672789991
vt 1.55848002 0.719579995
vt 1.58670998 0.699500024
vt 1.59293997 0.689480007
vt 1.49807 0.736509979
vt 1.47873998 0.72262001
vt 1.50468004 0.751309991
vt 1.44683003 0.780279994
vt 1.44683003 0.780279994
vt 1.50926006 0.761780024
vt 1.61903 0.717040002
vt 1.60004997 0.727949977
vt 1.57385004 0.737699986
vt 1.60741997 0.756099999
vt 1.56909001 0.761910021
vt 1.58203995 0.806240022
vt 1.56151998 0.797800004
vt 1.51266003 0.765990019
vt 1.51085997 0.78591001
vt 1.44683003 0.780279994
vt 1.78302002 0.716430008
vt 1.74339998 0.741100013
vt 1.75761998 0.69145
vt 1.76131999 0.752699971
vt 1.79218996 0.741240025
vt 1.77864003 0.759530008
vt 1.73545003 0.767970026
vt 1.74698997 0.773859978
vt 1.75478995 0.782570004
vt 1.72361004 0.804700017
vt 1.72070003 0.705439985
vt 1.74339998 0.741100013
vt 1.72118998 0.738479972
vt 1.69085002 0.716700017
vt 1.70038998 0.737959981
vt 1.73545003 0.767970026
vt 1.72218001 0.767920017
vt 1.71150994 0.769649982
vt 1.72361004 0.804700017
vt 1.45758998 0.886210024
vt 1.47299004 0.94174999
vt 1.41515994 0.901939988
vt 1.49591994 0.925689995
vt 1.42667997 0.951610029
vt 1.46443999 0.963500023
vt 1.42558002 0.989589989
vt 1.45670998 0.989989996
vt 1.49252999 0.884679973
vt 1.51120996 0.908110023
vt 1.50538003 0.963360012
vt 1.51637006 0.953010023
vt 1.50334001 0.97665
vt 1.50106001 0.992020011
vt 1.53272998 0.945079982
vt 1.55051994 0.991050005
vt 1.55051994 0.991050005
vt 1.58627999 0.877349973
vt 1.60376 0.940550029
vt 1.54340994 0.909420013
vt 1.62448001 0.919730008
vt 1.55244005 0.957189977
vt 1.59389997 0.964869976
vt 1.55944002 0.995249987
vt 1.58905005 0.990490019
vt 1.62056005 0.877730012
vt 1.63906002 0.899990022
vt 1.63663995 0.958190024
vt 1.64761996 0.944180012
vt 1.63382006 0.973290026
vt 1.63373995 0.987070024
vt 1.66206002 0.936980009
vt 1.68324006 0.982620001
vt 1.81607997 0.925670028
vt 1.85421002 0.968550026
vt 1.79439998 0.949720025
vt 1.86365998 0.953499973
vt 1.82695997 0.910040021
vt 1.87442994 0.939390004
vt 1.88186002 0.925409973
vt 1.84448004 0.888010025
vt 1.88969004 0.910749972
vt 1.85046995 0.862119973
vt 1.88601005 0.980949998
vt 1.89161003 0.967809975
vt 1.91061997 0.936550021
vt 1.90483999 0.946969986
vt 1.89989996 0.95668
vt 1.92159998 0.988080025
vt 1.92352998 0.980369985
vt 1.93409002 0.962520003
vt 1.93040001 0.967830002
vt 1.92804003 0.973380029
vt 1.95315003 0.984939992
vt 1.95315003 0.984939992
vt 1.74792004 0.810159981
vt 1.75308001 0.842019975
vt 1.72950006 0.825559974
vt 1.76805997 0.834240019
vt 1.75581002 0.852259994
vt 1.77098 0.85650003
vt 1.75581002 0.852259994
vt 1.74667001 0.866940022
vt 1.82946002 0.763220012
vt 1.81831002 0.822539985
vt 1.79707003 0.763769984
vt 1.84211004 0.818690002
vt 1.81700003 0.863690019
vt 1.77243996 0.788919985
vt 1.79270005 0.831539989
vt 1.79707003 0.763769984
vt 1.76805997 0.834240019
vt 1.74792004 0.810159981
vt 1.81700003 0.863690019
vt 1.79595006 0.861000001
vt 1.77098 0.85650003
vt 1.79448998 0.904020011
vt 1.77844 0.889720023
vt 1.76094997 0.874660015
vt 1.84211004 0.818690002
vt 1.83384001 0.870689988
vt 1.79448998 0.904020011
vt 1.76094997 0.874660015
vt 1.74667001 0.866940022
vt 1.73180997 0.881739974
vt 1.80441999 0.917349994
vt 1.79448998 0.904020011
vt 1.74414003 0.890760005
vt 1.73180997 0.881739974
vt 1.71599996 0.897040009
vt 1.75813997 0.924310029
vt 1.79448998 0.904020011
vt 1.75802004 0.937560022
vt 1.75202 0.907729983
vt 1.76094997 0.874660015
vt 1.79448998 0.904020011
vt 1.72388995 0.924310029
vt 1.75802004 0.937560022
vt 1.71941996 0.932139993
vt 1.72419 0.913890004
vt 1.72241998 0.903060019
vt 1.71599996 0.897040009
vt 1.69431996 0.912819982
vt 1.71941996 0.932139993
vt 1.69431996 0.912819982
vt 1.64102995 0.760510027
vt 1.63189006 0.717490017
vt 1.66067004 0.732420027
vt 1.62184 0.751139998
vt 1.65751004 0.776910007
vt 1.68412006 0.749230027
vt 1.70334995 0.770789981
vt 1.66487002 0.784969985
vt 1.70428002 0.812590003
vt 1.66756999 0.806240022
vt 1.61313999 0.805980027
vt 1.61313999 0.805980027
vt 1.61313999 0.805980027
vt 1.61313999 0.805980027
vt 1.69000006 0.73973
vt 1.51889002 0.667400002
vt 1.53381002 0.709060013
vt 1.50721002 0.681879997
vt 1.57108998 0.672789991
vt 1.55848002 0.719579995
vt 1.58670998 0.699500024
vt 1.59293997 0.689480007
vt 1.49807 0.736509979
vt 1.47873998 0.72262001
vt 1.50468004 0.751309991
vt 1.44683003 0.780279994
vt 1.44683003 0.780279994
vt 1.50926006 0.761780024
vt 1.61903 0.717040002
vt 1.60004997 0.727949977
vt 1.57385004 0.737699986
vt 1.60741997 0.756099999
vt 1.56909001 0.761910021
vt 1.58203995 0.806240022
vt 1.56151998 0.797800004
vt 1.51266003 0.765990019
vt 1.51085997 0.78591001
vt 1.44683003 0.780279994
vt 1.67333996 0.82385999
vt 1.65031004 0.852810025
vt 1.67216003 0.849380016
vt 1.63594997 0.819959998
vt 1.60722005 0.847760022
vt 1.63246 0.869930029
vt 1.67095006 0.885479987
vt 1.66211998 0.889230013
vt 1.64786994 0.895950019
vt 1.67372 0.934809983
vt 1.67372 0.934809983
vt 1.69400001 0.854059994
vt 1.67216003 0.849380016
vt 1.67333996 0.82385999
vt 1.71170998 0.822749972
vt 1.73714995 0.853890002
vt 1.70974004 0.871969998
vt 1.67964995 0.889609993
vt 1.69351995 0.895259976
vt 1.67372 0.934809983
vt 1.67372 0.934809983
vt 1.52714002 0.847940028
vt 1.54777002 0.809750021
vt 1.51644003 0.801840007
vt 1.53910005 0.845560014
vt 1.49074996 0.823629975
vt 1.50955999 0.851999998
vt 1.52616 0.900889993
vt 1.52616 0.900889993
vt 1.54820001 0.853659987
vt 1.54777002 0.809750021
vt 1.57980001 0.818220019
vt 1.59140003 0.850000024
vt 1.56114995 0.865209997
vt 1.52616 0.900889993
vt 1.52616 0.900889993
vt 1.52714002 0.847940028
vt 1.54777002 0.809750021
vt 1.51644003 0.801840007
vt 1.49074996 0.823629975
vt 1.50955999 0.851999998
vt 1.52616 0.900889993
vt 1.53910005 0.845560014
vt 1.54777002 0.809750021
vt 1.52616 0.900889993
vt 1.54820001 0.853659987
vt 1.52616 0.900889993
vt 1.57980001 0.818220019
vt 1.54777002 0.809750021
vt 1.59140003 0.850000024
vt 1.56114995 0.865209997
vt 1.52616 0.900889993
vt 1.52714002 0.847940028
vt 1.54777002 0.809750021
vt 1.51644003 0.801840007
vt 1.53910005 0.845560014
vt 1.49074996 0.823629975
vt 1.50955999 0.851999998
vt 1.52616 0.900889993
vt 1.52616 0.900889993
vt 1.54820001 0.853659987
vt 1.57980001 0.818220019
vt 1.59140003 0.850000024
vt 1.56114995 0.865209997
vt 1.52616 0.900889993
vt 1.52616 0.900889993
vt 1.52714002 0.847940028
vt 1.54777002 0.809750021
vt 1.51644003 0.801840007
vt 1.53910005 0.845560014
vt 1.49074996 0.823629975
vt 1.50955999 0.851999998
vt 1.52616 0.900889993
vt 1.52616 0.900889993
vt 1.54820001 0.853659987
vt 1.57980001 0.818220019
vt 1.59140003 0.850000024
vt 1.56114995 0.865209997
vt 1.52616 0.900889993
vt 1.52616 0.900889993
vt 1.52714002 0.847940028
vt 1.54777002 0.809750021
vt 1.51644003 0.801840007
vt 1.53910005 0.845560014
vt 1.49074996 0.823629975
vt 1.50955999 0.851999998
vt 1.52616 0.900889993
vt 1.52616 0.900889993
vt 1.54820001 0.853659987
vt 1.57980001 0.818220019
vt 1.59140003 0.850000024
vt 1.56114995 0.865209997
vt 1.52616 0.900889993
vt 1.52616 0.900889993
vt 1.52714002 0.847940028
vt 1.54777002 0.809750021
vt 1.51644003 0.801840007
vt 1.53910005 0.845560014
vt 1.49074996 0.823629975
vt 1.50955999 0.851999998
vt 1.52616 0.900889993
vt 1.52616 0.900889993
vt 1.54820001 0.853659987
vt 1.57980001 0.818220019
vt 1.59140003 0.850000024
vt 1.56114995 0.865209997
vt 1.52616 0.900889993
vt 1.52616 0.900889993
vt 1.52714002 0.847940028
vt 1.54777002 0.809750021
vt 1.51644003 0.801840007
vt 1.53910005 0.845560014
vt 1.49074996 0.823629975
vt 1.50955999 0.851999998
vt 1.52616 0.900889993
vt 1.52616 0.900889993
vt 1.54820001 0.853659987
vt 1.57980001 0.818220019
vt 1.59140003 0.850000024
vt 1.56114995 0.865209997
vt 1.52616 0.900889993
vt 1.52616 0.900889993
vt 1.52714002 0.847940028
vt 1.54777002 0.809750021
vt 1.51644003 0.801840007
vt 1.53910005 0.845560014
vt 1.49074996 0.823629975
vt 1.50955999 0.851999998
vt 1.52616 0.900889993
vt 1.52616 0.900889993
vt 1.54820001 0.853659987
vt 1.57980001 0.818220019
vt 1.59140003 0.850000024
vt 1.56114995 0.865209997
vt 1.52616 0.900889993
vt 1.52616 0.900889993
vt 1.52714002 0.847940028
vt 1.54777002 0.809750021
vt 1.51644003 0.801840007
vt 1.53910005 0.845560014
vt 1.49074996 0.823629975
vt 1.50955999 0.851999998
vt 1.52616 0.900889993
vt 1.52616 0.900889993
vt 1.54820001 0.853659987
vt 1.57980001 0.818220019
vt 1.59140003 0.850000024
vt 1.56114995 0.865209997
vt 1.52616 0.900889993
vt 1.52616 0.900889993
vt 1.52714002 0.847940028
vt 1.54777002 0.809750021
vt 1.53910005 0.845560014
vt 1.51644003 0.801840007
vt 1.49074996 0.823629975
vt 1.50955999 0.851999998
vt 1.52616 0.900889993
vt 1.52616 0.900889993
vt 1.54820001 0.853659987
vt 1.57980001 0.818220019
vt 1.59140003 0.850000024
vt 1.56114995 0.865209997
vt 1.52616 0.900889993
vt 1.52616 0.900889993
vt 1.52714002 0.847940028
vt 1.54777002 0.809750021
vt 1.51644003 0.801840007
vt 1.53910005 0.845560014
vt 1.49074996 0.823629975
vt 1.50955999 0.851999998
vt 1.52616 0.900889993
vt 1.52616 0.900889993
vt 1.54820001 0.853659987
vt 1.57980001 0.818220019
vt 1.59140003 0.850000024
vt 1.56114995 0.865209997
vt 1.52616 0.900889993
vt 1.52616 0.900889993
vt 1.52714002 0.847940028
vt 1.54777002 0.809750021
vt 1.51644003 0.801840007
vt 1.53910005 0.845560014
vt 1.49074996 0.823629975
vt 1.50955999 0.851999998
vt 1.52616 0.900889993
vt 1.52616 0.900889993
vt 1.54820001 0.853659987
vt 1.57980001 0.818220019
vt 1.59140003 0.850000024
vt 1.56114995 0.865209997
vt 1.52616 0.900889993
vt 1.52616 0.900889993
vt 1.52714002 0.847940028
vt 1.54777002 0.809750021
vt 1.53910005 0.845560014
vt 1.51644003 0.801840007
vt 1.49074996 0.823629975
vt 1.50955999 0.851999998
vt 1.52616 0.900889993
vt 1.52616 0.900889993
vt 1.54820001 0.853659987
vt 1.57980001 0.818220019
vt 1.59140003 0.850000024
vt 1.56114995 0.865209997
vt 1.52616 0.900889993
vt 1.52616 0.900889993
vt 1.52714002 0.847940028
vt 1.54777002 0.809750021
vt 1.53910005 0.845560014
vt 1.51644003 0.801840007
vt 1.49074996 0.823629975
vt 1.50955999 0.851999998
vt 1.52616 0.900889993
vt 1.52616 0.900889993
vt 1.54820001 0.853659987
vt 1.57980001 0.818220019
vt 1.59140003 0.850000024
vt 1.56114995 0.865209997
vt 1.52616 0.900889993
vt 1.52616 0.900889993
vt 1.52714002 0.847940028
vt 1.54777002 0.809750021
vt 1.53910005 0.845560014
vt 1.51644003 0.801840007
vt 1.49074996 0.823629975
vt 1.50955999 0.851999998
vt 1.52616 0.900889993
vt 1.52616 0.900889993
vt 1.54820001 0.853659987
vt 1.57980001 0.818220019
vt 1.59140003 0.850000024
vt 1.56114995 0.865209997
vt 1.52616 0.900889993
vt 1.52616 0.900889993
vt 1.52714002 0.847940028
vt 1.54777002 0.809750021
vt 1.53910005 0.845560014
vt 1.51644003 0.801840007
vt 1.49074996 0.823629975
vt 1.50955999 0.851999998
vt 1.52616 0.900889993
vt 1.52616 0.900889993
vt 1.54820001 0.853659987
vt 1.57980001 0.818220019
vt 1.59140003 0.850000024
vt 1.56114995 0.865209997
vt 1.52616 0.900889993
vt 1.52616 0.900889993
vt 1.52714002 0.847940028
vt 1.54777002 0.809750021
vt 1.53910005 0.845560014
vt 1.51644003 0.801840007
vt 1.49074996 0.823629975
vt 1.50955999 0.851999998
vt 1.52616 0.900889993
vt 1.52616 0.900889993
vt 1.54820001 0.853659987
vt 1.57980001 0.818220019
vt 1.59140003 0.850000024
vt 1.56114995 0.865209997
vt 1.52616 0.900889993
vt 1.52616 0.900889993
vt 1.52714002 0.847940028
vt 1.54777002 0.809750021
vt 1.53910005 0.845560014
vt 1.51644003 0.801840007
vt 1.49074996 0.823629975
vt 1.50955999 0.851999998
vt 1.52616 0.900889993
vt 1.52616 0.900889993
vt 1.54820001 0.853659987
vt 1.57980001 0.818220019
vt 1.59140003 0.850000024
vt 1.56114995 0.865209997
vt 1.52616 0.900889993
vt 1.52616 0.900889993
vt 1.52714002 0.847940028
vt 1.54777002 0.809750021
vt 1.53910005 0.845560014
vt 1.51644003 0.801840007
vt 1.49074996 0.823629975
vt 1.50955999 0.851999998
vt 1.52616 0.900889993
vt 1.52616 0.900889993
vt 1.54820001 0.853659987
vt 1.57980001 0.818220019
vt 1.59140003 0.850000024
vt 1.56114995 0.865209997
vt 1.52616 0.900889993
vt 1.52616 0.900889993
vt 1.53381002 0.709060013
vt 1.51889002 0.667400002
vt 1.57108998 0.672789991
vt 1.50721002 0.681879997
vt 1.55848002 0.719579995
vt 1.58670998 0.699500024
vt 1.49807 0.736509979
vt 1.47873998 0.72262001
vt 1.50468004 0.751309991
vt 1.44683003 0.780279994
vt 1.50926006 0.761780024
vt 1.60004997 0.727949977
vt 1.57385004 0.737699986
vt 1.60741997 0.756099999
vt 1.56909001 0.761910021
vt 1.58203995 0.806240022
vt 1.56151998 0.797800004
vt 1.51266003 0.765990019
vt 1.51085997 0.78591001
vt 1.44683003 0.780279994
vt 1.53381002 0.709060013
vt 1.51889002 0.667400002
vt 1.50721002 0.681879997
vt 1.57108998 0.672789991
vt 1.55848002 0.719579995
vt 1.58670998 0.699500024
vt 1.49807 0.736509979
vt 1.47873998 0.72262001
vt 1.50468004 0.751309991
vt 1.44683003 0.780279994
vt 1.50926006 0.761780024
vt 1.60004997 0.727949977
vt 1.57385004 0.737699986
vt 1.60741997 0.756099999
vt 1.56909001 0.761910021
vt 1.58203995 0.806240022
vt 1.56151998 0.797800004
vt 1.51266003 0.765990019
vt 1.51085997 0.78591001
vt 1.44683003 0.780279994
vt 1.52714002 0.847940028
vt 1.54777002 0.809750021
vt 1.51644003 0.801840007
vt 1.53910005 0.845560014
vt 1.49074996 0.823629975
vt 1.50955999 0.851999998
vt 1.52714002 0.847940028
vt 1.52616 0.900889993
vt 1.52714002 0.847940028
vt 1.52616 0.900889993
vt 1.54820001 0.853659987
vt 1.54777002 0.809750021
vt 1.52616 0.900889993
vt 1.57980001 0.818220019
vt 1.54777002 0.809750021
vt 1.59140003 0.850000024
vt 1.56114995 0.865209997
vt 1.52616 0.900889993
vt 1.52714002 0.847940028
vt 1.54777002 0.809750021
vt 1.51644003 0.801840007
vt 1.53910005 0.845560014
vt 1.49074996 0.823629975
vt 1.50955999 0.851999998
vt 1.52616 0.900889993
vt 1.52616 0.900889993
vt 1.54820001 0.853659987
vt 1.57980001 0.818220019
vt 1.59140003 0.850000024
vt 1.56114995 0.865209997
vt 1.52616 0.900889993
vt 1.52616 0.900889993
vn -0.864937365 0.138599992 -0.48236236
vn -0.988379121 0.152002215 -0.00140412746
vn -0.844813883 0.235044867 -0.480669886
vn -0.997398257 -0.0107528195 0.0712826103
vn -0.467093885 0.28915295 -0.835591972
vn -0.527676344 0.310599566 -0.790623605
vn -0.931922078 0.129898384 0.338596463
vn -0.933856845 0.0965616852 0.344364941
vn -0.225482583 0.327168852 -0.917670012
vn 0.270169526 -0.053678859 -0.961315274
vn -0 0.213060945 -0.97703892
vn -0 0.342381954 -0.93956089
vn 0.560088158 0.137237996 -0.816986501
vn 0.72804296 -0.377901167 -0.571965158
vn 0.892655432 -0.0482414216 -0.448150575
vn 0.286302 -0.6627087 -0.691988647
vn 0.14245452 -0.805958748 -0.574575663
vn 0.610420704 -0.592359126 -0.525829971
vn -0.194483489 -0.737692773 -0.646517932
vn -0.241942555 -0.672932625 -0.699017584
vn 0.985612035 -0.110717051 -0.127713427
vn -0 0.2478939 -0.968787193
vn -0.329062283 -0.827387273 -0.455135465
vn -0.859862626 -0.376828253 -0.344436973
vn -0.801015913 -0.298412263 -0.518963933
vn -0.95040822 0.280061543 -0.13523978
vn -0.966801286 0.253330678 -0.033447925
vn -0.908138335 -0.403916568 -0.110164583
vn -0.951142728 0.257071346 0.171002552
vn -0.671077847 0.730761766 -0.125066727
vn -0.943523288 0.309327334 -0.118660912
vn -0.632690787 0.767811775 0.100833267
vn -0.853706062 -0.325397819 -0.406573683
vn -0.949235022 0.310421556 0.0509059913
vn -0.748766601 0.655503988 -0.0983017758
vn -0.762404501 0.636233211 0.118095756
vn -0.861012042 0.335898548 0.381877393
vn -0.66206032 0.656167924 0.362104803
vn -0.54978168 0.750720382 0.366277218
vn -0.959515035 0.275434881 0.0588763878
vn -0.509330213 0.833706558 0.213344708
vn -0.955187201 0.264943689 -0.13199313
vn -0.528600812 0.822148085 -0.211314276
vn -0.60383302 0.750378847 -0.268918872
vn -0.959600508 0.276652515 -0.051286079
vn -0.896316171 -0.425579846 -0.124495134
vn -0.899627805 -0.414431363 0.137537062
vn -0.225974351 -0.969250679 -0.0974093527
vn -0.161640599 -0.96660465 0.198865786
vn -0.897669435 -0.413629681 -0.151987195
vn -0.205000266 -0.930199325 -0.304473609
vn 0.100485899 0.871628881 0.479755729
vn 0.0294890199 0.995839 0.0862274095
vn 0.819649041 0.505129158 0.270222127
vn 0.792165935 0.575225413 -0.203933492
vn -0.0897970051 0.948886156 -0.302575082
vn 0.379791468 0.717516303 -0.583891094
vn -0.240595087 0.93916893 -0.245103359
vn 0.164876238 0.925516725 -0.340931863
vn -0.298918813 0.95427537 -0.00247541233
vn 0.117312334 0.990678966 -0.0692314953
vn -0 0.998543143 -0.0539594069
vn -0 0.924441457 -0.381324053
vn 0.985612035 -0.110717051 -0.127713427
vn 0.777447581 0.608735919 0.158163905
vn 0.103638858 0.960800707 0.257139981
vn 0.767393649 0.575110674 -0.283468962
vn 0.0993896276 0.957764924 -0.269829661
vn 0.797750473 0.461651504 -0.387907177
vn 0.0853152052 0.894245625 -0.439370096
vn 0.962946355 -0.162691891 -0.215094522
vn 0.970135987 -0.179200515 -0.163472846
vn 0.987090409 -0.151111752 -0.0530818999
vn 0.854533255 0.51373899 -0.0764530078
vn 0.134488553 0.977287531 -0.163773984
vn 0.843058646 0.464325815 -0.271391958
vn 0.984457076 -0.16920495 -0.0470535904
vn 0.98002243 -0.142282933 0.138965592
vn 0.815357685 0.385127962 -0.432282567
vn 0.959969044 -0.219217852 -0.174364462
vn 0.862771273 0.472100794 -0.18095994
vn 0.977057099 -0.193696812 0.0885488242
vn 0.146234274 0.922499776 -0.357224792
vn -0.597359717 0.801934242 0.00793516822
vn -0.619599342 0.764544666 -0.177673921
vn -0.932855606 0.26387617 0.2452548
vn -0.971107006 0.21702069 0.0992631763
vn -0.809280455 -0.364532888 0.460631043
vn -0.834629059 -0.429930419 0.34431693
vn 0.0782154575 0.86317718 -0.49880591
vn -0.6304847 0.70347178 -0.32804963
vn -0.975673318 0.219229057 -0.000327901973
vn -0.880561352 -0.355574071 0.313334823
vn 0.0509692095 0.958970606 -0.278886199
vn -0.644690633 0.751080692 -0.14230831
vn -0.644690633 0.751080692 -0.14230831
vn -0.966364503 0.216772005 0.138382122
vn -0.737961769 -0.417101234 0.530508101
vn -0.205619082 -0.88861227 0.409986645
vn -0.178396255 -0.816970348 0.548392475
vn 0.63144052 -0.746028304 0.211481899
vn 0.648043215 -0.642515123 0.408918381
vn 0.984457076 -0.16920495 -0.0470535904
vn 0.98002243 -0.142282933 0.138965592
vn 0.959969044 -0.219217852 -0.174364462
vn 0.655291319 -0.74295485 0.136423782
vn -0.268274724 -0.8529827 0.447715521
vn 0.977057099 -0.193696812 0.0885488242
vn 0.467760175 -0.708179712 0.528849602
vn -0.205735624 -0.725483954 0.656769276
vn 0.467760175 -0.708179712 0.528849602
vn 0.687000036 -0.725781679 0.0356641635
vn 0.970135987 -0.179200515 -0.163472846
vn 0.656947315 -0.730362713 -0.187057406
vn 0.962946355 -0.162691891 -0.215094522
vn 0.676210046 -0.700151324 -0.22919029
vn 0.987090409 -0.151111752 -0.0530818999
vn 0.985612035 -0.110717051 -0.127713427
vn -0.977590263 0.203662246 0.0532834493
vn -0.997557044 -0.0156394001 -0.0680824667
vn -0.855324626 0.509400487 -0.0945038125
vn -0.988985181 0.0137263797 0.147376448
vn -0.914226234 0.199818999 0.352509111
vn -0.917848825 0.0625209436 0.391975254
vn -0.597466052 0.791406035 -0.129270107
vn -0.950527728 -0.29902634 0.0841443464
vn -0.843189538 -0.529713094 -0.0918443352
vn -0.949067235 -0.0243223384 -0.314133257
vn -0.74140203 -0.583949566 -0.330644667
vn -0.818302751 -0.494190753 -0.293523461
vn -0.431236982 -0.847899914 -0.308383524
vn -0.831181526 0.447085887 -0.330532163
vn -0.949670553 -0.0080490699 -0.313147038
vn -0.773665965 0.525803983 -0.353512526
vn -0.715608716 -0.621591926 -0.318634182
vn -0.622526288 -0.76788491 -0.151042759
vn -0.976551294 -0.0349032693 -0.212436303
vn -0.144001588 -0.92404896 -0.354114324
vn 0.00571338646 -0.975611806 -0.219428644
vn -0.656133473 -0.754550636 -0.0119246766
vn -0.997411311 -0.0434012152 -0.0573323146
vn -0.680900991 0.689061344 -0.248129547
vn -0.103361621 0.934480667 -0.340678841
vn -0.00120041461 0.966238499 -0.257646561
vn -0.06893567 0.967997134 -0.241307542
vn -0.765430927 0.622146428 -0.164466381
vn 0.691877246 0.702935994 -0.164884925
vn 0.334875345 0.86914295 -0.36393556
vn -0.28292799 0.901153803 -0.328441262
vn 0.674478769 0.726266861 -0.132721215
vn 0.990499318 0.137210339 -0.00918250717
vn 0.991397262 0.127959326 0.0275281239
vn 0.986056089 -0.0011859698 -0.16640906
vn 0.334875345 0.86914295 -0.36393556
vn 0.975462437 0.20668672 0.0758539364
vn 0.64594239 0.75290513 -0.126064792
vn -0.597466052 0.791406035 -0.129270107
vn -0.036457289 0.875448346 -0.481934875
vn 0.642108679 0.692041457 -0.32981059
vn -0.0305298213 0.830994129 -0.55544287
vn -0.73838979 0.554002523 -0.384527922
vn -0.820541799 0.434580237 -0.371283025
vn -0.99050647 -0.110560089 -0.0816904604
vn -0.989619911 -0.142532289 -0.0183564462
vn -0.696587563 -0.678434074 0.233437672
vn -0.657807112 -0.740837336 0.135830298
vn -0.72003454 0.663784444 -0.202337503
vn -0.0285497513 0.973954976 -0.224936873
vn -0.996959567 -0.0605768524 0.0490126833
vn -0.612737417 -0.66220665 0.431318015
vn -0.753652632 0.593872786 -0.281643152
vn -0.0237830598 0.958270311 -0.284872472
vn -0.984378397 -0.174339384 -0.0245972034
vn -0.453746587 -0.786512792 0.4189412
vn 0.0431520157 -0.972989976 0.226778477
vn 0.0401825495 -0.932251096 0.359573811
vn 0.806302786 -0.546991825 0.2251129
vn 0.780097008 -0.594292939 0.195613414
vn 0.985077202 0.16889815 -0.0331111439
vn 0.993388772 0.114443004 0.00902554672
vn 0.974776626 0.174491927 0.139150977
vn 0.679200351 -0.543166876 0.493615776
vn 0.0363527648 -0.814141572 0.579527318
vn 0.994663119 0.0725519434 0.0733590871
vn 0.582812965 -0.663707554 0.468851
vn 0.0425351039 -0.84893316 0.526785791
vn -0.453746587 -0.786512792 0.4189412
vn 0.975462437 0.20668672 0.0758539364
vn 0.808190465 -0.562056959 0.175841227
vn 0.991397262 0.127959326 0.0275281239
vn 0.790872693 -0.605436385 0.0892589539
vn 0.0723441616 -0.992507875 0.09846057
vn 0.125958771 -0.991913795 0.0155355697
vn 0.787472546 -0.61597389 -0.0215228703
vn 0.990499318 0.137210339 -0.00918250717
vn 0.355650008 -0.853285611 -0.381335378
vn 0.986056089 -0.0011859698 -0.16640906
vn 0.990499318 0.137210339 -0.00918250717
vn -0.598602772 -0.396565676 -0.695995986
vn 0.0279312227 -0.595166743 -0.80311662
vn -0.677232206 -0.374588549 -0.633277118
vn -0.835377693 -0.395477504 -0.381761134
vn -0.909345806 -0.411571622 0.060819529
vn -0.794852376 -0.501317084 0.341893137
vn -0.871203363 -0.286200464 0.398865789
vn -0.77043283 -0.314289838 0.554666698
vn -0.710605681 -0.292679608 0.639826596
vn -0.72343111 0.108529158 0.681812823
vn -0.70030576 0.275829524 0.658399582
vn -0.433159828 0.362216234 0.82533139
vn -0.522758067 0.177254274 0.83384943
vn -0.420602828 0.183334053 0.888527989
vn -0.309867322 0.399299294 0.862868667
vn -0.293923616 0.184670031 0.937819839
vn -0 0.192339972 0.981328249
vn -0 0.428363353 0.903606534
vn -0.709549069 0.170584515 0.683696568
vn -0.924642086 0.114541523 0.363204122
vn -0.997740388 0.0620584004 -0.0257498045
vn -0.892710626 -0.0466082096 -0.448213607
vn -0.888086081 0.0350514352 -0.458338827
vn -0.640074611 0.0466448665 -0.766895533
vn -0.508791685 -0.0808298737 -0.857086658
vn -0.434556246 -0.203639299 -0.877320886
vn -0.37617597 0.098501958 -0.921297491
vn -0.209345311 -0.197829083 -0.957621157
vn -0.228144616 -0.32933405 -0.916236401
vn -0.581066489 0.240197003 -0.777603447
vn -0.86145699 0.207510218 -0.46349898
vn -0.980067134 0.197596699 -0.0205878727
vn -0.915522039 0.178386927 0.360551775
vn -0.728465557 0.0921679214 0.678854108
vn -0.759395599 0.0743808299 0.646363556
vn -0.449235857 -0.0137907052 0.893306792
vn -0.456687987 0.031585902 0.8890661
vn -0.763457954 0.19923152 0.614360392
vn -0.429949135 0.287769735 0.85576421
vn -0.230200559 0.0275658742 0.97275275
vn -0.204470187 0.326942533 0.922659516
vn -0.685963988 0.440629542 0.579050004
vn -0.397700548 0.539680779 0.742009997
vn -0.430179358 0.688389659 0.584008098
vn -0.192993164 0.579831839 0.791548312
vn -0 0.342486501 0.939522803
vn -0 0.587179005 0.809457123
vn -0.251061827 0.744351506 0.61879617
vn -0.135279253 0.896591306 0.421691209
vn -0.336563766 0.926435113 0.168649912
vn -0.234233111 0.942464292 0.238528505
vn 0.122044608 0.98322022 0.135584354
vn -0 0.914553344 -0.404465169
vn -0.534516573 -0.812932968 -0.231153592
vn 0.14245452 -0.805958748 -0.574575663
vn -0.0695420429 -0.165055394 -0.983829558
vn -0.228144616 -0.32933405 -0.916236401
vn 0.0637553185 -0.146764413 -0.987114787
vn -0 -0.11234948 -0.993668735
vn -0.228144616 -0.32933405 -0.916236401
vn 0.0637553185 -0.146764413 -0.987114787
vn -0.508791685 -0.0808298737 -0.857086658
vn -0 -0.11234948 -0.993668735
vn -0 -0.290080935 -0.957002163
vn 0.228144616 -0.32933405 -0.916236401
vn -0 -0.290080935 -0.957002163
vn 0.069542028 -0.165055394 -0.983829558
vn 0.209345266 -0.197829112 -0.957621157
vn -0.063755326 -0.146764413 -0.987114787
vn 0.228144616 -0.32933405 -0.916236401
vn -0 -0.11234948 -0.993668735
vn 0.434556246 -0.203639299 -0.877320886
vn 0.228144616 -0.32933405 -0.916236401
vn 0.508791625 -0.0808298737 -0.857086658
vn 0.64007467 0.0466448665 -0.766895473
vn 0.37617597 0.0985019729 -0.921297491
vn 0.892710626 -0.0466082059 -0.448213607
vn 0.888086081 0.0350514427 -0.458338827
vn 0.997740388 0.0620584004 -0.0257498194
vn 0.977590263 0.203662246 0.0532834418
vn 0.924642086 0.114541516 0.363204122
vn 0.914226234 0.199818969 0.352509111
vn 0.988985181 0.0137263844 0.147376448
vn 0.997557044 -0.0156393889 -0.0680824742
vn 0.855324686 0.509400427 -0.0945038199
vn 0.917848825 0.0625209585 0.391975254
vn 0.597466052 0.791406095 -0.129270136
vn 0.950527728 -0.299026221 0.0841443464
vn 0.843189478 -0.529713213 -0.0918443352
vn 0.949067235 -0.024322331 -0.314133257
vn 0.74140203 -0.583949566 -0.330644667
vn 0.81830281 -0.494190633 -0.29352361
vn 0.431236982 -0.847899914 -0.308383554
vn 0.831181526 0.447085887 -0.330532163
vn 0.949670553 -0.0080490848 -0.313147038
vn 0.773665965 0.525803983 -0.353512526
vn 0.715608716 -0.621591926 -0.318634123
vn 0.622526288 -0.76788491 -0.151042745
vn 0.976551414 -0.0349032991 -0.212436289
vn 0.144001588 -0.92404896 -0.354114324
vn -0.00571339624 -0.975611806 -0.219428629
vn 0.656133473 -0.754550636 -0.0119246673
vn 0.997411311 -0.0434012301 -0.0573323071
vn 0.680900991 0.689061344 -0.248129547
vn 0.103361592 0.934480667 -0.340678841
vn 0.00120037142 0.966238499 -0.257646561
vn 0.06893567 0.967997134 -0.241307542
vn 0.765430927 0.622146428 -0.164466381
vn -0.691877246 0.702935994 -0.164884925
vn -0.334875345 0.86914295 -0.36393556
vn 0.28292799 0.901153803 -0.328441292
vn -0.674478769 0.726266861 -0.132721215
vn -0.990499318 0.137210339 -0.00918250065
vn -0.991397262 0.127959326 0.0275281277
vn -0.986056089 -0.0011859698 -0.16640906
vn -0.334875345 0.86914295 -0.36393556
vn -0.975462437 0.20668672 0.0758539364
vn -0.64594239 0.75290513 -0.126064777
vn 0.597466052 0.791406095 -0.129270136
vn 0.0364572816 0.875448346 -0.481934875
vn -0.642108738 0.692041457 -0.329810649
vn 0.0305298176 0.830994129 -0.55544281
vn 0.73838979 0.554002523 -0.384527922
vn 0.820541799 0.434580237 -0.371283025
vn 0.99050647 -0.110560089 -0.0816904455
vn 0.989619911 -0.142532274 -0.0183564331
vn 0.696587563 -0.678434074 0.233437717
vn 0.657807112 -0.740837276 0.135830298
vn 0.72003454 0.663784444 -0.202337548
vn 0.0285497662 0.973954976 -0.224936858
vn 0.996959567 -0.0605768785 0.0490126833
vn 0.612737536 -0.66220665 0.431317925
vn 0.753652692 0.593872726 -0.281643182
vn 0.0237830877 0.958270311 -0.284872502
vn 0.984378278 -0.174339414 -0.0245971996
vn 0.453746647 -0.786512792 0.4189412
vn -0.0431520157 -0.972989976 0.226778492
vn -0.0401825607 -0.932251096 0.359573811
vn -0.806302786 -0.546991825 0.225112885
vn -0.780097008 -0.594292939 0.195613414
vn -0.985077202 0.16889815 -0.0331111327
vn -0.993388772 0.114443004 0.00902553834
vn -0.974776626 0.174491927 0.139150992
vn -0.679200351 -0.543166995 0.493615776
vn -0.036352776 -0.814141691 0.579527318
vn -0.994663119 0.0725519136 0.0733591095
vn -0.582813025 -0.663707554 0.468851
vn -0.0425350815 -0.84893322 0.526785731
vn 0.453746647 -0.786512792 0.4189412
vn -0.975462437 0.20668672 0.0758539364
vn -0.808190465 -0.562056959 0.175841227
vn -0.991397262 0.127959326 0.0275281277
vn -0.790872753 -0.605436325 0.0892589465
vn -0.0723441914 -0.992507875 0.0984605625
vn -0.125958785 -0.991913795 0.0155355884
vn -0.787472546 -0.615973771 -0.0215228796
vn -0.990499318 0.137210339 -0.00918250065
vn -0.355650008 -0.853285611 -0.381335407
vn -0.986056089 -0.0011859698 -0.16640906
vn -0.990499318 0.137210339 -0.00918250065
vn 0.598602712 -0.396565616 -0.695995986
vn 0.677232206 -0.37458846 -0.633277118
vn 0.835377693 -0.395477533 -0.381761193
vn 0.909345806 -0.411571592 0.0608195439
vn 0.794852316 -0.501317084 0.341893256
vn 0.871203363 -0.286200434 0.398865789
vn 0.77043283 -0.314289838 0.554666698
vn 0.710605681 -0.292679638 0.639826655
vn 0.72343111 0.10852918 0.681812823
vn 0.70030576 0.275829524 0.658399582
vn 0.433159828 0.362216234 0.82533139
vn 0.522758126 0.17725426 0.83384937
vn 0.420602828 0.183334053 0.888527989
vn 0.309867322 0.399299294 0.862868667
vn 0.293923616 0.184670046 0.937819839
vn -0 0.192339972 0.981328249
vn -0 0.428363353 0.903606534
vn 0.709549069 0.170584515 0.683696568
vn 0.915522039 0.178386927 0.360551775
vn 0.728465617 0.0921679288 0.678854108
vn 0.931922078 0.129898384 0.338596463
vn 0.759395599 0.074380815 0.646363556
vn 0.449235857 -0.0137907024 0.893306792
vn 0.456687987 0.0315858983 0.8890661
vn 0.763457954 0.19923152 0.614360452
vn 0.429949135 0.287769705 0.85576421
vn 0.230200559 0.0275658667 0.97275275
vn 0.204470143 0.326942474 0.922659516
vn 0.685964048 0.440629601 0.579049945
vn 0.861011982 0.335898608 0.381877452
vn 0.933856845 0.0965616852 0.344364941
vn 0.997398257 -0.0107528195 0.0712826103
vn 0.988379121 0.152002215 -0.00140412746
vn 0.864937365 0.138600022 -0.48236236
vn 0.844813883 0.235044867 -0.480669886
vn 0.467093885 0.28915295 -0.835591972
vn 0.527676344 0.310599566 -0.790623605
vn 0.397700548 0.539680779 0.742009997
vn 0.430179358 0.688389659 0.584008098
vn 0.192993164 0.579831839 0.791548312
vn -0 0.342486501 0.939522803
vn -0 0.587179005 0.809457123
vn 0.251061827 0.744351506 0.61879617
vn 0.135279253 0.896591306 0.421691209
vn 0.336563736 0.926435113 0.168649912
vn 0.234233141 0.942464292 0.238528505
vn -0.122044608 0.98322022 0.135584354
vn 0.662060261 0.656167924 0.362104803
vn 0.225482583 0.327168852 -0.917670012
vn -0.270169437 -0.053678859 -0.961315274
vn -0 0.213060945 -0.97703892
vn -0 0.342381954 -0.93956089
vn -0.560088098 0.137238011 -0.816986561
vn -0.72804296 -0.377901167 -0.571965158
vn -0.892655432 -0.048241429 -0.448150635
vn -0.286302 -0.6627087 -0.691988647
vn -0.14245452 -0.805958748 -0.574575663
vn -0.610420763 -0.592359126 -0.525829971
vn 0.194483504 -0.737692773 -0.646517932
vn 0.241942555 -0.672932625 -0.699017584
vn -0.985612035 -0.110717043 -0.127713427
vn -0 0.2478939 -0.968787193
vn 0.329062283 -0.827387273 -0.455135465
vn 0.859862626 -0.376828313 -0.344436944
vn 0.801015913 -0.298412263 -0.518963933
vn 0.95040822 0.280061573 -0.13523978
vn 0.966801286 0.253330678 -0.0334479213
vn 0.908138335 -0.403916568 -0.110164568
vn 0.951142728 0.257071346 0.171002552
vn 0.671077788 0.730761826 -0.125066742
vn 0.943523288 0.309327334 -0.118660882
vn 0.632690787 0.767811775 0.100833274
vn 0.853706181 -0.325397789 -0.406573683
vn 0.949235022 0.310421556 0.0509060025
vn 0.748766601 0.655503988 -0.0983017758
vn 0.762404561 0.636233151 0.118095763
vn 0.549781621 0.750720441 0.366277248
vn 0.959515035 0.275434881 0.0588763878
vn 0.509330213 0.833706558 0.213344708
vn 0.955187201 0.264943689 -0.13199313
vn 0.528600812 0.822148085 -0.211314276
vn 0.60383302 0.750378847 -0.268918872
vn 0.959600508 0.276652515 -0.051286079
vn 0.896316171 -0.425579846 -0.124495134
vn 0.899627805 -0.414431363 0.137537062
vn 0.225974351 -0.969250679 -0.0974093527
vn 0.161640599 -0.96660465 0.198865786
vn 0.897669435 -0.413629681 -0.151987195
vn 0.205000296 -0.930199325 -0.304473639
vn -0.100485921 0.871628881 0.479755729
vn -0.103638858 0.960800707 0.257139981
vn -0.777447522 0.608736038 0.15816389
vn -0.767393649 0.575110674 -0.283468962
vn -0.0993896425 0.957764924 -0.26982969
vn -0.797750473 0.461651504 -0.387907177
vn -0.0853152275 0.894245625 -0.439370126
vn -0.962946355 -0.162691891 -0.215094522
vn -0.970135987 -0.179200545 -0.163472846
vn -0.987090409 -0.151111752 -0.0530818999
vn -0.819649041 0.505129158 0.270222127
vn -0.0294890627 0.995839 0.0862274021
vn -0.792165935 0.575225353 -0.203933477
vn 0.0897969753 0.948886156 -0.302575111
vn -0.379791468 0.717516303 -0.583891153
vn 0.240595132 0.93916893 -0.245103359
vn -0.164876238 0.925516725 -0.340931863
vn 0.298918813 0.95427537 -0.00247541233
vn -0.117312334 0.990678966 -0.0692314953
vn -0 0.998543143 -0.0539594069
vn -0 0.924441457 -0.381324053
vn -0.985612035 -0.110717043 -0.127713427
vn -0.560088098 0.137238011 -0.816986561
vn -0 0.914553344 -0.404465169
vn -0.892655432 -0.048241429 -0.448150635
vn -0.985612035 -0.110717043 -0.127713427
vn 0.534516573 -0.812932968 -0.231153592
vn -0.14245452 -0.805958748 -0.574575663
vn 8.69006453E-06 -0.00012013485 -1
vn 3.67123757E-05 -0.000171007938 -1
vn 2.15714863E-06 -0.000118295669 -1
vn 3.6638452E-05 -0.000169857958 -1
vn 4.96001958E-05 -0.000371503469 -1
vn -2.71698591E-05 -8.05915042E-05 -1
vn -2.713705E-05 -6.64817489E-05 -1
vn -2.67149189E-05 0.000115037685 -1
vn 0.985612035 -0.110717051 -0.127713427
vn 0.892655432 -0.0482414216 -0.448150575
vn 0.560088158 0.137237996 -0.816986501
vn -0 0.673124671 -0.739529014
vn -0 0.2478939 -0.968787193
vn -0 0.673124671 -0.739529014
vn -0 0.673124671 -0.739529014
vn -0.291176558 -0.0904638842 -0.952382505
vn 0.0279312227 -0.595166743 -0.80311662
vn 0.0637553185 -0.146764413 -0.987114787
vn -0.340200782 0.0225335751 -0.940082788
vn -0.0695420429 -0.165055394 -0.983829558
vn -0.389442295 0.00789018162 -0.921016991
vn -0 -0.11234948 -0.993668735
vn -0.47483325 -0.265511215 -0.839069247
vn -0.86774838 -0.296370327 -0.398970395
vn -0.442061812 -0.262101918 -0.857836843
vn -0.905043781 -0.409643143 0.114404432
vn -0.814169586 -0.503028691 0.289982796
vn -0.917221487 -0.375905246 0.131908834
vn -0.794312119 0.332568765 0.508395731
vn -0.947065413 -0.126850933 -0.294916838
vn -0.973109841 -0.227742195 -0.0345051289
vn -0.601561069 0.520743728 0.605764091
vn -0.413940549 0.0970953628 0.905110955
vn -0.0697920099 0.526077151 0.847568214
vn -0.245823815 -0.328440726 0.91197443
vn 0.616249263 0.190909654 0.764061749
vn 0.597181857 -0.741786182 0.305167347
vn 0.760410905 -0.638773978 0.117230915
vn -0.567003429 -0.323012739 0.757739902
vn -0.532889366 -0.628316998 0.566786289
vn -0.425876975 -0.343241513 0.837146342
vn -0.245823815 -0.328440726 0.91197443
vn -0.930894196 -0.239874125 0.275492847
vn -0.421656966 0.623999417 0.657898366
vn -0.0574132428 0.627355337 0.776613712
vn -0.597564459 -0.18519713 0.780140102
vn 0.5275895 0.41258654 0.742577732
vn 0.13291809 -0.759517431 0.636762142
vn 0.638817847 0.346211493 0.687058449
vn 0.111765102 0.656477988 0.746019542
vn 0.765972793 -0.59562701 0.241896972
vn 0.13291809 -0.759517431 0.636762142
vn -0.529848397 -0.0385390893 0.847216308
vn -0.907202423 -0.213804558 0.362313807
vn -0.356431663 -0.57907331 0.733233035
vn -0.532889366 -0.628316998 0.566786289
vn -0.607250631 -0.249317884 0.754378736
vn -0.963511646 -0.225351512 0.144436643
vn -0.391891986 -0.0100752832 0.919956028
vn -0.617141545 -0.640330613 0.457288653
vn -0 -0.512924194 0.858433962
vn -0.902968109 -0.243614748 0.353977978
vn -0 -0.999941945 0.0107775712
vn -0 0.398489743 0.91717279
vn -0 -0.621251583 0.783611178
vn -0.329874575 -0.843803883 0.423294038
vn -1.20989995E-07 -0.702692211 0.711493909
vn 0.299071521 -0.622883797 0.72289139
vn -0.617141545 -0.640330613 0.457288653
vn 0.902968109 -0.243614778 0.353977978
vn 0.607250631 -0.249317914 0.754378676
vn -0 -0.512924194 0.858433962
vn -0 -0.999941945 0.0107775712
vn -0 -0.621251583 0.783611178
vn 0.391891986 -0.0100752786 0.919956028
vn 0.963511646 -0.225351602 0.144436568
vn 0.532889426 -0.628316998 0.566786289
vn 0.617141545 -0.640330732 0.457288653
vn -0.29907158 -0.622883916 0.722891331
vn 0.617141545 -0.640330732 0.457288653
vn 0.356431693 -0.57907331 0.733233035
vn 0.24582395 -0.328440726 0.91197443
vn 0.329874575 -0.843803883 0.423294038
vn 0.329874575 -0.843803883 0.423294038
vn 0.425877005 -0.343241483 0.837146401
vn 0.413940519 0.0970953926 0.905110955
vn 0.567003548 -0.323012829 0.757739842
vn 0.794312119 0.332568824 0.508395791
vn 0.601561129 0.520743728 0.605764091
vn 0.973109841 -0.22774224 -0.0345050953
vn 0.947065413 -0.126850933 -0.294916838
vn 0.0697919801 0.526077092 0.847568214
vn 0.24582395 -0.328440726 0.91197443
vn -0.616249144 0.19090952 0.764061809
vn -0.597181916 -0.741786122 0.305167377
vn -0.760410786 -0.638773978 0.117231086
vn 0.917221487 -0.375905126 0.131908894
vn 0.532889426 -0.628316998 0.566786289
vn 0.930894315 -0.239874184 0.275492758
vn 0.421656907 0.623999417 0.657898307
vn 0.0574133061 0.627355337 0.776613712
vn 0.597564638 -0.185197234 0.780140042
vn -0.52758944 0.41258654 0.742577732
vn -0.132919341 -0.759517491 0.636761785
vn -0.638817787 0.346211493 0.687058508
vn -0.111765146 0.656477928 0.746019542
vn -0.765972733 -0.59562695 0.241897032
vn -0.132919341 -0.759517491 0.636761785
vn 0.814169586 -0.503028691 0.289982915
vn 0.905043662 -0.409643292 0.114404447
vn 0.86774832 -0.296370387 -0.398970485
vn 0.442061722 -0.262101829 -0.857836843
vn 0.113630161 -0.853689015 -0.508235276
vn 0.185626104 -0.97577697 -0.115767889
vn 0.925427616 -0.141921967 -0.351343095
vn 0.47483319 -0.265511215 -0.839069307
vn 0.10270901 0.477632552 -0.872535348
vn 0.434206039 -0.336324364 -0.835674047
vn 0.47483319 -0.265511215 -0.839069307
vn 0.291176558 -0.0904638842 -0.952382505
vn -0.0279312227 -0.595166743 -0.80311662
vn -0.063755326 -0.146764413 -0.987114787
vn 0.340200722 0.0225335751 -0.940082788
vn 0.069542028 -0.165055394 -0.983829558
vn 0.389442295 0.00789018162 -0.921016991
vn -0 -0.11234948 -0.993668735
vn -0.0279312227 -0.595166743 -0.80311662
vn 0.446503252 -0.794335306 -0.411905736
vn 0.968762755 0.0572680086 -0.241286352
vn 0.132406354 0.721908271 -0.679203272
vn 0.291176558 -0.0904638842 -0.952382505
vn 0.464635819 0.123212501 -0.876887858
vn 0.446503252 -0.794335306 -0.411905736
vn 0.47483319 -0.265511215 -0.839069307
vn 0.464635819 0.123212501 -0.876887858
vn -0 -0.0433090776 0.999061763
vn -0 0.0331502557 0.999450386
vn -0.254633456 -0.0452794321 0.965977013
vn -0.339654535 0.301447958 -0.890934289
vn -0.287887573 0.281526923 -0.915348709
vn -0.292171985 0.177509114 -0.93974781
vn -0 0.590127647 -0.807309985
vn -0 0.37492153 -0.927056491
vn -0.663402617 0.0562512018 -0.746145308
vn -0 0.930576444 -0.366097748
vn -0 0.596616745 -0.802526355
vn -0 0.42451039 -0.905423045
vn -0 0.42451039 -0.905423045
vn 0.339654535 0.301447958 -0.890934289
vn 0.287887573 0.281526923 -0.915348709
vn 0.581066489 0.240197003 -0.777603447
vn 0.86145699 0.207510248 -0.46349901
vn 0.980067134 0.197596699 -0.0205878727
vn 0.292171985 0.177509114 -0.93974781
vn -0 0.37492153 -0.927056491
vn 0.663402617 0.0562512539 -0.746145308
vn -0 0.596616745 -0.802526355
vn 0.292171985 0.177509114 -0.93974781
vn 0.694157183 -0.140656739 -0.70594728
vn 0.0936418697 0.590169132 -0.801830113
vn 0.228144616 -0.32933405 -0.916236401
vn 0.148577869 -0.687985778 -0.710352123
vn 0.0611440949 0.241538927 -0.968462944
vn 0.0611440949 0.241538927 -0.968462944
vn -0 0.914553344 -0.404465169
vn -0 0.718125701 0.695913374
vn 4.05083938E-06 -2.45347564E-05 -1
vn 5.32530248E-06 2.14557131E-05 -1
vn 5.39288294E-06 2.06042259E-05 -1
vn 4.00169074E-06 -2.97307524E-05 -1
vn 1.99112242E-06 -8.07593387E-05 -1
vn 2.06166897E-06 -8.10913261E-05 -1
vn 5.32530248E-06 2.14557131E-05 -1
vn 1.5991307E-05 -0.000112932983 -1
vn 1.99112242E-06 -8.07593387E-05 -1
vn -7.77061723E-06 -3.48220092E-05 -1
vn 0.985077202 0.16889815 -0.0331111439
vn 0.724570751 0.632699907 -0.273291141
vn 0.993388772 0.114443004 0.00902554672
vn 0.621707439 0.777326763 -0.0961407945
vn 0.974776626 0.174491927 0.139150977
vn 0.675786912 0.710933864 -0.194640711
vn 0.994663119 0.0725519434 0.0733590871
vn -0.336563766 0.926435113 0.168649912
vn -0.658419013 0.664628685 0.353204072
vn -0.251061827 0.744351506 0.61879617
vn -0.926616073 -0.0729989856 -0.368854582
vn -0 0.914553344 -0.404465169
vn -0.812586129 0.557997942 0.168350995
vn -0.892650187 -0.384230018 -0.235675499
vn -0.839254558 0.541795194 0.0459327139
vn -0 0.990298867 0.138953432
vn -0 0.936797142 0.349872917
vn -0.882638991 -0.454236358 -0.120903611
vn -0 0.974361122 0.224990129
vn -0.876255155 0.468401432 0.11303515
vn -0.873582661 -0.481820017 -0.0685773492
vn -0 -0.640774012 -0.76772958
vn -0 0.914553344 -0.404465169
vn -0 -0.919970989 -0.391986698
vn -0.866370916 0.41971007 0.270637929
vn -0 0.883389294 0.468640029
vn -0.845909059 0.481067836 0.230242312
vn -0 0.8758623 0.482561082
vn -0.93165195 -0.288635701 -0.220712692
vn -0.866333425 -0.485714376 -0.116395071
vn -0 0.611536086 -0.791216612
vn -0 -0.984038711 -0.177955136
vn -0 -0.949421823 -0.314003438
vn -0 -0.34787634 -0.937540412
vn -0 -0.949007452 -0.315253645
vn -0 -0.985831738 -0.167737067
vn -0 -0.0435041264 -0.999053299
vn -0 0.611536086 -0.791216612
vn 0.93165195 -0.288635701 -0.220712692
vn 0.845909059 0.481067836 0.230242312
vn 0.866370916 0.41971007 0.270637929
vn -0 0.883389294 0.468640029
vn -0 0.8758623 0.482561082
vn 0.866333425 -0.485714376 -0.116395071
vn -0 0.974361122 0.224990129
vn 0.876255155 0.468401432 0.11303515
vn 0.839254558 0.541795194 0.0459327102
vn -0 0.990298867 0.138953432
vn 0.812586129 0.557997942 0.16835098
vn -0 0.936797142 0.349872917
vn 0.892650187 -0.384230018 -0.235675499
vn 0.882638991 -0.454236358 -0.120903611
vn 0.873582661 -0.481819957 -0.0685773492
vn 0.926616192 -0.0729989633 -0.368854582
vn 0.658419013 0.664628744 0.353204012
vn 0.336563736 0.926435113 0.168649912
vn 0.251061827 0.744351506 0.61879617
vn -0 0.914553344 -0.404465169
vn -0 -0.640774012 -0.76772958
vn -0 0.914553344 -0.404465169
vn -0 -0.919970989 -0.391986698
vn -0 0.823453844 0.567383409
vn -0 0.718125701 0.695913374
vn -0 -0.984038711 -0.177955136
vn -0 -0.985831738 -0.167737067
vn -0 -0.949007452 -0.315253645
vn -0 -0.949421823 -0.314003438
vn -0 -0.34787634 -0.937540412
vn -0 -0.0435041264 -0.999053299
vn -0 -0.34787634 -0.937540412
vn -0 0.823453844 0.567383409
vn -0 0.718125701 0.695913374
vn -0 -0.0435041264 -0.999053299
vn -0 -0.34787634 -0.937540412
vn -0.188308269 -0.979377687 0.0732066855
vn -0 -0.923921943 -0.382580966
vn -0.28448686 -0.912075877 -0.29527095
vn -0 -0.96511668 0.261820048
vn -0.403894037 -0.579135478 0.708146691
vn -0.708191395 -0.655200601 0.26301524
vn -0.392702252 -0.816349149 -0.423507839
vn -0 -0.818320453 -0.574762166
vn -0.434442967 -0.693766356 -0.574410498
vn -0 -0.178078532 -0.984016299
vn -0.239980608 -0.0437648371 -0.969790697
vn 0.0835039392 0.633940995 -0.768860161
vn -0 0.601692617 -0.798727751
vn -0.496840268 0.288612664 -0.818445086
vn -0.839167356 -0.30329296 -0.451454967
vn -0.878232002 -0.473295301 -0.0685572624
vn 0.0604815111 0.700921714 -0.710669219
vn -0 -0.475957453 0.879468322
vn 0.0835039392 0.633940995 -0.768860161
vn 0.0604815111 0.700921714 -0.710669219
vn -0 -0.317528099 -0.948248923
vn -0.461483508 -0.513229251 -0.723621905
vn -0 -0.544521034 -0.838747263
vn -0.228484392 -0.329926312 -0.915938616
vn -0 -0.999945164 -0.0104763377
vn -0.548887908 -0.800741673 0.239864334
vn -0.643822551 -0.275413305 -0.713890791
vn -0.402524978 -0.110150754 -0.908757627
vn -0.493560016 0.0715277717 -0.86676544
vn -0.797483623 -0.118122905 -0.591664553
vn -0.524119675 0.0492969193 -0.850216627
vn -0.825021327 -0.125501141 -0.550989389
vn -0.751752138 -0.637506843 0.168682575
vn -0.752759814 -0.639411151 0.156543866
vn -0 -0.126140088 -0.992012441
vn -0.265710831 -0.117152847 -0.956908047
vn -0 0.200000077 -0.979795814
vn -0.287744224 0.151784703 -0.945602834
vn -0 0.208428904 -0.978037477
vn -0.269895017 0.162286356 -0.949115276
vn -0.149106652 -0.407155603 0.901105762
vn -0.132673785 -0.231789604 0.963675916
vn -0.109137483 -0.640766501 0.759939015
vn -0.753134191 -0.393167794 0.527454317
vn -0.0732747987 -0.340863466 0.937252879
vn -0.268090904 -0.0198098179 -0.96318996
vn -0 -0.157181934 -0.98756963
vn -0.298859835 -0.339915395 -0.891706467
vn -0.256221533 0.214390174 -0.94254297
vn -0.397929102 -0.0154563468 -0.917285919
vn -0.62581557 -0.185651734 -0.757554114
vn -0.859691799 -0.36617738 -0.356151819
vn -0.914319217 -0.257464856 -0.312621415
vn -0.904951096 -0.418270469 0.078187421
vn -0.646752059 -0.749777377 0.139805779
vn -0.860299706 -0.49298045 0.129825264
vn -0.895184457 -0.444428086 -0.0335920043
vn -0.872247756 -0.481708735 0.084502615
vn -0.705689311 -0.621542513 -0.340128601
vn -0.918138504 -0.36549443 0.153086767
vn -0.84406966 -0.495284975 0.205521747
vn -0.940846682 -0.264877081 0.211299747
vn -0.828879833 -0.430345595 0.357436538
vn -0.718355715 -0.667621255 0.195568353
vn -0.943962216 -0.277582079 -0.178559542
vn -0.930015862 -0.358936101 0.07896512
vn -0.938015938 -0.253489405 -0.236366972
vn -0.936319709 -0.333470404 0.110013045
vn -0.793155968 -0.13052164 -0.594867766
vn -0.746519327 -0.0822001025 -0.660266578
vn -0.96685499 -0.255084574 0.0111008761
vn -0.778372943 0.114727773 -0.617230117
vn -0.996654272 -0.0597665794 -0.0557516478
vn -0.993443251 0.00983647536 -0.113902874
vn -0.612439454 0.332277387 -0.717293203
vn -0.983152032 -0.118991226 0.138756022
vn -0.983515918 -0.0161827318 -0.180096135
vn -0.972564816 -0.164622605 0.164368406
vn -0.809218466 -0.331427395 0.485099226
vn -0.78735882 -0.291790038 0.54306978
vn -0.975436866 -0.179513142 0.127663746
vn -0.830429673 -0.355626881 0.428854465
vn -0.942786276 -0.26819706 0.198051214
vn -0.782187283 -0.406306833 0.472332418
vn -0.601748347 0.343048155 -0.721260607
vn -0.839167356 -0.30329296 -0.451454967
vn -0.496840268 0.288612664 -0.818445086
vn -0.878232002 -0.473295301 -0.0685572624
vn -0.708191395 -0.655200601 0.26301524
vn 0.0809472352 0.533507228 -0.841913044
vn 0.0570651218 0.489876002 -0.869922519
vn 0.0328256339 0.352970451 -0.935058415
vn 0.0604815111 0.700921714 -0.710669219
vn -0.458560646 -0.545194387 0.701772869
vn -0.501756072 -0.534013271 0.680492938
vn -0.431669056 -0.482170939 0.762347102
vn -0 -0.608379543 0.793646216
vn -0 -0.642927289 0.765927196
vn -0 -0.535565555 0.844493568
vn -0.410713106 -0.387371808 0.825383425
vn -0.403894037 -0.579135478 0.708146691
vn -0.212167919 -0.393261909 0.894611537
vn -0 -0.475957453 0.879468322
vn -0.51561892 -0.523207605 0.678521216
vn -0.696455121 -0.474863827 0.538010001
vn -0.634102583 -0.618715167 0.46379447
vn -0.482688397 -0.691686451 0.537198067
vn -0.888464272 -0.407294571 0.211523712
vn -0.842197835 -0.465055525 0.272811562
vn -0 -0.591235757 0.806498826
vn -0 -0.784603596 0.619997799
vn -0.453038067 -0.679204583 0.577440619
vn -0 -0.794111252 0.60777241
vn -0 -0.880045533 0.474889249
vn -0.617111385 -0.661568165 0.426029533
vn -0.571935296 -0.513173103 0.639955699
vn -0.579494178 -0.598510385 0.553147137
vn -0.771106184 -0.45295459 0.447467715
vn -0.775497973 -0.362000346 0.51726079
vn -0.91506362 -0.291379392 0.278848767
vn -0.830160856 -0.293144733 0.474235296
vn -0.842960894 -0.474879324 0.252797663
vn -0.673659444 -0.70015341 0.236576021
vn -0.753731608 -0.646525264 -0.117871255
vn -0.754680276 -0.469024628 -0.458773971
vn -0.322322369 -0.808962822 -0.491617113
vn -0.193744287 -0.735886097 -0.648794889
vn -0.713924229 -0.407509446 -0.569428086
vn 0.195230722 -0.818729877 -0.539968848
vn -0.00711843325 -0.936069965 -0.35174185
vn -0.174754485 -0.877022028 -0.447541177
vn -0.306488872 -0.770978928 -0.558261633
vn -0.550836146 -0.766747236 -0.329663873
vn -0.532889366 -0.628316998 0.566786289
vn 0.597181857 -0.741786182 0.305167347
vn -0.947065413 -0.126850933 -0.294916838
vn -0.917221487 -0.375905246 0.131908834
vn -0.796365261 -0.590725422 0.129791975
vn -0.673659444 -0.70015341 0.236576021
vn -0.973109841 -0.227742195 -0.0345051289
vn -0.303087741 -0.741999686 -0.597975075
vn -0.213297591 -0.851479232 -0.479048371
vn -0.402115047 -0.747208953 -0.529133439
vn -0.544796765 -0.761308253 -0.351576895
vn -0.359073311 -0.885227025 -0.295701772
vn -0.259487033 -0.871883452 -0.415313959
vn -0.597564459 -0.18519713 0.780140102
vn 0.13291809 -0.759517431 0.636762142
vn -0.597564459 -0.18519713 0.780140102
vn 0.765972793 -0.59562701 0.241896972
vn 0.760410905 -0.638773978 0.117230915
vn -0.930894196 -0.239874125 0.275492847
vn 0.12142811 -0.482206464 -0.867601395
vn -0 -0.983545363 0.180661306
vn 0.190512061 -0.976862311 -0.0971866176
vn -0 -0.457595229 -0.889160633
vn 0.0328256339 0.352970451 -0.935058415
vn -0 0.364084691 -0.931365848
vn 0.0328256339 0.352970451 -0.935058415
vn -0 0.503331006 -0.864093721
vn 0.0570651218 0.489876002 -0.869922519
vn 0.0809472352 0.533507228 -0.841913044
vn -0 0.583305717 -0.8122527
vn 0.0604815111 0.700921714 -0.710669219
vn 0.0835039392 0.633940995 -0.768860161
vn -0 0.601692617 -0.798727751
vn 0.0918973014 -0.772435725 0.628409028
vn -0 -0.983545363 0.180661306
vn -0.0432314575 -0.333914429 0.941611528
vn -0 -0.497941136 0.867210865
vn -0.0732747987 -0.340863466 0.937252879
vn -0 -0.604095876 0.796911597
vn -0.109137483 -0.640766501 0.759939015
vn -0.149106652 -0.407155603 0.901105762
vn -0 -0.223259807 0.974758983
vn -0.132673785 -0.231789604 0.963675916
vn -0 -0.381910533 0.924199343
vn -0.778650463 -0.543835521 0.312963605
vn -0.964703143 -0.260097831 -0.0411924496
vn -0.705665588 -0.565452158 0.426965982
vn -0.819923699 -0.536830544 0.198842078
vn -0.935550392 -0.33926174 -0.098218374
vn -0.87619853 -0.0228201915 -0.481409878
vn -0.905336082 -0.146433398 -0.398652464
vn -0.70605433 -0.577836752 0.409380019
vn -0.832738817 -0.519811928 0.190634698
vn -0.748449206 -0.513307869 0.419927299
vn -0.856798053 -0.402136832 0.322774142
vn -0.947040558 -0.285282731 -0.147404164
vn -0.866339803 -0.426257461 0.260307521
vn -0.94888401 -0.315488368 0.00928645022
vn -0.77134794 -0.344172239 0.535320282
vn -0.868950486 -0.339175254 0.360395938
vn -0.880861342 -0.325023174 0.344155878
vn -0.970497966 -0.225833029 0.0844573304
vn -0.814169586 -0.503028691 0.289982796
vn -0.911565065 -0.0912707224 -0.400897503
vn -0.86774838 -0.296370327 -0.398970395
vn -0.905043781 -0.409643143 0.114404432
vn -0.442061812 -0.262101918 -0.857836843
vn -0.481776357 0.0105711697 -0.876230478
vn -0.189502776 0.0451552272 -0.980841279
vn -0.0890139639 -0.285092056 -0.954357862
vn -0.279179037 0.0606550612 -0.958321393
vn -0.0447317287 0.128516421 -0.99069804
vn -0.0807372108 -0.365649968 -0.927244127
vn -0.0371586904 -0.791448534 -0.610105336
vn -0.712161303 -0.069391124 -0.698577881
vn -0.161631614 0.370561123 -0.914636314
vn 0.0572607815 0.781326592 -0.62149024
vn 0.00768019771 0.163793012 -0.986464858
vn -0.0404632203 0.130000859 -0.990687907
vn -0.171498954 0.626962125 -0.759938538
vn 0.00768019771 0.163793012 -0.986464858
vn -0.712161303 -0.069391124 -0.698577881
vn -0.861275494 -0.0379447415 -0.506719589
vn 0.00442892872 -0.916050613 -0.40103808
vn -0.081863746 0.846177638 -0.526575506
vn -0.171498954 0.626962125 -0.759938538
vn 0.011876829 -0.238708854 -0.971018553
vn 0.011876829 -0.238708854 -0.971018553
vn -0.958504617 -0.268277913 -0.0964148194
vn -0.888121903 -0.393422276 0.237609908
vn -0.866424799 -0.425755084 0.260846257
vn -0.963586152 -0.240511134 -0.116859451
vn -0.980187237 -0.19403702 0.0397836789
vn -0.71143955 -0.553995073 0.432369292
vn -0.188188314 -0.889086246 -0.417265743
vn -0.0890139639 -0.285092056 -0.954357862
vn -0 -0.267488629 -0.963560998
vn -0.679549217 -0.554792464 -0.480018884
vn -0 -0.672428727 -0.740161836
vn -0 -0.0144842332 -0.999895096
vn -0 -0.999023795 0.044175677
vn -0 -0.71860522 -0.695418179
vn -0 -0.71860522 -0.695418179
vn 0.679549217 -0.554792523 -0.480018944
vn -0 -0.672428727 -0.740161836
vn 0.188188314 -0.889086246 -0.417265683
vn -0 -0.267488629 -0.963560998
vn 0.0890139639 -0.285092086 -0.954357862
vn -0 -0.999023795 0.044175677
vn -0 -0.71860522 -0.695418179
vn 0.690144897 -0.454474479 -0.56316328
vn -0 -0.672428727 -0.740161836
vn -0.196505561 -0.44302246 -0.874709427
vn -0.0824827254 -0.968850076 0.233508363
vn -0.796036601 -0.265848547 -0.543737292
vn -0 -0.672428727 -0.740161836
vn -0 -0.937108457 -0.349038124
vn -0 -0.381841421 -0.924227834
vn -0 0.20607397 -0.978536427
vn -0 0.762784839 -0.6466524
vn -0 -0.381841421 -0.924227834
vn -0 0.20607397 -0.978536427
vn -0.196505561 -0.44302246 -0.874709427
vn -0.138238549 0.165003717 -0.976557195
vn 0.0217625704 -0.809764802 -0.586350858
vn -0.0824827254 -0.968850076 0.233508363
vn 0.579298019 -0.348138124 -0.737030268
vn -0 -0.381841421 -0.924227834
vn -0.244594112 -0.212301537 -0.946098208
vn -0.0364958309 -0.925914943 -0.37596482
vn -0.721146226 -0.179811612 -0.669041038
vn -0 -0.381841421 -0.924227834
vn -0 -0.845048666 -0.534689307
vn -0 0.282537222 -0.959256291
vn -0 0.781808317 -0.623518825
vn -0.244594112 -0.212301537 -0.946098208
vn -0 0.282537222 -0.959256291
vn -0 0.0427293144 -0.999086738
vn -0.244594112 -0.212301537 -0.946098208
vn -0.360835493 -0.657453775 -0.661477506
vn -0 0.0427293144 -0.999086738
vn -0 0.0427293144 -0.999086738
vn 0.388945431 -0.181185886 -0.90326798
vn -0.41635859 -0.0255540516 -0.908841312
vn -0.164584219 0.644409359 -0.746758759
vn -0 0.0427293144 -0.999086738
vn -0.389442295 0.00789018162 -0.921016991
vn -0 -0.117212735 -0.993106902
vn -0.41635859 -0.0255540516 -0.908841312
vn -0 -0.117212735 -0.993106902
vn -0 -0.11234948 -0.993668735
vn 0.389442295 0.00789018162 -0.921016991
vn -0 -0.11234948 -0.993668735
vn -0 0.0427293144 -0.999086738
vn -0 -0.117212735 -0.993106902
vn 0.164584219 0.644409359 -0.746758759
vn -0.388945431 -0.181185961 -0.90326798
vn 0.41635859 -0.0255540516 -0.908841312
vn 0.360835463 -0.657453835 -0.661477387
vn -0 0.0427293144 -0.999086738
vn 0.41635859 -0.0255540516 -0.908841312
vn -0 0.0427293144 -0.999086738
vn 0.244594112 -0.212301537 -0.946098208
vn -0 0.781808317 -0.623518825
vn -0 0.0427293144 -0.999086738
vn 0.721146226 -0.179811642 -0.669040978
vn 0.244594112 -0.212301537 -0.946098208
vn -0 0.282537222 -0.959256291
vn -0 -0.381841421 -0.924227834
vn 0.244594112 -0.212301537 -0.946098208
vn -0 -0.845048666 -0.534689307
vn -0 0.282537222 -0.959256291
vn -0 -0.381841421 -0.924227834
vn -0.579298019 -0.348138213 -0.737030268
vn 0.196505561 -0.44302249 -0.874709427
vn 0.796036601 -0.265848577 -0.543737292
vn -0 -0.672428727 -0.740161836
vn -0 -0.937108457 -0.349038124
vn -0 -0.381841421 -0.924227834
vn -0 0.20607397 -0.978536427
vn -0 -0.381841421 -0.924227834
vn -0 0.762784839 -0.6466524
vn -0 0.20607397 -0.978536427
vn -0 -0.672428727 -0.740161836
vn -0.690144837 -0.454474539 -0.56316328
vn 0.0824828595 -0.968850076 0.233508378
vn 0.196505561 -0.44302249 -0.874709427
vn 0.138238519 0.165003702 -0.976557195
vn -0.0217625033 -0.809764981 -0.586350739
vn 0.0824828595 -0.968850076 0.233508378
vn 0.0364958271 -0.925914943 -0.37596482
vn 0.244594112 -0.212301537 -0.946098208
vn 0.100374877 0.433385462 -0.895601451
vn 0.223414391 -0.191338196 -0.955759227
vn 0.100374877 0.433385462 -0.895601451
vn 0.0364958271 -0.925914943 -0.37596482
vn -0.750467181 -0.472443104 0.462165117
vn 0.0918973014 -0.772435725 0.628409028
vn -0.0432314575 -0.333914429 0.941611528
vn 0.190512061 -0.976862311 -0.0971866176
vn 0.12142811 -0.482206464 -0.867601395
vn 0.0328256339 0.352970451 -0.935058415
vn -0.963511646 -0.225351512 0.144436643
vn -0.172609538 -0.9666062 -0.189415991
vn -0.617141545 -0.640330613 0.457288653
vn -0.923710763 -0.313109249 0.220728442
vn -0 -0.966509342 -0.256631434
vn -1.04457484E-07 -0.782345355 0.622844875
vn -0 -0.966509342 -0.256631434
vn 0.923710763 -0.313109189 0.220728457
vn -0 -0.880045533 0.474889249
vn 0.617111504 -0.661568105 0.426029503
vn 0.453038126 -0.679204583 0.577440619
vn 0.571935356 -0.513173163 0.639955699
vn 0.579494238 -0.598510385 0.553147137
vn 0.771106124 -0.45295468 0.447467774
vn 0.775497794 -0.362000346 0.517260849
vn 0.91506362 -0.291379333 0.278848678
vn 0.830160797 -0.293144763 0.474235356
vn 0.842960775 -0.474879265 0.252797663
vn 0.673659325 -0.70015341 0.23657617
vn 0.753731549 -0.646525383 -0.117871292
vn 0.754680216 -0.469024777 -0.458774
vn 0.322322249 -0.808962822 -0.491617113
vn 0.193744212 -0.735886037 -0.648794889
vn 0.71392417 -0.407509357 -0.569428146
vn -0.195230722 -0.818729877 -0.539968848
vn 0.007118423 -0.936069965 -0.35174185
vn 0.174754456 -0.877022028 -0.447541237
vn 0.306488812 -0.770979047 -0.558261573
vn 0.550836146 -0.766747236 -0.329663873
vn 0.532889426 -0.628316998 0.566786289
vn -0.597181916 -0.741786122 0.305167377
vn 0.947065413 -0.126850933 -0.294916838
vn 0.917221487 -0.375905126 0.131908894
vn 0.796365261 -0.590725362 0.129791975
vn 0.673659325 -0.70015341 0.23657617
vn 0.973109841 -0.22774224 -0.0345050953
vn 0.303087741 -0.741999686 -0.597975075
vn 0.213297665 -0.851479113 -0.479048401
vn 0.402115017 -0.747208953 -0.529133439
vn 0.544796824 -0.761308193 -0.351576954
vn 0.359073758 -0.885226846 -0.295701683
vn 0.259486943 -0.871883452 -0.415314108
vn 0.597564638 -0.185197234 0.780140042
vn -0.132919341 -0.759517491 0.636761785
vn 0.597564638 -0.185197234 0.780140042
vn -0.765972733 -0.59562695 0.241897032
vn -0.760410786 -0.638773978 0.117231086
vn 0.930894315 -0.239874184 0.275492758
vn -0 -0.381910533 0.924199343
vn -0.663402617 0.0562512018 -0.746145308
vn -0 -0.136783034 -0.990601063
vn -0 -0.58036679 -0.814355195
vn -0.663402617 0.0562512018 -0.746145308
vn -0.292171985 0.177509114 -0.93974781
vn 0.500344336 -0.0845641494 -0.861686945
vn -0.0936418921 0.590169132 -0.801830113
vn -0.228144616 -0.32933405 -0.916236401
vn -0.0611440949 0.241538927 -0.968462944
vn -0.148577884 -0.687985837 -0.710352123
vn -0.228144616 -0.32933405 -0.916236401
vn -0.555218875 0.0214916002 -0.831426501
vn -0 0.667803288 -0.744337797
vn -0 -0.290080935 -0.957002163
vn -0.479547441 -0.427030653 -0.766602337
vn -0 0.345563829 -0.938395262
vn -0 -0.58036679 -0.814355195
vn -0 0.596616745 -0.802526355
vn -0 0.345563829 -0.938395262
vn -0 0.667803288 -0.744337797
vn -0.292171985 0.177509114 -0.93974781
vn -0.694157183 -0.140656739 -0.70594728
vn -0.0936418921 0.590169132 -0.801830113
vn -0.228144616 -0.32933405 -0.916236401
vn -0.148577884 -0.687985837 -0.710352123
vn -0.0611440949 0.241538927 -0.968462944
vn -0.0611440949 0.241538927 -0.968462944
vn -0.113630258 -0.853689015 -0.508235276
vn -0.185625806 -0.97577703 -0.115767978
vn -0.925427616 -0.141922072 -0.351343095
vn -0.47483325 -0.265511215 -0.839069247
vn -0.10270904 0.477632552 -0.872535348
vn -0.434206188 -0.336324364 -0.835673928
vn -0.185625806 -0.97577703 -0.115767978
vn -0.434206188 -0.336324364 -0.835673928
vn -0.0890139639 -0.285092056 -0.954357862
vn -0.188188314 -0.889086246 -0.417265743
vn -0.166161507 -0.775436401 -0.609170556
vn -0.0824827254 -0.968850076 0.233508363
vn -0.899759114 -0.312379122 -0.3047176
vn -0.138238549 0.165003717 -0.976557195
vn -0.196505561 -0.44302246 -0.874709427
vn 0.0217625704 -0.809764802 -0.586350858
vn -0.0824827254 -0.968850076 0.233508363
vn -0.261631906 -0.32435748 -0.909032941
vn 0.677969694 -0.312278837 -0.665461481
vn -0.160247743 0.420411825 -0.893070281
vn -0.166161507 -0.775436401 -0.609170556
vn 0.0281155538 -0.996399283 -0.0799867287
vn -0.166161507 -0.775436401 -0.609170556
vn 0.0668856502 -0.526195168 -0.847729325
vn -0.160247743 0.420411825 -0.893070281
vn 0.0668856502 -0.526195168 -0.847729325
vn -0.408770353 -0.845133483 -0.344465315
vn -0.244594112 -0.212301537 -0.946098208
vn -0.244594112 -0.212301537 -0.946098208
vn 0.386360586 -0.278263152 -0.879372001
vn -0.0877553299 0.72080332 -0.687562108
vn -0.449018985 -0.00798795372 -0.8934865
vn -0.244594112 -0.212301537 -0.946098208
vn -0.340200782 0.0225335751 -0.940082788
vn -0.360835493 -0.657453775 -0.661477506
vn -0.244594112 -0.212301537 -0.946098208
vn -0.909181058 0.0751985535 -0.409554601
vn -0.164584219 0.644409359 -0.746758759
vn -0.389442295 0.00789018162 -0.921016991
vn -0.41635859 -0.0255540516 -0.908841312
vn -0.41635859 -0.0255540516 -0.908841312
vn -0.836976528 -0.28799513 -0.465326965
vn -0.261631906 -0.32435748 -0.909032941
vn -0.10037487 0.433385462 -0.895601451
vn -0.244594112 -0.212301537 -0.946098208
vn -0.0364958309 -0.925914943 -0.37596482
vn -0.261631906 -0.32435748 -0.909032941
vn -0.223414391 -0.191338196 -0.955759227
vn -0.223414391 -0.191338196 -0.955759227
vn -0.10037487 0.433385462 -0.895601451
vn -0.113630258 -0.853689015 -0.508235276
vn -0.0890139639 -0.285092056 -0.954357862
vn -0.166161507 -0.775436401 -0.609170556
vn -0.442061812 -0.262101918 -0.857836843
vn -0.185625806 -0.97577703 -0.115767978
vn -0.166161507 -0.775436401 -0.609170556
vn 0.544353426 -0.478942692 -0.68868953
vn -0.47483325 -0.265511215 -0.839069247
vn -0.10270904 0.477632552 -0.872535348
vn -0.166161507 -0.775436401 -0.609170556
vn -0.434206188 -0.336324364 -0.835673928
vn -0.434206188 -0.336324364 -0.835673928
vn -0.185625806 -0.97577703 -0.115767978
vn -0.160247743 0.420411825 -0.893070281
vn -0.47483325 -0.265511215 -0.839069247
vn -0.876655459 -0.259778887 -0.404957026
vn 0.0281155538 -0.996399283 -0.0799867287
vn -0.166161507 -0.775436401 -0.609170556
vn 0.0668856502 -0.526195168 -0.847729325
vn -0.160247743 0.420411825 -0.893070281
vn -0.261631906 -0.32435748 -0.909032941
vn 0.0668856502 -0.526195168 -0.847729325
vn -0.160247743 0.420411825 -0.893070281
vn 0.435085207 -0.256556273 -0.86306411
vn -0.47483325 -0.265511215 -0.839069247
vn -0.261631906 -0.32435748 -0.909032941
vn -0.446503252 -0.794335306 -0.411905736
vn -0.47483325 -0.265511215 -0.839069247
vn -0.464635819 0.123212501 -0.876887858
vn -0.132406354 0.721908271 -0.679203272
vn -0.261631906 -0.32435748 -0.909032941
vn -0.291176558 -0.0904638842 -0.952382505
vn -0.446503252 -0.794335306 -0.411905736
vn -0.47483325 -0.265511215 -0.839069247
vn -0.446503252 -0.794335306 -0.411905736
vn -0.968762755 0.0572680086 -0.241286352
vn -0.132406354 0.721908271 -0.679203272
vn -0.291176558 -0.0904638842 -0.952382505
vn -0.464635819 0.123212501 -0.876887858
vn -0.464635819 0.123212501 -0.876887858
vn -0.261631906 -0.32435748 -0.909032941
vn -0.962457716 0.0576610193 -0.265236676
vn -0.291176558 -0.0904638842 -0.952382505
vn -0.408770353 -0.845133483 -0.344465315
vn -0.449018985 -0.00798795372 -0.8934865
vn -0.291176558 -0.0904638842 -0.952382505
vn -0.0877553299 0.72080332 -0.687562108
vn -0.340200782 0.0225335751 -0.940082788
vn -0.449018985 -0.00798795372 -0.8934865
vn -0.244594112 -0.212301537 -0.946098208
vn -0.10037487 0.433385462 -0.895601451
vn -0.10037487 0.433385462 -0.895601451
vn -0.223414391 -0.191338196 -0.955759227
vn -0.0364958309 -0.925914943 -0.37596482
vn -0.790164769 0.0436624549 -0.611337304
vn -0 -0.1387254 -0.990330935
vn -0 -0.826975763 -0.56223762
vn -0.161631614 0.370561123 -0.914636314
vn -0 -0.267488629 -0.963560998
vn -0 0.97746563 -0.211094767
vn -0 0.368750811 -0.929528296
vn -0 0.368750811 -0.929528296
vn -0.623713732 0.00770056713 -0.78161484
vn -0.0807372108 -0.365649968 -0.927244127
vn -0 0.772704601 -0.634765804
vn -0 -0.673397243 -0.739280879
vn -0 0.20286727 -0.979206204
vn 0.638612628 0.0114426399 -0.769443274
vn -0.161631614 0.370561123 -0.914636314
vn -0.0371586904 -0.791448534 -0.610105336
vn 0.00768019771 0.163793012 -0.986464858
vn 0.0572607815 0.781326592 -0.62149024
vn -0.161631614 0.370561123 -0.914636314
vn -0.0404632203 0.130000859 -0.990687907
vn -0.171498954 0.626962125 -0.759938538
vn -0.712042689 0.3483634 -0.609621227
vn -0 0.267336994 -0.963603079
vn -0 0.772704601 -0.634765804
vn -0 -0.673397243 -0.739280879
vn 0.623713732 0.007700535 -0.781615019
vn -0 -0.673397243 -0.739280879
vn -0 0.396912485 -0.917856514
vn -0.171498954 0.626962125 -0.759938538
vn -0 0.396912485 -0.917856514
vn -0 -0.362766504 -0.931880057
vn -0 0.120211318 -0.99274832
vn -0 0.949898839 -0.312557489
vn -0 0.20286727 -0.979206204
vn -0 0.949898839 -0.312557489
vn -0 0.120211318 -0.99274832
vn 0.69718492 -0.0631247014 -0.714106798
vn -0.081863746 0.846177638 -0.526575506
vn -0 0.396912485 -0.917856514
vn 0.011876829 -0.238708854 -0.971018553
vn -0.298859835 -0.339915395 -0.891706467
vn -0 0.396912485 -0.917856514
vn 0.00442892872 -0.916050613 -0.40103808
vn 0.011876829 -0.238708854 -0.971018553
vn -0 -0.267488629 -0.963560998
vn -0.161631614 0.370561123 -0.914636314
vn -0.837023616 -0.0213034898 -0.546751797
vn -0 0.396912485 -0.917856514
vn -0.298859835 -0.339915395 -0.891706467
vn -0 0.761845887 -0.647758365
vn -0 -0.387582302 -0.921835065
vn -0.837023616 -0.0213034898 -0.546751797
vn -0.298859835 -0.339915395 -0.891706467
vn -0 -0.952793479 -0.303619295
vn -0.837023616 -0.0213034898 -0.546751797
vn -0 -0.387582302 -0.921835065
vn -0 0.0416342765 0.999132931
vn -0.529848397 -0.0385390893 0.847216308
vn -0.425876975 -0.343241513 0.837146342
vn -0.822989762 -0.105997004 0.558079183
vn -0 -0.409927905 0.912117898
vn -0 -0.979974151 0.199125201
vn -0 0.648733437 0.761015654
vn -0 -0.520032644 0.854146361
vn -0.822989762 -0.105997004 0.558079183
vn -0 -0.520032644 0.854146361
vn 0.75833565 -0.227381334 0.610921204
vn -0 -0.409927905 0.912117898
vn -0.168803379 0.670996845 0.721989393
vn -0.329874575 -0.843803883 0.423294038
vn 0.0455618054 -0.998853922 -0.0146661485
vn -0 -0.409927905 0.912117898
vn 0.081158258 -0.415250719 0.90607959
vn 0.081158258 -0.415250719 0.90607959
vn -0.168803379 0.670996845 0.721989393
vn -0 -0.409927905 0.912117898
vn -0.74541831 -0.34651041 0.56945771
vn -0.329874575 -0.843803883 0.423294038
vn -0 -0.409927905 0.912117898
vn -0 0.572713017 0.819755971
vn -0 -0.19891645 0.98001641
vn -0.74541831 -0.34651041 0.56945771
vn -0.329874575 -0.843803883 0.423294038
vn -0 -0.989186704 0.14666155
vn -0 -0.19891645 0.98001641
vn -0.907202423 -0.213804558 0.362313807
vn -0.245823815 -0.328440726 0.91197443
vn 0.0455618054 -0.998853922 -0.0146661485
vn 0.081158258 -0.415250719 0.90607959
vn -0.168803379 0.670996845 0.721989393
vn -0.168803379 0.670996845 0.721989393
vn 0.081158258 -0.415250719 0.90607959
vn 0.74541831 -0.34651047 0.56945771
vn 0.329874575 -0.843803883 0.423294038
vn -0 -0.989186704 0.14666155
vn -0 -0.19891645 0.98001641
vn 0.907202542 -0.213804513 0.362313777
vn -0.0455616005 -0.998853922 -0.014666154
vn 0.24582395 -0.328440726 0.91197443
vn -0.0811578557 -0.415250689 0.90607959
vn 0.529848456 -0.0385391004 0.847216189
vn 0.168803468 0.670996726 0.721989453
vn 0.907202542 -0.213804513 0.362313777
vn -0.0811578557 -0.415250689 0.90607959
vn 0.168803468 0.670996726 0.721989453
vn 0.585684121 -0.270129174 0.764201701
vn 0.422726184 -0.250661761 0.870902538
vn 0.366211355 0.21242635 0.905960381
vn -0 0.0416342765 0.999132931
vn -0 -0.252747893 0.967532098
vn -0 0.209229127 0.97786659
vn -0.329874575 -0.843803883 0.423294038
vn -0.923710763 -0.313109249 0.220728442
vn -0 0.382901013 0.923789382
vn -0.617111385 -0.661568165 0.426029533
vn -1.04457484E-07 -0.782345355 0.622844875
vn -0.172609538 -0.9666062 -0.189415991
vn 0.299071521 -0.622883797 0.72289139
vn 0.923710763 -0.313109189 0.220728457
vn 0.617111504 -0.661568105 0.426029503
vn 0.172609359 -0.9666062 -0.189415962
vn -0.29907158 -0.622883916 0.722891331
vn 0.299071521 -0.622883797 0.72289139
vn -0.617141545 -0.640330613 0.457288653
vn -0.29907158 -0.622883916 0.722891331
vn 0.617141545 -0.640330732 0.457288653
vn -1.20989995E-07 -0.702692211 0.711493909
vn -0 -0.999941945 0.0107775712
vn -0.366211355 0.21242635 0.905960381
vn -0.422726184 -0.250661761 0.870902538
vn -0.585684121 -0.270129114 0.76420182
vn -0 0.0416342765 0.999132931
vn -0 -0.252747893 0.967532098
vn -0 0.209229127 0.97786659
vn -8.69006908E-06 -0.00012013485 -1
vn -3.67123794E-05 -0.000171007938 -1
vn -3.66384556E-05 -0.000169857958 -1
vn -2.15715386E-06 -0.000118295662 -1
vn -4.96001958E-05 -0.000371503469 -1
vn 2.71698591E-05 -8.05914897E-05 -1
vn 2.71370463E-05 -6.64817344E-05 -1
vn 2.67149189E-05 0.000115037685 -1
vn -0.970135987 -0.179200545 -0.163472846
vn -0.656947315 -0.730362713 -0.187057406
vn -0.687000036 -0.725781679 0.0356641524
vn -0.962946355 -0.162691891 -0.215094522
vn -0.676210046 -0.700151324 -0.22919032
vn -0.987090409 -0.151111752 -0.0530818999
vn -0.985612035 -0.110717043 -0.127713427
vn -0.98002243 -0.142282933 0.138965577
vn -0.648043215 -0.642515123 0.408918381
vn -0.984457076 -0.169204935 -0.0470535792
vn -0.631440461 -0.746028304 0.211481944
vn 0.178396285 -0.816970348 0.548392475
vn 0.205619082 -0.88861227 0.409986675
vn -0.959969044 -0.219217867 -0.174364462
vn -0.655291319 -0.74295485 0.136423782
vn 0.268274695 -0.8529827 0.44771558
vn -0.977057099 -0.193696812 0.0885488242
vn -0.467760205 -0.708179712 0.528849721
vn 0.809280455 -0.364532828 0.460630983
vn 0.834629059 -0.429930478 0.344316959
vn 0.971107006 0.21702069 0.0992632061
vn 0.932855606 0.26387617 0.2452548
vn 0.619599342 0.764544785 -0.177673921
vn 0.597359717 0.801934242 0.00793517195
vn -0.146234274 0.922499776 -0.357224792
vn -0.134488553 0.977287531 -0.163773984
vn -0.07821545 0.86317718 -0.49880591
vn 0.6304847 0.70347178 -0.32804963
vn 0.975673318 0.219229057 -0.000327886955
vn 0.880561352 -0.355574071 0.313334882
vn -0.0509691909 0.958970606 -0.278886199
vn 0.644690633 0.751080692 -0.142308325
vn 0.644690633 0.751080692 -0.142308325
vn 0.966364503 0.216772005 0.138382122
vn 0.737961769 -0.417101234 0.530508101
vn -0.815357804 0.385127962 -0.432282597
vn -0.843058646 0.464325815 -0.271391928
vn -0.984457076 -0.169204935 -0.0470535792
vn -0.854533255 0.51373899 -0.0764530078
vn -0.98002243 -0.142282933 0.138965577
vn -0.959969044 -0.219217867 -0.174364462
vn -0.862771273 0.472100794 -0.18095994
vn -0.977057099 -0.193696812 0.0885488242
vn 0.205735624 -0.725483894 0.656769276
vn -0.467760205 -0.708179712 0.528849721
vn -0 -0.0433090776 0.999061763
vn 0.254633456 -0.0452794358 0.965977013
vn -0 0.0331502557 0.999450386
vn -0.063755326 -0.146764413 -0.987114787
vn 0.508791625 -0.0808298737 -0.857086658
vn -0 0.673124671 -0.739529014
vn -0 0.673124671 -0.739529014
vn -0 0.673124671 -0.739529014
vn -0 0.2478939 -0.968787193
vn -0 0.914553344 -0.404465169
vn -0 0.718125701 0.695913374
vn -4.05083938E-06 -2.45347583E-05 -1
vn -5.32530248E-06 2.14557058E-05 -1
vn -4.00169074E-06 -2.97307579E-05 -1
vn -5.39288294E-06 2.06042223E-05 -1
vn -1.99112242E-06 -8.07593387E-05 -1
vn -2.06166897E-06 -8.10913261E-05 -1
vn -1.5991307E-05 -0.000112932983 -1
vn -5.32530248E-06 2.14557058E-05 -1
vn 7.77061723E-06 -3.48220092E-05 -1
vn -1.99112242E-06 -8.07593387E-05 -1
vn -0.985077202 0.16889815 -0.0331111327
vn -0.724570751 0.632699907 -0.273291141
vn -0.993388772 0.114443004 0.00902553834
vn -0.621707439 0.777326763 -0.096140787
vn -0.974776626 0.174491927 0.139150992
vn -0.675786912 0.710933864 -0.194640711
vn -0.994663119 0.0725519136 0.0733591095
vn 0.188308269 -0.979377687 0.0732067078
vn 0.28448686 -0.912075877 -0.295271009
vn -0 -0.923921943 -0.382580966
vn -0 -0.96511668 0.261820048
vn 0.403894037 -0.579135478 0.708146691
vn 0.708191454 -0.65520066 0.263015181
vn 0.392702311 -0.816349149 -0.423507839
vn -0 -0.818320453 -0.574762166
vn 0.434443086 -0.693766356 -0.574410558
vn -0 -0.178078532 -0.984016299
vn 0.239980683 -0.0437648706 -0.969790697
vn -0.0835039541 0.633940995 -0.768860161
vn -0 0.601692617 -0.798727751
vn 0.496840358 0.288612753 -0.818445086
vn 0.839167356 -0.30329293 -0.451454908
vn 0.878232121 -0.473295122 -0.0685572475
vn -0.0604815148 0.700921655 -0.710669279
vn -0 -0.475957453 0.879468322
vn -0.0604815148 0.700921655 -0.710669279
vn -0.0835039541 0.633940995 -0.768860161
vn -0 -0.317528099 -0.948248923
vn 0.461483598 -0.513229251 -0.723621905
vn 0.228484452 -0.329926312 -0.915938616
vn -0 -0.544521034 -0.838747263
vn -0 -0.999945164 -0.0104763377
vn 0.548887968 -0.800741553 0.239864275
vn 0.64382261 -0.275413275 -0.713890731
vn 0.402525097 -0.110150814 -0.908757627
vn 0.493560135 0.0715277791 -0.86676538
vn 0.797483623 -0.11812292 -0.591664553
vn 0.524119675 0.0492969528 -0.850216627
vn 0.825021327 -0.125501141 -0.550989449
vn 0.751752138 -0.637506843 0.168682575
vn 0.752759874 -0.639411032 0.156543851
vn -0 -0.126140088 -0.992012441
vn 0.265710771 -0.117152818 -0.956908047
vn -0 0.200000077 -0.979795814
vn 0.287744284 0.151784733 -0.945602834
vn -0 0.208428904 -0.978037477
vn 0.269894958 0.162286371 -0.949115276
vn 0.149106726 -0.407155633 0.901105642
vn 0.13267383 -0.231789678 0.963675916
vn 0.109137498 -0.640766442 0.759939075
vn 0.753134191 -0.393167704 0.527454317
vn 0.0732747987 -0.340863377 0.937252879
vn 0.268090934 -0.0198098533 -0.96318996
vn 0.625815392 -0.185651749 -0.757554293
vn 0.397929043 -0.0154563924 -0.917285979
vn 0.859691739 -0.366177529 -0.356152028
vn 0.914319217 -0.257464975 -0.312621653
vn 0.904951096 -0.418270618 0.0781873986
vn 0.64675194 -0.749777496 0.139805809
vn 0.860299647 -0.49298057 0.129825398
vn 0.895184457 -0.444428176 -0.0335920192
vn 0.872247636 -0.481708705 0.0845027417
vn 0.705689132 -0.621542692 -0.340128601
vn 0.918138504 -0.36549449 0.153086796
vn 0.84406966 -0.495285004 0.205521822
vn 0.940846682 -0.264877081 0.211299792
vn 0.828879774 -0.430345654 0.357436657
vn 0.718355834 -0.667621195 0.19556801
vn 0.943962216 -0.277582049 -0.178559542
vn 0.930015862 -0.358936071 0.0789652243
vn 0.938015938 -0.253489345 -0.236366943
vn 0.936319709 -0.333470285 0.110013098
vn 0.793155968 -0.130521685 -0.594867826
vn 0.746519327 -0.08220011 -0.660266578
vn 0.96685499 -0.255084574 0.0111008957
vn 0.778372943 0.11472778 -0.617230177
vn 0.996654272 -0.0597665794 -0.0557516478
vn 0.993443251 0.00983644743 -0.113902859
vn 0.612439454 0.332277358 -0.717293203
vn 0.983152032 -0.118991241 0.138755977
vn 0.983515918 -0.0161827188 -0.180096075
vn 0.972564936 -0.164622515 0.164368436
vn 0.809218585 -0.331427306 0.485099196
vn 0.78735882 -0.291789919 0.543069661
vn 0.975436866 -0.179513142 0.127663746
vn 0.830429673 -0.355626792 0.428854316
vn 0.942786276 -0.26819706 0.198051214
vn 0.782187283 -0.406306773 0.472332418
vn 0.601748347 0.343048155 -0.721260607
vn 0.839167356 -0.30329293 -0.451454908
vn 0.496840358 0.288612753 -0.818445086
vn 0.878232121 -0.473295122 -0.0685572475
vn 0.708191454 -0.65520066 0.263015181
vn -0.0809472352 0.533507168 -0.841913044
vn -0.0570651293 0.489876002 -0.869922519
vn -0.0604815148 0.700921655 -0.710669279
vn 0.458560765 -0.545194447 0.701772809
vn 0.501756191 -0.534013271 0.680492878
vn 0.410713017 -0.387371778 0.825383425
vn 0.431669056 -0.48217088 0.762346983
vn -0 -0.608379543 0.793646216
vn -0 -0.642927289 0.765927196
vn -0 -0.535565555 0.844493568
vn 0.212167919 -0.393261999 0.894611537
vn -0 -0.475957453 0.879468322
vn 0.403894037 -0.579135478 0.708146691
vn 0.515618861 -0.523207545 0.678521156
vn 0.696455121 -0.474863738 0.538010001
vn 0.634102702 -0.618715227 0.46379447
vn 0.482688427 -0.691686392 0.537198067
vn 0.888464272 -0.407294512 0.211523652
vn 0.842197955 -0.465055555 0.272811502
vn -0 -0.591235757 0.806498826
vn -0 -0.784603596 0.619997799
vn -0 -0.794111252 0.60777241
vn 0.980187237 -0.194036931 0.0397836007
vn 0.963586152 -0.240511134 -0.116859429
vn 0.87619853 -0.0228202641 -0.481409878
vn 0.964703143 -0.260097861 -0.041192431
vn 0.935550392 -0.339261711 -0.0982187241
vn 0.778650463 -0.5438357 0.312963665
vn 0.70566535 -0.565452337 0.42696628
vn 0.819923759 -0.536830544 0.198841751
vn 0.905336022 -0.146433547 -0.398652643
vn 0.70605433 -0.577836752 0.409380019
vn 0.832738817 -0.519811928 0.190634817
vn 0.748449206 -0.513307869 0.41992721
vn 0.856798232 -0.402136713 0.322773844
vn 0.947040558 -0.285282373 -0.14740473
vn 0.866339803 -0.426257461 0.26030755
vn 0.94888401 -0.315488547 0.00928653963
vn 0.77134794 -0.344172299 0.535320222
vn 0.868950486 -0.339175344 0.360395789
vn 0.880861342 -0.325023144 0.344155848
vn 0.970497966 -0.225833029 0.0844573155
vn 0.814169586 -0.503028691 0.289982915
vn 0.911565065 -0.0912706777 -0.400897503
vn 0.86774832 -0.296370387 -0.398970485
vn 0.905043662 -0.409643292 0.114404447
vn 0.442061722 -0.262101829 -0.857836843
vn 0.481776297 0.0105711687 -0.876230538
vn 0.189502805 0.0451552607 -0.980841279
vn 0.0890139639 -0.285092086 -0.954357862
vn 0.279178977 0.060655009 -0.958321393
vn 0.0447317213 0.128516406 -0.99069804
vn 0.256221652 0.214390233 -0.94254297
vn 0.298859775 -0.339915395 -0.891706467
vn -0 -0.157181934 -0.98756963
vn 0.861275554 -0.0379446968 -0.50671947
vn -0.00442876853 -0.916050732 -0.40103811
vn 0.0818637237 0.846177638 -0.526575506
vn 0.171498969 0.626962125 -0.759938538
vn -0.0118774585 -0.238710478 -0.971018136
vn -0.0118774585 -0.238710478 -0.971018136
vn 0.171498969 0.626962125 -0.759938538
vn 0.0404632315 0.130000859 -0.990687907
vn 0.0807371661 -0.365649968 -0.927244127
vn 0.0371589176 -0.791448593 -0.610105217
vn 0.712161422 -0.0693910047 -0.698577821
vn 0.161631629 0.370561123 -0.914636314
vn -0.0572607107 0.781326592 -0.62149024
vn -0.00768033601 0.163792998 -0.986464858
vn 0.712161422 -0.0693910047 -0.698577821
vn -0.00768033601 0.163792998 -0.986464858
vn 0.161631629 0.370561123 -0.914636314
vn -0 -0.267488629 -0.963560998
vn -0.12142814 -0.482206523 -0.867601395
vn -0 -0.983545363 0.180661306
vn -0 -0.457595229 -0.889160633
vn -0.190512016 -0.976862311 -0.0971866772
vn -0.0328256451 0.352970451 -0.935058415
vn -0 0.364084691 -0.931365848
vn -0.0328256451 0.352970451 -0.935058415
vn -0 0.503331006 -0.864093721
vn -0.0570651293 0.489876002 -0.869922519
vn -0.0809472352 0.533507168 -0.841913044
vn -0 0.583305717 -0.8122527
vn -0.0604815148 0.700921655 -0.710669279
vn -0.0835039541 0.633940995 -0.768860161
vn -0 0.601692617 -0.798727751
vn -0.0918972492 -0.772435725 0.628409088
vn -0 -0.983545363 0.180661306
vn 0.0432314761 -0.333914429 0.941611528
vn -0 -0.497941136 0.867210865
vn 0.0732747987 -0.340863377 0.937252879
vn -0 -0.604095876 0.796911597
vn 0.109137498 -0.640766442 0.759939075
vn 0.149106726 -0.407155633 0.901105642
vn -0 -0.223259807 0.974758983
vn 0.13267383 -0.231789678 0.963675916
vn -0 -0.381910533 0.924199343
vn 0.958504498 -0.268278182 -0.0964147151
vn 0.888121724 -0.393422604 0.237610057
vn 0.866424739 -0.425755203 0.260846287
vn 0.71143955 -0.553995073 0.432369232
vn 0.750467062 -0.472443163 0.462165266
vn -0.0918972492 -0.772435725 0.628409088
vn 0.0432314761 -0.333914429 0.941611528
vn -0.190512016 -0.976862311 -0.0971866772
vn -0.12142814 -0.482206523 -0.867601395
vn -0.0328256451 0.352970451 -0.935058415
vn -0.0328256451 0.352970451 -0.935058415
vn 0.963511646 -0.225351602 0.144436568
vn 0.172609359 -0.9666062 -0.189415962
vn 0.617141545 -0.640330732 0.457288653
vn -0 -0.381910533 0.924199343
vn 0.663402617 0.0562512539 -0.746145308
vn -0 -0.136783034 -0.990601063
vn 0.292171985 0.177509114 -0.93974781
vn -0.500344336 -0.0845641494 -0.861686945
vn 0.0936418697 0.590169132 -0.801830113
vn 0.228144616 -0.32933405 -0.916236401
vn 0.0611440949 0.241538927 -0.968462944
vn 0.148577869 -0.687985778 -0.710352123
vn 0.228144616 -0.32933405 -0.916236401
vn 0.555218875 0.0214916002 -0.831426501
vn -0 0.667803288 -0.744337797
vn -0 -0.290080935 -0.957002163
vn 0.479547441 -0.427030712 -0.766602337
vn -0 0.345563829 -0.938395262
vn 0.663402617 0.0562512539 -0.746145308
vn -0 -0.58036679 -0.814355195
vn -0 -0.58036679 -0.814355195
vn -0 0.596616745 -0.802526355
vn -0 0.667803288 -0.744337797
vn -0 0.345563829 -0.938395262
vn 0.0890139639 -0.285092086 -0.954357862
vn 0.166161463 -0.775436401 -0.609170556
vn 0.188188314 -0.889086246 -0.417265683
vn 0.0824828595 -0.968850076 0.233508378
vn 0.899759114 -0.312379062 -0.304717571
vn 0.138238519 0.165003702 -0.976557195
vn 0.196505561 -0.44302249 -0.874709427
vn -0.0217625033 -0.809764981 -0.586350739
vn 0.0824828595 -0.968850076 0.233508378
vn 0.261631906 -0.32435751 -0.909032941
vn -0.677969694 -0.312278837 -0.665461481
vn 0.160247788 0.420411825 -0.893070281
vn 0.166161463 -0.775436401 -0.609170556
vn 0.166161463 -0.775436401 -0.609170556
vn -0.0281156022 -0.996399283 -0.0799867362
vn -0.0668856502 -0.526195168 -0.847729325
vn -0.0668856502 -0.526195168 -0.847729325
vn 0.160247788 0.420411825 -0.893070281
vn 0.408770353 -0.845133483 -0.344465315
vn 0.244594112 -0.212301537 -0.946098208
vn -0.386360586 -0.278263152 -0.879372001
vn 0.244594112 -0.212301537 -0.946098208
vn 0.0877553299 0.72080332 -0.687562108
vn 0.449018985 -0.00798795372 -0.8934865
vn 0.340200722 0.0225335751 -0.940082788
vn 0.244594112 -0.212301537 -0.946098208
vn 0.360835463 -0.657453835 -0.661477387
vn 0.909181058 0.0751985535 -0.409554601
vn 0.244594112 -0.212301537 -0.946098208
vn 0.164584219 0.644409359 -0.746758759
vn 0.389442295 0.00789018162 -0.921016991
vn 0.41635859 -0.0255540516 -0.908841312
vn 0.41635859 -0.0255540516 -0.908841312
vn 0.836976528 -0.28799513 -0.465326965
vn 0.261631906 -0.32435751 -0.909032941
vn 0.244594112 -0.212301537 -0.946098208
vn 0.100374877 0.433385462 -0.895601451
vn 0.261631906 -0.32435751 -0.909032941
vn 0.0364958271 -0.925914943 -0.37596482
vn 0.223414391 -0.191338196 -0.955759227
vn 0.100374877 0.433385462 -0.895601451
vn 0.223414391 -0.191338196 -0.955759227
vn 0.113630161 -0.853689015 -0.508235276
vn 0.166161463 -0.775436401 -0.609170556
vn 0.0890139639 -0.285092086 -0.954357862
vn 0.442061722 -0.262101829 -0.857836843
vn 0.185626104 -0.97577697 -0.115767889
vn 0.166161463 -0.775436401 -0.609170556
vn -0.544353426 -0.478942692 -0.68868953
vn 0.47483319 -0.265511215 -0.839069307
vn 0.166161463 -0.775436401 -0.609170556
vn 0.10270901 0.477632552 -0.872535348
vn 0.434206039 -0.336324364 -0.835674047
vn 0.185626104 -0.97577697 -0.115767889
vn 0.434206039 -0.336324364 -0.835674047
vn 0.160247788 0.420411825 -0.893070281
vn 0.47483319 -0.265511215 -0.839069307
vn 0.261631906 -0.32435751 -0.909032941
vn 0.160247788 0.420411825 -0.893070281
vn 0.876655459 -0.259778887 -0.404957026
vn -0.0281156022 -0.996399283 -0.0799867362
vn 0.166161463 -0.775436401 -0.609170556
vn -0.0668856502 -0.526195168 -0.847729325
vn 0.160247788 0.420411825 -0.893070281
vn -0.0668856502 -0.526195168 -0.847729325
vn -0.435085207 -0.256556273 -0.86306411
vn 0.47483319 -0.265511215 -0.839069307
vn 0.446503252 -0.794335306 -0.411905736
vn 0.464635819 0.123212501 -0.876887858
vn 0.132406354 0.721908271 -0.679203272
vn 0.261631906 -0.32435751 -0.909032941
vn 0.291176558 -0.0904638842 -0.952382505
vn 0.261631906 -0.32435751 -0.909032941
vn 0.47483319 -0.265511215 -0.839069307
vn 0.261631906 -0.32435751 -0.909032941
vn 0.962457716 0.0576610193 -0.265236676
vn 0.408770353 -0.845133483 -0.344465315
vn 0.291176558 -0.0904638842 -0.952382505
vn 0.449018985 -0.00798795372 -0.8934865
vn 0.291176558 -0.0904638842 -0.952382505
vn 0.0877553299 0.72080332 -0.687562108
vn 0.340200722 0.0225335751 -0.940082788
vn 0.449018985 -0.00798795372 -0.8934865
vn 0.434206039 -0.336324364 -0.835674047
vn 0.185626104 -0.97577697 -0.115767889
vn 0.790164769 0.04366244 -0.611337304
vn -0 -0.1387254 -0.990330935
vn 0.161631629 0.370561123 -0.914636314
vn -0 -0.826975763 -0.56223762
vn -0 -0.267488629 -0.963560998
vn -0 0.97746563 -0.211094767
vn -0 0.368750811 -0.929528296
vn -0 0.368750811 -0.929528296
vn -0 0.772704601 -0.634765804
vn 0.0807371661 -0.365649968 -0.927244127
vn -0 -0.673397243 -0.739280879
vn -0 0.20286727 -0.979206204
vn -0.638612628 0.0114425011 -0.769443333
vn 0.161631629 0.370561123 -0.914636314
vn 0.0371589176 -0.791448593 -0.610105217
vn -0.00768033601 0.163792998 -0.986464858
vn -0.0572607107 0.781326592 -0.62149024
vn 0.161631629 0.370561123 -0.914636314
vn 0.0404632315 0.130000859 -0.990687907
vn 0.171498969 0.626962125 -0.759938538
vn 0.712042689 0.3483634 -0.609621286
vn -0 0.396912485 -0.917856514
vn -0 -0.362766504 -0.931880057
vn -0 0.120211318 -0.99274832
vn -0 0.396912485 -0.917856514
vn 0.171498969 0.626962125 -0.759938538
vn -0 0.20286727 -0.979206204
vn -0 0.949898839 -0.312557489
vn -0 0.949898839 -0.312557489
vn -0 0.120211318 -0.99274832
vn -0.69718492 -0.0631248355 -0.714106798
vn -0 0.396912485 -0.917856514
vn 0.0818637237 0.846177638 -0.526575506
vn -0.0118774585 -0.238710478 -0.971018136
vn 0.298859775 -0.339915395 -0.891706467
vn -0.00442876853 -0.916050732 -0.40103811
vn -0 0.396912485 -0.917856514
vn -0.0118774585 -0.238710478 -0.971018136
vn 0.837023616 -0.0213034656 -0.546751857
vn -0 0.396912485 -0.917856514
vn -0 0.761845887 -0.647758365
vn 0.298859775 -0.339915395 -0.891706467
vn -0 -0.387582302 -0.921835065
vn 0.837023616 -0.0213034656 -0.546751857
vn -0 -0.952793479 -0.303619295
vn -0 -0.387582302 -0.921835065
vn 0.298859775 -0.339915395 -0.891706467
vn 0.837023616 -0.0213034656 -0.546751857
vn -0 0.0416342765 0.999132931
vn 0.425877005 -0.343241483 0.837146401
vn 0.529848456 -0.0385391004 0.847216189
vn 0.822989762 -0.105996989 0.558079243
vn -0 -0.409927905 0.912117898
vn -0 -0.979974151 0.199125201
vn -0 0.648733437 0.761015654
vn -0 -0.520032644 0.854146361
vn -0 -0.520032644 0.854146361
vn 0.822989762 -0.105996989 0.558079243
vn -0.75833565 -0.227381513 0.610921144
vn 0.168803468 0.670996726 0.721989453
vn -0 -0.409927905 0.912117898
vn 0.329874575 -0.843803883 0.423294038
vn -0 -0.409927905 0.912117898
vn -0.0455616005 -0.998853922 -0.014666154
vn -0.0811578557 -0.415250689 0.90607959
vn 0.168803468 0.670996726 0.721989453
vn -0.0811578557 -0.415250689 0.90607959
vn -0 -0.409927905 0.912117898
vn 0.74541831 -0.34651047 0.56945771
vn -0 0.572713017 0.819755971
vn -0 -0.19891645 0.98001641
vn -0 -0.409927905 0.912117898
vn 0.329874575 -0.843803883 0.423294038
vn -0 -0.966509342 -0.256631434
vn -1.04457484E-07 -0.782345355 0.622844875
vn -0 -0.999941945 0.0107775712
vn -1.20989995E-07 -0.702692211 0.711493909
vn 0.00365502783 0.763646722 0.645624042
vn 0.949421942 -0.107647933 0.294974267
vn 0.962189734 -0.181879595 0.202757835
vn -0.0502372459 0.701145232 0.71124655
vn -0.9773736 0.203652143 -0.0571534
vn -0.986644089 0.089526251 -0.136082307
vn 0.0831520632 -0.835710108 -0.542839229
vn -0.105447516 -0.866520584 -0.487875909
vn -0.00275052804 0.899389803 0.437138736
vn 0.981254458 -0.188416734 0.0404831804
vn -0.99825722 -0.000867764582 0.0590054542
vn -0.149917617 -0.963219225 -0.223009646
vn -0.00275052804 0.899389803 0.437138736
vn -0.00275052804 0.899389803 0.437138736
vn -0.946761608 -0.0203569755 0.321291149
vn -0.0984846354 -0.988219261 0.117147639
vn 0.0606732555 0.978085637 0.199166358
vn 0.979949057 -0.171299443 -0.101765506
vn -0.00275052804 0.899389803 0.437138736
vn 0.309636235 0.0820131004 0.94731158
vn 0.962189734 -0.181879595 0.202757835
vn 0.0831520632 -0.835710108 -0.542839229
vn -0.105447516 -0.866520584 -0.487875909
vn 0.949421942 -0.107647933 0.294974267
vn 0.981254458 -0.188416734 0.0404831804
vn -0.149917617 -0.963219225 -0.223009646
vn -0.0984846354 -0.988219261 0.117147639
vn 0.979949057 -0.171299443 -0.101765506
vn 0.981254458 -0.188416734 0.0404831804
vn 0.309636235 0.0820131004 0.94731158
vn 0.0606732555 0.978085637 0.199166358
vn 0.979949057 -0.171299443 -0.101765506
vn -0.949422359 -0.107646778 0.294973612
vn -0.00365752773 0.763645768 0.645625055
vn -0.962189734 -0.181878328 0.202758715
vn 0.0502405614 0.701145768 0.711245835
vn 0.977373838 0.203651533 -0.057152655
vn 0.986644328 0.089528352 -0.136079863
vn -0.0831510201 -0.835709989 -0.542839587
vn 0.105447412 -0.866520762 -0.4878757
vn 0.00274457317 0.89939028 0.437137842
vn -0.98125422 -0.188417628 0.0404829457
vn 0.99825722 -0.000863789755 0.0590072423
vn 0.149917424 -0.963219464 -0.22300896
vn 0.00274457317 0.89939028 0.437137842
vn 0.00274457317 0.89939028 0.437137842
vn 0.946761727 -0.0203520246 0.321291208
vn 0.0984873623 -0.988218904 0.117148072
vn -0.0606821515 0.978085935 0.199161693
vn 0.00274457317 0.89939028 0.437137842
vn -0.979947925 -0.17130667 -0.101764902
vn -0.309626669 0.0820183679 0.947314262
vn -0.0831510201 -0.835709989 -0.542839587
vn -0.962189734 -0.181878328 0.202758715
vn 0.105447412 -0.866520762 -0.4878757
vn -0.949422359 -0.107646778 0.294973612
vn -0.98125422 -0.188417628 0.0404829457
vn 0.149917424 -0.963219464 -0.22300896
vn 0.0984873623 -0.988218904 0.117148072
vn -0.98125422 -0.188417628 0.0404829457
vn -0.979947925 -0.17130667 -0.101764902
vn -0.309626669 0.0820183679 0.947314262
vn -0.0606821515 0.978085935 0.199161693
vn -0.979947925 -0.17130667 -0.101764902
vn -0.943451345 -0.201306134 -0.263392091
vn -0.757366776 -0.496564418 0.424051225
vn -0.730653524 -0.464077085 0.500777423
vn -0.931678295 -0.252503365 -0.26118511
vn -0.732792675 -0.510048747 -0.450405568
vn -0.639351726 -0.746450663 0.184501514
vn -1.47233995E-05 -0.99998343 -0.00575822173
vn 3.58395482E-06 -0.814730227 -0.579840302
vn 0.432069153 -0.285772651 0.855365515
vn 0.486676604 -0.269810468 0.83087194
vn 0.841861427 -0.0418935381 0.538065374
vn 0.862641335 -0.0427527949 0.504006028
vn 0.728940368 0.176675767 0.661386073
vn 0.220809624 -0.324429125 0.919776499
vn -1.47284055E-07 0.46762982 0.883924425
vn 1.13953993E-05 -0.315142214 0.949044466
vn 0.757367253 -0.496560276 0.424055159
vn 0.943452001 -0.201306999 -0.263389111
vn 0.730655551 -0.464076459 0.50077492
vn 0.931680083 -0.252499819 -0.261181921
vn 0.732788086 -0.510063767 -0.450396031
vn 0.639346123 -0.746457458 0.184493557
vn -1.47233995E-05 -0.99998343 -0.00575822173
vn 3.58395482E-06 -0.814730227 -0.579840302
vn -0.432072997 -0.285769492 0.85536474
vn -0.486674815 -0.269810528 0.830872953
vn -0.84186542 -0.0418886915 0.538059473
vn -0.86264354 -0.0427486449 0.50400275
vn -0.72893852 0.176683098 0.661386132
vn -0.220800295 -0.324440032 0.91977489
vn -1.47284055E-07 0.46762982 0.883924425
vn 1.13953993E-05 -0.315142214 0.949044466
vn -0.509765983 0.197226897 -0.837400854
vn -0.930936992 -0.0812438726 -0.356027633
vn -0.940249205 -0.0418744795 -0.337902516
vn -0.55585593 0.190988928 -0.809041023
vn -0.463425338 -0.041478198 -0.885164618
vn -0.734824419 -0.369998664 -0.568448842
vn -3.60831928E-06 -0.184160113 -0.982896268
vn 2.39686892E-06 -0.686504543 -0.727125466
vn 0.641364753 0.317627043 -0.698401332
vn 0.654453576 0.312070906 -0.688696086
vn 0.973022819 0.119754568 -0.197193936
vn 0.964839935 0.185838133 -0.185870856
vn 0.517707586 0.568347931 -0.639499366
vn 0.839031458 0.532388508 -0.112199575
vn -3.19576685E-07 0.999871254 -0.0160485841
vn 1.63056697E-07 0.827513456 -0.561445892
vn -3.19576685E-07 0.999871254 -0.0160485841
vn 0.930938661 -0.0812407434 -0.356024265
vn 0.509770453 0.197227016 -0.837398112
vn 0.940249383 -0.0418747142 -0.337901771
vn 0.555858672 0.190991923 -0.809038401
vn 0.46342358 -0.0414768383 -0.885165691
vn 0.734820902 -0.369998783 -0.568453252
vn -3.60831928E-06 -0.184160113 -0.982896268
vn 2.39686892E-06 -0.686504543 -0.727125466
vn -0.641363025 0.31762886 -0.698402047
vn -0.654451728 0.312071741 -0.688697398
vn -0.973023176 0.119755141 -0.197192028
vn -0.964840531 0.185836986 -0.185869381
vn -0.5177055 0.568353236 -0.639496505
vn -0.839030623 0.532390893 -0.11219418
vn -3.19576685E-07 0.999871254 -0.0160485841
vn 1.63056697E-07 0.827513456 -0.561445892
vn -3.19576685E-07 0.999871254 -0.0160485841
vn 0.761176348 -0.425087214 0.489807516
vn -0.117424078 -0.97545141 -0.186295748
vn 0.839074373 -0.18478784 0.511671543
vn -0.0445660576 -0.995755851 -0.0805234015
vn 0.184358761 0.797039926 0.57509923
vn -0.024240965 0.853959501 0.519774556
vn -0.0546574108 -0.956853449 -0.28538397
vn 0.920553684 -0.0960840881 0.378614187
vn -0.0852918476 0.771820486 0.630094111
vn -0.0867075101 -0.540638983 0.836774409
vn -0.117424078 -0.97545141 -0.186295748
vn -0.933863282 0.0529730506 -0.3536852
vn -0.954388916 0.209470525 -0.212752998
vn 0.184358761 0.797039926 0.57509923
vn -0.024240965 0.853959501 0.519774556
vn -0.0546574108 -0.956853449 -0.28538397
vn -0.997370005 0.0718616322 -0.00942959357
vn -0.0852918476 0.771820486 0.630094111
vn -0.0867075101 -0.540638983 0.836774409
vn 0.647304535 -0.558824539 0.518374264
vn -0.331624866 -0.943296015 -0.0147517454
vn 0.825917363 -0.277163297 0.490959346
vn -0.220805973 -0.967314899 0.124685928
vn -0.933382094 0.11029239 -0.341516286
vn -0.927664936 0.272495568 -0.25531134
vn 0.361110866 0.86149174 0.356974572
vn 0.132735252 0.94389528 0.302395493
vn 0.361110866 0.86149174 0.356974572
vn 0.132735252 0.94389528 0.302395493
vn -0.257321 -0.961702943 -0.0944101363
vn 0.895413518 -0.290166795 0.337694973
vn -0.985651076 0.162171736 -0.0468208939
vn 0.0512077063 0.90384227 0.424790442
vn 0.0512077063 0.90384227 0.424790442
vn -0.143730864 -0.277367622 0.949951887
vn -0.143730864 -0.277367622 0.949951887
vn 0.581080079 -0.639524221 0.503343463
vn -0.581465781 -0.803456247 0.12788853
vn 0.780730486 -0.445051312 0.438621849
vn -0.464527607 -0.857914507 0.219537914
vn -0.89584887 0.384732902 -0.222340524
vn -0.813406408 0.560030401 -0.157276705
vn 0.572679043 0.783305943 0.241806701
vn 0.4330028 0.883550227 0.17845884
vn 0.572679043 0.783305943 0.241806701
vn 0.4330028 0.883550227 0.17845884
vn -0.537999213 -0.841132879 0.0552486554
vn 0.851602316 -0.444712967 0.277495801
vn -0.853495002 0.516732275 0.067334801
vn 0.383053631 0.873717129 0.299813628
vn 0.383053631 0.873717129 0.299813628
vn -0.0834397972 -0.1896566 0.978298604
vn 0.126400247 -0.319234341 0.939208329
vn 0.984814882 -0.138040468 -0.105282925
vn 0.0620631278 -0.276765108 0.958931267
vn 0.974753439 -0.220453307 0.0354422443
vn -0.988439441 -0.0277653076 0.149052218
vn -0.999189079 -0.0289261565 0.0280076917
vn -0.0814102888 0.127273038 -0.988521099
vn 0.0652454346 0.141843438 -0.987736583
vn 0.984814882 -0.138040468 -0.105282925
vn 0.974753439 -0.220453307 0.0354422443
vn 0.991185606 -0.0387283452 -0.126693651
vn 0.0461996235 -0.147588089 0.987969279
vn 0.991185606 -0.0387283452 -0.126693651
vn -0.0877781808 -0.0436941832 -0.995181262
vn -0.992043197 -0.125764027 0.00579805532
vn 0.992308259 -7.56391455E-05 -0.123791136
vn 0.0343230516 0.0148904519 0.999299884
vn 0.992308259 -7.56391455E-05 -0.123791136
vn -0.034227103 -0.300586909 -0.95314008
vn -0.959125757 -0.282921046 -0.00578721566
vn 0.201369494 -0.939369798 0.277551144
vn 0.201369494 -0.939369798 0.277551144
vn -0.493493259 0.841618598 0.219414175
vn 0.825556695 0.451146394 0.339003146
vn -0.571318865 0.819083512 -0.0519323982
vn 0.854718745 0.381285459 0.352246016
vn 0.833737314 0.471885115 0.286716759
vn 0.833737314 0.471885115 0.286716759
vn -0.434003621 0.594737053 -0.676704228
vn 0.79782337 0.557369947 0.229818508
vn 0.854718745 0.381285459 0.352246016
vn 0.413583219 -0.876147628 0.247616932
vn 0.825556695 0.451146394 0.339003146
vn 0.558997095 -0.826674044 0.0642818063
vn 0.274035931 -0.645171106 0.713203073
vn -0.785744667 -0.569775879 -0.240750343
vn -0.797192216 -0.572464883 -0.191751286
vn 0.558997095 -0.826674044 0.0642818063
vn -0.571318865 0.819083512 -0.0519323982
vn -0.493493259 0.841618598 0.219414175
vn 0.274035931 -0.645171106 0.713203073
vn -0.77650243 -0.6299932 -0.0123478621
vn -0.434003621 0.594737053 -0.676704228
vn -0.00981079228 -0.137567505 0.990443766
vn -0.834162533 -0.547932982 0.0627878681
vn -0.0344298147 0.193682745 -0.980459869
vn 0.825556695 0.451146394 0.339003146
vn 0.833737314 0.471885115 0.286716759
vn -0.00981079228 -0.137567505 0.990443766
vn 0.79782337 0.557369947 0.229818508
vn -0.0344298147 0.193682745 -0.980459869
vn 0.732168794 0.656610787 0.181083024
vn -0.00981079228 -0.137567505 0.990443766
vn 0.79782337 0.557369947 0.229818508
vn 0.732168794 0.656610787 0.181083024
vn 0.226365075 -0.204473257 -0.952339053
vn 0.766774416 0.639506638 0.0555730164
vn -0.346357584 0.372009814 0.861188114
vn 0.732168794 0.656610787 0.181083024
vn -0.00981079228 -0.137567505 0.990443766
vn -0.903107047 -0.429393947 -0.00431438768
vn -0.0344298147 0.193682745 -0.980459869
vn -0.00981079228 -0.137567505 0.990443766
vn -0.512124836 0.715978503 0.474450231
vn 0.732168794 0.656610787 0.181083024
vn 0.766774416 0.639506638 0.0555730164
vn -0.922782838 -0.331273824 -0.196798533
vn 0.358208925 -0.482031673 -0.799582303
vn 0.766774416 0.639506638 0.0555730164
vn -0.0931573063 0.507763505 -0.856445014
vn 0.766774416 0.639506638 0.0555730164
vn -0.0931573063 0.507763505 -0.856445014
vn 0.221572369 -0.951920033 -0.211551145
vn 0.135009974 0.436914623 -0.889313161
vn 0.159934103 0.408684105 -0.898553491
vn -0.00393089233 -0.998932302 -0.0460294522
vn -0.646364152 -0.43623963 0.626025796
vn -0.412258267 -0.43322584 0.801472723
vn -0.654955626 0.557059944 0.510604978
vn -0.765937507 0.630842566 0.124005944
vn 0.135009974 0.436914623 -0.889313161
vn 0.159934103 0.408684105 -0.898553491
vn -0.572645664 -0.478898138 -0.665382266
vn -0.572645664 -0.478898138 -0.665382266
vn -0.572645664 -0.478898138 -0.665382266
vn -0.572645664 -0.478898138 -0.665382266
vn -0.249733508 -0.515982211 0.819387317
vn 0.134420127 -0.963804543 -0.230243012
vn 0.326447308 0.142088979 -0.934474647
vn 0.375738561 0.267199636 -0.887369633
vn -0.10277392 -0.994692504 0.00492914999
vn -0.512460768 -0.634531736 0.57857883
vn -0.313143879 -0.64027524 0.701418877
vn -0.172580808 -0.67092675 0.721161008
vn 0.357074171 -0.933011353 -0.0445856303
vn 0.504818141 0.273385525 -0.818791151
vn -0.60820657 -0.611399055 0.506237149
vn -0.359138697 -0.53643012 -0.763716042
vn -0.359138697 -0.53643012 -0.763716042
vn -0.917121708 0.078818284 0.390736967
vn -0.322070777 -0.0212736391 0.946476638
vn -0.510352075 0.0941456854 0.854796708
vn -0.748767257 0.112433627 0.653227508
vn -0.516877592 0.78357774 0.344736844
vn -0.450031996 0.886745989 -0.105606787
vn 0.326447308 0.142088979 -0.934474647
vn 0.375738561 0.267199636 -0.887369633
vn -0.617093444 0.736827195 -0.276190937
vn 0.504818141 0.273385525 -0.818791151
vn -0.359138697 -0.53643012 -0.763716042
vn -0.76117456 -0.425088435 0.489809275
vn 0.117412813 -0.975453138 -0.186294347
vn 0.0445600823 -0.995756328 -0.0805215165
vn -0.839073837 -0.184785157 0.511673272
vn -0.184362441 0.797035098 0.575104773
vn 0.0242340136 0.853957415 0.519778252
vn 0.0546364672 -0.956855237 -0.285382062
vn -0.920552969 -0.096073769 0.378618777
vn 0.0852744728 0.771822155 0.63009429
vn 0.086705707 -0.540639222 0.836774409
vn 0.93386358 0.0529704764 -0.353684783
vn 0.117412813 -0.975453138 -0.186294347
vn 0.954389453 0.209471464 -0.212749749
vn -0.184362441 0.797035098 0.575104773
vn 0.0242340136 0.853957415 0.519778252
vn 0.0546364672 -0.956855237 -0.285382062
vn 0.997370005 0.0718635097 -0.00941868871
vn 0.0852744728 0.771822155 0.63009429
vn 0.086705707 -0.540639222 0.836774409
vn -0.647304237 -0.558824003 0.518375278
vn 0.331611872 -0.943300724 -0.0147471139
vn 0.220801249 -0.967315674 0.124688901
vn -0.825918078 -0.277164131 0.490957588
vn 0.933382392 0.11028859 -0.341516882
vn 0.927665889 0.272491843 -0.255311817
vn -0.361117184 0.861486912 0.356979907
vn -0.132744029 0.943892658 0.302399904
vn -0.361117184 0.861486912 0.356979907
vn -0.132744029 0.943892658 0.302399904
vn 0.257297635 -0.961709559 -0.0944059119
vn -0.895417452 -0.290162265 0.337688357
vn 0.985652328 0.16216591 -0.0468161069
vn -0.0512238815 0.903840125 0.424792945
vn -0.0512238815 0.903840125 0.424792945
vn 0.143723309 -0.277372211 0.949951768
vn 0.143723309 -0.277372211 0.949951768
vn -0.581080258 -0.639521718 0.503346503
vn 0.581460357 -0.803459942 0.127890527
vn 0.46452719 -0.857914507 0.219538525
vn -0.780731559 -0.44504723 0.438624114
vn 0.895848215 0.38473466 -0.222340375
vn 0.813404262 0.560033798 -0.157276243
vn -0.572676122 0.783307195 0.241809651
vn -0.433007747 0.883547246 0.178461656
vn -0.572676122 0.783307195 0.241809651
vn -0.433007747 0.883547246 0.178461656
vn 0.537986875 -0.841140628 0.0552502424
vn -0.851606309 -0.444706887 0.277493417
vn 0.853490412 0.516739249 0.0673408508
vn -0.383070409 0.87371093 0.29981035
vn -0.383070409 0.87371093 0.29981035
vn 0.0834327564 -0.189662561 0.978298128
vn -0.126412317 -0.319235861 0.939206243
vn -0.984814763 -0.138041705 -0.10528212
vn -0.974753082 -0.220454946 0.0354401134
vn -0.0620776825 -0.276766866 0.958929837
vn 0.988439023 -0.0277659968 0.149055064
vn 0.999189079 -0.0289276969 0.0280069187
vn 0.0813961476 0.12727274 -0.988522291
vn -0.0652552694 0.141841352 -0.987736285
vn -0.984814763 -0.138041705 -0.10528212
vn -0.974753082 -0.220454946 0.0354401134
vn -0.99118644 -0.0387278274 -0.126687035
vn -0.046218086 -0.147586986 0.987968683
vn -0.99118644 -0.0387278274 -0.126687035
vn 0.0877521634 -0.0436930731 -0.995183647
vn 0.992043078 -0.125765055 0.00579531724
vn -0.992309451 -6.67568529E-05 -0.123781979
vn -0.0343525261 0.0148996972 0.999298692
vn -0.992309451 -6.67568529E-05 -0.123781979
vn 0.0341934673 -0.300582767 -0.953142583
vn 0.959124207 -0.282926172 -0.00578492694
vn -0.201374918 -0.93936801 0.277553529
vn -0.201374918 -0.93936801 0.277553529
vn 0.493482798 0.841623843 0.219417289
vn -0.825557351 0.451143146 0.339005649
vn -0.854718983 0.381282061 0.352248996
vn 0.571306944 0.819092155 -0.0519265607
vn -0.833737552 0.471884996 0.286716104
vn 0.433990598 0.594753027 -0.676698625
vn -0.833737552 0.471884996 0.286716104
vn -0.797826052 0.557367742 0.229814783
vn -0.854718983 0.381282061 0.352248996
vn -0.413590699 -0.876143575 0.247619048
vn -0.559002221 -0.826670408 0.0642847419
vn -0.825557351 0.451143146 0.339005649
vn -0.27404803 -0.645163834 0.713204861
vn 0.785743177 -0.569776952 -0.240752593
vn 0.797190368 -0.572467506 -0.191750944
vn -0.559002221 -0.826670408 0.0642847419
vn 0.571306944 0.819092155 -0.0519265607
vn 0.493482798 0.841623843 0.219417289
vn -0.27404803 -0.645163834 0.713204861
vn 0.776499569 -0.629996896 -0.0123424735
vn 0.433990598 0.594753027 -0.676698625
vn 0.00979566295 -0.137560725 0.990444958
vn 0.834161401 -0.547934651 0.0627885312
vn 0.0344123058 0.193693593 -0.980458379
vn -0.825557351 0.451143146 0.339005649
vn -0.833737552 0.471884996 0.286716104
vn 0.00979566295 -0.137560725 0.990444958
vn 0.0344123058 0.193693593 -0.980458379
vn -0.797826052 0.557367742 0.229814783
vn -0.732175171 0.656605184 0.181077674
vn -0.797826052 0.557367742 0.229814783
vn 0.00979566295 -0.137560725 0.990444958
vn -0.226390183 -0.204461604 -0.952335477
vn -0.732175171 0.656605184 0.181077674
vn -0.76678133 0.639498234 0.0555726625
vn 0.346343368 0.372017175 0.861190677
vn 0.00979566295 -0.137560725 0.990444958
vn -0.732175171 0.656605184 0.181077674
vn 0.903105676 -0.4293966 -0.00431846781
vn 0.0344123058 0.193693593 -0.980458379
vn 0.00979566295 -0.137560725 0.990444958
vn 0.512105048 0.715993762 0.474448562
vn -0.732175171 0.656605184 0.181077674
vn -0.76678133 0.639498234 0.0555726625
vn 0.9227795 -0.331274778 -0.19681254
vn -0.358242214 -0.482017279 -0.799576104
vn -0.76678133 0.639498234 0.0555726625
vn 0.0931498632 0.507762194 -0.856446564
vn -0.76678133 0.639498234 0.0555726625
vn 0.0931498632 0.507762194 -0.856446564
vn -0.221580997 -0.951916158 -0.211559519
vn -0.135011911 0.436915427 -0.889312446
vn 0.00392379519 -0.998932183 -0.0460336581
vn -0.159945846 0.408676505 -0.898554862
vn 0.64635849 -0.436249673 0.626024604
vn 0.412251115 -0.433227181 0.801475644
vn 0.654953599 0.557063103 0.510604024
vn 0.765938222 0.630842626 0.124000788
vn -0.135011911 0.436915427 -0.889312446
vn -0.159945846 0.408676505 -0.898554862
vn 0.57264334 -0.478898644 -0.665383875
vn 0.57264334 -0.478898644 -0.665383875
vn 0.57264334 -0.478898644 -0.665383875
vn 0.57264334 -0.478898644 -0.665383875
vn 0.249720395 -0.515982091 0.819391429
vn -0.326443911 0.142086282 -0.934476316
vn -0.134423718 -0.963802934 -0.230248153
vn -0.375739276 0.267198592 -0.887369633
vn 0.102775522 -0.994692385 0.00492696138
vn 0.512455702 -0.63453567 0.578578889
vn 0.313145131 -0.64027524 0.70141834
vn 0.172586709 -0.670927346 0.721158981
vn -0.357084602 -0.933006883 -0.0445954688
vn -0.504822493 0.273384333 -0.818788826
vn 0.608188391 -0.611416519 0.506237864
vn 0.359141827 -0.53642863 -0.763715565
vn 0.359141827 -0.53642863 -0.763715565
vn 0.917120814 0.0788134113 0.390740186
vn 0.322073847 -0.0212775338 0.946475446
vn 0.510352552 0.0941464007 0.85479635
vn 0.748766124 0.112432592 0.653229117
vn 0.516880393 0.783576965 0.34473455
vn 0.450026125 0.886748314 -0.105611935
vn -0.326443911 0.142086282 -0.934476316
vn -0.375739276 0.267198592 -0.887369633
vn 0.617083728 0.736833036 -0.276197225
vn -0.504822493 0.273384333 -0.818788826
vn 0.359141827 -0.53642863 -0.763715565
vn -0.000623481988 -0.854398489 -0.519617975
vn -0.972750902 -0.209674031 0.0989570469
vn -0.000810767291 -0.883606255 -0.468229979
vn -0.967116296 -0.178791046 0.180886656
vn -0.000596121536 0.385742545 0.92260623
vn -0.000925318047 0.571844101 0.820361793
vn -0.0011144185 -0.965865552 -0.259041697
vn -0.969941616 -0.222659156 0.0981637836
vn -0.0013156468 0.805030107 0.593232453
vn -0.000285584218 -0.235076562 0.971976817
vn -0.000285584218 -0.235076562 0.971976817
vn 0.972666442 -0.209983349 0.0991309658
vn -0.000810767291 -0.883606255 -0.468229979
vn -0.000623481988 -0.854398489 -0.519617975
vn 0.967012048 -0.179054171 0.18118307
vn -0.000596121536 0.385742545 0.92260623
vn -0.000925318047 0.571844101 0.820361793
vn 0.969784439 -0.223151475 0.0985983387
vn -0.0013156468 0.805030107 0.593232453
vn -0.000285584218 -0.235076562 0.971976817
vn -0.000285584218 -0.235076562 0.971976817
vn -0.970042348 -0.206457868 0.128034905
vn -0.000717134681 -0.948475957 -0.316848338
vn -0.984523058 -0.133379191 0.11368522
vn -0.00102266972 -0.982210279 -0.187781647
vn -0.000627078989 0.690904617 0.722945571
vn -0.00101386732 0.79264456 0.609683156
vn -0.000305818481 -0.233165503 0.972436965
vn -0.000305818481 -0.233165503 0.972436965
vn 0.969901025 -0.206949458 0.128312111
vn -0.000717134681 -0.948475957 -0.316848338
vn 0.984521806 -0.133456454 0.113605917
vn -0.000627078989 0.690904617 0.722945571
vn -0.00101386732 0.79264456 0.609683156
vn -0.000305818481 -0.233165503 0.972436965
vn -0.000305818481 -0.233165503 0.972436965
vn -0.96459496 -0.144410416 0.220685601
vn -0.000503300223 -0.999929786 -0.0118375486
vn -0.960064948 -0.133756772 0.245732203
vn -0.000423732505 0.80526644 0.592912853
vn -0.000772061816 0.839089215 0.543993294
vn -0.000306517701 -0.22736758 0.973809004
vn -0.000895747682 -0.999988556 -0.00470044231
vn -0.000503300223 -0.999929786 -0.0118375486
vn -0.000306517701 -0.22736758 0.973809004
vn 0.964463115 -0.144745916 0.221041635
vn -0.000306517701 -0.22736758 0.973809004
vn 0.96006912 -0.133802503 0.245691329
vn -0.000503300223 -0.999929786 -0.0118375486
vn -0.000423732505 0.80526644 0.592912853
vn -0.000772061816 0.839089215 0.543993294
vn -0.000306517701 -0.22736758 0.973809004
vn -0.964649916 -0.049876079 0.258771896
vn -0.000527949305 -0.928004026 0.372569889
vn -0.960704803 -0.0332077816 0.275578678
vn -0.000899632112 -0.922654629 0.385626137
vn -0.000435554277 0.980758309 0.195225701
vn -0.000776292 0.990463316 0.137774438
vn -0.000303666748 0.191598088 0.981473386
vn -0.000303666748 0.191598088 0.981473386
vn 0.964519441 -0.0500245765 0.259229034
vn 0.960707068 -0.033294782 0.275559962
vn -0.000435554277 0.980758309 0.195225701
vn -0.000776292 0.990463316 0.137774438
vn -0.000303666748 0.191598088 0.981473386
vn -0.000303666748 0.191598088 0.981473386
vn -0.581341982 -0.813308895 0.0238749217
vn 0.642901242 -0.620643795 0.44886443
vn -0.592888534 -0.804164231 0.0424633808
vn 0.63565141 -0.620058417 0.459863961
vn -0.809039652 0.579586685 0.0976424366
vn -0.804616392 0.592389345 0.0408312157
vn -0.367310643 -0.0140008377 0.929992974
vn -0.367310643 -0.0140008377 0.929992974
vn 0.544485152 0.682006001 0.488265872
vn 0.525562406 0.687193632 0.501546562
vn -0.809039652 0.579586685 0.0976424366
vn -0.804616392 0.592389345 0.0408312157
vn -0.367310643 -0.0140008377 0.929992974
vn -0.367310643 -0.0140008377 0.929992974
vn 0.709294558 0.238251165 0.663428664
vn -0.299229711 0.932817757 0.20077993
vn 0.700070441 0.222143605 0.678641021
vn -0.30440864 0.928389192 0.213140815
vn 0.0369803831 -0.951559186 0.305233538
vn 0.0658820942 -0.964353144 0.256286234
vn -0.441244811 -0.131228417 0.887739837
vn -0.441244811 -0.131228417 0.887739837
vn -0.968734562 -0.110140674 -0.22231099
vn -0.970977664 -0.124933891 -0.203946039
vn 0.0369803831 -0.951559186 0.305233538
vn 0.0658820942 -0.964353144 0.256286234
vn -0.441244811 -0.131228417 0.887739837
vn -0.441244811 -0.131228417 0.887739837
vn -0.982243299 -0.16466336 -0.089912042
vn -0.0655839965 -0.802380085 0.593198836
vn -0.986461461 -0.144161284 -0.0781745836
vn -0.0713830739 -0.794347823 0.603254378
vn -0.157565579 0.982403874 -0.100278743
vn -0.136653021 0.978493273 -0.154521719
vn -0.392907828 0.407451689 0.824382603
vn -0.392907828 0.407451689 0.824382603
vn 0.791765094 0.187476546 0.58134371
vn 0.780590773 0.206511989 0.589941323
vn -0.157565579 0.982403874 -0.100278743
vn -0.136653021 0.978493273 -0.154521719
vn -0.392907828 0.407451689 0.824382603
vn -0.392907828 0.407451689 0.824382603
vn 0.314753979 -0.490318924 0.812722206
vn 0.413466483 0.772424698 0.482084513
vn 0.291887403 -0.493943751 0.819036841
vn 0.402400792 0.772754431 0.490840286
vn -0.779378891 -0.622491062 -0.0712276325
vn -0.752372503 -0.648472071 -0.115842804
vn -0.701289892 0.189727738 0.687165141
vn -0.701289892 0.189727738 0.687165141
vn -0.548397124 0.731222272 -0.405678093
vn -0.56755805 0.722486854 -0.39482978
vn -0.779378891 -0.622491062 -0.0712276325
vn -0.752372503 -0.648472071 -0.115842804
vn -0.701289892 0.189727738 0.687165141
vn -0.701289892 0.189727738 0.687165141
vn -0.543073177 -0.813448966 -0.208260298
vn 0.415837377 -0.623237789 0.662309468
vn -0.562492132 -0.802361429 -0.199546248
vn 0.404417276 -0.62198329 0.670509934
vn -0.782964766 0.578676581 -0.228253186
vn -0.756276131 0.592125595 -0.278269261
vn -0.702502072 -0.0140007548 0.711544037
vn -0.702502072 -0.0140007548 0.711544037
vn 0.309458166 0.682017684 0.662636876
vn 0.286848545 0.68719101 0.667447746
vn -0.782964766 0.578676581 -0.228253186
vn -0.756276131 0.592125595 -0.278269261
vn -0.702502072 -0.0140007548 0.711544037
vn -0.702502072 -0.0140007548 0.711544037
vn 0.260745615 -0.958603501 0.114416026
vn 0.410122633 0.0782181397 0.908670127
vn 0.231219634 -0.965774834 0.117543846
vn 0.40337643 0.0642709881 0.912774265
vn -0.80084151 -0.279523283 -0.529641092
vn -0.771491885 -0.262824029 -0.579416692
vn -0.717174828 -0.402042985 0.569229186
vn -0.717174828 -0.402042985 0.569229186
vn -0.523031771 0.77973932 0.344157487
vn -0.543456554 0.76526624 0.344996542
vn -0.80084151 -0.279523283 -0.529641092
vn -0.771491885 -0.262824029 -0.579416692
vn -0.717174828 -0.402042985 0.569229186
vn -0.717174828 -0.402042985 0.569229186
vn -0.964649677 0.114811458 0.237211838
vn -0.000528250006 0.992637157 0.121124417
vn -0.000900002546 0.99082911 0.135117948
vn -0.960704863 0.103027917 0.25774309
vn -0.000434962159 -0.897450328 0.44111535
vn -0.0007753963 -0.921617329 0.388099015
vn -0.000302226195 0.0675096065 0.997718573
vn -0.000302226195 0.0675096065 0.997718573
vn 0.964519024 0.115073621 0.237615258
vn 0.960706949 0.103108674 0.2577025
vn -0.000434962159 -0.897450328 0.44111535
vn -0.0007753963 -0.921617329 0.388099015
vn -0.000302226195 0.0675096065 0.997718573
vn -0.000302226195 0.0675096065 0.997718573
vn -0.964649677 0.0784721524 0.25158143
vn -0.000527374912 -0.641344726 0.767252624
vn -0.960704684 0.101109311 0.258502156
vn -0.000899140956 -0.630455077 0.77622515
vn -0.000435612834 0.956427991 -0.291967958
vn -0.000776602945 0.937800348 -0.347174317
vn -0.000302226166 0.633107603 0.774063766
vn -0.000302226166 0.633107603 0.774063766
vn 0.964519262 0.0785582438 0.252054006
vn 0.960707068 0.101024017 0.258526564
vn -0.000435612834 0.956427991 -0.291967958
vn -0.000776602945 0.937800348 -0.347174317
vn -0.000302226166 0.633107603 0.774063766
vn -0.000302226166 0.633107603 0.774063766
vn -0.982243061 -0.172453091 -0.0738819093
vn -0.0655840412 -0.742473841 0.666656911
vn -0.986461341 -0.150929794 -0.0641429275
vn -0.0713834837 -0.733524203 0.675904274
vn -0.157566234 0.96845597 -0.193043858
vn -0.136652753 0.959416568 -0.246669412
vn -0.392906934 0.483832985 0.78200376
vn -0.392906934 0.483832985 0.78200376
vn 0.791765094 0.241790563 0.560932517
vn 0.78059113 0.261556506 0.567684412
vn -0.157566234 0.96845597 -0.193043858
vn -0.136652753 0.959416568 -0.246669412
vn -0.392906934 0.483832985 0.78200376
vn -0.392906934 0.483832985 0.78200376
vn 0.581340611 -0.813309908 0.0238753092
vn -0.642904043 -0.620641053 0.448864222
vn -0.635651886 -0.620058656 0.459863007
vn 0.59288609 -0.804166019 0.0424639657
vn 0.809039533 0.579586983 0.0976425409
vn 0.804616392 0.592389405 0.0408312641
vn 0.367311329 -0.0140018733 0.929992616
vn 0.367311329 -0.0140018733 0.929992616
vn -0.544485629 0.682005405 0.488266408
vn -0.525562465 0.687193274 0.501547039
vn 0.809039533 0.579586983 0.0976425409
vn 0.804616392 0.592389405 0.0408312641
vn 0.367311329 -0.0140018733 0.929992616
vn 0.367311329 -0.0140018733 0.929992616
vn -0.70929414 0.23825188 0.663428962
vn 0.299229562 0.932817757 0.200780287
vn 0.304408818 0.928389192 0.213140458
vn -0.700069904 0.222143844 0.678641379
vn -0.0369805656 -0.951559186 0.305233806
vn -0.0658820048 -0.964353144 0.256286234
vn 0.441244841 -0.131225884 0.887740195
vn 0.441244841 -0.131225884 0.887740195
vn 0.968734682 -0.110140122 -0.222310901
vn 0.970977664 -0.124933548 -0.20394592
vn -0.0369805656 -0.951559186 0.305233806
vn -0.0658820048 -0.964353144 0.256286234
vn 0.441244841 -0.131225884 0.887740195
vn 0.441244841 -0.131225884 0.887740195
vn 0.982243299 -0.16466336 -0.0899120271
vn 0.0655839071 -0.802380204 0.593198895
vn 0.071383059 -0.794347823 0.603254378
vn 0.986461461 -0.144161314 -0.0781745464
vn 0.157565594 0.982403874 -0.100278713
vn 0.136652991 0.978493273 -0.154521659
vn 0.392907828 0.407451689 0.824382603
vn 0.392907828 0.407451689 0.824382603
vn -0.791765153 0.187476546 0.581343651
vn -0.780590892 0.206511974 0.589941263
vn 0.157565594 0.982403874 -0.100278713
vn 0.136652991 0.978493273 -0.154521659
vn 0.392907828 0.407451689 0.824382603
vn 0.392907828 0.407451689 0.824382603
vn -0.314754456 -0.490319371 0.81272167
vn -0.413467199 0.772424221 0.482084751
vn -0.402401209 0.772754133 0.490840465
vn -0.291888058 -0.493944824 0.819035947
vn 0.779378474 -0.622491598 -0.0712269396
vn 0.752372205 -0.648472428 -0.115842357
vn 0.701289892 0.189727738 0.687165141
vn 0.701289892 0.189727738 0.687165141
vn 0.548397303 0.731222332 -0.405677736
vn 0.567558825 0.722486496 -0.394829363
vn 0.779378474 -0.622491598 -0.0712269396
vn 0.752372205 -0.648472428 -0.115842357
vn 0.701289892 0.189727738 0.687165141
vn 0.701289892 0.189727738 0.687165141
vn 0.543073833 -0.813448608 -0.208259866
vn -0.415836513 -0.623236716 0.662311137
vn -0.404417515 -0.621981144 0.670511723
vn 0.562492847 -0.802361131 -0.199545324
vn 0.782964289 0.578677654 -0.228252426
vn 0.756276011 0.592125654 -0.278269351
vn 0.702502072 -0.0139988363 0.711544096
vn 0.702502072 -0.0139988363 0.711544096
vn -0.309458017 0.682019472 0.662634969
vn -0.286848277 0.687191963 0.667446792
vn 0.782964289 0.578677654 -0.228252426
vn 0.756276011 0.592125654 -0.278269351
vn 0.702502072 -0.0139988363 0.711544096
vn 0.702502072 -0.0139988363 0.711544096
vn -0.260730296 -0.958606005 0.114429608
vn -0.410118252 0.0782348737 0.908670604
vn -0.403381646 0.0642660633 0.912772238
vn -0.231232405 -0.965771616 0.117545053
vn 0.800839663 -0.279517472 -0.529646873
vn 0.771486521 -0.262835354 -0.579418838
vn 0.717186928 -0.402006328 0.569239557
vn 0.717186928 -0.402006328 0.569239557
vn 0.523033857 0.779739201 0.344154537
vn 0.543464363 0.76525569 0.345007718
vn 0.800839663 -0.279517472 -0.529646873
vn 0.771486521 -0.262835354 -0.579418838
vn 0.717186928 -0.402006328 0.569239557
vn 0.717186928 -0.402006328 0.569239557
vn 0.982243061 -0.172453091 -0.0738819614
vn 0.065583922 -0.742473841 0.666656911
vn 0.0713832304 -0.733524203 0.675904274
vn 0.986461222 -0.150929809 -0.0641430616
vn 0.157566026 0.96845597 -0.193043917
vn 0.13665244 0.959416687 -0.246669427
vn 0.392904937 0.483833998 0.782003999
vn 0.392904937 0.483833998 0.782003999
vn -0.791765034 0.241790637 0.560932636
vn -0.78059113 0.261556596 0.567684472
vn 0.157566026 0.96845597 -0.193043917
vn 0.13665244 0.959416687 -0.246669427
vn 0.392904937 0.483833998 0.782003999
vn 0.392904937 0.483833998 0.782003999
vn -0.206495076 0.913270891 -0.351135492
vn -0.219348639 -0.182868868 -0.958355486
vn -0.362265646 0.924699545 -0.117022701
vn -0.20387429 -0.245574519 -0.947696447
vn -0.27300629 0.595238924 0.75575006
vn -0.376265049 0.575596452 0.726025701
vn -0.0407199487 0.941755474 -0.333824009
vn -0.220309228 -0.23754403 -0.946063817
vn -0.0891849548 0.592480958 0.800632417
vn -0.968004823 0.250931382 -0.000259161432
vn -0.251966089 -0.311561048 0.916211188
vn -0.366410673 -0.266979605 0.891327739
vn -0.31448856 -0.293246239 0.902830899
vn -0.286725312 -0.954068899 0.0868397281
vn -0.280366153 -0.958969414 0.0420996919
vn -0.219348639 -0.182868868 -0.958355486
vn -0.20387429 -0.245574519 -0.947696447
vn -0.361393601 -0.930603743 0.0580631755
vn -0.220309228 -0.23754403 -0.946063817
vn -0.968004823 0.250931382 -0.000259161432
vn 0.206495076 0.913270891 -0.351135492
vn 0.219348639 -0.182868868 -0.958355486
vn 0.20387429 -0.245574489 -0.947696447
vn 0.362265617 0.924699545 -0.117022701
vn 0.27300629 0.595238924 0.75575006
vn 0.376265079 0.575596452 0.726025641
vn 0.0407199487 0.941755474 -0.333824009
vn 0.220309243 -0.23754397 -0.946063817
vn 0.0891849548 0.592480958 0.800632417
vn 0.968004823 0.250931382 -0.000259161432
vn 0.251966059 -0.311561048 0.916211188
vn 0.366410673 -0.266979605 0.891327739
vn 0.31448856 -0.293246239 0.902830899
vn 0.286725312 -0.954068899 0.0868397281
vn 0.280366153 -0.958969414 0.0420996919
vn 0.219348639 -0.182868868 -0.958355486
vn 0.20387429 -0.245574489 -0.947696447
vn 0.361393601 -0.930603743 0.0580631755
vn 0.220309243 -0.23754397 -0.946063817
vn 0.968004823 0.250931382 -0.000259161432
vn -0.957193017 -0.229251087 0.176707655
vn -0.000722536759 -0.960318327 -0.278905362
vn -0.975602627 -0.151322976 0.159062251
vn -0.00101790938 -0.989887178 -0.141853258
vn -0.00062817568 0.69799906 0.716098428
vn -0.00106695527 0.803640783 0.595113695
vn -0.957193017 -0.229251087 0.176707655
vn -0.000380518439 -0.190549687 0.981677473
vn -0.957193017 -0.229251087 0.176707655
vn -0.000380518439 -0.190549687 0.981677473
vn 0.957030952 -0.22964263 0.177076146
vn -0.000722536759 -0.960318327 -0.278905362
vn -0.000380518439 -0.190549687 0.981677473
vn 0.975605786 -0.151374608 0.158993766
vn -0.000722536759 -0.960318327 -0.278905362
vn -0.00062817568 0.69799906 0.716098428
vn -0.00106695527 0.803640783 0.595113695
vn -0.000380518439 -0.190549687 0.981677473
vn -0.964649916 0.0408161134 0.260354638
vn -0.000526953838 -0.746714056 0.66514492
vn -0.960704565 0.0621948205 0.270515323
vn -0.00089956756 -0.737255216 0.675613761
vn -0.000434903544 0.98885709 -0.148867741
vn -0.000776263943 0.978508115 -0.20620665
vn -0.000303667999 0.513022602 0.858375013
vn -0.000303667999 0.513022602 0.858375013
vn 0.96451956 0.0408311151 0.260835111
vn 0.960707068 0.062106777 0.270526737
vn -0.000434903544 0.98885709 -0.148867741
vn -0.000776263943 0.978508115 -0.20620665
vn -0.000303667999 0.513022602 0.858375013
vn -0.000303667999 0.513022602 0.858375013
g Wildhog_02_0
f 3/3/3 2/2/2 1/1/1
f 2/2/2 4/4/4 1/1/1
f 1/1/1 5/5/5 3/3/3
f 5/5/5 6/6/6 3/3/3
f 4/4/4 2/2/2 7/7/7
f 8/8/8 4/4/4 7/7/7
f 6/6/6 5/5/5 9/9/9
f 5/5/5 10/10/10 9/9/9
f 10/10/10 11/11/11 9/9/9
f 11/11/11 12/12/12 9/9/9
f 11/11/11 10/10/10 13/13/13
f 13/13/13 10/10/10 14/14/14
f 15/15/15 13/13/13 14/14/14
f 16/16/16 14/14/14 10/10/10
f 17/17/17 16/16/16 10/10/10
f 14/14/14 18/18/18 15/15/15
f 18/18/18 14/14/14 16/16/16
f 18/18/18 16/16/16 19/19/19
f 16/16/16 20/20/20 19/19/19
f 18/18/18 21/21/21 15/15/15
f 22/22/22 11/11/11 13/13/13
f 17/17/17 23/23/23 16/16/16
f 23/23/23 20/20/20 16/16/16
f 23/23/23 24/24/24 20/20/20
f 24/24/24 25/25/25 20/20/20
f 19/19/19 20/20/20 25/25/25
f 24/24/24 26/26/26 25/25/25
f 27/27/27 26/26/26 24/24/24
f 28/28/28 27/27/27 24/24/24
f 28/28/28 4/4/4 27/27/27
f 4/4/4 29/29/29 27/27/27
f 30/30/30 26/26/26 27/27/27
f 26/26/26 30/30/30 31/31/31
f 26/26/26 31/31/31 25/25/25
f 30/30/30 32/32/32 31/31/31
f 33/33/33 25/25/25 31/31/31
f 33/33/33 19/19/19 25/25/25
f 34/34/34 33/33/33 31/31/31
f 34/34/34 31/31/31 32/32/32
f 35/35/35 30/30/30 27/27/27
f 35/35/35 27/27/27 29/29/29
f 36/36/36 35/35/35 29/29/29
f 36/36/36 29/29/29 37/37/37
f 38/38/38 36/36/36 37/37/37
f 39/39/39 34/34/34 32/32/32
f 40/40/40 34/34/34 39/39/39
f 41/41/41 40/40/40 39/39/39
f 40/40/40 41/41/41 42/42/42
f 41/41/41 43/43/43 42/42/42
f 42/42/42 43/43/43 44/44/44
f 45/45/45 42/42/42 44/44/44
f 46/46/46 42/42/42 45/45/45
f 42/42/42 46/46/46 40/40/40
f 47/47/47 46/46/46 45/45/45
f 46/46/46 47/47/47 48/48/48
f 47/47/47 49/49/49 48/48/48
f 46/46/46 50/50/50 40/40/40
f 40/40/40 50/50/50 34/34/34
f 50/50/50 33/33/33 34/34/34
f 50/50/50 51/51/51 33/33/33
f 48/48/48 51/51/51 46/46/46
f 51/51/51 50/50/50 46/46/46
f 51/51/51 19/19/19 33/33/33
f 39/39/39 52/52/52 41/41/41
f 53/53/53 52/52/52 39/39/39
f 54/54/54 52/52/52 53/53/53
f 55/55/55 54/54/54 53/53/53
f 53/53/53 56/56/56 55/55/55
f 56/56/56 57/57/57 55/55/55
f 57/57/57 56/56/56 58/58/58
f 59/59/59 57/57/57 58/58/58
f 58/58/58 60/60/60 59/59/59
f 60/60/60 61/61/61 59/59/59
f 61/61/61 62/62/62 59/59/59
f 62/62/62 63/63/63 59/59/59
f 54/54/54 55/55/55 64/64/64
f 54/54/54 65/65/65 52/52/52
f 65/65/65 66/66/66 52/52/52
f 65/65/65 67/67/67 66/66/66
f 67/67/67 68/68/68 66/66/66
f 68/68/68 67/67/67 69/69/69
f 70/70/70 68/68/68 69/69/69
f 67/67/67 71/71/71 69/69/69
f 71/71/71 67/67/67 65/65/65
f 71/71/71 72/72/72 69/69/69
f 73/73/73 71/71/71 65/65/65
f 64/64/64 73/73/73 54/54/54
f 73/73/73 65/65/65 54/54/54
f 41/41/41 66/66/66 68/68/68
f 52/52/52 66/66/66 41/41/41
f 43/43/43 41/41/41 68/68/68
f 43/43/43 68/68/68 70/70/70
f 44/44/44 43/43/43 70/70/70
f 69/69/69 74/74/74 70/70/70
f 74/74/74 69/69/69 72/72/72
f 74/74/74 75/75/75 70/70/70
f 44/44/44 70/70/70 75/75/75
f 74/74/74 76/76/76 75/75/75
f 76/76/76 74/74/74 77/77/77
f 74/74/74 78/78/78 77/77/77
f 78/78/78 74/74/74 72/72/72
f 79/79/79 76/76/76 77/77/77
f 80/80/80 79/79/79 77/77/77
f 81/81/81 79/79/79 80/80/80
f 82/82/82 81/81/81 80/80/80
f 76/76/76 79/79/79 83/83/83
f 76/76/76 83/83/83 75/75/75
f 84/84/84 75/75/75 83/83/83
f 84/84/84 44/44/44 75/75/75
f 85/85/85 84/84/84 83/83/83
f 86/86/86 84/84/84 85/85/85
f 87/87/87 86/86/86 85/85/85
f 88/88/88 86/86/86 87/87/87
f 89/89/89 88/88/88 87/87/87
f 85/85/85 83/83/83 90/90/90
f 79/79/79 90/90/90 83/83/83
f 91/91/91 85/85/85 90/90/90
f 87/87/87 85/85/85 91/91/91
f 92/92/92 87/87/87 91/91/91
f 89/89/89 87/87/87 92/92/92
f 93/93/93 89/89/89 92/92/92
f 91/91/91 90/90/90 94/94/94
f 81/81/81 94/94/94 79/79/79
f 94/94/94 90/90/90 79/79/79
f 95/95/95 91/91/91 94/94/94
f 92/92/92 91/91/91 96/96/96
f 97/97/97 92/92/92 96/96/96
f 93/93/93 92/92/92 97/97/97
f 98/98/98 93/93/93 97/97/97
f 89/89/89 99/99/99 88/88/88
f 99/99/99 100/100/100 88/88/88
f 100/100/100 99/99/99 101/101/101
f 102/102/102 100/100/100 101/101/101
f 101/101/101 103/103/103 102/102/102
f 103/103/103 104/104/104 102/102/102
f 105/105/105 103/103/103 101/101/101
f 106/106/106 105/105/105 101/101/101
f 106/106/106 101/101/101 99/99/99
f 107/107/107 106/106/106 99/99/99
f 108/108/108 105/105/105 106/106/106
f 109/109/109 108/108/108 106/106/106
f 109/109/109 106/106/106 107/107/107
f 107/107/107 99/99/99 89/89/89
f 93/93/93 107/107/107 89/89/89
f 98/98/98 110/110/110 93/93/93
f 110/110/110 107/107/107 93/93/93
f 110/110/110 111/111/111 107/107/107
f 112/112/112 102/102/102 104/104/104
f 113/113/113 112/112/112 104/104/104
f 114/114/114 112/112/112 113/113/113
f 115/115/115 114/114/114 113/113/113
f 116/116/116 114/114/114 115/115/115
f 117/117/117 116/116/116 115/115/115
f 116/116/116 117/117/117 118/118/118
f 18/18/18 116/116/116 118/118/118
f 114/114/114 48/48/48 112/112/112
f 48/48/48 49/49/49 112/112/112
f 116/116/116 51/51/51 114/114/114
f 51/51/51 48/48/48 114/114/114
f 116/116/116 18/18/18 51/51/51
f 18/18/18 19/19/19 51/51/51
f 112/112/112 49/49/49 102/102/102
f 49/49/49 100/100/100 102/102/102
f 49/49/49 47/47/47 100/100/100
f 47/47/47 88/88/88 100/100/100
f 88/88/88 47/47/47 86/86/86
f 47/47/47 45/45/45 86/86/86
f 84/84/84 86/86/86 45/45/45
f 44/44/44 84/84/84 45/45/45
f 121/121/121 120/120/120 119/119/119
f 120/120/120 122/122/122 119/119/119
f 119/119/119 122/122/122 123/123/123
f 122/122/122 124/124/124 123/123/123
f 125/125/125 121/121/121 119/119/119
f 126/126/126 122/122/122 120/120/120
f 127/127/127 126/126/126 120/120/120
f 127/127/127 120/120/120 128/128/128
f 128/128/128 120/120/120 121/121/121
f 129/129/129 127/127/127 128/128/128
f 126/126/126 127/127/127 130/130/130
f 127/127/127 131/131/131 130/130/130
f 127/127/127 129/129/129 131/131/131
f 132/132/132 128/128/128 121/121/121
f 121/121/121 125/125/125 132/132/132
f 128/128/128 132/132/132 133/133/133
f 132/132/132 134/134/134 133/133/133
f 129/129/129 128/128/128 135/135/135
f 128/128/128 133/133/133 135/135/135
f 136/136/136 135/135/135 133/133/133
f 137/137/137 136/136/136 133/133/133
f 133/133/133 134/134/134 137/137/137
f 129/129/129 135/135/135 138/138/138
f 129/129/129 138/138/138 131/131/131
f 135/135/135 139/139/139 138/138/138
f 135/135/135 136/136/136 139/139/139
f 136/136/136 137/137/137 140/140/140
f 137/137/137 141/141/141 140/140/140
f 134/134/134 142/142/142 137/137/137
f 141/141/141 137/137/137 142/142/142
f 142/142/142 134/134/134 143/143/143
f 144/144/144 142/142/142 143/143/143
f 142/142/142 144/144/144 145/145/145
f 146/146/146 142/142/142 145/145/145
f 146/146/146 141/141/141 142/142/142
f 144/144/144 143/143/143 147/147/147
f 148/148/148 147/147/147 143/143/143
f 149/149/149 148/148/148 143/143/143
f 149/149/149 143/143/143 134/134/134
f 150/150/150 144/144/144 147/147/147
f 147/147/147 151/151/151 150/150/150
f 151/151/151 152/152/152 150/150/150
f 151/151/151 147/147/147 153/153/153
f 147/147/147 154/154/154 153/153/153
f 150/150/150 152/152/152 155/155/155
f 156/156/156 150/150/150 155/155/155
f 150/150/150 156/156/156 144/144/144
f 156/156/156 145/145/145 144/144/144
f 149/149/149 157/157/157 154/154/154
f 145/145/145 156/156/156 158/158/158
f 156/156/156 159/159/159 158/158/158
f 160/160/160 158/158/158 159/159/159
f 161/161/161 158/158/158 160/160/160
f 162/162/162 161/161/161 160/160/160
f 163/163/163 161/161/161 162/162/162
f 164/164/164 163/163/163 162/162/162
f 163/163/163 164/164/164 165/165/165
f 166/166/166 163/163/163 165/165/165
f 162/162/162 160/160/160 167/167/167
f 164/164/164 162/162/162 167/167/167
f 160/160/160 168/168/168 167/167/167
f 169/169/169 164/164/164 167/167/167
f 165/165/165 164/164/164 170/170/170
f 164/164/164 169/169/169 170/170/170
f 167/167/167 168/168/168 171/171/171
f 169/169/169 167/167/167 171/171/171
f 168/168/168 172/172/172 171/171/171
f 173/173/173 169/169/169 171/171/171
f 170/170/170 169/169/169 173/173/173
f 174/174/174 170/170/170 173/173/173
f 166/166/166 165/165/165 175/175/175
f 165/165/165 176/176/176 175/175/175
f 175/175/175 176/176/176 177/177/177
f 178/178/178 175/175/175 177/177/177
f 179/179/179 178/178/178 177/177/177
f 180/180/180 179/179/179 177/177/177
f 181/181/181 180/180/180 177/177/177
f 182/182/182 181/181/181 177/177/177
f 176/176/176 183/183/183 177/177/177
f 183/183/183 182/182/182 177/177/177
f 184/184/184 181/181/181 182/182/182
f 185/185/185 184/184/184 182/182/182
f 185/185/185 182/182/182 186/186/186
f 182/182/182 183/183/183 186/186/186
f 183/183/183 176/176/176 165/165/165
f 170/170/170 183/183/183 165/165/165
f 170/170/170 187/187/187 183/183/183
f 187/187/187 186/186/186 183/183/183
f 178/178/178 179/179/179 188/188/188
f 189/189/189 178/178/178 188/188/188
f 189/189/189 188/188/188 190/190/190
f 191/191/191 189/189/189 190/190/190
f 189/189/189 191/191/191 192/192/192
f 191/191/191 193/193/193 192/192/192
f 191/191/191 194/194/194 193/193/193
f 194/194/194 139/139/139 193/193/193
f 194/194/194 191/191/191 195/195/195
f 191/191/191 190/190/190 195/195/195
f 136/136/136 193/193/193 139/139/139
f 194/194/194 196/196/196 139/139/139
f 196/196/196 194/194/194 197/197/197
f 194/194/194 198/198/198 197/197/197
f 196/196/196 138/138/138 139/139/139
f 136/136/136 140/140/140 193/193/193
f 140/140/140 192/192/192 193/193/193
f 138/138/138 196/196/196 131/131/131
f 192/192/192 140/140/140 175/175/175
f 192/192/192 175/175/175 189/189/189
f 140/140/140 166/166/166 175/175/175
f 166/166/166 140/140/140 141/141/141
f 163/163/163 166/166/166 141/141/141
f 141/141/141 146/146/146 163/163/163
f 146/146/146 161/161/161 163/163/163
f 161/161/161 146/146/146 145/145/145
f 158/158/158 161/161/161 145/145/145
f 200/200/200 199/199/199 131/131/131
f 199/199/199 130/130/130 131/131/131
f 199/199/199 201/201/201 130/130/130
f 201/201/201 202/202/202 130/130/130
f 202/202/202 203/203/203 130/130/130
f 203/203/203 126/126/126 130/130/130
f 203/203/203 204/204/204 126/126/126
f 204/204/204 205/205/205 126/126/126
f 204/204/204 206/206/206 205/205/205
f 206/206/206 207/207/207 205/205/205
f 207/207/207 208/208/208 205/205/205
f 208/208/208 124/124/124 205/205/205
f 124/124/124 208/208/208 209/209/209
f 209/209/209 208/208/208 210/210/210
f 208/208/208 211/211/211 210/210/210
f 210/210/210 212/212/212 209/209/209
f 212/212/212 210/210/210 213/213/213
f 213/213/213 210/210/210 211/211/211
f 214/214/214 212/212/212 213/213/213
f 215/215/215 214/214/214 213/213/213
f 216/216/216 215/215/215 213/213/213
f 212/212/212 217/217/217 209/209/209
f 209/209/209 217/217/217 123/123/123
f 123/123/123 124/124/124 209/209/209
f 217/217/217 218/218/218 123/123/123
f 205/205/205 124/124/124 122/122/122
f 126/126/126 205/205/205 122/122/122
f 123/123/123 218/218/218 119/119/119
f 218/218/218 219/219/219 119/119/119
f 119/119/119 219/219/219 220/220/220
f 219/219/219 221/221/221 220/220/220
f 220/220/220 221/221/221 222/222/222
f 223/223/223 220/220/220 222/222/222
f 224/224/224 223/223/223 222/222/222
f 225/225/225 224/224/224 222/222/222
f 223/223/223 224/224/224 226/226/226
f 227/227/227 226/226/226 224/224/224
f 222/222/222 221/221/221 228/228/228
f 221/221/221 229/229/229 228/228/228
f 221/221/221 219/219/219 229/229/229
f 6/6/6 228/228/228 229/229/229
f 3/3/3 6/6/6 229/229/229
f 3/3/3 229/229/229 230/230/230
f 219/219/219 230/230/230 229/229/229
f 2/2/2 3/3/3 230/230/230
f 230/230/230 231/231/231 2/2/2
f 231/231/231 7/7/7 2/2/2
f 231/231/231 232/232/232 7/7/7
f 232/232/232 233/233/233 7/7/7
f 232/232/232 234/234/234 233/233/233
f 234/234/234 235/235/235 233/233/233
f 236/236/236 233/233/233 235/235/235
f 237/237/237 236/236/236 235/235/235
f 235/235/235 238/238/238 237/237/237
f 238/238/238 239/239/239 237/237/237
f 236/236/236 237/237/237 240/240/240
f 236/236/236 240/240/240 37/37/37
f 8/8/8 236/236/236 37/37/37
f 236/236/236 8/8/8 233/233/233
f 8/8/8 7/7/7 233/233/233
f 237/237/237 241/241/241 240/240/240
f 237/237/237 239/239/239 241/241/241
f 240/240/240 241/241/241 242/242/242
f 242/242/242 241/241/241 243/243/243
f 239/239/239 243/243/243 241/241/241
f 243/243/243 239/239/239 244/244/244
f 245/245/245 243/243/243 244/244/244
f 246/246/246 242/242/242 243/243/243
f 247/247/247 242/242/242 246/246/246
f 246/246/246 248/248/248 247/247/247
f 247/247/247 248/248/248 249/249/249
f 248/248/248 250/250/250 249/249/249
f 242/242/242 247/247/247 38/38/38
f 247/247/247 249/249/249 38/38/38
f 242/242/242 38/38/38 240/240/240
f 38/38/38 37/37/37 240/240/240
f 8/8/8 37/37/37 29/29/29
f 4/4/4 8/8/8 29/29/29
f 249/249/249 250/250/250 61/61/61
f 60/60/60 249/249/249 61/61/61
f 38/38/38 249/249/249 60/60/60
f 36/36/36 38/38/38 60/60/60
f 36/36/36 60/60/60 58/58/58
f 35/35/35 36/36/36 58/58/58
f 35/35/35 58/58/58 56/56/56
f 30/30/30 35/35/35 56/56/56
f 30/30/30 56/56/56 53/53/53
f 32/32/32 30/30/30 53/53/53
f 32/32/32 53/53/53 39/39/39
f 62/62/62 61/61/61 250/250/250
f 251/251/251 62/62/62 250/250/250
f 28/28/28 252/252/252 4/4/4
f 252/252/252 28/28/28 24/24/24
f 23/23/23 252/252/252 24/24/24
f 23/23/23 253/253/253 252/252/252
f 226/226/226 255/255/255 254/254/254
f 226/226/226 254/254/254 256/256/256
f 258/258/258 257/257/257 254/254/254
f 260/260/260 226/226/226 259/259/259
f 262/262/262 261/261/261 255/255/255
f 261/261/261 264/264/264 263/263/263
f 263/263/263 266/266/266 265/265/265
f 265/265/265 266/266/266 267/267/267
f 269/269/269 268/268/268 265/265/265
f 266/266/266 271/271/271 270/270/270
f 270/270/270 272/272/272 266/266/266
f 272/272/272 270/270/270 273/273/273
f 270/270/270 274/274/274 273/273/273
f 275/275/275 272/272/272 273/273/273
f 276/276/276 275/275/275 273/273/273
f 276/276/276 277/277/277 275/275/275
f 277/277/277 278/278/278 275/275/275
f 277/277/277 279/279/279 278/278/278
f 279/279/279 280/280/280 278/278/278
f 281/281/281 278/278/278 280/280/280
f 281/281/281 282/282/282 278/278/278
f 282/282/282 283/283/283 278/278/278
f 284/284/284 281/281/281 280/280/280
f 283/283/283 285/285/285 278/278/278
f 281/281/281 286/286/286 282/282/282
f 286/286/286 287/287/287 282/282/282
f 282/282/282 287/287/287 288/288/288
f 282/282/282 288/288/288 283/283/283
f 287/287/287 289/289/289 288/288/288
f 287/287/287 286/286/286 290/290/290
f 291/291/291 287/287/287 290/290/290
f 289/289/289 287/287/287 291/291/291
f 288/288/288 292/292/292 283/283/283
f 285/285/285 283/283/283 292/292/292
f 292/292/292 288/288/288 293/293/293
f 294/294/294 292/292/292 293/293/293
f 293/293/293 288/288/288 295/295/295
f 288/288/288 289/289/289 295/295/295
f 295/295/295 296/296/296 293/293/293
f 296/296/296 297/297/297 293/293/293
f 294/294/294 293/293/293 297/297/297
f 295/295/295 289/289/289 298/298/298
f 298/298/298 289/289/289 291/291/291
f 299/299/299 295/295/295 298/298/298
f 296/296/296 295/295/295 299/299/299
f 297/297/297 296/296/296 300/300/300
f 301/301/301 297/297/297 300/300/300
f 302/302/302 294/294/294 297/297/297
f 297/297/297 301/301/301 302/302/302
f 294/294/294 302/302/302 303/303/303
f 302/302/302 304/304/304 303/303/303
f 304/304/304 302/302/302 305/305/305
f 302/302/302 306/306/306 305/305/305
f 301/301/301 306/306/306 302/302/302
f 303/303/303 304/304/304 307/307/307
f 307/307/307 308/308/308 303/303/303
f 308/308/308 309/309/309 303/303/303
f 303/303/303 309/309/309 294/294/294
f 304/304/304 310/310/310 307/307/307
f 311/311/311 307/307/307 310/310/310
f 312/312/312 311/311/311 310/310/310
f 307/307/307 311/311/311 313/313/313
f 314/314/314 307/307/307 313/313/313
f 312/312/312 310/310/310 315/315/315
f 310/310/310 316/316/316 315/315/315
f 305/305/305 316/316/316 304/304/304
f 316/316/316 310/310/310 304/304/304
f 317/317/317 309/309/309 314/314/314
f 316/316/316 305/305/305 318/318/318
f 319/319/319 316/316/316 318/318/318
f 318/318/318 320/320/320 319/319/319
f 318/318/318 321/321/321 320/320/320
f 321/321/321 322/322/322 320/320/320
f 321/321/321 323/323/323 322/322/322
f 323/323/323 324/324/324 322/322/322
f 324/324/324 323/323/323 325/325/325
f 323/323/323 326/326/326 325/325/325
f 320/320/320 322/322/322 327/327/327
f 322/322/322 324/324/324 327/327/327
f 328/328/328 320/320/320 327/327/327
f 324/324/324 329/329/329 327/327/327
f 329/329/329 324/324/324 330/330/330
f 324/324/324 325/325/325 330/330/330
f 328/328/328 327/327/327 331/331/331
f 327/327/327 329/329/329 331/331/331
f 332/332/332 328/328/328 331/331/331
f 329/329/329 333/333/333 331/331/331
f 329/329/329 330/330/330 333/333/333
f 330/330/330 334/334/334 333/333/333
f 325/325/325 326/326/326 335/335/335
f 336/336/336 325/325/325 335/335/335
f 336/336/336 335/335/335 337/337/337
f 335/335/335 338/338/338 337/337/337
f 338/338/338 339/339/339 337/337/337
f 339/339/339 340/340/340 337/337/337
f 340/340/340 341/341/341 337/337/337
f 341/341/341 342/342/342 337/337/337
f 342/342/342 343/343/343 337/337/337
f 343/343/343 336/336/336 337/337/337
f 341/341/341 344/344/344 342/342/342
f 344/344/344 345/345/345 342/342/342
f 343/343/343 342/342/342 346/346/346
f 342/342/342 345/345/345 346/346/346
f 336/336/336 343/343/343 325/325/325
f 343/343/343 330/330/330 325/325/325
f 346/346/346 347/347/347 343/343/343
f 347/347/347 330/330/330 343/343/343
f 339/339/339 338/338/338 348/348/348
f 338/338/338 349/349/349 348/348/348
f 348/348/348 349/349/349 350/350/350
f 349/349/349 351/351/351 350/350/350
f 351/351/351 349/349/349 352/352/352
f 353/353/353 351/351/351 352/352/352
f 354/354/354 351/351/351 353/353/353
f 299/299/299 354/354/354 353/353/353
f 350/350/350 351/351/351 355/355/355
f 351/351/351 354/354/354 355/355/355
f 353/353/353 296/296/296 299/299/299
f 356/356/356 354/354/354 299/299/299
f 354/354/354 356/356/356 357/357/357
f 358/358/358 354/354/354 357/357/357
f 298/298/298 356/356/356 299/299/299
f 352/352/352 300/300/300 353/353/353
f 300/300/300 296/296/296 353/353/353
f 356/356/356 298/298/298 291/291/291
f 300/300/300 352/352/352 335/335/335
f 335/335/335 352/352/352 349/349/349
f 326/326/326 300/300/300 335/335/335
f 300/300/300 326/326/326 301/301/301
f 326/326/326 323/323/323 301/301/301
f 306/306/306 301/301/301 323/323/323
f 321/321/321 306/306/306 323/323/323
f 306/306/306 321/321/321 305/305/305
f 321/321/321 318/318/318 305/305/305
f 290/290/290 359/359/359 291/291/291
f 360/360/360 359/359/359 290/290/290
f 361/361/361 360/360/360 290/290/290
f 362/362/362 361/361/361 290/290/290
f 286/286/286 362/362/362 290/290/290
f 363/363/363 362/362/362 286/286/286
f 364/364/364 363/363/363 286/286/286
f 365/365/365 363/363/363 364/364/364
f 366/366/366 365/365/365 364/364/364
f 367/367/367 366/366/366 364/364/364
f 284/284/284 367/367/367 364/364/364
f 367/367/367 284/284/284 368/368/368
f 367/367/367 368/368/368 369/369/369
f 370/370/370 367/367/367 369/369/369
f 371/371/371 369/369/369 368/368/368
f 369/369/369 371/371/371 372/372/372
f 369/369/369 372/372/372 370/370/370
f 371/371/371 373/373/373 372/372/372
f 373/373/373 374/374/374 372/372/372
f 374/374/374 375/375/375 372/372/372
f 376/376/376 371/371/371 368/368/368
f 376/376/376 368/368/368 280/280/280
f 284/284/284 280/280/280 368/368/368
f 279/279/279 376/376/376 280/280/280
f 284/284/284 364/364/364 281/281/281
f 364/364/364 286/286/286 281/281/281
f 279/279/279 377/377/377 376/376/376
f 377/377/377 378/378/378 376/376/376
f 371/371/371 376/376/376 378/378/378
f 378/378/378 377/377/377 379/379/379
f 380/380/380 378/378/378 379/379/379
f 381/381/381 378/378/378 380/380/380
f 381/381/381 371/371/371 378/378/378
f 373/373/373 371/371/371 381/381/381
f 382/382/382 381/381/381 380/380/380
f 380/380/380 383/383/383 382/382/382
f 383/383/383 384/384/384 382/382/382
f 385/385/385 382/382/382 384/384/384
f 386/386/386 385/385/385 384/384/384
f 384/384/384 383/383/383 387/387/387
f 387/387/387 383/383/383 388/388/388
f 383/383/383 389/389/389 388/388/388
f 379/379/379 389/389/389 380/380/380
f 389/389/389 383/383/383 380/380/380
f 390/390/390 389/389/389 379/379/379
f 391/391/391 390/390/390 379/379/379
f 379/379/379 377/377/377 391/391/391
f 390/390/390 391/391/391 392/392/392
f 391/391/391 393/393/393 392/392/392
f 394/394/394 392/392/392 393/393/393
f 395/395/395 394/394/394 393/393/393
f 396/396/396 384/384/384 387/387/387
f 386/386/386 384/384/384 396/396/396
f 396/396/396 387/387/387 397/397/397
f 396/396/396 397/397/397 398/398/398
f 398/398/398 386/386/386 396/396/396
f 386/386/386 398/398/398 399/399/399
f 398/398/398 400/400/400 399/399/399
f 397/397/397 401/401/401 398/398/398
f 397/397/397 402/402/402 401/401/401
f 403/403/403 401/401/401 402/402/402
f 403/403/403 402/402/402 404/404/404
f 405/405/405 403/403/403 404/404/404
f 404/404/404 402/402/402 406/406/406
f 402/402/402 397/397/397 406/406/406
f 394/394/394 395/395/395 407/407/407
f 408/408/408 394/394/394 407/407/407
f 409/409/409 408/408/408 407/407/407
f 410/410/410 409/409/409 407/407/407
f 408/408/408 409/409/409 411/411/411
f 408/408/408 411/411/411 412/412/412
f 411/411/411 413/413/413 412/412/412
f 412/412/412 414/414/414 408/408/408
f 414/414/414 415/415/415 408/408/408
f 416/416/416 412/412/412 413/413/413
f 412/412/412 416/416/416 414/414/414
f 414/414/414 416/416/416 417/417/417
f 418/418/418 414/414/414 417/417/417
f 419/419/419 416/416/416 413/413/413
f 409/409/409 420/420/420 411/411/411
f 418/418/418 421/421/421 414/414/414
f 421/421/421 415/415/415 414/414/414
f 422/422/422 421/421/421 418/418/418
f 423/423/423 422/422/422 418/418/418
f 418/418/418 417/417/417 423/423/423
f 424/424/424 422/422/422 423/423/423
f 424/424/424 425/425/425 422/422/422
f 425/425/425 426/426/426 422/422/422
f 390/390/390 426/426/426 425/425/425
f 427/427/427 390/390/390 425/425/425
f 424/424/424 428/428/428 425/425/425
f 428/428/428 424/424/424 429/429/429
f 429/429/429 424/424/424 423/423/423
f 430/430/430 428/428/428 429/429/429
f 423/423/423 431/431/431 429/429/429
f 417/417/417 431/431/431 423/423/423
f 431/431/431 432/432/432 429/429/429
f 429/429/429 432/432/432 430/430/430
f 428/428/428 433/433/433 425/425/425
f 425/425/425 433/433/433 427/427/427
f 433/433/433 434/434/434 427/427/427
f 427/427/427 434/434/434 388/388/388
f 434/434/434 406/406/406 388/388/388
f 432/432/432 435/435/435 430/430/430
f 432/432/432 436/436/436 435/435/435
f 436/436/436 437/437/437 435/435/435
f 437/437/437 436/436/436 438/438/438
f 439/439/439 437/437/437 438/438/438
f 439/439/439 438/438/438 440/440/440
f 438/438/438 441/441/441 440/440/440
f 438/438/438 442/442/442 441/441/441
f 442/442/442 438/438/438 436/436/436
f 442/442/442 443/443/443 441/441/441
f 443/443/443 442/442/442 444/444/444
f 445/445/445 443/443/443 444/444/444
f 446/446/446 442/442/442 436/436/436
f 446/446/446 436/436/436 432/432/432
f 431/431/431 446/446/446 432/432/432
f 447/447/447 446/446/446 431/431/431
f 446/446/446 447/447/447 442/442/442
f 447/447/447 444/444/444 442/442/442
f 417/417/417 447/447/447 431/431/431
f 448/448/448 435/435/435 437/437/437
f 449/449/449 448/448/448 437/437/437
f 449/449/449 450/450/450 448/448/448
f 451/451/451 450/450/450 449/449/449
f 452/452/452 451/451/451 449/449/449
f 451/451/451 452/452/452 453/453/453
f 452/452/452 454/454/454 453/453/453
f 455/455/455 451/451/451 453/453/453
f 451/451/451 455/455/455 450/450/450
f 456/456/456 455/455/455 453/453/453
f 455/455/455 457/457/457 450/450/450
f 450/450/450 458/458/458 448/448/448
f 450/450/450 457/457/457 458/458/458
f 448/448/448 458/458/458 459/459/459
f 458/458/458 460/460/460 459/459/459
f 461/461/461 459/459/459 460/460/460
f 462/462/462 461/461/461 460/460/460
f 461/461/461 462/462/462 463/463/463
f 462/462/462 464/464/464 463/463/463
f 465/465/465 463/463/463 464/464/464
f 466/466/466 465/465/465 464/464/464
f 467/467/467 466/466/466 464/464/464
f 468/468/468 467/467/467 464/464/464
f 460/460/460 458/458/458 469/469/469
f 457/457/457 469/469/469 458/458/458
f 465/465/465 434/434/434 463/463/463
f 434/434/434 433/433/433 463/463/463
f 463/463/463 433/433/433 461/461/461
f 433/433/433 428/428/428 461/461/461
f 461/461/461 428/428/428 459/459/459
f 428/428/428 430/430/430 459/459/459
f 459/459/459 430/430/430 435/435/435
f 448/448/448 459/459/459 435/435/435
f 470/470/470 462/462/462 460/460/460
f 404/404/404 465/465/465 466/466/466
f 405/405/405 404/404/404 466/466/466
f 466/466/466 467/467/467 405/405/405
f 404/404/404 406/406/406 465/465/465
f 406/406/406 434/434/434 465/465/465
f 467/467/467 471/471/471 405/405/405
f 472/472/472 470/470/470 460/460/460
f 472/472/472 460/460/460 473/473/473
f 388/388/388 406/406/406 387/387/387
f 406/406/406 397/397/397 387/387/387
f 388/388/388 389/389/389 427/427/427
f 389/389/389 390/390/390 427/427/427
f 474/474/474 426/426/426 390/390/390
f 426/426/426 474/474/474 422/422/422
f 474/474/474 421/421/421 422/422/422
f 475/475/475 421/421/421 474/474/474
f 478/478/478 477/477/477 476/476/476
f 477/477/477 479/479/479 476/476/476
f 480/480/480 479/479/479 477/477/477
f 478/478/478 476/476/476 481/481/481
f 482/482/482 478/478/478 481/481/481
f 483/483/483 482/482/482 481/481/481
f 55/55/55 485/485/485 484/484/484
f 486/486/486 485/485/485 55/55/55
f 57/57/57 486/486/486 55/55/55
f 486/486/486 57/57/57 487/487/487
f 488/488/488 486/486/486 487/487/487
f 489/489/489 57/57/57 59/59/59
f 63/63/63 490/490/490 59/59/59
f 199/199/199 492/492/492 491/491/491
f 491/491/491 492/492/492 493/493/493
f 494/494/494 491/491/491 493/493/493
f 495/495/495 494/494/494 493/493/493
f 494/494/494 495/495/495 496/496/496
f 496/496/496 495/495/495 497/497/497
f 199/199/199 498/498/498 201/201/201
f 202/202/202 201/201/201 499/499/499
f 201/201/201 500/500/500 499/499/499
f 202/202/202 499/499/499 501/501/501
f 203/203/203 202/202/202 501/501/501
f 501/501/501 502/502/502 203/203/203
f 502/502/502 204/204/204 203/203/203
f 204/204/204 502/502/502 503/503/503
f 206/206/206 204/204/204 503/503/503
f 504/504/504 206/206/206 503/503/503
f 505/505/505 504/504/504 503/503/503
f 504/504/504 505/505/505 506/506/506
f 507/507/507 504/504/504 506/506/506
f 508/508/508 504/504/504 507/507/507
f 504/504/504 508/508/508 206/206/206
f 509/509/509 508/508/508 507/507/507
f 510/510/510 508/508/508 509/509/509
f 511/511/511 510/510/510 509/509/509
f 512/512/512 510/510/510 511/511/511
f 513/513/513 512/512/512 511/511/511
f 508/508/508 514/514/514 206/206/206
f 510/510/510 512/512/512 515/515/515
f 514/514/514 508/508/508 516/516/516
f 508/508/508 517/517/517 516/516/516
f 507/507/507 506/506/506 518/518/518
f 519/519/519 507/507/507 518/518/518
f 509/509/509 507/507/507 519/519/519
f 519/519/519 518/518/518 520/520/520
f 518/518/518 521/521/521 520/520/520
f 520/520/520 521/521/521 522/522/522
f 521/521/521 523/523/523 522/522/522
f 522/522/522 524/524/524 520/520/520
f 513/513/513 511/511/511 524/524/524
f 524/524/524 525/525/525 520/520/520
f 519/519/519 520/520/520 525/525/525
f 524/524/524 511/511/511 525/525/525
f 526/526/526 524/524/524 522/522/522
f 526/526/526 513/513/513 524/524/524
f 527/527/527 526/526/526 522/522/522
f 525/525/525 509/509/509 519/519/519
f 511/511/511 509/509/509 525/525/525
f 517/517/517 528/528/528 516/516/516
f 517/517/517 529/529/529 528/528/528
f 531/531/531 530/530/530 517/517/517
f 530/530/530 531/531/531 532/532/532
f 532/532/532 531/531/531 533/533/533
f 534/534/534 532/532/532 533/533/533
f 533/533/533 535/535/535 534/534/534
f 532/532/532 534/534/534 536/536/536
f 532/532/532 536/536/536 537/537/537
f 536/536/536 538/538/538 537/537/537
f 532/532/532 537/537/537 539/539/539
f 540/540/540 532/532/532 539/539/539
f 530/530/530 532/532/532 540/540/540
f 541/541/541 530/530/530 540/540/540
f 537/537/537 542/542/542 539/539/539
f 534/534/534 543/543/543 536/536/536
f 544/544/544 543/543/543 534/534/534
f 542/542/542 545/545/545 539/539/539
f 545/545/545 546/546/546 539/539/539
f 547/547/547 546/546/546 545/545/545
f 548/548/548 547/547/547 545/545/545
f 546/546/546 549/549/549 539/539/539
f 550/550/550 546/546/546 547/547/547
f 546/546/546 550/550/550 551/551/551
f 552/552/552 546/546/546 551/551/551
f 553/553/553 551/551/551 550/550/550
f 554/554/554 550/550/550 547/547/547
f 554/554/554 555/555/555 550/550/550
f 546/546/546 556/556/556 549/549/549
f 552/552/552 556/556/556 546/546/546
f 556/556/556 552/552/552 557/557/557
f 556/556/556 558/558/558 549/549/549
f 559/559/559 556/556/556 557/557/557
f 557/557/557 561/561/561 560/560/560
f 561/561/561 562/562/562 560/560/560
f 562/562/562 561/561/561 365/365/365
f 561/561/561 563/563/563 365/365/365
f 563/563/563 561/561/561 564/564/564
f 563/563/563 564/564/564 565/565/565
f 566/566/566 563/563/563 565/565/565
f 561/561/561 567/567/567 564/564/564
f 561/561/561 568/568/568 567/567/567
f 568/568/568 569/569/569 567/567/567
f 568/568/568 570/570/570 569/569/569
f 570/570/570 571/571/571 569/569/569
f 365/365/365 563/563/563 572/572/572
f 563/563/563 566/566/566 572/572/572
f 570/570/570 568/568/568 573/573/573
f 565/565/565 564/564/564 574/574/574
f 564/564/564 575/575/575 574/574/574
f 564/564/564 567/567/567 575/575/575
f 574/574/574 575/575/575 576/576/576
f 577/577/577 574/574/574 576/576/576
f 577/577/577 576/576/576 578/578/578
f 579/579/579 577/577/577 578/578/578
f 580/580/580 578/578/578 576/576/576
f 569/569/569 571/571/571 580/580/580
f 581/581/581 580/580/580 576/576/576
f 576/576/576 575/575/575 581/581/581
f 567/567/567 581/581/581 575/575/575
f 567/567/567 569/569/569 581/581/581
f 569/569/569 580/580/580 581/581/581
f 580/580/580 582/582/582 578/578/578
f 571/571/571 582/582/582 580/580/580
f 582/582/582 583/583/583 578/578/578
f 584/584/584 363/363/363 572/572/572
f 363/363/363 584/584/584 362/362/362
f 584/584/584 585/585/585 362/362/362
f 361/361/361 362/362/362 585/585/585
f 586/586/586 361/361/361 585/585/585
f 360/360/360 361/361/361 586/586/586
f 587/587/587 360/360/360 586/586/586
f 587/587/587 588/588/588 360/360/360
f 360/360/360 588/588/588 589/589/589
f 590/590/590 360/360/360 589/589/589
f 591/591/591 360/360/360 590/590/590
f 592/592/592 591/591/591 590/590/590
f 590/590/590 593/593/593 592/592/592
f 363/363/363 365/365/365 572/572/572
f 594/594/594 359/359/359 360/360/360
f 596/596/596 359/359/359 595/595/595
f 596/596/596 595/595/595 597/597/597
f 595/595/595 598/598/598 597/597/597
f 598/598/598 599/599/599 597/597/597
f 599/599/599 598/598/598 600/600/600
f 599/599/599 600/600/600 601/601/601
f 359/359/359 602/602/602 291/291/291
f 604/604/604 359/359/359 603/603/603
f 604/604/604 605/605/605 359/359/359
f 605/605/605 606/606/606 359/359/359
f 604/604/604 607/607/607 605/605/605
f 359/359/359 609/609/609 608/608/608
f 608/608/608 610/610/610 604/604/604
f 125/125/125 149/149/149 132/132/132
f 132/132/132 149/149/149 134/134/134
f 612/612/612 238/238/238 611/611/611
f 238/238/238 613/613/613 611/611/611
f 613/613/613 238/238/238 235/235/235
f 234/234/234 613/613/613 235/235/235
f 239/239/239 238/238/238 612/612/612
f 244/244/244 239/239/239 612/612/612
f 611/611/611 613/613/613 215/215/215
f 613/613/613 214/214/214 215/215/215
f 214/214/214 613/613/613 234/234/234
f 212/212/212 214/214/214 234/234/234
f 212/212/212 234/234/234 232/232/232
f 217/217/217 212/212/212 232/232/232
f 232/232/232 231/231/231 217/217/217
f 231/231/231 218/218/218 217/217/217
f 231/231/231 230/230/230 218/218/218
f 230/230/230 219/219/219 218/218/218
f 615/615/615 9/9/9 614/614/614
f 9/9/9 12/12/12 614/614/614
f 9/9/9 615/615/615 228/228/228
f 6/6/6 9/9/9 228/228/228
f 614/614/614 616/616/616 615/615/615
f 616/616/616 225/225/225 615/615/615
f 228/228/228 615/615/615 222/222/222
f 615/615/615 225/225/225 222/222/222
f 617/617/617 614/614/614 12/12/12
f 618/618/618 616/616/616 614/614/614
f 616/616/616 618/618/618 619/619/619
f 618/618/618 620/620/620 619/619/619
f 620/620/620 621/621/621 619/619/619
f 617/617/617 622/622/622 614/614/614
f 614/614/614 623/623/623 618/618/618
f 622/622/622 617/617/617 624/624/624
f 624/624/624 617/617/617 410/410/410
f 410/410/410 407/407/407 624/624/624
f 407/407/407 625/625/625 624/624/624
f 625/625/625 407/407/407 626/626/626
f 407/407/407 395/395/395 626/626/626
f 626/626/626 395/395/395 627/627/627
f 395/395/395 393/393/393 627/627/627
f 627/627/627 393/393/393 628/628/628
f 393/393/393 391/391/391 628/628/628
f 377/377/377 628/628/628 391/391/391
f 627/627/627 276/276/276 626/626/626
f 276/276/276 273/273/273 626/626/626
f 625/625/625 626/626/626 273/273/273
f 628/628/628 277/277/277 627/627/627
f 277/277/277 276/276/276 627/627/627
f 629/629/629 624/624/624 625/625/625
f 274/274/274 629/629/629 625/625/625
f 274/274/274 625/625/625 273/273/273
f 277/277/277 628/628/628 279/279/279
f 628/628/628 377/377/377 279/279/279
f 629/629/629 630/630/630 624/624/624
f 630/630/630 629/629/629 631/631/631
f 620/620/620 630/630/630 631/631/631
f 632/632/632 620/620/620 631/631/631
f 622/622/622 624/624/624 630/630/630
f 633/633/633 274/274/274 270/270/270
f 629/629/629 270/270/270 634/634/634
f 635/635/635 629/629/629 634/634/634
f 270/270/270 636/636/636 634/634/634
f 636/636/636 637/637/637 634/634/634
f 638/638/638 635/635/635 634/634/634
f 639/639/639 634/634/634 637/637/637
f 248/248/248 640/640/640 250/250/250
f 245/245/245 641/641/641 243/243/243
f 641/641/641 246/246/246 243/243/243
f 644/644/644 643/643/643 642/642/642
f 643/643/643 645/645/645 642/642/642
f 646/646/646 642/642/642 645/645/645
f 647/647/647 646/646/646 645/645/645
f 649/649/649 648/648/648 644/644/644
f 651/651/651 650/650/650 647/647/647
f 654/654/654 653/653/653 652/652/652
f 653/653/653 159/159/159 652/652/652
f 655/655/655 653/653/653 654/654/654
f 656/656/656 655/655/655 654/654/654
f 657/657/657 655/655/655 656/656/656
f 658/658/658 657/657/657 656/656/656
f 655/655/655 168/168/168 653/653/653
f 168/168/168 160/160/160 653/653/653
f 653/653/653 160/160/160 159/159/159
f 657/657/657 172/172/172 655/655/655
f 172/172/172 168/168/168 655/655/655
f 159/159/159 156/156/156 652/652/652
f 156/156/156 155/155/155 652/652/652
f 175/175/175 178/178/178 189/189/189
f 661/661/661 660/660/660 659/659/659
f 660/660/660 662/662/662 659/659/659
f 659/659/659 662/662/662 663/663/663
f 660/660/660 664/664/664 662/662/662
f 664/664/664 665/665/665 662/662/662
f 665/665/665 664/664/664 666/666/666
f 667/667/667 666/666/666 664/664/664
f 668/668/668 667/667/667 664/664/664
f 668/668/668 664/664/664 660/660/660
f 669/669/669 665/665/665 666/666/666
f 667/667/667 670/670/670 666/666/666
f 670/670/670 671/671/671 666/666/666
f 669/669/669 666/666/666 671/671/671
f 672/672/672 669/669/669 671/671/671
f 673/673/673 662/662/662 665/665/665
f 662/662/662 673/673/673 674/674/674
f 675/675/675 673/673/673 665/665/665
f 675/675/675 665/665/665 669/669/669
f 671/671/671 670/670/670 676/676/676
f 670/670/670 677/677/677 676/676/676
f 678/678/678 676/676/676 677/677/677
f 679/679/679 678/678/678 677/677/677
f 676/676/676 678/678/678 680/680/680
f 681/681/681 676/676/676 680/680/680
f 676/676/676 681/681/681 671/671/671
f 681/681/681 672/672/672 671/671/671
f 679/679/679 682/682/682 678/678/678
f 678/678/678 682/682/682 680/680/680
f 683/683/683 675/675/675 669/669/669
f 683/683/683 669/669/669 672/672/672
f 681/681/681 680/680/680 684/684/684
f 685/685/685 684/684/684 680/680/680
f 686/686/686 681/681/681 684/684/684
f 687/687/687 683/683/683 672/672/672
f 672/672/672 681/681/681 687/687/687
f 681/681/681 686/686/686 687/687/687
f 680/680/680 689/689/689 688/688/688
f 682/682/682 690/690/690 688/688/688
f 682/682/682 691/691/691 690/690/690
f 691/691/691 692/692/692 690/690/690
f 692/692/692 691/691/691 693/693/693
f 691/691/691 694/694/694 693/693/693
f 689/689/689 694/694/694 691/691/691
f 692/692/692 695/695/695 690/690/690
f 693/693/693 696/696/696 692/692/692
f 696/696/696 697/697/697 692/692/692
f 695/695/695 692/692/692 697/697/697
f 697/697/697 696/696/696 698/698/698
f 696/696/696 699/699/699 698/698/698
f 698/698/698 699/699/699 700/700/700
f 699/699/699 701/701/701 700/700/700
f 700/700/700 702/702/702 698/698/698
f 702/702/702 703/703/703 698/698/698
f 698/698/698 703/703/703 697/697/697
f 703/703/703 704/704/704 697/697/697
f 704/704/704 695/695/695 697/697/697
f 702/702/702 700/700/700 705/705/705
f 700/700/700 706/706/706 705/705/705
f 700/700/700 701/701/701 706/706/706
f 705/705/705 706/706/706 707/707/707
f 706/706/706 708/708/708 707/707/707
f 705/705/705 707/707/707 709/709/709
f 705/705/705 710/710/710 702/702/702
f 710/710/710 705/705/705 711/711/711
f 710/710/710 712/712/712 702/702/702
f 702/702/702 712/712/712 703/703/703
f 706/706/706 713/713/713 708/708/708
f 701/701/701 713/713/713 706/706/706
f 713/713/713 714/714/714 708/708/708
f 712/712/712 715/715/715 703/703/703
f 703/703/703 715/715/715 704/704/704
f 715/715/715 716/716/716 704/704/704
f 695/695/695 704/704/704 716/716/716
f 717/717/717 695/695/695 716/716/716
f 695/695/695 717/717/717 718/718/718
f 690/690/690 695/695/695 718/718/718
f 718/718/718 719/719/719 690/690/690
f 690/690/690 721/721/721 720/720/720
f 723/723/723 722/722/722 661/661/661
f 722/722/722 660/660/660 661/661/661
f 722/722/722 668/668/668 660/660/660
f 725/725/725 680/680/680 724/724/724
f 728/728/728 727/727/727 726/726/726
f 727/727/727 729/729/729 726/726/726
f 728/728/728 726/726/726 730/730/730
f 730/730/730 726/726/726 729/729/729
f 731/731/731 728/728/728 730/730/730
f 732/732/732 728/728/728 731/731/731
f 727/727/727 728/728/728 732/732/732
f 727/727/727 732/732/732 733/733/733
f 732/732/732 734/734/734 733/733/733
f 735/735/735 733/733/733 734/734/734
f 736/736/736 735/735/735 734/734/734
f 736/736/736 737/737/737 735/735/735
f 737/737/737 738/738/738 735/735/735
f 736/736/736 734/734/734 739/739/739
f 734/734/734 740/740/740 739/739/739
f 740/740/740 734/734/734 732/732/732
f 741/741/741 732/732/732 731/731/731
f 741/741/741 740/740/740 732/732/732
f 739/739/739 742/742/742 736/736/736
f 743/743/743 730/730/730 729/729/729
f 745/745/745 744/744/744 736/736/736
f 748/748/748 747/747/747 746/746/746
f 747/747/747 749/749/749 746/746/746
f 748/748/748 750/750/750 747/747/747
f 750/750/750 751/751/751 747/747/747
f 747/747/747 752/752/752 749/749/749
f 752/752/752 753/753/753 749/749/749
f 753/753/753 752/752/752 754/754/754
f 752/752/752 755/755/755 754/754/754
f 754/754/754 755/755/755 756/756/756
f 755/755/755 757/757/757 756/756/756
f 758/758/758 755/755/755 752/752/752
f 759/759/759 758/758/758 752/752/752
f 751/751/751 759/759/759 747/747/747
f 759/759/759 752/752/752 747/747/747
f 760/760/760 746/746/746 749/749/749
f 761/761/761 760/760/760 749/749/749
f 749/749/749 753/753/753 761/761/761
f 762/762/762 760/760/760 761/761/761
f 763/763/763 762/762/762 761/761/761
f 754/754/754 763/763/763 753/753/753
f 763/763/763 761/761/761 753/753/753
f 764/764/764 762/762/762 763/763/763
f 765/765/765 764/764/764 763/763/763
f 756/756/756 765/765/765 754/754/754
f 765/765/765 763/763/763 754/754/754
f 759/759/759 751/751/751 766/766/766
f 751/751/751 767/767/767 766/766/766
f 758/758/758 759/759/759 768/768/768
f 759/759/759 766/766/766 768/768/768
f 758/758/758 768/768/768 769/769/769
f 758/758/758 769/769/769 755/755/755
f 757/757/757 755/755/755 769/769/769
f 768/768/768 770/770/770 769/769/769
f 771/771/771 765/765/765 756/756/756
f 764/764/764 765/765/765 772/772/772
f 765/765/765 771/771/771 772/772/772
f 772/772/772 771/771/771 773/773/773
f 774/774/774 773/773/773 771/771/771
f 775/775/775 774/774/774 771/771/771
f 771/771/771 776/776/776 775/775/775
f 775/775/775 776/776/776 777/777/777
f 776/776/776 778/778/778 777/777/777
f 777/777/777 778/778/778 779/779/779
f 780/780/780 779/779/779 778/778/778
f 781/781/781 779/779/779 780/780/780
f 782/782/782 779/779/779 781/781/781
f 782/782/782 777/777/777 779/779/779
f 783/783/783 782/782/782 781/781/781
f 784/784/784 781/781/781 780/780/780
f 781/781/781 784/784/784 785/785/785
f 786/786/786 781/781/781 785/785/785
f 785/785/785 787/787/787 786/786/786
f 787/787/787 788/788/788 786/786/786
f 789/789/789 780/780/780 778/778/778
f 782/782/782 783/783/783 790/790/790
f 783/783/783 791/791/791 790/790/790
f 792/792/792 790/790/790 791/791/791
f 793/793/793 792/792/792 791/791/791
f 782/782/782 790/790/790 794/794/794
f 777/777/777 782/782/782 794/794/794
f 792/792/792 795/795/795 790/790/790
f 795/795/795 794/794/794 790/790/790
f 785/785/785 784/784/784 796/796/796
f 785/785/785 796/796/796 787/787/787
f 784/784/784 797/797/797 796/796/796
f 797/797/797 798/798/798 796/796/796
f 799/799/799 798/798/798 797/797/797
f 800/800/800 799/799/799 797/797/797
f 798/798/798 799/799/799 801/801/801
f 801/801/801 799/799/799 802/802/802
f 803/803/803 801/801/801 802/802/802
f 804/804/804 801/801/801 803/803/803
f 805/805/805 804/804/804 803/803/803
f 806/806/806 798/798/798 801/801/801
f 806/806/806 801/801/801 804/804/804
f 796/796/796 798/798/798 806/806/806
f 807/807/807 806/806/806 804/804/804
f 808/808/808 806/806/806 807/807/807
f 808/808/808 796/796/796 806/806/806
f 809/809/809 808/808/808 807/807/807
f 800/800/800 810/810/810 799/799/799
f 810/810/810 802/802/802 799/799/799
f 811/811/811 802/802/802 810/810/810
f 812/812/812 811/811/811 810/810/810
f 811/811/811 813/813/813 802/802/802
f 813/813/813 803/803/803 802/802/802
f 805/805/805 803/803/803 813/813/813
f 814/814/814 805/805/805 813/813/813
f 810/810/810 800/800/800 815/815/815
f 800/800/800 816/816/816 815/815/815
f 800/800/800 797/797/797 816/816/816
f 797/797/797 817/817/817 816/816/816
f 812/812/812 810/810/810 818/818/818
f 810/810/810 815/815/815 818/818/818
f 809/809/809 807/807/807 819/819/819
f 820/820/820 809/809/809 819/819/819
f 821/821/821 819/819/819 807/807/807
f 820/820/820 819/819/819 822/822/822
f 819/819/819 821/821/821 822/822/822
f 823/823/823 820/820/820 822/822/822
f 821/821/821 824/824/824 822/822/822
f 824/824/824 821/821/821 825/825/825
f 825/825/825 821/821/821 804/804/804
f 805/805/805 825/825/825 804/804/804
f 804/804/804 821/821/821 807/807/807
f 826/826/826 825/825/825 805/805/805
f 814/814/814 826/826/826 805/805/805
f 827/827/827 824/824/824 825/825/825
f 826/826/826 828/828/828 825/825/825
f 828/828/828 827/827/827 825/825/825
f 829/829/829 820/820/820 823/823/823
f 829/829/829 830/830/830 820/820/820
f 830/830/830 829/829/829 831/831/831
f 829/829/829 832/832/832 831/831/831
f 833/833/833 830/830/830 831/831/831
f 834/834/834 833/833/833 831/831/831
f 829/829/829 835/835/835 832/832/832
f 835/835/835 836/836/836 832/832/832
f 837/837/837 832/832/832 836/836/836
f 838/838/838 837/837/837 836/836/836
f 838/838/838 839/839/839 837/837/837
f 839/839/839 840/840/840 837/837/837
f 840/840/840 841/841/841 837/837/837
f 841/841/841 842/842/842 837/837/837
f 832/832/832 837/837/837 842/842/842
f 843/843/843 842/842/842 841/841/841
f 844/844/844 843/843/843 841/841/841
f 843/843/843 844/844/844 845/845/845
f 844/844/844 846/846/846 845/845/845
f 844/844/844 847/847/847 846/846/846
f 847/847/847 848/848/848 846/846/846
f 849/849/849 848/848/848 847/847/847
f 850/850/850 849/849/849 847/847/847
f 849/849/849 850/850/850 851/851/851
f 852/852/852 851/851/851 850/850/850
f 853/853/853 852/852/852 850/850/850
f 851/851/851 852/852/852 854/854/854
f 855/855/855 851/851/851 854/854/854
f 851/851/851 855/855/855 849/849/849
f 855/855/855 848/848/848 849/849/849
f 854/854/854 856/856/856 855/855/855
f 856/856/856 857/857/857 855/855/855
f 855/855/855 857/857/857 848/848/848
f 858/858/858 850/850/850 847/847/847
f 850/850/850 858/858/858 853/853/853
f 858/858/858 847/847/847 859/859/859
f 847/847/847 844/844/844 859/859/859
f 860/860/860 858/858/858 859/859/859
f 861/861/861 857/857/857 856/856/856
f 857/857/857 861/861/861 862/862/862
f 863/863/863 857/857/857 862/862/862
f 857/857/857 863/863/863 864/864/864
f 865/865/865 861/861/861 856/856/856
f 866/866/866 852/852/852 853/853/853
f 867/867/867 866/866/866 853/853/853
f 853/853/853 868/868/868 867/867/867
f 858/858/858 868/868/868 853/853/853
f 866/866/866 867/867/867 869/869/869
f 867/867/867 870/870/870 869/869/869
f 871/871/871 866/866/866 869/869/869
f 869/869/869 870/870/870 872/872/872
f 870/870/870 867/867/867 873/873/873
f 870/870/870 873/873/873 874/874/874
f 867/867/867 875/875/875 873/873/873
f 867/867/867 868/868/868 875/875/875
f 868/868/868 876/876/876 875/875/875
f 871/871/871 869/869/869 877/877/877
f 869/869/869 872/872/872 877/877/877
f 866/866/866 871/871/871 852/852/852
f 871/871/871 854/854/854 852/852/852
f 871/871/871 856/856/856 854/854/854
f 871/871/871 877/877/877 856/856/856
f 877/877/877 865/865/865 856/856/856
f 876/876/876 868/868/868 858/858/858
f 860/860/860 876/876/876 858/858/858
f 880/880/880 879/879/879 878/878/878
f 879/879/879 881/881/881 878/878/878
f 882/882/882 878/878/878 881/881/881
f 883/883/883 882/882/882 881/881/881
f 883/883/883 885/885/885 884/884/884
f 885/885/885 886/886/886 884/884/884
f 887/887/887 886/886/886 885/885/885
f 888/888/888 887/887/887 885/885/885
f 889/889/889 887/887/887 888/888/888
f 890/890/890 889/889/889 888/888/888
f 891/891/891 890/890/890 888/888/888
f 893/893/893 880/880/880 892/892/892
f 893/893/893 892/892/892 894/894/894
f 895/895/895 893/893/893 894/894/894
f 895/895/895 894/894/894 896/896/896
f 895/895/895 896/896/896 897/897/897
f 896/896/896 898/898/898 897/897/897
f 897/897/897 898/898/898 899/899/899
f 900/900/900 897/897/897 899/899/899
f 900/900/900 899/899/899 901/901/901
f 902/902/902 900/900/900 901/901/901
f 905/905/905 904/904/904 903/903/903
f 905/905/905 903/903/903 906/906/906
f 907/907/907 906/906/906 903/903/903
f 903/903/903 904/904/904 907/907/907
f 907/907/907 904/904/904 908/908/908
f 909/909/909 907/907/907 908/908/908
f 906/906/906 907/907/907 909/909/909
f 788/788/788 904/904/904 905/905/905
f 910/910/910 788/788/788 905/905/905
f 910/910/910 905/905/905 906/906/906
f 786/786/786 788/788/788 910/910/910
f 911/911/911 786/786/786 910/910/910
f 910/910/910 912/912/912 911/911/911
f 912/912/912 910/910/910 906/906/906
f 912/912/912 906/906/906 913/913/913
f 914/914/914 913/913/913 906/906/906
f 914/914/914 906/906/906 909/909/909
f 912/912/912 915/915/915 911/911/911
f 913/913/913 914/914/914 845/845/845
f 914/914/914 916/916/916 845/845/845
f 786/786/786 911/911/911 781/781/781
f 911/911/911 783/783/783 781/781/781
f 783/783/783 911/911/911 791/791/791
f 911/911/911 915/915/915 791/791/791
f 915/915/915 912/912/912 917/917/917
f 918/918/918 915/915/915 917/917/917
f 917/917/917 912/912/912 846/846/846
f 912/912/912 913/913/913 846/846/846
f 845/845/845 846/846/846 913/913/913
f 917/917/917 846/846/846 848/848/848
f 863/863/863 917/917/917 848/848/848
f 917/917/917 863/863/863 918/918/918
f 863/863/863 919/919/919 918/918/918
f 793/793/793 918/918/918 919/919/919
f 918/918/918 793/793/793 915/915/915
f 793/793/793 791/791/791 915/915/915
f 920/920/920 793/793/793 919/919/919
f 919/919/919 863/863/863 862/862/862
f 921/921/921 919/919/919 862/862/862
f 920/920/920 922/922/922 793/793/793
f 922/922/922 792/792/792 793/793/793
f 922/922/922 920/920/920 923/923/923
f 920/920/920 924/924/924 923/923/923
f 921/921/921 924/924/924 919/919/919
f 924/924/924 920/920/920 919/919/919
f 922/922/922 923/923/923 925/925/925
f 926/926/926 922/922/922 925/925/925
f 792/792/792 922/922/922 926/926/926
f 926/926/926 925/925/925 927/927/927
f 925/925/925 928/928/928 927/927/927
f 795/795/795 792/792/792 926/926/926
f 795/795/795 926/926/926 929/929/929
f 926/926/926 927/927/927 929/929/929
f 795/795/795 929/929/929 794/794/794
f 929/929/929 775/775/775 794/794/794
f 794/794/794 775/775/775 777/777/777
f 775/775/775 929/929/929 930/930/930
f 927/927/927 930/930/930 929/929/929
f 774/774/774 775/775/775 930/930/930
f 927/927/927 931/931/931 930/930/930
f 931/931/931 927/927/927 932/932/932
f 927/927/927 933/933/933 932/932/932
f 927/927/927 934/934/934 933/933/933
f 934/934/934 935/935/935 933/933/933
f 935/935/935 936/936/936 933/933/933
f 931/931/931 937/937/937 930/930/930
f 774/774/774 930/930/930 938/938/938
f 930/930/930 937/937/937 938/938/938
f 940/940/940 939/939/939 932/932/932
f 774/774/774 941/941/941 773/773/773
f 941/941/941 942/942/942 773/773/773
f 943/943/943 941/941/941 774/774/774
f 944/944/944 943/943/943 774/774/774
f 945/945/945 942/942/942 941/941/941
f 946/946/946 941/941/941 943/943/943
f 949/949/949 948/948/948 947/947/947
f 948/948/948 916/916/916 947/947/947
f 947/947/947 916/916/916 914/914/914
f 909/909/909 947/947/947 914/914/914
f 947/947/947 909/909/909 950/950/950
f 949/949/949 947/947/947 950/950/950
f 909/909/909 908/908/908 950/950/950
f 950/950/950 908/908/908 951/951/951
f 908/908/908 904/904/904 951/951/951
f 833/833/833 950/950/950 951/951/951
f 951/951/951 904/904/904 788/788/788
f 787/787/787 951/951/951 788/788/788
f 834/834/834 949/949/949 950/950/950
f 950/950/950 833/833/833 834/834/834
f 948/948/948 845/845/845 916/916/916
f 948/948/948 949/949/949 843/843/843
f 948/948/948 843/843/843 845/845/845
f 949/949/949 952/952/952 843/843/843
f 952/952/952 949/949/949 834/834/834
f 951/951/951 787/787/787 808/808/808
f 833/833/833 951/951/951 808/808/808
f 787/787/787 796/796/796 808/808/808
f 808/808/808 809/809/809 833/833/833
f 809/809/809 830/830/830 833/833/833
f 830/830/830 809/809/809 820/820/820
f 831/831/831 952/952/952 834/834/834
f 842/842/842 843/843/843 952/952/952
f 831/831/831 832/832/832 952/952/952
f 832/832/832 842/842/842 952/952/952
f 955/955/955 954/954/954 953/953/953
f 955/955/955 953/953/953 956/956/956
f 953/953/953 957/957/957 956/956/956
f 957/957/957 958/958/958 956/956/956
f 959/959/959 955/955/955 956/956/956
f 958/958/958 960/960/960 956/956/956
f 956/956/956 961/961/961 959/959/959
f 960/960/960 958/958/958 962/962/962
f 958/958/958 963/963/963 962/962/962
f 963/963/963 964/964/964 962/962/962
f 964/964/964 965/965/965 962/962/962
f 966/966/966 965/965/965 964/964/964
f 965/965/965 967/967/967 962/962/962
f 968/968/968 962/962/962 967/967/967
f 970/970/970 953/953/953 969/969/969
f 970/970/970 969/969/969 971/971/971
f 953/953/953 972/972/972 969/969/969
f 974/974/974 971/971/971 973/973/973
f 975/975/975 974/974/974 973/973/973
f 971/971/971 976/976/976 973/973/973
f 973/973/973 977/977/977 975/975/975
f 979/979/979 978/978/978 973/973/973
f 978/978/978 980/980/980 973/973/973
f 969/969/969 982/982/982 981/981/981
f 983/983/983 982/982/982 969/969/969
f 983/983/983 969/969/969 984/984/984
f 986/986/986 971/971/971 985/985/985
f 986/986/986 985/985/985 987/987/987
f 981/981/981 988/988/988 985/985/985
f 990/990/990 987/987/987 989/989/989
f 991/991/991 990/990/990 989/989/989
f 989/989/989 992/992/992 991/991/991
f 989/989/989 994/994/994 993/993/993
f 993/993/993 995/995/995 989/989/989
f 997/997/997 996/996/996 993/993/993
f 999/999/999 997/997/997 998/998/998
f 1001/1001/1001 1000/1000/1000 998/998/998
f 998/998/998 1002/1002/1002 1001/1001/1001
f 1004/1004/1004 1001/1001/1001 1003/1003/1003
f 1005/1005/1005 1004/1004/1004 1003/1003/1003
f 1005/1005/1005 1006/1006/1006 1004/1004/1004
f 1001/1001/1001 1007/1007/1007 1003/1003/1003
f 1009/1009/1009 1008/1008/1008 1005/1005/1005
f 1008/1008/1008 1011/1011/1011 1010/1010/1010
f 1013/1013/1013 1010/1010/1010 1012/1012/1012
f 1012/1012/1012 1010/1010/1010 1014/1014/1014
f 1015/1015/1015 1012/1012/1012 1014/1014/1014
f 1016/1016/1016 1015/1015/1015 1014/1014/1014
f 1018/1018/1018 1015/1015/1015 1017/1017/1017
f 1019/1019/1019 1017/1017/1017 1015/1015/1015
f 1021/1021/1021 1020/1020/1020 1017/1017/1017
f 1023/1023/1023 1021/1021/1021 1022/1022/1022
f 1025/1025/1025 1024/1024/1024 1022/1022/1022
f 1026/1026/1026 1022/1022/1022 1024/1024/1024
f 1028/1028/1028 1027/1027/1027 1024/1024/1024
f 1027/1027/1027 1029/1029/1029 1024/1024/1024
f 1030/1030/1030 1024/1024/1024 1029/1029/1029
f 1032/1032/1032 1031/1031/1031 1028/1028/1028
f 1033/1033/1033 1031/1031/1031 1032/1032/1032
f 1033/1033/1033 1035/1035/1035 1034/1034/1034
f 1035/1035/1035 1036/1036/1036 1034/1034/1034
f 1037/1037/1037 1033/1033/1033 1034/1034/1034
f 1038/1038/1038 1034/1034/1034 1036/1036/1036
f 1040/1040/1040 1039/1039/1039 1034/1034/1034
f 1041/1041/1041 1040/1040/1040 1034/1034/1034
f 1043/1043/1043 1042/1042/1042 1033/1033/1033
f 964/964/964 1042/1042/1042 1043/1043/1043
f 1044/1044/1044 964/964/964 1043/1043/1043
f 1046/1046/1046 1043/1043/1043 1045/1045/1045
f 1046/1046/1046 1047/1047/1047 1043/1043/1043
f 1043/1043/1043 1047/1047/1047 1048/1048/1048
f 1049/1049/1049 1045/1045/1045 1032/1032/1032
f 1051/1051/1051 1032/1032/1032 1050/1050/1050
f 1053/1053/1053 1052/1052/1052 1032/1032/1032
f 1032/1032/1032 1052/1052/1052 1054/1054/1054
f 1057/1057/1057 1056/1056/1056 1055/1055/1055
f 1056/1056/1056 789/789/789 1055/1055/1055
f 770/770/770 1057/1057/1057 1055/1055/1055
f 769/769/769 770/770/770 1055/1055/1055
f 780/780/780 789/789/789 1056/1056/1056
f 1058/1058/1058 780/780/780 1056/1056/1056
f 780/780/780 1058/1058/1058 784/784/784
f 1058/1058/1058 1059/1059/1059 784/784/784
f 784/784/784 1059/1059/1059 797/797/797
f 1059/1059/1059 1060/1060/1060 797/797/797
f 1055/1055/1055 789/789/789 757/757/757
f 1055/1055/1055 757/757/757 769/769/769
f 789/789/789 778/778/778 757/757/757
f 757/757/757 778/778/778 776/776/776
f 756/756/756 757/757/757 776/776/776
f 776/776/776 771/771/771 756/756/756
f 844/844/844 841/841/841 859/859/859
f 840/840/840 859/859/859 841/841/841
f 1061/1061/1061 859/859/859 840/840/840
f 1062/1062/1062 1061/1061/1061 840/840/840
f 1062/1062/1062 1063/1063/1063 1061/1061/1061
f 840/840/840 839/839/839 1064/1064/1064
f 839/839/839 1065/1065/1065 1064/1064/1064
f 1067/1067/1067 1066/1066/1066 1064/1064/1064
f 1065/1065/1065 1069/1069/1069 1068/1068/1068
f 1069/1069/1069 1070/1070/1070 1068/1068/1068
f 1070/1070/1070 1069/1069/1069 1071/1071/1071
f 1072/1072/1072 1070/1070/1070 1071/1071/1071
f 1073/1073/1073 1072/1072/1072 1071/1071/1071
f 1073/1073/1073 1074/1074/1074 1072/1072/1072
f 1074/1074/1074 1075/1075/1075 1072/1072/1072
f 1075/1075/1075 1074/1074/1074 1076/1076/1076
f 1077/1077/1077 1075/1075/1075 1076/1076/1076
f 1078/1078/1078 1075/1075/1075 1077/1077/1077
f 1079/1079/1079 1078/1078/1078 1077/1077/1077
f 1079/1079/1079 1080/1080/1080 1078/1078/1078
f 1080/1080/1080 1081/1081/1081 1078/1078/1078
f 1081/1081/1081 1080/1080/1080 1082/1082/1082
f 1082/1082/1082 1083/1083/1083 1081/1081/1081
f 1083/1083/1083 1084/1084/1084 1081/1081/1081
f 1083/1083/1083 1082/1082/1082 1085/1085/1085
f 1082/1082/1082 1086/1086/1086 1085/1085/1085
f 1079/1079/1079 1086/1086/1086 1080/1080/1080
f 1086/1086/1086 1082/1082/1082 1080/1080/1080
f 1087/1087/1087 1085/1085/1085 1086/1086/1086
f 1088/1088/1088 1087/1087/1087 1086/1086/1086
f 1088/1088/1088 1086/1086/1086 1079/1079/1079
f 1081/1081/1081 1089/1089/1089 1078/1078/1078
f 1089/1089/1089 1081/1081/1081 1084/1084/1084
f 1078/1078/1078 1089/1089/1089 1090/1090/1090
f 1075/1075/1075 1078/1078/1078 1090/1090/1090
f 1089/1089/1089 1091/1091/1091 1090/1090/1090
f 1088/1088/1088 1092/1092/1092 1087/1087/1087
f 1092/1092/1092 1088/1088/1088 1093/1093/1093
f 1088/1088/1088 1094/1094/1094 1093/1093/1093
f 1094/1094/1094 1088/1088/1088 1095/1095/1095
f 1092/1092/1092 1096/1096/1096 1087/1087/1087
f 1083/1083/1083 1097/1097/1097 1084/1084/1084
f 1097/1097/1097 1098/1098/1098 1084/1084/1084
f 1099/1099/1099 1084/1084/1084 1098/1098/1098
f 1099/1099/1099 1089/1089/1089 1084/1084/1084
f 1098/1098/1098 1097/1097/1097 1100/1100/1100
f 1101/1101/1101 1098/1098/1098 1100/1100/1100
f 1097/1097/1097 1102/1102/1102 1100/1100/1100
f 1101/1101/1101 1100/1100/1100 1103/1103/1103
f 1098/1098/1098 1101/1101/1101 1104/1104/1104
f 1104/1104/1104 1101/1101/1101 1105/1105/1105
f 1106/1106/1106 1098/1098/1098 1104/1104/1104
f 1099/1099/1099 1098/1098/1098 1106/1106/1106
f 1107/1107/1107 1099/1099/1099 1106/1106/1106
f 1103/1103/1103 1100/1100/1100 1108/1108/1108
f 1100/1100/1100 1102/1102/1102 1108/1108/1108
f 1102/1102/1102 1097/1097/1097 1083/1083/1083
f 1085/1085/1085 1102/1102/1102 1083/1083/1083
f 1087/1087/1087 1102/1102/1102 1085/1085/1085
f 1096/1096/1096 1108/1108/1108 1087/1087/1087
f 1108/1108/1108 1102/1102/1102 1087/1087/1087
f 1099/1099/1099 1107/1107/1107 1089/1089/1089
f 1107/1107/1107 1091/1091/1091 1089/1089/1089
f 750/750/750 1109/1109/1109 751/751/751
f 1109/1109/1109 767/767/767 751/751/751
f 835/835/835 829/829/829 823/823/823
f 1112/1112/1112 1111/1111/1111 1110/1110/1110
f 1111/1111/1111 1114/1114/1114 1113/1113/1113
f 1111/1111/1111 1115/1115/1115 1114/1114/1114
f 1115/1115/1115 1116/1116/1116 1114/1114/1114
f 1111/1111/1111 1117/1117/1117 1115/1115/1115
f 1118/1118/1118 1116/1116/1116 1115/1115/1115
f 1118/1118/1118 1115/1115/1115 1119/1119/1119
f 1120/1120/1120 1119/1119/1119 1115/1115/1115
f 1120/1120/1120 1111/1111/1111 1121/1121/1121
f 1111/1111/1111 1122/1122/1122 1121/1121/1121
f 1123/1123/1123 1120/1120/1120 1121/1121/1121
f 1124/1124/1124 1123/1123/1123 1121/1121/1121
f 1121/1121/1121 1125/1125/1125 1124/1124/1124
f 1113/1113/1113 1127/1127/1127 1126/1126/1126
f 1129/1129/1129 1128/1128/1128 1121/1121/1121
f 225/225/225 1130/1130/1130 224/224/224
f 224/224/224 616/616/616 1131/1131/1131
f 616/616/616 1132/1132/1132 1131/1131/1131
f 1133/1133/1133 224/224/224 1131/1131/1131
f 1134/1134/1134 1133/1133/1133 1131/1131/1131
f 1132/1132/1132 1135/1135/1135 1131/1131/1131
f 1131/1131/1131 1136/1136/1136 1134/1134/1134
f 1137/1137/1137 500/500/500 201/201/201
f 1137/1137/1137 201/201/201 1138/1138/1138
f 201/201/201 1139/1139/1139 1138/1138/1138
f 201/201/201 1140/1140/1140 1139/1139/1139
f 1140/1140/1140 1141/1141/1141 1139/1139/1139
f 1142/1142/1142 1139/1139/1139 1141/1141/1141
f 1144/1144/1144 1143/1143/1143 1139/1139/1139
f 1147/1147/1147 1146/1146/1146 1145/1145/1145
f 1146/1146/1146 1147/1147/1147 1148/1148/1148
f 1147/1147/1147 1149/1149/1149 1148/1148/1148
f 1149/1149/1149 1147/1147/1147 1150/1150/1150
f 1147/1147/1147 1151/1151/1151 1150/1150/1150
f 1150/1150/1150 1152/1152/1152 1149/1149/1149
f 1149/1149/1149 1152/1152/1152 1153/1153/1153
f 1151/1151/1151 1155/1155/1155 1154/1154/1154
f 1155/1155/1155 1156/1156/1156 1154/1154/1154
f 1151/1151/1151 1157/1157/1157 1155/1155/1155
f 1159/1159/1159 1158/1158/1158 1155/1155/1155
f 1160/1160/1160 1155/1155/1155 1158/1158/1158
f 1162/1162/1162 1161/1161/1161 1155/1155/1155
f 1164/1164/1164 1154/1154/1154 1163/1163/1163
f 1166/1166/1166 1165/1165/1165 1163/1163/1163
f 1165/1165/1165 1166/1166/1166 1167/1167/1167
f 1163/1163/1163 1168/1168/1168 1166/1166/1166
f 1166/1166/1166 1168/1168/1168 1167/1167/1167
f 1170/1170/1170 1169/1169/1169 1167/1167/1167
f 1172/1172/1172 1170/1170/1170 1171/1171/1171
f 1170/1170/1170 1173/1173/1173 1171/1171/1171
f 1174/1174/1174 1173/1173/1173 1170/1170/1170
f 1175/1175/1175 1174/1174/1174 1170/1170/1170
f 1176/1176/1176 1171/1171/1171 1173/1173/1173
f 1177/1177/1177 1173/1173/1173 1174/1174/1174
f 1179/1179/1179 1164/1164/1164 1178/1178/1178
f 1181/1181/1181 1180/1180/1180 1178/1178/1178
f 1182/1182/1182 1151/1151/1151 1178/1178/1178
f 1151/1151/1151 1183/1183/1183 1178/1178/1178
f 1178/1178/1178 1184/1184/1184 1182/1182/1182
f 1186/1186/1186 1185/1185/1185 1178/1178/1178
f 1189/1189/1189 1188/1188/1188 1187/1187/1187
f 1188/1188/1188 1190/1190/1190 1187/1187/1187
f 1192/1192/1192 1187/1187/1187 1191/1191/1191
f 1193/1193/1193 1192/1192/1192 1191/1191/1191
f 1195/1195/1195 1194/1194/1194 1193/1193/1193
f 1194/1194/1194 1196/1196/1196 1193/1193/1193
f 1193/1193/1193 1197/1197/1197 1195/1195/1195
f 1199/1199/1199 1198/1198/1198 1193/1193/1193
f 1202/1202/1202 1201/1201/1201 1200/1200/1200
f 1201/1201/1201 1202/1202/1202 1203/1203/1203
f 1204/1204/1204 1201/1201/1201 1203/1203/1203
f 1202/1202/1202 1205/1205/1205 1203/1203/1203
f 1201/1201/1201 1207/1207/1207 1206/1206/1206
f 1209/1209/1209 1208/1208/1208 1202/1202/1202
f 1212/1212/1212 1211/1211/1211 1210/1210/1210
f 1214/1214/1214 1213/1213/1213 1210/1210/1210
f 1213/1213/1213 1215/1215/1215 1210/1210/1210
f 1210/1210/1210 1215/1215/1215 1216/1216/1216
f 1217/1217/1217 1210/1210/1210 1216/1216/1216
f 1218/1218/1218 1217/1217/1217 1216/1216/1216
f 1220/1220/1220 199/199/199 1219/1219/1219
f 199/199/199 1222/1222/1222 1221/1221/1221
f 1223/1223/1223 1222/1222/1222 199/199/199
f 1224/1224/1224 1223/1223/1223 199/199/199
f 1225/1225/1225 1219/1219/1219 1222/1222/1222
f 1226/1226/1226 1222/1222/1222 1223/1223/1223
f 1229/1229/1229 1228/1228/1228 1227/1227/1227
f 1228/1228/1228 1230/1230/1230 1227/1227/1227
f 1231/1231/1231 1230/1230/1230 1228/1228/1228
f 1233/1233/1233 1228/1228/1228 1232/1232/1232
f 1234/1234/1234 1233/1233/1233 1232/1232/1232
f 1235/1235/1235 1228/1228/1228 1233/1233/1233
f 985/985/985 1237/1237/1237 1236/1236/1236
f 1239/1239/1239 1238/1238/1238 985/985/985
f 1239/1239/1239 985/985/985 1240/1240/1240
f 1243/1243/1243 1242/1242/1242 1241/1241/1241
f 1242/1242/1242 1244/1244/1244 1241/1241/1241
f 1244/1244/1244 1245/1245/1245 1241/1241/1241
f 1245/1245/1245 1246/1246/1246 1241/1241/1241
f 1241/1241/1241 1247/1247/1247 1243/1243/1243
f 1246/1246/1246 1248/1248/1248 1241/1241/1241
f 1250/1250/1250 1242/1242/1242 1249/1249/1249
f 1242/1242/1242 1251/1251/1251 1249/1249/1249
f 1250/1250/1250 1249/1249/1249 1252/1252/1252
f 1253/1253/1253 1250/1250/1250 1252/1252/1252
f 1242/1242/1242 1250/1250/1250 1254/1254/1254
f 1242/1242/1242 1254/1254/1254 1255/1255/1255
f 1250/1250/1250 1256/1256/1256 1254/1254/1254
f 1257/1257/1257 1254/1254/1254 1256/1256/1256
f 1257/1257/1257 1258/1258/1258 1254/1254/1254
f 1254/1254/1254 1258/1258/1258 1259/1259/1259
f 1260/1260/1260 1250/1250/1250 1253/1253/1253
f 1261/1261/1261 1260/1260/1260 1253/1253/1253
f 1261/1261/1261 1253/1253/1253 1262/1262/1262
f 1264/1264/1264 1263/1263/1263 1249/1249/1249
f 1249/1249/1249 1263/1263/1263 1265/1265/1265
f 1263/1263/1263 1264/1264/1264 1266/1266/1266
f 1263/1263/1263 1266/1266/1266 1267/1267/1267
f 1269/1269/1269 1262/1262/1262 1268/1268/1268
f 1262/1262/1262 1271/1271/1271 1270/1270/1270
f 1272/1272/1272 1271/1271/1271 1262/1262/1262
f 1274/1274/1274 1273/1273/1273 1262/1262/1262
f 1276/1276/1276 1262/1262/1262 1275/1275/1275
f 1278/1278/1278 1269/1269/1269 1277/1277/1277
f 1269/1269/1269 1279/1279/1279 1277/1277/1277
f 1277/1277/1277 1280/1280/1280 1278/1278/1278
f 1282/1282/1282 1281/1281/1281 1277/1277/1277
f 1281/1281/1281 1283/1283/1283 1277/1277/1277
f 1283/1283/1283 1284/1284/1284 1277/1277/1277
f 1286/1286/1286 928/928/928 1285/1285/1285
f 1286/1286/1286 927/927/927 928/928/928
f 1289/1289/1289 1288/1288/1288 1287/1287/1287
f 1288/1288/1288 1290/1290/1290 1287/1287/1287
f 1291/1291/1291 1287/1287/1287 1290/1290/1290
f 1293/1293/1293 1292/1292/1292 772/772/772
f 1295/1295/1295 1294/1294/1294 772/772/772
f 1296/1296/1296 1294/1294/1294 1295/1295/1295
f 1299/1299/1299 1298/1298/1298 1297/1297/1297
f 1298/1298/1298 1300/1300/1300 1297/1297/1297
f 1298/1298/1298 1301/1301/1301 1300/1300/1300
f 1301/1301/1301 1302/1302/1302 1300/1300/1300
f 1300/1300/1300 1303/1303/1303 1297/1297/1297
f 1304/1304/1304 1303/1303/1303 1300/1300/1300
f 1306/1306/1306 1305/1305/1305 1302/1302/1302
f 1308/1308/1308 1298/1298/1298 1307/1307/1307
f 1298/1298/1298 1309/1309/1309 1307/1307/1307
f 1311/1311/1311 1310/1310/1310 1307/1307/1307
f 1310/1310/1310 1312/1312/1312 1307/1307/1307
f 1307/1307/1307 1313/1313/1313 1311/1311/1311
f 1315/1315/1315 1314/1314/1314 1307/1307/1307
f 1318/1318/1318 1317/1317/1317 1316/1316/1316
f 1317/1317/1317 1320/1320/1320 1319/1319/1319
f 1321/1321/1321 1320/1320/1320 1317/1317/1317
f 1323/1323/1323 540/540/540 1322/1322/1322
f 540/540/540 1324/1324/1324 1322/1322/1322
f 1325/1325/1325 1322/1322/1322 1324/1324/1324
f 1327/1327/1327 1323/1323/1323 1326/1326/1326
f 1323/1323/1323 1328/1328/1328 1326/1326/1326
f 1329/1329/1329 1326/1326/1326 1328/1328/1328
f 1326/1326/1326 1330/1330/1330 528/528/528
f 1332/1332/1332 1331/1331/1331 1326/1326/1326
f 1324/1324/1324 549/549/549 1333/1333/1333
f 549/549/549 1334/1334/1334 1333/1333/1333
f 1333/1333/1333 1336/1336/1336 1335/1335/1335
f 1338/1338/1338 1334/1334/1334 1337/1337/1337
f 1334/1334/1334 1339/1339/1339 1337/1337/1337
f 1337/1337/1337 1340/1340/1340 1338/1338/1338
f 1342/1342/1342 1337/1337/1337 1341/1341/1341
f 1341/1341/1341 557/557/557 560/560/560
f 1343/1343/1343 557/557/557 1341/1341/1341
f 1345/1345/1345 1344/1344/1344 1337/1337/1337
f 562/562/562 1346/1346/1346 560/560/560
f 1346/1346/1346 1347/1347/1347 560/560/560
f 1347/1347/1347 1346/1346/1346 370/370/370
f 370/370/370 1346/1346/1346 367/367/367
f 1346/1346/1346 366/366/366 367/367/367
f 1348/1348/1348 1347/1347/1347 370/370/370
f 372/372/372 1348/1348/1348 370/370/370
f 1349/1349/1349 560/560/560 1347/1347/1347
f 1350/1350/1350 1349/1349/1349 1347/1347/1347
f 1347/1347/1347 1348/1348/1348 1350/1350/1350
f 562/562/562 365/365/365 1346/1346/1346
f 365/365/365 366/366/366 1346/1346/1346
f 1348/1348/1348 1351/1351/1351 1350/1350/1350
f 372/372/372 375/375/375 1348/1348/1348
f 375/375/375 1351/1351/1351 1348/1348/1348
f 530/530/530 1352/1352/1352 517/517/517
f 1354/1354/1354 536/536/536 1353/1353/1353
f 536/536/536 1355/1355/1355 1353/1353/1353
f 1353/1353/1353 1356/1356/1356 1354/1354/1354
f 1355/1355/1355 536/536/536 1357/1357/1357
f 536/536/536 1358/1358/1358 1357/1357/1357
f 1356/1356/1356 1359/1359/1359 1354/1354/1354
f 1360/1360/1360 536/536/536 1359/1359/1359
f 547/547/547 1354/1354/1354 1359/1359/1359
f 547/547/547 1360/1360/1360 1361/1361/1361
f 1362/1362/1362 547/547/547 1361/1361/1361
f 1364/1364/1364 1357/1357/1357 1363/1363/1363
f 1361/1361/1361 1366/1366/1366 1365/1365/1365
f 1368/1368/1368 1367/1367/1367 537/537/537
f 1369/1369/1369 213/213/213 211/211/211
f 1370/1370/1370 1369/1369/1369 211/211/211
f 1371/1371/1371 1370/1370/1370 211/211/211
f 1371/1371/1371 211/211/211 208/208/208
f 207/207/207 1371/1371/1371 208/208/208
f 1370/1370/1370 1371/1371/1371 516/516/516
f 1371/1371/1371 514/514/514 516/516/516
f 516/516/516 1372/1372/1372 1370/1370/1370
f 1372/1372/1372 1373/1373/1373 1370/1370/1370
f 1369/1369/1369 1370/1370/1370 1373/1373/1373
f 207/207/207 206/206/206 1371/1371/1371
f 206/206/206 514/514/514 1371/1371/1371
f 1374/1374/1374 1369/1369/1369 1373/1373/1373
f 1374/1374/1374 216/216/216 1369/1369/1369
f 216/216/216 213/213/213 1369/1369/1369
f 1377/1377/1377 1376/1376/1376 1375/1375/1375
f 1376/1376/1376 1378/1378/1378 1375/1375/1375
f 1377/1377/1377 1379/1379/1379 1376/1376/1376
f 1375/1375/1375 1378/1378/1378 1380/1380/1380
f 1378/1378/1378 1381/1381/1381 1380/1380/1380
f 1381/1381/1381 1382/1382/1382 1380/1380/1380
f 1385/1385/1385 1384/1384/1384 1383/1383/1383
f 1384/1384/1384 1386/1386/1386 1383/1383/1383
f 1384/1384/1384 1387/1387/1387 1386/1386/1386
f 1387/1387/1387 1388/1388/1388 1386/1386/1386
f 1388/1388/1388 1387/1387/1387 1389/1389/1389
f 1387/1387/1387 416/416/416 1389/1389/1389
f 444/444/444 1384/1384/1384 1385/1385/1385
f 445/445/445 444/444/444 1385/1385/1385
f 444/444/444 447/447/447 1384/1384/1384
f 447/447/447 1387/1387/1387 1384/1384/1384
f 416/416/416 1387/1387/1387 447/447/447
f 417/417/417 416/416/416 447/447/447
f 1385/1385/1385 1383/1383/1383 1390/1390/1390
f 1391/1391/1391 1385/1385/1385 1390/1390/1390
f 445/445/445 1385/1385/1385 1391/1391/1391
f 1390/1390/1390 1392/1392/1392 1391/1391/1391
f 1392/1392/1392 1393/1393/1393 1391/1391/1391
f 1394/1394/1394 1391/1391/1391 1393/1393/1393
f 1394/1394/1394 445/445/445 1391/1391/1391
f 1395/1395/1395 1394/1394/1394 1393/1393/1393
f 1392/1392/1392 1396/1396/1396 1393/1393/1393
f 1396/1396/1396 1397/1397/1397 1393/1393/1393
f 1393/1393/1393 1397/1397/1397 1395/1395/1395
f 1397/1397/1397 1398/1398/1398 1395/1395/1395
f 1396/1396/1396 1399/1399/1399 1397/1397/1397
f 1399/1399/1399 1400/1400/1400 1397/1397/1397
f 1397/1397/1397 1400/1400/1400 1398/1398/1398
f 1394/1394/1394 1395/1395/1395 1401/1401/1401
f 1395/1395/1395 1402/1402/1402 1401/1401/1401
f 1395/1395/1395 1398/1398/1398 1402/1402/1402
f 1401/1401/1401 1402/1402/1402 1403/1403/1403
f 1404/1404/1404 1401/1401/1401 1403/1403/1403
f 1404/1404/1404 1403/1403/1403 1405/1405/1405
f 1406/1406/1406 1404/1404/1404 1405/1405/1405
f 1406/1406/1406 1405/1405/1405 1407/1407/1407
f 1408/1408/1408 1406/1406/1406 1407/1407/1407
f 1407/1407/1407 1405/1405/1405 1409/1409/1409
f 1405/1405/1405 1410/1410/1410 1409/1409/1409
f 1405/1405/1405 1403/1403/1403 1410/1410/1410
f 1403/1403/1403 1411/1411/1411 1410/1410/1410
f 1403/1403/1403 1402/1402/1402 1411/1411/1411
f 1402/1402/1402 1412/1412/1412 1411/1411/1411
f 1398/1398/1398 1412/1412/1412 1402/1402/1402
f 1409/1409/1409 1410/1410/1410 1413/1413/1413
f 1410/1410/1410 1414/1414/1414 1413/1413/1413
f 1410/1410/1410 1411/1411/1411 1415/1415/1415
f 1411/1411/1411 1416/1416/1416 1415/1415/1415
f 1411/1411/1411 1412/1412/1412 1416/1416/1416
f 1412/1412/1412 1417/1417/1417 1416/1416/1416
f 1409/1409/1409 1418/1418/1418 1407/1407/1407
f 1409/1409/1409 1413/1413/1413 1418/1418/1418
f 1418/1418/1418 1419/1419/1419 1407/1407/1407
f 1407/1407/1407 1419/1419/1419 1408/1408/1408
f 1419/1419/1419 1418/1418/1418 1420/1420/1420
f 1421/1421/1421 1419/1419/1419 1420/1420/1420
f 1419/1419/1419 1421/1421/1421 1408/1408/1408
f 1422/1422/1422 1421/1421/1421 1420/1420/1420
f 1418/1418/1418 1423/1423/1423 1420/1420/1420
f 1418/1418/1418 1424/1424/1424 1423/1423/1423
f 1413/1413/1413 1424/1424/1424 1418/1418/1418
f 1424/1424/1424 1425/1425/1425 1423/1423/1423
f 1426/1426/1426 1417/1417/1417 1412/1412/1412
f 1398/1398/1398 1426/1426/1426 1412/1412/1412
f 1427/1427/1427 1426/1426/1426 1398/1398/1398
f 1421/1421/1421 1422/1422/1422 456/456/456
f 453/453/453 1421/1421/1421 456/456/456
f 1421/1421/1421 453/453/453 454/454/454
f 1408/1408/1408 1421/1421/1421 454/454/454
f 454/454/454 440/440/440 1408/1408/1408
f 439/439/439 440/440/440 454/454/454
f 452/452/452 439/439/439 454/454/454
f 437/437/437 439/439/439 452/452/452
f 449/449/449 437/437/437 452/452/452
f 440/440/440 1406/1406/1406 1408/1408/1408
f 1406/1406/1406 440/440/440 441/441/441
f 1404/1404/1404 1406/1406/1406 441/441/441
f 441/441/441 443/443/443 1404/1404/1404
f 443/443/443 1401/1401/1401 1404/1404/1404
f 1401/1401/1401 443/443/443 1394/1394/1394
f 443/443/443 445/445/445 1394/1394/1394
f 309/309/309 285/285/285 292/292/292
f 309/309/309 292/292/292 294/294/294
f 1429/1429/1429 385/385/385 1428/1428/1428
f 385/385/385 1430/1430/1430 1428/1428/1428
f 385/385/385 1429/1429/1429 382/382/382
f 1429/1429/1429 381/381/381 382/382/382
f 385/385/385 386/386/386 1430/1430/1430
f 386/386/386 399/399/399 1430/1430/1430
f 1429/1429/1429 1428/1428/1428 374/374/374
f 373/373/373 1429/1429/1429 374/374/374
f 1429/1429/1429 373/373/373 381/381/381
f 266/266/266 1432/1432/1432 1431/1431/1431
f 462/462/462 1433/1433/1433 464/464/464
f 1434/1434/1434 468/468/468 464/464/464
f 462/462/462 470/470/470 1435/1435/1435
f 470/470/470 1436/1436/1436 1435/1435/1435
f 1437/1437/1437 403/403/403 405/405/405
f 401/401/401 1438/1438/1438 398/398/398
f 1438/1438/1438 400/400/400 398/398/398
f 1441/1441/1441 1440/1440/1440 1439/1439/1439
f 1440/1440/1440 1442/1442/1442 1439/1439/1439
f 1439/1439/1439 1443/1443/1443 1441/1441/1441
f 1443/1443/1443 1444/1444/1444 1441/1441/1441
f 1446/1446/1446 1445/1445/1445 1442/1442/1442
f 1448/1448/1448 1447/1447/1447 1444/1444/1444
f 319/319/319 1450/1450/1450 1449/1449/1449
f 1450/1450/1450 1451/1451/1451 1449/1449/1449
f 1450/1450/1450 1452/1452/1452 1451/1451/1451
f 1452/1452/1452 1453/1453/1453 1451/1451/1451
f 1452/1452/1452 1454/1454/1454 1453/1453/1453
f 1454/1454/1454 1455/1455/1455 1453/1453/1453
f 328/328/328 1452/1452/1452 1450/1450/1450
f 320/320/320 328/328/328 1450/1450/1450
f 320/320/320 1450/1450/1450 319/319/319
f 328/328/328 332/332/332 1452/1452/1452
f 332/332/332 1454/1454/1454 1452/1452/1452
f 316/316/316 319/319/319 1449/1449/1449
f 315/315/315 316/316/316 1449/1449/1449
f 338/338/338 335/335/335 349/349/349
f 1458/1458/1458 1457/1457/1457 1456/1456/1456
f 1459/1459/1459 1458/1458/1458 1456/1456/1456
f 1456/1456/1456 1457/1457/1457 1460/1460/1460
f 1456/1456/1456 1460/1460/1460 1459/1459/1459
f 1457/1457/1457 1461/1461/1461 1460/1460/1460
f 1457/1457/1457 1462/1462/1462 1461/1461/1461
f 1457/1457/1457 1458/1458/1458 1462/1462/1462
f 1462/1462/1462 1458/1458/1458 1463/1463/1463
f 1464/1464/1464 1462/1462/1462 1463/1463/1463
f 1463/1463/1463 1465/1465/1465 1464/1464/1464
f 1465/1465/1465 1466/1466/1466 1464/1464/1464
f 1467/1467/1467 1466/1466/1466 1465/1465/1465
f 1468/1468/1468 1467/1467/1467 1465/1465/1465
f 1464/1464/1464 1466/1466/1466 1469/1469/1469
f 1470/1470/1470 1464/1464/1464 1469/1469/1469
f 1464/1464/1464 1470/1470/1470 1462/1462/1462
f 1462/1462/1462 1471/1471/1471 1461/1461/1461
f 1470/1470/1470 1471/1471/1471 1462/1462/1462
f 1472/1472/1472 1469/1469/1469 1466/1466/1466
f 1460/1460/1460 1473/1473/1473 1459/1459/1459
f 1475/1475/1475 1474/1474/1474 1466/1466/1466
f 1478/1478/1478 1477/1477/1477 1476/1476/1476
f 1477/1477/1477 1479/1479/1479 1476/1476/1476
f 1480/1480/1480 1479/1479/1479 1477/1477/1477
f 1481/1481/1481 1480/1480/1480 1477/1477/1477
f 1482/1482/1482 1477/1477/1477 1478/1478/1478
f 1483/1483/1483 1482/1482/1482 1478/1478/1478
f 1482/1482/1482 1483/1483/1483 1484/1484/1484
f 1485/1485/1485 1482/1482/1482 1484/1484/1484
f 1485/1485/1485 1484/1484/1484 1486/1486/1486
f 1487/1487/1487 1485/1485/1485 1486/1486/1486
f 1485/1485/1485 1488/1488/1488 1482/1482/1482
f 1488/1488/1488 1489/1489/1489 1482/1482/1482
f 1482/1482/1482 1489/1489/1489 1477/1477/1477
f 1489/1489/1489 1481/1481/1481 1477/1477/1477
f 1476/1476/1476 1490/1490/1490 1478/1478/1478
f 1490/1490/1490 1491/1491/1491 1478/1478/1478
f 1483/1483/1483 1478/1478/1478 1491/1491/1491
f 1490/1490/1490 1492/1492/1492 1491/1491/1491
f 1492/1492/1492 1493/1493/1493 1491/1491/1491
f 1491/1491/1491 1493/1493/1493 1483/1483/1483
f 1493/1493/1493 1484/1484/1484 1483/1483/1483
f 1492/1492/1492 1494/1494/1494 1493/1493/1493
f 1494/1494/1494 1495/1495/1495 1493/1493/1493
f 1493/1493/1493 1495/1495/1495 1484/1484/1484
f 1495/1495/1495 1486/1486/1486 1484/1484/1484
f 1481/1481/1481 1489/1489/1489 1496/1496/1496
f 1497/1497/1497 1481/1481/1481 1496/1496/1496
f 1496/1496/1496 1489/1489/1489 1498/1498/1498
f 1489/1489/1489 1488/1488/1488 1498/1498/1498
f 1498/1498/1498 1488/1488/1488 1499/1499/1499
f 1499/1499/1499 1488/1488/1488 1485/1485/1485
f 1485/1485/1485 1487/1487/1487 1499/1499/1499
f 1500/1500/1500 1498/1498/1498 1499/1499/1499
f 1495/1495/1495 1501/1501/1501 1486/1486/1486
f 1501/1501/1501 1502/1502/1502 1486/1486/1486
f 1502/1502/1502 1501/1501/1501 1503/1503/1503
f 1502/1502/1502 1503/1503/1503 1504/1504/1504
f 1505/1505/1505 1502/1502/1502 1504/1504/1504
f 1505/1505/1505 1504/1504/1504 1506/1506/1506
f 1506/1506/1506 1507/1507/1507 1505/1505/1505
f 1506/1506/1506 1508/1508/1508 1507/1507/1507
f 1506/1506/1506 1509/1509/1509 1508/1508/1508
f 1504/1504/1504 1509/1509/1509 1506/1506/1506
f 1509/1509/1509 1510/1510/1510 1508/1508/1508
f 1508/1508/1508 1511/1511/1511 1507/1507/1507
f 1511/1511/1511 1508/1508/1508 1512/1512/1512
f 1508/1508/1508 1513/1513/1513 1512/1512/1512
f 1514/1514/1514 1512/1512/1512 1513/1513/1513
f 1515/1515/1515 1514/1514/1514 1513/1513/1513
f 1507/1507/1507 1516/1516/1516 1505/1505/1505
f 1510/1510/1510 1509/1509/1509 1517/1517/1517
f 1518/1518/1518 1510/1510/1510 1517/1517/1517
f 1517/1517/1517 1519/1519/1519 1518/1518/1518
f 1519/1519/1519 1520/1520/1520 1518/1518/1518
f 1517/1517/1517 1509/1509/1509 1521/1521/1521
f 1509/1509/1509 1504/1504/1504 1521/1521/1521
f 1521/1521/1521 1522/1522/1522 1517/1517/1517
f 1522/1522/1522 1519/1519/1519 1517/1517/1517
f 1511/1511/1511 1512/1512/1512 1523/1523/1523
f 1523/1523/1523 1512/1512/1512 1514/1514/1514
f 1524/1524/1524 1511/1511/1511 1523/1523/1523
f 1525/1525/1525 1524/1524/1524 1523/1523/1523
f 1525/1525/1525 1526/1526/1526 1524/1524/1524
f 1526/1526/1526 1527/1527/1527 1524/1524/1524
f 1526/1526/1526 1525/1525/1525 1528/1528/1528
f 1526/1526/1526 1528/1528/1528 1529/1529/1529
f 1528/1528/1528 1530/1530/1530 1529/1529/1529
f 1528/1528/1528 1531/1531/1531 1530/1530/1530
f 1531/1531/1531 1532/1532/1532 1530/1530/1530
f 1525/1525/1525 1533/1533/1533 1528/1528/1528
f 1528/1528/1528 1533/1533/1533 1531/1531/1531
f 1525/1525/1525 1523/1523/1523 1533/1533/1533
f 1533/1533/1533 1534/1534/1534 1531/1531/1531
f 1533/1533/1533 1535/1535/1535 1534/1534/1534
f 1523/1523/1523 1535/1535/1535 1533/1533/1533
f 1535/1535/1535 1536/1536/1536 1534/1534/1534
f 1529/1529/1529 1537/1537/1537 1526/1526/1526
f 1537/1537/1537 1527/1527/1527 1526/1526/1526
f 1529/1529/1529 1538/1538/1538 1537/1537/1537
f 1538/1538/1538 1539/1539/1539 1537/1537/1537
f 1530/1530/1530 1540/1540/1540 1529/1529/1529
f 1540/1540/1540 1538/1538/1538 1529/1529/1529
f 1530/1530/1530 1532/1532/1532 1540/1540/1540
f 1532/1532/1532 1541/1541/1541 1540/1540/1540
f 1527/1527/1527 1537/1537/1537 1542/1542/1542
f 1543/1543/1543 1527/1527/1527 1542/1542/1542
f 1542/1542/1542 1537/1537/1537 1544/1544/1544
f 1537/1537/1537 1539/1539/1539 1544/1544/1544
f 1534/1534/1534 1536/1536/1536 1545/1545/1545
f 1536/1536/1536 1546/1546/1546 1545/1545/1545
f 1547/1547/1547 1532/1532/1532 1531/1531/1531
f 1545/1545/1545 1548/1548/1548 1534/1534/1534
f 1548/1548/1548 1547/1547/1547 1531/1531/1531
f 1548/1548/1548 1531/1531/1531 1534/1534/1534
f 1545/1545/1545 1546/1546/1546 1549/1549/1549
f 1548/1548/1548 1545/1545/1545 1549/1549/1549
f 1546/1546/1546 1550/1550/1550 1549/1549/1549
f 1548/1548/1548 1551/1551/1551 1547/1547/1547
f 1551/1551/1551 1548/1548/1548 1549/1549/1549
f 1551/1551/1551 1552/1552/1552 1547/1547/1547
f 1552/1552/1552 1553/1553/1553 1547/1547/1547
f 1553/1553/1553 1554/1554/1554 1547/1547/1547
f 1547/1547/1547 1554/1554/1554 1532/1532/1532
f 1554/1554/1554 1541/1541/1541 1532/1532/1532
f 1546/1546/1546 1555/1555/1555 1550/1550/1550
f 1556/1556/1556 1555/1555/1555 1546/1546/1546
f 1555/1555/1555 1556/1556/1556 1557/1557/1557
f 1558/1558/1558 1555/1555/1555 1557/1557/1557
f 1556/1556/1556 1559/1559/1559 1557/1557/1557
f 1559/1559/1559 1560/1560/1560 1557/1557/1557
f 1561/1561/1561 1555/1555/1555 1558/1558/1558
f 1555/1555/1555 1561/1561/1561 1550/1550/1550
f 1562/1562/1562 1561/1561/1561 1558/1558/1558
f 1558/1558/1558 1071/1071/1071 1562/1562/1562
f 1071/1071/1071 1563/1563/1563 1562/1562/1562
f 1069/1069/1069 1563/1563/1563 1071/1071/1071
f 1556/1556/1556 1536/1536/1536 1559/1559/1559
f 1536/1536/1536 1535/1535/1535 1559/1559/1559
f 1536/1536/1536 1556/1556/1556 1546/1546/1546
f 1564/1564/1564 1559/1559/1559 1535/1535/1535
f 1565/1565/1565 1559/1559/1559 1564/1564/1564
f 1559/1559/1559 1565/1565/1565 1560/1560/1560
f 1566/1566/1566 1565/1565/1565 1564/1564/1564
f 1567/1567/1567 1566/1566/1566 1564/1564/1564
f 1567/1567/1567 1568/1568/1568 1566/1566/1566
f 1567/1567/1567 1569/1569/1569 1568/1568/1568
f 1567/1567/1567 1570/1570/1570 1569/1569/1569
f 1569/1569/1569 1570/1570/1570 1571/1571/1571
f 1571/1571/1571 1568/1568/1568 1569/1569/1569
f 1568/1568/1568 1572/1572/1572 1566/1566/1566
f 1568/1568/1568 1571/1571/1571 1572/1572/1572
f 1566/1566/1566 1572/1572/1572 1565/1565/1565
f 1567/1567/1567 1515/1515/1515 1570/1570/1570
f 1567/1567/1567 1564/1564/1564 1515/1515/1515
f 1515/1515/1515 1573/1573/1573 1570/1570/1570
f 1570/1570/1570 1573/1573/1573 1571/1571/1571
f 1515/1515/1515 1513/1513/1513 1573/1573/1573
f 1513/1513/1513 1574/1574/1574 1573/1573/1573
f 1575/1575/1575 1573/1573/1573 1574/1574/1574
f 1573/1573/1573 1575/1575/1575 1571/1571/1571
f 1571/1571/1571 1575/1575/1575 1576/1576/1576
f 1576/1576/1576 1577/1577/1577 1571/1571/1571
f 1571/1571/1571 1577/1577/1577 1572/1572/1572
f 1578/1578/1578 1575/1575/1575 1574/1574/1574
f 1577/1577/1577 1576/1576/1576 1076/1076/1076
f 1579/1579/1579 1577/1577/1577 1076/1076/1076
f 1574/1574/1574 1513/1513/1513 1508/1508/1508
f 1510/1510/1510 1574/1574/1574 1508/1508/1508
f 1578/1578/1578 1574/1574/1574 1518/1518/1518
f 1574/1574/1574 1510/1510/1510 1518/1518/1518
f 1575/1575/1575 1578/1578/1578 1580/1580/1580
f 1578/1578/1578 1581/1581/1581 1580/1580/1580
f 1576/1576/1576 1575/1575/1575 1077/1077/1077
f 1575/1575/1575 1580/1580/1580 1077/1077/1077
f 1077/1077/1077 1076/1076/1076 1576/1576/1576
f 1077/1077/1077 1580/1580/1580 1079/1079/1079
f 1580/1580/1580 1094/1094/1094 1079/1079/1079
f 1094/1094/1094 1580/1580/1580 1581/1581/1581
f 1582/1582/1582 1094/1094/1094 1581/1581/1581
f 1581/1581/1581 1520/1520/1520 1582/1582/1582
f 1518/1518/1518 1520/1520/1520 1578/1578/1578
f 1520/1520/1520 1581/1581/1581 1578/1578/1578
f 1520/1520/1520 1583/1583/1583 1582/1582/1582
f 1094/1094/1094 1582/1582/1582 1093/1093/1093
f 1582/1582/1582 1584/1584/1584 1093/1093/1093
f 1585/1585/1585 1583/1583/1583 1520/1520/1520
f 1519/1519/1519 1585/1585/1585 1520/1520/1520
f 1583/1583/1583 1585/1585/1585 1586/1586/1586
f 1587/1587/1587 1583/1583/1583 1586/1586/1586
f 1583/1583/1583 1587/1587/1587 1582/1582/1582
f 1587/1587/1587 1584/1584/1584 1582/1582/1582
f 1586/1586/1586 1585/1585/1585 1588/1588/1588
f 1585/1585/1585 1589/1589/1589 1588/1588/1588
f 1585/1585/1585 1519/1519/1519 1589/1589/1589
f 1588/1588/1588 1589/1589/1589 1590/1590/1590
f 1591/1591/1591 1588/1588/1588 1590/1590/1590
f 1519/1519/1519 1522/1522/1522 1589/1589/1589
f 1589/1589/1589 1522/1522/1522 1592/1592/1592
f 1590/1590/1590 1589/1589/1589 1592/1592/1592
f 1592/1592/1592 1522/1522/1522 1521/1521/1521
f 1503/1503/1503 1592/1592/1592 1521/1521/1521
f 1503/1503/1503 1521/1521/1521 1504/1504/1504
f 1592/1592/1592 1503/1503/1503 1593/1593/1593
f 1593/1593/1593 1590/1590/1590 1592/1592/1592
f 1503/1503/1503 1594/1594/1594 1593/1593/1593
f 1594/1594/1594 1503/1503/1503 1501/1501/1501
f 1595/1595/1595 1594/1594/1594 1501/1501/1501
f 1501/1501/1501 1596/1596/1596 1595/1595/1595
f 1501/1501/1501 1495/1495/1495 1596/1596/1596
f 1495/1495/1495 1494/1494/1494 1596/1596/1596
f 1597/1597/1597 1594/1594/1594 1595/1595/1595
f 1598/1598/1598 1597/1597/1597 1595/1595/1595
f 1597/1597/1597 1599/1599/1599 1594/1594/1594
f 1599/1599/1599 1600/1600/1600 1594/1594/1594
f 1598/1598/1598 1601/1601/1601 1597/1597/1597
f 1597/1597/1597 1602/1602/1602 1599/1599/1599
f 1593/1593/1593 1594/1594/1594 1603/1603/1603
f 1604/1604/1604 1593/1593/1593 1603/1603/1603
f 1604/1604/1604 1605/1605/1605 1593/1593/1593
f 1605/1605/1605 1590/1590/1590 1593/1593/1593
f 1590/1590/1590 1605/1605/1605 1606/1606/1606
f 1607/1607/1607 1590/1590/1590 1606/1606/1606
f 1608/1608/1608 1590/1590/1590 1607/1607/1607
f 1609/1609/1609 1608/1608/1608 1607/1607/1607
f 1610/1610/1610 1609/1609/1609 1607/1607/1607
f 1612/1612/1612 1611/1611/1611 1606/1606/1606
f 1590/1590/1590 1613/1613/1613 1591/1591/1591
f 1591/1591/1591 1613/1613/1613 1614/1614/1614
f 1617/1617/1617 1616/1616/1616 1615/1615/1615
f 1616/1616/1616 1618/1618/1618 1615/1615/1615
f 1615/1615/1615 1619/1619/1619 1617/1617/1617
f 1619/1619/1619 1620/1620/1620 1617/1617/1617
f 1622/1622/1622 1620/1620/1620 1621/1621/1621
f 1623/1623/1623 1622/1622/1622 1621/1621/1621
f 1623/1623/1623 1624/1624/1624 1622/1622/1622
f 1624/1624/1624 1625/1625/1625 1622/1622/1622
f 1624/1624/1624 1626/1626/1626 1625/1625/1625
f 1626/1626/1626 1627/1627/1627 1625/1625/1625
f 1627/1627/1627 1628/1628/1628 1625/1625/1625
f 1618/1618/1618 1630/1630/1630 1629/1629/1629
f 1629/1629/1629 1630/1630/1630 1631/1631/1631
f 1630/1630/1630 1632/1632/1632 1631/1631/1631
f 1631/1631/1631 1632/1632/1632 1633/1633/1633
f 1633/1633/1633 1632/1632/1632 1634/1634/1634
f 1635/1635/1635 1633/1633/1633 1634/1634/1634
f 1635/1635/1635 1634/1634/1634 1636/1636/1636
f 1634/1634/1634 1637/1637/1637 1636/1636/1636
f 1636/1636/1636 1637/1637/1637 1638/1638/1638
f 1637/1637/1637 1639/1639/1639 1638/1638/1638
f 1579/1579/1579 1641/1641/1641 1640/1640/1640
f 1641/1641/1641 1642/1642/1642 1640/1640/1640
f 1579/1579/1579 1640/1640/1640 1577/1577/1577
f 1640/1640/1640 1572/1572/1572 1577/1577/1577
f 1572/1572/1572 1640/1640/1640 1565/1565/1565
f 1640/1640/1640 1642/1642/1642 1565/1565/1565
f 1642/1642/1642 1560/1560/1560 1565/1565/1565
f 1076/1076/1076 1641/1641/1641 1579/1579/1579
f 1642/1642/1642 1641/1641/1641 1074/1074/1074
f 1074/1074/1074 1641/1641/1641 1076/1076/1076
f 1643/1643/1643 1642/1642/1642 1074/1074/1074
f 1642/1642/1642 1643/1643/1643 1560/1560/1560
f 1643/1643/1643 1557/1557/1557 1560/1560/1560
f 1074/1074/1074 1073/1073/1073 1643/1643/1643
f 1073/1073/1073 1558/1558/1558 1643/1643/1643
f 1558/1558/1558 1557/1557/1557 1643/1643/1643
f 1071/1071/1071 1558/1558/1558 1073/1073/1073
f 1516/1516/1516 1645/1645/1645 1644/1644/1644
f 1645/1645/1645 1646/1646/1646 1644/1644/1644
f 1646/1646/1646 1500/1500/1500 1644/1644/1644
f 1500/1500/1500 1499/1499/1499 1644/1644/1644
f 1516/1516/1516 1507/1507/1507 1645/1645/1645
f 1507/1507/1507 1647/1647/1647 1645/1645/1645
f 1647/1647/1647 1507/1507/1507 1511/1511/1511
f 1648/1648/1648 1647/1647/1647 1511/1511/1511
f 1648/1648/1648 1511/1511/1511 1524/1524/1524
f 1649/1649/1649 1648/1648/1648 1524/1524/1524
f 1516/1516/1516 1644/1644/1644 1487/1487/1487
f 1487/1487/1487 1644/1644/1644 1499/1499/1499
f 1505/1505/1505 1516/1516/1516 1487/1487/1487
f 1505/1505/1505 1487/1487/1487 1502/1502/1502
f 1487/1487/1487 1486/1486/1486 1502/1502/1502
f 1650/1650/1650 1524/1524/1524 1543/1543/1543
f 1524/1524/1524 1527/1527/1527 1543/1543/1543
f 1564/1564/1564 1514/1514/1514 1515/1515/1515
f 1514/1514/1514 1564/1564/1564 1535/1535/1535
f 1523/1523/1523 1514/1514/1514 1535/1535/1535
f 1072/1072/1072 1075/1075/1075 1090/1090/1090
f 1090/1090/1090 1070/1070/1070 1072/1072/1072
f 1090/1090/1090 1651/1651/1651 1070/1070/1070
f 1651/1651/1651 1652/1652/1652 1070/1070/1070
f 1653/1653/1653 1652/1652/1652 1651/1651/1651
f 1497/1497/1497 1654/1654/1654 1481/1481/1481
f 1654/1654/1654 1480/1480/1480 1481/1481/1481
f 1657/1657/1657 1656/1656/1656 1655/1655/1655
f 1658/1658/1658 1656/1656/1656 1657/1657/1657
f 1659/1659/1659 1658/1658/1658 1657/1657/1657
f 1660/1660/1660 1656/1656/1656 1658/1658/1658
f 1659/1659/1659 1661/1661/1661 1658/1658/1658
f 1658/1658/1658 1661/1661/1661 1662/1662/1662
f 1662/1662/1662 1663/1663/1663 1658/1658/1658
f 1656/1656/1656 1663/1663/1663 1664/1664/1664
f 1665/1665/1665 1656/1656/1656 1664/1664/1664
f 1663/1663/1663 1666/1666/1666 1664/1664/1664
f 1666/1666/1666 1667/1667/1667 1664/1664/1664
f 1668/1668/1668 1664/1664/1664 1667/1667/1667
f 1656/1656/1656 1670/1670/1670 1669/1669/1669
f 1672/1672/1672 1655/1655/1655 1671/1671/1671
f 1674/1674/1674 1673/1673/1673 1664/1664/1664
f 1677/1677/1677 1676/1676/1676 1675/1675/1675
f 1676/1676/1676 1677/1677/1677 1678/1678/1678
f 1679/1679/1679 1676/1676/1676 1678/1678/1678
f 1676/1676/1676 1679/1679/1679 1680/1680/1680
f 1681/1681/1681 1676/1676/1676 1680/1680/1680
f 1682/1682/1682 1680/1680/1680 1679/1679/1679
f 1682/1682/1682 1679/1679/1679 1683/1683/1683
f 1685/1685/1685 1681/1681/1681 1684/1684/1684
f 1686/1686/1686 1685/1685/1685 1684/1684/1684
f 1687/1687/1687 1681/1681/1681 1685/1685/1685
f 1689/1689/1689 1688/1688/1688 1685/1685/1685
f 1685/1685/1685 1690/1690/1690 1689/1689/1689
f 1692/1692/1692 1691/1691/1691 1685/1685/1685
f 1684/1684/1684 1694/1694/1694 1693/1693/1693
f 1696/1696/1696 1695/1695/1695 1693/1693/1693
f 1695/1695/1695 1696/1696/1696 1697/1697/1697
f 1698/1698/1698 1693/1693/1693 1695/1695/1695
f 1698/1698/1698 1695/1695/1695 1697/1697/1697
f 1700/1700/1700 1699/1699/1699 1697/1697/1697
f 1702/1702/1702 1699/1699/1699 1701/1701/1701
f 1699/1699/1699 1703/1703/1703 1701/1701/1701
f 1702/1702/1702 1704/1704/1704 1699/1699/1699
f 1704/1704/1704 1705/1705/1705 1699/1699/1699
f 1701/1701/1701 1706/1706/1706 1702/1702/1702
f 1702/1702/1702 1707/1707/1707 1704/1704/1704
f 1694/1694/1694 1709/1709/1709 1708/1708/1708
f 1711/1711/1711 1710/1710/1710 1708/1708/1708
f 1712/1712/1712 1681/1681/1681 1708/1708/1708
f 1681/1681/1681 1713/1713/1713 1708/1708/1708
f 1714/1714/1714 1708/1708/1708 1713/1713/1713
f 1716/1716/1716 1715/1715/1715 1708/1708/1708
f 1719/1719/1719 1718/1718/1718 1717/1717/1717
f 1720/1720/1720 1719/1719/1719 1717/1717/1717
f 1717/1717/1717 1722/1722/1722 1721/1721/1721
f 1722/1722/1722 1723/1723/1723 1721/1721/1721
f 1725/1725/1725 1724/1724/1724 1723/1723/1723
f 1724/1724/1724 1726/1726/1726 1723/1723/1723
f 1727/1727/1727 1723/1723/1723 1726/1726/1726
f 1729/1729/1729 1728/1728/1728 1723/1723/1723
f 1732/1732/1732 1731/1731/1731 1730/1730/1730
f 1731/1731/1731 1734/1734/1734 1733/1733/1733
f 1734/1734/1734 1731/1731/1731 1735/1735/1735
f 1731/1731/1731 1736/1736/1736 1735/1735/1735
f 1737/1737/1737 1734/1734/1734 1735/1735/1735
f 1739/1739/1739 1738/1738/1738 1734/1734/1734
f 1742/1742/1742 1741/1741/1741 1740/1740/1740
f 1743/1743/1743 1742/1742/1742 1740/1740/1740
f 1743/1743/1743 1740/1740/1740 1744/1744/1744
f 1740/1740/1740 1745/1745/1745 1744/1744/1744
f 1745/1745/1745 1746/1746/1746 1744/1744/1744
f 1748/1748/1748 1747/1747/1747 1740/1740/1740
f 1751/1751/1751 1750/1750/1750 1749/1749/1749
f 1750/1750/1750 1752/1752/1752 1749/1749/1749
f 1751/1751/1751 1753/1753/1753 1750/1750/1750
f 1750/1750/1750 1755/1755/1755 1754/1754/1754
f 1755/1755/1755 1756/1756/1756 1754/1754/1754
f 1750/1750/1750 1757/1757/1757 1755/1755/1755
f 1759/1759/1759 1758/1758/1758 590/590/590
f 1762/1762/1762 1761/1761/1761 1760/1760/1760
f 1761/1761/1761 1763/1763/1763 1760/1760/1760
f 1764/1764/1764 1762/1762/1762 1760/1760/1760
f 1765/1765/1765 1764/1764/1764 1760/1760/1760
f 1766/1766/1766 1760/1760/1760 1763/1763/1763
f 1767/1767/1767 1765/1765/1765 1760/1760/1760
f 1768/1768/1768 1761/1761/1761 1266/1266/1266
f 1761/1761/1761 1769/1769/1769 1266/1266/1266
f 1266/1266/1266 1769/1769/1769 1770/1770/1770
f 1769/1769/1769 1771/1771/1771 1770/1770/1770
f 1769/1769/1769 1761/1761/1761 1772/1772/1772
f 1772/1772/1772 1761/1761/1761 1773/1773/1773
f 1774/1774/1774 1769/1769/1769 1772/1772/1772
f 1772/1772/1772 1775/1775/1775 1774/1774/1774
f 1776/1776/1776 1775/1775/1775 1772/1772/1772
f 1776/1776/1776 1772/1772/1772 1777/1777/1777
f 1769/1769/1769 1778/1778/1778 1771/1771/1771
f 1778/1778/1778 1779/1779/1779 1771/1771/1771
f 1771/1771/1771 1779/1779/1779 1780/1780/1780
f 1782/1782/1782 1780/1780/1780 1781/1781/1781
f 1782/1782/1782 1783/1783/1783 1780/1780/1780
f 1780/1780/1780 1785/1785/1785 1784/1784/1784
f 1787/1787/1787 1786/1786/1786 1780/1780/1780
f 1780/1780/1780 1789/1789/1789 1788/1788/1788
f 1791/1791/1791 1785/1785/1785 1790/1790/1790
f 1785/1785/1785 1792/1792/1792 1790/1790/1790
f 1793/1793/1793 1790/1790/1790 1792/1792/1792
f 1795/1795/1795 1794/1794/1794 1790/1790/1790
f 1794/1794/1794 1796/1796/1796 1790/1790/1790
f 1797/1797/1797 1795/1795/1795 1790/1790/1790
f 1800/1800/1800 1799/1799/1799 1798/1798/1798
f 1799/1799/1799 1801/1801/1801 1798/1798/1798
f 1798/1798/1798 1802/1802/1802 1800/1800/1800
f 1804/1804/1804 1803/1803/1803 1596/1596/1596
f 1804/1804/1804 1805/1805/1805 1803/1803/1803
f 1807/1807/1807 1806/1806/1806 1596/1596/1596
f 1810/1810/1810 1809/1809/1809 1808/1808/1808
f 1811/1811/1811 1810/1810/1810 1808/1808/1808
f 1812/1812/1812 1810/1810/1810 1811/1811/1811
f 1813/1813/1813 1812/1812/1812 1811/1811/1811
f 1814/1814/1814 1811/1811/1811 1808/1808/1808
f 1814/1814/1814 1815/1815/1815 1811/1811/1811
f 1817/1817/1817 1816/1816/1816 1813/1813/1813
f 1819/1819/1819 1810/1810/1810 1818/1818/1818
f 1810/1810/1810 1820/1820/1820 1818/1818/1818
f 1822/1822/1822 1821/1821/1821 1818/1818/1818
f 1821/1821/1821 1823/1823/1823 1818/1818/1818
f 1824/1824/1824 1818/1818/1818 1823/1823/1823
f 1826/1826/1826 1825/1825/1825 1818/1818/1818
f 1829/1829/1829 1828/1828/1828 1827/1827/1827
f 1829/1829/1829 1830/1830/1830 1828/1828/1828
f 1828/1828/1828 1832/1832/1832 1831/1831/1831
f 1834/1834/1834 1833/1833/1833 1068/1068/1068
f 1836/1836/1836 1835/1835/1835 545/545/545
f 1839/1839/1839 1838/1838/1838 1837/1837/1837
f 1838/1838/1838 1840/1840/1840 1837/1837/1837
f 1837/1837/1837 1840/1840/1840 1841/1841/1841
f 1842/1842/1842 1837/1837/1837 1841/1841/1841
f 1842/1842/1842 1841/1841/1841 1843/1843/1843
f 1844/1844/1844 1842/1842/1842 1843/1843/1843
f 1839/1839/1839 1837/1837/1837 1845/1845/1845
f 1846/1846/1846 1839/1839/1839 1845/1845/1845
f 1847/1847/1847 1842/1842/1842 1844/1844/1844
f 1848/1848/1848 1847/1847/1847 1844/1844/1844
f 1847/1847/1847 1849/1849/1849 1842/1842/1842
f 1850/1850/1850 1837/1837/1837 1842/1842/1842
f 1847/1847/1847 1848/1848/1848 1851/1851/1851
f 1849/1849/1849 1847/1847/1847 1851/1851/1851
f 1848/1848/1848 1852/1852/1852 1851/1851/1851
f 1853/1853/1853 1849/1849/1849 1851/1851/1851
f 1854/1854/1854 1846/1846/1846 1853/1853/1853
f 1846/1846/1846 1855/1855/1855 1853/1853/1853
f 1856/1856/1856 1851/1851/1851 1852/1852/1852
f 1856/1856/1856 1853/1853/1853 1851/1851/1851
f 1859/1859/1859 1858/1858/1858 1857/1857/1857
f 1858/1858/1858 1860/1860/1860 1857/1857/1857
f 1859/1859/1859 1857/1857/1857 1861/1861/1861
f 1862/1862/1862 1859/1859/1859 1861/1861/1861
f 1862/1862/1862 1861/1861/1861 1863/1863/1863
f 1865/1865/1865 1864/1864/1864 1863/1863/1863
f 1866/1866/1866 1863/1863/1863 1864/1864/1864
f 1866/1866/1866 1868/1868/1868 1867/1867/1867
f 1871/1871/1871 1870/1870/1870 1869/1869/1869
f 1870/1870/1870 1872/1872/1872 1869/1869/1869
f 1872/1872/1872 1870/1870/1870 1873/1873/1873
f 1870/1870/1870 1874/1874/1874 1873/1873/1873
f 1873/1873/1873 1874/1874/1874 1875/1875/1875
f 1874/1874/1874 1876/1876/1876 1875/1875/1875
f 1877/1877/1877 1870/1870/1870 1871/1871/1871
f 1878/1878/1878 1877/1877/1877 1871/1871/1871
f 1874/1874/1874 1879/1879/1879 1876/1876/1876
f 1879/1879/1879 1880/1880/1880 1876/1876/1876
f 1870/1870/1870 1881/1881/1881 1874/1874/1874
f 1882/1882/1882 1879/1879/1879 1874/1874/1874
f 1880/1880/1880 1879/1879/1879 1883/1883/1883
f 1879/1879/1879 1882/1882/1882 1883/1883/1883
f 1884/1884/1884 1880/1880/1880 1883/1883/1883
f 1882/1882/1882 1885/1885/1885 1883/1883/1883
f 1886/1886/1886 1878/1878/1878 1885/1885/1885
f 1878/1878/1878 1887/1887/1887 1885/1885/1885
f 1883/1883/1883 1888/1888/1888 1884/1884/1884
f 1885/1885/1885 1888/1888/1888 1883/1883/1883
f 1891/1891/1891 1890/1890/1890 1889/1889/1889
f 1890/1890/1890 1892/1892/1892 1889/1889/1889
f 1893/1893/1893 1890/1890/1890 1891/1891/1891
f 1894/1894/1894 1893/1893/1893 1891/1891/1891
f 1893/1893/1893 1894/1894/1894 1895/1895/1895
f 1897/1897/1897 1896/1896/1896 1895/1895/1895
f 1895/1895/1895 1898/1898/1898 1897/1897/1897
f 1900/1900/1900 1898/1898/1898 1899/1899/1899
f 1903/1903/1903 1902/1902/1902 1901/1901/1901
f 1902/1902/1902 1904/1904/1904 1901/1901/1901
f 1901/1901/1901 1905/1905/1905 1903/1903/1903
f 1905/1905/1905 1906/1906/1906 1903/1903/1903
f 1906/1906/1906 1905/1905/1905 1907/1907/1907
f 1905/1905/1905 1908/1908/1908 1907/1907/1907
f 1902/1902/1902 1903/1903/1903 1909/1909/1909
f 1903/1903/1903 1910/1910/1910 1909/1909/1909
f 1911/1911/1911 1909/1909/1909 1910/1910/1910
f 1912/1912/1912 1911/1911/1911 1910/1910/1910
f 1913/1913/1913 1912/1912/1912 1910/1910/1910
f 1914/1914/1914 1913/1913/1913 1910/1910/1910
f 1906/1906/1906 1914/1914/1914 1903/1903/1903
f 1914/1914/1914 1910/1910/1910 1903/1903/1903
f 1906/1906/1906 1907/1907/1907 1914/1914/1914
f 1915/1915/1915 1913/1913/1913 1914/1914/1914
f 1916/1916/1916 1915/1915/1915 1914/1914/1914
f 1907/1907/1907 1916/1916/1916 1914/1914/1914
f 1919/1919/1919 1918/1918/1918 1917/1917/1917
f 1918/1918/1918 1920/1920/1920 1917/1917/1917
f 1918/1918/1918 1919/1919/1919 1921/1921/1921
f 1919/1919/1919 1922/1922/1922 1921/1921/1921
f 1921/1921/1921 1922/1922/1922 1923/1923/1923
f 1924/1924/1924 1921/1921/1921 1923/1923/1923
f 1919/1919/1919 1917/1917/1917 1925/1925/1925
f 1926/1926/1926 1919/1919/1919 1925/1925/1925
f 1925/1925/1925 1927/1927/1927 1926/1926/1926
f 1927/1927/1927 1928/1928/1928 1926/1926/1926
f 1926/1926/1926 1928/1928/1928 1929/1929/1929
f 1930/1930/1930 1926/1926/1926 1929/1929/1929
f 1922/1922/1922 1919/1919/1919 1930/1930/1930
f 1919/1919/1919 1926/1926/1926 1930/1930/1930
f 1923/1923/1923 1922/1922/1922 1930/1930/1930
f 1930/1930/1930 1929/1929/1929 1931/1931/1931
f 1932/1932/1932 1930/1930/1930 1931/1931/1931
f 1932/1932/1932 1923/1923/1923 1930/1930/1930
f 1935/1935/1935 1934/1934/1934 1933/1933/1933
f 1934/1934/1934 1936/1936/1936 1933/1933/1933
f 1933/1933/1933 1937/1937/1937 1935/1935/1935
f 1937/1937/1937 1938/1938/1938 1935/1935/1935
f 1937/1937/1937 1939/1939/1939 1938/1938/1938
f 1939/1939/1939 1940/1940/1940 1938/1938/1938
f 1936/1936/1936 1941/1941/1941 1933/1933/1933
f 1941/1941/1941 1942/1942/1942 1933/1933/1933
f 1941/1941/1941 1943/1943/1943 1942/1942/1942
f 1943/1943/1943 1944/1944/1944 1942/1942/1942
f 1945/1945/1945 1942/1942/1942 1944/1944/1944
f 1937/1937/1937 1933/1933/1933 1945/1945/1945
f 1933/1933/1933 1942/1942/1942 1945/1945/1945
f 1937/1937/1937 1945/1945/1945 1939/1939/1939
f 1946/1946/1946 1945/1945/1945 1944/1944/1944
f 1946/1946/1946 1947/1947/1947 1945/1945/1945
f 1945/1945/1945 1948/1948/1948 1939/1939/1939
f 1949/1949/1949 1948/1948/1948 1945/1945/1945
f 1952/1952/1952 1951/1951/1951 1950/1950/1950
f 1951/1951/1951 1953/1953/1953 1950/1950/1950
f 1951/1951/1951 1952/1952/1952 1954/1954/1954
f 1952/1952/1952 1955/1955/1955 1954/1954/1954
f 1954/1954/1954 1955/1955/1955 1956/1956/1956
f 1955/1955/1955 1957/1957/1957 1956/1956/1956
f 1953/1953/1953 1951/1951/1951 1958/1958/1958
f 1951/1951/1951 1959/1959/1959 1958/1958/1958
f 1958/1958/1958 1959/1959/1959 1960/1960/1960
f 1959/1959/1959 1961/1961/1961 1960/1960/1960
f 1961/1961/1961 1959/1959/1959 1962/1962/1962
f 1959/1959/1959 1951/1951/1951 1962/1962/1962
f 1951/1951/1951 1954/1954/1954 1962/1962/1962
f 1954/1954/1954 1956/1956/1956 1962/1962/1962
f 1963/1963/1963 1961/1961/1961 1962/1962/1962
f 1964/1964/1964 1963/1963/1963 1962/1962/1962
f 1956/1956/1956 1965/1965/1965 1962/1962/1962
f 1965/1965/1965 1966/1966/1966 1962/1962/1962
f 1969/1969/1969 1968/1968/1968 1967/1967/1967
f 1968/1968/1968 1970/1970/1970 1967/1967/1967
f 1969/1969/1969 1967/1967/1967 1971/1971/1971
f 1972/1972/1972 1969/1969/1969 1971/1971/1971
f 1968/1968/1968 1969/1969/1969 1973/1973/1973
f 1969/1969/1969 1974/1974/1974 1973/1973/1973
f 1974/1974/1974 1969/1969/1969 1975/1975/1975
f 1969/1969/1969 1972/1972/1972 1975/1975/1975
f 1976/1976/1976 1973/1973/1973 1974/1974/1974
f 1976/1976/1976 1974/1974/1974 1975/1975/1975
f 1978/1978/1978 1970/1970/1970 1977/1977/1977
f 1979/1979/1979 1978/1978/1978 1977/1977/1977
f 1980/1980/1980 1978/1978/1978 1979/1979/1979
f 1981/1981/1981 1980/1980/1980 1979/1979/1979
f 1977/1977/1977 1982/1982/1982 1979/1979/1979
f 1982/1982/1982 1983/1983/1983 1979/1979/1979
f 1981/1981/1981 1979/1979/1979 1984/1984/1984
f 1979/1979/1979 1983/1983/1983 1984/1984/1984
f 1985/1985/1985 1983/1983/1983 1982/1982/1982
f 1985/1985/1985 1984/1984/1984 1983/1983/1983
f 1988/1988/1988 1987/1987/1987 1986/1986/1986
f 1987/1987/1987 1989/1989/1989 1986/1986/1986
f 1990/1990/1990 1989/1989/1989 1987/1987/1987
f 1991/1991/1991 1990/1990/1990 1987/1987/1987
f 1992/1992/1992 1990/1990/1990 1991/1991/1991
f 1993/1993/1993 1992/1992/1992 1991/1991/1991
f 1988/1988/1988 1986/1986/1986 1994/1994/1994
f 1995/1995/1995 1988/1988/1988 1994/1994/1994
f 1987/1987/1987 1988/1988/1988 1996/1996/1996
f 1987/1987/1987 1996/1996/1996 1991/1991/1991
f 1988/1988/1988 1997/1997/1997 1996/1996/1996
f 1996/1996/1996 1998/1998/1998 1991/1991/1991
f 1993/1993/1993 1991/1991/1991 1999/1999/1999
f 1991/1991/1991 1998/1998/1998 1999/1999/1999
f 1997/1997/1997 1988/1988/1988 2000/2000/2000
f 1988/1988/1988 1995/1995/1995 2000/2000/2000
f 2001/2001/2001 1996/1996/1996 1997/1997/1997
f 2001/2001/2001 1998/1998/1998 1996/1996/1996
f 2001/2001/2001 1997/1997/1997 2000/2000/2000
f 2002/2002/2002 1999/1999/1999 1998/1998/1998
f 2005/2005/2005 2004/2004/2004 2003/2003/2003
f 2004/2004/2004 2006/2006/2006 2003/2003/2003
f 2007/2007/2007 2006/2006/2006 2004/2004/2004
f 2008/2008/2008 2007/2007/2007 2004/2004/2004
f 2009/2009/2009 2007/2007/2007 2008/2008/2008
f 2010/2010/2010 2009/2009/2009 2008/2008/2008
f 2005/2005/2005 2003/2003/2003 2011/2011/2011
f 2012/2012/2012 2005/2005/2005 2011/2011/2011
f 2004/2004/2004 2005/2005/2005 2013/2013/2013
f 2004/2004/2004 2013/2013/2013 2008/2008/2008
f 2005/2005/2005 2014/2014/2014 2013/2013/2013
f 2013/2013/2013 2015/2015/2015 2008/2008/2008
f 2010/2010/2010 2008/2008/2008 2016/2016/2016
f 2008/2008/2008 2015/2015/2015 2016/2016/2016
f 2014/2014/2014 2005/2005/2005 2017/2017/2017
f 2005/2005/2005 2012/2012/2012 2017/2017/2017
f 2018/2018/2018 2013/2013/2013 2014/2014/2014
f 2018/2018/2018 2015/2015/2015 2013/2013/2013
f 2018/2018/2018 2016/2016/2016 2015/2015/2015
f 2018/2018/2018 2014/2014/2014 2017/2017/2017
f 2021/2021/2021 2020/2020/2020 2019/2019/2019
f 2020/2020/2020 2022/2022/2022 2019/2019/2019
f 2021/2021/2021 2019/2019/2019 2023/2023/2023
f 2024/2024/2024 2021/2021/2021 2023/2023/2023
f 2024/2024/2024 2023/2023/2023 2025/2025/2025
f 2023/2023/2023 2026/2026/2026 2025/2025/2025
f 2025/2025/2025 2026/2026/2026 2027/2027/2027
f 2026/2026/2026 2028/2028/2028 2027/2027/2027
f 2029/2029/2029 2020/2020/2020 2021/2021/2021
f 2030/2030/2030 2029/2029/2029 2021/2021/2021
f 2030/2030/2030 2021/2021/2021 2024/2024/2024
f 2025/2025/2025 2027/2027/2027 2031/2031/2031
f 2032/2032/2032 2025/2025/2025 2031/2031/2031
f 2024/2024/2024 2025/2025/2025 2032/2032/2032
f 2033/2033/2033 2024/2024/2024 2032/2032/2032
f 2033/2033/2033 2030/2030/2030 2024/2024/2024
f 2029/2029/2029 2030/2030/2030 2034/2034/2034
f 2030/2030/2030 2035/2035/2035 2034/2034/2034
f 2030/2030/2030 2033/2033/2033 2035/2035/2035
f 2031/2031/2031 2036/2036/2036 2032/2032/2032
f 2036/2036/2036 2037/2037/2037 2032/2032/2032
f 2032/2032/2032 2037/2037/2037 2033/2033/2033
f 2037/2037/2037 2038/2038/2038 2033/2033/2033
f 2033/2033/2033 2038/2038/2038 2035/2035/2035
f 2039/2039/2039 2034/2034/2034 2035/2035/2035
f 2039/2039/2039 2037/2037/2037 2036/2036/2036
f 2040/2040/2040 2038/2038/2038 2037/2037/2037
f 2040/2040/2040 2035/2035/2035 2038/2038/2038
f 2043/2043/2043 2042/2042/2042 2041/2041/2041
f 2042/2042/2042 2044/2044/2044 2041/2041/2041
f 2045/2045/2045 2042/2042/2042 2043/2043/2043
f 2047/2047/2047 2046/2046/2046 2043/2043/2043
f 2048/2048/2048 2046/2046/2046 2047/2047/2047
f 2051/2051/2051 2050/2050/2050 2049/2049/2049
f 2050/2050/2050 2052/2052/2052 2049/2049/2049
f 2053/2053/2053 2050/2050/2050 2051/2051/2051
f 2055/2055/2055 2054/2054/2054 2050/2050/2050
f 2054/2054/2054 2056/2056/2056 2050/2050/2050
f 2055/2055/2055 2057/2057/2057 2054/2054/2054
f 2057/2057/2057 2058/2058/2058 2054/2054/2054
f 2055/2055/2055 2050/2050/2050 2059/2059/2059
f 2060/2060/2060 2055/2055/2055 2059/2059/2059
f 2060/2060/2060 2061/2061/2061 2055/2055/2055
f 2061/2061/2061 2057/2057/2057 2055/2055/2055
f 2060/2060/2060 2059/2059/2059 2062/2062/2062
f 2063/2063/2063 2060/2060/2060 2062/2062/2062
f 2061/2061/2061 2060/2060/2060 2063/2063/2063
f 2064/2064/2064 2061/2061/2061 2063/2063/2063
f 2066/2066/2066 2053/2053/2053 2065/2065/2065
f 2067/2067/2067 2053/2053/2053 2066/2066/2066
f 2069/2069/2069 2068/2068/2068 2061/2061/2061
f 2070/2070/2070 2068/2068/2068 2064/2064/2064
f 2072/2072/2072 2071/2071/2071 2066/2066/2066
f 2074/2074/2074 2073/2073/2073 2064/2064/2064
f 2075/2075/2075 2073/2073/2073 2074/2074/2074
f 2077/2077/2077 2076/2076/2076 2072/2072/2072
f 2076/2076/2076 2078/2078/2078 2072/2072/2072
f 2079/2079/2079 2063/2063/2063 2076/2076/2076
f 2074/2074/2074 2080/2080/2080 2079/2079/2079
f 2080/2080/2080 2063/2063/2063 2079/2079/2079
f 2063/2063/2063 2081/2081/2081 2076/2076/2076
f 2079/2079/2079 2076/2076/2076 2082/2082/2082
f 2082/2082/2082 2076/2076/2076 2083/2083/2083
f 2084/2084/2084 2082/2082/2082 2083/2083/2083
f 2085/2085/2085 2079/2079/2079 2082/2082/2082
f 2074/2074/2074 2079/2079/2079 2085/2085/2085
f 2086/2086/2086 2074/2074/2074 2085/2085/2085
f 2086/2086/2086 2087/2087/2087 2074/2074/2074
f 2088/2088/2088 2087/2087/2087 2086/2086/2086
f 2088/2088/2088 2082/2082/2082 2089/2089/2089
f 2090/2090/2090 2085/2085/2085 2082/2082/2082
f 2090/2090/2090 2086/2086/2086 2085/2085/2085
f 2093/2093/2093 2092/2092/2092 2091/2091/2091
f 2092/2092/2092 2094/2094/2094 2091/2091/2091
f 2091/2091/2091 2094/2094/2094 2095/2095/2095
f 2094/2094/2094 2096/2096/2096 2095/2095/2095
f 2096/2096/2096 2097/2097/2097 2095/2095/2095
f 2097/2097/2097 2098/2098/2098 2095/2095/2095
f 2097/2097/2097 2099/2099/2099 2098/2098/2098
f 2099/2099/2099 2100/2100/2100 2098/2098/2098
f 2101/2101/2101 2093/2093/2093 2091/2091/2091
f 2102/2102/2102 2098/2098/2098 2100/2100/2100
f 2103/2103/2103 2095/2095/2095 2098/2098/2098
f 2104/2104/2104 2091/2091/2091 2095/2095/2095
f 2105/2105/2105 2096/2096/2096 2094/2094/2094
f 2105/2105/2105 2097/2097/2097 2096/2096/2096
f 2108/2108/2108 2107/2107/2107 2106/2106/2106
f 2107/2107/2107 2109/2109/2109 2106/2106/2106
f 2110/2110/2110 2106/2106/2106 2109/2109/2109
f 2111/2111/2111 2110/2110/2110 2109/2109/2109
f 2109/2109/2109 2112/2112/2112 2111/2111/2111
f 2108/2108/2108 2106/2106/2106 2113/2113/2113
f 2114/2114/2114 2108/2108/2108 2113/2113/2113
f 2113/2113/2113 2106/2106/2106 2115/2115/2115
f 2106/2106/2106 2110/2110/2110 2115/2115/2115
f 2116/2116/2116 2114/2114/2114 2113/2113/2113
f 2117/2117/2117 2113/2113/2113 2115/2115/2115
f 2117/2117/2117 2115/2115/2115 2118/2118/2118
f 2118/2118/2118 2115/2115/2115 2110/2110/2110
f 2111/2111/2111 2112/2112/2112 2119/2119/2119
f 2120/2120/2120 2111/2111/2111 2119/2119/2119
f 2111/2111/2111 2120/2120/2120 2110/2110/2110
f 2120/2120/2120 2121/2121/2121 2110/2110/2110
f 2121/2121/2121 2118/2118/2118 2110/2110/2110
f 2121/2121/2121 2120/2120/2120 2122/2122/2122
f 2119/2119/2119 2122/2122/2122 2120/2120/2120
f 2123/2123/2123 2121/2121/2121 2122/2122/2122
f 2121/2121/2121 2123/2123/2123 2118/2118/2118
f 2123/2123/2123 2122/2122/2122 2124/2124/2124
f 2125/2125/2125 2123/2123/2123 2124/2124/2124
f 2123/2123/2123 2125/2125/2125 2126/2126/2126
f 2123/2123/2123 2126/2126/2126 2118/2118/2118
f 2125/2125/2125 2127/2127/2127 2126/2126/2126
f 2116/2116/2116 2126/2126/2126 2127/2127/2127
f 2128/2128/2128 2118/2118/2118 2126/2126/2126
f 2131/2131/2131 2130/2130/2130 2129/2129/2129
f 2130/2130/2130 2132/2132/2132 2129/2129/2129
f 2129/2129/2129 2132/2132/2132 2133/2133/2133
f 2132/2132/2132 2134/2134/2134 2133/2133/2133
f 2130/2130/2130 2135/2135/2135 2132/2132/2132
f 2135/2135/2135 2136/2136/2136 2132/2132/2132
f 2134/2134/2134 2132/2132/2132 2137/2137/2137
f 2132/2132/2132 2136/2136/2136 2137/2137/2137
f 2135/2135/2135 2138/2138/2138 2136/2136/2136
f 2136/2136/2136 2138/2138/2138 2137/2137/2137
f 2140/2140/2140 2131/2131/2131 2139/2139/2139
f 2141/2141/2141 2140/2140/2140 2139/2139/2139
f 2141/2141/2141 2139/2139/2139 2142/2142/2142
f 2143/2143/2143 2141/2141/2141 2142/2142/2142
f 2140/2140/2140 2141/2141/2141 2144/2144/2144
f 2141/2141/2141 2145/2145/2145 2144/2144/2144
f 2145/2145/2145 2141/2141/2141 2146/2146/2146
f 2141/2141/2141 2143/2143/2143 2146/2146/2146
f 2145/2145/2145 2147/2147/2147 2144/2144/2144
f 2146/2146/2146 2147/2147/2147 2145/2145/2145
f 2150/2150/2150 2149/2149/2149 2148/2148/2148
f 2149/2149/2149 2151/2151/2151 2148/2148/2148
f 2149/2149/2149 2150/2150/2150 2152/2152/2152
f 2153/2153/2153 2149/2149/2149 2152/2152/2152
f 2153/2153/2153 2152/2152/2152 2154/2154/2154
f 2155/2155/2155 2153/2153/2153 2154/2154/2154
f 2148/2148/2148 2151/2151/2151 2156/2156/2156
f 2151/2151/2151 2157/2157/2157 2156/2156/2156
f 2149/2149/2149 2158/2158/2158 2151/2151/2151
f 2149/2149/2149 2153/2153/2153 2158/2158/2158
f 2158/2158/2158 2159/2159/2159 2151/2151/2151
f 2153/2153/2153 2160/2160/2160 2158/2158/2158
f 2160/2160/2160 2153/2153/2153 2161/2161/2161
f 2153/2153/2153 2155/2155/2155 2161/2161/2161
f 2157/2157/2157 2151/2151/2151 2162/2162/2162
f 2151/2151/2151 2159/2159/2159 2162/2162/2162
f 2158/2158/2158 2163/2163/2163 2159/2159/2159
f 2160/2160/2160 2163/2163/2163 2158/2158/2158
f 2159/2159/2159 2163/2163/2163 2162/2162/2162
f 2161/2161/2161 2164/2164/2164 2160/2160/2160
f 2167/2167/2167 2166/2166/2166 2165/2165/2165
f 2166/2166/2166 2168/2168/2168 2165/2165/2165
f 2166/2166/2166 2167/2167/2167 2169/2169/2169
f 2170/2170/2170 2166/2166/2166 2169/2169/2169
f 2170/2170/2170 2169/2169/2169 2171/2171/2171
f 2172/2172/2172 2170/2170/2170 2171/2171/2171
f 2165/2165/2165 2168/2168/2168 2173/2173/2173
f 2168/2168/2168 2174/2174/2174 2173/2173/2173
f 2166/2166/2166 2175/2175/2175 2168/2168/2168
f 2166/2166/2166 2170/2170/2170 2175/2175/2175
f 2175/2175/2175 2176/2176/2176 2168/2168/2168
f 2170/2170/2170 2177/2177/2177 2175/2175/2175
f 2177/2177/2177 2170/2170/2170 2178/2178/2178
f 2170/2170/2170 2172/2172/2172 2178/2178/2178
f 2174/2174/2174 2168/2168/2168 2179/2179/2179
f 2168/2168/2168 2176/2176/2176 2179/2179/2179
f 2175/2175/2175 2180/2180/2180 2176/2176/2176
f 2177/2177/2177 2180/2180/2180 2175/2175/2175
f 2178/2178/2178 2180/2180/2180 2177/2177/2177
f 2176/2176/2176 2180/2180/2180 2179/2179/2179
f 2183/2183/2183 2182/2182/2182 2181/2181/2181
f 2182/2182/2182 2184/2184/2184 2181/2181/2181
f 2181/2181/2181 2184/2184/2184 2185/2185/2185
f 2184/2184/2184 2186/2186/2186 2185/2185/2185
f 2186/2186/2186 2187/2187/2187 2185/2185/2185
f 2187/2187/2187 2188/2188/2188 2185/2185/2185
f 2187/2187/2187 2189/2189/2189 2188/2188/2188
f 2189/2189/2189 2190/2190/2190 2188/2188/2188
f 2182/2182/2182 2191/2191/2191 2184/2184/2184
f 2191/2191/2191 2192/2192/2192 2184/2184/2184
f 2184/2184/2184 2192/2192/2192 2186/2186/2186
f 2193/2193/2193 2189/2189/2189 2187/2187/2187
f 2194/2194/2194 2193/2193/2193 2187/2187/2187
f 2194/2194/2194 2187/2187/2187 2186/2186/2186
f 2195/2195/2195 2194/2194/2194 2186/2186/2186
f 2192/2192/2192 2195/2195/2195 2186/2186/2186
f 2191/2191/2191 2196/2196/2196 2192/2192/2192
f 2196/2196/2196 2197/2197/2197 2192/2192/2192
f 2192/2192/2192 2197/2197/2197 2195/2195/2195
f 2193/2193/2193 2194/2194/2194 2198/2198/2198
f 2194/2194/2194 2199/2199/2199 2198/2198/2198
f 2194/2194/2194 2195/2195/2195 2199/2199/2199
f 2195/2195/2195 2200/2200/2200 2199/2199/2199
f 2197/2197/2197 2200/2200/2200 2195/2195/2195
f 2196/2196/2196 2201/2201/2201 2197/2197/2197
f 2199/2199/2199 2201/2201/2201 2198/2198/2198
f 2200/2200/2200 2202/2202/2202 2199/2199/2199
f 2197/2197/2197 2202/2202/2202 2200/2200/2200
f 2205/2205/2205 2204/2204/2204 2203/2203/2203
f 2204/2204/2204 2206/2206/2206 2203/2203/2203
f 2204/2204/2204 2207/2207/2207 2206/2206/2206
f 2209/2209/2209 2208/2208/2208 2206/2206/2206
f 2209/2209/2209 2210/2210/2210 2208/2208/2208
f 2213/2213/2213 2212/2212/2212 2211/2211/2211
f 2212/2212/2212 2214/2214/2214 2211/2211/2211
f 2212/2212/2212 2215/2215/2215 2214/2214/2214
f 2217/2217/2217 2212/2212/2212 2216/2216/2216
f 2212/2212/2212 2218/2218/2218 2216/2216/2216
f 2219/2219/2219 2217/2217/2217 2216/2216/2216
f 2220/2220/2220 2219/2219/2219 2216/2216/2216
f 2221/2221/2221 2212/2212/2212 2217/2217/2217
f 2222/2222/2222 2221/2221/2221 2217/2217/2217
f 2219/2219/2219 2223/2223/2223 2217/2217/2217
f 2223/2223/2223 2222/2222/2222 2217/2217/2217
f 2224/2224/2224 2221/2221/2221 2222/2222/2222
f 2225/2225/2225 2224/2224/2224 2222/2222/2222
f 2225/2225/2225 2222/2222/2222 2223/2223/2223
f 2226/2226/2226 2225/2225/2225 2223/2223/2223
f 2215/2215/2215 2228/2228/2228 2227/2227/2227
f 2215/2215/2215 2229/2229/2229 2228/2228/2228
f 2231/2231/2231 2230/2230/2230 2223/2223/2223
f 2231/2231/2231 2232/2232/2232 2226/2226/2226
f 2234/2234/2234 2233/2233/2233 2228/2228/2228
f 2236/2236/2236 2235/2235/2235 2226/2226/2226
f 2236/2236/2236 2237/2237/2237 2235/2235/2235
f 2239/2239/2239 2238/2238/2238 2233/2233/2233
f 2238/2238/2238 2240/2240/2240 2233/2233/2233
f 2241/2241/2241 2238/2238/2238 2225/2225/2225
f 2235/2235/2235 2241/2241/2241 2242/2242/2242
f 2241/2241/2241 2225/2225/2225 2242/2242/2242
f 2238/2238/2238 2243/2243/2243 2225/2225/2225
f 2244/2244/2244 2238/2238/2238 2241/2241/2241
f 2238/2238/2238 2244/2244/2244 2245/2245/2245
f 2244/2244/2244 2246/2246/2246 2245/2245/2245
f 2247/2247/2247 2244/2244/2244 2241/2241/2241
f 2247/2247/2247 2241/2241/2241 2235/2235/2235
f 2248/2248/2248 2247/2247/2247 2235/2235/2235
f 2249/2249/2249 2248/2248/2248 2235/2235/2235
f 2249/2249/2249 2250/2250/2250 2248/2248/2248
f 2244/2244/2244 2250/2250/2250 2251/2251/2251
f 2247/2247/2247 2252/2252/2252 2244/2244/2244
f 2248/2248/2248 2252/2252/2252 2247/2247/2247
f 2255/2255/2255 2254/2254/2254 2253/2253/2253
f 2254/2254/2254 2256/2256/2256 2253/2253/2253
f 2255/2255/2255 2253/2253/2253 2257/2257/2257
f 2258/2258/2258 2255/2255/2255 2257/2257/2257
f 2259/2259/2259 2258/2258/2258 2257/2257/2257
f 2260/2260/2260 2259/2259/2259 2257/2257/2257
f 2261/2261/2261 2259/2259/2259 2260/2260/2260
f 2262/2262/2262 2261/2261/2261 2260/2260/2260
f 2256/2256/2256 2263/2263/2263 2253/2253/2253
f 2260/2260/2260 2264/2264/2264 2262/2262/2262
f 2257/2257/2257 2265/2265/2265 2260/2260/2260
f 2253/2253/2253 2266/2266/2266 2257/2257/2257
f 2258/2258/2258 2267/2267/2267 2255/2255/2255
f 2259/2259/2259 2267/2267/2267 2258/2258/2258
f 2270/2270/2270 2269/2269/2269 2268/2268/2268
f 2269/2269/2269 2271/2271/2271 2268/2268/2268
f 2269/2269/2269 2272/2272/2272 2271/2271/2271
f 2272/2272/2272 2273/2273/2273 2271/2271/2271
f 2274/2274/2274 2271/2271/2271 2273/2273/2273
f 2269/2269/2269 2270/2270/2270 2275/2275/2275
f 2270/2270/2270 2276/2276/2276 2275/2275/2275
f 2272/2272/2272 2269/2269/2269 2277/2277/2277
f 2269/2269/2269 2275/2275/2275 2277/2277/2277
f 2276/2276/2276 2278/2278/2278 2275/2275/2275
f 2275/2275/2275 2279/2279/2279 2277/2277/2277
f 2277/2277/2277 2279/2279/2279 2280/2280/2280
f 2277/2277/2277 2280/2280/2280 2272/2272/2272
f 2281/2281/2281 2274/2274/2274 2273/2273/2273
f 2282/2282/2282 2281/2281/2281 2273/2273/2273
f 2273/2273/2273 2272/2272/2272 2282/2282/2282
f 2272/2272/2272 2283/2283/2283 2282/2282/2282
f 2280/2280/2280 2283/2283/2283 2272/2272/2272
f 2282/2282/2282 2283/2283/2283 2284/2284/2284
f 2284/2284/2284 2281/2281/2281 2282/2282/2282
f 2283/2283/2283 2285/2285/2285 2284/2284/2284
f 2285/2285/2285 2283/2283/2283 2280/2280/2280
f 2284/2284/2284 2285/2285/2285 2286/2286/2286
f 2285/2285/2285 2287/2287/2287 2286/2286/2286
f 2287/2287/2287 2285/2285/2285 2288/2288/2288
f 2288/2288/2288 2285/2285/2285 2280/2280/2280
f 2289/2289/2289 2287/2287/2287 2288/2288/2288
f 2288/2288/2288 2278/2278/2278 2289/2289/2289
f 2280/2280/2280 2290/2290/2290 2288/2288/2288
f 2293/2293/2293 2292/2292/2292 2291/2291/2291
f 2292/2292/2292 2294/2294/2294 2291/2291/2291
f 2295/2295/2295 2294/2294/2294 2292/2292/2292
f 2296/2296/2296 2295/2295/2295 2292/2292/2292
f 2293/2293/2293 2297/2297/2297 2292/2292/2292
f 2297/2297/2297 2298/2298/2298 2292/2292/2292
f 2296/2296/2296 2292/2292/2292 2298/2298/2298
f 2299/2299/2299 2296/2296/2296 2298/2298/2298
f 2300/2300/2300 2298/2298/2298 2297/2297/2297
f 2301/2301/2301 2299/2299/2299 2298/2298/2298
f 2303/2303/2303 2302/2302/2302 2297/2297/2297
f 2302/2302/2302 2303/2303/2303 2304/2304/2304
f 2305/2305/2305 2302/2302/2302 2304/2304/2304
f 2302/2302/2302 2305/2305/2305 2306/2306/2306
f 2307/2307/2307 2302/2302/2302 2306/2306/2306
f 2302/2302/2302 2308/2308/2308 2297/2297/2297
f 2302/2302/2302 2307/2307/2307 2308/2308/2308
f 2307/2307/2307 2309/2309/2309 2308/2308/2308
f 2308/2308/2308 2310/2310/2310 2297/2297/2297
f 2309/2309/2309 2311/2311/2311 2308/2308/2308
f 2314/2314/2314 2313/2313/2313 2312/2312/2312
f 2313/2313/2313 2315/2315/2315 2312/2312/2312
f 2316/2316/2316 2314/2314/2314 2312/2312/2312
f 2317/2317/2317 2316/2316/2316 2312/2312/2312
f 2318/2318/2318 2312/2312/2312 2315/2315/2315
f 2319/2319/2319 2317/2317/2317 2312/2312/2312
f 2315/2315/2315 2321/2321/2321 2320/2320/2320
f 2321/2321/2321 2322/2322/2322 2320/2320/2320
f 2322/2322/2322 2323/2323/2323 2320/2320/2320
f 2323/2323/2323 2324/2324/2324 2320/2320/2320
f 2320/2320/2320 2325/2325/2325 2315/2315/2315
f 2324/2324/2324 2326/2326/2326 2320/2320/2320
f 2329/2329/2329 2328/2328/2328 2327/2327/2327
f 2330/2330/2330 2329/2329/2329 2327/2327/2327
f 2331/2331/2331 2330/2330/2330 2327/2327/2327
f 2332/2332/2332 2331/2331/2331 2327/2327/2327
f 2334/2334/2334 2333/2333/2333 2327/2327/2327
f 2335/2335/2335 2327/2327/2327 2333/2333/2333
f 2333/2333/2333 2334/2334/2334 2336/2336/2336
f 2336/2336/2336 2337/2337/2337 2333/2333/2333
f 2339/2339/2339 2338/2338/2338 2336/2336/2336
f 2338/2338/2338 2340/2340/2340 2336/2336/2336
f 2340/2340/2340 2341/2341/2341 2336/2336/2336
f 2341/2341/2341 2342/2342/2342 2336/2336/2336
f 2345/2345/2345 2344/2344/2344 2343/2343/2343
f 2344/2344/2344 2346/2346/2346 2343/2343/2343
f 2347/2347/2347 2345/2345/2345 2343/2343/2343
f 2348/2348/2348 2347/2347/2347 2343/2343/2343
f 2349/2349/2349 2343/2343/2343 2346/2346/2346
f 2350/2350/2350 2348/2348/2348 2343/2343/2343
f 2346/2346/2346 2344/2344/2344 2351/2351/2351
f 2344/2344/2344 2352/2352/2352 2351/2351/2351
f 2352/2352/2352 2353/2353/2353 2351/2351/2351
f 2353/2353/2353 2354/2354/2354 2351/2351/2351
f 2351/2351/2351 2355/2355/2355 2346/2346/2346
f 2354/2354/2354 2356/2356/2356 2351/2351/2351
f 2359/2359/2359 2358/2358/2358 2357/2357/2357
f 2358/2358/2358 2360/2360/2360 2357/2357/2357
f 2361/2361/2361 2359/2359/2359 2357/2357/2357
f 2362/2362/2362 2361/2361/2361 2357/2357/2357
f 2363/2363/2363 2357/2357/2357 2360/2360/2360
f 2364/2364/2364 2362/2362/2362 2357/2357/2357
f 2360/2360/2360 2358/2358/2358 2365/2365/2365
f 2358/2358/2358 2366/2366/2366 2365/2365/2365
f 2366/2366/2366 2367/2367/2367 2365/2365/2365
f 2367/2367/2367 2368/2368/2368 2365/2365/2365
f 2365/2365/2365 2369/2369/2369 2360/2360/2360
f 2368/2368/2368 2370/2370/2370 2365/2365/2365
f 2373/2373/2373 2372/2372/2372 2371/2371/2371
f 2372/2372/2372 2374/2374/2374 2371/2371/2371
f 2375/2375/2375 2373/2373/2373 2371/2371/2371
f 2376/2376/2376 2375/2375/2375 2371/2371/2371
f 2377/2377/2377 2371/2371/2371 2374/2374/2374
f 2378/2378/2378 2376/2376/2376 2371/2371/2371
f 2374/2374/2374 2372/2372/2372 2379/2379/2379
f 2372/2372/2372 2380/2380/2380 2379/2379/2379
f 2380/2380/2380 2381/2381/2381 2379/2379/2379
f 2381/2381/2381 2382/2382/2382 2379/2379/2379
f 2379/2379/2379 2383/2383/2383 2374/2374/2374
f 2382/2382/2382 2384/2384/2384 2379/2379/2379
f 2387/2387/2387 2386/2386/2386 2385/2385/2385
f 2386/2386/2386 2388/2388/2388 2385/2385/2385
f 2389/2389/2389 2387/2387/2387 2385/2385/2385
f 2390/2390/2390 2389/2389/2389 2385/2385/2385
f 2391/2391/2391 2385/2385/2385 2388/2388/2388
f 2392/2392/2392 2390/2390/2390 2385/2385/2385
f 2388/2388/2388 2386/2386/2386 2393/2393/2393
f 2386/2386/2386 2394/2394/2394 2393/2393/2393
f 2394/2394/2394 2395/2395/2395 2393/2393/2393
f 2395/2395/2395 2396/2396/2396 2393/2393/2393
f 2393/2393/2393 2397/2397/2397 2388/2388/2388
f 2396/2396/2396 2398/2398/2398 2393/2393/2393
f 2401/2401/2401 2400/2400/2400 2399/2399/2399
f 2400/2400/2400 2402/2402/2402 2399/2399/2399
f 2403/2403/2403 2401/2401/2401 2399/2399/2399
f 2404/2404/2404 2403/2403/2403 2399/2399/2399
f 2405/2405/2405 2399/2399/2399 2402/2402/2402
f 2406/2406/2406 2404/2404/2404 2399/2399/2399
f 2402/2402/2402 2400/2400/2400 2407/2407/2407
f 2400/2400/2400 2408/2408/2408 2407/2407/2407
f 2408/2408/2408 2409/2409/2409 2407/2407/2407
f 2409/2409/2409 2410/2410/2410 2407/2407/2407
f 2407/2407/2407 2411/2411/2411 2402/2402/2402
f 2410/2410/2410 2412/2412/2412 2407/2407/2407
f 2415/2415/2415 2414/2414/2414 2413/2413/2413
f 2414/2414/2414 2416/2416/2416 2413/2413/2413
f 2417/2417/2417 2415/2415/2415 2413/2413/2413
f 2418/2418/2418 2417/2417/2417 2413/2413/2413
f 2419/2419/2419 2413/2413/2413 2416/2416/2416
f 2420/2420/2420 2418/2418/2418 2413/2413/2413
f 2416/2416/2416 2414/2414/2414 2421/2421/2421
f 2414/2414/2414 2422/2422/2422 2421/2421/2421
f 2422/2422/2422 2423/2423/2423 2421/2421/2421
f 2423/2423/2423 2424/2424/2424 2421/2421/2421
f 2421/2421/2421 2425/2425/2425 2416/2416/2416
f 2424/2424/2424 2426/2426/2426 2421/2421/2421
f 2429/2429/2429 2428/2428/2428 2427/2427/2427
f 2428/2428/2428 2430/2430/2430 2427/2427/2427
f 2431/2431/2431 2429/2429/2429 2427/2427/2427
f 2432/2432/2432 2431/2431/2431 2427/2427/2427
f 2433/2433/2433 2427/2427/2427 2430/2430/2430
f 2434/2434/2434 2432/2432/2432 2427/2427/2427
f 2430/2430/2430 2428/2428/2428 2435/2435/2435
f 2428/2428/2428 2436/2436/2436 2435/2435/2435
f 2436/2436/2436 2437/2437/2437 2435/2435/2435
f 2437/2437/2437 2438/2438/2438 2435/2435/2435
f 2435/2435/2435 2439/2439/2439 2430/2430/2430
f 2438/2438/2438 2440/2440/2440 2435/2435/2435
f 2443/2443/2443 2442/2442/2442 2441/2441/2441
f 2442/2442/2442 2444/2444/2444 2441/2441/2441
f 2444/2444/2444 2445/2445/2445 2441/2441/2441
f 2445/2445/2445 2446/2446/2446 2441/2441/2441
f 2441/2441/2441 2447/2447/2447 2443/2443/2443
f 2446/2446/2446 2448/2448/2448 2441/2441/2441
f 2442/2442/2442 2443/2443/2443 2449/2449/2449
f 2450/2450/2450 2442/2442/2442 2449/2449/2449
f 2451/2451/2451 2450/2450/2450 2449/2449/2449
f 2452/2452/2452 2451/2451/2451 2449/2449/2449
f 2453/2453/2453 2449/2449/2449 2443/2443/2443
f 2454/2454/2454 2452/2452/2452 2449/2449/2449
f 2457/2457/2457 2456/2456/2456 2455/2455/2455
f 2456/2456/2456 2458/2458/2458 2455/2455/2455
f 2459/2459/2459 2457/2457/2457 2455/2455/2455
f 2460/2460/2460 2459/2459/2459 2455/2455/2455
f 2461/2461/2461 2455/2455/2455 2458/2458/2458
f 2462/2462/2462 2460/2460/2460 2455/2455/2455
f 2458/2458/2458 2456/2456/2456 2463/2463/2463
f 2456/2456/2456 2464/2464/2464 2463/2463/2463
f 2464/2464/2464 2465/2465/2465 2463/2463/2463
f 2465/2465/2465 2466/2466/2466 2463/2463/2463
f 2463/2463/2463 2467/2467/2467 2458/2458/2458
f 2466/2466/2466 2468/2468/2468 2463/2463/2463
f 2471/2471/2471 2470/2470/2470 2469/2469/2469
f 2470/2470/2470 2472/2472/2472 2469/2469/2469
f 2473/2473/2473 2471/2471/2471 2469/2469/2469
f 2474/2474/2474 2473/2473/2473 2469/2469/2469
f 2475/2475/2475 2469/2469/2469 2472/2472/2472
f 2476/2476/2476 2474/2474/2474 2469/2469/2469
f 2472/2472/2472 2470/2470/2470 2477/2477/2477
f 2470/2470/2470 2478/2478/2478 2477/2477/2477
f 2478/2478/2478 2479/2479/2479 2477/2477/2477
f 2479/2479/2479 2480/2480/2480 2477/2477/2477
f 2477/2477/2477 2481/2481/2481 2472/2472/2472
f 2480/2480/2480 2482/2482/2482 2477/2477/2477
f 2485/2485/2485 2484/2484/2484 2483/2483/2483
f 2484/2484/2484 2486/2486/2486 2483/2483/2483
f 2486/2486/2486 2487/2487/2487 2483/2483/2483
f 2487/2487/2487 2488/2488/2488 2483/2483/2483
f 2483/2483/2483 2489/2489/2489 2485/2485/2485
f 2488/2488/2488 2490/2490/2490 2483/2483/2483
f 2484/2484/2484 2485/2485/2485 2491/2491/2491
f 2492/2492/2492 2484/2484/2484 2491/2491/2491
f 2493/2493/2493 2492/2492/2492 2491/2491/2491
f 2494/2494/2494 2493/2493/2493 2491/2491/2491
f 2495/2495/2495 2491/2491/2491 2485/2485/2485
f 2496/2496/2496 2494/2494/2494 2491/2491/2491
f 2499/2499/2499 2498/2498/2498 2497/2497/2497
f 2498/2498/2498 2500/2500/2500 2497/2497/2497
f 2500/2500/2500 2501/2501/2501 2497/2497/2497
f 2501/2501/2501 2502/2502/2502 2497/2497/2497
f 2497/2497/2497 2503/2503/2503 2499/2499/2499
f 2502/2502/2502 2504/2504/2504 2497/2497/2497
f 2498/2498/2498 2499/2499/2499 2505/2505/2505
f 2506/2506/2506 2498/2498/2498 2505/2505/2505
f 2507/2507/2507 2506/2506/2506 2505/2505/2505
f 2508/2508/2508 2507/2507/2507 2505/2505/2505
f 2509/2509/2509 2505/2505/2505 2499/2499/2499
f 2510/2510/2510 2508/2508/2508 2505/2505/2505
f 2513/2513/2513 2512/2512/2512 2511/2511/2511
f 2512/2512/2512 2514/2514/2514 2511/2511/2511
f 2514/2514/2514 2515/2515/2515 2511/2511/2511
f 2515/2515/2515 2516/2516/2516 2511/2511/2511
f 2511/2511/2511 2517/2517/2517 2513/2513/2513
f 2516/2516/2516 2518/2518/2518 2511/2511/2511
f 2512/2512/2512 2513/2513/2513 2519/2519/2519
f 2520/2520/2520 2512/2512/2512 2519/2519/2519
f 2521/2521/2521 2520/2520/2520 2519/2519/2519
f 2522/2522/2522 2521/2521/2521 2519/2519/2519
f 2523/2523/2523 2519/2519/2519 2513/2513/2513
f 2524/2524/2524 2522/2522/2522 2519/2519/2519
f 2527/2527/2527 2526/2526/2526 2525/2525/2525
f 2526/2526/2526 2528/2528/2528 2525/2525/2525
f 2528/2528/2528 2529/2529/2529 2525/2525/2525
f 2529/2529/2529 2530/2530/2530 2525/2525/2525
f 2525/2525/2525 2531/2531/2531 2527/2527/2527
f 2530/2530/2530 2532/2532/2532 2525/2525/2525
f 2526/2526/2526 2527/2527/2527 2533/2533/2533
f 2534/2534/2534 2526/2526/2526 2533/2533/2533
f 2535/2535/2535 2534/2534/2534 2533/2533/2533
f 2536/2536/2536 2535/2535/2535 2533/2533/2533
f 2537/2537/2537 2533/2533/2533 2527/2527/2527
f 2538/2538/2538 2536/2536/2536 2533/2533/2533
f 2541/2541/2541 2540/2540/2540 2539/2539/2539
f 2540/2540/2540 2542/2542/2542 2539/2539/2539
f 2542/2542/2542 2543/2543/2543 2539/2539/2539
f 2543/2543/2543 2544/2544/2544 2539/2539/2539
f 2539/2539/2539 2545/2545/2545 2541/2541/2541
f 2544/2544/2544 2546/2546/2546 2539/2539/2539
f 2540/2540/2540 2541/2541/2541 2547/2547/2547
f 2548/2548/2548 2540/2540/2540 2547/2547/2547
f 2549/2549/2549 2548/2548/2548 2547/2547/2547
f 2550/2550/2550 2549/2549/2549 2547/2547/2547
f 2551/2551/2551 2547/2547/2547 2541/2541/2541
f 2552/2552/2552 2550/2550/2550 2547/2547/2547
f 2555/2555/2555 2554/2554/2554 2553/2553/2553
f 2554/2554/2554 2556/2556/2556 2553/2553/2553
f 2556/2556/2556 2557/2557/2557 2553/2553/2553
f 2557/2557/2557 2558/2558/2558 2553/2553/2553
f 2553/2553/2553 2559/2559/2559 2555/2555/2555
f 2558/2558/2558 2560/2560/2560 2553/2553/2553
f 2554/2554/2554 2555/2555/2555 2561/2561/2561
f 2562/2562/2562 2554/2554/2554 2561/2561/2561
f 2563/2563/2563 2562/2562/2562 2561/2561/2561
f 2564/2564/2564 2563/2563/2563 2561/2561/2561
f 2565/2565/2565 2561/2561/2561 2555/2555/2555
f 2566/2566/2566 2564/2564/2564 2561/2561/2561
f 2569/2569/2569 2568/2568/2568 2567/2567/2567
f 2568/2568/2568 2570/2570/2570 2567/2567/2567
f 2570/2570/2570 2571/2571/2571 2567/2567/2567
f 2571/2571/2571 2572/2572/2572 2567/2567/2567
f 2567/2567/2567 2573/2573/2573 2569/2569/2569
f 2572/2572/2572 2574/2574/2574 2567/2567/2567
f 2568/2568/2568 2569/2569/2569 2575/2575/2575
f 2576/2576/2576 2568/2568/2568 2575/2575/2575
f 2577/2577/2577 2576/2576/2576 2575/2575/2575
f 2578/2578/2578 2577/2577/2577 2575/2575/2575
f 2579/2579/2579 2575/2575/2575 2569/2569/2569
f 2580/2580/2580 2578/2578/2578 2575/2575/2575
f 2583/2583/2583 2582/2582/2582 2581/2581/2581
f 2582/2582/2582 2584/2584/2584 2581/2581/2581
f 2581/2581/2581 2585/2585/2585 2583/2583/2583
f 2585/2585/2585 2586/2586/2586 2583/2583/2583
f 2581/2581/2581 2584/2584/2584 2587/2587/2587
f 2584/2584/2584 2588/2588/2588 2587/2587/2587
f 2585/2585/2585 2581/2581/2581 2589/2589/2589
f 2581/2581/2581 2587/2587/2587 2589/2589/2589
f 2588/2588/2588 2590/2590/2590 2587/2587/2587
f 2587/2587/2587 2590/2590/2590 2589/2589/2589
f 2589/2589/2589 2590/2590/2590 2591/2591/2591
f 2589/2589/2589 2591/2591/2591 2585/2585/2585
f 2592/2592/2592 2586/2586/2586 2585/2585/2585
f 2593/2593/2593 2592/2592/2592 2585/2585/2585
f 2591/2591/2591 2593/2593/2593 2585/2585/2585
f 2592/2592/2592 2593/2593/2593 2594/2594/2594
f 2593/2593/2593 2595/2595/2595 2594/2594/2594
f 2595/2595/2595 2593/2593/2593 2591/2591/2591
f 2594/2594/2594 2595/2595/2595 2596/2596/2596
f 2595/2595/2595 2597/2597/2597 2596/2596/2596
f 2597/2597/2597 2595/2595/2595 2598/2598/2598
f 2598/2598/2598 2595/2595/2595 2591/2591/2591
f 2599/2599/2599 2597/2597/2597 2598/2598/2598
f 2598/2598/2598 2600/2600/2600 2599/2599/2599
f 2591/2591/2591 2600/2600/2600 2598/2598/2598
f 2603/2603/2603 2602/2602/2602 2601/2601/2601
f 2602/2602/2602 2604/2604/2604 2601/2601/2601
f 2605/2605/2605 2601/2601/2601 2604/2604/2604
f 2606/2606/2606 2605/2605/2605 2604/2604/2604
f 2603/2603/2603 2601/2601/2601 2607/2607/2607
f 2608/2608/2608 2603/2603/2603 2607/2607/2607
f 2607/2607/2607 2601/2601/2601 2609/2609/2609
f 2601/2601/2601 2605/2605/2605 2609/2609/2609
f 2610/2610/2610 2608/2608/2608 2607/2607/2607
f 2610/2610/2610 2607/2607/2607 2609/2609/2609
f 2610/2610/2610 2609/2609/2609 2611/2611/2611
f 2611/2611/2611 2609/2609/2609 2605/2605/2605
f 2606/2606/2606 2612/2612/2612 2605/2605/2605
f 2612/2612/2612 2613/2613/2613 2605/2605/2605
f 2613/2613/2613 2611/2611/2611 2605/2605/2605
f 2613/2613/2613 2612/2612/2612 2614/2614/2614
f 2615/2615/2615 2613/2613/2613 2614/2614/2614
f 2613/2613/2613 2615/2615/2615 2611/2611/2611
f 2615/2615/2615 2614/2614/2614 2616/2616/2616
f 2617/2617/2617 2615/2615/2615 2616/2616/2616
f 2615/2615/2615 2617/2617/2617 2618/2618/2618
f 2615/2615/2615 2618/2618/2618 2611/2611/2611
f 2617/2617/2617 2619/2619/2619 2618/2618/2618
f 2620/2620/2620 2618/2618/2618 2619/2619/2619
f 2620/2620/2620 2611/2611/2611 2618/2618/2618
f 2623/2623/2623 2622/2622/2622 2621/2621/2621
f 2622/2622/2622 2624/2624/2624 2621/2621/2621
f 2625/2625/2625 2623/2623/2623 2621/2621/2621
f 2626/2626/2626 2625/2625/2625 2621/2621/2621
f 2628/2628/2628 2627/2627/2627 2624/2624/2624
f 2630/2630/2630 2626/2626/2626 2629/2629/2629
f 2624/2624/2624 2632/2632/2632 2631/2631/2631
f 2631/2631/2631 2633/2633/2633 2624/2624/2624
f 2635/2635/2635 2634/2634/2634 2631/2631/2631
f 2634/2634/2634 2636/2636/2636 2631/2631/2631
f 2636/2636/2636 2637/2637/2637 2631/2631/2631
f 2637/2637/2637 2638/2638/2638 2631/2631/2631
f 2641/2641/2641 2640/2640/2640 2639/2639/2639
f 2640/2640/2640 2642/2642/2642 2639/2639/2639
f 2643/2643/2643 2641/2641/2641 2639/2639/2639
f 2644/2644/2644 2643/2643/2643 2639/2639/2639
f 2645/2645/2645 2639/2639/2639 2642/2642/2642
f 2646/2646/2646 2644/2644/2644 2639/2639/2639
f 2642/2642/2642 2640/2640/2640 2647/2647/2647
f 2640/2640/2640 2648/2648/2648 2647/2647/2647
f 2648/2648/2648 2649/2649/2649 2647/2647/2647
f 2649/2649/2649 2650/2650/2650 2647/2647/2647
f 2647/2647/2647 2651/2651/2651 2642/2642/2642
f 2650/2650/2650 2652/2652/2652 2647/2647/2647
