g z_4
v 0.0725514516 -0.114556275 2.02228594
v 0.0723664612 -0.12042129 2.01333594
v 0.0673804581 -0.123513333 2.02228594
v 0.0751374587 -0.110078275 2.01333594
v 0.0725514516 -0.114556275 2.00437593
v 0.0673804581 -0.123513333 2.00437593
v 0.0647944584 -0.127992392 2.01333594
v 0.0666007623 -0.107492365 2.02884603
v 0.05764376 -0.123006284 2.02884579
v 0.0710797757 -0.099735409 2.01333594
v 0.0666007623 -0.107492365 1.99781609
v 0.05764376 -0.123006433 1.99781609
v 0.0531647727 -0.130763397 2.01333594
v -8.33422311E-19 -0.21881713 1.89216018
v 0.025940001 -0.20389618 1.86609006
v -2.7755575E-19 -0.218278959 1.86722982
v 0.023692999 -0.203662097 1.89089978
v 0.0468559973 -0.137500152 1.86081994
v 0.042796988 -0.133706048 1.88507974
v -8.33434667E-19 -0.228108972 1.92608047
v 0.0219350103 -0.209438011 1.89636028
v -8.33422673E-19 -0.225778952 1.89669013
v 0.0219350103 -0.211552888 1.92497039
v 0.0439249985 -0.134004965 1.89481008
v 0.0439249985 -0.135127872 1.9198401
v 0.114309996 -0.0697239637 1.93123007
v 0.189948007 -0.0609019473 1.85523999
v 0.172189996 -0.0825299025 1.85645998
v 0.120139994 -0.0443809517 1.94756007
v 0.183267996 -0.0380870029 1.84079993
v 0.114913993 -0.0193820186 1.93024015
v 0.158830985 -0.0369000249 1.82758999
v 0.0998840034 -0.0194659419 1.90498984
v 0.208574355 -0.112246394 1.78379416
v 0.189645797 -0.12325149 1.79523873
v 0.147752002 -0.0813429207 1.84324992
v 0.108387001 -0.0703539997 1.89603996
v 0.165292844 -0.118047938 1.78733909
v 0.141072989 -0.0585279837 1.82880998
v 0.0943560004 -0.0456098914 1.88929987
v 0.108387001 -0.0703539997 1.89603996
v 0.114309996 -0.0697239637 1.93123007
v 0.159867734 -0.101838075 1.76799476
v 0.178796262 -0.0908322111 1.75655031
v 0.159867734 -0.101838075 1.76799476
v 0.141072989 -0.0585279837 1.82880998
v 0.0998840034 -0.0194659419 1.90498984
v 0.0943560004 -0.0456098914 1.88929987
v 0.194939986 -0.185148925 1.74106002
v 0.17843999 -0.182057947 1.76129997
v 0.155959994 -0.26304397 1.76785994
v 0.147822991 -0.247167051 1.7802099
v 0.155431002 -0.171782985 1.75727987
v 0.127013996 -0.242414996 1.77846992
v 0.148921996 -0.16459991 1.73301995
v 0.114343002 -0.253540963 1.76437998
v 0.143288001 -0.274169922 1.75375998
v 0.188430995 -0.177964926 1.71679986
v 0.122479998 -0.269418925 1.75201988
v 0.165421993 -0.167691037 1.71278
v 0.114343002 -0.253540963 1.76437998
v 0.148921996 -0.16459991 1.73301995
v 0.155068994 -0.285048068 1.82998002
v 0.149729997 -0.273182988 1.83421004
v 0.137189001 -0.272931069 1.83981001
v 0.129987001 -0.284543902 1.8411901
v 0.129987001 -0.284543902 1.8411901
v 0.135325998 -0.296408981 1.83695996
v 0.147866994 -0.2966609 1.8313601
v 0.178148001 -0.288399965 1.92657006
v 0.178148001 -0.288399965 1.92657006
v 0.178148001 -0.288399965 1.92657006
v 0.178148001 -0.288399965 1.92657006
v 0.178148001 -0.288399965 1.92657006
v 0.178148001 -0.288399965 1.92657006
v 0.203149244 -0.0960362256 1.76444983
v 0.0711439997 -0.0116879269 2.18473029
v 0.00747399963 -0.00502090435 2.12769008
v 0.0431389995 0.0268310532 2.18065023
v 0.0347589999 -0.0455679297 2.13017011
v 0.0871699974 -0.0379669182 2.11300015
v 0.109687991 -0.0158479307 2.15073013
v 0.120088995 0.0186489858 2.11253023
v 0.105790995 0.00408798223 2.08408999
v 0.133376449 0.129666746 2.19960999
v 0.16267845 0.0997557044 2.20063019
v 0.177519426 0.0741656497 2.16627002
v 0.163057432 0.0784877017 2.12923026
v 0.0942429975 0.0549999997 2.11041021
v 0.078530997 0.0432670601 2.08157015
v 0.105790995 0.00408798223 2.08408999
v 0.133754447 0.108398743 2.12602019
v 0.11891444 0.133988649 2.16304994
v 0.215751544 0.200248107 2.17140341
v 0.240986556 0.170083001 2.17542338
v 0.238570899 0.132705078 2.15079331
v 0.208433554 0.125491023 2.12109351
v 0.238570899 0.132705078 2.15079331
v 0.177519426 0.0741656497 2.16627002
v 0.184712544 0.155656129 2.11654329
v 0.187615544 0.193035126 2.14170337
v 0.29389599 0.18308197 2.11322451
v 0.274403989 0.218173057 2.10046434
v 0.275786102 0.139911339 2.10982871
v 0.238570899 0.132705078 2.15079331
v 0.245596007 0.131699979 2.0935688
v 0.229087994 0.164822072 2.07729888
v 0.237772986 0.209949031 2.08619785
v 0.184712544 0.155656129 2.11654329
v 0.11891444 0.133988649 2.16304994
v 0.229087994 0.164822072 2.07729888
v 0.296186984 0.169468075 2.01132011
v 0.315090001 0.141946107 2.03923011
v 0.290209979 0.119100034 2.06982017
v 0.232159004 0.151282042 2.0416801
v 0.253327012 0.174144134 2.01119018
v 0.290209979 0.119100034 2.06982017
v 0.247493982 0.12367706 2.07131004
v 0.232159004 0.151282042 2.0416801
v 0.260345995 0.0674180612 1.97996008
v 0.278733999 0.0538270548 2.01102996
v 0.266376972 0.0595550537 2.04803014
v 0.290209979 0.119100034 2.06982017
v 0.233982995 0.0788740516 2.05410004
v 0.211677 0.0924639851 2.0246501
v 0.211677 0.0924639851 2.0246501
v 0.224669993 0.0867359936 1.98700011
v 0.177376002 -0.050125882 2.04279017
v 0.200306997 -0.0480268858 2.05904007
v 0.202054992 -0.0275189206 2.0785501
v 0.266376972 0.0595550537 2.04803014
v 0.180827007 -0.00910797063 2.08175015
v 0.157895997 -0.0112069696 2.06550002
v 0.157895997 -0.0112069696 2.06550002
v 0.156326994 -0.0317149349 2.04622006
v 0.123359002 -0.117046967 2.15339017
v 0.136971995 -0.115874022 2.16322017
v 0.138227999 -0.103170924 2.17393017
v 0.126210004 -0.0916419998 2.17525005
v 0.112596996 -0.0928149372 2.16542029
v 0.112596996 -0.0928149372 2.16542029
v 0.111170992 -0.105516963 2.15449023
v 0.0835200027 -0.15703994 2.21208
v 0.0904969946 -0.157230988 2.21868014
v 0.0908040032 -0.150578916 2.2255702
v 0.0841339976 -0.143737033 2.22586012
v 0.0771559998 -0.143545985 2.2192502
v 0.0771559998 -0.143545985 2.2192502
v 0.0768489987 -0.150196984 2.21237016
v 0.0331259966 -0.197734982 2.25883007
v 0.0331259966 -0.197734982 2.25883007
v 0.0331259966 -0.197734982 2.25883007
v 0.0331259966 -0.197734982 2.25883007
v 0.0331259966 -0.197734982 2.25883007
v 0.0331259966 -0.197734982 2.25883007
v 0.0355129987 0.0446279906 2.11279011
v 0.0942429975 0.0549999997 2.11041021
v 0.0545030013 0.0603570528 2.14329004
v 0.078530997 0.0432670601 2.08157015
v 0.00747399963 -0.00502090435 2.12769008
v 0.133754447 0.108398743 2.12602019
v 0.11891444 0.133988649 2.16304994
v -8.33423965E-19 -0.249308005 1.91132104
v 0.0280110352 -0.248676747 1.92941809
v 0.0321987532 -0.242512047 1.92274809
v 0.0357730016 -0.235336915 1.95209014
v 0.0273829997 -0.233632967 1.94961011
v 0.0212553386 -0.24395813 1.93180692
v -8.33425981E-19 -0.254799187 1.91897416
v -8.33425981E-19 -0.254799187 1.91897416
v -8.334296E-19 -0.248309627 1.92408323
v -8.33423965E-19 -0.249308005 1.91132104
v 0.0280110352 -0.248676747 1.92941809
v -8.33429135E-19 -0.24075073 1.91928327
v 0.0321987532 -0.242512047 1.92274809
v 0.0409579985 -0.227340847 1.94836712
v 0.0321987532 -0.242512047 1.92274809
v 0.0267329998 -0.216811821 1.96492708
v 0.0233489983 -0.226140901 1.96655023
v 0.0273829997 -0.233632967 1.94961011
v 0.0178730004 -0.226593927 1.96068001
v 0.0233489983 -0.226140901 1.96655023
v -8.33455398E-19 -0.222508997 1.97226012
v -8.33452089E-19 -0.223813936 1.9650501
v -8.33457156E-19 -0.21265395 1.97146714
v 0.0233489983 -0.226140901 1.96655023
v -8.33457156E-19 -0.21265395 1.97146714
v -8.334296E-19 -0.248309627 1.92408323
v 0.021207232 -0.236367032 1.92704797
v 0.0212553386 -0.24395813 1.93180692
v -8.33429135E-19 -0.24075073 1.91928327
v 0.0273829997 -0.233632967 1.94961011
v 0.0273829997 -0.226073906 1.94480002
v 0.0178730004 -0.226593927 1.96068001
v 0.0178730004 -0.219035029 1.95587015
v -8.33452089E-19 -0.223813936 1.9650501
v -8.33451676E-19 -0.216255024 1.96024013
v -8.33429135E-19 -0.24075073 1.91928327
v 0.0321987532 -0.242512047 1.92274809
v 0.021207232 -0.236367032 1.92704797
v 0.0273829997 -0.226073906 1.94480002
v 0.0321987532 -0.242512047 1.92274809
v 0.0409579985 -0.227340847 1.94836712
v 0.0178730004 -0.219035029 1.95587015
v 0.0267329998 -0.216811821 1.96492708
v -8.33457156E-19 -0.21265395 1.97146714
v -8.33451676E-19 -0.216255024 1.96024013
v 0.151472971 -0.0599850081 0.556585014
v 0.114835955 0.0197990034 0.517062962
v 0.169943959 -0.0374449901 0.547816932
v 0.21672298 -0.0862740278 0.570290983
v 0.226580977 -0.0554299913 0.560747921
v 0.28440097 -0.062733002 0.568893909
v 0.274931967 -0.0437689945 0.55943799
v 0.323817641 0.015331001 0.535062969
v 0.138894975 -0.0861759931 1.81895995
v 0.536113977 0.0684300214 1.84761
v 0.431414932 -0.0635749772 1.74554992
v 0.16362296 0.0604010001 1.92453015
v 0.536113977 0.15404892 1.84761
v 0.163622946 0.162079006 1.92453015
v 0.431414932 0.286054999 1.74554992
v 0.13889493 0.308656007 1.81895995
v 0.431414932 0.286054999 1.74554992
v 0.533734977 0.149062037 1.83001995
v 0.536113977 0.15404892 1.84761
v 0.42778191 0.280066967 1.72871995
v 0.533734977 0.0734170526 1.83001995
v 0.536113977 0.0684300214 1.84761
v 0.427781969 -0.0575880408 1.72871995
v 0.431414932 -0.0635749772 1.74554992
v 0.431414932 -0.0635749772 1.74554992
v 0.132673979 -0.0805989057 1.80251002
v 0.138894975 -0.0861759931 1.81895995
v 0.427781969 -0.0575880408 1.72871995
v 0.431414932 0.286054999 1.74554992
v 0.132673934 0.303079069 1.80251002
v 0.42778191 0.280066967 1.72871995
v 0.13889493 0.308656007 1.81895995
v 0.533734977 0.0734170526 1.83001995
v 0.162964925 0.15673095 1.91136992
v 0.162964955 0.0657490492 1.91136992
v 0.533734977 0.149062037 1.83001995
v 0.132673934 0.303079069 1.80251002
v 0.42778191 0.280066967 1.72871995
v 0.427781969 -0.0575880408 1.72871995
v 0.132673979 -0.0805989057 1.80251002
v 0.388947964 -0.119441003 0.0717850029
v 0.382647991 -0.160192996 0.0513129979
v 0.379152983 -0.133660004 0.0849250033
v 0.390849978 -0.144472986 0.0405840017
v 0.376453012 -0.144891992 -0.0135760019
v 0.384057999 -0.0925069973 0.104360998
v 0.376287997 -0.132447988 0.0321609974
v 0.388947964 -0.119441003 0.0717850029
v 0.379152983 -0.133660004 0.0849250033
v 0.373144001 -0.0944750085 0.115523994
v 0.359770954 -0.0969109982 0.104741998
v 0.363547951 -0.124395996 0.0730220005
v 0.368169993 -0.148899987 0.0417040065
v 0.382647991 -0.160192996 0.0513129979
v 0.376287997 -0.132447988 0.0321609974
v 0.376453012 -0.144891992 -0.0135760019
v 0.367909014 -0.0753410012 0.112813994
v 0.301220983 -0.139633998 0.0815540031
v 0.289927959 -0.183014974 0.0591080002
v 0.289064974 -0.153936997 0.0958419964
v 0.30052498 -0.166915998 0.0474449992
v 0.28490898 -0.165785998 -0.0114319986
v 0.297349989 -0.107832998 0.116443992
v 0.286097974 -0.152309 0.038288001
v 0.275510967 -0.169209987 0.0486639962
v 0.273204982 -0.14220199 0.0829259977
v 0.286097974 -0.152309 0.038288001
v 0.272389978 -0.110208005 0.117734
v 0.286950976 -0.110822998 0.129151002
v 0.28490898 -0.165785998 -0.0114319986
v 0.289927959 -0.183014974 0.0591080002
v 0.289064974 -0.153936997 0.0958419964
v 0.286950976 -0.110822998 0.129151002
v 0.282889962 -0.0895380005 0.124389
v 0.212691963 -0.142938003 0.0841879994
v 0.198784977 -0.185716987 0.062161006
v 0.200222984 -0.156656995 0.0987530053
v 0.209846973 -0.170132011 0.0502309985
v 0.192854971 -0.168210998 -0.00823999383
v 0.212412983 -0.11628101 0.118670993
v 0.195909977 -0.154845998 0.0414300039
v 0.200222984 -0.156656995 0.0987530053
v 0.201269984 -0.113479994 0.132229999
v 0.186603978 -0.116936997 0.118191004
v 0.184627965 -0.144172996 0.0861769915
v 0.184789971 -0.171231985 0.0520699956
v 0.198784977 -0.185716987 0.062161006
v 0.192854971 -0.168210998 -0.00823999383
v 0.195909977 -0.154845998 0.0414300039
v 0.184627965 -0.144172996 0.0861769915
v 0.197202981 -0.0961359888 0.129106
v 0.201269984 -0.113479994 0.132229999
v 0.0197080001 0.171366036 1.05251002
v 0.0490420014 0.234364003 1.13716006
v 2.95520252E-19 0.221981049 1.13172984
v 0.0456059873 0.193998024 1.05195999
v 0.0448079892 0.161282033 1.02779996
v 0.0252199899 0.116733015 1.00611007
v -1.09709249E-19 0.164002985 1.04998994
v 3.19678165E-19 0.118367001 1.01743996
v 0.0948259979 0.231743008 1.13893998
v 0.0847319812 0.206748039 1.0495801
v 0.0767279863 0.179075003 1.01316011
v 0.137626991 0.190596998 1.01889992
v 0.134279996 0.209757984 1.06747997
v 0.14314501 0.229392156 1.13784003
v 0.0956229642 0.176454008 0.939066052
v 0.156742975 0.183477014 0.959639966
v 0.18611598 0.168369055 0.87015301
v 0.120961979 0.164501041 0.850617945
v 0.178383976 0.126980022 0.705790102
v 0.133987963 0.101953007 0.691434026
v 0.0691339672 0.124981001 0.833298028
v 0.227621973 0.122149006 0.717752993
v 0.242330998 0.143929064 0.893236995
v 0.264705986 0.0944270268 0.72577399
v 0.284244001 0.101834029 0.913439989
v 0.284792006 0.0485240147 0.725111008
v 0.311751992 0.0375839993 0.928260982
v 0.298098981 -0.00900398195 0.712789953
v 0.293629378 0.0417679958 0.668513
v 0.296120971 -0.0161820222 0.66279
v 0.297645003 -0.0121640014 0.618627012
v 0.306950629 0.0464239866 0.622041047
v 0.32524696 0.0653389692 0.570418
v 0.293738008 0.0942670032 0.621867955
v 0.312141478 0.118021011 0.570927978
v 0.335727215 0.15636003 0.463733137
v 0.282766342 0.19603014 0.469908446
v 0.26403442 0.154615015 0.568977952
v 0.206738219 0.201062471 0.461595684
v 0.198660955 0.160550997 0.557478905
v 0.133294851 0.166658208 0.447616309
v 0.135478973 0.132136002 0.545431972
v 0.106001057 0.103390083 0.440505147
v 0.106671959 0.0753969923 0.537072957
v 0.346713215 0.114295922 0.456993848
v 0.142262965 0.108847007 0.599696934
v 0.196557969 0.137475014 0.610267878
v 0.252790987 0.13108699 0.620417953
v 0.11387711 0.0562229902 0.589434981
v 0.343404979 0.126196995 0.375045955
v 0.191312984 0.126667023 0.654227972
v 0.142803997 0.0956920236 0.643155932
v 0.243439019 0.123439021 0.663681984
v 0.277063012 0.088744998 0.66794908
v 0.100873962 0.0467309952 0.631541014
v 0.100832969 0.0468960181 0.681373
v 0.0359589681 0.0533879846 0.827064931
v 0.0232689586 0.0557559952 0.892837942
v 0.0362839699 0.121163025 0.917650938
v 0.0204699598 0.0516130067 0.938300967
v 0.0218209792 0.0342189781 0.994941056
v 2.75333374E-19 0.0307849869 0.995504916
v 3.19678165E-19 0.118367001 1.01743996
v 0.0569489785 -0.0851049796 1.05532002
v 0.0668550059 -0.108339004 1.08071995
v 0.12189199 -0.11208 1.01682007
v 5.51747408E-19 -0.113087997 1.08097994
v 0.0243329797 -0.0464790352 1.02120006
v 0.0409679674 -0.0712239817 0.943677962
v 0.017383961 -0.0258219913 0.947556973
v 0.0191949606 -0.00795799214 0.899108946
v 0.0204699598 0.0516130067 0.938300967
v 0.0232689586 0.0557559952 0.892837942
v 0.0359589681 0.0533879846 0.827064931
v 0.0411989689 -0.0459510013 0.858075023
v 0.100832969 0.0468960181 0.681373
v 0.103920899 -0.0169570148 0.671941996
v 0.109623976 -0.0968150273 0.798603952
v 0.150248975 -0.0748940259 0.676913083
v 0.225396976 -0.094960019 0.702629983
v 0.191365987 -0.112930983 0.820698977
v 0.257588983 -0.105044022 0.824859917
v 0.104238965 -0.0195549764 0.623765945
v 0.164586976 -0.0661190376 0.633717
v 0.168952972 -0.0506859943 0.586879969
v 0.118500113 -0.00305099483 0.58010298
v 0.169943959 -0.0374449901 0.547816932
v 0.226580977 -0.0554299913 0.560747921
v 0.226204976 -0.073960036 0.597669959
v 0.114835955 0.0197990034 0.517062962
v 0.11387711 0.0562229902 0.589434981
v 0.106671959 0.0753969923 0.537072957
v 0.100873962 0.0467309952 0.631541014
v 0.226031989 -0.0888310224 0.645510018
v 0.26531297 -0.0592150092 0.607863009
v 0.226580977 -0.0554299913 0.560747921
v 0.274931967 -0.0437689945 0.55943799
v 0.323817641 0.015331001 0.535062969
v 0.269097984 -0.0687960014 0.653721988
v 0.280492008 -0.0677210242 0.702142
v 0.311259001 -0.054127045 0.832675993
v 0.261270016 -0.0979679823 0.938793004
v 0.171172976 -0.121442027 0.937427938
v 0.108998977 -0.109041974 0.934831977
v 0.167999983 -0.112564005 1.01264
v 0.313834995 -0.0448159762 0.936163008
v 0.254176021 -0.0853900164 0.992931068
v 0.118502989 -0.100428998 1.08112001
v 0.183066994 -0.0916560367 1.09919
v 0.127475977 -0.0919609815 1.12407005
v 0.141544998 -0.124914929 1.21554995
v 0.127475977 -0.0919609815 1.12407005
v 0.216412991 -0.0725930035 1.10917997
v 0.10922797 0.0777489841 0.43918398
v 0.106001057 0.103390083 0.440505147
v 0.107174955 0.00269500725 0.499366939
v 0.10922797 0.0777489841 0.43918398
v 0.0990119502 0.0578509904 0.429074913
v 0.151472971 -0.0599850081 0.556585014
v 0.147715971 -0.0756869838 0.535581946
v 0.21672298 -0.0862740278 0.570290983
v 0.21825996 -0.101218984 0.550336957
v 0.156318963 -0.067915 0.530176938
v 0.21825996 -0.101218984 0.550336957
v 0.218988955 -0.0896670148 0.545047939
v 0.291301966 -0.0786560029 0.548878968
v 0.284162968 -0.0705559924 0.54201597
v 0.340979993 -0.00214099884 0.521014988
v 0.147108972 -0.036561735 0.472563922
v 0.154406965 -0.0312520228 0.420351923
v 0.225772947 -0.0605889894 0.478284985
v 0.30705598 -0.0352667235 0.488919944
v 0.310298979 -0.0305710211 0.436160952
v 0.23489897 -0.0499190129 0.402914941
v 0.267969996 -0.0438100025 0.397918969
v 0.274375975 -0.0432709865 0.381029963
v 0.328624934 0.0304109957 0.25533396
v 0.366803974 0.0836779922 0.269785941
v 0.361822963 0.0592810027 0.175866961
v 0.334010005 0.00462299353 0.185465962
v 0.248586968 -0.0113440128 0.242902964
v 0.253679991 -0.0213280097 0.185670957
v 0.169404954 0.0337029845 0.240588963
v 0.175881967 0.00789199769 0.170824975
v 0.152567968 0.0636089891 0.15648897
v 0.131439969 0.0885469913 0.247992963
v 0.355673969 0.106824987 0.268012971
v 0.350168973 0.075932987 0.159046978
v 0.31656298 0.016342001 0.166189954
v 0.350168973 0.075932987 0.159046978
v 0.246666998 -0.00127500528 0.166834995
v 0.191835985 0.0203839969 0.154093996
v 0.186227992 0.0417549871 0.150276989
v 0.143644974 0.111210994 0.248381972
v 0.167781979 0.0797049999 0.142158985
v 0.12643598 0.0944800004 0.343783945
v 0.115224957 0.0731979907 0.338533968
v 0.200557947 -0.0432710275 0.37361595
v 0.203478962 -0.0438100025 0.391441941
v 0.239435956 -0.0174369998 0.279219955
v 0.224014968 -0.059983138 0.382371962
v 0.249648973 -0.059983138 0.384946972
v 0.252805978 -0.0551990494 0.349431336
v 0.253590971 -0.0174350161 0.280641943
v 0.22740896 -0.0551990494 0.34688133
v 0.289805979 0.17225799 0.204870984
v 0.244367972 0.199156001 0.122325972
v 0.302560002 0.179983988 0.122681975
v 0.239470959 0.187972993 0.203339934
v 0.199635997 0.157728985 0.124675967
v 0.196892962 0.15595898 0.20143196
v 0.167781979 0.0797049999 0.142158985
v 0.230636954 0.190905988 0.269747943
v 0.17769596 0.158444986 0.264675975
v 0.291855991 0.177565992 0.281146973
v 0.336132944 0.12895298 0.202290952
v 0.338035971 0.126763985 0.287291944
v 0.337484956 0.107201003 0.266328961
v 0.350168973 0.075932987 0.159046978
v 0.358940005 0.138806 0.127703995
v 0.388139993 0.0434670113 0.0953339934
v 0.14516601 0.0776199996 0.0401400067
v 0.181115016 0.131055996 0.0302010141
v 0.333095998 0.156024992 0.0327200033
v 0.37933898 0.106641993 0.0373710059
v 0.223179966 0.199745998 0.316778958
v 0.160966963 0.163533002 0.30596596
v 0.293549955 0.19115299 0.345459968
v 0.143644974 0.111210994 0.248381972
v 0.12643598 0.0944800004 0.343783945
v 0.334799945 0.0896189883 0.366211951
v 0.337835014 0.113143995 0.00598401064
v 0.375259995 0.0843049958 0.00803400949
v 0.398886979 0.0398679972 0.0392479971
v 0.381819993 0.036441002 0.00576300826
v 0.264907002 0.114266992 0.00450800871
v 0.254894018 0.162898004 0.0300760064
v 0.187516019 0.0931719914 0.0055320072
v 0.14516601 0.0776199996 0.0401400067
v 0.411568969 -0.0225530006 0.0316459984
v 0.386300951 -0.0292959996 0.00185899972
v 0.381696016 -0.0233149994 0.082201995
v 0.396348953 -0.105762996 -0.00271499623
v 0.401588976 -0.125940993 0.0309189986
v 0.392744958 -0.0709269866 0.107126996
v 0.367909014 -0.0753410012 0.112813994
v 0.384057999 -0.0925069973 0.104360998
v 0.392101973 -0.0895019993 0.102095
v 0.388947964 -0.119441003 0.0717850029
v 0.376287997 -0.132447988 0.0321609974
v 0.14516601 0.0776199996 0.0401400067
v 0.15362902 0.0618590005 0.00836400967
v 0.338761985 -0.0406269841 0.08495
v 0.388139993 0.0434670113 0.0953339934
v 0.381696016 -0.0233149994 0.082201995
v 0.342879951 -0.0805409998 0.107809998
v 0.359770954 -0.0969109982 0.104741998
v 0.351822972 -0.0969309956 0.102877997
v 0.345160961 -0.135356992 0.0301980004
v 0.376287997 -0.132447988 0.0321609974
v 0.363547951 -0.124395996 0.0730220005
v 0.309790999 0.00540499669 0.118971005
v 0.313793987 -0.0460709929 0.0897840038
v 0.253999978 -0.0525529943 0.102766
v 0.236797005 -0.00639800075 0.129532009
v 0.293290973 0.038099993 0.162127942
v 0.350168973 0.075932987 0.159046978
v 0.239529952 0.024426993 0.159529969
v 0.186227992 0.0417549871 0.150276989
v 0.166212991 0.00874300022 0.117836006
v 0.14516601 0.0776199996 0.0401400067
v 0.167781979 0.0797049999 0.142158985
v 0.169487 -0.0538560003 0.0983029976
v 0.231042966 -0.0533549972 0.100098997
v 0.239978969 -0.105828986 0.0357529968
v 0.309864968 -0.0874979869 0.117587
v 0.282889962 -0.0895380005 0.124389
v 0.25622797 -0.0925699994 0.120827995
v 0.239978969 -0.105828986 0.0357529968
v 0.297349989 -0.107832998 0.116443992
v 0.305106968 -0.105621003 0.114058994
v 0.301220983 -0.139633998 0.0815540031
v 0.32010895 -0.151392013 0.0266569983
v 0.286097974 -0.152309 0.038288001
v 0.257156968 -0.154290006 0.026584005
v 0.32978797 -0.0979829654 0.0314829908
v 0.32010895 -0.151392013 0.0266569983
v 0.272389978 -0.110208005 0.117734
v 0.264934987 -0.10960599 0.116257995
v 0.257156968 -0.154290006 0.026584005
v 0.273204982 -0.14220199 0.0829259977
v 0.286097974 -0.152309 0.038288001
v 0.32978797 -0.0979829654 0.0314829908
v 0.13955 0.00366000156 0.0523870066
v 0.14516601 0.0776199996 0.0401400067
v 0.169487 -0.0538560003 0.0983029976
v 0.15362902 0.0618590005 0.00836400967
v 0.164195985 0.00400099996 0.00225799973
v 0.146069989 -0.0557709932 0.0489429981
v 0.171835974 -0.0504039973 -0.00100599765
v 0.172775969 -0.0969649926 0.122971997
v 0.197202981 -0.0961359888 0.129106
v 0.145678982 -0.103585996 0.0340379998
v 0.166692972 -0.149210006 0.0296139996
v 0.179361969 -0.115656003 0.116143994
v 0.173288971 -0.128284991 -0.00288499822
v 0.184627965 -0.144172996 0.0861769915
v 0.195909977 -0.154845998 0.0414300039
v 0.186603978 -0.116936997 0.118191004
v 0.221977979 -0.0961139947 0.124431998
v 0.169487 -0.0538560003 0.0983029976
v 0.212412983 -0.11628101 0.118670993
v 0.218510985 -0.114945002 0.117202997
v 0.212691963 -0.142938003 0.0841879994
v 0.233021975 -0.149239987 0.0307950005
v 0.195909977 -0.154845998 0.0414300039
v 0.239978969 -0.105828986 0.0357529968
v 0.239978969 -0.105828986 0.0357529968
v 0.334799945 0.0896189883 0.366211951
v 2.75333374E-19 0.0307849869 0.995504916
v 3.57851697E-19 -0.0535739884 1.02319992
v 0.0218209792 0.0342189781 0.994941056
v 2.75333374E-19 0.0307849869 0.995504916
v 3.57851697E-19 -0.0535739884 1.02319992
v 0.214296982 0.164379045 0.979538023
v 0.189656973 0.171175987 1.02947998
v 0.26304701 0.115153044 1.02432001
v 0.178277999 0.185547024 1.08889008
v 0.212093994 0.160427019 1.12785995
v 0.184452966 0.187264025 1.14121997
v 0.182136983 0.19061698 1.22251987
v 0.182136983 0.19061698 1.22251987
v 0.151851982 0.223674163 1.22665
v 0.162716046 0.192535013 1.29462004
v 0.157016993 0.200409994 1.29649019
v 0.375259995 0.0843049958 0.00803400949
v 0.323148996 0.0322609991 0.00160501001
v 0.381819993 0.036441002 0.00576300826
v 0.337835014 0.113143995 0.00598401064
v 0.264907002 0.114266992 0.00450800871
v 0.233892992 0.014986 0.000522999733
v 0.187516019 0.0931719914 0.0055320072
v 0.164195985 0.00400099996 0.00225799973
v 0.15362902 0.0618590005 0.00836400967
v 0.225401968 -0.0592889972 -0.00144800183
v 0.171835974 -0.0504039973 -0.00100599765
v 0.305010974 -0.0574549995 -0.00134600163
v 0.255589962 -0.0619890019 -0.000791997882
v 0.386300951 -0.0292959996 0.00185899972
v 0.333379954 -0.0491130017 -0.000892000156
v 0.32978797 -0.0979829654 0.0314829908
v 0.239978969 -0.105828986 0.0357529968
v 0.396348953 -0.105762996 -0.00271499623
v 0.347662926 -0.113059983 -0.00292400364
v 0.32978797 -0.0979829654 0.0314829908
v 0.345160961 -0.135356992 0.0301980004
v 0.22858195 -0.130984992 -0.00271499623
v 0.173288971 -0.128284991 -0.00288499822
v 0.309224993 -0.135837004 -0.00298999785
v 0.262305945 -0.139183983 -0.00292400364
v 0.239978969 -0.105828986 0.0357529968
v 0.32978797 -0.0979829654 0.0314829908
v 0.32010895 -0.151392013 0.0266569983
v 0.288833976 -0.159290999 0.0262279976
v 0.32010895 -0.151392013 0.0266569983
v 0.257156968 -0.154290006 0.026584005
v 0.376287997 -0.132447988 0.0321609974
v 0.401588976 -0.125940993 0.0309189986
v 0.286097974 -0.152309 0.038288001
v 0.257156968 -0.154290006 0.026584005
v 0.199666977 -0.15467599 0.0300049968
v 0.233021975 -0.149239987 0.0307950005
v 0.239978969 -0.105828986 0.0357529968
v 0.257156968 -0.154290006 0.026584005
v 0.195909977 -0.154845998 0.0414300039
v 0.166692972 -0.149210006 0.0296139996
v 0.173288971 -0.128284991 -0.00288499822
v 0.381696016 -0.0233149994 0.082201995
v 0.338761985 -0.0406269841 0.08495
v 0.32978797 -0.0979829654 0.0314829908
v 0.345160961 -0.135356992 0.0301980004
v 0.32978797 -0.0979829654 0.0314829908
v 0.173288971 -0.128284991 -0.00288499822
v 0.171835974 -0.0504039973 -0.00100599765
v 0.171835974 -0.0504039973 -0.00100599765
v 0.173288971 -0.128284991 -0.00288499822
v 0.351822972 -0.0969309956 0.102877997
v 0.376287997 -0.132447988 0.0321609974
v 0.376287997 -0.132447988 0.0321609974
v 0.345160961 -0.135356992 0.0301980004
v 0.291301966 -0.0786560029 0.548878968
v 0.21672298 -0.0862740278 0.570290983
v 0.28440097 -0.062733002 0.568893909
v 0.323817641 0.015331001 0.535062969
v 0.353087991 0.0727069825 0.461763948
v 0.364160001 0.0523670167 0.453625947
v 0.334799945 0.0896189883 0.366211951
v 0.337484956 0.107201003 0.266328961
v 0.350168973 0.075932987 0.159046978
v 0.239529952 0.024426993 0.159529969
v 0.293290973 0.038099993 0.162127942
v 0.167781979 0.0797049999 0.142158985
v 0.34987396 -0.103921205 1.64478374
v 0.14968197 -0.0125419609 1.8688699
v 0.513598979 0.0105917361 1.7559638
v 0.110269994 -0.148820028 1.71844995
v 0.345393986 -0.0927023292 1.63830376
v 0.104843989 -0.138860926 1.71057999
v 0.34987396 -0.103921205 1.64478374
v 0.34987396 -0.103921205 1.64478374
v 0.512923956 0.0243656915 1.74915385
v 0.104843989 -0.138860926 1.71057999
v 0.144586965 -0.00135894772 1.86234999
v 0.513598979 0.0105917361 1.7559638
v 0.144586965 -0.00135894772 1.86234999
v 0.14968197 -0.0125419609 1.8688699
v 0.110269994 -0.148820028 1.71844995
v 0.104843989 -0.138860926 1.71057999
v 0.512923956 0.0243656915 1.74915385
v 0.144586965 -0.00135894772 1.86234999
v 0.345393986 -0.0927023292 1.63830376
v 0.34987396 -0.103921205 1.64478374
v 0.513598979 0.0105917361 1.7559638
v 0.512923956 0.0243656915 1.74915385
v 0.146881685 0.228329152 1.86874223
v 0.222277954 0.335668027 1.67436981
v 0.33141467 0.224768057 1.81736219
v 0.104981951 0.337161094 1.70249999
v 0.34688589 0.290570974 1.63363004
v 0.515942931 0.199087068 1.75744987
v 0.219161958 0.324375004 1.66723001
v 0.34688589 0.290570974 1.63363004
v 0.0999399573 0.326011032 1.6961199
v 0.329301625 0.212291107 1.81211209
v 0.14223069 0.216165155 1.86386216
v 0.515816927 0.184499964 1.75257003
v 0.515942931 0.199087068 1.75744987
v 0.342850953 0.278401017 1.6287899
v 0.515942931 0.199087068 1.75744987
v 0.515942931 0.199087068 1.75744987
v 0.219161958 0.324375004 1.66723001
v 0.342850953 0.278401017 1.6287899
v 0.219161958 0.324375004 1.66723001
v 0.14223069 0.216165155 1.86386216
v 0.329301625 0.212291107 1.81211209
v 0.0999399573 0.326011032 1.6961199
v 0.342850953 0.278401017 1.6287899
v 0.515816927 0.184499964 1.75257003
v 0.118163005 -0.0906079113 1.9392401
v 0.106435999 -0.110303953 1.91296005
v 0.107480749 -0.117091976 1.95112371
v 0.113480993 -0.0957778916 1.91474998
v 0.107917003 -0.0967869535 1.90243995
v 0.123026997 -0.0716729686 2.04900002
v 0.127882004 -0.0648880005 1.96469009
v 0.132255003 -0.0512739569 2.02809024
v 0.119475998 -0.0615888946 1.96083009
v 0.126052991 -0.0222839359 1.95953012
v 0.127356008 -0.0214678943 2.00276017
v 0.123550996 -0.00955001824 1.97487009
v 0.117997997 0.000325012195 1.93551004
v 0.117942996 -0.0173789971 2.00213003
v 0.121408992 0.00119308464 2.03112006
v 0.130447 -0.000218963614 2.03302002
v 0.119680002 0.0292739868 2.03802013
v 0.127952993 0.0309970081 2.04260015
v 0.119096003 0.0618209839 2.03056002
v 0.112082995 0.057261046 2.02513003
v 0.0769110024 0.11115402 2.04452014
v 0.0722239986 0.106019132 2.0378902
v 0.0254329983 0.108813018 2.06586003
v 0.0224119984 0.101898037 2.06003022
v 0.114160992 -0.00991500821 1.97612011
v 0.108001001 0.00158309937 1.92720008
v 0.130447 -0.000218963614 2.03302002
v 0.134809002 -0.0246829223 2.06632996
v 0.122483991 0.0302050766 2.07717013
v 0.127952993 0.0309970081 2.04260015
v 0.103280999 0.0553559847 2.07716012
v 0.119096003 0.0618209839 2.03056002
v 0.0769110024 0.11115402 2.04452014
v 0.0754169971 0.0901229829 2.08182025
v 0.0239799991 0.089548029 2.09313011
v 0.0254329983 0.108813018 2.06586003
v 0.130747989 -0.0499578863 2.05911016
v 0.131176993 -0.0506858826 2.04917026
v 0.0239799991 0.089548029 2.09313011
v 0.0710529983 0.0818360895 2.08025002
v 0.0211289991 0.079574123 2.09156036
v 0.0754169971 0.0901229829 2.08182025
v 0.103280999 0.0553559847 2.07716012
v 0.0961410031 0.049707029 2.0772202
v 0.112272993 0.0278620906 2.07796025
v 0.122483991 0.0302050766 2.07717013
v 0.0239799991 0.089548029 2.09313011
v 0.0224119984 0.101898037 2.06003022
v 0.0254329983 0.108813018 2.06586003
v 0.0211289991 0.079574123 2.09156036
v 0.0224119984 0.101898037 2.06003022
v 0.117458999 -0.024972992 1.95539999
v 0.117997997 0.000325012195 1.93551004
v 0.108001001 0.00158309937 1.92720008
v 0.110700995 -0.0839968845 1.93827999
v 0.106028996 -0.0895149186 1.91617
v 0.0991719961 -0.0898210108 1.89823997
v 0.0967539921 -0.108768918 1.91343987
v 0.107917003 -0.0967869535 1.90243995
v 0.0991719961 -0.0898210108 1.89823997
v 0.106435999 -0.110303953 1.91296005
v 0.107480749 -0.117091976 1.95112371
v 0.0978257507 -0.115260921 1.95188367
v 0.108154997 -0.0743598938 2.04836035
v 0.123026997 -0.0716729686 2.04900002
v 0.0967539921 -0.108768918 1.91343987
v 0.110700995 -0.0839968845 1.93827999
v 0.0978257507 -0.115260921 1.95188367
v 0.106028996 -0.0895149186 1.91617
v 0.108154997 -0.0743598938 2.04836035
v 0.119475998 -0.0615888946 1.96083009
v 0.117942996 -0.0173789971 2.00213003
v 0.0991719961 -0.0898210108 1.89823997
v 0.121408992 0.00119308464 2.03112006
v 0.0942979977 -0.0313580297 2.10884023
v 0.0672179982 -0.143166959 2.04050994
v 0.0649369955 -0.0547839329 2.12460017
v 0.112272993 0.0278620906 2.07796025
v 0.119680002 0.0292739868 2.03802013
v 0.117458999 -0.024972992 1.95539999
v 0.114160992 -0.00991500821 1.97612011
v 0.0961410031 0.049707029 2.0772202
v 0.112082995 0.057261046 2.02513003
v 0.0710529983 0.0818360895 2.08025002
v 0.0722239986 0.106019132 2.0378902
v 0.0211289991 0.079574123 2.09156036
v 0.0224119984 0.101898037 2.06003022
v 0.108001001 0.00158309937 1.92720008
v 0.0175599996 -0.0593038909 2.13185
v 0.0412639976 -0.159987941 2.0424602
v -8.33563448E-19 -0.0528779589 2.14250016
v -8.33488278E-19 -0.185688928 2.03136992
v 0.0442730002 -0.142077938 2.09575009
v 0.0493949987 -0.152534932 2.07665014
v 0.0501969978 -0.193118885 2.11751008
v 0.0316989981 -0.165502921 2.07191014
v 0.0501969978 -0.193118885 2.11751008
v 0.0501969978 -0.193118885 2.11751008
v 0.0167629998 -0.162281036 2.08757997
v 0.0167629998 -0.162281036 2.08757997
v 0.0233820006 -0.146508932 2.10113025
v 0.0501969978 -0.193118885 2.11751008
v 0.0442730002 -0.142077938 2.09575009
v 0.0501969978 -0.193118885 2.11751008
v 0.0764949992 -0.124644011 2.09815001
v 0.120214 -0.137295991 2.12413001
v 0.0904230028 -0.125995025 2.07994008
v 0.120214 -0.137295991 2.12413001
v 0.104594998 -0.106759943 2.08030009
v 0.120214 -0.137295991 2.12413001
v 0.0983919948 -0.094664 2.09981012
v 0.0983919948 -0.094664 2.09981012
v 0.120214 -0.137295991 2.12413001
v 0.0807249993 -0.105504908 2.10994005
v 0.120214 -0.137295991 2.12413001
v 0.0764949992 -0.124644011 2.09815001
v 0.155284986 -0.057723999 2.12785006
v 0.109498993 -0.0460269153 2.11430001
v 0.119594 -0.0334539786 2.10085011
v 0.110986002 -0.0655099452 2.10785007
v 0.155284986 -0.057723999 2.12785006
v 0.119594 -0.0334539786 2.10085011
v 0.128877997 -0.046705015 2.08711004
v 0.155284986 -0.057723999 2.12785006
v 0.155284986 -0.057723999 2.12785006
v 0.122786999 -0.0659309402 2.09078002
v 0.110986002 -0.0655099452 2.10785007
v 0.155284986 -0.057723999 2.12785006
v 0.124276996 -0.15643692 1.67265999
v 0.13255398 -0.156948999 1.69008994
v 0.102634005 -0.162695915 1.7122401
v 0.143821985 -0.155464932 1.63824022
v 0.116745003 -0.155596003 1.64400995
v 6.0289943E-19 -0.173636019 1.7213099
v 0.043031998 -0.160623014 1.67285991
v 4.95541313E-19 -0.155263975 1.61994004
v 0.0201979987 -0.151869044 1.61917019
v 0.248831004 0.00995193422 1.33929992
v 0.251906991 0.093397975 1.28256989
v 0.264230996 0.0243050382 1.27123988
v 0.242208987 0.0817070007 1.35389006
v 0.258047014 -0.0018859863 1.26601982
v 0.243724003 0.0297129806 1.26642013
v 0.239353999 0.0906729847 1.27724993
v 0.224032983 0.015982056 1.34682
v 0.223848 0.0715769976 1.35781991
v 0.197847992 -0.041725006 1.33350992
v 0.228208989 -0.0548030064 1.32574975
v 0.190471992 -0.0944270268 1.31644988
v 0.134048 -0.102059022 1.31542993
v 0.185234994 0.126873016 1.36800992
v 0.213994995 0.146902993 1.36755002
v 0.0910129994 0.203181982 1.38446987
v 0.237008989 0.143779978 1.29079986
v 0.206362993 -0.089850001 1.24822998
v 0.187688991 -0.111490935 1.24400997
v 0.239973992 -0.0318850689 1.25810981
v 0.194582999 -0.0754780546 1.24552989
v 0.230044991 -0.0246080011 1.25509989
v 0.237520009 3.30352777E-05 1.26035988
v 0.143034995 -0.136826023 1.30867004
v 0.149402991 -0.137521058 1.23678994
v 0.148417994 -0.125189975 1.23711991
v 0.17305401 -0.100435026 1.24116981
v 0.218321979 0.167396009 1.29576993
v 0.130058005 0.220825031 1.38026977
v 0.14670299 0.229356989 1.30945003
v 3.17613496E-19 0.244569004 1.38886988
v 3.17619261E-19 0.261734009 1.31695008
v 0.157016993 0.200409994 1.29649019
v 3.1773703E-19 0.242838964 1.30570006
v 0.176233992 0.19468002 1.29782999
v 0.198556006 0.161127999 1.29018974
v 0.162716046 0.192535013 1.29462004
v 0.249456003 0.0017510223 1.22612
v 0.107143134 -0.151001051 1.27125514
v 0.0997129977 -0.149190217 1.30449975
v 0.0346510001 -0.142776951 1.31913006
v 0.101378135 -0.178196937 1.27642488
v 0.0899595246 -0.16173996 1.23338985
v 0.0857795104 -0.179199055 1.23718989
v 0.0565735251 -0.170714945 1.21357
v 0.255799979 0.0269069672 1.22720993
v 0.243724003 0.0297129806 1.26642013
v 0.0899595246 -0.16173996 1.23338985
v 0.0808135271 -0.141046062 1.23102987
v 0.0817079991 -0.148840025 1.32216978
v 0.0952759981 -0.180484921 1.30420983
v 0.0821049958 -0.185565948 1.31509995
v 0.0770820007 -0.174338982 1.30084991
v 0.0821049958 -0.185565948 1.31509995
v 0.0599539988 -0.192664936 1.31583977
v 0.054614 -0.184165031 1.30195999
v 0.021244999 -0.206537008 1.2766
v 0.0308909975 -0.191764981 1.3179599
v 3.17650694E-19 -0.216087952 1.2894299
v 3.19737153E-19 -0.191457972 1.33066988
v 0.0346510001 -0.142776951 1.31913006
v 2.55342202E-19 -0.149992064 1.32999992
v 3.17653614E-19 -0.208484948 1.25191998
v 0.087821126 -0.171173021 1.2765851
v 0.101378135 -0.178196937 1.27642488
v 0.0728939995 -0.159653932 1.29667997
v 0.082123138 -0.157959059 1.27439487
v 0.0525369979 -0.162126005 1.29636991
v 0.0730935261 -0.165596008 1.23224986
v 0.024154 -0.170453027 1.23154998
v 0.0787505209 -0.174909055 1.23582995
v 0.0857795104 -0.179199055 1.23718989
v 0.0565735251 -0.170714945 1.21357
v 0.101378135 -0.178196937 1.27642488
v 0.0730935261 -0.165596008 1.23224986
v 3.17656665E-19 -0.193257973 1.20814013
v 3.17653614E-19 -0.208484948 1.25191998
v 0.0147709996 -0.176367953 1.19378996
v 3.17656923E-19 -0.176367953 1.19378996
v 3.17656665E-19 -0.193257973 1.20814013
v 0.024154 -0.170453027 1.23154998
v 3.1766124E-19 -0.148283005 1.22896004
v 3.17653227E-19 -0.170580059 1.23073995
v 0.024154 -0.170453027 1.23154998
v 0.0808135271 -0.141046062 1.23102987
v 0.0730935261 -0.165596008 1.23224986
v 0.0899595246 -0.16173996 1.23338985
v 0.0147709996 -0.176367953 1.19378996
v 3.17656923E-19 -0.176367953 1.19378996
v 3.17616133E-19 0.205359042 1.38755
v 3.17616133E-19 0.205359042 1.38755
v 3.17613496E-19 0.244569004 1.38886988
v 0.0910129994 0.203181982 1.38446987
v 0.218529999 0.131106034 1.28333986
v 0.237008989 0.143779978 1.29079986
v 0.225876004 0.13606903 1.24154985
v 0.210414991 0.160691977 1.24197996
v 0.198556006 0.161127999 1.29018974
v 0.210414991 0.160691977 1.24197996
v 0.225876004 0.13606903 1.24154985
v 0.204813987 -0.0806110352 1.20741999
v 0.185797006 -0.101023942 1.20543993
v 0.0730935261 -0.165596008 1.23224986
v 0.082123138 -0.157959059 1.27439487
v 0.0761159956 -0.159692988 1.25531995
v 0.0730935261 -0.165596008 1.23224986
v 0.0761159956 -0.159692988 1.25531995
v 0.082123138 -0.157959059 1.27439487
v 0.0554129966 -0.148137972 1.32442987
v 0.0554129966 -0.148137972 1.32442987
v 0.0817079991 -0.148840025 1.32216978
v 0.101378135 -0.178196937 1.27642488
v 0.0997129977 -0.149190217 1.30449975
v 0.0554129966 -0.148137972 1.32442987
v 0.0346510001 -0.142776951 1.31913006
v 0.0817079991 -0.148840025 1.32216978
v 0.0554129966 -0.148137972 1.32442987
v 0.0476519987 0.156108096 1.98584008
v 0.0941199958 0.111529082 1.94195998
v 0.0869709924 0.100087129 1.96564019
v 0.0610777251 0.176290438 1.95511007
v -2.10492793E-19 0.184503019 1.95624006
v -5.03588901E-19 0.165142968 1.99027002
v -8.33560812E-19 0.118753046 2.05048013
v 0.0446540006 0.110214993 2.04669023
v -8.33566809E-19 0.0983610526 2.07490015
v 0.0454829969 0.0830500796 2.06663013
v -8.33573995E-19 0.0583869927 2.11175013
v 0.0355129987 0.0446279906 2.11279011
v 0.0811989978 0.0707650706 2.04276013
v 0.0903079957 0.0458880588 2.07367015
v 0.078530997 0.0432670601 2.08157015
v 0.0912329927 0.067736052 1.95279014
v 0.100739002 0.0571141057 1.98250008
v 0.0892609954 0.0794129893 2.00309014
v 0.100270003 0.0553390495 2.01230001
v 0.105843 0.0274540707 2.04067016
v 0.106446996 0.0280880723 2.0734601
v -8.33567946E-19 -0.00385391223 2.12864017
v 0.00747399963 -0.00502090435 2.12769008
v 0.105790995 0.00408798223 2.08408999
v 0.0892350003 0.0512420647 1.91889
v 0.0308089983 -0.157424927 2.04943013
v 0.0495960005 -0.163338929 2.02775002
v 0.0285039991 -0.172586977 2.02381015
v 0.0571049973 -0.151461944 2.0400002
v -8.33502082E-19 -0.156114951 2.04934025
v -8.33514024E-19 -0.136576995 2.06767011
v 0.0343109965 -0.134613037 2.06694007
v 0.0347589999 -0.0455679297 2.13017011
v -8.33555021E-19 -0.0476210006 2.12011003
v 0.0639619976 -0.125688925 2.05410004
v 0.0905020013 -0.0565509014 2.11022019
v 0.0845320001 -0.11205902 2.03635001
v 0.0991969928 -0.0777749643 2.05430007
v 0.112291001 -0.0457629375 2.09149003
v -8.33487865E-19 -0.167872012 2.02161002
v -8.33481144E-19 -0.185890958 2.01459002
v 0.120113999 -0.020529937 2.06108999
v 0.111110002 -0.0557849109 2.0283401
v 0.11086601 -0.0136859128 2.0327301
v 0.108525991 -0.0241178889 2.00225997
v 0.110603996 -0.0556399524 2.00022006
v 0.105843 0.0274540707 2.04067016
v 0.0889749974 -0.0850329548 2.02419019
v 0.0805270001 -0.0934509262 2.02104998
v 0.076824002 -0.0974249244 2.01223016
v 0.0970579982 -0.0900219679 2.00501013
v 0.0707369968 -0.104671016 2.02493
v 0.0621019974 -0.144358978 2.01973009
v 0.0554540008 -0.126183018 2.01109004
v 0.0542129986 -0.143871918 2.00935006
v 0.0807799995 -0.123106994 1.99473023
v 0.106277004 -0.0894409195 1.98369014
v 0.0912379995 -0.126149893 1.97424006
v 0.0631039962 -0.118334956 1.99909008
v 0.0568380021 -0.139909968 1.99634016
v 0.0505449995 -0.133784935 1.99916017
v 0.0589680001 -0.166526943 1.97796011
v 0.0452429987 -0.162673026 2.01285005
v 0.0441149995 -0.176828921 2.00045013
v 0.0331469998 -0.220957935 1.98125017
v -8.33462532E-19 -0.213531032 1.98453009
v 0.0437459983 -0.217863917 1.97202003
v 0.0526020005 -0.156550899 1.93178976
v 0.0399410017 -0.209864959 1.93261015
v 0.0297169983 -0.207789913 1.91531992
v 0.0489440002 -0.160209954 1.91718996
v 0.0713240057 -0.133645013 1.89048004
v 0.0544399954 -0.142120972 1.88707983
v 0.0958589911 -0.111959986 1.90904999
v 0.104786992 -0.0848359689 1.93026006
v 0.102556996 -0.0753720105 1.95216012
v 0.105121002 -0.0533529669 1.96942008
v 0.108803995 -0.0226889029 1.97248018
v 0.0928509906 -0.0943640098 1.88554001
v 0.0664419979 -0.13651 1.87014008
v 0.0605969988 -0.123301081 1.85078001
v 0.0803479925 -0.069555968 1.86843002
v 0.0315059982 -0.18215698 1.83858001
v 0.0326669998 -0.207371056 1.86697996
v 0.0964999944 -0.0790139735 1.89445996
v 0.0886909962 -0.0492259189 1.88419998
v 0.0921679959 -0.0135510247 1.90240991
v 0.0182569996 -0.196300045 1.82608986
v 0.0160629991 -0.223052055 1.86737001
v -2.7755575E-19 -0.199768066 1.82529998
v -2.7755575E-19 -0.223789975 1.86917996
v 0.0154769998 -0.22507599 1.88095987
v -2.7755575E-19 -0.225906983 1.88188994
v 0.0295639988 -0.210912928 1.87872005
v 0.0535169989 -0.149217069 1.87649989
v 0.0148339998 -0.168704063 1.82424998
v 0.026628999 -0.166302949 1.83027005
v -2.7755575E-19 -0.170016021 1.8211199
v 0.108387001 -0.0703539997 1.89603996
v 0.0912329927 0.067736052 1.95279014
v 0.0892350003 0.0512420647 1.91889
v 0.101650007 0.0192520134 1.95575011
v 0.100739002 0.0571141057 1.98250008
v 0.104310006 0.0363461301 1.98531973
v 0.107847013 -0.00928802509 1.99348009
v 0.108525991 -0.0241178889 2.00225997
v 0.102219999 0.00141403195 1.94367015
v 0.0773909986 -0.0116360467 1.88682008
v 0.114913993 -0.0193820186 1.93024015
v 0.120139994 -0.0443809517 1.94756007
v 0.114309996 -0.0697239637 1.93123007
v 0.0998840034 -0.0194659419 1.90498984
v 0.0773909986 -0.0116360467 1.88682008
v 0.0539189987 -0.0574470498 1.86734986
v 0.0429290012 -0.117505945 1.84382987
v 0.0429290012 -0.117505945 1.84382987
v 0.108387001 -0.0703539997 1.89603996
v 0.114309996 -0.0697239637 1.93123007
v 0.0943560004 -0.0456098914 1.88929987
v 0.116214 -0.00586700439 2.0835402
v 0.106924996 -0.0353669748 2.09965014
v 0.106446996 0.0280880723 2.0734601
v 0.0871699974 -0.0379669182 2.11300015
v 0.105790995 0.00408798223 2.08408999
v 0.105790995 0.00408798223 2.08408999
v 0.00747399963 -0.00502090435 2.12769008
v -8.33567946E-19 -0.00385391223 2.12864017
v 0.00747399963 -0.00502090435 2.12769008
v 0.0171070006 -0.229324028 1.92105007
v 0.0169879999 -0.22777389 1.93644011
v -8.33436941E-19 -0.232626945 1.9337101
v -8.33431513E-19 -0.230841979 1.91996992
v 0.0253629982 -0.227998957 1.94937003
v 0.0195819996 -0.233802944 1.95111001
v 0.0126379998 -0.240166008 1.95318007
v 0.0232610013 -0.219517976 1.96551001
v 0.0138299996 -0.231418908 1.97257018
v -8.33453744E-19 -0.231969908 1.97304988
v -8.3344268E-19 -0.242527008 1.95225012
v 0.0353729986 -0.222546995 1.97189009
v 0.0505449995 -0.133784935 1.99916017
v 0.0539189987 -0.0574470498 1.86734986
v 5.76829644E-19 -0.0642059296 1.77749002
v -3.64197491E-19 -0.0767279044 1.84774995
v 0.0691620111 -0.0434489436 1.80581009
v 7.34183333E-19 -0.0754049644 1.75650001
v 0.0773909986 -0.0116360467 1.88682008
v 7.34183333E-19 -0.0754049644 1.75650001
v 0.0817930028 -0.0569389313 1.78804016
v 0.116934009 0.00595108001 1.8342402
v 7.16083742E-19 -0.0870739743 1.73855007
v 0.0876269862 -0.0691110194 1.7763803
v 6.23711811E-19 -0.115722045 1.67727005
v 0.0445819981 -0.125740051 1.68274009
v 0.104914986 -0.0441960134 1.81379998
v 0.116934009 0.00595108001 1.8342402
v 0.0201979987 -0.151869044 1.61917019
v 4.95541313E-19 -0.155263975 1.61994004
v 0.0773909986 -0.0116360467 1.88682008
v 0.116934009 0.00595108001 1.8342402
v 0.16302 0.188440084 1.90623009
v 0.18773599 0.130317077 1.90102005
v 0.153532982 0.131798089 1.92147005
v 0.0968149826 0.230081022 1.89686
v 0.0801397413 0.214106441 1.91927016
v 0.0941199958 0.111529082 1.94195998
v 0.0610777251 0.176290438 1.95511007
v 0.142150983 0.0681080595 1.88388002
v 0.0892350003 0.0512420647 1.91889
v 0.0773909986 -0.0116360467 1.88682008
v 0.116934009 0.00595108001 1.8342402
v 0.157260999 -0.0027059936 1.82704008
v 6.48880539E-19 0.219237968 1.90720987
v -2.10492793E-19 0.184503019 1.95624006
v 8.07159378E-19 0.241233975 1.87879014
v 0.224172965 0.120487057 1.87095976
v 0.205460995 0.0117469784 1.82946014
v 0.317294031 0.127530977 1.86287987
v 0.308595002 0.0315420516 1.84477997
v 0.192639023 -0.0315489173 1.80349016
v 0.299598038 -0.00996398926 1.81491005
v 0.208226994 -0.0618389882 1.76251018
v 0.290060014 -0.0365660079 1.77200007
v 0.169125974 -0.0872850046 1.74729013
v 0.262264997 -0.109293975 1.66294992
v 0.297660023 -0.0588850379 1.69655013
v 0.20396702 -0.146499932 1.64583993
v 0.273021996 -0.0734919757 1.57818007
v 0.223471999 -0.114790037 1.5379802
v 0.306163996 -0.0175878908 1.63925016
v 0.304692984 0.0323190317 1.61098993
v 0.290315062 0.0154310605 1.58850002
v 0.295109957 0.092729643 1.57028985
v 0.286958009 0.10483703 1.48807991
v 0.284378976 0.0235380549 1.49634993
v 0.250733972 -0.0520700067 1.55230999
v 0.24629499 -0.0456779487 1.50831997
v 0.285460442 0.149293974 1.57507002
v 0.245286986 0.178365931 1.49346983
v 0.270401001 0.227536008 1.6179899
v 0.252803981 0.183180079 1.48102021
v 0.223097965 0.243406057 1.55407989
v 0.131419986 0.256593019 1.51947999
v 0.207423002 -0.0960099772 1.51525009
v 0.284372985 0.210364982 1.62443209
v 0.289761007 0.232626036 1.68451989
v 0.253215015 0.259943992 1.69693017
v 0.201876998 0.275099933 1.6299901
v 0.191904992 0.292402029 1.70365012
v 0.251561999 0.240032956 1.82549012
v 0.180547997 0.267518014 1.8246901
v 0.172791019 0.232321009 1.87157011
v 0.25018999 0.180391073 1.85973001
v 0.298138022 0.211645961 1.81524014
v 0.311244011 0.168518975 1.84777009
v 0.116154008 0.298000038 1.82061028
v 0.125227004 0.313623965 1.7050401
v 6.62793562E-19 0.309202105 1.69544005
v 7.72758539E-19 0.290728003 1.79292023
v 8.01511906E-19 0.269900054 1.83810008
v 0.107051 0.262750089 1.86179006
v 0.126218006 0.302456051 1.62672007
v 5.28522296E-19 0.305254966 1.61833
v 3.31874917E-19 0.264447004 1.52879
v 0.0998249874 0.215621024 1.42585993
v 1.62956998E-19 0.223189995 1.43748987
v 3.17616133E-19 0.205359042 1.38755
v 0.0910129994 0.203181982 1.38446987
v 0.19833599 0.120305024 1.4199698
v 0.237032995 0.132792056 1.41914976
v 0.185234994 0.126873016 1.36800992
v 0.213913992 0.164096981 1.88250029
v 0.251708984 0.0464300513 1.42108989
v 0.223479003 0.06023895 1.42139006
v 0.223848 0.0715769976 1.35781991
v 0.223479003 0.06023895 1.42139006
v 0.23867999 -0.0127920527 1.42651975
v 0.219460979 0.00315994257 1.42540717
v 0.194360003 -0.0918879658 1.43815005
v 0.18141599 -0.0812469497 1.43876994
v 0.132891998 -0.14338699 1.45197999
v 0.220107988 -0.107931055 1.50021994
v 0.147517011 -0.152256012 1.51531994
v 0.133267999 -0.124093927 1.45073998
v 0.147981986 -0.137630925 1.52613008
v 0.207423002 -0.0960099772 1.51525009
v 0.24629499 -0.0456779487 1.50831997
v 0.260298997 -0.0574470498 1.49136984
v 0.293496996 0.0201330557 1.48123991
v 0.290051967 0.11460907 1.47443998
v 0.284378976 0.0235380549 1.49634993
v 0.146712989 -0.176401064 1.51862001
v 0.145536005 -0.161396936 1.5754199
v 0.124880008 -0.181889951 1.6178
v 0.145919994 -0.18084304 1.62023997
v 0.124879993 -0.17716904 1.51733971
v 2.73904782E-19 -0.194010928 1.51488984
v 0.111510001 -0.168898925 1.46006989
v 0.094802998 -0.171219021 1.44724011
v 0.103459992 -0.169877008 1.42656982
v 0.131110996 -0.166475981 1.44753003
v 0.102709994 -0.129833072 1.4245199
v 9.8488111E-20 -0.150547937 1.41438997
v 1.05588487E-19 -0.17982696 1.41650999
v 1.3397719E-19 -0.175079957 1.44231987
v 4.58314049E-19 -0.198887929 1.61865997
v 0.111510001 -0.179028004 1.67559993
v 0.131111011 -0.177791893 1.68831015
v 0.143821985 -0.155464932 1.63824022
v 0.13255398 -0.156948999 1.69008994
v 0.103460006 -0.183143914 1.70885003
v 0.094802998 -0.182541952 1.68814993
v 6.00124601E-19 -0.1967659 1.69976008
v 6.02762532E-19 -0.193992913 1.71792996
v 6.0289943E-19 -0.173636019 1.7213099
v 0.102634005 -0.162695915 1.7122401
v 5.99688418E-19 -0.186846927 1.69268
v 0.145536005 -0.161396936 1.5754199
v 0.116745003 -0.155596003 1.64400995
v 0.167842999 -0.0931109563 1.75594997
v 0.124276996 -0.15643692 1.67265999
v 0.104914986 -0.0441960134 1.81379998
v 0.0905430093 -0.081111908 1.78601015
v 0.0876269862 -0.0691110194 1.7763803
v 0.043031998 -0.160623014 1.67285991
v 0.0445819981 -0.125740051 1.68274009
v 0.116934009 0.00595108001 1.8342402
v 0.0201979987 -0.151869044 1.61917019
v 0.224032983 0.015982056 1.34682
v 0.223848 0.0715769976 1.35781991
v 0.219460979 0.00315994257 1.42540717
v 0.197847992 -0.041725006 1.33350992
v 0.18141599 -0.0812469497 1.43876994
v 0.134048 -0.102059022 1.31542993
v 0.102709994 -0.129833072 1.4245199
v 0.133267999 -0.124093927 1.45073998
v 0.0346510001 -0.142776951 1.31913006
v 9.8488111E-20 -0.150547937 1.41438997
v 2.55342202E-19 -0.149992064 1.32999992
v 0.284372985 0.210364982 1.62443209
v 0.288443387 0.151932985 1.59449995
v 0.292673975 0.0954016075 1.59511018
v 1.30658554E-19 -0.184291989 1.43433988
v 0.133267999 -0.124093927 1.45073998
v 0.145919994 -0.18084304 1.62023997
v 0.145536005 -0.161396936 1.5754199
v 0.146712989 -0.176401064 1.51862001
v 0.0148339998 -0.168704063 1.82424998
v -3.28680035E-19 -0.119880065 1.84456992
v -2.7755575E-19 -0.170016021 1.8211199
v 0.026628999 -0.166302949 1.83027005
v 0.0429290012 -0.117505945 1.84382987
v -3.64197491E-19 -0.0767279044 1.84774995
v 0.0539189987 -0.0574470498 1.86734986
v 0.0171070006 -0.229324028 1.92105007
v -8.334372E-19 -0.190386042 1.91313004
v -8.33431513E-19 -0.230841979 1.91996992
v 0.0297169983 -0.207789913 1.91531992
v 0.0489440002 -0.160209954 1.91718996
v -7.22819577E-19 -0.165280908 1.90795004
v -4.84616273E-19 -0.139813989 1.88588989
v 0.0544399954 -0.142120972 1.88707983
v 0.0535169989 -0.149217069 1.87649989
v -2.7755575E-19 -0.142671958 1.87194002
v 0.0295639988 -0.210912928 1.87872005
v 0.0154769998 -0.22507599 1.88095987
v -2.7755575E-19 -0.174324945 1.87375998
v -2.7755575E-19 -0.225906983 1.88188994
v 0.341917038 -0.0209910572 1.76882994
v 0.297660023 -0.0588850379 1.69655013
v 0.290060014 -0.0365660079 1.77200007
v 0.354185015 -0.0332229622 1.71596992
v 0.364063025 -0.000345001201 1.78630006
v 0.395716995 -0.00134399417 1.72699988
v 0.391754001 0.0332839973 1.8125
v 0.299598038 -0.00996398926 1.81491005
v 0.308595002 0.0315420516 1.84477997
v 0.438919961 0.0405130014 1.7439599
v 0.419486165 0.00268295291 1.65321791
v 0.448166788 0.11464569 1.74504054
v 0.402008951 0.117817841 1.81749463
v 0.38717705 0.176750943 1.80714989
v 0.430288166 0.182371974 1.73163998
v 0.375465006 0.225559071 1.71602011
v 0.368629992 0.204555959 1.79839003
v 0.289761007 0.232626036 1.68451989
v 0.298138022 0.211645961 1.81524014
v 0.317294031 0.127530977 1.86287987
v 0.311244011 0.168518975 1.84777009
v 0.437756747 0.164826661 1.64716411
v 0.44803828 0.0867471322 1.64826906
v 0.464217037 0.00273193349 1.56239998
v 0.484926969 0.0685290545 1.56601
v 0.356116295 -0.0389840677 1.59586835
v 0.40365997 -0.0371644571 1.5293119
v 0.342019558 0.0173959341 1.49435008
v 0.304079056 0.024891967 1.562024
v 0.484905988 0.138058931 1.55764008
v 0.405939996 0.188704073 1.51559997
v 0.378438115 0.207700193 1.6011759
v 0.296958983 0.0901469365 1.54177988
v 0.320974946 0.0901370198 1.48376
v 0.292673975 0.0954016075 1.59511018
v 0.304692984 0.0323190317 1.61098993
v 0.306163996 -0.0175878908 1.63925016
v 0.333500981 -0.00952896103 1.47462022
v 0.314742982 0.0894020051 1.47632003
v 0.365449011 0.0688319355 1.35064995
v 0.40365997 -0.0371644571 1.5293119
v 0.49368003 0.141322017 1.55253005
v 0.494383007 0.0673460364 1.56518996
v 0.500153005 0.0663569644 1.55559003
v 0.502899051 0.138273925 1.53542006
v 0.475645006 0.000571746787 1.55533612
v 0.436657965 -0.0507319644 1.52286994
v 0.383244991 -0.0483200066 1.49383283
v 0.391281992 -0.0121830748 1.37865007
v 0.504409015 -0.0170649718 1.22456002
v 0.435571998 -0.0397560112 1.40929985
v 0.531846046 -0.0457399748 1.25392008
v 0.538566053 -0.0353030376 1.2442199
v 0.569760084 -0.0467939749 1.26382005
v 0.571708083 -0.0301419832 1.24928999
v 0.610543072 -0.0150260162 1.24857998
v 0.59415406 -0.00408897409 1.23357999
v 0.612878025 0.0837529749 1.24134994
v 0.599869072 0.0690750107 1.22703004
v 0.515463054 -0.0103450008 1.22171998
v 0.503551066 0.0348069742 1.20151007
v 0.520639062 0.0316480249 1.20227003
v 0.576905072 0.097939983 1.23528993
v 0.578264058 0.119113006 1.24701989
v 0.545554101 0.115885004 1.22811997
v 0.555610061 0.0904470012 1.22236991
v 0.609950006 0.0859799907 1.25193
v 0.602990031 -0.0151990503 1.27064002
v 0.602990031 -0.0151990503 1.27064002
v 0.560846031 -0.0457560718 1.28125
v 0.546425104 0.124368973 1.25975013
v 0.477403015 0.180922002 1.42921007
v 0.570289075 0.122122034 1.2564801
v 0.45333904 0.19129096 1.39596999
v 0.515249014 0.0830590054 1.20634997
v 0.38668704 0.155263975 1.35651994
v 0.503551066 0.0348069742 1.20151007
v 0.365449011 0.0688319355 1.35064995
v 0.527891099 0.073481977 1.20380998
v 0.520639062 0.0316480249 1.20227003
v 0.327009946 0.147736967 1.47632003
v 0.314742982 0.0894020051 1.47632003
v 0.356922984 0.197530061 1.48718989
v 0.410748959 0.196139976 1.51217997
v 0.320974946 0.0901370198 1.48376
v 0.332452983 0.144653931 1.48248994
v 0.303525954 0.14964202 1.54126
v 0.296958983 0.0901469365 1.54177988
v 0.356175005 0.189967036 1.49449003
v 0.315083981 0.203504935 1.55202997
v 0.284372985 0.210364982 1.62443209
v 0.288443387 0.151932985 1.59449995
v 0.292673975 0.0954016075 1.59511018
v 0.502899051 0.138273925 1.53542006
v 0.477403015 0.180922002 1.42921007
v 0.284372985 0.210364982 1.62443209
v 0.555610061 0.0904470012 1.22236991
v 0.306163996 -0.0175878908 1.63925016
v 0.360779017 -0.0188366696 1.6671499
v 0.306163996 -0.0175878908 1.63925016
v 0.654935956 0.0349479653 0.99831897
v 0.659820974 0.0492019653 0.985768974
v 0.660579979 0.031838987 0.988519967
v 0.654206991 0.0488060005 0.99623394
v 0.654223025 0.051335983 0.988006949
v 0.653079987 0.0484939553 0.971374929
v 0.658100963 0.0456539914 0.97042501
v 0.646094978 0.0334999822 0.946720839
v 0.658774018 0.0303199757 0.972855985
v 0.653231978 0.0287599936 0.974219978
v 0.655090988 0.0300099943 0.991418004
v 0.653231978 0.0287599936 0.974219978
v 0.653079987 0.0484939553 0.971374929
v 0.653231978 0.0287599936 0.974219978
v 0.646094978 0.0334999822 0.946720839
v 0.649978042 -0.0142209623 0.987433076
v 0.657050014 0.000263977039 0.973112106
v 0.656899989 -0.018117981 0.97638905
v 0.651207864 0.000327987655 0.984060049
v 0.651953876 0.00254501333 0.975116014
v 0.649055898 -0.00146301265 0.957020998
v 0.655123889 -0.00371902459 0.956892014
v 0.641875923 -0.0164409634 0.931908011
v 0.650164008 -0.0199159998 0.979876101
v 0.648889005 -0.0219329838 0.9606691
v 0.654991925 -0.0199539941 0.959786952
v 0.641875923 -0.0164409634 0.931908011
v 0.648889005 -0.0219329838 0.9606691
v 0.649055898 -0.00146301265 0.957020998
v 0.648889005 -0.0219329838 0.9606691
v 0.641875923 -0.0164409634 0.931908011
v 0.652261972 -0.0668830127 0.988564968
v 0.664393008 -0.0545030199 0.970078945
v 0.661225975 -0.0741020218 0.975802004
v 0.654835045 -0.0509600043 0.983915091
v 0.657519996 -0.0498600006 0.972443998
v 0.655538023 -0.0570099615 0.952355027
v 0.661815047 -0.0604489893 0.952645004
v 0.645527959 -0.0751380175 0.926261961
v 0.653526962 -0.0745690167 0.979660034
v 0.652009964 -0.0788339972 0.958728015
v 0.659016013 -0.077760011 0.957698941
v 0.645527959 -0.0751380175 0.926261961
v 0.652009964 -0.0788339972 0.958728015
v 0.655538023 -0.0570099615 0.952355027
v 0.652009964 -0.0788339972 0.958728015
v 0.645527959 -0.0751380175 0.926261961
v 0.643877029 -0.107931972 0.975959003
v 0.639878988 -0.132658988 0.983181059
v 0.632683992 -0.129289016 0.943683982
v 0.647192001 -0.131397009 0.981819034
v 0.650363982 -0.111785047 0.976091087
v 0.632683992 -0.129289016 0.943683982
v 0.643877029 -0.107931972 0.975959003
v 0.651547968 -0.108654022 0.987501025
v 0.644674957 -0.104012981 0.989866138
v 0.641989946 -0.105110012 1.00134003
v 0.639413953 -0.121034011 1.00599003
v 0.648380935 -0.128252029 0.993224084
v 0.639878988 -0.132658988 0.983181059
v 0.632683992 -0.129289016 0.943683982
v 0.640679002 -0.128721997 0.997082055
v 0.548139989 -0.156587973 1.11301994
v 0.557641983 -0.160185009 1.11106002
v 0.549516022 -0.161770016 1.11343002
v 0.55519104 -0.14898102 1.10964
v 0.541299045 -0.164346009 1.11336005
v 0.537741065 -0.153421015 1.11210001
v 0.55045104 -0.168480977 1.10792994
v 0.539029062 -0.169011995 1.10856009
v 0.560502052 -0.163547963 1.10554004
v 0.561101019 -0.155382007 1.10297
v 0.560128033 -0.166751012 1.08767009
v 0.559531033 -0.172695011 1.09175003
v 0.553585052 -0.179987028 1.07628
v 0.550680041 -0.177573994 1.09310007
v 0.549483001 -0.181924969 1.07673001
v 0.54499805 -0.182173997 1.07749009
v 0.540565014 -0.177520975 1.09441006
v 0.535094023 -0.173076019 1.09077013
v 0.535094023 -0.173076019 1.09077013
v 0.542877018 -0.179624021 1.07550013
v 0.534025013 -0.16227302 1.10677004
v 0.547433019 -0.181041032 1.06376004
v 0.547433019 -0.181041032 1.06376004
v 0.560128033 -0.166751012 1.08767009
v 0.553662002 -0.176877975 1.07399011
v 0.547433019 -0.181041032 1.06376004
v 0.560128033 -0.166751012 1.08767009
v 0.542877018 -0.179624021 1.07550013
v 0.553662002 -0.176877975 1.07399011
v 0.535094023 -0.173076019 1.09077013
v 0.553662002 -0.176877975 1.07399011
v 0.547433019 -0.181041032 1.06376004
v 0.538566053 -0.0353030376 1.2442199
v 0.551073015 -0.126036987 1.18094981
v 0.526917994 -0.123026885 1.18446994
v 0.571708083 -0.0301419832 1.24928999
v 0.547416091 -0.147041008 1.12950015
v 0.528097093 -0.145258024 1.12801003
v 0.575419068 -0.100705944 1.15452003
v 0.562602043 -0.13108398 1.12294996
v 0.557774007 -0.113669962 1.11214006
v 0.562986016 -0.0946069285 1.14024997
v 0.562254012 -0.141093969 1.10562015
v 0.55836606 -0.126613989 1.09237003
v 0.558178008 -0.15218398 1.08119011
v 0.56092304 -0.161966011 1.08675003
v 0.55519104 -0.14898102 1.10964
v 0.537741065 -0.153421015 1.11210001
v 0.527731061 -0.155410007 1.1105001
v 0.561101019 -0.155382007 1.10297
v 0.560128033 -0.166751012 1.08767009
v 0.548139989 -0.156587973 1.11301994
v 0.629712045 -0.0531320162 1.14253008
v 0.61382103 -0.0879370123 1.14418018
v 0.59415406 -0.00408897409 1.23357999
v 0.6410321 -0.0835330188 1.07945001
v 0.630602956 -0.0989534706 1.08785009
v 0.579686046 -0.0920390263 1.12879014
v 0.608014941 -0.109575957 1.08025002
v 0.647385061 -0.0520418547 1.07192004
v 0.653034091 -0.0343199931 1.06709003
v 0.638929009 -0.000205993652 1.13137996
v 0.599869072 0.0690750107 1.22703004
v 0.641689956 0.0443840027 1.12063015
v 0.657075047 0.0140077211 1.06120014
v 0.655513048 -0.00663467404 1.06365991
v 0.658028066 0.0408473946 1.0608201
v 0.656693995 0.0561109148 1.06084001
v 0.63578701 0.0798629746 1.10810006
v 0.639450014 0.0680210069 1.05491984
v 0.640682042 0.029006958 1.05432999
v 0.640541971 0.0252680201 1.05443001
v 0.651750922 0.00675071683 1.00792003
v 0.648845971 -0.0132786557 1.01148009
v 0.637008011 -0.0188800041 1.05682003
v 0.63112092 -0.0223269649 1.01122999
v 0.634863019 0.0197689813 1.00662005
v 0.640541971 0.0252680201 1.05443001
v 0.653890014 0.0518438704 1.0144999
v 0.639450014 0.0680210069 1.05491984
v 0.601342022 0.0792960376 1.09809005
v 0.576496124 0.0982730091 1.17706001
v 0.638818026 0.0634110272 1.01264989
v 0.633645952 -0.0256009661 0.986847997
v 0.650164008 -0.0199159998 0.979876101
v 0.637732983 0.0148770139 0.981001019
v 0.651953876 0.00254501333 0.975116014
v 0.641979992 0.059400022 0.991455972
v 0.654223025 0.051335983 0.988006949
v 0.636133015 -0.0256259907 0.959814966
v 0.648889005 -0.0219329838 0.9606691
v 0.639469981 0.00438697822 0.955626965
v 0.649055898 -0.00146301265 0.957020998
v 0.636133015 -0.0256259907 0.959814966
v 0.648625016 0.0505030043 0.970383942
v 0.648625016 0.0505030043 0.970383942
v 0.653079987 0.0484939553 0.971374929
v 0.653231978 0.0287599936 0.974219978
v 0.64566803 0.024559021 0.973681033
v 0.649978042 -0.0142209623 0.987433076
v 0.651207864 0.000327987655 0.984060049
v 0.516645849 -0.0951026157 1.15309703
v 0.538566053 -0.0353030376 1.2442199
v 0.526917994 -0.123026885 1.18446994
v 0.515463054 -0.0103450008 1.22171998
v 0.528097093 -0.145258024 1.12801003
v 0.522687316 -0.124624476 1.1169703
v 0.536781013 -0.110195003 1.10924995
v 0.52235955 -0.139206007 1.09990001
v 0.538028002 -0.123002015 1.08930004
v 0.542430043 -0.150047988 1.07918
v 0.530332029 -0.161450043 1.08402002
v 0.55836606 -0.126613989 1.09237003
v 0.558178008 -0.15218398 1.08119011
v 0.560128033 -0.166751012 1.08767009
v 0.557774007 -0.113669962 1.11214006
v 0.562986016 -0.0946069285 1.14024997
v 0.540207028 -0.0763779432 1.13205993
v 0.535094023 -0.173076019 1.09077013
v 0.527731061 -0.155410007 1.1105001
v 0.534675002 -0.0251490008 1.14638007
v 0.575180054 -0.0358620435 1.11965001
v 0.568094015 -0.070532985 1.12072003
v 0.562986016 -0.0946069285 1.14024997
v 0.579686046 -0.0920390263 1.12879014
v 0.605499983 -0.0711759925 1.06188011
v 0.596094966 -0.0901670083 1.06893003
v 0.579686046 -0.0920390263 1.12879014
v 0.608014941 -0.109575957 1.08025002
v 0.580517054 0.0131980134 1.11268008
v 0.611894011 -0.0252980031 1.05079997
v 0.607019007 -0.0507420339 1.05536008
v 0.615455031 -0.00565399136 1.04837
v 0.617129028 0.016242981 1.04644001
v 0.584847987 0.0506780222 1.1023401
v 0.626729965 0.0375209786 1.04977
v 0.626251996 0.0552220158 1.04996002
v 0.601342022 0.0792960376 1.09809005
v 0.629279971 -0.064346008 1.06657004
v 0.62837106 -0.0674800128 1.0674901
v 0.640541971 0.0252680201 1.05443001
v 0.639450014 0.0680210069 1.05491984
v 0.622008026 0.010106964 1.00800002
v 0.619419992 -0.0106299585 1.01074994
v 0.63112092 -0.0223269649 1.01122999
v 0.637008011 -0.0188800041 1.05682003
v 0.634863019 0.0197689813 1.00662005
v 0.627478957 0.0349680334 1.01656985
v 0.638170004 0.0248410031 1.01805985
v 0.640682042 0.029006958 1.05432999
v 0.628075957 0.0532260127 1.01383007
v 0.638818026 0.0634110272 1.01264989
v 0.639450014 0.0680210069 1.05491984
v 0.620661974 -0.0143509675 0.988835037
v 0.633645952 -0.0256009661 0.986847997
v 0.623041987 0.00709701516 0.985883057
v 0.634863019 0.0197689813 1.00662005
v 0.637732983 0.0148770139 0.981001019
v 0.629092038 0.0322019942 0.996728957
v 0.641722918 0.0224130247 0.996619999
v 0.629839003 0.0512139872 0.993733943
v 0.641979992 0.059400022 0.991455972
v 0.62666899 -0.0146959685 0.96748805
v 0.636133015 -0.0256259907 0.959814966
v 0.639469981 0.00438697822 0.955626965
v 0.628337979 0.00110702508 0.965289056
v 0.638065994 0.0303659812 0.976714015
v 0.64566803 0.024559021 0.973681033
v 0.640501976 0.0450929999 0.974310994
v 0.648625016 0.0505030043 0.970383942
v 0.648625016 0.0505030043 0.970383942
v 0.640541971 0.0252680201 1.05443001
v 0.55292505 0.0862300098 1.17297006
v 0.555610061 0.0904470012 1.22236991
v 0.527891099 0.073481977 1.20380998
v 0.576496124 0.0982730091 1.17706001
v 0.555610061 0.0904470012 1.22236991
v 0.576496124 0.0982730091 1.17706001
v 0.601342022 0.0792960376 1.09809005
v 0.527891099 0.073481977 1.20380998
v 0.520639062 0.0316480249 1.20227003
v 0.579686046 -0.0920390263 1.12879014
v 0.562986016 -0.0946069285 1.14024997
v 0.560128033 -0.166751012 1.08767009
v 0.56092304 -0.161966011 1.08675003
v 0.645441949 -0.0512290187 0.948355019
v 0.652009964 -0.0788339972 0.958728015
v 0.655538023 -0.0570099615 0.952355027
v 0.638354957 -0.0828669742 0.954753041
v 0.653526962 -0.0745690167 0.979660034
v 0.628690958 -0.0809699968 0.986815035
v 0.646325946 -0.0628958121 1.01970994
v 0.652261972 -0.0668830127 0.988564968
v 0.654835045 -0.0509600043 0.983915091
v 0.652977943 -0.0427529886 1.01475
v 0.629279971 -0.064346008 1.06657004
v 0.637008011 -0.0188800041 1.05682003
v 0.634840012 -0.0283239745 1.01082993
v 0.638852954 -0.0353029631 0.978300989
v 0.657519996 -0.0498600006 0.972443998
v 0.645441949 -0.0512290187 0.948355019
v 0.655538023 -0.0570099615 0.952355027
v 0.62837106 -0.0674800128 1.0674901
v 0.629279971 -0.064346008 1.06657004
v 0.624903917 -0.0739849806 1.01885998
v 0.639396966 -0.0966040045 1.03442001
v 0.627592981 -0.0798220038 1.02849007
v 0.630751014 -0.111559443 1.03928006
v 0.609866917 -0.117833018 1.03777993
v 0.615819991 -0.128016055 1.00962007
v 0.636023998 -0.126120985 1.01062
v 0.631657004 -0.088955991 0.999815047
v 0.641989946 -0.105110012 1.00134003
v 0.639413953 -0.121034011 1.00599003
v 0.640679002 -0.128721997 0.997082055
v 0.623660982 -0.131229013 0.980018079
v 0.644674957 -0.104012981 0.989866138
v 0.633676946 -0.10122703 0.972177029
v 0.639878988 -0.132658988 0.983181059
v 0.639878988 -0.132658988 0.983181059
v 0.643877029 -0.107931972 0.975959003
v 0.633676946 -0.10122703 0.972177029
v 0.643877029 -0.107931972 0.975959003
v 0.623660982 -0.131229013 0.980018079
v 0.643877029 -0.107931972 0.975959003
v 0.633676946 -0.10122703 0.972177029
v 0.605499983 -0.0711759925 1.06188011
v 0.624903917 -0.0739849806 1.01885998
v 0.611618936 -0.0614499636 1.01287997
v 0.629279971 -0.064346008 1.06657004
v 0.617100954 -0.0346559882 1.00846994
v 0.634840012 -0.0283239745 1.01082993
v 0.637008011 -0.0188800041 1.05682003
v 0.612982988 -0.0673020184 0.986995995
v 0.628690958 -0.0809699968 0.986815035
v 0.619241953 -0.039261017 0.981150925
v 0.638852954 -0.0353029631 0.978300989
v 0.633058965 -0.0538629889 0.956215978
v 0.629144967 -0.0728520155 0.960114956
v 0.638354957 -0.0828669742 0.954753041
v 0.645441949 -0.0512290187 0.948355019
v 0.628690958 -0.0809699968 0.986815035
v 0.637008011 -0.0188800041 1.05682003
v 0.610866964 -0.116086043 0.987798035
v 0.633676946 -0.10122703 0.972177029
v 0.616559982 -0.0985240117 0.983277023
v 0.623660982 -0.131229013 0.980018079
v 0.603650987 -0.108003005 1.00941002
v 0.615819991 -0.128016055 1.00962007
v 0.609866917 -0.117833018 1.03777993
v 0.603018939 -0.101121977 1.03143001
v 0.611382902 -0.082465969 1.02708995
v 0.627592981 -0.0798220038 1.02849007
v 0.611882985 -0.0868430287 1.00386012
v 0.631657004 -0.088955991 0.999815047
v 0.623660982 -0.131229013 0.980018079
v 0.633676946 -0.10122703 0.972177029
v 0.626729965 0.0375209786 1.04977
v 0.640682042 0.029006958 1.05432999
v 0.640682042 0.029006958 1.05432999
v 0.654850006 0.0360514075 1.01705003
v 0.638170004 0.0248410031 1.01805985
v 0.641722918 0.0224130247 0.996619999
v 0.655090988 0.0300099943 0.991418004
v 0.64566803 0.024559021 0.973681033
v 0.653231978 0.0287599936 0.974219978
v 0.654206991 0.0488060005 0.99623394
v 0.654935956 0.0349479653 0.99831897
v 0.627592981 -0.0798220038 1.02849007
v 0.62837106 -0.0674800128 1.0674901
v 0.605499983 -0.0711759925 1.06188011
v 0.628690958 -0.0809699968 0.986815035
v 0.534025013 -0.16227302 1.10677004
v 0.535094023 -0.173076019 1.09077013
v 0.527731061 -0.155410007 1.1105001
v 0.637008011 -0.0188800041 1.05682003
v 0.576496124 0.0982730091 1.17706001
v 0.576905072 0.097939983 1.23528993
v 0.555610061 0.0904470012 1.22236991
v 0.450147986 -0.0534930415 1.47391999
v 0.483891845 0.00480606081 1.5242486
v 0.461960018 -0.0409489423 1.42650998
v 0.527636051 -0.044927977 1.28611994
v 0.559779108 -0.0462020859 1.28147006
v 0.560846031 -0.0457560718 1.28125
v 0.569760084 -0.0467939749 1.26382005
v 0.559779108 -0.0462020859 1.28147006
v 0.527636051 -0.044927977 1.28611994
v 0.450147986 -0.0534930415 1.47391999
v 0.524623036 -0.0720770285 1.29034996
v 0.461960018 -0.0409489423 1.42650998
v 0.559779108 -0.0462020859 1.28147006
v 0.560846031 -0.0457560718 1.28125
v 0.59031105 -0.0637809709 1.24191999
v 0.602990031 -0.0151990503 1.27064002
v 0.625486076 -0.0410709381 1.25544
v 0.654384017 0.0222119894 1.25774002
v 0.609950006 0.0859799907 1.25193
v 0.639647067 0.0865260288 1.23556983
v 0.609720051 0.111099012 1.21467996
v 0.578264058 0.119113006 1.24701989
v 0.548985064 0.147433013 1.2561599
v 0.570289075 0.122122034 1.2564801
v 0.546425104 0.124368973 1.25975013
v 0.477403015 0.180922002 1.42921007
v 0.548985064 0.147433013 1.2561599
v 0.548985064 0.147433013 1.2561599
v 0.478008032 0.200609967 1.43339992
v 0.502899051 0.138273925 1.53542006
v 0.520053089 0.15194504 1.56444001
v 0.530146062 0.0912379399 1.59998989
v 0.500153005 0.0663569644 1.55559003
v 0.506794095 0.0232229605 1.58507001
v 0.483891845 0.00480606081 1.5242486
v 0.450147986 -0.0534930415 1.47391999
v 0.502899051 0.138273925 1.53542006
v 0.477403015 0.180922002 1.42921007
v 0.468791038 -0.0629940778 1.47514009
v 0.506794095 0.0232229605 1.58507001
v 0.526160121 0.0189320371 1.57529998
v 0.450147986 -0.0534930415 1.47391999
v 0.538563073 -0.080216065 1.30272996
v 0.524623036 -0.0720770285 1.29034996
v 0.596866071 -0.0717839822 1.25489998
v 0.59031105 -0.0637809709 1.24191999
v 0.558016062 -0.0258129872 1.39705992
v 0.537115753 -0.0218052659 1.45160961
v 0.562047064 0.0327740461 1.45100999
v 0.57567209 -0.0189900212 1.4496299
v 0.600405097 0.0352549739 1.44796002
v 0.573339045 0.0223799124 1.41614997
v 0.571794093 -0.00995407067 1.40524995
v 0.585646093 -0.0230039973 1.41179001
v 0.614839017 -0.0388780199 1.27722001
v 0.629759073 -0.0499480441 1.26681995
v 0.645169973 0.0266749561 1.2798301
v 0.663471997 0.0240809619 1.26941001
v 0.647450984 0.0954009965 1.24530983
v 0.629510045 0.0933129862 1.25662994
v 0.605659068 0.0521580502 1.35067987
v 0.603128076 0.0288119502 1.35440004
v 0.614330053 0.041764982 1.36729991
v 0.599766076 0.0803379789 1.36046004
v 0.625486076 -0.0410709381 1.25544
v 0.59031105 -0.0637809709 1.24191999
v 0.654384017 0.0222119894 1.25774002
v 0.591806054 0.00690200785 1.37218988
v 0.585879028 0.0266879275 1.39102006
v 0.585646093 -0.0230039973 1.41179001
v 0.57567209 -0.0189900212 1.4496299
v 0.614330053 0.041764982 1.36729991
v 0.616657078 0.0473939516 1.40410995
v 0.604774058 0.0755639598 1.44151986
v 0.590466082 0.0690130591 1.38425994
v 0.579951048 0.0833749399 1.40640998
v 0.614330053 0.041764982 1.36729991
v 0.584834039 0.11034897 1.38602996
v 0.601318061 0.121579967 1.38868999
v 0.59199506 0.131596074 1.42557979
v 0.59199506 0.131596074 1.42557979
v 0.572571039 0.0606770329 1.45733988
v 0.54935509 0.0866760239 1.58748984
v 0.570857048 0.086259 1.44289994
v 0.540839136 0.148309931 1.55427003
v 0.530146062 0.0912379399 1.59998989
v 0.520053089 0.15194504 1.56444001
v 0.478008032 0.200609967 1.43339992
v 0.558678329 0.138443291 1.42788124
v 0.498284072 0.205812991 1.43233001
v 0.564761102 0.155729979 1.26600003
v 0.584875047 0.12504898 1.37764001
v 0.620348096 0.120259017 1.22656989
v 0.609720051 0.111099012 1.21467996
v 0.639647067 0.0865260288 1.23556983
v 0.548985064 0.147433013 1.2561599
v 0.478008032 0.200609967 1.43339992
v 0.548985064 0.147433013 1.2561599
v 0.601318061 0.121579967 1.38868999
v 0.59199506 0.131596074 1.42557979
v 0.249456003 0.0017510223 1.22612
v 0.230044991 -0.0246080011 1.25509989
v 0.237520009 3.30352777E-05 1.26035988
v 0.393652946 -0.0142620085 0.83751297
v 0.204813987 -0.0806110352 1.20741999
v 0.292465001 -0.12114998 0.904662013
v 0.255799979 0.0269069672 1.22720993
v 0.323037982 0.126651004 0.917333961
v 0.239353999 0.0906729847 1.27724993
v 0.282777011 -0.114311978 0.89742291
v 0.379187018 -0.0120190429 0.827428937
v 0.379187018 -0.0120190429 0.827428937
v 0.185797006 -0.101023942 1.20543993
v 0.211700976 -0.153195038 0.937440038
v 0.148417994 -0.125189975 1.23711991
v 0.203795984 -0.147049025 0.932069004
v 0.141544998 -0.124914929 1.21554995
v 0.17305401 -0.100435026 1.24116981
v 0.243724003 0.0297129806 1.26642013
v 0.239353999 0.0906729847 1.27724993
v 0.225876004 0.13606903 1.24154985
v 0.249409989 0.183087006 0.959108949
v 0.210414991 0.160691977 1.24197996
v 0.311228991 0.122954026 0.910575032
v 0.379187018 -0.0120190429 0.827428937
v 0.239916965 0.178839028 0.954495013
v 0.218529999 0.131106034 1.28333986
v 0.187168002 0.191378012 1.25665998
v 0.198556006 0.161127999 1.29018974
v 0.176233992 0.19468002 1.29782999
v 0.184452966 0.187264025 1.14121997
v 0.162716046 0.192535013 1.29462004
v 0.182136983 0.19061698 1.22251987
v 0.176233992 0.19468002 1.29782999
v 0.194582999 -0.0754780546 1.24552989
v 0.187168002 0.191378012 1.25665998
v 0.182136983 0.19061698 1.22251987
v 0.184452966 0.187264025 1.14121997
v 0.313834995 -0.0448159762 0.936163008
v 0.379187018 -0.0120190429 0.827428937
v 0.311751992 0.0375839993 0.928260982
v 0.26304701 0.115153044 1.02432001
v 0.311228991 0.122954026 0.910575032
v 0.239916965 0.178839028 0.954495013
v 0.212093994 0.160427019 1.12785995
v 0.184452966 0.187264025 1.14121997
v 0.282777011 -0.114311978 0.89742291
v 0.379187018 -0.0120190429 0.827428937
v 0.254176021 -0.0853900164 0.992931068
v 0.203795984 -0.147049025 0.932069004
v 0.216412991 -0.0725930035 1.10917997
v 0.141544998 -0.124914929 1.21554995
v 0.0406260006 -0.209512934 1.92397976
v 0.0277609993 -0.199850008 1.90046
v 0.0378049985 -0.197770998 1.90591991
v 0.0337269977 -0.214246064 1.92393994
v 0.0244659986 -0.20520705 1.88899994
v 0.0327659994 -0.219568938 1.92482996
v 0.0309179984 -0.208726957 1.88286996
v 0.0373580009 -0.224035949 1.92518973
v 0.0410529971 -0.206768945 1.88714015
v 0.0443209969 -0.220117033 1.92365992
v 0.0443929993 -0.201338947 1.89876008
v 0.0456929989 -0.214022055 1.92351997
v 0.0378049985 -0.197770998 1.90591991
v 0.0406260006 -0.209512934 1.92397976
v 0.0564039983 -0.197730094 1.95775998
v 0.0564039983 -0.197730094 1.95775998
v 0.0343590006 -0.141939998 1.88684988
v 0.044218 -0.140951991 1.89429986
v 0.038993001 -0.145496055 1.86289001
v 0.0317399986 -0.144383088 1.87049997
v 0.0487629957 -0.145167992 1.8678
v 0.0513699986 -0.142949983 1.88425994
v 0.044218 -0.140951991 1.89429986
v 0.0187749993 -0.0678920001 2.14759994
v -8.33549696E-19 -0.120919034 2.14410996
v -8.33569187E-19 -0.0631120279 2.16118002
v 0.019462999 -0.111703947 2.13444018
v -8.33549696E-19 -0.120919034 2.14410996
v 0.0717089996 -0.0628759786 2.14033008
v 0.0807249993 -0.105504908 2.10994005
v 0.0649369955 -0.0547839329 2.12460017
v 0.0175599996 -0.0593038909 2.13185
v -8.33563448E-19 -0.0528779589 2.14250016
v -8.33569187E-19 -0.0631120279 2.16118002
v 0.107163996 -0.0380749516 2.11884999
v 0.0942979977 -0.0313580297 2.10884023
v 0.129418001 0.0270140078 2.08342004
v 0.112272993 0.0278620906 2.07796025
v 0.0442730002 -0.142077938 2.09575009
v 0.0764949992 -0.124644011 2.09815001
v 0.110986002 -0.0655099452 2.10785007
v 0.0983919948 -0.094664 2.09981012
v 0.122786999 -0.0659309402 2.09078002
v 0.109498993 -0.0460269153 2.11430001
v 0.127223998 -0.0695669577 2.0797801
v 0.128877997 -0.046705015 2.08711004
v 0.137258992 -0.0551550277 2.06920004
v 0.140294001 -0.0284849536 2.07203007
v 0.134809002 -0.0246829223 2.06632996
v 0.122483991 0.0302050766 2.07717013
v 0.130747989 -0.0499578863 2.05911016
v 0.131023988 -0.0757559165 2.05188012
v 0.137429997 -0.055005949 2.05149007
v 0.104594998 -0.106759943 2.08030009
v 0.0904230028 -0.125995025 2.07994008
v 0.0772779956 -0.146031037 2.07212019
v 0.0591269992 -0.172937006 2.05589008
v 0.0964649916 -0.143912956 2.03741002
v 0.0447919965 -0.189268947 2.03617024
v 0.0653549954 -0.158074945 2.07597017
v 0.0493949987 -0.152534932 2.07665014
v 0.0466930009 -0.170321956 2.05067992
v 0.0493949987 -0.152534932 2.07665014
v 0.0315409973 -0.186136007 2.03182006
v 0.0316989981 -0.165502921 2.07191014
v -8.33488278E-19 -0.185688928 2.03136992
v -8.33490191E-19 -0.201540977 2.04384017
v 0.0412639976 -0.159987941 2.0424602
v -8.33490191E-19 -0.201540977 2.04384017
v -8.33519246E-19 -0.172109976 2.09773016
v -8.33519246E-19 -0.172109976 2.09773016
v 0.0466930009 -0.170321956 2.05067992
v -8.33519246E-19 -0.172109976 2.09773016
v 0.0167629998 -0.162281036 2.08757997
v -8.33549696E-19 -0.120919034 2.14410996
v 0.0233820006 -0.146508932 2.10113025
v -0.0167629998 -0.162281036 2.08757997
v -8.33549696E-19 -0.120919034 2.14410996
v -0.0316989981 -0.165502921 2.07191014
v -0.0187749993 -0.0678920001 2.14759994
v -0.019462999 -0.111703947 2.13444018
v -0.0717089996 -0.0628759786 2.14033008
v -0.0807249993 -0.105504908 2.10994005
v -0.0649369955 -0.0547839329 2.12460017
v -0.0175599996 -0.0593038909 2.13185
v -8.33563448E-19 -0.0528779589 2.14250016
v -8.33569187E-19 -0.0631120279 2.16118002
v -0.107163996 -0.0380749516 2.11884999
v -0.0942979977 -0.0313580297 2.10884023
v -0.129418001 0.0270140078 2.08342004
v -0.112272993 0.0278620906 2.07796025
v -8.33549696E-19 -0.120919034 2.14410996
v -0.0233820006 -0.146508932 2.10113025
v -0.0442730002 -0.142077938 2.09575009
v -0.0764949992 -0.124644011 2.09815001
v -0.110986002 -0.0655099452 2.10785007
v -0.0983919948 -0.094664 2.09981012
v -0.122786999 -0.0659309402 2.09078002
v -0.127223998 -0.0695669577 2.0797801
v -0.128877997 -0.046705015 2.08711004
v -0.137258992 -0.0551550277 2.06920004
v -0.140294001 -0.0284849536 2.07203007
v -0.134809002 -0.0246829223 2.06632996
v -0.122483991 0.0302050766 2.07717013
v -0.130747989 -0.0499578863 2.05911016
v -0.131023988 -0.0757559165 2.05188012
v -0.137429997 -0.055005949 2.05149007
v -0.123026997 -0.0716729686 2.04900002
v -0.0888490006 -0.137265921 2.03363013
v -0.0964649916 -0.143912956 2.03741002
v -0.131176993 -0.0506858826 2.04917026
v -0.104594998 -0.106759943 2.08030009
v -0.0904230028 -0.125995025 2.07994008
v -0.0964649916 -0.143912956 2.03741002
v -0.0591269992 -0.172937006 2.05589008
v -0.0447919965 -0.189268947 2.03617024
v -0.0772779956 -0.146031037 2.07212019
v -0.0653549954 -0.158074945 2.07597017
v -0.0493949987 -0.152534932 2.07665014
v -0.0466930009 -0.170321956 2.05067992
v -0.0493949987 -0.152534932 2.07665014
v -0.0315409973 -0.186136007 2.03182006
v -8.33488278E-19 -0.185688928 2.03136992
v -0.0412639976 -0.159987941 2.0424602
v -8.33490191E-19 -0.201540977 2.04384017
v -8.33490191E-19 -0.201540977 2.04384017
v -0.0466930009 -0.170321956 2.05067992
v -8.33519246E-19 -0.172109976 2.09773016
v 0.108154997 -0.0743598938 2.04836035
v 0.0888490006 -0.137265921 2.03363013
v 0.123026997 -0.0716729686 2.04900002
v 0.0672179982 -0.143166959 2.04050994
v 0.0315409973 -0.186136007 2.03182006
v 0.0466930009 -0.170321956 2.05067992
v 0.0315409973 -0.186136007 2.03182006
v 0.0466930009 -0.170321956 2.05067992
v 0.0412639976 -0.159987941 2.0424602
v 0.131023988 -0.0757559165 2.05188012
v 0.0888490006 -0.137265921 2.03363013
v 0.0964649916 -0.143912956 2.03741002
v 0.123026997 -0.0716729686 2.04900002
v 0.131176993 -0.0506858826 2.04917026
v 0.0315409973 -0.186136007 2.03182006
v 0.0888490006 -0.137265921 2.03363013
v 0.0447919965 -0.189268947 2.03617024
v 0.119594 -0.0334539786 2.10085011
v 0.122483991 0.0302050766 2.07717013
v 0.104310006 0.0363461301 1.98531973
v 0.107847013 -0.00928802509 1.99348009
v 0.107785024 0.00744812004 2.02649975
v 0.124048017 -0.014123993 2.01420975
v 0.161167026 0.0236601252 2.03422976
v 0.113819003 0.0476831049 1.99388993
v 0.151893005 0.052505035 2.01212955
v 0.189902037 0.0249540713 2.04100966
v 0.210015029 0.0478271469 2.03836989
v 0.210671037 0.0421240218 2.04033971
v 0.167784035 0.0117311096 2.03716969
v 0.189078018 0.0452961735 2.04345965
v 0.154731005 0.0543101504 2.02784991
v 0.210015029 0.0478271469 2.03836989
v 0.160161018 0.042944029 2.04272985
v 0.151893005 0.052505035 2.01212955
v 0.110209003 0.0541731268 2.01658988
v 0.111379012 0.0605380237 1.99246979
v 0.100270003 0.0553390495 2.01230001
v 0.100739002 0.0571141057 1.98250008
v 0.113972016 0.0304571521 2.0384798
v 0.11939802 0.000157012939 2.03436971
v 0.164879039 0.0226901248 2.04620981
v 0.124048017 -0.014123993 2.01420975
v 0.167784035 0.0117311096 2.03716969
v 0.189902037 0.0249540713 2.04100966
v 0.188879013 0.0331001282 2.04671979
v 0.210671037 0.0421240218 2.04033971
v 0.11086601 -0.0136859128 2.0327301
v 0.105843 0.0274540707 2.04067016
v 0.100270003 0.0553390495 2.01230001
v 0.11086601 -0.0136859128 2.0327301
v 0.108525991 -0.0241178889 2.00225997
v 0.113819003 0.0476831049 1.99388993
v 0.151893005 0.052505035 2.01212955
v 0.100739002 0.0571141057 1.98250008
v 0.104310006 0.0363461301 1.98531973
v 0.124048017 -0.014123993 2.01420975
v 0.107847013 -0.00928802509 1.99348009
v 0.108525991 -0.0241178889 2.00225997
v 0.167781979 0.0797049999 0.142158985
v 0.10922797 0.0777489841 0.43918398
v 0.353087991 0.0727069825 0.461763948
v 0.527731061 -0.155410007 1.1105001
v 0.535094023 -0.173076019 1.09077013
v -0.0725514516 -0.114556275 2.02228594
v -0.0673804581 -0.123513333 2.02228594
v -0.0723664612 -0.12042129 2.01333594
v -0.0751374587 -0.110078275 2.01333594
v -0.0725514516 -0.114556275 2.00437593
v -0.0673804581 -0.123513333 2.00437593
v -0.0647944584 -0.127992392 2.01333594
v -0.0666007623 -0.107492365 2.02884603
v -0.05764376 -0.123006284 2.02884579
v -0.0710797757 -0.099735409 2.01333594
v -0.0666007623 -0.107492365 1.99781609
v -0.05764376 -0.123006433 1.99781609
v -0.0531647727 -0.130763397 2.01333594
v -8.33422311E-19 -0.21881713 1.89216018
v -0.025940001 -0.20389618 1.86609006
v -0.023692999 -0.203662097 1.89089978
v -2.7755575E-19 -0.218278959 1.86722982
v -0.0468559973 -0.137500152 1.86081994
v -0.042796988 -0.133706048 1.88507974
v -8.33434667E-19 -0.228108972 1.92608047
v -0.0219350103 -0.209438011 1.89636028
v -0.0219350103 -0.211552888 1.92497039
v -8.33422673E-19 -0.225778952 1.89669013
v -0.0439249985 -0.134004965 1.89481008
v -0.0439249985 -0.135127872 1.9198401
v -0.114309996 -0.0697239637 1.93123007
v -0.189948007 -0.0609019473 1.85523999
v -0.120139994 -0.0443809517 1.94756007
v -0.172189996 -0.0825299025 1.85645998
v -0.183267996 -0.0380870029 1.84079993
v -0.114913993 -0.0193820186 1.93024015
v -0.158830985 -0.0369000249 1.82758999
v -0.0998840034 -0.0194659419 1.90498984
v -0.208574355 -0.112246394 1.78379416
v -0.189645797 -0.12325149 1.79523873
v -0.147752002 -0.0813429207 1.84324992
v -0.108387001 -0.0703539997 1.89603996
v -0.165292844 -0.118047938 1.78733909
v -0.141072989 -0.0585279837 1.82880998
v -0.0943560004 -0.0456098914 1.88929987
v -0.108387001 -0.0703539997 1.89603996
v -0.114309996 -0.0697239637 1.93123007
v -0.159867734 -0.101838075 1.76799476
v -0.178796262 -0.0908322111 1.75655031
v -0.159867734 -0.101838075 1.76799476
v -0.141072989 -0.0585279837 1.82880998
v -0.0998840034 -0.0194659419 1.90498984
v -0.0943560004 -0.0456098914 1.88929987
v -0.194939986 -0.185148925 1.74106002
v -0.17843999 -0.182057947 1.76129997
v -0.155959994 -0.26304397 1.76785994
v -0.147822991 -0.247167051 1.7802099
v -0.155431002 -0.171782985 1.75727987
v -0.127013996 -0.242414996 1.77846992
v -0.148921996 -0.16459991 1.73301995
v -0.114343002 -0.253540963 1.76437998
v -0.143288001 -0.274169922 1.75375998
v -0.188430995 -0.177964926 1.71679986
v -0.122479998 -0.269418925 1.75201988
v -0.165421993 -0.167691037 1.71278
v -0.114343002 -0.253540963 1.76437998
v -0.148921996 -0.16459991 1.73301995
v -0.155068994 -0.285048068 1.82998002
v -0.149729997 -0.273182988 1.83421004
v -0.137189001 -0.272931069 1.83981001
v -0.129987001 -0.284543902 1.8411901
v -0.129987001 -0.284543902 1.8411901
v -0.135325998 -0.296408981 1.83695996
v -0.147866994 -0.2966609 1.8313601
v -0.155959994 -0.26304397 1.76785994
v -0.178148001 -0.288399965 1.92657006
v -0.178148001 -0.288399965 1.92657006
v -0.178148001 -0.288399965 1.92657006
v -0.178148001 -0.288399965 1.92657006
v -0.178148001 -0.288399965 1.92657006
v -0.178148001 -0.288399965 1.92657006
v -0.203149244 -0.0960362256 1.76444983
v -0.0711439997 -0.0116879269 2.18473029
v -0.00747399963 -0.00502090435 2.12769008
v -0.0347589999 -0.0455679297 2.13017011
v -0.0431389995 0.0268310532 2.18065023
v -0.0871699974 -0.0379669182 2.11300015
v -0.109687991 -0.0158479307 2.15073013
v -0.120088995 0.0186489858 2.11253023
v -0.105790995 0.00408798223 2.08408999
v -0.133376449 0.129666746 2.19960999
v -0.16267845 0.0997557044 2.20063019
v -0.177519426 0.0741656497 2.16627002
v -0.163057432 0.0784877017 2.12923026
v -0.0942429975 0.0549999997 2.11041021
v -0.078530997 0.0432670601 2.08157015
v -0.105790995 0.00408798223 2.08408999
v -0.133754447 0.108398743 2.12602019
v -0.11891444 0.133988649 2.16304994
v -0.215751544 0.200248107 2.17140341
v -0.240986556 0.170083001 2.17542338
v -0.238570899 0.132705078 2.15079331
v -0.208433554 0.125491023 2.12109351
v -0.238570899 0.132705078 2.15079331
v -0.177519426 0.0741656497 2.16627002
v -0.184712544 0.155656129 2.11654329
v -0.187615544 0.193035126 2.14170337
v -0.29389599 0.18308197 2.11322451
v -0.274403989 0.218173057 2.10046434
v -0.275786102 0.139911339 2.10982871
v -0.238570899 0.132705078 2.15079331
v -0.245596007 0.131699979 2.0935688
v -0.229087994 0.164822072 2.07729888
v -0.237772986 0.209949031 2.08619785
v -0.184712544 0.155656129 2.11654329
v -0.11891444 0.133988649 2.16304994
v -0.229087994 0.164822072 2.07729888
v -0.296186984 0.169468075 2.01132011
v -0.315090001 0.141946107 2.03923011
v -0.290209979 0.119100034 2.06982017
v -0.232159004 0.151282042 2.0416801
v -0.253327012 0.174144134 2.01119018
v -0.247493982 0.12367706 2.07131004
v -0.290209979 0.119100034 2.06982017
v -0.232159004 0.151282042 2.0416801
v -0.260345995 0.0674180612 1.97996008
v -0.278733999 0.0538270548 2.01102996
v -0.266376972 0.0595550537 2.04803014
v -0.290209979 0.119100034 2.06982017
v -0.233982995 0.0788740516 2.05410004
v -0.211677 0.0924639851 2.0246501
v -0.211677 0.0924639851 2.0246501
v -0.224669993 0.0867359936 1.98700011
v -0.177376002 -0.050125882 2.04279017
v -0.200306997 -0.0480268858 2.05904007
v -0.202054992 -0.0275189206 2.0785501
v -0.266376972 0.0595550537 2.04803014
v -0.180827007 -0.00910797063 2.08175015
v -0.157895997 -0.0112069696 2.06550002
v -0.157895997 -0.0112069696 2.06550002
v -0.156326994 -0.0317149349 2.04622006
v -0.123359002 -0.117046967 2.15339017
v -0.136971995 -0.115874022 2.16322017
v -0.138227999 -0.103170924 2.17393017
v -0.126210004 -0.0916419998 2.17525005
v -0.112596996 -0.0928149372 2.16542029
v -0.112596996 -0.0928149372 2.16542029
v -0.111170992 -0.105516963 2.15449023
v -0.0835200027 -0.15703994 2.21208
v -0.0904969946 -0.157230988 2.21868014
v -0.0908040032 -0.150578916 2.2255702
v -0.0841339976 -0.143737033 2.22586012
v -0.0771559998 -0.143545985 2.2192502
v -0.0771559998 -0.143545985 2.2192502
v -0.0768489987 -0.150196984 2.21237016
v -0.0331259966 -0.197734982 2.25883007
v -0.0331259966 -0.197734982 2.25883007
v -0.0331259966 -0.197734982 2.25883007
v -0.0331259966 -0.197734982 2.25883007
v -0.0331259966 -0.197734982 2.25883007
v -0.0331259966 -0.197734982 2.25883007
v -0.0355129987 0.0446279906 2.11279011
v -0.0942429975 0.0549999997 2.11041021
v -0.078530997 0.0432670601 2.08157015
v -0.0545030013 0.0603570528 2.14329004
v -0.00747399963 -0.00502090435 2.12769008
v -0.133754447 0.108398743 2.12602019
v -0.11891444 0.133988649 2.16304994
v -8.33423965E-19 -0.249308005 1.91132104
v -0.0280110352 -0.248676747 1.92941809
v -8.33425981E-19 -0.254799187 1.91897416
v -0.0212553386 -0.24395813 1.93180692
v -8.334296E-19 -0.248309627 1.92408323
v -8.33425981E-19 -0.254799187 1.91897416
v -0.0280110352 -0.248676747 1.92941809
v -0.0273829997 -0.233632967 1.94961011
v -0.0357730016 -0.235336915 1.95209014
v -0.0321987532 -0.242512047 1.92274809
v -8.33423965E-19 -0.249308005 1.91132104
v -0.0233489983 -0.226140901 1.96655023
v -8.33429135E-19 -0.24075073 1.91928327
v -0.0321987532 -0.242512047 1.92274809
v -0.0321987532 -0.242512047 1.92274809
v -0.0409579985 -0.227340847 1.94836712
v -0.0267329998 -0.216811821 1.96492708
v -0.0233489983 -0.226140901 1.96655023
v -0.0178730004 -0.226593927 1.96068001
v -8.33455398E-19 -0.222508997 1.97226012
v -8.33452089E-19 -0.223813936 1.9650501
v -8.33457156E-19 -0.21265395 1.97146714
v -0.0233489983 -0.226140901 1.96655023
v -8.33457156E-19 -0.21265395 1.97146714
v -8.334296E-19 -0.248309627 1.92408323
v -0.021207232 -0.236367032 1.92704797
v -8.33429135E-19 -0.24075073 1.91928327
v -0.0212553386 -0.24395813 1.93180692
v -0.0273829997 -0.233632967 1.94961011
v -0.0273829997 -0.226073906 1.94480002
v -0.0178730004 -0.226593927 1.96068001
v -0.0178730004 -0.219035029 1.95587015
v -8.33452089E-19 -0.223813936 1.9650501
v -8.33451676E-19 -0.216255024 1.96024013
v -8.33429135E-19 -0.24075073 1.91928327
v -0.021207232 -0.236367032 1.92704797
v -0.0321987532 -0.242512047 1.92274809
v -0.0273829997 -0.226073906 1.94480002
v -0.0409579985 -0.227340847 1.94836712
v -0.0321987532 -0.242512047 1.92274809
v -0.0178730004 -0.219035029 1.95587015
v -0.0267329998 -0.216811821 1.96492708
v -8.33457156E-19 -0.21265395 1.97146714
v -8.33451676E-19 -0.216255024 1.96024013
v -0.151472971 -0.0599850081 0.556585014
v -0.169943959 -0.0374449901 0.547816932
v -0.114835955 0.0197990034 0.517062962
v -0.21672298 -0.0862740278 0.570290983
v -0.226580977 -0.0554299913 0.560747921
v -0.28440097 -0.062733002 0.568893909
v -0.274931967 -0.0437689945 0.55943799
v -0.323817641 0.015331001 0.535062969
v -0.138894975 -0.0861759931 1.81895995
v -0.536113977 0.0684300214 1.84761
v -0.16362296 0.0604010001 1.92453015
v -0.431414932 -0.0635749772 1.74554992
v -0.536113977 0.15404892 1.84761
v -0.163622946 0.162079006 1.92453015
v -0.431414932 0.286054999 1.74554992
v -0.13889493 0.308656007 1.81895995
v -0.431414932 0.286054999 1.74554992
v -0.533734977 0.149062037 1.83001995
v -0.42778191 0.280066967 1.72871995
v -0.536113977 0.15404892 1.84761
v -0.533734977 0.0734170526 1.83001995
v -0.536113977 0.0684300214 1.84761
v -0.427781969 -0.0575880408 1.72871995
v -0.431414932 -0.0635749772 1.74554992
v -0.431414932 -0.0635749772 1.74554992
v -0.132673979 -0.0805989057 1.80251002
v -0.427781969 -0.0575880408 1.72871995
v -0.138894975 -0.0861759931 1.81895995
v -0.431414932 0.286054999 1.74554992
v -0.132673934 0.303079069 1.80251002
v -0.13889493 0.308656007 1.81895995
v -0.42778191 0.280066967 1.72871995
v -0.533734977 0.0734170526 1.83001995
v -0.162964925 0.15673095 1.91136992
v -0.533734977 0.149062037 1.83001995
v -0.162964955 0.0657490492 1.91136992
v -0.132673934 0.303079069 1.80251002
v -0.42778191 0.280066967 1.72871995
v -0.427781969 -0.0575880408 1.72871995
v -0.132673979 -0.0805989057 1.80251002
v -0.388947964 -0.119441003 0.0717850029
v -0.382647991 -0.160192996 0.0513129979
v -0.390849978 -0.144472986 0.0405840017
v -0.379152983 -0.133660004 0.0849250033
v -0.376453012 -0.144891992 -0.0135760019
v -0.384057999 -0.0925069973 0.104360998
v -0.376287997 -0.132447988 0.0321609974
v -0.388947964 -0.119441003 0.0717850029
v -0.373144001 -0.0944750085 0.115523994
v -0.379152983 -0.133660004 0.0849250033
v -0.359770954 -0.0969109982 0.104741998
v -0.363547951 -0.124395996 0.0730220005
v -0.368169993 -0.148899987 0.0417040065
v -0.382647991 -0.160192996 0.0513129979
v -0.376287997 -0.132447988 0.0321609974
v -0.376453012 -0.144891992 -0.0135760019
v -0.367909014 -0.0753410012 0.112813994
v -0.301220983 -0.139633998 0.0815540031
v -0.289927959 -0.183014974 0.0591080002
v -0.30052498 -0.166915998 0.0474449992
v -0.289064974 -0.153936997 0.0958419964
v -0.28490898 -0.165785998 -0.0114319986
v -0.297349989 -0.107832998 0.116443992
v -0.286097974 -0.152309 0.038288001
v -0.273204982 -0.14220199 0.0829259977
v -0.275510967 -0.169209987 0.0486639962
v -0.286097974 -0.152309 0.038288001
v -0.272389978 -0.110208005 0.117734
v -0.286950976 -0.110822998 0.129151002
v -0.28490898 -0.165785998 -0.0114319986
v -0.289927959 -0.183014974 0.0591080002
v -0.289064974 -0.153936997 0.0958419964
v -0.286950976 -0.110822998 0.129151002
v -0.282889962 -0.0895380005 0.124389
v -0.212691963 -0.142938003 0.0841879994
v -0.198784977 -0.185716987 0.062161006
v -0.209846973 -0.170132011 0.0502309985
v -0.200222984 -0.156656995 0.0987530053
v -0.192854971 -0.168210998 -0.00823999383
v -0.212412983 -0.11628101 0.118670993
v -0.195909977 -0.154845998 0.0414300039
v -0.201269984 -0.113479994 0.132229999
v -0.200222984 -0.156656995 0.0987530053
v -0.186603978 -0.116936997 0.118191004
v -0.184627965 -0.144172996 0.0861769915
v -0.184789971 -0.171231985 0.0520699956
v -0.198784977 -0.185716987 0.062161006
v -0.192854971 -0.168210998 -0.00823999383
v -0.195909977 -0.154845998 0.0414300039
v -0.184627965 -0.144172996 0.0861769915
v -0.197202981 -0.0961359888 0.129106
v -0.201269984 -0.113479994 0.132229999
v -0.0197080001 0.171366036 1.05251002
v -0.0490420014 0.234364003 1.13716006
v -0.0456059873 0.193998024 1.05195999
v 2.95520252E-19 0.221981049 1.13172984
v -0.0448079892 0.161282033 1.02779996
v -0.0252199899 0.116733015 1.00611007
v -1.09709249E-19 0.164002985 1.04998994
v 3.19678165E-19 0.118367001 1.01743996
v -0.0948259979 0.231743008 1.13893998
v -0.0847319812 0.206748039 1.0495801
v -0.0767279863 0.179075003 1.01316011
v -0.137626991 0.190596998 1.01889992
v -0.134279996 0.209757984 1.06747997
v -0.14314501 0.229392156 1.13784003
v -0.0956229642 0.176454008 0.939066052
v -0.156742975 0.183477014 0.959639966
v -0.18611598 0.168369055 0.87015301
v -0.120961979 0.164501041 0.850617945
v -0.178383976 0.126980022 0.705790102
v -0.133987963 0.101953007 0.691434026
v -0.0691339672 0.124981001 0.833298028
v -0.227621973 0.122149006 0.717752993
v -0.242330998 0.143929064 0.893236995
v -0.264705986 0.0944270268 0.72577399
v -0.284244001 0.101834029 0.913439989
v -0.284792006 0.0485240147 0.725111008
v -0.311751992 0.0375839993 0.928260982
v -0.298098981 -0.00900398195 0.712789953
v -0.293629378 0.0417679958 0.668513
v -0.296120971 -0.0161820222 0.66279
v -0.297645003 -0.0121640014 0.618627012
v -0.306950629 0.0464239866 0.622041047
v -0.32524696 0.0653389692 0.570418
v -0.293738008 0.0942670032 0.621867955
v -0.312141478 0.118021011 0.570927978
v -0.335727215 0.15636003 0.463733137
v -0.282766342 0.19603014 0.469908446
v -0.26403442 0.154615015 0.568977952
v -0.206738219 0.201062471 0.461595684
v -0.198660955 0.160550997 0.557478905
v -0.133294851 0.166658208 0.447616309
v -0.135478973 0.132136002 0.545431972
v -0.106001057 0.103390083 0.440505147
v -0.106671959 0.0753969923 0.537072957
v -0.346713215 0.114295922 0.456993848
v -0.142262965 0.108847007 0.599696934
v -0.196557969 0.137475014 0.610267878
v -0.252790987 0.13108699 0.620417953
v -0.11387711 0.0562229902 0.589434981
v -0.343404979 0.126196995 0.375045955
v -0.191312984 0.126667023 0.654227972
v -0.142803997 0.0956920236 0.643155932
v -0.243439019 0.123439021 0.663681984
v -0.277063012 0.088744998 0.66794908
v -0.100873962 0.0467309952 0.631541014
v -0.100832969 0.0468960181 0.681373
v -0.0359589681 0.0533879846 0.827064931
v -0.0232689586 0.0557559952 0.892837942
v -0.0362839699 0.121163025 0.917650938
v -0.0204699598 0.0516130067 0.938300967
v -0.0218209792 0.0342189781 0.994941056
v 2.75333374E-19 0.0307849869 0.995504916
v 3.19678165E-19 0.118367001 1.01743996
v -0.0569489785 -0.0851049796 1.05532002
v -0.12189199 -0.11208 1.01682007
v -0.0668550059 -0.108339004 1.08071995
v -0.0243329797 -0.0464790352 1.02120006
v -0.0409679674 -0.0712239817 0.943677962
v -0.017383961 -0.0258219913 0.947556973
v -0.0191949606 -0.00795799214 0.899108946
v -0.0204699598 0.0516130067 0.938300967
v -0.0232689586 0.0557559952 0.892837942
v -0.0359589681 0.0533879846 0.827064931
v -0.0411989689 -0.0459510013 0.858075023
v -0.100832969 0.0468960181 0.681373
v -0.103920899 -0.0169570148 0.671941996
v -0.109623976 -0.0968150273 0.798603952
v -0.150248975 -0.0748940259 0.676913083
v -0.225396976 -0.094960019 0.702629983
v -0.191365987 -0.112930983 0.820698977
v -0.257588983 -0.105044022 0.824859917
v -0.104238965 -0.0195549764 0.623765945
v -0.164586976 -0.0661190376 0.633717
v -0.168952972 -0.0506859943 0.586879969
v -0.118500113 -0.00305099483 0.58010298
v -0.169943959 -0.0374449901 0.547816932
v -0.226580977 -0.0554299913 0.560747921
v -0.226204976 -0.073960036 0.597669959
v -0.114835955 0.0197990034 0.517062962
v -0.11387711 0.0562229902 0.589434981
v -0.106671959 0.0753969923 0.537072957
v -0.100873962 0.0467309952 0.631541014
v -0.226031989 -0.0888310224 0.645510018
v -0.26531297 -0.0592150092 0.607863009
v -0.226580977 -0.0554299913 0.560747921
v -0.274931967 -0.0437689945 0.55943799
v -0.323817641 0.015331001 0.535062969
v -0.269097984 -0.0687960014 0.653721988
v -0.280492008 -0.0677210242 0.702142
v -0.311259001 -0.054127045 0.832675993
v -0.261270016 -0.0979679823 0.938793004
v -0.171172976 -0.121442027 0.937427938
v -0.108998977 -0.109041974 0.934831977
v -0.167999983 -0.112564005 1.01264
v -0.313834995 -0.0448159762 0.936163008
v -0.254176021 -0.0853900164 0.992931068
v -0.118502989 -0.100428998 1.08112001
v -0.183066994 -0.0916560367 1.09919
v -0.127475977 -0.0919609815 1.12407005
v -0.141544998 -0.124914929 1.21554995
v -0.127475977 -0.0919609815 1.12407005
v -0.216412991 -0.0725930035 1.10917997
v 5.51747408E-19 -0.113087997 1.08097994
v 3.57851697E-19 -0.0535739884 1.02319992
v 2.75333374E-19 0.0307849869 0.995504916
v -0.0218209792 0.0342189781 0.994941056
v 3.57851697E-19 -0.0535739884 1.02319992
v 2.75333374E-19 0.0307849869 0.995504916
v -0.10922797 0.0777489841 0.43918398
v -0.106001057 0.103390083 0.440505147
v -0.107174955 0.00269500725 0.499366939
v -0.10922797 0.0777489841 0.43918398
v -0.0990119502 0.0578509904 0.429074913
v -0.151472971 -0.0599850081 0.556585014
v -0.147715971 -0.0756869838 0.535581946
v -0.21672298 -0.0862740278 0.570290983
v -0.21825996 -0.101218984 0.550336957
v -0.156318963 -0.067915 0.530176938
v -0.21825996 -0.101218984 0.550336957
v -0.218988955 -0.0896670148 0.545047939
v -0.291301966 -0.0786560029 0.548878968
v -0.284162968 -0.0705559924 0.54201597
v -0.340979993 -0.00214099884 0.521014988
v -0.147108972 -0.036561735 0.472563922
v -0.154406965 -0.0312520228 0.420351923
v -0.225772947 -0.0605889894 0.478284985
v -0.30705598 -0.0352667235 0.488919944
v -0.310298979 -0.0305710211 0.436160952
v -0.23489897 -0.0499190129 0.402914941
v -0.267969996 -0.0438100025 0.397918969
v -0.274375975 -0.0432709865 0.381029963
v -0.328624934 0.0304109957 0.25533396
v -0.366803974 0.0836779922 0.269785941
v -0.361822963 0.0592810027 0.175866961
v -0.334010005 0.00462299353 0.185465962
v -0.248586968 -0.0113440128 0.242902964
v -0.253679991 -0.0213280097 0.185670957
v -0.169404954 0.0337029845 0.240588963
v -0.175881967 0.00789199769 0.170824975
v -0.152567968 0.0636089891 0.15648897
v -0.131439969 0.0885469913 0.247992963
v -0.355673969 0.106824987 0.268012971
v -0.350168973 0.075932987 0.159046978
v -0.31656298 0.016342001 0.166189954
v -0.350168973 0.075932987 0.159046978
v -0.246666998 -0.00127500528 0.166834995
v -0.191835985 0.0203839969 0.154093996
v -0.186227992 0.0417549871 0.150276989
v -0.143644974 0.111210994 0.248381972
v -0.167781979 0.0797049999 0.142158985
v -0.12643598 0.0944800004 0.343783945
v -0.115224957 0.0731979907 0.338533968
v -0.200557947 -0.0432710275 0.37361595
v -0.203478962 -0.0438100025 0.391441941
v -0.224014968 -0.059983138 0.382371962
v -0.249648973 -0.059983138 0.384946972
v -0.252805978 -0.0551990494 0.349431336
v -0.253590971 -0.0174350161 0.280641943
v -0.22740896 -0.0551990494 0.34688133
v -0.239435956 -0.0174369998 0.279219955
v -0.289805979 0.17225799 0.204870984
v -0.244367972 0.199156001 0.122325972
v -0.239470959 0.187972993 0.203339934
v -0.302560002 0.179983988 0.122681975
v -0.199635997 0.157728985 0.124675967
v -0.196892962 0.15595898 0.20143196
v -0.167781979 0.0797049999 0.142158985
v -0.230636954 0.190905988 0.269747943
v -0.17769596 0.158444986 0.264675975
v -0.291855991 0.177565992 0.281146973
v -0.336132944 0.12895298 0.202290952
v -0.338035971 0.126763985 0.287291944
v -0.337484956 0.107201003 0.266328961
v -0.350168973 0.075932987 0.159046978
v -0.358940005 0.138806 0.127703995
v -0.388139993 0.0434670113 0.0953339934
v -0.14516601 0.0776199996 0.0401400067
v -0.181115016 0.131055996 0.0302010141
v -0.333095998 0.156024992 0.0327200033
v -0.37933898 0.106641993 0.0373710059
v -0.223179966 0.199745998 0.316778958
v -0.160966963 0.163533002 0.30596596
v -0.293549955 0.19115299 0.345459968
v -0.143644974 0.111210994 0.248381972
v -0.12643598 0.0944800004 0.343783945
v -0.334799945 0.0896189883 0.366211951
v -0.334799945 0.0896189883 0.366211951
v -0.337835014 0.113143995 0.00598401064
v -0.375259995 0.0843049958 0.00803400949
v -0.398886979 0.0398679972 0.0392479971
v -0.381819993 0.036441002 0.00576300826
v -0.264907002 0.114266992 0.00450800871
v -0.254894018 0.162898004 0.0300760064
v -0.187516019 0.0931719914 0.0055320072
v -0.14516601 0.0776199996 0.0401400067
v -0.411568969 -0.0225530006 0.0316459984
v -0.386300951 -0.0292959996 0.00185899972
v -0.381696016 -0.0233149994 0.082201995
v -0.396348953 -0.105762996 -0.00271499623
v -0.401588976 -0.125940993 0.0309189986
v -0.392744958 -0.0709269866 0.107126996
v -0.367909014 -0.0753410012 0.112813994
v -0.384057999 -0.0925069973 0.104360998
v -0.392101973 -0.0895019993 0.102095
v -0.388947964 -0.119441003 0.0717850029
v -0.376287997 -0.132447988 0.0321609974
v -0.309790999 0.00540499669 0.118971005
v -0.350168973 0.075932987 0.159046978
v -0.293290973 0.038099993 0.162127942
v -0.236797005 -0.00639800075 0.129532009
v -0.239529952 0.024426993 0.159529969
v -0.186227992 0.0417549871 0.150276989
v -0.166212991 0.00874300022 0.117836006
v -0.14516601 0.0776199996 0.0401400067
v -0.167781979 0.0797049999 0.142158985
v -0.253999978 -0.0525529943 0.102766
v -0.313793987 -0.0460709929 0.0897840038
v -0.169487 -0.0538560003 0.0983029976
v -0.231042966 -0.0533549972 0.100098997
v -0.13955 0.00366000156 0.0523870066
v -0.14516601 0.0776199996 0.0401400067
v -0.15362902 0.0618590005 0.00836400967
v -0.164195985 0.00400099996 0.00225799973
v -0.146069989 -0.0557709932 0.0489429981
v -0.171835974 -0.0504039973 -0.00100599765
v -0.239978969 -0.105828986 0.0357529968
v -0.172775969 -0.0969649926 0.122971997
v -0.197202981 -0.0961359888 0.129106
v -0.221977979 -0.0961139947 0.124431998
v -0.145678982 -0.103585996 0.0340379998
v -0.25622797 -0.0925699994 0.120827995
v -0.212412983 -0.11628101 0.118670993
v -0.218510985 -0.114945002 0.117202997
v -0.212691963 -0.142938003 0.0841879994
v -0.233021975 -0.149239987 0.0307950005
v -0.195909977 -0.154845998 0.0414300039
v -0.166692972 -0.149210006 0.0296139996
v -0.179361969 -0.115656003 0.116143994
v -0.173288971 -0.128284991 -0.00288499822
v -0.239978969 -0.105828986 0.0357529968
v -0.184627965 -0.144172996 0.0861769915
v -0.195909977 -0.154845998 0.0414300039
v -0.186603978 -0.116936997 0.118191004
v -0.171835974 -0.0504039973 -0.00100599765
v -0.173288971 -0.128284991 -0.00288499822
v -0.214296982 0.164379045 0.979538023
v -0.189656973 0.171175987 1.02947998
v -0.26304701 0.115153044 1.02432001
v -0.178277999 0.185547024 1.08889008
v -0.212093994 0.160427019 1.12785995
v -0.184452966 0.187264025 1.14121997
v -0.182136983 0.19061698 1.22251987
v -0.151851982 0.223674163 1.22665
v -0.182136983 0.19061698 1.22251987
v -0.162716046 0.192535013 1.29462004
v -0.157016993 0.200409994 1.29649019
v -0.15362902 0.0618590005 0.00836400967
v -0.14516601 0.0776199996 0.0401400067
v -0.375259995 0.0843049958 0.00803400949
v -0.323148996 0.0322609991 0.00160501001
v -0.337835014 0.113143995 0.00598401064
v -0.381819993 0.036441002 0.00576300826
v -0.264907002 0.114266992 0.00450800871
v -0.233892992 0.014986 0.000522999733
v -0.187516019 0.0931719914 0.0055320072
v -0.164195985 0.00400099996 0.00225799973
v -0.15362902 0.0618590005 0.00836400967
v -0.225401968 -0.0592889972 -0.00144800183
v -0.171835974 -0.0504039973 -0.00100599765
v -0.305010974 -0.0574549995 -0.00134600163
v -0.255589962 -0.0619890019 -0.000791997882
v -0.386300951 -0.0292959996 0.00185899972
v -0.333379954 -0.0491130017 -0.000892000156
v -0.32978797 -0.0979829654 0.0314829908
v -0.239978969 -0.105828986 0.0357529968
v -0.396348953 -0.105762996 -0.00271499623
v -0.347662926 -0.113059983 -0.00292400364
v -0.32978797 -0.0979829654 0.0314829908
v -0.345160961 -0.135356992 0.0301980004
v -0.22858195 -0.130984992 -0.00271499623
v -0.173288971 -0.128284991 -0.00288499822
v -0.309224993 -0.135837004 -0.00298999785
v -0.262305945 -0.139183983 -0.00292400364
v -0.239978969 -0.105828986 0.0357529968
v -0.32978797 -0.0979829654 0.0314829908
v -0.32010895 -0.151392013 0.0266569983
v -0.288833976 -0.159290999 0.0262279976
v -0.32010895 -0.151392013 0.0266569983
v -0.257156968 -0.154290006 0.026584005
v -0.376287997 -0.132447988 0.0321609974
v -0.401588976 -0.125940993 0.0309189986
v -0.286097974 -0.152309 0.038288001
v -0.257156968 -0.154290006 0.026584005
v -0.233021975 -0.149239987 0.0307950005
v -0.199666977 -0.15467599 0.0300049968
v -0.239978969 -0.105828986 0.0357529968
v -0.257156968 -0.154290006 0.026584005
v -0.195909977 -0.154845998 0.0414300039
v -0.166692972 -0.149210006 0.0296139996
v -0.173288971 -0.128284991 -0.00288499822
v -0.32010895 -0.151392013 0.0266569983
v -0.305106968 -0.105621003 0.114058994
v -0.301220983 -0.139633998 0.0815540031
v -0.286097974 -0.152309 0.038288001
v -0.297349989 -0.107832998 0.116443992
v -0.309864968 -0.0874979869 0.117587
v -0.282889962 -0.0895380005 0.124389
v -0.25622797 -0.0925699994 0.120827995
v -0.32978797 -0.0979829654 0.0314829908
v -0.32010895 -0.151392013 0.0266569983
v -0.272389978 -0.110208005 0.117734
v -0.264934987 -0.10960599 0.116257995
v -0.257156968 -0.154290006 0.026584005
v -0.273204982 -0.14220199 0.0829259977
v -0.286097974 -0.152309 0.038288001
v -0.338761985 -0.0406269841 0.08495
v -0.32978797 -0.0979829654 0.0314829908
v -0.388139993 0.0434670113 0.0953339934
v -0.381696016 -0.0233149994 0.082201995
v -0.342879951 -0.0805409998 0.107809998
v -0.359770954 -0.0969109982 0.104741998
v -0.351822972 -0.0969309956 0.102877997
v -0.345160961 -0.135356992 0.0301980004
v -0.376287997 -0.132447988 0.0321609974
v -0.363547951 -0.124395996 0.0730220005
v -0.338761985 -0.0406269841 0.08495
v -0.32978797 -0.0979829654 0.0314829908
v -0.32978797 -0.0979829654 0.0314829908
v -0.345160961 -0.135356992 0.0301980004
v -0.376287997 -0.132447988 0.0321609974
v -0.351822972 -0.0969309956 0.102877997
v -0.25622797 -0.0925699994 0.120827995
v -0.239978969 -0.105828986 0.0357529968
v -0.257156968 -0.154290006 0.026584005
v -0.173288971 -0.128284991 -0.00288499822
v -0.171835974 -0.0504039973 -0.00100599765
v -0.376287997 -0.132447988 0.0321609974
v -0.345160961 -0.135356992 0.0301980004
v -0.239978969 -0.105828986 0.0357529968
v -0.291301966 -0.0786560029 0.548878968
v -0.21672298 -0.0862740278 0.570290983
v -0.28440097 -0.062733002 0.568893909
v -0.323817641 0.015331001 0.535062969
v -0.353087991 0.0727069825 0.461763948
v -0.364160001 0.0523670167 0.453625947
v -0.334799945 0.0896189883 0.366211951
v -0.337484956 0.107201003 0.266328961
v -0.350168973 0.075932987 0.159046978
v -0.239529952 0.024426993 0.159529969
v -0.293290973 0.038099993 0.162127942
v -0.167781979 0.0797049999 0.142158985
v -0.34987396 -0.103921205 1.64478374
v -0.14968197 -0.0125419609 1.8688699
v -0.110269994 -0.148820028 1.71844995
v -0.513598979 0.0105917361 1.7559638
v -0.345393986 -0.0927023292 1.63830376
v -0.34987396 -0.103921205 1.64478374
v -0.104843989 -0.138860926 1.71057999
v -0.34987396 -0.103921205 1.64478374
v -0.512923956 0.0243656915 1.74915385
v -0.144586965 -0.00135894772 1.86234999
v -0.104843989 -0.138860926 1.71057999
v -0.513598979 0.0105917361 1.7559638
v -0.144586965 -0.00135894772 1.86234999
v -0.14968197 -0.0125419609 1.8688699
v -0.110269994 -0.148820028 1.71844995
v -0.104843989 -0.138860926 1.71057999
v -0.512923956 0.0243656915 1.74915385
v -0.345393986 -0.0927023292 1.63830376
v -0.144586965 -0.00135894772 1.86234999
v -0.34987396 -0.103921205 1.64478374
v -0.512923956 0.0243656915 1.74915385
v -0.513598979 0.0105917361 1.7559638
v -0.146881685 0.228329152 1.86874223
v -0.222277954 0.335668027 1.67436981
v -0.104981951 0.337161094 1.70249999
v -0.33141467 0.224768057 1.81736219
v -0.34688589 0.290570974 1.63363004
v -0.515942931 0.199087068 1.75744987
v -0.219161958 0.324375004 1.66723001
v -0.34688589 0.290570974 1.63363004
v -0.0999399573 0.326011032 1.6961199
v -0.329301625 0.212291107 1.81211209
v -0.14223069 0.216165155 1.86386216
v -0.515816927 0.184499964 1.75257003
v -0.515942931 0.199087068 1.75744987
v -0.342850953 0.278401017 1.6287899
v -0.515942931 0.199087068 1.75744987
v -0.515942931 0.199087068 1.75744987
v -0.219161958 0.324375004 1.66723001
v -0.342850953 0.278401017 1.6287899
v -0.219161958 0.324375004 1.66723001
v -0.14223069 0.216165155 1.86386216
v -0.0999399573 0.326011032 1.6961199
v -0.329301625 0.212291107 1.81211209
v -0.342850953 0.278401017 1.6287899
v -0.515816927 0.184499964 1.75257003
v -0.118163005 -0.0906079113 1.9392401
v -0.106435999 -0.110303953 1.91296005
v -0.113480993 -0.0957778916 1.91474998
v -0.107480749 -0.117091976 1.95112371
v -0.107917003 -0.0967869535 1.90243995
v -0.123026997 -0.0716729686 2.04900002
v -0.127882004 -0.0648880005 1.96469009
v -0.132255003 -0.0512739569 2.02809024
v -0.119475998 -0.0615888946 1.96083009
v -0.126052991 -0.0222839359 1.95953012
v -0.127356008 -0.0214678943 2.00276017
v -0.123550996 -0.00955001824 1.97487009
v -0.117997997 0.000325012195 1.93551004
v -0.117942996 -0.0173789971 2.00213003
v -0.121408992 0.00119308464 2.03112006
v -0.130447 -0.000218963614 2.03302002
v -0.119680002 0.0292739868 2.03802013
v -0.127952993 0.0309970081 2.04260015
v -0.119096003 0.0618209839 2.03056002
v -0.112082995 0.057261046 2.02513003
v -0.0769110024 0.11115402 2.04452014
v -0.0722239986 0.106019132 2.0378902
v -0.0254329983 0.108813018 2.06586003
v -0.0224119984 0.101898037 2.06003022
v -0.114160992 -0.00991500821 1.97612011
v -0.108001001 0.00158309937 1.92720008
v -0.130447 -0.000218963614 2.03302002
v -0.134809002 -0.0246829223 2.06632996
v -0.122483991 0.0302050766 2.07717013
v -0.127952993 0.0309970081 2.04260015
v -0.103280999 0.0553559847 2.07716012
v -0.119096003 0.0618209839 2.03056002
v -0.0769110024 0.11115402 2.04452014
v -0.0754169971 0.0901229829 2.08182025
v -0.0239799991 0.089548029 2.09313011
v -0.0254329983 0.108813018 2.06586003
v -0.130747989 -0.0499578863 2.05911016
v -0.131176993 -0.0506858826 2.04917026
v -0.107480749 -0.117091976 1.95112371
v -0.108154997 -0.0743598938 2.04836035
v -0.0978257507 -0.115260921 1.95188367
v -0.0967539921 -0.108768918 1.91343987
v -0.106435999 -0.110303953 1.91296005
v -0.107917003 -0.0967869535 1.90243995
v -0.0991719961 -0.0898210108 1.89823997
v -0.0239799991 0.089548029 2.09313011
v -0.0710529983 0.0818360895 2.08025002
v -0.0754169971 0.0901229829 2.08182025
v -0.0211289991 0.079574123 2.09156036
v -0.103280999 0.0553559847 2.07716012
v -0.0961410031 0.049707029 2.0772202
v -0.112272993 0.0278620906 2.07796025
v -0.122483991 0.0302050766 2.07717013
v -0.0239799991 0.089548029 2.09313011
v -0.0224119984 0.101898037 2.06003022
v -0.0211289991 0.079574123 2.09156036
v -0.0254329983 0.108813018 2.06586003
v -0.0224119984 0.101898037 2.06003022
v -0.117458999 -0.024972992 1.95539999
v -0.117997997 0.000325012195 1.93551004
v -0.108001001 0.00158309937 1.92720008
v -0.110700995 -0.0839968845 1.93827999
v -0.106028996 -0.0895149186 1.91617
v -0.0991719961 -0.0898210108 1.89823997
v -0.0967539921 -0.108768918 1.91343987
v -0.110700995 -0.0839968845 1.93827999
v -0.106028996 -0.0895149186 1.91617
v -0.0978257507 -0.115260921 1.95188367
v -0.108154997 -0.0743598938 2.04836035
v -0.119475998 -0.0615888946 1.96083009
v -0.117942996 -0.0173789971 2.00213003
v -0.0991719961 -0.0898210108 1.89823997
v -0.121408992 0.00119308464 2.03112006
v -0.0942979977 -0.0313580297 2.10884023
v -0.0672179982 -0.143166959 2.04050994
v -0.0649369955 -0.0547839329 2.12460017
v -0.112272993 0.0278620906 2.07796025
v -0.119680002 0.0292739868 2.03802013
v -0.117458999 -0.024972992 1.95539999
v -0.114160992 -0.00991500821 1.97612011
v -0.0961410031 0.049707029 2.0772202
v -0.112082995 0.057261046 2.02513003
v -0.0710529983 0.0818360895 2.08025002
v -0.0722239986 0.106019132 2.0378902
v -0.0211289991 0.079574123 2.09156036
v -0.0224119984 0.101898037 2.06003022
v -0.108001001 0.00158309937 1.92720008
v -0.0175599996 -0.0593038909 2.13185
v -0.0412639976 -0.159987941 2.0424602
v -8.33563448E-19 -0.0528779589 2.14250016
v -8.33488278E-19 -0.185688928 2.03136992
v -0.0442730002 -0.142077938 2.09575009
v -0.0501969978 -0.193118885 2.11751008
v -0.0493949987 -0.152534932 2.07665014
v -0.0316989981 -0.165502921 2.07191014
v -0.0501969978 -0.193118885 2.11751008
v -0.0501969978 -0.193118885 2.11751008
v -0.0167629998 -0.162281036 2.08757997
v -0.0167629998 -0.162281036 2.08757997
v -0.0501969978 -0.193118885 2.11751008
v -0.0233820006 -0.146508932 2.10113025
v -0.0501969978 -0.193118885 2.11751008
v -0.0442730002 -0.142077938 2.09575009
v -0.0764949992 -0.124644011 2.09815001
v -0.0904230028 -0.125995025 2.07994008
v -0.120214 -0.137295991 2.12413001
v -0.104594998 -0.106759943 2.08030009
v -0.120214 -0.137295991 2.12413001
v -0.0983919948 -0.094664 2.09981012
v -0.120214 -0.137295991 2.12413001
v -0.0983919948 -0.094664 2.09981012
v -0.0807249993 -0.105504908 2.10994005
v -0.120214 -0.137295991 2.12413001
v -0.120214 -0.137295991 2.12413001
v -0.0764949992 -0.124644011 2.09815001
v -0.155284986 -0.057723999 2.12785006
v -0.119594 -0.0334539786 2.10085011
v -0.109498993 -0.0460269153 2.11430001
v -0.110986002 -0.0655099452 2.10785007
v -0.155284986 -0.057723999 2.12785006
v -0.119594 -0.0334539786 2.10085011
v -0.155284986 -0.057723999 2.12785006
v -0.128877997 -0.046705015 2.08711004
v -0.155284986 -0.057723999 2.12785006
v -0.122786999 -0.0659309402 2.09078002
v -0.155284986 -0.057723999 2.12785006
v -0.110986002 -0.0655099452 2.10785007
v -0.124276996 -0.15643692 1.67265999
v -0.102634005 -0.162695915 1.7122401
v -0.13255398 -0.156948999 1.69008994
v -0.143821985 -0.155464932 1.63824022
v -0.116745003 -0.155596003 1.64400995
v 6.0289943E-19 -0.173636019 1.7213099
v -0.043031998 -0.160623014 1.67285991
v 4.95541313E-19 -0.155263975 1.61994004
v -0.0201979987 -0.151869044 1.61917019
v -0.248831004 0.00995193422 1.33929992
v -0.251906991 0.093397975 1.28256989
v -0.242208987 0.0817070007 1.35389006
v -0.264230996 0.0243050382 1.27123988
v -0.258047014 -0.0018859863 1.26601982
v -0.243724003 0.0297129806 1.26642013
v -0.239353999 0.0906729847 1.27724993
v -0.224032983 0.015982056 1.34682
v -0.223848 0.0715769976 1.35781991
v -0.197847992 -0.041725006 1.33350992
v -0.228208989 -0.0548030064 1.32574975
v -0.190471992 -0.0944270268 1.31644988
v -0.134048 -0.102059022 1.31542993
v -0.185234994 0.126873016 1.36800992
v -0.213994995 0.146902993 1.36755002
v -0.0910129994 0.203181982 1.38446987
v -0.237008989 0.143779978 1.29079986
v -0.206362993 -0.089850001 1.24822998
v -0.187688991 -0.111490935 1.24400997
v -0.239973992 -0.0318850689 1.25810981
v -0.194582999 -0.0754780546 1.24552989
v -0.230044991 -0.0246080011 1.25509989
v -0.237520009 3.30352777E-05 1.26035988
v -0.143034995 -0.136826023 1.30867004
v -0.149402991 -0.137521058 1.23678994
v -0.148417994 -0.125189975 1.23711991
v -0.17305401 -0.100435026 1.24116981
v -0.218321979 0.167396009 1.29576993
v -0.130058005 0.220825031 1.38026977
v -0.14670299 0.229356989 1.30945003
v 3.17613496E-19 0.244569004 1.38886988
v 3.17619261E-19 0.261734009 1.31695008
v -0.157016993 0.200409994 1.29649019
v 3.1773703E-19 0.242838964 1.30570006
v -0.176233992 0.19468002 1.29782999
v -0.198556006 0.161127999 1.29018974
v -0.162716046 0.192535013 1.29462004
v -0.249456003 0.0017510223 1.22612
v -0.255799979 0.0269069672 1.22720993
v -0.107143134 -0.151001051 1.27125514
v -0.0899595246 -0.16173996 1.23338985
v -0.0808135271 -0.141046062 1.23102987
v 3.17616133E-19 0.205359042 1.38755
v 3.17613496E-19 0.244569004 1.38886988
v 3.17616133E-19 0.205359042 1.38755
v -0.0910129994 0.203181982 1.38446987
v -0.243724003 0.0297129806 1.26642013
v -0.0997129977 -0.149190217 1.30449975
v -0.0346510001 -0.142776951 1.31913006
v -0.0817079991 -0.148840025 1.32216978
v -0.0952759981 -0.180484921 1.30420983
v -0.0821049958 -0.185565948 1.31509995
v -0.101378135 -0.178196937 1.27642488
v -0.087821126 -0.171173021 1.2765851
v -0.0770820007 -0.174338982 1.30084991
v -0.0821049958 -0.185565948 1.31509995
v -0.0599539988 -0.192664936 1.31583977
v -0.054614 -0.184165031 1.30195999
v -0.021244999 -0.206537008 1.2766
v -0.0308909975 -0.191764981 1.3179599
v 3.17650694E-19 -0.216087952 1.2894299
v 3.19737153E-19 -0.191457972 1.33066988
v -0.0346510001 -0.142776951 1.31913006
v 2.55342202E-19 -0.149992064 1.32999992
v 3.17653614E-19 -0.208484948 1.25191998
v -0.0728939995 -0.159653932 1.29667997
v -0.082123138 -0.157959059 1.27439487
v -0.0525369979 -0.162126005 1.29636991
v -0.0730935261 -0.165596008 1.23224986
v -0.024154 -0.170453027 1.23154998
v -0.0554129966 -0.148137972 1.32442987
v -0.024154 -0.170453027 1.23154998
v -0.0554129966 -0.148137972 1.32442987
v -0.0817079991 -0.148840025 1.32216978
v 3.17656665E-19 -0.193257973 1.20814013
v -0.0147709996 -0.176367953 1.19378996
v 3.17653614E-19 -0.208484948 1.25191998
v -0.0787505209 -0.174909055 1.23582995
v -0.0857795104 -0.179199055 1.23718989
v -0.0565735251 -0.170714945 1.21357
v -0.101378135 -0.178196937 1.27642488
v -0.0730935261 -0.165596008 1.23224986
v 3.17656665E-19 -0.193257973 1.20814013
v 3.17656923E-19 -0.176367953 1.19378996
v 3.1766124E-19 -0.148283005 1.22896004
v -0.024154 -0.170453027 1.23154998
v 3.17653227E-19 -0.170580059 1.23073995
v -0.0808135271 -0.141046062 1.23102987
v -0.0730935261 -0.165596008 1.23224986
v -0.0899595246 -0.16173996 1.23338985
v -0.0147709996 -0.176367953 1.19378996
v 3.17656923E-19 -0.176367953 1.19378996
v -0.218529999 0.131106034 1.28333986
v -0.225876004 0.13606903 1.24154985
v -0.210414991 0.160691977 1.24197996
v -0.225876004 0.13606903 1.24154985
v -0.210414991 0.160691977 1.24197996
v -0.198556006 0.161127999 1.29018974
v -0.204813987 -0.0806110352 1.20741999
v -0.185797006 -0.101023942 1.20543993
v -0.0730935261 -0.165596008 1.23224986
v -0.0761159956 -0.159692988 1.25531995
v -0.082123138 -0.157959059 1.27439487
v -0.0899595246 -0.16173996 1.23338985
v -0.0857795104 -0.179199055 1.23718989
v -0.0565735251 -0.170714945 1.21357
v -0.082123138 -0.157959059 1.27439487
v -0.0761159956 -0.159692988 1.25531995
v -0.0730935261 -0.165596008 1.23224986
v -0.0997129977 -0.149190217 1.30449975
v -0.0554129966 -0.148137972 1.32442987
v -0.0817079991 -0.148840025 1.32216978
v -0.0346510001 -0.142776951 1.31913006
v -0.0554129966 -0.148137972 1.32442987
v -0.0476519987 0.156108096 1.98584008
v -0.0941199958 0.111529082 1.94195998
v -0.0610777251 0.176290438 1.95511007
v -0.0869709924 0.100087129 1.96564019
v -2.10492793E-19 0.184503019 1.95624006
v -5.03588901E-19 0.165142968 1.99027002
v -8.33560812E-19 0.118753046 2.05048013
v -0.0446540006 0.110214993 2.04669023
v -8.33566809E-19 0.0983610526 2.07490015
v -0.0454829969 0.0830500796 2.06663013
v -8.33573995E-19 0.0583869927 2.11175013
v -0.0355129987 0.0446279906 2.11279011
v -0.0811989978 0.0707650706 2.04276013
v -0.0903079957 0.0458880588 2.07367015
v -0.078530997 0.0432670601 2.08157015
v -0.0912329927 0.067736052 1.95279014
v -0.100739002 0.0571141057 1.98250008
v -0.0892609954 0.0794129893 2.00309014
v -0.100270003 0.0553390495 2.01230001
v -0.105843 0.0274540707 2.04067016
v -0.106446996 0.0280880723 2.0734601
v -8.33567946E-19 -0.00385391223 2.12864017
v -0.00747399963 -0.00502090435 2.12769008
v -0.105790995 0.00408798223 2.08408999
v -0.0892350003 0.0512420647 1.91889
v -0.0308089983 -0.157424927 2.04943013
v -0.0495960005 -0.163338929 2.02775002
v -0.0571049973 -0.151461944 2.0400002
v -0.0285039991 -0.172586977 2.02381015
v -8.33502082E-19 -0.156114951 2.04934025
v -8.33514024E-19 -0.136576995 2.06767011
v -0.0343109965 -0.134613037 2.06694007
v -0.0347589999 -0.0455679297 2.13017011
v -8.33555021E-19 -0.0476210006 2.12011003
v -0.0639619976 -0.125688925 2.05410004
v -0.0905020013 -0.0565509014 2.11022019
v -0.0845320001 -0.11205902 2.03635001
v -0.0991969928 -0.0777749643 2.05430007
v -0.112291001 -0.0457629375 2.09149003
v -8.33487865E-19 -0.167872012 2.02161002
v -8.33481144E-19 -0.185890958 2.01459002
v -0.120113999 -0.020529937 2.06108999
v -0.111110002 -0.0557849109 2.0283401
v -0.11086601 -0.0136859128 2.0327301
v -0.108525991 -0.0241178889 2.00225997
v -0.110603996 -0.0556399524 2.00022006
v -0.105843 0.0274540707 2.04067016
v -0.0889749974 -0.0850329548 2.02419019
v -0.0805270001 -0.0934509262 2.02104998
v -0.076824002 -0.0974249244 2.01223016
v -0.0970579982 -0.0900219679 2.00501013
v -0.0707369968 -0.104671016 2.02493
v -0.0621019974 -0.144358978 2.01973009
v -0.0554540008 -0.126183018 2.01109004
v -0.0542129986 -0.143871918 2.00935006
v -0.0807799995 -0.123106994 1.99473023
v -0.106277004 -0.0894409195 1.98369014
v -0.0912379995 -0.126149893 1.97424006
v -0.0631039962 -0.118334956 1.99909008
v -0.0568380021 -0.139909968 1.99634016
v -0.0505449995 -0.133784935 1.99916017
v -0.0589680001 -0.166526943 1.97796011
v -0.0452429987 -0.162673026 2.01285005
v -0.0441149995 -0.176828921 2.00045013
v -0.0331469998 -0.220957935 1.98125017
v -8.33462532E-19 -0.213531032 1.98453009
v -0.0437459983 -0.217863917 1.97202003
v -0.0526020005 -0.156550899 1.93178976
v -0.0399410017 -0.209864959 1.93261015
v -0.0297169983 -0.207789913 1.91531992
v -0.0489440002 -0.160209954 1.91718996
v -0.0713240057 -0.133645013 1.89048004
v -0.0544399954 -0.142120972 1.88707983
v -0.0958589911 -0.111959986 1.90904999
v -0.104786992 -0.0848359689 1.93026006
v -0.102556996 -0.0753720105 1.95216012
v -0.105121002 -0.0533529669 1.96942008
v -0.108803995 -0.0226889029 1.97248018
v -0.0928509906 -0.0943640098 1.88554001
v -0.0664419979 -0.13651 1.87014008
v -0.0605969988 -0.123301081 1.85078001
v -0.0803479925 -0.069555968 1.86843002
v -0.0315059982 -0.18215698 1.83858001
v -0.0326669998 -0.207371056 1.86697996
v -0.0964999944 -0.0790139735 1.89445996
v -0.0886909962 -0.0492259189 1.88419998
v -0.0921679959 -0.0135510247 1.90240991
v -0.0182569996 -0.196300045 1.82608986
v -0.0160629991 -0.223052055 1.86737001
v -2.7755575E-19 -0.199768066 1.82529998
v -2.7755575E-19 -0.223789975 1.86917996
v -0.0154769998 -0.22507599 1.88095987
v -2.7755575E-19 -0.225906983 1.88188994
v -0.0295639988 -0.210912928 1.87872005
v -0.0535169989 -0.149217069 1.87649989
v -0.0148339998 -0.168704063 1.82424998
v -0.026628999 -0.166302949 1.83027005
v -0.0429290012 -0.117505945 1.84382987
v -2.7755575E-19 -0.170016021 1.8211199
v -0.0429290012 -0.117505945 1.84382987
v -0.0539189987 -0.0574470498 1.86734986
v -0.0773909986 -0.0116360467 1.88682008
v -0.0773909986 -0.0116360467 1.88682008
v -0.0892350003 0.0512420647 1.91889
v -0.0912329927 0.067736052 1.95279014
v -0.101650007 0.0192520134 1.95575011
v -0.100739002 0.0571141057 1.98250008
v -0.104310006 0.0363461301 1.98531973
v -0.107847013 -0.00928802509 1.99348009
v -0.108525991 -0.0241178889 2.00225997
v -0.102219999 0.00141403195 1.94367015
v -0.114913993 -0.0193820186 1.93024015
v -0.120139994 -0.0443809517 1.94756007
v -0.114309996 -0.0697239637 1.93123007
v -0.0998840034 -0.0194659419 1.90498984
v -0.0943560004 -0.0456098914 1.88929987
v -0.108387001 -0.0703539997 1.89603996
v -0.108387001 -0.0703539997 1.89603996
v -0.114309996 -0.0697239637 1.93123007
v -0.116214 -0.00586700439 2.0835402
v -0.106924996 -0.0353669748 2.09965014
v -0.106446996 0.0280880723 2.0734601
v -0.0871699974 -0.0379669182 2.11300015
v -0.105790995 0.00408798223 2.08408999
v -0.105790995 0.00408798223 2.08408999
v -0.00747399963 -0.00502090435 2.12769008
v -0.00747399963 -0.00502090435 2.12769008
v -8.33567946E-19 -0.00385391223 2.12864017
v -0.0171070006 -0.229324028 1.92105007
v -0.0169879999 -0.22777389 1.93644011
v -8.33436941E-19 -0.232626945 1.9337101
v -8.33431513E-19 -0.230841979 1.91996992
v -0.0253629982 -0.227998957 1.94937003
v -0.0195819996 -0.233802944 1.95111001
v -0.0126379998 -0.240166008 1.95318007
v -0.0232610013 -0.219517976 1.96551001
v -0.0138299996 -0.231418908 1.97257018
v -8.33453744E-19 -0.231969908 1.97304988
v -8.3344268E-19 -0.242527008 1.95225012
v -0.0353729986 -0.222546995 1.97189009
v -0.0505449995 -0.133784935 1.99916017
v -0.0539189987 -0.0574470498 1.86734986
v 5.76829644E-19 -0.0642059296 1.77749002
v -0.0691620111 -0.0434489436 1.80581009
v -3.64197491E-19 -0.0767279044 1.84774995
v 7.34183333E-19 -0.0754049644 1.75650001
v -0.0773909986 -0.0116360467 1.88682008
v 7.34183333E-19 -0.0754049644 1.75650001
v -0.0817930028 -0.0569389313 1.78804016
v -0.116934009 0.00595108001 1.8342402
v 7.16083742E-19 -0.0870739743 1.73855007
v -0.0876269862 -0.0691110194 1.7763803
v 6.23711811E-19 -0.115722045 1.67727005
v -0.0445819981 -0.125740051 1.68274009
v -0.104914986 -0.0441960134 1.81379998
v -0.116934009 0.00595108001 1.8342402
v -0.0201979987 -0.151869044 1.61917019
v 4.95541313E-19 -0.155263975 1.61994004
v -0.0773909986 -0.0116360467 1.88682008
v -0.116934009 0.00595108001 1.8342402
v -0.0968149826 0.230081022 1.89686
v -0.0801397413 0.214106441 1.91927016
v -0.153532982 0.131798089 1.92147005
v -0.16302 0.188440084 1.90623009
v -0.18773599 0.130317077 1.90102005
v -0.0941199958 0.111529082 1.94195998
v -0.0610777251 0.176290438 1.95511007
v -0.142150983 0.0681080595 1.88388002
v -0.0892350003 0.0512420647 1.91889
v -0.0773909986 -0.0116360467 1.88682008
v -0.116934009 0.00595108001 1.8342402
v -0.157260999 -0.0027059936 1.82704008
v 6.48880539E-19 0.219237968 1.90720987
v -2.10492793E-19 0.184503019 1.95624006
v 8.07159378E-19 0.241233975 1.87879014
v -0.224172965 0.120487057 1.87095976
v -0.205460995 0.0117469784 1.82946014
v -0.317294031 0.127530977 1.86287987
v -0.308595002 0.0315420516 1.84477997
v -0.192639023 -0.0315489173 1.80349016
v -0.299598038 -0.00996398926 1.81491005
v -0.208226994 -0.0618389882 1.76251018
v -0.290060014 -0.0365660079 1.77200007
v -0.169125974 -0.0872850046 1.74729013
v -0.262264997 -0.109293975 1.66294992
v -0.297660023 -0.0588850379 1.69655013
v -0.20396702 -0.146499932 1.64583993
v -0.273021996 -0.0734919757 1.57818007
v -0.223471999 -0.114790037 1.5379802
v -0.306163996 -0.0175878908 1.63925016
v -0.304692984 0.0323190317 1.61098993
v -0.290315062 0.0154310605 1.58850002
v -0.295109957 0.092729643 1.57028985
v -0.286958009 0.10483703 1.48807991
v -0.284378976 0.0235380549 1.49634993
v -0.250733972 -0.0520700067 1.55230999
v -0.24629499 -0.0456779487 1.50831997
v -0.285460442 0.149293974 1.57507002
v -0.245286986 0.178365931 1.49346983
v -0.270401001 0.227536008 1.6179899
v -0.207423002 -0.0960099772 1.51525009
v -0.284372985 0.210364982 1.62443209
v -0.289761007 0.232626036 1.68451989
v -0.253215015 0.259943992 1.69693017
v -0.201876998 0.275099933 1.6299901
v -0.191904992 0.292402029 1.70365012
v -0.251561999 0.240032956 1.82549012
v -0.180547997 0.267518014 1.8246901
v -0.172791019 0.232321009 1.87157011
v -0.25018999 0.180391073 1.85973001
v -0.298138022 0.211645961 1.81524014
v -0.311244011 0.168518975 1.84777009
v -0.116154008 0.298000038 1.82061028
v -0.125227004 0.313623965 1.7050401
v 6.62793562E-19 0.309202105 1.69544005
v 7.72758539E-19 0.290728003 1.79292023
v 8.01511906E-19 0.269900054 1.83810008
v -0.107051 0.262750089 1.86179006
v -0.126218006 0.302456051 1.62672007
v 5.28522296E-19 0.305254966 1.61833
v -0.131419986 0.256593019 1.51947999
v 3.31874917E-19 0.264447004 1.52879
v -0.0998249874 0.215621024 1.42585993
v 1.62956998E-19 0.223189995 1.43748987
v 3.17616133E-19 0.205359042 1.38755
v -0.0910129994 0.203181982 1.38446987
v -0.19833599 0.120305024 1.4199698
v -0.185234994 0.126873016 1.36800992
v -0.213913992 0.164096981 1.88250029
v -0.223848 0.0715769976 1.35781991
v -0.223479003 0.06023895 1.42139006
v -0.224032983 0.015982056 1.34682
v -0.219460979 0.00315994257 1.42540717
v -0.223848 0.0715769976 1.35781991
v -0.197847992 -0.041725006 1.33350992
v -0.18141599 -0.0812469497 1.43876994
v -0.134048 -0.102059022 1.31542993
v -0.102709994 -0.129833072 1.4245199
v -0.133267999 -0.124093927 1.45073998
v -0.0346510001 -0.142776951 1.31913006
v 9.8488111E-20 -0.150547937 1.41438997
v 2.55342202E-19 -0.149992064 1.32999992
v -0.223479003 0.06023895 1.42139006
v -0.23867999 -0.0127920527 1.42651975
v -0.251708984 0.0464300513 1.42108989
v -0.19833599 0.120305024 1.4199698
v -0.237032995 0.132792056 1.41914976
v -0.194360003 -0.0918879658 1.43815005
v -0.290051967 0.11460907 1.47443998
v -0.252803981 0.183180079 1.48102021
v -0.286958009 0.10483703 1.48807991
v -0.223097965 0.243406057 1.55407989
v -0.293496996 0.0201330557 1.48123991
v -0.284378976 0.0235380549 1.49634993
v -0.260298997 -0.0574470498 1.49136984
v -0.24629499 -0.0456779487 1.50831997
v -0.220107988 -0.107931055 1.50021994
v -0.132891998 -0.14338699 1.45197999
v -0.147517011 -0.152256012 1.51531994
v -0.18141599 -0.0812469497 1.43876994
v -0.133267999 -0.124093927 1.45073998
v -0.147981986 -0.137630925 1.52613008
v -0.146712989 -0.176401064 1.51862001
v -0.145536005 -0.161396936 1.5754199
v -0.131110996 -0.166475981 1.44753003
v -0.103459992 -0.169877008 1.42656982
v -0.102709994 -0.129833072 1.4245199
v 9.8488111E-20 -0.150547937 1.41438997
v 1.05588487E-19 -0.17982696 1.41650999
v -0.111510001 -0.168898925 1.46006989
v -0.094802998 -0.171219021 1.44724011
v 2.73904782E-19 -0.194010928 1.51488984
v 1.3397719E-19 -0.175079957 1.44231987
v -0.124879993 -0.17716904 1.51733971
v -0.124880008 -0.181889951 1.6178
v 4.58314049E-19 -0.198887929 1.61865997
v -0.145919994 -0.18084304 1.62023997
v -0.111510001 -0.179028004 1.67559993
v -0.131111011 -0.177791893 1.68831015
v -0.143821985 -0.155464932 1.63824022
v -0.13255398 -0.156948999 1.69008994
v -0.103460006 -0.183143914 1.70885003
v -0.094802998 -0.182541952 1.68814993
v 6.00124601E-19 -0.1967659 1.69976008
v 6.02762532E-19 -0.193992913 1.71792996
v 6.0289943E-19 -0.173636019 1.7213099
v -0.102634005 -0.162695915 1.7122401
v 5.99688418E-19 -0.186846927 1.69268
v -0.147981986 -0.137630925 1.52613008
v -0.116745003 -0.155596003 1.64400995
v -0.167842999 -0.0931109563 1.75594997
v -0.124276996 -0.15643692 1.67265999
v -0.104914986 -0.0441960134 1.81379998
v -0.0905430093 -0.081111908 1.78601015
v -0.0876269862 -0.0691110194 1.7763803
v -0.043031998 -0.160623014 1.67285991
v -0.0445819981 -0.125740051 1.68274009
v -0.116934009 0.00595108001 1.8342402
v -0.0201979987 -0.151869044 1.61917019
v -0.145919994 -0.18084304 1.62023997
v -0.146712989 -0.176401064 1.51862001
v -0.145536005 -0.161396936 1.5754199
v -0.284372985 0.210364982 1.62443209
v -0.288443387 0.151932985 1.59449995
v -0.292673975 0.0954016075 1.59511018
v 1.30658554E-19 -0.184291989 1.43433988
v -0.0148339998 -0.168704063 1.82424998
v -3.28680035E-19 -0.119880065 1.84456992
v -0.026628999 -0.166302949 1.83027005
v -2.7755575E-19 -0.170016021 1.8211199
v -0.0429290012 -0.117505945 1.84382987
v -3.64197491E-19 -0.0767279044 1.84774995
v -0.0539189987 -0.0574470498 1.86734986
v -0.0171070006 -0.229324028 1.92105007
v -8.334372E-19 -0.190386042 1.91313004
v -0.0297169983 -0.207789913 1.91531992
v -8.33431513E-19 -0.230841979 1.91996992
v -0.0489440002 -0.160209954 1.91718996
v -7.22819577E-19 -0.165280908 1.90795004
v -4.84616273E-19 -0.139813989 1.88588989
v -0.0544399954 -0.142120972 1.88707983
v -0.0535169989 -0.149217069 1.87649989
v -2.7755575E-19 -0.142671958 1.87194002
v -2.7755575E-19 -0.174324945 1.87375998
v -0.0154769998 -0.22507599 1.88095987
v -0.0295639988 -0.210912928 1.87872005
v -2.7755575E-19 -0.225906983 1.88188994
v -0.341917038 -0.0209910572 1.76882994
v -0.297660023 -0.0588850379 1.69655013
v -0.354185015 -0.0332229622 1.71596992
v -0.290060014 -0.0365660079 1.77200007
v -0.364063025 -0.000345001201 1.78630006
v -0.395716995 -0.00134399417 1.72699988
v -0.391754001 0.0332839973 1.8125
v -0.299598038 -0.00996398926 1.81491005
v -0.308595002 0.0315420516 1.84477997
v -0.438919961 0.0405130014 1.7439599
v -0.419486165 0.00268295291 1.65321791
v -0.448166788 0.11464569 1.74504054
v -0.402008951 0.117817841 1.81749463
v -0.38717705 0.176750943 1.80714989
v -0.430288166 0.182371974 1.73163998
v -0.375465006 0.225559071 1.71602011
v -0.368629992 0.204555959 1.79839003
v -0.289761007 0.232626036 1.68451989
v -0.298138022 0.211645961 1.81524014
v -0.317294031 0.127530977 1.86287987
v -0.311244011 0.168518975 1.84777009
v -0.437756747 0.164826661 1.64716411
v -0.44803828 0.0867471322 1.64826906
v -0.464217037 0.00273193349 1.56239998
v -0.484926969 0.0685290545 1.56601
v -0.356116295 -0.0389840677 1.59586835
v -0.40365997 -0.0371644571 1.5293119
v -0.342019558 0.0173959341 1.49435008
v -0.304079056 0.024891967 1.562024
v -0.484905988 0.138058931 1.55764008
v -0.405939996 0.188704073 1.51559997
v -0.378438115 0.207700193 1.6011759
v -0.296958983 0.0901469365 1.54177988
v -0.320974946 0.0901370198 1.48376
v -0.292673975 0.0954016075 1.59511018
v -0.304692984 0.0323190317 1.61098993
v -0.306163996 -0.0175878908 1.63925016
v -0.333500981 -0.00952896103 1.47462022
v -0.314742982 0.0894020051 1.47632003
v -0.365449011 0.0688319355 1.35064995
v -0.40365997 -0.0371644571 1.5293119
v -0.49368003 0.141322017 1.55253005
v -0.494383007 0.0673460364 1.56518996
v -0.500153005 0.0663569644 1.55559003
v -0.502899051 0.138273925 1.53542006
v -0.475645006 0.000571746787 1.55533612
v -0.436657965 -0.0507319644 1.52286994
v -0.383244991 -0.0483200066 1.49383283
v -0.391281992 -0.0121830748 1.37865007
v -0.504409015 -0.0170649718 1.22456002
v -0.435571998 -0.0397560112 1.40929985
v -0.531846046 -0.0457399748 1.25392008
v -0.538566053 -0.0353030376 1.2442199
v -0.569760084 -0.0467939749 1.26382005
v -0.571708083 -0.0301419832 1.24928999
v -0.610543072 -0.0150260162 1.24857998
v -0.59415406 -0.00408897409 1.23357999
v -0.612878025 0.0837529749 1.24134994
v -0.599869072 0.0690750107 1.22703004
v -0.515463054 -0.0103450008 1.22171998
v -0.503551066 0.0348069742 1.20151007
v -0.520639062 0.0316480249 1.20227003
v -0.576905072 0.097939983 1.23528993
v -0.578264058 0.119113006 1.24701989
v -0.545554101 0.115885004 1.22811997
v -0.555610061 0.0904470012 1.22236991
v -0.609950006 0.0859799907 1.25193
v -0.602990031 -0.0151990503 1.27064002
v -0.602990031 -0.0151990503 1.27064002
v -0.560846031 -0.0457560718 1.28125
v -0.546425104 0.124368973 1.25975013
v -0.477403015 0.180922002 1.42921007
v -0.570289075 0.122122034 1.2564801
v -0.45333904 0.19129096 1.39596999
v -0.515249014 0.0830590054 1.20634997
v -0.38668704 0.155263975 1.35651994
v -0.503551066 0.0348069742 1.20151007
v -0.365449011 0.0688319355 1.35064995
v -0.527891099 0.073481977 1.20380998
v -0.520639062 0.0316480249 1.20227003
v -0.327009946 0.147736967 1.47632003
v -0.314742982 0.0894020051 1.47632003
v -0.356922984 0.197530061 1.48718989
v -0.410748959 0.196139976 1.51217997
v -0.320974946 0.0901370198 1.48376
v -0.332452983 0.144653931 1.48248994
v -0.303525954 0.14964202 1.54126
v -0.296958983 0.0901469365 1.54177988
v -0.356175005 0.189967036 1.49449003
v -0.315083981 0.203504935 1.55202997
v -0.284372985 0.210364982 1.62443209
v -0.288443387 0.151932985 1.59449995
v -0.292673975 0.0954016075 1.59511018
v -0.502899051 0.138273925 1.53542006
v -0.477403015 0.180922002 1.42921007
v -0.284372985 0.210364982 1.62443209
v -0.555610061 0.0904470012 1.22236991
v -0.306163996 -0.0175878908 1.63925016
v -0.360779017 -0.0188366696 1.6671499
v -0.306163996 -0.0175878908 1.63925016
v -0.654935956 0.0349479653 0.99831897
v -0.659820974 0.0492019653 0.985768974
v -0.654206991 0.0488060005 0.99623394
v -0.660579979 0.031838987 0.988519967
v -0.654223025 0.051335983 0.988006949
v -0.653079987 0.0484939553 0.971374929
v -0.658100963 0.0456539914 0.97042501
v -0.646094978 0.0334999822 0.946720839
v -0.658774018 0.0303199757 0.972855985
v -0.653231978 0.0287599936 0.974219978
v -0.655090988 0.0300099943 0.991418004
v -0.653231978 0.0287599936 0.974219978
v -0.653079987 0.0484939553 0.971374929
v -0.646094978 0.0334999822 0.946720839
v -0.653231978 0.0287599936 0.974219978
v -0.649978042 -0.0142209623 0.987433076
v -0.657050014 0.000263977039 0.973112106
v -0.651207864 0.000327987655 0.984060049
v -0.656899989 -0.018117981 0.97638905
v -0.651953876 0.00254501333 0.975116014
v -0.649055898 -0.00146301265 0.957020998
v -0.655123889 -0.00371902459 0.956892014
v -0.641875923 -0.0164409634 0.931908011
v -0.650164008 -0.0199159998 0.979876101
v -0.648889005 -0.0219329838 0.9606691
v -0.654991925 -0.0199539941 0.959786952
v -0.641875923 -0.0164409634 0.931908011
v -0.648889005 -0.0219329838 0.9606691
v -0.649055898 -0.00146301265 0.957020998
v -0.641875923 -0.0164409634 0.931908011
v -0.648889005 -0.0219329838 0.9606691
v -0.652261972 -0.0668830127 0.988564968
v -0.664393008 -0.0545030199 0.970078945
v -0.654835045 -0.0509600043 0.983915091
v -0.661225975 -0.0741020218 0.975802004
v -0.657519996 -0.0498600006 0.972443998
v -0.655538023 -0.0570099615 0.952355027
v -0.661815047 -0.0604489893 0.952645004
v -0.645527959 -0.0751380175 0.926261961
v -0.653526962 -0.0745690167 0.979660034
v -0.652009964 -0.0788339972 0.958728015
v -0.659016013 -0.077760011 0.957698941
v -0.645527959 -0.0751380175 0.926261961
v -0.652009964 -0.0788339972 0.958728015
v -0.655538023 -0.0570099615 0.952355027
v -0.645527959 -0.0751380175 0.926261961
v -0.652009964 -0.0788339972 0.958728015
v -0.643877029 -0.107931972 0.975959003
v -0.632683992 -0.129289016 0.943683982
v -0.639878988 -0.132658988 0.983181059
v -0.647192001 -0.131397009 0.981819034
v -0.632683992 -0.129289016 0.943683982
v -0.650363982 -0.111785047 0.976091087
v -0.643877029 -0.107931972 0.975959003
v -0.651547968 -0.108654022 0.987501025
v -0.644674957 -0.104012981 0.989866138
v -0.641989946 -0.105110012 1.00134003
v -0.639413953 -0.121034011 1.00599003
v -0.648380935 -0.128252029 0.993224084
v -0.639878988 -0.132658988 0.983181059
v -0.632683992 -0.129289016 0.943683982
v -0.640679002 -0.128721997 0.997082055
v -0.548139989 -0.156587973 1.11301994
v -0.557641983 -0.160185009 1.11106002
v -0.55519104 -0.14898102 1.10964
v -0.549516022 -0.161770016 1.11343002
v -0.541299045 -0.164346009 1.11336005
v -0.537741065 -0.153421015 1.11210001
v -0.55045104 -0.168480977 1.10792994
v -0.539029062 -0.169011995 1.10856009
v -0.560502052 -0.163547963 1.10554004
v -0.561101019 -0.155382007 1.10297
v -0.560128033 -0.166751012 1.08767009
v -0.559531033 -0.172695011 1.09175003
v -0.553585052 -0.179987028 1.07628
v -0.550680041 -0.177573994 1.09310007
v -0.549483001 -0.181924969 1.07673001
v -0.54499805 -0.182173997 1.07749009
v -0.540565014 -0.177520975 1.09441006
v -0.535094023 -0.173076019 1.09077013
v -0.535094023 -0.173076019 1.09077013
v -0.542877018 -0.179624021 1.07550013
v -0.534025013 -0.16227302 1.10677004
v -0.547433019 -0.181041032 1.06376004
v -0.547433019 -0.181041032 1.06376004
v -0.560128033 -0.166751012 1.08767009
v -0.553662002 -0.176877975 1.07399011
v -0.547433019 -0.181041032 1.06376004
v -0.560128033 -0.166751012 1.08767009
v -0.542877018 -0.179624021 1.07550013
v -0.535094023 -0.173076019 1.09077013
v -0.553662002 -0.176877975 1.07399011
v -0.553662002 -0.176877975 1.07399011
v -0.547433019 -0.181041032 1.06376004
v -0.538566053 -0.0353030376 1.2442199
v -0.551073015 -0.126036987 1.18094981
v -0.571708083 -0.0301419832 1.24928999
v -0.526917994 -0.123026885 1.18446994
v -0.547416091 -0.147041008 1.12950015
v -0.528097093 -0.145258024 1.12801003
v -0.575419068 -0.100705944 1.15452003
v -0.562602043 -0.13108398 1.12294996
v -0.557774007 -0.113669962 1.11214006
v -0.562986016 -0.0946069285 1.14024997
v -0.562254012 -0.141093969 1.10562015
v -0.55836606 -0.126613989 1.09237003
v -0.558178008 -0.15218398 1.08119011
v -0.56092304 -0.161966011 1.08675003
v -0.55519104 -0.14898102 1.10964
v -0.537741065 -0.153421015 1.11210001
v -0.527731061 -0.155410007 1.1105001
v -0.561101019 -0.155382007 1.10297
v -0.560128033 -0.166751012 1.08767009
v -0.548139989 -0.156587973 1.11301994
v -0.629712045 -0.0531320162 1.14253008
v -0.59415406 -0.00408897409 1.23357999
v -0.61382103 -0.0879370123 1.14418018
v -0.6410321 -0.0835330188 1.07945001
v -0.630602956 -0.0989534706 1.08785009
v -0.579686046 -0.0920390263 1.12879014
v -0.608014941 -0.109575957 1.08025002
v -0.647385061 -0.0520418547 1.07192004
v -0.653034091 -0.0343199931 1.06709003
v -0.638929009 -0.000205993652 1.13137996
v -0.599869072 0.0690750107 1.22703004
v -0.641689956 0.0443840027 1.12063015
v -0.657075047 0.0140077211 1.06120014
v -0.655513048 -0.00663467404 1.06365991
v -0.658028066 0.0408473946 1.0608201
v -0.656693995 0.0561109148 1.06084001
v -0.63578701 0.0798629746 1.10810006
v -0.639450014 0.0680210069 1.05491984
v -0.640682042 0.029006958 1.05432999
v -0.640541971 0.0252680201 1.05443001
v -0.651750922 0.00675071683 1.00792003
v -0.648845971 -0.0132786557 1.01148009
v -0.637008011 -0.0188800041 1.05682003
v -0.63112092 -0.0223269649 1.01122999
v -0.640541971 0.0252680201 1.05443001
v -0.634863019 0.0197689813 1.00662005
v -0.653890014 0.0518438704 1.0144999
v -0.639450014 0.0680210069 1.05491984
v -0.601342022 0.0792960376 1.09809005
v -0.576496124 0.0982730091 1.17706001
v -0.638818026 0.0634110272 1.01264989
v -0.633645952 -0.0256009661 0.986847997
v -0.650164008 -0.0199159998 0.979876101
v -0.637732983 0.0148770139 0.981001019
v -0.651953876 0.00254501333 0.975116014
v -0.641979992 0.059400022 0.991455972
v -0.654223025 0.051335983 0.988006949
v -0.636133015 -0.0256259907 0.959814966
v -0.648889005 -0.0219329838 0.9606691
v -0.639469981 0.00438697822 0.955626965
v -0.649055898 -0.00146301265 0.957020998
v -0.636133015 -0.0256259907 0.959814966
v -0.648625016 0.0505030043 0.970383942
v -0.648625016 0.0505030043 0.970383942
v -0.653079987 0.0484939553 0.971374929
v -0.653231978 0.0287599936 0.974219978
v -0.64566803 0.024559021 0.973681033
v -0.649978042 -0.0142209623 0.987433076
v -0.651207864 0.000327987655 0.984060049
v -0.654206991 0.0488060005 0.99623394
v -0.654850006 0.0360514075 1.01705003
v -0.640682042 0.029006958 1.05432999
v -0.638170004 0.0248410031 1.01805985
v -0.641722918 0.0224130247 0.996619999
v -0.655090988 0.0300099943 0.991418004
v -0.64566803 0.024559021 0.973681033
v -0.653231978 0.0287599936 0.974219978
v -0.654935956 0.0349479653 0.99831897
v -0.516645849 -0.0951026157 1.15309703
v -0.538566053 -0.0353030376 1.2442199
v -0.515463054 -0.0103450008 1.22171998
v -0.526917994 -0.123026885 1.18446994
v -0.528097093 -0.145258024 1.12801003
v -0.522687316 -0.124624476 1.1169703
v -0.536781013 -0.110195003 1.10924995
v -0.52235955 -0.139206007 1.09990001
v -0.538028002 -0.123002015 1.08930004
v -0.542430043 -0.150047988 1.07918
v -0.530332029 -0.161450043 1.08402002
v -0.55836606 -0.126613989 1.09237003
v -0.558178008 -0.15218398 1.08119011
v -0.560128033 -0.166751012 1.08767009
v -0.557774007 -0.113669962 1.11214006
v -0.562986016 -0.0946069285 1.14024997
v -0.540207028 -0.0763779432 1.13205993
v -0.535094023 -0.173076019 1.09077013
v -0.527731061 -0.155410007 1.1105001
v -0.534675002 -0.0251490008 1.14638007
v -0.575180054 -0.0358620435 1.11965001
v -0.568094015 -0.070532985 1.12072003
v -0.562986016 -0.0946069285 1.14024997
v -0.579686046 -0.0920390263 1.12879014
v -0.605499983 -0.0711759925 1.06188011
v -0.596094966 -0.0901670083 1.06893003
v -0.579686046 -0.0920390263 1.12879014
v -0.608014941 -0.109575957 1.08025002
v -0.580517054 0.0131980134 1.11268008
v -0.611894011 -0.0252980031 1.05079997
v -0.607019007 -0.0507420339 1.05536008
v -0.615455031 -0.00565399136 1.04837
v -0.617129028 0.016242981 1.04644001
v -0.584847987 0.0506780222 1.1023401
v -0.626729965 0.0375209786 1.04977
v -0.626251996 0.0552220158 1.04996002
v -0.601342022 0.0792960376 1.09809005
v -0.629279971 -0.064346008 1.06657004
v -0.62837106 -0.0674800128 1.0674901
v -0.640541971 0.0252680201 1.05443001
v -0.639450014 0.0680210069 1.05491984
v -0.622008026 0.010106964 1.00800002
v -0.619419992 -0.0106299585 1.01074994
v -0.63112092 -0.0223269649 1.01122999
v -0.637008011 -0.0188800041 1.05682003
v -0.634863019 0.0197689813 1.00662005
v -0.627478957 0.0349680334 1.01656985
v -0.638170004 0.0248410031 1.01805985
v -0.640682042 0.029006958 1.05432999
v -0.628075957 0.0532260127 1.01383007
v -0.638818026 0.0634110272 1.01264989
v -0.639450014 0.0680210069 1.05491984
v -0.620661974 -0.0143509675 0.988835037
v -0.633645952 -0.0256009661 0.986847997
v -0.623041987 0.00709701516 0.985883057
v -0.637732983 0.0148770139 0.981001019
v -0.634863019 0.0197689813 1.00662005
v -0.629092038 0.0322019942 0.996728957
v -0.641722918 0.0224130247 0.996619999
v -0.629839003 0.0512139872 0.993733943
v -0.641979992 0.059400022 0.991455972
v -0.62666899 -0.0146959685 0.96748805
v -0.636133015 -0.0256259907 0.959814966
v -0.639469981 0.00438697822 0.955626965
v -0.628337979 0.00110702508 0.965289056
v -0.638065994 0.0303659812 0.976714015
v -0.64566803 0.024559021 0.973681033
v -0.640501976 0.0450929999 0.974310994
v -0.648625016 0.0505030043 0.970383942
v -0.648625016 0.0505030043 0.970383942
v -0.640541971 0.0252680201 1.05443001
v -0.55292505 0.0862300098 1.17297006
v -0.555610061 0.0904470012 1.22236991
v -0.576496124 0.0982730091 1.17706001
v -0.527891099 0.073481977 1.20380998
v -0.555610061 0.0904470012 1.22236991
v -0.576496124 0.0982730091 1.17706001
v -0.601342022 0.0792960376 1.09809005
v -0.527891099 0.073481977 1.20380998
v -0.520639062 0.0316480249 1.20227003
v -0.562986016 -0.0946069285 1.14024997
v -0.579686046 -0.0920390263 1.12879014
v -0.560128033 -0.166751012 1.08767009
v -0.56092304 -0.161966011 1.08675003
v -0.645441949 -0.0512290187 0.948355019
v -0.652009964 -0.0788339972 0.958728015
v -0.638354957 -0.0828669742 0.954753041
v -0.655538023 -0.0570099615 0.952355027
v -0.653526962 -0.0745690167 0.979660034
v -0.628690958 -0.0809699968 0.986815035
v -0.646325946 -0.0628958121 1.01970994
v -0.652261972 -0.0668830127 0.988564968
v -0.654835045 -0.0509600043 0.983915091
v -0.652977943 -0.0427529886 1.01475
v -0.629279971 -0.064346008 1.06657004
v -0.637008011 -0.0188800041 1.05682003
v -0.634840012 -0.0283239745 1.01082993
v -0.638852954 -0.0353029631 0.978300989
v -0.657519996 -0.0498600006 0.972443998
v -0.645441949 -0.0512290187 0.948355019
v -0.655538023 -0.0570099615 0.952355027
v -0.62837106 -0.0674800128 1.0674901
v -0.629279971 -0.064346008 1.06657004
v -0.624903917 -0.0739849806 1.01885998
v -0.639396966 -0.0966040045 1.03442001
v -0.627592981 -0.0798220038 1.02849007
v -0.630751014 -0.111559443 1.03928006
v -0.609866917 -0.117833018 1.03777993
v -0.628690958 -0.0809699968 0.986815035
v -0.615819991 -0.128016055 1.00962007
v -0.636023998 -0.126120985 1.01062
v -0.631657004 -0.088955991 0.999815047
v -0.641989946 -0.105110012 1.00134003
v -0.639413953 -0.121034011 1.00599003
v -0.640679002 -0.128721997 0.997082055
v -0.623660982 -0.131229013 0.980018079
v -0.644674957 -0.104012981 0.989866138
v -0.633676946 -0.10122703 0.972177029
v -0.639878988 -0.132658988 0.983181059
v -0.643877029 -0.107931972 0.975959003
v -0.639878988 -0.132658988 0.983181059
v -0.643877029 -0.107931972 0.975959003
v -0.633676946 -0.10122703 0.972177029
v -0.623660982 -0.131229013 0.980018079
v -0.633676946 -0.10122703 0.972177029
v -0.643877029 -0.107931972 0.975959003
v -0.605499983 -0.0711759925 1.06188011
v -0.624903917 -0.0739849806 1.01885998
v -0.629279971 -0.064346008 1.06657004
v -0.611618936 -0.0614499636 1.01287997
v -0.617100954 -0.0346559882 1.00846994
v -0.634840012 -0.0283239745 1.01082993
v -0.637008011 -0.0188800041 1.05682003
v -0.612982988 -0.0673020184 0.986995995
v -0.628690958 -0.0809699968 0.986815035
v -0.619241953 -0.039261017 0.981150925
v -0.638852954 -0.0353029631 0.978300989
v -0.633058965 -0.0538629889 0.956215978
v -0.629144967 -0.0728520155 0.960114956
v -0.638354957 -0.0828669742 0.954753041
v -0.645441949 -0.0512290187 0.948355019
v -0.628690958 -0.0809699968 0.986815035
v -0.637008011 -0.0188800041 1.05682003
v -0.610866964 -0.116086043 0.987798035
v -0.633676946 -0.10122703 0.972177029
v -0.623660982 -0.131229013 0.980018079
v -0.616559982 -0.0985240117 0.983277023
v -0.603650987 -0.108003005 1.00941002
v -0.615819991 -0.128016055 1.00962007
v -0.609866917 -0.117833018 1.03777993
v -0.603018939 -0.101121977 1.03143001
v -0.611382902 -0.082465969 1.02708995
v -0.627592981 -0.0798220038 1.02849007
v -0.611882985 -0.0868430287 1.00386012
v -0.631657004 -0.088955991 0.999815047
v -0.623660982 -0.131229013 0.980018079
v -0.633676946 -0.10122703 0.972177029
v -0.626729965 0.0375209786 1.04977
v -0.640682042 0.029006958 1.05432999
v -0.627592981 -0.0798220038 1.02849007
v -0.605499983 -0.0711759925 1.06188011
v -0.62837106 -0.0674800128 1.0674901
v -0.534025013 -0.16227302 1.10677004
v -0.535094023 -0.173076019 1.09077013
v -0.527731061 -0.155410007 1.1105001
v -0.637008011 -0.0188800041 1.05682003
v -0.576496124 0.0982730091 1.17706001
v -0.555610061 0.0904470012 1.22236991
v -0.576905072 0.097939983 1.23528993
v -0.450147986 -0.0534930415 1.47391999
v -0.483891845 0.00480606081 1.5242486
v -0.461960018 -0.0409489423 1.42650998
v -0.527636051 -0.044927977 1.28611994
v -0.559779108 -0.0462020859 1.28147006
v -0.560846031 -0.0457560718 1.28125
v -0.559779108 -0.0462020859 1.28147006
v -0.569760084 -0.0467939749 1.26382005
v -0.527636051 -0.044927977 1.28611994
v -0.450147986 -0.0534930415 1.47391999
v -0.461960018 -0.0409489423 1.42650998
v -0.524623036 -0.0720770285 1.29034996
v -0.559779108 -0.0462020859 1.28147006
v -0.560846031 -0.0457560718 1.28125
v -0.59031105 -0.0637809709 1.24191999
v -0.602990031 -0.0151990503 1.27064002
v -0.625486076 -0.0410709381 1.25544
v -0.654384017 0.0222119894 1.25774002
v -0.609950006 0.0859799907 1.25193
v -0.639647067 0.0865260288 1.23556983
v -0.609720051 0.111099012 1.21467996
v -0.578264058 0.119113006 1.24701989
v -0.548985064 0.147433013 1.2561599
v -0.570289075 0.122122034 1.2564801
v -0.546425104 0.124368973 1.25975013
v -0.477403015 0.180922002 1.42921007
v -0.548985064 0.147433013 1.2561599
v -0.478008032 0.200609967 1.43339992
v -0.548985064 0.147433013 1.2561599
v -0.502899051 0.138273925 1.53542006
v -0.477403015 0.180922002 1.42921007
v -0.502899051 0.138273925 1.53542006
v -0.520053089 0.15194504 1.56444001
v -0.530146062 0.0912379399 1.59998989
v -0.500153005 0.0663569644 1.55559003
v -0.506794095 0.0232229605 1.58507001
v -0.483891845 0.00480606081 1.5242486
v -0.450147986 -0.0534930415 1.47391999
v -0.468791038 -0.0629940778 1.47514009
v -0.506794095 0.0232229605 1.58507001
v -0.450147986 -0.0534930415 1.47391999
v -0.526160121 0.0189320371 1.57529998
v -0.538563073 -0.080216065 1.30272996
v -0.524623036 -0.0720770285 1.29034996
v -0.596866071 -0.0717839822 1.25489998
v -0.59031105 -0.0637809709 1.24191999
v -0.558016062 -0.0258129872 1.39705992
v -0.537115753 -0.0218052659 1.45160961
v -0.562047064 0.0327740461 1.45100999
v -0.57567209 -0.0189900212 1.4496299
v -0.600405097 0.0352549739 1.44796002
v -0.573339045 0.0223799124 1.41614997
v -0.571794093 -0.00995407067 1.40524995
v -0.585646093 -0.0230039973 1.41179001
v -0.614839017 -0.0388780199 1.27722001
v -0.629759073 -0.0499480441 1.26681995
v -0.645169973 0.0266749561 1.2798301
v -0.663471997 0.0240809619 1.26941001
v -0.647450984 0.0954009965 1.24530983
v -0.629510045 0.0933129862 1.25662994
v -0.605659068 0.0521580502 1.35067987
v -0.603128076 0.0288119502 1.35440004
v -0.614330053 0.041764982 1.36729991
v -0.599766076 0.0803379789 1.36046004
v -0.625486076 -0.0410709381 1.25544
v -0.59031105 -0.0637809709 1.24191999
v -0.654384017 0.0222119894 1.25774002
v -0.591806054 0.00690200785 1.37218988
v -0.585879028 0.0266879275 1.39102006
v -0.585646093 -0.0230039973 1.41179001
v -0.57567209 -0.0189900212 1.4496299
v -0.614330053 0.041764982 1.36729991
v -0.616657078 0.0473939516 1.40410995
v -0.604774058 0.0755639598 1.44151986
v -0.590466082 0.0690130591 1.38425994
v -0.579951048 0.0833749399 1.40640998
v -0.614330053 0.041764982 1.36729991
v -0.584834039 0.11034897 1.38602996
v -0.601318061 0.121579967 1.38868999
v -0.59199506 0.131596074 1.42557979
v -0.59199506 0.131596074 1.42557979
v -0.572571039 0.0606770329 1.45733988
v -0.54935509 0.0866760239 1.58748984
v -0.570857048 0.086259 1.44289994
v -0.540839136 0.148309931 1.55427003
v -0.530146062 0.0912379399 1.59998989
v -0.520053089 0.15194504 1.56444001
v -0.478008032 0.200609967 1.43339992
v -0.558678329 0.138443291 1.42788124
v -0.498284072 0.205812991 1.43233001
v -0.564761102 0.155729979 1.26600003
v -0.584875047 0.12504898 1.37764001
v -0.620348096 0.120259017 1.22656989
v -0.609720051 0.111099012 1.21467996
v -0.639647067 0.0865260288 1.23556983
v -0.548985064 0.147433013 1.2561599
v -0.478008032 0.200609967 1.43339992
v -0.548985064 0.147433013 1.2561599
v -0.601318061 0.121579967 1.38868999
v -0.59199506 0.131596074 1.42557979
v -0.249456003 0.0017510223 1.22612
v -0.237520009 3.30352777E-05 1.26035988
v -0.230044991 -0.0246080011 1.25509989
v -0.393652946 -0.0142620085 0.83751297
v -0.204813987 -0.0806110352 1.20741999
v -0.292465001 -0.12114998 0.904662013
v -0.255799979 0.0269069672 1.22720993
v -0.323037982 0.126651004 0.917333961
v -0.239353999 0.0906729847 1.27724993
v -0.282777011 -0.114311978 0.89742291
v -0.379187018 -0.0120190429 0.827428937
v -0.379187018 -0.0120190429 0.827428937
v -0.185797006 -0.101023942 1.20543993
v -0.211700976 -0.153195038 0.937440038
v -0.148417994 -0.125189975 1.23711991
v -0.203795984 -0.147049025 0.932069004
v -0.141544998 -0.124914929 1.21554995
v -0.17305401 -0.100435026 1.24116981
v -0.194582999 -0.0754780546 1.24552989
v -0.243724003 0.0297129806 1.26642013
v -0.225876004 0.13606903 1.24154985
v -0.239353999 0.0906729847 1.27724993
v -0.249409989 0.183087006 0.959108949
v -0.210414991 0.160691977 1.24197996
v -0.311228991 0.122954026 0.910575032
v -0.379187018 -0.0120190429 0.827428937
v -0.239916965 0.178839028 0.954495013
v -0.218529999 0.131106034 1.28333986
v -0.187168002 0.191378012 1.25665998
v -0.198556006 0.161127999 1.29018974
v -0.176233992 0.19468002 1.29782999
v -0.184452966 0.187264025 1.14121997
v -0.162716046 0.192535013 1.29462004
v -0.176233992 0.19468002 1.29782999
v -0.182136983 0.19061698 1.22251987
v -0.187168002 0.191378012 1.25665998
v -0.184452966 0.187264025 1.14121997
v -0.182136983 0.19061698 1.22251987
v -0.313834995 -0.0448159762 0.936163008
v -0.311751992 0.0375839993 0.928260982
v -0.379187018 -0.0120190429 0.827428937
v -0.26304701 0.115153044 1.02432001
v -0.311228991 0.122954026 0.910575032
v -0.239916965 0.178839028 0.954495013
v -0.212093994 0.160427019 1.12785995
v -0.184452966 0.187264025 1.14121997
v -0.379187018 -0.0120190429 0.827428937
v -0.282777011 -0.114311978 0.89742291
v -0.254176021 -0.0853900164 0.992931068
v -0.203795984 -0.147049025 0.932069004
v -0.216412991 -0.0725930035 1.10917997
v -0.141544998 -0.124914929 1.21554995
v -0.0406260006 -0.209512934 1.92397976
v -0.0277609993 -0.199850008 1.90046
v -0.0337269977 -0.214246064 1.92393994
v -0.0378049985 -0.197770998 1.90591991
v -0.0244659986 -0.20520705 1.88899994
v -0.0327659994 -0.219568938 1.92482996
v -0.0309179984 -0.208726957 1.88286996
v -0.0373580009 -0.224035949 1.92518973
v -0.0410529971 -0.206768945 1.88714015
v -0.0443209969 -0.220117033 1.92365992
v -0.0443929993 -0.201338947 1.89876008
v -0.0456929989 -0.214022055 1.92351997
v -0.0378049985 -0.197770998 1.90591991
v -0.0406260006 -0.209512934 1.92397976
v -0.0564039983 -0.197730094 1.95775998
v -0.0564039983 -0.197730094 1.95775998
v -0.0343590006 -0.141939998 1.88684988
v -0.044218 -0.140951991 1.89429986
v -0.038993001 -0.145496055 1.86289001
v -0.0317399986 -0.144383088 1.87049997
v -0.0487629957 -0.145167992 1.8678
v -0.0513699986 -0.142949983 1.88425994
v -0.044218 -0.140951991 1.89429986
v -8.33569187E-19 -0.0631120279 2.16118002
v -8.33549696E-19 -0.120919034 2.14410996
v -0.108154997 -0.0743598938 2.04836035
v -0.0888490006 -0.137265921 2.03363013
v -0.0672179982 -0.143166959 2.04050994
v -0.123026997 -0.0716729686 2.04900002
v -0.0315409973 -0.186136007 2.03182006
v -0.0315409973 -0.186136007 2.03182006
v -0.0466930009 -0.170321956 2.05067992
v -0.0466930009 -0.170321956 2.05067992
v -0.0412639976 -0.159987941 2.0424602
v -0.0315409973 -0.186136007 2.03182006
v -0.0447919965 -0.189268947 2.03617024
v -0.0888490006 -0.137265921 2.03363013
v -0.109498993 -0.0460269153 2.11430001
v -0.119594 -0.0334539786 2.10085011
v -0.122483991 0.0302050766 2.07717013
v -0.104310006 0.0363461301 1.98531973
v -0.107785024 0.00744812004 2.02649975
v -0.107847013 -0.00928802509 1.99348009
v -0.124048017 -0.014123993 2.01420975
v -0.161167026 0.0236601252 2.03422976
v -0.113819003 0.0476831049 1.99388993
v -0.151893005 0.052505035 2.01212955
v -0.210015029 0.0478271469 2.03836989
v -0.189902037 0.0249540713 2.04100966
v -0.210671037 0.0421240218 2.04033971
v -0.167784035 0.0117311096 2.03716969
v -0.189078018 0.0452961735 2.04345965
v -0.154731005 0.0543101504 2.02784991
v -0.160161018 0.042944029 2.04272985
v -0.210015029 0.0478271469 2.03836989
v -0.151893005 0.052505035 2.01212955
v -0.110209003 0.0541731268 2.01658988
v -0.111379012 0.0605380237 1.99246979
v -0.100270003 0.0553390495 2.01230001
v -0.100739002 0.0571141057 1.98250008
v -0.113972016 0.0304571521 2.0384798
v -0.11939802 0.000157012939 2.03436971
v -0.164879039 0.0226901248 2.04620981
v -0.124048017 -0.014123993 2.01420975
v -0.167784035 0.0117311096 2.03716969
v -0.189902037 0.0249540713 2.04100966
v -0.188879013 0.0331001282 2.04671979
v -0.210671037 0.0421240218 2.04033971
v -0.11086601 -0.0136859128 2.0327301
v -0.105843 0.0274540707 2.04067016
v -0.100270003 0.0553390495 2.01230001
v -0.11086601 -0.0136859128 2.0327301
v -0.108525991 -0.0241178889 2.00225997
v -0.113819003 0.0476831049 1.99388993
v -0.151893005 0.052505035 2.01212955
v -0.100739002 0.0571141057 1.98250008
v -0.104310006 0.0363461301 1.98531973
v -0.124048017 -0.014123993 2.01420975
v -0.108525991 -0.0241178889 2.00225997
v -0.107847013 -0.00928802509 1.99348009
v -0.167781979 0.0797049999 0.142158985
v -0.10922797 0.0777489841 0.43918398
v -0.353087991 0.0727069825 0.461763948
v -0.527731061 -0.155410007 1.1105001
v -0.535094023 -0.173076019 1.09077013
v -0.133267999 -0.124093927 1.45073998
v 2.63018077E-19 0.244607687 1.03627992
v 0.119886994 0.210672215 0.879391015
v 0.133759007 0.221085206 1.03667998
v 2.77409003E-19 0.229909733 0.879206061
v 2.77459875E-19 0.226348713 0.733774006
v 0.106904998 0.20992519 0.733824909
v 0.0939449966 0.209184185 0.588400006
v 2.77462899E-19 0.219239727 0.588429928
v 2.84131319E-19 0.259814739 1.1371001
v 0.14314501 0.229392156 1.13784003
v 3.33118325E-19 0.255477756 1.22730982
v 0.151851982 0.223674163 1.22665
v 3.1773703E-19 0.242838964 1.30570006
v 0.157016993 0.200409994 1.29649019
v 0.133759007 0.221085206 1.03667998
v 0.119886994 0.210672215 0.879391015
v 2.77466389E-19 0.211002037 0.879601955
v 2.60773987E-19 0.225754008 1.03722
v 0.0599910021 0.227334052 1.03727007
v 2.77467914E-19 0.207433015 0.733954012
v 0.106904998 0.20992519 0.733824909
v 0.0939449966 0.209184185 0.588400006
v 2.77462899E-19 0.219239727 0.588429928
v 0.0490420014 0.234364003 1.13716006
v 2.95520252E-19 0.221981049 1.13172984
v 0.0948259979 0.231743008 1.13893998
v 0.14314501 0.229392156 1.13784003
v 2.63018077E-19 0.244607687 1.03627992
v -0.119886994 0.210672215 0.879391015
v 2.77409003E-19 0.229909733 0.879206061
v -0.133759007 0.221085206 1.03667998
v 2.77459875E-19 0.226348713 0.733774006
v -0.106904998 0.20992519 0.733824909
v -0.0939449966 0.209184185 0.588400006
v 2.77462899E-19 0.219239727 0.588429928
v 2.84131319E-19 0.259814739 1.1371001
v -0.14314501 0.229392156 1.13784003
v 3.33118325E-19 0.255477756 1.22730982
v -0.151851982 0.223674163 1.22665
v 3.1773703E-19 0.242838964 1.30570006
v -0.157016993 0.200409994 1.29649019
v 2.77466389E-19 0.211002037 0.879601955
v -0.119886994 0.210672215 0.879391015
v -0.133759007 0.221085206 1.03667998
v 2.60773987E-19 0.225754008 1.03722
v -0.0599910021 0.227334052 1.03727007
v 2.77467914E-19 0.207433015 0.733954012
v -0.106904998 0.20992519 0.733824909
v -0.0939449966 0.209184185 0.588400006
v 2.77462899E-19 0.219239727 0.588429928
v -0.0490420014 0.234364003 1.13716006
v 2.95520252E-19 0.221981049 1.13172984
v -0.0948259979 0.231743008 1.13893998
v -0.14314501 0.229392156 1.13784003
v -1.11083316E-22 -0.131144032 0.999796987
v 0.0978720263 -0.12431404 0.881172895
v -1.10769046E-22 -0.130773008 0.880949914
v 0.114518002 -0.123232037 1.00013995
v 0.129678994 -0.125693962 1.12145007
v 2.77359036E-19 -0.131515965 1.11928999
v -1.10454777E-22 -0.130401984 0.762101889
v 0.0810950324 -0.125397027 0.762208939
v 3.1766124E-19 -0.148283005 1.22896004
v 0.141544998 -0.124914929 1.21554995
v 0.0707029998 -0.141046062 1.23102987
v 0.148417994 -0.125189975 1.23711991
v -1.07132751E-22 -0.126480028 0.579320908
v 0.0611930601 -0.126480028 0.579307914
v 0.129678994 -0.125693962 1.12145007
v 0.141544998 -0.124914929 1.21554995
v 0.127475977 -0.0919609815 1.12407005
v 0.114518002 -0.123232037 1.00013995
v -9.73821588E-23 -0.114968561 0.880993545
v 0.114518002 -0.123232037 1.00013995
v 2.49034097E-19 -0.11113441 0.999781311
v 0.0978720263 -0.12431404 0.881172895
v 5.51747408E-19 -0.113087997 1.08097994
v 0.127475977 -0.0919609815 1.12407005
v 0.0810950324 -0.125397027 0.762208939
v -1.00709366E-22 -0.118896633 0.762112856
v 0.0611930601 -0.126480028 0.579307914
v -1.07132751E-22 -0.126480028 0.579320908
v -0.00016499999 0.361065805 1.7155298
v 0.174986988 0.331531048 1.82608974
v 0.175494984 0.351566762 1.70141983
v -0.000296999991 0.363393992 1.84440994
v 0.311437994 0.27698195 1.75954998
v 0.309394002 0.316282958 1.64163983
v 2.8704124E-22 0.361503899 1.44588983
v 0.171546996 0.357738942 1.43820977
v -2.77121325E-19 0.362130582 1.18582988
v 0.170608997 0.35939163 1.18080974
v 0.309904009 0.316849977 1.37295985
v 0.309771001 0.317485034 1.1328398
v -5.551115E-19 0.367250085 0.926314831
v 0.168775707 0.360946804 0.92412746
v 0.169036001 0.351157993 0.66994381
v -5.551115E-19 0.353085995 0.637842774
v 0.307873994 0.319202989 0.72345686
v 0.30982399 0.318122029 0.896075785
v 0.176233992 0.338845968 1.8284899
v 1.91290738E-19 0.395066053 1.71608973
v 0.177142993 0.385359943 1.70215988
v 0.000209999998 0.371047974 1.84582984
v 0.310396999 0.319364011 1.80332994
v 0.309394002 0.316282958 1.64163983
v 0.311437994 0.27698195 1.75954998
v 1.70280827E-22 0.375667036 1.44569993
v 0.173076004 0.371753007 1.43810999
v -2.77294723E-19 0.378601968 1.18592989
v 0.172117993 0.375716001 1.18089986
v 0.309904009 0.316849977 1.37295985
v 0.309771001 0.317485034 1.1328398
v -5.551115E-19 0.381538004 0.926040828
v 0.171159983 0.379684985 0.923689961
v 0.169036001 0.351157993 0.66994381
v -5.551115E-19 0.353085995 0.637842774
v 0.307873994 0.319202989 0.72345686
v 0.30982399 0.318122029 0.896075785
v 0.309776008 0.228119954 1.82002997
v 0.300865978 0.253787994 1.86817002
v 0.296853006 0.130596012 1.88992012
v 0.292078972 0.148592979 1.92846
v 0.256345987 0.038502045 1.93378019
v 0.232467994 0.143334046 1.95847011
v 0.204954997 0.0517600998 1.95551002
v 0.139558002 -0.0395149216 1.90792
v 0.164405003 -0.0592839047 1.86137998
v 0.261669993 0.0432029702 1.89704001
v 0.179458007 -0.0616189577 1.83738995
v 0.0881579965 -0.11838989 1.81997001
v 0.0953999907 -0.109918974 1.76630974
v 0.0514309965 -0.120587006 1.80005014
v 0.0237680003 -0.123128965 1.76795006
v 0.168218002 0.130071104 1.954
v 0.142742008 0.176715091 1.95227993
v 0.227471009 0.219921112 1.92184019
v 0.138911009 0.122593991 1.91643989
v 0.166331992 0.068026118 1.95807016
v 0.137356997 0.0798890665 1.89768016
v 0.115003996 0.00332107535 1.91936994
v 0.062266998 -0.0268159471 1.87169993
v 0.068953 -0.0791929588 1.85925996
v 0.112482995 0.0354420468 1.87753022
v 0.0611149967 0.00610809308 1.84864998
v 0.120115995 0.161717072 1.92291009
v 0.0873700157 0.21268402 1.95616007
v 0.0703819916 0.185918123 1.92141044
v 2.93159659E-20 0.21954605 1.95616019
v 2.09353597E-19 0.191181019 1.9188
v -3.22815868E-19 -0.0327149965 1.85981989
v -2.25909294E-20 -0.00238601677 1.83783996
v -3.77245955E-19 -0.0957759097 1.84450006
v -2.59999997E-05 0.269459993 1.94200003
v 0.119092003 0.253121942 1.93203008
v 0.000421000004 0.303002 1.90452993
v 0.147896975 0.283556968 1.89323986
v 0.0128659997 -0.118069001 1.79590011
v 8.3269222E-19 -0.117870942 1.79700005
v 0.0131749995 -0.132247001 1.79481018
v 8.32697028E-19 -0.140552983 1.79612017
v 0.0222229995 -0.141302943 1.7720201
v 0.0068889996 -0.137593985 1.73105001
v 8.32697183E-19 -0.141351923 1.73304009
v 8.3270013E-19 -0.15521194 1.77394009
v 0.00830699969 -0.130242914 1.72865021
v 0.0068889996 -0.137593985 1.73105001
v -0.0068889996 -0.137593985 1.73105001
v 8.32697183E-19 -0.141351923 1.73304009
v 0.0068889996 -0.137593985 1.73105001
v -0.00830699969 -0.130242914 1.72865021
v -0.0068889996 -0.137593985 1.73105001
v 0.00830699969 -0.130242914 1.72865021
v -1.11083316E-22 -0.131144032 0.999796987
v -0.0978720263 -0.12431404 0.881172895
v -0.114518002 -0.123232037 1.00013995
v -1.10769046E-22 -0.130773008 0.880949914
v -0.129678994 -0.125693962 1.12145007
v 2.77359036E-19 -0.131515965 1.11928999
v -1.10454777E-22 -0.130401984 0.762101889
v -0.0810950324 -0.125397027 0.762208939
v 3.1766124E-19 -0.148283005 1.22896004
v -0.141544998 -0.124914929 1.21554995
v -0.0707029998 -0.141046062 1.23102987
v -0.148417994 -0.125189975 1.23711991
v -1.07132751E-22 -0.126480028 0.579320908
v -0.0611930601 -0.126480028 0.579307914
v -0.129678994 -0.125693962 1.12145007
v -0.127475977 -0.0919609815 1.12407005
v -0.141544998 -0.124914929 1.21554995
v -0.114518002 -0.123232037 1.00013995
v -9.73821588E-23 -0.114968561 0.880993545
v -0.114518002 -0.123232037 1.00013995
v -0.0978720263 -0.12431404 0.881172895
v 2.49034097E-19 -0.11113441 0.999781311
v 5.51747408E-19 -0.113087997 1.08097994
v -0.127475977 -0.0919609815 1.12407005
v -0.0810950324 -0.125397027 0.762208939
v -1.00709366E-22 -0.118896633 0.762112856
v -0.0611930601 -0.126480028 0.579307914
v -1.07132751E-22 -0.126480028 0.579320908
v 0.00016499999 0.361065805 1.7155298
v -0.174986988 0.331531048 1.82608974
v 0.000296999991 0.363393992 1.84440994
v -0.175494984 0.351566762 1.70141983
v -0.311437994 0.27698195 1.75954998
v -0.309394002 0.316282958 1.64163983
v 2.8704124E-22 0.361503899 1.44588983
v -0.171546996 0.357738942 1.43820977
v -2.77121325E-19 0.362130582 1.18582988
v -0.170608997 0.35939163 1.18080974
v -0.309904009 0.316849977 1.37295985
v -0.309771001 0.317485034 1.1328398
v -5.551115E-19 0.367250085 0.926314831
v -0.168775707 0.360946804 0.92412746
v -0.169036001 0.351157993 0.66994381
v -5.551115E-19 0.353085995 0.637842774
v -0.307873994 0.319202989 0.72345686
v -0.30982399 0.318122029 0.896075785
v -0.176233992 0.338845968 1.8284899
v 1.91290738E-19 0.395066053 1.71608973
v -0.000209999998 0.371047974 1.84582984
v -0.177142993 0.385359943 1.70215988
v -0.310396999 0.319364011 1.80332994
v -0.309394002 0.316282958 1.64163983
v -0.311437994 0.27698195 1.75954998
v 1.70280827E-22 0.375667036 1.44569993
v -0.173076004 0.371753007 1.43810999
v -2.77294723E-19 0.378601968 1.18592989
v -0.172117993 0.375716001 1.18089986
v -0.309904009 0.316849977 1.37295985
v -0.309771001 0.317485034 1.1328398
v -5.551115E-19 0.381538004 0.926040828
v -0.171159983 0.379684985 0.923689961
v -0.169036001 0.351157993 0.66994381
v -5.551115E-19 0.353085995 0.637842774
v -0.307873994 0.319202989 0.72345686
v -0.30982399 0.318122029 0.896075785
v -0.309776008 0.228119954 1.82002997
v -0.300865978 0.253787994 1.86817002
v -0.296853006 0.130596012 1.88992012
v -0.292078972 0.148592979 1.92846
v -0.256345987 0.038502045 1.93378019
v -0.232467994 0.143334046 1.95847011
v -0.204954997 0.0517600998 1.95551002
v -0.139558002 -0.0395149216 1.90792
v -0.164405003 -0.0592839047 1.86137998
v -0.261669993 0.0432029702 1.89704001
v -0.179458007 -0.0616189577 1.83738995
v -0.0881579965 -0.11838989 1.81997001
v -0.0953999907 -0.109918974 1.76630974
v -0.0514309965 -0.120587006 1.80005014
v -0.0237680003 -0.123128965 1.76795006
v -0.168218002 0.130071104 1.954
v -0.142742008 0.176715091 1.95227993
v -0.227471009 0.219921112 1.92184019
v -0.138911009 0.122593991 1.91643989
v -0.166331992 0.068026118 1.95807016
v -0.137356997 0.0798890665 1.89768016
v -0.115003996 0.00332107535 1.91936994
v -0.062266998 -0.0268159471 1.87169993
v -0.068953 -0.0791929588 1.85925996
v -0.112482995 0.0354420468 1.87753022
v -0.0611149967 0.00610809308 1.84864998
v -0.120115995 0.161717072 1.92291009
v -0.0873700157 0.21268402 1.95616007
v -0.0703819916 0.185918123 1.92141044
v 2.93159659E-20 0.21954605 1.95616019
v 2.09353597E-19 0.191181019 1.9188
v -3.22815868E-19 -0.0327149965 1.85981989
v -2.25909294E-20 -0.00238601677 1.83783996
v -3.77245955E-19 -0.0957759097 1.84450006
v 2.59999997E-05 0.269459993 1.94200003
v -0.119092003 0.253121942 1.93203008
v -0.000421000004 0.303002 1.90452993
v -0.147896975 0.283556968 1.89323986
v 8.3269222E-19 -0.117870942 1.79700005
v -0.0128659997 -0.118069001 1.79590011
v -0.0131749995 -0.132247001 1.79481018
v 8.32697028E-19 -0.140552983 1.79612017
v -0.0222229995 -0.141302943 1.7720201
v -0.0068889996 -0.137593985 1.73105001
v 8.32697183E-19 -0.141351923 1.73304009
v 8.3270013E-19 -0.15521194 1.77394009
v -0.00830699969 -0.130242914 1.72865021
v -0.0068889996 -0.137593985 1.73105001
v 8.32697183E-19 -0.141351923 1.73304009
v 0.0068889996 -0.137593985 1.73105001
v -0.0068889996 -0.137593985 1.73105001
v 0.00830699969 -0.130242914 1.72865021
v -0.00830699969 -0.130242914 1.72865021
v 0.0068889996 -0.137593985 1.73105001
vt 0.86026299 0.966529012
vt 0.853671014 0.968089998
vt 0.858260989 0.972977996
vt 0.855566978 0.96172899
vt 0.849020004 0.963144004
vt 0.847145975 0.969640017
vt 0.851688981 0.97468102
vt 0.867549002 0.965002
vt 0.863288999 0.978469014
vt 0.857746005 0.954549015
vt 0.843783021 0.957835019
vt 0.83989799 0.971427977
vt 0.849493027 0.982026994
vt 0.0838420019 0.440483987
vt 0.0638310015 0.423456013
vt 0.0838420019 0.42425999
vt 0.0647630021 0.439637989
vt 0.0183739997 0.421905994
vt 0.0174070001 0.438066006
vt 0.0840609968 0.462020993
vt 0.102633998 0.444408
vt 0.0840609968 0.442840993
vt 0.102701001 0.463072985
vt 0.153557003 0.451584011
vt 0.154067993 0.467873007
vt 0.138852999 0.761624992
vt 0.128273994 0.725389004
vt 0.137748003 0.726014018
vt 0.128076002 0.765752017
vt 0.119433001 0.724840999
vt 0.116888002 0.76256001
vt 0.110762 0.724281013
vt 0.106348 0.758135021
vt 0.129927263 0.69502598
vt 0.140076727 0.695661843
vt 0.148534998 0.726617992
vt 0.148423001 0.752753973
vt 0.151354164 0.696595967
vt 0.159240007 0.727217972
vt 0.158525005 0.754993021
vt 0.148423001 0.752753973
vt 0.138852999 0.761624992
vt 0.162260145 0.698015451
vt 0.112580866 0.694044471
vt 0.102688998 0.693279624
vt 0.101014003 0.723482013
vt 0.106348 0.758135021
vt 0.0959089994 0.752218008
vt 0.131522 0.664726019
vt 0.142541006 0.665897012
vt 0.135658994 0.625068009
vt 0.146613002 0.625992
vt 0.154802993 0.667437017
vt 0.157661006 0.626293004
vt 0.166301996 0.669228017
vt 0.167990997 0.626136005
vt 0.126721993 0.624144018
vt 0.122465 0.664537013
vt 0.119027004 0.62273401
vt 0.114046998 0.66398102
vt 0.110234998 0.620530009
vt 0.103704996 0.663218975
vt 0.140720993 0.591322005
vt 0.147138 0.591540992
vt 0.153360993 0.590695024
vt 0.159213006 0.589037001
vt 0.123911999 0.585586011
vt 0.129105002 0.588024974
vt 0.134618998 0.589985013
vt 0.145209998 0.548822999
vt 0.145209998 0.548822999
vt 0.145209998 0.548822999
vt 0.145209998 0.548822999
vt 0.145209998 0.548822999
vt 0.145209998 0.548822999
vt 0.121156767 0.694589794
vt 0.0767500028 0.51107198
vt 0.101845004 0.487186998
vt 0.0926399976 0.515565991
vt 0.0786359981 0.481772006
vt 0.0531250015 0.490610003
vt 0.0576790012 0.51166302
vt 0.0341130011 0.516340017
vt 0.0293150004 0.500051975
vt 0.084183 0.569285989
vt 0.0701280013 0.568048
vt 0.0536459982 0.567101002
vt 0.036226999 0.565810025
vt 0.0138069997 0.521808028
vt 0.00871799979 0.506911993
vt 0.0293150004 0.500051975
vt 0.0158500001 0.564460993
vt 0.0972819999 0.571235001
vt 0.0787459984 0.600516021
vt 0.0686630011 0.600417972
vt 0.0530590005 0.599995017
vt 0.0316150002 0.599330008
vt 0.0530590005 0.599995017
vt 0.0536459982 0.567101002
vt 0.0133100003 0.594926
vt 0.0908640027 0.602330029
vt 0.067948997 0.612984002
vt 0.0772769973 0.614444017
vt 0.0525089987 0.617751002
vt 0.0530590005 0.599995017
vt 0.0297020003 0.615729988
vt 0.00819099974 0.610840976
vt 0.0874269977 0.616882026
vt 0.109692998 0.607234001
vt 0.0972819999 0.571235001
vt 0.103661001 0.626897991
vt 0.0741679966 0.63666898
vt 0.0645229965 0.635029018
vt 0.0499400012 0.630950987
vt 0.101260997 0.640254021
vt 0.0838200003 0.638318002
vt 0.0499400012 0.630950987
vt 0.0287650004 0.623988986
vt 0.00492000021 0.622183979
vt 0.0674770027 0.663402021
vt 0.0560230017 0.661532998
vt 0.0423449986 0.657455027
vt 0.0499400012 0.630950987
vt 0.0240819994 0.652167976
vt 0.00549399992 0.650048971
vt 0.094430998 0.669574022
vt 0.0799330026 0.666059017
vt 0.0546449982 0.715308011
vt 0.0437919982 0.712131977
vt 0.0313480012 0.709073007
vt 0.0423449986 0.657455027
vt 0.0178089999 0.707343996
vt 0.0042059999 0.707895994
vt 0.0765430033 0.722037971
vt 0.065086998 0.718466997
vt 0.0381180011 0.772513986
vt 0.0309130009 0.770844996
vt 0.0236820001 0.769770026
vt 0.0163160004 0.769289017
vt 0.00886499975 0.769411981
vt 0.0521349981 0.777719975
vt 0.0452359989 0.774833977
vt 0.028066 0.807641029
vt 0.0239460003 0.806591988
vt 0.0198299997 0.805985987
vt 0.0156839993 0.805809021
vt 0.0114280004 0.806087971
vt 0.0360400006 0.810985029
vt 0.0321220011 0.809121013
vt 0.0170370005 0.841908991
vt 0.0170370005 0.841908991
vt 0.0170370005 0.841908991
vt 0.0170370005 0.841908991
vt 0.0170370005 0.841908991
vt 0.0170370005 0.841908991
vt 0.121179998 0.509495974
vt 0.129823998 0.536037982
vt 0.110701002 0.523932993
vt 0.141156003 0.524304986
vt 0.101845004 0.487186998
vt 0.116391003 0.576237977
vt 0.0972819999 0.571235001
vt 0.809422016 0.945573986
vt 0.812308013 0.965439975
vt 0.809085011 0.965587974
vt 0.812222004 0.973058999
vt 0.816578984 0.973460972
vt 0.816098988 0.964945018
vt 0.812898993 0.945885003
vt 0.812898993 0.945885003
vt 0.816338003 0.946376026
vt 0.809422016 0.945573986
vt 0.812308013 0.965439975
vt 0.802923024 0.946286976
vt 0.809085011 0.965587974
vt 0.80895102 0.972784996
vt 0.809085011 0.965587974
vt 0.808501005 0.981245995
vt 0.812014997 0.981797993
vt 0.816578984 0.973460972
vt 0.815761983 0.98258698
vt 0.812014997 0.981797993
vt 0.812192976 0.993619025
vt 0.815958023 0.992536008
vt 0.807676017 0.99417901
vt 0.812014997 0.981797993
vt 0.807676017 0.99417901
vt 0.798323989 0.946260989
vt 0.802209973 0.964818001
vt 0.797788978 0.964468002
vt 0.802923024 0.946286976
vt 0.796989977 0.972413003
vt 0.801586986 0.972929001
vt 0.796369016 0.981137991
vt 0.80123502 0.981693029
vt 0.795201004 0.990989983
vt 0.799808025 0.991566002
vt 0.802923024 0.946286976
vt 0.809085011 0.965587974
vt 0.802209973 0.964818001
vt 0.801586986 0.972929001
vt 0.809085011 0.965587974
vt 0.80895102 0.972784996
vt 0.80123502 0.981693029
vt 0.808501005 0.981245995
vt 0.807676017 0.99417901
vt 0.799808025 0.991566002
vt 0.987694025 0.717104971
vt 0.953514993 0.733503997
vt 0.977795005 0.710352004
vt 0.997919977 0.690802991
vt 0.985037029 0.687528014
vt 0.987675011 0.664508998
vt 0.979564011 0.668718994
vt 0.953514993 0.648069978
vt 0.390311003 0.142949998
vt 0.316080004 0.012232
vt 0.376139998 0.0386510007
vt 0.321889997 0.146467999
vt 0.289094001 0.011953
vt 0.281796008 0.146303996
vt 0.228503004 0.0379710011
vt 0.213165998 0.142160997
vt 0.228503004 0.0379710011
vt 0.286233991 0.00634900015
vt 0.289094001 0.011953
vt 0.222870007 0.034816999
vt 0.319063991 0.00672800001
vt 0.316080004 0.012232
vt 0.381796002 0.0355539992
vt 0.376139998 0.0386510007
vt 0.376139998 0.0386510007
vt 0.397040009 0.143021002
vt 0.390311003 0.142949998
vt 0.381796002 0.0355539992
vt 0.228503004 0.0379710011
vt 0.206424996 0.142141998
vt 0.222870007 0.034816999
vt 0.213165998 0.142160997
vt 0.0502430014 0.0106939999
vt 0.0666339993 0.0795800015
vt 0.0488899983 0.0795790032
vt 0.0652720034 0.0106929997
vt 0.100377999 0.080606997
vt 0.0978920013 0.0252240002
vt 0.0176289994 0.0252279993
vt 0.0151479999 0.080606997
vt 0.769455016 0.262387007
vt 0.780093014 0.248192996
vt 0.779468 0.263280004
vt 0.772845984 0.246375993
vt 0.781454027 0.223426998
vt 0.772280991 0.28174001
vt 0.763952971 0.243492007
vt 0.769455016 0.262387007
vt 0.779468 0.263280004
vt 0.778708994 0.282687008
vt 0.785854995 0.282074988
vt 0.789421022 0.263146013
vt 0.787428975 0.247063994
vt 0.780093014 0.248192996
vt 0.796428978 0.245022997
vt 0.781454027 0.223426998
vt 0.778976023 0.290836006
vt 0.804264009 0.266104013
vt 0.815407991 0.250319004
vt 0.815137029 0.266741008
vt 0.807474971 0.248539001
vt 0.816217005 0.223341003
vt 0.807779014 0.287602007
vt 0.797724009 0.245648995
vt 0.823355019 0.248889998
vt 0.825909972 0.266377002
vt 0.833083987 0.246429995
vt 0.822544992 0.287681013
vt 0.814787984 0.287506014
vt 0.816217005 0.223341003
vt 0.815407991 0.250319004
vt 0.815137029 0.266741008
vt 0.814787984 0.287506014
vt 0.815268993 0.296674997
vt 0.840816975 0.266820997
vt 0.852591991 0.251403004
vt 0.851731002 0.267912
vt 0.844686985 0.249337003
vt 0.854345024 0.224335998
vt 0.844173014 0.286639988
vt 0.834998012 0.246086001
vt 0.851731002 0.267912
vt 0.850659013 0.288654
vt 0.858440995 0.286909997
vt 0.862637997 0.267865986
vt 0.860628009 0.250247002
vt 0.852591991 0.251403004
vt 0.854345024 0.224335998
vt 0.870492995 0.248108
vt 0.862637997 0.267865986
vt 0.85125798 0.295630008
vt 0.850659013 0.288654
vt 0.693513989 0.920049012
vt 0.718239009 0.954135001
vt 0.700483978 0.955572009
vt 0.706592023 0.920544028
vt 0.698563993 0.90645498
vt 0.680727959 0.897583485
vt 0.685835004 0.921631992
vt 0.672726989 0.905390978
vt 0.733929992 0.950717986
vt 0.722266018 0.91790098
vt 0.714197993 0.900810003
vt 0.740247011 0.900317013
vt 0.742173016 0.920660973
vt 0.750846982 0.945527017
vt 0.719875991 0.870802999
vt 0.74387598 0.875971973
vt 0.750410974 0.841351986
vt 0.72588098 0.836795986
vt 0.738759995 0.771524012
vt 0.715430975 0.76868999
vt 0.702480018 0.829403996
vt 0.762094021 0.772970021
vt 0.773806989 0.845799029
vt 0.783604026 0.774161994
vt 0.795800984 0.849216998
vt 0.805835009 0.772849023
vt 0.820804 0.85067302
vt 0.83099103 0.768238008
vt 0.810886979 0.747456014
vt 0.836019993 0.748045981
vt 0.837243974 0.729649007
vt 0.811837018 0.725962996
vt 0.80766499 0.702283025
vt 0.78915 0.724830985
vt 0.784500003 0.700802028
vt 0.776651978 0.658945978
vt 0.756026506 0.665522397
vt 0.761057973 0.702189028
vt 0.732663453 0.668953001
vt 0.736181974 0.703248024
vt 0.707342565 0.670915663
vt 0.709785998 0.705118001
vt 0.685125709 0.674655378
vt 0.686783016 0.711022019
vt 0.788892269 0.656357765
vt 0.712445021 0.728518009
vt 0.738757014 0.726496994
vt 0.764374971 0.726087987
vt 0.688555002 0.731666982
vt 0.781448007 0.629531026
vt 0.739899993 0.747129977
vt 0.71341902 0.747511983
vt 0.764759004 0.746698976
vt 0.787455022 0.747129977
vt 0.687144995 0.747938991
vt 0.690060973 0.765816987
vt 0.674579024 0.822085023
vt 0.669223011 0.845602989
vt 0.690519989 0.860228002
vt 0.663616002 0.861042976
vt 0.651198983 0.878847003
vt 0.645107985 0.885318995
vt 0.672726989 0.905390978
vt 0.948516011 0.880575001
vt 0.941151977 0.890967011
vt 0.922006011 0.868843973
vt 0.960985005 0.900882006
vt 0.967750013 0.865969002
vt 0.95016098 0.840032995
vt 0.967158973 0.836727977
vt 0.967323005 0.819468021
vt 0.990589023 0.824359
vt 0.986181974 0.809493005
vt 0.976722002 0.788838983
vt 0.949850023 0.810531974
vt 0.953146994 0.740584016
vt 0.931306005 0.745398998
vt 0.919346988 0.795606971
vt 0.904810011 0.753997982
vt 0.877699971 0.765619993
vt 0.893025994 0.805730999
vt 0.871417999 0.809138
vt 0.924979985 0.72961998
vt 0.898927987 0.738031983
vt 0.896592975 0.719471991
vt 0.923965991 0.711793005
vt 0.894997001 0.702718973
vt 0.874345005 0.713347018
vt 0.875438988 0.727716982
vt 0.92732501 0.684868991
vt 0.946361005 0.709713995
vt 0.950815022 0.690106988
vt 0.947436988 0.724878013
vt 0.876464009 0.74526298
vt 0.860072017 0.73003298
vt 0.874345005 0.713347018
vt 0.857237995 0.711548984
vt 0.831830978 0.690061986
vt 0.859328985 0.747664988
vt 0.855257988 0.765763998
vt 0.847432971 0.813925982
vt 0.873241007 0.845975995
vt 0.903290987 0.843356013
vt 0.923964977 0.840547025
vt 0.90606302 0.868143022
vt 0.848815024 0.848948002
vt 0.87529403 0.864342988
vt 0.92343998 0.891537011
vt 0.901616991 0.89823699
vt 0.920404971 0.906409979
vt 0.921294212 0.938781619
vt 0.920404971 0.906409979
vt 0.889261007 0.903198004
vt 0.950669706 0.653066874
vt 0.954982758 0.67220819
vt 0.921401024 0.675714016
vt 0.950669706 0.653066874
vt 0.941668987 0.648073971
vt 0.894043982 0.690239012
vt 0.893651009 0.683156013
vt 0.877938986 0.686963975
vt 0.878205001 0.682143986
vt 0.893356025 0.680015981
vt 0.878205001 0.682143986
vt 0.878288984 0.679874003
vt 0.864280999 0.682106972
vt 0.864431977 0.67930299
vt 0.837011993 0.679598987
vt 0.900768995 0.660669029
vt 0.90278101 0.644921005
vt 0.878005981 0.66188401
vt 0.854734004 0.662892997
vt 0.851265013 0.647660971
vt 0.876393974 0.635864973
vt 0.865226984 0.633834004
vt 0.863574028 0.628216028
vt 0.829577029 0.575640976
vt 0.802568018 0.584623992
vt 0.805751026 0.540727019
vt 0.833449006 0.541346014
vt 0.872659981 0.570151985
vt 0.869937003 0.539701998
vt 0.916386008 0.568204999
vt 0.908263028 0.533936977
vt 0.934913993 0.533412993
vt 0.945230007 0.572229028
vt 0.79223001 0.584993005
vt 0.794264972 0.526546001
vt 0.83543402 0.528506994
vt 0.794264972 0.526546001
vt 0.873888016 0.524996996
vt 0.907482982 0.522691011
vt 0.920179009 0.515460014
vt 0.955680013 0.570465982
vt 0.942870021 0.526208997
vt 0.954479992 0.610913992
vt 0.944251001 0.610539019
vt 0.888260007 0.626712978
vt 0.887272 0.632552028
vt 0.876552999 0.587951005
vt 0.879628003 0.628952026
vt 0.872299016 0.62936902
vt 0.871259987 0.619387984
vt 0.870187998 0.588424027
vt 0.879354 0.618827999
vt 0.741438985 0.570021987
vt 0.713081002 0.548675001
vt 0.730539024 0.538757026
vt 0.720165014 0.576479971
vt 0.693965971 0.554105997
vt 0.699977994 0.581176996
vt 0.666462004 0.565536976
vt 0.724372029 0.602806985
vt 0.700729012 0.606393993
vt 0.749489009 0.600395977
vt 0.769340992 0.558507979
vt 0.777001023 0.595870972
vt 0.784159005 0.585236013
vt 0.794264972 0.526546001
vt 0.754271984 0.524888992
vt 0.771896005 0.476402998
vt 0.65754801 0.529202998
vt 0.678480983 0.525837004
vt 0.722469985 0.507337987
vt 0.736701012 0.489966989
vt 0.726624012 0.620576978
vt 0.70065701 0.622982025
vt 0.753057003 0.624970019
vt 0.678597987 0.604155004
vt 0.674921989 0.64012903
vt 0.793146014 0.624448001
vt 0.718047976 0.491504997
vt 0.72904402 0.479048997
vt 0.747515976 0.465162992
vt 0.732721984 0.462107986
vt 0.69520998 0.502227008
vt 0.701936007 0.519468009
vt 0.670041025 0.513778985
vt 0.65754801 0.529202998
vt 0.747244 0.438737988
vt 0.731420994 0.437339008
vt 0.777149022 0.436906993
vt 0.728110015 0.407079011
vt 0.740548015 0.397226006
vt 0.773736 0.410546988
vt 0.781665981 0.405957997
vt 0.772436023 0.402253985
vt 0.770249009 0.404964
vt 0.757524014 0.395116001
vt 0.742304981 0.387035996
vt 0.65754801 0.529202998
vt 0.654213011 0.516919017
vt 0.807533979 0.422201991
vt 0.771896005 0.476402998
vt 0.777149022 0.436906993
vt 0.789884984 0.403167993
vt 0.784247994 0.397433013
vt 0.787200987 0.397388011
vt 0.799831986 0.370999008
vt 0.789246023 0.366840005
vt 0.786759019 0.382456005
vt 0.82842499 0.468627006
vt 0.829533994 0.421416998
vt 0.879836023 0.427354008
vt 0.88497299 0.474812001
vt 0.838962972 0.510529995
vt 0.794264972 0.526546001
vt 0.879559994 0.507067025
vt 0.920179009 0.515460014
vt 0.933345973 0.486992002
vt 0.980840981 0.509145021
vt 0.941877007 0.52540803
vt 0.942206025 0.449239999
vt 0.901289999 0.430368006
vt 0.901866019 0.394430995
vt 0.850250006 0.402260989
vt 0.859661996 0.403216004
vt 0.869224012 0.402063012
vt 0.898455977 0.380984008
vt 0.855270028 0.395619988
vt 0.852198005 0.396014005
vt 0.850130022 0.379182994
vt 0.833665013 0.364986002
vt 0.846822977 0.362057
vt 0.890893996 0.365276992
vt 0.819541633 0.390027016
vt 0.833665013 0.364986002
vt 0.864363015 0.394908011
vt 0.867265999 0.395505995
vt 0.890893996 0.365276992
vt 0.871370971 0.378192991
vt 0.879000008 0.361241996
vt 0.819541633 0.390027016
vt 0.969310999 0.479806006
vt 0.980840981 0.509145021
vt 0.942206025 0.449239999
vt 0.992550015 0.500470996
vt 0.992630005 0.477387995
vt 0.970583022 0.453065991
vt 0.994503975 0.455839992
vt 0.944257021 0.425835997
vt 0.936631024 0.420805991
vt 0.978938997 0.434684008
vt 0.983940005 0.415867001
vt 0.947987974 0.41939199
vt 0.996695995 0.425179988
vt 0.961230993 0.410466999
vt 0.97872901 0.40426901
vt 0.946156025 0.416990012
vt 0.928192019 0.416586012
vt 0.942206025 0.449239999
vt 0.934319019 0.410255998
vt 0.931730986 0.409783989
vt 0.934719026 0.392726988
vt 0.920992017 0.374000996
vt 0.937026978 0.373656005
vt 0.901866019 0.394430995
vt 0.901866019 0.394430995
vt 0.793146014 0.624448001
vt 0.996999025 0.851140022
vt 0.974835992 0.874518991
vt 0.99220401 0.844622016
vt 0.996999025 0.851140022
vt 0.974835992 0.874518991
vt 0.767283022 0.87876302
vt 0.762380004 0.899163008
vt 0.794936001 0.88934499
vt 0.762498975 0.922559023
vt 0.781292021 0.93155998
vt 0.772227526 0.947096467
vt 0.777583003 0.968333006
vt 0.777583003 0.968333006
vt 0.764433026 0.974316001
vt 0.780435979 0.994843006
vt 0.777320981 0.996478021
vt 0.996339977 0.325233012
vt 0.969844997 0.317171991
vt 0.990704 0.309184015
vt 0.989772022 0.340463012
vt 0.968764007 0.354245991
vt 0.936646998 0.331853002
vt 0.943692029 0.365720987
vt 0.915376008 0.348975003
vt 0.927286983 0.366068006
vt 0.907868981 0.310543001
vt 0.902162015 0.33445099
vt 0.942535996 0.280618995
vt 0.918398976 0.29638201
vt 0.983452022 0.287048012
vt 0.959237993 0.279289991
vt 0.949567795 0.256206751
vt 0.889894485 0.287517995
vt 0.990625978 0.262919009
vt 0.975547016 0.257726014
vt 0.949567795 0.256206751
vt 0.975544989 0.245134994
vt 0.878531992 0.313508004
vt 0.876385987 0.330222994
vt 0.920768023 0.259000003
vt 0.909510016 0.264643997
vt 0.889894485 0.287517995
vt 0.949567795 0.256206751
vt 0.920047998 0.248353004
vt 0.910865009 0.252896011
vt 0.920047998 0.248353004
vt 0.902217984 0.257892996
vt 0.986515999 0.246381998
vt 0.995130002 0.249698997
vt 0.908131003 0.249283999
vt 0.902217984 0.257892996
vt 0.865186989 0.318313003
vt 0.868865013 0.307424992
vt 0.889894485 0.287517995
vt 0.902217984 0.257892996
vt 0.861142993 0.318383008
vt 0.862909973 0.329129994
vt 0.876385987 0.330222994
vt 0.777149022 0.436906993
vt 0.807533979 0.422201991
vt 0.81022799 0.382503003
vt 0.799831986 0.370999008
vt 0.81022799 0.382503003
vt 0.996695995 0.425179988
vt 0.994503975 0.455839992
vt 0.902162015 0.33445099
vt 0.876385987 0.330222994
vt 0.787200987 0.397388011
vt 0.789246023 0.366840005
vt 0.986515999 0.246381998
vt 0.975544989 0.245134994
vt 0.864280999 0.682106972
vt 0.877938986 0.686963975
vt 0.864053011 0.687584996
vt 0.831830978 0.690061986
vt 0.806962013 0.657203019
vt 0.815463006 0.653019011
vt 0.793146014 0.624448001
vt 0.784159005 0.585236013
vt 0.794264972 0.526546001
vt 0.879559994 0.507067025
vt 0.838962972 0.510529995
vt 0.941877007 0.52540803
vt 0.458725005 0.0131170005
vt 0.535642028 0.0894299969
vt 0.410326004 0.0706010014
vt 0.547735989 0.0265999995
vt 0.456508011 0.00822899956
vt 0.552304029 0.0236109998
vt 0.458725005 0.0131170005
vt 0.458725005 0.0131170005
vt 0.404000014 0.0724089965
vt 0.552304029 0.0236109998
vt 0.538596988 0.0937889963
vt 0.410326004 0.0706010014
vt 0.538596988 0.0937889963
vt 0.535642028 0.0894299969
vt 0.547735989 0.0265999995
vt 0.414364994 0.108638003
vt 0.48675701 0.144858003
vt 0.415728986 0.147372007
vt 0.462033004 0.110248998
vt 0.458725005 0.0131170005
vt 0.410326004 0.0706010014
vt 0.404000014 0.0724089965
vt 0.576071024 0.0984520018
vt 0.610742986 0.0173289999
vt 0.646175981 0.0863080025
vt 0.567034006 0.0170339998
vt 0.65792501 0.016578
vt 0.702883005 0.0665649995
vt 0.610773981 0.0123800002
vt 0.65792501 0.016578
vt 0.565873981 0.0121179996
vt 0.647265017 0.0911670029
vt 0.575864971 0.103641003
vt 0.708676994 0.0679650009
vt 0.702883005 0.0665649995
vt 0.659847975 0.0122269997
vt 0.702883005 0.0665649995
vt 0.702883005 0.0665649995
vt 0.610773981 0.0123800002
vt 0.659847975 0.0122269997
vt 0.547995985 0.107720003
vt 0.56862998 0.146862999
vt 0.533273995 0.145090997
vt 0.570380986 0.107720003
vt 0.522818983 0.109020002
vt 0.497561991 0.143299997
vt 0.373744994 0.678928018
vt 0.384875 0.682596982
vt 0.376906991 0.689686
vt 0.382615 0.678294003
vt 0.386586994 0.678206027
vt 0.337047011 0.698463023
vt 0.359807998 0.675556004
vt 0.337258995 0.686912
vt 0.361723989 0.672405005
vt 0.351743013 0.661958992
vt 0.336450994 0.671060979
vt 0.343874007 0.661049008
vt 0.351512015 0.652311027
vt 0.334495008 0.667144001
vt 0.32138899 0.670566022
vt 0.321238995 0.67422998
vt 0.310966015 0.667506993
vt 0.309051991 0.670482993
vt 0.301497012 0.661850989
vt 0.303516001 0.659340024
vt 0.282718986 0.655206978
vt 0.283163011 0.652135015
vt 0.267233998 0.657119989
vt 0.264795989 0.655189991
vt 0.341136992 0.658684015
vt 0.353246003 0.647671998
vt 0.321238995 0.67422998
vt 0.320003986 0.690135002
vt 0.301770002 0.680894971
vt 0.309051991 0.670482993
vt 0.292252988 0.675296009
vt 0.301497012 0.661850989
vt 0.282718986 0.655206978
vt 0.279671997 0.667258024
vt 0.264512986 0.664610982
vt 0.267233998 0.657119989
vt 0.328660011 0.694891989
vt 0.331423998 0.692427993
vt 0.264512986 0.664610982
vt 0.278755009 0.670140028
vt 0.261644006 0.666288018
vt 0.279671997 0.667258024
vt 0.292252988 0.675296009
vt 0.290610999 0.677985013
vt 0.29875499 0.683012009
vt 0.301770002 0.680894971
vt 0.264512986 0.664610982
vt 0.264795989 0.655189991
vt 0.267233998 0.657119989
vt 0.261644006 0.666288018
vt 0.264795989 0.655189991
vt 0.354992002 0.660709023
vt 0.351512015 0.652311027
vt 0.353246003 0.647671998
vt 0.373861998 0.675122023
vt 0.382732004 0.674629986
vt 0.390073001 0.675900996
vt 0.387861013 0.684575021
vt 0.386586994 0.678206027
vt 0.390073001 0.675900996
vt 0.384875 0.682596982
vt 0.376906991 0.689686
vt 0.37845099 0.692802012
vt 0.339589 0.703463972
vt 0.337047011 0.698463023
vt 0.693616986 0.952665985
vt 0.686878026 0.957156003
vt 0.686901987 0.949497998
vt 0.691863 0.956942022
vt 0.663605988 0.952615023
vt 0.680859983 0.960875988
vt 0.669592023 0.967323005
vt 0.695959985 0.957347989
vt 0.662478983 0.96944201
vt 0.648047984 0.957104027
vt 0.667207003 0.93573302
vt 0.644671023 0.949045002
vt 0.650960982 0.971651018
vt 0.659138024 0.97468102
vt 0.679651022 0.968735993
vt 0.674440026 0.970616996
vt 0.648648024 0.976998985
vt 0.659561992 0.981474996
vt 0.644181013 0.984543979
vt 0.651072025 0.992422998
vt 0.634180009 0.989606023
vt 0.639587998 0.995890975
vt 0.683719993 0.976257026
vt 0.638944983 0.940451026
vt 0.666024029 0.929192007
vt 0.634734988 0.938560009
vt 0.66593802 0.91840601
vt 0.00472499989 0.92218399
vt 0.0110719996 0.91505301
vt 0.0242790002 0.935792029
vt 0.0201719999 0.912054002
vt 0.0242790002 0.935792029
vt 0.0242790002 0.935792029
vt 0.0294530001 0.913129985
vt 0.0294530001 0.913129985
vt 0.0382269993 0.916263998
vt 0.0242790002 0.935792029
vt 0.0445280001 0.923242986
vt 0.0242790002 0.935792029
vt 0.0297510009 0.943570018
vt 0.0255559999 0.965543985
vt 0.0199669991 0.942969978
vt 0.0255559999 0.965543985
vt 0.0106239999 0.947063982
vt 0.0255559999 0.965543985
vt 0.00495199999 0.955482006
vt 0.0456099994 0.954425991
vt 0.0255559999 0.965543985
vt 0.0387529992 0.947354972
vt 0.0255559999 0.965543985
vt 0.0297510009 0.943570018
vt 0.0248109996 0.994395971
vt 0.0365099981 0.976972997
vt 0.0432469994 0.98288703
vt 0.0283649992 0.97368598
vt 0.0248109996 0.994395971
vt 0.00554599985 0.984336972
vt 0.0116910003 0.977675974
vt 0.0248109996 0.994395971
vt 0.0248109996 0.994395971
vt 0.0195020009 0.973731995
vt 0.0283649992 0.97368598
vt 0.0248109996 0.994395971
vt 0.448327005 0.359593987
vt 0.453027993 0.362464011
vt 0.449319988 0.372554004
vt 0.447611988 0.348320007
vt 0.442048997 0.353929013
vt 0.42612499 0.390994012
vt 0.428929001 0.372343987
vt 0.410425007 0.366055012
vt 0.415174007 0.362648994
vt 0.208725005 0.518483996
vt 0.179637998 0.544532001
vt 0.181648001 0.514660001
vt 0.207413003 0.545901
vt 0.185389996 0.500930011
vt 0.173822001 0.519677997
vt 0.174654007 0.544035971
vt 0.218131006 0.522605002
vt 0.215311006 0.543932974
vt 0.230156004 0.50098598
vt 0.218831003 0.49516201
vt 0.231820002 0.479346007
vt 0.249513999 0.475555003
vt 0.223986 0.568993986
vt 0.210795 0.572489977
vt 0.243558004 0.615481019
vt 0.179559007 0.567517996
vt 0.209813997 0.462554991
vt 0.220501006 0.452376992
vt 0.193173006 0.48625499
vt 0.201536998 0.463477999
vt 0.189161003 0.484165013
vt 0.182348996 0.492000014
vt 0.249485001 0.463734001
vt 0.237285003 0.441417009
vt 0.233657002 0.438910007
vt 0.222034007 0.444148988
vt 0.183396995 0.582015991
vt 0.227651998 0.610753
vt 0.200177997 0.616631985
vt 0.252988994 0.654761016
vt 0.227022007 0.668184996
vt 0.188023999 0.612607002
vt 0.218832001 0.671323001
vt 0.187171996 0.60374701
vt 0.179085001 0.590297997
vt 0.185231 0.609399974
vt 0.169219002 0.496811002
vt 0.260892987 0.448460013
vt 0.266840518 0.460810483
vt 0.283627003 0.478569001
vt 0.271409005 0.446263999
vt 0.26216799 0.426515996
vt 0.269506991 0.426351011
vt 0.270839989 0.411664009
vt 0.165649995 0.506200016
vt 0.173822001 0.519677997
vt 0.26216799 0.426515996
vt 0.257901996 0.418776989
vt 0.274269998 0.467269003
vt 0.275876999 0.452326
vt 0.28133899 0.455143005
vt 0.281450003 0.448720992
vt 0.28133899 0.455143005
vt 0.289474994 0.455215991
vt 0.290504009 0.448924005
vt 0.304012001 0.438019991
vt 0.299542993 0.457816005
vt 0.31092 0.442755014
vt 0.311455011 0.46044001
vt 0.294454992 0.476660997
vt 0.312171012 0.476143003
vt 0.311688006 0.428252995
vt 0.276230007 0.443749994
vt 0.271409005 0.446263999
vt 0.282682002 0.443984985
vt 0.280205995 0.440436989
vt 0.287133008 0.442009985
vt 0.275287986 0.420567989
vt 0.293639988 0.416664004
vt 0.271970004 0.423808008
vt 0.269506991 0.426351011
vt 0.270839989 0.411664009
vt 0.271409005 0.446263999
vt 0.275287986 0.420567989
vt 0.311374992 0.41059199
vt 0.311688006 0.428252995
vt 0.303299993 0.402568996
vt 0.316329002 0.402658999
vt 0.311374992 0.41059199
vt 0.293639988 0.416664004
vt 0.337882996 0.366780996
vt 0.343297988 0.378495008
vt 0.325758994 0.371331006
vt 0.313124001 0.353713989
vt 0.31230101 0.363824993
vt 0.306685001 0.359941989
vt 0.323751986 0.386694014
vt 0.334594011 0.390908003
vt 0.265657008 0.645774007
vt 0.265657008 0.645774007
vt 0.252988994 0.654761016
vt 0.243558004 0.615481019
vt 0.171329007 0.561470985
vt 0.179559007 0.567517996
vt 0.159547001 0.572731018
vt 0.161529005 0.583581984
vt 0.179085001 0.590297997
vt 0.161529005 0.583581984
vt 0.159547001 0.572731018
vt 0.199183002 0.448237002
vt 0.207797006 0.44106999
vt 0.275287986 0.420567989
vt 0.280205995 0.440436989
vt 0.277006 0.431199014
vt 0.275287986 0.420567989
vt 0.277006 0.431199014
vt 0.280205995 0.440436989
vt 0.285335004 0.47239399
vt 0.285335004 0.47239399
vt 0.274269998 0.467269003
vt 0.271409005 0.446263999
vt 0.654684007 0.667559981
vt 0.65852797 0.684798002
vt 0.654684007 0.692598999
vt 0.659301996 0.674431026
vt 0.65852797 0.684798002
vt 0.774255991 0.0828550011
vt 0.809790015 0.0803619996
vt 0.806137979 0.0917219967
vt 0.783150971 0.0683220029
vt 0.75316 0.0655819997
vt 0.753306985 0.0822810009
vt 0.753508985 0.114477001
vt 0.772593975 0.115621999
vt 0.753588021 0.127804995
vt 0.774122 0.129840001
vt 0.753757 0.150197998
vt 0.768800974 0.155365005
vt 0.793322027 0.126242995
vt 0.795346022 0.143742993
vt 0.789909005 0.146697
vt 0.820769012 0.0966439992
vt 0.817074001 0.110229
vt 0.802863002 0.1105
vt 0.80963397 0.120743997
vt 0.811843991 0.138034001
vt 0.803653002 0.14971
vt 0.753760993 0.177189007
vt 0.756992996 0.177558005
vt 0.804673016 0.160928994
vt 0.836000025 0.0905599967
vt 0.153135002 0.907896996
vt 0.143750995 0.897921979
vt 0.153409004 0.892894983
vt 0.139958993 0.906019986
vt 0.167805001 0.908603013
vt 0.167872995 0.921944976
vt 0.150530994 0.921759009
vt 0.144431993 0.977765977
vt 0.168026999 0.979794025
vt 0.133605003 0.919193029
vt 0.114086002 0.962279022
vt 0.118638001 0.915890992
vt 0.104993999 0.930719972
vt 0.0988769978 0.955163002
vt 0.16776 0.894020021
vt 0.167733997 0.886062026
vt 0.0786240026 0.946491003
vt 0.0851999968 0.921943009
vt 0.0654660016 0.93364203
vt 0.0608129986 0.910677016
vt 0.0780899972 0.906939983
vt 0.0512770005 0.953091979
vt 0.103053004 0.913662016
vt 0.107701004 0.909677029
vt 0.108382002 0.904540002
vt 0.0979819968 0.90338999
vt 0.114834003 0.907995999
vt 0.132636994 0.899378002
vt 0.123792 0.896708012
vt 0.131723002 0.893049002
vt 0.111339003 0.888490021
vt 0.0926209986 0.893558025
vt 0.106779002 0.87894702
vt 0.117292002 0.893932998
vt 0.126095995 0.887953997
vt 0.125747994 0.890740991
vt 0.130957007 0.873166978
vt 0.141718 0.890466988
vt 0.143316001 0.88172698
vt 0.154916003 0.862510979
vt 0.167756006 0.867343009
vt 0.150812998 0.859717011
vt 0.120066002 0.849671006
vt 0.145918995 0.835412979
vt 0.144935995 0.821985006
vt 0.120224997 0.842392027
vt 0.104555003 0.822751999
vt 0.116728 0.817901015
vt 0.0922780037 0.846159995
vt 0.0845730007 0.865701973
vt 0.084592998 0.880153
vt 0.0734279975 0.890559018
vt 0.0562600009 0.89181
vt 0.082272999 0.835075974
vt 0.105074003 0.807915986
vt 0.0956389979 0.794652998
vt 0.0712929964 0.822575986
vt 0.140747994 0.779478014
vt 0.148640007 0.805235028
vt 0.0768449977 0.843872011
vt 0.0621189997 0.835620999
vt 0.0455100015 0.847495019
vt 0.156221002 0.777431011
vt 0.160425007 0.810185015
vt 0.168458998 0.777589977
vt 0.168493003 0.811775982
vt 0.159413993 0.819498003
vt 0.168503001 0.820726991
vt 0.148078993 0.814198017
vt 0.117380001 0.808863997
vt 0.150444001 0.76049
vt 0.135646999 0.767579019
vt 0.168449 0.757650018
vt 0.0721559972 0.851136029
vt 0.00596999982 0.878305972
vt 0.0121529996 0.858317971
vt 0.0331819989 0.880066991
vt 0.0130909998 0.894290984
vt 0.0243289992 0.896145999
vt 0.0495119989 0.903128982
vt 0.0608129986 0.910677016
vt 0.0415689982 0.87331897
vt 0.0420960002 0.834173024
vt 0.0531370007 0.866384983
vt 0.0664820001 0.877564013
vt 0.0761720017 0.870941997
vt 0.049947001 0.849268019
vt 0.0420960002 0.834173024
vt 0.0620459989 0.809165001
vt 0.0907759964 0.782287002
vt 0.0907759964 0.782287002
vt 0.0721559972 0.851136029
vt 0.0761720017 0.870941997
vt 0.062714003 0.840399027
vt 0.0802330002 0.961130023
vt 0.0986360013 0.961591005
vt 0.0623079985 0.968171
vt 0.109281003 0.971159995
vt 0.0774340034 0.967948973
vt 0.0774340034 0.967948973
vt 0.163498998 0.997560024
vt 0.168096006 0.997987986
vt 0.163498998 0.997560024
vt 0.158298001 0.824431002
vt 0.159828007 0.83534199
vt 0.167853996 0.831463993
vt 0.167868003 0.82228303
vt 0.156909004 0.84641403
vt 0.160420999 0.846575022
vt 0.163932994 0.84662801
vt 0.156591997 0.854988992
vt 0.163247004 0.856757998
vt 0.167762995 0.857073009
vt 0.167774007 0.845679998
vt 0.15298 0.858632982
vt 0.125747994 0.890740991
vt 0.509513974 0.489627987
vt 0.493616998 0.445116013
vt 0.519123971 0.46428901
vt 0.480497986 0.480796009
vt 0.484210998 0.439153999
vt 0.501927018 0.51207
vt 0.484210998 0.439153999
vt 0.468457997 0.477557003
vt 0.475003988 0.513336003
vt 0.47517699 0.433746994
vt 0.461158991 0.474247992
vt 0.448009998 0.417827994
vt 0.438730001 0.43334499
vt 0.463901997 0.493400991
vt 0.475003988 0.513336003
vt 0.417641997 0.410241008
vt 0.421121001 0.403100014
vt 0.501927018 0.51207
vt 0.475003988 0.513336003
vt 0.0993200019 0.366584003
vt 0.127297997 0.372689009
vt 0.118520997 0.385702014
vt 0.0641279966 0.364870012
vt 0.067667 0.380777001
vt 0.112327002 0.411552012
vt 0.0731260031 0.407422006
vt 0.153344005 0.397527009
vt 0.142059997 0.422663987
vt 0.170608997 0.438080013
vt 0.191946998 0.406774014
vt 0.195111006 0.388565987
vt 0.0270680003 0.384979993
vt 0.0377480015 0.412651986
vt 0.0203249995 0.366234988
vt 0.140496001 0.358826011
vt 0.187727004 0.368974
vt 0.151852995 0.323823005
vt 0.175476998 0.329014987
vt 0.209257007 0.367421001
vt 0.190008 0.329382002
vt 0.227409005 0.352898985
vt 0.205590993 0.328097999
vt 0.246737003 0.359786987
vt 0.249001995 0.310631007
vt 0.223271996 0.313156009
vt 0.277375013 0.317030013
vt 0.247449994 0.275846988
vt 0.276235998 0.26741299
vt 0.218268007 0.291590005
vt 0.202888995 0.272888988
vt 0.213367999 0.266671002
vt 0.190303996 0.25039199
vt 0.194392994 0.217730001
vt 0.224995002 0.230658993
vt 0.250061005 0.261480004
vt 0.255360991 0.243567005
vt 0.170194998 0.244473994
vt 0.164023995 0.212461993
vt 0.134911001 0.250120997
vt 0.160206005 0.207303002
vt 0.125505999 0.223251998
vt 0.100653 0.193577006
vt 0.279107988 0.253619999
vt 0.144548997 0.250326991
vt 0.133527994 0.272179991
vt 0.115171999 0.274172992
vt 0.101879001 0.246603996
vt 0.0884459987 0.272558987
vt 0.111707002 0.318361998
vt 0.0838550031 0.321054995
vt 0.089354001 0.344765007
vt 0.125444993 0.338
vt 0.131107002 0.314482987
vt 0.143244997 0.322946995
vt 0.0570579991 0.318421006
vt 0.0622720011 0.267998993
vt 0.0146479998 0.254370004
vt 0.00941199996 0.31171
vt 0.0132940002 0.339720994
vt 0.0595190004 0.342756003
vt 0.0731310025 0.235808
vt 0.0267360006 0.215790004
vt 0.0468889996 0.171535
vt 0.119967997 0.150161996
vt 0.072695002 0.131197006
vt 0.0883049965 0.111905999
vt 0.127492994 0.132762998
vt 0.186765 0.169576004
vt 0.183627993 0.185242996
vt 0.187371001 0.146348998
vt 0.121381 0.355051994
vt 0.220871001 0.194381997
vt 0.216836005 0.179747
vt 0.220440999 0.151719004
vt 0.216836005 0.179747
vt 0.246843994 0.201429993
vt 0.245307997 0.184549004
vt 0.285073012 0.214852005
vt 0.285546005 0.207852006
vt 0.318444014 0.226766005
vt 0.279994011 0.243534997
vt 0.312207997 0.258430988
vt 0.313275009 0.218351007
vt 0.307480007 0.264562011
vt 0.279107988 0.253619999
vt 0.255360991 0.243567005
vt 0.257867992 0.234319001
vt 0.226417005 0.224696994
vt 0.191027999 0.213881999
vt 0.224995002 0.230658993
vt 0.319283992 0.265864998
vt 0.309666991 0.29163599
vt 0.325607002 0.310782999
vt 0.316195011 0.312451005
vt 0.327078998 0.265682012
vt 0.379693002 0.266021013
vt 0.333525985 0.240078002
vt 0.340369999 0.234672993
vt 0.33712399 0.225362003
vt 0.326332986 0.233816996
vt 0.328969002 0.209854007
vt 0.380486012 0.206393003
vt 0.380326986 0.219126999
vt 0.380003989 0.233454004
vt 0.379563987 0.311080992
vt 0.331182986 0.336302012
vt 0.322890997 0.342090011
vt 0.303131014 0.326261014
vt 0.316965997 0.347858995
vt 0.335166007 0.351024002
vt 0.33849299 0.342065006
vt 0.379927993 0.348906994
vt 0.380430013 0.357553989
vt 0.381559998 0.366715014
vt 0.332533985 0.358716011
vt 0.379709005 0.343488008
vt 0.309666991 0.29163599
vt 0.306506991 0.343621999
vt 0.245320007 0.362381011
vt 0.294620007 0.353347003
vt 0.222911 0.402413994
vt 0.245848 0.39686799
vt 0.246919006 0.40318501
vt 0.311499 0.384534001
vt 0.301694989 0.397211999
vt 0.191946998 0.406774014
vt 0.333712012 0.396584988
vt 0.247741997 0.155502006
vt 0.220440999 0.151719004
vt 0.245307997 0.184549004
vt 0.277678996 0.157867998
vt 0.285546005 0.207852006
vt 0.318931013 0.158302993
vt 0.328969002 0.209854007
vt 0.313275009 0.218351007
vt 0.364728987 0.166409999
vt 0.380486012 0.206393003
vt 0.380196005 0.170040995
vt 0.144548997 0.250326991
vt 0.166959003 0.250770003
vt 0.185707003 0.259095013
vt 0.380178988 0.227815002
vt 0.313275009 0.218351007
vt 0.316195011 0.312451005
vt 0.309666991 0.29163599
vt 0.319283992 0.265864998
vt 0.324492007 0.928174019
vt 0.315807998 0.957540989
vt 0.316092014 0.926804006
vt 0.331588 0.930553019
vt 0.339760989 0.959046006
vt 0.315530986 0.981483996
vt 0.346498996 0.994783998
vt 0.369051009 0.995723009
vt 0.376206994 0.978187978
vt 0.376329988 0.996055007
vt 0.363559991 0.986184001
vt 0.354140997 0.966454029
vt 0.376156002 0.966735005
vt 0.375948012 0.951557994
vt 0.352995008 0.95135498
vt 0.353417009 0.945904016
vt 0.375851989 0.94571197
vt 0.362722993 0.917106986
vt 0.368910998 0.910678029
vt 0.375889003 0.933012009
vt 0.375773013 0.910206974
vt 0.562831998 0.938845992
vt 0.593922973 0.915221989
vt 0.582175016 0.949533999
vt 0.567644 0.915099025
vt 0.549188018 0.942519009
vt 0.54637301 0.914238989
vt 0.529798985 0.94807601
vt 0.565450013 0.96707201
vt 0.543640018 0.980988979
vt 0.52196002 0.916315973
vt 0.540233195 0.882175088
vt 0.49249655 0.919374108
vt 0.49589467 0.95244813
vt 0.471221 0.955833972
vt 0.461726993 0.924668014
vt 0.441341013 0.929214001
vt 0.458252013 0.958216012
vt 0.403757989 0.934917986
vt 0.444575995 0.983488023
vt 0.494143009 0.992384017
vt 0.471067995 0.99080497
vt 0.464993834 0.888608575
vt 0.49934119 0.880773544
vt 0.528620005 0.840651989
vt 0.498647004 0.844536006
vt 0.570237994 0.871931016
vt 0.563268006 0.83762902
vt 0.612069011 0.824809015
vt 0.617091 0.852324009
vt 0.467835009 0.847222984
vt 0.421828002 0.847145975
vt 0.429525346 0.883512259
vt 0.643993974 0.845728993
vt 0.642543018 0.818381011
vt 0.644527018 0.870392978
vt 0.618744016 0.875778973
vt 0.593786001 0.886146009
vt 0.602186978 0.815432012
vt 0.642958999 0.812017024
vt 0.623197019 0.756712019
vt 0.563268006 0.83762902
vt 0.467440993 0.843495011
vt 0.498118997 0.840934992
vt 0.497530997 0.836445987
vt 0.467700988 0.835618973
vt 0.525375009 0.832280517
vt 0.552631021 0.823625982
vt 0.577096999 0.815144002
vt 0.589416981 0.771233022
vt 0.558773994 0.69700402
vt 0.565886974 0.778777003
vt 0.54114902 0.707050979
vt 0.539022982 0.700836003
vt 0.5255 0.709963977
vt 0.522028029 0.701789975
vt 0.504149973 0.707252979
vt 0.503587008 0.697292984
vt 0.463335991 0.708280981
vt 0.464892 0.698556006
vt 0.557433009 0.691821992
vt 0.577206016 0.682730019
vt 0.571606994 0.678011
vt 0.445888996 0.703212023
vt 0.444175005 0.712536991
vt 0.429850996 0.709339976
vt 0.431989014 0.698242009
vt 0.462469995 0.712891996
vt 0.507140994 0.716316998
vt 0.507140994 0.716316998
vt 0.529136002 0.717351973
vt 0.434579998 0.72181499
vt 0.439054996 0.80043298
vt 0.443129003 0.717290998
vt 0.424163997 0.792934
vt 0.411924988 0.700922012
vt 0.391869009 0.785250008
vt 0.394062012 0.691154003
vt 0.358105004 0.77393198
vt 0.414074987 0.694621027
vt 0.398294985 0.684976995
vt 0.376507998 0.837628007
vt 0.352178991 0.833159029
vt 0.40376699 0.84068799
vt 0.422816008 0.843490005
vt 0.353087008 0.837776005
vt 0.376518011 0.841371
vt 0.370615005 0.868923008
vt 0.346688002 0.863247991
vt 0.402467012 0.844950974
vt 0.391833007 0.876715004
vt 0.388886005 0.907151997
vt 0.365788013 0.892319977
vt 0.341784 0.886806011
vt 0.467700988 0.835618973
vt 0.439054996 0.80043298
vt 0.388886005 0.907151997
vt 0.431989014 0.698242009
vt 0.593786001 0.886146009
vt 0.568940997 0.893514991
vt 0.593786001 0.886146009
vt 0.617770016 0.646963
vt 0.611375988 0.642019987
vt 0.617748022 0.642130017
vt 0.611203015 0.646923006
vt 0.609067023 0.643432021
vt 0.609198987 0.636080027
vt 0.611625016 0.636134982
vt 0.615054011 0.624861002
vt 0.617675006 0.63627702
vt 0.620172977 0.63607198
vt 0.620045006 0.643616974
vt 0.620172977 0.63607198
vt 0.609198987 0.636080027
vt 0.60335499 0.630083025
vt 0.614238024 0.624605
vt 0.636524975 0.648681998
vt 0.630060971 0.642481029
vt 0.63676703 0.643088996
vt 0.629575014 0.647585988
vt 0.627799988 0.643604994
vt 0.628219008 0.635496974
vt 0.630873024 0.636318982
vt 0.635291994 0.62470299
vt 0.639352024 0.645101011
vt 0.639927983 0.636695981
vt 0.637197971 0.636943996
vt 0.635291994 0.62470299
vt 0.639927983 0.636695981
vt 0.628219008 0.635496974
vt 0.622493982 0.628787994
vt 0.634545982 0.624297976
vt 0.660391986 0.649667978
vt 0.652958989 0.642365992
vt 0.660284996 0.64260298
vt 0.652433991 0.649434984
vt 0.649869025 0.644313991
vt 0.650325 0.63489002
vt 0.653331995 0.63558197
vt 0.657344997 0.622381985
vt 0.663244009 0.644719005
vt 0.663374007 0.635343015
vt 0.660363019 0.635803998
vt 0.657344997 0.622381985
vt 0.663374007 0.635343015
vt 0.650325 0.63489002
vt 0.643455982 0.627894998
vt 0.656473994 0.621982992
vt 0.616138995 0.608372986
vt 0.606972992 0.602135003
vt 0.620721996 0.591787994
vt 0.627139986 0.608424008
vt 0.619385004 0.608493984
vt 0.623156011 0.592797995
vt 0.616138995 0.608372986
vt 0.619617999 0.612814009
vt 0.616748989 0.614969015
vt 0.619518995 0.619782984
vt 0.62726301 0.619678974
vt 0.626978993 0.612737
vt 0.630339026 0.608242989
vt 0.623156011 0.592797995
vt 0.629898012 0.614804983
vt 0.645264983 0.619903028
vt 0.642355978 0.616864026
vt 0.645352006 0.617496014
vt 0.64012599 0.621013999
vt 0.648406029 0.61707598
vt 0.650367022 0.621369004
vt 0.645465016 0.614369988
vt 0.64943397 0.614804983
vt 0.641471982 0.61453402
vt 0.638324976 0.616168976
vt 0.638975024 0.607795
vt 0.641964972 0.608590007
vt 0.64409399 0.602104008
vt 0.645651996 0.608313024
vt 0.64585799 0.602068007
vt 0.647611976 0.602226019
vt 0.649344027 0.608808994
vt 0.652647018 0.608147979
vt 0.652647018 0.608147979
vt 0.648877978 0.601309001
vt 0.652472019 0.616630018
vt 0.646048009 0.596677005
vt 0.646048009 0.596677005
vt 0.638975024 0.607795
vt 0.642889977 0.601107001
vt 0.646048009 0.596677005
vt 0.638975024 0.607795
vt 0.639975011 0.597317994
vt 0.642889977 0.601107001
vt 0.63233602 0.598939002
vt 0.642889977 0.601107001
vt 0.64526403 0.596261024
vt 0.528945029 0.696627975
vt 0.559014976 0.671627998
vt 0.562469006 0.679627001
vt 0.518805027 0.690752983
vt 0.577171981 0.66028899
vt 0.581116974 0.666768014
vt 0.551817 0.654924989
vt 0.572117984 0.652427971
vt 0.569339991 0.644625008
vt 0.556846023 0.648051023
vt 0.579523027 0.649133027
vt 0.577704012 0.641537011
vt 0.588077009 0.643016994
vt 0.590156972 0.646782994
vt 0.58140099 0.653123021
vt 0.585305989 0.660372972
vt 0.587886989 0.663278997
vt 0.584914029 0.650915027
vt 0.591587007 0.648007989
vt 0.583617985 0.656605005
vt 0.521915972 0.642777979
vt 0.537132025 0.644080997
vt 0.508207977 0.682735026
vt 0.533834994 0.614091992
vt 0.542362988 0.620227993
vt 0.551469982 0.643476009
vt 0.551690996 0.621878982
vt 0.522512019 0.609100997
vt 0.509039998 0.607558012
vt 0.499978006 0.640958011
vt 0.481801987 0.68412298
vt 0.482019991 0.641001999
vt 0.48448199 0.610900998
vt 0.496758997 0.60847199
vt 0.473946005 0.615904987
vt 0.467290014 0.62096101
vt 0.467543989 0.641726017
vt 0.460018992 0.623430014
vt 0.47547701 0.607475996
vt 0.476702988 0.606697023
vt 0.481433004 0.589142978
vt 0.490556985 0.587109983
vt 0.501371026 0.600264013
vt 0.496564001 0.584470987
vt 0.474045008 0.589846015
vt 0.476702988 0.606697023
vt 0.456126988 0.607734025
vt 0.460018992 0.623430014
vt 0.454948992 0.644107997
vt 0.460438997 0.673771024
vt 0.450919002 0.611222029
vt 0.492839992 0.576788008
vt 0.486818999 0.577467978
vt 0.474263996 0.580688
vt 0.48021701 0.578364015
vt 0.447459012 0.60442102
vt 0.450740993 0.60067302
vt 0.487094015 0.569311976
vt 0.484816015 0.573051989
vt 0.477070004 0.571417987
vt 0.480394006 0.573292971
vt 0.487094015 0.569311976
vt 0.446534008 0.596343994
vt 0.446534008 0.596343994
vt 0.448419988 0.596558988
vt 0.452048987 0.593474984
vt 0.452522993 0.590537012
vt 0.486205995 0.580343008
vt 0.481674999 0.580892026
vt 0.535526574 0.499671668
vt 0.511147022 0.532258987
vt 0.517917991 0.498495996
vt 0.52451098 0.53678602
vt 0.526386976 0.481294006
vt 0.534930408 0.48264572
vt 0.540904999 0.48359099
vt 0.533965468 0.475989997
vt 0.539982975 0.476974994
vt 0.537841022 0.47033
vt 0.533707023 0.470380008
vt 0.545229018 0.474584013
vt 0.540919006 0.467427999
vt 0.538484991 0.463340998
vt 0.54757297 0.481673002
vt 0.553906024 0.490785003
vt 0.547334015 0.500460029
vt 0.531485975 0.467034996
vt 0.527948022 0.475005001
vt 0.548825026 0.522949994
vt 0.567955971 0.515250981
vt 0.562061012 0.500765979
vt 0.553906024 0.490785003
vt 0.560530007 0.489888996
vt 0.59760201 0.487208009
vt 0.585704029 0.481900007
vt 0.560530007 0.489888996
vt 0.576689005 0.475243986
vt 0.574056983 0.536023974
vt 0.613606989 0.513934016
vt 0.606037021 0.498995006
vt 0.615751982 0.527704
vt 0.615059018 0.541418016
vt 0.577775002 0.551594019
vt 0.612495005 0.556190014
vt 0.606406987 0.563768029
vt 0.580487013 0.564234972
vt 0.609749973 0.484883994
vt 0.608916998 0.483770013
vt 0.620783985 0.552320004
vt 0.602115989 0.571249008
vt 0.63310498 0.540247977
vt 0.63398701 0.532985985
vt 0.636247993 0.527864993
vt 0.625918984 0.518777013
vt 0.633768022 0.54557699
vt 0.623044014 0.567991018
vt 0.626892984 0.56458497
vt 0.620477021 0.553708971
vt 0.619113982 0.573284984
vt 0.616468012 0.578082979
vt 0.602115989 0.571249008
vt 0.64103502 0.534241974
vt 0.643954992 0.529861987
vt 0.640190005 0.540473998
vt 0.633768022 0.54557699
vt 0.642003 0.545440972
vt 0.627928972 0.572400987
vt 0.632494986 0.569836974
vt 0.624540985 0.577157021
vt 0.623376012 0.58187902
vt 0.64706701 0.536036015
vt 0.651364982 0.533769011
vt 0.650066972 0.542962015
vt 0.646372974 0.540446997
vt 0.632794023 0.576731026
vt 0.636067986 0.576897979
vt 0.630517006 0.580604017
vt 0.631177008 0.583981991
vt 0.631177008 0.583981991
vt 0.620783985 0.552320004
vt 0.550604999 0.565204024
vt 0.539642453 0.573623002
vt 0.538804531 0.561223507
vt 0.553689003 0.573403001
vt 0.539642453 0.573623002
vt 0.553689003 0.573403001
vt 0.580487013 0.564234972
vt 0.538804531 0.561223507
vt 0.534624994 0.547824025
vt 0.551469982 0.643476009
vt 0.556846023 0.648051023
vt 0.538484991 0.463340998
vt 0.539578974 0.464276999
vt 0.513907015 0.562086999
vt 0.521610975 0.567003012
vt 0.516557992 0.565554976
vt 0.525466979 0.563728988
vt 0.521670997 0.572730005
vt 0.53017199 0.57437402
vt 0.523093998 0.586275995
vt 0.519698024 0.575915992
vt 0.514361024 0.574594021
vt 0.512018025 0.585599005
vt 0.529537976 0.604008973
vt 0.501371026 0.600264013
vt 0.503782988 0.584004998
vt 0.506503999 0.572360992
vt 0.514187992 0.570856988
vt 0.513907015 0.562086999
vt 0.516557992 0.565554976
vt 0.530665994 0.604761004
vt 0.529537976 0.604008973
vt 0.531008005 0.586039007
vt 0.546927989 0.599054992
vt 0.540919006 0.593554974
vt 0.553686976 0.603977025
vt 0.560467005 0.608335018
vt 0.565946996 0.598384023
vt 0.559778988 0.594774008
vt 0.548704982 0.585418999
vt 0.55450201 0.589434028
vt 0.558512986 0.592736006
vt 0.561176002 0.590764999
vt 0.56803602 0.586781025
vt 0.556056023 0.586072981
vt 0.558520973 0.579271972
vt 0.562605977 0.587728024
vt 0.562605977 0.587728024
vt 0.55923301 0.583831012
vt 0.558520973 0.579271972
vt 0.55923301 0.583831012
vt 0.56803602 0.586781025
vt 0.55923301 0.583831012
vt 0.558520973 0.579271972
vt 0.59760201 0.487208009
vt 0.624674022 0.487053007
vt 0.626809001 0.493039995
vt 0.609749973 0.484883994
vt 0.630192995 0.501742005
vt 0.63340199 0.507155001
vt 0.625918984 0.518777013
vt 0.634257972 0.490525991
vt 0.634851992 0.484479994
vt 0.637573004 0.497554988
vt 0.642343998 0.501046002
vt 0.644813001 0.492660999
vt 0.642575979 0.487524986
vt 0.645054996 0.483907998
vt 0.649299026 0.493027002
vt 0.634851992 0.484479994
vt 0.625918984 0.518777013
vt 0.597563028 0.451784015
vt 0.606824994 0.448442996
vt 0.602707028 0.453669995
vt 0.596198022 0.445134997
vt 0.595218003 0.458719999
vt 0.589573026 0.45330599
vt 0.586256981 0.463613003
vt 0.592787981 0.466230005
vt 0.600470006 0.46854499
vt 0.606549978 0.469565004
vt 0.602088988 0.460586995
vt 0.608551979 0.458786011
vt 0.596198022 0.445134997
vt 0.606824994 0.448442996
vt 0.612495005 0.556190014
vt 0.620477021 0.553708971
vt 0.47547701 0.607475996
vt 0.461782008 0.60294801
vt 0.466542989 0.598017991
vt 0.460285991 0.593416989
vt 0.455882996 0.596553981
vt 0.452522993 0.590537012
vt 0.452048987 0.593474984
vt 0.453189999 0.602026999
vt 0.456636012 0.599213004
vt 0.606549978 0.469565004
vt 0.608916998 0.483770013
vt 0.59760201 0.487208009
vt 0.53017199 0.57437402
vt 0.589401007 0.659820974
vt 0.59610498 0.657000005
vt 0.587886989 0.663278997
vt 0.501371026 0.600264013
vt 0.460438997 0.673771024
vt 0.47064501 0.688269019
vt 0.461885512 0.689031482
vt 0.552057028 0.802774012
vt 0.518455625 0.823524177
vt 0.553417981 0.782416999
vt 0.541539013 0.720457971
vt 0.52907902 0.717489004
vt 0.529136002 0.717351973
vt 0.5255 0.709963977
vt 0.52907902 0.717489004
vt 0.455543011 0.768916011
vt 0.492828012 0.807718992
vt 0.451321989 0.774737
vt 0.485816002 0.79648298
vt 0.449286014 0.763018012
vt 0.448906988 0.76286298
vt 0.43531999 0.760119975
vt 0.446357012 0.74890399
vt 0.436363012 0.748602986
vt 0.443663001 0.731921971
vt 0.463611007 0.727268994
vt 0.457803011 0.720470011
vt 0.468225986 0.715739012
vt 0.475708008 0.725197971
vt 0.486808985 0.725911021
vt 0.478154004 0.727427006
vt 0.483364999 0.730984986
vt 0.528239012 0.75424999
vt 0.486808985 0.725911021
vt 0.486808985 0.725911021
vt 0.532673001 0.751327991
vt 0.541630983 0.781920016
vt 0.550719976 0.784967005
vt 0.547617972 0.803273022
vt 0.532589972 0.799385011
vt 0.531093001 0.813174009
vt 0.517331123 0.802583218
vt 0.492828012 0.807718992
vt 0.541630983 0.781920016
vt 0.528239012 0.75424999
vt 0.379714996 0.590251029
vt 0.342804998 0.637332976
vt 0.339221001 0.629867971
vt 0.386902988 0.593392015
vt 0.375741988 0.514707983
vt 0.382845014 0.511541009
vt 0.358897001 0.489585012
vt 0.362177998 0.48438701
vt 0.349979013 0.548327029
vt 0.352299005 0.570156991
vt 0.326270014 0.579860985
vt 0.338194996 0.565171003
vt 0.319225997 0.567081988
vt 0.325197011 0.551810026
vt 0.336825997 0.549543977
vt 0.341859013 0.551789999
vt 0.342871994 0.495997012
vt 0.343172014 0.487906992
vt 0.312370002 0.495885015
vt 0.311940998 0.487713009
vt 0.282454997 0.488274992
vt 0.281859994 0.496363014
vt 0.307563007 0.528666973
vt 0.318890005 0.528604984
vt 0.313089013 0.534879029
vt 0.296249002 0.535966992
vt 0.342642993 0.482432991
vt 0.362177998 0.48438701
vt 0.312305003 0.482219011
vt 0.330312997 0.535951018
vt 0.323430002 0.542877972
vt 0.341859013 0.551789999
vt 0.338194996 0.565171003
vt 0.313089013 0.534879029
vt 0.312830001 0.549498022
vt 0.306246996 0.567092001
vt 0.302242994 0.542883992
vt 0.300074011 0.551854014
vt 0.313089013 0.534879029
vt 0.28847 0.549080014
vt 0.283001006 0.550791025
vt 0.286664009 0.565060019
vt 0.286664009 0.565060019
vt 0.313055009 0.581342995
vt 0.311957985 0.636826992
vt 0.300282001 0.579291999
vt 0.285613 0.629696012
vt 0.311760008 0.645323992
vt 0.281601012 0.637461007
vt 0.237799004 0.593533993
vt 0.274455011 0.57011199
vt 0.244937003 0.590188026
vt 0.248861 0.514988005
vt 0.278708994 0.548798978
vt 0.266752988 0.490155011
vt 0.262533009 0.484688014
vt 0.281998992 0.482710004
vt 0.241751 0.511748016
vt 0.237799004 0.593533993
vt 0.241751 0.511748016
vt 0.283001006 0.550791025
vt 0.286664009 0.565060019
vt 0.928559005 0.161103994
vt 0.940256 0.171827003
vt 0.930981994 0.174054995
vt 0.913462996 0.0132889999
vt 0.963672996 0.154767007
vt 0.963640988 0.036564
vt 0.919106007 0.162040994
vt 0.865024984 0.0504250005
vt 0.898151994 0.184306994
vt 0.96706301 0.0327540003
vt 0.912524998 0.00597700011
vt 0.912524998 0.00597700011
vt 0.974080026 0.154847994
vt 0.989670992 0.0559180006
vt 0.989214003 0.168383002
vt 0.993589997 0.0539800003
vt 0.993589997 0.160907999
vt 0.976154029 0.168794006
vt 0.919975996 0.177221
vt 0.898151994 0.184306994
vt 0.878244996 0.175409004
vt 0.841148019 0.0769909993
vt 0.867875993 0.178339005
vt 0.860732973 0.0473809987
vt 0.912524998 0.00597700011
vt 0.837007999 0.0757500008
vt 0.882472992 0.190539002
vt 0.85551703 0.1875
vt 0.87033999 0.196651995
vt 0.856661022 0.203465998
vt 0.846138 0.160620004
vt 0.851437986 0.203931004
vt 0.84946698 0.175973997
vt 0.856661022 0.203465998
vt 0.963527024 0.169590995
vt 0.85551703 0.1875
vt 0.84946698 0.175973997
vt 0.846138 0.160620004
vt 0.149678007 0.0400799997
vt 0.165613994 0.0128840003
vt 0.169164002 0.0442089997
vt 0.179086 0.0745560005
vt 0.189971 0.0468429998
vt 0.201581001 0.0680989996
vt 0.179496005 0.104372002
vt 0.180421993 0.119998001
vt 0.131604001 0.0303089991
vt 0.165613994 0.0128840003
vt 0.133583993 0.0552019998
vt 0.113077998 0.0425250009
vt 0.132153004 0.0847299993
vt 0.113077998 0.112544
vt 0.0476190001 0.467709988
vt 0.033716999 0.46905601
vt 0.0350079983 0.464855999
vt 0.0462649986 0.470470011
vt 0.0321759991 0.473430008
vt 0.0463900007 0.472481996
vt 0.0318019986 0.476440996
vt 0.0468989983 0.474985987
vt 0.0329530016 0.480008006
vt 0.0475389995 0.47813499
vt 0.0354590006 0.484210998
vt 0.0481299981 0.480378985
vt 0.0373869985 0.48773101
vt 0.04868 0.48299101
vt 0.0645880029 0.474662006
vt 0.0645880029 0.474662006
vt 0.00965499971 0.466381013
vt 0.010307 0.461371988
vt 0.00758400001 0.479122013
vt 0.00820400007 0.473663986
vt 0.00872499961 0.484609008
vt 0.0117499996 0.491430998
vt 0.0139189996 0.496071011
vt 0.253643006 0.764912009
vt 0.276659012 0.751827002
vt 0.262546986 0.770449996
vt 0.267894 0.747018993
vt 0.276659012 0.751827002
vt 0.233612001 0.746613979
vt 0.246320993 0.724834979
vt 0.227403998 0.754006982
vt 0.246561006 0.771785975
vt 0.257178992 0.778450012
vt 0.262546986 0.770449996
vt 0.212641001 0.735391974
vt 0.208465993 0.74337697
vt 0.173327997 0.728653014
vt 0.172619 0.738063991
vt 0.271239012 0.72201401
vt 0.254453003 0.717993975
vt 0.222690001 0.724694014
vt 0.237119004 0.719084978
vt 0.218951002 0.715448976
vt 0.215188995 0.731383979
vt 0.218735993 0.709416986
vt 0.208996996 0.716066003
vt 0.209406003 0.705202997
vt 0.197329 0.711077988
vt 0.193827003 0.708388984
vt 0.169078007 0.725661993
vt 0.204877004 0.699801981
vt 0.218969002 0.695146024
vt 0.209379002 0.696838975
vt 0.239767 0.708166003
vt 0.251152009 0.707916021
vt 0.262802005 0.704436004
vt 0.278120995 0.697157979
vt 0.256552011 0.686860025
vt 0.286377013 0.689047992
vt 0.270747989 0.705392003
vt 0.274726987 0.711969018
vt 0.284633994 0.698734999
vt 0.274726987 0.711969018
vt 0.292847008 0.687232971
vt 0.285418004 0.712692976
vt 0.314040989 0.70430398
vt 0.308436006 0.710519016
vt 0.288051993 0.691654027
vt 0.308436006 0.710519016
vt 0.294064999 0.729151011
vt 0.294064999 0.729151011
vt 0.284633994 0.698734999
vt 0.294064999 0.729151011
vt 0.287075013 0.722593009
vt 0.276659012 0.751827002
vt 0.279247999 0.728300989
vt 0.287075013 0.722593009
vt 0.276659012 0.751827002
vt 0.285418004 0.712692976
vt 0.253643006 0.764912009
vt 0.267894 0.747018993
vt 0.233612001 0.746613979
vt 0.246320993 0.724834979
vt 0.227403998 0.754006982
vt 0.246561006 0.771785975
vt 0.257178992 0.778450012
vt 0.262546986 0.770449996
vt 0.212641001 0.735391974
vt 0.208465993 0.74337697
vt 0.173327997 0.728653014
vt 0.172619 0.738063991
vt 0.276659012 0.751827002
vt 0.279247999 0.728300989
vt 0.271239012 0.72201401
vt 0.254453003 0.717993975
vt 0.222690001 0.724694014
vt 0.237119004 0.719084978
vt 0.218951002 0.715448976
vt 0.218735993 0.709416986
vt 0.208996996 0.716066003
vt 0.209406003 0.705202997
vt 0.197329 0.711077988
vt 0.193827003 0.708388984
vt 0.169078007 0.725661993
vt 0.204877004 0.699801981
vt 0.218969002 0.695146024
vt 0.209379002 0.696838975
vt 0.217236996 0.690379977
vt 0.25604099 0.681325018
vt 0.256552011 0.686860025
vt 0.206401005 0.694446981
vt 0.239767 0.708166003
vt 0.251152009 0.707916021
vt 0.256552011 0.686860025
vt 0.278120995 0.697157979
vt 0.286377013 0.689047992
vt 0.262802005 0.704436004
vt 0.270747989 0.705392003
vt 0.274726987 0.711969018
vt 0.284633994 0.698734999
vt 0.274726987 0.711969018
vt 0.292847008 0.687232971
vt 0.314040989 0.70430398
vt 0.288051993 0.691654027
vt 0.308436006 0.710519016
vt 0.308436006 0.710519016
vt 0.284633994 0.698734999
vt 0.294064999 0.729151011
vt 0.173681006 0.692999005
vt 0.184875995 0.672120988
vt 0.176690996 0.697372019
vt 0.179995 0.665493011
vt 0.184095994 0.645660996
vt 0.177414998 0.653294981
vt 0.184095994 0.645660996
vt 0.177414998 0.653294981
vt 0.173681006 0.656638026
vt 0.218969002 0.695146024
vt 0.25604099 0.681325018
vt 0.256552011 0.686860025
vt 0.217236996 0.690379977
vt 0.206401005 0.694446981
vt 0.292847008 0.687232971
vt 0.25604099 0.681325018
vt 0.286377013 0.689047992
vt 0.206136003 0.726180971
vt 0.170502007 0.732982993
vt 0.600607991 0.926536024
vt 0.621921003 0.916274011
vt 0.618821979 0.930220008
vt 0.629670024 0.926967978
vt 0.624040008 0.952273011
vt 0.599946022 0.934186995
vt 0.606975019 0.95203799
vt 0.628956974 0.96479398
vt 0.62252301 0.977394998
vt 0.625245988 0.976704001
vt 0.63034898 0.952874005
vt 0.591616988 0.957717001
vt 0.583423972 0.971436024
vt 0.590619028 0.948870003
vt 0.591297984 0.969368994
vt 0.576524019 0.972198009
vt 0.579034984 0.990222991
vt 0.568224013 0.989076972
vt 0.576799989 0.994506001
vt 0.56378299 0.993799984
vt 0.593905985 0.990225971
vt 0.609053016 0.989403009
vt 0.599924982 0.968196988
vt 0.620284021 0.986352026
vt 0.605953991 0.967288971
vt 0.600615025 0.957450986
vt 0.596530974 0.958234012
vt 0.593192995 0.948800981
vt 0.614750981 0.994506001
vt 0.59492898 0.994167984
vt 0.576799989 0.994506001
vt 0.614750981 0.994506001
vt 0.628391981 0.991367996
vt 0.564078987 0.985216975
vt 0.576524019 0.972198009
vt 0.56378299 0.993799984
vt 0.557003021 0.987509012
vt 0.620284021 0.986352026
vt 0.631762981 0.984692991
vt 0.628391981 0.991367996
vt 0.666462004 0.565536976
vt 0.673852026 0.674781978
vt 0.806962013 0.657203019
vt 0.527948022 0.475005001
vt 0.531485975 0.467034996
vt 0.86026299 0.966529012
vt 0.858260989 0.972977996
vt 0.853671014 0.968089998
vt 0.855566978 0.96172899
vt 0.849020004 0.963144004
vt 0.847145975 0.969640017
vt 0.851688981 0.97468102
vt 0.867549002 0.965002
vt 0.863288999 0.978469014
vt 0.857746005 0.954549015
vt 0.843783021 0.957835019
vt 0.83989799 0.971427977
vt 0.849493027 0.982026994
vt 0.0838420019 0.440483987
vt 0.0638310015 0.423456013
vt 0.0647630021 0.439637989
vt 0.0838420019 0.42425999
vt 0.0183739997 0.421905994
vt 0.0174070001 0.438066006
vt 0.0840609968 0.462020993
vt 0.102633998 0.444408
vt 0.102701001 0.463072985
vt 0.0840609968 0.442840993
vt 0.153557003 0.451584011
vt 0.154067993 0.467873007
vt 0.138852999 0.761624992
vt 0.128273994 0.725389004
vt 0.128076002 0.765752017
vt 0.137748003 0.726014018
vt 0.119433001 0.724840999
vt 0.116888002 0.76256001
vt 0.110762 0.724281013
vt 0.106348 0.758135021
vt 0.129927263 0.69502598
vt 0.140076727 0.695661843
vt 0.148534998 0.726617992
vt 0.148423001 0.752753973
vt 0.151354164 0.696595967
vt 0.159240007 0.727217972
vt 0.158525005 0.754993021
vt 0.148423001 0.752753973
vt 0.138852999 0.761624992
vt 0.162260145 0.698015451
vt 0.112580866 0.694044471
vt 0.102688998 0.693279624
vt 0.101014003 0.723482013
vt 0.106348 0.758135021
vt 0.0959089994 0.752218008
vt 0.131522 0.664726019
vt 0.142541006 0.665897012
vt 0.135658994 0.625068009
vt 0.146613002 0.625992
vt 0.154802993 0.667437017
vt 0.157661006 0.626293004
vt 0.166301996 0.669228017
vt 0.167990997 0.626136005
vt 0.126721993 0.624144018
vt 0.122465 0.664537013
vt 0.119027004 0.62273401
vt 0.114046998 0.66398102
vt 0.110234998 0.620530009
vt 0.103704996 0.663218975
vt 0.140720993 0.591322005
vt 0.147138 0.591540992
vt 0.153360993 0.590695024
vt 0.159213006 0.589037001
vt 0.123911999 0.585586011
vt 0.129105002 0.588024974
vt 0.134618998 0.589985013
vt 0.135658994 0.625068009
vt 0.145209998 0.548822999
vt 0.145209998 0.548822999
vt 0.145209998 0.548822999
vt 0.145209998 0.548822999
vt 0.145209998 0.548822999
vt 0.145209998 0.548822999
vt 0.121156767 0.694589794
vt 0.0767500028 0.51107198
vt 0.101845004 0.487186998
vt 0.0786359981 0.481772006
vt 0.0926399976 0.515565991
vt 0.0531250015 0.490610003
vt 0.0576790012 0.51166302
vt 0.0341130011 0.516340017
vt 0.0293150004 0.500051975
vt 0.084183 0.569285989
vt 0.0701280013 0.568048
vt 0.0536459982 0.567101002
vt 0.036226999 0.565810025
vt 0.0138069997 0.521808028
vt 0.00871799979 0.506911993
vt 0.0293150004 0.500051975
vt 0.0158500001 0.564460993
vt 0.0972819999 0.571235001
vt 0.0787459984 0.600516021
vt 0.0686630011 0.600417972
vt 0.0530590005 0.599995017
vt 0.0316150002 0.599330008
vt 0.0530590005 0.599995017
vt 0.0536459982 0.567101002
vt 0.0133100003 0.594926
vt 0.0908640027 0.602330029
vt 0.067948997 0.612984002
vt 0.0772769973 0.614444017
vt 0.0525089987 0.617751002
vt 0.0530590005 0.599995017
vt 0.0297020003 0.615729988
vt 0.00819099974 0.610840976
vt 0.0874269977 0.616882026
vt 0.109692998 0.607234001
vt 0.0972819999 0.571235001
vt 0.103661001 0.626897991
vt 0.0741679966 0.63666898
vt 0.0645229965 0.635029018
vt 0.0499400012 0.630950987
vt 0.101260997 0.640254021
vt 0.0838200003 0.638318002
vt 0.0287650004 0.623988986
vt 0.0499400012 0.630950987
vt 0.00492000021 0.622183979
vt 0.0674770027 0.663402021
vt 0.0560230017 0.661532998
vt 0.0423449986 0.657455027
vt 0.0499400012 0.630950987
vt 0.0240819994 0.652167976
vt 0.00549399992 0.650048971
vt 0.094430998 0.669574022
vt 0.0799330026 0.666059017
vt 0.0546449982 0.715308011
vt 0.0437919982 0.712131977
vt 0.0313480012 0.709073007
vt 0.0423449986 0.657455027
vt 0.0178089999 0.707343996
vt 0.0042059999 0.707895994
vt 0.0765430033 0.722037971
vt 0.065086998 0.718466997
vt 0.0381180011 0.772513986
vt 0.0309130009 0.770844996
vt 0.0236820001 0.769770026
vt 0.0163160004 0.769289017
vt 0.00886499975 0.769411981
vt 0.0521349981 0.777719975
vt 0.0452359989 0.774833977
vt 0.028066 0.807641029
vt 0.0239460003 0.806591988
vt 0.0198299997 0.805985987
vt 0.0156839993 0.805809021
vt 0.0114280004 0.806087971
vt 0.0360400006 0.810985029
vt 0.0321220011 0.809121013
vt 0.0170370005 0.841908991
vt 0.0170370005 0.841908991
vt 0.0170370005 0.841908991
vt 0.0170370005 0.841908991
vt 0.0170370005 0.841908991
vt 0.0170370005 0.841908991
vt 0.121179998 0.509495974
vt 0.129823998 0.536037982
vt 0.141156003 0.524304986
vt 0.110701002 0.523932993
vt 0.101845004 0.487186998
vt 0.116391003 0.576237977
vt 0.0972819999 0.571235001
vt 0.809422016 0.945573986
vt 0.812308013 0.965439975
vt 0.812898993 0.945885003
vt 0.816098988 0.964945018
vt 0.816338003 0.946376026
vt 0.812898993 0.945885003
vt 0.812308013 0.965439975
vt 0.816578984 0.973460972
vt 0.812222004 0.973058999
vt 0.809085011 0.965587974
vt 0.809422016 0.945573986
vt 0.812014997 0.981797993
vt 0.802923024 0.946286976
vt 0.809085011 0.965587974
vt 0.809085011 0.965587974
vt 0.80895102 0.972784996
vt 0.808501005 0.981245995
vt 0.812014997 0.981797993
vt 0.815761983 0.98258698
vt 0.812192976 0.993619025
vt 0.815958023 0.992536008
vt 0.807676017 0.99417901
vt 0.812014997 0.981797993
vt 0.807676017 0.99417901
vt 0.798323989 0.946260989
vt 0.802209973 0.964818001
vt 0.802923024 0.946286976
vt 0.797788978 0.964468002
vt 0.796989977 0.972413003
vt 0.801586986 0.972929001
vt 0.796369016 0.981137991
vt 0.80123502 0.981693029
vt 0.795201004 0.990989983
vt 0.799808025 0.991566002
vt 0.802923024 0.946286976
vt 0.802209973 0.964818001
vt 0.809085011 0.965587974
vt 0.801586986 0.972929001
vt 0.80895102 0.972784996
vt 0.809085011 0.965587974
vt 0.80123502 0.981693029
vt 0.808501005 0.981245995
vt 0.807676017 0.99417901
vt 0.799808025 0.991566002
vt 0.987694025 0.717104971
vt 0.977795005 0.710352004
vt 0.953514993 0.733503997
vt 0.997919977 0.690802991
vt 0.985037029 0.687528014
vt 0.987675011 0.664508998
vt 0.979564011 0.668718994
vt 0.953514993 0.648069978
vt 0.390311003 0.142949998
vt 0.316080004 0.012232
vt 0.321889997 0.146467999
vt 0.376139998 0.0386510007
vt 0.289094001 0.011953
vt 0.281796008 0.146303996
vt 0.228503004 0.0379710011
vt 0.213165998 0.142160997
vt 0.228503004 0.0379710011
vt 0.286233991 0.00634900015
vt 0.222870007 0.034816999
vt 0.289094001 0.011953
vt 0.319063991 0.00672800001
vt 0.316080004 0.012232
vt 0.381796002 0.0355539992
vt 0.376139998 0.0386510007
vt 0.376139998 0.0386510007
vt 0.397040009 0.143021002
vt 0.381796002 0.0355539992
vt 0.390311003 0.142949998
vt 0.228503004 0.0379710011
vt 0.206424996 0.142141998
vt 0.213165998 0.142160997
vt 0.222870007 0.034816999
vt 0.0502430014 0.0106939999
vt 0.0666339993 0.0795800015
vt 0.0652720034 0.0106929997
vt 0.0488899983 0.0795790032
vt 0.100377999 0.080606997
vt 0.0978920013 0.0252240002
vt 0.0176289994 0.0252279993
vt 0.0151479999 0.080606997
vt 0.769455016 0.262387007
vt 0.780093014 0.248192996
vt 0.772845984 0.246375993
vt 0.779468 0.263280004
vt 0.781454027 0.223426998
vt 0.772280991 0.28174001
vt 0.763952971 0.243492007
vt 0.769455016 0.262387007
vt 0.778708994 0.282687008
vt 0.779468 0.263280004
vt 0.785854995 0.282074988
vt 0.789421022 0.263146013
vt 0.787428975 0.247063994
vt 0.780093014 0.248192996
vt 0.796428978 0.245022997
vt 0.781454027 0.223426998
vt 0.778976023 0.290836006
vt 0.804264009 0.266104013
vt 0.815407991 0.250319004
vt 0.807474971 0.248539001
vt 0.815137029 0.266741008
vt 0.816217005 0.223341003
vt 0.807779014 0.287602007
vt 0.797724009 0.245648995
vt 0.825909972 0.266377002
vt 0.823355019 0.248889998
vt 0.833083987 0.246429995
vt 0.822544992 0.287681013
vt 0.814787984 0.287506014
vt 0.816217005 0.223341003
vt 0.815407991 0.250319004
vt 0.815137029 0.266741008
vt 0.814787984 0.287506014
vt 0.815268993 0.296674997
vt 0.840816975 0.266820997
vt 0.852591991 0.251403004
vt 0.844686985 0.249337003
vt 0.851731002 0.267912
vt 0.854345024 0.224335998
vt 0.844173014 0.286639988
vt 0.834998012 0.246086001
vt 0.850659013 0.288654
vt 0.851731002 0.267912
vt 0.858440995 0.286909997
vt 0.862637997 0.267865986
vt 0.860628009 0.250247002
vt 0.852591991 0.251403004
vt 0.854345024 0.224335998
vt 0.870492995 0.248108
vt 0.862637997 0.267865986
vt 0.85125798 0.295630008
vt 0.850659013 0.288654
vt 0.693513989 0.920049012
vt 0.718239009 0.954135001
vt 0.706592023 0.920544028
vt 0.700483978 0.955572009
vt 0.698563993 0.90645498
vt 0.680727959 0.897583485
vt 0.685835004 0.921631992
vt 0.672726989 0.905390978
vt 0.733929992 0.950717986
vt 0.722266018 0.91790098
vt 0.714197993 0.900810003
vt 0.740247011 0.900317013
vt 0.742173016 0.920660973
vt 0.750846982 0.945527017
vt 0.719875991 0.870802999
vt 0.74387598 0.875971973
vt 0.750410974 0.841351986
vt 0.72588098 0.836795986
vt 0.738759995 0.771524012
vt 0.715430975 0.76868999
vt 0.702480018 0.829403996
vt 0.762094021 0.772970021
vt 0.773806989 0.845799029
vt 0.783604026 0.774161994
vt 0.795800984 0.849216998
vt 0.805835009 0.772849023
vt 0.820804 0.85067302
vt 0.83099103 0.768238008
vt 0.810886979 0.747456014
vt 0.836019993 0.748045981
vt 0.837243974 0.729649007
vt 0.811837018 0.725962996
vt 0.80766499 0.702283025
vt 0.78915 0.724830985
vt 0.784500003 0.700802028
vt 0.776651978 0.658945978
vt 0.756026506 0.665522397
vt 0.761057973 0.702189028
vt 0.732663453 0.668953001
vt 0.736181974 0.703248024
vt 0.707342565 0.670915663
vt 0.709785998 0.705118001
vt 0.685125709 0.674655378
vt 0.686783016 0.711022019
vt 0.788892269 0.656357765
vt 0.712445021 0.728518009
vt 0.738757014 0.726496994
vt 0.764374971 0.726087987
vt 0.688555002 0.731666982
vt 0.781448007 0.629531026
vt 0.739899993 0.747129977
vt 0.71341902 0.747511983
vt 0.764759004 0.746698976
vt 0.787455022 0.747129977
vt 0.687144995 0.747938991
vt 0.690060973 0.765816987
vt 0.674579024 0.822085023
vt 0.669223011 0.845602989
vt 0.690519989 0.860228002
vt 0.663616002 0.861042976
vt 0.651198983 0.878847003
vt 0.645107985 0.885318995
vt 0.672726989 0.905390978
vt 0.948516011 0.880575001
vt 0.922006011 0.868843973
vt 0.941151977 0.890967011
vt 0.967750013 0.865969002
vt 0.95016098 0.840032995
vt 0.967158973 0.836727977
vt 0.967323005 0.819468021
vt 0.990589023 0.824359
vt 0.986181974 0.809493005
vt 0.976722002 0.788838983
vt 0.949850023 0.810531974
vt 0.953146994 0.740584016
vt 0.931306005 0.745398998
vt 0.919346988 0.795606971
vt 0.904810011 0.753997982
vt 0.877699971 0.765619993
vt 0.893025994 0.805730999
vt 0.871417999 0.809138
vt 0.924979985 0.72961998
vt 0.898927987 0.738031983
vt 0.896592975 0.719471991
vt 0.923965991 0.711793005
vt 0.894997001 0.702718973
vt 0.874345005 0.713347018
vt 0.875438988 0.727716982
vt 0.92732501 0.684868991
vt 0.946361005 0.709713995
vt 0.950815022 0.690106988
vt 0.947436988 0.724878013
vt 0.876464009 0.74526298
vt 0.860072017 0.73003298
vt 0.874345005 0.713347018
vt 0.857237995 0.711548984
vt 0.831830978 0.690061986
vt 0.859328985 0.747664988
vt 0.855257988 0.765763998
vt 0.847432971 0.813925982
vt 0.873241007 0.845975995
vt 0.903290987 0.843356013
vt 0.923964977 0.840547025
vt 0.90606302 0.868143022
vt 0.848815024 0.848948002
vt 0.87529403 0.864342988
vt 0.92343998 0.891537011
vt 0.901616991 0.89823699
vt 0.920404971 0.906409979
vt 0.921294212 0.938781619
vt 0.920404971 0.906409979
vt 0.889261007 0.903198004
vt 0.960985005 0.900882006
vt 0.974835992 0.874518991
vt 0.996999025 0.851140022
vt 0.99220401 0.844622016
vt 0.974835992 0.874518991
vt 0.996999025 0.851140022
vt 0.950669706 0.653066874
vt 0.954982758 0.67220819
vt 0.921401024 0.675714016
vt 0.950669706 0.653066874
vt 0.941668987 0.648073971
vt 0.894043982 0.690239012
vt 0.893651009 0.683156013
vt 0.877938986 0.686963975
vt 0.878205001 0.682143986
vt 0.893356025 0.680015981
vt 0.878205001 0.682143986
vt 0.878288984 0.679874003
vt 0.864280999 0.682106972
vt 0.864431977 0.67930299
vt 0.837011993 0.679598987
vt 0.900768995 0.660669029
vt 0.90278101 0.644921005
vt 0.878005981 0.66188401
vt 0.854734004 0.662892997
vt 0.851265013 0.647660971
vt 0.876393974 0.635864973
vt 0.865226984 0.633834004
vt 0.863574028 0.628216028
vt 0.829577029 0.575640976
vt 0.802568018 0.584623992
vt 0.805751026 0.540727019
vt 0.833449006 0.541346014
vt 0.872659981 0.570151985
vt 0.869937003 0.539701998
vt 0.916386008 0.568204999
vt 0.908263028 0.533936977
vt 0.934913993 0.533412993
vt 0.945230007 0.572229028
vt 0.79223001 0.584993005
vt 0.794264972 0.526546001
vt 0.83543402 0.528506994
vt 0.794264972 0.526546001
vt 0.873888016 0.524996996
vt 0.907482982 0.522691011
vt 0.920179009 0.515460014
vt 0.955680013 0.570465982
vt 0.942870021 0.526208997
vt 0.954479992 0.610913992
vt 0.944251001 0.610539019
vt 0.888260007 0.626712978
vt 0.887272 0.632552028
vt 0.879628003 0.628952026
vt 0.872299016 0.62936902
vt 0.871259987 0.619387984
vt 0.870187998 0.588424027
vt 0.879354 0.618827999
vt 0.876552999 0.587951005
vt 0.741438985 0.570021987
vt 0.713081002 0.548675001
vt 0.720165014 0.576479971
vt 0.730539024 0.538757026
vt 0.693965971 0.554105997
vt 0.699977994 0.581176996
vt 0.666462004 0.565536976
vt 0.724372029 0.602806985
vt 0.700729012 0.606393993
vt 0.749489009 0.600395977
vt 0.769340992 0.558507979
vt 0.777001023 0.595870972
vt 0.784159005 0.585236013
vt 0.794264972 0.526546001
vt 0.754271984 0.524888992
vt 0.771896005 0.476402998
vt 0.65754801 0.529202998
vt 0.678480983 0.525837004
vt 0.722469985 0.507337987
vt 0.736701012 0.489966989
vt 0.726624012 0.620576978
vt 0.70065701 0.622982025
vt 0.753057003 0.624970019
vt 0.678597987 0.604155004
vt 0.674921989 0.64012903
vt 0.793146014 0.624448001
vt 0.793146014 0.624448001
vt 0.718047976 0.491504997
vt 0.72904402 0.479048997
vt 0.747515976 0.465162992
vt 0.732721984 0.462107986
vt 0.69520998 0.502227008
vt 0.701936007 0.519468009
vt 0.670041025 0.513778985
vt 0.65754801 0.529202998
vt 0.747244 0.438737988
vt 0.731420994 0.437339008
vt 0.777149022 0.436906993
vt 0.728110015 0.407079011
vt 0.740548015 0.397226006
vt 0.773736 0.410546988
vt 0.781665981 0.405957997
vt 0.772436023 0.402253985
vt 0.770249009 0.404964
vt 0.757524014 0.395116001
vt 0.742304981 0.387035996
vt 0.82842499 0.468627006
vt 0.794264972 0.526546001
vt 0.838962972 0.510529995
vt 0.88497299 0.474812001
vt 0.879559994 0.507067025
vt 0.920179009 0.515460014
vt 0.933345973 0.486992002
vt 0.980840981 0.509145021
vt 0.941877007 0.52540803
vt 0.879836023 0.427354008
vt 0.829533994 0.421416998
vt 0.942206025 0.449239999
vt 0.901289999 0.430368006
vt 0.969310999 0.479806006
vt 0.980840981 0.509145021
vt 0.992550015 0.500470996
vt 0.992630005 0.477387995
vt 0.970583022 0.453065991
vt 0.994503975 0.455839992
vt 0.901866019 0.394430995
vt 0.944257021 0.425835997
vt 0.936631024 0.420805991
vt 0.928192019 0.416586012
vt 0.978938997 0.434684008
vt 0.869224012 0.402063012
vt 0.934319019 0.410255998
vt 0.931730986 0.409783989
vt 0.934719026 0.392726988
vt 0.920992017 0.374000996
vt 0.937026978 0.373656005
vt 0.983940005 0.415867001
vt 0.947987974 0.41939199
vt 0.996695995 0.425179988
vt 0.901866019 0.394430995
vt 0.961230993 0.410466999
vt 0.97872901 0.40426901
vt 0.946156025 0.416990012
vt 0.994503975 0.455839992
vt 0.996695995 0.425179988
vt 0.767283022 0.87876302
vt 0.762380004 0.899163008
vt 0.794936001 0.88934499
vt 0.762498975 0.922559023
vt 0.781292021 0.93155998
vt 0.772227526 0.947096467
vt 0.777583003 0.968333006
vt 0.764433026 0.974316001
vt 0.777583003 0.968333006
vt 0.780435979 0.994843006
vt 0.777320981 0.996478021
vt 0.654213011 0.516919017
vt 0.65754801 0.529202998
vt 0.996339977 0.325233012
vt 0.969844997 0.317171991
vt 0.989772022 0.340463012
vt 0.990704 0.309184015
vt 0.968764007 0.354245991
vt 0.936646998 0.331853002
vt 0.943692029 0.365720987
vt 0.915376008 0.348975003
vt 0.927286983 0.366068006
vt 0.907868981 0.310543001
vt 0.902162015 0.33445099
vt 0.942535996 0.280618995
vt 0.918398976 0.29638201
vt 0.983452022 0.287048012
vt 0.959237993 0.279289991
vt 0.949567795 0.256206751
vt 0.889894485 0.287517995
vt 0.990625978 0.262919009
vt 0.975547016 0.257726014
vt 0.949567795 0.256206751
vt 0.975544989 0.245134994
vt 0.878531992 0.313508004
vt 0.876385987 0.330222994
vt 0.920768023 0.259000003
vt 0.909510016 0.264643997
vt 0.889894485 0.287517995
vt 0.949567795 0.256206751
vt 0.920047998 0.248353004
vt 0.910865009 0.252896011
vt 0.920047998 0.248353004
vt 0.902217984 0.257892996
vt 0.986515999 0.246381998
vt 0.995130002 0.249698997
vt 0.908131003 0.249283999
vt 0.902217984 0.257892996
vt 0.868865013 0.307424992
vt 0.865186989 0.318313003
vt 0.889894485 0.287517995
vt 0.902217984 0.257892996
vt 0.861142993 0.318383008
vt 0.862909973 0.329129994
vt 0.876385987 0.330222994
vt 0.833665013 0.364986002
vt 0.852198005 0.396014005
vt 0.850130022 0.379182994
vt 0.846822977 0.362057
vt 0.855270028 0.395619988
vt 0.850250006 0.402260989
vt 0.859661996 0.403216004
vt 0.869224012 0.402063012
vt 0.819541633 0.390027016
vt 0.833665013 0.364986002
vt 0.864363015 0.394908011
vt 0.867265999 0.395505995
vt 0.890893996 0.365276992
vt 0.871370971 0.378192991
vt 0.879000008 0.361241996
vt 0.807533979 0.422201991
vt 0.819541633 0.390027016
vt 0.771896005 0.476402998
vt 0.777149022 0.436906993
vt 0.789884984 0.403167993
vt 0.784247994 0.397433013
vt 0.787200987 0.397388011
vt 0.799831986 0.370999008
vt 0.789246023 0.366840005
vt 0.786759019 0.382456005
vt 0.807533979 0.422201991
vt 0.81022799 0.382503003
vt 0.81022799 0.382503003
vt 0.799831986 0.370999008
vt 0.789246023 0.366840005
vt 0.787200987 0.397388011
vt 0.869224012 0.402063012
vt 0.898455977 0.380984008
vt 0.890893996 0.365276992
vt 0.876385987 0.330222994
vt 0.902162015 0.33445099
vt 0.986515999 0.246381998
vt 0.975544989 0.245134994
vt 0.901866019 0.394430995
vt 0.864280999 0.682106972
vt 0.877938986 0.686963975
vt 0.864053011 0.687584996
vt 0.831830978 0.690061986
vt 0.806962013 0.657203019
vt 0.815463006 0.653019011
vt 0.793146014 0.624448001
vt 0.784159005 0.585236013
vt 0.794264972 0.526546001
vt 0.879559994 0.507067025
vt 0.838962972 0.510529995
vt 0.941877007 0.52540803
vt 0.458725005 0.0131170005
vt 0.535642028 0.0894299969
vt 0.547735989 0.0265999995
vt 0.410326004 0.0706010014
vt 0.456508011 0.00822899956
vt 0.458725005 0.0131170005
vt 0.552304029 0.0236109998
vt 0.458725005 0.0131170005
vt 0.404000014 0.0724089965
vt 0.538596988 0.0937889963
vt 0.552304029 0.0236109998
vt 0.410326004 0.0706010014
vt 0.538596988 0.0937889963
vt 0.535642028 0.0894299969
vt 0.547735989 0.0265999995
vt 0.414364994 0.108638003
vt 0.48675701 0.144858003
vt 0.462033004 0.110248998
vt 0.415728986 0.147372007
vt 0.458725005 0.0131170005
vt 0.404000014 0.0724089965
vt 0.410326004 0.0706010014
vt 0.576071024 0.0984520018
vt 0.610742986 0.0173289999
vt 0.567034006 0.0170339998
vt 0.646175981 0.0863080025
vt 0.65792501 0.016578
vt 0.702883005 0.0665649995
vt 0.610773981 0.0123800002
vt 0.65792501 0.016578
vt 0.565873981 0.0121179996
vt 0.647265017 0.0911670029
vt 0.575864971 0.103641003
vt 0.708676994 0.0679650009
vt 0.702883005 0.0665649995
vt 0.659847975 0.0122269997
vt 0.702883005 0.0665649995
vt 0.702883005 0.0665649995
vt 0.610773981 0.0123800002
vt 0.659847975 0.0122269997
vt 0.547995985 0.107720003
vt 0.56862998 0.146862999
vt 0.570380986 0.107720003
vt 0.533273995 0.145090997
vt 0.522818983 0.109020002
vt 0.497561991 0.143299997
vt 0.373744994 0.678928018
vt 0.384875 0.682596982
vt 0.382615 0.678294003
vt 0.376906991 0.689686
vt 0.386586994 0.678206027
vt 0.337047011 0.698463023
vt 0.359807998 0.675556004
vt 0.337258995 0.686912
vt 0.361723989 0.672405005
vt 0.351743013 0.661958992
vt 0.336450994 0.671060979
vt 0.343874007 0.661049008
vt 0.351512015 0.652311027
vt 0.334495008 0.667144001
vt 0.32138899 0.670566022
vt 0.321238995 0.67422998
vt 0.310966015 0.667506993
vt 0.309051991 0.670482993
vt 0.301497012 0.661850989
vt 0.303516001 0.659340024
vt 0.282718986 0.655206978
vt 0.283163011 0.652135015
vt 0.267233998 0.657119989
vt 0.264795989 0.655189991
vt 0.341136992 0.658684015
vt 0.353246003 0.647671998
vt 0.321238995 0.67422998
vt 0.320003986 0.690135002
vt 0.301770002 0.680894971
vt 0.309051991 0.670482993
vt 0.292252988 0.675296009
vt 0.301497012 0.661850989
vt 0.282718986 0.655206978
vt 0.279671997 0.667258024
vt 0.264512986 0.664610982
vt 0.267233998 0.657119989
vt 0.328660011 0.694891989
vt 0.331423998 0.692427993
vt 0.376906991 0.689686
vt 0.339589 0.703463972
vt 0.37845099 0.692802012
vt 0.387861013 0.684575021
vt 0.384875 0.682596982
vt 0.386586994 0.678206027
vt 0.390073001 0.675900996
vt 0.264512986 0.664610982
vt 0.278755009 0.670140028
vt 0.279671997 0.667258024
vt 0.261644006 0.666288018
vt 0.292252988 0.675296009
vt 0.290610999 0.677985013
vt 0.29875499 0.683012009
vt 0.301770002 0.680894971
vt 0.264512986 0.664610982
vt 0.264795989 0.655189991
vt 0.261644006 0.666288018
vt 0.267233998 0.657119989
vt 0.264795989 0.655189991
vt 0.354992002 0.660709023
vt 0.351512015 0.652311027
vt 0.353246003 0.647671998
vt 0.373861998 0.675122023
vt 0.382732004 0.674629986
vt 0.390073001 0.675900996
vt 0.693616986 0.952665985
vt 0.686878026 0.957156003
vt 0.691863 0.956942022
vt 0.686901987 0.949497998
vt 0.663605988 0.952615023
vt 0.680859983 0.960875988
vt 0.669592023 0.967323005
vt 0.695959985 0.957347989
vt 0.662478983 0.96944201
vt 0.648047984 0.957104027
vt 0.667207003 0.93573302
vt 0.644671023 0.949045002
vt 0.650960982 0.971651018
vt 0.659138024 0.97468102
vt 0.679651022 0.968735993
vt 0.674440026 0.970616996
vt 0.648648024 0.976998985
vt 0.659561992 0.981474996
vt 0.644181013 0.984543979
vt 0.651072025 0.992422998
vt 0.634180009 0.989606023
vt 0.639587998 0.995890975
vt 0.683719993 0.976257026
vt 0.638944983 0.940451026
vt 0.666024029 0.929192007
vt 0.634734988 0.938560009
vt 0.66593802 0.91840601
vt 0.00472499989 0.92218399
vt 0.0242790002 0.935792029
vt 0.0110719996 0.91505301
vt 0.0201719999 0.912054002
vt 0.0242790002 0.935792029
vt 0.0242790002 0.935792029
vt 0.0294530001 0.913129985
vt 0.0294530001 0.913129985
vt 0.0242790002 0.935792029
vt 0.0382269993 0.916263998
vt 0.0242790002 0.935792029
vt 0.0445280001 0.923242986
vt 0.0297510009 0.943570018
vt 0.0199669991 0.942969978
vt 0.0255559999 0.965543985
vt 0.0106239999 0.947063982
vt 0.0255559999 0.965543985
vt 0.00495199999 0.955482006
vt 0.0255559999 0.965543985
vt 0.0456099994 0.954425991
vt 0.0387529992 0.947354972
vt 0.0255559999 0.965543985
vt 0.0255559999 0.965543985
vt 0.0297510009 0.943570018
vt 0.0248109996 0.994395971
vt 0.0432469994 0.98288703
vt 0.0365099981 0.976972997
vt 0.0283649992 0.97368598
vt 0.0248109996 0.994395971
vt 0.00554599985 0.984336972
vt 0.0248109996 0.994395971
vt 0.0116910003 0.977675974
vt 0.0248109996 0.994395971
vt 0.0195020009 0.973731995
vt 0.0248109996 0.994395971
vt 0.0283649992 0.97368598
vt 0.448327005 0.359593987
vt 0.449319988 0.372554004
vt 0.453027993 0.362464011
vt 0.447611988 0.348320007
vt 0.442048997 0.353929013
vt 0.42612499 0.390994012
vt 0.428929001 0.372343987
vt 0.410425007 0.366055012
vt 0.415174007 0.362648994
vt 0.208725005 0.518483996
vt 0.179637998 0.544532001
vt 0.207413003 0.545901
vt 0.181648001 0.514660001
vt 0.185389996 0.500930011
vt 0.173822001 0.519677997
vt 0.174654007 0.544035971
vt 0.218131006 0.522605002
vt 0.215311006 0.543932974
vt 0.230156004 0.50098598
vt 0.218831003 0.49516201
vt 0.231820002 0.479346007
vt 0.249513999 0.475555003
vt 0.223986 0.568993986
vt 0.210795 0.572489977
vt 0.243558004 0.615481019
vt 0.179559007 0.567517996
vt 0.209813997 0.462554991
vt 0.220501006 0.452376992
vt 0.193173006 0.48625499
vt 0.201536998 0.463477999
vt 0.189161003 0.484165013
vt 0.182348996 0.492000014
vt 0.249485001 0.463734001
vt 0.237285003 0.441417009
vt 0.233657002 0.438910007
vt 0.222034007 0.444148988
vt 0.183396995 0.582015991
vt 0.227651998 0.610753
vt 0.200177997 0.616631985
vt 0.252988994 0.654761016
vt 0.227022007 0.668184996
vt 0.188023999 0.612607002
vt 0.218832001 0.671323001
vt 0.187171996 0.60374701
vt 0.179085001 0.590297997
vt 0.185231 0.609399974
vt 0.169219002 0.496811002
vt 0.165649995 0.506200016
vt 0.260892987 0.448460013
vt 0.26216799 0.426515996
vt 0.257901996 0.418776989
vt 0.265657008 0.645774007
vt 0.252988994 0.654761016
vt 0.265657008 0.645774007
vt 0.243558004 0.615481019
vt 0.173822001 0.519677997
vt 0.266840518 0.460810483
vt 0.283627003 0.478569001
vt 0.274269998 0.467269003
vt 0.275876999 0.452326
vt 0.28133899 0.455143005
vt 0.271409005 0.446263999
vt 0.276230007 0.443749994
vt 0.281450003 0.448720992
vt 0.28133899 0.455143005
vt 0.289474994 0.455215991
vt 0.290504009 0.448924005
vt 0.304012001 0.438019991
vt 0.299542993 0.457816005
vt 0.31092 0.442755014
vt 0.311455011 0.46044001
vt 0.294454992 0.476660997
vt 0.312171012 0.476143003
vt 0.311688006 0.428252995
vt 0.282682002 0.443984985
vt 0.280205995 0.440436989
vt 0.287133008 0.442009985
vt 0.275287986 0.420567989
vt 0.293639988 0.416664004
vt 0.285335004 0.47239399
vt 0.293639988 0.416664004
vt 0.285335004 0.47239399
vt 0.274269998 0.467269003
vt 0.311374992 0.41059199
vt 0.303299993 0.402568996
vt 0.311688006 0.428252995
vt 0.271970004 0.423808008
vt 0.269506991 0.426351011
vt 0.270839989 0.411664009
vt 0.271409005 0.446263999
vt 0.275287986 0.420567989
vt 0.311374992 0.41059199
vt 0.316329002 0.402658999
vt 0.337882996 0.366780996
vt 0.325758994 0.371331006
vt 0.343297988 0.378495008
vt 0.313124001 0.353713989
vt 0.31230101 0.363824993
vt 0.306685001 0.359941989
vt 0.323751986 0.386694014
vt 0.334594011 0.390908003
vt 0.171329007 0.561470985
vt 0.159547001 0.572731018
vt 0.161529005 0.583581984
vt 0.159547001 0.572731018
vt 0.161529005 0.583581984
vt 0.179085001 0.590297997
vt 0.199183002 0.448237002
vt 0.207797006 0.44106999
vt 0.275287986 0.420567989
vt 0.277006 0.431199014
vt 0.280205995 0.440436989
vt 0.26216799 0.426515996
vt 0.269506991 0.426351011
vt 0.270839989 0.411664009
vt 0.280205995 0.440436989
vt 0.277006 0.431199014
vt 0.275287986 0.420567989
vt 0.654684007 0.667559981
vt 0.65852797 0.684798002
vt 0.659301996 0.674431026
vt 0.654684007 0.692598999
vt 0.65852797 0.684798002
vt 0.774255991 0.0828550011
vt 0.809790015 0.0803619996
vt 0.783150971 0.0683220029
vt 0.806137979 0.0917219967
vt 0.75316 0.0655819997
vt 0.753306985 0.0822810009
vt 0.753508985 0.114477001
vt 0.772593975 0.115621999
vt 0.753588021 0.127804995
vt 0.774122 0.129840001
vt 0.753757 0.150197998
vt 0.768800974 0.155365005
vt 0.793322027 0.126242995
vt 0.795346022 0.143742993
vt 0.789909005 0.146697
vt 0.820769012 0.0966439992
vt 0.817074001 0.110229
vt 0.802863002 0.1105
vt 0.80963397 0.120743997
vt 0.811843991 0.138034001
vt 0.803653002 0.14971
vt 0.753760993 0.177189007
vt 0.756992996 0.177558005
vt 0.804673016 0.160928994
vt 0.836000025 0.0905599967
vt 0.153135002 0.907896996
vt 0.143750995 0.897921979
vt 0.139958993 0.906019986
vt 0.153409004 0.892894983
vt 0.167805001 0.908603013
vt 0.167872995 0.921944976
vt 0.150530994 0.921759009
vt 0.144431993 0.977765977
vt 0.168026999 0.979794025
vt 0.133605003 0.919193029
vt 0.114086002 0.962279022
vt 0.118638001 0.915890992
vt 0.104993999 0.930719972
vt 0.0988769978 0.955163002
vt 0.16776 0.894020021
vt 0.167733997 0.886062026
vt 0.0786240026 0.946491003
vt 0.0851999968 0.921943009
vt 0.0654660016 0.93364203
vt 0.0608129986 0.910677016
vt 0.0780899972 0.906939983
vt 0.0512770005 0.953091979
vt 0.103053004 0.913662016
vt 0.107701004 0.909677029
vt 0.108382002 0.904540002
vt 0.0979819968 0.90338999
vt 0.114834003 0.907995999
vt 0.132636994 0.899378002
vt 0.123792 0.896708012
vt 0.131723002 0.893049002
vt 0.111339003 0.888490021
vt 0.0926209986 0.893558025
vt 0.106779002 0.87894702
vt 0.117292002 0.893932998
vt 0.126095995 0.887953997
vt 0.125747994 0.890740991
vt 0.130957007 0.873166978
vt 0.141718 0.890466988
vt 0.143316001 0.88172698
vt 0.154916003 0.862510979
vt 0.167756006 0.867343009
vt 0.150812998 0.859717011
vt 0.120066002 0.849671006
vt 0.145918995 0.835412979
vt 0.144935995 0.821985006
vt 0.120224997 0.842392027
vt 0.104555003 0.822751999
vt 0.116728 0.817901015
vt 0.0922780037 0.846159995
vt 0.0845730007 0.865701973
vt 0.084592998 0.880153
vt 0.0734279975 0.890559018
vt 0.0562600009 0.89181
vt 0.082272999 0.835075974
vt 0.105074003 0.807915986
vt 0.0956389979 0.794652998
vt 0.0712929964 0.822575986
vt 0.140747994 0.779478014
vt 0.148640007 0.805235028
vt 0.0768449977 0.843872011
vt 0.0621189997 0.835620999
vt 0.0455100015 0.847495019
vt 0.156221002 0.777431011
vt 0.160425007 0.810185015
vt 0.168458998 0.777589977
vt 0.168493003 0.811775982
vt 0.159413993 0.819498003
vt 0.168503001 0.820726991
vt 0.148078993 0.814198017
vt 0.117380001 0.808863997
vt 0.150444001 0.76049
vt 0.135646999 0.767579019
vt 0.0907759964 0.782287002
vt 0.168449 0.757650018
vt 0.0907759964 0.782287002
vt 0.0620459989 0.809165001
vt 0.0420960002 0.834173024
vt 0.0420960002 0.834173024
vt 0.0121529996 0.858317971
vt 0.00596999982 0.878305972
vt 0.0331819989 0.880066991
vt 0.0130909998 0.894290984
vt 0.0243289992 0.896145999
vt 0.0495119989 0.903128982
vt 0.0608129986 0.910677016
vt 0.0415689982 0.87331897
vt 0.0531370007 0.866384983
vt 0.0664820001 0.877564013
vt 0.0761720017 0.870941997
vt 0.049947001 0.849268019
vt 0.062714003 0.840399027
vt 0.0721559972 0.851136029
vt 0.0721559972 0.851136029
vt 0.0761720017 0.870941997
vt 0.0802330002 0.961130023
vt 0.0986360013 0.961591005
vt 0.0623079985 0.968171
vt 0.109281003 0.971159995
vt 0.0774340034 0.967948973
vt 0.0774340034 0.967948973
vt 0.163498998 0.997560024
vt 0.163498998 0.997560024
vt 0.168096006 0.997987986
vt 0.158298001 0.824431002
vt 0.159828007 0.83534199
vt 0.167853996 0.831463993
vt 0.167868003 0.82228303
vt 0.156909004 0.84641403
vt 0.160420999 0.846575022
vt 0.163932994 0.84662801
vt 0.156591997 0.854988992
vt 0.163247004 0.856757998
vt 0.167762995 0.857073009
vt 0.167774007 0.845679998
vt 0.15298 0.858632982
vt 0.125747994 0.890740991
vt 0.509513974 0.489627987
vt 0.493616998 0.445116013
vt 0.480497986 0.480796009
vt 0.519123971 0.46428901
vt 0.484210998 0.439153999
vt 0.501927018 0.51207
vt 0.484210998 0.439153999
vt 0.468457997 0.477557003
vt 0.475003988 0.513336003
vt 0.47517699 0.433746994
vt 0.461158991 0.474247992
vt 0.448009998 0.417827994
vt 0.438730001 0.43334499
vt 0.463901997 0.493400991
vt 0.475003988 0.513336003
vt 0.417641997 0.410241008
vt 0.421121001 0.403100014
vt 0.501927018 0.51207
vt 0.475003988 0.513336003
vt 0.0641279966 0.364870012
vt 0.067667 0.380777001
vt 0.118520997 0.385702014
vt 0.0993200019 0.366584003
vt 0.127297997 0.372689009
vt 0.112327002 0.411552012
vt 0.0731260031 0.407422006
vt 0.153344005 0.397527009
vt 0.142059997 0.422663987
vt 0.170608997 0.438080013
vt 0.191946998 0.406774014
vt 0.195111006 0.388565987
vt 0.0270680003 0.384979993
vt 0.0377480015 0.412651986
vt 0.0203249995 0.366234988
vt 0.140496001 0.358826011
vt 0.187727004 0.368974
vt 0.151852995 0.323823005
vt 0.175476998 0.329014987
vt 0.209257007 0.367421001
vt 0.190008 0.329382002
vt 0.227409005 0.352898985
vt 0.205590993 0.328097999
vt 0.246737003 0.359786987
vt 0.249001995 0.310631007
vt 0.223271996 0.313156009
vt 0.277375013 0.317030013
vt 0.247449994 0.275846988
vt 0.276235998 0.26741299
vt 0.218268007 0.291590005
vt 0.202888995 0.272888988
vt 0.213367999 0.266671002
vt 0.190303996 0.25039199
vt 0.194392994 0.217730001
vt 0.224995002 0.230658993
vt 0.250061005 0.261480004
vt 0.255360991 0.243567005
vt 0.170194998 0.244473994
vt 0.164023995 0.212461993
vt 0.134911001 0.250120997
vt 0.279107988 0.253619999
vt 0.144548997 0.250326991
vt 0.133527994 0.272179991
vt 0.115171999 0.274172992
vt 0.101879001 0.246603996
vt 0.0884459987 0.272558987
vt 0.111707002 0.318361998
vt 0.0838550031 0.321054995
vt 0.089354001 0.344765007
vt 0.125444993 0.338
vt 0.131107002 0.314482987
vt 0.143244997 0.322946995
vt 0.0570579991 0.318421006
vt 0.0622720011 0.267998993
vt 0.0146479998 0.254370004
vt 0.00941199996 0.31171
vt 0.0132940002 0.339720994
vt 0.0595190004 0.342756003
vt 0.0731310025 0.235808
vt 0.0267360006 0.215790004
vt 0.100653 0.193577006
vt 0.0468889996 0.171535
vt 0.119967997 0.150161996
vt 0.072695002 0.131197006
vt 0.0883049965 0.111905999
vt 0.127492994 0.132762998
vt 0.186765 0.169576004
vt 0.187371001 0.146348998
vt 0.121381 0.355051994
vt 0.220440999 0.151719004
vt 0.216836005 0.179747
vt 0.247741997 0.155502006
vt 0.245307997 0.184549004
vt 0.220440999 0.151719004
vt 0.277678996 0.157867998
vt 0.285546005 0.207852006
vt 0.318931013 0.158302993
vt 0.328969002 0.209854007
vt 0.313275009 0.218351007
vt 0.364728987 0.166409999
vt 0.380486012 0.206393003
vt 0.380196005 0.170040995
vt 0.216836005 0.179747
vt 0.246843994 0.201429993
vt 0.220871001 0.194381997
vt 0.186765 0.169576004
vt 0.183627993 0.185242996
vt 0.285073012 0.214852005
vt 0.191027999 0.213881999
vt 0.160206005 0.207303002
vt 0.194392994 0.217730001
vt 0.125505999 0.223251998
vt 0.226417005 0.224696994
vt 0.224995002 0.230658993
vt 0.257867992 0.234319001
vt 0.255360991 0.243567005
vt 0.279994011 0.243534997
vt 0.318444014 0.226766005
vt 0.312207997 0.258430988
vt 0.285546005 0.207852006
vt 0.313275009 0.218351007
vt 0.307480007 0.264562011
vt 0.319283992 0.265864998
vt 0.309666991 0.29163599
vt 0.326332986 0.233816996
vt 0.33712399 0.225362003
vt 0.328969002 0.209854007
vt 0.380486012 0.206393003
vt 0.380326986 0.219126999
vt 0.333525985 0.240078002
vt 0.340369999 0.234672993
vt 0.379693002 0.266021013
vt 0.380003989 0.233454004
vt 0.327078998 0.265682012
vt 0.325607002 0.310782999
vt 0.379563987 0.311080992
vt 0.316195011 0.312451005
vt 0.331182986 0.336302012
vt 0.322890997 0.342090011
vt 0.303131014 0.326261014
vt 0.316965997 0.347858995
vt 0.335166007 0.351024002
vt 0.33849299 0.342065006
vt 0.379927993 0.348906994
vt 0.380430013 0.357553989
vt 0.381559998 0.366715014
vt 0.332533985 0.358716011
vt 0.379709005 0.343488008
vt 0.307480007 0.264562011
vt 0.306506991 0.343621999
vt 0.245320007 0.362381011
vt 0.294620007 0.353347003
vt 0.222911 0.402413994
vt 0.245848 0.39686799
vt 0.246919006 0.40318501
vt 0.311499 0.384534001
vt 0.301694989 0.397211999
vt 0.191946998 0.406774014
vt 0.333712012 0.396584988
vt 0.316195011 0.312451005
vt 0.319283992 0.265864998
vt 0.309666991 0.29163599
vt 0.144548997 0.250326991
vt 0.166959003 0.250770003
vt 0.185707003 0.259095013
vt 0.380178988 0.227815002
vt 0.324492007 0.928174019
vt 0.315807998 0.957540989
vt 0.331588 0.930553019
vt 0.316092014 0.926804006
vt 0.339760989 0.959046006
vt 0.315530986 0.981483996
vt 0.346498996 0.994783998
vt 0.369051009 0.995723009
vt 0.376206994 0.978187978
vt 0.363559991 0.986184001
vt 0.376329988 0.996055007
vt 0.354140997 0.966454029
vt 0.376156002 0.966735005
vt 0.375948012 0.951557994
vt 0.352995008 0.95135498
vt 0.353417009 0.945904016
vt 0.375851989 0.94571197
vt 0.375889003 0.933012009
vt 0.368910998 0.910678029
vt 0.362722993 0.917106986
vt 0.375773013 0.910206974
vt 0.562831998 0.938845992
vt 0.593922973 0.915221989
vt 0.567644 0.915099025
vt 0.582175016 0.949533999
vt 0.549188018 0.942519009
vt 0.54637301 0.914238989
vt 0.529798985 0.94807601
vt 0.565450013 0.96707201
vt 0.543640018 0.980988979
vt 0.52196002 0.916315973
vt 0.540233195 0.882175088
vt 0.49249655 0.919374108
vt 0.49589467 0.95244813
vt 0.471221 0.955833972
vt 0.461726993 0.924668014
vt 0.441341013 0.929214001
vt 0.458252013 0.958216012
vt 0.403757989 0.934917986
vt 0.444575995 0.983488023
vt 0.494143009 0.992384017
vt 0.471067995 0.99080497
vt 0.464993834 0.888608575
vt 0.49934119 0.880773544
vt 0.528620005 0.840651989
vt 0.498647004 0.844536006
vt 0.570237994 0.871931016
vt 0.563268006 0.83762902
vt 0.612069011 0.824809015
vt 0.617091 0.852324009
vt 0.467835009 0.847222984
vt 0.421828002 0.847145975
vt 0.429525346 0.883512259
vt 0.643993974 0.845728993
vt 0.642543018 0.818381011
vt 0.644527018 0.870392978
vt 0.618744016 0.875778973
vt 0.593786001 0.886146009
vt 0.602186978 0.815432012
vt 0.642958999 0.812017024
vt 0.623197019 0.756712019
vt 0.563268006 0.83762902
vt 0.467440993 0.843495011
vt 0.498118997 0.840934992
vt 0.497530997 0.836445987
vt 0.467700988 0.835618973
vt 0.525375009 0.832280517
vt 0.552631021 0.823625982
vt 0.577096999 0.815144002
vt 0.589416981 0.771233022
vt 0.558773994 0.69700402
vt 0.565886974 0.778777003
vt 0.54114902 0.707050979
vt 0.539022982 0.700836003
vt 0.5255 0.709963977
vt 0.522028029 0.701789975
vt 0.504149973 0.707252979
vt 0.503587008 0.697292984
vt 0.463335991 0.708280981
vt 0.464892 0.698556006
vt 0.557433009 0.691821992
vt 0.577206016 0.682730019
vt 0.571606994 0.678011
vt 0.445888996 0.703212023
vt 0.444175005 0.712536991
vt 0.429850996 0.709339976
vt 0.431989014 0.698242009
vt 0.462469995 0.712891996
vt 0.507140994 0.716316998
vt 0.507140994 0.716316998
vt 0.529136002 0.717351973
vt 0.434579998 0.72181499
vt 0.439054996 0.80043298
vt 0.443129003 0.717290998
vt 0.424163997 0.792934
vt 0.411924988 0.700922012
vt 0.391869009 0.785250008
vt 0.394062012 0.691154003
vt 0.358105004 0.77393198
vt 0.414074987 0.694621027
vt 0.398294985 0.684976995
vt 0.376507998 0.837628007
vt 0.352178991 0.833159029
vt 0.40376699 0.84068799
vt 0.422816008 0.843490005
vt 0.353087008 0.837776005
vt 0.376518011 0.841371
vt 0.370615005 0.868923008
vt 0.346688002 0.863247991
vt 0.402467012 0.844950974
vt 0.391833007 0.876715004
vt 0.388886005 0.907151997
vt 0.365788013 0.892319977
vt 0.341784 0.886806011
vt 0.467700988 0.835618973
vt 0.439054996 0.80043298
vt 0.388886005 0.907151997
vt 0.431989014 0.698242009
vt 0.593786001 0.886146009
vt 0.568940997 0.893514991
vt 0.593786001 0.886146009
vt 0.617770016 0.646963
vt 0.611375988 0.642019987
vt 0.611203015 0.646923006
vt 0.617748022 0.642130017
vt 0.609067023 0.643432021
vt 0.609198987 0.636080027
vt 0.611625016 0.636134982
vt 0.615054011 0.624861002
vt 0.617675006 0.63627702
vt 0.620172977 0.63607198
vt 0.620045006 0.643616974
vt 0.620172977 0.63607198
vt 0.609198987 0.636080027
vt 0.614238024 0.624605
vt 0.60335499 0.630083025
vt 0.636524975 0.648681998
vt 0.630060971 0.642481029
vt 0.629575014 0.647585988
vt 0.63676703 0.643088996
vt 0.627799988 0.643604994
vt 0.628219008 0.635496974
vt 0.630873024 0.636318982
vt 0.635291994 0.62470299
vt 0.639352024 0.645101011
vt 0.639927983 0.636695981
vt 0.637197971 0.636943996
vt 0.635291994 0.62470299
vt 0.639927983 0.636695981
vt 0.628219008 0.635496974
vt 0.634545982 0.624297976
vt 0.622493982 0.628787994
vt 0.660391986 0.649667978
vt 0.652958989 0.642365992
vt 0.652433991 0.649434984
vt 0.660284996 0.64260298
vt 0.649869025 0.644313991
vt 0.650325 0.63489002
vt 0.653331995 0.63558197
vt 0.657344997 0.622381985
vt 0.663244009 0.644719005
vt 0.663374007 0.635343015
vt 0.660363019 0.635803998
vt 0.657344997 0.622381985
vt 0.663374007 0.635343015
vt 0.650325 0.63489002
vt 0.656473994 0.621982992
vt 0.643455982 0.627894998
vt 0.616138995 0.608372986
vt 0.620721996 0.591787994
vt 0.606972992 0.602135003
vt 0.627139986 0.608424008
vt 0.623156011 0.592797995
vt 0.619385004 0.608493984
vt 0.616138995 0.608372986
vt 0.619617999 0.612814009
vt 0.616748989 0.614969015
vt 0.619518995 0.619782984
vt 0.62726301 0.619678974
vt 0.626978993 0.612737
vt 0.630339026 0.608242989
vt 0.623156011 0.592797995
vt 0.629898012 0.614804983
vt 0.645264983 0.619903028
vt 0.642355978 0.616864026
vt 0.64012599 0.621013999
vt 0.645352006 0.617496014
vt 0.648406029 0.61707598
vt 0.650367022 0.621369004
vt 0.645465016 0.614369988
vt 0.64943397 0.614804983
vt 0.641471982 0.61453402
vt 0.638324976 0.616168976
vt 0.638975024 0.607795
vt 0.641964972 0.608590007
vt 0.64409399 0.602104008
vt 0.645651996 0.608313024
vt 0.64585799 0.602068007
vt 0.647611976 0.602226019
vt 0.649344027 0.608808994
vt 0.652647018 0.608147979
vt 0.652647018 0.608147979
vt 0.648877978 0.601309001
vt 0.652472019 0.616630018
vt 0.646048009 0.596677005
vt 0.646048009 0.596677005
vt 0.638975024 0.607795
vt 0.642889977 0.601107001
vt 0.646048009 0.596677005
vt 0.638975024 0.607795
vt 0.639975011 0.597317994
vt 0.63233602 0.598939002
vt 0.642889977 0.601107001
vt 0.642889977 0.601107001
vt 0.64526403 0.596261024
vt 0.528945029 0.696627975
vt 0.559014976 0.671627998
vt 0.518805027 0.690752983
vt 0.562469006 0.679627001
vt 0.577171981 0.66028899
vt 0.581116974 0.666768014
vt 0.551817 0.654924989
vt 0.572117984 0.652427971
vt 0.569339991 0.644625008
vt 0.556846023 0.648051023
vt 0.579523027 0.649133027
vt 0.577704012 0.641537011
vt 0.588077009 0.643016994
vt 0.590156972 0.646782994
vt 0.58140099 0.653123021
vt 0.585305989 0.660372972
vt 0.587886989 0.663278997
vt 0.584914029 0.650915027
vt 0.591587007 0.648007989
vt 0.583617985 0.656605005
vt 0.521915972 0.642777979
vt 0.508207977 0.682735026
vt 0.537132025 0.644080997
vt 0.533834994 0.614091992
vt 0.542362988 0.620227993
vt 0.551469982 0.643476009
vt 0.551690996 0.621878982
vt 0.522512019 0.609100997
vt 0.509039998 0.607558012
vt 0.499978006 0.640958011
vt 0.481801987 0.68412298
vt 0.482019991 0.641001999
vt 0.48448199 0.610900998
vt 0.496758997 0.60847199
vt 0.473946005 0.615904987
vt 0.467290014 0.62096101
vt 0.467543989 0.641726017
vt 0.460018992 0.623430014
vt 0.47547701 0.607475996
vt 0.476702988 0.606697023
vt 0.481433004 0.589142978
vt 0.490556985 0.587109983
vt 0.501371026 0.600264013
vt 0.496564001 0.584470987
vt 0.476702988 0.606697023
vt 0.474045008 0.589846015
vt 0.456126988 0.607734025
vt 0.460018992 0.623430014
vt 0.454948992 0.644107997
vt 0.460438997 0.673771024
vt 0.450919002 0.611222029
vt 0.492839992 0.576788008
vt 0.486818999 0.577467978
vt 0.474263996 0.580688
vt 0.48021701 0.578364015
vt 0.447459012 0.60442102
vt 0.450740993 0.60067302
vt 0.487094015 0.569311976
vt 0.484816015 0.573051989
vt 0.477070004 0.571417987
vt 0.480394006 0.573292971
vt 0.487094015 0.569311976
vt 0.446534008 0.596343994
vt 0.446534008 0.596343994
vt 0.448419988 0.596558988
vt 0.452048987 0.593474984
vt 0.452522993 0.590537012
vt 0.486205995 0.580343008
vt 0.481674999 0.580892026
vt 0.453189999 0.602026999
vt 0.461782008 0.60294801
vt 0.47547701 0.607475996
vt 0.466542989 0.598017991
vt 0.460285991 0.593416989
vt 0.455882996 0.596553981
vt 0.452522993 0.590537012
vt 0.452048987 0.593474984
vt 0.456636012 0.599213004
vt 0.535526574 0.499671668
vt 0.511147022 0.532258987
vt 0.52451098 0.53678602
vt 0.517917991 0.498495996
vt 0.526386976 0.481294006
vt 0.534930408 0.48264572
vt 0.540904999 0.48359099
vt 0.533965468 0.475989997
vt 0.539982975 0.476974994
vt 0.537841022 0.47033
vt 0.533707023 0.470380008
vt 0.545229018 0.474584013
vt 0.540919006 0.467427999
vt 0.538484991 0.463340998
vt 0.54757297 0.481673002
vt 0.553906024 0.490785003
vt 0.547334015 0.500460029
vt 0.531485975 0.467034996
vt 0.527948022 0.475005001
vt 0.548825026 0.522949994
vt 0.567955971 0.515250981
vt 0.562061012 0.500765979
vt 0.553906024 0.490785003
vt 0.560530007 0.489888996
vt 0.59760201 0.487208009
vt 0.585704029 0.481900007
vt 0.560530007 0.489888996
vt 0.576689005 0.475243986
vt 0.574056983 0.536023974
vt 0.613606989 0.513934016
vt 0.606037021 0.498995006
vt 0.615751982 0.527704
vt 0.615059018 0.541418016
vt 0.577775002 0.551594019
vt 0.612495005 0.556190014
vt 0.606406987 0.563768029
vt 0.580487013 0.564234972
vt 0.609749973 0.484883994
vt 0.608916998 0.483770013
vt 0.620783985 0.552320004
vt 0.602115989 0.571249008
vt 0.63310498 0.540247977
vt 0.63398701 0.532985985
vt 0.636247993 0.527864993
vt 0.625918984 0.518777013
vt 0.633768022 0.54557699
vt 0.623044014 0.567991018
vt 0.626892984 0.56458497
vt 0.620477021 0.553708971
vt 0.619113982 0.573284984
vt 0.616468012 0.578082979
vt 0.602115989 0.571249008
vt 0.64103502 0.534241974
vt 0.643954992 0.529861987
vt 0.640190005 0.540473998
vt 0.642003 0.545440972
vt 0.633768022 0.54557699
vt 0.627928972 0.572400987
vt 0.632494986 0.569836974
vt 0.624540985 0.577157021
vt 0.623376012 0.58187902
vt 0.64706701 0.536036015
vt 0.651364982 0.533769011
vt 0.650066972 0.542962015
vt 0.646372974 0.540446997
vt 0.632794023 0.576731026
vt 0.636067986 0.576897979
vt 0.630517006 0.580604017
vt 0.631177008 0.583981991
vt 0.631177008 0.583981991
vt 0.620783985 0.552320004
vt 0.550604999 0.565204024
vt 0.539642453 0.573623002
vt 0.553689003 0.573403001
vt 0.538804531 0.561223507
vt 0.539642453 0.573623002
vt 0.553689003 0.573403001
vt 0.580487013 0.564234972
vt 0.538804531 0.561223507
vt 0.534624994 0.547824025
vt 0.556846023 0.648051023
vt 0.551469982 0.643476009
vt 0.538484991 0.463340998
vt 0.539578974 0.464276999
vt 0.513907015 0.562086999
vt 0.521610975 0.567003012
vt 0.525466979 0.563728988
vt 0.516557992 0.565554976
vt 0.521670997 0.572730005
vt 0.53017199 0.57437402
vt 0.523093998 0.586275995
vt 0.519698024 0.575915992
vt 0.514361024 0.574594021
vt 0.512018025 0.585599005
vt 0.529537976 0.604008973
vt 0.501371026 0.600264013
vt 0.503782988 0.584004998
vt 0.506503999 0.572360992
vt 0.514187992 0.570856988
vt 0.513907015 0.562086999
vt 0.516557992 0.565554976
vt 0.530665994 0.604761004
vt 0.529537976 0.604008973
vt 0.531008005 0.586039007
vt 0.546927989 0.599054992
vt 0.540919006 0.593554974
vt 0.553686976 0.603977025
vt 0.560467005 0.608335018
vt 0.53017199 0.57437402
vt 0.565946996 0.598384023
vt 0.559778988 0.594774008
vt 0.548704982 0.585418999
vt 0.55450201 0.589434028
vt 0.558512986 0.592736006
vt 0.561176002 0.590764999
vt 0.56803602 0.586781025
vt 0.556056023 0.586072981
vt 0.558520973 0.579271972
vt 0.562605977 0.587728024
vt 0.55923301 0.583831012
vt 0.562605977 0.587728024
vt 0.55923301 0.583831012
vt 0.558520973 0.579271972
vt 0.56803602 0.586781025
vt 0.558520973 0.579271972
vt 0.55923301 0.583831012
vt 0.59760201 0.487208009
vt 0.624674022 0.487053007
vt 0.609749973 0.484883994
vt 0.626809001 0.493039995
vt 0.630192995 0.501742005
vt 0.63340199 0.507155001
vt 0.625918984 0.518777013
vt 0.634257972 0.490525991
vt 0.634851992 0.484479994
vt 0.637573004 0.497554988
vt 0.642343998 0.501046002
vt 0.644813001 0.492660999
vt 0.642575979 0.487524986
vt 0.645054996 0.483907998
vt 0.649299026 0.493027002
vt 0.634851992 0.484479994
vt 0.625918984 0.518777013
vt 0.597563028 0.451784015
vt 0.606824994 0.448442996
vt 0.596198022 0.445134997
vt 0.602707028 0.453669995
vt 0.595218003 0.458719999
vt 0.589573026 0.45330599
vt 0.586256981 0.463613003
vt 0.592787981 0.466230005
vt 0.600470006 0.46854499
vt 0.606549978 0.469565004
vt 0.602088988 0.460586995
vt 0.608551979 0.458786011
vt 0.596198022 0.445134997
vt 0.606824994 0.448442996
vt 0.612495005 0.556190014
vt 0.620477021 0.553708971
vt 0.606549978 0.469565004
vt 0.59760201 0.487208009
vt 0.608916998 0.483770013
vt 0.589401007 0.659820974
vt 0.59610498 0.657000005
vt 0.587886989 0.663278997
vt 0.501371026 0.600264013
vt 0.460438997 0.673771024
vt 0.461885512 0.689031482
vt 0.47064501 0.688269019
vt 0.552057028 0.802774012
vt 0.518455625 0.823524177
vt 0.553417981 0.782416999
vt 0.541539013 0.720457971
vt 0.52907902 0.717489004
vt 0.529136002 0.717351973
vt 0.52907902 0.717489004
vt 0.5255 0.709963977
vt 0.455543011 0.768916011
vt 0.492828012 0.807718992
vt 0.485816002 0.79648298
vt 0.451321989 0.774737
vt 0.449286014 0.763018012
vt 0.448906988 0.76286298
vt 0.43531999 0.760119975
vt 0.446357012 0.74890399
vt 0.436363012 0.748602986
vt 0.443663001 0.731921971
vt 0.463611007 0.727268994
vt 0.457803011 0.720470011
vt 0.468225986 0.715739012
vt 0.475708008 0.725197971
vt 0.486808985 0.725911021
vt 0.478154004 0.727427006
vt 0.483364999 0.730984986
vt 0.528239012 0.75424999
vt 0.486808985 0.725911021
vt 0.532673001 0.751327991
vt 0.486808985 0.725911021
vt 0.541630983 0.781920016
vt 0.528239012 0.75424999
vt 0.541630983 0.781920016
vt 0.550719976 0.784967005
vt 0.547617972 0.803273022
vt 0.532589972 0.799385011
vt 0.531093001 0.813174009
vt 0.517331123 0.802583218
vt 0.492828012 0.807718992
vt 0.379714996 0.590251029
vt 0.342804998 0.637332976
vt 0.386902988 0.593392015
vt 0.339221001 0.629867971
vt 0.375741988 0.514707983
vt 0.382845014 0.511541009
vt 0.358897001 0.489585012
vt 0.362177998 0.48438701
vt 0.349979013 0.548327029
vt 0.352299005 0.570156991
vt 0.326270014 0.579860985
vt 0.338194996 0.565171003
vt 0.319225997 0.567081988
vt 0.325197011 0.551810026
vt 0.336825997 0.549543977
vt 0.341859013 0.551789999
vt 0.342871994 0.495997012
vt 0.343172014 0.487906992
vt 0.312370002 0.495885015
vt 0.311940998 0.487713009
vt 0.282454997 0.488274992
vt 0.281859994 0.496363014
vt 0.307563007 0.528666973
vt 0.318890005 0.528604984
vt 0.313089013 0.534879029
vt 0.296249002 0.535966992
vt 0.342642993 0.482432991
vt 0.362177998 0.48438701
vt 0.312305003 0.482219011
vt 0.330312997 0.535951018
vt 0.323430002 0.542877972
vt 0.341859013 0.551789999
vt 0.338194996 0.565171003
vt 0.313089013 0.534879029
vt 0.312830001 0.549498022
vt 0.306246996 0.567092001
vt 0.302242994 0.542883992
vt 0.300074011 0.551854014
vt 0.313089013 0.534879029
vt 0.28847 0.549080014
vt 0.283001006 0.550791025
vt 0.286664009 0.565060019
vt 0.286664009 0.565060019
vt 0.313055009 0.581342995
vt 0.311957985 0.636826992
vt 0.300282001 0.579291999
vt 0.285613 0.629696012
vt 0.311760008 0.645323992
vt 0.281601012 0.637461007
vt 0.237799004 0.593533993
vt 0.274455011 0.57011199
vt 0.244937003 0.590188026
vt 0.248861 0.514988005
vt 0.278708994 0.548798978
vt 0.266752988 0.490155011
vt 0.262533009 0.484688014
vt 0.281998992 0.482710004
vt 0.241751 0.511748016
vt 0.237799004 0.593533993
vt 0.241751 0.511748016
vt 0.283001006 0.550791025
vt 0.286664009 0.565060019
vt 0.928559005 0.161103994
vt 0.930981994 0.174054995
vt 0.940256 0.171827003
vt 0.913462996 0.0132889999
vt 0.963672996 0.154767007
vt 0.963640988 0.036564
vt 0.919106007 0.162040994
vt 0.865024984 0.0504250005
vt 0.898151994 0.184306994
vt 0.96706301 0.0327540003
vt 0.912524998 0.00597700011
vt 0.912524998 0.00597700011
vt 0.974080026 0.154847994
vt 0.989670992 0.0559180006
vt 0.989214003 0.168383002
vt 0.993589997 0.0539800003
vt 0.993589997 0.160907999
vt 0.976154029 0.168794006
vt 0.963527024 0.169590995
vt 0.919975996 0.177221
vt 0.878244996 0.175409004
vt 0.898151994 0.184306994
vt 0.841148019 0.0769909993
vt 0.867875993 0.178339005
vt 0.860732973 0.0473809987
vt 0.912524998 0.00597700011
vt 0.837007999 0.0757500008
vt 0.882472992 0.190539002
vt 0.85551703 0.1875
vt 0.87033999 0.196651995
vt 0.856661022 0.203465998
vt 0.846138 0.160620004
vt 0.851437986 0.203931004
vt 0.856661022 0.203465998
vt 0.84946698 0.175973997
vt 0.85551703 0.1875
vt 0.846138 0.160620004
vt 0.84946698 0.175973997
vt 0.149678007 0.0400799997
vt 0.169164002 0.0442089997
vt 0.165613994 0.0128840003
vt 0.179086 0.0745560005
vt 0.189971 0.0468429998
vt 0.201581001 0.0680989996
vt 0.179496005 0.104372002
vt 0.180421993 0.119998001
vt 0.165613994 0.0128840003
vt 0.131604001 0.0303089991
vt 0.133583993 0.0552019998
vt 0.113077998 0.0425250009
vt 0.132153004 0.0847299993
vt 0.113077998 0.112544
vt 0.0476190001 0.467709988
vt 0.033716999 0.46905601
vt 0.0462649986 0.470470011
vt 0.0350079983 0.464855999
vt 0.0321759991 0.473430008
vt 0.0463900007 0.472481996
vt 0.0318019986 0.476440996
vt 0.0468989983 0.474985987
vt 0.0329530016 0.480008006
vt 0.0475389995 0.47813499
vt 0.0354590006 0.484210998
vt 0.0481299981 0.480378985
vt 0.0373869985 0.48773101
vt 0.04868 0.48299101
vt 0.0645880029 0.474662006
vt 0.0645880029 0.474662006
vt 0.00965499971 0.466381013
vt 0.010307 0.461371988
vt 0.00758400001 0.479122013
vt 0.00820400007 0.473663986
vt 0.00872499961 0.484609008
vt 0.0117499996 0.491430998
vt 0.0139189996 0.496071011
vt 0.262546986 0.770449996
vt 0.276659012 0.751827002
vt 0.173681006 0.692999005
vt 0.184875995 0.672120988
vt 0.179995 0.665493011
vt 0.176690996 0.697372019
vt 0.184095994 0.645660996
vt 0.184095994 0.645660996
vt 0.177414998 0.653294981
vt 0.177414998 0.653294981
vt 0.173681006 0.656638026
vt 0.292847008 0.687232971
vt 0.286377013 0.689047992
vt 0.25604099 0.681325018
vt 0.215188995 0.731383979
vt 0.206136003 0.726180971
vt 0.170502007 0.732982993
vt 0.600607991 0.926536024
vt 0.618821979 0.930220008
vt 0.621921003 0.916274011
vt 0.629670024 0.926967978
vt 0.624040008 0.952273011
vt 0.599946022 0.934186995
vt 0.606975019 0.95203799
vt 0.62252301 0.977394998
vt 0.628956974 0.96479398
vt 0.625245988 0.976704001
vt 0.63034898 0.952874005
vt 0.591616988 0.957717001
vt 0.583423972 0.971436024
vt 0.591297984 0.969368994
vt 0.590619028 0.948870003
vt 0.576524019 0.972198009
vt 0.579034984 0.990222991
vt 0.568224013 0.989076972
vt 0.576799989 0.994506001
vt 0.56378299 0.993799984
vt 0.593905985 0.990225971
vt 0.609053016 0.989403009
vt 0.599924982 0.968196988
vt 0.620284021 0.986352026
vt 0.605953991 0.967288971
vt 0.600615025 0.957450986
vt 0.596530974 0.958234012
vt 0.593192995 0.948800981
vt 0.614750981 0.994506001
vt 0.59492898 0.994167984
vt 0.576799989 0.994506001
vt 0.614750981 0.994506001
vt 0.628391981 0.991367996
vt 0.564078987 0.985216975
vt 0.576524019 0.972198009
vt 0.56378299 0.993799984
vt 0.557003021 0.987509012
vt 0.620284021 0.986352026
vt 0.628391981 0.991367996
vt 0.631762981 0.984692991
vt 0.666462004 0.565536976
vt 0.673852026 0.674781978
vt 0.806962013 0.657203019
vt 0.527948022 0.475005001
vt 0.531485975 0.467034996
vt 0.313275009 0.218351007
vt 0.868811011 0.871638
vt 0.992936015 0.80557102
vt 0.992344022 0.877113998
vt 0.882606983 0.800643981
vt 0.895359993 0.735135019
vt 0.993115008 0.73962599
vt 0.993345976 0.673734009
vt 0.908078015 0.669767022
vt 0.860001981 0.916857004
vt 0.991410971 0.923298001
vt 0.852235019 0.957001984
vt 0.99247998 0.963656008
vt 0.845314026 0.992742002
vt 0.994885981 0.996001005
vt 0.746882021 0.864359021
vt 0.773970008 0.794543028
vt 0.882511973 0.800056994
vt 0.868746996 0.871204972
vt 0.814327002 0.868683994
vt 0.895138025 0.734775007
vt 0.798659027 0.730075002
vt 0.822920024 0.66563201
vt 0.90772301 0.66969502
vt 0.814536989 0.914318979
vt 0.860539019 0.91357702
vt 0.773087025 0.912806988
vt 0.728075027 0.909169972
vt 0.868811011 0.871638
vt 0.992936015 0.80557102
vt 0.882606983 0.800643981
vt 0.992344022 0.877113998
vt 0.895359993 0.735135019
vt 0.993115008 0.73962599
vt 0.993345976 0.673734009
vt 0.908078015 0.669767022
vt 0.860001981 0.916857004
vt 0.991410971 0.923298001
vt 0.852235019 0.957001984
vt 0.99247998 0.963656008
vt 0.845314026 0.992742002
vt 0.994885981 0.996001005
vt 0.882511973 0.800056994
vt 0.773970008 0.794543028
vt 0.746882021 0.864359021
vt 0.868746996 0.871204972
vt 0.814327002 0.868683994
vt 0.895138025 0.734775007
vt 0.798659027 0.730075002
vt 0.822920024 0.66563201
vt 0.90772301 0.66969502
vt 0.814536989 0.914318979
vt 0.860539019 0.91357702
vt 0.773087025 0.912806988
vt 0.728075027 0.909169972
vt 0.129922003 0.880060017
vt 0.0227930006 0.835568011
vt 0.110320002 0.827458024
vt 0.027454 0.889555991
vt 0.033946 0.944339991
vt 0.149697006 0.933099985
vt 0.0907249972 0.774887979
vt 0.0182140004 0.781566978
vt 0.168007001 0.98231101
vt 0.0375039987 0.986869991
vt 0.104753003 0.988606989
vt 0.0346289985 0.996949971
vt 0.0605849996 0.694023013
vt 0.00600400008 0.699021995
vt 0.033946 0.944339991
vt 0.0375039987 0.986869991
vt 0.00344099989 0.946048021
vt 0.027454 0.889555991
vt 0.109943002 0.827382028
vt 0.232123002 0.87054199
vt 0.129870996 0.879925013
vt 0.197292 0.819320977
vt 0.143585995 0.916131973
vt 0.265495002 0.925936997
vt 0.162407994 0.76810199
vt 0.0900169984 0.77482301
vt 0.113922998 0.68888402
vt 0.0593650006 0.693979979
vt 0.469725996 0.599582016
vt 0.316744 0.659750998
vt 0.301730007 0.597995996
vt 0.468809009 0.657671988
vt 0.154924005 0.655332029
vt 0.138372004 0.581250012
vt 0.47113201 0.462482005
vt 0.278669 0.461497009
vt 0.472153991 0.318183988
vt 0.274742991 0.315919012
vt 0.105782002 0.428591013
vt 0.100511 0.289299011
vt 0.472831011 0.170462996
vt 0.276192009 0.169257
vt 0.275999993 0.0225559995
vt 0.47338599 0.00405699993
vt 0.109220996 0.0523350015
vt 0.101363003 0.152265996
vt 0.622807026 0.661062002
vt 0.46993801 0.599584997
vt 0.638247013 0.599649012
vt 0.469020993 0.657675028
vt 0.741562009 0.660784006
vt 0.813340008 0.586385012
vt 0.798460007 0.65496999
vt 0.471343994 0.462484986
vt 0.664312005 0.462211013
vt 0.472366005 0.318188012
vt 0.670027018 0.316374004
vt 0.838539004 0.429672003
vt 0.844793022 0.290030986
vt 0.473042995 0.170467004
vt 0.669743001 0.169614002
vt 0.670917988 0.022868
vt 0.473598003 0.00406099996
vt 0.838540971 0.0529260002
vt 0.844793975 0.152909994
vt 0.792582989 0.697811007
vt 0.736256003 0.701349974
vt 0.767120004 0.761686027
vt 0.725548983 0.755423009
vt 0.703763008 0.802251995
vt 0.670377016 0.761727989
vt 0.658625007 0.797915995
vt 0.618342996 0.841440022
vt 0.649522007 0.863099992
vt 0.735337973 0.808167994
vt 0.671635985 0.872666001
vt 0.573481023 0.896897972
vt 0.590709984 0.92453301
vt 0.536027014 0.907379985
vt 0.519487977 0.925831974
vt 0.619419992 0.770290017
vt 0.591753006 0.751627028
vt 0.66525501 0.727137983
vt 0.582974017 0.778208017
vt 0.628027976 0.794273973
vt 0.58040297 0.795286
vt 0.595781982 0.824503005
vt 0.54034698 0.844051003
vt 0.552510977 0.870261014
vt 0.563688993 0.812986016
vt 0.525434971 0.828363001
vt 0.566672981 0.762879014
vt 0.542289972 0.737429976
vt 0.525856972 0.75473398
vt 0.470883012 0.734786987
vt 0.471332997 0.752811015
vt 0.480482996 0.850515008
vt 0.478816986 0.833711982
vt 0.483769 0.881497979
vt 0.470182002 0.714492023
vt 0.569155991 0.717836976
vt 0.47032699 0.694193006
vt 0.595749021 0.697502017
vt 0.497070014 0.906031013
vt 0.485513985 0.905822992
vt 0.49734199 0.912362993
vt 0.486429989 0.914556026
vt 0.505863011 0.922129989
vt 0.493503004 0.939189017
vt 0.487827003 0.937556982
vt 0.487123013 0.922954977
vt 0.497496992 0.942624986
vt 0.493503004 0.939189017
vt 0.482313991 0.93917501
vt 0.487827003 0.937556982
vt 0.493503004 0.939189017
vt 0.478902996 0.942974985
vt 0.482313991 0.93917501
vt 0.497496992 0.942624986
vt 0.129922003 0.880060017
vt 0.0227930006 0.835568011
vt 0.027454 0.889555991
vt 0.110320002 0.827458024
vt 0.033946 0.944339991
vt 0.149697006 0.933099985
vt 0.0907249972 0.774887979
vt 0.0182140004 0.781566978
vt 0.168007001 0.98231101
vt 0.0375039987 0.986869991
vt 0.104753003 0.988606989
vt 0.0346289985 0.996949971
vt 0.0605849996 0.694023013
vt 0.00600400008 0.699021995
vt 0.033946 0.944339991
vt 0.00344099989 0.946048021
vt 0.0375039987 0.986869991
vt 0.027454 0.889555991
vt 0.109943002 0.827382028
vt 0.232123002 0.87054199
vt 0.197292 0.819320977
vt 0.129870996 0.879925013
vt 0.143585995 0.916131973
vt 0.265495002 0.925936997
vt 0.162407994 0.76810199
vt 0.0900169984 0.77482301
vt 0.113922998 0.68888402
vt 0.0593650006 0.693979979
vt 0.469725996 0.599582016
vt 0.316744 0.659750998
vt 0.468809009 0.657671988
vt 0.301730007 0.597995996
vt 0.154924005 0.655332029
vt 0.138372004 0.581250012
vt 0.47113201 0.462482005
vt 0.278669 0.461497009
vt 0.472153991 0.318183988
vt 0.274742991 0.315919012
vt 0.105782002 0.428591013
vt 0.100511 0.289299011
vt 0.472831011 0.170462996
vt 0.276192009 0.169257
vt 0.275999993 0.0225559995
vt 0.47338599 0.00405699993
vt 0.109220996 0.0523350015
vt 0.101363003 0.152265996
vt 0.622807026 0.661062002
vt 0.46993801 0.599584997
vt 0.469020993 0.657675028
vt 0.638247013 0.599649012
vt 0.741562009 0.660784006
vt 0.813340008 0.586385012
vt 0.798460007 0.65496999
vt 0.471343994 0.462484986
vt 0.664312005 0.462211013
vt 0.472366005 0.318188012
vt 0.670027018 0.316374004
vt 0.838539004 0.429672003
vt 0.844793022 0.290030986
vt 0.473042995 0.170467004
vt 0.669743001 0.169614002
vt 0.670917988 0.022868
vt 0.473598003 0.00406099996
vt 0.838540971 0.0529260002
vt 0.844793975 0.152909994
vt 0.792582989 0.697811007
vt 0.736256003 0.701349974
vt 0.767120004 0.761686027
vt 0.725548983 0.755423009
vt 0.703763008 0.802251995
vt 0.670377016 0.761727989
vt 0.658625007 0.797915995
vt 0.618342996 0.841440022
vt 0.649522007 0.863099992
vt 0.735337973 0.808167994
vt 0.671635985 0.872666001
vt 0.573481023 0.896897972
vt 0.590709984 0.92453301
vt 0.536027014 0.907379985
vt 0.519487977 0.925831974
vt 0.619419992 0.770290017
vt 0.591753006 0.751627028
vt 0.66525501 0.727137983
vt 0.582974017 0.778208017
vt 0.628027976 0.794273973
vt 0.58040297 0.795286
vt 0.595781982 0.824503005
vt 0.54034698 0.844051003
vt 0.552510977 0.870261014
vt 0.563688993 0.812986016
vt 0.525434971 0.828363001
vt 0.566672981 0.762879014
vt 0.542289972 0.737429976
vt 0.525856972 0.75473398
vt 0.470883012 0.734786987
vt 0.471332997 0.752811015
vt 0.480482996 0.850515008
vt 0.478816986 0.833711982
vt 0.483769 0.881497979
vt 0.470182002 0.714492023
vt 0.569155991 0.717836976
vt 0.47032699 0.694193006
vt 0.595749021 0.697502017
vt 0.485513985 0.905822992
vt 0.497070014 0.906031013
vt 0.49734199 0.912362993
vt 0.486429989 0.914556026
vt 0.505863011 0.922129989
vt 0.493503004 0.939189017
vt 0.487827003 0.937556982
vt 0.487123013 0.922954977
vt 0.497496992 0.942624986
vt 0.493503004 0.939189017
vt 0.487827003 0.937556982
vt 0.482313991 0.93917501
vt 0.493503004 0.939189017
vt 0.478902996 0.942974985
vt 0.497496992 0.942624986
vt 0.482313991 0.93917501
vn 0.846812963 -0.130193755 0.515710473
vn 0.866023123 -0.500003934 0.000123862905
vn 0.563241184 -0.6505512 0.509453058
vn 0.990934551 0.134345561 0.000126142957
vn 0.846884608 -0.130146384 -0.515604854
vn 0.563249409 -0.650628388 -0.509345353
vn 0.424155861 -0.905589163 0.000123464197
vn 0.743077278 0.00462734653 0.669189632
vn 0.394139051 -0.663078189 0.636381805
vn 0.930942893 0.365164995 0.000104867453
vn 0.743145585 0.00467690779 -0.669113457
vn 0.394143313 -0.663158178 -0.636295795
vn 0.231860936 -0.972748876 9.98614996E-05
vn -0 -0.999783456 0.020811744
vn 0.804961681 -0.586156964 0.0919606239
vn -0 -0.999783456 0.020811744
vn 0.773501992 -0.628345311 0.0829271302
vn 0.952579677 -0.267841667 0.144405112
vn 0.952579677 -0.267841607 0.144405082
vn -0 -0.997076392 -0.0764114633
vn 0.830247223 -0.55595082 -0.0401022471
vn -0 -0.997076392 -0.0764114708
vn 0.807669163 -0.588077128 -0.0428454578
vn 0.960194528 -0.278824627 -0.0168301314
vn 0.960194528 -0.278824627 -0.0168301314
vn 0.703491092 -0.644605994 0.299304843
vn 0.894130468 0.00956614409 0.447704434
vn 0.315923959 -0.801690817 0.507428765
vn 0.891123295 -0.0369453654 0.452254623
vn 0.643637359 0.764395714 -0.0378174745
vn 0.746202648 0.663425505 0.0552100725
vn -0.167063415 0.849113524 -0.501094878
vn 0.326019078 0.77680105 -0.538787127
vn 0.967429161 -0.149894357 0.203991815
vn 0.259055167 -0.653201401 0.711490214
vn -0.614697754 -0.78869319 0.0104728593
vn 0.0749661177 -0.877710164 -0.473291606
vn -0.768135071 -0.462465852 0.442824841
vn -0.853165507 0.10561806 -0.510836124
vn -0.051776845 0.18739447 -0.980919182
vn 0.0749661177 -0.877710164 -0.473291606
vn 0.703491092 -0.644605994 0.299304843
vn -0.909443617 0.243041947 -0.33740595
vn -0.110220455 0.650069654 -0.751838326
vn -0.909443617 0.243041947 -0.33740595
vn -0.853165507 0.10561806 -0.510836124
vn 0.326019078 0.77680105 -0.538787127
vn -0.051776845 0.18739447 -0.980919182
vn 0.94041121 -0.335746199 0.0538632423
vn 0.372966141 -0.234688893 0.897673309
vn 0.939157665 -0.342835993 -0.0211274084
vn 0.584306955 0.428402036 0.689243853
vn -0.696433961 0.113030925 0.708663344
vn -0.540804505 0.599113643 0.590417922
vn -0.90835458 0.288129866 -0.30310598
vn -0.992909312 0.0802771598 -0.0876744241
vn 0.301115096 -0.752088666 -0.586252868
vn 0.602878869 -0.127465382 -0.787584722
vn -0.581277251 -0.540560067 -0.60820359
vn -0.239495233 0.180578709 -0.953956604
vn -0.992909312 0.0802771598 -0.0876744241
vn -0.90835458 0.288129866 -0.30310598
vn 0.980961502 -0.135500878 -0.139118284
vn 0.597886682 0.78502661 0.162064448
vn -0.425057203 0.813932002 0.396031588
vn -0.938673198 -0.0355566368 0.342970014
vn -0.938673198 -0.0355566368 0.342970014
vn -0.538364589 -0.839850903 0.0693838373
vn 0.35926649 -0.914672732 -0.185206339
vn 0.364929825 -0.0385423377 0.930236936
vn 0.364929825 -0.0385423377 0.930236936
vn 0.364929825 -0.0385423377 0.930236936
vn 0.364929825 -0.0385423377 0.930236936
vn 0.364929825 -0.0385423377 0.930236936
vn 0.364929825 -0.0385423377 0.930236936
vn 0.754559994 0.449408054 -0.478196204
vn -0.0401174203 -0.57112962 0.819878936
vn -0.383449167 0.0246080626 0.923234046
vn -0.668137491 0.139565185 0.730830967
vn -0.0896319598 -0.568188488 0.818002462
vn 0.621711254 -0.414857477 0.664355576
vn 0.651099443 -0.717280269 0.248150229
vn 0.808954895 -0.192843094 -0.555340946
vn 0.83649087 0.278930008 0.471679062
vn -0.376779675 0.454507321 0.807130873
vn 0.300396532 -0.208315983 0.93078804
vn 0.73042959 -0.644816756 0.225130662
vn 0.4992176 -0.375997216 -0.780645788
vn 0.0561358035 0.631164253 -0.773615181
vn 0.513881087 0.819417357 0.25393191
vn 0.83649087 0.278930008 0.471679062
vn -0.286210895 0.324094951 -0.901690483
vn -0.705221832 0.700930238 -0.10657873
vn 0.000613215554 0.775156379 0.63176924
vn 0.575908303 0.0590278022 0.815380454
vn 0.632572591 -0.688653588 0.354412317
vn 0.114391617 -0.732900023 -0.670650482
vn 0.632572591 -0.688653588 0.354412317
vn 0.73042959 -0.644816756 0.225130662
vn -0.551962852 0.130867735 -0.823535442
vn -0.602636158 0.783086121 -0.153641865
vn 0.883446574 0.188612327 0.428891063
vn 0.40977478 0.909941733 0.063958846
vn 0.567482173 -0.689515889 0.450035512
vn 0.632572591 -0.688653588 0.354412317
vn -0.314418197 -0.949185789 -0.0136972256
vn -0.898669302 -0.036179509 -0.437132001
vn -0.442899317 0.823091865 -0.355471551
vn -0.551962852 0.130867735 -0.823535442
vn -0.705221832 0.700930238 -0.10657873
vn -0.898669302 -0.036179509 -0.437132001
vn 0.559872389 0.505249918 -0.656708002
vn 0.997048438 -0.0500318222 -0.0582338087
vn 0.583601475 -0.55848223 0.589497209
vn -0.981241584 0.175837278 -0.0790324658
vn -0.394300669 0.61271888 -0.684910715
vn 0.583601475 -0.55848223 0.589497209
vn -0.595932186 -0.5043118 0.624927521
vn -0.981241584 0.175837278 -0.0790324658
vn 0.297998488 -0.211114585 -0.93092829
vn 0.835167706 -0.497027308 -0.235496983
vn 0.611990333 -0.354218423 0.707104743
vn 0.583601475 -0.55848223 0.589497209
vn -0.329999268 0.113987446 0.937073827
vn -0.920850992 0.381404012 0.0810210109
vn -0.920850992 0.381404012 0.0810210109
vn -0.54336834 0.194794759 -0.816581845
vn -0.0495353714 -0.679190636 -0.732288361
vn 0.701066256 -0.697310984 -0.149209514
vn 0.743425608 -0.10198161 0.660997868
vn 0.611990333 -0.354218423 0.707104743
vn -0.0680886954 0.563155293 0.823541105
vn -0.833635509 0.54244101 0.103968918
vn -0.833635509 0.54244101 0.103968918
vn -0.770436704 -0.0939698964 -0.630552948
vn -0.110197194 -0.806552887 -0.580800295
vn 0.697965801 -0.716130793 0.000597716426
vn 0.774656713 0.0293923337 0.631698549
vn 0.0647004694 0.700924516 0.710294664
vn -0.756680846 0.638003349 0.142778426
vn -0.756680846 0.638003349 0.142778426
vn -0.849597216 -0.123649001 -0.512733221
vn -0.0648765191 -0.765534937 -0.640115023
vn 0.651807249 -0.756211519 0.0573724434
vn 0.665827096 -0.0713657662 0.742685139
vn -0.00358351716 0.622620583 0.782515585
vn -0.735854208 0.666126311 0.121631607
vn -0.735854208 0.666126311 0.121631607
vn -0.787054002 -0.0343318433 -0.615928054
vn -0.632936597 -0.591677725 0.499308258
vn -0.632936597 -0.591677725 0.499308258
vn -0.632936597 -0.591677725 0.499308258
vn -0.632936597 -0.591677725 0.499308258
vn -0.632936597 -0.591677725 0.499308258
vn -0.632936597 -0.591677725 0.499308258
vn -0.156818703 0.831956804 0.532217801
vn 0.0561358035 0.631164253 -0.773615181
vn -0.67729342 0.734954298 -0.0334038921
vn 0.513881087 0.819417357 0.25393191
vn -0.383449167 0.0246080626 0.923234046
vn -0.286210895 0.324094951 -0.901690483
vn -0.705221832 0.700930238 -0.10657873
vn -0 -0.169564471 -0.985519171
vn 0.353735089 -0.925043881 0.138438508
vn 0.712407529 -0.0157069359 -0.70159018
vn 0.476015002 -0.705328465 0.525282264
vn -0.715471447 -0.652639568 0.249323636
vn -0.55438894 -0.3084234 0.772999227
vn -0 -0.999973655 0.00725743594
vn -0 -0.999973655 0.00725743594
vn -0 -0.145358622 0.989378989
vn -0 -0.169564471 -0.985519171
vn 0.353735089 -0.925043881 0.138438508
vn -0 0.690067112 -0.723745346
vn 0.712407529 -0.0157069359 -0.70159018
vn 0.843002796 -0.364511192 0.395572752
vn 0.712407529 -0.0157069359 -0.70159018
vn 0.509680212 -0.0353009105 0.859639406
vn 0.246998429 -0.548300147 0.79897356
vn -0.715471447 -0.652639568 0.249323636
vn -0.435581475 -0.876944959 -0.203067139
vn 0.246998429 -0.548300147 0.79897356
vn -0 -0.522623897 0.852563381
vn -0 -0.939486384 -0.342586219
vn -0 0.0803319067 0.996768236
vn 0.246998429 -0.548300147 0.79897356
vn -0 0.0803319067 0.996768236
vn -0 -0.145358622 0.989378989
vn -0.737475872 0.358773291 0.572198391
vn -0.55438894 -0.3084234 0.772999227
vn -0 0.532661617 0.846328318
vn -0.715471447 -0.652639568 0.249323636
vn -0.986908317 -0.0882632062 -0.134987712
vn -0.435581475 -0.876944959 -0.203067139
vn -0.575183392 -0.439159453 -0.690147161
vn -0 -0.939486384 -0.342586219
vn -0 -0.536855161 -0.843674481
vn -0 0.690067112 -0.723745346
vn 0.712407529 -0.0157069359 -0.70159018
vn 0.166845769 0.744726658 -0.646176934
vn 0.208929956 0.852183521 -0.479720384
vn 0.712407529 -0.0157069359 -0.70159018
vn 0.208818585 0.85246098 -0.479275584
vn 0.126801923 0.927488625 -0.351690203
vn 0.139921978 0.92122525 -0.362995774
vn -0 0.952201545 -0.305470556
vn -0 0.952201545 -0.305470556
vn -0.505282998 -0.139484569 0.851606309
vn -0.973329246 -0.142084897 0.180116564
vn -0.0743848085 0.385953575 0.919514418
vn -0.0932577327 -0.355660766 0.929950774
vn -0.0805664435 0.356761426 0.930714905
vn 0.32248804 -0.128594801 0.937797785
vn -0.0714687333 0.391597986 0.91735661
vn 0.747138381 0.0889504254 0.658689737
vn 0.196915492 -0.643063068 0.740063548
vn 0.212540522 -0.283154547 0.935227275
vn 0.196915492 -0.643063068 0.740063548
vn 0.212418362 -0.348140985 0.913058698
vn 0.212540939 0.283153564 0.935227454
vn 0.212418959 0.348140895 0.913058698
vn 0.19691664 0.643061876 0.740064383
vn 0.19691661 0.643061876 0.740064383
vn 0.843839884 0.450760871 -0.291116804
vn 0.673654437 0.0344222225 -0.738244355
vn 0.950972915 0.221679911 -0.215658233
vn 0.843839765 0.450760812 -0.291116834
vn 0.673657238 -0.0344254673 -0.738241792
vn 0.950972795 -0.221685618 -0.21565336
vn 0.843838751 -0.450769871 -0.291105747
vn 0.843838751 -0.450769871 -0.291105747
vn -0.00829230342 -0.945325017 -0.326024413
vn -0.00829230249 -0.945325017 -0.326024354
vn -0.00829230342 -0.945325017 -0.326024354
vn -0.00829230435 -0.945325017 -0.326024383
vn -0.00829647202 0.945317328 -0.326046467
vn -0.00829647202 0.945317328 -0.326046467
vn -0.00829647109 0.945317328 -0.326046437
vn -0.00829647202 0.945317328 -0.326046467
vn 0.673657238 -0.0344254673 -0.738241792
vn -0.221043229 -0.355662882 -0.908098996
vn -0.221042171 0.355662018 -0.908099592
vn 0.673654437 0.0344222225 -0.738244355
vn -0.200364903 -0.65231657 -0.730983615
vn -0.200364888 -0.65231657 -0.730983555
vn -0.200362995 0.652316153 -0.730984449
vn -0.200362965 0.652316153 -0.730984449
vn 0.819011807 -0.457378209 0.346446037
vn 0.196911648 -0.940157056 0.278083742
vn 0.175720543 -0.713866889 0.677876353
vn 0.989116132 -0.0126723303 -0.14658992
vn -0.0491593033 -0.00128096552 -0.998790205
vn 0.642076612 -0.33376947 0.690170705
vn 0.0590998195 -0.619596839 -0.782692075
vn 0.819011807 -0.457378209 0.346446037
vn 0.175720543 -0.713866889 0.677876353
vn 0.114365771 -0.208258986 0.971364319
vn -0.414976954 -0.5481112 0.726201296
vn -0.559243798 -0.720767081 0.409562111
vn -0.92141062 -0.385134339 -0.0517110676
vn 0.196911648 -0.940157056 0.278083742
vn 0.0590998195 -0.619596839 -0.782692075
vn -0.0491593033 -0.00128096552 -0.998790205
vn -0.039012298 0.185400739 0.981888354
vn 0.779941618 -0.516713619 0.353126228
vn 0.100983649 -0.955584288 0.276877195
vn 0.113017038 -0.720055819 0.684650779
vn 0.982777894 -0.112191595 -0.146835729
vn -0.0490344167 0.00369344722 -0.998790324
vn 0.636840403 -0.338726193 0.692602932
vn -0.137829766 -0.848499835 0.510931551
vn -0.955702722 -0.289689958 -0.0520775653
vn -0.672697306 -0.62935853 0.389083952
vn -0.137829766 -0.848499835 0.510931551
vn -0.488194317 -0.46586746 0.737993121
vn 0.114760816 -0.196987301 0.973666251
vn -0.0490344167 0.00369344722 -0.998790324
vn 0.100983649 -0.955584288 0.276877195
vn 0.113017038 -0.720055819 0.684650779
vn 0.114760816 -0.196987301 0.973666251
vn 0.0621860437 0.227913335 0.971693516
vn 0.745485306 -0.589142561 0.311709255
vn 0.0618193485 -0.959290385 0.275572896
vn 0.0766763464 -0.734217107 0.674571037
vn 0.972344756 -0.159143567 -0.170935273
vn -0.0734293461 0.00683553377 -0.997276962
vn 0.587990999 -0.481247216 0.65012902
vn -0.29149127 -0.922532856 -0.252914786
vn 0.0766763464 -0.734217107 0.674571037
vn 0.136496663 -0.153324246 0.978703439
vn -0.55130887 -0.496849537 0.670223117
vn -0.7255283 -0.579407752 0.371342748
vn -0.969383121 -0.243953303 -0.027986804
vn 0.0618193485 -0.959290385 0.275572896
vn -0.0734293461 0.00683553377 -0.997276962
vn -0.29149127 -0.922532856 -0.252914786
vn -0.7255283 -0.579407752 0.371342748
vn -0.0465377979 0.176018879 0.983286023
vn 0.136496663 -0.153324246 0.978703439
vn -0.336058885 0.688479781 -0.642697334
vn -0.220854685 0.885741293 -0.408271283
vn -0 0.854101241 -0.520106912
vn -0.345644206 0.772140682 -0.533225
vn -0.561425269 0.642523825 -0.521502435
vn -0.657043576 0.489888221 -0.572977483
vn -0 0.69933784 -0.714791179
vn -0 0.443584085 -0.896232784
vn -0.0316770338 0.951542437 -0.3058815
vn -0.120678239 0.888837934 -0.442045182
vn -0.403969198 0.842483759 -0.356412768
vn 0.155950651 0.964681923 -0.212292403
vn 0.272425115 0.914840221 -0.298080325
vn 0.371751338 0.9207322 -0.118546054
vn -0.381903589 0.906589091 -0.17957148
vn 0.138968647 0.986889243 -0.0820816979
vn 0.243710324 0.95675391 -0.158830762
vn -0.263335645 0.928960681 -0.260166258
vn -0.193304211 0.960995674 -0.197790012
vn -0.638776898 0.719916582 -0.271448106
vn -0.695700705 0.639063895 -0.328021139
vn 0.349415362 0.93481195 -0.0635258928
vn 0.624013126 0.778527975 -0.0670944452
vn 0.756360114 0.654143155 -0.00400535297
vn 0.855624259 0.517534971 -0.00803639181
vn 0.937486112 0.347815692 -0.0119980816
vn 0.96890533 0.245898396 -0.027502967
vn 0.996548712 -0.0233386625 -0.0796613097
vn 0.970944703 0.17444925 0.163810119
vn 0.974844813 -0.222861886 -0.00317671848
vn 0.926348388 -0.36970824 0.0720729157
vn 0.956447065 0.0504825078 0.287507623
vn 0.950309277 0.0506446026 0.307160348
vn 0.786431015 0.475541681 0.394190639
vn 0.773366988 0.488117397 0.404530525
vn 0.818069875 0.550402999 0.166788146
vn 0.334059 0.917475939 0.215968966
vn 0.301508039 0.848286033 0.435320169
vn -0.202266559 0.966316581 0.15912424
vn -0.227367967 0.89649111 0.380273044
vn -0.723584354 0.688925922 0.0425052419
vn -0.70828253 0.645917356 0.284827411
vn -0.982944429 0.170574844 -0.0687350333
vn -0.981485546 0.14970091 0.119481176
vn 0.989533246 0.115819804 0.0860795677
vn -0.698872447 0.676015496 0.233624399
vn -0.236498371 0.918441772 0.31706962
vn 0.342784971 0.862628043 0.371983141
vn -0.975402653 0.220053628 0.012888331
vn 0.961040914 0.260285646 -0.0930141807
vn -0.227255926 0.970768452 0.077223286
vn -0.682468057 0.730852544 -0.00958662201
vn 0.386476904 0.904421508 0.180713609
vn 0.811430454 0.538013816 0.228301734
vn -0.95912379 0.261142999 -0.109022401
vn -0.936271727 0.252994686 -0.243698508
vn -0.923824549 0.167520627 -0.344216436
vn -0.972634733 0.149859235 -0.177549437
vn -0.844130695 0.504482031 -0.181497008
vn -0.994877815 0.0985917896 -0.0223096143
vn -0.802206516 0.020219937 -0.596704066
vn -0 -0.0882377177 -0.996099472
vn -0 0.443584085 -0.896232784
vn -0.336831659 -0.809905469 -0.480205774
vn -0.11544589 -0.927787244 -0.354799926
vn -0.180663422 -0.981986761 0.0553415529
vn -0 0.517024517 -0.855970621
vn -0.548412442 -0.606513262 -0.575660825
vn -0.695810258 -0.710475028 -0.105229348
vn -0.971283913 -0.23620823 -0.0285186395
vn -0.975536585 -0.148101285 -0.162463322
vn -0.994877815 0.0985917896 -0.0223096143
vn -0.972634733 0.149859235 -0.177549437
vn -0.923824549 0.167520627 -0.344216436
vn -0.846507549 -0.469663799 -0.250681013
vn -0.936271727 0.252994686 -0.243698508
vn -0.896575689 -0.381723464 -0.224586517
vn -0.480683506 -0.847443342 -0.22535108
vn -0.476158977 -0.847894251 -0.233126178
vn 0.126084402 -0.977375865 -0.169820681
vn -0.007635138 -0.994782388 -0.101733185
vn 0.442179799 -0.895545602 -0.0497491919
vn -0.864421368 -0.442738861 -0.238239303
vn -0.447422177 -0.856638372 -0.256873637
vn -0.436463207 -0.832995117 -0.340027899
vn -0.855980694 -0.452488124 -0.250103146
vn -0.502949238 -0.810654104 -0.299803406
vn 0.0161132142 -0.930800617 -0.365171909
vn 0.044172436 -0.943940878 -0.327145875
vn -0.973329246 -0.142084897 0.180116564
vn -0.975402653 0.220053628 0.012888331
vn -0.981485546 0.14970091 0.119481176
vn -0.95912379 0.261142999 -0.109022401
vn 0.0864225402 -0.972769082 -0.215061367
vn 0.611793339 -0.77022624 -0.180167958
vn 0.0161132142 -0.930800617 -0.365171909
vn 0.649254441 -0.752278566 -0.112007394
vn 0.95351553 -0.223843381 0.201748073
vn 0.683001995 -0.717875123 -0.134771809
vn 0.758131862 -0.636376917 -0.142339319
vn 0.927006483 -0.370625138 -0.0574098639
vn 0.494058758 -0.860898077 0.121492669
vn 0.040900629 -0.998614311 0.0331153646
vn -0.343325645 -0.9371562 -0.062175326
vn 0.137110457 -0.978122473 0.156451866
vn 0.898489237 -0.436127216 0.0501012281
vn 0.419233412 -0.884712458 0.203782231
vn 0.0825731978 -0.988658249 0.125445157
vn 0.261194706 -0.964247465 0.044766061
vn -0.0387883931 -0.976009786 -0.214243993
vn -0.279957026 -0.959403396 -0.0341918729
vn -0.0387883931 -0.976009786 -0.214243993
vn 0.431992233 -0.89779675 0.0856950581
vn -0.987879813 -0.121363513 -0.096770145
vn -0.982944429 0.170574844 -0.0687350333
vn -0.959725261 -0.263844609 0.0965063199
vn -0.923410594 0.368969321 0.10570991
vn -0.998439133 -0.00913978554 -0.0550977588
vn -0.505282998 -0.139484569 0.851606309
vn -0.600518286 -0.775859654 -0.193441197
vn -0.0932577327 -0.355660766 0.929950774
vn -0.0742265135 -0.774258792 0.628501117
vn -0.201360494 -0.673812807 -0.710936129
vn 0.0701159984 -0.492905587 -0.867253006
vn 0.0574323274 -0.690132022 -0.721400976
vn 0.191958502 -0.486585766 -0.852283001
vn 0.299921542 -0.674595177 -0.674513459
vn 0.910433352 -0.260792106 0.321089834
vn -0.584954023 -0.767334104 -0.262729943
vn -0.615515113 -0.758562624 -0.213831335
vn 0.0213099364 -0.962431729 -0.27068615
vn 0.603957057 -0.781168759 -0.15814963
vn 0.625712514 -0.774817288 -0.0902332291
vn -0.0173169728 -0.978580356 0.205136016
vn 0.337383926 -0.937722445 0.082757093
vn 0.594873965 -0.798063993 -0.0960148051
vn 0.673637271 -0.738889039 0.0159963183
vn 0.999488235 -0.0149750654 -0.0282649286
vn 0.925296962 -0.167634964 -0.340182394
vn 0.598603725 -0.763238072 -0.243189484
vn -0.0272036586 -0.999453127 0.0187983084
vn 0.0118824793 -0.978200555 -0.207322165
vn -0.704702258 -0.701482356 -0.106382281
vn -0.576840103 -0.746121109 -0.332503825
vn -0.854556084 -0.12630038 -0.503767848
vn -0.976609886 0.0214840136 -0.21394299
vn 0.514107585 0.856570065 -0.0445112288
vn 0.719979465 0.0432607718 -0.692645788
vn 0.248604417 -0.430591822 -0.867632687
vn 0.719979465 0.0432607718 -0.692645788
vn 0.0368735269 -0.527354598 -0.848844767
vn -0.149212301 -0.432541341 -0.889181435
vn -0.306719482 -0.332997233 -0.891647875
vn -0.856079042 0.475349158 -0.202908486
vn -0.714701414 0.0394664258 -0.698315263
vn -0.87458843 0.479100734 -0.0745494813
vn -0.977890074 -0.0566896796 -0.201289326
vn -0.587609231 -0.782567143 -0.205679715
vn -0.342180818 -0.939572155 0.0107895611
vn -0.231113032 -0.905914187 -0.354832679
vn -0.289756089 -0.943322003 0.161817297
vn 0.253047705 -0.943346441 0.214626431
vn 0.39862898 -0.871369064 -0.286026031
vn 0.285215408 -0.906402051 -0.311588794
vn -0.337060332 -0.871534824 -0.356114209
vn 0.484741747 0.871652842 0.0724347383
vn -0.17674166 0.980060339 -0.0907974467
vn 0.43715018 0.899380386 -0.00382743776
vn -0.173758313 0.984775603 -0.0050067855
vn -0.750164092 0.659519911 -0.0478256829
vn -0.718563199 0.680776834 -0.142161429
vn -0.945119262 0.308382541 0.107935123
vn -0.146134406 0.973986387 -0.1731911
vn -0.671620548 0.70863539 -0.216244593
vn 0.520685256 0.84853512 -0.0942075774
vn 0.874272346 0.467006445 0.132487565
vn 0.947193921 0.317976505 -0.0414076708
vn 0.996816099 0.0780143142 0.0164792147
vn 0.857760429 -0.185004249 0.479604393
vn 0.835954547 0.513029099 0.194887653
vn 0.861681998 -0.086014688 0.500105619
vn -0.951374233 0.267863661 -0.152105957
vn -0.628651083 0.632242739 -0.452843308
vn 0.406573892 0.775827885 -0.482481867
vn 0.839782536 0.483645499 -0.246682525
vn -0.156093061 0.976667404 -0.147497952
vn -0.704227567 0.685546517 -0.184633568
vn 0.486643195 0.869428515 -0.0852782652
vn -0.805905938 0.539726198 -0.243333817
vn -0.909129918 0.367783695 -0.195494264
vn 0.993410528 -0.0874502882 -0.0740808696
vn 0.245880395 0.358659089 -0.900503516
vn 0.568088412 0.250196099 -0.784013629
vn 0.982276499 0.158784375 -0.0996010229
vn 0.529519737 0.131838739 -0.837990046
vn -0.0317825601 0.293382168 -0.955466807
vn -0.12828508 0.789512157 -0.600177765
vn -0.298283219 0.305893391 -0.904132962
vn -0.951374233 0.267863661 -0.152105957
vn 0.990798831 0.0810814425 -0.108367324
vn 0.506222963 0.0731253475 -0.859296739
vn 0.553414881 0.187610656 0.811501205
vn 0.509767532 -0.29698199 -0.807427347
vn 0.781834781 -0.608736575 -0.134811178
vn 0.59991318 0.13879177 0.787934601
vn -0.039012298 0.185400739 0.981888354
vn 0.642076612 -0.33376947 0.690170705
vn 0.748120666 -0.376234084 0.546592593
vn 0.819011807 -0.457378209 0.346446037
vn 0.0590998195 -0.619596839 -0.782692075
vn -0.951374233 0.267863661 -0.152105957
vn -0.629233599 0.136573359 -0.765122771
vn -0.0343737453 -0.204036891 0.97835964
vn 0.861681998 -0.086014688 0.500105619
vn 0.553414881 0.187610656 0.811501205
vn -0.644074976 -0.0366250761 0.764085054
vn -0.414976954 -0.5481112 0.726201296
vn -0.511734247 -0.611588418 0.603396833
vn -0.553542674 -0.827345312 -0.0953426734
vn 0.0590998195 -0.619596839 -0.782692075
vn -0.559243798 -0.720767081 0.409562111
vn 0.336418092 -0.545410573 0.767691433
vn 0.450785935 -0.267920941 0.851475477
vn -0.170642331 -0.289329261 0.941896856
vn -0.0220367722 -0.567813516 0.822862208
vn 0.331397325 -0.683054745 0.650854886
vn 0.857760429 -0.185004249 0.479604393
vn -0.0346580967 -0.694724083 0.718440831
vn -0.70320785 -0.357330114 0.614665687
vn -0.725162566 -0.273552328 0.631908536
vn -0.951374233 0.267863661 -0.152105957
vn -0.945119262 0.308382541 0.107935123
vn -0.679112852 -0.0187336188 0.733794808
vn 0.16565381 -0.356758505 0.919392288
vn 0.182659075 -0.939115822 -0.291027784
vn 0.636480212 0.103086598 0.764372945
vn 0.0621860437 0.227913335 0.971693516
vn -0.621828198 7.58106689E-05 0.783153653
vn 0.182659075 -0.939115822 -0.291027784
vn 0.636840403 -0.338726193 0.692602932
vn 0.669088244 -0.442782789 0.596878946
vn 0.779941618 -0.516713619 0.353126228
vn 0.756653607 -0.645564973 -0.103542805
vn -0.137829766 -0.848499835 0.510931551
vn -0.670307338 -0.736814618 -0.088273637
vn 0.00994483382 -0.914865851 -0.403635383
vn 0.756653607 -0.645564973 -0.103542805
vn -0.488194317 -0.46586746 0.737993121
vn -0.572364807 -0.556009889 0.602703512
vn -0.670307338 -0.736814618 -0.088273637
vn -0.672697306 -0.62935853 0.389083952
vn -0.137829766 -0.848499835 0.510931551
vn 0.00994483382 -0.914865851 -0.403635383
vn -0.996692538 -0.0808894932 0.00779929385
vn -0.951374233 0.267863661 -0.152105957
vn -0.679112852 -0.0187336188 0.733794808
vn -0.629233599 0.136573359 -0.765122771
vn -0.550053656 -0.0118413363 -0.835045397
vn -0.999620795 -0.0247726198 -0.0120201278
vn -0.500345111 0.000452014297 -0.865825891
vn -0.59291625 -0.0299568474 0.804706812
vn -0.0465377979 0.176018879 0.983286023
vn -0.980142355 -0.151407748 -0.128049508
vn -0.678985 -0.710105538 -0.186358437
vn -0.629227281 -0.562699735 0.536136031
vn -0.417402714 -0.35583207 -0.836156905
vn -0.7255283 -0.579407752 0.371342748
vn -0.29149127 -0.922532856 -0.252914786
vn -0.55130887 -0.496849537 0.670223117
vn 0.582295477 0.0304959379 0.81240499
vn -0.679112852 -0.0187336188 0.733794808
vn 0.587990999 -0.481247216 0.65012902
vn 0.664783418 -0.514426649 0.541690171
vn 0.745485306 -0.589142561 0.311709255
vn 0.732768953 -0.672934413 -0.10103891
vn -0.29149127 -0.922532856 -0.252914786
vn 0.182659075 -0.939115822 -0.291027784
vn 0.182659075 -0.939115822 -0.291027784
vn 0.993410528 -0.0874502882 -0.0740808696
vn -0 -0.0882377177 -0.996099472
vn -0 -0.547544479 -0.836776555
vn -0.802206516 0.020219937 -0.596704066
vn -0 -0.0882377177 -0.996099472
vn -0 -0.547544479 -0.836776555
vn 0.517869592 0.85428232 0.0448653847
vn 0.501653194 0.864575326 -0.0292155109
vn 0.700969338 0.710536063 0.0614858568
vn 0.596352279 0.789379716 -0.145751938
vn 0.637305558 0.766924381 -0.0752900541
vn 0.426632285 0.90037179 -0.0855315775
vn 0.366346806 0.930415034 0.0108506922
vn 0.366346806 0.930415034 0.0108506922
vn 0.496055454 0.861102998 0.11149285
vn 0.412760139 0.827546597 -0.380520225
vn 0.417739183 0.752390921 -0.509315133
vn 0.568088412 0.250196099 -0.784013629
vn 0.0322359614 0.0413830653 -0.998623133
vn 0.529519737 0.131838739 -0.837990046
vn 0.245880395 0.358659089 -0.900503516
vn -0.0317825601 0.293382168 -0.955466807
vn -0.0175990444 0.0392568856 -0.999074101
vn -0.298283219 0.305893391 -0.904132962
vn -0.550053656 -0.0118413363 -0.835045397
vn -0.629233599 0.136573359 -0.765122771
vn 0.105814472 -0.109263085 -0.988364697
vn -0.500345111 0.000452014297 -0.865825891
vn 0.148859814 -0.104598328 -0.983310699
vn -0.125985533 -0.144386753 -0.98146832
vn 0.506222963 0.0731253475 -0.859296739
vn -0.0449143536 -0.110387817 -0.992873192
vn 0.00994483382 -0.914865851 -0.403635383
vn 0.182659075 -0.939115822 -0.291027784
vn 0.509767532 -0.29698199 -0.807427347
vn -0.398026854 -0.446270525 -0.80150944
vn 0.00994483382 -0.914865851 -0.403635383
vn -0.553542674 -0.827345312 -0.0953426734
vn 0.525526702 -0.364742488 -0.76862514
vn -0.417402714 -0.35583207 -0.836156905
vn 0.447509527 -0.33881703 -0.827609956
vn -0.446059704 -0.406031787 -0.797601938
vn 0.182659075 -0.939115822 -0.291027784
vn 0.00994483382 -0.914865851 -0.403635383
vn 0.756653607 -0.645564973 -0.103542805
vn 0.0616616458 -0.997849107 -0.022247158
vn 0.756653607 -0.645564973 -0.103542805
vn -0.670307338 -0.736814618 -0.088273637
vn 0.0590998195 -0.619596839 -0.782692075
vn 0.781834781 -0.608736575 -0.134811178
vn -0.137829766 -0.848499835 0.510931551
vn -0.670307338 -0.736814618 -0.088273637
vn 0.0111269746 -0.957396209 -0.288563281
vn 0.732768953 -0.672934413 -0.10103891
vn 0.182659075 -0.939115822 -0.291027784
vn -0.670307338 -0.736814618 -0.088273637
vn -0.29149127 -0.922532856 -0.252914786
vn -0.678985 -0.710105538 -0.186358437
vn -0.417402714 -0.35583207 -0.836156905
vn 0.553414881 0.187610656 0.811501205
vn -0.0343737453 -0.204036891 0.97835964
vn 0.00994483382 -0.914865851 -0.403635383
vn -0.553542674 -0.827345312 -0.0953426734
vn 0.00994483382 -0.914865851 -0.403635383
vn -0.417402714 -0.35583207 -0.836156905
vn -0.500345111 0.000452014297 -0.865825891
vn -0.500345111 0.000452014297 -0.865825891
vn -0.417402714 -0.35583207 -0.836156905
vn -0.511734247 -0.611588418 0.603396833
vn 0.0590998195 -0.619596839 -0.782692075
vn 0.0590998195 -0.619596839 -0.782692075
vn -0.553542674 -0.827345312 -0.0953426734
vn 0.527663708 -0.486349374 0.69644475
vn -0.0932577327 -0.355660766 0.929950774
vn 0.32248804 -0.128594801 0.937797785
vn 0.747138381 0.0889504254 0.658689737
vn 0.841895938 0.430266023 0.325702876
vn 0.986584783 -0.0271384269 0.160977572
vn 0.00432130974 0.984828651 0.173475966
vn 0.0257161297 0.998168588 -0.0547562279
vn 0.719979465 0.0432607718 -0.692645788
vn 0.10134089 -0.194528177 -0.975647926
vn 0.055157803 -0.173295647 -0.983324111
vn -0.714701414 0.0394664258 -0.698315263
vn 0.260616809 -0.789989054 0.55497402
vn -0.228269845 -0.215948626 0.949346721
vn 0.260616809 -0.789989054 0.55497402
vn -0.455563188 -0.888580322 0.053731855
vn 0.0537947714 0.124003887 -0.990822434
vn -0.819062591 -0.000955034455 -0.573703408
vn -0.127686009 -0.59659338 -0.792320967
vn 0.652558446 -0.246427715 -0.716547847
vn 0.634806454 0.744171023 -0.207919136
vn -0.819062591 -0.000955034455 -0.573703408
vn -0.593063116 0.715144277 0.369925499
vn 0.22510165 0.499016553 0.836846232
vn -0.593063116 0.715144277 0.369925499
vn -0.228269845 -0.215948626 0.949346721
vn -0.455563188 -0.888580322 0.053731855
vn -0.819062591 -0.000955034455 -0.573703408
vn 0.634806454 0.744171023 -0.207919136
vn -0.593063116 0.715144277 0.369925499
vn 0.0537947714 0.124003887 -0.990822434
vn 0.652558446 -0.246427715 -0.716547847
vn 0.652558446 -0.246427745 -0.716547787
vn 0.634806454 0.744171023 -0.207919136
vn 0.259207964 0.21885334 0.940698981
vn 0.0539094135 0.970494628 -0.235018909
vn 0.331910461 0.343689054 0.87847209
vn -0.0434200019 0.96129787 -0.272068471
vn 0.314436853 0.884978175 0.343428522
vn 0.314436883 0.884978175 0.343428552
vn -0.253059924 -0.181343541 -0.95030272
vn 0.282984912 0.359516501 -0.889194846
vn -0.23984921 -0.277842641 -0.930202067
vn -0.00713239703 -0.929440439 0.36890322
vn 0.041581247 -0.980157912 0.193807796
vn 0.639544964 -0.763678193 -0.0881916434
vn 0.239080682 -0.357667029 0.902726233
vn 0.0280123074 -0.318559557 -0.947488785
vn 0.637491405 0.173554972 -0.750655293
vn 0.637491405 0.173554972 -0.750655293
vn -0.253059924 -0.181343541 -0.95030272
vn 0.0280123074 -0.318559557 -0.947488785
vn -0.253059924 -0.181343541 -0.95030272
vn 0.041581247 -0.980157912 0.193807796
vn -0.00713239703 -0.929440439 0.36890322
vn -0.23984921 -0.277842641 -0.930202067
vn 0.0280123074 -0.318559557 -0.947488785
vn 0.639544964 -0.763678193 -0.0881916434
vn 0.956565499 0.0570232943 -0.285886079
vn 0.896276474 -0.403122962 -0.184879407
vn 0.919885099 -0.391413838 -0.0246305447
vn 0.940186918 0.167056352 -0.296885043
vn 0.831929505 0.415297121 -0.367996722
vn 0.580456376 -0.136405244 -0.802785158
vn 0.928967297 -0.0540721156 -0.366191268
vn 0.985739172 -0.16627948 -0.0258718431
vn 0.493627518 0.19339788 -0.847896814
vn 0.907385826 -0.0345248841 -0.418878078
vn 0.872153342 0.469234824 -0.138446227
vn 0.674076974 0.722372055 0.154268727
vn 0.698080361 0.539398074 -0.470885992
vn 0.275169969 0.955512524 -0.106194988
vn 0.335584074 0.55265516 -0.762860179
vn 0.335714459 0.550185502 -0.764586031
vn 0.477302313 0.0533962063 -0.877115428
vn 0.477909416 0.0523357801 -0.876848578
vn 0.510573387 0.191540658 -0.838228524
vn 0.513543665 0.182283655 -0.838478148
vn 0.0373947881 0.694467962 -0.718551159
vn 0.0440811366 0.69189465 -0.720651507
vn -0.291931689 0.771403968 -0.565430582
vn -0.291931748 0.771404088 -0.565430582
vn 0.0770121738 0.957975268 0.276319563
vn -0.0428955555 0.969709754 0.240464076
vn 0.994778037 0.0999825373 -0.0205002148
vn 0.930930257 0.112091631 -0.347569257
vn 0.93744117 0.343838513 -0.0545803495
vn 0.930368781 0.323512316 0.172492728
vn 0.796914637 0.521554351 0.304808229
vn 0.799396753 0.519113243 0.302467018
vn 0.511459589 0.729787767 0.453672767
vn 0.485750705 0.742049515 0.461961776
vn 0.14400728 0.836546302 0.528632343
vn 0.14400728 0.836546302 0.528632343
vn 0.930740237 0.317197114 -0.181957975
vn 0.969724298 -0.237641066 0.056226749
vn 0.217601359 -0.248285398 0.943930149
vn 0.112760477 -0.181823522 0.976844609
vn 0.217601359 -0.248285398 0.943930149
vn 0.111027688 -0.180709928 0.977249622
vn 0.0174772032 -0.0362899937 0.999188483
vn 0.0176885501 -0.0351073109 0.999227047
vn -0.817448497 0.164562166 0.551993906
vn -0.0906409323 0.600607157 0.794389904
vn -0.952542543 0.267657697 0.144989893
vn -0.952542543 0.267657697 0.144989878
vn -0.952542543 0.267657697 0.144989878
vn -0.952542543 0.267657697 0.144989878
vn -0.952542543 0.267657697 0.144989878
vn 0.474701136 -0.34283343 -0.810631931
vn 0.698080361 0.539398074 -0.470885992
vn 0.495336652 -0.54341644 -0.677746415
vn 0.585574627 0.626149237 -0.514819801
vn 0.627246022 0.722145498 -0.291664779
vn 0.634590328 0.715653241 -0.291779995
vn -0.161430165 -0.84593749 -0.5082618
vn -0.121695593 -0.607341826 -0.785064399
vn -0.121695608 -0.607341826 -0.785064399
vn -0.161548913 -0.846685171 -0.506977499
vn -0.0771646798 -0.989403605 0.122988731
vn -0.0740253776 -0.988574684 0.131302297
vn 0.0338984504 -0.915055752 0.401900381
vn 0.0338984467 -0.915055752 0.401900351
vn -0.897923112 0.403680682 0.175430864
vn -0.94327271 0.33200562 -0.00297959335
vn -0.945880115 0.324317753 -0.0113490447
vn -0.896777153 0.402041882 0.184805214
vn -0.750107229 0.343080789 -0.565362394
vn -0.983516037 0.171950281 -0.0559405051
vn -0.989379823 0.109344333 -0.0957678631
vn -0.868958056 0.372373551 0.32595998
vn -0.967811644 0.118496507 -0.22203441
vn -0.719073832 0.643561661 0.262223512
vn -0.485278636 0.55072242 -0.679124057
vn -0.394523829 0.918691635 -0.018884521
vn -0.817448497 0.164562166 0.551993906
vn -0.941668093 -0.204441994 -0.267329097
vn -0.980918825 -0.190242082 0.0400775038
vn -0.986287177 -0.161116123 0.0357657261
vn -0.804505229 -0.515718818 -0.294627547
vn -0.803678036 -0.51660037 -0.295339793
vn -0.486510932 -0.744105756 -0.457835823
vn -0.51093173 -0.732673585 -0.449597746
vn -0.124632232 -0.837847173 -0.531487584
vn -0.12463221 -0.837847173 -0.531487405
vn -0.957374454 -0.283785462 0.0538516864
vn -0.0388704836 0.958494067 -0.282450348
vn 0.0888305232 0.0839922279 -0.992499053
vn -0 1 5.10242262E-06
vn -0 -0.126024321 -0.992027104
vn 0.543896496 -0.371255428 0.752559602
vn 0.526209474 -0.713028431 0.463350773
vn 0.326592803 -0.74369055 0.583319366
vn 0.397846788 -0.905353487 0.148502499
vn 0.326592803 -0.74369055 0.583319366
vn 0.326592803 -0.74369055 0.583319366
vn 0.0797026977 -0.846247792 0.526794195
vn 0.0797026977 -0.846247792 0.526794195
vn 0.0202564429 -0.456241876 0.889625192
vn 0.326592803 -0.74369055 0.583319366
vn 0.543896496 -0.371255428 0.752559602
vn 0.326592803 -0.74369055 0.583319366
vn 0.093408972 -0.783673763 0.614109278
vn 0.606085062 -0.515756965 0.605521023
vn 0.64400661 -0.756699502 0.112522475
vn 0.606085062 -0.515756965 0.605521023
vn 0.921581566 -0.36845687 0.122175895
vn 0.606085062 -0.515756965 0.605521023
vn 0.79174757 -0.10815271 0.601197779
vn 0.79174757 -0.10815271 0.601197779
vn 0.606085062 -0.515756965 0.605521023
vn 0.219505474 -0.295580208 0.929757833
vn 0.606085062 -0.515756965 0.605521023
vn 0.093408972 -0.783673763 0.614109278
vn 0.794703066 -0.131870702 0.592500865
vn 0.432233751 -0.0326870196 0.901169002
vn 0.772110701 0.337101877 0.538709044
vn 0.4052369 -0.584658444 0.702821195
vn 0.794703066 -0.131870702 0.592500865
vn 0.772110701 0.337101877 0.538709044
vn 0.980385303 0.0138630569 0.196602389
vn 0.794703066 -0.131870702 0.592500865
vn 0.794703066 -0.131870702 0.592500865
vn 0.779843032 -0.572230339 0.25376597
vn 0.4052369 -0.584658444 0.702821195
vn 0.794703066 -0.131870702 0.592500865
vn -0.0387184769 0.996868432 0.0689503029
vn -0.0906195119 0.993261039 0.0722535029
vn -0.0813845694 0.985351443 0.149863392
vn 0.753402591 -0.571710408 0.32485652
vn 0.0012321187 0.999580801 0.0289268792
vn -0 0.984610438 0.174763635
vn -0.541607857 0.667064071 0.51155293
vn -0 0.982201993 0.1878279
vn -0.520007312 0.0866632834 0.849754035
vn 0.741015077 -0.220169559 0.634367347
vn 0.83324182 0.282744735 -0.475145757
vn 0.97301507 0.160801545 -0.165483207
vn 0.725768149 0.0530879833 0.685887992
vn 0.87633729 -0.439534664 -0.197084248
vn 0.776273251 0.531140864 -0.339542687
vn 0.795222998 0.332048625 -0.507310688
vn 0.220989883 -0.222322837 0.949597895
vn 0.218679398 -0.144238964 0.9650774
vn 0.106209673 -0.295627147 0.949380875
vn 0.632941306 -0.504241467 0.587474167
vn 0.483115405 -0.607416272 0.630590856
vn 0.0330112353 -0.240771234 0.970020354
vn 0.130295575 -0.0851335004 0.987813354
vn 0.607692242 0.313325703 0.729751348
vn 0.0692499429 -0.0101103662 0.997548044
vn 0.928572834 0.332444966 -0.165023714
vn 0.894041479 -0.399670124 -0.202369854
vn 0.519599438 -0.813267887 -0.261938334
vn 0.750900447 -0.283575863 -0.596433699
vn 0.931493878 -0.0115516251 -0.363573551
vn 0.80826807 -0.295063049 -0.509549201
vn 0.612729311 -0.631372511 -0.475322396
vn 0.307470709 -0.707758844 0.636033833
vn 0.428409398 -0.641429961 -0.636422038
vn 0.344511479 -0.424157023 -0.83749783
vn -0.224956647 -0.48804006 -0.843333483
vn 0.595477223 0.794700384 -0.117720544
vn 0.3423464 0.58443743 0.735684633
vn 0.387555897 0.844218194 -0.370264858
vn -0 0.664518714 0.747271597
vn -0 0.922260642 -0.386568666
vn 0.417739183 0.752390921 -0.509315133
vn -0 0.462670416 -0.88653034
vn 0.344495744 0.766325414 -0.542280436
vn 0.393008739 0.853211641 -0.342890739
vn 0.412760139 0.827546597 -0.380520225
vn 0.861321628 -0.494383425 0.117089719
vn 0.679363787 -0.733577251 0.0181470141
vn 0.576888263 -0.362623006 0.731918395
vn 0.0756669268 0.0837494656 0.993609846
vn 0.976634443 -0.212025777 -0.035075441
vn 0.503716707 -0.348148465 -0.790608704
vn 0.768655419 -0.295761108 -0.567180812
vn 0.545334756 -0.300848335 -0.782368302
vn 0.985302806 0.00562717207 0.17072387
vn 0.776273251 0.531140864 -0.339542687
vn 0.503716707 -0.348148465 -0.790608704
vn 0.0645844713 -0.0571621954 -0.996273756
vn 0.354695439 0.493602872 0.794070065
vn 0.573922992 -0.785923779 0.230078608
vn 0.351550967 -0.170982987 0.920422077
vn -0.216509178 -0.702322185 -0.678135157
vn 0.0797777846 -0.786606371 -0.612279236
vn 0.292039186 -0.8288275 0.477239966
vn 0.439926058 -0.736270785 -0.514169514
vn 0.577082574 -0.799529135 -0.166519746
vn 0.310909569 -0.635272205 0.706940234
vn -0 -0.981553078 0.191189542
vn -0 -0.492137939 0.870517254
vn 0.0756669268 0.0837494656 0.993609846
vn -0 -0.0205720365 0.999788344
vn -0 -0.898176491 -0.439635247
vn -0.680625141 -0.730209351 -0.0595294572
vn -0.425149858 -0.904949605 -0.0177135933
vn -0.256252795 -0.781119645 -0.569373786
vn -0.520198464 -0.853928447 0.0141306743
vn 0.414768249 -0.754362524 -0.508826613
vn -0.58066529 -0.757111609 -0.299349099
vn 0.508461356 -0.356701344 -0.783729017
vn -0.682578385 -0.631493211 0.367835611
vn -0.494175375 -0.835401893 0.240612671
vn -0.694595873 -0.356543213 0.624830782
vn -0.425149858 -0.904949605 -0.0177135933
vn -0.58066529 -0.757111609 -0.299349099
vn -0 -0.916150868 -0.400833607
vn -0 -0.898176491 -0.439635247
vn 0.486045092 -0.730162859 -0.480231643
vn -0 -0.647480845 -0.762081742
vn -0 -0.916150868 -0.400833607
vn 0.508461356 -0.356701344 -0.783729017
vn -0 -0.075524278 -0.997143924
vn -0 0.627866149 -0.778321326
vn 0.508461356 -0.356701344 -0.783729017
vn 0.0645844713 -0.0571621954 -0.996273756
vn -0.58066529 -0.757111609 -0.299349099
vn 0.503716707 -0.348148465 -0.790608704
vn -3.72344311E-06 0.987952769 -0.154755503
vn -0 0.987952888 -0.154755503
vn -0 0.0133032249 0.999911547
vn -0 0.0133032249 0.999911547
vn -0 0.664518714 0.747271597
vn 0.0692499429 -0.0101103662 0.997548044
vn 0.893561304 -0.111466445 -0.434883296
vn 0.928572834 0.332444966 -0.165023714
vn 0.893706024 0.433546811 0.115441248
vn 0.761526346 0.645235479 0.0612279288
vn 0.393008739 0.853211641 -0.342890739
vn 0.761526346 0.645235479 0.0612279288
vn 0.893706024 0.433546811 0.115441248
vn 0.782927752 -0.596151829 0.177840441
vn 0.596582055 -0.796467245 0.0986395106
vn 0.643351018 0.717204452 -0.267800778
vn 0.643350899 0.717204511 -0.267800778
vn 0.643350899 0.717204511 -0.267800778
vn -0.58066529 -0.757111609 -0.299349099
vn -0.872526169 -0.419299811 0.25077039
vn -0.520198464 -0.853928447 0.0141306743
vn 0.0338814631 0.517209172 0.855188131
vn 0.0338814631 0.517209172 0.855188131
vn 0.354695439 0.493602872 0.794070065
vn 0.976634443 -0.212025777 -0.035075441
vn 0.576888263 -0.362623006 0.731918395
vn 0.0338814631 0.517209172 0.855188131
vn 0.0756669268 0.0837494656 0.993609846
vn 0.354695439 0.493602872 0.794070065
vn 0.0338814631 0.517209172 0.855188131
vn 0.493063927 0.683369696 0.538417816
vn 0.759052873 0.0274215285 0.650451243
vn 0.932668269 0.290434301 0.213957563
vn 0.374480128 0.58096832 0.722662032
vn -0 0.798146904 0.602462769
vn -0 0.816677451 0.577094376
vn -0 0.743429422 0.668814361
vn 0.443041325 0.656157017 0.610878348
vn -0 0.695544958 0.718482554
vn 0.425002366 0.630831718 0.649172127
vn -0 0.542232931 0.84022826
vn -0.156818703 0.831956804 0.532217801
vn 0.727359176 0.570881546 0.380844831
vn 0.64443934 0.578733742 0.499765277
vn 0.513881087 0.819417357 0.25393191
vn 0.991715133 0.117624037 -0.0516301133
vn 0.898195505 0.360525727 -0.251527429
vn 0.878813982 0.446733564 0.167675704
vn 0.496596217 0.799929202 0.336905837
vn 0.723386645 0.43703568 0.53451997
vn 0.792388797 0.439424217 0.423115164
vn -0 0.0788038597 0.996890128
vn -0.383449167 0.0246080626 0.923234046
vn 0.83649087 0.278930008 0.471679062
vn 0.942521811 -0.220981315 0.25063917
vn 0.164950222 -0.753582418 0.636321425
vn 0.590051293 -0.802294314 0.0903505459
vn 0.234130293 -0.853325784 0.465851963
vn 0.638646185 -0.645259678 0.419250458
vn -0 -0.782065392 0.623196304
vn -0 -0.598065257 0.801447392
vn 0.168524161 -0.600161731 0.781924188
vn -0.0896319598 -0.568188488 0.818002462
vn -0 -0.371407658 0.928469837
vn 0.589940846 -0.603258133 0.536702514
vn 0.537725866 -0.406739831 0.738521159
vn 0.855068803 -0.484661609 -0.18428354
vn 0.847026885 -0.506662548 0.160743505
vn 0.878566265 -0.295668989 0.375101566
vn -0 -0.6822806 0.731090486
vn -0 -0.581222653 0.813744545
vn 0.999756992 -0.00468347361 -0.021543771
vn 0.961867809 -0.273138195 0.014341359
vn 0.969730616 -0.226382628 0.0915074423
vn 0.976391494 -0.164025635 -0.140553594
vn 0.993360579 -0.114324316 -0.0128324702
vn 0.723386645 0.43703568 0.53451997
vn 0.784941077 -0.617960632 -0.0446329564
vn 0.633117676 -0.74591136 -0.206828833
vn 0.595838428 -0.690187752 0.410630703
vn 0.756902993 -0.546835005 0.357867926
vn 0.761495233 -0.447688341 -0.468721867
vn 0.86205852 -0.399330378 -0.312074333
vn 0.87784642 -0.327796876 -0.349191844
vn 0.937513649 -0.233831599 -0.257664472
vn 0.538726747 -0.48397705 0.689593792
vn 0.954224348 -0.284448147 0.0924397707
vn 0.824865937 -0.534691215 0.183579594
vn 0.565878987 -0.524091899 0.636481583
vn 0.7265082 -0.201449722 0.656965673
vn 0.888526797 -0.0681719556 0.453732073
vn 0.874802113 -0.441161096 0.200245261
vn 0.744760513 -0.661763191 0.0860302821
vn 0.655130744 -0.520641029 0.547482133
vn 0.4567765 -0.741143227 0.491997987
vn -0 -0.576835394 0.816860378
vn 0.811394751 -0.569851518 0.130030125
vn 0.818485677 -0.533093989 -0.21422413
vn 0.83495456 -0.482623994 -0.264433295
vn 0.510204554 -0.377321064 -0.772864938
vn 0.574962854 -0.599653482 -0.556626916
vn 0.730268478 -0.661417007 -0.170983657
vn 0.385467738 -0.919810355 -0.0732355416
vn 0.88315469 -0.428505749 -0.190841615
vn 0.913148642 -0.405685246 -0.0397375748
vn 0.945546985 -0.30539003 0.112596221
vn 0.982446909 -0.143770009 0.118862413
vn 0.9934237 0.0980080143 0.0591926128
vn 0.885208845 -0.188416094 -0.42532897
vn 0.836108327 -0.481364638 -0.263079584
vn 0.652065635 -0.0675426796 -0.755147994
vn 0.625394821 0.138739139 -0.767875552
vn 0.739887953 -0.291687906 -0.60620445
vn 0.836767018 -0.539731145 -0.0922561139
vn 0.858733237 -0.182338133 -0.478884071
vn 0.618726432 0.171592489 -0.766637862
vn 0.690408826 0.356409997 -0.629529655
vn 0.422749966 -0.471885353 -0.77369678
vn 0.403965116 -0.863575578 -0.301744193
vn -0 -0.56967324 -0.821871221
vn -0 -0.945857763 -0.324581653
vn 0.348500192 -0.929678082 -0.119357727
vn -0 -0.987952411 -0.154758126
vn 0.537460446 -0.408222139 0.737896383
vn 0.503640234 -0.636251509 0.584406137
vn 0.328799099 0.171078295 -0.928775251
vn 0.444402426 0.110519752 -0.888983548
vn -0 0.15848735 -0.987360954
vn 0.0749661177 -0.877710164 -0.473291606
vn 0.991715133 0.117624037 -0.0516301133
vn 0.942521811 -0.220981315 0.25063917
vn 0.975265205 0.138183177 -0.17252031
vn 0.898195505 0.360525727 -0.251527429
vn 0.950598121 -0.0149330674 -0.310064733
vn 0.97743541 0.107001938 -0.182127878
vn 0.976391494 -0.164025635 -0.140553594
vn 0.933552325 0.309088528 -0.181505561
vn 0.916187167 -0.250447989 -0.312852561
vn 0.746202648 0.663425505 0.0552100725
vn 0.891123295 -0.0369453654 0.452254623
vn 0.703491092 -0.644605994 0.299304843
vn 0.326019078 0.77680105 -0.538787127
vn 0.916187167 -0.250447989 -0.312852561
vn 0.620291114 -0.306296796 -0.722095072
vn 0.254265577 0.185083047 -0.9492594
vn 0.254265577 0.185083047 -0.9492594
vn 0.0749661177 -0.877710164 -0.473291606
vn 0.703491092 -0.644605994 0.299304843
vn -0.051776845 0.18739447 -0.980919182
vn 0.835552275 0.256196856 0.486020148
vn 0.710965633 0.0793353096 0.698737264
vn 0.792388797 0.439424217 0.423115164
vn 0.621711254 -0.414857477 0.664355576
vn 0.83649087 0.278930008 0.471679062
vn 0.83649087 0.278930008 0.471679062
vn -0.383449167 0.0246080626 0.923234046
vn -0 0.0788038597 0.996890128
vn -0.383449167 0.0246080626 0.923234046
vn 0.344974875 -0.738930881 -0.578768849
vn 0.49554956 -0.821908474 -0.280886501
vn -0 -0.968228877 -0.250065953
vn -0 -0.771865129 -0.635786235
vn 0.483533919 -0.872039199 -0.0757805631
vn 0.561801374 -0.824841559 -0.0633692294
vn 0.419584483 -0.907560766 -0.016799124
vn 0.378987223 -0.910463154 0.165606096
vn 0.287976891 -0.803809166 0.52053839
vn -0 -0.759416521 0.650604784
vn -0 -0.999200642 -0.039976608
vn 0.405129761 -0.913334548 0.0411073677
vn 0.888526797 -0.0681719556 0.453732073
vn 0.620291114 -0.306296796 -0.722095072
vn -0 -0.952801347 0.30359453
vn -0 -0.507665038 -0.861554503
vn 0.371405423 -0.852176249 0.368583471
vn -0 -0.808216155 0.588885903
vn 0.916187167 -0.250447989 -0.312852561
vn -0 -0.808216155 0.588885903
vn -0.127320856 -0.749938071 0.649139583
vn 0.350275636 -0.609189987 0.711473465
vn -0 -0.836921573 0.54732275
vn -0.646587551 -0.467718989 0.602630556
vn -0 -0.865146816 0.501518726
vn -0.638369083 -0.537217915 0.551254749
vn -0.29535681 -0.428923011 0.853691638
vn 0.350275636 -0.609189987 0.711473465
vn -0.520007312 0.0866632834 0.849754035
vn -0 -0.867962897 0.49662903
vn 0.916187167 -0.250447989 -0.312852561
vn 0.350275636 -0.609189987 0.711473465
vn 0.371795356 0.375784129 0.848854899
vn 0.444937497 -0.166559979 0.879936576
vn 0.442697972 -0.0516900979 0.895179689
vn 0.136965051 0.642733872 0.75374639
vn 0.179056957 0.590909958 0.78661561
vn 0.759052873 0.0274215285 0.650451243
vn 0.374480128 0.58096832 0.722662032
vn 0.481276304 -0.51543504 0.709013283
vn 0.942521811 -0.220981315 0.25063917
vn 0.916187167 -0.250447989 -0.312852561
vn 0.350275636 -0.609189987 0.711473465
vn 0.158015102 -0.508669496 0.846337199
vn -0 0.784511626 0.620114088
vn -0 0.798146904 0.602462769
vn -0 0.791681886 0.610933602
vn 0.248151213 -0.167452857 0.954138696
vn 0.118202791 -0.47538507 0.871801078
vn 0.291512817 0.0213123728 0.956329525
vn 0.195641592 -0.415637702 0.888239741
vn 0.155148506 -0.6510517 0.74300772
vn 0.188386947 -0.713062167 0.675316811
vn 0.257569551 -0.787092626 0.560484767
vn 0.267969579 -0.846961319 0.459182829
vn 0.70532304 -0.668577671 0.23563385
vn 0.628019392 -0.760456145 0.165221006
vn 0.573049128 -0.815427005 0.0818138942
vn 0.376935512 -0.90940249 0.175802633
vn 0.814467788 -0.402327865 -0.418060243
vn 0.584218979 -0.637393177 -0.502412379
vn 0.430593222 -0.84862262 -0.307293177
vn 0.94899112 -0.0735028759 -0.306615651
vn 0.945609212 -0.166423336 -0.279511213
vn 0.986338437 0.0970309004 -0.133122668
vn 0.967568815 0.180681482 0.176535204
vn 0.963197887 -0.248356581 -0.102804989
vn 0.827368736 -0.328432858 -0.455623627
vn 0.830282092 -0.539550483 -0.139703661
vn 0.934101105 0.291736573 -0.205779001
vn 0.783648968 0.606661797 -0.133625239
vn 0.688807786 0.669398427 -0.278297663
vn 0.633831143 0.721427321 -0.278928041
vn 0.506613731 0.779826283 -0.36771366
vn 0.205500916 0.884435594 -0.418978512
vn 0.583087981 -0.483487397 -0.652876914
vn 0.157498837 0.871921062 -0.463624388
vn 0.36078909 0.9297297 -0.0737152249
vn 0.526823521 0.849737167 -0.0200919956
vn 0.404912472 0.885496616 -0.227906883
vn 0.396562636 0.917915165 0.0130306901
vn 0.453519166 0.751375735 0.479327559
vn 0.364520371 0.813187003 0.453708798
vn 0.330494374 0.592550457 0.734613657
vn 0.332559407 0.386843145 0.860091031
vn 0.365429431 0.772238851 0.519719779
vn 0.338112831 0.383756459 0.859308183
vn 0.11711856 0.912503064 0.39194575
vn 0.158171564 0.98698771 0.0289298818
vn -0 0.99972862 0.0232936572
vn -0 0.944926083 0.327283889
vn -0 0.818362772 0.574701965
vn 0.0861881003 0.759518147 0.644751012
vn 0.162353352 0.955058992 -0.247999474
vn -0 0.966038942 -0.258396536
vn -0 0.913971126 -0.405779332
vn 0.267132163 0.870047748 -0.414315641
vn -0 0.929961503 -0.367656976
vn -0 0.948527694 -0.316694409
vn 0.350015163 0.896341503 -0.272142261
vn 0.47999838 0.387934715 -0.7868343
vn 0.392925054 0.284915 -0.874318779
vn 0.763085365 0.635527015 -0.117499433
vn 0.437526733 0.216307938 0.872800767
vn 0.462509364 -0.0891219676 -0.882123768
vn -0.0217557829 -0.0437049642 -0.998807549
vn 0.972988665 0.230816796 0.0040770527
vn 0.980408549 0.196838871 0.00731301028
vn 0.414847165 -0.290541857 -0.862257004
vn -0.048287876 -0.0897945538 -0.994789004
vn 0.322039783 -0.480173767 -0.815918803
vn -0.116464823 -0.0997772738 -0.988170266
vn 0.702610731 -0.25469628 -0.664430559
vn 0.708966196 -0.681681454 0.180768579
vn 0.939041197 -0.343621373 0.0112299584
vn -0.157204434 -0.0863783434 -0.983781219
vn 0.754338861 -0.625462711 0.199422449
vn 0.522870779 -0.426580697 0.737993956
vn 0.655531883 -0.299133152 0.693395495
vn 0.870866835 -0.482164532 0.0954376906
vn 0.983153403 -0.176622942 -0.0470506921
vn 0.934669256 0.330934256 -0.129906908
vn 0.835909545 -0.115634277 0.536548197
vn 0.717424929 -0.686492741 -0.118445069
vn 0.999440134 0.0301335882 0.0145348348
vn 0.0789704248 -0.996802688 0.012174055
vn 0.737635791 -0.672666848 0.0584192052
vn 0.0787513554 -0.991089582 -0.107423499
vn -0 -0.992734194 -0.120327741
vn 0.0928127021 -0.988357842 -0.120559797
vn 0.119018339 -0.987999618 -0.098444663
vn 0.352091432 -0.623305321 -0.698227882
vn 0.676227868 -0.576982915 -0.458046526
vn 0.419107735 -0.0300113447 -0.907440424
vn -0 -0.0588952787 -0.998264253
vn -0 -0.687664807 -0.726028323
vn -0 -0.938608944 0.34498316
vn -0 -0.999643803 0.0266882144
vn 0.0927511677 -0.995314598 0.0273152813
vn 0.670468688 -0.631312907 0.389763564
vn 0.753402591 -0.571710408 0.32485652
vn 0.848151684 -0.0978113934 0.52064538
vn 0.334988832 -0.696944833 0.63407445
vn 0.119024955 -0.992876828 0.00534974178
vn -0 -0.915565133 -0.402169675
vn -0 -0.755773485 0.654833138
vn -0 -0.1616254 0.986852109
vn 0.374264896 -0.138807118 0.91687423
vn -0 -0.902120352 -0.43148452
vn 0.348695487 -0.920349538 -0.177110448
vn 0.426587015 -0.837661266 0.341096878
vn 0.648634553 -0.68137753 0.339113295
vn 0.678354025 -0.715319276 0.16779165
vn -0.29535681 -0.428923011 0.853691638
vn -0.49428311 -0.496314406 0.713692009
vn -0.646587551 -0.467718989 0.602630556
vn -0.541607857 0.667064071 0.51155293
vn -0.638369083 -0.537217915 0.551254749
vn 0.350275636 -0.609189987 0.711473465
vn -0.520007312 0.0866632834 0.849754035
vn 0.972595036 -0.232387111 0.00742275314
vn 0.972988665 0.230816796 0.0040770527
vn 0.96541512 -0.260682851 0.00425929995
vn 0.803259254 -0.592940152 -0.0565392114
vn 0.729418933 -0.673152506 -0.121711724
vn 0.523503602 -0.844085693 -0.116031714
vn 0.459078461 -0.875418246 -0.151293784
vn 0.525864899 -0.718220949 -0.455658674
vn 0.263189524 -0.963422894 -0.050473921
vn -0 -0.999970794 -0.00764308358
vn -0 -0.999978304 -0.00658686971
vn 0.157498837 0.871921062 -0.463624388
vn 0.936864614 0.249272525 -0.245250732
vn 0.989089668 0.0571910292 -0.13575992
vn -0 -0.9492535 0.314512014
vn 0.656553984 -0.0611124188 -0.751799285
vn 0.737635791 -0.672666848 0.0584192052
vn 0.999440134 0.0301335882 0.0145348348
vn 0.717424929 -0.686492741 -0.118445069
vn 0.328799099 0.171078295 -0.928775251
vn -0 0.286149174 -0.958185136
vn -0 0.15848735 -0.987360954
vn 0.444402426 0.110519752 -0.888983548
vn 0.254265577 0.185083047 -0.9492594
vn -0 -0.507665038 -0.861554503
vn 0.620291114 -0.306296796 -0.722095072
vn 0.344974875 -0.738930881 -0.578768849
vn -0 -0.119976506 -0.992776752
vn -0 -0.771865129 -0.635786235
vn 0.510204554 -0.377321064 -0.772864938
vn 0.574962854 -0.599653482 -0.556626916
vn -0 -0.461782426 -0.886993229
vn -0 -0.990369737 -0.138448
vn 0.385467738 -0.919810355 -0.0732355416
vn 0.503640234 -0.636251509 0.584406137
vn -0 -0.537610114 0.843193531
vn 0.537460446 -0.408222139 0.737896383
vn -0.000330852432 0.121383086 0.992605686
vn -0 0.0854903758 0.996339083
vn -0 0.155688867 0.987806141
vn 0.381617099 -0.846708775 0.370746017
vn 0.573049128 -0.815427005 0.0818138942
vn 0.267969579 -0.846961319 0.459182829
vn 0.421062618 -0.905392885 0.0544975884
vn 0.453404427 -0.75974226 0.466064513
vn 0.566409886 -0.801065922 0.193579808
vn 0.592742383 -0.441277623 0.673743606
vn 0.188386947 -0.713062167 0.675316811
vn 0.195641592 -0.415637702 0.888239741
vn 0.866184413 -0.417568147 0.274520308
vn 0.691626728 -0.69720155 0.188580081
vn 0.954174817 0.0763007924 0.289359093
vn 0.673225462 0.079633683 0.735136688
vn 0.590218663 0.500858724 0.633073747
vn 0.823881328 0.536708951 0.182107374
vn 0.37423715 0.92473501 0.0693673119
vn 0.352621257 0.809104204 0.470115602
vn 0.36078909 0.9297297 -0.0737152249
vn 0.365429431 0.772238851 0.519719779
vn 0.291512817 0.0213123728 0.956329525
vn 0.338112831 0.383756459 0.859308183
vn 0.837146103 0.543896616 0.0579905622
vn 0.97177875 -0.0747081637 0.223751545
vn 0.498016834 -0.572233021 0.651558638
vn 0.641499698 -0.0720081925 0.763736129
vn -0.159734234 -0.986664295 -0.0312805437
vn -0.243079871 -0.891953647 0.381222904
vn -0.870836616 -0.452618986 0.191779897
vn -0.874187708 -0.416234076 -0.250090271
vn 0.512687743 0.487365603 0.706842244
vn 0.073860921 0.90154618 0.426332086
vn 0.333212227 0.935702145 -0.11589241
vn -0.957892239 -0.0768788829 -0.276644498
vn -0.987306595 -0.0318381004 0.155601814
vn -0.992822766 -0.0684374794 -0.0980779305
vn -0.996982872 -0.0776032805 0.00171038543
vn 0.430593222 -0.84862262 -0.307293177
vn -0.838036001 -0.538273454 0.0892039388
vn -0.990561664 0.0245719273 0.134847149
vn -0.832661331 -0.0544347428 -0.551100731
vn -0.243079871 -0.891953647 0.381222904
vn 0.515912175 0.542706609 0.662800312
vn 0.676267803 -0.0815105736 0.732132375
vn 0.912737429 -0.134708881 0.385699272
vn 0.68931663 0.64388603 0.332043976
vn 0.627761722 -0.500775874 0.595935166
vn 0.221234471 -0.870031118 0.440568984
vn -0.469318151 -0.862570822 0.188976675
vn -0.636897802 -0.64665091 -0.419766366
vn -0.365406245 -0.638187766 -0.677639067
vn -0.258701205 -0.946512043 -0.192843288
vn -0.0936800987 -0.912811518 -0.397491276
vn 0.138138101 -0.667996049 -0.731231153
vn 0.369388819 -0.908003569 -0.197690517
vn 0.497031033 -0.835690796 -0.233625948
vn 0.847074568 -0.460502535 -0.265333831
vn 0.91124332 -0.380385071 -0.157933012
vn 0.866752088 0.351755589 -0.353565872
vn 0.928135991 0.271799952 -0.25433889
vn -0.609193027 -0.40233168 -0.683383524
vn -0.420354664 -0.125098899 -0.898694754
vn -0.553781807 -0.0769972578 -0.829094172
vn 0.391706169 0.690431118 -0.60817039
vn -0.353142858 0.00111690967 -0.93556875
vn 0.13570106 0.741816401 -0.656729519
vn -0.0279198922 0.818865359 -0.573306262
vn 0.897513032 0.400237173 0.185149983
vn 0.823986769 -0.47148627 0.314239413
vn 0.823986769 -0.47148627 0.314239413
vn 0.490633398 -0.827875078 0.271848768
vn 0.308972657 0.932825863 -0.185396463
vn 0.442400187 0.892890871 0.0838330984
vn 0.0551419444 0.964005947 -0.260099858
vn 0.118983448 0.967603743 -0.222678721
vn -0.228641018 0.430366546 -0.873216987
vn -0.586200595 0.614827871 -0.527594209
vn -0.420354664 -0.125098899 -0.898694754
vn -0.832661331 -0.0544347428 -0.551100731
vn -0.335534334 0.423983306 -0.841222167
vn -0.553781807 -0.0769972578 -0.829094172
vn -0.929608524 0.359024137 0.0832441226
vn -0.990561664 0.0245719273 0.134847149
vn -0.563655615 0.81206727 0.151126176
vn 0.0219301153 0.916641414 0.399108589
vn -0.987306595 -0.0318381004 0.155601814
vn -0.94696182 0.296990812 0.12271899
vn -0.905866683 0.191961333 -0.377566427
vn -0.957892239 -0.0768788829 -0.276644498
vn -0.603240669 0.766626537 0.2199644
vn -0.515121579 0.764238238 -0.388058931
vn 0.157498837 0.871921062 -0.463624388
vn -0.953001499 0.116934091 -0.279489845
vn -0.992822766 -0.0684374794 -0.0980779305
vn 0.68931663 0.64388603 0.332043976
vn 0.442400187 0.892890871 0.0838330984
vn 0.157498837 0.871921062 -0.463624388
vn -0.0279198922 0.818865359 -0.573306262
vn 0.430593222 -0.84862262 -0.307293177
vn 0.254064739 -0.967048287 0.0163961928
vn 0.430593222 -0.84862262 -0.307293177
vn 0.98316586 -0.00530904019 0.182638273
vn 0.82162565 0.566385567 0.0643320158
vn 0.844137073 -0.487882972 0.222267628
vn 0.977175295 0.138172641 0.161359042
vn 0.516066849 0.856064677 -0.0287803169
vn 0.396636158 0.683695674 -0.612568378
vn 0.7731812 0.498927087 -0.391487569
vn 0.831031322 -0.0827536359 -0.550035298
vn 0.773331821 -0.595121861 -0.218604445
vn 0.352102757 -0.849429488 -0.393056214
vn 0.533829212 -0.8212111 0.201590762
vn 0.352102757 -0.849429488 -0.393056214
vn -0.966266394 0.0294446535 0.255855948
vn -0.966266394 0.0294446554 0.255855978
vn -0.966266394 0.0294446591 0.255855978
vn 0.972781718 -0.0961843282 0.21081838
vn 0.834242523 0.548773646 0.0537298247
vn 0.824497461 -0.510824442 0.243438527
vn 0.981745064 -0.0323600695 0.187428698
vn 0.558958232 0.825525641 -0.0779290721
vn 0.361664832 0.643553972 -0.674564123
vn 0.775424361 0.490996242 -0.397038877
vn 0.826921225 -0.105199546 -0.552389741
vn 0.449515194 -0.862961769 0.230722696
vn 0.289664716 -0.887797534 -0.357644945
vn 0.766336739 -0.61033392 -0.200550288
vn 0.826921225 -0.105199546 -0.552389741
vn 0.289664716 -0.887797534 -0.357644945
vn -0.967916727 0.0517150834 0.245891795
vn -0.967916727 0.0517150834 0.245891795
vn -0.967916727 0.0517150909 0.245891795
vn 0.934990227 -0.129251689 0.330283463
vn 0.903566539 0.426154345 0.0442718491
vn 0.740807712 -0.58037132 0.338190824
vn 0.896351814 0.390015244 0.210811451
vn 0.589289725 0.802343786 -0.0947735384
vn 0.493166208 0.555663228 -0.669346988
vn 0.84250617 0.329142779 -0.426436901
vn 0.808034241 -0.281706691 -0.517418623
vn 0.367947727 -0.859074771 0.355816066
vn 0.262106091 -0.936534703 -0.232815534
vn 0.670796931 -0.732438624 -0.116469383
vn 0.808034241 -0.281706691 -0.517418623
vn 0.262106091 -0.936534703 -0.232815534
vn -0.952318847 0.216677159 0.214802071
vn -0.952318847 0.216677129 0.214802071
vn -0.952318847 0.216677129 0.214802042
vn -0.958284497 0.21119082 0.19258593
vn -0.958284497 0.21119079 0.192585915
vn -0.958284497 0.211190805 0.19258593
vn 0.683824718 -0.726417303 -0.0685681403
vn 0.857210875 0.345795572 -0.381595284
vn 0.841445804 -0.272349298 -0.466684848
vn 0.503864646 0.550229728 -0.665858567
vn 0.904838741 0.417840362 0.0817084834
vn 0.643275857 0.764649451 -0.038825538
vn 0.920673907 0.266746938 0.284965873
vn 0.885161936 -0.232472837 0.403044194
vn 0.747687042 -0.554399252 0.365521014
vn 0.103774063 -0.984390974 -0.142145619
vn 0.841445804 -0.272349298 -0.466684848
vn 0.240509152 -0.893727243 0.378691167
vn 0.204608828 -0.264405221 0.94245702
vn 0.602439821 -0.128754139 0.787711024
vn 0.199238971 -0.260340601 0.944736242
vn 0.746721447 -0.293510973 0.59687382
vn -0.243784398 -0.344341695 0.906641006
vn -0.209640935 -0.656474233 0.724632502
vn 0.274821401 -0.742053509 0.611416221
vn -0.411301106 -0.668872178 0.619226515
vn 0.833726704 -0.34602347 0.430310935
vn 0.962356865 -0.029614443 0.270170599
vn 0.812917113 -0.107309081 -0.572407603
vn 0.829895258 -0.541887641 0.132783979
vn 0.744096875 -0.657973051 -0.115720555
vn 0.277589589 -0.887159467 0.368635416
vn 0.254675746 -0.964863896 0.0646363199
vn -0.324790895 -0.944831729 0.042472139
vn -0.380003691 -0.867387533 0.321303576
vn -0.801696479 -0.511521637 -0.309238166
vn -0.801696479 -0.511521637 -0.309238166
vn -0.682975471 -0.724229634 -0.0950567871
vn -0.581645012 -0.550467968 0.598894179
vn -0.110080257 -0.113350846 -0.987438023
vn -0.110080257 -0.113350846 -0.987438023
vn 0.812917113 -0.107309081 -0.572407603
vn 0.900526702 -0.2833018 -0.329836041
vn -0.110080257 -0.113350846 -0.987438023
vn 0.812917113 -0.107309081 -0.572407603
vn -0.274252802 0.875964642 -0.396826595
vn -0.274252474 0.876797259 -0.394983649
vn -0.801696479 -0.511521637 -0.309238166
vn -0.274252474 0.876797259 -0.394983649
vn -0.110080257 -0.113350846 -0.987438023
vn -0.513001382 -0.47634992 0.714087009
vn 0.388728112 -0.75426513 0.529126287
vn -0.560390115 -0.621372402 0.54759413
vn 0.497031033 -0.835690796 -0.233625948
vn 0.37229678 -0.841654003 0.391169637
vn -0.648805737 -0.693853796 0.312438697
vn 0.756545365 -0.642215788 0.123280957
vn 0.96651715 -0.255659759 0.0219721776
vn 0.705606997 0.505238354 -0.496843129
vn 0.477409184 -0.260543317 -0.839164853
vn 0.987718344 -0.108828083 0.112111308
vn 0.663173616 0.484284639 -0.5706743
vn 0.589843154 0.00581844756 -0.807496846
vn 0.799559116 -0.238540322 -0.551183879
vn 0.746721447 -0.293510973 0.59687382
vn -0.209640935 -0.656474233 0.724632502
vn -0.70115459 -0.594908297 0.393022001
vn 0.962356865 -0.029614443 0.270170599
vn 0.812917113 -0.107309081 -0.572407603
vn 0.204608828 -0.264405221 0.94245702
vn 0.855012774 -0.29813391 0.424345672
vn 0.563978195 -0.71601969 0.411393225
vn 0.91124332 -0.380385071 -0.157933012
vn 0.976994097 -0.212797552 0.0141360033
vn 0.616398513 -0.733359396 0.286769509
vn -0.235365137 -0.923780143 -0.302048981
vn -0.307086051 -0.944463134 0.116994001
vn 0.926732957 -0.372550577 0.048704192
vn 0.999510765 -0.00961730629 -0.0297610369
vn 0.946407974 -0.0504655018 0.319006562
vn 0.928135991 0.271799952 -0.25433889
vn 0.947684467 0.113321014 0.298416644
vn 0.987845838 0.121725045 -0.0966626182
vn 0.969202578 -0.242930204 -0.0403892398
vn 0.993718624 -0.109473594 -0.0232131947
vn 0.854197502 0.51975435 0.0142183397
vn 0.653048277 0.755648911 0.050225798
vn 0.0240191184 0.961154222 -0.27496469
vn 0.352907807 -0.551591814 -0.755779386
vn 0.388836622 0.457034409 -0.79995352
vn 0.919557691 0.382143199 -0.0915429294
vn 0.8238343 -0.565519154 0.0385366566
vn 0.665690482 -0.147516012 -0.731501997
vn -0.153468326 -0.982084095 0.10935393
vn 0.031536229 0.985543132 -0.166463792
vn 0.388836622 0.457034409 -0.79995352
vn 0.879206181 0.473146707 -0.0559353344
vn 0.0240191184 0.961154222 -0.27496469
vn -0.404855132 0.776052773 -0.483564347
vn -0.110832229 0.987032413 -0.116117239
vn -0.0735106915 0.988889456 -0.129204586
vn -0.189869717 -0.980192602 0.0563191436
vn 0.449515194 -0.862961769 0.230722696
vn 0.042268835 0.963774323 -0.263348341
vn 0.558958232 0.825525641 -0.0779290721
vn -0.0599573925 0.957490504 -0.282164842
vn 0.516066849 0.856064677 -0.0287803169
vn -0.246711999 -0.750504315 -0.613087654
vn 0.289664716 -0.887797534 -0.357644945
vn -0.0753012151 0.553493798 -0.829442263
vn 0.361664832 0.643553972 -0.674564123
vn -0.246711999 -0.750504315 -0.613087654
vn -0.000629327609 0.574335694 -0.818619668
vn -0.000629327609 0.574335694 -0.818619668
vn 0.396636158 0.683695674 -0.612568378
vn 0.352102757 -0.849429488 -0.393056214
vn -0.0591565371 -0.767026246 -0.638882816
vn 0.972781718 -0.0961843282 0.21081838
vn 0.981745064 -0.0323600695 0.187428698
vn -0.994299769 0.0194618907 -0.104828611
vn -0.513001382 -0.47634992 0.714087009
vn -0.560390115 -0.621372402 0.54759413
vn -0.609193027 -0.40233168 -0.683383524
vn -0.648805737 -0.693853796 0.312438697
vn -0.966332853 0.15578267 -0.204774603
vn -0.302349716 0.707311928 -0.638979137
vn -0.950235963 0.0775176361 -0.30173257
vn -0.284769386 0.605893254 -0.742832184
vn -0.156748474 0.037604358 -0.986922324
vn -0.642798722 -0.328995854 -0.691788733
vn 0.663173616 0.484284639 -0.5706743
vn 0.589843154 0.00581844756 -0.807496846
vn 0.812917113 -0.107309081 -0.572407603
vn 0.705606997 0.505238354 -0.496843129
vn 0.477409184 -0.260543317 -0.839164853
vn -0.566375911 0.227550223 -0.792110562
vn -0.801696479 -0.511521637 -0.309238166
vn -0.70115459 -0.594908297 0.393022001
vn -0.780427217 0.169390187 -0.60186404
vn -0.716489077 0.068758741 -0.694201529
vn -0.667053878 -0.193000406 -0.71957624
vn 0.477409184 -0.260543317 -0.839164853
vn -0.235365137 -0.923780143 -0.302048981
vn -0.678273916 0.33666411 -0.653147578
vn -0.945976675 -0.154431328 -0.285095036
vn -0.235365137 -0.923780143 -0.302048981
vn -0.307086051 -0.944463134 0.116994001
vn -0.820782244 0.0822011828 -0.565295875
vn -0.756882489 0.335178405 -0.561056435
vn -0.889022768 -0.240892813 -0.389370114
vn -0.860287964 -0.221162513 -0.459338427
vn -0.784399271 0.379983485 -0.490234971
vn -0.823389411 0.179134086 -0.538461626
vn -0.811925352 -0.086099796 -0.577376842
vn -0.817856371 0.448937744 -0.359952688
vn -0.404855132 0.776052773 -0.483564347
vn 0.324611157 -0.733938813 -0.59662509
vn 0.548460484 0.169872776 -0.818739533
vn 0.388836622 0.457034409 -0.79995352
vn 0.0240191184 0.961154222 -0.27496469
vn -0.832832336 0.53617835 -0.137488276
vn -0.927205265 -0.374343544 -0.012542774
vn -0.153468326 -0.982084095 0.10935393
vn 0.665690482 -0.147516012 -0.731501997
vn 0.031536229 0.985543132 -0.166463792
vn -0.910849392 -0.412694275 -0.00605281768
vn -0.0926938429 -0.990086973 0.105525531
vn 0.352907807 -0.551591814 -0.755779386
vn -0.904721618 0.413244039 -0.103480391
vn -0.0735106915 0.988889456 -0.129204586
vn 0.0240191184 0.961154222 -0.27496469
vn -0.929585755 -0.355068684 -0.0989770144
vn -0.189869717 -0.980192602 0.0563191436
vn -0.840632439 0.49035573 -0.229974791
vn 0.031536229 0.985543132 -0.166463792
vn 0.042268835 0.963774323 -0.263348341
vn -0.894769609 -0.404468626 -0.189189062
vn -0.0634928271 -0.997821569 0.017910596
vn -0.860560715 0.399316579 -0.316198587
vn -0.0599573925 0.957490504 -0.282164842
vn -0.858794987 -0.272611648 -0.433767289
vn -0.246711999 -0.750504315 -0.613087654
vn -0.0753012151 0.553493798 -0.829442263
vn -0.778039813 0.349756032 -0.521847486
vn -0.726193011 -0.360736102 -0.585246146
vn -0.0591565371 -0.767026246 -0.638882816
vn -0.665601611 0.225252315 -0.711502612
vn -0.000629327609 0.574335694 -0.818619668
vn -0.000629327609 0.574335694 -0.818619668
vn 0.388836622 0.457034409 -0.79995352
vn -0.706427336 0.614189863 -0.351754397
vn -0.0279198922 0.818865359 -0.573306262
vn -0.335534334 0.423983306 -0.841222167
vn -0.110832229 0.987032413 -0.116117239
vn -0.0279198922 0.818865359 -0.573306262
vn -0.110832229 0.987032413 -0.116117239
vn -0.404855132 0.776052773 -0.483564347
vn -0.335534334 0.423983306 -0.841222167
vn -0.553781807 -0.0769972578 -0.829094172
vn -0.235365137 -0.923780143 -0.302048981
vn 0.477409184 -0.260543317 -0.839164853
vn 0.812917113 -0.107309081 -0.572407603
vn 0.799559116 -0.238540322 -0.551183879
vn 0.0862106085 0.469320744 -0.878809273
vn 0.262106091 -0.936534703 -0.232815534
vn 0.493166208 0.555663228 -0.669346988
vn -0.157264441 -0.779907584 -0.605815232
vn 0.367947727 -0.859074771 0.355816066
vn -0.238144398 -0.967490852 0.0851401389
vn 0.762668908 -0.622127533 0.176899821
vn 0.934990227 -0.129251689 0.330283463
vn 0.896351814 0.390015244 0.210811451
vn 0.952229619 0.303526103 -0.0336256437
vn 0.324611157 -0.733938813 -0.59662509
vn 0.665690482 -0.147516012 -0.731501997
vn 0.216518104 0.957692325 -0.189592972
vn 0.181752473 0.937082291 -0.298064977
vn 0.589289725 0.802343786 -0.0947735384
vn 0.0862106085 0.469320744 -0.878809273
vn 0.493166208 0.555663228 -0.669346988
vn 0.548460484 0.169872776 -0.818739533
vn 0.324611157 -0.733938813 -0.59662509
vn -0.171609536 -0.961791277 0.213324949
vn 0.995714962 0.0853411183 0.0356184654
vn 0.425242633 0.872781694 -0.239626259
vn 0.633872747 -0.721798182 0.277871758
vn -0.458054751 -0.863055587 0.212886989
vn -0.442049801 -0.884479046 0.149293959
vn 0.562712014 -0.758406341 0.328899771
vn 0.423219532 0.871116757 -0.249079868
vn 0.920673907 0.266746938 0.284965873
vn 0.885161936 -0.232472837 0.403044194
vn 0.240509152 -0.893727243 0.378691167
vn -0.351026654 -0.731227517 -0.584881663
vn 0.643275857 0.764649451 -0.038825538
vn 0.110524371 0.444737583 -0.888815403
vn 0.103774063 -0.984390974 -0.142145619
vn 0.103774063 -0.984390974 -0.142145619
vn 0.503864646 0.550229728 -0.665858567
vn 0.110524371 0.444737583 -0.888815403
vn 0.503864646 0.550229728 -0.665858567
vn -0.351026654 -0.731227517 -0.584881663
vn 0.503864646 0.550229728 -0.665858567
vn 0.110524371 0.444737583 -0.888815403
vn -0.678273916 0.33666411 -0.653147578
vn -0.171609536 -0.961791277 0.213324949
vn -0.943774462 -0.330545247 0.00544912368
vn 0.324611157 -0.733938813 -0.59662509
vn -0.724186957 0.660498381 -0.198230058
vn 0.216518104 0.957692325 -0.189592972
vn 0.665690482 -0.147516012 -0.731501997
vn -0.929627001 -0.314318836 -0.192346931
vn -0.238144398 -0.967490852 0.0851401389
vn -0.712940454 0.590331614 -0.378450125
vn 0.181752473 0.937082291 -0.298064977
vn -0.61787957 0.328264505 -0.71446985
vn -0.765637875 -0.297973663 -0.570096731
vn -0.157264441 -0.779907584 -0.605815232
vn 0.0862106085 0.469320744 -0.878809273
vn -0.238144398 -0.967490852 0.0851401389
vn 0.665690482 -0.147516012 -0.731501997
vn -0.855076551 -0.201516613 -0.477739483
vn 0.110524371 0.444737583 -0.888815403
vn -0.565223992 0.494512588 -0.660287142
vn -0.351026654 -0.731227517 -0.584881663
vn -0.984111786 -0.100541078 -0.146340489
vn -0.442049801 -0.884479046 0.149293959
vn -0.458054751 -0.863055587 0.212886989
vn -0.99440223 -0.0543584302 -0.0906061158
vn -0.571116805 0.772779346 -0.276835263
vn 0.425242633 0.872781694 -0.239626259
vn -0.573546886 0.745315373 -0.339924753
vn 0.423219532 0.871116757 -0.249079868
vn -0.351026654 -0.731227517 -0.584881663
vn 0.110524371 0.444737583 -0.888815403
vn -0.811925352 -0.086099796 -0.577376842
vn 0.352907807 -0.551591814 -0.755779386
vn 0.352907807 -0.551591814 -0.755779386
vn 0.901268899 -0.430659235 0.0474035479
vn -0.0926938429 -0.990086973 0.105525531
vn -0.0634928271 -0.997821569 0.017910596
vn 0.533829212 -0.8212111 0.201590762
vn -0.0591565371 -0.767026246 -0.638882816
vn 0.352102757 -0.849429488 -0.393056214
vn 0.977175295 0.138172641 0.161359042
vn 0.98316586 -0.00530904019 0.182638273
vn 0.425242633 0.872781694 -0.239626259
vn 0.548460484 0.169872776 -0.818739533
vn -0.678273916 0.33666411 -0.653147578
vn -0.238144398 -0.967490852 0.0851401389
vn -0.581645012 -0.550467968 0.598894179
vn -0.801696479 -0.511521637 -0.309238166
vn -0.70115459 -0.594908297 0.393022001
vn 0.665690482 -0.147516012 -0.731501997
vn -0.110832229 0.987032413 -0.116117239
vn 0.391706169 0.690431118 -0.60817039
vn -0.0279198922 0.818865359 -0.573306262
vn -0.123729035 -0.987939835 0.0930912867
vn 0.819156826 -0.524945617 0.231115207
vn -0.0594161525 -0.992664278 -0.10529685
vn -0.318003356 -0.860732198 -0.397509664
vn -0.0209160671 -0.820990324 -0.570558786
vn 0.490633398 -0.827875078 0.271848768
vn 0.369388819 -0.908003569 -0.197690517
vn -0.0209160671 -0.820990324 -0.570558786
vn -0.318003356 -0.860732198 -0.397509664
vn -0.123729035 -0.987939835 0.0930912867
vn -0.624097586 -0.54428947 -0.560581088
vn -0.910226583 -0.158021808 -0.382775068
vn -0.0209160671 -0.820990324 -0.570558786
vn -0.462136179 0.500602961 -0.732001901
vn -0.397375703 0.541550815 -0.740820587
vn -0.323043197 0.283691972 -0.902863145
vn -0.364171982 0.405194521 -0.838567972
vn -0.236996546 -0.131589666 -0.962557435
vn -0.42940855 -0.566235483 -0.703552246
vn -0.470307022 -0.546909451 -0.692604899
vn -0.512798071 -0.703020871 -0.492747098
vn -0.353142858 0.00111690967 -0.93556875
vn -0.536119998 0.439515024 -0.720695436
vn -0.577025533 -0.465430856 -0.671130121
vn -0.600250721 -0.0393149778 -0.798845053
vn -0.989894331 0.124879874 -0.0671891868
vn -0.536119998 0.439515024 -0.720695436
vn -0.536119998 0.439515024 -0.720695436
vn -0.683095396 0.72984761 0.0265155155
vn -0.905238867 0.161321715 0.393087566
vn -0.887893498 0.157193795 0.432360262
vn -0.864006162 0.165762186 0.475411594
vn -0.88853687 0.146468133 0.434798032
vn -0.913858294 0.151139691 0.376855165
vn -0.926586986 0.262342811 0.269467652
vn -0.123729035 -0.987939835 0.0930912867
vn -0.905238867 0.161321715 0.393087566
vn -0.989894331 0.124879874 -0.0671891868
vn 0.034558475 -0.946158826 0.321852744
vn 0.163976043 -0.569406629 0.805535793
vn 0.523735821 -0.59429419 0.610340297
vn -0.123729035 -0.987939835 0.0930912867
vn 0.0565022714 -0.998166025 0.0217294358
vn -0.624097586 -0.54428947 -0.560581088
vn 0.365061104 -0.911554754 -0.189204171
vn 0.193206131 -0.799374878 -0.568921089
vn 0.497803956 -0.853272557 0.155296847
vn 0.551994443 -0.721167862 0.418591708
vn 0.573054373 -0.286451191 0.767824352
vn 0.576546848 -0.586637259 0.568727136
vn 0.701671302 -0.366312951 0.611123741
vn 0.893363297 -0.448885888 -0.0200873688
vn 0.871222734 0.343927234 0.35026437
vn 0.204238728 -0.962881565 -0.176481068
vn 0.547382891 -0.527994633 0.649302423
vn 0.71289438 -0.664200187 0.22498849
vn 0.72710681 0.0206143316 0.686214805
vn 0.965311944 -0.0585267507 0.254455239
vn 0.860880852 0.505478203 0.0581031851
vn 0.667937815 0.568756819 0.479973525
vn 0.956618667 0.220017627 0.190978989
vn 0.894960999 -0.351332575 0.274973392
vn 0.985038459 -0.12564081 -0.117956668
vn 0.928373039 0.144586071 0.342371583
vn 0.686927497 -0.427161932 -0.587931395
vn 0.193206131 -0.799374878 -0.568921089
vn 0.789537549 -0.187695175 -0.584295273
vn 0.865749657 -0.309473693 0.393323511
vn 0.779369771 -0.564377069 0.272141844
vn 0.844622731 0.484331727 0.228112504
vn 0.576546848 -0.586637259 0.568727136
vn 0.985038459 -0.12564081 -0.117956668
vn 0.994191945 -0.107617185 0.000957846583
vn 0.787980735 0.374673545 0.488575637
vn 0.888755322 0.444755167 0.110935666
vn 0.966269433 0.223706678 -0.127587989
vn 0.985038459 -0.12564081 -0.117956668
vn 0.791313827 -0.393372774 0.468060136
vn 0.927784622 0.356429279 -0.110335521
vn 0.937086701 -0.271708667 -0.219187096
vn 0.937086701 -0.271708667 -0.219187096
vn 0.75395298 0.00312459026 0.656921089
vn 0.796310067 0.00738941692 0.604843497
vn 0.645263433 0.369454026 0.668684304
vn 0.664111972 0.624926209 0.410393238
vn 0.506250978 0.0969249159 0.85692215
vn 0.308677405 0.750947297 0.583777606
vn -0.683095396 0.72984761 0.0265155155
vn 0.704755425 0.670676172 0.231329352
vn 0.247464582 0.968694091 0.0198262632
vn 0.271863222 0.921392083 -0.277717322
vn 0.68195641 0.724781394 -0.0981194824
vn 0.572316647 0.700163126 -0.426878422
vn 0.338343114 0.566330492 -0.751527607
vn 0.733481348 0.0832644701 -0.674590349
vn -0.536119998 0.439515024 -0.720695436
vn -0.683095396 0.72984761 0.0265155155
vn -0.536119998 0.439515024 -0.720695436
vn 0.927784622 0.356429279 -0.110335521
vn 0.234248504 0.822370887 0.518491983
vn 0.861321628 -0.494383425 0.117089719
vn 0.80826807 -0.295063049 -0.509549201
vn 0.612729311 -0.631372511 -0.475322396
vn 0.873839617 -0.124580026 -0.469982982
vn 0.782927752 -0.596151829 0.177840441
vn 0.539369583 -0.810609937 -0.228017524
vn 0.985302806 0.00562717207 0.17072387
vn 0.726113677 0.639167666 -0.253423989
vn 0.795222998 0.332048625 -0.507310688
vn 0.110879757 -0.699226677 -0.706248999
vn -0.108090729 0.0210876185 -0.993917406
vn -0.108090729 0.0210876185 -0.993917406
vn 0.596582055 -0.796467245 0.0986395106
vn 0.0709701031 -0.982838809 -0.170267478
vn 0.344511479 -0.424157023 -0.83749783
vn -0.218107894 -0.890859365 -0.398495317
vn -0.279957026 -0.959403396 -0.0341918729
vn 0.66579622 -0.703342438 0.249047533
vn 0.776273251 0.531140864 -0.339542687
vn 0.795222998 0.332048625 -0.507310688
vn 0.893706024 0.433546811 0.115441248
vn 0.250662953 0.936873496 -0.243795082
vn 0.761526346 0.645235479 0.0612279288
vn -0.392017245 0.363654196 -0.845031381
vn -0.108090729 0.0210876185 -0.993917406
vn -0.12578319 0.880246401 -0.457542181
vn 0.893561304 -0.111466445 -0.434883296
vn 0.467177689 0.880989254 0.0748518407
vn 0.393008739 0.853211641 -0.342890739
vn 0.344495744 0.766325414 -0.542280436
vn 0.426632285 0.90037179 -0.0855315775
vn 0.412760139 0.827546597 -0.380520225
vn 0.366346806 0.930415034 0.0108506922
vn 0.344495744 0.766325414 -0.542280436
vn 0.931493878 -0.0115516251 -0.363573551
vn 0.467177689 0.880989254 0.0748518407
vn 0.366346806 0.930415034 0.0108506922
vn 0.426632285 0.90037179 -0.0855315775
vn -0.829047918 0.366724432 -0.422128856
vn -0.108090729 0.0210876185 -0.993917406
vn -0.872898698 -0.0916913822 -0.47920835
vn -0.820487142 -0.483021319 -0.305763543
vn -0.392017245 0.363654196 -0.845031381
vn -0.777598619 -0.575752914 -0.252683491
vn -0.742103577 -0.638700843 -0.203331262
vn -0.729334652 -0.658120632 -0.186944216
vn -0.680511653 0.633164942 -0.368789762
vn -0.108090729 0.0210876185 -0.993917406
vn -0.666527689 0.678636551 -0.308533996
vn -0.595543087 0.73838681 -0.316406965
vn -0.699508429 0.675218642 -0.234024957
vn -0.153469622 0.908582628 -0.388490349
vn 0.0326011218 0.988900304 0.144959554
vn -0.858093083 0.268501282 0.437702388
vn 0.137753353 0.603690803 0.785227001
vn -0.828470051 0.408812225 0.382766098
vn -0.939394116 -0.274036765 -0.206016123
vn -0.859057665 -0.398817301 0.320881158
vn -0.215124711 -0.649699867 -0.729116917
vn -0.13806051 -0.971041858 0.194979697
vn 0.697737098 -0.519153595 -0.493601501
vn 0.720168889 -0.689293504 -0.0789376348
vn 0.99456352 0.00535820797 0.103994295
vn 0.970210195 0.161263749 -0.180793121
vn 0.137753353 0.603690803 0.785227001
vn 0.0326011218 0.988900304 0.144959554
vn 0.400508523 0.44652018 0.800132871
vn 0.400508523 0.44652018 0.800132871
vn -0.82944715 0.213870451 0.516020119
vn 0.192873433 0.191164926 0.962421775
vn -0.134259567 -0.281546563 -0.95010829
vn -0.941282809 0.00505324733 -0.337581336
vn 0.766224265 -0.274920255 -0.580791831
vn 0.972428858 -0.0713856444 0.222004771
vn 0.192873433 0.191164926 0.962421775
vn 0.454126149 0.310623378 0.83503443
vn -0 -0.510511518 0.859870911
vn -0 0.379231393 0.92530185
vn 0.445899427 -0.452750981 0.77213347
vn -0 -0.510511518 0.859870911
vn 0.263272345 0.211961553 0.941148162
vn 0.219505474 -0.295580208 0.929757833
vn -0.394523829 0.918691635 -0.018884521
vn -0.0388704836 0.958494067 -0.282450348
vn -0 1 5.10242262E-06
vn -0 0.379231393 0.92530185
vn 0.403527051 0.295734942 0.865856051
vn -0.719073832 0.643561661 0.262223512
vn 0.644397259 0.691784263 0.325863004
vn -0.817448497 0.164562166 0.551993906
vn 0.543896496 -0.371255428 0.752559602
vn 0.093408972 -0.783673763 0.614109278
vn 0.4052369 -0.584658444 0.702821195
vn 0.79174757 -0.10815271 0.601197779
vn 0.779843032 -0.572230339 0.25376597
vn 0.432233751 -0.0326870196 0.901169002
vn 0.850504577 -0.383060366 0.360425711
vn 0.980385303 0.0138630569 0.196602389
vn 0.985395849 -0.126396611 0.114100702
vn 0.99742341 0.0546412654 -0.0464859679
vn 0.930930257 0.112091631 -0.347569257
vn 0.93744117 0.343838513 -0.0545803495
vn 0.930740237 0.317197114 -0.181957975
vn 0.867676079 -0.455333591 0.199523374
vn 0.870260656 0.199035287 -0.450590014
vn 0.921581566 -0.36845687 0.122175895
vn 0.64400661 -0.756699502 0.112522475
vn 0.579620719 -0.660057843 0.477873832
vn 0.247157842 -0.809870183 0.53199935
vn 0.737979174 -0.614717722 0.278403997
vn -0.14387098 -0.665562749 0.732343793
vn 0.286731362 -0.493463546 0.821144819
vn 0.526209474 -0.713028431 0.463350773
vn 0.134726733 -0.955731332 0.261584193
vn 0.526209474 -0.713028431 0.463350773
vn -0.397342563 -0.53248775 0.747379243
vn 0.397846788 -0.905353487 0.148502499
vn -0 -0.126024321 -0.992027104
vn -0 -0.974509418 -0.224346608
vn 0.0888305232 0.0839922279 -0.992499053
vn -0 -0.974509418 -0.224346608
vn -0 -0.771939516 0.635696054
vn -0 -0.771939516 0.635696054
vn 0.134726733 -0.955731332 0.261584193
vn -0 -0.771939516 0.635696054
vn 0.0797026977 -0.846247792 0.526794195
vn -0 -0.510511518 0.859870911
vn 0.0202564429 -0.456241876 0.889625192
vn -0.0797027126 -0.846247792 0.526794195
vn -0 -0.510511518 0.859870911
vn -0.397846788 -0.905353487 0.148502514
vn -0.454126149 0.310623378 0.83503443
vn -0.445899367 -0.45275107 0.77213347
vn -0.263272345 0.211961582 0.941148281
vn -0.219505474 -0.295580208 0.929757833
vn 0.394523829 0.918691635 -0.0188845433
vn 0.038870465 0.958494067 -0.282450348
vn -0 1 5.10242262E-06
vn -0 0.379231393 0.92530185
vn -0.403527051 0.295734942 0.865856051
vn 0.719073772 0.64356178 0.262223512
vn -0.644397199 0.691784203 0.325863034
vn 0.817448497 0.164562181 0.551993966
vn -0 -0.510511518 0.859870911
vn -0.0202564429 -0.456241876 0.889625192
vn -0.543896556 -0.371255487 0.752559602
vn -0.0934089422 -0.783673763 0.614109278
vn -0.4052369 -0.584658444 0.702821195
vn -0.79174757 -0.10815271 0.601197779
vn -0.779843032 -0.572230339 0.253765941
vn -0.850504577 -0.383060366 0.360425711
vn -0.980385303 0.0138630569 0.196602389
vn -0.985395849 -0.126396611 0.114100702
vn -0.99742341 0.0546412729 -0.0464859456
vn -0.930930257 0.112091631 -0.347569257
vn -0.93744117 0.343838543 -0.0545803085
vn -0.930740237 0.317197114 -0.181957975
vn -0.824711561 -0.351281345 -0.443229288
vn -0.870260656 0.199035332 -0.450589985
vn -0.596542835 -0.390261769 -0.701307535
vn -0.0449575111 0.0982457176 -0.994146109
vn -0.322495371 -0.128370717 -0.937826097
vn -0.983622849 -0.027792329 -0.178083256
vn -0.921581566 -0.36845687 0.122175895
vn -0.64400661 -0.756699502 0.112522475
vn -0.737979174 -0.614717722 0.278403997
vn -0.247157857 -0.809870183 0.53199935
vn 0.14387098 -0.665562749 0.732343793
vn -0.579620719 -0.660057843 0.477873832
vn -0.286731362 -0.493463546 0.821144819
vn -0.526209474 -0.713028431 0.463350773
vn -0.134726748 -0.955731332 0.261584163
vn -0.526209474 -0.713028431 0.463350773
vn 0.397342563 -0.53248775 0.747379243
vn -0 -0.126024321 -0.992027104
vn -0.088830553 0.083992213 -0.992499053
vn -0 -0.974509418 -0.224346608
vn -0 -0.974509418 -0.224346608
vn -0.134726748 -0.955731332 0.261584163
vn -0 -0.771939516 0.635696054
vn -0.750107229 0.343080789 -0.565362394
vn 0.0449575037 0.098245725 -0.994146109
vn 0.580456376 -0.136405244 -0.802785158
vn -0.485278636 0.55072242 -0.679124057
vn -0.180586755 0.157517135 -0.970863938
vn -0.659765065 0.630491674 -0.408888996
vn -0.180586755 0.157517135 -0.970863938
vn 0.134726733 -0.955731332 0.261584193
vn 0.0888305232 0.0839922279 -0.992499053
vn 0.343053609 -0.0490597598 -0.93803376
vn 0.0449575037 0.098245725 -0.994146109
vn 0.322495341 -0.128370717 -0.937826097
vn 0.580456376 -0.136405244 -0.802785158
vn 0.599849522 0.471120447 -0.646703959
vn -0.180586755 0.157517135 -0.970863938
vn 0.0449575037 0.098245725 -0.994146109
vn 0.24557741 -0.253749639 -0.93557626
vn 0.772110701 0.337101877 0.538709044
vn -0.0906409323 0.600607157 0.794389904
vn 0.950598121 -0.0149330674 -0.310064733
vn 0.97743541 0.107001938 -0.182127878
vn 0.688509881 0.0514250547 -0.723401368
vn 0.903106272 -0.36642316 -0.223904505
vn 0.273046315 -0.207564741 -0.939341605
vn 0.60789454 -0.22622554 -0.761108518
vn 0.422467351 0.472151816 -0.773688555
vn 0.287881821 -0.400625169 -0.869841039
vn 0.295543075 -0.454447001 -0.840316713
vn 0.295543104 -0.454447001 -0.840316713
vn 0.192519546 0.120951183 -0.973810613
vn 0.0196379498 0.555493474 0.831288934
vn -0.0255276375 0.941602528 0.335757464
vn 0.145605654 0.572958529 0.806546569
vn -0.124345735 0.474024117 0.871687591
vn 0.422467351 0.472151816 -0.773688555
vn -0.125653863 0.876252115 0.465180844
vn 0.300677478 0.83483392 -0.461134881
vn 0.496596217 0.799929202 0.336905837
vn 0.898195505 0.360525727 -0.251527429
vn -0.107351467 0.348039359 0.931313217
vn 0.175437227 -0.430535436 0.885359228
vn 0.0304954257 -0.306117356 0.951505244
vn 0.903106272 -0.36642316 -0.223904505
vn 0.167936772 -0.673208296 0.720130384
vn 0.293383777 -0.540833354 0.788305283
vn 0.189519063 -0.16073291 0.968631804
vn 0.233151644 0.192903742 0.953115106
vn 0.969730616 -0.226382628 0.0915074423
vn 0.723386645 0.43703568 0.53451997
vn 0.496596217 0.799929202 0.336905837
vn 0.969730616 -0.226382628 0.0915074423
vn 0.976391494 -0.164025635 -0.140553594
vn 0.60789454 -0.22622554 -0.761108518
vn 0.422467351 0.472151816 -0.773688555
vn 0.898195505 0.360525727 -0.251527429
vn 0.950598121 -0.0149330674 -0.310064733
vn 0.903106272 -0.36642316 -0.223904505
vn 0.97743541 0.107001938 -0.182127878
vn 0.976391494 -0.164025635 -0.140553594
vn -0.945119262 0.308382541 0.107935123
vn -0.987879813 -0.121363513 -0.096770145
vn 0.993048906 -0.0274376441 0.114460006
vn -0.70115459 -0.594908297 0.393022001
vn -0.801696479 -0.511521637 -0.309238166
vn -0.846813023 -0.13019374 0.515710533
vn -0.563241243 -0.6505512 0.509453058
vn -0.866023123 -0.500003934 0.000123862905
vn -0.990934551 0.134345561 0.000126131708
vn -0.846884608 -0.130146384 -0.515604854
vn -0.563249409 -0.650628388 -0.509345412
vn -0.424155861 -0.905589163 0.000123431411
vn -0.743077278 0.0046273726 0.669189632
vn -0.394138992 -0.663078189 0.636381805
vn -0.930942893 0.365164995 0.000104841376
vn -0.743145525 0.00467690732 -0.669113457
vn -0.394143313 -0.663158059 -0.636295855
vn -0.231860936 -0.972748876 9.98085234E-05
vn -0 -0.999783456 0.020811744
vn -0.804961681 -0.586156905 0.091960609
vn -0.773501873 -0.628345311 0.0829271227
vn -0 -0.999783456 0.020811744
vn -0.952579677 -0.267841607 0.144405112
vn -0.952579677 -0.267841607 0.144405112
vn -0 -0.997076392 -0.0764114633
vn -0.830247223 -0.55595082 -0.0401022471
vn -0.807669163 -0.588077128 -0.0428454578
vn -0 -0.997076392 -0.0764114708
vn -0.960194528 -0.278824627 -0.0168301314
vn -0.960194528 -0.278824627 -0.0168301314
vn -0.703491092 -0.644605994 0.299304843
vn -0.894130409 0.00956615712 0.447704464
vn -0.891123295 -0.0369453914 0.452254623
vn -0.315923959 -0.801690817 0.507428765
vn -0.643637359 0.764395714 -0.0378174633
vn -0.746202588 0.663425565 0.0552100539
vn 0.16706343 0.849113524 -0.501094759
vn -0.326019108 0.776801169 -0.538787186
vn -0.967429161 -0.149894357 0.203991815
vn -0.259055078 -0.653201342 0.711490214
vn 0.614697754 -0.78869319 0.0104728481
vn -0.0749660954 -0.877710164 -0.473291606
vn 0.768135071 -0.462465852 0.44282487
vn 0.853165507 0.10561806 -0.510836124
vn 0.0517768636 0.187394395 -0.980919182
vn -0.0749660954 -0.877710164 -0.473291606
vn -0.703491092 -0.644605994 0.299304843
vn 0.909443617 0.243041947 -0.33740595
vn 0.110220477 0.650069654 -0.751838326
vn 0.909443617 0.243041947 -0.33740595
vn 0.853165507 0.10561806 -0.510836124
vn -0.326019108 0.776801169 -0.538787186
vn 0.0517768636 0.187394395 -0.980919182
vn -0.94041121 -0.335746199 0.053863246
vn -0.37296617 -0.234688923 0.897673309
vn -0.939157665 -0.342835993 -0.0211274326
vn -0.584306955 0.428402007 0.689243913
vn 0.696433961 0.113030918 0.708663344
vn 0.540804446 0.599113524 0.590417981
vn 0.90835458 0.288129836 -0.30310598
vn 0.992909312 0.0802771375 -0.087674439
vn -0.301115096 -0.752088666 -0.586252868
vn -0.602878869 -0.127465382 -0.787584722
vn 0.581277251 -0.540560067 -0.60820359
vn 0.239495233 0.180578709 -0.953956604
vn 0.992909312 0.0802771375 -0.087674439
vn 0.90835458 0.288129836 -0.30310598
vn -0.980961502 -0.135500878 -0.139118299
vn -0.597886682 0.78502661 0.162064448
vn 0.425057262 0.813932002 0.396031618
vn 0.938673198 -0.0355566554 0.342970014
vn 0.938673198 -0.0355566554 0.342970014
vn 0.538364589 -0.839850903 0.0693838522
vn -0.35926649 -0.914672732 -0.185206324
vn -0.939157665 -0.342835993 -0.0211274326
vn -0.364929825 -0.0385423377 0.930236936
vn -0.364929825 -0.0385423377 0.930236936
vn -0.364929825 -0.0385423377 0.930236936
vn -0.364929825 -0.0385423377 0.930236936
vn -0.364929825 -0.0385423377 0.930236936
vn -0.364929825 -0.0385423377 0.930236936
vn -0.754559994 0.449408054 -0.478196204
vn 0.0401173867 -0.57112956 0.819878936
vn 0.383449107 0.0246080738 0.923234046
vn 0.0896319598 -0.568188488 0.818002462
vn 0.668137491 0.1395652 0.730830967
vn -0.621711254 -0.414857537 0.664355576
vn -0.651099443 -0.717280269 0.248150229
vn -0.808954895 -0.192843124 -0.555340946
vn -0.836490929 0.278930038 0.471678972
vn 0.376779675 0.454507321 0.807130873
vn -0.300396562 -0.208316028 0.93078804
vn -0.730429709 -0.644816875 0.225130647
vn -0.4992176 -0.375997216 -0.780645847
vn -0.0561357625 0.631164253 -0.773615241
vn -0.513881028 0.819417417 0.25393191
vn -0.836490929 0.278930038 0.471678972
vn 0.286210835 0.324094921 -0.901690483
vn 0.705221832 0.700930238 -0.106578752
vn -0.000613242853 0.775156379 0.63176924
vn -0.575908303 0.0590277873 0.815380454
vn -0.632572591 -0.688653648 0.354412317
vn -0.11439161 -0.732899964 -0.670650542
vn -0.632572591 -0.688653648 0.354412317
vn -0.730429709 -0.644816875 0.225130647
vn 0.551962912 0.130867749 -0.823535442
vn 0.602636158 0.783086121 -0.153641894
vn -0.883446574 0.188612327 0.428891003
vn -0.40977478 0.909941733 0.063958846
vn -0.567482173 -0.689515889 0.450035483
vn -0.632572591 -0.688653648 0.354412317
vn 0.314418197 -0.949185789 -0.0136972116
vn 0.898669302 -0.036179509 -0.437132001
vn 0.442899257 0.823091924 -0.355471581
vn 0.551962912 0.130867749 -0.823535442
vn 0.705221832 0.700930238 -0.106578752
vn 0.898669302 -0.036179509 -0.437132001
vn -0.559872389 0.505249918 -0.656708002
vn -0.997048438 -0.0500318147 -0.0582338087
vn -0.583601475 -0.55848223 0.589497209
vn 0.981241584 0.175837278 -0.0790324509
vn 0.394300669 0.61271888 -0.684910715
vn 0.595932186 -0.5043118 0.62492758
vn -0.583601475 -0.55848223 0.589497209
vn 0.981241584 0.175837278 -0.0790324509
vn -0.297998488 -0.211114585 -0.93092829
vn -0.835167706 -0.497027248 -0.235496938
vn -0.611990333 -0.354218423 0.707104683
vn -0.583601475 -0.55848223 0.589497209
vn 0.329999298 0.113987446 0.937073827
vn 0.920850992 0.381404012 0.0810210109
vn 0.920850992 0.381404012 0.0810210109
vn 0.54336834 0.194794804 -0.816581845
vn 0.0495353751 -0.679190695 -0.732288301
vn -0.701066256 -0.697310984 -0.149209499
vn -0.743425608 -0.101981573 0.660997868
vn -0.611990333 -0.354218423 0.707104683
vn 0.0680887327 0.563155353 0.823541105
vn 0.833635569 0.54244101 0.103968911
vn 0.833635569 0.54244101 0.103968911
vn 0.770436704 -0.0939699039 -0.630552948
vn 0.110197172 -0.806552887 -0.580800414
vn -0.697965801 -0.716130793 0.000597705308
vn -0.774656713 0.0293923356 0.631698608
vn -0.0647004545 0.700924635 0.710294664
vn 0.756680846 0.638003349 0.142778426
vn 0.756680846 0.638003349 0.142778426
vn 0.849597216 -0.123649001 -0.512733221
vn 0.0648764968 -0.765534937 -0.640115023
vn -0.651807249 -0.756211519 0.0573724397
vn -0.665827096 -0.0713657662 0.742685139
vn 0.00358351716 0.622620583 0.782515585
vn 0.735854208 0.666126311 0.121631607
vn 0.735854208 0.666126311 0.121631607
vn 0.787054002 -0.0343318433 -0.615928054
vn 0.632936597 -0.591677725 0.499308258
vn 0.632936597 -0.591677725 0.499308258
vn 0.632936597 -0.591677725 0.499308258
vn 0.632936597 -0.591677725 0.499308258
vn 0.632936597 -0.591677725 0.499308258
vn 0.632936597 -0.591677725 0.499308258
vn 0.156818703 0.831956804 0.532217801
vn -0.0561357625 0.631164253 -0.773615241
vn -0.513881028 0.819417417 0.25393191
vn 0.677293301 0.734954357 -0.0334038883
vn 0.383449107 0.0246080738 0.923234046
vn 0.286210835 0.324094921 -0.901690483
vn 0.705221832 0.700930238 -0.106578752
vn -0 -0.169564471 -0.985519171
vn -0.353735089 -0.925043881 0.138438508
vn -0 -0.999973655 0.00725743594
vn 0.554388881 -0.30842343 0.772999227
vn -0 -0.145358622 0.989378989
vn -0 -0.999973655 0.00725743594
vn -0.353735089 -0.925043881 0.138438508
vn 0.715471447 -0.652639568 0.249323666
vn -0.476015002 -0.705328465 0.525282264
vn -0.712407529 -0.0157069359 -0.70159018
vn -0 -0.169564471 -0.985519171
vn -0.246998429 -0.548300147 0.79897356
vn -0 0.690067112 -0.723745346
vn -0.712407529 -0.0157069359 -0.70159018
vn -0.712407529 -0.0157069359 -0.70159018
vn -0.843002796 -0.364511162 0.395572752
vn -0.509680152 -0.035300903 0.859639406
vn -0.246998429 -0.548300147 0.79897356
vn 0.435581475 -0.876944959 -0.203067139
vn -0 -0.522623897 0.852563381
vn -0 -0.939486384 -0.342586219
vn -0 0.0803319067 0.996768236
vn -0.246998429 -0.548300147 0.79897356
vn -0 0.0803319067 0.996768236
vn -0 -0.145358622 0.989378989
vn 0.737475872 0.358773291 0.572198391
vn -0 0.532661617 0.846328318
vn 0.554388881 -0.30842343 0.772999227
vn 0.715471447 -0.652639568 0.249323666
vn 0.986908317 -0.0882632211 -0.134987742
vn 0.435581475 -0.876944959 -0.203067139
vn 0.575183392 -0.439159453 -0.690147161
vn -0 -0.939486384 -0.342586219
vn -0 -0.536855161 -0.843674481
vn -0 0.690067112 -0.723745346
vn -0.166845769 0.744726658 -0.646176934
vn -0.712407529 -0.0157069359 -0.70159018
vn -0.208929956 0.852183521 -0.479720384
vn -0.208818585 0.85246098 -0.479275584
vn -0.712407529 -0.0157069359 -0.70159018
vn -0.126801923 0.927488625 -0.351690203
vn -0.139921963 0.92122525 -0.362995774
vn -0 0.952201545 -0.305470556
vn -0 0.952201545 -0.305470556
vn 0.505282998 -0.139484569 0.851606309
vn 0.0743848234 0.385953575 0.919514418
vn 0.973329246 -0.142084882 0.180116549
vn 0.0932577252 -0.355660766 0.929950774
vn 0.0805664435 0.356761426 0.930714905
vn -0.32248804 -0.128594801 0.937797785
vn 0.0714687333 0.391597986 0.91735661
vn -0.747138381 0.0889504254 0.658689678
vn -0.196915478 -0.643063128 0.740063608
vn -0.212540507 -0.283154547 0.935227275
vn -0.212418377 -0.348141044 0.913058698
vn -0.196915478 -0.643063128 0.740063608
vn -0.212540969 0.283153623 0.935227454
vn -0.212418959 0.348140895 0.913058698
vn -0.19691664 0.643061876 0.740064383
vn -0.19691661 0.643061876 0.740064383
vn -0.843839884 0.450760871 -0.291116804
vn -0.673654437 0.0344222374 -0.738244355
vn -0.843839765 0.450760812 -0.291116834
vn -0.950972915 0.221679911 -0.215658233
vn -0.673657119 -0.0344254933 -0.738241792
vn -0.950972795 -0.221685648 -0.21565339
vn -0.843838751 -0.450769871 -0.291105747
vn -0.843838751 -0.450769871 -0.291105837
vn 0.00829230342 -0.945325017 -0.326024413
vn 0.00829230249 -0.945325017 -0.326024354
vn 0.00829230435 -0.945325017 -0.326024383
vn 0.00829230342 -0.945325017 -0.326024354
vn 0.00829647481 0.945317328 -0.326046497
vn 0.00829647388 0.945317328 -0.326046467
vn 0.00829647575 0.945317328 -0.326046467
vn 0.00829647481 0.945317328 -0.326046437
vn -0.673657119 -0.0344254933 -0.738241792
vn 0.221043229 -0.355662823 -0.908098996
vn -0.673654437 0.0344222374 -0.738244355
vn 0.221042171 0.355662018 -0.908099592
vn 0.200364873 -0.65231657 -0.730983615
vn 0.200364903 -0.65231657 -0.730983615
vn 0.200362995 0.652316153 -0.730984509
vn 0.200362965 0.652316153 -0.730984509
vn -0.819011807 -0.457378209 0.346446037
vn -0.196911678 -0.940157056 0.278083742
vn -0.989116132 -0.0126723303 -0.14658992
vn -0.175720558 -0.713866889 0.677876353
vn 0.0491593033 -0.00128096552 -0.998790205
vn -0.642076612 -0.33376947 0.690170705
vn -0.0590998195 -0.619596839 -0.782692075
vn -0.819011807 -0.457378209 0.346446037
vn -0.114365742 -0.208258986 0.971364319
vn -0.175720558 -0.713866889 0.677876353
vn 0.414976895 -0.548111141 0.726201296
vn 0.559243798 -0.720767081 0.409562111
vn 0.92141062 -0.385134339 -0.0517110787
vn -0.196911678 -0.940157056 0.278083742
vn -0.0590998195 -0.619596839 -0.782692075
vn 0.0491593033 -0.00128096552 -0.998790205
vn 0.0390122943 0.18540068 0.981888354
vn -0.779941618 -0.516713619 0.353126228
vn -0.100983575 -0.955584288 0.276877135
vn -0.982777894 -0.112191632 -0.146835729
vn -0.113017082 -0.720055819 0.684650779
vn 0.0490344167 0.00369344722 -0.998790324
vn -0.636840522 -0.338726163 0.692602932
vn 0.137829766 -0.848499835 0.510931551
vn 0.672697306 -0.62935853 0.389083952
vn 0.955702722 -0.289689958 -0.0520775728
vn 0.137829766 -0.848499835 0.510931551
vn 0.488194317 -0.46586746 0.737993121
vn -0.114760816 -0.196987301 0.973666251
vn 0.0490344167 0.00369344722 -0.998790324
vn -0.100983575 -0.955584288 0.276877135
vn -0.113017082 -0.720055819 0.684650779
vn -0.114760816 -0.196987301 0.973666251
vn -0.0621860512 0.227913335 0.971693516
vn -0.745485306 -0.589142621 0.311709225
vn -0.0618193932 -0.959290385 0.275572896
vn -0.972344756 -0.159143567 -0.170935273
vn -0.0766764283 -0.734217107 0.674571037
vn 0.0734293461 0.00683553377 -0.997276962
vn -0.587990999 -0.481247276 0.650128961
vn 0.29149133 -0.922532856 -0.252914846
vn -0.136496753 -0.153324246 0.978703439
vn -0.0766764283 -0.734217107 0.674571037
vn 0.551308811 -0.496849507 0.670223236
vn 0.7255283 -0.579407752 0.371342689
vn 0.969383121 -0.243953243 -0.027986804
vn -0.0618193932 -0.959290385 0.275572896
vn 0.0734293461 0.00683553377 -0.997276962
vn 0.29149133 -0.922532856 -0.252914846
vn 0.7255283 -0.579407752 0.371342689
vn 0.0465378016 0.176018879 0.983286023
vn -0.136496753 -0.153324246 0.978703439
vn 0.336058974 0.688479841 -0.642697275
vn 0.220854685 0.885741293 -0.408271283
vn 0.345644206 0.772140682 -0.53322494
vn -0 0.854101241 -0.520106912
vn 0.561425269 0.642523825 -0.521502376
vn 0.657043636 0.489888281 -0.572977543
vn -0 0.69933784 -0.714791179
vn -0 0.443584085 -0.896232784
vn 0.0316770338 0.951542437 -0.3058815
vn 0.120678239 0.888837934 -0.442045093
vn 0.403969198 0.842483759 -0.356412768
vn -0.155950651 0.964681923 -0.212292403
vn -0.272425115 0.914840221 -0.298080355
vn -0.371751338 0.9207322 -0.118546054
vn 0.381903648 0.906589091 -0.17957148
vn -0.138968647 0.986889243 -0.0820816904
vn -0.243710324 0.95675391 -0.158830762
vn 0.263335645 0.928960681 -0.260166258
vn 0.193304181 0.960995674 -0.197790012
vn 0.638776839 0.719916642 -0.271448165
vn 0.695700705 0.639063895 -0.328021139
vn -0.349415302 0.93481195 -0.0635258928
vn -0.624013126 0.778527975 -0.0670944452
vn -0.756360114 0.654143155 -0.00400535995
vn -0.855624259 0.517534971 -0.00803639181
vn -0.937486112 0.347815692 -0.0119980816
vn -0.101871446 0.271656781 -0.956987381
vn -0.996548712 -0.0233386569 -0.0796612948
vn -0.970944703 0.17444925 0.163810119
vn -0.974844813 -0.222861841 -0.00317671569
vn -0.926348388 -0.36970821 0.0720729083
vn -0.956447065 0.0504825078 0.287507623
vn -0.950309277 0.0506446026 0.307160348
vn -0.786431015 0.475541681 0.394190639
vn -0.773366988 0.488117397 0.404530525
vn -0.818069875 0.550402999 0.166788146
vn -0.334059 0.917475939 0.215968966
vn -0.301508039 0.848286033 0.435320169
vn 0.202266559 0.966316581 0.15912424
vn 0.227367967 0.89649111 0.380272985
vn 0.723584354 0.688925922 0.0425052233
vn 0.70828253 0.645917296 0.284827411
vn 0.982944429 0.170574844 -0.0687350482
vn 0.981485546 0.14970091 0.119481176
vn -0.989533246 0.115819804 0.0860795453
vn 0.698872447 0.676015496 0.233624399
vn 0.236498386 0.918441832 0.31706962
vn -0.342784882 0.862628043 0.371983051
vn 0.975402653 0.220053688 0.012888331
vn -0.961040914 0.260285646 -0.0930141807
vn 0.227255926 0.970768452 0.077223286
vn 0.682467997 0.730852544 -0.00958661456
vn -0.386476815 0.904421508 0.180713594
vn -0.811430395 0.538013875 0.228301734
vn 0.95912379 0.261143029 -0.109022394
vn 0.936271727 0.252994686 -0.243698508
vn 0.923824549 0.167520642 -0.344216466
vn 0.972634733 0.14985925 -0.177549422
vn 0.844130695 0.504481971 -0.181497023
vn 0.994877815 0.0985917896 -0.0223096143
vn 0.802206516 0.0202199407 -0.596704066
vn -0 -0.0882377177 -0.996099472
vn -0 0.443584085 -0.896232784
vn 0.336831629 -0.809905469 -0.480205774
vn 0.180663422 -0.981986761 0.0553415529
vn 0.11544589 -0.927787244 -0.354799926
vn 0.548412442 -0.606513202 -0.575660825
vn 0.695810258 -0.710475028 -0.105229348
vn 0.971283913 -0.23620823 -0.0285186339
vn 0.975536585 -0.1481013 -0.162463322
vn 0.994877815 0.0985917896 -0.0223096143
vn 0.972634733 0.14985925 -0.177549422
vn 0.923824549 0.167520642 -0.344216466
vn 0.846507549 -0.469663799 -0.250681013
vn 0.936271727 0.252994686 -0.243698508
vn 0.896575689 -0.381723464 -0.224586517
vn 0.480683506 -0.847443342 -0.22535108
vn 0.476158977 -0.847894251 -0.233126149
vn -0.126084387 -0.977375865 -0.169820696
vn 0.00763514265 -0.994782388 -0.101733185
vn -0.442179799 -0.895545602 -0.0497491919
vn 0.864421368 -0.442738861 -0.238239333
vn 0.447422236 -0.856638372 -0.256873667
vn 0.436463267 -0.832995117 -0.340027988
vn 0.855980694 -0.452488124 -0.250103146
vn 0.502949238 -0.810653985 -0.299803346
vn -0.0161132142 -0.930800617 -0.365171909
vn -0.0441724434 -0.943940878 -0.327145875
vn 0.973329246 -0.142084882 0.180116549
vn 0.975402653 0.220053688 0.012888331
vn 0.981485546 0.14970091 0.119481176
vn 0.95912379 0.261143029 -0.109022394
vn -0.0864225402 -0.972769082 -0.215061381
vn -0.611793339 -0.77022624 -0.180167928
vn -0.0161132142 -0.930800617 -0.365171909
vn -0.649254441 -0.752278566 -0.112007372
vn -0.95351553 -0.223843381 0.201748043
vn -0.683001995 -0.717875123 -0.134771794
vn -0.758131862 -0.636376858 -0.142339289
vn -0.927006483 -0.370625228 -0.0574098751
vn -0.494058758 -0.860898077 0.121492669
vn -0.0409006253 -0.998614311 0.0331153721
vn 0.343325615 -0.9371562 -0.062175326
vn -0.137110457 -0.978122473 0.156451896
vn 0.0974408463 -0.0465920158 -0.994150162
vn 0.757888794 -0.567151845 -0.322402567
vn -0.0825732052 -0.988658249 0.125445172
vn -0.261194736 -0.964247465 0.0447660759
vn 0.0387884006 -0.976009786 -0.214243993
vn 0.43897453 -0.894648373 -0.0831003711
vn 0.0387884006 -0.976009786 -0.214243993
vn -0.431992233 -0.89779675 0.085695073
vn -0 0.517024517 -0.855970621
vn -0 -0.547544479 -0.836776555
vn -0 -0.0882377177 -0.996099472
vn 0.802206516 0.0202199407 -0.596704066
vn -0 -0.547544479 -0.836776555
vn -0 -0.0882377177 -0.996099472
vn 0.987879813 -0.121363513 -0.096770145
vn 0.982944429 0.170574844 -0.0687350482
vn 0.959725261 -0.263844609 0.0965063199
vn 0.923410594 0.368969262 0.105709903
vn 0.998439133 -0.00913978554 -0.0550977588
vn 0.505282998 -0.139484569 0.851606309
vn 0.600518286 -0.775859654 -0.193441197
vn 0.0932577252 -0.355660766 0.929950774
vn 0.0742265135 -0.774258792 0.628501117
vn 0.201360494 -0.673812807 -0.710936129
vn -0.0701159984 -0.492905676 -0.867253006
vn -0.05743232 -0.690131962 -0.721400917
vn -0.191958502 -0.486585855 -0.852283001
vn -0.299921542 -0.674595177 -0.674513459
vn -0.910433352 -0.260792106 0.321089834
vn 0.584954023 -0.767334104 -0.262729943
vn 0.615515113 -0.758562624 -0.213831335
vn -0.021309942 -0.962431729 -0.27068615
vn -0.603957057 -0.781168759 -0.15814963
vn -0.625712514 -0.774817288 -0.0902332291
vn 0.0173169635 -0.978580356 0.205136016
vn -0.337383896 -0.937722445 0.0827571079
vn -0.594873965 -0.798063993 -0.0960148051
vn -0.673637271 -0.738889039 0.0159963183
vn -0.999488235 -0.0149750868 -0.0282649081
vn -0.925296962 -0.167635009 -0.340182424
vn -0.598603725 -0.763238072 -0.243189484
vn 0.0272036586 -0.999453127 0.0187983084
vn -0.0118824793 -0.978200555 -0.207322165
vn 0.704702258 -0.701482356 -0.106382281
vn 0.576840222 -0.746121109 -0.332503825
vn 0.854556084 -0.12630038 -0.503767848
vn 0.976609886 0.0214840136 -0.21394296
vn -0.514107585 0.856569946 -0.0445112027
vn -0.719979465 0.0432607494 -0.692645788
vn -0.248604417 -0.430591822 -0.867632687
vn -0.719979465 0.0432607494 -0.692645788
vn -0.0368735269 -0.527354598 -0.848844767
vn 0.149212301 -0.432541341 -0.889181435
vn 0.306719482 -0.332997233 -0.891647935
vn 0.856079042 0.475349158 -0.202908427
vn 0.714701474 0.0394664295 -0.698315203
vn 0.87458843 0.479100734 -0.0745494664
vn 0.977890074 -0.0566896796 -0.201289296
vn 0.587609172 -0.782567143 -0.205679715
vn 0.342180818 -0.939572155 0.0107895611
vn 0.289756089 -0.943322003 0.161817297
vn -0.253047645 -0.943346441 0.214626431
vn -0.39862895 -0.871369064 -0.286026031
vn -0.285215408 -0.906402051 -0.311588794
vn 0.337060332 -0.871534824 -0.356114209
vn 0.231113032 -0.905914187 -0.354832679
vn -0.484741747 0.871652842 0.0724347308
vn 0.17674166 0.980060339 -0.0907974467
vn 0.173758313 0.984775603 -0.00500678411
vn -0.437150151 0.899380386 -0.00382743776
vn 0.750164092 0.659519911 -0.0478256755
vn 0.718563199 0.680776834 -0.142161429
vn 0.945119262 0.308382541 0.107935123
vn 0.146134406 0.973986387 -0.17319116
vn 0.671620607 0.70863539 -0.216244593
vn -0.520685256 0.84853512 -0.0942075774
vn -0.874272346 0.467006445 0.132487565
vn -0.947193921 0.317976505 -0.0414076708
vn -0.996816099 0.0780143142 0.0164792147
vn -0.857760429 -0.185004264 0.479604453
vn -0.835954547 0.513029099 0.194887653
vn -0.861681998 -0.0860146731 0.500105619
vn 0.951374233 0.267863631 -0.152105957
vn 0.628651083 0.632242739 -0.452843219
vn -0.406573892 0.775827885 -0.482481867
vn -0.839782536 0.483645558 -0.246682599
vn 0.156093135 0.976667404 -0.147497967
vn 0.704227567 0.685546458 -0.184633538
vn -0.486643195 0.869428515 -0.0852782652
vn 0.805905938 0.539726198 -0.243333787
vn 0.909129918 0.367783695 -0.195494264
vn -0.993410528 -0.0874502882 -0.0740808696
vn -0.993410528 -0.0874502882 -0.0740808696
vn -0.24588035 0.358659089 -0.900503516
vn -0.568088412 0.250196099 -0.784013629
vn -0.982276499 0.158784375 -0.0996010751
vn -0.529519737 0.131838739 -0.837990105
vn 0.0317825526 0.293382168 -0.955466807
vn 0.12828508 0.789512157 -0.600177765
vn 0.298283219 0.305893451 -0.904132962
vn 0.951374233 0.267863631 -0.152105957
vn -0.990798831 0.0810814649 -0.108367346
vn -0.506223023 0.0731253549 -0.859296739
vn -0.553414881 0.187610641 0.811501205
vn -0.509767532 -0.29698199 -0.807427347
vn -0.781834781 -0.608736575 -0.134811178
vn -0.59991318 0.138791725 0.787934601
vn 0.0390122943 0.18540068 0.981888354
vn -0.642076612 -0.33376947 0.690170705
vn -0.748120666 -0.376234084 0.546592593
vn -0.819011807 -0.457378209 0.346446037
vn -0.0590998195 -0.619596839 -0.782692075
vn -0.336418092 -0.545410573 0.767691433
vn -0.857760429 -0.185004264 0.479604453
vn -0.331397295 -0.683054745 0.650854886
vn 0.022036761 -0.567813516 0.822862208
vn 0.0346580893 -0.694724083 0.718440831
vn 0.70320785 -0.357330114 0.614665687
vn 0.725162566 -0.273552328 0.631908536
vn 0.951374233 0.267863631 -0.152105957
vn 0.945119262 0.308382541 0.107935123
vn 0.170642331 -0.289329261 0.941896856
vn -0.450785935 -0.267920941 0.851475477
vn 0.679112852 -0.0187335908 0.733794808
vn -0.165653795 -0.356758446 0.919392288
vn 0.996692538 -0.0808894932 0.00779926218
vn 0.951374233 0.267863631 -0.152105957
vn 0.629233599 0.136573359 -0.765122771
vn 0.550053656 -0.0118413391 -0.835045338
vn 0.999620795 -0.0247726198 -0.0120201586
vn 0.500345111 0.00045201258 -0.865825891
vn -0.182659075 -0.939115822 -0.291027904
vn 0.59291625 -0.0299568474 0.804706812
vn 0.0465378016 0.176018879 0.983286023
vn -0.582295597 0.0304959547 0.81240499
vn 0.980142355 -0.151407748 -0.128049508
vn 0.621828258 7.57955931E-05 0.783153653
vn -0.587990999 -0.481247276 0.650128961
vn -0.664783418 -0.514426708 0.541690111
vn -0.745485306 -0.589142621 0.311709225
vn -0.732769012 -0.672934413 -0.101038925
vn 0.29149133 -0.922532856 -0.252914846
vn 0.678985059 -0.710105479 -0.186358422
vn 0.6292274 -0.562699795 0.536136091
vn 0.417402714 -0.35583207 -0.836156905
vn -0.182659075 -0.939115822 -0.291027904
vn 0.7255283 -0.579407752 0.371342689
vn 0.29149133 -0.922532856 -0.252914846
vn 0.551308811 -0.496849507 0.670223236
vn 0.500345111 0.00045201258 -0.865825891
vn 0.417402714 -0.35583207 -0.836156905
vn -0.517869592 0.85428232 0.044865381
vn -0.501653254 0.864575326 -0.0292155109
vn 0.348109275 0.632920086 -0.691543221
vn -0.596352279 0.789379716 -0.145751938
vn -0.637305558 0.766924381 -0.0752900541
vn -0.426632285 0.90037179 -0.0855315924
vn -0.366346806 0.930415034 0.0108506987
vn -0.496055394 0.861102998 0.111492865
vn -0.366346806 0.930415034 0.0108506987
vn -0.412760109 0.827546656 -0.380520225
vn -0.417739123 0.752390921 -0.509315073
vn 0.629233599 0.136573359 -0.765122771
vn 0.951374233 0.267863631 -0.152105957
vn -0.568088412 0.250196099 -0.784013629
vn -0.0322359614 0.0413830653 -0.998623133
vn -0.24588035 0.358659089 -0.900503516
vn -0.529519737 0.131838739 -0.837990105
vn 0.0317825526 0.293382168 -0.955466807
vn 0.0175990462 0.0392568856 -0.999074101
vn 0.298283219 0.305893451 -0.904132962
vn 0.550053656 -0.0118413391 -0.835045338
vn 0.629233599 0.136573359 -0.765122771
vn -0.105814472 -0.109263085 -0.988364697
vn 0.500345111 0.00045201258 -0.865825891
vn -0.148859814 -0.104598328 -0.983310699
vn 0.125985518 -0.144386739 -0.98146832
vn -0.506223023 0.0731253549 -0.859296739
vn 0.0449143536 -0.110387817 -0.992873192
vn -0.00994483568 -0.914865971 -0.403635353
vn -0.182659075 -0.939115822 -0.291027904
vn -0.509767532 -0.29698199 -0.807427347
vn 0.398026854 -0.446270525 -0.80150944
vn -0.00994483568 -0.914865971 -0.403635353
vn 0.553542674 -0.827345312 -0.095342651
vn -0.525526702 -0.364742488 -0.76862514
vn 0.417402714 -0.35583207 -0.836156905
vn -0.447509527 -0.33881703 -0.827609956
vn 0.446059704 -0.406031787 -0.797601938
vn -0.182659075 -0.939115822 -0.291027904
vn -0.00994483568 -0.914865971 -0.403635353
vn -0.756653607 -0.645564973 -0.103542805
vn -0.0616616458 -0.997849107 -0.022247158
vn -0.756653607 -0.645564973 -0.103542805
vn 0.670307338 -0.736814618 -0.088273637
vn -0.0590998195 -0.619596839 -0.782692075
vn -0.781834781 -0.608736575 -0.134811178
vn 0.137829766 -0.848499835 0.510931551
vn 0.670307338 -0.736814618 -0.088273637
vn -0.732769012 -0.672934413 -0.101038925
vn -0.0111269746 -0.957396209 -0.288563281
vn -0.182659075 -0.939115822 -0.291027904
vn 0.670307338 -0.736814618 -0.088273637
vn 0.29149133 -0.922532856 -0.252914846
vn 0.678985059 -0.710105479 -0.186358422
vn 0.417402714 -0.35583207 -0.836156905
vn -0.756653607 -0.645564973 -0.103542805
vn -0.669088244 -0.44278273 0.596878946
vn -0.779941618 -0.516713619 0.353126228
vn 0.137829766 -0.848499835 0.510931551
vn -0.636840522 -0.338726163 0.692602932
vn -0.636480212 0.103086576 0.764373004
vn -0.0621860512 0.227913335 0.971693516
vn 0.621828258 7.57955931E-05 0.783153653
vn -0.00994483568 -0.914865971 -0.403635353
vn -0.756653607 -0.645564973 -0.103542805
vn 0.488194317 -0.46586746 0.737993121
vn 0.572364748 -0.556009889 0.602703571
vn 0.670307338 -0.736814618 -0.088273637
vn 0.672697306 -0.62935853 0.389083952
vn 0.137829766 -0.848499835 0.510931551
vn 0.0343737416 -0.204036891 0.97835952
vn -0.00994483568 -0.914865971 -0.403635353
vn -0.861681998 -0.0860146731 0.500105619
vn -0.553414881 0.187610641 0.811501205
vn 0.644074917 -0.0366250873 0.764085054
vn 0.414976895 -0.548111141 0.726201296
vn 0.511734307 -0.611588359 0.603396833
vn 0.553542674 -0.827345312 -0.095342651
vn -0.0590998195 -0.619596839 -0.782692075
vn 0.559243798 -0.720767081 0.409562111
vn 0.0343737416 -0.204036891 0.97835952
vn -0.00994483568 -0.914865971 -0.403635353
vn -0.00994483568 -0.914865971 -0.403635353
vn 0.553542674 -0.827345312 -0.095342651
vn -0.0590998195 -0.619596839 -0.782692075
vn 0.511734307 -0.611588359 0.603396833
vn 0.621828258 7.57955931E-05 0.783153653
vn -0.182659075 -0.939115822 -0.291027904
vn 0.670307338 -0.736814618 -0.088273637
vn 0.417402714 -0.35583207 -0.836156905
vn 0.500345111 0.00045201258 -0.865825891
vn -0.0590998195 -0.619596839 -0.782692075
vn 0.553542674 -0.827345312 -0.095342651
vn -0.182659075 -0.939115822 -0.291027904
vn -0.527663767 -0.486349374 0.69644475
vn 0.0932577252 -0.355660766 0.929950774
vn -0.32248804 -0.128594801 0.937797785
vn -0.747138381 0.0889504254 0.658689678
vn -0.841895938 0.430266023 0.325702876
vn -0.986584783 -0.0271384157 0.160977572
vn -0.00432130974 0.984828651 0.173475966
vn -0.0257161297 0.998168588 -0.0547562279
vn -0.719979465 0.0432607494 -0.692645788
vn -0.101340882 -0.194528148 -0.975647926
vn -0.055157803 -0.173295647 -0.983324111
vn 0.714701474 0.0394664295 -0.698315203
vn -0.260616809 -0.789989054 0.55497402
vn 0.22826986 -0.215948597 0.949346602
vn 0.455563188 -0.888580322 0.0537318774
vn -0.260616809 -0.789988995 0.554974079
vn -0.0537947714 0.124003887 -0.990822434
vn 0.127686009 -0.59659338 -0.792320967
vn 0.819062591 -0.000955034455 -0.573703408
vn -0.652558446 -0.246427715 -0.716547847
vn -0.634806454 0.744171023 -0.207919136
vn 0.593063116 0.715144277 0.369925499
vn 0.819062591 -0.000955034455 -0.573703408
vn -0.225101635 0.499016553 0.836846232
vn 0.593063116 0.715144277 0.369925499
vn 0.22826986 -0.215948597 0.949346602
vn 0.455563188 -0.888580322 0.0537318774
vn 0.819062591 -0.000955034455 -0.573703408
vn -0.634806454 0.744171023 -0.207919136
vn -0.0537947714 0.124003887 -0.990822434
vn 0.593063116 0.715144277 0.369925499
vn -0.652558446 -0.246427715 -0.716547847
vn -0.634806454 0.744171023 -0.207919136
vn -0.652558446 -0.246427745 -0.716547787
vn -0.259207934 0.218853369 0.940698862
vn -0.0539093949 0.970494628 -0.235018909
vn 0.0434200093 0.96129787 -0.272068411
vn -0.331910461 0.343689024 0.87847209
vn -0.314436853 0.884978175 0.343428522
vn -0.314436883 0.884978175 0.343428552
vn 0.253059924 -0.181343511 -0.95030272
vn -0.282984853 0.359516501 -0.889194846
vn 0.23984924 -0.277842641 -0.930202067
vn 0.00713237002 -0.929440439 0.36890322
vn -0.0415812731 -0.980157912 0.193807811
vn -0.639545023 -0.763678193 -0.088191554
vn -0.239080712 -0.357667089 0.902726233
vn -0.0280122925 -0.318559557 -0.947488904
vn -0.637491286 0.173555031 -0.750655353
vn -0.637491286 0.173555031 -0.750655353
vn 0.253059924 -0.181343511 -0.95030272
vn -0.0280122925 -0.318559557 -0.947488904
vn 0.253059924 -0.181343511 -0.95030272
vn -0.0415812731 -0.980157912 0.193807811
vn 0.23984924 -0.277842641 -0.930202067
vn 0.00713237002 -0.929440439 0.36890322
vn -0.0280122925 -0.318559557 -0.947488904
vn -0.639545023 -0.763678193 -0.088191554
vn -0.95656538 0.0570232607 -0.285886109
vn -0.896276474 -0.403122962 -0.184879407
vn -0.940187037 0.167056352 -0.296885014
vn -0.919885099 -0.391413838 -0.0246305391
vn -0.831929505 0.415297121 -0.367996722
vn -0.596542835 -0.390261769 -0.701307535
vn -0.928967297 -0.0540721156 -0.366191268
vn -0.985739172 -0.16627948 -0.0258718487
vn -0.493627638 0.193397924 -0.847896814
vn -0.907385826 -0.0345248953 -0.418878078
vn -0.872153342 0.469234765 -0.138446257
vn -0.674076974 0.722372055 0.154268727
vn -0.698080361 0.539398015 -0.470886111
vn -0.275169969 0.955512524 -0.106194995
vn -0.335584104 0.55265516 -0.762860179
vn -0.335714489 0.550185502 -0.764586031
vn -0.477302313 0.0533962473 -0.877115428
vn -0.477909416 0.0523358062 -0.876848578
vn -0.510573387 0.191540658 -0.838228464
vn -0.513543665 0.18228367 -0.838478148
vn -0.037394803 0.694468021 -0.718551099
vn -0.0440811552 0.69189465 -0.720651507
vn 0.291931689 0.771403968 -0.565430582
vn 0.291931748 0.771404088 -0.565430582
vn -0.0770121589 0.957975268 0.276319534
vn 0.0428955555 0.969709754 0.240464076
vn -0.994778037 0.0999825448 -0.0205002278
vn -0.930930257 0.112091631 -0.347569257
vn -0.93744117 0.343838543 -0.0545803085
vn -0.930368781 0.323512286 0.172492728
vn -0.796914637 0.521554351 0.304808229
vn -0.799396753 0.519113302 0.302467078
vn -0.511459529 0.729787767 0.453672737
vn -0.485750705 0.742049575 0.461961776
vn -0.144007295 0.836546302 0.528632283
vn -0.14400728 0.836546302 0.528632283
vn -0.930740237 0.317197114 -0.181957975
vn -0.983622849 -0.027792329 -0.178083256
vn 0.0771646947 -0.989403605 0.122988731
vn -0.0338984169 -0.915055752 0.401900381
vn 0.0740254 -0.988574684 0.131302297
vn 0.161430165 -0.84593749 -0.5082618
vn 0.161548898 -0.846685112 -0.506977499
vn 0.121695578 -0.607341766 -0.785064399
vn 0.121695593 -0.607341707 -0.785064399
vn -0.217601359 -0.248285368 0.943930149
vn -0.112760462 -0.181823507 0.976844609
vn -0.11102768 -0.180709898 0.977249622
vn -0.217601359 -0.248285368 0.943930149
vn -0.0174772013 -0.0362899974 0.999188483
vn -0.0176885463 -0.0351073183 0.999227047
vn 0.817448497 0.164562181 0.551993966
vn 0.0906409323 0.600607157 0.794389904
vn 0.952542543 0.267657757 0.144989893
vn 0.952542543 0.267657757 0.144989893
vn 0.952542543 0.267657727 0.144989893
vn 0.952542543 0.267657757 0.144989893
vn 0.952542543 0.267657757 0.144989893
vn -0.474701166 -0.34283343 -0.810631871
vn -0.698080361 0.539398015 -0.470886111
vn -0.495336622 -0.54341644 -0.677746415
vn -0.585574687 0.626149237 -0.51481986
vn -0.627246022 0.722145498 -0.291664779
vn -0.634590328 0.715653241 -0.291779995
vn 0.897923112 0.403680682 0.175430864
vn 0.94327271 0.33200562 -0.00297958916
vn 0.896777153 0.402041882 0.184805214
vn 0.945880115 0.324317753 -0.0113490392
vn 0.750107229 0.343080848 -0.565362513
vn 0.983516037 0.171950266 -0.0559405014
vn 0.989379823 0.109344311 -0.0957678407
vn 0.868958056 0.372373551 0.32595998
vn 0.967811644 0.118496507 -0.22203438
vn 0.719073772 0.64356178 0.262223512
vn 0.485278606 0.55072248 -0.679124117
vn 0.394523829 0.918691635 -0.0188845433
vn 0.817448497 0.164562181 0.551993966
vn 0.941668093 -0.204441994 -0.267329067
vn 0.980918825 -0.190242082 0.0400775038
vn 0.986287177 -0.161116123 0.0357657261
vn 0.804505289 -0.515718818 -0.294627517
vn 0.803678095 -0.51660037 -0.295339793
vn 0.486510992 -0.744105756 -0.457835823
vn 0.51093179 -0.732673585 -0.449597746
vn 0.124632217 -0.837847173 -0.531487584
vn 0.12463221 -0.837847173 -0.531487405
vn 0.957374454 -0.283785462 0.0538516864
vn 0.038870465 0.958494067 -0.282450348
vn -0.088830553 0.083992213 -0.992499053
vn -0 1 5.10242262E-06
vn -0 -0.126024321 -0.992027104
vn -0.543896556 -0.371255487 0.752559602
vn -0.326592803 -0.74369055 0.583319366
vn -0.526209474 -0.713028431 0.463350773
vn -0.397846788 -0.905353487 0.148502514
vn -0.326592803 -0.74369055 0.583319366
vn -0.326592803 -0.74369055 0.583319366
vn -0.0797027126 -0.846247792 0.526794195
vn -0.0797027126 -0.846247792 0.526794195
vn -0.326592803 -0.74369055 0.583319366
vn -0.0202564429 -0.456241876 0.889625192
vn -0.326592803 -0.74369055 0.583319366
vn -0.543896556 -0.371255487 0.752559602
vn -0.0934089422 -0.783673763 0.614109278
vn -0.64400661 -0.756699502 0.112522475
vn -0.606085062 -0.515756965 0.605521023
vn -0.921581566 -0.36845687 0.122175895
vn -0.606085062 -0.515756965 0.605521023
vn -0.79174757 -0.10815271 0.601197779
vn -0.606085062 -0.515756965 0.605521023
vn -0.79174757 -0.10815271 0.601197779
vn -0.219505474 -0.295580208 0.929757833
vn -0.606085062 -0.515756965 0.605521023
vn -0.606085062 -0.515756965 0.605521023
vn -0.0934089422 -0.783673763 0.614109278
vn -0.794703066 -0.131870702 0.592500865
vn -0.772110701 0.337101877 0.538709044
vn -0.432233691 -0.0326870196 0.901169002
vn -0.4052369 -0.584658444 0.702821195
vn -0.794703066 -0.131870702 0.592500865
vn -0.772110701 0.337101877 0.538709044
vn -0.794703066 -0.131870702 0.592500865
vn -0.980385303 0.0138630569 0.196602389
vn -0.794703066 -0.131870702 0.592500865
vn -0.779843032 -0.572230339 0.253765941
vn -0.794703066 -0.131870702 0.592500865
vn -0.4052369 -0.584658444 0.702821195
vn 0.0387184732 0.996868432 0.0689503029
vn 0.0813845694 0.985351443 0.149863392
vn 0.0906195119 0.993261039 0.0722535029
vn -0.753402591 -0.571710408 0.32485655
vn -0.00123211928 0.999580801 0.0289268792
vn -0 0.984610438 0.174763635
vn 0.541607857 0.667064071 0.51155293
vn -0 0.982201993 0.1878279
vn 0.520007312 0.0866632313 0.849753976
vn -0.741015077 -0.220169559 0.634367347
vn -0.833241761 0.282744795 -0.475145757
vn -0.72576803 0.0530879684 0.685888112
vn -0.97301507 0.160801545 -0.165483207
vn -0.87633729 -0.439534664 -0.197084248
vn -0.776273251 0.531140864 -0.339542687
vn -0.795222998 0.332048625 -0.507310688
vn -0.220989913 -0.222322822 0.949597776
vn -0.218679398 -0.144238979 0.9650774
vn -0.10620968 -0.295627147 0.949380875
vn -0.632941246 -0.504241467 0.587474108
vn -0.483115405 -0.607416272 0.630590856
vn -0.0330112353 -0.240771234 0.970020354
vn -0.130295575 -0.0851335004 0.987813354
vn -0.607692242 0.313325763 0.729751348
vn -0.0692499354 -0.0101103652 0.997548044
vn -0.928572834 0.332444966 -0.165023714
vn -0.894041479 -0.399670184 -0.202369854
vn -0.519599438 -0.813267887 -0.261938334
vn -0.750900447 -0.283575863 -0.596433699
vn -0.931493878 -0.0115516251 -0.363573551
vn -0.80826807 -0.295063049 -0.509549201
vn -0.612729311 -0.631372511 -0.475322396
vn -0.307470709 -0.707758844 0.636033833
vn -0.428409398 -0.641429961 -0.636422038
vn -0.344511479 -0.424157023 -0.83749783
vn 0.224956647 -0.48804006 -0.843333483
vn -0.595477223 0.794700384 -0.117720529
vn -0.3423464 0.58443737 0.735684693
vn -0.387555897 0.844218194 -0.370264858
vn -0 0.664518714 0.747271597
vn -0 0.922260642 -0.386568666
vn -0.417739123 0.752390921 -0.509315073
vn -0 0.462670416 -0.88653034
vn -0.344495744 0.766325414 -0.542280436
vn -0.393008679 0.853211641 -0.34289071
vn -0.412760109 0.827546656 -0.380520225
vn -0.861321628 -0.494383425 0.117089719
vn -0.985302806 0.00562715251 0.17072387
vn -0.679363787 -0.733577251 0.0181470141
vn -0.503716707 -0.348148525 -0.790608704
vn -0.0645844713 -0.0571621954 -0.996273756
vn -0 0.0133032249 0.999911547
vn -0 0.664518714 0.747271597
vn -0 0.0133032249 0.999911547
vn -0.0692499354 -0.0101103652 0.997548044
vn -0.776273251 0.531140864 -0.339542687
vn -0.576888263 -0.362623006 0.731918395
vn -0.0756669268 0.0837494433 0.993609846
vn -0.354695499 0.493602842 0.794070184
vn -0.573922932 -0.785923779 0.230078623
vn -0.351550967 -0.170982987 0.920422077
vn -0.558878601 -0.828110456 -0.043447651
vn 0.680625141 -0.730209291 -0.0595294498
vn 0.216509223 -0.702322185 -0.678135157
vn -0.0797777846 -0.786606371 -0.612279236
vn -0.292039186 -0.8288275 0.477239966
vn -0.439926058 -0.736270785 -0.514169514
vn -0.577082574 -0.799529135 -0.166519761
vn -0.310909569 -0.635272205 0.706940234
vn -0 -0.981553078 0.191189542
vn -0 -0.492137939 0.870517254
vn -0.0756669268 0.0837494433 0.993609846
vn -0 -0.0205720365 0.999788344
vn -0 -0.898176491 -0.439635247
vn 0.256252795 -0.781119645 -0.569373786
vn 0.520198464 -0.853928447 0.0141306352
vn -0.414768249 -0.754362524 -0.508826613
vn 0.58066529 -0.757111609 -0.299349099
vn -0.508461356 -0.356701344 -0.783729076
vn -0.0338814743 0.517209053 0.855188251
vn -0.508461356 -0.356701344 -0.783729076
vn -0.0338814743 0.517209053 0.855188251
vn -0.354695499 0.493602842 0.794070184
vn -0 -0.916150868 -0.400833607
vn -0.486045152 -0.730162859 -0.480231643
vn -0 -0.898176491 -0.439635247
vn 0.682578385 -0.631493211 0.367835611
vn 0.494175375 -0.835401893 0.240612671
vn 0.185404658 -0.947270274 -0.261350363
vn -0.558878601 -0.828110456 -0.043447651
vn 0.58066529 -0.757111609 -0.299349099
vn -0 -0.916150868 -0.400833607
vn -0 -0.647480845 -0.762081742
vn -0 -0.075524278 -0.997143924
vn -0.508461356 -0.356701344 -0.783729076
vn -0 0.627866149 -0.778321326
vn -0.0645844713 -0.0571621954 -0.996273756
vn 0.58066529 -0.757111609 -0.299349099
vn -0.503716707 -0.348148525 -0.790608704
vn 3.72344357E-06 0.987952769 -0.154755503
vn -0 0.987952888 -0.154755503
vn -0.893561304 -0.111466445 -0.434883296
vn -0.893706024 0.433546811 0.115441248
vn -0.761526346 0.645235479 0.0612279363
vn -0.893706024 0.433546811 0.115441248
vn -0.761526346 0.645235479 0.0612279363
vn -0.393008679 0.853211641 -0.34289071
vn -0.782927752 -0.596151829 0.177840441
vn -0.596582055 -0.796467245 0.0986395106
vn -0.643351018 0.717204452 -0.267800778
vn -0.643350899 0.717204511 -0.267800778
vn -0.643350899 0.717204511 -0.267800778
vn -0.503716707 -0.348148525 -0.790608704
vn -0.768655419 -0.295761108 -0.567180812
vn 0.185404658 -0.947270274 -0.261350363
vn 0.520198464 -0.853928447 0.0141306352
vn 0.872526169 -0.419299811 0.25077039
vn 0.58066529 -0.757111609 -0.299349099
vn -0.576888263 -0.362623006 0.731918395
vn -0.0338814743 0.517209053 0.855188251
vn -0.354695499 0.493602842 0.794070184
vn -0.0756669268 0.0837494433 0.993609846
vn -0.0338814743 0.517209053 0.855188251
vn -0.493063927 0.683369756 0.538417697
vn -0.759052873 0.027421521 0.650451243
vn -0.374480128 0.58096832 0.722662091
vn -0.932668269 0.290434301 0.213957548
vn -0 0.798146904 0.602462769
vn -0 0.816677451 0.577094376
vn -0 0.743429422 0.668814361
vn -0.443041325 0.656157076 0.610878348
vn -0 0.695544958 0.718482554
vn -0.425002366 0.630831718 0.649172127
vn -0 0.542232931 0.84022826
vn 0.156818703 0.831956804 0.532217801
vn -0.727359235 0.570881605 0.380844802
vn -0.64443934 0.578733742 0.499765277
vn -0.513881028 0.819417417 0.25393191
vn -0.991715133 0.117624037 -0.0516301133
vn -0.898195505 0.360525727 -0.251527429
vn -0.878813982 0.446733564 0.167675674
vn -0.496596098 0.799929202 0.336905748
vn -0.723386645 0.43703568 0.534519911
vn -0.792388797 0.439424217 0.423115164
vn -0 0.0788038597 0.996890128
vn 0.383449107 0.0246080738 0.923234046
vn -0.836490929 0.278930038 0.471678972
vn -0.942521811 -0.220981315 0.25063917
vn -0.164950207 -0.753582358 0.636321485
vn -0.590051293 -0.802294314 0.0903505608
vn -0.638646185 -0.645259678 0.419250518
vn -0.234130293 -0.853325784 0.465851963
vn -0 -0.782065392 0.623196304
vn -0 -0.598065257 0.801447392
vn -0.168524176 -0.600161731 0.781924307
vn 0.0896319598 -0.568188488 0.818002462
vn -0 -0.371407658 0.928469837
vn -0.589940786 -0.603258014 0.536702454
vn -0.537725985 -0.406739831 0.738521159
vn -0.855068803 -0.484661609 -0.18428354
vn -0.847027004 -0.506662488 0.160743505
vn -0.878566265 -0.2956689 0.375101537
vn -0 -0.6822806 0.731090486
vn -0 -0.581222653 0.813744545
vn -0.999756992 -0.00468347361 -0.021543771
vn -0.961867809 -0.273138195 0.0143413553
vn -0.969730496 -0.226382598 0.0915074497
vn -0.976391494 -0.164025635 -0.140553594
vn -0.993360579 -0.114324301 -0.0128324768
vn -0.723386645 0.43703568 0.534519911
vn -0.784941077 -0.617960632 -0.0446329489
vn -0.633117616 -0.745911419 -0.206828773
vn -0.595838428 -0.690187752 0.410630703
vn -0.756902993 -0.546835005 0.357867926
vn -0.761495233 -0.447688341 -0.468721867
vn -0.86205852 -0.399330378 -0.312074333
vn -0.87784642 -0.327796876 -0.349191844
vn -0.937513649 -0.233831599 -0.257664472
vn -0.538726747 -0.48397705 0.689593792
vn -0.954224348 -0.284448177 0.0924397707
vn -0.824865937 -0.534691215 0.183579609
vn -0.565878987 -0.524091899 0.636481583
vn -0.7265082 -0.201449722 0.656965673
vn -0.888526797 -0.0681719705 0.453732073
vn -0.874802113 -0.441161096 0.200245261
vn -0.744760513 -0.661763132 0.0860302597
vn -0.655130744 -0.520641029 0.547482133
vn -0.4567765 -0.741143167 0.491998017
vn -0 -0.576835394 0.816860378
vn -0.811394751 -0.569851518 0.130030125
vn -0.818485677 -0.533094049 -0.21422413
vn -0.83495456 -0.482624054 -0.264433295
vn -0.510204434 -0.377321064 -0.772864997
vn -0.574962795 -0.599653482 -0.556626856
vn -0.730268478 -0.661417007 -0.170983657
vn -0.385467738 -0.919810474 -0.0732355416
vn -0.88315469 -0.428505778 -0.19084166
vn -0.913148642 -0.405685276 -0.0397375897
vn -0.945546985 -0.30539009 0.112596221
vn -0.982446909 -0.143770009 0.118862405
vn -0.9934237 0.0980080366 0.0591926165
vn -0.885208845 -0.188416094 -0.42532897
vn -0.836108327 -0.481364638 -0.263079584
vn -0.652065635 -0.0675426796 -0.755147994
vn -0.625394821 0.138739139 -0.767875552
vn -0.739887953 -0.291687906 -0.60620445
vn -0.836767018 -0.539731145 -0.0922561139
vn -0.858733237 -0.182338133 -0.478884071
vn -0.618726432 0.171592489 -0.766637862
vn -0.690408766 0.356409967 -0.629529655
vn -0.422750026 -0.471885324 -0.773696721
vn -0.403965116 -0.863575459 -0.301744163
vn -0 -0.56967324 -0.821871221
vn -0 -0.945857763 -0.324581653
vn -0.348500192 -0.929678082 -0.119357713
vn -0 -0.987952411 -0.154758126
vn -0.537460446 -0.408222198 0.737896383
vn -0.503640234 -0.636251509 0.584406197
vn -0.328799069 0.171078295 -0.928775251
vn -0.444402426 0.110519752 -0.888983548
vn -0.254265517 0.185083017 -0.9492594
vn -0 0.15848735 -0.987360954
vn -0.254265517 0.185083017 -0.9492594
vn -0.620291054 -0.306296766 -0.722095072
vn -0.916187167 -0.250447989 -0.312852561
vn -0.916187167 -0.250447989 -0.312852561
vn -0.942521811 -0.220981315 0.25063917
vn -0.991715133 0.117624037 -0.0516301133
vn -0.975265205 0.138183177 -0.172520325
vn -0.898195505 0.360525727 -0.251527429
vn -0.950598121 -0.0149330674 -0.310064733
vn -0.97743541 0.107001938 -0.182127878
vn -0.976391494 -0.164025635 -0.140553594
vn -0.933552325 0.309088558 -0.181505606
vn -0.746202588 0.663425565 0.0552100539
vn -0.891123295 -0.0369453914 0.452254623
vn -0.703491092 -0.644605994 0.299304843
vn -0.326019108 0.776801169 -0.538787186
vn 0.0517768636 0.187394395 -0.980919182
vn -0.0749660954 -0.877710164 -0.473291606
vn -0.0749660954 -0.877710164 -0.473291606
vn -0.703491092 -0.644605994 0.299304843
vn -0.835552275 0.256196856 0.486020148
vn -0.710965693 0.079335317 0.698737204
vn -0.792388797 0.439424217 0.423115164
vn -0.621711254 -0.414857537 0.664355576
vn -0.836490929 0.278930038 0.471678972
vn -0.836490929 0.278930038 0.471678972
vn 0.383449107 0.0246080738 0.923234046
vn 0.383449107 0.0246080738 0.923234046
vn -0 0.0788038597 0.996890128
vn -0.344974816 -0.738930881 -0.578768849
vn -0.495549411 -0.821908474 -0.280886471
vn -0 -0.968228877 -0.250065953
vn -0 -0.771865129 -0.635786235
vn -0.483533919 -0.872039199 -0.0757805631
vn -0.561801374 -0.824841559 -0.0633692294
vn -0.419584483 -0.907560766 -0.016799124
vn -0.378987223 -0.910463154 0.165606111
vn -0.287976831 -0.803809166 0.52053839
vn -0 -0.759416521 0.650604784
vn -0 -0.999200642 -0.039976608
vn -0.405129761 -0.913334548 0.0411073752
vn -0.888526797 -0.0681719705 0.453732073
vn -0.620291054 -0.306296766 -0.722095072
vn -0 -0.952801347 0.30359453
vn -0.371405423 -0.852176249 0.368583471
vn -0 -0.507665038 -0.861554503
vn -0 -0.808216155 0.588885903
vn -0.916187167 -0.250447989 -0.312852561
vn -0 -0.808216155 0.588885903
vn 0.127320856 -0.749938071 0.649139583
vn -0.350275666 -0.609189928 0.711473525
vn -0 -0.836921573 0.54732275
vn 0.646587551 -0.467718989 0.602630556
vn -0 -0.865146816 0.501518726
vn 0.638369083 -0.537218034 0.551254749
vn 0.29535678 -0.428923011 0.853691638
vn -0.350275666 -0.609189928 0.711473525
vn 0.520007312 0.0866632313 0.849753976
vn -0 -0.867962897 0.49662903
vn -0.916187167 -0.250447989 -0.312852561
vn -0.350275666 -0.609189928 0.711473525
vn -0.136965051 0.642733872 0.75374639
vn -0.179056913 0.590909958 0.786615551
vn -0.442697942 -0.0516901165 0.895179689
vn -0.371795297 0.375784129 0.848854899
vn -0.444937438 -0.166559979 0.879936576
vn -0.759052873 0.027421521 0.650451243
vn -0.374480128 0.58096832 0.722662091
vn -0.481276304 -0.51543504 0.709013283
vn -0.942521811 -0.220981315 0.25063917
vn -0.916187167 -0.250447989 -0.312852561
vn -0.350275666 -0.609189928 0.711473525
vn -0.158015102 -0.508669436 0.846337199
vn -0 0.784511626 0.620114088
vn -0 0.798146904 0.602462769
vn -0 0.791681886 0.610933602
vn -0.248151153 -0.167452857 0.954138696
vn -0.118202791 -0.47538507 0.871801078
vn -0.291512817 0.0213123672 0.956329525
vn -0.195641592 -0.415637702 0.888239741
vn -0.155148521 -0.6510517 0.74300772
vn -0.188386947 -0.713062167 0.675316811
vn -0.257569551 -0.787092626 0.560484767
vn -0.267969579 -0.846961319 0.459182829
vn -0.70532304 -0.668577611 0.235633776
vn -0.628019452 -0.760456145 0.165220976
vn -0.573049128 -0.815427005 0.0818138793
vn -0.376935571 -0.90940249 0.175802603
vn -0.814467788 -0.402327865 -0.418060243
vn -0.584218979 -0.637393177 -0.502412379
vn -0.430593222 -0.84862262 -0.307293177
vn -0.94899112 -0.0735028759 -0.306615651
vn -0.945609212 -0.166423365 -0.279511213
vn -0.986338437 0.0970309004 -0.133122668
vn -0.97245729 0.186428428 -0.139897674
vn -0.963197887 -0.248356581 -0.102804989
vn -0.827368736 -0.328432858 -0.455623627
vn -0.830282092 -0.539550483 -0.139703661
vn -0.934101105 0.291736543 -0.205779001
vn -0.783649027 0.606661677 -0.133625239
vn -0.688807786 0.669398427 -0.278297663
vn -0.769550979 -0.633118451 0.083381474
vn -0.157498896 0.871921062 -0.463624388
vn -0.36078909 0.9297297 -0.0737152249
vn -0.526823521 0.849737167 -0.0200919863
vn -0.404912472 0.885496616 -0.227906883
vn -0.396562606 0.917915165 0.0130307004
vn -0.453519166 0.751375735 0.479327559
vn -0.364520371 0.813187122 0.453708798
vn -0.330494434 0.592550516 0.734613776
vn -0.332559377 0.386843115 0.860091031
vn -0.365429461 0.772238851 0.519719779
vn -0.338112831 0.383756578 0.859308183
vn -0.117118567 0.912503004 0.391945779
vn -0.158171564 0.98698771 0.0289298911
vn -0 0.99972862 0.0232936572
vn -0 0.944926083 0.327283889
vn -0 0.818362772 0.574701965
vn -0.0861881003 0.759518147 0.644751012
vn -0.162353352 0.955058992 -0.247999474
vn -0 0.966038942 -0.258396536
vn -0.205500945 0.884435594 -0.418978512
vn -0 0.913971126 -0.405779332
vn -0.267132103 0.870047748 -0.414315552
vn -0 0.929961503 -0.367656976
vn -0 0.948527694 -0.316694409
vn -0.350015163 0.896341503 -0.272142261
vn -0.788404763 0.607237935 -0.0983864889
vn -0.763085306 0.635527074 -0.117499433
vn -0.437526733 0.216307908 0.872800767
vn -0.972988665 0.230816796 0.0040770527
vn -0.980408549 0.196838871 0.00731301028
vn -0.972595036 -0.232387111 0.00742275314
vn -0.620729208 -0.244900763 -0.744794428
vn -0.972988665 0.230816796 0.0040770527
vn -0.803259254 -0.592940152 -0.056539204
vn -0.729418933 -0.673152506 -0.121711724
vn -0.523503602 -0.844085693 -0.116031699
vn -0.459078461 -0.875418246 -0.151293784
vn -0.525864899 -0.718220949 -0.455658674
vn -0.263189524 -0.963422894 -0.050473921
vn -0 -0.999970794 -0.00764308358
vn -0 -0.999978304 -0.00658686971
vn 0.021755781 -0.043704953 -0.998807549
vn -0.414847165 -0.290541857 -0.862257004
vn -0.462509364 -0.0891219676 -0.882123768
vn 0.0251510255 0.00578319095 -0.999666929
vn -0.392925054 0.284914941 -0.874318779
vn -0.322039813 -0.480173767 -0.815918803
vn -0.934669256 0.330934256 -0.129906908
vn -0.633831024 0.721427321 -0.278928012
vn -0.886881173 0.161485061 0.432856053
vn -0.506613731 0.779826283 -0.36771366
vn -0.983153403 -0.176622957 -0.0470506921
vn -0.835909545 -0.115634277 0.536548197
vn -0.870866835 -0.482164532 0.0954376906
vn -0.655531883 -0.299133152 0.693395495
vn -0.708966196 -0.681681454 0.180768564
vn -0.702610731 -0.25469628 -0.664430559
vn -0.939041197 -0.343621373 0.0112299221
vn 0.116464823 -0.0997772738 -0.988170266
vn 0.157204434 -0.0863783211 -0.983781219
vn -0.826983154 -0.323127478 0.460095137
vn -0.717424929 -0.686492741 -0.118445069
vn -0.892660558 -0.443729281 -0.0791288689
vn -0.676227808 -0.576982975 -0.458046496
vn -0.352091402 -0.623305321 -0.698227882
vn -0.419107735 -0.0300113522 -0.907440424
vn -0 -0.0588952787 -0.998264253
vn -0 -0.687664807 -0.726028323
vn -0.0928127021 -0.988357842 -0.120559797
vn -0.119018339 -0.987999618 -0.098444663
vn -0 -0.992734194 -0.120327741
vn -0 -0.938608944 0.34498316
vn -0.0787513554 -0.991089582 -0.107423499
vn -0.0789704248 -0.996802688 0.0121740587
vn -0 -0.999643803 0.0266882144
vn -0.737635791 -0.672666848 0.0584192164
vn -0.0927511677 -0.995314598 0.0273152813
vn -0.670468688 -0.631312907 0.389763564
vn -0.753402591 -0.571710408 0.32485655
vn -0.848151684 -0.0978113934 0.52064538
vn -0.334988832 -0.696944833 0.63407445
vn -0.119024955 -0.992876828 0.00534973945
vn -0 -0.915565133 -0.402169675
vn -0 -0.755773485 0.654833138
vn -0 -0.1616254 0.986852109
vn -0.374264896 -0.138807148 0.91687423
vn -0 -0.902120352 -0.43148452
vn -0.350312948 -0.885936439 -0.303969443
vn -0.426587015 -0.837661266 0.341096878
vn -0.648634553 -0.68137753 0.339113295
vn -0.678354025 -0.715319276 0.16779165
vn 0.29535678 -0.428923011 0.853691638
vn 0.49428305 -0.496314406 0.713692009
vn 0.646587551 -0.467718989 0.602630556
vn 0.541607857 0.667064071 0.51155293
vn 0.638369083 -0.537218034 0.551254749
vn -0.350275666 -0.609189928 0.711473525
vn 0.520007312 0.0866632313 0.849753976
vn -0.737635791 -0.672666848 0.0584192164
vn -0.717424929 -0.686492741 -0.118445069
vn -0.892660558 -0.443729281 -0.0791288689
vn -0.157498896 0.871921062 -0.463624388
vn -0.936864614 0.249272496 -0.245250717
vn -0.989089668 0.0571910292 -0.13575992
vn -0 -0.9492535 0.314512014
vn -0.328799069 0.171078295 -0.928775251
vn -0 0.286149174 -0.958185136
vn -0.444402426 0.110519752 -0.888983548
vn -0 0.15848735 -0.987360954
vn -0.254265517 0.185083017 -0.9492594
vn -0 -0.507665038 -0.861554503
vn -0.620291054 -0.306296766 -0.722095072
vn -0.344974816 -0.738930881 -0.578768849
vn -0 -0.119976506 -0.992776752
vn -0.510204434 -0.377321064 -0.772864997
vn -0 -0.771865129 -0.635786235
vn -0.574962795 -0.599653482 -0.556626856
vn -0 -0.461782426 -0.886993229
vn -0 -0.990369737 -0.138448
vn -0.385467738 -0.919810474 -0.0732355416
vn -0.503640234 -0.636251509 0.584406197
vn -0 -0.537610114 0.843193531
vn -0 0.0854903758 0.996339083
vn 0.000330849347 0.121383086 0.992605686
vn -0.537460446 -0.408222198 0.737896383
vn -0 0.155688867 0.987806141
vn -0.381617129 -0.846708775 0.370746017
vn -0.573049128 -0.815427005 0.0818138793
vn -0.421062618 -0.905392885 0.0544976071
vn -0.267969579 -0.846961319 0.459182829
vn -0.453404516 -0.75974226 0.466064513
vn -0.566409945 -0.801065862 0.193579793
vn -0.592742383 -0.441277623 0.673743606
vn -0.188386947 -0.713062167 0.675316811
vn -0.195641592 -0.415637702 0.888239741
vn -0.866184413 -0.417568147 0.274520308
vn -0.691626728 -0.69720155 0.188580081
vn -0.954174817 0.0763007924 0.289359063
vn -0.673225462 0.079633683 0.735136688
vn -0.590218663 0.500858724 0.633073747
vn -0.823881328 0.536708951 0.182107359
vn -0.37423715 0.92473501 0.069367297
vn -0.352621257 0.809104204 0.470115602
vn -0.36078909 0.9297297 -0.0737152249
vn -0.365429461 0.772238851 0.519719779
vn -0.291512817 0.0213123672 0.956329525
vn -0.338112831 0.383756578 0.859308183
vn -0.837146103 0.543896616 0.0579905771
vn -0.97177875 -0.0747081637 0.22375153
vn -0.498016834 -0.572232902 0.651558638
vn -0.641499758 -0.0720081925 0.763736188
vn 0.159734234 -0.986664295 -0.0312805511
vn 0.243079871 -0.891953647 0.381222934
vn 0.870836616 -0.452618986 0.191779897
vn 0.874187708 -0.416234016 -0.250090271
vn -0.512687743 0.487365603 0.706842244
vn -0.0738609359 0.90154618 0.426332086
vn -0.333212256 0.935702145 -0.115892403
vn 0.95789212 -0.0768788904 -0.276644498
vn 0.987306595 -0.0318381079 0.15560177
vn 0.992822766 -0.0684374794 -0.0980779305
vn 0.996982872 -0.0776032805 0.00171038369
vn -0.430593222 -0.84862262 -0.307293177
vn 0.838036001 -0.538273454 0.0892039388
vn 0.990561664 0.0245719403 0.134847149
vn 0.832661331 -0.0544347316 -0.551100731
vn 0.243079871 -0.891953647 0.381222934
vn -0.515912235 0.542706549 0.662800312
vn -0.676267922 -0.0815105662 0.732132316
vn -0.912737489 -0.134708852 0.385699213
vn -0.68931663 0.64388603 0.332043976
vn -0.627761781 -0.500775874 0.595935166
vn -0.221234471 -0.870031118 0.440568984
vn 0.469318151 -0.862570822 0.188976675
vn 0.636897802 -0.646650851 -0.419766307
vn 0.365406305 -0.638187766 -0.677639067
vn 0.258701205 -0.946512043 -0.192843288
vn 0.0936801359 -0.912811518 -0.397491217
vn -0.138138101 -0.667996168 -0.731231153
vn -0.369388819 -0.908003569 -0.197690457
vn -0.497031033 -0.835690796 -0.233625948
vn -0.847074568 -0.460502535 -0.265333831
vn -0.91124332 -0.380385071 -0.157933012
vn -0.866752088 0.351755589 -0.353565812
vn -0.928135991 0.271799952 -0.25433889
vn 0.609193027 -0.40233168 -0.683383524
vn 0.420354694 -0.125098914 -0.898694754
vn 0.553781807 -0.0769972876 -0.829094172
vn -0.391706109 0.690431118 -0.60817039
vn 0.353142858 0.00111689605 -0.93556875
vn -0.13570106 0.741816461 -0.65672946
vn 0.0279198941 0.818865418 -0.573306203
vn -0.897513032 0.400237173 0.185149983
vn -0.823986828 -0.471486211 0.314239442
vn -0.823986828 -0.471486211 0.314239442
vn -0.490633398 -0.827875078 0.271848768
vn -0.308972627 0.932825863 -0.185396463
vn -0.442400187 0.892890871 0.0838330984
vn -0.0551419593 0.964005947 -0.260099918
vn -0.118983448 0.967603743 -0.222678706
vn 0.228641018 0.430366546 -0.873216987
vn 0.586200595 0.614827871 -0.527594209
vn 0.420354694 -0.125098914 -0.898694754
vn 0.832661331 -0.0544347316 -0.551100731
vn 0.335534334 0.423983335 -0.841222167
vn 0.553781807 -0.0769972876 -0.829094172
vn 0.929608524 0.359024107 0.0832441077
vn 0.990561664 0.0245719403 0.134847149
vn 0.563655615 0.812067211 0.151126191
vn -0.0219301153 0.916641414 0.399108648
vn 0.987306595 -0.0318381079 0.15560177
vn 0.94696182 0.296990812 0.122718945
vn 0.905866683 0.191961333 -0.377566427
vn 0.95789212 -0.0768788904 -0.276644498
vn 0.603240728 0.766626537 0.21996443
vn 0.515121579 0.764238238 -0.388058931
vn -0.157498896 0.871921062 -0.463624388
vn 0.953001499 0.116934091 -0.279489845
vn 0.992822766 -0.0684374794 -0.0980779305
vn -0.68931663 0.64388603 0.332043976
vn -0.442400187 0.892890871 0.0838330984
vn -0.157498896 0.871921062 -0.463624388
vn 0.0279198941 0.818865418 -0.573306203
vn -0.430593222 -0.84862262 -0.307293177
vn -0.254064679 -0.967048287 0.016396191
vn -0.430593222 -0.84862262 -0.307293177
vn -0.98316586 -0.0053090388 0.182638258
vn -0.82162565 0.566385567 0.0643320307
vn -0.977175295 0.138172641 0.161359072
vn -0.844137073 -0.487882972 0.222267628
vn -0.516066849 0.856064677 -0.0287803262
vn -0.396636188 0.683695674 -0.612568378
vn -0.7731812 0.498927087 -0.391487569
vn -0.831031322 -0.0827536359 -0.550035298
vn -0.773331821 -0.595121861 -0.218604445
vn -0.352102757 -0.849429488 -0.393056214
vn -0.533829153 -0.8212111 0.201590762
vn -0.352102757 -0.849429488 -0.393056214
vn 0.966266394 0.0294446535 0.255855948
vn 0.966266394 0.0294446591 0.255855978
vn 0.966266394 0.0294446554 0.255855978
vn -0.972781718 -0.0961843207 0.21081841
vn -0.834242523 0.548773706 0.0537298433
vn -0.981745064 -0.0323600695 0.187428698
vn -0.824497461 -0.510824442 0.243438497
vn -0.558958232 0.825525641 -0.0779290721
vn -0.361664832 0.643554091 -0.674564123
vn -0.775424361 0.490996242 -0.397038877
vn -0.826921225 -0.105199546 -0.552389741
vn -0.449515194 -0.862961769 0.230722696
vn -0.289664716 -0.887797534 -0.357644945
vn -0.766336739 -0.61033392 -0.200550303
vn -0.826921225 -0.105199546 -0.552389741
vn -0.289664716 -0.887797534 -0.357644945
vn 0.967916727 0.0517150834 0.245891795
vn 0.967916727 0.0517150909 0.245891795
vn 0.967916727 0.0517150834 0.245891795
vn -0.934990227 -0.129251689 0.330283463
vn -0.903566539 0.426154345 0.0442718491
vn -0.896351814 0.390015185 0.210811451
vn -0.740807712 -0.58037132 0.338190824
vn -0.589289725 0.802343786 -0.0947735161
vn -0.493166268 0.555663288 -0.669346988
vn -0.84250617 0.329142779 -0.426436901
vn -0.808034241 -0.281706691 -0.517418623
vn -0.367947727 -0.859074771 0.355816066
vn -0.262106031 -0.936534703 -0.232815579
vn -0.670796931 -0.732438624 -0.116469383
vn -0.808034241 -0.281706691 -0.517418623
vn -0.262106031 -0.936534703 -0.232815579
vn 0.952318847 0.216677159 0.214802071
vn 0.952318847 0.216677129 0.214802042
vn 0.952318847 0.216677129 0.214802071
vn 0.958284497 0.21119082 0.19258593
vn 0.958284497 0.211190805 0.19258593
vn 0.958284497 0.21119079 0.192585915
vn -0.683824718 -0.726417303 -0.0685681403
vn -0.841445804 -0.272349298 -0.466684848
vn -0.857210875 0.345795572 -0.381595284
vn -0.503864646 0.550229728 -0.665858567
vn -0.904838741 0.417840362 0.0817084834
vn -0.643275857 0.764649451 -0.0388255306
vn -0.920673907 0.266746938 0.284965873
vn -0.885161936 -0.232472837 0.403044134
vn -0.747687042 -0.554399252 0.365521014
vn -0.103774063 -0.984390974 -0.142145619
vn -0.841445804 -0.272349298 -0.466684848
vn -0.240509152 -0.893727243 0.378691167
vn -0.204608813 -0.264405221 0.94245702
vn -0.60243988 -0.128754124 0.787711024
vn -0.746721447 -0.293511033 0.59687382
vn -0.199238971 -0.260340601 0.944736242
vn 0.243784428 -0.344341755 0.906641006
vn 0.209640935 -0.656474233 0.724632502
vn -0.274821401 -0.742053509 0.611416221
vn 0.411301106 -0.668872237 0.619226396
vn -0.833726704 -0.34602347 0.430310935
vn -0.962356865 -0.0296144355 0.270170629
vn -0.812917113 -0.107309081 -0.572407603
vn -0.829895258 -0.541887641 0.132783979
vn -0.744096875 -0.65797317 -0.115720563
vn -0.27758956 -0.887159467 0.368635416
vn -0.254675746 -0.964863896 0.0646363199
vn 0.324790895 -0.944831729 0.042472139
vn 0.380003691 -0.867387533 0.321303576
vn 0.801696479 -0.511521757 -0.309238166
vn 0.801696479 -0.511521757 -0.309238166
vn 0.682975471 -0.724229634 -0.0950567648
vn 0.581645012 -0.550467968 0.598894179
vn 0.110080257 -0.113350846 -0.987438023
vn 0.110080257 -0.113350846 -0.987438023
vn -0.812917113 -0.107309081 -0.572407603
vn -0.900526702 -0.2833018 -0.329836041
vn 0.110080257 -0.113350846 -0.987438023
vn -0.812917113 -0.107309081 -0.572407603
vn 0.274252802 0.875964642 -0.396826595
vn 0.801696479 -0.511521757 -0.309238166
vn 0.274252474 0.876797259 -0.394983649
vn 0.274252474 0.876797259 -0.394983649
vn 0.110080257 -0.113350846 -0.987438023
vn 0.513001442 -0.47634992 0.714087069
vn -0.388728112 -0.75426513 0.529126227
vn -0.497031033 -0.835690796 -0.233625948
vn 0.560390115 -0.621372402 0.54759413
vn -0.37229678 -0.841654003 0.391169637
vn 0.648805797 -0.693853855 0.312438667
vn -0.756545246 -0.642215729 0.123280935
vn -0.96651715 -0.255659759 0.0219721906
vn -0.705606997 0.505238354 -0.496843129
vn -0.477409244 -0.260543346 -0.839164853
vn -0.987718344 -0.108828105 0.112111308
vn -0.663173616 0.48428458 -0.5706743
vn -0.589843154 0.00581846386 -0.807496846
vn -0.799559176 -0.238540307 -0.551183879
vn -0.746721447 -0.293511033 0.59687382
vn 0.209640935 -0.656474233 0.724632502
vn 0.70115459 -0.594908297 0.393022001
vn -0.962356865 -0.0296144355 0.270170629
vn -0.812917113 -0.107309081 -0.572407603
vn -0.204608813 -0.264405221 0.94245702
vn -0.855012774 -0.29813394 0.424345672
vn -0.91124332 -0.380385071 -0.157933012
vn -0.563978255 -0.71601963 0.411393315
vn -0.976994097 -0.212797582 0.014136008
vn -0.616398513 -0.733359396 0.286769509
vn 0.235365137 -0.923780143 -0.302048981
vn 0.307086051 -0.944463134 0.116994001
vn -0.926732957 -0.372550547 0.048704166
vn -0.999510765 -0.00961731654 -0.0297610555
vn -0.946407974 -0.0504655018 0.319006562
vn -0.928135991 0.271799952 -0.25433889
vn -0.947684467 0.113321014 0.298416644
vn -0.987845838 0.121725023 -0.0966626182
vn -0.969202578 -0.242930204 -0.0403892398
vn -0.993718624 -0.109473616 -0.0232131984
vn -0.854197502 0.51975435 0.0142183257
vn -0.653048158 0.75564903 0.0502257757
vn -0.0240190998 0.961154222 -0.27496472
vn -0.352907836 -0.551591873 -0.755779386
vn -0.388836622 0.457034409 -0.79995352
vn -0.919557691 0.382143199 -0.0915429294
vn -0.8238343 -0.565519154 0.0385366604
vn -0.665690541 -0.147516072 -0.731501997
vn 0.153468356 -0.982084095 0.10935393
vn -0.388836622 0.457034409 -0.79995352
vn -0.0315361954 0.985543132 -0.166463748
vn -0.879206181 0.473146707 -0.0559353344
vn -0.0240190998 0.961154222 -0.27496472
vn 0.404855102 0.776052773 -0.483564287
vn 0.110832229 0.987032413 -0.116117239
vn 0.0735106617 0.988889456 -0.129204586
vn 0.189869717 -0.980192602 0.0563191473
vn -0.449515194 -0.862961769 0.230722696
vn -0.0422688276 0.963774323 -0.263348341
vn -0.558958232 0.825525641 -0.0779290721
vn 0.0599573404 0.957490504 -0.282164812
vn -0.516066849 0.856064677 -0.0287803262
vn 0.246711999 -0.750504315 -0.613087654
vn -0.289664716 -0.887797534 -0.357644945
vn 0.0753012151 0.553493798 -0.829442263
vn -0.361664832 0.643554091 -0.674564123
vn 0.246711999 -0.750504315 -0.613087654
vn 0.000629278133 0.574335635 -0.818619668
vn 0.000629278133 0.574335635 -0.818619668
vn -0.396636188 0.683695674 -0.612568378
vn -0.352102757 -0.849429488 -0.393056214
vn 0.0591565222 -0.767026246 -0.638882816
vn -0.972781718 -0.0961843207 0.21081841
vn -0.981745064 -0.0323600695 0.187428698
vn -0.977175295 0.138172641 0.161359072
vn -0.901268899 -0.430659235 0.0474035479
vn -0.352907836 -0.551591873 -0.755779386
vn 0.0926938429 -0.990086973 0.105525538
vn 0.0634928122 -0.997821569 0.0179106034
vn -0.533829153 -0.8212111 0.201590762
vn 0.0591565222 -0.767026246 -0.638882816
vn -0.352102757 -0.849429488 -0.393056214
vn -0.98316586 -0.0053090388 0.182638258
vn 0.994299769 0.0194618907 -0.104828611
vn 0.513001442 -0.47634992 0.714087069
vn 0.609193027 -0.40233168 -0.683383524
vn 0.560390115 -0.621372402 0.54759413
vn 0.648805797 -0.693853855 0.312438667
vn 0.966332853 0.155782685 -0.204774603
vn 0.302349716 0.707311928 -0.638979137
vn 0.950235963 0.0775176436 -0.30173254
vn 0.284769386 0.605893254 -0.742832184
vn 0.156748489 0.0376043469 -0.986922324
vn 0.642798722 -0.328995854 -0.691788733
vn -0.663173616 0.48428458 -0.5706743
vn -0.589843154 0.00581846386 -0.807496846
vn -0.812917113 -0.107309081 -0.572407603
vn -0.705606997 0.505238354 -0.496843129
vn -0.477409244 -0.260543346 -0.839164853
vn 0.566375911 0.227550223 -0.792110562
vn 0.801696479 -0.511521757 -0.309238166
vn 0.70115459 -0.594908297 0.393022001
vn 0.780427217 0.169390187 -0.60186404
vn 0.716489077 0.068758741 -0.694201529
vn 0.667053878 -0.193000436 -0.71957624
vn -0.477409244 -0.260543346 -0.839164853
vn 0.235365137 -0.923780143 -0.302048981
vn 0.678273916 0.33666417 -0.653147578
vn 0.945976675 -0.154431298 -0.285095036
vn 0.235365137 -0.923780143 -0.302048981
vn 0.307086051 -0.944463134 0.116994001
vn 0.820782244 0.0822011828 -0.565295875
vn 0.756882489 0.335178405 -0.561056435
vn 0.889022768 -0.240892813 -0.389370114
vn 0.860287964 -0.221162543 -0.459338427
vn 0.784399271 0.379983455 -0.490234971
vn 0.823389411 0.179134086 -0.538461626
vn 0.811925352 -0.0860997885 -0.577376842
vn 0.817856312 0.448937804 -0.359952748
vn 0.404855102 0.776052773 -0.483564287
vn -0.324611157 -0.733938813 -0.59662509
vn -0.548460603 0.169872761 -0.818739474
vn -0.388836622 0.457034409 -0.79995352
vn -0.0240190998 0.961154222 -0.27496472
vn 0.832832336 0.53617835 -0.137488246
vn 0.927205265 -0.374343544 -0.0125427796
vn 0.153468356 -0.982084095 0.10935393
vn -0.665690541 -0.147516072 -0.731501997
vn -0.0315361954 0.985543132 -0.166463748
vn 0.910849392 -0.412694275 -0.00605281768
vn 0.0926938429 -0.990086973 0.105525538
vn -0.352907836 -0.551591873 -0.755779386
vn 0.904721618 0.413244039 -0.103480384
vn 0.0735106617 0.988889456 -0.129204586
vn -0.0240190998 0.961154222 -0.27496472
vn 0.929585755 -0.355068713 -0.0989770368
vn 0.189869717 -0.980192602 0.0563191473
vn 0.840632439 0.49035573 -0.229974791
vn -0.0422688276 0.963774323 -0.263348341
vn -0.0315361954 0.985543132 -0.166463748
vn 0.894769609 -0.404468626 -0.189189062
vn 0.0634928122 -0.997821569 0.0179106034
vn 0.860560715 0.399316609 -0.316198587
vn 0.0599573404 0.957490504 -0.282164812
vn 0.858794987 -0.272611648 -0.433767289
vn 0.246711999 -0.750504315 -0.613087654
vn 0.0753012151 0.553493798 -0.829442263
vn 0.778039813 0.349756032 -0.521847486
vn 0.726193011 -0.360736102 -0.585246146
vn 0.0591565222 -0.767026246 -0.638882816
vn 0.665601552 0.22525233 -0.711502552
vn 0.000629278133 0.574335635 -0.818619668
vn 0.000629278133 0.574335635 -0.818619668
vn -0.388836622 0.457034409 -0.79995352
vn 0.706427336 0.614189863 -0.351754397
vn 0.0279198941 0.818865418 -0.573306203
vn 0.110832229 0.987032413 -0.116117239
vn 0.335534334 0.423983335 -0.841222167
vn 0.0279198941 0.818865418 -0.573306203
vn 0.110832229 0.987032413 -0.116117239
vn 0.404855102 0.776052773 -0.483564287
vn 0.335534334 0.423983335 -0.841222167
vn 0.553781807 -0.0769972876 -0.829094172
vn -0.477409244 -0.260543346 -0.839164853
vn 0.235365137 -0.923780143 -0.302048981
vn -0.812917113 -0.107309081 -0.572407603
vn -0.799559176 -0.238540307 -0.551183879
vn -0.0862105861 0.469320744 -0.878809273
vn -0.262106031 -0.936534703 -0.232815579
vn 0.157264486 -0.779907584 -0.605815232
vn -0.493166268 0.555663288 -0.669346988
vn -0.367947727 -0.859074771 0.355816066
vn 0.238144398 -0.967490852 0.085140124
vn -0.762668908 -0.622127533 0.176899821
vn -0.934990227 -0.129251689 0.330283463
vn -0.896351814 0.390015185 0.210811451
vn -0.952229619 0.303526103 -0.0336256325
vn -0.324611157 -0.733938813 -0.59662509
vn -0.665690541 -0.147516072 -0.731501997
vn -0.216518104 0.957692325 -0.189592943
vn -0.181752503 0.937082291 -0.298064977
vn -0.589289725 0.802343786 -0.0947735161
vn -0.0862105861 0.469320744 -0.878809273
vn -0.493166268 0.555663288 -0.669346988
vn -0.548460603 0.169872761 -0.818739474
vn -0.324611157 -0.733938813 -0.59662509
vn 0.171609536 -0.961791277 0.213324949
vn -0.995714962 0.0853411034 0.0356184728
vn -0.425242633 0.872781694 -0.239626244
vn -0.633872807 -0.721798122 0.277871728
vn 0.458054751 -0.863055587 0.212886974
vn 0.238144398 -0.967490852 0.085140124
vn 0.442049801 -0.884479046 0.149293959
vn -0.562712073 -0.758406281 0.328899771
vn -0.423219532 0.871116757 -0.249079868
vn -0.920673907 0.266746938 0.284965873
vn -0.885161936 -0.232472837 0.403044134
vn -0.240509152 -0.893727243 0.378691167
vn 0.351026654 -0.731227517 -0.584881663
vn -0.643275857 0.764649451 -0.0388255306
vn -0.110524371 0.444737643 -0.888815403
vn -0.103774063 -0.984390974 -0.142145619
vn -0.503864646 0.550229728 -0.665858567
vn -0.103774063 -0.984390974 -0.142145619
vn -0.503864646 0.550229728 -0.665858567
vn -0.110524371 0.444737643 -0.888815403
vn 0.351026654 -0.731227517 -0.584881663
vn -0.110524371 0.444737643 -0.888815403
vn -0.503864646 0.550229728 -0.665858567
vn 0.678273916 0.33666417 -0.653147578
vn 0.171609536 -0.961791277 0.213324949
vn -0.324611157 -0.733938813 -0.59662509
vn 0.943774462 -0.330545247 0.00544911763
vn 0.724187016 0.660498381 -0.198230058
vn -0.216518104 0.957692325 -0.189592943
vn -0.665690541 -0.147516072 -0.731501997
vn 0.929627061 -0.314318776 -0.192346901
vn 0.238144398 -0.967490852 0.085140124
vn 0.712940454 0.590331554 -0.378450125
vn -0.181752503 0.937082291 -0.298064977
vn 0.617879629 0.328264505 -0.71446979
vn 0.765637934 -0.297973633 -0.570096791
vn 0.157264486 -0.779907584 -0.605815232
vn -0.0862105861 0.469320744 -0.878809273
vn 0.238144398 -0.967490852 0.085140124
vn -0.665690541 -0.147516072 -0.731501997
vn 0.855076671 -0.201516613 -0.477739573
vn -0.110524371 0.444737643 -0.888815403
vn 0.351026654 -0.731227517 -0.584881663
vn 0.565224051 0.494512588 -0.660287201
vn 0.984111786 -0.10054107 -0.146340474
vn 0.442049801 -0.884479046 0.149293959
vn 0.458054751 -0.863055587 0.212886974
vn 0.99440223 -0.0543584302 -0.0906061158
vn 0.571116805 0.772779346 -0.276835263
vn -0.425242633 0.872781694 -0.239626244
vn 0.573546886 0.745315373 -0.339924753
vn -0.423219532 0.871116757 -0.249079868
vn 0.351026654 -0.731227517 -0.584881663
vn -0.110524371 0.444737643 -0.888815403
vn 0.811925352 -0.0860997885 -0.577376842
vn -0.352907836 -0.551591873 -0.755779386
vn -0.425242633 0.872781694 -0.239626244
vn 0.678273916 0.33666417 -0.653147578
vn -0.548460603 0.169872761 -0.818739474
vn 0.581645012 -0.550467968 0.598894179
vn 0.801696479 -0.511521757 -0.309238166
vn 0.70115459 -0.594908297 0.393022001
vn -0.665690541 -0.147516072 -0.731501997
vn 0.110832229 0.987032413 -0.116117239
vn 0.0279198941 0.818865418 -0.573306203
vn -0.391706109 0.690431118 -0.60817039
vn 0.123729035 -0.987939835 0.0930912718
vn -0.819156826 -0.524945617 0.231115207
vn 0.0594161414 -0.992664278 -0.10529685
vn 0.318003327 -0.860732257 -0.397509634
vn 0.0209160671 -0.820990324 -0.570558786
vn -0.490633398 -0.827875078 0.271848768
vn 0.0209160671 -0.820990324 -0.570558786
vn -0.369388819 -0.908003569 -0.197690457
vn 0.318003327 -0.860732257 -0.397509634
vn 0.123729035 -0.987939835 0.0930912718
vn 0.910226583 -0.158021808 -0.382775098
vn 0.624097645 -0.54428941 -0.560581148
vn 0.0209160671 -0.820990324 -0.570558786
vn 0.462136179 0.500602961 -0.732001901
vn 0.397375703 0.541550815 -0.740820587
vn 0.323043168 0.283691972 -0.902863145
vn 0.364171982 0.405194521 -0.838567972
vn 0.236996546 -0.131589666 -0.962557435
vn 0.42940855 -0.566235483 -0.703552246
vn 0.470307022 -0.546909451 -0.692604899
vn 0.512798011 -0.70302099 -0.492747128
vn 0.353142858 0.00111689605 -0.93556875
vn 0.536119998 0.439514995 -0.720695376
vn 0.577025533 -0.465430856 -0.671130121
vn 0.600250721 -0.0393150114 -0.798845053
vn 0.989894331 0.124879815 -0.0671892241
vn 0.536119998 0.439514995 -0.720695376
vn 0.683095515 0.72984761 0.0265154876
vn 0.536119998 0.439514995 -0.720695376
vn 0.905238867 0.161321715 0.393087566
vn 0.989894331 0.124879815 -0.0671892241
vn 0.905238867 0.161321715 0.393087566
vn 0.887893498 0.157193795 0.432360262
vn 0.864006162 0.165762186 0.475411594
vn 0.88853687 0.146468133 0.434798032
vn 0.913858294 0.151139691 0.376855165
vn 0.926586986 0.262342811 0.269467652
vn 0.123729035 -0.987939835 0.0930912718
vn -0.0345584564 -0.946158826 0.321852744
vn -0.163976073 -0.569406688 0.805535793
vn 0.123729035 -0.987939835 0.0930912718
vn -0.523735821 -0.59429419 0.610340297
vn -0.0565022603 -0.998166025 0.0217294488
vn 0.624097645 -0.54428941 -0.560581148
vn -0.365061164 -0.911554754 -0.189204171
vn -0.193206146 -0.799374878 -0.568921149
vn -0.497803926 -0.853272676 0.155296877
vn -0.551994383 -0.721167862 0.418591708
vn -0.573054373 -0.286451191 0.767824352
vn -0.576546848 -0.586637259 0.568727136
vn -0.701671243 -0.366312981 0.611123741
vn -0.893363297 -0.448885888 -0.0200873669
vn -0.871222734 0.343927234 0.35026443
vn -0.204238728 -0.962881565 -0.176481068
vn -0.547382951 -0.527994573 0.649302483
vn -0.71289444 -0.664200127 0.22498849
vn -0.72710681 0.0206143111 0.686214805
vn -0.965311944 -0.0585267693 0.254455209
vn -0.860880852 0.505478144 0.0581031665
vn -0.667937815 0.568756819 0.479973555
vn -0.956618667 0.220017627 0.190978989
vn -0.894960999 -0.351332575 0.274973392
vn -0.985038459 -0.12564081 -0.117956661
vn -0.928373039 0.144586071 0.342371583
vn -0.686927497 -0.427161932 -0.587931335
vn -0.193206146 -0.799374878 -0.568921149
vn -0.789537549 -0.187695146 -0.584295332
vn -0.865749657 -0.309473693 0.393323511
vn -0.779369771 -0.564377069 0.272141844
vn -0.844622731 0.484331727 0.228112534
vn -0.576546848 -0.586637259 0.568727136
vn -0.985038459 -0.12564081 -0.117956661
vn -0.994191945 -0.107617237 0.000957850309
vn -0.787980735 0.374673545 0.488575637
vn -0.888755322 0.444755167 0.110935666
vn -0.966269433 0.223706663 -0.127587974
vn -0.985038459 -0.12564081 -0.117956661
vn -0.791313827 -0.393372864 0.468060136
vn -0.927784622 0.356429279 -0.110335521
vn -0.937086582 -0.271708727 -0.219187081
vn -0.937086582 -0.271708727 -0.219187081
vn -0.75395298 0.00312457979 0.656921089
vn -0.796310067 0.00738941692 0.604843497
vn -0.645263433 0.369454116 0.668684304
vn -0.664111972 0.62492609 0.410393238
vn -0.506251037 0.0969249532 0.85692209
vn -0.308677435 0.750947297 0.583777606
vn 0.683095515 0.72984761 0.0265154876
vn -0.704755425 0.670676172 0.231329352
vn -0.247464582 0.968694091 0.019826252
vn -0.271863222 0.921392083 -0.277717322
vn -0.68195641 0.724781394 -0.0981194824
vn -0.572316647 0.700163126 -0.426878422
vn -0.338343114 0.566330492 -0.751527607
vn -0.733481348 0.0832644701 -0.674590409
vn 0.536119998 0.439514995 -0.720695376
vn 0.683095515 0.72984761 0.0265154876
vn 0.536119998 0.439514995 -0.720695376
vn -0.927784622 0.356429279 -0.110335521
vn -0.234248504 0.822370887 0.518491924
vn -0.861321628 -0.494383425 0.117089719
vn -0.612729311 -0.631372511 -0.475322396
vn -0.80826807 -0.295063049 -0.509549201
vn -0.873839617 -0.124580026 -0.469982982
vn -0.782927752 -0.596151829 0.177840441
vn -0.539369583 -0.810609937 -0.228017524
vn -0.985302806 0.00562715251 0.17072387
vn -0.726113677 0.639167666 -0.253423989
vn -0.795222998 0.332048625 -0.507310688
vn -0.110879749 -0.699226677 -0.706248999
vn 0.108090788 0.0210876185 -0.993917406
vn 0.108090788 0.0210876185 -0.993917406
vn -0.596582055 -0.796467245 0.0986395106
vn -0.0709701031 -0.982838809 -0.170267478
vn -0.344511479 -0.424157023 -0.83749783
vn 0.218107894 -0.890859365 -0.398495317
vn 0.43897453 -0.894648373 -0.0831003711
vn -0.66579622 -0.703342438 0.249047533
vn -0.931493878 -0.0115516251 -0.363573551
vn -0.776273251 0.531140864 -0.339542687
vn -0.893706024 0.433546811 0.115441248
vn -0.795222998 0.332048625 -0.507310688
vn -0.250662893 0.936873496 -0.243795082
vn -0.761526346 0.645235479 0.0612279363
vn 0.392017245 0.363654196 -0.845031381
vn 0.108090788 0.0210876185 -0.993917406
vn 0.12578319 0.880246401 -0.457542181
vn -0.893561304 -0.111466445 -0.434883296
vn -0.467177689 0.880989254 0.0748518407
vn -0.393008679 0.853211641 -0.34289071
vn -0.344495744 0.766325414 -0.542280436
vn -0.426632285 0.90037179 -0.0855315924
vn -0.412760109 0.827546656 -0.380520225
vn -0.344495744 0.766325414 -0.542280436
vn -0.366346806 0.930415034 0.0108506987
vn -0.467177689 0.880989254 0.0748518407
vn -0.426632285 0.90037179 -0.0855315924
vn -0.366346806 0.930415034 0.0108506987
vn 0.0974408463 -0.0465920158 -0.994150162
vn -0.101871446 0.271656781 -0.956987381
vn 0.108090788 0.0210876185 -0.993917406
vn 0.348109275 0.632920086 -0.691543221
vn 0.392017245 0.363654196 -0.845031381
vn 0.777598619 -0.575752914 -0.252683491
vn 0.742103577 -0.638700843 -0.203331262
vn 0.729334652 -0.658120632 -0.186944216
vn 0.108090788 0.0210876185 -0.993917406
vn 0.680511653 0.633164942 -0.368789762
vn 0.757888794 -0.567151845 -0.322402567
vn 0.595543087 0.73838681 -0.316406965
vn 0.699508429 0.675218642 -0.234024957
vn 0.43897453 -0.894648373 -0.0831003711
vn -0.0326011218 0.988900304 0.144959524
vn 0.858093083 0.268501282 0.437702388
vn 0.828470051 0.408812165 0.382766098
vn -0.137753353 0.603690803 0.785227001
vn 0.939394116 -0.274036765 -0.206016123
vn 0.859057665 -0.398817301 0.320881158
vn 0.215124682 -0.649699986 -0.729116857
vn 0.13806051 -0.971041858 0.194979697
vn -0.697737098 -0.519153595 -0.493601501
vn -0.720168889 -0.689293504 -0.0789376274
vn -0.99456352 0.00535820238 0.103994295
vn -0.970210195 0.161263734 -0.180793121
vn -0.137753353 0.603690803 0.785227001
vn -0.0326011218 0.988900304 0.144959524
vn -0.400508523 0.44652018 0.800132871
vn -0.400508523 0.44652018 0.800132871
vn 0.82944715 0.213870451 0.516020119
vn -0.192873433 0.191164926 0.962421775
vn 0.134259552 -0.281546623 -0.95010829
vn 0.941282809 0.00505325291 -0.337581366
vn -0.766224325 -0.274920255 -0.580791831
vn -0.972428858 -0.0713856369 0.222004771
vn -0.192873433 0.191164926 0.962421775
vn -0 0.379231393 0.92530185
vn -0 -0.510511518 0.859870911
vn 0.750107229 0.343080848 -0.565362513
vn -0.0449575111 0.0982457176 -0.994146109
vn 0.485278606 0.55072248 -0.679124117
vn -0.596542835 -0.390261769 -0.701307535
vn 0.180586725 0.157517225 -0.970863938
vn 0.180586725 0.157517225 -0.970863938
vn 0.659765065 0.630491793 -0.408889025
vn -0.134726748 -0.955731332 0.261584163
vn -0.088830553 0.083992213 -0.992499053
vn 0.180586725 0.157517225 -0.970863938
vn -0.24557741 -0.253749579 -0.93557626
vn -0.0449575111 0.0982457176 -0.994146109
vn -0.432233691 -0.0326870196 0.901169002
vn -0.772110701 0.337101877 0.538709044
vn 0.0906409323 0.600607157 0.794389904
vn -0.950598121 -0.0149330674 -0.310064733
vn -0.688509881 0.0514250547 -0.723401368
vn -0.97743541 0.107001938 -0.182127878
vn -0.903106272 -0.36642316 -0.223904461
vn -0.273046255 -0.207564697 -0.939341605
vn -0.60789454 -0.22622554 -0.761108518
vn -0.422467351 0.472151816 -0.773688555
vn -0.295543104 -0.454447001 -0.840316713
vn -0.287881792 -0.400625139 -0.869841039
vn -0.295543104 -0.454447001 -0.840316713
vn -0.192519546 0.120951183 -0.973810613
vn -0.0196379498 0.555493474 0.831288934
vn 0.0255276375 0.941602528 0.335757464
vn 0.124345765 0.474024117 0.871687591
vn -0.145605654 0.572958529 0.806546569
vn -0.422467351 0.472151816 -0.773688555
vn 0.125653863 0.876252115 0.465180844
vn -0.300677478 0.83483392 -0.46113494
vn -0.496596098 0.799929202 0.336905748
vn -0.898195505 0.360525727 -0.251527429
vn 0.107351474 0.348039359 0.931313217
vn -0.175437212 -0.430535436 0.885359228
vn -0.0304954126 -0.306117356 0.951505244
vn -0.903106272 -0.36642316 -0.223904461
vn -0.167936772 -0.673208356 0.720130384
vn -0.293383777 -0.540833354 0.788305283
vn -0.189519063 -0.16073291 0.968631804
vn -0.233151644 0.192903742 0.953115106
vn -0.969730496 -0.226382598 0.0915074497
vn -0.723386645 0.43703568 0.534519911
vn -0.496596098 0.799929202 0.336905748
vn -0.969730496 -0.226382598 0.0915074497
vn -0.976391494 -0.164025635 -0.140553594
vn -0.60789454 -0.22622554 -0.761108518
vn -0.422467351 0.472151816 -0.773688555
vn -0.898195505 0.360525727 -0.251527429
vn -0.950598121 -0.0149330674 -0.310064733
vn -0.903106272 -0.36642316 -0.223904461
vn -0.976391494 -0.164025635 -0.140553594
vn -0.97743541 0.107001938 -0.182127878
vn 0.945119262 0.308382541 0.107935123
vn 0.987879813 -0.121363513 -0.096770145
vn -0.993048906 -0.0274376422 0.114459991
vn 0.70115459 -0.594908297 0.393022001
vn 0.801696479 -0.511521757 -0.309238166
vn -0.656553984 -0.0611124188 -0.751799285
vn -0 0.994371533 -0.105948485
vn 0.16093117 0.985409319 -0.0554059893
vn 0.178700432 0.978289425 -0.104956776
vn -0 0.998510063 -0.0545675196
vn -0 0.999626517 -0.0273278896
vn 0.143679544 0.989262521 -0.0267574824
vn 0.130638078 0.990894914 -0.0325742997
vn -0 0.999460161 -0.0328558646
vn -0 0.999227047 -0.0393103473
vn 0.371751338 0.9207322 -0.118546054
vn -0 0.990717113 0.135939702
vn 0.496055454 0.861102998 0.11149285
vn -0 0.973788917 0.227453768
vn 0.417739183 0.752390921 -0.509315133
vn -0.0453741327 -0.995377541 0.0846448243
vn -0.00569688762 -0.998432338 0.0556809977
vn -0 -0.998563945 0.0535742342
vn -0 -0.998290956 0.0584395044
vn 0.00210613152 -0.997449219 0.0713471696
vn -0 -0.999940276 -0.010933564
vn -0.0127284359 -0.9998734 -0.00954482611
vn -0.0376339927 -0.998631895 -0.0363047756
vn -0 -0.999339759 -0.0363305099
vn 0.0350161009 -0.998440683 0.0434747338
vn -0 -0.999714553 0.0238923319
vn -0.065278843 -0.995266438 0.0719956085
vn -0.0689881667 -0.994610786 0.0773954093
vn -0 0.994371533 -0.105948485
vn -0.16093117 0.985409319 -0.0554059856
vn -0 0.998510063 -0.0545675196
vn -0.178700387 0.978289425 -0.104956776
vn -0 0.999626517 -0.0273278896
vn -0.143679544 0.989262521 -0.0267574824
vn -0.130638078 0.990894914 -0.0325742997
vn -0 0.999460161 -0.0328558646
vn -0 0.999227047 -0.0393103473
vn -0.371751338 0.9207322 -0.118546054
vn -0 0.990717113 0.135939702
vn -0.496055394 0.861102998 0.111492865
vn -0 0.973788917 0.227453768
vn -0.417739123 0.752390921 -0.509315073
vn -0 -0.998563945 0.0535742342
vn 0.00569688994 -0.998432338 0.0556810051
vn 0.0453741364 -0.995377541 0.0846448317
vn -0 -0.998290956 0.0584395044
vn -0.00210612779 -0.997449219 0.0713471845
vn -0 -0.999940276 -0.010933564
vn 0.0127284369 -0.9998734 -0.00954482704
vn 0.0376339965 -0.998631895 -0.0363047794
vn -0 -0.999339759 -0.0363305099
vn -0.0350161009 -0.998440683 0.0434747338
vn -0 -0.999714553 0.0238923319
vn 0.0652788505 -0.995266438 0.0719956085
vn 0.0689881742 -0.994610786 0.0773954168
vn -0 -0.99996376 -0.00852269307
vn 0.0658828542 -0.997825921 -0.00164248771
vn -0 -0.999998689 -0.00163589581
vn 0.0614295863 -0.998069942 -0.00909914915
vn 0.0821572691 -0.994667411 -0.0623456277
vn -0 -0.998299181 -0.0582993478
vn -0 -0.999984264 -0.00560595701
vn 0.0506887846 -0.998700619 -0.00527455984
vn -0 -0.994778633 -0.102057129
vn 0.154617846 -0.983887136 -0.0897740722
vn 0.1128591 -0.988626659 -0.0993989408
vn 0.205154449 -0.975631654 -0.0778104588
vn -0 -0.999953151 -0.00967776496
vn 0.0351578295 -0.999334991 -0.00967178214
vn 0.989537239 0.0742330551 -0.123715527
vn -0.153469622 0.908582628 -0.388490349
vn 0.989525557 0.0742392391 -0.123804972
vn 0.98973465 0.0741274506 -0.122189961
vn -0 0.999621153 -0.0275236052
vn 0.0405613929 0.995252967 -0.0884658471
vn -0 0.996429265 -0.084431909
vn 0.094891496 0.995109975 -0.0274184495
vn -0 0.517024517 -0.855970621
vn -0.0387883931 -0.976009786 -0.214243993
vn 0.0686054304 0.997285962 -0.0267221741
vn -0 0.999642372 -0.0267416034
vn 0.0456367843 0.998615742 -0.0261493921
vn -0 0.999657273 -0.0261766631
vn -0.0832976773 -0.995625615 -0.0423213318
vn -0.242071792 -0.961102903 -0.132975578
vn -0.217941836 -0.971804738 -0.0899831206
vn -0.123093784 -0.989962101 -0.0694480166
vn -0.397185057 -0.892034233 -0.215682566
vn -0.32468465 -0.941368997 -0.0916745439
vn -0 -0.999965072 -0.00835906342
vn -0.15451999 -0.987956226 -0.00813164096
vn -0 -0.99996376 -0.00852293149
vn -0.157358453 -0.987522304 -0.00616143923
vn -0.282408148 -0.959274292 -0.00620377343
vn -0.289067924 -0.957302392 -0.00343619543
vn -0 -0.999881625 0.0153860552
vn -0.152891278 -0.988174081 0.0116743371
vn -0.124044366 -0.99166882 0.0347272679
vn -0 -0.999027848 0.0440836884
vn -0.259828746 -0.965432227 0.0207259171
vn -0.273322463 -0.961868942 0.010150345
vn 0.23522082 0.842658222 0.484353483
vn -0 0.993873358 0.11052525
vn 0.229530603 0.969475985 0.0862098336
vn 0.159707606 0.847221613 0.506664634
vn 0.740032792 0.593556106 0.316294909
vn 0.474030256 0.879830539 0.0345467255
vn 0.999038458 0.0232555643 0.0371666551
vn -0 0.999678016 -0.025374433
vn 0.217642918 0.975851834 -0.0185633767
vn -0 0.999911427 0.0133149223
vn 0.207428113 0.978191435 0.0107256025
vn 0.393004268 0.919526339 -0.00434435718
vn 0.393234342 0.91940552 0.00776745146
vn -0 0.9989779 -0.0452005118
vn 0.194058672 0.980349183 -0.0354496948
vn 0.146783188 0.985164523 -0.0889133215
vn -0 0.994510174 -0.104640111
vn 0.324047476 0.9438833 -0.0638561025
vn 0.358135313 0.933120012 -0.0320318751
vn 0.992272735 0.0048301355 0.123981796
vn 0.743142188 0.38561523 0.546846211
vn 0.970368445 -0.169355527 0.172348082
vn 0.776731431 0.0560610145 0.627331972
vn 0.646276474 -0.493660808 0.581915557
vn 0.239780977 0.153938025 0.958544791
vn 0.161825091 -0.330489874 0.929832876
vn -0.0239859205 -0.599077106 0.80033195
vn 0.439254254 -0.804787695 0.399214804
vn 0.82517314 -0.529956222 0.195539311
vn 0.59300673 -0.793668568 0.135768771
vn 0.224562123 -0.923051476 0.312326312
vn 0.305141032 -0.952299893 -0.00373184215
vn 0.112668946 -0.961170495 0.251906782
vn 0.644392073 -0.707487643 -0.290207028
vn -0.375671655 0.000940214435 0.926752329
vn -0.184744045 -0.0638097376 0.98071301
vn 0.262993723 0.480490178 0.836638272
vn -0.791842341 -0.192639887 0.579547763
vn -0.449185699 -0.0656060502 0.891026497
vn -0.863954067 0.199803665 0.462235749
vn -0.581050754 -0.0179952104 0.81366843
vn -0.437260151 0.0984650254 0.893928468
vn -0.0916187912 -0.608344615 0.788367152
vn -0.765272617 0.431459814 0.477703035
vn -0.469080627 0.550757647 0.690383494
vn -0.518740952 -0.538370609 0.664127231
vn -0.0297843628 -0.149992868 0.988238394
vn -0.200380951 -0.740455091 0.641540229
vn -0 -0.235205591 0.971945643
vn -0 -0.786319554 0.617820024
vn -0 0.168127581 0.985765278
vn -0 0.577319264 0.816518486
vn -0 -0.657616735 0.753352702
vn 0.122875936 0.567950189 0.813839138
vn 0.182458445 0.534496725 0.825240612
vn 0.161582977 0.702461302 0.693137109
vn 0.208529577 0.674361587 0.708344519
vn -0.0272527132 -0.562745154 0.826181054
vn -0 -0.576831043 0.816863477
vn 0.220495254 -0.482908964 0.847455442
vn -0 -0.585082412 0.810973823
vn 0.710343003 -0.698642015 -0.0855114833
vn 0.775927722 -0.533600271 -0.336462259
vn -0 -0.952367723 -0.304952115
vn -0 -0.990681767 0.136196658
vn 0.802345634 -0.550700665 -0.230152562
vn -0 -0.467989892 -0.883733809
vn -0 -0.467989892 -0.883733809
vn -0 -0.467989892 -0.883733809
vn -0 -0.310349375 -0.950622559
vn -0 -0.310349375 -0.950622559
vn -0 -0.310349375 -0.950622559
vn -0 -0.310349375 -0.950622559
vn -0 -0.99996376 -0.00852269307
vn -0.0658828542 -0.997825921 -0.00164248771
vn -0.0614295974 -0.998069942 -0.00909914915
vn -0 -0.999998689 -0.00163589581
vn -0.0821572691 -0.994667411 -0.0623456277
vn -0 -0.998299181 -0.0582993478
vn -0 -0.999984264 -0.00560595701
vn -0.0506887771 -0.998700619 -0.00527455984
vn -0 -0.994778633 -0.102057129
vn -0.154617846 -0.983887136 -0.0897740722
vn -0.1128591 -0.988626659 -0.0993989408
vn -0.205154449 -0.975631654 -0.0778104588
vn -0 -0.999953151 -0.00967776496
vn -0.0351578295 -0.999334991 -0.00967178214
vn -0.989537239 0.0742330551 -0.123715527
vn -0.989525557 0.0742392391 -0.123804972
vn -0.989320517 0.0743473098 -0.125368744
vn -0.98973465 0.0741274506 -0.122189961
vn -0 0.999621153 -0.0275236052
vn -0.0405613929 0.995252967 -0.0884658396
vn -0.094891496 0.995109975 -0.0274184477
vn -0 0.996429265 -0.084431909
vn -0 0.517024517 -0.855970621
vn 0.0387884006 -0.976009786 -0.214243993
vn -0.0686054304 0.997285962 -0.0267221741
vn -0 0.999642372 -0.0267416034
vn -0.045636788 0.998615742 -0.0261493921
vn -0 0.999657273 -0.0261766631
vn 0.0832976773 -0.995625615 -0.0423213318
vn 0.242071792 -0.961102903 -0.132975563
vn 0.123093784 -0.989962101 -0.0694480091
vn 0.217941836 -0.971804738 -0.0899831057
vn 0.397185057 -0.892034233 -0.215682551
vn 0.32468465 -0.941368997 -0.091674529
vn -0 -0.999965072 -0.00835906342
vn 0.15451999 -0.987956226 -0.00813164003
vn -0 -0.99996376 -0.00852293149
vn 0.157358438 -0.987522304 -0.00616143923
vn 0.282408148 -0.959274292 -0.00620377343
vn 0.289067924 -0.957302392 -0.00343619543
vn -0 -0.999881625 0.0153860552
vn 0.152891278 -0.988174081 0.0116743371
vn 0.124044366 -0.99166882 0.0347272679
vn -0 -0.999027848 0.0440836884
vn 0.259828746 -0.965432227 0.0207259171
vn 0.273322433 -0.961868942 0.010150346
vn -0.23522082 0.842658222 0.484353483
vn -0 0.993873358 0.11052525
vn -0.159707576 0.847221613 0.506664634
vn -0.229530603 0.969475985 0.0862098262
vn -0.740032792 0.593556106 0.316294909
vn -0.474030256 0.879830539 0.0345467366
vn -0.999038458 0.0232555643 0.0371666551
vn -0 0.999678016 -0.025374433
vn -0.217642918 0.975851834 -0.0185633767
vn -0 0.999911427 0.0133149223
vn -0.207428128 0.978191435 0.0107256025
vn -0.393004298 0.919526339 -0.00434435531
vn -0.393234342 0.91940552 0.00776745193
vn -0 0.9989779 -0.0452005118
vn -0.194058672 0.980349183 -0.0354497023
vn -0.146783188 0.985164523 -0.0889133289
vn -0 0.994510174 -0.104640111
vn -0.324047476 0.9438833 -0.0638561025
vn -0.358135313 0.933120012 -0.0320318751
vn -0.992272735 0.0048301369 0.123981796
vn -0.743142068 0.3856152 0.546846151
vn -0.970368445 -0.169355527 0.172348082
vn -0.776731431 0.0560610406 0.627331972
vn -0.646276534 -0.493660867 0.581915557
vn -0.239780977 0.153938055 0.958544791
vn -0.161825091 -0.330489874 0.929832876
vn 0.0239859279 -0.599077106 0.80033195
vn -0.439254194 -0.804787755 0.399214774
vn -0.82517314 -0.529956222 0.195539325
vn -0.59300673 -0.793668568 0.135768771
vn -0.224562109 -0.923051476 0.312326282
vn -0.305141032 -0.952299893 -0.00373184495
vn -0.112668939 -0.961170495 0.251906723
vn -0.644392073 -0.707487643 -0.290207028
vn 0.375671715 0.000940203841 0.926752329
vn 0.184744075 -0.0638097376 0.98071301
vn -0.262993723 0.480490178 0.836638272
vn 0.791842401 -0.192639858 0.579547763
vn 0.449185699 -0.0656060502 0.891026378
vn 0.863954008 0.19980365 0.462235808
vn 0.581050754 -0.0179952215 0.81366843
vn 0.437260151 0.098465018 0.893928468
vn 0.0916187987 -0.608344555 0.788367212
vn 0.765272617 0.431459814 0.477703035
vn 0.469080627 0.550757647 0.690383494
vn 0.518740952 -0.538370609 0.664127231
vn 0.0297843721 -0.149992883 0.988238394
vn 0.200380951 -0.740455091 0.641540229
vn -0 -0.235205591 0.971945643
vn -0 -0.786319554 0.617820024
vn -0 0.168127581 0.985765278
vn -0 0.577319264 0.816518486
vn -0 -0.657616735 0.753352702
vn -0.122875936 0.567950189 0.813839138
vn -0.182458445 0.534496725 0.825240612
vn -0.161582977 0.702461302 0.693137109
vn -0.208529577 0.674361587 0.708344519
vn -0 -0.576831043 0.816863477
vn 0.0272527132 -0.562745154 0.826181054
vn -0.220495254 -0.482908964 0.847455442
vn -0 -0.585082412 0.810973823
vn -0.710343003 -0.698642015 -0.0855114833
vn -0.775927782 -0.533600271 -0.3364622
vn -0 -0.952367723 -0.304952115
vn -0 -0.990681767 0.136196658
vn -0.802345634 -0.550700665 -0.230152562
vn -0 -0.467989892 -0.883733809
vn -0 -0.467989892 -0.883733809
vn -0 -0.467989892 -0.883733809
vn -0 -0.310349345 -0.950622559
vn -0 -0.310349345 -0.950622559
vn -0 -0.310349345 -0.950622559
vn -0 -0.310349345 -0.950622559
g z_4_0
f 3/3/3 2/2/2 1/1/1
f 4/4/4 1/1/1 2/2/2
f 5/5/5 4/4/4 2/2/2
f 6/6/6 5/5/5 2/2/2
f 7/7/7 6/6/6 2/2/2
f 3/3/3 7/7/7 2/2/2
f 3/3/3 1/1/1 8/8/8
f 8/8/8 1/1/1 4/4/4
f 9/9/9 3/3/3 8/8/8
f 10/10/10 8/8/8 4/4/4
f 10/10/10 4/4/4 5/5/5
f 11/11/11 10/10/10 5/5/5
f 11/11/11 5/5/5 6/6/6
f 12/12/12 11/11/11 6/6/6
f 12/12/12 6/6/6 7/7/7
f 13/13/13 12/12/12 7/7/7
f 9/9/9 13/13/13 3/3/3
f 13/13/13 7/7/7 3/3/3
f 16/16/16 15/15/15 14/14/14
f 15/15/15 17/17/17 14/14/14
f 15/15/15 18/18/18 17/17/17
f 18/18/18 19/19/19 17/17/17
f 22/22/22 21/21/21 20/20/20
f 21/21/21 23/23/23 20/20/20
f 21/21/21 24/24/24 23/23/23
f 24/24/24 25/25/25 23/23/23
f 28/28/28 27/27/27 26/26/26
f 27/27/27 29/29/29 26/26/26
f 27/27/27 30/30/30 29/29/29
f 30/30/30 31/31/31 29/29/29
f 30/30/30 32/32/32 31/31/31
f 32/32/32 33/33/33 31/31/31
f 34/34/34 27/27/27 28/28/28
f 35/35/35 34/34/34 28/28/28
f 35/35/35 28/28/28 36/36/36
f 36/36/36 28/28/28 37/37/37
f 38/38/38 35/35/35 36/36/36
f 38/38/38 36/36/36 39/39/39
f 39/39/39 36/36/36 40/40/40
f 36/36/36 41/41/41 40/40/40
f 28/28/28 42/42/42 41/41/41
f 43/43/43 38/38/38 39/39/39
f 44/44/44 32/32/32 30/30/30
f 44/44/44 45/45/45 32/32/32
f 45/45/45 46/46/46 32/32/32
f 32/32/32 46/46/46 47/47/47
f 46/46/46 48/48/48 47/47/47
f 49/49/49 34/34/34 35/35/35
f 50/50/50 49/49/49 35/35/35
f 50/50/50 35/35/35 38/38/38
f 51/51/51 49/49/49 50/50/50
f 52/52/52 51/51/51 50/50/50
f 52/52/52 50/50/50 53/53/53
f 53/53/53 50/50/50 38/38/38
f 53/53/53 38/38/38 43/43/43
f 54/54/54 52/52/52 53/53/53
f 54/54/54 53/53/53 55/55/55
f 55/55/55 53/53/53 43/43/43
f 56/56/56 54/54/54 55/55/55
f 51/51/51 57/57/57 49/49/49
f 57/57/57 58/58/58 49/49/49
f 57/57/57 59/59/59 58/58/58
f 59/59/59 60/60/60 58/58/58
f 59/59/59 61/61/61 60/60/60
f 61/61/61 62/62/62 60/60/60
f 63/63/63 51/51/51 52/52/52
f 64/64/64 63/63/63 52/52/52
f 64/64/64 52/52/52 54/54/54
f 65/65/65 64/64/64 54/54/54
f 65/65/65 54/54/54 56/56/56
f 66/66/66 65/65/65 56/56/56
f 67/67/67 61/61/61 59/59/59
f 68/68/68 67/67/67 59/59/59
f 68/68/68 59/59/59 57/57/57
f 69/69/69 68/68/68 57/57/57
f 63/63/63 69/69/69 51/51/51
f 69/69/69 57/57/57 51/51/51
f 70/70/70 63/63/63 64/64/64
f 71/71/71 64/64/64 65/65/65
f 72/72/72 65/65/65 66/66/66
f 73/73/73 67/67/67 68/68/68
f 74/74/74 68/68/68 69/69/69
f 75/75/75 69/69/69 63/63/63
f 60/60/60 62/62/62 44/44/44
f 60/60/60 44/44/44 76/76/76
f 76/76/76 44/44/44 30/30/30
f 76/76/76 30/30/30 27/27/27
f 34/34/34 76/76/76 27/27/27
f 58/58/58 60/60/60 76/76/76
f 58/58/58 76/76/76 34/34/34
f 49/49/49 58/58/58 34/34/34
f 62/62/62 45/45/45 44/44/44
f 79/79/79 78/78/78 77/77/77
f 78/78/78 80/80/80 77/77/77
f 77/77/77 80/80/80 81/81/81
f 82/82/82 77/77/77 81/81/81
f 82/82/82 81/81/81 83/83/83
f 81/81/81 84/84/84 83/83/83
f 85/85/85 79/79/79 77/77/77
f 86/86/86 85/85/85 77/77/77
f 86/86/86 77/77/77 82/82/82
f 87/87/87 86/86/86 82/82/82
f 87/87/87 82/82/82 83/83/83
f 88/88/88 87/87/87 83/83/83
f 88/88/88 83/83/83 89/89/89
f 89/89/89 83/83/83 90/90/90
f 83/83/83 91/91/91 90/90/90
f 92/92/92 88/88/88 89/89/89
f 85/85/85 93/93/93 79/79/79
f 94/94/94 85/85/85 86/86/86
f 95/95/95 94/94/94 86/86/86
f 95/95/95 86/86/86 87/87/87
f 96/96/96 87/87/87 88/88/88
f 97/97/97 88/88/88 92/92/92
f 97/97/97 98/98/98 88/88/88
f 98/98/98 95/95/95 99/99/99
f 100/100/100 97/97/97 92/92/92
f 94/94/94 101/101/101 85/85/85
f 101/101/101 93/93/93 85/85/85
f 95/95/95 102/102/102 94/94/94
f 95/95/95 98/98/98 102/102/102
f 102/102/102 103/103/103 94/94/94
f 94/94/94 103/103/103 101/101/101
f 98/98/98 97/97/97 104/104/104
f 105/105/105 104/104/104 102/102/102
f 97/97/97 106/106/106 104/104/104
f 97/97/97 100/100/100 106/106/106
f 100/100/100 107/107/107 106/106/106
f 103/103/103 108/108/108 101/101/101
f 101/101/101 108/108/108 109/109/109
f 101/101/101 109/109/109 110/110/110
f 108/108/108 111/111/111 109/109/109
f 112/112/112 103/103/103 102/102/102
f 113/113/113 112/112/112 102/102/102
f 113/113/113 102/102/102 104/104/104
f 114/114/114 113/113/113 104/104/104
f 115/115/115 111/111/111 108/108/108
f 116/116/116 115/115/115 108/108/108
f 112/112/112 116/116/116 103/103/103
f 116/116/116 108/108/108 103/103/103
f 104/104/104 106/106/106 117/117/117
f 106/106/106 118/118/118 114/114/114
f 106/106/106 107/107/107 118/118/118
f 107/107/107 119/119/119 118/118/118
f 120/120/120 112/112/112 113/113/113
f 121/121/121 120/120/120 113/113/113
f 121/121/121 113/113/113 114/114/114
f 122/122/122 114/114/114 118/118/118
f 122/122/122 121/121/121 123/123/123
f 124/124/124 122/122/122 118/118/118
f 124/124/124 118/118/118 119/119/119
f 125/125/125 124/124/124 119/119/119
f 126/126/126 115/115/115 116/116/116
f 127/127/127 126/126/126 116/116/116
f 120/120/120 127/127/127 112/112/112
f 127/127/127 116/116/116 112/112/112
f 128/128/128 120/120/120 121/121/121
f 129/129/129 128/128/128 121/121/121
f 129/129/129 121/121/121 122/122/122
f 130/130/130 122/122/122 124/124/124
f 130/130/130 129/129/129 131/131/131
f 132/132/132 130/130/130 124/124/124
f 132/132/132 124/124/124 125/125/125
f 133/133/133 132/132/132 125/125/125
f 134/134/134 126/126/126 127/127/127
f 135/135/135 134/134/134 127/127/127
f 128/128/128 135/135/135 120/120/120
f 135/135/135 127/127/127 120/120/120
f 136/136/136 128/128/128 129/129/129
f 137/137/137 136/136/136 129/129/129
f 137/137/137 129/129/129 130/130/130
f 138/138/138 137/137/137 130/130/130
f 138/138/138 130/130/130 132/132/132
f 139/139/139 138/138/138 132/132/132
f 139/139/139 132/132/132 133/133/133
f 140/140/140 139/139/139 133/133/133
f 141/141/141 134/134/134 135/135/135
f 142/142/142 141/141/141 135/135/135
f 136/136/136 142/142/142 128/128/128
f 142/142/142 135/135/135 128/128/128
f 136/136/136 137/137/137 143/143/143
f 137/137/137 144/144/144 143/143/143
f 137/137/137 138/138/138 144/144/144
f 138/138/138 145/145/145 144/144/144
f 138/138/138 139/139/139 145/145/145
f 139/139/139 146/146/146 145/145/145
f 139/139/139 140/140/140 146/146/146
f 140/140/140 147/147/147 146/146/146
f 141/141/141 142/142/142 148/148/148
f 142/142/142 149/149/149 148/148/148
f 142/142/142 136/136/136 149/149/149
f 136/136/136 143/143/143 149/149/149
f 144/144/144 150/150/150 143/143/143
f 145/145/145 151/151/151 144/144/144
f 146/146/146 152/152/152 145/145/145
f 147/147/147 153/153/153 146/146/146
f 149/149/149 154/154/154 148/148/148
f 143/143/143 155/155/155 149/149/149
f 158/158/158 157/157/157 156/156/156
f 157/157/157 159/159/159 156/156/156
f 158/158/158 156/156/156 79/79/79
f 156/156/156 160/160/160 79/79/79
f 161/161/161 157/157/157 158/158/158
f 93/93/93 161/161/161 158/158/158
f 162/162/162 158/158/158 79/79/79
f 109/109/109 161/161/161 93/93/93
f 165/165/165 164/164/164 163/163/163
f 164/164/164 165/165/165 166/166/166
f 164/164/164 166/166/166 167/167/167
f 168/168/168 164/164/164 167/167/167
f 164/164/164 168/168/168 169/169/169
f 168/168/168 171/171/171 170/170/170
f 173/173/173 170/170/170 172/172/172
f 175/175/175 172/172/172 174/174/174
f 177/177/177 176/176/176 166/166/166
f 166/166/166 176/176/176 178/178/178
f 179/179/179 166/166/166 178/178/178
f 181/181/181 180/180/180 179/179/179
f 180/180/180 166/166/166 182/182/182
f 181/181/181 179/179/179 183/183/183
f 184/184/184 181/181/181 183/183/183
f 183/183/183 186/186/186 185/185/185
f 186/186/186 178/178/178 187/187/187
f 190/190/190 189/189/189 188/188/188
f 189/189/189 191/191/191 188/188/188
f 189/189/189 190/190/190 192/192/192
f 193/193/193 189/189/189 192/192/192
f 193/193/193 192/192/192 194/194/194
f 195/195/195 193/193/193 194/194/194
f 195/195/195 194/194/194 196/196/196
f 197/197/197 195/195/195 196/196/196
f 200/200/200 199/199/199 198/198/198
f 199/199/199 200/200/200 201/201/201
f 203/203/203 202/202/202 201/201/201
f 203/203/203 201/201/201 204/204/204
f 205/205/205 203/203/203 204/204/204
f 205/205/205 204/204/204 206/206/206
f 204/204/204 207/207/207 206/206/206
f 210/210/210 209/209/209 208/208/208
f 208/208/208 211/211/211 210/210/210
f 211/211/211 212/212/212 210/210/210
f 212/212/212 211/211/211 213/213/213
f 214/214/214 212/212/212 213/213/213
f 213/213/213 215/215/215 214/214/214
f 218/218/218 217/217/217 216/216/216
f 217/217/217 219/219/219 216/216/216
f 217/217/217 220/220/220 219/219/219
f 220/220/220 221/221/221 219/219/219
f 220/220/220 222/222/222 221/221/221
f 222/222/222 223/223/223 221/221/221
f 226/226/226 225/225/225 224/224/224
f 225/225/225 227/227/227 224/224/224
f 228/228/228 225/225/225 226/226/226
f 229/229/229 228/228/228 226/226/226
f 230/230/230 228/228/228 229/229/229
f 231/231/231 230/230/230 229/229/229
f 234/234/234 233/233/233 232/232/232
f 233/233/233 235/235/235 232/232/232
f 238/238/238 237/237/237 236/236/236
f 237/237/237 239/239/239 236/236/236
f 242/242/242 241/241/241 240/240/240
f 241/241/241 243/243/243 240/240/240
f 243/243/243 241/241/241 244/244/244
f 245/245/245 243/243/243 244/244/244
f 240/240/240 246/246/246 242/242/242
f 246/246/246 247/247/247 242/242/242
f 250/250/250 249/249/249 248/248/248
f 249/249/249 251/251/251 248/248/248
f 251/251/251 249/249/249 252/252/252
f 250/250/250 248/248/248 253/253/253
f 251/251/251 252/252/252 254/254/254
f 255/255/255 251/251/251 254/254/254
f 257/257/257 256/256/256 253/253/253
f 256/256/256 257/257/257 258/258/258
f 259/259/259 256/256/256 258/258/258
f 259/259/259 260/260/260 256/256/256
f 260/260/260 261/261/261 256/256/256
f 262/262/262 260/260/260 259/259/259
f 263/263/263 261/261/261 260/260/260
f 262/262/262 263/263/263 260/260/260
f 253/253/253 264/264/264 257/257/257
f 257/257/257 264/264/264 258/258/258
f 267/267/267 266/266/266 265/265/265
f 266/266/266 268/268/268 265/265/265
f 268/268/268 266/266/266 269/269/269
f 267/267/267 265/265/265 270/270/270
f 271/271/271 268/268/268 269/269/269
f 265/265/265 268/268/268 271/271/271
f 273/273/273 272/272/272 267/267/267
f 274/274/274 272/272/272 273/273/273
f 273/273/273 267/267/267 275/275/275
f 267/267/267 276/276/276 275/275/275
f 272/272/272 274/274/274 277/277/277
f 278/278/278 272/272/272 277/277/277
f 272/272/272 278/278/278 279/279/279
f 280/280/280 279/279/279 270/270/270
f 270/270/270 281/281/281 280/280/280
f 276/276/276 281/281/281 275/275/275
f 284/284/284 283/283/283 282/282/282
f 283/283/283 285/285/285 282/282/282
f 286/286/286 285/285/285 283/283/283
f 284/284/284 282/282/282 287/287/287
f 286/286/286 288/288/288 285/285/285
f 282/282/282 285/285/285 288/288/288
f 290/290/290 289/289/289 287/287/287
f 289/289/289 290/290/290 291/291/291
f 292/292/292 289/289/289 291/291/291
f 292/292/292 293/293/293 289/289/289
f 293/293/293 294/294/294 289/289/289
f 295/295/295 294/294/294 293/293/293
f 295/295/295 293/293/293 296/296/296
f 296/296/296 293/293/293 297/297/297
f 290/290/290 298/298/298 291/291/291
f 287/287/287 298/298/298 299/299/299
f 302/302/302 301/301/301 300/300/300
f 301/301/301 303/303/303 300/300/300
f 300/300/300 303/303/303 304/304/304
f 305/305/305 300/300/300 304/304/304
f 306/306/306 300/300/300 305/305/305
f 300/300/300 306/306/306 302/302/302
f 307/307/307 306/306/306 305/305/305
f 301/301/301 308/308/308 303/303/303
f 308/308/308 309/309/309 303/303/303
f 304/304/304 303/303/303 310/310/310
f 303/303/303 309/309/309 310/310/310
f 305/305/305 304/304/304 310/310/310
f 310/310/310 309/309/309 311/311/311
f 309/309/309 312/312/312 311/311/311
f 308/308/308 313/313/313 309/309/309
f 313/313/313 312/312/312 309/309/309
f 310/310/310 311/311/311 314/314/314
f 305/305/305 310/310/310 314/314/314
f 311/311/311 315/315/315 314/314/314
f 314/314/314 315/315/315 316/316/316
f 317/317/317 314/314/314 316/316/316
f 317/317/317 316/316/316 318/318/318
f 317/317/317 318/318/318 319/319/319
f 320/320/320 317/317/317 319/319/319
f 316/316/316 321/321/321 318/318/318
f 316/316/316 322/322/322 321/321/321
f 322/322/322 323/323/323 321/321/321
f 322/322/322 324/324/324 323/323/323
f 324/324/324 325/325/325 323/323/323
f 324/324/324 326/326/326 325/325/325
f 326/326/326 327/327/327 325/325/325
f 328/328/328 325/325/325 327/327/327
f 329/329/329 328/328/328 327/327/327
f 328/328/328 329/329/329 330/330/330
f 331/331/331 328/328/328 330/330/330
f 332/332/332 331/331/331 330/330/330
f 331/331/331 332/332/332 333/333/333
f 331/331/331 333/333/333 328/328/328
f 332/332/332 334/334/334 333/333/333
f 334/334/334 332/332/332 335/335/335
f 334/334/334 335/335/335 336/336/336
f 337/337/337 334/334/334 336/336/336
f 337/337/337 336/336/336 338/338/338
f 339/339/339 337/337/337 338/338/338
f 339/339/339 338/338/338 340/340/340
f 341/341/341 339/339/339 340/340/340
f 341/341/341 340/340/340 342/342/342
f 343/343/343 341/341/341 342/342/342
f 332/332/332 344/344/344 335/335/335
f 339/339/339 341/341/341 345/345/345
f 345/345/345 341/341/341 343/343/343
f 346/346/346 339/339/339 345/345/345
f 337/337/337 339/339/339 346/346/346
f 333/333/333 334/334/334 347/347/347
f 334/334/334 337/337/337 347/347/347
f 347/347/347 337/337/337 346/346/346
f 348/348/348 345/345/345 343/343/343
f 349/349/349 335/335/335 344/344/344
f 350/350/350 346/346/346 345/345/345
f 346/346/346 350/350/350 347/347/347
f 351/351/351 350/350/350 345/345/345
f 351/351/351 345/345/345 348/348/348
f 350/350/350 352/352/352 347/347/347
f 347/347/347 352/352/352 353/353/353
f 333/333/333 347/347/347 353/353/353
f 333/333/333 353/353/353 328/328/328
f 323/323/323 353/353/353 352/352/352
f 321/321/321 323/323/323 352/352/352
f 321/321/321 352/352/352 350/350/350
f 318/318/318 321/321/321 350/350/350
f 351/351/351 319/319/319 350/350/350
f 319/319/319 318/318/318 350/350/350
f 323/323/323 325/325/325 353/353/353
f 325/325/325 328/328/328 353/353/353
f 354/354/354 351/351/351 348/348/348
f 319/319/319 351/351/351 355/355/355
f 351/351/351 354/354/354 355/355/355
f 319/319/319 355/355/355 356/356/356
f 320/320/320 319/319/319 356/356/356
f 320/320/320 356/356/356 357/357/357
f 358/358/358 320/320/320 357/357/357
f 317/317/317 320/320/320 358/358/358
f 314/314/314 317/317/317 358/358/358
f 314/314/314 358/358/358 305/305/305
f 357/357/357 359/359/359 358/358/358
f 305/305/305 358/358/358 359/359/359
f 360/360/360 305/305/305 359/359/359
f 360/360/360 361/361/361 305/305/305
f 361/361/361 362/362/362 305/305/305
f 365/365/365 364/364/364 363/363/363
f 363/363/363 364/364/364 366/366/366
f 366/366/366 367/367/367 363/363/363
f 368/368/368 363/363/363 367/367/367
f 369/369/369 368/368/368 367/367/367
f 368/368/368 369/369/369 370/370/370
f 370/370/370 369/369/369 371/371/371
f 371/371/371 369/369/369 367/367/367
f 372/372/372 370/370/370 371/371/371
f 372/372/372 373/373/373 370/370/370
f 373/373/373 374/374/374 370/370/370
f 374/374/374 368/368/368 370/370/370
f 373/373/373 375/375/375 374/374/374
f 375/375/375 376/376/376 374/374/374
f 374/374/374 376/376/376 377/377/377
f 376/376/376 378/378/378 377/377/377
f 378/378/378 379/379/379 377/377/377
f 379/379/379 380/380/380 377/377/377
f 379/379/379 381/381/381 380/380/380
f 378/378/378 376/376/376 382/382/382
f 383/383/383 378/378/378 382/382/382
f 383/383/383 382/382/382 384/384/384
f 382/382/382 385/385/385 384/384/384
f 384/384/384 385/385/385 386/386/386
f 384/384/384 386/386/386 387/387/387
f 388/388/388 384/384/384 387/387/387
f 383/383/383 384/384/384 388/388/388
f 385/385/385 389/389/389 386/386/386
f 385/385/385 390/390/390 389/389/389
f 390/390/390 391/391/391 389/389/389
f 382/382/382 392/392/392 385/385/385
f 392/392/392 390/390/390 385/385/385
f 393/393/393 383/383/383 388/388/388
f 383/383/383 393/393/393 378/378/378
f 393/393/393 379/379/379 378/378/378
f 393/393/393 388/388/388 394/394/394
f 388/388/388 395/395/395 394/394/394
f 395/395/395 396/396/396 394/394/394
f 330/330/330 394/394/394 396/396/396
f 397/397/397 330/330/330 396/396/396
f 397/397/397 332/332/332 330/330/330
f 398/398/398 393/393/393 394/394/394
f 394/394/394 330/330/330 398/398/398
f 393/393/393 398/398/398 379/379/379
f 398/398/398 399/399/399 379/379/379
f 398/398/398 329/329/329 399/399/399
f 330/330/330 329/329/329 398/398/398
f 329/329/329 327/327/327 399/399/399
f 379/379/379 399/399/399 381/381/381
f 399/399/399 327/327/327 400/400/400
f 399/399/399 400/400/400 381/381/381
f 327/327/327 326/326/326 400/400/400
f 401/401/401 381/381/381 400/400/400
f 381/381/381 401/401/401 380/380/380
f 401/401/401 402/402/402 380/380/380
f 402/402/402 403/403/403 380/380/380
f 365/365/365 403/403/403 402/402/402
f 404/404/404 365/365/365 402/402/402
f 403/403/403 377/377/377 380/380/380
f 405/405/405 401/401/401 400/400/400
f 326/326/326 405/405/405 400/400/400
f 403/403/403 374/374/374 377/377/377
f 401/401/401 406/406/406 402/402/402
f 406/406/406 404/404/404 402/402/402
f 406/406/406 401/401/401 405/405/405
f 368/368/368 374/374/374 403/403/403
f 407/407/407 365/365/365 404/404/404
f 407/407/407 364/364/364 365/365/365
f 408/408/408 407/407/407 404/404/404
f 407/407/407 408/408/408 409/409/409
f 408/408/408 410/410/410 409/409/409
f 411/411/411 364/364/364 407/407/407
f 410/410/410 408/408/408 412/412/412
f 408/408/408 404/404/404 412/412/412
f 404/404/404 406/406/406 412/412/412
f 368/368/368 403/403/403 363/363/363
f 403/403/403 365/365/365 363/363/363
f 391/391/391 414/414/414 413/413/413
f 389/389/389 391/391/391 413/413/413
f 389/389/389 416/416/416 415/415/415
f 416/416/416 417/417/417 415/415/415
f 418/418/418 389/389/389 415/415/415
f 419/419/419 418/418/418 415/415/415
f 420/420/420 418/418/418 419/419/419
f 421/421/421 420/420/420 419/419/419
f 419/419/419 415/415/415 422/422/422
f 419/419/419 422/422/422 423/423/423
f 422/422/422 424/424/424 423/423/423
f 423/423/423 424/424/424 425/425/425
f 424/424/424 426/426/426 425/425/425
f 425/425/425 426/426/426 427/427/427
f 415/415/415 417/417/417 428/428/428
f 424/424/424 422/422/422 428/428/428
f 428/428/428 422/422/422 415/415/415
f 417/417/417 429/429/429 428/428/428
f 430/430/430 424/424/424 428/428/428
f 426/426/426 424/424/424 430/430/430
f 430/430/430 428/428/428 429/429/429
f 431/431/431 426/426/426 430/430/430
f 427/427/427 426/426/426 431/431/431
f 432/432/432 431/431/431 430/430/430
f 432/432/432 430/430/430 433/433/433
f 433/433/433 430/430/430 429/429/429
f 433/433/433 434/434/434 432/432/432
f 434/434/434 435/435/435 432/432/432
f 435/435/435 436/436/436 432/432/432
f 436/436/436 437/437/437 432/432/432
f 438/438/438 437/437/437 436/436/436
f 439/439/439 438/438/438 436/436/436
f 439/439/439 436/436/436 440/440/440
f 441/441/441 439/439/439 440/440/440
f 441/441/441 440/440/440 442/442/442
f 443/443/443 441/441/441 442/442/442
f 444/444/444 443/443/443 442/442/442
f 445/445/445 444/444/444 442/442/442
f 446/446/446 437/437/437 438/438/438
f 447/447/447 446/446/446 438/438/438
f 439/439/439 448/448/448 438/438/438
f 448/448/448 439/439/439 441/441/441
f 448/448/448 449/449/449 438/438/438
f 450/450/450 448/448/448 441/441/441
f 450/450/450 441/441/441 443/443/443
f 451/451/451 450/450/450 443/443/443
f 444/444/444 452/452/452 443/443/443
f 452/452/452 451/451/451 443/443/443
f 445/445/445 453/453/453 444/444/444
f 453/453/453 454/454/454 444/444/444
f 455/455/455 453/453/453 445/445/445
f 456/456/456 455/455/455 445/445/445
f 456/456/456 445/445/445 442/442/442
f 429/429/429 456/456/456 442/442/442
f 442/442/442 457/457/457 429/429/429
f 457/457/457 458/458/458 429/429/429
f 442/442/442 459/459/459 457/457/457
f 458/458/458 457/457/457 460/460/460
f 458/458/458 460/460/460 433/433/433
f 429/429/429 458/458/458 433/433/433
f 433/433/433 460/460/460 461/461/461
f 461/461/461 434/434/434 433/433/433
f 434/434/434 461/461/461 435/435/435
f 461/461/461 462/462/462 435/435/435
f 461/461/461 460/460/460 462/462/462
f 463/463/463 435/435/435 462/462/462
f 440/440/440 463/463/463 459/459/459
f 442/442/442 440/440/440 459/459/459
f 459/459/459 463/463/463 464/464/464
f 463/463/463 462/462/462 464/464/464
f 460/460/460 464/464/464 462/462/462
f 457/457/457 464/464/464 460/460/460
f 457/457/457 459/459/459 464/464/464
f 463/463/463 440/440/440 436/436/436
f 436/436/436 435/435/435 463/463/463
f 456/456/456 429/429/429 417/417/417
f 455/455/455 456/456/456 417/417/417
f 416/416/416 455/455/455 417/417/417
f 467/467/467 466/466/466 465/465/465
f 466/466/466 468/468/468 465/465/465
f 466/466/466 469/469/469 468/468/468
f 469/469/469 470/470/470 468/468/468
f 470/470/470 469/469/469 471/471/471
f 468/468/468 470/470/470 472/472/472
f 468/468/468 472/472/472 465/465/465
f 470/470/470 473/473/473 472/472/472
f 472/472/472 474/474/474 465/465/465
f 475/475/475 465/465/465 474/474/474
f 467/467/467 465/465/465 475/475/475
f 476/476/476 475/475/475 474/474/474
f 476/476/476 477/477/477 475/475/475
f 477/477/477 478/478/478 475/475/475
f 475/475/475 478/478/478 479/479/479
f 479/479/479 467/467/467 475/475/475
f 478/478/478 480/480/480 479/479/479
f 481/481/481 471/471/471 469/469/469
f 482/482/482 481/481/481 469/469/469
f 483/483/483 467/467/467 479/479/479
f 484/484/484 483/483/483 479/479/479
f 484/484/484 479/479/479 480/480/480
f 472/472/472 473/473/473 485/485/485
f 472/472/472 485/485/485 474/474/474
f 473/473/473 486/486/486 485/485/485
f 476/476/476 474/474/474 487/487/487
f 485/485/485 487/487/487 474/474/474
f 349/349/349 476/476/476 487/487/487
f 473/473/473 488/488/488 486/486/486
f 488/488/488 489/489/489 486/486/486
f 349/349/349 490/490/490 476/476/476
f 483/483/483 484/484/484 491/491/491
f 484/484/484 492/492/492 491/491/491
f 484/484/484 493/493/493 492/492/492
f 493/493/493 484/484/484 480/480/480
f 493/493/493 494/494/494 492/492/492
f 483/483/483 491/491/491 495/495/495
f 496/496/496 483/483/483 495/495/495
f 483/483/483 496/496/496 467/467/467
f 496/496/496 466/466/466 467/467/467
f 496/496/496 482/482/482 466/466/466
f 482/482/482 496/496/496 495/495/495
f 482/482/482 469/469/469 466/466/466
f 497/497/497 482/482/482 495/495/495
f 498/498/498 482/482/482 497/497/497
f 494/494/494 493/493/493 499/499/499
f 500/500/500 494/494/494 499/499/499
f 501/501/501 499/499/499 493/493/493
f 502/502/502 500/500/500 499/499/499
f 503/503/503 502/502/502 499/499/499
f 504/504/504 499/499/499 501/501/501
f 505/505/505 504/504/504 501/501/501
f 504/504/504 505/505/505 506/506/506
f 507/507/507 504/504/504 506/506/506
f 504/504/504 507/507/507 499/499/499
f 507/507/507 503/503/503 499/499/499
f 503/503/503 507/507/507 508/508/508
f 507/507/507 506/506/506 508/508/508
f 508/508/508 509/509/509 503/503/503
f 511/511/511 510/510/510 497/497/497
f 501/501/501 513/513/513 512/512/512
f 514/514/514 512/512/512 505/505/505
f 512/512/512 515/515/515 505/505/505
f 516/516/516 505/505/505 515/515/515
f 517/517/517 516/516/516 515/515/515
f 518/518/518 517/517/517 515/515/515
f 517/517/517 518/518/518 519/519/519
f 520/520/520 516/516/516 517/517/517
f 522/522/522 512/512/512 521/521/521
f 522/522/522 521/521/521 523/523/523
f 521/521/521 524/524/524 523/523/523
f 524/524/524 521/521/521 525/525/525
f 526/526/526 525/525/525 521/521/521
f 480/480/480 526/526/526 521/521/521
f 480/480/480 521/521/521 512/512/512
f 527/527/527 524/524/524 525/525/525
f 527/527/527 528/528/528 524/524/524
f 528/528/528 529/529/529 524/524/524
f 529/529/529 528/528/528 530/530/530
f 528/528/528 531/531/531 530/530/530
f 524/524/524 529/529/529 532/532/532
f 533/533/533 524/524/524 532/532/532
f 533/533/533 523/523/523 524/524/524
f 534/534/534 523/523/523 533/533/533
f 535/535/535 522/522/522 523/523/523
f 523/523/523 536/536/536 535/535/535
f 523/523/523 537/537/537 536/536/536
f 523/523/523 538/538/538 537/537/537
f 535/535/535 536/536/536 539/539/539
f 540/540/540 535/535/535 539/539/539
f 540/540/540 539/539/539 541/541/541
f 542/542/542 540/540/540 541/541/541
f 541/541/541 543/543/543 542/542/542
f 538/538/538 544/544/544 537/537/537
f 535/535/535 540/540/540 545/545/545
f 540/540/540 546/546/546 545/545/545
f 547/547/547 536/536/536 537/537/537
f 548/548/548 547/547/547 537/537/537
f 549/549/549 548/548/548 537/537/537
f 550/550/550 548/548/548 549/549/549
f 550/550/550 547/547/547 548/548/548
f 549/549/549 551/551/551 550/550/550
f 522/522/522 535/535/535 545/545/545
f 552/552/552 512/512/512 522/522/522
f 554/554/554 553/553/553 529/529/529
f 529/529/529 553/553/553 555/555/555
f 530/530/530 556/556/556 553/553/553
f 556/556/556 557/557/557 553/553/553
f 558/558/558 553/553/553 557/557/557
f 553/553/553 558/558/558 532/532/532
f 559/559/559 558/558/558 557/557/557
f 560/560/560 532/532/532 558/558/558
f 532/532/532 560/560/560 561/561/561
f 562/562/562 560/560/560 558/558/558
f 558/558/558 559/559/559 562/562/562
f 562/562/562 563/563/563 560/560/560
f 563/563/563 564/564/564 560/560/560
f 565/565/565 563/563/563 562/562/562
f 566/566/566 564/564/564 563/563/563
f 563/563/563 567/567/567 566/566/566
f 566/566/566 568/568/568 564/564/564
f 564/564/564 568/568/568 560/560/560
f 568/568/568 561/561/561 560/560/560
f 570/570/570 561/561/561 569/569/569
f 569/569/569 533/533/533 570/570/570
f 569/569/569 561/561/561 571/571/571
f 572/572/572 569/569/569 571/571/571
f 572/572/572 571/571/571 573/573/573
f 574/574/574 572/572/572 573/573/573
f 573/573/573 575/575/575 574/574/574
f 569/569/569 572/572/572 576/576/576
f 572/572/572 574/574/574 576/576/576
f 533/533/533 569/569/569 577/577/577
f 578/578/578 477/477/477 476/476/476
f 580/580/580 579/579/579 367/367/367
f 582/582/582 581/581/581 367/367/367
f 581/581/581 371/371/371 367/367/367
f 366/366/366 583/583/583 367/367/367
f 322/322/322 316/316/316 584/584/584
f 316/316/316 315/315/315 584/584/584
f 584/584/584 315/315/315 585/585/585
f 315/315/315 311/311/311 585/585/585
f 324/324/324 322/322/322 584/584/584
f 586/586/586 324/324/324 584/584/584
f 586/586/586 584/584/584 585/585/585
f 585/585/585 311/311/311 312/312/312
f 587/587/587 585/585/585 312/312/312
f 587/587/587 588/588/588 585/585/585
f 588/588/588 586/586/586 585/585/585
f 588/588/588 587/587/587 589/589/589
f 312/312/312 313/313/313 587/587/587
f 313/313/313 589/589/589 587/587/587
f 590/590/590 589/589/589 313/313/313
f 326/326/326 324/324/324 586/586/586
f 592/592/592 591/591/591 313/313/313
f 593/593/593 591/591/591 592/592/592
f 594/594/594 593/593/593 592/592/592
f 382/382/382 376/376/376 392/392/392
f 376/376/376 375/375/375 392/392/392
f 597/597/597 596/596/596 595/595/595
f 596/596/596 598/598/598 595/595/595
f 599/599/599 598/598/598 596/596/596
f 596/596/596 600/600/600 599/599/599
f 601/601/601 599/599/599 600/600/600
f 600/600/600 602/602/602 601/601/601
f 602/602/602 603/603/603 601/601/601
f 602/602/602 600/600/600 604/604/604
f 605/605/605 602/602/602 604/604/604
f 600/600/600 596/596/596 606/606/606
f 607/607/607 600/600/600 606/606/606
f 607/607/607 604/604/604 600/600/600
f 596/596/596 597/597/597 608/608/608
f 609/609/609 596/596/596 608/608/608
f 609/609/609 606/606/606 596/596/596
f 606/606/606 609/609/609 610/610/610
f 604/604/604 607/607/607 611/611/611
f 608/608/608 612/612/612 609/609/609
f 612/612/612 613/613/613 609/609/609
f 609/609/609 613/613/613 614/614/614
f 613/613/613 615/615/615 614/614/614
f 604/604/604 611/611/611 616/616/616
f 616/616/616 617/617/617 604/604/604
f 606/606/606 618/618/618 607/607/607
f 618/618/618 619/619/619 607/607/607
f 607/607/607 619/619/619 620/620/620
f 606/606/606 621/621/621 618/618/618
f 621/621/621 622/622/622 618/618/618
f 619/619/619 618/618/618 623/623/623
f 624/624/624 623/623/623 618/618/618
f 625/625/625 619/619/619 623/623/623
f 613/613/613 612/612/612 626/626/626
f 627/627/627 626/626/626 612/612/612
f 623/623/623 624/624/624 628/628/628
f 623/623/623 628/628/628 629/629/629
f 631/631/631 630/630/630 616/616/616
f 632/632/632 631/631/631 616/616/616
f 619/619/619 633/633/633 632/632/632
f 630/630/630 631/631/631 634/634/634
f 630/630/630 634/634/634 635/635/635
f 635/635/635 636/636/636 630/630/630
f 636/636/636 616/616/616 630/630/630
f 480/480/480 637/637/637 493/493/493
f 639/639/639 515/515/515 638/638/638
f 641/641/641 640/640/640 515/515/515
f 643/643/643 642/642/642 562/562/562
f 645/645/645 644/644/644 604/604/604
f 647/647/647 520/520/520 646/646/646
f 649/649/649 613/613/613 648/648/648
f 652/652/652 651/651/651 650/650/650
f 651/651/651 421/421/421 650/650/650
f 652/652/652 650/650/650 427/427/427
f 653/653/653 652/652/652 427/427/427
f 654/654/654 653/653/653 427/427/427
f 655/655/655 654/654/654 427/427/427
f 446/446/446 654/654/654 655/655/655
f 437/437/437 446/446/446 655/655/655
f 437/437/437 655/655/655 432/432/432
f 654/654/654 446/446/446 656/656/656
f 446/446/446 657/657/657 656/656/656
f 657/657/657 446/446/446 658/658/658
f 432/432/432 655/655/655 431/431/431
f 655/655/655 427/427/427 431/431/431
f 450/450/450 451/451/451 659/659/659
f 451/451/451 452/452/452 659/659/659
f 450/450/450 659/659/659 660/660/660
f 448/448/448 450/450/450 660/660/660
f 660/660/660 449/449/449 448/448/448
f 444/444/444 661/661/661 452/452/452
f 664/664/664 663/663/663 662/662/662
f 663/663/663 665/665/665 662/662/662
f 667/667/667 666/666/666 665/665/665
f 666/666/666 668/668/668 665/665/665
f 666/666/666 670/670/670 669/669/669
f 672/672/672 671/671/671 663/663/663
f 672/672/672 663/663/663 673/673/673
f 670/670/670 674/674/674 673/673/673
f 671/671/671 676/676/676 675/675/675
f 679/679/679 678/678/678 677/677/677
f 678/678/678 680/680/680 677/677/677
f 683/683/683 682/682/682 681/681/681
f 686/686/686 685/685/685 684/684/684
f 685/685/685 687/687/687 684/684/684
f 688/688/688 685/685/685 686/686/686
f 689/689/689 688/688/688 686/686/686
f 687/687/687 685/685/685 690/690/690
f 685/685/685 691/691/691 690/690/690
f 692/692/692 687/687/687 690/690/690
f 693/693/693 686/686/686 684/684/684
f 694/694/694 693/693/693 684/684/684
f 686/686/686 693/693/693 695/695/695
f 696/696/696 686/686/686 695/695/695
f 691/691/691 698/698/698 697/697/697
f 699/699/699 695/695/695 697/697/697
f 691/691/691 701/701/701 700/700/700
f 704/704/704 703/703/703 702/702/702
f 703/703/703 705/705/705 702/702/702
f 704/704/704 702/702/702 706/706/706
f 707/707/707 704/704/704 706/706/706
f 710/710/710 709/709/709 708/708/708
f 709/709/709 711/711/711 708/708/708
f 709/709/709 712/712/712 711/711/711
f 713/713/713 710/710/710 708/708/708
f 708/708/708 714/714/714 713/713/713
f 714/714/714 715/715/715 713/713/713
f 714/714/714 708/708/708 716/716/716
f 717/717/717 714/714/714 716/716/716
f 714/714/714 717/717/717 718/718/718
f 714/714/714 718/718/718 715/715/715
f 717/717/717 719/719/719 718/718/718
f 720/720/720 719/719/719 717/717/717
f 718/718/718 719/719/719 721/721/721
f 718/718/718 721/721/721 722/722/722
f 723/723/723 718/718/718 722/722/722
f 723/723/723 722/722/722 724/724/724
f 725/725/725 723/723/723 724/724/724
f 726/726/726 725/725/725 724/724/724
f 727/727/727 726/726/726 724/724/724
f 726/726/726 727/727/727 728/728/728
f 727/727/727 729/729/729 728/728/728
f 728/728/728 729/729/729 730/730/730
f 729/729/729 731/731/731 730/730/730
f 719/719/719 732/732/732 721/721/721
f 719/719/719 720/720/720 732/732/732
f 720/720/720 733/733/733 732/732/732
f 718/718/718 734/734/734 715/715/715
f 734/734/734 735/735/735 715/715/715
f 735/735/735 734/734/734 736/736/736
f 734/734/734 737/737/737 736/736/736
f 736/736/736 737/737/737 738/738/738
f 737/737/737 739/739/739 738/738/738
f 739/739/739 740/740/740 738/738/738
f 740/740/740 741/741/741 738/738/738
f 741/741/741 740/740/740 742/742/742
f 740/740/740 743/743/743 742/742/742
f 715/715/715 735/735/735 744/744/744
f 745/745/745 715/715/715 744/744/744
f 713/713/713 715/715/715 745/745/745
f 748/748/748 747/747/747 746/746/746
f 747/747/747 749/749/749 746/746/746
f 749/749/749 747/747/747 750/750/750
f 747/747/747 751/751/751 750/750/750
f 750/750/750 751/751/751 752/752/752
f 753/753/753 750/750/750 752/752/752
f 756/756/756 755/755/755 754/754/754
f 758/758/758 757/757/757 754/754/754
f 761/761/761 760/760/760 759/759/759
f 760/760/760 717/717/717 759/759/759
f 759/759/759 717/717/717 716/716/716
f 708/708/708 762/762/762 716/716/716
f 762/762/762 708/708/708 763/763/763
f 708/708/708 711/711/711 763/763/763
f 711/711/711 712/712/712 763/763/763
f 712/712/712 764/764/764 763/763/763
f 767/767/767 766/766/766 765/765/765
f 766/766/766 768/768/768 765/765/765
f 768/768/768 769/769/769 765/765/765
f 769/769/769 770/770/770 765/765/765
f 771/771/771 770/770/770 769/769/769
f 772/772/772 771/771/771 769/769/769
f 775/775/775 774/774/774 773/773/773
f 774/774/774 776/776/776 773/773/773
f 774/774/774 775/775/775 777/777/777
f 777/777/777 778/778/778 774/774/774
f 777/777/777 779/779/779 778/778/778
f 776/776/776 780/780/780 773/773/773
f 779/779/779 777/777/777 781/781/781
f 777/777/777 782/782/782 781/781/781
f 777/777/777 783/783/783 782/782/782
f 783/783/783 784/784/784 782/782/782
f 782/782/782 785/785/785 781/781/781
f 785/785/785 786/786/786 781/781/781
f 778/778/778 779/779/779 787/787/787
f 779/779/779 788/788/788 787/787/787
f 786/786/786 785/785/785 789/789/789
f 790/790/790 786/786/786 789/789/789
f 789/789/789 791/791/791 790/790/790
f 791/791/791 792/792/792 790/790/790
f 791/791/791 793/793/793 792/792/792
f 793/793/793 794/794/794 792/792/792
f 787/787/787 788/788/788 795/795/795
f 784/784/784 783/783/783 796/796/796
f 783/783/783 797/797/797 796/796/796
f 796/796/796 797/797/797 798/798/798
f 797/797/797 799/799/799 798/798/798
f 802/802/802 801/801/801 800/800/800
f 801/801/801 804/804/804 803/803/803
f 806/806/806 803/803/803 805/805/805
f 809/809/809 808/808/808 807/807/807
f 811/811/811 810/810/810 808/808/808
f 814/814/814 813/813/813 812/812/812
f 816/816/816 815/815/815 814/814/814
f 818/818/818 817/817/817 816/816/816
f 821/821/821 820/820/820 819/819/819
f 821/821/821 823/823/823 822/822/822
f 826/826/826 825/825/825 824/824/824
f 828/828/828 825/825/825 827/827/827
f 831/831/831 830/830/830 829/829/829
f 833/833/833 830/830/830 832/832/832
f 835/835/835 834/834/834 833/833/833
f 838/838/838 837/837/837 836/836/836
f 837/837/837 839/839/839 836/836/836
f 839/839/839 840/840/840 836/836/836
f 838/838/838 836/836/836 841/841/841
f 836/836/836 842/842/842 841/841/841
f 843/843/843 841/841/841 842/842/842
f 844/844/844 843/843/843 842/842/842
f 847/847/847 846/846/846 845/845/845
f 846/846/846 848/848/848 845/845/845
f 845/845/845 849/849/849 847/847/847
f 846/846/846 847/847/847 850/850/850
f 851/851/851 846/846/846 850/850/850
f 845/845/845 848/848/848 852/852/852
f 848/848/848 853/853/853 852/852/852
f 845/845/845 852/852/852 854/854/854
f 855/855/855 845/845/845 854/854/854
f 849/849/849 845/845/845 855/855/855
f 855/855/855 854/854/854 856/856/856
f 854/854/854 857/857/857 856/856/856
f 858/858/858 853/853/853 848/848/848
f 859/859/859 858/858/858 848/848/848
f 860/860/860 858/858/858 859/859/859
f 859/859/859 848/848/848 861/861/861
f 848/848/848 846/846/846 861/861/861
f 855/855/855 856/856/856 862/862/862
f 862/862/862 856/856/856 863/863/863
f 864/864/864 855/855/855 862/862/862
f 864/864/864 849/849/849 855/855/855
f 864/864/864 862/862/862 865/865/865
f 866/866/866 864/864/864 865/865/865
f 864/864/864 866/866/866 867/867/867
f 849/849/849 864/864/864 867/867/867
f 863/863/863 856/856/856 868/868/868
f 857/857/857 868/868/868 856/856/856
f 869/869/869 863/863/863 868/868/868
f 869/869/869 870/870/870 863/863/863
f 870/870/870 871/871/871 863/863/863
f 859/859/859 861/861/861 872/872/872
f 873/873/873 859/859/859 872/872/872
f 874/874/874 873/873/873 872/872/872
f 875/875/875 873/873/873 874/874/874
f 876/876/876 875/875/875 874/874/874
f 876/876/876 874/874/874 877/877/877
f 878/878/878 876/876/876 877/877/877
f 879/879/879 874/874/874 872/872/872
f 879/879/879 877/877/877 874/874/874
f 872/872/872 880/880/880 879/879/879
f 881/881/881 877/877/877 879/879/879
f 867/867/867 882/882/882 849/849/849
f 868/868/868 883/883/883 869/869/869
f 868/868/868 884/884/884 883/883/883
f 857/857/857 884/884/884 868/868/868
f 885/885/885 884/884/884 857/857/857
f 883/883/883 884/884/884 886/886/886
f 887/887/887 883/883/883 886/886/886
f 888/888/888 887/887/887 886/886/886
f 888/888/888 889/889/889 887/887/887
f 882/882/882 890/890/890 849/849/849
f 890/890/890 847/847/847 849/849/849
f 891/891/891 847/847/847 890/890/890
f 883/883/883 892/892/892 869/869/869
f 869/869/869 892/892/892 870/870/870
f 892/892/892 893/893/893 870/870/870
f 895/895/895 884/884/884 894/894/894
f 896/896/896 895/895/895 894/894/894
f 895/895/895 898/898/898 897/897/897
f 897/897/897 898/898/898 899/899/899
f 900/900/900 897/897/897 899/899/899
f 901/901/901 900/900/900 899/899/899
f 902/902/902 901/901/901 899/899/899
f 901/901/901 902/902/902 903/903/903
f 902/902/902 904/904/904 903/903/903
f 904/904/904 902/902/902 905/905/905
f 906/906/906 904/904/904 905/905/905
f 903/903/903 907/907/907 901/901/901
f 897/897/897 908/908/908 895/895/895
f 908/908/908 909/909/909 895/895/895
f 897/897/897 910/910/910 908/908/908
f 910/910/910 911/911/911 908/908/908
f 911/911/911 910/910/910 912/912/912
f 900/900/900 912/912/912 897/897/897
f 912/912/912 910/910/910 897/897/897
f 913/913/913 911/911/911 912/912/912
f 908/908/908 911/911/911 913/913/913
f 914/914/914 913/913/913 912/912/912
f 901/901/901 907/907/907 914/914/914
f 914/914/914 900/900/900 901/901/901
f 913/913/913 915/915/915 908/908/908
f 915/915/915 916/916/916 908/908/908
f 916/916/916 915/915/915 917/917/917
f 916/916/916 918/918/918 908/908/908
f 919/919/919 917/917/917 915/915/915
f 921/921/921 920/920/920 914/914/914
f 920/920/920 922/922/922 914/914/914
f 924/924/924 923/923/923 922/922/922
f 925/925/925 912/912/912 900/900/900
f 928/928/928 927/927/927 926/926/926
f 926/926/926 929/929/929 928/928/928
f 929/929/929 930/930/930 928/928/928
f 929/929/929 931/931/931 930/930/930
f 928/928/928 932/932/932 927/927/927
f 932/932/932 933/933/933 927/927/927
f 860/860/860 873/873/873 934/934/934
f 873/873/873 936/936/936 935/935/935
f 873/873/873 937/937/937 859/859/859
f 939/939/939 846/846/846 938/938/938
f 846/846/846 851/851/851 938/938/938
f 940/940/940 939/939/939 938/938/938
f 872/872/872 939/939/939 941/941/941
f 942/942/942 872/872/872 941/941/941
f 939/939/939 944/944/944 943/943/943
f 946/946/946 945/945/945 863/863/863
f 945/945/945 862/862/862 863/863/863
f 865/865/865 862/862/862 945/945/945
f 871/871/871 946/946/946 863/863/863
f 949/949/949 948/948/948 947/947/947
f 952/952/952 951/951/951 950/950/950
f 905/905/905 902/902/902 953/953/953
f 902/902/902 899/899/899 954/954/954
f 899/899/899 896/896/896 954/954/954
f 896/896/896 955/955/955 954/954/954
f 884/884/884 895/895/895 956/956/956
f 959/959/959 958/958/958 957/957/957
f 961/961/961 960/960/960 957/957/957
f 964/964/964 963/963/963 962/962/962
f 963/963/963 965/965/965 962/962/962
f 965/965/965 966/966/966 962/962/962
f 966/966/966 967/967/967 962/962/962
f 962/962/962 967/967/967 968/968/968
f 969/969/969 962/962/962 968/968/968
f 969/969/969 968/968/968 970/970/970
f 971/971/971 969/969/969 970/970/970
f 970/970/970 972/972/972 971/971/971
f 972/972/972 973/973/973 971/971/971
f 974/974/974 969/969/969 971/971/971
f 962/962/962 969/969/969 974/974/974
f 975/975/975 974/974/974 971/971/971
f 976/976/976 975/975/975 971/971/971
f 973/973/973 976/976/976 971/971/971
f 963/963/963 964/964/964 977/977/977
f 977/977/977 964/964/964 978/978/978
f 964/964/964 979/979/979 978/978/978
f 979/979/979 974/974/974 980/980/980
f 979/979/979 980/980/980 978/978/978
f 974/974/974 981/981/981 980/980/980
f 974/974/974 975/975/975 981/981/981
f 975/975/975 982/982/982 981/981/981
f 975/975/975 976/976/976 982/982/982
f 973/973/973 972/972/972 983/983/983
f 984/984/984 973/973/973 983/983/983
f 976/976/976 985/985/985 982/982/982
f 979/979/979 962/962/962 974/974/974
f 964/964/964 962/962/962 979/979/979
f 986/986/986 963/963/963 977/977/977
f 989/989/989 988/988/988 987/987/987
f 988/988/988 990/990/990 987/987/987
f 987/987/987 991/991/991 989/989/989
f 992/992/992 991/991/991 987/987/987
f 993/993/993 992/992/992 987/987/987
f 993/993/993 987/987/987 990/990/990
f 993/993/993 994/994/994 992/992/992
f 994/994/994 995/995/995 992/992/992
f 993/993/993 996/996/996 994/994/994
f 996/996/996 993/993/993 990/990/990
f 996/996/996 997/997/997 994/994/994
f 997/997/997 996/996/996 998/998/998
f 998/998/998 999/999/999 997/997/997
f 999/999/999 1000/1000/1000 997/997/997
f 991/991/991 1001/1001/1001 989/989/989
f 989/989/989 1001/1001/1001 1002/1002/1002
f 1003/1003/1003 1000/1000/1000 999/999/999
f 1004/1004/1004 1003/1003/1003 999/999/999
f 1005/1005/1005 1003/1003/1003 1004/1004/1004
f 1006/1006/1006 1005/1005/1005 1004/1004/1004
f 1007/1007/1007 1006/1006/1006 1004/1004/1004
f 1008/1008/1008 1003/1003/1003 1005/1005/1005
f 999/999/999 998/998/998 1009/1009/1009
f 999/999/999 1009/1009/1009 1004/1004/1004
f 1010/1010/1010 1009/1009/1009 998/998/998
f 1009/1009/1009 1010/1010/1010 1011/1011/1011
f 1012/1012/1012 1009/1009/1009 1011/1011/1011
f 1007/1007/1007 1004/1004/1004 1012/1012/1012
f 1009/1009/1009 1012/1012/1012 1004/1004/1004
f 1013/1013/1013 1010/1010/1010 998/998/998
f 1010/1010/1010 1013/1013/1013 1011/1011/1011
f 1013/1013/1013 998/998/998 1014/1014/1014
f 1015/1015/1015 1013/1013/1013 1014/1014/1014
f 1015/1015/1015 1014/1014/1014 1016/1016/1016
f 1017/1017/1017 1012/1012/1012 1011/1011/1011
f 1018/1018/1018 1012/1012/1012 1017/1017/1017
f 1018/1018/1018 1007/1007/1007 1012/1012/1012
f 1019/1019/1019 1018/1018/1018 1017/1017/1017
f 1020/1020/1020 1017/1017/1017 1011/1011/1011
f 1015/1015/1015 1020/1020/1020 1013/1013/1013
f 1020/1020/1020 1011/1011/1011 1013/1013/1013
f 1021/1021/1021 1017/1017/1017 1020/1020/1020
f 1019/1019/1019 1017/1017/1017 1021/1021/1021
f 1022/1022/1022 1021/1021/1021 1020/1020/1020
f 1022/1022/1022 1020/1020/1020 1015/1015/1015
f 1016/1016/1016 1022/1022/1022 1015/1015/1015
f 1014/1014/1014 998/998/998 996/996/996
f 990/990/990 1014/1014/1014 996/996/996
f 990/990/990 988/988/988 1014/1014/1014
f 1023/1023/1023 1019/1019/1019 1021/1021/1021
f 1021/1021/1021 1024/1024/1024 1023/1023/1023
f 1024/1024/1024 1021/1021/1021 1016/1016/1016
f 1016/1016/1016 1014/1014/1014 1024/1024/1024
f 1014/1014/1014 988/988/988 1024/1024/1024
f 1024/1024/1024 1025/1025/1025 1023/1023/1023
f 1023/1023/1023 1025/1025/1025 1026/1026/1026
f 1026/1026/1026 1025/1025/1025 1027/1027/1027
f 1025/1025/1025 1002/1002/1002 1027/1027/1027
f 1025/1025/1025 1024/1024/1024 1002/1002/1002
f 1028/1028/1028 1023/1023/1023 1026/1026/1026
f 1029/1029/1029 1023/1023/1023 1028/1028/1028
f 1019/1019/1019 1023/1023/1023 1029/1029/1029
f 1030/1030/1030 1029/1029/1029 1028/1028/1028
f 1029/1029/1029 1030/1030/1030 1031/1031/1031
f 1032/1032/1032 1029/1029/1029 1031/1031/1031
f 1029/1029/1029 1032/1032/1032 1033/1033/1033
f 1032/1032/1032 1034/1034/1034 1033/1033/1033
f 1029/1029/1029 1033/1033/1033 1019/1019/1019
f 1033/1033/1033 1035/1035/1035 1019/1019/1019
f 1018/1018/1018 1019/1019/1019 1035/1035/1035
f 1035/1035/1035 1036/1036/1036 1018/1018/1018
f 1036/1036/1036 1037/1037/1037 1018/1018/1018
f 1018/1018/1018 1037/1037/1037 1038/1038/1038
f 1007/1007/1007 1018/1018/1018 1038/1038/1038
f 1007/1007/1007 1038/1038/1038 1039/1039/1039
f 1006/1006/1006 1007/1007/1007 1039/1039/1039
f 1040/1040/1040 1035/1035/1035 1033/1033/1033
f 1041/1041/1041 1040/1040/1040 1033/1033/1033
f 1041/1041/1041 1033/1033/1033 1034/1034/1034
f 1040/1040/1040 1041/1041/1041 1042/1042/1042
f 1043/1043/1043 1040/1040/1040 1042/1042/1042
f 1042/1042/1042 1041/1041/1041 1044/1044/1044
f 1041/1041/1041 1045/1045/1045 1044/1044/1044
f 1040/1040/1040 1043/1043/1043 1046/1046/1046
f 1040/1040/1040 1046/1046/1046 1035/1035/1035
f 1046/1046/1046 1036/1036/1036 1035/1035/1035
f 1043/1043/1043 1047/1047/1047 1046/1046/1046
f 1048/1048/1048 1047/1047/1047 1043/1043/1043
f 1044/1044/1044 1045/1045/1045 1049/1049/1049
f 1045/1045/1045 1050/1050/1050 1049/1049/1049
f 1049/1049/1049 1050/1050/1050 1051/1051/1051
f 1050/1050/1050 1052/1052/1052 1051/1051/1051
f 1052/1052/1052 1050/1050/1050 1053/1053/1053
f 1054/1054/1054 1052/1052/1052 1053/1053/1053
f 1053/1053/1053 1050/1050/1050 1055/1055/1055
f 1050/1050/1050 1045/1045/1045 1055/1055/1055
f 1055/1055/1055 1045/1045/1045 1056/1056/1056
f 1045/1045/1045 1041/1041/1041 1056/1056/1056
f 1056/1056/1056 1041/1041/1041 1034/1034/1034
f 1044/1044/1044 1049/1049/1049 1057/1057/1057
f 1058/1058/1058 1044/1044/1044 1057/1057/1057
f 1057/1057/1057 1049/1049/1049 1059/1059/1059
f 1049/1049/1049 1051/1051/1051 1059/1059/1059
f 1046/1046/1046 1047/1047/1047 1060/1060/1060
f 1062/1062/1062 1061/1061/1061 1048/1048/1048
f 1061/1061/1061 1063/1063/1063 1048/1048/1048
f 1061/1061/1061 1064/1064/1064 1063/1063/1063
f 1064/1064/1064 1065/1065/1065 1063/1063/1063
f 1063/1063/1063 1065/1065/1065 1066/1066/1066
f 1039/1039/1039 1063/1063/1063 1066/1066/1066
f 1039/1039/1039 1066/1066/1066 1067/1067/1067
f 1068/1068/1068 1063/1063/1063 1039/1039/1039
f 1048/1048/1048 1063/1063/1063 1068/1068/1068
f 1062/1062/1062 1048/1048/1048 1069/1069/1069
f 1048/1048/1048 1043/1043/1043 1069/1069/1069
f 1068/1068/1068 1039/1039/1039 1070/1070/1070
f 1048/1048/1048 1068/1068/1068 1070/1070/1070
f 1039/1039/1039 1071/1071/1071 1070/1070/1070
f 1071/1071/1071 1039/1039/1039 1038/1038/1038
f 1038/1038/1038 1037/1037/1037 1071/1071/1071
f 1037/1037/1037 1072/1072/1072 1071/1071/1071
f 1072/1072/1072 1037/1037/1037 1036/1036/1036
f 1073/1073/1073 1048/1048/1048 1070/1070/1070
f 1043/1043/1043 1075/1075/1075 1074/1074/1074
f 1075/1075/1075 1043/1043/1043 1076/1076/1076
f 1043/1043/1043 1042/1042/1042 1076/1076/1076
f 1077/1077/1077 1042/1042/1042 1044/1044/1044
f 1058/1058/1058 1077/1077/1077 1044/1044/1044
f 1079/1079/1079 1036/1036/1036 1078/1078/1078
f 1036/1036/1036 1046/1046/1046 1078/1078/1078
f 1048/1048/1048 1073/1073/1073 1080/1080/1080
f 1047/1047/1047 1048/1048/1048 1080/1080/1080
f 1047/1047/1047 1080/1080/1080 1060/1060/1060
f 1003/1003/1003 1081/1081/1081 1000/1000/1000
f 1081/1081/1081 1082/1082/1082 1000/1000/1000
f 1083/1083/1083 1081/1081/1081 1003/1003/1003
f 1008/1008/1008 1083/1083/1083 1003/1003/1003
f 1000/1000/1000 1082/1082/1082 997/997/997
f 1082/1082/1082 1084/1084/1084 997/997/997
f 1081/1081/1081 1085/1085/1085 1082/1082/1082
f 1085/1085/1085 1084/1084/1084 1082/1082/1082
f 1083/1083/1083 1086/1086/1086 1081/1081/1081
f 994/994/994 997/997/997 1084/1084/1084
f 994/994/994 1087/1087/1087 995/995/995
f 1089/1089/1089 1088/1088/1088 995/995/995
f 1031/1031/1031 1030/1030/1030 1090/1090/1090
f 1030/1030/1030 1091/1091/1091 1090/1090/1090
f 1090/1090/1090 1091/1091/1091 1092/1092/1092
f 1093/1093/1093 1090/1090/1090 1092/1092/1092
f 1091/1091/1091 1030/1030/1030 1028/1028/1028
f 1094/1094/1094 1091/1091/1091 1028/1028/1028
f 1094/1094/1094 1095/1095/1095 1091/1091/1091
f 1092/1092/1092 1091/1091/1091 1096/1096/1096
f 1091/1091/1091 1095/1095/1095 1096/1096/1096
f 1095/1095/1095 1097/1097/1097 1096/1096/1096
f 1097/1097/1097 1095/1095/1095 1094/1094/1094
f 1097/1097/1097 1098/1098/1098 1096/1096/1096
f 1096/1096/1096 1098/1098/1098 1099/1099/1099
f 1100/1100/1100 1096/1096/1096 1099/1099/1099
f 1092/1092/1092 1096/1096/1096 1100/1100/1100
f 1099/1099/1099 1098/1098/1098 1027/1027/1027
f 1098/1098/1098 1026/1026/1026 1027/1027/1027
f 1098/1098/1098 1097/1097/1097 1026/1026/1026
f 1028/1028/1028 1026/1026/1026 1101/1101/1101
f 1097/1097/1097 1101/1101/1101 1026/1026/1026
f 1101/1101/1101 1094/1094/1094 1028/1028/1028
f 1101/1101/1101 1097/1097/1097 1094/1094/1094
f 1016/1016/1016 1021/1021/1021 1102/1102/1102
f 989/989/989 1024/1024/1024 988/988/988
f 1024/1024/1024 989/989/989 1002/1002/1002
f 1105/1105/1105 1104/1104/1104 1103/1103/1103
f 1104/1104/1104 1106/1106/1106 1103/1103/1103
f 1106/1106/1106 1104/1104/1104 1107/1107/1107
f 1103/1103/1103 1106/1106/1106 1108/1108/1108
f 1110/1110/1110 1106/1106/1106 1109/1109/1109
f 1111/1111/1111 1106/1106/1106 1110/1110/1110
f 1110/1110/1110 1107/1107/1107 1112/1112/1112
f 1113/1113/1113 1110/1110/1110 1112/1112/1112
f 1113/1113/1113 1112/1112/1112 1114/1114/1114
f 1115/1115/1115 1113/1113/1113 1114/1114/1114
f 1113/1113/1113 1116/1116/1116 1110/1110/1110
f 1116/1116/1116 1117/1117/1117 1110/1110/1110
f 1118/1118/1118 1115/1115/1115 1114/1114/1114
f 1119/1119/1119 1118/1118/1118 1114/1114/1114
f 1106/1106/1106 1121/1121/1121 1120/1120/1120
f 1124/1124/1124 1123/1123/1123 1122/1122/1122
f 1122/1122/1122 1125/1125/1125 1124/1124/1124
f 1125/1125/1125 1126/1126/1126 1124/1124/1124
f 1124/1124/1124 1126/1126/1126 1127/1127/1127
f 1126/1126/1126 1128/1128/1128 1127/1127/1127
f 1124/1124/1124 1127/1127/1127 1129/1129/1129
f 1123/1123/1123 1124/1124/1124 1129/1129/1129
f 1127/1127/1127 1130/1130/1130 1129/1129/1129
f 1129/1129/1129 1130/1130/1130 1131/1131/1131
f 1132/1132/1132 1129/1129/1129 1131/1131/1131
f 1129/1129/1129 1132/1132/1132 1133/1133/1133
f 1133/1133/1133 1123/1123/1123 1129/1129/1129
f 1126/1126/1126 1134/1134/1134 1128/1128/1128
f 1126/1126/1126 1125/1125/1125 1134/1134/1134
f 1134/1134/1134 1135/1135/1135 1128/1128/1128
f 1125/1125/1125 1136/1136/1136 1134/1134/1134
f 1123/1123/1123 1133/1133/1133 1137/1137/1137
f 1133/1133/1133 1138/1138/1138 1137/1137/1137
f 1137/1137/1137 1138/1138/1138 1139/1139/1139
f 1138/1138/1138 1140/1140/1140 1139/1139/1139
f 1138/1138/1138 1141/1141/1141 1140/1140/1140
f 1133/1133/1133 1141/1141/1141 1138/1138/1138
f 1141/1141/1141 1142/1142/1142 1140/1140/1140
f 1141/1141/1141 1143/1143/1143 1142/1142/1142
f 1143/1143/1143 1144/1144/1144 1142/1142/1142
f 1145/1145/1145 1143/1143/1143 1141/1141/1141
f 1144/1144/1144 1143/1143/1143 1146/1146/1146
f 1147/1147/1147 1144/1144/1144 1146/1146/1146
f 1145/1145/1145 1148/1148/1148 1143/1143/1143
f 1148/1148/1148 1146/1146/1146 1143/1143/1143
f 1146/1146/1146 1148/1148/1148 1149/1149/1149
f 1148/1148/1148 1150/1150/1150 1149/1149/1149
f 1147/1147/1147 1146/1146/1146 1151/1151/1151
f 1146/1146/1146 1149/1149/1149 1151/1151/1151
f 1152/1152/1152 1151/1151/1151 1149/1149/1149
f 1153/1153/1153 1152/1152/1152 1149/1149/1149
f 1152/1152/1152 1153/1153/1153 1154/1154/1154
f 1154/1154/1154 1153/1153/1153 1155/1155/1155
f 1153/1153/1153 1156/1156/1156 1155/1155/1155
f 1153/1153/1153 1157/1157/1157 1156/1156/1156
f 1149/1149/1149 1150/1150/1150 1157/1157/1157
f 1157/1157/1157 1153/1153/1153 1149/1149/1149
f 1157/1157/1157 1158/1158/1158 1156/1156/1156
f 1159/1159/1159 1154/1154/1154 1155/1155/1155
f 1160/1160/1160 1159/1159/1159 1155/1155/1155
f 1160/1160/1160 1161/1161/1161 1159/1159/1159
f 1162/1162/1162 1160/1160/1160 1155/1155/1155
f 1163/1163/1163 1160/1160/1160 1162/1162/1162
f 1163/1163/1163 1161/1161/1161 1160/1160/1160
f 1164/1164/1164 1163/1163/1163 1162/1162/1162
f 1158/1158/1158 1157/1157/1157 1165/1165/1165
f 1150/1150/1150 1165/1165/1165 1157/1157/1157
f 1159/1159/1159 1161/1161/1161 1166/1166/1166
f 1167/1167/1167 1166/1166/1166 1161/1161/1161
f 1168/1168/1168 1167/1167/1167 1161/1161/1161
f 1161/1161/1161 1169/1169/1169 1168/1168/1168
f 1163/1163/1163 1164/1164/1164 1169/1169/1169
f 1163/1163/1163 1169/1169/1169 1161/1161/1161
f 1169/1169/1169 1170/1170/1170 1168/1168/1168
f 1171/1171/1171 1168/1168/1168 1170/1170/1170
f 1172/1172/1172 1171/1171/1171 1170/1170/1170
f 1171/1171/1171 1172/1172/1172 1173/1173/1173
f 1174/1174/1174 1171/1171/1171 1173/1173/1173
f 1171/1171/1171 1174/1174/1174 1175/1175/1175
f 1167/1167/1167 1168/1168/1168 1175/1175/1175
f 1168/1168/1168 1171/1171/1171 1175/1175/1175
f 1174/1174/1174 1176/1176/1176 1175/1175/1175
f 1177/1177/1177 1172/1172/1172 1170/1170/1170
f 1178/1178/1178 1177/1177/1177 1170/1170/1170
f 1178/1178/1178 1179/1179/1179 1177/1177/1177
f 1179/1179/1179 1180/1180/1180 1177/1177/1177
f 1177/1177/1177 1180/1180/1180 1181/1181/1181
f 1182/1182/1182 1177/1177/1177 1181/1181/1181
f 1177/1177/1177 1182/1182/1182 1172/1172/1172
f 1182/1182/1182 1173/1173/1173 1172/1172/1172
f 1178/1178/1178 1183/1183/1183 1179/1179/1179
f 1178/1178/1178 1170/1170/1170 1183/1183/1183
f 1170/1170/1170 1169/1169/1169 1183/1183/1183
f 1183/1183/1183 1184/1184/1184 1179/1179/1179
f 1183/1183/1183 1164/1164/1164 1184/1184/1184
f 1164/1164/1164 1185/1185/1185 1184/1184/1184
f 1164/1164/1164 1186/1186/1186 1185/1185/1185
f 1186/1186/1186 1187/1187/1187 1185/1185/1185
f 1187/1187/1187 1186/1186/1186 1188/1188/1188
f 1186/1186/1186 1189/1189/1189 1188/1188/1188
f 1189/1189/1189 1186/1186/1186 1190/1190/1190
f 1191/1191/1191 1190/1190/1190 1186/1186/1186
f 1192/1192/1192 1189/1189/1189 1190/1190/1190
f 1182/1182/1182 1181/1181/1181 1125/1125/1125
f 1181/1181/1181 1136/1136/1136 1125/1125/1125
f 1182/1182/1182 1125/1125/1125 1173/1173/1173
f 1125/1125/1125 1122/1122/1122 1173/1173/1173
f 1173/1173/1173 1122/1122/1122 1193/1193/1193
f 1174/1174/1174 1173/1173/1173 1193/1193/1193
f 1191/1191/1191 1194/1194/1194 1190/1190/1190
f 1194/1194/1194 1195/1195/1195 1190/1190/1190
f 1192/1192/1192 1190/1190/1190 1196/1196/1196
f 1190/1190/1190 1197/1197/1197 1196/1196/1196
f 1194/1194/1194 1198/1198/1198 1195/1195/1195
f 1198/1198/1198 1199/1199/1199 1195/1195/1195
f 1198/1198/1198 1200/1200/1200 1199/1199/1199
f 1200/1200/1200 1201/1201/1201 1199/1199/1199
f 1174/1174/1174 1193/1193/1193 1137/1137/1137
f 1176/1176/1176 1174/1174/1174 1137/1137/1137
f 1137/1137/1137 1139/1139/1139 1176/1176/1176
f 1137/1137/1137 1193/1193/1193 1123/1123/1123
f 1193/1193/1193 1122/1122/1122 1123/1123/1123
f 1201/1201/1201 1200/1200/1200 1202/1202/1202
f 1202/1202/1202 1200/1200/1200 1203/1203/1203
f 1204/1204/1204 1202/1202/1202 1203/1203/1203
f 1205/1205/1205 1201/1201/1201 1202/1202/1202
f 1206/1206/1206 1204/1204/1204 1203/1203/1203
f 1207/1207/1207 1206/1206/1206 1203/1203/1203
f 1208/1208/1208 1207/1207/1207 1203/1203/1203
f 1209/1209/1209 1208/1208/1208 1203/1203/1203
f 1203/1203/1203 1200/1200/1200 1209/1209/1209
f 1200/1200/1200 1198/1198/1198 1209/1209/1209
f 1209/1209/1209 1198/1198/1198 1210/1210/1210
f 1198/1198/1198 1194/1194/1194 1210/1210/1210
f 1210/1210/1210 1194/1194/1194 1211/1211/1211
f 1211/1211/1211 1155/1155/1155 1210/1210/1210
f 1211/1211/1211 1162/1162/1162 1155/1155/1155
f 1162/1162/1162 1211/1211/1211 1186/1186/1186
f 1211/1211/1211 1191/1191/1191 1186/1186/1186
f 1194/1194/1194 1191/1191/1191 1211/1211/1211
f 1155/1155/1155 1212/1212/1212 1210/1210/1210
f 1208/1208/1208 1209/1209/1209 1212/1212/1212
f 1209/1209/1209 1210/1210/1210 1212/1212/1212
f 1213/1213/1213 1204/1204/1204 1206/1206/1206
f 1214/1214/1214 1213/1213/1213 1206/1206/1206
f 1164/1164/1164 1162/1162/1162 1186/1186/1186
f 1164/1164/1164 1183/1183/1183 1169/1169/1169
f 1216/1216/1216 1215/1215/1215 1213/1213/1213
f 1215/1215/1215 1217/1217/1217 1213/1213/1213
f 1218/1218/1218 1217/1217/1217 1215/1215/1215
f 1219/1219/1219 1217/1217/1217 1218/1218/1218
f 1217/1217/1217 1219/1219/1219 1213/1213/1213
f 1220/1220/1220 1219/1219/1219 1218/1218/1218
f 1219/1219/1219 1220/1220/1220 1221/1221/1221
f 1222/1222/1222 1219/1219/1219 1221/1221/1221
f 1219/1219/1219 1222/1222/1222 1213/1213/1213
f 1222/1222/1222 1221/1221/1221 1202/1202/1202
f 1221/1221/1221 1223/1223/1223 1202/1202/1202
f 1223/1223/1223 1221/1221/1221 1224/1224/1224
f 1221/1221/1221 1225/1225/1225 1224/1224/1224
f 1218/1218/1218 1226/1226/1226 1220/1220/1220
f 1227/1227/1227 1218/1218/1218 1215/1215/1215
f 1215/1215/1215 1216/1216/1216 1228/1228/1228
f 1227/1227/1227 1215/1215/1215 1228/1228/1228
f 1216/1216/1216 1229/1229/1229 1228/1228/1228
f 1216/1216/1216 1230/1230/1230 1229/1229/1229
f 1230/1230/1230 1231/1231/1231 1229/1229/1229
f 1229/1229/1229 1232/1232/1232 1228/1228/1228
f 1232/1232/1232 1233/1233/1233 1228/1228/1228
f 1234/1234/1234 1233/1233/1233 1232/1232/1232
f 1235/1235/1235 1234/1234/1234 1232/1232/1232
f 1235/1235/1235 1232/1232/1232 1236/1236/1236
f 1232/1232/1232 1237/1237/1237 1236/1236/1236
f 1232/1232/1232 1229/1229/1229 1237/1237/1237
f 1229/1229/1229 1231/1231/1231 1237/1237/1237
f 1238/1238/1238 1233/1233/1233 1234/1234/1234
f 1228/1228/1228 1238/1238/1238 1227/1227/1227
f 1228/1228/1228 1233/1233/1233 1238/1238/1238
f 1148/1148/1148 1145/1145/1145 1230/1230/1230
f 1148/1148/1148 1230/1230/1230 1239/1239/1239
f 1150/1150/1150 1148/1148/1148 1239/1239/1239
f 1239/1239/1239 1206/1206/1206 1150/1150/1150
f 1165/1165/1165 1150/1150/1150 1206/1206/1206
f 1230/1230/1230 1145/1145/1145 1240/1240/1240
f 1240/1240/1240 1145/1145/1145 1241/1241/1241
f 1242/1242/1242 1240/1240/1240 1241/1241/1241
f 1141/1141/1141 1241/1241/1241 1145/1145/1145
f 1141/1141/1141 1243/1243/1243 1241/1241/1241
f 1243/1243/1243 1244/1244/1244 1241/1241/1241
f 1242/1242/1242 1241/1241/1241 1244/1244/1244
f 1243/1243/1243 1245/1245/1245 1244/1244/1244
f 1246/1246/1246 1244/1244/1244 1245/1245/1245
f 1246/1246/1246 1242/1242/1242 1244/1244/1244
f 1247/1247/1247 1246/1246/1246 1245/1245/1245
f 1133/1133/1133 1243/1243/1243 1141/1141/1141
f 1133/1133/1133 1248/1248/1248 1243/1243/1243
f 1246/1246/1246 1247/1247/1247 1249/1249/1249
f 1251/1251/1251 1197/1197/1197 1250/1250/1250
f 1197/1197/1197 1252/1252/1252 1250/1250/1250
f 1253/1253/1253 1250/1250/1250 1252/1252/1252
f 1254/1254/1254 1253/1253/1253 1252/1252/1252
f 1255/1255/1255 1253/1253/1253 1254/1254/1254
f 1256/1256/1256 1255/1255/1255 1254/1254/1254
f 1256/1256/1256 1254/1254/1254 1257/1257/1257
f 1255/1255/1255 1256/1256/1256 1258/1258/1258
f 1256/1256/1256 1259/1259/1259 1258/1258/1258
f 1258/1258/1258 1259/1259/1259 1260/1260/1260
f 1262/1262/1262 1159/1159/1159 1261/1261/1261
f 1159/1159/1159 1262/1262/1262 1263/1263/1263
f 1154/1154/1154 1159/1159/1159 1263/1263/1263
f 1263/1263/1263 1152/1152/1152 1154/1154/1154
f 1220/1220/1220 1226/1226/1226 1264/1264/1264
f 1221/1221/1221 1220/1220/1220 1264/1264/1264
f 1225/1225/1225 1221/1221/1221 1264/1264/1264
f 1202/1202/1202 1204/1204/1204 1222/1222/1222
f 1204/1204/1204 1213/1213/1213 1222/1222/1222
f 1223/1223/1223 1265/1265/1265 1202/1202/1202
f 1267/1267/1267 1230/1230/1230 1266/1266/1266
f 1266/1266/1266 1268/1268/1268 1214/1214/1214
f 1271/1271/1271 1270/1270/1270 1269/1269/1269
f 1270/1270/1270 1272/1272/1272 1269/1269/1269
f 1273/1273/1273 1272/1272/1272 1270/1270/1270
f 1270/1270/1270 1274/1274/1274 1273/1273/1273
f 1274/1274/1274 1275/1275/1275 1273/1273/1273
f 1278/1278/1278 1277/1277/1277 1276/1276/1276
f 1277/1277/1277 1279/1279/1279 1276/1276/1276
f 1280/1280/1280 1279/1279/1279 1277/1277/1277
f 1281/1281/1281 1280/1280/1280 1277/1277/1277
f 1280/1280/1280 1281/1281/1281 1282/1282/1282
f 1283/1283/1283 1280/1280/1280 1282/1282/1282
f 1284/1284/1284 1283/1283/1283 1282/1282/1282
f 1285/1285/1285 1284/1284/1284 1282/1282/1282
f 1286/1286/1286 1284/1284/1284 1285/1285/1285
f 1285/1285/1285 1287/1287/1287 1286/1286/1286
f 1285/1285/1285 1288/1288/1288 1287/1287/1287
f 1287/1287/1287 1288/1288/1288 1289/1289/1289
f 1292/1292/1292 1291/1291/1291 1290/1290/1290
f 1291/1291/1291 1293/1293/1293 1290/1290/1290
f 1294/1294/1294 1290/1290/1290 1293/1293/1293
f 1292/1292/1292 1290/1290/1290 1294/1294/1294
f 1295/1295/1295 1294/1294/1294 1293/1293/1293
f 1294/1294/1294 1295/1295/1295 1296/1296/1296
f 1297/1297/1297 1294/1294/1294 1296/1296/1296
f 1297/1297/1297 1292/1292/1292 1294/1294/1294
f 1298/1298/1298 1297/1297/1297 1296/1296/1296
f 1295/1295/1295 1299/1299/1299 1296/1296/1296
f 1295/1295/1295 1300/1300/1300 1299/1299/1299
f 1300/1300/1300 1295/1295/1295 1293/1293/1293
f 1296/1296/1296 1299/1299/1299 1301/1301/1301
f 1302/1302/1302 1296/1296/1296 1301/1301/1301
f 1302/1302/1302 1301/1301/1301 1303/1303/1303
f 1301/1301/1301 1304/1304/1304 1303/1303/1303
f 1304/1304/1304 1305/1305/1305 1303/1303/1303
f 1305/1305/1305 1306/1306/1306 1303/1303/1303
f 1306/1306/1306 1305/1305/1305 1307/1307/1307
f 1308/1308/1308 1306/1306/1306 1307/1307/1307
f 1309/1309/1309 1302/1302/1302 1303/1303/1303
f 1298/1298/1298 1296/1296/1296 1309/1309/1309
f 1296/1296/1296 1302/1302/1302 1309/1309/1309
f 1310/1310/1310 1309/1309/1309 1303/1303/1303
f 1308/1308/1308 1310/1310/1310 1306/1306/1306
f 1310/1310/1310 1303/1303/1303 1306/1306/1306
f 1311/1311/1311 1304/1304/1304 1301/1301/1301
f 1312/1312/1312 1311/1311/1311 1301/1301/1301
f 1312/1312/1312 1301/1301/1301 1299/1299/1299
f 1300/1300/1300 1312/1312/1312 1299/1299/1299
f 1312/1312/1312 1300/1300/1300 1313/1313/1313
f 1314/1314/1314 1312/1312/1312 1313/1313/1313
f 1312/1312/1312 1314/1314/1314 1311/1311/1311
f 1300/1300/1300 1315/1315/1315 1313/1313/1313
f 1315/1315/1315 1316/1316/1316 1313/1313/1313
f 1317/1317/1317 1316/1316/1316 1315/1315/1315
f 1318/1318/1318 1317/1317/1317 1315/1315/1315
f 1314/1314/1314 1319/1319/1319 1311/1311/1311
f 1311/1311/1311 1319/1319/1319 1320/1320/1320
f 1321/1321/1321 1311/1311/1311 1320/1320/1320
f 1318/1318/1318 1322/1322/1322 1317/1317/1317
f 1322/1322/1322 1323/1323/1323 1317/1317/1317
f 1324/1324/1324 1322/1322/1322 1318/1318/1318
f 1325/1325/1325 1324/1324/1324 1318/1318/1318
f 1325/1325/1325 1318/1318/1318 1326/1326/1326
f 1304/1304/1304 1311/1311/1311 1321/1321/1321
f 1305/1305/1305 1304/1304/1304 1321/1321/1321
f 1317/1317/1317 1323/1323/1323 1327/1327/1327
f 1323/1323/1323 1328/1328/1328 1327/1327/1327
f 1328/1328/1328 1329/1329/1329 1327/1327/1327
f 1317/1317/1317 1327/1327/1327 1330/1330/1330
f 1320/1320/1320 1319/1319/1319 1331/1331/1331
f 1331/1331/1331 1319/1319/1319 1332/1332/1332
f 1319/1319/1319 1314/1314/1314 1332/1332/1332
f 1331/1331/1331 1332/1332/1332 1333/1333/1333
f 1334/1334/1334 1331/1331/1331 1333/1333/1333
f 1332/1332/1332 1314/1314/1314 1313/1313/1313
f 1335/1335/1335 1332/1332/1332 1313/1313/1313
f 1336/1336/1336 1335/1335/1335 1313/1313/1313
f 1316/1316/1316 1336/1336/1336 1313/1313/1313
f 1327/1327/1327 1337/1337/1337 1316/1316/1316
f 1316/1316/1316 1337/1337/1337 1336/1336/1336
f 1327/1327/1327 1338/1338/1338 1337/1337/1337
f 1329/1329/1329 1338/1338/1338 1327/1327/1327
f 1338/1338/1338 1329/1329/1329 1339/1339/1339
f 1340/1340/1340 1338/1338/1338 1339/1339/1339
f 1338/1338/1338 1340/1340/1340 1337/1337/1337
f 1341/1341/1341 1340/1340/1340 1339/1339/1339
f 1341/1341/1341 1339/1339/1339 1342/1342/1342
f 1341/1341/1341 1342/1342/1342 1343/1343/1343
f 1342/1342/1342 1344/1344/1344 1343/1343/1343
f 1343/1343/1343 1344/1344/1344 1345/1345/1345
f 1344/1344/1344 1346/1346/1346 1345/1345/1345
f 1345/1345/1345 1346/1346/1346 1347/1347/1347
f 1346/1346/1346 1348/1348/1348 1347/1347/1347
f 1339/1339/1339 1349/1349/1349 1342/1342/1342
f 1349/1349/1349 1339/1339/1339 1350/1350/1350
f 1329/1329/1329 1350/1350/1350 1339/1339/1339
f 1351/1351/1351 1349/1349/1349 1350/1350/1350
f 1347/1347/1347 1348/1348/1348 1352/1352/1352
f 1353/1353/1353 1347/1347/1347 1352/1352/1352
f 1354/1354/1354 1353/1353/1353 1352/1352/1352
f 1355/1355/1355 1354/1354/1354 1352/1352/1352
f 1356/1356/1356 1347/1347/1347 1353/1353/1353
f 1345/1345/1345 1347/1347/1347 1356/1356/1356
f 1357/1357/1357 1345/1345/1345 1356/1356/1356
f 1343/1343/1343 1345/1345/1345 1358/1358/1358
f 1359/1359/1359 1343/1343/1343 1358/1358/1358
f 1354/1354/1354 1360/1360/1360 1353/1353/1353
f 1360/1360/1360 1354/1354/1354 1361/1361/1361
f 1360/1360/1360 1362/1362/1362 1353/1353/1353
f 1354/1354/1354 1364/1364/1364 1363/1363/1363
f 1364/1364/1364 1365/1365/1365 1363/1363/1363
f 1365/1365/1365 1364/1364/1364 1366/1366/1366
f 1367/1367/1367 1365/1365/1365 1366/1366/1366
f 1364/1364/1364 1368/1368/1368 1366/1366/1366
f 1355/1355/1355 1368/1368/1368 1364/1364/1364
f 1368/1368/1368 1369/1369/1369 1366/1366/1366
f 1365/1365/1365 1367/1367/1367 1370/1370/1370
f 1367/1367/1367 1371/1371/1371 1370/1370/1370
f 1363/1363/1363 1365/1365/1365 1372/1372/1372
f 1370/1370/1370 1372/1372/1372 1365/1365/1365
f 1373/1373/1373 1363/1363/1363 1372/1372/1372
f 1371/1371/1371 1374/1374/1374 1370/1370/1370
f 1374/1374/1374 1375/1375/1375 1370/1370/1370
f 1376/1376/1376 1375/1375/1375 1374/1374/1374
f 1377/1377/1377 1376/1376/1376 1374/1374/1374
f 1375/1375/1375 1376/1376/1376 1378/1378/1378
f 1372/1372/1372 1378/1378/1378 1373/1373/1373
f 1375/1375/1375 1378/1378/1378 1370/1370/1370
f 1378/1378/1378 1372/1372/1372 1370/1370/1370
f 1376/1376/1376 1379/1379/1379 1378/1378/1378
f 1380/1380/1380 1379/1379/1379 1376/1376/1376
f 1381/1381/1381 1380/1380/1380 1376/1376/1376
f 1381/1381/1381 1376/1376/1376 1377/1377/1377
f 1382/1382/1382 1381/1381/1381 1377/1377/1377
f 1378/1378/1378 1320/1320/1320 1373/1373/1373
f 1320/1320/1320 1378/1378/1378 1379/1379/1379
f 1373/1373/1373 1320/1320/1320 1331/1331/1331
f 1373/1373/1373 1331/1331/1331 1383/1383/1383
f 1373/1373/1373 1383/1383/1383 1384/1384/1384
f 1384/1384/1384 1363/1363/1363 1373/1373/1373
f 1354/1354/1354 1363/1363/1363 1384/1384/1384
f 1321/1321/1321 1320/1320/1320 1379/1379/1379
f 1307/1307/1307 1321/1321/1321 1379/1379/1379
f 1305/1305/1305 1321/1321/1321 1307/1307/1307
f 1385/1385/1385 1307/1307/1307 1379/1379/1379
f 1354/1354/1354 1386/1386/1386 1364/1364/1364
f 1315/1315/1315 1388/1388/1388 1387/1387/1387
f 1315/1315/1315 1300/1300/1300 1388/1388/1388
f 1388/1388/1388 1293/1293/1293 1387/1387/1387
f 1388/1388/1388 1300/1300/1300 1293/1293/1293
f 1293/1293/1293 1291/1291/1291 1387/1387/1387
f 1389/1389/1389 1318/1318/1318 1315/1315/1315
f 1392/1392/1392 1391/1391/1391 1390/1390/1390
f 1391/1391/1391 1393/1393/1393 1390/1390/1390
f 1393/1393/1393 1391/1391/1391 1394/1394/1394
f 1394/1394/1394 1391/1391/1391 1395/1395/1395
f 1391/1391/1391 1396/1396/1396 1395/1395/1395
f 1391/1391/1391 1392/1392/1392 1396/1396/1396
f 1397/1397/1397 1395/1395/1395 1396/1396/1396
f 1397/1397/1397 1396/1396/1396 1398/1398/1398
f 1392/1392/1392 1398/1398/1398 1396/1396/1396
f 1397/1397/1397 1398/1398/1398 1399/1399/1399
f 1399/1399/1399 1398/1398/1398 1392/1392/1392
f 1400/1400/1400 1392/1392/1392 1390/1390/1390
f 1400/1400/1400 1401/1401/1401 1392/1392/1392
f 1404/1404/1404 1403/1403/1403 1402/1402/1402
f 1407/1407/1407 1406/1406/1406 1405/1405/1405
f 1406/1406/1406 1408/1408/1408 1405/1405/1405
f 1408/1408/1408 1406/1406/1406 1409/1409/1409
f 1409/1409/1409 1406/1406/1406 1410/1410/1410
f 1406/1406/1406 1411/1411/1411 1410/1410/1410
f 1406/1406/1406 1407/1407/1407 1411/1411/1411
f 1412/1412/1412 1410/1410/1410 1411/1411/1411
f 1413/1413/1413 1407/1407/1407 1405/1405/1405
f 1413/1413/1413 1414/1414/1414 1407/1407/1407
f 1407/1407/1407 1415/1415/1415 1411/1411/1411
f 1416/1416/1416 1411/1411/1411 1415/1415/1415
f 1416/1416/1416 1415/1415/1415 1417/1417/1417
f 1417/1417/1417 1415/1415/1415 1407/1407/1407
f 1420/1420/1420 1419/1419/1419 1418/1418/1418
f 1423/1423/1423 1422/1422/1422 1421/1421/1421
f 1422/1422/1422 1424/1424/1424 1421/1421/1421
f 1424/1424/1424 1422/1422/1422 1425/1425/1425
f 1425/1425/1425 1422/1422/1422 1426/1426/1426
f 1422/1422/1422 1427/1427/1427 1426/1426/1426
f 1422/1422/1422 1423/1423/1423 1427/1427/1427
f 1428/1428/1428 1426/1426/1426 1427/1427/1427
f 1429/1429/1429 1423/1423/1423 1421/1421/1421
f 1429/1429/1429 1430/1430/1430 1423/1423/1423
f 1423/1423/1423 1431/1431/1431 1427/1427/1427
f 1432/1432/1432 1427/1427/1427 1431/1431/1431
f 1432/1432/1432 1431/1431/1431 1433/1433/1433
f 1433/1433/1433 1431/1431/1431 1423/1423/1423
f 1436/1436/1436 1435/1435/1435 1434/1434/1434
f 1439/1439/1439 1438/1438/1438 1437/1437/1437
f 1442/1442/1442 1441/1441/1441 1440/1440/1440
f 1442/1442/1442 1443/1443/1443 1441/1441/1441
f 1444/1444/1444 1441/1441/1441 1443/1443/1443
f 1445/1445/1445 1444/1444/1444 1443/1443/1443
f 1446/1446/1446 1444/1444/1444 1445/1445/1445
f 1444/1444/1444 1446/1446/1446 1447/1447/1447
f 1448/1448/1448 1444/1444/1444 1447/1447/1447
f 1444/1444/1444 1448/1448/1448 1441/1441/1441
f 1448/1448/1448 1440/1440/1440 1441/1441/1441
f 1449/1449/1449 1440/1440/1440 1448/1448/1448
f 1450/1450/1450 1440/1440/1440 1449/1449/1449
f 1451/1451/1451 1449/1449/1449 1448/1448/1448
f 1451/1451/1451 1448/1448/1448 1447/1447/1447
f 1454/1454/1454 1453/1453/1453 1452/1452/1452
f 1453/1453/1453 1455/1455/1455 1452/1452/1452
f 1456/1456/1456 1454/1454/1454 1452/1452/1452
f 1457/1457/1457 1456/1456/1456 1452/1452/1452
f 1454/1454/1454 1456/1456/1456 1458/1458/1458
f 1454/1454/1454 1458/1458/1458 1453/1453/1453
f 1456/1456/1456 1459/1459/1459 1458/1458/1458
f 1458/1458/1458 1460/1460/1460 1453/1453/1453
f 1455/1455/1455 1453/1453/1453 1461/1461/1461
f 1453/1453/1453 1460/1460/1460 1461/1461/1461
f 1461/1461/1461 1460/1460/1460 1462/1462/1462
f 1460/1460/1460 1463/1463/1463 1462/1462/1462
f 1463/1463/1463 1460/1460/1460 1458/1458/1458
f 1463/1463/1463 1464/1464/1464 1462/1462/1462
f 1464/1464/1464 1463/1463/1463 1465/1465/1465
f 1465/1465/1465 1463/1463/1463 1458/1458/1458
f 1466/1466/1466 1464/1464/1464 1465/1465/1465
f 1467/1467/1467 1466/1466/1466 1465/1465/1465
f 1468/1468/1468 1467/1467/1467 1465/1465/1465
f 1465/1465/1465 1458/1458/1458 1468/1468/1468
f 1458/1458/1458 1459/1459/1459 1468/1468/1468
f 1468/1468/1468 1469/1469/1469 1467/1467/1467
f 1470/1470/1470 1468/1468/1468 1459/1459/1459
f 1470/1470/1470 1471/1471/1471 1467/1467/1467
f 1472/1472/1472 1470/1470/1470 1459/1459/1459
f 1457/1457/1457 1472/1472/1472 1456/1456/1456
f 1472/1472/1472 1459/1459/1459 1456/1456/1456
f 1473/1473/1473 1466/1466/1466 1467/1467/1467
f 1473/1473/1473 1464/1464/1464 1466/1466/1466
f 1474/1474/1474 1467/1467/1467 1471/1471/1471
f 1464/1464/1464 1476/1476/1476 1475/1475/1475
f 1477/1477/1477 1476/1476/1476 1464/1464/1464
f 1480/1480/1480 1479/1479/1479 1478/1478/1478
f 1479/1479/1479 1481/1481/1481 1478/1478/1478
f 1483/1483/1483 1479/1479/1479 1482/1482/1482
f 1486/1486/1486 1485/1485/1485 1484/1484/1484
f 1485/1485/1485 1487/1487/1487 1484/1484/1484
f 1488/1488/1488 1485/1485/1485 1486/1486/1486
f 1489/1489/1489 1488/1488/1488 1486/1486/1486
f 1485/1485/1485 1488/1488/1488 1490/1490/1490
f 1487/1487/1487 1485/1485/1485 1490/1490/1490
f 1488/1488/1488 1491/1491/1491 1490/1490/1490
f 1491/1491/1491 1492/1492/1492 1490/1490/1490
f 1492/1492/1492 1493/1493/1493 1490/1490/1490
f 1492/1492/1492 1491/1491/1491 1494/1494/1494
f 1495/1495/1495 1492/1492/1492 1494/1494/1494
f 1496/1496/1496 1495/1495/1495 1494/1494/1494
f 1497/1497/1497 1496/1496/1496 1494/1494/1494
f 1488/1488/1488 1498/1498/1498 1491/1491/1491
f 1498/1498/1498 1494/1494/1494 1491/1491/1491
f 1499/1499/1499 1488/1488/1488 1489/1489/1489
f 1500/1500/1500 1499/1499/1499 1489/1489/1489
f 1498/1498/1498 1501/1501/1501 1494/1494/1494
f 1494/1494/1494 1501/1501/1501 1497/1497/1497
f 1501/1501/1501 1502/1502/1502 1497/1497/1497
f 1503/1503/1503 1488/1488/1488 1499/1499/1499
f 1503/1503/1503 1498/1498/1498 1488/1488/1488
f 1505/1505/1505 1504/1504/1504 1490/1490/1490
f 1504/1504/1504 1506/1506/1506 1490/1490/1490
f 1507/1507/1507 1504/1504/1504 1505/1505/1505
f 1508/1508/1508 1507/1507/1507 1505/1505/1505
f 1505/1505/1505 1509/1509/1509 1508/1508/1508
f 1509/1509/1509 1510/1510/1510 1508/1508/1508
f 1509/1509/1509 1505/1505/1505 1490/1490/1490
f 1511/1511/1511 1504/1504/1504 1507/1507/1507
f 1504/1504/1504 1511/1511/1511 1512/1512/1512
f 1513/1513/1513 1504/1504/1504 1512/1512/1512
f 1513/1513/1513 1506/1506/1506 1504/1504/1504
f 1514/1514/1514 1506/1506/1506 1513/1513/1513
f 1514/1514/1514 1513/1513/1513 1515/1515/1515
f 1515/1515/1515 1513/1513/1513 1516/1516/1516
f 1513/1513/1513 1517/1517/1517 1516/1516/1516
f 1513/1513/1513 1512/1512/1512 1517/1517/1517
f 1515/1515/1515 1516/1516/1516 1518/1518/1518
f 1515/1515/1515 1518/1518/1518 1519/1519/1519
f 1520/1520/1520 1515/1515/1515 1519/1519/1519
f 1520/1520/1520 1514/1514/1514 1515/1515/1515
f 1520/1520/1520 1519/1519/1519 1521/1521/1521
f 1522/1522/1522 1518/1518/1518 1516/1516/1516
f 1523/1523/1523 1522/1522/1522 1516/1516/1516
f 1524/1524/1524 1516/1516/1516 1517/1517/1517
f 1525/1525/1525 1524/1524/1524 1517/1517/1517
f 1517/1517/1517 1526/1526/1526 1525/1525/1525
f 1526/1526/1526 1527/1527/1527 1525/1525/1525
f 1528/1528/1528 1523/1523/1523 1524/1524/1524
f 1529/1529/1529 1516/1516/1516 1524/1524/1524
f 1530/1530/1530 1519/1519/1519 1518/1518/1518
f 1531/1531/1531 1519/1519/1519 1530/1530/1530
f 1532/1532/1532 1520/1520/1520 1531/1531/1531
f 1532/1532/1532 1533/1533/1533 1520/1520/1520
f 1534/1534/1534 1531/1531/1531 1530/1530/1530
f 1525/1525/1525 1527/1527/1527 1535/1535/1535
f 1536/1536/1536 1525/1525/1525 1535/1535/1535
f 1528/1528/1528 1524/1524/1524 1537/1537/1537
f 1524/1524/1524 1538/1538/1538 1537/1537/1537
f 1534/1534/1534 1530/1530/1530 1539/1539/1539
f 1530/1530/1530 1540/1540/1540 1539/1539/1539
f 1535/1535/1535 1541/1541/1541 1536/1536/1536
f 1541/1541/1541 1542/1542/1542 1536/1536/1536
f 1537/1537/1537 1538/1538/1538 1543/1543/1543
f 1538/1538/1538 1544/1544/1544 1543/1543/1543
f 1543/1543/1543 1544/1544/1544 1545/1545/1545
f 1544/1544/1544 1542/1542/1542 1545/1545/1545
f 1539/1539/1539 1540/1540/1540 1546/1546/1546
f 1540/1540/1540 1548/1548/1548 1547/1547/1547
f 1548/1548/1548 1549/1549/1549 1547/1547/1547
f 1549/1549/1549 1550/1550/1550 1547/1547/1547
f 1536/1536/1536 1551/1551/1551 1525/1525/1525
f 1525/1525/1525 1551/1551/1551 1552/1552/1552
f 1524/1524/1524 1525/1525/1525 1552/1552/1552
f 1538/1538/1538 1524/1524/1524 1552/1552/1552
f 1555/1555/1555 1554/1554/1554 1553/1553/1553
f 1554/1554/1554 1556/1556/1556 1553/1553/1553
f 1557/1557/1557 1555/1555/1555 1553/1553/1553
f 1557/1557/1557 1553/1553/1553 1558/1558/1558
f 1558/1558/1558 1553/1553/1553 1559/1559/1559
f 1560/1560/1560 1558/1558/1558 1559/1559/1559
f 1557/1557/1557 1558/1558/1558 1560/1560/1560
f 1561/1561/1561 1560/1560/1560 1559/1559/1559
f 1561/1561/1561 1562/1562/1562 1560/1560/1560
f 1562/1562/1562 1563/1563/1563 1560/1560/1560
f 1562/1562/1562 1561/1561/1561 1564/1564/1564
f 1565/1565/1565 1562/1562/1562 1564/1564/1564
f 1562/1562/1562 1565/1565/1565 1566/1566/1566
f 1564/1564/1564 1561/1561/1561 1567/1567/1567
f 1561/1561/1561 1559/1559/1559 1567/1567/1567
f 1567/1567/1567 1559/1559/1559 1568/1568/1568
f 1559/1559/1559 1569/1569/1569 1568/1568/1568
f 1570/1570/1570 1562/1562/1562 1566/1566/1566
f 1563/1563/1563 1562/1562/1562 1570/1570/1570
f 1559/1559/1559 1553/1553/1553 1569/1569/1569
f 1571/1571/1571 1557/1557/1557 1560/1560/1560
f 1560/1560/1560 1563/1563/1563 1571/1571/1571
f 1569/1569/1569 1553/1553/1553 1572/1572/1572
f 1569/1569/1569 1572/1572/1572 1573/1573/1573
f 1574/1574/1574 1569/1569/1569 1573/1573/1573
f 1569/1569/1569 1574/1574/1574 1575/1575/1575
f 1574/1574/1574 1576/1576/1576 1575/1575/1575
f 1573/1573/1573 1577/1577/1577 1574/1574/1574
f 1577/1577/1577 1578/1578/1578 1574/1574/1574
f 1574/1574/1574 1578/1578/1578 1579/1579/1579
f 1578/1578/1578 1580/1580/1580 1579/1579/1579
f 1572/1572/1572 1581/1581/1581 1573/1573/1573
f 1573/1573/1573 1581/1581/1581 1582/1582/1582
f 1583/1583/1583 1573/1573/1573 1582/1582/1582
f 1582/1582/1582 1581/1581/1581 1584/1584/1584
f 1584/1584/1584 1581/1581/1581 1585/1585/1585
f 1581/1581/1581 1586/1586/1586 1585/1585/1585
f 1586/1586/1586 1587/1587/1587 1585/1585/1585
f 1587/1587/1587 1586/1586/1586 1588/1588/1588
f 1586/1586/1586 1589/1589/1589 1588/1588/1588
f 1583/1583/1583 1590/1590/1590 1577/1577/1577
f 1590/1590/1590 1591/1591/1591 1577/1577/1577
f 1592/1592/1592 1585/1585/1585 1587/1587/1587
f 1588/1588/1588 1589/1589/1589 1593/1593/1593
f 1584/1584/1584 1585/1585/1585 1594/1594/1594
f 1595/1595/1595 1584/1584/1584 1594/1594/1594
f 1584/1584/1584 1595/1595/1595 1596/1596/1596
f 1597/1597/1597 1584/1584/1584 1596/1596/1596
f 1594/1594/1594 1585/1585/1585 1598/1598/1598
f 1599/1599/1599 1587/1587/1587 1588/1588/1588
f 1599/1599/1599 1600/1600/1600 1587/1587/1587
f 1600/1600/1600 1601/1601/1601 1587/1587/1587
f 1602/1602/1602 1599/1599/1599 1588/1588/1588
f 1602/1602/1602 1588/1588/1588 1603/1603/1603
f 1588/1588/1588 1604/1604/1604 1603/1603/1603
f 1596/1596/1596 1595/1595/1595 1605/1605/1605
f 1606/1606/1606 1596/1596/1596 1605/1605/1605
f 1605/1605/1605 1595/1595/1595 1607/1607/1607
f 1595/1595/1595 1594/1594/1594 1607/1607/1607
f 1594/1594/1594 1608/1608/1608 1607/1607/1607
f 1598/1598/1598 1609/1609/1609 1607/1607/1607
f 1600/1600/1600 1599/1599/1599 1610/1610/1610
f 1610/1610/1610 1599/1599/1599 1602/1602/1602
f 1611/1611/1611 1600/1600/1600 1610/1610/1610
f 1612/1612/1612 1610/1610/1610 1602/1602/1602
f 1602/1602/1602 1603/1603/1603 1612/1612/1612
f 1603/1603/1603 1613/1613/1613 1612/1612/1612
f 1605/1605/1605 1614/1614/1614 1606/1606/1606
f 1605/1605/1605 1607/1607/1607 1614/1614/1614
f 1614/1614/1614 1615/1615/1615 1606/1606/1606
f 1615/1615/1615 1614/1614/1614 1616/1616/1616
f 1614/1614/1614 1617/1617/1617 1616/1616/1616
f 1607/1607/1607 1617/1617/1617 1614/1614/1614
f 1607/1607/1607 1609/1609/1609 1617/1617/1617
f 1609/1609/1609 1616/1616/1616 1617/1617/1617
f 1610/1610/1610 1618/1618/1618 1611/1611/1611
f 1610/1610/1610 1612/1612/1612 1618/1618/1618
f 1618/1618/1618 1619/1619/1619 1611/1611/1611
f 1619/1619/1619 1618/1618/1618 1620/1620/1620
f 1612/1612/1612 1620/1620/1620 1618/1618/1618
f 1612/1612/1612 1613/1613/1613 1620/1620/1620
f 1621/1621/1621 1619/1619/1619 1620/1620/1620
f 1613/1613/1613 1622/1622/1622 1620/1620/1620
f 1585/1585/1585 1623/1623/1623 1608/1608/1608
f 1626/1626/1626 1625/1625/1625 1624/1624/1624
f 1628/1628/1628 1627/1627/1627 1624/1624/1624
f 1630/1630/1630 1624/1624/1624 1629/1629/1629
f 1586/1586/1586 1624/1624/1624 1630/1630/1630
f 1624/1624/1624 1586/1586/1586 1581/1581/1581
f 1631/1631/1631 1624/1624/1624 1581/1581/1581
f 1631/1631/1631 1581/1581/1581 1572/1572/1572
f 1632/1632/1632 1631/1631/1631 1572/1572/1572
f 1556/1556/1556 1632/1632/1632 1572/1572/1572
f 1553/1553/1553 1556/1556/1556 1572/1572/1572
f 1634/1634/1634 1633/1633/1633 1490/1490/1490
f 1506/1506/1506 1487/1487/1487 1490/1490/1490
f 1565/1565/1565 1636/1636/1636 1635/1635/1635
f 1639/1639/1639 1638/1638/1638 1637/1637/1637
f 1638/1638/1638 1640/1640/1640 1637/1637/1637
f 1638/1638/1638 1641/1641/1641 1640/1640/1640
f 1641/1641/1641 1642/1642/1642 1640/1640/1640
f 1641/1641/1641 1643/1643/1643 1642/1642/1642
f 1641/1641/1641 1644/1644/1644 1643/1643/1643
f 1643/1643/1643 1644/1644/1644 1645/1645/1645
f 1646/1646/1646 1643/1643/1643 1645/1645/1645
f 1643/1643/1643 1646/1646/1646 1511/1511/1511
f 1646/1646/1646 1512/1512/1512 1511/1511/1511
f 1643/1643/1643 1511/1511/1511 1647/1647/1647
f 1512/1512/1512 1646/1646/1646 1648/1648/1648
f 1646/1646/1646 1649/1649/1649 1648/1648/1648
f 1646/1646/1646 1645/1645/1645 1649/1649/1649
f 1650/1650/1650 1649/1649/1649 1645/1645/1645
f 1651/1651/1651 1650/1650/1650 1645/1645/1645
f 1650/1650/1650 1651/1651/1651 1652/1652/1652
f 1651/1651/1651 1653/1653/1653 1652/1652/1652
f 1655/1655/1655 1511/1511/1511 1654/1654/1654
f 1511/1511/1511 1507/1507/1507 1654/1654/1654
f 1656/1656/1656 1643/1643/1643 1655/1655/1655
f 1654/1654/1654 1507/1507/1507 1657/1657/1657
f 1658/1658/1658 1654/1654/1654 1657/1657/1657
f 1657/1657/1657 1507/1507/1507 1659/1659/1659
f 1507/1507/1507 1508/1508/1508 1659/1659/1659
f 1659/1659/1659 1508/1508/1508 1510/1510/1510
f 1660/1660/1660 1659/1659/1659 1510/1510/1510
f 1659/1659/1659 1660/1660/1660 1661/1661/1661
f 1662/1662/1662 1659/1659/1659 1661/1661/1661
f 1663/1663/1663 1658/1658/1658 1657/1657/1657
f 1664/1664/1664 1663/1663/1663 1657/1657/1657
f 1664/1664/1664 1657/1657/1657 1659/1659/1659
f 1659/1659/1659 1662/1662/1662 1665/1665/1665
f 1665/1665/1665 1664/1664/1664 1659/1659/1659
f 1662/1662/1662 1661/1661/1661 1666/1666/1666
f 1662/1662/1662 1666/1666/1666 1665/1665/1665
f 1661/1661/1661 1667/1667/1667 1666/1666/1666
f 1663/1663/1663 1664/1664/1664 1668/1668/1668
f 1669/1669/1669 1663/1663/1663 1668/1668/1668
f 1670/1670/1670 1666/1666/1666 1667/1667/1667
f 1672/1672/1672 1671/1671/1671 1667/1667/1667
f 1674/1674/1674 1673/1673/1673 1668/1668/1668
f 1677/1677/1677 1676/1676/1676 1675/1675/1675
f 1573/1573/1573 1583/1583/1583 1678/1678/1678
f 1680/1680/1680 1679/1679/1679 1583/1583/1583
f 1679/1679/1679 1681/1681/1681 1583/1583/1583
f 1680/1680/1680 1583/1583/1583 1682/1682/1682
f 1583/1583/1583 1582/1582/1582 1682/1682/1682
f 1683/1683/1683 1682/1682/1682 1582/1582/1582
f 1684/1684/1684 1683/1683/1683 1582/1582/1582
f 1679/1679/1679 1680/1680/1680 1685/1685/1685
f 1685/1685/1685 1680/1680/1680 1682/1682/1682
f 1686/1686/1686 1679/1679/1679 1685/1685/1685
f 1687/1687/1687 1685/1685/1685 1682/1682/1682
f 1687/1687/1687 1682/1682/1682 1683/1683/1683
f 1688/1688/1688 1687/1687/1687 1683/1683/1683
f 1687/1687/1687 1689/1689/1689 1685/1685/1685
f 1687/1687/1687 1688/1688/1688 1689/1689/1689
f 1689/1689/1689 1690/1690/1690 1685/1685/1685
f 1691/1691/1691 1690/1690/1690 1689/1689/1689
f 1692/1692/1692 1691/1691/1691 1689/1689/1689
f 1688/1688/1688 1692/1692/1692 1689/1689/1689
f 1685/1685/1685 1690/1690/1690 1693/1693/1693
f 1690/1690/1690 1691/1691/1691 1693/1693/1693
f 1582/1582/1582 1584/1584/1584 1694/1694/1694
f 1697/1697/1697 1696/1696/1696 1695/1695/1695
f 1696/1696/1696 1698/1698/1698 1695/1695/1695
f 1697/1697/1697 1695/1695/1695 1699/1699/1699
f 1699/1699/1699 1695/1695/1695 1700/1700/1700
f 1700/1700/1700 1701/1701/1701 1699/1699/1699
f 1701/1701/1701 1702/1702/1702 1699/1699/1699
f 1702/1702/1702 1701/1701/1701 1578/1578/1578
f 1701/1701/1701 1580/1580/1580 1578/1578/1578
f 1702/1702/1702 1578/1578/1578 1577/1577/1577
f 1703/1703/1703 1702/1702/1702 1577/1577/1577
f 1702/1702/1702 1703/1703/1703 1699/1699/1699
f 1703/1703/1703 1577/1577/1577 1704/1704/1704
f 1703/1703/1703 1705/1705/1705 1699/1699/1699
f 1703/1703/1703 1704/1704/1704 1705/1705/1705
f 1705/1705/1705 1697/1697/1697 1699/1699/1699
f 1704/1704/1704 1706/1706/1706 1705/1705/1705
f 1705/1705/1705 1706/1706/1706 1697/1697/1697
f 1695/1695/1695 1707/1707/1707 1700/1700/1700
f 1706/1706/1706 1708/1708/1708 1697/1697/1697
f 1710/1710/1710 1592/1592/1592 1709/1709/1709
f 1713/1713/1713 1712/1712/1712 1711/1711/1711
f 1712/1712/1712 1518/1518/1518 1711/1711/1711
f 1712/1712/1712 1530/1530/1530 1518/1518/1518
f 1712/1712/1712 1713/1713/1713 1714/1714/1714
f 1715/1715/1715 1712/1712/1712 1714/1714/1714
f 1714/1714/1714 1716/1716/1716 1715/1715/1715
f 1716/1716/1716 1717/1717/1717 1715/1715/1715
f 1530/1530/1530 1712/1712/1712 1718/1718/1718
f 1540/1540/1540 1530/1530/1530 1718/1718/1718
f 1712/1712/1712 1719/1719/1719 1718/1718/1718
f 1715/1715/1715 1719/1719/1719 1712/1712/1712
f 1722/1722/1722 1721/1721/1721 1720/1720/1720
f 1643/1643/1643 1656/1656/1656 1723/1723/1723
f 1500/1500/1500 1725/1725/1725 1724/1724/1724
f 1499/1499/1499 1726/1726/1726 1724/1724/1724
f 1727/1727/1727 1517/1517/1517 1512/1512/1512
f 1730/1730/1730 1729/1729/1729 1728/1728/1728
f 1520/1520/1520 1728/1728/1728 1729/1729/1729
f 1729/1729/1729 1514/1514/1514 1520/1520/1520
f 1731/1731/1731 1336/1336/1336 1337/1337/1337
f 1335/1335/1335 1336/1336/1336 1731/1731/1731
f 1732/1732/1732 1335/1335/1335 1731/1731/1731
f 1731/1731/1731 1337/1337/1337 1340/1340/1340
f 1733/1733/1733 1731/1731/1731 1340/1340/1340
f 1733/1733/1733 1340/1340/1340 1341/1341/1341
f 1734/1734/1734 1733/1733/1733 1341/1341/1341
f 1734/1734/1734 1341/1341/1341 1735/1735/1735
f 1341/1341/1341 1343/1343/1343 1735/1735/1735
f 1332/1332/1332 1335/1335/1335 1732/1732/1732
f 1333/1333/1333 1332/1332/1332 1732/1732/1732
f 1738/1738/1738 1737/1737/1737 1736/1736/1736
f 1741/1741/1741 1740/1740/1740 1739/1739/1739
f 1740/1740/1740 1742/1742/1742 1739/1739/1739
f 1739/1739/1739 1743/1743/1743 1741/1741/1741
f 1743/1743/1743 1744/1744/1744 1741/1741/1741
f 1744/1744/1744 1745/1745/1745 1741/1741/1741
f 1744/1744/1744 1746/1746/1746 1745/1745/1745
f 1746/1746/1746 1747/1747/1747 1745/1745/1745
f 1746/1746/1746 1748/1748/1748 1747/1747/1747
f 1748/1748/1748 1746/1746/1746 1749/1749/1749
f 1750/1750/1750 1748/1748/1748 1749/1749/1749
f 1751/1751/1751 1750/1750/1750 1749/1749/1749
f 1752/1752/1752 1751/1751/1751 1749/1749/1749
f 1751/1751/1751 1752/1752/1752 1753/1753/1753
f 1752/1752/1752 1754/1754/1754 1753/1753/1753
f 1753/1753/1753 1754/1754/1754 1755/1755/1755
f 1757/1757/1757 1755/1755/1755 1756/1756/1756
f 1759/1759/1759 1758/1758/1758 1756/1756/1756
f 1761/1761/1761 1759/1759/1759 1760/1760/1760
f 1762/1762/1762 1761/1761/1761 1760/1760/1760
f 1763/1763/1763 1762/1762/1762 1760/1760/1760
f 1763/1763/1763 1764/1764/1764 1762/1762/1762
f 1763/1763/1763 1765/1765/1765 1764/1764/1764
f 1764/1764/1764 1765/1765/1765 1766/1766/1766
f 1759/1759/1759 1768/1768/1768 1767/1767/1767
f 1771/1771/1771 1770/1770/1770 1769/1769/1769
f 1770/1770/1770 1772/1772/1772 1769/1769/1769
f 1769/1769/1769 1772/1772/1772 1773/1773/1773
f 1772/1772/1772 1774/1774/1774 1773/1773/1773
f 1775/1775/1775 1773/1773/1773 1774/1774/1774
f 1776/1776/1776 1775/1775/1775 1774/1774/1774
f 1769/1769/1769 1773/1773/1773 1777/1777/1777
f 1778/1778/1778 1769/1769/1769 1777/1777/1777
f 1778/1778/1778 1771/1771/1771 1769/1769/1769
f 1779/1779/1779 1771/1771/1771 1778/1778/1778
f 1779/1779/1779 1778/1778/1778 1780/1780/1780
f 1778/1778/1778 1777/1777/1777 1780/1780/1780
f 1781/1781/1781 1779/1779/1779 1780/1780/1780
f 1782/1782/1782 1781/1781/1781 1780/1780/1780
f 1782/1782/1782 1780/1780/1780 1783/1783/1783
f 1777/1777/1777 1784/1784/1784 1780/1780/1780
f 1777/1777/1777 1773/1773/1773 1785/1785/1785
f 1773/1773/1773 1775/1775/1775 1785/1785/1785
f 1786/1786/1786 1785/1785/1785 1775/1775/1775
f 1787/1787/1787 1785/1785/1785 1786/1786/1786
f 1788/1788/1788 1787/1787/1787 1786/1786/1786
f 1787/1787/1787 1788/1788/1788 1789/1789/1789
f 1790/1790/1790 1787/1787/1787 1789/1789/1789
f 1791/1791/1791 1787/1787/1787 1790/1790/1790
f 1787/1787/1787 1791/1791/1791 1792/1792/1792
f 1785/1785/1785 1787/1787/1787 1792/1792/1792
f 1791/1791/1791 1793/1793/1793 1792/1792/1792
f 1794/1794/1794 1791/1791/1791 1790/1790/1790
f 1788/1788/1788 1786/1786/1786 1795/1795/1795
f 1786/1786/1786 1775/1775/1775 1795/1795/1795
f 1775/1775/1775 1796/1796/1796 1795/1795/1795
f 1797/1797/1797 1788/1788/1788 1795/1795/1795
f 1789/1789/1789 1788/1788/1788 1797/1797/1797
f 1798/1798/1798 1785/1785/1785 1792/1792/1792
f 1798/1798/1798 1792/1792/1792 1799/1799/1799
f 1783/1783/1783 1798/1798/1798 1799/1799/1799
f 1783/1783/1783 1800/1800/1800 1798/1798/1798
f 1801/1801/1801 1800/1800/1800 1783/1783/1783
f 1799/1799/1799 1792/1792/1792 1802/1802/1802
f 1803/1803/1803 1799/1799/1799 1802/1802/1802
f 1803/1803/1803 1781/1781/1781 1799/1799/1799
f 1804/1804/1804 1781/1781/1781 1803/1803/1803
f 1781/1781/1781 1782/1782/1782 1799/1799/1799
f 1783/1783/1783 1799/1799/1799 1782/1782/1782
f 1804/1804/1804 1803/1803/1803 1805/1805/1805
f 1806/1806/1806 1804/1804/1804 1805/1805/1805
f 1805/1805/1805 1803/1803/1803 1807/1807/1807
f 1791/1791/1791 1805/1805/1805 1807/1807/1807
f 1808/1808/1808 1806/1806/1806 1805/1805/1805
f 1808/1808/1808 1805/1805/1805 1794/1794/1794
f 1805/1805/1805 1791/1791/1791 1794/1794/1794
f 1809/1809/1809 1808/1808/1808 1794/1794/1794
f 1806/1806/1806 1808/1808/1808 1810/1810/1810
f 1804/1804/1804 1806/1806/1806 1810/1810/1810
f 1808/1808/1808 1809/1809/1809 1811/1811/1811
f 1781/1781/1781 1804/1804/1804 1812/1812/1812
f 1779/1779/1779 1781/1781/1781 1812/1812/1812
f 1779/1779/1779 1812/1812/1812 1771/1771/1771
f 1812/1812/1812 1813/1813/1813 1771/1771/1771
f 1812/1812/1812 1814/1814/1814 1813/1813/1813
f 1804/1804/1804 1814/1814/1814 1812/1812/1812
f 1814/1814/1814 1815/1815/1815 1813/1813/1813
f 1816/1816/1816 1813/1813/1813 1815/1815/1815
f 1813/1813/1813 1816/1816/1816 1771/1771/1771
f 1817/1817/1817 1816/1816/1816 1815/1815/1815
f 1818/1818/1818 1817/1817/1817 1815/1815/1815
f 1816/1816/1816 1770/1770/1770 1771/1771/1771
f 1819/1819/1819 1815/1815/1815 1814/1814/1814
f 1820/1820/1820 1815/1815/1815 1819/1819/1819
f 1820/1820/1820 1819/1819/1819 1821/1821/1821
f 1819/1819/1819 1822/1822/1822 1821/1821/1821
f 1821/1821/1821 1822/1822/1822 1790/1790/1790
f 1823/1823/1823 1821/1821/1821 1790/1790/1790
f 1823/1823/1823 1824/1824/1824 1821/1821/1821
f 1825/1825/1825 1824/1824/1824 1823/1823/1823
f 1789/1789/1789 1825/1825/1825 1823/1823/1823
f 1789/1789/1789 1823/1823/1823 1790/1790/1790
f 1825/1825/1825 1789/1789/1789 1797/1797/1797
f 1824/1824/1824 1826/1826/1826 1821/1821/1821
f 1827/1827/1827 1820/1820/1820 1821/1821/1821
f 1828/1828/1828 1827/1827/1827 1821/1821/1821
f 1820/1820/1820 1827/1827/1827 1815/1815/1815
f 1829/1829/1829 1822/1822/1822 1819/1819/1819
f 1822/1822/1822 1829/1829/1829 1794/1794/1794
f 1794/1794/1794 1790/1790/1790 1822/1822/1822
f 1830/1830/1830 1829/1829/1829 1819/1819/1819
f 1804/1804/1804 1830/1830/1830 1814/1814/1814
f 1830/1830/1830 1819/1819/1819 1814/1814/1814
f 1785/1785/1785 1798/1798/1798 1777/1777/1777
f 1798/1798/1798 1784/1784/1784 1777/1777/1777
f 1833/1833/1833 1832/1832/1832 1831/1831/1831
f 1834/1834/1834 1831/1831/1831 1832/1832/1832
f 1834/1834/1834 1832/1832/1832 1835/1835/1835
f 1835/1835/1835 1836/1836/1836 1834/1834/1834
f 1834/1834/1834 1837/1837/1837 1831/1831/1831
f 1837/1837/1837 1834/1834/1834 1838/1838/1838
f 1838/1838/1838 1839/1839/1839 1837/1837/1837
f 1836/1836/1836 1840/1840/1840 1834/1834/1834
f 1840/1840/1840 1841/1841/1841 1834/1834/1834
f 1838/1838/1838 1834/1834/1834 1842/1842/1842
f 1835/1835/1835 1843/1843/1843 1836/1836/1836
f 1843/1843/1843 1844/1844/1844 1836/1836/1836
f 1840/1840/1840 1836/1836/1836 1844/1844/1844
f 1843/1843/1843 1845/1845/1845 1844/1844/1844
f 1846/1846/1846 1840/1840/1840 1844/1844/1844
f 1845/1845/1845 1847/1847/1847 1844/1844/1844
f 1847/1847/1847 1846/1846/1846 1844/1844/1844
f 1843/1843/1843 1848/1848/1848 1845/1845/1845
f 1839/1839/1839 1849/1849/1849 1837/1837/1837
f 1838/1838/1838 1851/1851/1851 1850/1850/1850
f 1851/1851/1851 1838/1838/1838 1852/1852/1852
f 1853/1853/1853 1851/1851/1851 1852/1852/1852
f 1838/1838/1838 1854/1854/1854 1852/1852/1852
f 1854/1854/1854 1838/1838/1838 1855/1855/1855
f 1854/1854/1854 1856/1856/1856 1852/1852/1852
f 1851/1851/1851 1857/1857/1857 1850/1850/1850
f 1853/1853/1853 1852/1852/1852 1858/1858/1858
f 1853/1853/1853 1858/1858/1858 1859/1859/1859
f 1858/1858/1858 1860/1860/1860 1859/1859/1859
f 1852/1852/1852 1856/1856/1856 1861/1861/1861
f 1852/1852/1852 1861/1861/1861 1858/1858/1858
f 1863/1863/1863 1862/1862/1862 1858/1858/1858
f 1862/1862/1862 1864/1864/1864 1858/1858/1858
f 1835/1835/1835 1832/1832/1832 1865/1865/1865
f 1868/1868/1868 1867/1867/1867 1866/1866/1866
f 1871/1871/1871 1870/1870/1870 1869/1869/1869
f 1871/1871/1871 1872/1872/1872 1870/1870/1870
f 1872/1872/1872 1873/1873/1873 1870/1870/1870
f 1874/1874/1874 1873/1873/1873 1872/1872/1872
f 1875/1875/1875 1874/1874/1874 1872/1872/1872
f 1875/1875/1875 1876/1876/1876 1874/1874/1874
f 1878/1878/1878 1877/1877/1877 1869/1869/1869
f 1877/1877/1877 1879/1879/1879 1869/1869/1869
f 1879/1879/1879 1877/1877/1877 1880/1880/1880
f 1879/1879/1879 1880/1880/1880 1881/1881/1881
f 1880/1880/1880 1882/1882/1882 1881/1881/1881
f 1885/1885/1885 1884/1884/1884 1883/1883/1883
f 1884/1884/1884 1886/1886/1886 1883/1883/1883
f 1884/1884/1884 1887/1887/1887 1886/1886/1886
f 1887/1887/1887 1888/1888/1888 1886/1886/1886
f 1887/1887/1887 1889/1889/1889 1888/1888/1888
f 1889/1889/1889 1890/1890/1890 1888/1888/1888
f 1889/1889/1889 1891/1891/1891 1890/1890/1890
f 1891/1891/1891 1892/1892/1892 1890/1890/1890
f 1891/1891/1891 1893/1893/1893 1892/1892/1892
f 1893/1893/1893 1894/1894/1894 1892/1892/1892
f 1893/1893/1893 1895/1895/1895 1894/1894/1894
f 1895/1895/1895 1896/1896/1896 1894/1894/1894
f 1897/1897/1897 1883/1883/1883 1886/1886/1886
f 1897/1897/1897 1886/1886/1886 1888/1888/1888
f 1897/1897/1897 1894/1894/1894 1896/1896/1896
f 1898/1898/1898 1888/1888/1888 1890/1890/1890
f 1898/1898/1898 1890/1890/1890 1892/1892/1892
f 1898/1898/1898 1892/1892/1892 1894/1894/1894
f 1899/1899/1899 1884/1884/1884 1885/1885/1885
f 1900/1900/1900 1899/1899/1899 1885/1885/1885
f 1901/1901/1901 1889/1889/1889 1887/1887/1887
f 1902/1902/1902 1901/1901/1901 1887/1887/1887
f 1899/1899/1899 1902/1902/1902 1884/1884/1884
f 1902/1902/1902 1887/1887/1887 1884/1884/1884
f 1901/1901/1901 1903/1903/1903 1889/1889/1889
f 1903/1903/1903 1891/1891/1891 1889/1889/1889
f 1903/1903/1903 1904/1904/1904 1891/1891/1891
f 1904/1904/1904 1893/1893/1893 1891/1891/1891
f 1904/1904/1904 1905/1905/1905 1893/1893/1893
f 1905/1905/1905 1895/1895/1895 1893/1893/1893
f 1908/1908/1908 1907/1907/1907 1906/1906/1906
f 1910/1910/1910 1909/1909/1909 1906/1906/1906
f 1906/1906/1906 1909/1909/1909 1911/1911/1911
f 1909/1909/1909 1912/1912/1912 1911/1911/1911
f 1906/1906/1906 1911/1911/1911 1913/1913/1913
f 1914/1914/1914 1906/1906/1906 1913/1913/1913
f 1906/1906/1906 1914/1914/1914 1915/1915/1915
f 1916/1916/1916 1906/1906/1906 1915/1915/1915
f 1911/1911/1911 1917/1917/1917 1913/1913/1913
f 1917/1917/1917 1918/1918/1918 1913/1913/1913
f 1918/1918/1918 1917/1917/1917 1919/1919/1919
f 1920/1920/1920 1918/1918/1918 1919/1919/1919
f 1909/1909/1909 1921/1921/1921 1912/1912/1912
f 1921/1921/1921 1922/1922/1922 1912/1912/1912
f 1912/1912/1912 1923/1923/1923 1911/1911/1911
f 1923/1923/1923 1912/1912/1912 1924/1924/1924
f 1925/1925/1925 1923/1923/1923 1924/1924/1924
f 1923/1923/1923 1926/1926/1926 1911/1911/1911
f 1926/1926/1926 1917/1917/1917 1911/1911/1911
f 1927/1927/1927 1925/1925/1925 1924/1924/1924
f 1925/1925/1925 1927/1927/1927 1928/1928/1928
f 1928/1928/1928 1927/1927/1927 1929/1929/1929
f 1930/1930/1930 1928/1928/1928 1929/1929/1929
f 1919/1919/1919 1930/1930/1930 1931/1931/1931
f 1932/1932/1932 1919/1919/1919 1931/1931/1931
f 1931/1931/1931 1930/1930/1930 1933/1933/1933
f 1930/1930/1930 1929/1929/1929 1933/1933/1933
f 1927/1927/1927 1934/1934/1934 1929/1929/1929
f 1934/1934/1934 1935/1935/1935 1929/1929/1929
f 1933/1933/1933 1929/1929/1929 1935/1935/1935
f 1936/1936/1936 1927/1927/1927 1924/1924/1924
f 1927/1927/1927 1936/1936/1936 1934/1934/1934
f 1936/1936/1936 1937/1937/1937 1934/1934/1934
f 1938/1938/1938 1937/1937/1937 1922/1922/1922
f 1937/1937/1937 1938/1938/1938 1939/1939/1939
f 1940/1940/1940 1937/1937/1937 1939/1939/1939
f 1937/1937/1937 1940/1940/1940 1934/1934/1934
f 1939/1939/1939 1941/1941/1941 1940/1940/1940
f 1942/1942/1942 1939/1939/1939 1938/1938/1938
f 1943/1943/1943 1942/1942/1942 1938/1938/1938
f 1942/1942/1942 1943/1943/1943 1939/1939/1939
f 1941/1941/1941 1939/1939/1939 1944/1944/1944
f 1945/1945/1945 1944/1944/1944 1939/1939/1939
f 1946/1946/1946 1941/1941/1941 1944/1944/1944
f 1943/1943/1943 1947/1947/1947 1944/1944/1944
f 1943/1943/1943 1938/1938/1938 1922/1922/1922
f 1922/1922/1922 1921/1921/1921 1943/1943/1943
f 1949/1949/1949 1948/1948/1948 1944/1944/1944
f 1948/1948/1948 1950/1950/1950 1944/1944/1944
f 1952/1952/1952 1951/1951/1951 1944/1944/1944
f 1954/1954/1954 1947/1947/1947 1953/1953/1953
f 1947/1947/1947 1956/1956/1956 1955/1955/1955
f 1910/1910/1910 1955/1955/1955 1956/1956/1956
f 1909/1909/1909 1957/1957/1957 1956/1956/1956
f 1958/1958/1958 1909/1909/1909 1956/1956/1956
f 1909/1909/1909 1958/1958/1958 1921/1921/1921
f 1955/1955/1955 1960/1960/1960 1959/1959/1959
f 1955/1955/1955 1959/1959/1959 1961/1961/1961
f 1963/1963/1963 1960/1960/1960 1962/1962/1962
f 1963/1963/1963 1962/1962/1962 1964/1964/1964
f 1965/1965/1965 1963/1963/1963 1964/1964/1964
f 1964/1964/1964 1962/1962/1962 1966/1966/1966
f 1962/1962/1962 1967/1967/1967 1966/1966/1966
f 1967/1967/1967 1962/1962/1962 1968/1968/1968
f 1962/1962/1962 1969/1969/1969 1968/1968/1968
f 1970/1970/1970 1964/1964/1964 1966/1966/1966
f 1971/1971/1971 1970/1970/1970 1966/1966/1966
f 1970/1970/1970 1971/1971/1971 1972/1972/1972
f 1971/1971/1971 1973/1973/1973 1972/1972/1972
f 1974/1974/1974 1963/1963/1963 1959/1959/1959
f 1963/1963/1963 1975/1975/1975 1959/1959/1959
f 1976/1976/1976 1963/1963/1963 1965/1965/1965
f 1975/1975/1975 1963/1963/1963 1976/1976/1976
f 1977/1977/1977 1976/1976/1976 1965/1965/1965
f 1978/1978/1978 1965/1965/1965 1964/1964/1964
f 1965/1965/1965 1978/1978/1978 1979/1979/1979
f 1978/1978/1978 1980/1980/1980 1979/1979/1979
f 1980/1980/1980 1981/1981/1981 1979/1979/1979
f 1981/1981/1981 1980/1980/1980 1982/1982/1982
f 1981/1981/1981 1982/1982/1982 1983/1983/1983
f 1982/1982/1982 1984/1984/1984 1983/1983/1983
f 1984/1984/1984 1972/1972/1972 1985/1985/1985
f 1972/1972/1972 1986/1986/1986 1985/1985/1985
f 1983/1983/1983 1984/1984/1984 1987/1987/1987
f 1984/1984/1984 1985/1985/1985 1987/1987/1987
f 1988/1988/1988 1981/1981/1981 1983/1983/1983
f 1989/1989/1989 1988/1988/1988 1983/1983/1983
f 1983/1983/1983 1987/1987/1987 1989/1989/1989
f 1988/1988/1988 1989/1989/1989 1990/1990/1990
f 1990/1990/1990 1991/1991/1991 1988/1988/1988
f 1991/1991/1991 1992/1992/1992 1988/1988/1988
f 1989/1989/1989 1993/1993/1993 1990/1990/1990
f 1987/1987/1987 1993/1993/1993 1989/1989/1989
f 1981/1981/1981 1994/1994/1994 1979/1979/1979
f 1994/1994/1994 1981/1981/1981 1988/1988/1988
f 1995/1995/1995 1994/1994/1994 1988/1988/1988
f 1996/1996/1996 1995/1995/1995 1988/1988/1988
f 1997/1997/1997 1995/1995/1995 1996/1996/1996
f 1996/1996/1996 1998/1998/1998 1997/1997/1997
f 1997/1997/1997 1999/1999/1999 1995/1995/1995
f 1995/1995/1995 1999/1999/1999 1977/1977/1977
f 1997/1997/1997 2000/2000/2000 1999/1999/1999
f 2000/2000/2000 2001/2001/2001 1999/1999/1999
f 2001/2001/2001 2000/2000/2000 1997/1997/1997
f 1999/1999/1999 2001/2001/2001 1977/1977/1977
f 1997/1997/1997 1998/1998/1998 2002/2002/2002
f 2002/2002/2002 2003/2003/2003 1997/1997/1997
f 1998/1998/1998 2004/2004/2004 2002/2002/2002
f 1961/1961/1961 2001/2001/2001 2002/2002/2002
f 1976/1976/1976 1977/1977/1977 2001/2001/2001
f 2006/2006/2006 2005/2005/2005 2002/2002/2002
f 2005/2005/2005 2007/2007/2007 2002/2002/2002
f 2002/2002/2002 2008/2008/2008 1955/1955/1955
f 2010/2010/2010 1961/1961/1961 2009/2009/2009
f 2013/2013/2013 2012/2012/2012 2011/2011/2011
f 2012/2012/2012 2014/2014/2014 2011/2011/2011
f 2012/2012/2012 2015/2015/2015 2014/2014/2014
f 2017/2017/2017 2016/2016/2016 2014/2014/2014
f 2019/2019/2019 2014/2014/2014 2018/2018/2018
f 2022/2022/2022 2021/2021/2021 2020/2020/2020
f 2021/2021/2021 2023/2023/2023 2020/2020/2020
f 1935/1935/1935 2020/2020/2020 2023/2023/2023
f 2024/2024/2024 1935/1935/1935 2023/2023/2023
f 2024/2024/2024 1933/1933/1933 1935/1935/1935
f 2026/2026/2026 2022/2022/2022 2025/2025/2025
f 2022/2022/2022 2027/2027/2027 2025/2025/2025
f 1926/1926/1926 2028/2028/2028 1917/1917/1917
f 2028/2028/2028 1919/1919/1919 1917/1917/1917
f 1919/1919/1919 2028/2028/2028 1930/1930/1930
f 2028/2028/2028 1928/1928/1928 1930/1930/1930
f 1919/1919/1919 2029/2029/2029 1920/1920/1920
f 2032/2032/2032 2031/2031/2031 2030/2030/2030
f 2033/2033/2033 2031/2031/2031 2032/2032/2032
f 2032/2032/2032 2034/2034/2034 2033/2033/2033
f 2032/2032/2032 2035/2035/2035 2034/2034/2034
f 2035/2035/2035 2032/2032/2032 2030/2030/2030
f 2035/2035/2035 2036/2036/2036 2034/2034/2034
f 2037/2037/2037 2034/2034/2034 2036/2036/2036
f 2037/2037/2037 2036/2036/2036 2038/2038/2038
f 2038/2038/2038 2039/2039/2039 2037/2037/2037
f 2034/2034/2034 2040/2040/2040 2033/2033/2033
f 2034/2034/2034 2037/2037/2037 2040/2040/2040
f 2043/2043/2043 2042/2042/2042 2041/2041/2041
f 2042/2042/2042 2044/2044/2044 2041/2041/2041
f 2045/2045/2045 2042/2042/2042 2043/2043/2043
f 2046/2046/2046 2042/2042/2042 2045/2045/2045
f 2042/2042/2042 2046/2046/2046 2044/2044/2044
f 2047/2047/2047 2046/2046/2046 2045/2045/2045
f 2048/2048/2048 2046/2046/2046 2047/2047/2047
f 2049/2049/2049 2048/2048/2048 2047/2047/2047
f 2046/2046/2046 2050/2050/2050 2044/2044/2044
f 2044/2044/2044 2050/2050/2050 2051/2051/2051
f 2052/2052/2052 2044/2044/2044 2051/2051/2051
f 2052/2052/2052 2051/2051/2051 2053/2053/2053
f 2054/2054/2054 2052/2052/2052 2053/2053/2053
f 2052/2052/2052 2054/2054/2054 2055/2055/2055
f 2056/2056/2056 2052/2052/2052 2055/2055/2055
f 2041/2041/2041 2044/2044/2044 2056/2056/2056
f 2044/2044/2044 2052/2052/2052 2056/2056/2056
f 2057/2057/2057 2041/2041/2041 2056/2056/2056
f 2057/2057/2057 2056/2056/2056 2055/2055/2055
f 2053/2053/2053 2051/2051/2051 2058/2058/2058
f 2050/2050/2050 2046/2046/2046 2059/2059/2059
f 2050/2050/2050 2059/2059/2059 2051/2051/2051
f 2059/2059/2059 2058/2058/2058 2051/2051/2051
f 2046/2046/2046 2060/2060/2060 2059/2059/2059
f 2062/2062/2062 2053/2053/2053 2061/2061/2061
f 2047/2047/2047 2064/2064/2064 2063/2063/2063
f 2047/2047/2047 2063/2063/2063 2065/2065/2065
f 2063/2063/2063 2066/2066/2066 2065/2065/2065
f 2057/2057/2057 2043/2043/2043 2041/2041/2041
f 2069/2069/2069 2068/2068/2068 2067/2067/2067
f 473/473/473 470/470/470 488/488/488
f 488/488/488 470/470/470 2070/2070/2070
f 489/489/489 2071/2071/2071 342/342/342
f 489/489/489 342/342/342 340/340/340
f 486/486/486 489/489/489 340/340/340
f 486/486/486 340/340/340 338/338/338
f 485/485/485 486/486/486 338/338/338
f 485/485/485 338/338/338 487/487/487
f 338/338/338 336/336/336 487/487/487
f 487/487/487 336/336/336 335/335/335
f 349/349/349 487/487/487 335/335/335
f 490/490/490 349/349/349 2072/2072/2072
f 349/349/349 344/344/344 2072/2072/2072
f 2072/2072/2072 344/344/344 332/332/332
f 397/397/397 2072/2072/2072 332/332/332
f 1563/1563/1563 2074/2074/2074 2073/2073/2073
f 2077/2077/2077 2076/2076/2076 2075/2075/2075
f 2075/2075/2075 2078/2078/2078 2077/2077/2077
f 2078/2078/2078 2079/2079/2079 2077/2077/2077
f 2079/2079/2079 2080/2080/2080 2077/2077/2077
f 2080/2080/2080 2081/2081/2081 2077/2077/2077
f 2081/2081/2081 2076/2076/2076 2077/2077/2077
f 2075/2075/2075 2076/2076/2076 2082/2082/2082
f 2075/2075/2075 2082/2082/2082 2078/2078/2078
f 2076/2076/2076 2083/2083/2083 2082/2082/2082
f 2082/2082/2082 2084/2084/2084 2078/2078/2078
f 2078/2078/2078 2084/2084/2084 2079/2079/2079
f 2084/2084/2084 2085/2085/2085 2079/2079/2079
f 2079/2079/2079 2085/2085/2085 2080/2080/2080
f 2085/2085/2085 2086/2086/2086 2080/2080/2080
f 2080/2080/2080 2086/2086/2086 2081/2081/2081
f 2086/2086/2086 2087/2087/2087 2081/2081/2081
f 2081/2081/2081 2087/2087/2087 2076/2076/2076
f 2087/2087/2087 2083/2083/2083 2076/2076/2076
f 2090/2090/2090 2089/2089/2089 2088/2088/2088
f 2089/2089/2089 2091/2091/2091 2088/2088/2088
f 2092/2092/2092 2089/2089/2089 2090/2090/2090
f 2093/2093/2093 2092/2092/2092 2090/2090/2090
f 2096/2096/2096 2095/2095/2095 2094/2094/2094
f 2095/2095/2095 2097/2097/2097 2094/2094/2094
f 2098/2098/2098 2095/2095/2095 2096/2096/2096
f 2099/2099/2099 2098/2098/2098 2096/2096/2096
f 2102/2102/2102 2101/2101/2101 2100/2100/2100
f 2101/2101/2101 2103/2103/2103 2100/2100/2100
f 2104/2104/2104 2101/2101/2101 2102/2102/2102
f 2105/2105/2105 2104/2104/2104 2102/2102/2102
f 2106/2106/2106 2104/2104/2104 2105/2105/2105
f 2107/2107/2107 2106/2106/2106 2105/2105/2105
f 2101/2101/2101 2108/2108/2108 2103/2103/2103
f 2108/2108/2108 2109/2109/2109 2103/2103/2103
f 2103/2103/2103 2109/2109/2109 2110/2110/2110
f 2103/2103/2103 2110/2110/2110 2111/2111/2111
f 2109/2109/2109 2112/2112/2112 2110/2110/2110
f 2110/2110/2110 2112/2112/2112 2113/2113/2113
f 2110/2110/2110 2113/2113/2113 2114/2114/2114
f 2115/2115/2115 2110/2110/2110 2114/2114/2114
f 2116/2116/2116 2103/2103/2103 2115/2115/2115
f 2112/2112/2112 2117/2117/2117 2113/2113/2113
f 2106/2106/2106 2118/2118/2118 2104/2104/2104
f 2119/2119/2119 2118/2118/2118 2106/2106/2106
f 2120/2120/2120 2119/2119/2119 2106/2106/2106
f 2120/2120/2120 2106/2106/2106 2121/2121/2121
f 2122/2122/2122 2120/2120/2120 2121/2121/2121
f 2108/2108/2108 2123/2123/2123 2109/2109/2109
f 2123/2123/2123 2124/2124/2124 2109/2109/2109
f 2109/2109/2109 2124/2124/2124 2112/2112/2112
f 2123/2123/2123 2125/2125/2125 2124/2124/2124
f 2125/2125/2125 2126/2126/2126 2124/2124/2124
f 2124/2124/2124 2126/2126/2126 2127/2127/2127
f 2124/2124/2124 2127/2127/2127 2112/2112/2112
f 2112/2112/2112 2127/2127/2127 2117/2117/2117
f 2126/2126/2126 2128/2128/2128 2127/2127/2127
f 2127/2127/2127 2128/2128/2128 2129/2129/2129
f 2127/2127/2127 2129/2129/2129 2117/2117/2117
f 2128/2128/2128 2130/2130/2130 2129/2129/2129
f 2131/2131/2131 2125/2125/2125 2123/2123/2123
f 2132/2132/2132 2131/2131/2131 2123/2123/2123
f 2133/2133/2133 2131/2131/2131 2132/2132/2132
f 2134/2134/2134 2133/2133/2133 2132/2132/2132
f 2135/2135/2135 2133/2133/2133 2134/2134/2134
f 2136/2136/2136 2135/2135/2135 2134/2134/2134
f 2125/2125/2125 2137/2137/2137 2126/2126/2126
f 2137/2137/2137 2138/2138/2138 2126/2126/2126
f 2126/2126/2126 2138/2138/2138 2128/2128/2128
f 2138/2138/2138 2139/2139/2139 2128/2128/2128
f 2128/2128/2128 2139/2139/2139 2130/2130/2130
f 2139/2139/2139 2140/2140/2140 2130/2130/2130
f 2135/2135/2135 2141/2141/2141 2133/2133/2133
f 2141/2141/2141 2142/2142/2142 2133/2133/2133
f 2133/2133/2133 2142/2142/2142 2131/2131/2131
f 2142/2142/2142 2143/2143/2143 2131/2131/2131
f 2131/2131/2131 2143/2143/2143 2125/2125/2125
f 2143/2143/2143 2137/2137/2137 2144/2144/2144
f 2137/2137/2137 2145/2145/2145 2138/2138/2138
f 2138/2138/2138 2146/2146/2146 2139/2139/2139
f 2139/2139/2139 2147/2147/2147 2140/2140/2140
f 2141/2141/2141 2148/2148/2148 2142/2142/2142
f 2142/2142/2142 2149/2149/2149 2143/2143/2143
f 2143/2143/2143 2150/2150/2150 2137/2137/2137
f 2119/2119/2119 2136/2136/2136 2118/2118/2118
f 2136/2136/2136 2134/2134/2134 2118/2118/2118
f 2118/2118/2118 2134/2134/2134 2151/2151/2151
f 2118/2118/2118 2151/2151/2151 2104/2104/2104
f 2104/2104/2104 2151/2151/2151 2101/2101/2101
f 2151/2151/2151 2108/2108/2108 2101/2101/2101
f 2134/2134/2134 2132/2132/2132 2151/2151/2151
f 2151/2151/2151 2132/2132/2132 2108/2108/2108
f 2132/2132/2132 2123/2123/2123 2108/2108/2108
f 2154/2154/2154 2153/2153/2153 2152/2152/2152
f 2153/2153/2153 2155/2155/2155 2152/2152/2152
f 2154/2154/2154 2152/2152/2152 2156/2156/2156
f 2152/2152/2152 2157/2157/2157 2156/2156/2156
f 2156/2156/2156 2157/2157/2157 2158/2158/2158
f 2159/2159/2159 2156/2156/2156 2158/2158/2158
f 2155/2155/2155 2160/2160/2160 2152/2152/2152
f 2160/2160/2160 2161/2161/2161 2152/2152/2152
f 2152/2152/2152 2161/2161/2161 2157/2157/2157
f 2161/2161/2161 2162/2162/2162 2157/2157/2157
f 2157/2157/2157 2162/2162/2162 2158/2158/2158
f 2162/2162/2162 2163/2163/2163 2158/2158/2158
f 2158/2158/2158 2163/2163/2163 2164/2164/2164
f 2158/2158/2158 2164/2164/2164 2165/2165/2165
f 2166/2166/2166 2158/2158/2158 2165/2165/2165
f 2163/2163/2163 2167/2167/2167 2164/2164/2164
f 2168/2168/2168 2160/2160/2160 2155/2155/2155
f 2160/2160/2160 2169/2169/2169 2161/2161/2161
f 2169/2169/2169 2170/2170/2170 2161/2161/2161
f 2161/2161/2161 2170/2170/2170 2162/2162/2162
f 2162/2162/2162 2171/2171/2171 2163/2163/2163
f 2163/2163/2163 2172/2172/2172 2167/2167/2167
f 2173/2173/2173 2172/2172/2172 2163/2163/2163
f 2170/2170/2170 2173/2173/2173 2174/2174/2174
f 2172/2172/2172 2175/2175/2175 2167/2167/2167
f 2168/2168/2168 2176/2176/2176 2160/2160/2160
f 2176/2176/2176 2169/2169/2169 2160/2160/2160
f 2177/2177/2177 2170/2170/2170 2169/2169/2169
f 2173/2173/2173 2170/2170/2170 2177/2177/2177
f 2178/2178/2178 2177/2177/2177 2169/2169/2169
f 2178/2178/2178 2169/2169/2169 2176/2176/2176
f 2172/2172/2172 2173/2173/2173 2179/2179/2179
f 2179/2179/2179 2180/2180/2180 2177/2177/2177
f 2181/2181/2181 2172/2172/2172 2179/2179/2179
f 2175/2175/2175 2172/2172/2172 2181/2181/2181
f 2182/2182/2182 2175/2175/2175 2181/2181/2181
f 2183/2183/2183 2178/2178/2178 2176/2176/2176
f 2183/2183/2183 2176/2176/2176 2184/2184/2184
f 2184/2184/2184 2176/2176/2176 2185/2185/2185
f 2186/2186/2186 2183/2183/2183 2184/2184/2184
f 2178/2178/2178 2187/2187/2187 2177/2177/2177
f 2187/2187/2187 2188/2188/2188 2177/2177/2177
f 2177/2177/2177 2188/2188/2188 2179/2179/2179
f 2188/2188/2188 2189/2189/2189 2179/2179/2179
f 2186/2186/2186 2190/2190/2190 2183/2183/2183
f 2190/2190/2190 2191/2191/2191 2183/2183/2183
f 2183/2183/2183 2191/2191/2191 2178/2178/2178
f 2191/2191/2191 2187/2187/2187 2178/2178/2178
f 2192/2192/2192 2181/2181/2181 2189/2189/2189
f 2182/2182/2182 2181/2181/2181 2192/2192/2192
f 2181/2181/2181 2179/2179/2179 2193/2193/2193
f 2194/2194/2194 2182/2182/2182 2192/2192/2192
f 2187/2187/2187 2195/2195/2195 2188/2188/2188
f 2195/2195/2195 2196/2196/2196 2188/2188/2188
f 2188/2188/2188 2196/2196/2196 2189/2189/2189
f 2189/2189/2189 2197/2197/2197 2192/2192/2192
f 2196/2196/2196 2197/2197/2197 2198/2198/2198
f 2197/2197/2197 2199/2199/2199 2192/2192/2192
f 2192/2192/2192 2199/2199/2199 2194/2194/2194
f 2199/2199/2199 2200/2200/2200 2194/2194/2194
f 2190/2190/2190 2201/2201/2201 2191/2191/2191
f 2201/2201/2201 2202/2202/2202 2191/2191/2191
f 2191/2191/2191 2202/2202/2202 2187/2187/2187
f 2202/2202/2202 2195/2195/2195 2187/2187/2187
f 2195/2195/2195 2203/2203/2203 2196/2196/2196
f 2203/2203/2203 2204/2204/2204 2196/2196/2196
f 2196/2196/2196 2204/2204/2204 2197/2197/2197
f 2197/2197/2197 2205/2205/2205 2199/2199/2199
f 2204/2204/2204 2205/2205/2205 2206/2206/2206
f 2205/2205/2205 2207/2207/2207 2199/2199/2199
f 2199/2199/2199 2207/2207/2207 2200/2200/2200
f 2207/2207/2207 2208/2208/2208 2200/2200/2200
f 2201/2201/2201 2209/2209/2209 2202/2202/2202
f 2209/2209/2209 2210/2210/2210 2202/2202/2202
f 2202/2202/2202 2210/2210/2210 2195/2195/2195
f 2210/2210/2210 2203/2203/2203 2195/2195/2195
f 2203/2203/2203 2211/2211/2211 2204/2204/2204
f 2211/2211/2211 2212/2212/2212 2204/2204/2204
f 2204/2204/2204 2212/2212/2212 2205/2205/2205
f 2212/2212/2212 2213/2213/2213 2205/2205/2205
f 2205/2205/2205 2213/2213/2213 2207/2207/2207
f 2213/2213/2213 2214/2214/2214 2207/2207/2207
f 2207/2207/2207 2214/2214/2214 2208/2208/2208
f 2214/2214/2214 2215/2215/2215 2208/2208/2208
f 2209/2209/2209 2216/2216/2216 2210/2210/2210
f 2216/2216/2216 2217/2217/2217 2210/2210/2210
f 2210/2210/2210 2217/2217/2217 2203/2203/2203
f 2217/2217/2217 2211/2211/2211 2203/2203/2203
f 2212/2212/2212 2211/2211/2211 2218/2218/2218
f 2219/2219/2219 2212/2212/2212 2218/2218/2218
f 2213/2213/2213 2212/2212/2212 2219/2219/2219
f 2220/2220/2220 2213/2213/2213 2219/2219/2219
f 2214/2214/2214 2213/2213/2213 2220/2220/2220
f 2221/2221/2221 2214/2214/2214 2220/2220/2220
f 2215/2215/2215 2214/2214/2214 2221/2221/2221
f 2222/2222/2222 2215/2215/2215 2221/2221/2221
f 2217/2217/2217 2216/2216/2216 2223/2223/2223
f 2224/2224/2224 2217/2217/2217 2223/2223/2223
f 2218/2218/2218 2211/2211/2211 2224/2224/2224
f 2211/2211/2211 2217/2217/2217 2224/2224/2224
f 2225/2225/2225 2219/2219/2219 2218/2218/2218
f 2226/2226/2226 2220/2220/2220 2219/2219/2219
f 2227/2227/2227 2221/2221/2221 2220/2220/2220
f 2228/2228/2228 2222/2222/2222 2221/2221/2221
f 2229/2229/2229 2224/2224/2224 2223/2223/2223
f 2230/2230/2230 2218/2218/2218 2224/2224/2224
f 2233/2233/2233 2232/2232/2232 2231/2231/2231
f 2232/2232/2232 2234/2234/2234 2231/2231/2231
f 2231/2231/2231 2234/2234/2234 2155/2155/2155
f 2235/2235/2235 2231/2231/2231 2155/2155/2155
f 2232/2232/2232 2236/2236/2236 2234/2234/2234
f 2236/2236/2236 2168/2168/2168 2234/2234/2234
f 2234/2234/2234 2237/2237/2237 2155/2155/2155
f 2236/2236/2236 2184/2184/2184 2168/2168/2168
f 2240/2240/2240 2239/2239/2239 2238/2238/2238
f 2242/2242/2242 2241/2241/2241 2240/2240/2240
f 2241/2241/2241 2244/2244/2244 2243/2243/2243
f 2244/2244/2244 2241/2241/2241 2245/2245/2245
f 2246/2246/2246 2244/2244/2244 2245/2245/2245
f 2247/2247/2247 2244/2244/2244 2246/2246/2246
f 2244/2244/2244 2247/2247/2247 2248/2248/2248
f 2246/2246/2246 2245/2245/2245 2249/2249/2249
f 2238/2238/2238 2251/2251/2251 2250/2250/2250
f 2253/2253/2253 2252/2252/2252 2246/2246/2246
f 2253/2253/2253 2246/2246/2246 2254/2254/2254
f 2246/2246/2246 2255/2255/2255 2254/2254/2254
f 2245/2245/2245 2256/2256/2256 2255/2255/2255
f 2255/2255/2255 2256/2256/2256 2257/2257/2257
f 2256/2256/2256 2258/2258/2258 2257/2257/2257
f 2254/2254/2254 2260/2260/2260 2259/2259/2259
f 2260/2260/2260 2257/2257/2257 2261/2261/2261
f 2264/2264/2264 2263/2263/2263 2262/2262/2262
f 2263/2263/2263 2265/2265/2265 2262/2262/2262
f 2265/2265/2265 2263/2263/2263 2266/2266/2266
f 2263/2263/2263 2267/2267/2267 2266/2266/2266
f 2266/2266/2266 2267/2267/2267 2268/2268/2268
f 2267/2267/2267 2269/2269/2269 2268/2268/2268
f 2268/2268/2268 2269/2269/2269 2270/2270/2270
f 2269/2269/2269 2271/2271/2271 2270/2270/2270
f 2274/2274/2274 2273/2273/2273 2272/2272/2272
f 2273/2273/2273 2274/2274/2274 2275/2275/2275
f 2277/2277/2277 2276/2276/2276 2275/2275/2275
f 2275/2275/2275 2276/2276/2276 2278/2278/2278
f 2276/2276/2276 2279/2279/2279 2278/2278/2278
f 2278/2278/2278 2279/2279/2279 2280/2280/2280
f 2281/2281/2281 2278/2278/2278 2280/2280/2280
f 2284/2284/2284 2283/2283/2283 2282/2282/2282
f 2285/2285/2285 2282/2282/2282 2283/2283/2283
f 2286/2286/2286 2285/2285/2285 2283/2283/2283
f 2285/2285/2285 2286/2286/2286 2287/2287/2287
f 2286/2286/2286 2288/2288/2288 2287/2287/2287
f 2289/2289/2289 2287/2287/2287 2288/2288/2288
f 2292/2292/2292 2291/2291/2291 2290/2290/2290
f 2291/2291/2291 2293/2293/2293 2290/2290/2290
f 2294/2294/2294 2291/2291/2291 2292/2292/2292
f 2295/2295/2295 2294/2294/2294 2292/2292/2292
f 2296/2296/2296 2294/2294/2294 2295/2295/2295
f 2297/2297/2297 2296/2296/2296 2295/2295/2295
f 2300/2300/2300 2299/2299/2299 2298/2298/2298
f 2299/2299/2299 2301/2301/2301 2298/2298/2298
f 2299/2299/2299 2302/2302/2302 2301/2301/2301
f 2302/2302/2302 2303/2303/2303 2301/2301/2301
f 2302/2302/2302 2304/2304/2304 2303/2303/2303
f 2304/2304/2304 2305/2305/2305 2303/2303/2303
f 2308/2308/2308 2307/2307/2307 2306/2306/2306
f 2307/2307/2307 2309/2309/2309 2306/2306/2306
f 2312/2312/2312 2311/2311/2311 2310/2310/2310
f 2311/2311/2311 2313/2313/2313 2310/2310/2310
f 2316/2316/2316 2315/2315/2315 2314/2314/2314
f 2315/2315/2315 2317/2317/2317 2314/2314/2314
f 2315/2315/2315 2316/2316/2316 2318/2318/2318
f 2316/2316/2316 2319/2319/2319 2318/2318/2318
f 2320/2320/2320 2314/2314/2314 2317/2317/2317
f 2321/2321/2321 2320/2320/2320 2317/2317/2317
f 2324/2324/2324 2323/2323/2323 2322/2322/2322
f 2323/2323/2323 2325/2325/2325 2322/2322/2322
f 2323/2323/2323 2324/2324/2324 2326/2326/2326
f 2322/2322/2322 2325/2325/2325 2327/2327/2327
f 2326/2326/2326 2324/2324/2324 2328/2328/2328
f 2324/2324/2324 2329/2329/2329 2328/2328/2328
f 2331/2331/2331 2330/2330/2330 2327/2327/2327
f 2330/2330/2330 2331/2331/2331 2332/2332/2332
f 2331/2331/2331 2333/2333/2333 2332/2332/2332
f 2334/2334/2334 2333/2333/2333 2331/2331/2331
f 2335/2335/2335 2334/2334/2334 2331/2331/2331
f 2334/2334/2334 2336/2336/2336 2333/2333/2333
f 2335/2335/2335 2337/2337/2337 2334/2334/2334
f 2337/2337/2337 2336/2336/2336 2334/2334/2334
f 2338/2338/2338 2327/2327/2327 2330/2330/2330
f 2338/2338/2338 2330/2330/2330 2332/2332/2332
f 2341/2341/2341 2340/2340/2340 2339/2339/2339
f 2340/2340/2340 2342/2342/2342 2339/2339/2339
f 2340/2340/2340 2341/2341/2341 2343/2343/2343
f 2339/2339/2339 2342/2342/2342 2344/2344/2344
f 2341/2341/2341 2345/2345/2345 2343/2343/2343
f 2341/2341/2341 2339/2339/2339 2345/2345/2345
f 2347/2347/2347 2346/2346/2346 2342/2342/2342
f 2347/2347/2347 2348/2348/2348 2346/2346/2346
f 2342/2342/2342 2346/2346/2346 2349/2349/2349
f 2350/2350/2350 2342/2342/2342 2349/2349/2349
f 2348/2348/2348 2347/2347/2347 2351/2351/2351
f 2347/2347/2347 2352/2352/2352 2351/2351/2351
f 2352/2352/2352 2347/2347/2347 2353/2353/2353
f 2353/2353/2353 2354/2354/2354 2344/2344/2344
f 2355/2355/2355 2344/2344/2344 2354/2354/2354
f 2355/2355/2355 2350/2350/2350 2349/2349/2349
f 2358/2358/2358 2357/2357/2357 2356/2356/2356
f 2357/2357/2357 2359/2359/2359 2356/2356/2356
f 2358/2358/2358 2360/2360/2360 2357/2357/2357
f 2356/2356/2356 2359/2359/2359 2361/2361/2361
f 2362/2362/2362 2360/2360/2360 2358/2358/2358
f 2358/2358/2358 2356/2356/2356 2362/2362/2362
f 2364/2364/2364 2363/2363/2363 2361/2361/2361
f 2363/2363/2363 2364/2364/2364 2365/2365/2365
f 2364/2364/2364 2366/2366/2366 2365/2365/2365
f 2367/2367/2367 2366/2366/2366 2364/2364/2364
f 2368/2368/2368 2367/2367/2367 2364/2364/2364
f 2368/2368/2368 2369/2369/2369 2367/2367/2367
f 2367/2367/2367 2369/2369/2369 2370/2370/2370
f 2367/2367/2367 2370/2370/2370 2371/2371/2371
f 2372/2372/2372 2363/2363/2363 2365/2365/2365
f 2372/2372/2372 2361/2361/2361 2373/2373/2373
f 2376/2376/2376 2375/2375/2375 2374/2374/2374
f 2375/2375/2375 2377/2377/2377 2374/2374/2374
f 2376/2376/2376 2374/2374/2374 2378/2378/2378
f 2374/2374/2374 2379/2379/2379 2378/2378/2378
f 2374/2374/2374 2380/2380/2380 2379/2379/2379
f 2380/2380/2380 2374/2374/2374 2377/2377/2377
f 2380/2380/2380 2381/2381/2381 2379/2379/2379
f 2382/2382/2382 2375/2375/2375 2376/2376/2376
f 2383/2383/2383 2382/2382/2382 2376/2376/2376
f 2383/2383/2383 2376/2376/2376 2384/2384/2384
f 2376/2376/2376 2378/2378/2378 2384/2384/2384
f 2384/2384/2384 2378/2378/2378 2379/2379/2379
f 2383/2383/2383 2384/2384/2384 2385/2385/2385
f 2386/2386/2386 2383/2383/2383 2385/2385/2385
f 2386/2386/2386 2387/2387/2387 2383/2383/2383
f 2387/2387/2387 2382/2382/2382 2383/2383/2383
f 2385/2385/2385 2384/2384/2384 2388/2388/2388
f 2388/2388/2388 2384/2384/2384 2379/2379/2379
f 2389/2389/2389 2385/2385/2385 2388/2388/2388
f 2389/2389/2389 2388/2388/2388 2390/2390/2390
f 2388/2388/2388 2391/2391/2391 2390/2390/2390
f 2390/2390/2390 2391/2391/2391 2392/2392/2392
f 2392/2392/2392 2391/2391/2391 2393/2393/2393
f 2391/2391/2391 2394/2394/2394 2393/2393/2393
f 2395/2395/2395 2390/2390/2390 2392/2392/2392
f 2396/2396/2396 2390/2390/2390 2395/2395/2395
f 2397/2397/2397 2396/2396/2396 2395/2395/2395
f 2398/2398/2398 2396/2396/2396 2397/2397/2397
f 2399/2399/2399 2398/2398/2398 2397/2397/2397
f 2400/2400/2400 2398/2398/2398 2399/2399/2399
f 2401/2401/2401 2400/2400/2400 2399/2399/2399
f 2399/2399/2399 2402/2402/2402 2401/2401/2401
f 2402/2402/2402 2403/2403/2403 2401/2401/2401
f 2403/2403/2403 2402/2402/2402 2404/2404/2404
f 2402/2402/2402 2405/2405/2405 2404/2404/2404
f 2405/2405/2405 2406/2406/2406 2404/2404/2404
f 2406/2406/2406 2405/2405/2405 2407/2407/2407
f 2407/2407/2407 2405/2405/2405 2402/2402/2402
f 2408/2408/2408 2406/2406/2406 2407/2407/2407
f 2406/2406/2406 2408/2408/2408 2409/2409/2409
f 2409/2409/2409 2408/2408/2408 2410/2410/2410
f 2408/2408/2408 2411/2411/2411 2410/2410/2410
f 2410/2410/2410 2411/2411/2411 2412/2412/2412
f 2411/2411/2411 2413/2413/2413 2412/2412/2412
f 2412/2412/2412 2413/2413/2413 2414/2414/2414
f 2413/2413/2413 2415/2415/2415 2414/2414/2414
f 2414/2414/2414 2415/2415/2415 2416/2416/2416
f 2415/2415/2415 2417/2417/2417 2416/2416/2416
f 2418/2418/2418 2406/2406/2406 2409/2409/2409
f 2415/2415/2415 2413/2413/2413 2419/2419/2419
f 2415/2415/2415 2419/2419/2419 2417/2417/2417
f 2413/2413/2413 2420/2420/2420 2419/2419/2419
f 2413/2413/2413 2411/2411/2411 2420/2420/2420
f 2411/2411/2411 2408/2408/2408 2421/2421/2421
f 2408/2408/2408 2407/2407/2407 2421/2421/2421
f 2411/2411/2411 2421/2421/2421 2420/2420/2420
f 2419/2419/2419 2422/2422/2422 2417/2417/2417
f 2409/2409/2409 2423/2423/2423 2418/2418/2418
f 2420/2420/2420 2424/2424/2424 2419/2419/2419
f 2424/2424/2424 2420/2420/2420 2421/2421/2421
f 2424/2424/2424 2425/2425/2425 2419/2419/2419
f 2419/2419/2419 2425/2425/2425 2422/2422/2422
f 2426/2426/2426 2424/2424/2424 2421/2421/2421
f 2426/2426/2426 2421/2421/2421 2427/2427/2427
f 2421/2421/2421 2407/2407/2407 2427/2427/2427
f 2427/2427/2427 2407/2407/2407 2402/2402/2402
f 2427/2427/2427 2397/2397/2397 2426/2426/2426
f 2397/2397/2397 2395/2395/2395 2426/2426/2426
f 2426/2426/2426 2395/2395/2395 2424/2424/2424
f 2395/2395/2395 2392/2392/2392 2424/2424/2424
f 2392/2392/2392 2393/2393/2393 2424/2424/2424
f 2393/2393/2393 2425/2425/2425 2424/2424/2424
f 2402/2402/2402 2399/2399/2399 2427/2427/2427
f 2399/2399/2399 2397/2397/2397 2427/2427/2427
f 2425/2425/2425 2428/2428/2428 2422/2422/2422
f 2428/2428/2428 2425/2425/2425 2429/2429/2429
f 2425/2425/2425 2393/2393/2393 2429/2429/2429
f 2429/2429/2429 2393/2393/2393 2430/2430/2430
f 2393/2393/2393 2394/2394/2394 2430/2430/2430
f 2430/2430/2430 2394/2394/2394 2431/2431/2431
f 2394/2394/2394 2432/2432/2432 2431/2431/2431
f 2394/2394/2394 2391/2391/2391 2432/2432/2432
f 2391/2391/2391 2388/2388/2388 2432/2432/2432
f 2379/2379/2379 2432/2432/2432 2388/2388/2388
f 2433/2433/2433 2431/2431/2431 2432/2432/2432
f 2432/2432/2432 2379/2379/2379 2433/2433/2433
f 2379/2379/2379 2434/2434/2434 2433/2433/2433
f 2435/2435/2435 2434/2434/2434 2379/2379/2379
f 2436/2436/2436 2435/2435/2435 2379/2379/2379
f 2439/2439/2439 2438/2438/2438 2437/2437/2437
f 2439/2439/2439 2437/2437/2437 2440/2440/2440
f 2437/2437/2437 2441/2441/2441 2440/2440/2440
f 2441/2441/2441 2442/2442/2442 2440/2440/2440
f 2442/2442/2442 2441/2441/2441 2443/2443/2443
f 2442/2442/2442 2443/2443/2443 2444/2444/2444
f 2442/2442/2442 2444/2444/2444 2440/2440/2440
f 2443/2443/2443 2445/2445/2445 2444/2444/2444
f 2446/2446/2446 2445/2445/2445 2443/2443/2443
f 2447/2447/2447 2446/2446/2446 2443/2443/2443
f 2441/2441/2441 2447/2447/2447 2443/2443/2443
f 2448/2448/2448 2446/2446/2446 2447/2447/2447
f 2449/2449/2449 2448/2448/2448 2447/2447/2447
f 2449/2449/2449 2447/2447/2447 2450/2450/2450
f 2451/2451/2451 2449/2449/2449 2450/2450/2450
f 2452/2452/2452 2451/2451/2451 2450/2450/2450
f 2453/2453/2453 2452/2452/2452 2450/2450/2450
f 2454/2454/2454 2452/2452/2452 2453/2453/2453
f 2449/2449/2449 2451/2451/2451 2455/2455/2455
f 2451/2451/2451 2456/2456/2456 2455/2455/2455
f 2455/2455/2455 2456/2456/2456 2457/2457/2457
f 2458/2458/2458 2455/2455/2455 2457/2457/2457
f 2458/2458/2458 2457/2457/2457 2459/2459/2459
f 2459/2459/2459 2457/2457/2457 2460/2460/2460
f 2457/2457/2457 2461/2461/2461 2460/2460/2460
f 2457/2457/2457 2456/2456/2456 2461/2461/2461
f 2462/2462/2462 2458/2458/2458 2459/2459/2459
f 2463/2463/2463 2458/2458/2458 2462/2462/2462
f 2464/2464/2464 2463/2463/2463 2462/2462/2462
f 2463/2463/2463 2465/2465/2465 2458/2458/2458
f 2465/2465/2465 2455/2455/2455 2458/2458/2458
f 2456/2456/2456 2466/2466/2466 2461/2461/2461
f 2452/2452/2452 2466/2466/2466 2451/2451/2451
f 2466/2466/2466 2456/2456/2456 2451/2451/2451
f 2461/2461/2461 2466/2466/2466 2467/2467/2467
f 2468/2468/2468 2461/2461/2461 2467/2467/2467
f 2469/2469/2469 2468/2468/2468 2467/2467/2467
f 2467/2467/2467 2404/2404/2404 2469/2469/2469
f 2404/2404/2404 2470/2470/2470 2469/2469/2469
f 2406/2406/2406 2470/2470/2470 2404/2404/2404
f 2466/2466/2466 2471/2471/2471 2467/2467/2467
f 2404/2404/2404 2467/2467/2467 2471/2471/2471
f 2471/2471/2471 2466/2466/2466 2452/2452/2452
f 2472/2472/2472 2471/2471/2471 2452/2452/2452
f 2403/2403/2403 2471/2471/2471 2472/2472/2472
f 2403/2403/2403 2404/2404/2404 2471/2471/2471
f 2401/2401/2401 2403/2403/2403 2472/2472/2472
f 2472/2472/2472 2452/2452/2452 2454/2454/2454
f 2401/2401/2401 2472/2472/2472 2473/2473/2473
f 2473/2473/2473 2472/2472/2472 2454/2454/2454
f 2400/2400/2400 2401/2401/2401 2473/2473/2473
f 2454/2454/2454 2474/2474/2474 2473/2473/2473
f 2474/2474/2474 2454/2454/2454 2453/2453/2453
f 2475/2475/2475 2474/2474/2474 2453/2453/2453
f 2476/2476/2476 2475/2475/2475 2453/2453/2453
f 2476/2476/2476 2438/2438/2438 2475/2475/2475
f 2438/2438/2438 2477/2477/2477 2475/2475/2475
f 2450/2450/2450 2476/2476/2476 2453/2453/2453
f 2474/2474/2474 2478/2478/2478 2473/2473/2473
f 2478/2478/2478 2400/2400/2400 2473/2473/2473
f 2447/2447/2447 2476/2476/2476 2450/2450/2450
f 2477/2477/2477 2479/2479/2479 2475/2475/2475
f 2479/2479/2479 2474/2474/2474 2475/2475/2475
f 2474/2474/2474 2479/2479/2479 2478/2478/2478
f 2447/2447/2447 2441/2441/2441 2476/2476/2476
f 2438/2438/2438 2480/2480/2480 2477/2477/2477
f 2439/2439/2439 2480/2480/2480 2438/2438/2438
f 2480/2480/2480 2481/2481/2481 2477/2477/2477
f 2481/2481/2481 2480/2480/2480 2482/2482/2482
f 2483/2483/2483 2481/2481/2481 2482/2482/2482
f 2439/2439/2439 2484/2484/2484 2480/2480/2480
f 2481/2481/2481 2483/2483/2483 2485/2485/2485
f 2479/2479/2479 2477/2477/2477 2485/2485/2485
f 2477/2477/2477 2481/2481/2481 2485/2485/2485
f 2438/2438/2438 2476/2476/2476 2437/2437/2437
f 2476/2476/2476 2441/2441/2441 2437/2437/2437
f 2487/2487/2487 2486/2486/2486 2439/2439/2439
f 2439/2439/2439 2440/2440/2440 2487/2487/2487
f 2489/2489/2489 2488/2488/2488 2440/2440/2440
f 2444/2444/2444 2489/2489/2489 2440/2440/2440
f 2491/2491/2491 2490/2490/2490 2440/2440/2440
f 2493/2493/2493 2464/2464/2464 2492/2492/2492
f 2464/2464/2464 2462/2462/2462 2492/2492/2492
f 2495/2495/2495 2462/2462/2462 2494/2494/2494
f 2496/2496/2496 2495/2495/2495 2494/2494/2494
f 2462/2462/2462 2497/2497/2497 2494/2494/2494
f 2497/2497/2497 2498/2498/2498 2494/2494/2494
f 2497/2497/2497 2499/2499/2499 2498/2498/2498
f 2499/2499/2499 2500/2500/2500 2498/2498/2498
f 2494/2494/2494 2498/2498/2498 2501/2501/2501
f 2501/2501/2501 2498/2498/2498 2502/2502/2502
f 2503/2503/2503 2501/2501/2501 2502/2502/2502
f 2503/2503/2503 2502/2502/2502 2504/2504/2504
f 2505/2505/2505 2503/2503/2503 2504/2504/2504
f 2505/2505/2505 2504/2504/2504 2506/2506/2506
f 2496/2496/2496 2494/2494/2494 2507/2507/2507
f 2501/2501/2501 2503/2503/2503 2507/2507/2507
f 2501/2501/2501 2507/2507/2507 2494/2494/2494
f 2508/2508/2508 2496/2496/2496 2507/2507/2507
f 2503/2503/2503 2509/2509/2509 2507/2507/2507
f 2503/2503/2503 2505/2505/2505 2509/2509/2509
f 2508/2508/2508 2507/2507/2507 2509/2509/2509
f 2505/2505/2505 2510/2510/2510 2509/2509/2509
f 2505/2505/2505 2506/2506/2506 2510/2510/2510
f 2509/2509/2509 2510/2510/2510 2511/2511/2511
f 2512/2512/2512 2509/2509/2509 2511/2511/2511
f 2508/2508/2508 2509/2509/2509 2512/2512/2512
f 2511/2511/2511 2513/2513/2513 2512/2512/2512
f 2514/2514/2514 2513/2513/2513 2511/2511/2511
f 2515/2515/2515 2514/2514/2514 2511/2511/2511
f 2516/2516/2516 2515/2515/2515 2511/2511/2511
f 2516/2516/2516 2517/2517/2517 2515/2515/2515
f 2517/2517/2517 2518/2518/2518 2515/2515/2515
f 2515/2515/2515 2518/2518/2518 2519/2519/2519
f 2518/2518/2518 2520/2520/2520 2519/2519/2519
f 2519/2519/2519 2520/2520/2520 2521/2521/2521
f 2520/2520/2520 2522/2522/2522 2521/2521/2521
f 2522/2522/2522 2523/2523/2523 2521/2521/2521
f 2523/2523/2523 2524/2524/2524 2521/2521/2521
f 2516/2516/2516 2525/2525/2525 2517/2517/2517
f 2525/2525/2525 2526/2526/2526 2517/2517/2517
f 2527/2527/2527 2518/2518/2518 2517/2517/2517
f 2518/2518/2518 2527/2527/2527 2520/2520/2520
f 2528/2528/2528 2527/2527/2527 2517/2517/2517
f 2527/2527/2527 2529/2529/2529 2520/2520/2520
f 2520/2520/2520 2529/2529/2529 2522/2522/2522
f 2529/2529/2529 2530/2530/2530 2522/2522/2522
f 2530/2530/2530 2531/2531/2531 2522/2522/2522
f 2531/2531/2531 2523/2523/2523 2522/2522/2522
f 2532/2532/2532 2524/2524/2524 2523/2523/2523
f 2533/2533/2533 2532/2532/2532 2523/2523/2523
f 2532/2532/2532 2534/2534/2534 2524/2524/2524
f 2534/2534/2534 2535/2535/2535 2524/2524/2524
f 2521/2521/2521 2524/2524/2524 2535/2535/2535
f 2521/2521/2521 2535/2535/2535 2508/2508/2508
f 2508/2508/2508 2536/2536/2536 2521/2521/2521
f 2537/2537/2537 2536/2536/2536 2508/2508/2508
f 2536/2536/2536 2537/2537/2537 2538/2538/2538
f 2538/2538/2538 2537/2537/2537 2512/2512/2512
f 2512/2512/2512 2537/2537/2537 2508/2508/2508
f 2538/2538/2538 2512/2512/2512 2539/2539/2539
f 2513/2513/2513 2539/2539/2539 2512/2512/2512
f 2539/2539/2539 2513/2513/2513 2514/2514/2514
f 2540/2540/2540 2539/2539/2539 2514/2514/2514
f 2538/2538/2538 2539/2539/2539 2540/2540/2540
f 2514/2514/2514 2541/2541/2541 2540/2540/2540
f 2540/2540/2540 2541/2541/2541 2542/2542/2542
f 2542/2542/2542 2538/2538/2538 2540/2540/2540
f 2542/2542/2542 2536/2536/2536 2538/2538/2538
f 2541/2541/2541 2543/2543/2543 2542/2542/2542
f 2543/2543/2543 2536/2536/2536 2542/2542/2542
f 2541/2541/2541 2519/2519/2519 2543/2543/2543
f 2543/2543/2543 2521/2521/2521 2536/2536/2536
f 2519/2519/2519 2521/2521/2521 2543/2543/2543
f 2519/2519/2519 2541/2541/2541 2515/2515/2515
f 2514/2514/2514 2515/2515/2515 2541/2541/2541
f 2508/2508/2508 2535/2535/2535 2496/2496/2496
f 2535/2535/2535 2534/2534/2534 2496/2496/2496
f 2534/2534/2534 2495/2495/2495 2496/2496/2496
f 2546/2546/2546 2545/2545/2545 2544/2544/2544
f 2545/2545/2545 2547/2547/2547 2544/2544/2544
f 2548/2548/2548 2545/2545/2545 2546/2546/2546
f 2549/2549/2549 2548/2548/2548 2546/2546/2546
f 2548/2548/2548 2549/2549/2549 2550/2550/2550
f 2549/2549/2549 2546/2546/2546 2551/2551/2551
f 2551/2551/2551 2546/2546/2546 2544/2544/2544
f 2552/2552/2552 2549/2549/2549 2551/2551/2551
f 2553/2553/2553 2551/2551/2551 2544/2544/2544
f 2544/2544/2544 2554/2554/2554 2553/2553/2553
f 2544/2544/2544 2547/2547/2547 2554/2554/2554
f 2554/2554/2554 2555/2555/2555 2553/2553/2553
f 2556/2556/2556 2555/2555/2555 2554/2554/2554
f 2557/2557/2557 2556/2556/2556 2554/2554/2554
f 2557/2557/2557 2554/2554/2554 2558/2558/2558
f 2547/2547/2547 2558/2558/2558 2554/2554/2554
f 2559/2559/2559 2557/2557/2557 2558/2558/2558
f 2550/2550/2550 2560/2560/2560 2548/2548/2548
f 2560/2560/2560 2561/2561/2561 2548/2548/2548
f 2547/2547/2547 2562/2562/2562 2558/2558/2558
f 2562/2562/2562 2563/2563/2563 2558/2558/2558
f 2558/2558/2558 2563/2563/2563 2559/2559/2559
f 2552/2552/2552 2551/2551/2551 2564/2564/2564
f 2564/2564/2564 2551/2551/2551 2553/2553/2553
f 2565/2565/2565 2552/2552/2552 2564/2564/2564
f 2553/2553/2553 2555/2555/2555 2566/2566/2566
f 2566/2566/2566 2564/2564/2564 2553/2553/2553
f 2555/2555/2555 2423/2423/2423 2566/2566/2566
f 2567/2567/2567 2552/2552/2552 2565/2565/2565
f 2568/2568/2568 2567/2567/2567 2565/2565/2565
f 2556/2556/2556 2569/2569/2569 2555/2555/2555
f 2570/2570/2570 2423/2423/2423 2555/2555/2555
f 2563/2563/2563 2562/2562/2562 2571/2571/2571
f 2572/2572/2572 2563/2563/2563 2571/2571/2571
f 2573/2573/2573 2563/2563/2563 2572/2572/2572
f 2563/2563/2563 2573/2573/2573 2559/2559/2559
f 2574/2574/2574 2573/2573/2573 2572/2572/2572
f 2571/2571/2571 2562/2562/2562 2575/2575/2575
f 2562/2562/2562 2576/2576/2576 2575/2575/2575
f 2576/2576/2576 2562/2562/2562 2547/2547/2547
f 2545/2545/2545 2576/2576/2576 2547/2547/2547
f 2561/2561/2561 2576/2576/2576 2545/2545/2545
f 2576/2576/2576 2561/2561/2561 2575/2575/2575
f 2548/2548/2548 2561/2561/2561 2545/2545/2545
f 2561/2561/2561 2577/2577/2577 2575/2575/2575
f 2561/2561/2561 2578/2578/2578 2577/2577/2577
f 2573/2573/2573 2574/2574/2574 2579/2579/2579
f 2574/2574/2574 2580/2580/2580 2579/2579/2579
f 2579/2579/2579 2581/2581/2581 2573/2573/2573
f 2581/2581/2581 2559/2559/2559 2573/2573/2573
f 2580/2580/2580 2582/2582/2582 2579/2579/2579
f 2582/2582/2582 2583/2583/2583 2579/2579/2579
f 2579/2579/2579 2584/2584/2584 2581/2581/2581
f 2581/2581/2581 2584/2584/2584 2585/2585/2585
f 2585/2585/2585 2584/2584/2584 2586/2586/2586
f 2584/2584/2584 2587/2587/2587 2586/2586/2586
f 2583/2583/2583 2587/2587/2587 2579/2579/2579
f 2587/2587/2587 2584/2584/2584 2579/2579/2579
f 2588/2588/2588 2587/2587/2587 2583/2583/2583
f 2588/2588/2588 2586/2586/2586 2587/2587/2587
f 2583/2583/2583 2589/2589/2589 2588/2588/2588
f 2591/2591/2591 2559/2559/2559 2590/2590/2590
f 2592/2592/2592 2591/2591/2591 2590/2590/2590
f 2590/2590/2590 2593/2593/2593 2592/2592/2592
f 2593/2593/2593 2594/2594/2594 2592/2592/2592
f 2595/2595/2595 2594/2594/2594 2593/2593/2593
f 2596/2596/2596 2595/2595/2595 2593/2593/2593
f 2597/2597/2597 2595/2595/2595 2596/2596/2596
f 2597/2597/2597 2598/2598/2598 2595/2595/2595
f 2593/2593/2593 2590/2590/2590 2599/2599/2599
f 2590/2590/2590 2600/2600/2600 2599/2599/2599
f 2596/2596/2596 2593/2593/2593 2601/2601/2601
f 2593/2593/2593 2602/2602/2602 2601/2601/2601
f 2599/2599/2599 2602/2602/2602 2593/2593/2593
f 2603/2603/2603 2596/2596/2596 2601/2601/2601
f 2596/2596/2596 2603/2603/2603 2604/2604/2604
f 2605/2605/2605 2597/2597/2597 2603/2603/2603
f 2606/2606/2606 2605/2605/2605 2603/2603/2603
f 2607/2607/2607 2603/2603/2603 2601/2601/2601
f 2603/2603/2603 2607/2607/2607 2606/2606/2606
f 2607/2607/2607 2608/2608/2608 2606/2606/2606
f 2599/2599/2599 2609/2609/2609 2602/2602/2602
f 2610/2610/2610 2601/2601/2601 2602/2602/2602
f 2601/2601/2601 2610/2610/2610 2607/2607/2607
f 2602/2602/2602 2611/2611/2611 2610/2610/2610
f 2602/2602/2602 2612/2612/2612 2611/2611/2611
f 2610/2610/2610 2613/2613/2613 2607/2607/2607
f 2608/2608/2608 2607/2607/2607 2613/2613/2613
f 2614/2614/2614 2599/2599/2599 2600/2600/2600
f 2611/2611/2611 2612/2612/2612 2615/2615/2615
f 2612/2612/2612 2616/2616/2616 2615/2615/2615
f 2617/2617/2617 2615/2615/2615 2616/2616/2616
f 2617/2617/2617 2616/2616/2616 2618/2618/2618
f 2618/2618/2618 2619/2619/2619 2617/2617/2617
f 2620/2620/2620 2613/2613/2613 2610/2610/2610
f 2621/2621/2621 2620/2620/2620 2610/2610/2610
f 2620/2620/2620 2622/2622/2622 2613/2613/2613
f 2618/2618/2618 2616/2616/2616 2623/2623/2623
f 2616/2616/2616 2612/2612/2612 2623/2623/2623
f 2620/2620/2620 2621/2621/2621 2624/2624/2624
f 2624/2624/2624 2625/2625/2625 2620/2620/2620
f 2621/2621/2621 2626/2626/2626 2624/2624/2624
f 2611/2611/2611 2626/2626/2626 2610/2610/2610
f 2626/2626/2626 2621/2621/2621 2610/2610/2610
f 2628/2628/2628 2627/2627/2627 2613/2613/2613
f 2389/2389/2389 2390/2390/2390 2629/2629/2629
f 2390/2390/2390 2396/2396/2396 2629/2629/2629
f 2389/2389/2389 2629/2629/2629 2630/2630/2630
f 2385/2385/2385 2389/2389/2389 2630/2630/2630
f 2396/2396/2396 2398/2398/2398 2629/2629/2629
f 2398/2398/2398 2631/2631/2631 2629/2629/2629
f 2629/2629/2629 2631/2631/2631 2630/2630/2630
f 2385/2385/2385 2630/2630/2630 2386/2386/2386
f 2630/2630/2630 2632/2632/2632 2386/2386/2386
f 2631/2631/2631 2633/2633/2633 2630/2630/2630
f 2633/2633/2633 2632/2632/2632 2630/2630/2630
f 2632/2632/2632 2633/2633/2633 2634/2634/2634
f 2634/2634/2634 2387/2387/2387 2632/2632/2632
f 2387/2387/2387 2386/2386/2386 2632/2632/2632
f 2634/2634/2634 2635/2635/2635 2387/2387/2387
f 2398/2398/2398 2400/2400/2400 2631/2631/2631
f 2637/2637/2637 2636/2636/2636 2387/2387/2387
f 2637/2637/2637 2638/2638/2638 2636/2636/2636
f 2638/2638/2638 2639/2639/2639 2636/2636/2636
f 2448/2448/2448 2449/2449/2449 2465/2465/2465
f 2449/2449/2449 2455/2455/2455 2465/2465/2465
f 2641/2641/2641 2640/2640/2640 2577/2577/2577
f 2644/2644/2644 2643/2643/2643 2642/2642/2642
f 2643/2643/2643 2645/2645/2645 2642/2642/2642
f 2644/2644/2644 2646/2646/2646 2643/2643/2643
f 2647/2647/2647 2643/2643/2643 2646/2646/2646
f 2646/2646/2646 2648/2648/2648 2647/2647/2647
f 2649/2649/2649 2647/2647/2647 2648/2648/2648
f 2650/2650/2650 2649/2649/2649 2648/2648/2648
f 2647/2647/2647 2649/2649/2649 2651/2651/2651
f 2649/2649/2649 2652/2652/2652 2651/2651/2651
f 2643/2643/2643 2647/2647/2647 2653/2653/2653
f 2647/2647/2647 2654/2654/2654 2653/2653/2653
f 2651/2651/2651 2654/2654/2654 2647/2647/2647
f 2645/2645/2645 2643/2643/2643 2655/2655/2655
f 2643/2643/2643 2656/2656/2656 2655/2655/2655
f 2653/2653/2653 2656/2656/2656 2643/2643/2643
f 2656/2656/2656 2653/2653/2653 2657/2657/2657
f 2654/2654/2654 2651/2651/2651 2658/2658/2658
f 2659/2659/2659 2655/2655/2655 2656/2656/2656
f 2660/2660/2660 2659/2659/2659 2656/2656/2656
f 2660/2660/2660 2656/2656/2656 2661/2661/2661
f 2662/2662/2662 2660/2660/2660 2661/2661/2661
f 2658/2658/2658 2651/2651/2651 2663/2663/2663
f 2664/2664/2664 2663/2663/2663 2651/2651/2651
f 2665/2665/2665 2653/2653/2653 2654/2654/2654
f 2666/2666/2666 2665/2665/2665 2654/2654/2654
f 2666/2666/2666 2654/2654/2654 2667/2667/2667
f 2668/2668/2668 2653/2653/2653 2665/2665/2665
f 2669/2669/2669 2668/2668/2668 2665/2665/2665
f 2665/2665/2665 2666/2666/2666 2670/2670/2670
f 2670/2670/2670 2671/2671/2671 2665/2665/2665
f 2666/2666/2666 2672/2672/2672 2670/2670/2670
f 2659/2659/2659 2660/2660/2660 2673/2673/2673
f 2673/2673/2673 2674/2674/2674 2659/2659/2659
f 2671/2671/2671 2670/2670/2670 2675/2675/2675
f 2675/2675/2675 2670/2670/2670 2676/2676/2676
f 2678/2678/2678 2677/2677/2677 2663/2663/2663
f 2677/2677/2677 2679/2679/2679 2663/2663/2663
f 2680/2680/2680 2666/2666/2666 2679/2679/2679
f 2677/2677/2677 2678/2678/2678 2681/2681/2681
f 2681/2681/2681 2678/2678/2678 2682/2682/2682
f 2683/2683/2683 2682/2682/2682 2678/2678/2678
f 2663/2663/2663 2683/2683/2683 2678/2678/2678
f 2686/2686/2686 2685/2685/2685 2684/2684/2684
f 2684/2684/2684 2687/2687/2687 2686/2686/2686
f 2686/2686/2686 2688/2688/2688 2685/2685/2685
f 2689/2689/2689 2685/2685/2685 2688/2688/2688
f 2690/2690/2690 2689/2689/2689 2688/2688/2688
f 2600/2600/2600 2689/2689/2689 2690/2690/2690
f 2600/2600/2600 2690/2690/2690 2691/2691/2691
f 2685/2685/2685 2689/2689/2689 2692/2692/2692
f 2689/2689/2689 2600/2600/2600 2692/2692/2692
f 2693/2693/2693 2685/2685/2685 2692/2692/2692
f 2690/2690/2690 2694/2694/2694 2691/2691/2691
f 2694/2694/2694 2695/2695/2695 2691/2691/2691
f 2695/2695/2695 2696/2696/2696 2691/2691/2691
f 2696/2696/2696 2695/2695/2695 2697/2697/2697
f 2695/2695/2695 2694/2694/2694 2697/2697/2697
f 2697/2697/2697 2698/2698/2698 2696/2696/2696
f 2699/2699/2699 2600/2600/2600 2590/2590/2590
f 2699/2699/2699 2700/2700/2700 2600/2600/2600
f 2590/2590/2590 2559/2559/2559 2699/2699/2699
f 2701/2701/2701 2581/2581/2581 2699/2699/2699
f 2703/2703/2703 2699/2699/2699 2702/2702/2702
f 2702/2702/2702 2585/2585/2585 2703/2703/2703
f 2585/2585/2585 2704/2704/2704 2703/2703/2703
f 2704/2704/2704 2705/2705/2705 2703/2703/2703
f 2705/2705/2705 2706/2706/2706 2703/2703/2703
f 2707/2707/2707 2706/2706/2706 2705/2705/2705
f 2705/2705/2705 2704/2704/2704 2708/2708/2708
f 2703/2703/2703 2710/2710/2710 2709/2709/2709
f 2712/2712/2712 2711/2711/2711 2703/2703/2703
f 2714/2714/2714 2708/2708/2708 2713/2713/2713
f 2716/2716/2716 2599/2599/2599 2715/2715/2715
f 2717/2717/2717 2716/2716/2716 2691/2691/2691
f 2719/2719/2719 2718/2718/2718 2651/2651/2651
f 2660/2660/2660 2721/2721/2721 2720/2720/2720
f 2612/2612/2612 2602/2602/2602 2722/2722/2722
f 2500/2500/2500 2724/2724/2724 2723/2723/2723
f 2724/2724/2724 2725/2725/2725 2723/2723/2723
f 2723/2723/2723 2725/2725/2725 2506/2506/2506
f 2725/2725/2725 2726/2726/2726 2506/2506/2506
f 2726/2726/2726 2727/2727/2727 2506/2506/2506
f 2727/2727/2727 2728/2728/2728 2506/2506/2506
f 2727/2727/2727 2525/2525/2525 2728/2728/2728
f 2525/2525/2525 2516/2516/2516 2728/2728/2728
f 2728/2728/2728 2516/2516/2516 2511/2511/2511
f 2525/2525/2525 2727/2727/2727 2729/2729/2729
f 2730/2730/2730 2525/2525/2525 2729/2729/2729
f 2525/2525/2525 2730/2730/2730 2731/2731/2731
f 2506/2506/2506 2728/2728/2728 2510/2510/2510
f 2728/2728/2728 2511/2511/2511 2510/2510/2510
f 2531/2531/2531 2530/2530/2530 2732/2732/2732
f 2530/2530/2530 2529/2529/2529 2732/2732/2732
f 2732/2732/2732 2529/2529/2529 2733/2733/2733
f 2529/2529/2529 2527/2527/2527 2733/2733/2733
f 2528/2528/2528 2733/2733/2733 2527/2527/2527
f 2734/2734/2734 2523/2523/2523 2531/2531/2531
f 2737/2737/2737 2736/2736/2736 2735/2735/2735
f 2736/2736/2736 2738/2738/2738 2735/2735/2735
f 2740/2740/2740 2739/2739/2739 2737/2737/2737
f 2739/2739/2739 2741/2741/2741 2737/2737/2737
f 2743/2743/2743 2739/2739/2739 2742/2742/2742
f 2745/2745/2745 2744/2744/2744 2736/2736/2736
f 2736/2736/2736 2744/2744/2744 2746/2746/2746
f 2747/2747/2747 2743/2743/2743 2746/2746/2746
f 2749/2749/2749 2745/2745/2745 2748/2748/2748
f 2752/2752/2752 2751/2751/2751 2750/2750/2750
f 2751/2751/2751 2753/2753/2753 2750/2750/2750
f 2756/2756/2756 2755/2755/2755 2754/2754/2754
f 2759/2759/2759 2758/2758/2758 2757/2757/2757
f 2758/2758/2758 2760/2760/2760 2757/2757/2757
f 2758/2758/2758 2761/2761/2761 2760/2760/2760
f 2761/2761/2761 2762/2762/2762 2760/2760/2760
f 2758/2758/2758 2759/2759/2759 2763/2763/2763
f 2764/2764/2764 2758/2758/2758 2763/2763/2763
f 2759/2759/2759 2765/2765/2765 2763/2763/2763
f 2760/2760/2760 2766/2766/2766 2757/2757/2757
f 2766/2766/2766 2767/2767/2767 2757/2757/2757
f 2766/2766/2766 2760/2760/2760 2768/2768/2768
f 2760/2760/2760 2769/2769/2769 2768/2768/2768
f 2768/2768/2768 2771/2771/2771 2770/2770/2770
f 2772/2772/2772 2764/2764/2764 2770/2770/2770
f 2774/2774/2774 2764/2764/2764 2773/2773/2773
f 2777/2777/2777 2776/2776/2776 2775/2775/2775
f 2776/2776/2776 2778/2778/2778 2775/2775/2775
f 2775/2775/2775 2778/2778/2778 2779/2779/2779
f 2778/2778/2778 2780/2780/2780 2779/2779/2779
f 2783/2783/2783 2782/2782/2782 2781/2781/2781
f 2782/2782/2782 2784/2784/2784 2781/2781/2781
f 2785/2785/2785 2782/2782/2782 2783/2783/2783
f 2781/2781/2781 2784/2784/2784 2786/2786/2786
f 2786/2786/2786 2787/2787/2787 2781/2781/2781
f 2786/2786/2786 2788/2788/2788 2787/2787/2787
f 2781/2781/2781 2787/2787/2787 2789/2789/2789
f 2787/2787/2787 2790/2790/2790 2789/2789/2789
f 2790/2790/2790 2787/2787/2787 2791/2791/2791
f 2791/2791/2791 2787/2787/2787 2788/2788/2788
f 2792/2792/2792 2790/2790/2790 2791/2791/2791
f 2792/2792/2792 2793/2793/2793 2790/2790/2790
f 2792/2792/2792 2791/2791/2791 2794/2794/2794
f 2794/2794/2794 2791/2791/2791 2795/2795/2795
f 2791/2791/2791 2796/2796/2796 2795/2795/2795
f 2795/2795/2795 2796/2796/2796 2797/2797/2797
f 2796/2796/2796 2798/2798/2798 2797/2797/2797
f 2798/2798/2798 2799/2799/2799 2797/2797/2797
f 2799/2799/2799 2800/2800/2800 2797/2797/2797
f 2800/2800/2800 2799/2799/2799 2801/2801/2801
f 2802/2802/2802 2800/2800/2800 2801/2801/2801
f 2802/2802/2802 2801/2801/2801 2803/2803/2803
f 2804/2804/2804 2802/2802/2802 2803/2803/2803
f 2805/2805/2805 2792/2792/2792 2794/2794/2794
f 2793/2793/2793 2792/2792/2792 2805/2805/2805
f 2806/2806/2806 2793/2793/2793 2805/2805/2805
f 2807/2807/2807 2791/2791/2791 2788/2788/2788
f 2808/2808/2808 2807/2807/2807 2788/2788/2788
f 2807/2807/2807 2808/2808/2808 2809/2809/2809
f 2810/2810/2810 2807/2807/2807 2809/2809/2809
f 2810/2810/2810 2809/2809/2809 2811/2811/2811
f 2812/2812/2812 2810/2810/2810 2811/2811/2811
f 2813/2813/2813 2812/2812/2812 2811/2811/2811
f 2814/2814/2814 2813/2813/2813 2811/2811/2811
f 2813/2813/2813 2814/2814/2814 2815/2815/2815
f 2816/2816/2816 2813/2813/2813 2815/2815/2815
f 2808/2808/2808 2788/2788/2788 2817/2817/2817
f 2788/2788/2788 2818/2818/2818 2817/2817/2817
f 2788/2788/2788 2786/2786/2786 2818/2818/2818
f 2820/2820/2820 2786/2786/2786 2819/2819/2819
f 2821/2821/2821 2820/2820/2820 2819/2819/2819
f 2821/2821/2821 2819/2819/2819 2822/2822/2822
f 2819/2819/2819 2823/2823/2823 2822/2822/2822
f 2823/2823/2823 2824/2824/2824 2822/2822/2822
f 2824/2824/2824 2825/2825/2825 2822/2822/2822
f 2828/2828/2828 2827/2827/2827 2826/2826/2826
f 2827/2827/2827 2829/2829/2829 2826/2826/2826
f 2827/2827/2827 2828/2828/2828 2830/2830/2830
f 2831/2831/2831 2827/2827/2827 2830/2830/2830
f 2831/2831/2831 2830/2830/2830 2832/2832/2832
f 2830/2830/2830 2833/2833/2833 2832/2832/2832
f 2836/2836/2836 2835/2835/2835 2834/2834/2834
f 2838/2838/2838 2837/2837/2837 2834/2834/2834
f 2790/2790/2790 2840/2840/2840 2839/2839/2839
f 2840/2840/2840 2841/2841/2841 2839/2839/2839
f 2790/2790/2790 2839/2839/2839 2789/2789/2789
f 2842/2842/2842 2781/2781/2781 2789/2789/2789
f 2781/2781/2781 2842/2842/2842 2843/2843/2843
f 2783/2783/2783 2781/2781/2781 2843/2843/2843
f 2785/2785/2785 2783/2783/2783 2843/2843/2843
f 2844/2844/2844 2785/2785/2785 2843/2843/2843
f 2847/2847/2847 2846/2846/2846 2845/2845/2845
f 2846/2846/2846 2848/2848/2848 2845/2845/2845
f 2849/2849/2849 2848/2848/2848 2846/2846/2846
f 2846/2846/2846 2850/2850/2850 2849/2849/2849
f 2850/2850/2850 2851/2851/2851 2849/2849/2849
f 2852/2852/2852 2847/2847/2847 2845/2845/2845
f 2849/2849/2849 2851/2851/2851 2853/2853/2853
f 2854/2854/2854 2849/2849/2849 2853/2853/2853
f 2855/2855/2855 2849/2849/2849 2854/2854/2854
f 2856/2856/2856 2855/2855/2855 2854/2854/2854
f 2857/2857/2857 2854/2854/2854 2853/2853/2853
f 2858/2858/2858 2857/2857/2857 2853/2853/2853
f 2851/2851/2851 2850/2850/2850 2859/2859/2859
f 2860/2860/2860 2851/2851/2851 2859/2859/2859
f 2857/2857/2857 2858/2858/2858 2861/2861/2861
f 2858/2858/2858 2862/2862/2862 2861/2861/2861
f 2863/2863/2863 2861/2861/2861 2862/2862/2862
f 2864/2864/2864 2863/2863/2863 2862/2862/2862
f 2865/2865/2865 2863/2863/2863 2864/2864/2864
f 2866/2866/2866 2865/2865/2865 2864/2864/2864
f 2860/2860/2860 2859/2859/2859 2867/2867/2867
f 2855/2855/2855 2856/2856/2856 2868/2868/2868
f 2869/2869/2869 2855/2855/2855 2868/2868/2868
f 2869/2869/2869 2868/2868/2868 2870/2870/2870
f 2871/2871/2871 2869/2869/2869 2870/2870/2870
f 2874/2874/2874 2873/2873/2873 2872/2872/2872
f 2876/2876/2876 2874/2874/2874 2875/2875/2875
f 2875/2875/2875 2878/2878/2878 2877/2877/2877
f 2881/2881/2881 2880/2880/2880 2879/2879/2879
f 2883/2883/2883 2882/2882/2882 2881/2881/2881
f 2886/2886/2886 2885/2885/2885 2884/2884/2884
f 2888/2888/2888 2887/2887/2887 2885/2885/2885
f 2890/2890/2890 2889/2889/2889 2887/2887/2887
f 2893/2893/2893 2892/2892/2892 2891/2891/2891
f 2895/2895/2895 2892/2892/2892 2894/2894/2894
f 2898/2898/2898 2897/2897/2897 2896/2896/2896
f 2898/2898/2898 2900/2900/2900 2899/2899/2899
f 2903/2903/2903 2902/2902/2902 2901/2901/2901
f 2903/2903/2903 2905/2905/2905 2904/2904/2904
f 2907/2907/2907 2906/2906/2906 2905/2905/2905
f 2910/2910/2910 2909/2909/2909 2908/2908/2908
f 2911/2911/2911 2910/2910/2910 2908/2908/2908
f 2912/2912/2912 2911/2911/2911 2908/2908/2908
f 2908/2908/2908 2909/2909/2909 2913/2913/2913
f 2914/2914/2914 2908/2908/2908 2913/2913/2913
f 2913/2913/2913 2915/2915/2915 2914/2914/2914
f 2915/2915/2915 2916/2916/2916 2914/2914/2914
f 2919/2919/2919 2918/2918/2918 2917/2917/2917
f 2918/2918/2918 2920/2920/2920 2917/2917/2917
f 2921/2921/2921 2917/2917/2917 2920/2920/2920
f 2920/2920/2920 2918/2918/2918 2922/2922/2922
f 2918/2918/2918 2923/2923/2923 2922/2922/2922
f 2919/2919/2919 2917/2917/2917 2924/2924/2924
f 2925/2925/2925 2919/2919/2919 2924/2924/2924
f 2924/2924/2924 2917/2917/2917 2926/2926/2926
f 2917/2917/2917 2927/2927/2927 2926/2926/2926
f 2917/2917/2917 2921/2921/2921 2927/2927/2927
f 2926/2926/2926 2927/2927/2927 2928/2928/2928
f 2929/2929/2929 2926/2926/2926 2928/2928/2928
f 2925/2925/2925 2930/2930/2930 2919/2919/2919
f 2930/2930/2930 2931/2931/2931 2919/2919/2919
f 2930/2930/2930 2932/2932/2932 2931/2931/2931
f 2918/2918/2918 2919/2919/2919 2933/2933/2933
f 2919/2919/2919 2931/2931/2931 2933/2933/2933
f 2928/2928/2928 2927/2927/2927 2934/2934/2934
f 2928/2928/2928 2934/2934/2934 2935/2935/2935
f 2927/2927/2927 2936/2936/2936 2934/2934/2934
f 2921/2921/2921 2936/2936/2936 2927/2927/2927
f 2934/2934/2934 2936/2936/2936 2937/2937/2937
f 2936/2936/2936 2938/2938/2938 2937/2937/2937
f 2938/2938/2938 2936/2936/2936 2939/2939/2939
f 2936/2936/2936 2921/2921/2921 2939/2939/2939
f 2928/2928/2928 2935/2935/2935 2940/2940/2940
f 2940/2940/2940 2929/2929/2929 2928/2928/2928
f 2935/2935/2935 2941/2941/2941 2940/2940/2940
f 2942/2942/2942 2941/2941/2941 2935/2935/2935
f 2943/2943/2943 2942/2942/2942 2935/2935/2935
f 2933/2933/2933 2931/2931/2931 2944/2944/2944
f 2931/2931/2931 2945/2945/2945 2944/2944/2944
f 2945/2945/2945 2946/2946/2946 2944/2944/2944
f 2945/2945/2945 2947/2947/2947 2946/2946/2946
f 2947/2947/2947 2948/2948/2948 2946/2946/2946
f 2946/2946/2946 2948/2948/2948 2949/2949/2949
f 2948/2948/2948 2950/2950/2950 2949/2949/2949
f 2951/2951/2951 2944/2944/2944 2946/2946/2946
f 2946/2946/2946 2949/2949/2949 2951/2951/2951
f 2951/2951/2951 2952/2952/2952 2944/2944/2944
f 2949/2949/2949 2953/2953/2953 2951/2951/2951
f 2954/2954/2954 2939/2939/2939 2921/2921/2921
f 2955/2955/2955 2954/2954/2954 2921/2921/2921
f 2956/2956/2956 2940/2940/2940 2941/2941/2941
f 2957/2957/2957 2956/2956/2956 2941/2941/2941
f 2958/2958/2958 2957/2957/2957 2942/2942/2942
f 2960/2960/2960 2945/2945/2945 2959/2959/2959
f 2945/2945/2945 2932/2932/2932 2961/2961/2961
f 2962/2962/2962 2945/2945/2945 2931/2931/2931
f 2920/2920/2920 2955/2955/2955 2921/2921/2921
f 2920/2920/2920 2963/2963/2963 2955/2955/2955
f 2964/2964/2964 2940/2940/2940 2956/2956/2956
f 2964/2964/2964 2929/2929/2929 2940/2940/2940
f 2964/2964/2964 2965/2965/2965 2929/2929/2929
f 2957/2957/2957 2941/2941/2941 2942/2942/2942
f 2964/2964/2964 2967/2967/2967 2966/2966/2966
f 2967/2967/2967 2968/2968/2968 2966/2966/2966
f 2967/2967/2967 2964/2964/2964 2969/2969/2969
f 2969/2969/2969 2970/2970/2970 2967/2967/2967
f 2970/2970/2970 2971/2971/2971 2967/2967/2967
f 2972/2972/2972 2967/2967/2967 2971/2971/2971
f 2972/2972/2972 2971/2971/2971 2973/2973/2973
f 2971/2971/2971 2974/2974/2974 2973/2973/2973
f 2974/2974/2974 2975/2975/2975 2973/2973/2973
f 2975/2975/2975 2976/2976/2976 2973/2973/2973
f 2976/2976/2976 2975/2975/2975 2977/2977/2977
f 2978/2978/2978 2976/2976/2976 2977/2977/2977
f 2976/2976/2976 2978/2978/2978 2979/2979/2979
f 2978/2978/2978 2980/2980/2980 2979/2979/2979
f 2981/2981/2981 2977/2977/2977 2975/2975/2975
f 2982/2982/2982 2971/2971/2971 2970/2970/2970
f 2983/2983/2983 2982/2982/2982 2970/2970/2970
f 2982/2982/2982 2983/2983/2983 2984/2984/2984
f 2982/2982/2982 2984/2984/2984 2971/2971/2971
f 2984/2984/2984 2974/2974/2974 2971/2971/2971
f 2983/2983/2983 2985/2985/2985 2984/2984/2984
f 2985/2985/2985 2983/2983/2983 2970/2970/2970
f 2985/2985/2985 2986/2986/2986 2984/2984/2984
f 2986/2986/2986 2981/2981/2981 2975/2975/2975
f 2975/2975/2975 2974/2974/2974 2986/2986/2986
f 2976/2976/2976 2979/2979/2979 2987/2987/2987
f 2974/2974/2974 2984/2984/2984 2988/2988/2988
f 2973/2973/2973 2976/2976/2976 2989/2989/2989
f 2968/2968/2968 2973/2973/2973 2989/2989/2989
f 2990/2990/2990 2968/2968/2968 2989/2989/2989
f 2992/2992/2992 2991/2991/2991 2986/2986/2986
f 2991/2991/2991 2993/2993/2993 2986/2986/2986
f 2970/2970/2970 2994/2994/2994 2985/2985/2985
f 2995/2995/2995 2994/2994/2994 2970/2970/2970
f 2994/2994/2994 2995/2995/2995 2996/2996/2996
f 2997/2997/2997 2995/2995/2995 2970/2970/2970
f 2996/2996/2996 2998/2998/2998 2994/2994/2994
f 3000/3000/3000 2999/2999/2999 2992/2992/2992
f 3003/3003/3003 3002/3002/3002 3001/3001/3001
f 3004/3004/3004 3001/3001/3001 3002/3002/3002
f 3005/3005/3005 3004/3004/3004 3002/3002/3002
f 3006/3006/3006 3004/3004/3004 3005/3005/3005
f 3007/3007/3007 3002/3002/3002 3003/3003/3003
f 3008/3008/3008 3007/3007/3007 3003/3003/3003
f 2923/2923/2923 2918/2918/2918 3009/3009/3009
f 2918/2918/2918 2933/2933/2933 3009/3009/3009
f 2933/2933/2933 3010/3010/3010 3009/3009/3009
f 3012/3012/3012 2933/2933/2933 3011/3011/3011
f 2933/2933/2933 2944/2944/2944 3013/3013/3013
f 2944/2944/2944 3014/3014/3014 3013/3013/3013
f 2934/2934/2934 3015/3015/3015 2935/2935/2935
f 3015/3015/3015 3016/3016/3016 2935/2935/2935
f 2934/2934/2934 2937/2937/2937 3015/3015/3015
f 3016/3016/3016 2943/2943/2943 2935/2935/2935
f 3019/3019/3019 3018/3018/3018 3017/3017/3017
f 3022/3022/3022 3021/3021/3021 3020/3020/3020
f 3020/3020/3020 3021/3021/3021 2969/2969/2969
f 2956/2956/2956 3020/3020/3020 2969/2969/2969
f 2964/2964/2964 2956/2956/2956 2969/2969/2969
f 3025/3025/3025 3024/3024/3024 3023/3023/3023
f 3028/3028/3028 3027/3027/3027 3026/3026/3026
f 3030/3030/3030 3029/3029/3029 3026/3026/3026
f 3033/3033/3033 3032/3032/3032 3031/3031/3031
f 3032/3032/3032 3034/3034/3034 3031/3031/3031
f 3035/3035/3035 3033/3033/3033 3031/3031/3031
f 3036/3036/3036 3035/3035/3035 3031/3031/3031
f 3036/3036/3036 3031/3031/3031 3037/3037/3037
f 3031/3031/3031 3038/3038/3038 3037/3037/3037
f 3037/3037/3037 3038/3038/3038 3039/3039/3039
f 3038/3038/3038 3040/3040/3040 3039/3039/3039
f 3041/3041/3041 3039/3039/3039 3040/3040/3040
f 3042/3042/3042 3041/3041/3041 3040/3040/3040
f 3038/3038/3038 3043/3043/3043 3040/3040/3040
f 3038/3038/3038 3031/3031/3031 3043/3043/3043
f 3043/3043/3043 3044/3044/3044 3040/3040/3040
f 3044/3044/3044 3045/3045/3045 3040/3040/3040
f 3045/3045/3045 3042/3042/3042 3040/3040/3040
f 3034/3034/3034 3032/3032/3032 3046/3046/3046
f 3034/3034/3034 3046/3046/3046 3047/3047/3047
f 3048/3048/3048 3034/3034/3034 3047/3047/3047
f 3043/3043/3043 3048/3048/3048 3049/3049/3049
f 3049/3049/3049 3048/3048/3048 3047/3047/3047
f 3050/3050/3050 3043/3043/3043 3049/3049/3049
f 3044/3044/3044 3043/3043/3043 3050/3050/3050
f 3051/3051/3051 3044/3044/3044 3050/3050/3050
f 3045/3045/3045 3044/3044/3044 3051/3051/3051
f 3041/3041/3041 3042/3042/3042 3052/3052/3052
f 3042/3042/3042 3053/3053/3053 3052/3052/3052
f 3054/3054/3054 3045/3045/3045 3051/3051/3051
f 3031/3031/3031 3048/3048/3048 3043/3043/3043
f 3031/3031/3031 3034/3034/3034 3048/3048/3048
f 3032/3032/3032 3055/3055/3055 3046/3046/3046
f 3058/3058/3058 3057/3057/3057 3056/3056/3056
f 3057/3057/3057 3059/3059/3059 3056/3056/3056
f 3060/3060/3060 3056/3056/3056 3059/3059/3059
f 3060/3060/3060 3061/3061/3061 3056/3056/3056
f 3061/3061/3061 3062/3062/3062 3056/3056/3056
f 3056/3056/3056 3062/3062/3062 3058/3058/3058
f 3063/3063/3063 3062/3062/3062 3061/3061/3061
f 3064/3064/3064 3063/3063/3063 3061/3061/3061
f 3065/3065/3065 3062/3062/3062 3063/3063/3063
f 3062/3062/3062 3065/3065/3065 3058/3058/3058
f 3066/3066/3066 3065/3065/3065 3063/3063/3063
f 3067/3067/3067 3065/3065/3065 3066/3066/3066
f 3066/3066/3066 3068/3068/3068 3067/3067/3067
f 3066/3066/3066 3069/3069/3069 3068/3068/3068
f 3070/3070/3070 3060/3060/3060 3059/3059/3059
f 3070/3070/3070 3059/3059/3059 3071/3071/3071
f 3069/3069/3069 3072/3072/3072 3068/3068/3068
f 3072/3072/3072 3073/3073/3073 3068/3068/3068
f 3072/3072/3072 3074/3074/3074 3073/3073/3073
f 3074/3074/3074 3075/3075/3075 3073/3073/3073
f 3075/3075/3075 3076/3076/3076 3073/3073/3073
f 3072/3072/3072 3077/3077/3077 3074/3074/3074
f 3067/3067/3067 3068/3068/3068 3078/3078/3078
f 3078/3078/3078 3068/3068/3068 3073/3073/3073
f 3078/3078/3078 3079/3079/3079 3067/3067/3067
f 3079/3079/3079 3078/3078/3078 3080/3080/3080
f 3078/3078/3078 3081/3081/3081 3080/3080/3080
f 3073/3073/3073 3076/3076/3076 3081/3081/3081
f 3081/3081/3081 3078/3078/3078 3073/3073/3073
f 3079/3079/3079 3082/3082/3082 3067/3067/3067
f 3082/3082/3082 3079/3079/3079 3080/3080/3080
f 3067/3067/3067 3082/3082/3082 3083/3083/3083
f 3082/3082/3082 3084/3084/3084 3083/3083/3083
f 3083/3083/3083 3084/3084/3084 3085/3085/3085
f 3081/3081/3081 3086/3086/3086 3080/3080/3080
f 3081/3081/3081 3087/3087/3087 3086/3086/3086
f 3076/3076/3076 3087/3087/3087 3081/3081/3081
f 3087/3087/3087 3088/3088/3088 3086/3086/3086
f 3086/3086/3086 3089/3089/3089 3080/3080/3080
f 3080/3080/3080 3089/3089/3089 3082/3082/3082
f 3089/3089/3089 3084/3084/3084 3082/3082/3082
f 3086/3086/3086 3090/3090/3090 3089/3089/3089
f 3086/3086/3086 3088/3088/3088 3090/3090/3090
f 3090/3090/3090 3091/3091/3091 3089/3089/3089
f 3089/3089/3089 3091/3091/3091 3084/3084/3084
f 3091/3091/3091 3085/3085/3085 3084/3084/3084
f 3067/3067/3067 3083/3083/3083 3065/3065/3065
f 3083/3083/3083 3058/3058/3058 3065/3065/3065
f 3057/3057/3057 3058/3058/3058 3083/3083/3083
f 3088/3088/3088 3092/3092/3092 3090/3090/3090
f 3093/3093/3093 3090/3090/3090 3092/3092/3092
f 3090/3090/3090 3093/3093/3093 3085/3085/3085
f 3057/3057/3057 3083/3083/3083 3093/3093/3093
f 3083/3083/3083 3085/3085/3085 3093/3093/3093
f 3094/3094/3094 3093/3093/3093 3092/3092/3092
f 3094/3094/3094 3092/3092/3092 3095/3095/3095
f 3094/3094/3094 3095/3095/3095 3096/3096/3096
f 3071/3071/3071 3094/3094/3094 3096/3096/3096
f 3093/3093/3093 3094/3094/3094 3071/3071/3071
f 3092/3092/3092 3097/3097/3097 3095/3095/3095
f 3092/3092/3092 3098/3098/3098 3097/3097/3097
f 3098/3098/3098 3092/3092/3092 3088/3088/3088
f 3098/3098/3098 3099/3099/3099 3097/3097/3097
f 3099/3099/3099 3098/3098/3098 3100/3100/3100
f 3098/3098/3098 3101/3101/3101 3100/3100/3100
f 3101/3101/3101 3098/3098/3098 3102/3102/3102
f 3103/3103/3103 3101/3101/3101 3102/3102/3102
f 3088/3088/3088 3102/3102/3102 3098/3098/3098
f 3088/3088/3088 3104/3104/3104 3102/3102/3102
f 3104/3104/3104 3088/3088/3088 3087/3087/3087
f 3087/3087/3087 3105/3105/3105 3104/3104/3104
f 3087/3087/3087 3106/3106/3106 3105/3105/3105
f 3106/3106/3106 3087/3087/3087 3107/3107/3107
f 3087/3087/3087 3076/3076/3076 3107/3107/3107
f 3107/3107/3107 3076/3076/3076 3108/3108/3108
f 3076/3076/3076 3075/3075/3075 3108/3108/3108
f 3104/3104/3104 3109/3109/3109 3102/3102/3102
f 3109/3109/3109 3110/3110/3110 3102/3102/3102
f 3102/3102/3102 3110/3110/3110 3103/3103/3103
f 3110/3110/3110 3109/3109/3109 3111/3111/3111
f 3109/3109/3109 3112/3112/3112 3111/3111/3111
f 3110/3110/3110 3111/3111/3111 3113/3113/3113
f 3114/3114/3114 3110/3110/3110 3113/3113/3113
f 3112/3112/3112 3109/3109/3109 3115/3115/3115
f 3105/3105/3105 3115/3115/3115 3104/3104/3104
f 3115/3115/3115 3109/3109/3109 3104/3104/3104
f 3116/3116/3116 3112/3112/3112 3115/3115/3115
f 3116/3116/3116 3117/3117/3117 3112/3112/3112
f 3114/3114/3114 3113/3113/3113 3118/3118/3118
f 3119/3119/3119 3114/3114/3114 3118/3118/3118
f 3119/3119/3119 3118/3118/3118 3120/3120/3120
f 3121/3121/3121 3119/3119/3119 3120/3120/3120
f 3119/3119/3119 3121/3121/3121 3122/3122/3122
f 3121/3121/3121 3123/3123/3123 3122/3122/3122
f 3114/3114/3114 3119/3119/3119 3124/3124/3124
f 3119/3119/3119 3122/3122/3122 3124/3124/3124
f 3110/3110/3110 3114/3114/3114 3125/3125/3125
f 3114/3114/3114 3124/3124/3124 3125/3125/3125
f 3110/3110/3110 3125/3125/3125 3103/3103/3103
f 3118/3118/3118 3113/3113/3113 3126/3126/3126
f 3113/3113/3113 3127/3127/3127 3126/3126/3126
f 3128/3128/3128 3127/3127/3127 3113/3113/3113
f 3111/3111/3111 3128/3128/3128 3113/3113/3113
f 3120/3120/3120 3118/3118/3118 3129/3129/3129
f 3118/3118/3118 3126/3126/3126 3129/3129/3129
f 3111/3111/3111 3112/3112/3112 3130/3130/3130
f 3112/3112/3112 3131/3131/3131 3130/3130/3130
f 3131/3131/3131 3112/3112/3112 3132/3132/3132
f 3112/3112/3112 3117/3117/3117 3133/3133/3133
f 3117/3117/3117 3134/3134/3134 3133/3133/3133
f 3135/3135/3135 3134/3134/3134 3117/3117/3117
f 3136/3136/3136 3135/3135/3135 3117/3117/3117
f 3137/3137/3137 3135/3135/3135 3136/3136/3136
f 3138/3138/3138 3137/3137/3137 3136/3136/3136
f 3138/3138/3138 3136/3136/3136 3139/3139/3139
f 3136/3136/3136 3108/3108/3108 3139/3139/3139
f 3139/3139/3139 3108/3108/3108 3140/3140/3140
f 3136/3136/3136 3141/3141/3141 3108/3108/3108
f 3136/3136/3136 3117/3117/3117 3141/3141/3141
f 3108/3108/3108 3141/3141/3141 3142/3142/3142
f 3141/3141/3141 3117/3117/3117 3142/3142/3142
f 3143/3143/3143 3108/3108/3108 3142/3142/3142
f 3108/3108/3108 3143/3143/3143 3107/3107/3107
f 3106/3106/3106 3107/3107/3107 3143/3143/3143
f 3144/3144/3144 3106/3106/3106 3143/3143/3143
f 3106/3106/3106 3144/3144/3144 3105/3105/3105
f 3117/3117/3117 3145/3145/3145 3142/3142/3142
f 3145/3145/3145 3117/3117/3117 3146/3146/3146
f 3117/3117/3117 3116/3116/3116 3146/3146/3146
f 3146/3146/3146 3116/3116/3116 3147/3147/3147
f 3116/3116/3116 3115/3115/3115 3147/3147/3147
f 3115/3115/3115 3105/3105/3105 3148/3148/3148
f 3105/3105/3105 3149/3149/3149 3148/3148/3148
f 3151/3151/3151 3150/3150/3150 3069/3069/3069
f 3150/3150/3150 3072/3072/3072 3069/3069/3069
f 3150/3150/3150 3152/3152/3152 3072/3072/3072
f 3152/3152/3152 3077/3077/3077 3072/3072/3072
f 3151/3151/3151 3069/3069/3069 3066/3066/3066
f 3153/3153/3153 3151/3151/3151 3066/3066/3066
f 3153/3153/3153 3154/3154/3154 3151/3151/3151
f 3154/3154/3154 3150/3150/3150 3151/3151/3151
f 3155/3155/3155 3152/3152/3152 3150/3150/3150
f 3066/3066/3066 3063/3063/3063 3153/3153/3153
f 3156/3156/3156 3063/3063/3063 3064/3064/3064
f 3158/3158/3158 3157/3157/3157 3064/3064/3064
f 3160/3160/3160 3099/3099/3099 3159/3159/3159
f 3099/3099/3099 3100/3100/3100 3159/3159/3159
f 3160/3160/3160 3159/3159/3159 3161/3161/3161
f 3159/3159/3159 3162/3162/3162 3161/3161/3161
f 3099/3099/3099 3160/3160/3160 3097/3097/3097
f 3160/3160/3160 3163/3163/3163 3097/3097/3097
f 3164/3164/3164 3163/3163/3163 3160/3160/3160
f 3164/3164/3164 3160/3160/3160 3165/3165/3165
f 3160/3160/3160 3161/3161/3161 3165/3165/3165
f 3166/3166/3166 3164/3164/3164 3165/3165/3165
f 3164/3164/3164 3166/3166/3166 3163/3163/3163
f 3167/3167/3167 3166/3166/3166 3165/3165/3165
f 3167/3167/3167 3165/3165/3165 3168/3168/3168
f 3165/3165/3165 3169/3169/3169 3168/3168/3168
f 3165/3165/3165 3161/3161/3161 3169/3169/3169
f 3167/3167/3167 3168/3168/3168 3096/3096/3096
f 3095/3095/3095 3167/3167/3167 3096/3096/3096
f 3166/3166/3166 3167/3167/3167 3095/3095/3095
f 3095/3095/3095 3097/3097/3097 3170/3170/3170
f 3170/3170/3170 3166/3166/3166 3095/3095/3095
f 3163/3163/3163 3170/3170/3170 3097/3097/3097
f 3166/3166/3166 3170/3170/3170 3163/3163/3163
f 3090/3090/3090 3085/3085/3085 3171/3171/3171
f 3093/3093/3093 3059/3059/3059 3057/3057/3057
f 3059/3059/3059 3093/3093/3093 3071/3071/3071
f 3174/3174/3174 3173/3173/3173 3172/3172/3172
f 3173/3173/3173 3175/3175/3175 3172/3172/3172
f 3173/3173/3173 3174/3174/3174 3176/3176/3176
f 3174/3174/3174 3172/3172/3172 3177/3177/3177
f 3174/3174/3174 3179/3179/3179 3178/3178/3178
f 3174/3174/3174 3180/3180/3180 3179/3179/3179
f 3176/3176/3176 3179/3179/3179 3181/3181/3181
f 3179/3179/3179 3182/3182/3182 3181/3181/3181
f 3181/3181/3181 3182/3182/3182 3183/3183/3183
f 3182/3182/3182 3184/3184/3184 3183/3183/3183
f 3185/3185/3185 3182/3182/3182 3179/3179/3179
f 3186/3186/3186 3185/3185/3185 3179/3179/3179
f 3184/3184/3184 3187/3187/3187 3183/3183/3183
f 3187/3187/3187 3188/3188/3188 3183/3183/3183
f 3190/3190/3190 3174/3174/3174 3189/3189/3189
f 3193/3193/3193 3192/3192/3192 3191/3191/3191
f 3191/3191/3191 3194/3194/3194 3193/3193/3193
f 3194/3194/3194 3195/3195/3195 3193/3193/3193
f 3192/3192/3192 3193/3193/3193 3196/3196/3196
f 3197/3197/3197 3192/3192/3192 3196/3196/3196
f 3196/3196/3196 3193/3193/3193 3198/3198/3198
f 3193/3193/3193 3195/3195/3195 3198/3198/3198
f 3199/3199/3199 3196/3196/3196 3198/3198/3198
f 3199/3199/3199 3198/3198/3198 3200/3200/3200
f 3198/3198/3198 3201/3201/3201 3200/3200/3200
f 3201/3201/3201 3198/3198/3198 3202/3202/3202
f 3195/3195/3195 3202/3202/3202 3198/3198/3198
f 3203/3203/3203 3192/3192/3192 3197/3197/3197
f 3191/3191/3191 3192/3192/3192 3203/3203/3203
f 3204/3204/3204 3203/3203/3203 3197/3197/3197
f 3205/3205/3205 3191/3191/3191 3203/3203/3203
f 3202/3202/3202 3195/3195/3195 3206/3206/3206
f 3207/3207/3207 3202/3202/3202 3206/3206/3206
f 3207/3207/3207 3206/3206/3206 3208/3208/3208
f 3209/3209/3209 3207/3207/3207 3208/3208/3208
f 3210/3210/3210 3207/3207/3207 3209/3209/3209
f 3210/3210/3210 3202/3202/3202 3207/3207/3207
f 3211/3211/3211 3210/3210/3210 3209/3209/3209
f 3212/3212/3212 3210/3210/3210 3211/3211/3211
f 3213/3213/3213 3212/3212/3212 3211/3211/3211
f 3212/3212/3212 3214/3214/3214 3210/3210/3210
f 3212/3212/3212 3213/3213/3213 3215/3215/3215
f 3213/3213/3213 3216/3216/3216 3215/3215/3215
f 3215/3215/3215 3217/3217/3217 3212/3212/3212
f 3217/3217/3217 3214/3214/3214 3212/3212/3212
f 3217/3217/3217 3215/3215/3215 3218/3218/3218
f 3219/3219/3219 3217/3217/3217 3218/3218/3218
f 3218/3218/3218 3215/3215/3215 3220/3220/3220
f 3215/3215/3215 3216/3216/3216 3220/3220/3220
f 3220/3220/3220 3221/3221/3221 3218/3218/3218
f 3221/3221/3221 3222/3222/3222 3218/3218/3218
f 3222/3222/3222 3221/3221/3221 3223/3223/3223
f 3222/3222/3222 3223/3223/3223 3224/3224/3224
f 3225/3225/3225 3222/3222/3222 3224/3224/3224
f 3226/3226/3226 3222/3222/3222 3225/3225/3225
f 3219/3219/3219 3218/3218/3218 3226/3226/3226
f 3222/3222/3222 3226/3226/3226 3218/3218/3218
f 3227/3227/3227 3226/3226/3226 3225/3225/3225
f 3223/3223/3223 3228/3228/3228 3224/3224/3224
f 3228/3228/3228 3229/3229/3229 3224/3224/3224
f 3230/3230/3230 3229/3229/3229 3228/3228/3228
f 3226/3226/3226 3227/3227/3227 3231/3231/3231
f 3231/3231/3231 3219/3219/3219 3226/3226/3226
f 3230/3230/3230 3228/3228/3228 3232/3232/3232
f 3232/3232/3232 3233/3233/3233 3230/3230/3230
f 3233/3233/3233 3234/3234/3234 3230/3230/3230
f 3235/3235/3235 3230/3230/3230 3234/3234/3234
f 3236/3236/3236 3235/3235/3235 3234/3234/3234
f 3234/3234/3234 3237/3237/3237 3236/3236/3236
f 3237/3237/3237 3238/3238/3238 3236/3236/3236
f 3238/3238/3238 3237/3237/3237 3239/3239/3239
f 3237/3237/3237 3240/3240/3240 3239/3239/3239
f 3240/3240/3240 3237/3237/3237 3241/3241/3241
f 3237/3237/3237 3234/3234/3234 3241/3241/3241
f 3234/3234/3234 3233/3233/3233 3241/3241/3241
f 3242/3242/3242 3240/3240/3240 3241/3241/3241
f 3238/3238/3238 3243/3243/3243 3236/3236/3236
f 3243/3243/3243 3244/3244/3244 3236/3236/3236
f 3245/3245/3245 3244/3244/3244 3243/3243/3243
f 3246/3246/3246 3245/3245/3245 3243/3243/3243
f 3246/3246/3246 3243/3243/3243 3247/3247/3247
f 3243/3243/3243 3248/3248/3248 3247/3247/3247
f 3239/3239/3239 3248/3248/3248 3238/3238/3238
f 3248/3248/3248 3243/3243/3243 3238/3238/3238
f 3249/3249/3249 3244/3244/3244 3245/3245/3245
f 3235/3235/3235 3236/3236/3236 3249/3249/3249
f 3236/3236/3236 3244/3244/3244 3249/3249/3249
f 3250/3250/3250 3249/3249/3249 3245/3245/3245
f 3251/3251/3251 3249/3249/3249 3250/3250/3250
f 3252/3252/3252 3251/3251/3251 3250/3250/3250
f 3253/3253/3253 3251/3251/3251 3252/3252/3252
f 3254/3254/3254 3253/3253/3253 3252/3252/3252
f 3253/3253/3253 3254/3254/3254 3255/3255/3255
f 3256/3256/3256 3253/3253/3253 3255/3255/3255
f 3253/3253/3253 3256/3256/3256 3257/3257/3257
f 3256/3256/3256 3258/3258/3258 3257/3257/3257
f 3247/3247/3247 3248/3248/3248 3191/3191/3191
f 3205/3205/3205 3247/3247/3247 3191/3191/3191
f 3191/3191/3191 3248/3248/3248 3239/3239/3239
f 3194/3194/3194 3191/3191/3191 3239/3239/3239
f 3194/3194/3194 3239/3239/3239 3259/3259/3259
f 3239/3239/3239 3240/3240/3240 3259/3259/3259
f 3257/3257/3257 3258/3258/3258 3260/3260/3260
f 3261/3261/3261 3257/3257/3257 3260/3260/3260
f 3206/3206/3206 3259/3259/3259 3240/3240/3240
f 3240/3240/3240 3208/3208/3208 3206/3206/3206
f 3240/3240/3240 3242/3242/3242 3208/3208/3208
f 3194/3194/3194 3259/3259/3259 3195/3195/3195
f 3259/3259/3259 3206/3206/3206 3195/3195/3195
f 3263/3263/3263 3261/3261/3261 3262/3262/3262
f 3261/3261/3261 3264/3264/3264 3262/3262/3262
f 3262/3262/3262 3265/3265/3265 3263/3263/3263
f 3265/3265/3265 3266/3266/3266 3263/3263/3263
f 3265/3265/3265 3267/3267/3267 3266/3266/3266
f 3267/3267/3267 3268/3268/3268 3266/3266/3266
f 3266/3266/3266 3268/3268/3268 3269/3269/3269
f 3268/3268/3268 3267/3267/3267 3270/3270/3270
f 3271/3271/3271 3268/3268/3268 3270/3270/3270
f 3271/3271/3271 3270/3270/3270 3272/3272/3272
f 3263/3263/3263 3274/3274/3274 3273/3273/3273
f 3274/3274/3274 3275/3275/3275 3273/3273/3273
f 3273/3273/3273 3275/3275/3275 3276/3276/3276
f 3275/3275/3275 3277/3277/3277 3276/3276/3276
f 3276/3276/3276 3277/3277/3277 3253/3253/3253
f 3278/3278/3278 3274/3274/3274 3263/3263/3263
f 3277/3277/3277 3279/3279/3279 3253/3253/3253
f 3277/3277/3277 3275/3275/3275 3279/3279/3279
f 3279/3279/3279 3280/3280/3280 3253/3253/3253
f 3280/3280/3280 3279/3279/3279 3281/3281/3281
f 3229/3229/3229 3280/3280/3280 3281/3281/3281
f 3229/3229/3229 3282/3282/3282 3280/3280/3280
f 3282/3282/3282 3251/3251/3251 3280/3280/3280
f 3280/3280/3280 3251/3251/3251 3253/3253/3253
f 3251/3251/3251 3282/3282/3282 3235/3235/3235
f 3249/3249/3249 3251/3251/3251 3235/3235/3235
f 3235/3235/3235 3282/3282/3282 3230/3230/3230
f 3230/3230/3230 3282/3282/3282 3229/3229/3229
f 3281/3281/3281 3279/3279/3279 3283/3283/3283
f 3275/3275/3275 3283/3283/3283 3279/3279/3279
f 3275/3275/3275 3274/3274/3274 3283/3283/3283
f 3284/3284/3284 3281/3281/3281 3283/3283/3283
f 3283/3283/3283 3285/3285/3285 3284/3284/3284
f 3274/3274/3274 3285/3285/3285 3283/3283/3283
f 3274/3274/3274 3278/3278/3278 3285/3285/3285
f 3285/3285/3285 3286/3286/3286 3284/3284/3284
f 3286/3286/3286 3285/3285/3285 3287/3287/3287
f 3278/3278/3278 3287/3287/3287 3285/3285/3285
f 3278/3278/3278 3288/3288/3288 3287/3287/3287
f 3288/3288/3288 3289/3289/3289 3287/3287/3287
f 3278/3278/3278 3290/3290/3290 3288/3288/3288
f 3290/3290/3290 3278/3278/3278 3263/3263/3263
f 3290/3290/3290 3291/3291/3291 3288/3288/3288
f 3289/3289/3289 3292/3292/3292 3287/3287/3287
f 3292/3292/3292 3231/3231/3231 3287/3287/3287
f 3231/3231/3231 3286/3286/3286 3287/3287/3287
f 3289/3289/3289 3293/3293/3293 3292/3292/3292
f 3293/3293/3293 3294/3294/3294 3292/3292/3292
f 3293/3293/3293 3289/3289/3289 3295/3295/3295
f 3289/3289/3289 3288/3288/3288 3295/3295/3295
f 3296/3296/3296 3295/3295/3295 3288/3288/3288
f 3297/3297/3297 3296/3296/3296 3288/3288/3288
f 3296/3296/3296 3297/3297/3297 3298/3298/3298
f 3299/3299/3299 3296/3296/3296 3298/3298/3298
f 3300/3300/3300 3295/3295/3295 3296/3296/3296
f 3295/3295/3295 3300/3300/3300 3293/3293/3293
f 3301/3301/3301 3300/3300/3300 3296/3296/3296
f 3302/3302/3302 3300/3300/3300 3301/3301/3301
f 3301/3301/3301 3303/3303/3303 3302/3302/3302
f 3302/3302/3302 3304/3304/3304 3300/3300/3300
f 3300/3300/3300 3304/3304/3304 3293/3293/3293
f 3304/3304/3304 3302/3302/3302 3305/3305/3305
f 3304/3304/3304 3305/3305/3305 3293/3293/3293
f 3302/3302/3302 3306/3306/3306 3305/3305/3305
f 3305/3305/3305 3307/3307/3307 3293/3293/3293
f 3307/3307/3307 3305/3305/3305 3308/3308/3308
f 3308/3308/3308 3305/3305/3305 3306/3306/3306
f 3309/3309/3309 3307/3307/3307 3308/3308/3308
f 3310/3310/3310 3307/3307/3307 3309/3309/3309
f 3311/3311/3311 3310/3310/3310 3309/3309/3309
f 3312/3312/3312 3309/3309/3309 3308/3308/3308
f 3313/3313/3313 3312/3312/3312 3308/3308/3308
f 3313/3313/3313 3314/3314/3314 3312/3312/3312
f 3314/3314/3314 3315/3315/3315 3312/3312/3312
f 3312/3312/3312 3315/3315/3315 3316/3316/3316
f 3317/3317/3317 3312/3312/3312 3316/3316/3316
f 3311/3311/3311 3309/3309/3309 3317/3317/3317
f 3309/3309/3309 3312/3312/3312 3317/3317/3317
f 3313/3313/3313 3318/3318/3318 3314/3314/3314
f 3306/3306/3306 3318/3318/3318 3308/3308/3308
f 3318/3318/3318 3313/3313/3313 3308/3308/3308
f 3214/3214/3214 3217/3217/3217 3310/3310/3310
f 3294/3294/3294 3310/3310/3310 3217/3217/3217
f 3294/3294/3294 3217/3217/3217 3219/3219/3219
f 3219/3219/3219 3319/3319/3319 3294/3294/3294
f 3219/3219/3219 3231/3231/3231 3319/3319/3319
f 3214/3214/3214 3310/3310/3310 3320/3320/3320
f 3214/3214/3214 3320/3320/3320 3321/3321/3321
f 3320/3320/3320 3322/3322/3322 3321/3321/3321
f 3321/3321/3321 3210/3210/3210 3214/3214/3214
f 3323/3323/3323 3210/3210/3210 3321/3321/3321
f 3324/3324/3324 3323/3323/3323 3321/3321/3321
f 3321/3321/3321 3322/3322/3322 3324/3324/3324
f 3325/3325/3325 3323/3323/3323 3324/3324/3324
f 3324/3324/3324 3326/3326/3326 3325/3325/3325
f 3322/3322/3322 3326/3326/3326 3324/3324/3324
f 3326/3326/3326 3327/3327/3327 3325/3325/3325
f 3323/3323/3323 3202/3202/3202 3210/3210/3210
f 3328/3328/3328 3202/3202/3202 3323/3323/3323
f 3327/3327/3327 3326/3326/3326 3329/3329/3329
f 3331/3331/3331 3330/3330/3330 3294/3294/3294
f 3310/3310/3310 3332/3332/3332 3330/3330/3330
f 3228/3228/3228 3334/3334/3334 3333/3333/3333
f 3334/3334/3334 3228/3228/3228 3335/3335/3335
f 3228/3228/3228 3223/3223/3223 3335/3335/3335
f 3221/3221/3221 3335/3335/3335 3223/3223/3223
f 3303/3303/3303 3301/3301/3301 3336/3336/3336
f 3301/3301/3301 3296/3296/3296 3336/3336/3336
f 3296/3296/3296 3299/3299/3299 3336/3336/3336
f 3339/3339/3339 3338/3338/3338 3337/3337/3337
f 3338/3338/3338 3340/3340/3340 3337/3337/3337
f 3339/3339/3339 3341/3341/3341 3338/3338/3338
f 3342/3342/3342 3338/3338/3338 3341/3341/3341
f 3343/3343/3343 3342/3342/3342 3341/3341/3341
f 3346/3346/3346 3345/3345/3345 3344/3344/3344
f 3345/3345/3345 3347/3347/3347 3344/3344/3344
f 3346/3346/3346 3348/3348/3348 3345/3345/3345
f 3348/3348/3348 3349/3349/3349 3345/3345/3345
f 3349/3349/3349 3348/3348/3348 3350/3350/3350
f 3348/3348/3348 3351/3351/3351 3350/3350/3350
f 3351/3351/3351 3352/3352/3352 3350/3350/3350
f 3352/3352/3352 3353/3353/3353 3350/3350/3350
f 3354/3354/3354 3353/3353/3353 3352/3352/3352
f 3352/3352/3352 3355/3355/3355 3354/3354/3354
f 3352/3352/3352 3356/3356/3356 3355/3355/3355
f 3354/3354/3354 3355/3355/3355 3357/3357/3357
f 3360/3360/3360 3359/3359/3359 3358/3358/3358
f 3359/3359/3359 3361/3361/3361 3358/3358/3358
f 3358/3358/3358 3362/3362/3362 3360/3360/3360
f 3358/3358/3358 3361/3361/3361 3362/3362/3362
f 3362/3362/3362 3363/3363/3363 3360/3360/3360
f 3363/3363/3363 3362/3362/3362 3364/3364/3364
f 3362/3362/3362 3365/3365/3365 3364/3364/3364
f 3361/3361/3361 3365/3365/3365 3362/3362/3362
f 3365/3365/3365 3366/3366/3366 3364/3364/3364
f 3367/3367/3367 3363/3363/3363 3364/3364/3364
f 3368/3368/3368 3363/3363/3363 3367/3367/3367
f 3363/3363/3363 3368/3368/3368 3360/3360/3360
f 3367/3367/3367 3364/3364/3364 3369/3369/3369
f 3364/3364/3364 3370/3370/3370 3369/3369/3369
f 3369/3369/3369 3370/3370/3370 3371/3371/3371
f 3372/3372/3372 3369/3369/3369 3371/3371/3371
f 3373/3373/3373 3372/3372/3372 3371/3371/3371
f 3374/3374/3374 3373/3373/3373 3371/3371/3371
f 3373/3373/3373 3374/3374/3374 3375/3375/3375
f 3374/3374/3374 3376/3376/3376 3375/3375/3375
f 3370/3370/3370 3377/3377/3377 3371/3371/3371
f 3370/3370/3370 3364/3364/3364 3377/3377/3377
f 3364/3364/3364 3366/3366/3366 3377/3377/3377
f 3377/3377/3377 3378/3378/3378 3371/3371/3371
f 3371/3371/3371 3378/3378/3378 3374/3374/3374
f 3378/3378/3378 3376/3376/3376 3374/3374/3374
f 3372/3372/3372 3379/3379/3379 3369/3369/3369
f 3379/3379/3379 3380/3380/3380 3369/3369/3369
f 3369/3369/3369 3380/3380/3380 3367/3367/3367
f 3380/3380/3380 3368/3368/3368 3367/3367/3367
f 3368/3368/3368 3380/3380/3380 3381/3381/3381
f 3380/3380/3380 3382/3382/3382 3381/3381/3381
f 3382/3382/3382 3380/3380/3380 3379/3379/3379
f 3383/3383/3383 3368/3368/3368 3381/3381/3381
f 3384/3384/3384 3383/3383/3383 3381/3381/3381
f 3384/3384/3384 3385/3385/3385 3383/3383/3383
f 3385/3385/3385 3386/3386/3386 3383/3383/3383
f 3387/3387/3387 3382/3382/3382 3379/3379/3379
f 3387/3387/3387 3379/3379/3379 3388/3388/3388
f 3379/3379/3379 3389/3389/3389 3388/3388/3388
f 3390/3390/3390 3386/3386/3386 3385/3385/3385
f 3391/3391/3391 3390/3390/3390 3385/3385/3385
f 3390/3390/3390 3392/3392/3392 3386/3386/3386
f 3392/3392/3392 3393/3393/3393 3386/3386/3386
f 3386/3386/3386 3393/3393/3393 3394/3394/3394
f 3379/3379/3379 3372/3372/3372 3389/3389/3389
f 3372/3372/3372 3373/3373/3373 3389/3389/3389
f 3391/3391/3391 3385/3385/3385 3395/3395/3395
f 3396/3396/3396 3391/3391/3391 3395/3395/3395
f 3397/3397/3397 3396/3396/3396 3395/3395/3395
f 3395/3395/3395 3385/3385/3385 3398/3398/3398
f 3387/3387/3387 3388/3388/3388 3399/3399/3399
f 3387/3387/3387 3399/3399/3399 3400/3400/3400
f 3382/3382/3382 3387/3387/3387 3400/3400/3400
f 3400/3400/3400 3399/3399/3399 3401/3401/3401
f 3399/3399/3399 3402/3402/3402 3401/3401/3401
f 3382/3382/3382 3400/3400/3400 3381/3381/3381
f 3400/3400/3400 3403/3403/3403 3381/3381/3381
f 3403/3403/3403 3404/3404/3404 3381/3381/3381
f 3404/3404/3404 3384/3384/3384 3381/3381/3381
f 3405/3405/3405 3395/3395/3395 3384/3384/3384
f 3405/3405/3405 3384/3384/3384 3404/3404/3404
f 3406/3406/3406 3395/3395/3395 3405/3405/3405
f 3397/3397/3397 3406/3406/3406 3407/3407/3407
f 3406/3406/3406 3408/3408/3408 3407/3407/3407
f 3408/3408/3408 3406/3406/3406 3405/3405/3405
f 3408/3408/3408 3409/3409/3409 3407/3407/3407
f 3407/3407/3407 3409/3409/3409 3410/3410/3410
f 3410/3410/3410 3409/3409/3409 3411/3411/3411
f 3412/3412/3412 3410/3410/3410 3411/3411/3411
f 3412/3412/3412 3411/3411/3411 3413/3413/3413
f 3414/3414/3414 3412/3412/3412 3413/3413/3413
f 3414/3414/3414 3413/3413/3413 3415/3415/3415
f 3416/3416/3416 3414/3414/3414 3415/3415/3415
f 3417/3417/3417 3407/3407/3407 3410/3410/3410
f 3407/3407/3407 3417/3417/3417 3418/3418/3418
f 3418/3418/3418 3397/3397/3397 3407/3407/3407
f 3417/3417/3417 3419/3419/3419 3418/3418/3418
f 3416/3416/3416 3415/3415/3415 3420/3420/3420
f 3415/3415/3415 3421/3421/3421 3420/3420/3420
f 3421/3421/3421 3422/3422/3422 3420/3420/3420
f 3422/3422/3422 3423/3423/3423 3420/3420/3420
f 3415/3415/3415 3424/3424/3424 3421/3421/3421
f 3415/3415/3415 3413/3413/3413 3424/3424/3424
f 3413/3413/3413 3425/3425/3425 3424/3424/3424
f 3413/3413/3413 3411/3411/3411 3426/3426/3426
f 3411/3411/3411 3427/3427/3427 3426/3426/3426
f 3428/3428/3428 3422/3422/3422 3421/3421/3421
f 3422/3422/3422 3428/3428/3428 3429/3429/3429
f 3430/3430/3430 3428/3428/3428 3421/3421/3421
f 3432/3432/3432 3422/3422/3422 3431/3431/3431
f 3433/3433/3433 3432/3432/3432 3431/3431/3431
f 3432/3432/3432 3433/3433/3433 3434/3434/3434
f 3433/3433/3433 3435/3435/3435 3434/3434/3434
f 3436/3436/3436 3432/3432/3432 3434/3434/3434
f 3436/3436/3436 3423/3423/3423 3432/3432/3432
f 3437/3437/3437 3436/3436/3436 3434/3434/3434
f 3435/3435/3435 3433/3433/3433 3438/3438/3438
f 3439/3439/3439 3435/3435/3435 3438/3438/3438
f 3433/3433/3433 3431/3431/3431 3440/3440/3440
f 3440/3440/3440 3438/3438/3438 3433/3433/3433
f 3431/3431/3431 3441/3441/3441 3440/3440/3440
f 3442/3442/3442 3439/3439/3439 3438/3438/3438
f 3443/3443/3443 3442/3442/3442 3438/3438/3438
f 3443/3443/3443 3444/3444/3444 3442/3442/3442
f 3444/3444/3444 3445/3445/3445 3442/3442/3442
f 3444/3444/3444 3443/3443/3443 3446/3446/3446
f 3446/3446/3446 3440/3440/3440 3441/3441/3441
f 3440/3440/3440 3446/3446/3446 3438/3438/3438
f 3446/3446/3446 3443/3443/3443 3438/3438/3438
f 3447/3447/3447 3444/3444/3444 3446/3446/3446
f 3447/3447/3447 3448/3448/3448 3444/3444/3444
f 3448/3448/3448 3449/3449/3449 3444/3444/3444
f 3444/3444/3444 3449/3449/3449 3445/3445/3445
f 3449/3449/3449 3450/3450/3450 3445/3445/3445
f 3388/3388/3388 3446/3446/3446 3441/3441/3441
f 3446/3446/3446 3388/3388/3388 3447/3447/3447
f 3388/3388/3388 3441/3441/3441 3399/3399/3399
f 3451/3451/3451 3399/3399/3399 3441/3441/3441
f 3452/3452/3452 3451/3451/3451 3441/3441/3441
f 3441/3441/3441 3431/3431/3431 3452/3452/3452
f 3431/3431/3431 3422/3422/3422 3452/3452/3452
f 3388/3388/3388 3389/3389/3389 3447/3447/3447
f 3389/3389/3389 3375/3375/3375 3447/3447/3447
f 3389/3389/3389 3373/3373/3373 3375/3375/3375
f 3375/3375/3375 3453/3453/3453 3447/3447/3447
f 3454/3454/3454 3422/3422/3422 3432/3432/3432
f 3456/3456/3456 3383/3383/3383 3455/3455/3455
f 3368/3368/3368 3383/3383/3383 3456/3456/3456
f 3360/3360/3360 3456/3456/3456 3455/3455/3455
f 3368/3368/3368 3456/3456/3456 3360/3360/3360
f 3359/3359/3359 3360/3360/3360 3455/3455/3455
f 3386/3386/3386 3457/3457/3457 3383/3383/3383
f 3460/3460/3460 3459/3459/3459 3458/3458/3458
f 3459/3459/3459 3461/3461/3461 3458/3458/3458
f 3459/3459/3459 3460/3460/3460 3462/3462/3462
f 3459/3459/3459 3462/3462/3462 3463/3463/3463
f 3464/3464/3464 3459/3459/3459 3463/3463/3463
f 3461/3461/3461 3459/3459/3459 3464/3464/3464
f 3463/3463/3463 3465/3465/3465 3464/3464/3464
f 3464/3464/3464 3465/3465/3465 3466/3466/3466
f 3466/3466/3466 3461/3461/3461 3464/3464/3464
f 3466/3466/3466 3465/3465/3465 3467/3467/3467
f 3466/3466/3466 3467/3467/3467 3461/3461/3461
f 3461/3461/3461 3468/3468/3468 3458/3458/3458
f 3469/3469/3469 3468/3468/3468 3461/3461/3461
f 3472/3472/3472 3471/3471/3471 3470/3470/3470
f 3475/3475/3475 3474/3474/3474 3473/3473/3473
f 3474/3474/3474 3476/3476/3476 3473/3473/3473
f 3474/3474/3474 3475/3475/3475 3477/3477/3477
f 3474/3474/3474 3477/3477/3477 3478/3478/3478
f 3479/3479/3479 3474/3474/3474 3478/3478/3478
f 3476/3476/3476 3474/3474/3474 3479/3479/3479
f 3478/3478/3478 3480/3480/3480 3479/3479/3479
f 3476/3476/3476 3481/3481/3481 3473/3473/3473
f 3482/3482/3482 3481/3481/3481 3476/3476/3476
f 3483/3483/3483 3476/3476/3476 3479/3479/3479
f 3479/3479/3479 3484/3484/3484 3483/3483/3483
f 3483/3483/3483 3484/3484/3484 3485/3485/3485
f 3483/3483/3483 3485/3485/3485 3476/3476/3476
f 3488/3488/3488 3487/3487/3487 3486/3486/3486
f 3491/3491/3491 3490/3490/3490 3489/3489/3489
f 3490/3490/3490 3492/3492/3492 3489/3489/3489
f 3490/3490/3490 3491/3491/3491 3493/3493/3493
f 3490/3490/3490 3493/3493/3493 3494/3494/3494
f 3495/3495/3495 3490/3490/3490 3494/3494/3494
f 3492/3492/3492 3490/3490/3490 3495/3495/3495
f 3494/3494/3494 3496/3496/3496 3495/3495/3495
f 3492/3492/3492 3497/3497/3497 3489/3489/3489
f 3498/3498/3498 3497/3497/3497 3492/3492/3492
f 3499/3499/3499 3492/3492/3492 3495/3495/3495
f 3495/3495/3495 3500/3500/3500 3499/3499/3499
f 3499/3499/3499 3500/3500/3500 3501/3501/3501
f 3499/3499/3499 3501/3501/3501 3492/3492/3492
f 3504/3504/3504 3503/3503/3503 3502/3502/3502
f 3507/3507/3507 3506/3506/3506 3505/3505/3505
f 3510/3510/3510 3509/3509/3509 3508/3508/3508
f 3511/3511/3511 3509/3509/3509 3510/3510/3510
f 3510/3510/3510 3512/3512/3512 3511/3511/3511
f 3512/3512/3512 3513/3513/3513 3511/3511/3511
f 3512/3512/3512 3514/3514/3514 3513/3513/3513
f 3514/3514/3514 3512/3512/3512 3515/3515/3515
f 3512/3512/3512 3516/3516/3516 3515/3515/3515
f 3508/3508/3508 3516/3516/3516 3510/3510/3510
f 3516/3516/3516 3512/3512/3512 3510/3510/3510
f 3508/3508/3508 3517/3517/3517 3516/3516/3516
f 3508/3508/3508 3518/3518/3518 3517/3517/3517
f 3517/3517/3517 3519/3519/3519 3516/3516/3516
f 3516/3516/3516 3519/3519/3519 3515/3515/3515
f 3522/3522/3522 3521/3521/3521 3520/3520/3520
f 3521/3521/3521 3523/3523/3523 3520/3520/3520
f 3523/3523/3523 3524/3524/3524 3520/3520/3520
f 3524/3524/3524 3525/3525/3525 3520/3520/3520
f 3524/3524/3524 3523/3523/3523 3526/3526/3526
f 3526/3526/3526 3523/3523/3523 3521/3521/3521
f 3527/3527/3527 3524/3524/3524 3526/3526/3526
f 3528/3528/3528 3526/3526/3526 3521/3521/3521
f 3528/3528/3528 3521/3521/3521 3529/3529/3529
f 3521/3521/3521 3522/3522/3522 3529/3529/3529
f 3528/3528/3528 3529/3529/3529 3530/3530/3530
f 3531/3531/3531 3528/3528/3528 3530/3530/3530
f 3528/3528/3528 3531/3531/3531 3526/3526/3526
f 3532/3532/3532 3531/3531/3531 3530/3530/3530
f 3531/3531/3531 3532/3532/3532 3533/3533/3533
f 3531/3531/3531 3533/3533/3533 3526/3526/3526
f 3532/3532/3532 3534/3534/3534 3533/3533/3533
f 3534/3534/3534 3535/3535/3535 3533/3533/3533
f 3535/3535/3535 3536/3536/3536 3533/3533/3533
f 3527/3527/3527 3526/3526/3526 3536/3536/3536
f 3526/3526/3526 3533/3533/3533 3536/3536/3536
f 3537/3537/3537 3536/3536/3536 3535/3535/3535
f 3536/3536/3536 3538/3538/3538 3527/3527/3527
f 3539/3539/3539 3538/3538/3538 3535/3535/3535
f 3538/3538/3538 3540/3540/3540 3527/3527/3527
f 3527/3527/3527 3540/3540/3540 3524/3524/3524
f 3540/3540/3540 3525/3525/3525 3524/3524/3524
f 3534/3534/3534 3541/3541/3541 3535/3535/3535
f 3532/3532/3532 3541/3541/3541 3534/3534/3534
f 3535/3535/3535 3542/3542/3542 3539/3539/3539
f 3544/3544/3544 3532/3532/3532 3543/3543/3543
f 3544/3544/3544 3545/3545/3545 3532/3532/3532
f 3548/3548/3548 3547/3547/3547 3546/3546/3546
f 3547/3547/3547 3549/3549/3549 3546/3546/3546
f 3547/3547/3547 3551/3551/3551 3550/3550/3550
f 3554/3554/3554 3553/3553/3553 3552/3552/3552
f 3553/3553/3553 3555/3555/3555 3552/3552/3552
f 3553/3553/3553 3556/3556/3556 3555/3555/3555
f 3556/3556/3556 3557/3557/3557 3555/3555/3555
f 3556/3556/3556 3553/3553/3553 3558/3558/3558
f 3553/3553/3553 3554/3554/3554 3558/3558/3558
f 3559/3559/3559 3556/3556/3556 3558/3558/3558
f 3560/3560/3560 3559/3559/3559 3558/3558/3558
f 3561/3561/3561 3560/3560/3560 3558/3558/3558
f 3559/3559/3559 3560/3560/3560 3562/3562/3562
f 3560/3560/3560 3563/3563/3563 3562/3562/3562
f 3563/3563/3563 3564/3564/3564 3562/3562/3562
f 3564/3564/3564 3565/3565/3565 3562/3562/3562
f 3562/3562/3562 3566/3566/3566 3559/3559/3559
f 3566/3566/3566 3556/3556/3556 3559/3559/3559
f 3556/3556/3556 3567/3567/3567 3557/3557/3557
f 3567/3567/3567 3568/3568/3568 3557/3557/3557
f 3569/3569/3569 3566/3566/3566 3562/3562/3562
f 3569/3569/3569 3562/3562/3562 3565/3565/3565
f 3570/3570/3570 3569/3569/3569 3565/3565/3565
f 3556/3556/3556 3571/3571/3571 3567/3567/3567
f 3566/3566/3566 3571/3571/3571 3556/3556/3556
f 3573/3573/3573 3572/3572/3572 3558/3558/3558
f 3572/3572/3572 3574/3574/3574 3558/3558/3558
f 3572/3572/3572 3575/3575/3575 3574/3574/3574
f 3575/3575/3575 3576/3576/3576 3574/3574/3574
f 3577/3577/3577 3574/3574/3574 3576/3576/3576
f 3578/3578/3578 3577/3577/3577 3576/3576/3576
f 3574/3574/3574 3577/3577/3577 3558/3558/3558
f 3572/3572/3572 3579/3579/3579 3575/3575/3575
f 3579/3579/3579 3572/3572/3572 3580/3580/3580
f 3572/3572/3572 3581/3581/3581 3580/3580/3580
f 3573/3573/3573 3581/3581/3581 3572/3572/3572
f 3573/3573/3573 3582/3582/3582 3581/3581/3581
f 3581/3581/3581 3582/3582/3582 3583/3583/3583
f 3581/3581/3581 3583/3583/3583 3584/3584/3584
f 3585/3585/3585 3581/3581/3581 3584/3584/3584
f 3580/3580/3580 3581/3581/3581 3585/3585/3585
f 3584/3584/3584 3583/3583/3583 3586/3586/3586
f 3586/3586/3586 3583/3583/3583 3587/3587/3587
f 3583/3583/3583 3588/3588/3588 3587/3587/3587
f 3582/3582/3582 3588/3588/3588 3583/3583/3583
f 3587/3587/3587 3588/3588/3588 3589/3589/3589
f 3586/3586/3586 3590/3590/3590 3584/3584/3584
f 3590/3590/3590 3591/3591/3591 3584/3584/3584
f 3584/3584/3584 3592/3592/3592 3585/3585/3585
f 3592/3592/3592 3593/3593/3593 3585/3585/3585
f 3594/3594/3594 3585/3585/3585 3593/3593/3593
f 3595/3595/3595 3594/3594/3594 3593/3593/3593
f 3584/3584/3584 3596/3596/3596 3592/3592/3592
f 3591/3591/3591 3597/3597/3597 3592/3592/3592
f 3587/3587/3587 3598/3598/3598 3586/3586/3586
f 3587/3587/3587 3599/3599/3599 3598/3598/3598
f 3588/3588/3588 3600/3600/3600 3599/3599/3599
f 3601/3601/3601 3600/3600/3600 3588/3588/3588
f 3599/3599/3599 3602/3602/3602 3598/3598/3598
f 3595/3595/3595 3593/3593/3593 3603/3603/3603
f 3593/3593/3593 3604/3604/3604 3603/3603/3603
f 3592/3592/3592 3597/3597/3597 3605/3605/3605
f 3606/3606/3606 3592/3592/3592 3605/3605/3605
f 3598/3598/3598 3602/3602/3602 3607/3607/3607
f 3608/3608/3608 3598/3598/3598 3607/3607/3607
f 3609/3609/3609 3603/3603/3603 3604/3604/3604
f 3610/3610/3610 3609/3609/3609 3604/3604/3604
f 3606/3606/3606 3605/3605/3605 3611/3611/3611
f 3612/3612/3612 3606/3606/3606 3611/3611/3611
f 3610/3610/3610 3612/3612/3612 3613/3613/3613
f 3612/3612/3612 3611/3611/3611 3613/3613/3613
f 3608/3608/3608 3607/3607/3607 3614/3614/3614
f 3616/3616/3616 3608/3608/3608 3615/3615/3615
f 3617/3617/3617 3616/3616/3616 3615/3615/3615
f 3618/3618/3618 3617/3617/3617 3615/3615/3615
f 3619/3619/3619 3604/3604/3604 3593/3593/3593
f 3619/3619/3619 3593/3593/3593 3620/3620/3620
f 3593/3593/3593 3592/3592/3592 3620/3620/3620
f 3592/3592/3592 3606/3606/3606 3620/3620/3620
f 3598/3598/3598 3608/3608/3608 3621/3621/3621
f 3622/3622/3622 3598/3598/3598 3621/3621/3621
f 3598/3598/3598 3622/3622/3622 3586/3586/3586
f 3586/3586/3586 3622/3622/3622 3623/3623/3623
f 3622/3622/3622 3624/3624/3624 3623/3623/3623
f 3624/3624/3624 3622/3622/3622 3625/3625/3625
f 3622/3622/3622 3626/3626/3626 3625/3625/3625
f 3627/3627/3627 3625/3625/3625 3626/3626/3626
f 3628/3628/3628 3627/3627/3627 3626/3626/3626
f 3629/3629/3629 3622/3622/3622 3621/3621/3621
f 3629/3629/3629 3626/3626/3626 3622/3622/3622
f 3632/3632/3632 3631/3631/3631 3630/3630/3630
f 3631/3631/3631 3633/3633/3633 3630/3630/3630
f 3633/3633/3633 3634/3634/3634 3630/3630/3630
f 3630/3630/3630 3634/3634/3634 3635/3635/3635
f 3630/3630/3630 3635/3635/3635 3636/3636/3636
f 3635/3635/3635 3637/3637/3637 3636/3636/3636
f 3635/3635/3635 3634/3634/3634 3637/3637/3637
f 3637/3637/3637 3638/3638/3638 3636/3636/3636
f 3639/3639/3639 3638/3638/3638 3637/3637/3637
f 3640/3640/3640 3639/3639/3639 3637/3637/3637
f 3638/3638/3638 3639/3639/3639 3641/3641/3641
f 3639/3639/3639 3642/3642/3642 3641/3641/3641
f 3642/3642/3642 3639/3639/3639 3643/3643/3643
f 3636/3636/3636 3638/3638/3638 3644/3644/3644
f 3638/3638/3638 3641/3641/3641 3644/3644/3644
f 3636/3636/3636 3644/3644/3644 3645/3645/3645
f 3646/3646/3646 3636/3636/3636 3645/3645/3645
f 3639/3639/3639 3647/3647/3647 3643/3643/3643
f 3639/3639/3639 3640/3640/3640 3647/3647/3647
f 3630/3630/3630 3636/3636/3636 3646/3646/3646
f 3634/3634/3634 3648/3648/3648 3637/3637/3637
f 3640/3640/3640 3637/3637/3637 3648/3648/3648
f 3630/3630/3630 3646/3646/3646 3649/3649/3649
f 3649/3649/3649 3646/3646/3646 3650/3650/3650
f 3646/3646/3646 3651/3651/3651 3650/3650/3650
f 3651/3651/3651 3646/3646/3646 3652/3652/3652
f 3653/3653/3653 3651/3651/3651 3652/3652/3652
f 3654/3654/3654 3650/3650/3650 3651/3651/3651
f 3655/3655/3655 3654/3654/3654 3651/3651/3651
f 3655/3655/3655 3651/3651/3651 3656/3656/3656
f 3657/3657/3657 3655/3655/3655 3656/3656/3656
f 3658/3658/3658 3649/3649/3649 3650/3650/3650
f 3658/3658/3658 3650/3650/3650 3659/3659/3659
f 3650/3650/3650 3660/3660/3660 3659/3659/3659
f 3658/3658/3658 3659/3659/3659 3661/3661/3661
f 3658/3658/3658 3661/3661/3661 3662/3662/3662
f 3663/3663/3663 3658/3658/3658 3662/3662/3662
f 3664/3664/3664 3663/3663/3663 3662/3662/3662
f 3663/3663/3663 3664/3664/3664 3665/3665/3665
f 3666/3666/3666 3663/3663/3663 3665/3665/3665
f 3667/3667/3667 3660/3660/3660 3654/3654/3654
f 3668/3668/3668 3667/3667/3667 3654/3654/3654
f 3662/3662/3662 3669/3669/3669 3664/3664/3664
f 3666/3666/3666 3665/3665/3665 3670/3670/3670
f 3662/3662/3662 3661/3661/3661 3671/3671/3671
f 3661/3661/3661 3672/3672/3672 3671/3671/3671
f 3672/3672/3672 3661/3661/3661 3673/3673/3673
f 3661/3661/3661 3674/3674/3674 3673/3673/3673
f 3662/3662/3662 3671/3671/3671 3675/3675/3675
f 3664/3664/3664 3676/3676/3676 3665/3665/3665
f 3677/3677/3677 3676/3676/3676 3664/3664/3664
f 3678/3678/3678 3677/3677/3677 3664/3664/3664
f 3676/3676/3676 3679/3679/3679 3665/3665/3665
f 3665/3665/3665 3679/3679/3679 3680/3680/3680
f 3681/3681/3681 3665/3665/3665 3680/3680/3680
f 3672/3672/3672 3673/3673/3673 3682/3682/3682
f 3673/3673/3673 3683/3683/3683 3682/3682/3682
f 3671/3671/3671 3672/3672/3672 3684/3684/3684
f 3672/3672/3672 3682/3682/3682 3684/3684/3684
f 3685/3685/3685 3675/3675/3675 3684/3684/3684
f 3686/3686/3686 3671/3671/3671 3684/3684/3684
f 3676/3676/3676 3677/3677/3677 3687/3687/3687
f 3676/3676/3676 3687/3687/3687 3679/3679/3679
f 3677/3677/3677 3688/3688/3688 3687/3687/3687
f 3687/3687/3687 3689/3689/3689 3679/3679/3679
f 3680/3680/3680 3679/3679/3679 3689/3689/3689
f 3690/3690/3690 3680/3680/3680 3689/3689/3689
f 3691/3691/3691 3682/3682/3682 3683/3683/3683
f 3684/3684/3684 3682/3682/3682 3691/3691/3691
f 3692/3692/3692 3691/3691/3691 3683/3683/3683
f 3691/3691/3691 3692/3692/3692 3693/3693/3693
f 3694/3694/3694 3691/3691/3691 3693/3693/3693
f 3694/3694/3694 3684/3684/3684 3691/3691/3691
f 3693/3693/3693 3685/3685/3685 3694/3694/3694
f 3685/3685/3685 3684/3684/3684 3694/3694/3694
f 3695/3695/3695 3687/3687/3687 3688/3688/3688
f 3689/3689/3689 3687/3687/3687 3695/3695/3695
f 3696/3696/3696 3695/3695/3695 3688/3688/3688
f 3695/3695/3695 3696/3696/3696 3697/3697/3697
f 3697/3697/3697 3689/3689/3689 3695/3695/3695
f 3690/3690/3690 3689/3689/3689 3697/3697/3697
f 3696/3696/3696 3698/3698/3698 3697/3697/3697
f 3699/3699/3699 3690/3690/3690 3697/3697/3697
f 3700/3700/3700 3662/3662/3662 3686/3686/3686
f 3703/3703/3703 3702/3702/3702 3701/3701/3701
f 3705/3705/3705 3704/3704/3704 3701/3701/3701
f 3701/3701/3701 3707/3707/3707 3706/3706/3706
f 3701/3701/3701 3663/3663/3663 3707/3707/3707
f 3663/3663/3663 3701/3701/3701 3658/3658/3658
f 3701/3701/3701 3708/3708/3708 3658/3658/3658
f 3658/3658/3658 3708/3708/3708 3649/3649/3649
f 3708/3708/3708 3709/3709/3709 3649/3649/3649
f 3709/3709/3709 3632/3632/3632 3649/3649/3649
f 3632/3632/3632 3630/3630/3630 3649/3649/3649
f 3711/3711/3711 3710/3710/3710 3558/3558/3558
f 3554/3554/3554 3573/3573/3573 3558/3558/3558
f 3713/3713/3713 3642/3642/3642 3712/3712/3712
f 3716/3716/3716 3715/3715/3715 3714/3714/3714
f 3715/3715/3715 3717/3717/3717 3714/3714/3714
f 3718/3718/3718 3715/3715/3715 3716/3716/3716
f 3719/3719/3719 3718/3718/3718 3716/3716/3716
f 3720/3720/3720 3718/3718/3718 3719/3719/3719
f 3721/3721/3721 3718/3718/3718 3720/3720/3720
f 3721/3721/3721 3720/3720/3720 3722/3722/3722
f 3720/3720/3720 3723/3723/3723 3722/3722/3722
f 3723/3723/3723 3720/3720/3720 3579/3579/3579
f 3580/3580/3580 3723/3723/3723 3579/3579/3579
f 3579/3579/3579 3720/3720/3720 3724/3724/3724
f 3723/3723/3723 3580/3580/3580 3725/3725/3725
f 3726/3726/3726 3723/3723/3723 3725/3725/3725
f 3722/3722/3722 3723/3723/3723 3726/3726/3726
f 3726/3726/3726 3727/3727/3727 3722/3722/3722
f 3727/3727/3727 3728/3728/3728 3722/3722/3722
f 3728/3728/3728 3727/3727/3727 3729/3729/3729
f 3730/3730/3730 3728/3728/3728 3729/3729/3729
f 3575/3575/3575 3579/3579/3579 3731/3731/3731
f 3579/3579/3579 3732/3732/3732 3731/3731/3731
f 3720/3720/3720 3733/3733/3733 3732/3732/3732
f 3575/3575/3575 3731/3731/3731 3734/3734/3734
f 3731/3731/3731 3735/3735/3735 3734/3734/3734
f 3575/3575/3575 3734/3734/3734 3736/3736/3736
f 3576/3576/3576 3575/3575/3575 3736/3736/3736
f 3576/3576/3576 3736/3736/3736 3578/3578/3578
f 3736/3736/3736 3737/3737/3737 3578/3578/3578
f 3733/3733/3733 3720/3720/3720 3738/3738/3738
f 3737/3737/3737 3736/3736/3736 3739/3739/3739
f 3736/3736/3736 3740/3740/3740 3739/3739/3739
f 3735/3735/3735 3741/3741/3741 3734/3734/3734
f 3741/3741/3741 3742/3742/3742 3734/3734/3734
f 3736/3736/3736 3734/3734/3734 3742/3742/3742
f 3743/3743/3743 3740/3740/3740 3736/3736/3736
f 3736/3736/3736 3742/3742/3742 3743/3743/3743
f 3739/3739/3739 3740/3740/3740 3744/3744/3744
f 3744/3744/3744 3740/3740/3740 3743/3743/3743
f 3745/3745/3745 3739/3739/3739 3744/3744/3744
f 3742/3742/3742 3741/3741/3741 3746/3746/3746
f 3741/3741/3741 3747/3747/3747 3746/3746/3746
f 3744/3744/3744 3748/3748/3748 3745/3745/3745
f 3750/3750/3750 3749/3749/3749 3745/3745/3745
f 3752/3752/3752 3751/3751/3751 3746/3746/3746
f 3755/3755/3755 3754/3754/3754 3753/3753/3753
f 3660/3660/3660 3650/3650/3650 3756/3756/3756
f 3758/3758/3758 3757/3757/3757 3660/3660/3660
f 3757/3757/3757 3759/3759/3759 3660/3660/3660
f 3660/3660/3660 3759/3759/3759 3760/3760/3760
f 3659/3659/3659 3660/3660/3660 3760/3760/3760
f 3760/3760/3760 3761/3761/3761 3659/3659/3659
f 3761/3761/3761 3762/3762/3762 3659/3659/3659
f 3759/3759/3759 3757/3757/3757 3763/3763/3763
f 3759/3759/3759 3763/3763/3763 3760/3760/3760
f 3757/3757/3757 3764/3764/3764 3763/3763/3763
f 3763/3763/3763 3765/3765/3765 3760/3760/3760
f 3760/3760/3760 3765/3765/3765 3761/3761/3761
f 3765/3765/3765 3766/3766/3766 3761/3761/3761
f 3767/3767/3767 3765/3765/3765 3763/3763/3763
f 3766/3766/3766 3765/3765/3765 3767/3767/3767
f 3768/3768/3768 3767/3767/3767 3763/3763/3763
f 3768/3768/3768 3769/3769/3769 3767/3767/3767
f 3769/3769/3769 3770/3770/3770 3767/3767/3767
f 3770/3770/3770 3766/3766/3766 3767/3767/3767
f 3769/3769/3769 3768/3768/3768 3771/3771/3771
f 3768/3768/3768 3763/3763/3763 3771/3771/3771
f 3661/3661/3661 3659/3659/3659 3772/3772/3772
f 3775/3775/3775 3774/3774/3774 3773/3773/3773
f 3774/3774/3774 3776/3776/3776 3773/3773/3773
f 3773/3773/3773 3776/3776/3776 3777/3777/3777
f 3773/3773/3773 3777/3777/3777 3778/3778/3778
f 3779/3779/3779 3778/3778/3778 3777/3777/3777
f 3780/3780/3780 3779/3779/3779 3777/3777/3777
f 3779/3779/3779 3780/3780/3780 3655/3655/3655
f 3657/3657/3657 3779/3779/3779 3655/3655/3655
f 3655/3655/3655 3780/3780/3780 3654/3654/3654
f 3780/3780/3780 3781/3781/3781 3654/3654/3654
f 3781/3781/3781 3780/3780/3780 3777/3777/3777
f 3654/3654/3654 3781/3781/3781 3782/3782/3782
f 3783/3783/3783 3781/3781/3781 3777/3777/3777
f 3782/3782/3782 3781/3781/3781 3783/3783/3783
f 3776/3776/3776 3783/3783/3783 3777/3777/3777
f 3784/3784/3784 3782/3782/3782 3783/3783/3783
f 3784/3784/3784 3783/3783/3783 3776/3776/3776
f 3785/3785/3785 3773/3773/3773 3778/3778/3778
f 3786/3786/3786 3784/3784/3784 3776/3776/3776
f 3669/3669/3669 3788/3788/3788 3787/3787/3787
f 3791/3791/3791 3790/3790/3790 3789/3789/3789
f 3793/3793/3793 3568/3568/3568 3792/3792/3792
f 3794/3794/3794 3567/3567/3567 3792/3792/3792
f 3585/3585/3585 3795/3795/3795 3580/3580/3580
f 3798/3798/3798 3797/3797/3797 3796/3796/3796
f 3796/3796/3796 3588/3588/3588 3798/3798/3798
f 3582/3582/3582 3798/3798/3798 3588/3588/3588
f 3404/3404/3404 3799/3799/3799 3405/3405/3405
f 3404/3404/3404 3403/3403/3403 3799/3799/3799
f 3403/3403/3403 3800/3800/3800 3799/3799/3799
f 3405/3405/3405 3799/3799/3799 3408/3408/3408
f 3799/3799/3799 3801/3801/3801 3408/3408/3408
f 3408/3408/3408 3801/3801/3801 3409/3409/3409
f 3801/3801/3801 3802/3802/3802 3409/3409/3409
f 3409/3409/3409 3802/3802/3802 3803/3803/3803
f 3411/3411/3411 3409/3409/3409 3803/3803/3803
f 3403/3403/3403 3400/3400/3400 3800/3800/3800
f 3400/3400/3400 3401/3401/3401 3800/3800/3800
f 3806/3806/3806 3805/3805/3805 3804/3804/3804
f 3809/3809/3809 3808/3808/3808 3807/3807/3807
f 3808/3808/3808 3810/3810/3810 3807/3807/3807
f 3811/3811/3811 3807/3807/3807 3810/3810/3810
f 3812/3812/3812 3811/3811/3811 3810/3810/3810
f 3813/3813/3813 3812/3812/3812 3810/3810/3810
f 3814/3814/3814 3812/3812/3812 3813/3813/3813
f 3815/3815/3815 3814/3814/3814 3813/3813/3813
f 3816/3816/3816 3814/3814/3814 3815/3815/3815
f 3814/3814/3814 3816/3816/3816 3817/3817/3817
f 3816/3816/3816 3818/3818/3818 3817/3817/3817
f 3818/3818/3818 3819/3819/3819 3817/3817/3817
f 3819/3819/3819 3820/3820/3820 3817/3817/3817
f 3820/3820/3820 3819/3819/3819 3821/3821/3821
f 3822/3822/3822 3820/3820/3820 3821/3821/3821
f 3822/3822/3822 3821/3821/3821 3823/3823/3823
f 3823/3823/3823 3825/3825/3825 3824/3824/3824
f 3827/3827/3827 3826/3826/3826 3824/3824/3824
f 3829/3829/3829 3826/3826/3826 3828/3828/3828
f 3826/3826/3826 3831/3831/3831 3830/3830/3830
f 3831/3831/3831 3832/3832/3832 3830/3830/3830
f 3832/3832/3832 3833/3833/3833 3830/3830/3830
f 3834/3834/3834 3833/3833/3833 3832/3832/3832
f 3835/3835/3835 3833/3833/3833 3834/3834/3834
f 3835/3835/3835 3834/3834/3834 3836/3836/3836
f 3839/3839/3839 3838/3838/3838 3837/3837/3837
f 3838/3838/3838 3840/3840/3840 3837/3837/3837
f 3839/3839/3839 3837/3837/3837 3841/3841/3841
f 3842/3842/3842 3839/3839/3839 3841/3841/3841
f 3841/3841/3841 3843/3843/3843 3842/3842/3842
f 3843/3843/3843 3844/3844/3844 3842/3842/3842
f 3841/3841/3841 3837/3837/3837 3845/3845/3845
f 3837/3837/3837 3846/3846/3846 3845/3845/3845
f 3840/3840/3840 3846/3846/3846 3837/3837/3837
f 3840/3840/3840 3847/3847/3847 3846/3846/3846
f 3846/3846/3846 3847/3847/3847 3848/3848/3848
f 3845/3845/3845 3846/3846/3846 3848/3848/3848
f 3847/3847/3847 3849/3849/3849 3848/3848/3848
f 3849/3849/3849 3850/3850/3850 3848/3848/3848
f 3848/3848/3848 3850/3850/3850 3851/3851/3851
f 3852/3852/3852 3845/3845/3845 3848/3848/3848
f 3843/3843/3843 3841/3841/3841 3853/3853/3853
f 3841/3841/3841 3845/3845/3845 3853/3853/3853
f 3853/3853/3853 3854/3854/3854 3843/3843/3843
f 3853/3853/3853 3855/3855/3855 3854/3854/3854
f 3855/3855/3855 3856/3856/3856 3854/3854/3854
f 3856/3856/3856 3855/3855/3855 3857/3857/3857
f 3855/3855/3855 3858/3858/3858 3857/3857/3857
f 3855/3855/3855 3859/3859/3859 3858/3858/3858
f 3859/3859/3859 3855/3855/3855 3860/3860/3860
f 3855/3855/3855 3853/3853/3853 3860/3860/3860
f 3861/3861/3861 3859/3859/3859 3860/3860/3860
f 3859/3859/3859 3862/3862/3862 3858/3858/3858
f 3854/3854/3854 3856/3856/3856 3863/3863/3863
f 3843/3843/3843 3854/3854/3854 3863/3863/3863
f 3864/3864/3864 3843/3843/3843 3863/3863/3863
f 3856/3856/3856 3865/3865/3865 3863/3863/3863
f 3856/3856/3856 3857/3857/3857 3865/3865/3865
f 3853/3853/3853 3866/3866/3866 3860/3860/3860
f 3860/3860/3860 3866/3866/3866 3867/3867/3867
f 3866/3866/3866 3851/3851/3851 3867/3867/3867
f 3868/3868/3868 3851/3851/3851 3866/3866/3866
f 3868/3868/3868 3869/3869/3869 3851/3851/3851
f 3860/3860/3860 3867/3867/3867 3870/3870/3870
f 3867/3867/3867 3871/3871/3871 3870/3870/3870
f 3849/3849/3849 3871/3871/3871 3867/3867/3867
f 3849/3849/3849 3872/3872/3872 3871/3871/3871
f 3850/3850/3850 3849/3849/3849 3867/3867/3867
f 3867/3867/3867 3851/3851/3851 3850/3850/3850
f 3871/3871/3871 3872/3872/3872 3873/3873/3873
f 3872/3872/3872 3874/3874/3874 3873/3873/3873
f 3871/3871/3871 3873/3873/3873 3875/3875/3875
f 3873/3873/3873 3859/3859/3859 3875/3875/3875
f 3874/3874/3874 3876/3876/3876 3873/3873/3873
f 3859/3859/3859 3873/3873/3873 3862/3862/3862
f 3873/3873/3873 3876/3876/3876 3862/3862/3862
f 3876/3876/3876 3877/3877/3877 3862/3862/3862
f 3877/3877/3877 3876/3876/3876 3878/3878/3878
f 3876/3876/3876 3874/3874/3874 3879/3879/3879
f 3874/3874/3874 3872/3872/3872 3879/3879/3879
f 3872/3872/3872 3849/3849/3849 3880/3880/3880
f 3849/3849/3849 3847/3847/3847 3880/3880/3880
f 3880/3880/3880 3847/3847/3847 3840/3840/3840
f 3881/3881/3881 3880/3880/3880 3840/3840/3840
f 3882/3882/3882 3880/3880/3880 3881/3881/3881
f 3882/3882/3882 3872/3872/3872 3880/3880/3880
f 3883/3883/3883 3882/3882/3882 3881/3881/3881
f 3881/3881/3881 3884/3884/3884 3883/3883/3883
f 3884/3884/3884 3881/3881/3881 3840/3840/3840
f 3884/3884/3884 3885/3885/3885 3883/3883/3883
f 3885/3885/3885 3886/3886/3886 3883/3883/3883
f 3838/3838/3838 3884/3884/3884 3840/3840/3840
f 3883/3883/3883 3887/3887/3887 3882/3882/3882
f 3883/3883/3883 3888/3888/3888 3887/3887/3887
f 3887/3887/3887 3888/3888/3888 3889/3889/3889
f 3890/3890/3890 3887/3887/3887 3889/3889/3889
f 3890/3890/3890 3889/3889/3889 3858/3858/3858
f 3889/3889/3889 3891/3891/3891 3858/3858/3858
f 3892/3892/3892 3891/3891/3891 3889/3889/3889
f 3892/3892/3892 3893/3893/3893 3891/3891/3891
f 3893/3893/3893 3857/3857/3857 3891/3891/3891
f 3891/3891/3891 3857/3857/3857 3858/3858/3858
f 3857/3857/3857 3893/3893/3893 3865/3865/3865
f 3894/3894/3894 3892/3892/3892 3889/3889/3889
f 3888/3888/3888 3895/3895/3895 3889/3889/3889
f 3895/3895/3895 3896/3896/3896 3889/3889/3889
f 3895/3895/3895 3888/3888/3888 3883/3883/3883
f 3890/3890/3890 3897/3897/3897 3887/3887/3887
f 3897/3897/3897 3890/3890/3890 3862/3862/3862
f 3858/3858/3858 3862/3862/3862 3890/3890/3890
f 3897/3897/3897 3898/3898/3898 3887/3887/3887
f 3887/3887/3887 3898/3898/3898 3882/3882/3882
f 3898/3898/3898 3872/3872/3872 3882/3882/3882
f 3866/3866/3866 3853/3853/3853 3845/3845/3845
f 3852/3852/3852 3866/3866/3866 3845/3845/3845
f 3901/3901/3901 3900/3900/3900 3899/3899/3899
f 3901/3901/3901 3899/3899/3899 3902/3902/3902
f 3903/3903/3903 3901/3901/3901 3902/3902/3902
f 3902/3902/3902 3904/3904/3904 3903/3903/3903
f 3899/3899/3899 3905/3905/3905 3902/3902/3902
f 3906/3906/3906 3902/3902/3902 3905/3905/3905
f 3905/3905/3905 3907/3907/3907 3906/3906/3906
f 3908/3908/3908 3904/3904/3904 3902/3902/3902
f 3909/3909/3909 3908/3908/3908 3902/3902/3902
f 3902/3902/3902 3906/3906/3906 3910/3910/3910
f 3911/3911/3911 3903/3903/3903 3904/3904/3904
f 3912/3912/3912 3911/3911/3911 3904/3904/3904
f 3904/3904/3904 3908/3908/3908 3912/3912/3912
f 3913/3913/3913 3911/3911/3911 3912/3912/3912
f 3908/3908/3908 3914/3914/3914 3912/3912/3912
f 3914/3914/3914 3915/3915/3915 3912/3912/3912
f 3915/3915/3915 3913/3913/3913 3912/3912/3912
f 3916/3916/3916 3911/3911/3911 3913/3913/3913
f 3901/3901/3901 3903/3903/3903 3917/3917/3917
f 3918/3918/3918 3907/3907/3907 3905/3905/3905
f 3920/3920/3920 3919/3919/3919 3906/3906/3906
f 3906/3906/3906 3919/3919/3919 3921/3921/3921
f 3919/3919/3919 3922/3922/3922 3921/3921/3921
f 3923/3923/3923 3906/3906/3906 3921/3921/3921
f 3906/3906/3906 3923/3923/3923 3924/3924/3924
f 3925/3925/3925 3923/3923/3923 3921/3921/3921
f 3926/3926/3926 3919/3919/3919 3920/3920/3920
f 3921/3921/3921 3922/3922/3922 3927/3927/3927
f 3927/3927/3927 3922/3922/3922 3928/3928/3928
f 3929/3929/3929 3927/3927/3927 3928/3928/3928
f 3925/3925/3925 3921/3921/3921 3930/3930/3930
f 3930/3930/3930 3921/3921/3921 3927/3927/3927
f 3932/3932/3932 3931/3931/3931 3927/3927/3927
f 3931/3931/3931 3933/3933/3933 3927/3927/3927
f 3936/3936/3936 3935/3935/3935 3934/3934/3934
f 3939/3939/3939 3938/3938/3938 3937/3937/3937
f 3940/3940/3940 3938/3938/3938 3939/3939/3939
f 3941/3941/3941 3940/3940/3940 3939/3939/3939
f 3941/3941/3941 3942/3942/3942 3940/3940/3940
f 3942/3942/3942 3943/3943/3943 3940/3940/3940
f 3944/3944/3944 3943/3943/3943 3942/3942/3942
f 3946/3946/3946 3945/3945/3945 3937/3937/3937
f 3947/3947/3947 3946/3946/3946 3937/3937/3937
f 3946/3946/3946 3947/3947/3947 3948/3948/3948
f 3948/3948/3948 3947/3947/3947 3949/3949/3949
f 3950/3950/3950 3948/3948/3948 3949/3949/3949
f 3953/3953/3953 3952/3952/3952 3951/3951/3951
f 3952/3952/3952 3954/3954/3954 3951/3951/3951
f 3955/3955/3955 3952/3952/3952 3953/3953/3953
f 3956/3956/3956 3955/3955/3955 3953/3953/3953
f 3957/3957/3957 3955/3955/3955 3956/3956/3956
f 3958/3958/3958 3957/3957/3957 3956/3956/3956
f 3959/3959/3959 3957/3957/3957 3958/3958/3958
f 3960/3960/3960 3959/3959/3959 3958/3958/3958
f 3961/3961/3961 3959/3959/3959 3960/3960/3960
f 3962/3962/3962 3961/3961/3961 3960/3960/3960
f 3963/3963/3963 3961/3961/3961 3962/3962/3962
f 3964/3964/3964 3963/3963/3963 3962/3962/3962
f 3951/3951/3951 3965/3965/3965 3953/3953/3953
f 3953/3953/3953 3965/3965/3965 3956/3956/3956
f 3962/3962/3962 3965/3965/3965 3964/3964/3964
f 3956/3956/3956 3966/3966/3966 3958/3958/3958
f 3958/3958/3958 3966/3966/3966 3960/3960/3960
f 3960/3960/3960 3966/3966/3966 3962/3962/3962
f 3952/3952/3952 3967/3967/3967 3954/3954/3954
f 3967/3967/3967 3968/3968/3968 3954/3954/3954
f 3957/3957/3957 3969/3969/3969 3955/3955/3955
f 3969/3969/3969 3970/3970/3970 3955/3955/3955
f 3955/3955/3955 3970/3970/3970 3952/3952/3952
f 3970/3970/3970 3967/3967/3967 3952/3952/3952
f 3959/3959/3959 3971/3971/3971 3957/3957/3957
f 3971/3971/3971 3969/3969/3969 3957/3957/3957
f 3961/3961/3961 3972/3972/3972 3959/3959/3959
f 3972/3972/3972 3971/3971/3971 3959/3959/3959
f 3963/3963/3963 3973/3973/3973 3961/3961/3961
f 3973/3973/3973 3972/3972/3972 3961/3961/3961
f 3975/3975/3975 3974/3974/3974 1962/1962/1962
f 3978/3978/3978 3977/3977/3977 3976/3976/3976
f 3977/3977/3977 3979/3979/3979 3976/3976/3976
f 3980/3980/3980 3977/3977/3977 3978/3978/3978
f 3982/3982/3982 3981/3981/3981 3978/3978/3978
f 3978/3978/3978 3984/3984/3984 3983/3983/3983
f 3986/3986/3986 1992/1992/1992 3985/3985/3985
f 1992/1992/1992 3987/3987/3987 3985/3985/3985
f 3988/3988/3988 1978/1978/1978 1964/1964/1964
f 1970/1970/1970 3988/3988/3988 1964/1964/1964
f 3989/3989/3989 3988/3988/3988 1970/1970/1970
f 1972/1972/1972 3989/3989/3989 1970/1970/1970
f 3989/3989/3989 1972/1972/1972 1984/1984/1984
f 1982/1982/1982 3989/3989/3989 1984/1984/1984
f 3990/3990/3990 1972/1972/1972 1973/1973/1973
f 3993/3993/3993 3992/3992/3992 3991/3991/3991
f 3993/3993/3993 3994/3994/3994 3992/3992/3992
f 3995/3995/3995 3992/3992/3992 3994/3994/3994
f 3996/3996/3996 3992/3992/3992 3995/3995/3995
f 3992/3992/3992 3996/3996/3996 3991/3991/3991
f 3997/3997/3997 3996/3996/3996 3995/3995/3995
f 3998/3998/3998 3997/3997/3997 3995/3995/3995
f 3995/3995/3995 3999/3999/3999 3998/3998/3998
f 3999/3999/3999 4000/4000/4000 3998/3998/3998
f 4001/4001/4001 3995/3995/3995 3994/3994/3994
f 3999/3999/3999 3995/3995/3995 4001/4001/4001
f 4004/4004/4004 4003/4003/4003 4002/4002/4002
f 4003/4003/4003 4005/4005/4005 4002/4002/4002
f 4003/4003/4003 4006/4006/4006 4005/4005/4005
f 4003/4003/4003 4007/4007/4007 4006/4006/4006
f 4007/4007/4007 4003/4003/4003 4004/4004/4004
f 4007/4007/4007 4008/4008/4008 4006/4006/4006
f 4007/4007/4007 4009/4009/4009 4008/4008/4008
f 4009/4009/4009 4010/4010/4010 4008/4008/4008
f 4011/4011/4011 4007/4007/4007 4004/4004/4004
f 4011/4011/4011 4004/4004/4004 4012/4012/4012
f 4004/4004/4004 4013/4013/4013 4012/4012/4012
f 4012/4012/4012 4013/4013/4013 4014/4014/4014
f 4013/4013/4013 4015/4015/4015 4014/4014/4014
f 4015/4015/4015 4013/4013/4013 4016/4016/4016
f 4013/4013/4013 4017/4017/4017 4016/4016/4016
f 4013/4013/4013 4004/4004/4004 4017/4017/4017
f 4004/4004/4004 4002/4002/4002 4017/4017/4017
f 4002/4002/4002 4018/4018/4018 4017/4017/4017
f 4017/4017/4017 4018/4018/4018 4016/4016/4016
f 4005/4005/4005 4018/4018/4018 4002/4002/4002
f 4012/4012/4012 4014/4014/4014 4019/4019/4019
f 4007/4007/4007 4011/4011/4011 4020/4020/4020
f 4019/4019/4019 4020/4020/4020 4012/4012/4012
f 4020/4020/4020 4011/4011/4011 4012/4012/4012
f 4021/4021/4021 4007/4007/4007 4020/4020/4020
f 4014/4014/4014 4023/4023/4023 4022/4022/4022
f 4025/4025/4025 4008/4008/4008 4024/4024/4024
f 4024/4024/4024 4008/4008/4008 4026/4026/4026
f 4027/4027/4027 4024/4024/4024 4026/4026/4026
f 4030/4030/4030 4029/4029/4029 4028/4028/4028
f 2549/2549/2549 2552/2552/2552 2567/2567/2567
f 2549/2549/2549 2567/2567/2567 4031/4031/4031
f 4032/4032/4032 2568/2568/2568 2416/2416/2416
f 2416/2416/2416 2568/2568/2568 2414/2414/2414
f 2568/2568/2568 2565/2565/2565 2414/2414/2414
f 2414/2414/2414 2565/2565/2565 2412/2412/2412
f 2565/2565/2565 2564/2564/2564 2412/2412/2412
f 2412/2412/2412 2564/2564/2564 2566/2566/2566
f 2410/2410/2410 2412/2412/2412 2566/2566/2566
f 2410/2410/2410 2566/2566/2566 2409/2409/2409
f 2566/2566/2566 2423/2423/2423 2409/2409/2409
f 2418/2418/2418 2423/2423/2423 4033/4033/4033
f 2423/2423/2423 2570/2570/2570 4033/4033/4033
f 2418/2418/2418 4033/4033/4033 2406/2406/2406
f 4033/4033/4033 2470/2470/2470 2406/2406/2406
f 4035/4035/4035 3640/3640/3640 4034/4034/4034
f 3406/3406/3406 3397/3397/3397 3395/3395/3395
f 4036/4036/4036 3297/3297/3297 3288/3288/3288
g z_4_1
f 4039/4039/4039 4038/4038/4038 4037/4037/4037
f 4038/4038/4038 4040/4040/4040 4037/4037/4037
f 4041/4041/4041 4040/4040/4040 4038/4038/4038
f 4042/4042/4042 4041/4041/4041 4038/4038/4038
f 4042/4042/4042 4043/4043/4043 4041/4041/4041
f 4043/4043/4043 4044/4044/4044 4041/4041/4041
f 4039/4039/4039 4037/4037/4037 4045/4045/4045
f 4046/4046/4046 4039/4039/4039 4045/4045/4045
f 4045/4045/4045 4047/4047/4047 4046/4046/4046
f 4047/4047/4047 4048/4048/4048 4046/4046/4046
f 4048/4048/4048 4047/4047/4047 4049/4049/4049
f 4050/4050/4050 4048/4048/4048 4049/4049/4049
f 4053/4053/4053 4052/4052/4052 4051/4051/4051
f 4051/4051/4051 4054/4054/4054 4053/4053/4053
f 4051/4051/4051 4055/4055/4055 4054/4054/4054
f 4052/4052/4052 4053/4053/4053 4056/4056/4056
f 4057/4057/4057 4052/4052/4052 4056/4056/4056
f 4057/4057/4057 4056/4056/4056 4058/4058/4058
f 4056/4056/4056 4059/4059/4059 4058/4058/4058
f 4055/4055/4055 4060/4060/4060 4054/4054/4054
f 4060/4060/4060 4061/4061/4061 4054/4054/4054
f 4062/4062/4062 4055/4055/4055 4051/4051/4051
f 4062/4062/4062 4060/4060/4060 4055/4055/4055
f 4063/4063/4063 4062/4062/4062 4051/4051/4051
f 4066/4066/4066 4065/4065/4065 4064/4064/4064
f 4065/4065/4065 4067/4067/4067 4064/4064/4064
f 4066/4066/4066 4068/4068/4068 4065/4065/4065
f 4068/4068/4068 4069/4069/4069 4065/4065/4065
f 4070/4070/4070 4069/4069/4069 4068/4068/4068
f 4071/4071/4071 4070/4070/4070 4068/4068/4068
f 4064/4064/4064 4067/4067/4067 4072/4072/4072
f 4067/4067/4067 4073/4073/4073 4072/4072/4072
f 4074/4074/4074 4072/4072/4072 4073/4073/4073
f 4075/4075/4075 4074/4074/4074 4073/4073/4073
f 4074/4074/4074 4075/4075/4075 4076/4076/4076
f 4075/4075/4075 4077/4077/4077 4076/4076/4076
f 4080/4080/4080 4079/4079/4079 4078/4078/4078
f 4078/4078/4078 4081/4081/4081 4080/4080/4080
f 4081/4081/4081 4082/4082/4082 4080/4080/4080
f 4078/4078/4078 4079/4079/4079 4083/4083/4083
f 4079/4079/4079 4084/4084/4084 4083/4083/4083
f 4083/4083/4083 4084/4084/4084 4085/4085/4085
f 4086/4086/4086 4083/4083/4083 4085/4085/4085
f 4087/4087/4087 4082/4082/4082 4081/4081/4081
f 4088/4088/4088 4087/4087/4087 4081/4081/4081
f 4082/4082/4082 4089/4089/4089 4080/4080/4080
f 4087/4087/4087 4089/4089/4089 4082/4082/4082
f 4089/4089/4089 4090/4090/4090 4080/4080/4080
g z_4_2
f 4093/4093/4093 4092/4092/4092 4091/4091/4091
f 4092/4092/4092 4094/4094/4094 4091/4091/4091
f 4091/4091/4091 4094/4094/4094 4095/4095/4095
f 4096/4096/4096 4091/4091/4091 4095/4095/4095
f 4093/4093/4093 4097/4097/4097 4092/4092/4092
f 4097/4097/4097 4098/4098/4098 4092/4092/4092
f 4099/4099/4099 4096/4096/4096 4095/4095/4095
f 4095/4095/4095 4100/4100/4100 4099/4099/4099
f 4100/4100/4100 4101/4101/4101 4099/4099/4099
f 4100/4100/4100 4102/4102/4102 4101/4101/4101
f 4097/4097/4097 4103/4103/4103 4098/4098/4098
f 4103/4103/4103 4104/4104/4104 4098/4098/4098
f 4107/4107/4107 4106/4106/4106 4105/4105/4105
f 4105/4105/4105 4108/4108/4108 4107/4107/4107
f 4111/4111/4111 4110/4110/4110 4109/4109/4109
f 4110/4110/4110 4112/4112/4112 4109/4109/4109
f 4111/4111/4111 4113/4113/4113 4110/4110/4110
f 4113/4113/4113 4114/4114/4114 4110/4110/4110
f 4109/4109/4109 4112/4112/4112 4115/4115/4115
f 4116/4116/4116 4109/4109/4109 4115/4115/4115
f 4116/4116/4116 4115/4115/4115 4117/4117/4117
f 4118/4118/4118 4116/4116/4116 4117/4117/4117
f 4121/4121/4121 4120/4120/4120 4119/4119/4119
f 4120/4120/4120 4122/4122/4122 4119/4119/4119
f 4123/4123/4123 4120/4120/4120 4121/4121/4121
f 4124/4124/4124 4123/4123/4123 4121/4121/4121
f 4121/4121/4121 4119/4119/4119 4125/4125/4125
f 4126/4126/4126 4121/4121/4121 4125/4125/4125
f 4124/4124/4124 4121/4121/4121 4126/4126/4126
f 4125/4125/4125 4127/4127/4127 4126/4126/4126
f 4127/4127/4127 4128/4128/4128 4126/4126/4126
f 4129/4129/4129 4126/4126/4126 4128/4128/4128
f 4129/4129/4129 4124/4124/4124 4126/4126/4126
f 4130/4130/4130 4129/4129/4129 4128/4128/4128
f 4127/4127/4127 4131/4131/4131 4128/4128/4128
f 4131/4131/4131 4132/4132/4132 4128/4128/4128
f 4128/4128/4128 4132/4132/4132 4130/4130/4130
f 4132/4132/4132 4131/4131/4131 4133/4133/4133
f 4131/4131/4131 4134/4134/4134 4133/4133/4133
f 4133/4133/4133 4135/4135/4135 4132/4132/4132
f 4135/4135/4135 4136/4136/4136 4132/4132/4132
f 4132/4132/4132 4136/4136/4136 4130/4130/4130
f 4139/4139/4139 4138/4138/4138 4137/4137/4137
f 4138/4138/4138 4140/4140/4140 4137/4137/4137
f 4139/4139/4139 4137/4137/4137 4141/4141/4141
f 4142/4142/4142 4139/4139/4139 4141/4141/4141
f 4142/4142/4142 4141/4141/4141 4143/4143/4143
f 4144/4144/4144 4138/4138/4138 4139/4139/4139
f 4145/4145/4145 4144/4144/4144 4139/4139/4139
f 4145/4145/4145 4139/4139/4139 4142/4142/4142
f 4144/4144/4144 4145/4145/4145 4146/4146/4146
f 4145/4145/4145 4147/4147/4147 4146/4146/4146
f 4147/4147/4147 4145/4145/4145 4148/4148/4148
f 4148/4148/4148 4145/4145/4145 4142/4142/4142
f 4149/4149/4149 4147/4147/4147 4148/4148/4148
f 4146/4146/4146 4147/4147/4147 4150/4150/4150
f 4147/4147/4147 4151/4151/4151 4150/4150/4150
f 4147/4147/4147 4149/4149/4149 4151/4151/4151
f 4150/4150/4150 4151/4151/4151 4152/4152/4152
f 4153/4153/4153 4150/4150/4150 4152/4152/4152
f 4152/4152/4152 4151/4151/4151 4154/4154/4154
f 4151/4151/4151 4155/4155/4155 4154/4154/4154
f 4149/4149/4149 4155/4155/4155 4151/4151/4151
f 4156/4156/4156 4143/4143/4143 4141/4141/4141
f 4157/4157/4157 4156/4156/4156 4141/4141/4141
f 4158/4158/4158 4156/4156/4156 4157/4157/4157
f 4159/4159/4159 4158/4158/4158 4157/4157/4157
f 4158/4158/4158 4159/4159/4159 4160/4160/4160
f 4160/4160/4160 4159/4159/4159 4161/4161/4161
f 4162/4162/4162 4160/4160/4160 4161/4161/4161
f 4160/4160/4160 4162/4162/4162 4163/4163/4163
f 4164/4164/4164 4160/4160/4160 4163/4163/4163
f 4165/4165/4165 4158/4158/4158 4160/4160/4160
f 4165/4165/4165 4160/4160/4160 4164/4164/4164
f 4166/4166/4166 4165/4165/4165 4164/4164/4164
f 4166/4166/4166 4164/4164/4164 4167/4167/4167
f 4168/4168/4168 4166/4166/4166 4167/4167/4167
f 4168/4168/4168 4167/4167/4167 4169/4169/4169
f 4170/4170/4170 4168/4168/4168 4169/4169/4169
f 4162/4162/4162 4161/4161/4161 4171/4171/4171
f 4172/4172/4172 4171/4171/4171 4161/4161/4161
f 4173/4173/4173 4172/4172/4172 4161/4161/4161
f 4173/4173/4173 4161/4161/4161 4159/4159/4159
f 4174/4174/4174 4171/4171/4171 4172/4172/4172
f 4171/4171/4171 4174/4174/4174 4175/4175/4175
f 4175/4175/4175 4162/4162/4162 4171/4171/4171
f 4174/4174/4174 4176/4176/4176 4175/4175/4175
f 4175/4175/4175 4176/4176/4176 4177/4177/4177
f 4175/4175/4175 4177/4177/4177 4162/4162/4162
f 4177/4177/4177 4163/4163/4163 4162/4162/4162
f 4177/4177/4177 4178/4178/4178 4163/4163/4163
f 4178/4178/4178 4179/4179/4179 4163/4163/4163
f 4167/4167/4167 4164/4164/4164 4179/4179/4179
f 4169/4169/4169 4167/4167/4167 4179/4179/4179
f 4177/4177/4177 4180/4180/4180 4178/4178/4178
f 4176/4176/4176 4180/4180/4180 4177/4177/4177
f 4180/4180/4180 4181/4181/4181 4178/4178/4178
f 4182/4182/4182 4174/4174/4174 4172/4172/4172
f 4182/4182/4182 4172/4172/4172 4183/4183/4183
f 4184/4184/4184 4182/4182/4182 4183/4183/4183
f 4184/4184/4184 4183/4183/4183 4185/4185/4185
f 4186/4186/4186 4184/4184/4184 4185/4185/4185
f 4178/4178/4178 4181/4181/4181 4187/4187/4187
f 4178/4178/4178 4187/4187/4187 4179/4179/4179
f 4181/4181/4181 4188/4188/4188 4187/4187/4187
f 4187/4187/4187 4189/4189/4189 4179/4179/4179
f 4185/4185/4185 4183/4183/4183 4190/4190/4190
f 4183/4183/4183 4191/4191/4191 4190/4190/4190
f 4192/4192/4192 4190/4190/4190 4191/4191/4191
f 4193/4193/4193 4192/4192/4192 4191/4191/4191
f 4193/4193/4193 4191/4191/4191 4173/4173/4173
f 4157/4157/4157 4193/4193/4193 4173/4173/4173
f 4192/4192/4192 4193/4193/4193 4140/4140/4140
f 4193/4193/4193 4137/4137/4137 4140/4140/4140
f 4193/4193/4193 4157/4157/4157 4137/4137/4137
f 4157/4157/4157 4141/4141/4141 4137/4137/4137
f 4183/4183/4183 4172/4172/4172 4191/4191/4191
f 4172/4172/4172 4173/4173/4173 4191/4191/4191
f 4157/4157/4157 4173/4173/4173 4159/4159/4159
f 4195/4195/4195 4194/4194/4194 4189/4189/4189
f 4194/4194/4194 4169/4169/4169 4189/4189/4189
f 4189/4189/4189 4169/4169/4169 4179/4179/4179
f 4194/4194/4194 4195/4195/4195 4196/4196/4196
f 4169/4169/4169 4194/4194/4194 4196/4196/4196
f 4195/4195/4195 4197/4197/4197 4196/4196/4196
f 4169/4169/4169 4196/4196/4196 4198/4198/4198
f 4198/4198/4198 4196/4196/4196 4197/4197/4197
f 4169/4169/4169 4198/4198/4198 4170/4170/4170
f 4198/4198/4198 4199/4199/4199 4170/4170/4170
f 4200/4200/4200 4199/4199/4199 4198/4198/4198
f 4201/4201/4201 4200/4200/4200 4198/4198/4198
f 4201/4201/4201 4198/4198/4198 4197/4197/4197
f 4199/4199/4199 4202/4202/4202 4170/4170/4170
f 4170/4170/4170 4202/4202/4202 4168/4168/4168
f 4164/4164/4164 4163/4163/4163 4179/4179/4179
f 4205/4205/4205 4204/4204/4204 4203/4203/4203
f 4208/4208/4208 4207/4207/4207 4206/4206/4206
f 4207/4207/4207 4209/4209/4209 4206/4206/4206
f 4212/4212/4212 4211/4211/4211 4210/4210/4210
f 4211/4211/4211 4213/4213/4213 4210/4210/4210
f 4212/4212/4212 4210/4210/4210 4214/4214/4214
f 4210/4210/4210 4215/4215/4215 4214/4214/4214
f 4216/4216/4216 4213/4213/4213 4211/4211/4211
f 4217/4217/4217 4216/4216/4216 4211/4211/4211
f 4214/4214/4214 4215/4215/4215 4218/4218/4218
f 4218/4218/4218 4219/4219/4219 4214/4214/4214
f 4218/4218/4218 4220/4220/4220 4219/4219/4219
f 4221/4221/4221 4219/4219/4219 4220/4220/4220
f 4222/4222/4222 4216/4216/4216 4217/4217/4217
f 4223/4223/4223 4222/4222/4222 4217/4217/4217
f 4226/4226/4226 4225/4225/4225 4224/4224/4224
f 4227/4227/4227 4224/4224/4224 4225/4225/4225
f 4230/4230/4230 4229/4229/4229 4228/4228/4228
f 4229/4229/4229 4231/4231/4231 4228/4228/4228
f 4232/4232/4232 4231/4231/4231 4229/4229/4229
f 4233/4233/4233 4232/4232/4232 4229/4229/4229
f 4230/4230/4230 4228/4228/4228 4234/4234/4234
f 4228/4228/4228 4235/4235/4235 4234/4234/4234
f 4234/4234/4234 4235/4235/4235 4236/4236/4236
f 4235/4235/4235 4237/4237/4237 4236/4236/4236
f 4240/4240/4240 4239/4239/4239 4238/4238/4238
f 4239/4239/4239 4241/4241/4241 4238/4238/4238
f 4239/4239/4239 4242/4242/4242 4241/4241/4241
f 4242/4242/4242 4243/4243/4243 4241/4241/4241
f 4238/4238/4238 4241/4241/4241 4244/4244/4244
f 4241/4241/4241 4245/4245/4245 4244/4244/4244
f 4241/4241/4241 4243/4243/4243 4245/4245/4245
f 4246/4246/4246 4244/4244/4244 4245/4245/4245
f 4247/4247/4247 4246/4246/4246 4245/4245/4245
f 4245/4245/4245 4248/4248/4248 4247/4247/4247
f 4243/4243/4243 4248/4248/4248 4245/4245/4245
f 4248/4248/4248 4249/4249/4249 4247/4247/4247
f 4250/4250/4250 4246/4246/4246 4247/4247/4247
f 4251/4251/4251 4250/4250/4250 4247/4247/4247
f 4251/4251/4251 4247/4247/4247 4249/4249/4249
f 4250/4250/4250 4251/4251/4251 4252/4252/4252
f 4253/4253/4253 4250/4250/4250 4252/4252/4252
f 4254/4254/4254 4252/4252/4252 4251/4251/4251
f 4255/4255/4255 4254/4254/4254 4251/4251/4251
f 4255/4255/4255 4251/4251/4251 4249/4249/4249
f 4258/4258/4258 4257/4257/4257 4256/4256/4256
f 4257/4257/4257 4259/4259/4259 4256/4256/4256
f 4256/4256/4256 4259/4259/4259 4260/4260/4260
f 4259/4259/4259 4261/4261/4261 4260/4260/4260
f 4260/4260/4260 4261/4261/4261 4262/4262/4262
f 4257/4257/4257 4263/4263/4263 4259/4259/4259
f 4263/4263/4263 4264/4264/4264 4259/4259/4259
f 4259/4259/4259 4264/4264/4264 4261/4261/4261
f 4264/4264/4264 4263/4263/4263 4265/4265/4265
f 4266/4266/4266 4264/4264/4264 4265/4265/4265
f 4264/4264/4264 4266/4266/4266 4267/4267/4267
f 4264/4264/4264 4267/4267/4267 4261/4261/4261
f 4266/4266/4266 4268/4268/4268 4267/4267/4267
f 4266/4266/4266 4265/4265/4265 4269/4269/4269
f 4270/4270/4270 4266/4266/4266 4269/4269/4269
f 4268/4268/4268 4266/4266/4266 4270/4270/4270
f 4270/4270/4270 4269/4269/4269 4271/4271/4271
f 4269/4269/4269 4272/4272/4272 4271/4271/4271
f 4270/4270/4270 4271/4271/4271 4273/4273/4273
f 4274/4274/4274 4270/4270/4270 4273/4273/4273
f 4274/4274/4274 4268/4268/4268 4270/4270/4270
f 4262/4262/4262 4275/4275/4275 4260/4260/4260
f 4275/4275/4275 4276/4276/4276 4260/4260/4260
f 4275/4275/4275 4277/4277/4277 4276/4276/4276
f 4277/4277/4277 4278/4278/4278 4276/4276/4276
f 4278/4278/4278 4277/4277/4277 4279/4279/4279
f 4278/4278/4278 4279/4279/4279 4280/4280/4280
f 4279/4279/4279 4281/4281/4281 4280/4280/4280
f 4281/4281/4281 4279/4279/4279 4282/4282/4282
f 4279/4279/4279 4283/4283/4283 4282/4282/4282
f 4277/4277/4277 4284/4284/4284 4279/4279/4279
f 4279/4279/4279 4284/4284/4284 4283/4283/4283
f 4284/4284/4284 4285/4285/4285 4283/4283/4283
f 4283/4283/4283 4285/4285/4285 4286/4286/4286
f 4285/4285/4285 4287/4287/4287 4286/4286/4286
f 4286/4286/4286 4287/4287/4287 4288/4288/4288
f 4287/4287/4287 4289/4289/4289 4288/4288/4288
f 4280/4280/4280 4281/4281/4281 4290/4290/4290
f 4290/4290/4290 4291/4291/4291 4280/4280/4280
f 4291/4291/4291 4292/4292/4292 4280/4280/4280
f 4280/4280/4280 4292/4292/4292 4278/4278/4278
f 4290/4290/4290 4293/4293/4293 4291/4291/4291
f 4293/4293/4293 4290/4290/4290 4294/4294/4294
f 4281/4281/4281 4294/4294/4294 4290/4290/4290
f 4295/4295/4295 4293/4293/4293 4294/4294/4294
f 4295/4295/4295 4294/4294/4294 4296/4296/4296
f 4282/4282/4282 4296/4296/4296 4281/4281/4281
f 4296/4296/4296 4294/4294/4294 4281/4281/4281
f 4297/4297/4297 4296/4296/4296 4282/4282/4282
f 4298/4298/4298 4297/4297/4297 4282/4282/4282
f 4283/4283/4283 4286/4286/4286 4298/4298/4298
f 4286/4286/4286 4288/4288/4288 4298/4298/4298
f 4299/4299/4299 4296/4296/4296 4297/4297/4297
f 4299/4299/4299 4295/4295/4295 4296/4296/4296
f 4300/4300/4300 4299/4299/4299 4297/4297/4297
f 4293/4293/4293 4301/4301/4301 4291/4291/4291
f 4291/4291/4291 4301/4301/4301 4302/4302/4302
f 4301/4301/4301 4303/4303/4303 4302/4302/4302
f 4302/4302/4302 4303/4303/4303 4304/4304/4304
f 4303/4303/4303 4305/4305/4305 4304/4304/4304
f 4300/4300/4300 4297/4297/4297 4306/4306/4306
f 4306/4306/4306 4297/4297/4297 4298/4298/4298
f 4307/4307/4307 4300/4300/4300 4306/4306/4306
f 4308/4308/4308 4306/4306/4306 4298/4298/4298
f 4302/4302/4302 4304/4304/4304 4309/4309/4309
f 4310/4310/4310 4302/4302/4302 4309/4309/4309
f 4309/4309/4309 4311/4311/4311 4310/4310/4310
f 4311/4311/4311 4312/4312/4312 4310/4310/4310
f 4310/4310/4310 4312/4312/4312 4292/4292/4292
f 4312/4312/4312 4276/4276/4276 4292/4292/4292
f 4312/4312/4312 4311/4311/4311 4258/4258/4258
f 4256/4256/4256 4312/4312/4312 4258/4258/4258
f 4276/4276/4276 4312/4312/4312 4256/4256/4256
f 4260/4260/4260 4276/4276/4276 4256/4256/4256
f 4292/4292/4292 4291/4291/4291 4310/4310/4310
f 4291/4291/4291 4302/4302/4302 4310/4310/4310
f 4292/4292/4292 4276/4276/4276 4278/4278/4278
f 4314/4314/4314 4313/4313/4313 4308/4308/4308
f 4288/4288/4288 4314/4314/4314 4308/4308/4308
f 4288/4288/4288 4308/4308/4308 4298/4298/4298
f 4313/4313/4313 4314/4314/4314 4315/4315/4315
f 4314/4314/4314 4288/4288/4288 4315/4315/4315
f 4316/4316/4316 4313/4313/4313 4315/4315/4315
f 4315/4315/4315 4288/4288/4288 4317/4317/4317
f 4315/4315/4315 4317/4317/4317 4316/4316/4316
f 4317/4317/4317 4288/4288/4288 4289/4289/4289
f 4318/4318/4318 4317/4317/4317 4289/4289/4289
f 4318/4318/4318 4319/4319/4319 4317/4317/4317
f 4319/4319/4319 4320/4320/4320 4317/4317/4317
f 4317/4317/4317 4320/4320/4320 4316/4316/4316
f 4321/4321/4321 4318/4318/4318 4289/4289/4289
f 4321/4321/4321 4289/4289/4289 4287/4287/4287
f 4282/4282/4282 4283/4283/4283 4298/4298/4298
f 4324/4324/4324 4323/4323/4323 4322/4322/4322
f 4327/4327/4327 4326/4326/4326 4325/4325/4325
f 4326/4326/4326 4328/4328/4328 4325/4325/4325
